timestamp,strikePrice,Theo ES,Rank,Greek,Value,cum_gam,cum_vec
2026-10-08 06:48:46,7000.0,7046.0,Call CEX 1,CEX,447854.652,9497.665758714616,9521.356466876972
2026-10-08 06:48:46,7000.0,7046.0,Put DEX 3,DEX,-12.29,9497.665758714616,9521.356466876972
2026-10-08 06:48:46,7000.0,7046.0,Call VEX 2,VEX,641625.557,9497.665758714616,9521.356466876972
2026-10-08 06:48:46,7400.0,7448.75,Put DEX 4,DEX,-6.168,9497.665758714616,9521.356466876972
2026-10-08 06:48:46,7500.0,7549.25,Call CEX 5,CEX,341450.666,9497.665758714616,9521.356466876972
2026-10-08 06:48:46,7500.0,7549.25,Call DEX 4,DEX,52.505,9497.665758714616,9521.356466876972
2026-10-08 06:48:46,7500.0,7549.25,Put GEX 3,GEX,-153036.81,9497.665758714616,9521.356466876972
2026-10-08 06:48:46,7500.0,7549.25,Call VEX 5,VEX,502465.443,9497.665758714616,9521.356466876972
2026-10-08 06:48:46,7600.0,7650.0,Call CEX 3,CEX,418093.699,9497.665758714616,9521.356466876972
2026-10-08 06:48:46,7600.0,7650.0,Call DEX 2,DEX,74.739,9497.665758714616,9521.356466876972
2026-10-08 06:48:46,7600.0,7650.0,Put GEX 4,GEX,-138377.974,9497.665758714616,9521.356466876972
2026-10-08 06:48:46,7600.0,7650.0,Call VEX 3,VEX,614645.613,9497.665758714616,9521.356466876972
2026-10-08 06:48:46,7630.0,7680.25,Call DEX 5,DEX,44.211,9497.665758714616,9521.356466876972
2026-10-08 06:48:46,7650.0,7700.25,Call CEX 4,CEX,399011.803,9497.665758714616,9521.356466876972
2026-10-08 06:48:46,7650.0,7700.25,Put GEX 2,GEX,-202793.072,9497.665758714616,9521.356466876972
2026-10-08 06:48:46,7650.0,7700.25,Call VEX 4,VEX,544642.635,9497.665758714616,9521.356466876972
2026-10-08 06:48:46,7700.0,7750.5,Call CEX 2,CEX,419362.461,9497.665758714616,9521.356466876972
2026-10-08 06:48:46,7700.0,7750.5,Call DEX 1,DEX,76.913,9497.665758714616,9521.356466876972
2026-10-08 06:48:46,7700.0,7750.5,Put GEX 5,GEX,-113096.314,9497.665758714616,9521.356466876972
2026-10-08 06:48:46,7700.0,7750.5,Call VEX 1,VEX,713611.603,9497.665758714616,9521.356466876972
2026-10-08 06:48:46,7750.0,7801.0,Call DEX 3,DEX,62.264,9497.665758714616,9521.356466876972
2026-10-08 06:48:46,7800.0,7851.25,Put CEX 2,CEX,-436250.039,9497.665758714616,9521.356466876972
2026-10-08 06:48:46,7800.0,7851.25,Call GEX 3,GEX,342674.082,9497.665758714616,9521.356466876972
2026-10-08 06:48:46,7800.0,7851.25,Put VEX 5,VEX,-222094.803,9497.665758714616,9521.356466876972
2026-10-08 06:48:46,7825.0,7876.5,Call GEX 2,GEX,346740.395,9497.665758714616,9521.356466876972
2026-10-08 06:48:46,7850.0,7901.5,Put CEX 4,CEX,-365625.454,9497.665758714616,9521.356466876972
2026-10-08 06:48:46,7850.0,7901.5,Call GEX 1,GEX,354393.25,9497.665758714616,9521.356466876972
2026-10-08 06:48:46,7850.0,7901.5,Put VEX 3,VEX,-339010.21,9497.665758714616,9521.356466876972
2026-10-08 06:48:46,7870.0,7921.75,Put CEX 5,CEX,-223711.11,9497.665758714616,9521.356466876972
2026-10-08 06:48:46,7870.0,7921.75,Call GEX 5,GEX,247184.314,9497.665758714616,9521.356466876972
2026-10-08 06:48:46,7900.0,7952.0,Put CEX 3,CEX,-390292.536,9497.665758714616,9521.356466876972
2026-10-08 06:48:46,7900.0,7952.0,Call GEX 4,GEX,326650.148,9497.665758714616,9521.356466876972
2026-10-08 06:48:46,7900.0,7952.0,Put VEX 2,VEX,-422379.4,9497.665758714616,9521.356466876972
2026-10-08 06:48:46,7950.0,8002.25,Put VEX 4,VEX,-244714.548,9497.665758714616,9521.356466876972
2026-10-08 06:48:46,8000.0,8052.5,Put CEX 1,CEX,-3186665.452,9497.665758714616,9521.356466876972
2026-10-08 06:48:46,8000.0,8052.5,Put DEX 1,DEX,-1355.103,9497.665758714616,9521.356466876972
2026-10-08 06:48:46,8000.0,8052.5,Put GEX 1,GEX,-411247.841,9497.665758714616,9521.356466876972
2026-10-08 06:48:46,8000.0,8052.5,Put VEX 1,VEX,-4045312.049,9497.665758714616,9521.356466876972
2026-10-08 06:48:46,8100.0,8153.25,Put DEX 5,DEX,-5.166,9497.665758714616,9521.356466876972
2026-10-08 06:48:46,8250.0,8304.25,Put DEX 2,DEX,-25.59,9497.665758714616,9521.356466876972
2026-10-08 06:49:38,7000.0,7046.0,Call CEX 1,CEX,438833.541,8003.488167388637,9261.702148062908
2026-10-08 06:49:38,7000.0,7046.0,Put DEX 4,DEX,-11.953,8003.488167388637,9261.702148062908
2026-10-08 06:49:38,7000.0,7046.0,Call VEX 2,VEX,628875.059,8003.488167388637,9261.702148062908
2026-10-08 06:49:38,7400.0,7448.5,Put DEX 5,DEX,-6.119,8003.488167388637,9261.702148062908
2026-10-08 06:49:38,7500.0,7549.25,Call CEX 5,CEX,320097.397,8003.488167388637,9261.702148062908
2026-10-08 06:49:38,7500.0,7549.25,Put DEX 3,DEX,-18.468,8003.488167388637,9261.702148062908
2026-10-08 06:49:38,7500.0,7549.25,Put GEX 3,GEX,-160587.729,8003.488167388637,9261.702148062908
2026-10-08 06:49:38,7500.0,7549.25,Call VEX 5,VEX,470047.569,8003.488167388637,9261.702148062908
2026-10-08 06:49:38,7600.0,7649.75,Call CEX 3,CEX,410194.026,8003.488167388637,9261.702148062908
2026-10-08 06:49:38,7600.0,7649.75,Call DEX 2,DEX,76.226,8003.488167388637,9261.702148062908
2026-10-08 06:49:38,7600.0,7649.75,Put GEX 4,GEX,-140636.61,8003.488167388637,9261.702148062908
2026-10-08 06:49:38,7600.0,7649.75,Call VEX 3,VEX,602307.044,8003.488167388637,9261.702148062908
2026-10-08 06:49:38,7630.0,7680.0,Call DEX 4,DEX,44.731,8003.488167388637,9261.702148062908
2026-10-08 06:49:38,7650.0,7700.25,Call CEX 4,CEX,393717.446,8003.488167388637,9261.702148062908
2026-10-08 06:49:38,7650.0,7700.25,Put GEX 2,GEX,-202045.153,8003.488167388637,9261.702148062908
2026-10-08 06:49:38,7650.0,7700.25,Call VEX 4,VEX,539366.169,8003.488167388637,9261.702148062908
2026-10-08 06:49:38,7700.0,7750.5,Call CEX 2,CEX,428655.864,8003.488167388637,9261.702148062908
2026-10-08 06:49:38,7700.0,7750.5,Call DEX 1,DEX,79.883,8003.488167388637,9261.702148062908
2026-10-08 06:49:38,7700.0,7750.5,Put GEX 5,GEX,-109443.37,8003.488167388637,9261.702148062908
2026-10-08 06:49:38,7700.0,7750.5,Call VEX 1,VEX,724742.072,8003.488167388637,9261.702148062908
2026-10-08 06:49:38,7750.0,7800.75,Call DEX 3,DEX,65.707,8003.488167388637,9261.702148062908
2026-10-08 06:49:38,7800.0,7851.25,Put CEX 2,CEX,-408028.723,8003.488167388637,9261.702148062908
2026-10-08 06:49:38,7800.0,7851.25,Call GEX 2,GEX,356698.352,8003.488167388637,9261.702148062908
2026-10-08 06:49:38,7825.0,7876.25,Call DEX 5,DEX,37.498,8003.488167388637,9261.702148062908
2026-10-08 06:49:38,7825.0,7876.25,Call GEX 3,GEX,353952.101,8003.488167388637,9261.702148062908
2026-10-08 06:49:38,7850.0,7901.5,Put CEX 4,CEX,-362161.183,8003.488167388637,9261.702148062908
2026-10-08 06:49:38,7850.0,7901.5,Call GEX 1,GEX,363224.275,8003.488167388637,9261.702148062908
2026-10-08 06:49:38,7850.0,7901.5,Put VEX 3,VEX,-332551.295,8003.488167388637,9261.702148062908
2026-10-08 06:49:38,7870.0,7921.5,Put CEX 5,CEX,-223791.784,8003.488167388637,9261.702148062908
2026-10-08 06:49:38,7870.0,7921.5,Call GEX 5,GEX,252937.167,8003.488167388637,9261.702148062908
2026-10-08 06:49:38,7870.0,7921.5,Put VEX 5,VEX,-212065.232,8003.488167388637,9261.702148062908
2026-10-08 06:49:38,7900.0,7951.75,Put CEX 3,CEX,-393084.967,8003.488167388637,9261.702148062908
2026-10-08 06:49:38,7900.0,7951.75,Call GEX 4,GEX,334916.264,8003.488167388637,9261.702148062908
2026-10-08 06:49:38,7900.0,7951.75,Put VEX 2,VEX,-423614.816,8003.488167388637,9261.702148062908
2026-10-08 06:49:38,7950.0,8002.25,Put VEX 4,VEX,-247902.823,8003.488167388637,9261.702148062908
2026-10-08 06:49:38,8000.0,8052.5,Put CEX 1,CEX,-3299444.391,8003.488167388637,9261.702148062908
2026-10-08 06:49:38,8000.0,8052.5,Put DEX 1,DEX,-1340.654,8003.488167388637,9261.702148062908
2026-10-08 06:49:38,8000.0,8052.5,Put GEX 1,GEX,-446266.326,8003.488167388637,9261.702148062908
2026-10-08 06:49:38,8000.0,8052.5,Put VEX 1,VEX,-4185351.058,8003.488167388637,9261.702148062908
2026-10-08 06:49:38,8250.0,8304.0,Put DEX 2,DEX,-25.449,8003.488167388637,9261.702148062908
2026-10-08 06:50:26,7000.0,7045.25,Call CEX 2,CEX,429989.991,9498.675454918162,9513.174404015055
2026-10-08 06:50:26,7000.0,7045.25,Put DEX 4,DEX,-11.621,9498.675454918162,9513.174404015055
2026-10-08 06:50:26,7000.0,7045.25,Call VEX 2,VEX,616236.984,9498.675454918162,9513.174404015055
2026-10-08 06:50:26,7400.0,7447.75,Put DEX 5,DEX,-5.909,9498.675454918162,9513.174404015055
2026-10-08 06:50:26,7500.0,7548.5,Call CEX 5,CEX,315376.398,9498.675454918162,9513.174404015055
2026-10-08 06:50:26,7500.0,7548.5,Put DEX 3,DEX,-17.91,9498.675454918162,9513.174404015055
2026-10-08 06:50:26,7500.0,7548.5,Put GEX 3,GEX,-156795.745,9498.675454918162,9513.174404015055
2026-10-08 06:50:26,7500.0,7548.5,Call VEX 5,VEX,463120.949,9498.675454918162,9513.174404015055
2026-10-08 06:50:26,7600.0,7649.0,Call CEX 3,CEX,400777.244,9498.675454918162,9513.174404015055
2026-10-08 06:50:26,7600.0,7649.0,Call DEX 2,DEX,78.15,9498.675454918162,9513.174404015055
2026-10-08 06:50:26,7600.0,7649.0,Put GEX 4,GEX,-143167.433,9498.675454918162,9513.174404015055
2026-10-08 06:50:26,7600.0,7649.0,Call VEX 3,VEX,587543.237,9498.675454918162,9513.174404015055
2026-10-08 06:50:26,7630.0,7679.25,Call DEX 4,DEX,45.574,9498.675454918162,9513.174404015055
2026-10-08 06:50:26,7650.0,7699.25,Call CEX 4,CEX,390962.851,9498.675454918162,9513.174404015055
2026-10-08 06:50:26,7650.0,7699.25,Put GEX 2,GEX,-200007.603,9498.675454918162,9513.174404015055
2026-10-08 06:50:26,7650.0,7699.25,Call VEX 4,VEX,535612.297,9498.675454918162,9513.174404015055
2026-10-08 06:50:26,7700.0,7749.75,Call CEX 1,CEX,438108.727,9498.675454918162,9513.174404015055
2026-10-08 06:50:26,7700.0,7749.75,Call DEX 1,DEX,83.223,9498.675454918162,9513.174404015055
2026-10-08 06:50:26,7700.0,7749.75,Put GEX 5,GEX,-106738.802,9498.675454918162,9513.174404015055
2026-10-08 06:50:26,7700.0,7749.75,Call VEX 1,VEX,736217.248,9498.675454918162,9513.174404015055
2026-10-08 06:50:26,7750.0,7800.0,Call DEX 3,DEX,69.375,9498.675454918162,9513.174404015055
2026-10-08 06:50:26,7800.0,7850.25,Put CEX 3,CEX,-376195.292,9498.675454918162,9513.174404015055
2026-10-08 06:50:26,7800.0,7850.25,Call DEX 5,DEX,39.502,9498.675454918162,9513.174404015055
2026-10-08 06:50:26,7800.0,7850.25,Call GEX 2,GEX,371291.455,9498.675454918162,9513.174404015055
2026-10-08 06:50:26,7825.0,7875.5,Call GEX 3,GEX,360857.209,9498.675454918162,9513.174404015055
2026-10-08 06:50:26,7850.0,7900.75,Put CEX 4,CEX,-357527.653,9498.675454918162,9513.174404015055
2026-10-08 06:50:26,7850.0,7900.75,Call GEX 1,GEX,371875.995,9498.675454918162,9513.174404015055
2026-10-08 06:50:26,7850.0,7900.75,Put VEX 3,VEX,-324532.653,9498.675454918162,9513.174404015055
2026-10-08 06:50:26,7870.0,7920.75,Put CEX 5,CEX,-223488.63,9498.675454918162,9513.174404015055
2026-10-08 06:50:26,7870.0,7920.75,Call GEX 5,GEX,259029.431,9498.675454918162,9513.174404015055
2026-10-08 06:50:26,7870.0,7920.75,Put VEX 5,VEX,-210424.16,9498.675454918162,9513.174404015055
2026-10-08 06:50:26,7900.0,7951.0,Put CEX 2,CEX,-396465.434,9498.675454918162,9513.174404015055
2026-10-08 06:50:26,7900.0,7951.0,Call GEX 4,GEX,344480.555,9498.675454918162,9513.174404015055
2026-10-08 06:50:26,7900.0,7951.0,Put VEX 2,VEX,-425075.913,9498.675454918162,9513.174404015055
2026-10-08 06:50:26,7950.0,8001.25,Put VEX 4,VEX,-251952.846,9498.675454918162,9513.174404015055
2026-10-08 06:50:26,8000.0,8051.5,Put CEX 1,CEX,-3407179.435,9498.675454918162,9513.174404015055
2026-10-08 06:50:26,8000.0,8051.5,Put DEX 1,DEX,-1326.488,9498.675454918162,9513.174404015055
2026-10-08 06:50:26,8000.0,8051.5,Put GEX 1,GEX,-465260.737,9498.675454918162,9513.174404015055
2026-10-08 06:50:26,8000.0,8051.5,Put VEX 1,VEX,-4318350.955,9498.675454918162,9513.174404015055
2026-10-08 06:50:26,8250.0,8303.25,Put DEX 2,DEX,-25.335,9498.675454918162,9513.174404015055
2026-10-08 06:51:15,7000.0,7046.75,Call CEX 2,CEX,430168.087,9487.43984755999,9606.599699586932
2026-10-08 06:51:15,7000.0,7046.75,Put DEX 3,DEX,-11.627,9487.43984755999,9606.599699586932
2026-10-08 06:51:15,7000.0,7046.75,Call VEX 2,VEX,616417.222,9487.43984755999,9606.599699586932
2026-10-08 06:51:15,7400.0,7449.5,Put DEX 4,DEX,-5.902,9487.43984755999,9606.599699586932
2026-10-08 06:51:15,7500.0,7550.0,Call CEX 5,CEX,350111.56,9487.43984755999,9606.599699586932
2026-10-08 06:51:15,7500.0,7550.0,Call DEX 4,DEX,52.666,9487.43984755999,9606.599699586932
2026-10-08 06:51:15,7500.0,7550.0,Put GEX 3,GEX,-138168.463,9487.43984755999,9606.599699586932
2026-10-08 06:51:15,7500.0,7550.0,Call VEX 5,VEX,515873.921,9487.43984755999,9606.599699586932
2026-10-08 06:51:15,7600.0,7650.75,Call CEX 3,CEX,414463.952,9487.43984755999,9606.599699586932
2026-10-08 06:51:15,7600.0,7650.75,Call DEX 2,DEX,78.962,9487.43984755999,9606.599699586932
2026-10-08 06:51:15,7600.0,7650.75,Put GEX 4,GEX,-131395.104,9487.43984755999,9606.599699586932
2026-10-08 06:51:15,7600.0,7650.75,Call VEX 3,VEX,608406.974,9487.43984755999,9606.599699586932
2026-10-08 06:51:15,7630.0,7681.0,Call DEX 5,DEX,45.285,9487.43984755999,9606.599699586932
2026-10-08 06:51:15,7650.0,7701.0,Call CEX 4,CEX,399033.24,9487.43984755999,9606.599699586932
2026-10-08 06:51:15,7650.0,7701.0,Put GEX 2,GEX,-193984.882,9487.43984755999,9606.599699586932
2026-10-08 06:51:15,7650.0,7701.0,Call VEX 4,VEX,543741.456,9487.43984755999,9606.599699586932
2026-10-08 06:51:15,7700.0,7751.5,Call CEX 1,CEX,435429.787,9487.43984755999,9606.599699586932
2026-10-08 06:51:15,7700.0,7751.5,Call DEX 1,DEX,81.252,9487.43984755999,9606.599699586932
2026-10-08 06:51:15,7700.0,7751.5,Put GEX 5,GEX,-115113.699,9487.43984755999,9606.599699586932
2026-10-08 06:51:15,7700.0,7751.5,Call VEX 1,VEX,731449.227,9487.43984755999,9606.599699586932
2026-10-08 06:51:15,7750.0,7801.75,Call DEX 3,DEX,68.211,9487.43984755999,9606.599699586932
2026-10-08 06:51:15,7800.0,7852.0,Put CEX 3,CEX,-381650.598,9487.43984755999,9606.599699586932
2026-10-08 06:51:15,7800.0,7852.0,Call GEX 4,GEX,331693.038,9487.43984755999,9606.599699586932
2026-10-08 06:51:15,7825.0,7877.25,Call GEX 2,GEX,352149.691,9487.43984755999,9606.599699586932
2026-10-08 06:51:15,7850.0,7902.5,Put CEX 4,CEX,-357480.941,9487.43984755999,9606.599699586932
2026-10-08 06:51:15,7850.0,7902.5,Call GEX 1,GEX,363548.134,9487.43984755999,9606.599699586932
2026-10-08 06:51:15,7850.0,7902.5,Put VEX 3,VEX,-325155.255,9487.43984755999,9606.599699586932
2026-10-08 06:51:15,7870.0,7922.5,Put CEX 5,CEX,-222897.869,9487.43984755999,9606.599699586932
2026-10-08 06:51:15,7870.0,7922.5,Call GEX 5,GEX,256756.422,9487.43984755999,9606.599699586932
2026-10-08 06:51:15,7870.0,7922.5,Put VEX 5,VEX,-210063.232,9487.43984755999,9606.599699586932
2026-10-08 06:51:15,7900.0,7952.75,Put CEX 2,CEX,-397574.579,9487.43984755999,9606.599699586932
2026-10-08 06:51:15,7900.0,7952.75,Call GEX 3,GEX,343049.393,9487.43984755999,9606.599699586932
2026-10-08 06:51:15,7900.0,7952.75,Put VEX 2,VEX,-426155.072,9487.43984755999,9606.599699586932
2026-10-08 06:51:15,7950.0,8003.0,Put VEX 4,VEX,-253306.093,9487.43984755999,9606.599699586932
2026-10-08 06:51:15,8000.0,8053.5,Put CEX 1,CEX,-3228823.909,9487.43984755999,9606.599699586932
2026-10-08 06:51:15,8000.0,8053.5,Put DEX 1,DEX,-1356.647,9487.43984755999,9606.599699586932
2026-10-08 06:51:15,8000.0,8053.5,Put GEX 1,GEX,-357391.064,9487.43984755999,9606.599699586932
2026-10-08 06:51:15,8000.0,8053.5,Put VEX 1,VEX,-4091808.986,9487.43984755999,9606.599699586932
2026-10-08 06:51:15,8100.0,8154.0,Put DEX 5,DEX,-5.143,9487.43984755999,9606.599699586932
2026-10-08 06:51:15,8250.0,8305.0,Put DEX 2,DEX,-25.765,9487.43984755999,9606.599699586932
2026-10-08 06:52:03,7000.0,7046.5,Call CEX 2,CEX,420540.168,8003.0932255242205,9261.636801844284
2026-10-08 06:52:03,7000.0,7046.5,Put DEX 4,DEX,-11.274,8003.0932255242205,9261.636801844284
2026-10-08 06:52:03,7000.0,7046.5,Call VEX 2,VEX,602880.486,8003.0932255242205,9261.636801844284
2026-10-08 06:52:03,7400.0,7449.25,Put DEX 5,DEX,-5.773,8003.0932255242205,9261.636801844284
2026-10-08 06:52:03,7500.0,7549.75,Call CEX 5,CEX,310521.689,8003.0932255242205,9261.636801844284
2026-10-08 06:52:03,7500.0,7549.75,Put DEX 3,DEX,-17.339,8003.0932255242205,9261.636801844284
2026-10-08 06:52:03,7500.0,7549.75,Put GEX 3,GEX,-152739.119,8003.0932255242205,9261.636801844284
2026-10-08 06:52:03,7500.0,7549.75,Call VEX 5,VEX,455863.031,8003.0932255242205,9261.636801844284
2026-10-08 06:52:03,7600.0,7650.5,Call CEX 3,CEX,403848.696,8003.0932255242205,9261.636801844284
2026-10-08 06:52:03,7600.0,7650.5,Call DEX 2,DEX,78.204,8003.0932255242205,9261.636801844284
2026-10-08 06:52:03,7600.0,7650.5,Put GEX 4,GEX,-133865.232,8003.0932255242205,9261.636801844284
2026-10-08 06:52:03,7600.0,7650.5,Call VEX 3,VEX,592470.837,8003.0932255242205,9261.636801844284
2026-10-08 06:52:03,7630.0,7680.75,Call DEX 5,DEX,45.392,8003.0932255242205,9261.636801844284
2026-10-08 06:52:03,7650.0,7700.75,Call CEX 4,CEX,386142.804,8003.0932255242205,9261.636801844284
2026-10-08 06:52:03,7650.0,7700.75,Put GEX 2,GEX,-196651.056,8003.0932255242205,9261.636801844284
2026-10-08 06:52:03,7650.0,7700.75,Call VEX 4,VEX,530480.14,8003.0932255242205,9261.636801844284
2026-10-08 06:52:03,7700.0,7751.25,Call CEX 1,CEX,447183.76,8003.0932255242205,9261.636801844284
2026-10-08 06:52:03,7700.0,7751.25,Call DEX 1,DEX,85.695,8003.0932255242205,9261.636801844284
2026-10-08 06:52:03,7700.0,7751.25,Put GEX 5,GEX,-110044.855,8003.0932255242205,9261.636801844284
2026-10-08 06:52:03,7700.0,7751.25,Call VEX 1,VEX,745606.151,8003.0932255242205,9261.636801844284
2026-10-08 06:52:03,7750.0,7801.5,Call DEX 3,DEX,73.045,8003.0932255242205,9261.636801844284
2026-10-08 06:52:03,7800.0,7851.75,Put CEX 4,CEX,-336563.597,8003.0932255242205,9261.636801844284
2026-10-08 06:52:03,7800.0,7851.75,Call DEX 4,DEX,45.541,8003.0932255242205,9261.636801844284
2026-10-08 06:52:03,7800.0,7851.75,Call GEX 4,GEX,351933.449,8003.0932255242205,9261.636801844284
2026-10-08 06:52:03,7825.0,7877.0,Call GEX 2,GEX,360549.456,8003.0932255242205,9261.636801844284
2026-10-08 06:52:03,7850.0,7902.25,Put CEX 3,CEX,-349642.255,8003.0932255242205,9261.636801844284
2026-10-08 06:52:03,7850.0,7902.25,Call GEX 1,GEX,375190.658,8003.0932255242205,9261.636801844284
2026-10-08 06:52:03,7850.0,7902.25,Put VEX 3,VEX,-312810.565,8003.0932255242205,9261.636801844284
2026-10-08 06:52:03,7870.0,7922.25,Call GEX 5,GEX,264800.947,8003.0932255242205,9261.636801844284
2026-10-08 06:52:03,7870.0,7922.25,Put VEX 5,VEX,-207213.653,8003.0932255242205,9261.636801844284
2026-10-08 06:52:03,7900.0,7952.5,Put CEX 2,CEX,-401428.934,8003.0932255242205,9261.636801844284
2026-10-08 06:52:03,7900.0,7952.5,Call GEX 3,GEX,356055.418,8003.0932255242205,9261.636801844284
2026-10-08 06:52:03,7900.0,7952.5,Put VEX 2,VEX,-427282.771,8003.0932255242205,9261.636801844284
2026-10-08 06:52:03,7950.0,8002.75,Put CEX 5,CEX,-223514.707,8003.0932255242205,9261.636801844284
2026-10-08 06:52:03,7950.0,8002.75,Put VEX 4,VEX,-259662.433,8003.0932255242205,9261.636801844284
2026-10-08 06:52:03,8000.0,8053.25,Put CEX 1,CEX,-3375053.21,8003.0932255242205,9261.636801844284
2026-10-08 06:52:03,8000.0,8053.25,Put DEX 1,DEX,-1340.292,8003.0932255242205,9261.636801844284
2026-10-08 06:52:03,8000.0,8053.25,Put GEX 1,GEX,-385375.339,8003.0932255242205,9261.636801844284
2026-10-08 06:52:03,8000.0,8053.25,Put VEX 1,VEX,-4272025.928,8003.0932255242205,9261.636801844284
2026-10-08 06:52:03,8250.0,8304.75,Put DEX 2,DEX,-25.537,8003.0932255242205,9261.636801844284
2026-10-08 06:52:52,7000.0,7045.75,Call CEX 2,CEX,421059.45,8003.286680513544,9268.819023361022
2026-10-08 06:52:52,7000.0,7045.75,Put DEX 4,DEX,-11.293,8003.286680513544,9268.819023361022
2026-10-08 06:52:52,7000.0,7045.75,Call VEX 2,VEX,603500.314,8003.286680513544,9268.819023361022
2026-10-08 06:52:52,7400.0,7448.5,Put DEX 5,DEX,-5.815,8003.286680513544,9268.819023361022
2026-10-08 06:52:52,7500.0,7549.0,Call CEX 5,CEX,312587.931,8003.286680513544,9268.819023361022
2026-10-08 06:52:52,7500.0,7549.0,Put DEX 3,DEX,-17.571,8003.286680513544,9268.819023361022
2026-10-08 06:52:52,7500.0,7549.0,Put GEX 3,GEX,-154509.15,8003.286680513544,9268.819023361022
2026-10-08 06:52:52,7500.0,7549.0,Call VEX 5,VEX,458869.812,8003.286680513544,9268.819023361022
2026-10-08 06:52:52,7600.0,7649.75,Call CEX 3,CEX,403283.615,8003.286680513544,9268.819023361022
2026-10-08 06:52:52,7600.0,7649.75,Call DEX 2,DEX,78.108,8003.286680513544,9268.819023361022
2026-10-08 06:52:52,7600.0,7649.75,Put GEX 4,GEX,-137882.313,8003.286680513544,9268.819023361022
2026-10-08 06:52:52,7600.0,7649.75,Call VEX 3,VEX,591261.817,8003.286680513544,9268.819023361022
2026-10-08 06:52:52,7630.0,7680.0,Call DEX 4,DEX,45.64,8003.286680513544,9268.819023361022
2026-10-08 06:52:52,7650.0,7700.0,Call CEX 4,CEX,391531.992,8003.286680513544,9268.819023361022
2026-10-08 06:52:52,7650.0,7700.0,Put GEX 2,GEX,-196304.91,8003.286680513544,9268.819023361022
2026-10-08 06:52:52,7650.0,7700.0,Call VEX 4,VEX,535907.149,8003.286680513544,9268.819023361022
2026-10-08 06:52:52,7700.0,7750.25,Call CEX 1,CEX,443312.265,8003.286680513544,9268.819023361022
2026-10-08 06:52:52,7700.0,7750.25,Call DEX 1,DEX,84.487,8003.286680513544,9268.819023361022
2026-10-08 06:52:52,7700.0,7750.25,Put GEX 5,GEX,-108593.897,8003.286680513544,9268.819023361022
2026-10-08 06:52:52,7700.0,7750.25,Call VEX 1,VEX,741540.379,8003.286680513544,9268.819023361022
2026-10-08 06:52:52,7750.0,7800.75,Call DEX 3,DEX,71.363,8003.286680513544,9268.819023361022
2026-10-08 06:52:52,7800.0,7851.0,Put CEX 3,CEX,-355371.217,8003.286680513544,9268.819023361022
2026-10-08 06:52:52,7800.0,7851.0,Call DEX 5,DEX,42.671,8003.286680513544,9268.819023361022
2026-10-08 06:52:52,7800.0,7851.0,Call GEX 2,GEX,362742.427,8003.286680513544,9268.819023361022
2026-10-08 06:52:52,7825.0,7876.25,Call GEX 3,GEX,361171.975,8003.286680513544,9268.819023361022
2026-10-08 06:52:52,7850.0,7901.25,Put CEX 4,CEX,-353650.127,8003.286680513544,9268.819023361022
2026-10-08 06:52:52,7850.0,7901.25,Call GEX 1,GEX,374000.037,8003.286680513544,9268.819023361022
2026-10-08 06:52:52,7850.0,7901.25,Put VEX 3,VEX,-318571.618,8003.286680513544,9268.819023361022
2026-10-08 06:52:52,7870.0,7921.5,Put CEX 5,CEX,-222734.765,8003.286680513544,9268.819023361022
2026-10-08 06:52:52,7870.0,7921.5,Call GEX 5,GEX,262014.801,8003.286680513544,9268.819023361022
2026-10-08 06:52:52,7870.0,7921.5,Put VEX 5,VEX,-208778.104,8003.286680513544,9268.819023361022
2026-10-08 06:52:52,7900.0,7951.75,Put CEX 2,CEX,-399027.842,8003.286680513544,9268.819023361022
2026-10-08 06:52:52,7900.0,7951.75,Call GEX 4,GEX,350458.082,8003.286680513544,9268.819023361022
2026-10-08 06:52:52,7900.0,7951.75,Put VEX 2,VEX,-426219.357,8003.286680513544,9268.819023361022
2026-10-08 06:52:52,7950.0,8002.0,Put VEX 4,VEX,-256622.339,8003.286680513544,9268.819023361022
2026-10-08 06:52:52,8000.0,8052.25,Put CEX 1,CEX,-3388371.655,8003.286680513544,9268.819023361022
2026-10-08 06:52:52,8000.0,8052.25,Put DEX 1,DEX,-1334.576,8003.286680513544,9268.819023361022
2026-10-08 06:52:52,8000.0,8052.25,Put GEX 1,GEX,-422753.296,8003.286680513544,9268.819023361022
2026-10-08 06:52:52,8000.0,8052.25,Put VEX 1,VEX,-4290962.413,8003.286680513544,9268.819023361022
2026-10-08 06:52:52,8250.0,8304.0,Put DEX 2,DEX,-25.431,8003.286680513544,9268.819023361022
2026-10-08 06:53:39,7000.0,7046.0,Call CEX 2,CEX,421102.638,8003.276334563764,9268.0940434105
2026-10-08 06:53:39,7000.0,7046.0,Put DEX 4,DEX,-11.293,8003.276334563764,9268.0940434105
2026-10-08 06:53:39,7000.0,7046.0,Call VEX 2,VEX,603517.614,8003.276334563764,9268.0940434105
2026-10-08 06:53:39,7400.0,7448.75,Put DEX 5,DEX,-5.801,8003.276334563764,9268.0940434105
2026-10-08 06:53:39,7500.0,7549.25,Call CEX 5,CEX,312253.211,8003.276334563764,9268.0940434105
2026-10-08 06:53:39,7500.0,7549.25,Put DEX 3,DEX,-17.544,8003.276334563764,9268.0940434105
2026-10-08 06:53:39,7500.0,7549.25,Put GEX 3,GEX,-154390.66,8003.276334563764,9268.0940434105
2026-10-08 06:53:39,7500.0,7549.25,Call VEX 5,VEX,458442.615,8003.276334563764,9268.0940434105
2026-10-08 06:53:39,7600.0,7650.0,Call CEX 3,CEX,402562.286,8003.276334563764,9268.0940434105
2026-10-08 06:53:39,7600.0,7650.0,Call DEX 2,DEX,78.241,8003.276334563764,9268.0940434105
2026-10-08 06:53:39,7600.0,7650.0,Put GEX 4,GEX,-137709.551,8003.276334563764,9268.0940434105
2026-10-08 06:53:39,7600.0,7650.0,Call VEX 3,VEX,590334.495,8003.276334563764,9268.0940434105
2026-10-08 06:53:39,7630.0,7680.25,Call DEX 4,DEX,45.579,8003.276334563764,9268.0940434105
2026-10-08 06:53:39,7650.0,7700.25,Call CEX 4,CEX,391798.74,8003.276334563764,9268.0940434105
2026-10-08 06:53:39,7650.0,7700.25,Put GEX 2,GEX,-195524.698,8003.276334563764,9268.0940434105
2026-10-08 06:53:39,7650.0,7700.25,Call VEX 4,VEX,536381.206,8003.276334563764,9268.0940434105
2026-10-08 06:53:39,7700.0,7750.75,Call CEX 1,CEX,443726.935,8003.276334563764,9268.0940434105
2026-10-08 06:53:39,7700.0,7750.75,Call DEX 1,DEX,84.523,8003.276334563764,9268.0940434105
2026-10-08 06:53:39,7700.0,7750.75,Put GEX 5,GEX,-108987.243,8003.276334563764,9268.0940434105
2026-10-08 06:53:39,7700.0,7750.75,Call VEX 1,VEX,742112.26,8003.276334563764,9268.0940434105
2026-10-08 06:53:39,7750.0,7801.0,Call DEX 3,DEX,71.248,8003.276334563764,9268.0940434105
2026-10-08 06:53:39,7800.0,7851.25,Put CEX 3,CEX,-356261.581,8003.276334563764,9268.0940434105
2026-10-08 06:53:39,7800.0,7851.25,Call DEX 5,DEX,42.558,8003.276334563764,9268.0940434105
2026-10-08 06:53:39,7800.0,7851.25,Call GEX 3,GEX,357457.786,8003.276334563764,9268.0940434105
2026-10-08 06:53:39,7825.0,7876.5,Call GEX 2,GEX,359863.784,8003.276334563764,9268.0940434105
2026-10-08 06:53:39,7850.0,7901.75,Put CEX 4,CEX,-353771.263,8003.276334563764,9268.0940434105
2026-10-08 06:53:39,7850.0,7901.75,Call GEX 1,GEX,372959.05,8003.276334563764,9268.0940434105
2026-10-08 06:53:39,7850.0,7901.75,Put VEX 3,VEX,-318718.178,8003.276334563764,9268.0940434105
2026-10-08 06:53:39,7870.0,7921.75,Put CEX 5,CEX,-222754.584,8003.276334563764,9268.0940434105
2026-10-08 06:53:39,7870.0,7921.75,Call GEX 5,GEX,261879.222,8003.276334563764,9268.0940434105
2026-10-08 06:53:39,7870.0,7921.75,Put VEX 5,VEX,-208802.369,8003.276334563764,9268.0940434105
2026-10-08 06:53:39,7900.0,7952.0,Put CEX 2,CEX,-399306.41,8003.276334563764,9268.0940434105
2026-10-08 06:53:39,7900.0,7952.0,Call GEX 4,GEX,350416.312,8003.276334563764,9268.0940434105
2026-10-08 06:53:39,7900.0,7952.0,Put VEX 2,VEX,-426413.842,8003.276334563764,9268.0940434105
2026-10-08 06:53:39,7950.0,8002.25,Put VEX 4,VEX,-256035.113,8003.276334563764,9268.0940434105
2026-10-08 06:53:39,8000.0,8052.5,Put CEX 1,CEX,-3384304.823,8003.276334563764,9268.0940434105
2026-10-08 06:53:39,8000.0,8052.5,Put DEX 1,DEX,-1335.315,8003.276334563764,9268.0940434105
2026-10-08 06:53:39,8000.0,8052.5,Put GEX 1,GEX,-420261.879,8003.276334563764,9268.0940434105
2026-10-08 06:53:39,8000.0,8052.5,Put VEX 1,VEX,-4285612.217,8003.276334563764,9268.0940434105
2026-10-08 06:53:39,8250.0,8304.25,Put DEX 2,DEX,-25.475,8003.276334563764,9268.0940434105
2026-10-08 06:54:27,7000.0,7045.25,Call CEX 2,CEX,421582.765,8003.39969390916,9271.483743317543
2026-10-08 06:54:27,7000.0,7045.25,Put DEX 4,DEX,-11.311,8003.39969390916,9271.483743317543
2026-10-08 06:54:27,7000.0,7045.25,Call VEX 2,VEX,604089.169,8003.39969390916,9271.483743317543
2026-10-08 06:54:27,7400.0,7447.75,Put DEX 5,DEX,-5.883,8003.39969390916,9271.483743317543
2026-10-08 06:54:27,7500.0,7548.5,Call CEX 5,CEX,314429.336,8003.39969390916,9271.483743317543
2026-10-08 06:54:27,7500.0,7548.5,Put DEX 3,DEX,-17.779,8003.39969390916,9271.483743317543
2026-10-08 06:54:27,7500.0,7548.5,Put GEX 3,GEX,-156116.752,8003.39969390916,9271.483743317543
2026-10-08 06:54:27,7500.0,7548.5,Call VEX 5,VEX,461491.319,8003.39969390916,9271.483743317543
2026-10-08 06:54:27,7600.0,7649.0,Call CEX 3,CEX,401433.251,8003.39969390916,9271.483743317543
2026-10-08 06:54:27,7600.0,7649.0,Call DEX 2,DEX,78.208,8003.39969390916,9271.483743317543
2026-10-08 06:54:27,7600.0,7649.0,Put GEX 4,GEX,-142351.225,8003.39969390916,9271.483743317543
2026-10-08 06:54:27,7600.0,7649.0,Call VEX 3,VEX,588084.057,8003.39969390916,9271.483743317543
2026-10-08 06:54:27,7630.0,7679.25,Call DEX 4,DEX,45.681,8003.39969390916,9271.483743317543
2026-10-08 06:54:27,7650.0,7699.25,Call CEX 4,CEX,391220.332,8003.39969390916,9271.483743317543
2026-10-08 06:54:27,7650.0,7699.25,Put GEX 2,GEX,-199663.777,8003.39969390916,9271.483743317543
2026-10-08 06:54:27,7650.0,7699.25,Call VEX 4,VEX,535682.569,8003.39969390916,9271.483743317543
2026-10-08 06:54:27,7700.0,7749.75,Call CEX 1,CEX,439131.265,8003.39969390916,9271.483743317543
2026-10-08 06:54:27,7700.0,7749.75,Call DEX 1,DEX,83.449,8003.39969390916,9271.483743317543
2026-10-08 06:54:27,7700.0,7749.75,Put GEX 5,GEX,-107102.041,8003.39969390916,9271.483743317543
2026-10-08 06:54:27,7700.0,7749.75,Call VEX 1,VEX,737137.216,8003.39969390916,9271.483743317543
2026-10-08 06:54:27,7750.0,7800.0,Call DEX 3,DEX,69.735,8003.39969390916,9271.483743317543
2026-10-08 06:54:27,7800.0,7850.25,Put CEX 3,CEX,-373258.04,8003.39969390916,9271.483743317543
2026-10-08 06:54:27,7800.0,7850.25,Call DEX 5,DEX,39.962,8003.39969390916,9271.483743317543
2026-10-08 06:54:27,7800.0,7850.25,Call GEX 2,GEX,371783.874,8003.39969390916,9271.483743317543
2026-10-08 06:54:27,7825.0,7875.5,Call GEX 3,GEX,360942.107,8003.39969390916,9271.483743317543
2026-10-08 06:54:27,7850.0,7900.75,Put CEX 4,CEX,-356920.953,8003.39969390916,9271.483743317543
2026-10-08 06:54:27,7850.0,7900.75,Call GEX 1,GEX,372279.701,8003.39969390916,9271.483743317543
2026-10-08 06:54:27,7850.0,7900.75,Put VEX 3,VEX,-323533.002,8003.39969390916,9271.483743317543
2026-10-08 06:54:27,7870.0,7920.75,Put CEX 5,CEX,-223523.838,8003.39969390916,9271.483743317543
2026-10-08 06:54:27,7870.0,7920.75,Call GEX 5,GEX,259534.419,8003.39969390916,9271.483743317543
2026-10-08 06:54:27,7870.0,7920.75,Put VEX 5,VEX,-210245.277,8003.39969390916,9271.483743317543
2026-10-08 06:54:27,7900.0,7951.0,Put CEX 2,CEX,-397102.757,8003.39969390916,9271.483743317543
2026-10-08 06:54:27,7900.0,7951.0,Call GEX 4,GEX,345501.542,8003.39969390916,9271.483743317543
2026-10-08 06:54:27,7900.0,7951.0,Put VEX 2,VEX,-425325.653,8003.39969390916,9271.483743317543
2026-10-08 06:54:27,7950.0,8001.25,Put VEX 4,VEX,-252857.502,8003.39969390916,9271.483743317543
2026-10-08 06:54:27,8000.0,8051.75,Put CEX 1,CEX,-3402827.545,8003.39969390916,9271.483743317543
2026-10-08 06:54:27,8000.0,8051.75,Put DEX 1,DEX,-1329.355,8003.39969390916,9271.483743317543
2026-10-08 06:54:27,8000.0,8051.75,Put GEX 1,GEX,-447906.903,8003.39969390916,9271.483743317543
2026-10-08 06:54:27,8000.0,8051.75,Put VEX 1,VEX,-4310944.111,8003.39969390916,9271.483743317543
2026-10-08 06:54:27,8250.0,8303.25,Put DEX 2,DEX,-25.348,8003.39969390916,9271.483743317543
2026-10-08 06:55:16,7000.0,7045.0,Call CEX 1,CEX,431274.028,9470.3702258807,9641.656459059644
2026-10-08 06:55:16,7000.0,7045.0,Put DEX 4,DEX,-11.663,9470.3702258807,9641.656459059644
2026-10-08 06:55:16,7000.0,7045.0,Call VEX 2,VEX,617585.896,9470.3702258807,9641.656459059644
2026-10-08 06:55:16,7400.0,7447.75,Put DEX 5,DEX,-5.208,9470.3702258807,9641.656459059644
2026-10-08 06:55:16,7500.0,7548.25,Call CEX 5,CEX,322021.101,9470.3702258807,9641.656459059644
2026-10-08 06:55:16,7500.0,7548.25,Put DEX 3,DEX,-16.719,9470.3702258807,9641.656459059644
2026-10-08 06:55:16,7500.0,7548.25,Put GEX 3,GEX,-160930.699,9470.3702258807,9641.656459059644
2026-10-08 06:55:16,7500.0,7548.25,Call VEX 5,VEX,472838.366,9470.3702258807,9641.656459059644
2026-10-08 06:55:16,7600.0,7649.0,Call CEX 3,CEX,410715.473,9470.3702258807,9641.656459059644
2026-10-08 06:55:16,7600.0,7649.0,Call DEX 1,DEX,79.381,9470.3702258807,9641.656459059644
2026-10-08 06:55:16,7600.0,7649.0,Put GEX 4,GEX,-144414.242,9470.3702258807,9641.656459059644
2026-10-08 06:55:16,7600.0,7649.0,Call VEX 3,VEX,600290.215,9470.3702258807,9641.656459059644
2026-10-08 06:55:16,7630.0,7679.25,Call DEX 4,DEX,45.038,9470.3702258807,9641.656459059644
2026-10-08 06:55:16,7650.0,7699.25,Call CEX 4,CEX,400364.798,9470.3702258807,9641.656459059644
2026-10-08 06:55:16,7650.0,7699.25,Put GEX 2,GEX,-201343.631,9470.3702258807,9641.656459059644
2026-10-08 06:55:16,7650.0,7699.25,Call VEX 4,VEX,544767.733,9470.3702258807,9641.656459059644
2026-10-08 06:55:16,7700.0,7749.5,Call CEX 2,CEX,425396.059,9470.3702258807,9641.656459059644
2026-10-08 06:55:16,7700.0,7749.5,Call DEX 2,DEX,78.951,9470.3702258807,9641.656459059644
2026-10-08 06:55:16,7700.0,7749.5,Put GEX 5,GEX,-106261.094,9470.3702258807,9641.656459059644
2026-10-08 06:55:16,7700.0,7749.5,Call VEX 1,VEX,721427.154,9470.3702258807,9641.656459059644
2026-10-08 06:55:16,7750.0,7800.0,Call DEX 3,DEX,64.086,9470.3702258807,9641.656459059644
2026-10-08 06:55:16,7800.0,7850.25,Put CEX 2,CEX,-424655.677,9470.3702258807,9641.656459059644
2026-10-08 06:55:16,7800.0,7850.25,Call GEX 1,GEX,369067.274,9470.3702258807,9641.656459059644
2026-10-08 06:55:16,7825.0,7875.5,Call DEX 5,DEX,36.718,9470.3702258807,9641.656459059644
2026-10-08 06:55:16,7825.0,7875.5,Call GEX 3,GEX,353349.951,9470.3702258807,9641.656459059644
2026-10-08 06:55:16,7850.0,7900.5,Put CEX 4,CEX,-364897.967,9470.3702258807,9641.656459059644
2026-10-08 06:55:16,7850.0,7900.5,Call GEX 2,GEX,360729.373,9470.3702258807,9641.656459059644
2026-10-08 06:55:16,7850.0,7900.5,Put VEX 3,VEX,-336768.139,9470.3702258807,9641.656459059644
2026-10-08 06:55:16,7870.0,7920.75,Put CEX 5,CEX,-224154.934,9470.3702258807,9641.656459059644
2026-10-08 06:55:16,7870.0,7920.75,Call GEX 5,GEX,250084.61,9470.3702258807,9641.656459059644
2026-10-08 06:55:16,7870.0,7920.75,Put VEX 5,VEX,-213013.383,9470.3702258807,9641.656459059644
2026-10-08 06:55:16,7900.0,7950.75,Put CEX 3,CEX,-391134.559,9470.3702258807,9641.656459059644
2026-10-08 06:55:16,7900.0,7950.75,Call GEX 4,GEX,330057.912,9470.3702258807,9641.656459059644
2026-10-08 06:55:16,7900.0,7950.75,Put VEX 2,VEX,-422454.336,9470.3702258807,9641.656459059644
2026-10-08 06:55:16,7950.0,8001.25,Put VEX 4,VEX,-246159.934,9470.3702258807,9641.656459059644
2026-10-08 06:55:16,8000.0,8051.5,Put CEX 1,CEX,-3327506.988,9470.3702258807,9641.656459059644
2026-10-08 06:55:16,8000.0,8051.5,Put DEX 1,DEX,-1334.623,9470.3702258807,9641.656459059644
2026-10-08 06:55:16,8000.0,8051.5,Put GEX 1,GEX,-464908.156,9470.3702258807,9641.656459059644
2026-10-08 06:55:16,8000.0,8051.5,Put VEX 1,VEX,-4221203.495,9470.3702258807,9641.656459059644
2026-10-08 06:55:16,8250.0,8303.0,Put DEX 2,DEX,-25.306,9470.3702258807,9641.656459059644
2026-10-08 06:56:04,7000.0,7046.25,Call CEX 1,CEX,431199.35,9484.27322074789,9621.484411792408
2026-10-08 06:56:04,7000.0,7046.25,Put DEX 3,DEX,-11.659,9484.27322074789,9621.484411792408
2026-10-08 06:56:04,7000.0,7046.25,Call VEX 2,VEX,617457.341,9484.27322074789,9621.484411792408
2026-10-08 06:56:04,7400.0,7449.0,Put DEX 4,DEX,-6.046,9484.27322074789,9621.484411792408
2026-10-08 06:56:04,7500.0,7549.5,Call CEX 5,CEX,345130.23,9484.27322074789,9621.484411792408
2026-10-08 06:56:04,7500.0,7549.5,Call DEX 4,DEX,54.557,9484.27322074789,9621.484411792408
2026-10-08 06:56:04,7500.0,7549.5,Put GEX 3,GEX,-146302.168,9484.27322074789,9621.484411792408
2026-10-08 06:56:04,7500.0,7549.5,Call VEX 5,VEX,507979.986,9484.27322074789,9621.484411792408
2026-10-08 06:56:04,7600.0,7650.25,Call CEX 3,CEX,416547.657,9484.27322074789,9621.484411792408
2026-10-08 06:56:04,7600.0,7650.25,Call DEX 2,DEX,75.378,9484.27322074789,9621.484411792408
2026-10-08 06:56:04,7600.0,7650.25,Put GEX 4,GEX,-136320.489,9484.27322074789,9621.484411792408
2026-10-08 06:56:04,7600.0,7650.25,Call VEX 3,VEX,611902.639,9484.27322074789,9621.484411792408
2026-10-08 06:56:04,7630.0,7680.5,Call DEX 5,DEX,44.456,9484.27322074789,9621.484411792408
2026-10-08 06:56:04,7650.0,7700.5,Call CEX 4,CEX,398891.981,9484.27322074789,9621.484411792408
2026-10-08 06:56:04,7650.0,7700.5,Put GEX 2,GEX,-200532.313,9484.27322074789,9621.484411792408
2026-10-08 06:56:04,7650.0,7700.5,Call VEX 4,VEX,543937.252,9484.27322074789,9621.484411792408
2026-10-08 06:56:04,7700.0,7751.0,Call CEX 2,CEX,425324.855,9484.27322074789,9621.484411792408
2026-10-08 06:56:04,7700.0,7751.0,Call DEX 1,DEX,78.502,9484.27322074789,9621.484411792408
2026-10-08 06:56:04,7700.0,7751.0,Put GEX 5,GEX,-113220.542,9484.27322074789,9621.484411792408
2026-10-08 06:56:04,7700.0,7751.0,Call VEX 1,VEX,720200.192,9484.27322074789,9621.484411792408
2026-10-08 06:56:04,7750.0,7801.25,Call DEX 3,DEX,64.202,9484.27322074789,9621.484411792408
2026-10-08 06:56:04,7800.0,7851.5,Put CEX 2,CEX,-418704.434,9484.27322074789,9621.484411792408
2026-10-08 06:56:04,7800.0,7851.5,Call GEX 3,GEX,340996.893,9484.27322074789,9621.484411792408
2026-10-08 06:56:04,7825.0,7876.75,Call GEX 2,GEX,347980.694,9484.27322074789,9621.484411792408
2026-10-08 06:56:04,7850.0,7902.0,Put CEX 4,CEX,-363052.788,9484.27322074789,9621.484411792408
2026-10-08 06:56:04,7850.0,7902.0,Call GEX 1,GEX,357277.142,9484.27322074789,9621.484411792408
2026-10-08 06:56:04,7850.0,7902.0,Put VEX 3,VEX,-334477.721,9484.27322074789,9621.484411792408
2026-10-08 06:56:04,7870.0,7922.0,Put CEX 5,CEX,-223570.946,9484.27322074789,9621.484411792408
2026-10-08 06:56:04,7870.0,7922.0,Call GEX 5,GEX,250092.384,9484.27322074789,9621.484411792408
2026-10-08 06:56:04,7870.0,7922.0,Put VEX 5,VEX,-212184.711,9484.27322074789,9621.484411792408
2026-10-08 06:56:04,7900.0,7952.25,Put CEX 3,CEX,-392899.112,9484.27322074789,9621.484411792408
2026-10-08 06:56:04,7900.0,7952.25,Call GEX 4,GEX,331854.954,9484.27322074789,9621.484411792408
2026-10-08 06:56:04,7900.0,7952.25,Put VEX 2,VEX,-423725.55,9484.27322074789,9621.484411792408
2026-10-08 06:56:04,7950.0,8002.5,Put VEX 4,VEX,-248369.839,9484.27322074789,9621.484411792408
2026-10-08 06:56:04,8000.0,8053.0,Put CEX 1,CEX,-3244845.307,9484.27322074789,9621.484411792408
2026-10-08 06:56:04,8000.0,8053.0,Put DEX 1,DEX,-1350.516,9484.27322074789,9621.484411792408
2026-10-08 06:56:04,8000.0,8053.0,Put GEX 1,GEX,-400621.887,9484.27322074789,9621.484411792408
2026-10-08 06:56:04,8000.0,8053.0,Put VEX 1,VEX,-4115134.832,9484.27322074789,9621.484411792408
2026-10-08 06:56:04,8100.0,8153.5,Put DEX 5,DEX,-5.16,9484.27322074789,9621.484411792408
2026-10-08 06:56:04,8250.0,8304.5,Put DEX 2,DEX,-25.605,9484.27322074789,9621.484411792408
2026-10-08 06:56:53,7000.0,7046.0,Call CEX 2,CEX,430737.333,9488.929310221842,9611.374318480915
2026-10-08 06:56:53,7000.0,7046.0,Put DEX 3,DEX,-11.64,9488.929310221842,9611.374318480915
2026-10-08 06:56:53,7000.0,7046.0,Call VEX 2,VEX,616856.273,9488.929310221842,9611.374318480915
2026-10-08 06:56:53,7400.0,7448.75,Put DEX 4,DEX,-5.983,9488.929310221842,9611.374318480915
2026-10-08 06:56:53,7500.0,7549.5,Call CEX 5,CEX,324164.619,9488.929310221842,9611.374318480915
2026-10-08 06:56:53,7500.0,7549.5,Call DEX 4,DEX,55.446,9488.929310221842,9611.374318480915
2026-10-08 06:56:53,7500.0,7549.5,Put GEX 3,GEX,-155252.886,9488.929310221842,9611.374318480915
2026-10-08 06:56:53,7500.0,7549.5,Call VEX 5,VEX,476214.856,9488.929310221842,9611.374318480915
2026-10-08 06:56:53,7600.0,7650.0,Call CEX 3,CEX,411835.402,9488.929310221842,9611.374318480915
2026-10-08 06:56:53,7600.0,7650.0,Call DEX 2,DEX,76.271,9488.929310221842,9611.374318480915
2026-10-08 06:56:53,7600.0,7650.0,Put GEX 4,GEX,-137109.193,9488.929310221842,9611.374318480915
2026-10-08 06:56:53,7600.0,7650.0,Call VEX 3,VEX,604328.461,9488.929310221842,9611.374318480915
2026-10-08 06:56:53,7630.0,7680.25,Call DEX 5,DEX,44.841,9488.929310221842,9611.374318480915
2026-10-08 06:56:53,7650.0,7700.5,Call CEX 4,CEX,397598.116,9488.929310221842,9611.374318480915
2026-10-08 06:56:53,7650.0,7700.5,Put GEX 2,GEX,-198889.433,9488.929310221842,9611.374318480915
2026-10-08 06:56:53,7650.0,7700.5,Call VEX 4,VEX,542214.28,9488.929310221842,9611.374318480915
2026-10-08 06:56:53,7700.0,7750.75,Call CEX 1,CEX,431753.699,9488.929310221842,9611.374318480915
2026-10-08 06:56:53,7700.0,7750.75,Call DEX 1,DEX,80.435,9488.929310221842,9611.374318480915
2026-10-08 06:56:53,7700.0,7750.75,Put GEX 5,GEX,-111207.656,9488.929310221842,9611.374318480915
2026-10-08 06:56:53,7700.0,7750.75,Call VEX 1,VEX,727578.336,9488.929310221842,9611.374318480915
2026-10-08 06:56:53,7750.0,7801.0,Call DEX 3,DEX,66.559,9488.929310221842,9611.374318480915
2026-10-08 06:56:53,7800.0,7851.25,Put CEX 2,CEX,-396879.7,9488.929310221842,9611.374318480915
2026-10-08 06:56:53,7800.0,7851.25,Call GEX 3,GEX,346262.999,9488.929310221842,9611.374318480915
2026-10-08 06:56:53,7825.0,7876.5,Call GEX 2,GEX,351414.034,9488.929310221842,9611.374318480915
2026-10-08 06:56:53,7850.0,7901.75,Put CEX 4,CEX,-359510.834,9488.929310221842,9611.374318480915
2026-10-08 06:56:53,7850.0,7901.75,Call GEX 1,GEX,362195.39,9488.929310221842,9611.374318480915
2026-10-08 06:56:53,7850.0,7901.75,Put VEX 3,VEX,-328713.247,9488.929310221842,9611.374318480915
2026-10-08 06:56:53,7870.0,7921.75,Put CEX 5,CEX,-223183.186,9488.929310221842,9611.374318480915
2026-10-08 06:56:53,7870.0,7921.75,Call GEX 5,GEX,253812.823,9488.929310221842,9611.374318480915
2026-10-08 06:56:53,7870.0,7921.75,Put VEX 5,VEX,-210895.001,9488.929310221842,9611.374318480915
2026-10-08 06:56:53,7900.0,7952.0,Put CEX 3,CEX,-395799.475,9488.929310221842,9611.374318480915
2026-10-08 06:56:53,7900.0,7952.0,Call GEX 4,GEX,338522.544,9488.929310221842,9611.374318480915
2026-10-08 06:56:53,7900.0,7952.0,Put VEX 2,VEX,-425164.635,9488.929310221842,9611.374318480915
2026-10-08 06:56:53,7950.0,8002.25,Put VEX 4,VEX,-251941.493,9488.929310221842,9611.374318480915
2026-10-08 06:56:53,8000.0,8052.75,Put CEX 1,CEX,-3301788.566,9488.929310221842,9611.374318480915
2026-10-08 06:56:53,8000.0,8052.75,Put DEX 1,DEX,-1345.884,9488.929310221842,9611.374318480915
2026-10-08 06:56:53,8000.0,8052.75,Put GEX 1,GEX,-390793.665,9488.929310221842,9611.374318480915
2026-10-08 06:56:53,8000.0,8052.75,Put VEX 1,VEX,-4184619.809,9488.929310221842,9611.374318480915
2026-10-08 06:56:53,8100.0,8153.25,Put DEX 5,DEX,-5.153,9488.929310221842,9611.374318480915
2026-10-08 06:56:53,8250.0,8304.25,Put DEX 2,DEX,-25.543,9488.929310221842,9611.374318480915
2026-10-08 06:57:41,7000.0,7045.75,Call CEX 2,CEX,430500.438,9492.726634992508,9603.61570247934
2026-10-08 06:57:41,7000.0,7045.75,Put DEX 4,DEX,-11.63,9492.726634992508,9603.61570247934
2026-10-08 06:57:41,7000.0,7045.75,Call VEX 2,VEX,616530.717,9492.726634992508,9603.61570247934
2026-10-08 06:57:41,7400.0,7448.25,Put DEX 5,DEX,-5.94,9492.726634992508,9603.61570247934
2026-10-08 06:57:41,7500.0,7549.0,Call CEX 5,CEX,317177.53,9492.726634992508,9603.61570247934
2026-10-08 06:57:41,7500.0,7549.0,Put DEX 3,DEX,-18.109,9492.726634992508,9603.61570247934
2026-10-08 06:57:41,7500.0,7549.0,Put GEX 3,GEX,-158083.026,9492.726634992508,9603.61570247934
2026-10-08 06:57:41,7500.0,7549.0,Call VEX 5,VEX,465531.06,9492.726634992508,9603.61570247934
2026-10-08 06:57:41,7600.0,7649.5,Call CEX 3,CEX,408967.632,9492.726634992508,9603.61570247934
2026-10-08 06:57:41,7600.0,7649.5,Call DEX 2,DEX,76.853,9492.726634992508,9603.61570247934
2026-10-08 06:57:41,7600.0,7649.5,Put GEX 4,GEX,-138411.513,9492.726634992508,9603.61570247934
2026-10-08 06:57:41,7600.0,7649.5,Call VEX 3,VEX,599718.495,9492.726634992508,9603.61570247934
2026-10-08 06:57:41,7630.0,7679.75,Call DEX 4,DEX,45.161,9492.726634992508,9603.61570247934
2026-10-08 06:57:41,7650.0,7700.0,Call CEX 4,CEX,393285.595,9492.726634992508,9603.61570247934
2026-10-08 06:57:41,7650.0,7700.0,Put GEX 2,GEX,-200082.876,9492.726634992508,9603.61570247934
2026-10-08 06:57:41,7650.0,7700.0,Call VEX 4,VEX,538098.25,9492.726634992508,9603.61570247934
2026-10-08 06:57:41,7700.0,7750.25,Call CEX 1,CEX,435211.978,9492.726634992508,9603.61570247934
2026-10-08 06:57:41,7700.0,7750.25,Call DEX 1,DEX,81.683,9492.726634992508,9603.61570247934
2026-10-08 06:57:41,7700.0,7750.25,Put GEX 5,GEX,-109045.979,9492.726634992508,9603.61570247934
2026-10-08 06:57:41,7700.0,7750.25,Call VEX 1,VEX,731750.614,9492.726634992508,9603.61570247934
2026-10-08 06:57:41,7750.0,7800.5,Call DEX 3,DEX,67.888,9492.726634992508,9603.61570247934
2026-10-08 06:57:41,7800.0,7851.0,Put CEX 3,CEX,-385000.329,9492.726634992508,9603.61570247934
2026-10-08 06:57:41,7800.0,7851.0,Call GEX 2,GEX,355092.339,9492.726634992508,9603.61570247934
2026-10-08 06:57:41,7825.0,7876.0,Call DEX 5,DEX,38.572,9492.726634992508,9603.61570247934
2026-10-08 06:57:41,7825.0,7876.0,Call GEX 3,GEX,354641.535,9492.726634992508,9603.61570247934
2026-10-08 06:57:41,7850.0,7901.25,Put CEX 4,CEX,-357870.766,9492.726634992508,9603.61570247934
2026-10-08 06:57:41,7850.0,7901.25,Call GEX 1,GEX,366013.96,9492.726634992508,9603.61570247934
2026-10-08 06:57:41,7850.0,7901.25,Put VEX 3,VEX,-325840.419,9492.726634992508,9603.61570247934
2026-10-08 06:57:41,7870.0,7921.25,Put CEX 5,CEX,-223179.4,9492.726634992508,9603.61570247934
2026-10-08 06:57:41,7870.0,7921.25,Call GEX 5,GEX,256203.309,9492.726634992508,9603.61570247934
2026-10-08 06:57:41,7870.0,7921.25,Put VEX 5,VEX,-210403.6,9492.726634992508,9603.61570247934
2026-10-08 06:57:41,7900.0,7951.5,Put CEX 2,CEX,-396648.807,9492.726634992508,9603.61570247934
2026-10-08 06:57:41,7900.0,7951.5,Call GEX 4,GEX,341788.45,9492.726634992508,9603.61570247934
2026-10-08 06:57:41,7900.0,7951.5,Put VEX 2,VEX,-425397.64,9492.726634992508,9603.61570247934
2026-10-08 06:57:41,7950.0,8002.0,Put VEX 4,VEX,-253234.067,9492.726634992508,9603.61570247934
2026-10-08 06:57:41,8000.0,8052.25,Put CEX 1,CEX,-3346592.859,9492.726634992508,9603.61570247934
2026-10-08 06:57:41,8000.0,8052.25,Put DEX 1,DEX,-1339.126,9492.726634992508,9603.61570247934
2026-10-08 06:57:41,8000.0,8052.25,Put GEX 1,GEX,-415283.749,9492.726634992508,9603.61570247934
2026-10-08 06:57:41,8000.0,8052.25,Put VEX 1,VEX,-4239955.35,9492.726634992508,9603.61570247934
2026-10-08 06:57:41,8250.0,8303.75,Put DEX 2,DEX,-25.465,9492.726634992508,9603.61570247934
2026-10-08 06:58:29,7000.0,7046.0,Call CEX 2,CEX,421928.545,8003.14076485864,9272.749083638788
2026-10-08 06:58:29,7000.0,7046.0,Put DEX 4,DEX,-11.312,8003.14076485864,9272.749083638788
2026-10-08 06:58:29,7000.0,7046.0,Call VEX 2,VEX,604198.763,8003.14076485864,9272.749083638788
2026-10-08 06:58:29,7400.0,7448.75,Put DEX 5,DEX,-5.903,8003.14076485864,9272.749083638788
2026-10-08 06:58:29,7500.0,7549.25,Call CEX 5,CEX,314409.559,8003.14076485864,9272.749083638788
2026-10-08 06:58:29,7500.0,7549.25,Put DEX 3,DEX,-17.763,8003.14076485864,9272.749083638788
2026-10-08 06:58:29,7500.0,7549.25,Put GEX 3,GEX,-155899.999,8003.14076485864,9272.749083638788
2026-10-08 06:58:29,7500.0,7549.25,Call VEX 5,VEX,461293.909,8003.14076485864,9272.749083638788
2026-10-08 06:58:29,7600.0,7650.0,Call CEX 3,CEX,409303.091,8003.14076485864,9272.749083638788
2026-10-08 06:58:29,7600.0,7650.0,Call DEX 2,DEX,77.374,8003.14076485864,9272.749083638788
2026-10-08 06:58:29,7600.0,7650.0,Put GEX 4,GEX,-135816.644,8003.14076485864,9272.749083638788
2026-10-08 06:58:29,7600.0,7650.0,Call VEX 3,VEX,599945.158,8003.14076485864,9272.749083638788
2026-10-08 06:58:29,7630.0,7680.25,Call DEX 4,DEX,45.21,8003.14076485864,9272.749083638788
2026-10-08 06:58:29,7650.0,7700.25,Call CEX 4,CEX,397263.777,8003.14076485864,9272.749083638788
2026-10-08 06:58:29,7650.0,7700.25,Put GEX 2,GEX,-195013.633,8003.14076485864,9272.749083638788
2026-10-08 06:58:29,7650.0,7700.25,Call VEX 4,VEX,541360.072,8003.14076485864,9272.749083638788
2026-10-08 06:58:29,7700.0,7750.75,Call CEX 1,CEX,439870.335,8003.14076485864,9272.749083638788
2026-10-08 06:58:29,7700.0,7750.75,Call DEX 1,DEX,82.872,8003.14076485864,9272.749083638788
2026-10-08 06:58:29,7700.0,7750.75,Put GEX 5,GEX,-110237.554,8003.14076485864,9272.749083638788
2026-10-08 06:58:29,7700.0,7750.75,Call VEX 1,VEX,736745.835,8003.14076485864,9272.749083638788
2026-10-08 06:58:29,7750.0,7801.0,Call DEX 3,DEX,69.632,8003.14076485864,9272.749083638788
2026-10-08 06:58:29,7800.0,7851.25,Put CEX 3,CEX,-367685.697,8003.14076485864,9272.749083638788
2026-10-08 06:58:29,7800.0,7851.25,Call DEX 5,DEX,40.624,8003.14076485864,9272.749083638788
2026-10-08 06:58:29,7800.0,7851.25,Call GEX 3,GEX,347690.696,8003.14076485864,9272.749083638788
2026-10-08 06:58:29,7825.0,7876.5,Call GEX 2,GEX,355063.117,8003.14076485864,9272.749083638788
2026-10-08 06:58:29,7850.0,7901.75,Put CEX 4,CEX,-354708.807,8003.14076485864,9272.749083638788
2026-10-08 06:58:29,7850.0,7901.75,Call GEX 1,GEX,367808.211,8003.14076485864,9272.749083638788
2026-10-08 06:58:29,7850.0,7901.75,Put VEX 3,VEX,-320921.69,8003.14076485864,9272.749083638788
2026-10-08 06:58:29,7870.0,7921.75,Put CEX 5,CEX,-222634.784,8003.14076485864,9272.749083638788
2026-10-08 06:58:29,7870.0,7921.75,Call GEX 5,GEX,258929.246,8003.14076485864,9272.749083638788
2026-10-08 06:58:29,7870.0,7921.75,Put VEX 5,VEX,-209133.513,8003.14076485864,9272.749083638788
2026-10-08 06:58:29,7900.0,7952.0,Put CEX 2,CEX,-398880.975,8003.14076485864,9272.749083638788
2026-10-08 06:58:29,7900.0,7952.0,Call GEX 4,GEX,346939.537,8003.14076485864,9272.749083638788
2026-10-08 06:58:29,7900.0,7952.0,Put VEX 2,VEX,-426430.421,8003.14076485864,9272.749083638788
2026-10-08 06:58:29,7950.0,8002.25,Put VEX 4,VEX,-256406.855,8003.14076485864,9272.749083638788
2026-10-08 06:58:29,8000.0,8052.5,Put CEX 1,CEX,-3336774.646,8003.14076485864,9272.749083638788
2026-10-08 06:58:29,8000.0,8052.5,Put DEX 1,DEX,-1343.003,8003.14076485864,9272.749083638788
2026-10-08 06:58:29,8000.0,8052.5,Put GEX 1,GEX,-392678.077,8003.14076485864,9272.749083638788
2026-10-08 06:58:29,8000.0,8052.5,Put VEX 1,VEX,-4225161.446,8003.14076485864,9272.749083638788
2026-10-08 06:58:29,8250.0,8304.25,Put DEX 2,DEX,-25.548,8003.14076485864,9272.749083638788
2026-10-08 06:59:18,7000.0,7046.0,Call CEX 2,CEX,420673.497,8003.1748212734465,9265.616043116828
2026-10-08 06:59:18,7000.0,7046.0,Put DEX 4,DEX,-11.276,8003.1748212734465,9265.616043116828
2026-10-08 06:59:18,7000.0,7046.0,Call VEX 2,VEX,602825.709,8003.1748212734465,9265.616043116828
2026-10-08 06:59:18,7400.0,7448.75,Put DEX 5,DEX,-5.786,8003.1748212734465,9265.616043116828
2026-10-08 06:59:18,7500.0,7549.25,Call CEX 5,CEX,311104.53,8003.1748212734465,9265.616043116828
2026-10-08 06:59:18,7500.0,7549.25,Put DEX 3,DEX,-17.391,8003.1748212734465,9265.616043116828
2026-10-08 06:59:18,7500.0,7549.25,Put GEX 3,GEX,-153347.12,8003.1748212734465,9265.616043116828
2026-10-08 06:59:18,7500.0,7549.25,Call VEX 5,VEX,456483.889,8003.1748212734465,9265.616043116828
2026-10-08 06:59:18,7600.0,7650.0,Call CEX 3,CEX,403457.54,8003.1748212734465,9265.616043116828
2026-10-08 06:59:18,7600.0,7650.0,Call DEX 2,DEX,78.245,8003.1748212734465,9265.616043116828
2026-10-08 06:59:18,7600.0,7650.0,Put GEX 4,GEX,-136681.24,8003.1748212734465,9265.616043116828
2026-10-08 06:59:18,7600.0,7650.0,Call VEX 3,VEX,591035.51,8003.1748212734465,9265.616043116828
2026-10-08 06:59:18,7630.0,7680.25,Call DEX 4,DEX,45.601,8003.1748212734465,9265.616043116828
2026-10-08 06:59:18,7650.0,7700.25,Call CEX 4,CEX,393092.152,8003.1748212734465,9265.616043116828
2026-10-08 06:59:18,7650.0,7700.25,Put GEX 2,GEX,-194267.177,8003.1748212734465,9265.616043116828
2026-10-08 06:59:18,7650.0,7700.25,Call VEX 4,VEX,537124.628,8003.1748212734465,9265.616043116828
2026-10-08 06:59:18,7700.0,7750.75,Call CEX 1,CEX,445548.875,8003.1748212734465,9265.616043116828
2026-10-08 06:59:18,7700.0,7750.75,Call DEX 1,DEX,84.775,8003.1748212734465,9265.616043116828
2026-10-08 06:59:18,7700.0,7750.75,Put GEX 5,GEX,-109587.393,8003.1748212734465,9265.616043116828
2026-10-08 06:59:18,7700.0,7750.75,Call VEX 1,VEX,743206.106,8003.1748212734465,9265.616043116828
2026-10-08 06:59:18,7750.0,7801.0,Call DEX 3,DEX,72.074,8003.1748212734465,9265.616043116828
2026-10-08 06:59:18,7800.0,7851.25,Put CEX 4,CEX,-345905.711,8003.1748212734465,9265.616043116828
2026-10-08 06:59:18,7800.0,7851.25,Call DEX 5,DEX,44.048,8003.1748212734465,9265.616043116828
2026-10-08 06:59:18,7800.0,7851.25,Call GEX 3,GEX,354668.749,8003.1748212734465,9265.616043116828
2026-10-08 06:59:18,7825.0,7876.5,Call GEX 2,GEX,359398.91,8003.1748212734465,9265.616043116828
2026-10-08 06:59:18,7850.0,7901.75,Put CEX 3,CEX,-351259.456,8003.1748212734465,9265.616043116828
2026-10-08 06:59:18,7850.0,7901.75,Call GEX 1,GEX,373315.086,8003.1748212734465,9265.616043116828
2026-10-08 06:59:18,7850.0,7901.75,Put VEX 3,VEX,-315207.802,8003.1748212734465,9265.616043116828
2026-10-08 06:59:18,7870.0,7921.75,Call GEX 5,GEX,263025.181,8003.1748212734465,9265.616043116828
2026-10-08 06:59:18,7870.0,7921.75,Put VEX 5,VEX,-207831.562,8003.1748212734465,9265.616043116828
2026-10-08 06:59:18,7900.0,7952.0,Put CEX 2,CEX,-401054.872,8003.1748212734465,9265.616043116828
2026-10-08 06:59:18,7900.0,7952.0,Call GEX 4,GEX,353485.847,8003.1748212734465,9265.616043116828
2026-10-08 06:59:18,7900.0,7952.0,Put VEX 2,VEX,-427163.809,8003.1748212734465,9265.616043116828
2026-10-08 06:59:18,7950.0,8002.25,Put CEX 5,CEX,-222637.335,8003.1748212734465,9265.616043116828
2026-10-08 06:59:18,7950.0,8002.25,Put VEX 4,VEX,-258904.649,8003.1748212734465,9265.616043116828
2026-10-08 06:59:18,8000.0,8052.75,Put CEX 1,CEX,-3404936.63,8003.1748212734465,9265.616043116828
2026-10-08 06:59:18,8000.0,8052.75,Put DEX 1,DEX,-1334.844,8003.1748212734465,9265.616043116828
2026-10-08 06:59:18,8000.0,8052.75,Put GEX 1,GEX,-404294.99,8003.1748212734465,9265.616043116828
2026-10-08 06:59:18,8000.0,8052.75,Put VEX 1,VEX,-4308812.405,8003.1748212734465,9265.616043116828
2026-10-08 06:59:18,8250.0,8304.25,Put DEX 2,DEX,-25.48,8003.1748212734465,9265.616043116828
2026-10-08 07:00:06,7000.0,7045.25,Call CEX 2,CEX,421172.312,8003.339411709185,9273.224694274068
2026-10-08 07:00:06,7000.0,7045.25,Call CEX 2,CEX,421172.312,8003.339411709185,9273.224694274068
2026-10-08 07:00:06,7000.0,7045.25,Put DEX 4,DEX,-11.294,8003.339411709185,9273.224694274068
2026-10-08 07:00:06,7000.0,7045.25,Put DEX 4,DEX,-11.294,8003.339411709185,9273.224694274068
2026-10-08 07:00:06,7000.0,7045.25,Call VEX 2,VEX,603399.503,8003.339411709185,9273.224694274068
2026-10-08 07:00:06,7000.0,7045.25,Call VEX 2,VEX,603399.503,8003.339411709185,9273.224694274068
2026-10-08 07:00:06,7400.0,7448.0,Put DEX 5,DEX,-5.891,8003.339411709185,9273.224694274068
2026-10-08 07:00:06,7400.0,7448.0,Put DEX 5,DEX,-5.891,8003.339411709185,9273.224694274068
2026-10-08 07:00:06,7500.0,7548.5,Call CEX 5,CEX,314281.759,8003.339411709185,9273.224694274068
2026-10-08 07:00:06,7500.0,7548.5,Call CEX 5,CEX,314281.759,8003.339411709185,9273.224694274068
2026-10-08 07:00:06,7500.0,7548.5,Put DEX 3,DEX,-17.758,8003.339411709185,9273.224694274068
2026-10-08 07:00:06,7500.0,7548.5,Put DEX 3,DEX,-17.758,8003.339411709185,9273.224694274068
2026-10-08 07:00:06,7500.0,7548.5,Put GEX 3,GEX,-155836.568,8003.339411709185,9273.224694274068
2026-10-08 07:00:06,7500.0,7548.5,Put GEX 3,GEX,-155836.568,8003.339411709185,9273.224694274068
2026-10-08 07:00:06,7500.0,7548.5,Call VEX 5,VEX,461153.991,8003.339411709185,9273.224694274068
2026-10-08 07:00:06,7500.0,7548.5,Call VEX 5,VEX,461153.991,8003.339411709185,9273.224694274068
2026-10-08 07:00:06,7600.0,7649.25,Call CEX 3,CEX,402585.815,8003.339411709185,9273.224694274068
2026-10-08 07:00:06,7600.0,7649.25,Call CEX 3,CEX,402585.815,8003.339411709185,9273.224694274068
2026-10-08 07:00:06,7600.0,7649.25,Call DEX 2,DEX,78.079,8003.339411709185,9273.224694274068
2026-10-08 07:00:06,7600.0,7649.25,Call DEX 2,DEX,78.079,8003.339411709185,9273.224694274068
2026-10-08 07:00:06,7600.0,7649.25,Put GEX 4,GEX,-141233.295,8003.339411709185,9273.224694274068
2026-10-08 07:00:06,7600.0,7649.25,Put GEX 4,GEX,-141233.295,8003.339411709185,9273.224694274068
2026-10-08 07:00:06,7600.0,7649.25,Call VEX 3,VEX,589528.987,8003.339411709185,9273.224694274068
2026-10-08 07:00:06,7600.0,7649.25,Call VEX 3,VEX,589528.987,8003.339411709185,9273.224694274068
2026-10-08 07:00:06,7630.0,7679.5,Call DEX 4,DEX,45.689,8003.339411709185,9273.224694274068
2026-10-08 07:00:06,7630.0,7679.5,Call DEX 4,DEX,45.689,8003.339411709185,9273.224694274068
2026-10-08 07:00:06,7650.0,7699.5,Call CEX 4,CEX,393055.884,8003.339411709185,9273.224694274068
2026-10-08 07:00:06,7650.0,7699.5,Call CEX 4,CEX,393055.884,8003.339411709185,9273.224694274068
2026-10-08 07:00:06,7650.0,7699.5,Put GEX 2,GEX,-198203.25,8003.339411709185,9273.224694274068
2026-10-08 07:00:06,7650.0,7699.5,Put GEX 2,GEX,-198203.25,8003.339411709185,9273.224694274068
2026-10-08 07:00:06,7650.0,7699.5,Call VEX 4,VEX,537143.815,8003.339411709185,9273.224694274068
2026-10-08 07:00:06,7650.0,7699.5,Call VEX 4,VEX,537143.815,8003.339411709185,9273.224694274068
2026-10-08 07:00:06,7700.0,7750.0,Call CEX 1,CEX,440730.209,8003.339411709185,9273.224694274068
2026-10-08 07:00:06,7700.0,7750.0,Call CEX 1,CEX,440730.209,8003.339411709185,9273.224694274068
2026-10-08 07:00:06,7700.0,7750.0,Call DEX 1,DEX,83.57,8003.339411709185,9273.224694274068
2026-10-08 07:00:06,7700.0,7750.0,Call DEX 1,DEX,83.57,8003.339411709185,9273.224694274068
2026-10-08 07:00:06,7700.0,7750.0,Put GEX 5,GEX,-107098.059,8003.339411709185,9273.224694274068
2026-10-08 07:00:06,7700.0,7750.0,Put GEX 5,GEX,-107098.059,8003.339411709185,9273.224694274068
2026-10-08 07:00:06,7700.0,7750.0,Call VEX 1,VEX,738417.726,8003.339411709185,9273.224694274068
2026-10-08 07:00:06,7700.0,7750.0,Call VEX 1,VEX,738417.726,8003.339411709185,9273.224694274068
2026-10-08 07:00:06,7750.0,7800.25,Call DEX 3,DEX,69.915,8003.339411709185,9273.224694274068
2026-10-08 07:00:06,7750.0,7800.25,Call DEX 3,DEX,69.915,8003.339411709185,9273.224694274068
2026-10-08 07:00:06,7800.0,7850.5,Put CEX 3,CEX,-367878.28,8003.339411709185,9273.224694274068
2026-10-08 07:00:06,7800.0,7850.5,Put CEX 3,CEX,-367878.28,8003.339411709185,9273.224694274068
2026-10-08 07:00:06,7800.0,7850.5,Call DEX 5,DEX,40.655,8003.339411709185,9273.224694274068
2026-10-08 07:00:06,7800.0,7850.5,Call DEX 5,DEX,40.655,8003.339411709185,9273.224694274068
2026-10-08 07:00:06,7800.0,7850.5,Call GEX 2,GEX,363119.372,8003.339411709185,9273.224694274068
2026-10-08 07:00:06,7800.0,7850.5,Call GEX 2,GEX,363119.372,8003.339411709185,9273.224694274068
2026-10-08 07:00:06,7825.0,7875.75,Call GEX 3,GEX,358481.963,8003.339411709185,9273.224694274068
2026-10-08 07:00:06,7825.0,7875.75,Call GEX 3,GEX,358481.963,8003.339411709185,9273.224694274068
2026-10-08 07:00:06,7850.0,7900.75,Put CEX 4,CEX,-355472.471,8003.339411709185,9273.224694274068
2026-10-08 07:00:06,7850.0,7900.75,Put CEX 4,CEX,-355472.471,8003.339411709185,9273.224694274068
2026-10-08 07:00:06,7850.0,7900.75,Call GEX 1,GEX,370912.013,8003.339411709185,9273.224694274068
2026-10-08 07:00:06,7850.0,7900.75,Call GEX 1,GEX,370912.013,8003.339411709185,9273.224694274068
2026-10-08 07:00:06,7850.0,7900.75,Put VEX 3,VEX,-321590.504,8003.339411709185,9273.224694274068
2026-10-08 07:00:06,7850.0,7900.75,Put VEX 3,VEX,-321590.504,8003.339411709185,9273.224694274068
2026-10-08 07:00:06,7870.0,7921.0,Put CEX 5,CEX,-222988.623,8003.339411709185,9273.224694274068
2026-10-08 07:00:06,7870.0,7921.0,Put CEX 5,CEX,-222988.623,8003.339411709185,9273.224694274068
2026-10-08 07:00:06,7870.0,7921.0,Call GEX 5,GEX,259478.643,8003.339411709185,9273.224694274068
2026-10-08 07:00:06,7870.0,7921.0,Call GEX 5,GEX,259478.643,8003.339411709185,9273.224694274068
2026-10-08 07:00:06,7870.0,7921.0,Put VEX 5,VEX,-209442.36,8003.339411709185,9273.224694274068
2026-10-08 07:00:06,7870.0,7921.0,Put VEX 5,VEX,-209442.36,8003.339411709185,9273.224694274068
2026-10-08 07:00:06,7900.0,7951.25,Put CEX 2,CEX,-398766.029,8003.339411709185,9273.224694274068
2026-10-08 07:00:06,7900.0,7951.25,Put CEX 2,CEX,-398766.029,8003.339411709185,9273.224694274068
2026-10-08 07:00:06,7900.0,7951.25,Call GEX 4,GEX,347233.622,8003.339411709185,9273.224694274068
2026-10-08 07:00:06,7900.0,7951.25,Call GEX 4,GEX,347233.622,8003.339411709185,9273.224694274068
2026-10-08 07:00:06,7900.0,7951.25,Put VEX 2,VEX,-426246.122,8003.339411709185,9273.224694274068
2026-10-08 07:00:06,7900.0,7951.25,Put VEX 2,VEX,-426246.122,8003.339411709185,9273.224694274068
2026-10-08 07:00:06,7950.0,8001.5,Put VEX 4,VEX,-255570.447,8003.339411709185,9273.224694274068
2026-10-08 07:00:06,7950.0,8001.5,Put VEX 4,VEX,-255570.447,8003.339411709185,9273.224694274068
2026-10-08 07:00:06,8000.0,8051.75,Put CEX 1,CEX,-3431249.7,8003.339411709185,9273.224694274068
2026-10-08 07:00:06,8000.0,8051.75,Put CEX 1,CEX,-3431249.7,8003.339411709185,9273.224694274068
2026-10-08 07:00:06,8000.0,8051.75,Put DEX 1,DEX,-1327.098,8003.339411709185,9273.224694274068
2026-10-08 07:00:06,8000.0,8051.75,Put DEX 1,DEX,-1327.098,8003.339411709185,9273.224694274068
2026-10-08 07:00:06,8000.0,8051.75,Put GEX 1,GEX,-437595.239,8003.339411709185,9273.224694274068
2026-10-08 07:00:06,8000.0,8051.75,Put GEX 1,GEX,-437595.239,8003.339411709185,9273.224694274068
2026-10-08 07:00:06,8000.0,8051.75,Put VEX 1,VEX,-4344669.928,8003.339411709185,9273.224694274068
2026-10-08 07:00:06,8000.0,8051.75,Put VEX 1,VEX,-4344669.928,8003.339411709185,9273.224694274068
2026-10-08 07:00:06,8250.0,8303.5,Put DEX 2,DEX,-25.397,8003.339411709185,9273.224694274068
2026-10-08 07:00:06,8250.0,8303.5,Put DEX 2,DEX,-25.397,8003.339411709185,9273.224694274068
2026-10-08 07:01:32,7000.0,7045.25,Call CEX 2,CEX,422144.807,10188.654627966342,10221.190181882395
2026-10-08 07:01:32,7000.0,7045.25,Put DEX 4,DEX,-11.322,10188.654627966342,10221.190181882395
2026-10-08 07:01:32,7000.0,7045.25,Call VEX 2,VEX,604417.599,10188.654627966342,10221.190181882395
2026-10-08 07:01:32,7400.0,7447.75,Put DEX 5,DEX,-5.926,10188.654627966342,10221.190181882395
2026-10-08 07:01:32,7500.0,7548.5,Call CEX 5,CEX,318154.997,10188.654627966342,10221.190181882395
2026-10-08 07:01:32,7500.0,7548.5,Put DEX 3,DEX,-16.271,10188.654627966342,10221.190181882395
2026-10-08 07:01:32,7500.0,7548.5,Put GEX 3,GEX,-158140.406,10188.654627966342,10221.190181882395
2026-10-08 07:01:32,7500.0,7548.5,Call VEX 5,VEX,466935.391,10188.654627966342,10221.190181882395
2026-10-08 07:01:32,7600.0,7649.0,Call CEX 3,CEX,406873.868,10188.654627966342,10221.190181882395
2026-10-08 07:01:32,7600.0,7649.0,Call DEX 2,DEX,77.116,10188.654627966342,10221.190181882395
2026-10-08 07:01:32,7600.0,7649.0,Put GEX 4,GEX,-141712.659,10188.654627966342,10221.190181882395
2026-10-08 07:01:32,7600.0,7649.0,Call VEX 3,VEX,596143.237,10188.654627966342,10221.190181882395
2026-10-08 07:01:32,7630.0,7679.25,Call DEX 4,DEX,45.235,10188.654627966342,10221.190181882395
2026-10-08 07:01:32,7650.0,7699.5,Call CEX 4,CEX,395388.348,10188.654627966342,10221.190181882395
2026-10-08 07:01:32,7650.0,7699.5,Put GEX 2,GEX,-200059.513,10188.654627966342,10221.190181882395
2026-10-08 07:01:32,7650.0,7699.5,Call VEX 4,VEX,540070.241,10188.654627966342,10221.190181882395
2026-10-08 07:01:32,7700.0,7749.75,Call CEX 1,CEX,433274.541,10188.654627966342,10221.190181882395
2026-10-08 07:01:32,7700.0,7749.75,Call DEX 1,DEX,81.114,10188.654627966342,10221.190181882395
2026-10-08 07:01:32,7700.0,7749.75,Put GEX 5,GEX,-108415.702,10188.654627966342,10221.190181882395
2026-10-08 07:01:32,7700.0,7749.75,Call VEX 1,VEX,729547.751,10188.654627966342,10221.190181882395
2026-10-08 07:01:32,7750.0,7800.0,Call DEX 3,DEX,67.046,10188.654627966342,10221.190181882395
2026-10-08 07:01:32,7800.0,7850.25,Put CEX 3,CEX,-394015.48,10188.654627966342,10221.190181882395
2026-10-08 07:01:32,7800.0,7850.25,Call GEX 2,GEX,360475.396,10188.654627966342,10221.190181882395
2026-10-08 07:01:32,7825.0,7875.5,Call DEX 5,DEX,38.16,10188.654627966342,10221.190181882395
2026-10-08 07:01:32,7825.0,7875.5,Call GEX 3,GEX,354387.814,10188.654627966342,10221.190181882395
2026-10-08 07:01:32,7850.0,7900.75,Put CEX 4,CEX,-359462.836,10188.654627966342,10221.190181882395
2026-10-08 07:01:32,7850.0,7900.75,Call GEX 1,GEX,364881.468,10188.654627966342,10221.190181882395
2026-10-08 07:01:32,7850.0,7900.75,Put VEX 3,VEX,-328226.913,10188.654627966342,10221.190181882395
2026-10-08 07:01:32,7870.0,7920.75,Put CEX 5,CEX,-223542.307,10188.654627966342,10221.190181882395
2026-10-08 07:01:32,7870.0,7920.75,Call GEX 5,GEX,254831.328,10188.654627966342,10221.190181882395
2026-10-08 07:01:32,7870.0,7920.75,Put VEX 5,VEX,-211052.5,10188.654627966342,10221.190181882395
2026-10-08 07:01:32,7900.0,7951.0,Put CEX 2,CEX,-396014.022,10188.654627966342,10221.190181882395
2026-10-08 07:01:32,7900.0,7951.0,Call GEX 4,GEX,339415.606,10188.654627966342,10221.190181882395
2026-10-08 07:01:32,7900.0,7951.0,Put VEX 2,VEX,-425071.355,10188.654627966342,10221.190181882395
2026-10-08 07:01:32,7950.0,8001.25,Put VEX 4,VEX,-251978.406,10188.654627966342,10221.190181882395
2026-10-08 07:01:32,8000.0,8051.75,Put CEX 1,CEX,-3384618.35,10188.654627966342,10221.190181882395
2026-10-08 07:01:32,8000.0,8051.75,Put DEX 1,DEX,-1331.671,10188.654627966342,10221.190181882395
2026-10-08 07:01:32,8000.0,8051.75,Put GEX 1,GEX,-440003.076,10188.654627966342,10221.190181882395
2026-10-08 07:01:32,8000.0,8051.75,Put VEX 1,VEX,-4288163.901,10188.654627966342,10221.190181882395
2026-10-08 07:01:32,8250.0,8303.25,Put DEX 2,DEX,-25.392,10188.654627966342,10221.190181882395
2026-10-08 07:02:21,7000.0,7045.25,Call CEX 2,CEX,422219.519,10172.109494640124,10250.970788875284
2026-10-08 07:02:21,7000.0,7045.25,Put DEX 4,DEX,-11.324,10172.109494640124,10250.970788875284
2026-10-08 07:02:21,7000.0,7045.25,Call VEX 2,VEX,604472.587,10172.109494640124,10250.970788875284
2026-10-08 07:02:21,7400.0,7448.0,Put DEX 5,DEX,-5.927,10172.109494640124,10250.970788875284
2026-10-08 07:02:21,7500.0,7548.5,Call CEX 5,CEX,318183.485,10172.109494640124,10250.970788875284
2026-10-08 07:02:21,7500.0,7548.5,Put DEX 3,DEX,-16.266,10172.109494640124,10250.970788875284
2026-10-08 07:02:21,7500.0,7548.5,Put GEX 3,GEX,-158144.717,10172.109494640124,10250.970788875284
2026-10-08 07:02:21,7500.0,7548.5,Call VEX 5,VEX,466948.348,10172.109494640124,10250.970788875284
2026-10-08 07:02:21,7600.0,7649.25,Call CEX 3,CEX,409233.422,10172.109494640124,10250.970788875284
2026-10-08 07:02:21,7600.0,7649.25,Call DEX 2,DEX,76.751,10172.109494640124,10250.970788875284
2026-10-08 07:02:21,7600.0,7649.25,Put GEX 4,GEX,-140317.682,10172.109494640124,10250.970788875284
2026-10-08 07:02:21,7600.0,7649.25,Call VEX 3,VEX,599623.52,10172.109494640124,10250.970788875284
2026-10-08 07:02:21,7630.0,7679.5,Call DEX 4,DEX,45.219,10172.109494640124,10250.970788875284
2026-10-08 07:02:21,7650.0,7699.5,Call CEX 4,CEX,395494.902,10172.109494640124,10250.970788875284
2026-10-08 07:02:21,7650.0,7699.5,Put GEX 2,GEX,-200199.366,10172.109494640124,10250.970788875284
2026-10-08 07:02:21,7650.0,7699.5,Call VEX 4,VEX,540161.121,10172.109494640124,10250.970788875284
2026-10-08 07:02:21,7700.0,7749.75,Call CEX 1,CEX,433093.05,10172.109494640124,10250.970788875284
2026-10-08 07:02:21,7700.0,7749.75,Call DEX 1,DEX,81.139,10172.109494640124,10250.970788875284
2026-10-08 07:02:21,7700.0,7749.75,Put GEX 5,GEX,-107985.259,10172.109494640124,10250.970788875284
2026-10-08 07:02:21,7700.0,7749.75,Call VEX 1,VEX,729588.189,10172.109494640124,10250.970788875284
2026-10-08 07:02:21,7750.0,7800.25,Call DEX 3,DEX,66.869,10172.109494640124,10250.970788875284
2026-10-08 07:02:21,7800.0,7850.5,Put CEX 2,CEX,-396136.15,10172.109494640124,10250.970788875284
2026-10-08 07:02:21,7800.0,7850.5,Call GEX 2,GEX,361124.634,10172.109494640124,10250.970788875284
2026-10-08 07:02:21,7825.0,7875.75,Call DEX 5,DEX,38.03,10172.109494640124,10250.970788875284
2026-10-08 07:02:21,7825.0,7875.75,Call GEX 3,GEX,354893.23,10172.109494640124,10250.970788875284
2026-10-08 07:02:21,7850.0,7900.75,Put CEX 4,CEX,-360093.152,10172.109494640124,10250.970788875284
2026-10-08 07:02:21,7850.0,7900.75,Call GEX 1,GEX,365464.924,10172.109494640124,10250.970788875284
2026-10-08 07:02:21,7850.0,7900.75,Put VEX 3,VEX,-329022.395,10172.109494640124,10250.970788875284
2026-10-08 07:02:21,7870.0,7921.0,Put CEX 5,CEX,-223669.183,10172.109494640124,10250.970788875284
2026-10-08 07:02:21,7870.0,7921.0,Call GEX 5,GEX,254567.849,10172.109494640124,10250.970788875284
2026-10-08 07:02:21,7870.0,7921.0,Put VEX 5,VEX,-211246.579,10172.109494640124,10250.970788875284
2026-10-08 07:02:21,7900.0,7951.25,Put CEX 3,CEX,-395156.65,10172.109494640124,10250.970788875284
2026-10-08 07:02:21,7900.0,7951.25,Call GEX 4,GEX,338453.329,10172.109494640124,10250.970788875284
2026-10-08 07:02:21,7900.0,7951.25,Put VEX 2,VEX,-424506.563,10172.109494640124,10250.970788875284
2026-10-08 07:02:21,7950.0,8001.5,Put VEX 4,VEX,-251128.597,10172.109494640124,10250.970788875284
2026-10-08 07:02:21,8000.0,8051.75,Put CEX 1,CEX,-3365253.7,10172.109494640124,10250.970788875284
2026-10-08 07:02:21,8000.0,8051.75,Put DEX 1,DEX,-1333.935,10172.109494640124,10250.970788875284
2026-10-08 07:02:21,8000.0,8051.75,Put GEX 1,GEX,-441390.25,10172.109494640124,10250.970788875284
2026-10-08 07:02:21,8000.0,8051.75,Put VEX 1,VEX,-4263529.929,10172.109494640124,10250.970788875284
2026-10-08 07:02:21,8250.0,8303.5,Put DEX 2,DEX,-24.718,10172.109494640124,10250.970788875284
2026-10-08 07:03:10,7000.0,7045.25,Call CEX 2,CEX,421973.149,8003.491239887426,9271.158482547004
2026-10-08 07:03:10,7000.0,7045.25,Put DEX 4,DEX,-11.314,8003.491239887426,9271.158482547004
2026-10-08 07:03:10,7000.0,7045.25,Call VEX 2,VEX,604139.149,8003.491239887426,9271.158482547004
2026-10-08 07:03:10,7400.0,7447.75,Put DEX 5,DEX,-5.885,8003.491239887426,9271.158482547004
2026-10-08 07:03:10,7500.0,7548.5,Call CEX 5,CEX,314979.426,8003.491239887426,9271.158482547004
2026-10-08 07:03:10,7500.0,7548.5,Put DEX 3,DEX,-17.832,8003.491239887426,9271.158482547004
2026-10-08 07:03:10,7500.0,7548.5,Put GEX 3,GEX,-156880.184,8003.491239887426,9271.158482547004
2026-10-08 07:03:10,7500.0,7548.5,Call VEX 5,VEX,462060.229,8003.491239887426,9271.158482547004
2026-10-08 07:03:10,7600.0,7649.0,Call CEX 3,CEX,404188.725,8003.491239887426,9271.158482547004
2026-10-08 07:03:10,7600.0,7649.0,Call DEX 2,DEX,77.676,8003.491239887426,9271.158482547004
2026-10-08 07:03:10,7600.0,7649.0,Put GEX 4,GEX,-142384.3,8003.491239887426,9271.158482547004
2026-10-08 07:03:10,7600.0,7649.0,Call VEX 3,VEX,591879.155,8003.491239887426,9271.158482547004
2026-10-08 07:03:10,7630.0,7679.25,Call DEX 4,DEX,45.578,8003.491239887426,9271.158482547004
2026-10-08 07:03:10,7650.0,7699.5,Call CEX 4,CEX,394587.957,8003.491239887426,9271.158482547004
2026-10-08 07:03:10,7650.0,7699.5,Put GEX 2,GEX,-199918.6,8003.491239887426,9271.158482547004
2026-10-08 07:03:10,7650.0,7699.5,Call VEX 4,VEX,538824.243,8003.491239887426,9271.158482547004
2026-10-08 07:03:10,7700.0,7749.75,Call CEX 1,CEX,436190.023,8003.491239887426,9271.158482547004
2026-10-08 07:03:10,7700.0,7749.75,Call DEX 1,DEX,82.315,8003.491239887426,9271.158482547004
2026-10-08 07:03:10,7700.0,7749.75,Put GEX 5,GEX,-107511.313,8003.491239887426,9271.158482547004
2026-10-08 07:03:10,7700.0,7749.75,Call VEX 1,VEX,733296.992,8003.491239887426,9271.158482547004
2026-10-08 07:03:10,7750.0,7800.0,Call DEX 3,DEX,68.267,8003.491239887426,9271.158482547004
2026-10-08 07:03:10,7800.0,7850.5,Put CEX 3,CEX,-386110.075,8003.491239887426,9271.158482547004
2026-10-08 07:03:10,7800.0,7850.5,Call GEX 1,GEX,369852.351,8003.491239887426,9271.158482547004
2026-10-08 07:03:10,7825.0,7875.5,Call DEX 5,DEX,38.413,8003.491239887426,9271.158482547004
2026-10-08 07:03:10,7825.0,7875.5,Call GEX 3,GEX,358327.573,8003.491239887426,9271.158482547004
2026-10-08 07:03:10,7850.0,7900.75,Put CEX 4,CEX,-359054.89,8003.491239887426,9271.158482547004
2026-10-08 07:03:10,7850.0,7900.75,Call GEX 2,GEX,369176.297,8003.491239887426,9271.158482547004
2026-10-08 07:03:10,7850.0,7900.75,Put VEX 3,VEX,-326830.089,8003.491239887426,9271.158482547004
2026-10-08 07:03:10,7870.0,7920.75,Put CEX 5,CEX,-223806.049,8003.491239887426,9271.158482547004
2026-10-08 07:03:10,7870.0,7920.75,Call GEX 5,GEX,256981.739,8003.491239887426,9271.158482547004
2026-10-08 07:03:10,7870.0,7920.75,Put VEX 5,VEX,-210912.591,8003.491239887426,9271.158482547004
2026-10-08 07:03:10,7900.0,7951.0,Put CEX 2,CEX,-395791.776,8003.491239887426,9271.158482547004
2026-10-08 07:03:10,7900.0,7951.0,Call GEX 4,GEX,341429.841,8003.491239887426,9271.158482547004
2026-10-08 07:03:10,7900.0,7951.0,Put VEX 2,VEX,-424600.7,8003.491239887426,9271.158482547004
2026-10-08 07:03:10,7950.0,8001.25,Put VEX 4,VEX,-250928.147,8003.491239887426,9271.158482547004
2026-10-08 07:03:10,8000.0,8051.75,Put CEX 1,CEX,-3393310.873,8003.491239887426,9271.158482547004
2026-10-08 07:03:10,8000.0,8051.75,Put DEX 1,DEX,-1327.799,8003.491239887426,9271.158482547004
2026-10-08 07:03:10,8000.0,8051.75,Put GEX 1,GEX,-469368.854,8003.491239887426,9271.158482547004
2026-10-08 07:03:10,8000.0,8051.75,Put VEX 1,VEX,-4297654.208,8003.491239887426,9271.158482547004
2026-10-08 07:03:10,8250.0,8303.25,Put DEX 2,DEX,-25.32,8003.491239887426,9271.158482547004
2026-10-08 07:03:58,7000.0,7045.5,Call CEX 2,CEX,421665.155,8003.354873992311,9270.010282188963
2026-10-08 07:03:58,7000.0,7045.5,Put DEX 4,DEX,-11.301,8003.354873992311,9270.010282188963
2026-10-08 07:03:58,7000.0,7045.5,Call VEX 2,VEX,603725.752,8003.354873992311,9270.010282188963
2026-10-08 07:03:58,7400.0,7448.25,Put DEX 5,DEX,-5.815,8003.354873992311,9270.010282188963
2026-10-08 07:03:58,7500.0,7548.75,Call CEX 5,CEX,312070.029,8003.354873992311,9270.010282188963
2026-10-08 07:03:58,7500.0,7548.75,Put DEX 3,DEX,-17.491,8003.354873992311,9270.010282188963
2026-10-08 07:03:58,7500.0,7548.75,Put GEX 3,GEX,-154776.5,8003.354873992311,9270.010282188963
2026-10-08 07:03:58,7500.0,7548.75,Call VEX 5,VEX,457724.105,8003.354873992311,9270.010282188963
2026-10-08 07:03:58,7600.0,7649.5,Call CEX 3,CEX,403188.113,8003.354873992311,9270.010282188963
2026-10-08 07:03:58,7600.0,7649.5,Call DEX 2,DEX,78.095,8003.354873992311,9270.010282188963
2026-10-08 07:03:58,7600.0,7649.5,Put GEX 4,GEX,-139970.74,8003.354873992311,9270.010282188963
2026-10-08 07:03:58,7600.0,7649.5,Call VEX 3,VEX,590458.736,8003.354873992311,9270.010282188963
2026-10-08 07:03:58,7630.0,7679.5,Call DEX 4,DEX,45.593,8003.354873992311,9270.010282188963
2026-10-08 07:03:58,7650.0,7699.75,Call CEX 4,CEX,394022.544,8003.354873992311,9270.010282188963
2026-10-08 07:03:58,7650.0,7699.75,Put GEX 2,GEX,-197857.488,8003.354873992311,9270.010282188963
2026-10-08 07:03:58,7650.0,7699.75,Call VEX 4,VEX,538088.845,8003.354873992311,9270.010282188963
2026-10-08 07:03:58,7700.0,7750.0,Call CEX 1,CEX,440487.749,8003.354873992311,9270.010282188963
2026-10-08 07:03:58,7700.0,7750.0,Call DEX 1,DEX,83.539,8003.354873992311,9270.010282188963
2026-10-08 07:03:58,7700.0,7750.0,Put GEX 5,GEX,-108577.385,8003.354873992311,9270.010282188963
2026-10-08 07:03:58,7700.0,7750.0,Call VEX 1,VEX,738156.82,8003.354873992311,9270.010282188963
2026-10-08 07:03:58,7750.0,7800.5,Call DEX 3,DEX,69.824,8003.354873992311,9270.010282188963
2026-10-08 07:03:58,7800.0,7850.75,Put CEX 3,CEX,-372286.379,8003.354873992311,9270.010282188963
2026-10-08 07:03:58,7800.0,7850.75,Call DEX 5,DEX,40.155,8003.354873992311,9270.010282188963
2026-10-08 07:03:58,7800.0,7850.75,Call GEX 2,GEX,364849.438,8003.354873992311,9270.010282188963
2026-10-08 07:03:58,7825.0,7876.0,Call GEX 3,GEX,359608.587,8003.354873992311,9270.010282188963
2026-10-08 07:03:58,7850.0,7901.0,Put CEX 4,CEX,-356704.633,8003.354873992311,9270.010282188963
2026-10-08 07:03:58,7850.0,7901.0,Call GEX 1,GEX,371151.646,8003.354873992311,9270.010282188963
2026-10-08 07:03:58,7850.0,7901.0,Put VEX 3,VEX,-322915.673,8003.354873992311,9270.010282188963
2026-10-08 07:03:58,7870.0,7921.25,Put CEX 5,CEX,-223449.458,8003.354873992311,9270.010282188963
2026-10-08 07:03:58,7870.0,7921.25,Call GEX 5,GEX,259480.793,8003.354873992311,9270.010282188963
2026-10-08 07:03:58,7870.0,7921.25,Put VEX 5,VEX,-209943.637,8003.354873992311,9270.010282188963
2026-10-08 07:03:58,7900.0,7951.5,Put CEX 2,CEX,-397656.26,8003.354873992311,9270.010282188963
2026-10-08 07:03:58,7900.0,7951.5,Call GEX 4,GEX,345749.645,8003.354873992311,9270.010282188963
2026-10-08 07:03:58,7900.0,7951.5,Put VEX 2,VEX,-425500.267,8003.354873992311,9270.010282188963
2026-10-08 07:03:58,7950.0,8001.75,Put VEX 4,VEX,-253202.401,8003.354873992311,9270.010282188963
2026-10-08 07:03:58,8000.0,8052.0,Put CEX 1,CEX,-3388377.608,8003.354873992311,9270.010282188963
2026-10-08 07:03:58,8000.0,8052.0,Put DEX 1,DEX,-1332.724,8003.354873992311,9270.010282188963
2026-10-08 07:03:58,8000.0,8052.0,Put GEX 1,GEX,-437402.434,8003.354873992311,9270.010282188963
2026-10-08 07:03:58,8000.0,8052.0,Put VEX 1,VEX,-4289321.284,8003.354873992311,9270.010282188963
2026-10-08 07:03:58,8250.0,8303.75,Put DEX 2,DEX,-25.374,8003.354873992311,9270.010282188963
2026-10-08 07:04:45,7000.0,7045.5,Call CEX 2,CEX,421452.821,8003.387710218911,9266.373867429662
2026-10-08 07:04:45,7000.0,7045.5,Put DEX 4,DEX,-11.291,8003.387710218911,9266.373867429662
2026-10-08 07:04:45,7000.0,7045.5,Call VEX 2,VEX,603428.044,8003.387710218911,9266.373867429662
2026-10-08 07:04:45,7400.0,7448.0,Put DEX 5,DEX,-5.795,8003.387710218911,9266.373867429662
2026-10-08 07:04:45,7500.0,7548.75,Call CEX 5,CEX,311697.155,8003.387710218911,9266.373867429662
2026-10-08 07:04:45,7500.0,7548.75,Put DEX 3,DEX,-17.43,8003.387710218911,9266.373867429662
2026-10-08 07:04:45,7500.0,7548.75,Put GEX 3,GEX,-153989.969,8003.387710218911,9266.373867429662
2026-10-08 07:04:45,7500.0,7548.75,Call VEX 5,VEX,457043.278,8003.387710218911,9266.373867429662
2026-10-08 07:04:45,7600.0,7649.5,Call CEX 3,CEX,398633.763,8003.387710218911,9266.373867429662
2026-10-08 07:04:45,7600.0,7649.5,Call DEX 2,DEX,78.915,8003.387710218911,9266.373867429662
2026-10-08 07:04:45,7600.0,7649.5,Put GEX 4,GEX,-141884.249,8003.387710218911,9266.373867429662
2026-10-08 07:04:45,7600.0,7649.5,Call VEX 3,VEX,583187.662,8003.387710218911,9266.373867429662
2026-10-08 07:04:45,7630.0,7679.5,Call DEX 4,DEX,45.872,8003.387710218911,9266.373867429662
2026-10-08 07:04:45,7650.0,7699.75,Call CEX 4,CEX,391481.658,8003.387710218911,9266.373867429662
2026-10-08 07:04:45,7650.0,7699.75,Put GEX 2,GEX,-197657.587,8003.387710218911,9266.373867429662
2026-10-08 07:04:45,7650.0,7699.75,Call VEX 4,VEX,535088.095,8003.387710218911,9266.373867429662
2026-10-08 07:04:45,7700.0,7750.0,Call CEX 1,CEX,444133.276,8003.387710218911,9266.373867429662
2026-10-08 07:04:45,7700.0,7750.0,Call DEX 1,DEX,84.816,8003.387710218911,9266.373867429662
2026-10-08 07:04:45,7700.0,7750.0,Put GEX 5,GEX,-107574.491,8003.387710218911,9266.373867429662
2026-10-08 07:04:45,7700.0,7750.0,Call VEX 1,VEX,742417.467,8003.387710218911,9266.373867429662
2026-10-08 07:04:45,7750.0,7800.25,Call DEX 3,DEX,71.348,8003.387710218911,9266.373867429662
2026-10-08 07:04:45,7800.0,7850.75,Put CEX 3,CEX,-359214.757,8003.387710218911,9266.373867429662
2026-10-08 07:04:45,7800.0,7850.75,Call DEX 5,DEX,42.23,8003.387710218911,9266.373867429662
2026-10-08 07:04:45,7800.0,7850.75,Call GEX 2,GEX,368639.022,8003.387710218911,9266.373867429662
2026-10-08 07:04:45,7825.0,7875.75,Call GEX 3,GEX,362404.176,8003.387710218911,9266.373867429662
2026-10-08 07:04:45,7850.0,7901.0,Put CEX 4,CEX,-355117.044,8003.387710218911,9266.373867429662
2026-10-08 07:04:45,7850.0,7901.0,Call GEX 1,GEX,375260.844,8003.387710218911,9266.373867429662
2026-10-08 07:04:45,7850.0,7901.0,Put VEX 3,VEX,-319942.488,8003.387710218911,9266.373867429662
2026-10-08 07:04:45,7870.0,7921.25,Put CEX 5,CEX,-223339.554,8003.387710218911,9266.373867429662
2026-10-08 07:04:45,7870.0,7921.25,Call GEX 5,GEX,262081.967,8003.387710218911,9266.373867429662
2026-10-08 07:04:45,7870.0,7921.25,Put VEX 5,VEX,-209278.19,8003.387710218911,9266.373867429662
2026-10-08 07:04:45,7900.0,7951.25,Put CEX 2,CEX,-398663.58,8003.387710218911,9266.373867429662
2026-10-08 07:04:45,7900.0,7951.25,Call GEX 4,GEX,349538.101,8003.387710218911,9266.373867429662
2026-10-08 07:04:45,7900.0,7951.25,Put VEX 2,VEX,-425742.383,8003.387710218911,9266.373867429662
2026-10-08 07:04:45,7950.0,8001.75,Put VEX 4,VEX,-253864.665,8003.387710218911,9266.373867429662
2026-10-08 07:04:45,8000.0,8052.0,Put CEX 1,CEX,-3409233.34,8003.387710218911,9266.373867429662
2026-10-08 07:04:45,8000.0,8052.0,Put DEX 1,DEX,-1329.684,8003.387710218911,9266.373867429662
2026-10-08 07:04:45,8000.0,8052.0,Put GEX 1,GEX,-447316.381,8003.387710218911,9266.373867429662
2026-10-08 07:04:45,8000.0,8052.0,Put VEX 1,VEX,-4313932.193,8003.387710218911,9266.373867429662
2026-10-08 07:04:45,8250.0,8303.5,Put DEX 2,DEX,-25.375,8003.387710218911,9266.373867429662
2026-10-08 07:05:34,7000.0,7045.0,Call CEX 2,CEX,421304.93,8003.430603381454,9262.823027556133
2026-10-08 07:05:34,7000.0,7045.0,Put DEX 4,DEX,-11.284,8003.430603381454,9262.823027556133
2026-10-08 07:05:34,7000.0,7045.0,Call VEX 2,VEX,603211.232,8003.430603381454,9262.823027556133
2026-10-08 07:05:34,7400.0,7447.5,Put DEX 5,DEX,-5.756,8003.430603381454,9262.823027556133
2026-10-08 07:05:34,7500.0,7548.0,Call CEX 5,CEX,311460.798,8003.430603381454,9262.823027556133
2026-10-08 07:05:34,7500.0,7548.0,Put DEX 3,DEX,-17.405,8003.430603381454,9262.823027556133
2026-10-08 07:05:34,7500.0,7548.0,Put GEX 3,GEX,-153530.503,8003.430603381454,9262.823027556133
2026-10-08 07:05:34,7500.0,7548.0,Call VEX 5,VEX,456688.526,8003.430603381454,9262.823027556133
2026-10-08 07:05:34,7600.0,7648.75,Call CEX 3,CEX,395734.786,8003.430603381454,9262.823027556133
2026-10-08 07:05:34,7600.0,7648.75,Call DEX 2,DEX,79.351,8003.430603381454,9262.823027556133
2026-10-08 07:05:34,7600.0,7648.75,Put GEX 4,GEX,-143555.762,8003.430603381454,9262.823027556133
2026-10-08 07:05:34,7600.0,7648.75,Call VEX 3,VEX,578533.012,8003.430603381454,9262.823027556133
2026-10-08 07:05:34,7630.0,7679.0,Call DEX 4,DEX,45.894,8003.430603381454,9262.823027556133
2026-10-08 07:05:34,7650.0,7699.0,Call CEX 4,CEX,391592.489,8003.430603381454,9262.823027556133
2026-10-08 07:05:34,7650.0,7699.0,Put GEX 2,GEX,-197530.055,8003.430603381454,9262.823027556133
2026-10-08 07:05:34,7650.0,7699.0,Call VEX 4,VEX,534569.519,8003.430603381454,9262.823027556133
2026-10-08 07:05:34,7700.0,7749.5,Call CEX 1,CEX,446452.831,8003.430603381454,9262.823027556133
2026-10-08 07:05:34,7700.0,7749.5,Call DEX 1,DEX,85.915,8003.430603381454,9262.823027556133
2026-10-08 07:05:34,7700.0,7749.5,Put GEX 5,GEX,-106087.414,8003.430603381454,9262.823027556133
2026-10-08 07:05:34,7700.0,7749.5,Call VEX 1,VEX,745499.559,8003.430603381454,9262.823027556133
2026-10-08 07:05:34,7750.0,7799.75,Call DEX 3,DEX,72.328,8003.430603381454,9262.823027556133
2026-10-08 07:05:34,7800.0,7850.0,Put CEX 4,CEX,-350759.185,8003.430603381454,9262.823027556133
2026-10-08 07:05:34,7800.0,7850.0,Call DEX 5,DEX,43.527,8003.430603381454,9262.823027556133
2026-10-08 07:05:34,7800.0,7850.0,Call GEX 2,GEX,376123.803,8003.430603381454,9262.823027556133
2026-10-08 07:05:34,7825.0,7875.25,Call GEX 3,GEX,364839.247,8003.430603381454,9262.823027556133
2026-10-08 07:05:34,7850.0,7900.25,Put CEX 3,CEX,-353403.987,8003.430603381454,9262.823027556133
2026-10-08 07:05:34,7850.0,7900.25,Call GEX 1,GEX,377356.704,8003.430603381454,9262.823027556133
2026-10-08 07:05:34,7850.0,7900.25,Put VEX 3,VEX,-317370.737,8003.430603381454,9262.823027556133
2026-10-08 07:05:34,7870.0,7920.5,Put CEX 5,CEX,-223113.892,8003.430603381454,9262.823027556133
2026-10-08 07:05:34,7870.0,7920.5,Call GEX 5,GEX,263505.061,8003.430603381454,9262.823027556133
2026-10-08 07:05:34,7870.0,7920.5,Put VEX 5,VEX,-208691.282,8003.430603381454,9262.823027556133
2026-10-08 07:05:34,7900.0,7950.75,Put CEX 2,CEX,-399518.754,8003.430603381454,9262.823027556133
2026-10-08 07:05:34,7900.0,7950.75,Call GEX 4,GEX,352080.055,8003.430603381454,9262.823027556133
2026-10-08 07:05:34,7900.0,7950.75,Put VEX 2,VEX,-426034.768,8003.430603381454,9262.823027556133
2026-10-08 07:05:34,7950.0,8001.0,Put VEX 4,VEX,-255683.31,8003.430603381454,9262.823027556133
2026-10-08 07:05:34,8000.0,8051.25,Put CEX 1,CEX,-3436258.45,8003.430603381454,9262.823027556133
2026-10-08 07:05:34,8000.0,8051.25,Put DEX 1,DEX,-1324.836,8003.430603381454,9262.823027556133
2026-10-08 07:05:34,8000.0,8051.25,Put GEX 1,GEX,-462135.716,8003.430603381454,9262.823027556133
2026-10-08 07:05:34,8000.0,8051.25,Put VEX 1,VEX,-4346984.082,8003.430603381454,9262.823027556133
2026-10-08 07:05:34,8250.0,8303.0,Put DEX 2,DEX,-25.276,8003.430603381454,9262.823027556133
2026-10-08 07:06:24,7000.0,7045.0,Call CEX 2,CEX,420868.089,8003.357936089355,9262.160052544908
2026-10-08 07:06:24,7000.0,7045.0,Put DEX 4,DEX,-11.266,8003.357936089355,9262.160052544908
2026-10-08 07:06:24,7000.0,7045.0,Call VEX 2,VEX,602641.168,8003.357936089355,9262.160052544908
2026-10-08 07:06:24,7400.0,7447.5,Put DEX 5,DEX,-5.683,8003.357936089355,9262.160052544908
2026-10-08 07:06:24,7500.0,7548.25,Call CEX 5,CEX,308363.865,8003.357936089355,9262.160052544908
2026-10-08 07:06:24,7500.0,7548.25,Put DEX 3,DEX,-17.039,8003.357936089355,9262.160052544908
2026-10-08 07:06:24,7500.0,7548.25,Put GEX 3,GEX,-151104.958,8003.357936089355,9262.160052544908
2026-10-08 07:06:24,7600.0,7648.75,Call CEX 3,CEX,394538.967,8003.357936089355,9262.160052544908
2026-10-08 07:06:24,7600.0,7648.75,Call DEX 2,DEX,79.483,8003.357936089355,9262.160052544908
2026-10-08 07:06:24,7600.0,7648.75,Put GEX 4,GEX,-140859.699,8003.357936089355,9262.160052544908
2026-10-08 07:06:24,7600.0,7648.75,Call VEX 3,VEX,576653.818,8003.357936089355,9262.160052544908
2026-10-08 07:06:24,7630.0,7679.0,Call DEX 5,DEX,45.956,8003.357936089355,9262.160052544908
2026-10-08 07:06:24,7650.0,7699.25,Call CEX 4,CEX,388686.203,8003.357936089355,9262.160052544908
2026-10-08 07:06:24,7650.0,7699.25,Put GEX 2,GEX,-195298.938,8003.357936089355,9262.160052544908
2026-10-08 07:06:24,7650.0,7699.25,Call VEX 4,VEX,531649.721,8003.357936089355,9262.160052544908
2026-10-08 07:06:24,7700.0,7749.5,Call CEX 1,CEX,451192.6,8003.357936089355,9262.160052544908
2026-10-08 07:06:24,7700.0,7749.5,Call DEX 1,DEX,87.219,8003.357936089355,9262.160052544908
2026-10-08 07:06:24,7700.0,7749.5,Put GEX 5,GEX,-107917.58,8003.357936089355,9262.160052544908
2026-10-08 07:06:24,7700.0,7749.5,Call VEX 1,VEX,750265.44,8003.357936089355,9262.160052544908
2026-10-08 07:06:24,7750.0,7799.75,Call DEX 3,DEX,74.41,8003.357936089355,9262.160052544908
2026-10-08 07:06:24,7750.0,7799.75,Call VEX 5,VEX,456691.429,8003.357936089355,9262.160052544908
2026-10-08 07:06:24,7800.0,7850.25,Put CEX 4,CEX,-329794.561,8003.357936089355,9262.160052544908
2026-10-08 07:06:24,7800.0,7850.25,Call DEX 4,DEX,46.786,8003.357936089355,9262.160052544908
2026-10-08 07:06:24,7800.0,7850.25,Call GEX 2,GEX,367737.202,8003.357936089355,9262.160052544908
2026-10-08 07:06:24,7825.0,7875.25,Call GEX 3,GEX,365631.658,8003.357936089355,9262.160052544908
2026-10-08 07:06:24,7850.0,7900.5,Put CEX 3,CEX,-349799.797,8003.357936089355,9262.160052544908
2026-10-08 07:06:24,7850.0,7900.5,Call GEX 1,GEX,380185.033,8003.357936089355,9262.160052544908
2026-10-08 07:06:24,7850.0,7900.5,Put VEX 3,VEX,-311606.872,8003.357936089355,9262.160052544908
2026-10-08 07:06:24,7870.0,7920.5,Call GEX 5,GEX,267061.777,8003.357936089355,9262.160052544908
2026-10-08 07:06:24,7870.0,7920.5,Put VEX 5,VEX,-207136.898,8003.357936089355,9262.160052544908
2026-10-08 07:06:24,7900.0,7950.75,Put CEX 2,CEX,-401895.709,8003.357936089355,9262.160052544908
2026-10-08 07:06:24,7900.0,7950.75,Call GEX 4,GEX,358340.737,8003.357936089355,9262.160052544908
2026-10-08 07:06:24,7900.0,7950.75,Put VEX 2,VEX,-426964.021,8003.357936089355,9262.160052544908
2026-10-08 07:06:24,7950.0,8001.0,Put CEX 5,CEX,-222857.651,8003.357936089355,9262.160052544908
2026-10-08 07:06:24,7950.0,8001.0,Put VEX 4,VEX,-258787.28,8003.357936089355,9262.160052544908
2026-10-08 07:06:24,8000.0,8051.5,Put CEX 1,CEX,-3466696.932,8003.357936089355,9262.160052544908
2026-10-08 07:06:24,8000.0,8051.5,Put DEX 1,DEX,-1323.136,8003.357936089355,9262.160052544908
2026-10-08 07:06:24,8000.0,8051.5,Put GEX 1,GEX,-450570.727,8003.357936089355,9262.160052544908
2026-10-08 07:06:24,8000.0,8051.5,Put VEX 1,VEX,-4382700.954,8003.357936089355,9262.160052544908
2026-10-08 07:06:24,8250.0,8303.0,Put DEX 2,DEX,-25.394,8003.357936089355,9262.160052544908
2026-10-08 07:07:12,7000.0,7045.5,Call CEX 2,CEX,412142.818,8003.297356623159,9268.811633590956
2026-10-08 07:07:12,7000.0,7045.5,Put DEX 4,DEX,-10.944,8003.297356623159,9268.811633590956
2026-10-08 07:07:12,7000.0,7045.5,Call VEX 2,VEX,590078.939,8003.297356623159,9268.811633590956
2026-10-08 07:07:12,7400.0,7448.0,Put DEX 5,DEX,-5.586,8003.297356623159,9268.811633590956
2026-10-08 07:07:12,7500.0,7548.75,Call CEX 5,CEX,306544.422,8003.297356623159,9268.811633590956
2026-10-08 07:07:12,7500.0,7548.75,Put DEX 3,DEX,-16.831,8003.297356623159,9268.811633590956
2026-10-08 07:07:12,7500.0,7548.75,Put GEX 3,GEX,-149681.886,8003.297356623159,9268.811633590956
2026-10-08 07:07:12,7600.0,7649.25,Call CEX 3,CEX,391890.731,8003.297356623159,9268.811633590956
2026-10-08 07:07:12,7600.0,7649.25,Call DEX 2,DEX,80.389,8003.297356623159,9268.811633590956
2026-10-08 07:07:12,7600.0,7649.25,Put GEX 4,GEX,-140044.925,8003.297356623159,9268.811633590956
2026-10-08 07:07:12,7600.0,7649.25,Call VEX 3,VEX,572745.939,8003.297356623159,9268.811633590956
2026-10-08 07:07:12,7630.0,7679.5,Call DEX 5,DEX,46.196,8003.297356623159,9268.811633590956
2026-10-08 07:07:12,7650.0,7699.75,Call CEX 4,CEX,389975.603,8003.297356623159,9268.811633590956
2026-10-08 07:07:12,7650.0,7699.75,Put GEX 2,GEX,-192657.794,8003.297356623159,9268.811633590956
2026-10-08 07:07:12,7650.0,7699.75,Call VEX 4,VEX,532426.487,8003.297356623159,9268.811633590956
2026-10-08 07:07:12,7700.0,7750.0,Call CEX 1,CEX,454563.303,8003.297356623159,9268.811633590956
2026-10-08 07:07:12,7700.0,7750.0,Call DEX 1,DEX,88.445,8003.297356623159,9268.811633590956
2026-10-08 07:07:12,7700.0,7750.0,Put GEX 5,GEX,-107275.004,8003.297356623159,9268.811633590956
2026-10-08 07:07:12,7700.0,7750.0,Call VEX 1,VEX,754230.846,8003.297356623159,9268.811633590956
2026-10-08 07:07:12,7750.0,7800.25,Call DEX 3,DEX,75.865,8003.297356623159,9268.811633590956
2026-10-08 07:07:12,7750.0,7800.25,Call VEX 5,VEX,466197.902,8003.297356623159,9268.811633590956
2026-10-08 07:07:12,7800.0,7850.75,Put CEX 4,CEX,-317550.22,8003.297356623159,9268.811633590956
2026-10-08 07:07:12,7800.0,7850.75,Call DEX 4,DEX,48.744,8003.297356623159,9268.811633590956
2026-10-08 07:07:12,7800.0,7850.75,Call GEX 2,GEX,371020.303,8003.297356623159,9268.811633590956
2026-10-08 07:07:12,7825.0,7875.75,Call GEX 3,GEX,368245.546,8003.297356623159,9268.811633590956
2026-10-08 07:07:12,7850.0,7901.0,Put CEX 3,CEX,-347734.079,8003.297356623159,9268.811633590956
2026-10-08 07:07:12,7850.0,7901.0,Call GEX 1,GEX,383364.014,8003.297356623159,9268.811633590956
2026-10-08 07:07:12,7850.0,7901.0,Put VEX 3,VEX,-308180.96,8003.297356623159,9268.811633590956
2026-10-08 07:07:12,7870.0,7921.0,Call GEX 5,GEX,269412.871,8003.297356623159,9268.811633590956
2026-10-08 07:07:12,7870.0,7921.0,Put VEX 5,VEX,-206296.04,8003.297356623159,9268.811633590956
2026-10-08 07:07:12,7900.0,7951.25,Put CEX 2,CEX,-403109.579,8003.297356623159,9268.811633590956
2026-10-08 07:07:12,7900.0,7951.25,Call GEX 4,GEX,362126.459,8003.297356623159,9268.811633590956
2026-10-08 07:07:12,7900.0,7951.25,Put VEX 2,VEX,-427282.891,8003.297356623159,9268.811633590956
2026-10-08 07:07:12,7950.0,8001.75,Put CEX 5,CEX,-224605.501,8003.297356623159,9268.811633590956
2026-10-08 07:07:12,7950.0,8001.75,Put VEX 4,VEX,-260652.85,8003.297356623159,9268.811633590956
2026-10-08 07:07:12,8000.0,8052.0,Put CEX 1,CEX,-3495850.118,8003.297356623159,9268.811633590956
2026-10-08 07:07:12,8000.0,8052.0,Put DEX 1,DEX,-1320.937,8003.297356623159,9268.811633590956
2026-10-08 07:07:12,8000.0,8052.0,Put GEX 1,GEX,-440518.878,8003.297356623159,9268.811633590956
2026-10-08 07:07:12,8000.0,8052.0,Put VEX 1,VEX,-4417758.006,8003.297356623159,9268.811633590956
2026-10-08 07:07:12,8250.0,8303.5,Put DEX 2,DEX,-25.338,8003.297356623159,9268.811633590956
2026-10-08 07:08:00,7000.0,7045.5,Call CEX 2,CEX,411849.849,8003.177632512378,9262.223945673455
2026-10-08 07:08:00,7000.0,7045.5,Put DEX 4,DEX,-10.933,8003.177632512378,9262.223945673455
2026-10-08 07:08:00,7000.0,7045.5,Call VEX 2,VEX,589685.324,8003.177632512378,9262.223945673455
2026-10-08 07:08:00,7400.0,7448.25,Put DEX 5,DEX,-5.529,8003.177632512378,9262.223945673455
2026-10-08 07:08:00,7500.0,7548.75,Call CEX 5,CEX,304826.941,8003.177632512378,9262.223945673455
2026-10-08 07:08:00,7500.0,7548.75,Put DEX 3,DEX,-16.636,8003.177632512378,9262.223945673455
2026-10-08 07:08:00,7500.0,7548.75,Put GEX 3,GEX,-148247.65,8003.177632512378,9262.223945673455
2026-10-08 07:08:00,7600.0,7649.5,Call CEX 3,CEX,392662.595,8003.177632512378,9262.223945673455
2026-10-08 07:08:00,7600.0,7649.5,Call DEX 2,DEX,80.164,8003.177632512378,9262.223945673455
2026-10-08 07:08:00,7600.0,7649.5,Put GEX 4,GEX,-136955.162,8003.177632512378,9262.223945673455
2026-10-08 07:08:00,7600.0,7649.5,Call VEX 3,VEX,573864.739,8003.177632512378,9262.223945673455
2026-10-08 07:08:00,7630.0,7679.75,Call DEX 5,DEX,46.187,8003.177632512378,9262.223945673455
2026-10-08 07:08:00,7650.0,7699.75,Call CEX 4,CEX,389394.724,8003.177632512378,9262.223945673455
2026-10-08 07:08:00,7650.0,7699.75,Put GEX 2,GEX,-190129.736,8003.177632512378,9262.223945673455
2026-10-08 07:08:00,7650.0,7699.75,Call VEX 4,VEX,531745.83,8003.177632512378,9262.223945673455
2026-10-08 07:08:00,7700.0,7750.25,Call CEX 1,CEX,458209.242,8003.177632512378,9262.223945673455
2026-10-08 07:08:00,7700.0,7750.25,Call DEX 1,DEX,89.421,8003.177632512378,9262.223945673455
2026-10-08 07:08:00,7700.0,7750.25,Put GEX 5,GEX,-108073.191,8003.177632512378,9262.223945673455
2026-10-08 07:08:00,7700.0,7750.25,Call VEX 1,VEX,758026.332,8003.177632512378,9262.223945673455
2026-10-08 07:08:00,7750.0,7800.5,Call DEX 3,DEX,77.235,8003.177632512378,9262.223945673455
2026-10-08 07:08:00,7750.0,7800.5,Call VEX 5,VEX,475041.411,8003.177632512378,9262.223945673455
2026-10-08 07:08:00,7800.0,7850.75,Put CEX 4,CEX,-302317.282,8003.177632512378,9262.223945673455
2026-10-08 07:08:00,7800.0,7850.75,Call DEX 4,DEX,51.019,8003.177632512378,9262.223945673455
2026-10-08 07:08:00,7800.0,7850.75,Call GEX 4,GEX,363581.519,8003.177632512378,9262.223945673455
2026-10-08 07:08:00,7825.0,7876.0,Call GEX 2,GEX,367814.21,8003.177632512378,9262.223945673455
2026-10-08 07:08:00,7850.0,7901.0,Put CEX 3,CEX,-344541.081,8003.177632512378,9262.223945673455
2026-10-08 07:08:00,7850.0,7901.0,Call GEX 1,GEX,384238.732,8003.177632512378,9262.223945673455
2026-10-08 07:08:00,7850.0,7901.0,Put VEX 3,VEX,-303506.168,8003.177632512378,9262.223945673455
2026-10-08 07:08:00,7870.0,7921.25,Call GEX 5,GEX,271469.781,8003.177632512378,9262.223945673455
2026-10-08 07:08:00,7870.0,7921.25,Put VEX 5,VEX,-204817.057,8003.177632512378,9262.223945673455
2026-10-08 07:08:00,7900.0,7951.5,Put CEX 2,CEX,-404970.331,8003.177632512378,9262.223945673455
2026-10-08 07:08:00,7900.0,7951.5,Call GEX 3,GEX,366727.066,8003.177632512378,9262.223945673455
2026-10-08 07:08:00,7900.0,7951.5,Put VEX 2,VEX,-427985.535,8003.177632512378,9262.223945673455
2026-10-08 07:08:00,7950.0,8001.75,Put CEX 5,CEX,-227346.08,8003.177632512378,9262.223945673455
2026-10-08 07:08:00,7950.0,8001.75,Put VEX 4,VEX,-263281.367,8003.177632512378,9262.223945673455
2026-10-08 07:08:00,8000.0,8052.0,Put CEX 1,CEX,-3481993.554,8003.177632512378,9262.223945673455
2026-10-08 07:08:00,8000.0,8052.0,Put DEX 1,DEX,-1326.307,8003.177632512378,9262.223945673455
2026-10-08 07:08:00,8000.0,8052.0,Put GEX 1,GEX,-415966.914,8003.177632512378,9262.223945673455
2026-10-08 07:08:00,8000.0,8052.0,Put VEX 1,VEX,-4397976.152,8003.177632512378,9262.223945673455
2026-10-08 07:08:00,8250.0,8303.75,Put DEX 2,DEX,-25.433,8003.177632512378,9262.223945673455
2026-10-08 07:08:49,7000.0,7044.75,Call CEX 2,CEX,412356.62,8003.343972752539,9270.194764635738
2026-10-08 07:08:49,7000.0,7044.75,Put DEX 4,DEX,-10.951,8003.343972752539,9270.194764635738
2026-10-08 07:08:49,7000.0,7044.75,Call VEX 2,VEX,590290.48,8003.343972752539,9270.194764635738
2026-10-08 07:08:49,7400.0,7447.5,Put DEX 5,DEX,-5.599,8003.343972752539,9270.194764635738
2026-10-08 07:08:49,7500.0,7548.0,Call CEX 5,CEX,307000.492,8003.343972752539,9270.194764635738
2026-10-08 07:08:49,7500.0,7548.0,Put DEX 3,DEX,-16.87,8003.343972752539,9270.194764635738
2026-10-08 07:08:49,7500.0,7548.0,Put GEX 3,GEX,-150006.72,8003.343972752539,9270.194764635738
2026-10-08 07:08:49,7600.0,7648.75,Call CEX 3,CEX,391922.088,8003.343972752539,9270.194764635738
2026-10-08 07:08:49,7600.0,7648.75,Call DEX 2,DEX,80.431,8003.343972752539,9270.194764635738
2026-10-08 07:08:49,7600.0,7648.75,Put GEX 4,GEX,-141576.674,8003.343972752539,9270.194764635738
2026-10-08 07:08:49,7600.0,7648.75,Call VEX 3,VEX,572037.969,8003.343972752539,9270.194764635738
2026-10-08 07:08:49,7630.0,7678.75,Call DEX 5,DEX,46.293,8003.343972752539,9270.194764635738
2026-10-08 07:08:49,7650.0,7699.0,Call CEX 4,CEX,390704.429,8003.343972752539,9270.194764635738
2026-10-08 07:08:49,7650.0,7699.0,Put GEX 2,GEX,-193090.428,8003.343972752539,9270.194764635738
2026-10-08 07:08:49,7650.0,7699.0,Call VEX 4,VEX,532877.774,8003.343972752539,9270.194764635738
2026-10-08 07:08:49,7700.0,7749.25,Call CEX 1,CEX,453513.098,8003.343972752539,9270.194764635738
2026-10-08 07:08:49,7700.0,7749.25,Call DEX 1,DEX,88.42,8003.343972752539,9270.194764635738
2026-10-08 07:08:49,7700.0,7749.25,Put GEX 5,GEX,-106603.45,8003.343972752539,9270.194764635738
2026-10-08 07:08:49,7700.0,7749.25,Call VEX 1,VEX,753286.041,8003.343972752539,9270.194764635738
2026-10-08 07:08:49,7750.0,7799.75,Call DEX 3,DEX,75.641,8003.343972752539,9270.194764635738
2026-10-08 07:08:49,7750.0,7799.75,Call VEX 5,VEX,464694.819,8003.343972752539,9270.194764635738
2026-10-08 07:08:49,7800.0,7850.0,Put CEX 4,CEX,-321409.612,8003.343972752539,9270.194764635738
2026-10-08 07:08:49,7800.0,7850.0,Call DEX 4,DEX,48.168,8003.343972752539,9270.194764635738
2026-10-08 07:08:49,7800.0,7850.0,Call GEX 2,GEX,379755.664,8003.343972752539,9270.194764635738
2026-10-08 07:08:49,7825.0,7875.0,Call GEX 3,GEX,369518.994,8003.343972752539,9270.194764635738
2026-10-08 07:08:49,7850.0,7900.25,Put CEX 3,CEX,-348743.028,8003.343972752539,9270.194764635738
2026-10-08 07:08:49,7850.0,7900.25,Call GEX 1,GEX,384202.787,8003.343972752539,9270.194764635738
2026-10-08 07:08:49,7850.0,7900.25,Put VEX 3,VEX,-309502.391,8003.343972752539,9270.194764635738
2026-10-08 07:08:49,7870.0,7920.5,Call GEX 5,GEX,269081.733,8003.343972752539,9270.194764635738
2026-10-08 07:08:49,7870.0,7920.5,Put VEX 5,VEX,-206779.881,8003.343972752539,9270.194764635738
2026-10-08 07:08:49,7900.0,7950.5,Put CEX 2,CEX,-402116.811,8003.343972752539,9270.194764635738
2026-10-08 07:08:49,7900.0,7950.5,Call GEX 4,GEX,360780.155,8003.343972752539,9270.194764635738
2026-10-08 07:08:49,7900.0,7950.5,Put VEX 2,VEX,-426720.574,8003.343972752539,9270.194764635738
2026-10-08 07:08:49,7950.0,8001.0,Put CEX 5,CEX,-223540.992,8003.343972752539,9270.194764635738
2026-10-08 07:08:49,7950.0,8001.0,Put VEX 4,VEX,-259465.118,8003.343972752539,9270.194764635738
2026-10-08 07:08:49,8000.0,8051.25,Put CEX 1,CEX,-3488301.631,8003.343972752539,9270.194764635738
2026-10-08 07:08:49,8000.0,8051.25,Put DEX 1,DEX,-1320.847,8003.343972752539,9270.194764635738
2026-10-08 07:08:49,8000.0,8051.25,Put GEX 1,GEX,-449151.867,8003.343972752539,9270.194764635738
2026-10-08 07:08:49,8000.0,8051.25,Put VEX 1,VEX,-4408152.739,8003.343972752539,9270.194764635738
2026-10-08 07:08:49,8250.0,8302.75,Put DEX 2,DEX,-25.276,8003.343972752539,9270.194764635738
2026-10-08 07:09:36,7000.0,7045.25,Call CEX 2,CEX,412994.684,9491.98470528822,9569.524405506883
2026-10-08 07:09:36,7000.0,7045.25,Put DEX 4,DEX,-10.975,9491.98470528822,9569.524405506883
2026-10-08 07:09:36,7000.0,7045.25,Call VEX 2,VEX,591030.064,9491.98470528822,9569.524405506883
2026-10-08 07:09:36,7400.0,7447.75,Put DEX 5,DEX,-5.698,9491.98470528822,9569.524405506883
2026-10-08 07:09:36,7500.0,7548.5,Call CEX 5,CEX,310899.186,9491.98470528822,9569.524405506883
2026-10-08 07:09:36,7500.0,7548.5,Put DEX 3,DEX,-15.364,9491.98470528822,9569.524405506883
2026-10-08 07:09:36,7500.0,7548.5,Put GEX 3,GEX,-152235.49,9491.98470528822,9569.524405506883
2026-10-08 07:09:36,7500.0,7548.5,Call VEX 5,VEX,455683.371,9491.98470528822,9569.524405506883
2026-10-08 07:09:36,7600.0,7649.0,Call CEX 3,CEX,397940.536,9491.98470528822,9569.524405506883
2026-10-08 07:09:36,7600.0,7649.0,Call DEX 2,DEX,79.245,9491.98470528822,9569.524405506883
2026-10-08 07:09:36,7600.0,7649.0,Put GEX 4,GEX,-140664.172,9491.98470528822,9569.524405506883
2026-10-08 07:09:36,7600.0,7649.0,Call VEX 3,VEX,581715.835,9491.98470528822,9569.524405506883
2026-10-08 07:09:36,7630.0,7679.25,Call DEX 4,DEX,46.049,9491.98470528822,9569.524405506883
2026-10-08 07:09:36,7650.0,7699.25,Call CEX 4,CEX,393316.677,9491.98470528822,9569.524405506883
2026-10-08 07:09:36,7650.0,7699.25,Put GEX 2,GEX,-194582.254,9491.98470528822,9569.524405506883
2026-10-08 07:09:36,7650.0,7699.25,Call VEX 4,VEX,536497.788,9491.98470528822,9569.524405506883
2026-10-08 07:09:36,7700.0,7749.75,Call CEX 1,CEX,447776.101,9491.98470528822,9569.524405506883
2026-10-08 07:09:36,7700.0,7749.75,Call DEX 1,DEX,85.915,9491.98470528822,9569.524405506883
2026-10-08 07:09:36,7700.0,7749.75,Put GEX 5,GEX,-107810.898,9491.98470528822,9569.524405506883
2026-10-08 07:09:36,7700.0,7749.75,Call VEX 1,VEX,746550.719,9491.98470528822,9569.524405506883
2026-10-08 07:09:36,7750.0,7800.0,Call DEX 3,DEX,72.571,9491.98470528822,9569.524405506883
2026-10-08 07:09:36,7800.0,7850.25,Put CEX 4,CEX,-348706.163,9491.98470528822,9569.524405506883
2026-10-08 07:09:36,7800.0,7850.25,Call DEX 5,DEX,43.899,9491.98470528822,9569.524405506883
2026-10-08 07:09:36,7800.0,7850.25,Call GEX 2,GEX,365389.771,9491.98470528822,9569.524405506883
2026-10-08 07:09:36,7825.0,7875.5,Call GEX 3,GEX,363408.213,9491.98470528822,9569.524405506883
2026-10-08 07:09:36,7850.0,7900.75,Put CEX 3,CEX,-353409.269,9491.98470528822,9569.524405506883
2026-10-08 07:09:36,7850.0,7900.75,Call GEX 1,GEX,376767.084,9491.98470528822,9569.524405506883
2026-10-08 07:09:36,7850.0,7900.75,Put VEX 3,VEX,-316995.161,9491.98470528822,9569.524405506883
2026-10-08 07:09:36,7870.0,7920.75,Put CEX 5,CEX,-223151.845,9491.98470528822,9569.524405506883
2026-10-08 07:09:36,7870.0,7920.75,Call GEX 5,GEX,263902.566,9491.98470528822,9569.524405506883
2026-10-08 07:09:36,7870.0,7920.75,Put VEX 5,VEX,-208526.328,9491.98470528822,9569.524405506883
2026-10-08 07:09:36,7900.0,7951.0,Put CEX 2,CEX,-399991.932,9491.98470528822,9569.524405506883
2026-10-08 07:09:36,7900.0,7951.0,Call GEX 4,GEX,352743.166,9491.98470528822,9569.524405506883
2026-10-08 07:09:36,7900.0,7951.0,Put VEX 2,VEX,-426219.628,9491.98470528822,9569.524405506883
2026-10-08 07:09:36,7950.0,8001.25,Put VEX 4,VEX,-256327.836,9491.98470528822,9569.524405506883
2026-10-08 07:09:36,8000.0,8051.75,Put CEX 1,CEX,-3452484.448,9491.98470528822,9569.524405506883
2026-10-08 07:09:36,8000.0,8051.75,Put DEX 1,DEX,-1324.773,9491.98470528822,9569.524405506883
2026-10-08 07:09:36,8000.0,8051.75,Put GEX 1,GEX,-445543.394,9491.98470528822,9569.524405506883
2026-10-08 07:09:36,8000.0,8051.75,Put VEX 1,VEX,-4366050.078,9491.98470528822,9569.524405506883
2026-10-08 07:09:36,8250.0,8303.25,Put DEX 2,DEX,-25.388,9491.98470528822,9569.524405506883
2026-10-08 07:10:25,7000.0,7045.75,Call CEX 2,CEX,412314.456,8003.171825331537,9274.613790950458
2026-10-08 07:10:25,7000.0,7045.75,Put DEX 4,DEX,-10.947,8003.171825331537,9274.613790950458
2026-10-08 07:10:25,7000.0,7045.75,Call VEX 2,VEX,590165.033,8003.171825331537,9274.613790950458
2026-10-08 07:10:25,7400.0,7448.25,Put DEX 5,DEX,-5.573,8003.171825331537,9274.613790950458
2026-10-08 07:10:25,7500.0,7549.0,Call CEX 5,CEX,305418.629,8003.171825331537,9274.613790950458
2026-10-08 07:10:25,7500.0,7549.0,Put DEX 3,DEX,-16.694,8003.171825331537,9274.613790950458
2026-10-08 07:10:25,7500.0,7549.0,Put GEX 3,GEX,-148967.832,8003.171825331537,9274.613790950458
2026-10-08 07:10:25,7600.0,7649.75,Call CEX 3,CEX,395424.097,8003.171825331537,9274.613790950458
2026-10-08 07:10:25,7600.0,7649.75,Call DEX 2,DEX,79.665,8003.171825331537,9274.613790950458
2026-10-08 07:10:25,7600.0,7649.75,Put GEX 4,GEX,-136685.421,8003.171825331537,9274.613790950458
2026-10-08 07:10:25,7600.0,7649.75,Call VEX 3,VEX,578049.708,8003.171825331537,9274.613790950458
2026-10-08 07:10:25,7630.0,7679.75,Call DEX 5,DEX,46.239,8003.171825331537,9274.613790950458
2026-10-08 07:10:25,7650.0,7700.0,Call CEX 4,CEX,391016.993,8003.171825331537,9274.613790950458
2026-10-08 07:10:25,7650.0,7700.0,Put GEX 2,GEX,-190904.546,8003.171825331537,9274.613790950458
2026-10-08 07:10:25,7650.0,7700.0,Call VEX 4,VEX,533595.733,8003.171825331537,9274.613790950458
2026-10-08 07:10:25,7700.0,7750.25,Call CEX 1,CEX,455538.816,8003.171825331537,9274.613790950458
2026-10-08 07:10:25,7700.0,7750.25,Call DEX 1,DEX,88.275,8003.171825331537,9274.613790950458
2026-10-08 07:10:25,7700.0,7750.25,Put GEX 5,GEX,-108829.464,8003.171825331537,9274.613790950458
2026-10-08 07:10:25,7700.0,7750.25,Call VEX 1,VEX,754727.574,8003.171825331537,9274.613790950458
2026-10-08 07:10:25,7750.0,7800.75,Call DEX 3,DEX,75.95,8003.171825331537,9274.613790950458
2026-10-08 07:10:25,7750.0,7800.75,Call VEX 5,VEX,466780.601,8003.171825331537,9274.613790950458
2026-10-08 07:10:25,7800.0,7851.0,Put CEX 4,CEX,-314139.557,8003.171825331537,9274.613790950458
2026-10-08 07:10:25,7800.0,7851.0,Call DEX 4,DEX,49.163,8003.171825331537,9274.613790950458
2026-10-08 07:10:25,7800.0,7851.0,Call GEX 4,GEX,359686.254,8003.171825331537,9274.613790950458
2026-10-08 07:10:25,7825.0,7876.25,Call GEX 2,GEX,365793.36,8003.171825331537,9274.613790950458
2026-10-08 07:10:25,7850.0,7901.25,Put CEX 3,CEX,-346680.571,8003.171825331537,9274.613790950458
2026-10-08 07:10:25,7850.0,7901.25,Call GEX 1,GEX,381476.996,8003.171825331537,9274.613790950458
2026-10-08 07:10:25,7850.0,7901.25,Put VEX 3,VEX,-306850.649,8003.171825331537,9274.613790950458
2026-10-08 07:10:25,7870.0,7921.5,Call GEX 5,GEX,269385.26,8003.171825331537,9274.613790950458
2026-10-08 07:10:25,7870.0,7921.5,Put VEX 5,VEX,-205777.64,8003.171825331537,9274.613790950458
2026-10-08 07:10:25,7900.0,7951.5,Put CEX 2,CEX,-403901.424,8003.171825331537,9274.613790950458
2026-10-08 07:10:25,7900.0,7951.5,Call GEX 3,GEX,362961.48,8003.171825331537,9274.613790950458
2026-10-08 07:10:25,7900.0,7951.5,Put VEX 2,VEX,-427689.11,8003.171825331537,9274.613790950458
2026-10-08 07:10:25,7950.0,8002.0,Put CEX 5,CEX,-224952.941,8003.171825331537,9274.613790950458
2026-10-08 07:10:25,7950.0,8002.0,Put VEX 4,VEX,-260943.109,8003.171825331537,9274.613790950458
2026-10-08 07:10:25,8000.0,8052.25,Put CEX 1,CEX,-3449669.675,8003.171825331537,9274.613790950458
2026-10-08 07:10:25,8000.0,8052.25,Put DEX 1,DEX,-1330.537,8003.171825331537,9274.613790950458
2026-10-08 07:10:25,8000.0,8052.25,Put GEX 1,GEX,-410788.202,8003.171825331537,9274.613790950458
2026-10-08 07:10:25,8000.0,8052.25,Put VEX 1,VEX,-4357752.997,8003.171825331537,9274.613790950458
2026-10-08 07:10:25,8250.0,8304.0,Put DEX 2,DEX,-25.445,8003.171825331537,9274.613790950458
2026-10-08 07:11:16,7000.0,7045.0,Call CEX 2,CEX,412360.423,8003.382523084515,9274.651749997636
2026-10-08 07:11:16,7000.0,7045.0,Put DEX 4,DEX,-10.948,8003.382523084515,9274.651749997636
2026-10-08 07:11:16,7000.0,7045.0,Call VEX 2,VEX,590188.495,8003.382523084515,9274.651749997636
2026-10-08 07:11:16,7400.0,7447.5,Put DEX 5,DEX,-5.586,8003.382523084515,9274.651749997636
2026-10-08 07:11:16,7500.0,7548.25,Call CEX 5,CEX,306920.331,8003.382523084515,9274.651749997636
2026-10-08 07:11:16,7500.0,7548.25,Put DEX 3,DEX,-16.841,8003.382523084515,9274.651749997636
2026-10-08 07:11:16,7500.0,7548.25,Put GEX 3,GEX,-149747.98,8003.382523084515,9274.651749997636
2026-10-08 07:11:16,7600.0,7648.75,Call CEX 4,CEX,385995.672,8003.382523084515,9274.651749997636
2026-10-08 07:11:16,7600.0,7648.75,Call DEX 2,DEX,80.736,8003.382523084515,9274.651749997636
2026-10-08 07:11:16,7600.0,7648.75,Put GEX 4,GEX,-145143.308,8003.382523084515,9274.651749997636
2026-10-08 07:11:16,7600.0,7648.75,Call VEX 3,VEX,563140.684,8003.382523084515,9274.651749997636
2026-10-08 07:11:16,7630.0,7679.0,Call DEX 5,DEX,46.676,8003.382523084515,9274.651749997636
2026-10-08 07:11:16,7650.0,7699.25,Call CEX 3,CEX,390303.18,8003.382523084515,9274.651749997636
2026-10-08 07:11:16,7650.0,7699.25,Put GEX 2,GEX,-193661.712,8003.382523084515,9274.651749997636
2026-10-08 07:11:16,7650.0,7699.25,Call VEX 4,VEX,531703.282,8003.382523084515,9274.651749997636
2026-10-08 07:11:16,7700.0,7749.5,Call CEX 1,CEX,455181.35,8003.382523084515,9274.651749997636
2026-10-08 07:11:16,7700.0,7749.5,Call DEX 1,DEX,89.447,8003.382523084515,9274.651749997636
2026-10-08 07:11:16,7700.0,7749.5,Put GEX 5,GEX,-105440.486,8003.382523084515,9274.651749997636
2026-10-08 07:11:16,7700.0,7749.5,Call VEX 1,VEX,755775.343,8003.382523084515,9274.651749997636
2026-10-08 07:11:16,7750.0,7799.75,Call DEX 3,DEX,76.206,8003.382523084515,9274.651749997636
2026-10-08 07:11:16,7750.0,7799.75,Call VEX 5,VEX,468384.46,8003.382523084515,9274.651749997636
2026-10-08 07:11:16,7800.0,7850.25,Put CEX 4,CEX,-317745.191,8003.382523084515,9274.651749997636
2026-10-08 07:11:16,7800.0,7850.25,Call DEX 4,DEX,48.781,8003.382523084515,9274.651749997636
2026-10-08 07:11:16,7800.0,7850.25,Call GEX 2,GEX,384924.043,8003.382523084515,9274.651749997636
2026-10-08 07:11:16,7825.0,7875.25,Call GEX 3,GEX,371190.174,8003.382523084515,9274.651749997636
2026-10-08 07:11:16,7850.0,7900.5,Put CEX 3,CEX,-348287.988,8003.382523084515,9274.651749997636
2026-10-08 07:11:16,7850.0,7900.5,Call GEX 1,GEX,386050.277,8003.382523084515,9274.651749997636
2026-10-08 07:11:16,7850.0,7900.5,Put VEX 3,VEX,-308564.529,8003.382523084515,9274.651749997636
2026-10-08 07:11:16,7870.0,7920.5,Call GEX 5,GEX,270046.517,8003.382523084515,9274.651749997636
2026-10-08 07:11:16,7870.0,7920.5,Put VEX 5,VEX,-206656.26,8003.382523084515,9274.651749997636
2026-10-08 07:11:16,7900.0,7950.75,Put CEX 2,CEX,-402580.896,8003.382523084515,9274.651749997636
2026-10-08 07:11:16,7900.0,7950.75,Call GEX 4,GEX,362031.699,8003.382523084515,9274.651749997636
2026-10-08 07:11:16,7900.0,7950.75,Put VEX 2,VEX,-426802.466,8003.382523084515,9274.651749997636
2026-10-08 07:11:16,7950.0,8001.0,Put CEX 5,CEX,-223986.551,8003.382523084515,9274.651749997636
2026-10-08 07:11:16,7950.0,8001.0,Put VEX 4,VEX,-259838.0,8003.382523084515,9274.651749997636
2026-10-08 07:11:16,8000.0,8051.5,Put CEX 1,CEX,-3530508.823,8003.382523084515,9274.651749997636
2026-10-08 07:11:16,8000.0,8051.5,Put DEX 1,DEX,-1313.39,8003.382523084515,9274.651749997636
2026-10-08 07:11:16,8000.0,8051.5,Put GEX 1,GEX,-461541.638,8003.382523084515,9274.651749997636
2026-10-08 07:11:16,8000.0,8051.5,Put VEX 1,VEX,-4460355.397,8003.382523084515,9274.651749997636
2026-10-08 07:11:16,8250.0,8303.0,Put DEX 2,DEX,-25.217,8003.382523084515,9274.651749997636
2026-10-08 07:12:05,7000.0,7045.25,Call CEX 2,CEX,412251.472,8003.335975653399,9265.419676072735
2026-10-08 07:12:05,7000.0,7045.25,Put DEX 4,DEX,-10.943,8003.335975653399,9265.419676072735
2026-10-08 07:12:05,7000.0,7045.25,Call VEX 2,VEX,590019.569,8003.335975653399,9265.419676072735
2026-10-08 07:12:05,7400.0,7447.75,Put DEX 5,DEX,-5.58,8003.335975653399,9265.419676072735
2026-10-08 07:12:05,7500.0,7548.5,Call CEX 5,CEX,306584.794,8003.335975653399,9265.419676072735
2026-10-08 07:12:05,7500.0,7548.5,Put DEX 3,DEX,-16.811,8003.335975653399,9265.419676072735
2026-10-08 07:12:05,7500.0,7548.5,Put GEX 3,GEX,-149338.168,8003.335975653399,9265.419676072735
2026-10-08 07:12:05,7600.0,7649.0,Call CEX 3,CEX,386627.91,8003.335975653399,9265.419676072735
2026-10-08 07:12:05,7600.0,7649.0,Call DEX 2,DEX,80.81,8003.335975653399,9265.419676072735
2026-10-08 07:12:05,7600.0,7649.0,Put GEX 4,GEX,-143772.933,8003.335975653399,9265.419676072735
2026-10-08 07:12:05,7600.0,7649.0,Call VEX 3,VEX,563913.891,8003.335975653399,9265.419676072735
2026-10-08 07:12:05,7630.0,7679.25,Call DEX 5,DEX,46.555,8003.335975653399,9265.419676072735
2026-10-08 07:12:05,7650.0,7699.5,Call CEX 4,CEX,385488.744,8003.335975653399,9265.419676072735
2026-10-08 07:12:05,7650.0,7699.5,Put GEX 2,GEX,-195349.469,8003.335975653399,9265.419676072735
2026-10-08 07:12:05,7650.0,7699.5,Call VEX 4,VEX,527193.24,8003.335975653399,9265.419676072735
2026-10-08 07:12:05,7700.0,7749.75,Call CEX 1,CEX,456636.844,8003.335975653399,9265.419676072735
2026-10-08 07:12:05,7700.0,7749.75,Call DEX 1,DEX,89.433,8003.335975653399,9265.419676072735
2026-10-08 07:12:05,7700.0,7749.75,Put GEX 5,GEX,-106378.927,8003.335975653399,9265.419676072735
2026-10-08 07:12:05,7700.0,7749.75,Call VEX 1,VEX,756702.814,8003.335975653399,9265.419676072735
2026-10-08 07:12:05,7750.0,7800.0,Call DEX 3,DEX,76.775,8003.335975653399,9265.419676072735
2026-10-08 07:12:05,7750.0,7800.0,Call VEX 5,VEX,472095.297,8003.335975653399,9265.419676072735
2026-10-08 07:12:05,7800.0,7850.5,Put CEX 4,CEX,-310840.49,8003.335975653399,9265.419676072735
2026-10-08 07:12:05,7800.0,7850.5,Call DEX 4,DEX,49.82,8003.335975653399,9265.419676072735
2026-10-08 07:12:05,7800.0,7850.5,Call GEX 2,GEX,376353.416,8003.335975653399,9265.419676072735
2026-10-08 07:12:05,7825.0,7875.5,Call GEX 3,GEX,370074.602,8003.335975653399,9265.419676072735
2026-10-08 07:12:05,7850.0,7900.75,Put CEX 3,CEX,-346808.283,8003.335975653399,9265.419676072735
2026-10-08 07:12:05,7850.0,7900.75,Call GEX 1,GEX,386000.375,8003.335975653399,9265.419676072735
2026-10-08 07:12:05,7850.0,7900.75,Put VEX 3,VEX,-306405.362,8003.335975653399,9265.419676072735
2026-10-08 07:12:05,7870.0,7920.75,Call GEX 5,GEX,270887.623,8003.335975653399,9265.419676072735
2026-10-08 07:12:05,7870.0,7920.75,Put VEX 5,VEX,-205919.046,8003.335975653399,9265.419676072735
2026-10-08 07:12:05,7900.0,7951.0,Put CEX 2,CEX,-403338.705,8003.335975653399,9265.419676072735
2026-10-08 07:12:05,7900.0,7951.0,Call GEX 4,GEX,363966.773,8003.335975653399,9265.419676072735
2026-10-08 07:12:05,7900.0,7951.0,Put VEX 2,VEX,-427066.639,8003.335975653399,9265.419676072735
2026-10-08 07:12:05,7950.0,8001.25,Put CEX 5,CEX,-224570.232,8003.335975653399,9265.419676072735
2026-10-08 07:12:05,7950.0,8001.25,Put VEX 4,VEX,-260375.351,8003.335975653399,9265.419676072735
2026-10-08 07:12:05,8000.0,8051.75,Put CEX 1,CEX,-3515165.336,8003.335975653399,9265.419676072735
2026-10-08 07:12:05,8000.0,8051.75,Put DEX 1,DEX,-1317.566,8003.335975653399,9265.419676072735
2026-10-08 07:12:05,8000.0,8051.75,Put GEX 1,GEX,-450309.439,8003.335975653399,9265.419676072735
2026-10-08 07:12:05,8000.0,8051.75,Put VEX 1,VEX,-4439727.732,8003.335975653399,9265.419676072735
2026-10-08 07:12:05,8250.0,8303.25,Put DEX 2,DEX,-25.291,8003.335975653399,9265.419676072735
2026-10-08 07:12:53,7000.0,7045.5,Call CEX 2,CEX,412068.973,8003.320049469366,9270.225963668589
2026-10-08 07:12:53,7000.0,7045.5,Put DEX 4,DEX,-10.935,8003.320049469366,9270.225963668589
2026-10-08 07:12:53,7000.0,7045.5,Call VEX 2,VEX,589761.365,8003.320049469366,9270.225963668589
2026-10-08 07:12:53,7400.0,7448.0,Put DEX 5,DEX,-5.529,8003.320049469366,9270.225963668589
2026-10-08 07:12:53,7500.0,7548.75,Call CEX 5,CEX,305002.964,8003.320049469366,9270.225963668589
2026-10-08 07:12:53,7500.0,7548.75,Put DEX 3,DEX,-16.63,8003.320049469366,9270.225963668589
2026-10-08 07:12:53,7500.0,7548.75,Put GEX 3,GEX,-148144.603,8003.320049469366,9270.225963668589
2026-10-08 07:12:53,7600.0,7649.25,Call CEX 4,CEX,384636.364,8003.320049469366,9270.225963668589
2026-10-08 07:12:53,7600.0,7649.25,Call DEX 2,DEX,81.09,8003.320049469366,9270.225963668589
2026-10-08 07:12:53,7600.0,7649.25,Put GEX 4,GEX,-143176.239,8003.320049469366,9270.225963668589
2026-10-08 07:12:53,7600.0,7649.25,Call VEX 3,VEX,561180.005,8003.320049469366,9270.225963668589
2026-10-08 07:12:53,7630.0,7679.5,Call DEX 5,DEX,46.642,8003.320049469366,9270.225963668589
2026-10-08 07:12:53,7650.0,7699.5,Call CEX 3,CEX,386069.951,8003.320049469366,9270.225963668589
2026-10-08 07:12:53,7650.0,7699.5,Put GEX 2,GEX,-193045.917,8003.320049469366,9270.225963668589
2026-10-08 07:12:53,7650.0,7699.5,Call VEX 4,VEX,527565.015,8003.320049469366,9270.225963668589
2026-10-08 07:12:53,7700.0,7750.0,Call CEX 1,CEX,459333.163,8003.320049469366,9270.225963668589
2026-10-08 07:12:53,7700.0,7750.0,Call DEX 1,DEX,90.301,8003.320049469366,9270.225963668589
2026-10-08 07:12:53,7700.0,7750.0,Put GEX 5,GEX,-106824.734,8003.320049469366,9270.225963668589
2026-10-08 07:12:53,7700.0,7750.0,Call VEX 1,VEX,759705.065,8003.320049469366,9270.225963668589
2026-10-08 07:12:53,7750.0,7800.25,Call DEX 3,DEX,77.777,8003.320049469366,9270.225963668589
2026-10-08 07:12:53,7750.0,7800.25,Call VEX 5,VEX,478545.369,8003.320049469366,9270.225963668589
2026-10-08 07:12:53,7800.0,7850.5,Put CEX 4,CEX,-300351.356,8003.320049469366,9270.225963668589
2026-10-08 07:12:53,7800.0,7850.5,Call DEX 4,DEX,51.4,8003.320049469366,9270.225963668589
2026-10-08 07:12:53,7800.0,7850.5,Call GEX 2,GEX,373103.07,8003.320049469366,9270.225963668589
2026-10-08 07:12:53,7825.0,7875.75,Call GEX 3,GEX,370029.246,8003.320049469366,9270.225963668589
2026-10-08 07:12:53,7850.0,7901.0,Put CEX 3,CEX,-344612.197,8003.320049469366,9270.225963668589
2026-10-08 07:12:53,7850.0,7901.0,Call GEX 1,GEX,386650.904,8003.320049469366,9270.225963668589
2026-10-08 07:12:53,7850.0,7901.0,Put VEX 3,VEX,-303166.456,8003.320049469366,9270.225963668589
2026-10-08 07:12:53,7870.0,7921.0,Call GEX 5,GEX,272446.89,8003.320049469366,9270.225963668589
2026-10-08 07:12:53,7870.0,7921.0,Put VEX 5,VEX,-204962.735,8003.320049469366,9270.225963668589
2026-10-08 07:12:53,7900.0,7951.25,Put CEX 2,CEX,-404529.344,8003.320049469366,9270.225963668589
2026-10-08 07:12:53,7900.0,7951.25,Call GEX 4,GEX,367145.507,8003.320049469366,9270.225963668589
2026-10-08 07:12:53,7900.0,7951.25,Put VEX 2,VEX,-427446.564,8003.320049469366,9270.225963668589
2026-10-08 07:12:53,7950.0,8001.5,Put CEX 5,CEX,-226422.662,8003.320049469366,9270.225963668589
2026-10-08 07:12:53,7950.0,8001.5,Put VEX 4,VEX,-262357.086,8003.320049469366,9270.225963668589
2026-10-08 07:12:53,8000.0,8052.0,Put CEX 1,CEX,-3519696.865,8003.320049469366,9270.225963668589
2026-10-08 07:12:53,8000.0,8052.0,Put DEX 1,DEX,-1317.466,8003.320049469366,9270.225963668589
2026-10-08 07:12:53,8000.0,8052.0,Put GEX 1,GEX,-450750.877,8003.320049469366,9270.225963668589
2026-10-08 07:12:53,8000.0,8052.0,Put VEX 1,VEX,-4443862.027,8003.320049469366,9270.225963668589
2026-10-08 07:12:53,8250.0,8303.5,Put DEX 2,DEX,-25.338,8003.320049469366,9270.225963668589
2026-10-08 07:13:41,7000.0,7045.25,Call CEX 2,CEX,411717.074,8003.219913657141,9267.287178809447
2026-10-08 07:13:41,7000.0,7045.25,Put DEX 4,DEX,-10.92,8003.219913657141,9267.287178809447
2026-10-08 07:13:41,7000.0,7045.25,Call VEX 2,VEX,589253.678,8003.219913657141,9267.287178809447
2026-10-08 07:13:41,7400.0,7447.75,Put DEX 5,DEX,-5.476,8003.219913657141,9267.287178809447
2026-10-08 07:13:41,7500.0,7548.5,Call CEX 5,CEX,302187.16,8003.219913657141,9267.287178809447
2026-10-08 07:13:41,7500.0,7548.5,Put DEX 3,DEX,-16.323,8003.219913657141,9267.287178809447
2026-10-08 07:13:41,7500.0,7548.5,Put GEX 3,GEX,-146401.99,8003.219913657141,9267.287178809447
2026-10-08 07:13:41,7600.0,7649.0,Call CEX 4,CEX,385136.966,8003.219913657141,9267.287178809447
2026-10-08 07:13:41,7600.0,7649.0,Call DEX 2,DEX,81.261,8003.219913657141,9267.287178809447
2026-10-08 07:13:41,7600.0,7649.0,Put GEX 4,GEX,-141285.263,8003.219913657141,9267.287178809447
2026-10-08 07:13:41,7600.0,7649.0,Call VEX 3,VEX,561697.187,8003.219913657141,9267.287178809447
2026-10-08 07:13:41,7630.0,7679.25,Call DEX 5,DEX,46.631,8003.219913657141,9267.287178809447
2026-10-08 07:13:41,7650.0,7699.5,Call CEX 3,CEX,386115.934,8003.219913657141,9267.287178809447
2026-10-08 07:13:41,7650.0,7699.5,Put GEX 2,GEX,-190916.217,8003.219913657141,9267.287178809447
2026-10-08 07:13:41,7650.0,7699.5,Call VEX 4,VEX,527601.283,8003.219913657141,9267.287178809447
2026-10-08 07:13:41,7700.0,7749.75,Call CEX 1,CEX,461523.843,8003.219913657141,9267.287178809447
2026-10-08 07:13:41,7700.0,7749.75,Call DEX 1,DEX,90.88,8003.219913657141,9267.287178809447
2026-10-08 07:13:41,7700.0,7749.75,Put GEX 5,GEX,-107390.173,8003.219913657141,9267.287178809447
2026-10-08 07:13:41,7700.0,7749.75,Call VEX 1,VEX,761932.322,8003.219913657141,9267.287178809447
2026-10-08 07:13:41,7750.0,7800.0,Call DEX 3,DEX,78.594,8003.219913657141,9267.287178809447
2026-10-08 07:13:41,7750.0,7800.0,Call VEX 5,VEX,483753.607,8003.219913657141,9267.287178809447
2026-10-08 07:13:41,7800.0,7850.5,Put CEX 4,CEX,-291505.399,8003.219913657141,9267.287178809447
2026-10-08 07:13:41,7800.0,7850.5,Call DEX 4,DEX,52.772,8003.219913657141,9267.287178809447
2026-10-08 07:13:41,7800.0,7850.5,Call GEX 4,GEX,367349.373,8003.219913657141,9267.287178809447
2026-10-08 07:13:41,7825.0,7875.5,Call GEX 2,GEX,370684.82,8003.219913657141,9267.287178809447
2026-10-08 07:13:41,7850.0,7900.75,Put CEX 3,CEX,-343033.347,8003.219913657141,9267.287178809447
2026-10-08 07:13:41,7850.0,7900.75,Call GEX 1,GEX,387666.057,8003.219913657141,9267.287178809447
2026-10-08 07:13:41,7850.0,7900.75,Put VEX 3,VEX,-300626.884,8003.219913657141,9267.287178809447
2026-10-08 07:13:41,7870.0,7920.75,Call GEX 5,GEX,273767.592,8003.219913657141,9267.287178809447
2026-10-08 07:13:41,7870.0,7920.75,Put VEX 5,VEX,-204099.526,8003.219913657141,9267.287178809447
2026-10-08 07:13:41,7900.0,7951.0,Put CEX 2,CEX,-405625.857,8003.219913657141,9267.287178809447
2026-10-08 07:13:41,7900.0,7951.0,Call GEX 3,GEX,369842.968,8003.219913657141,9267.287178809447
2026-10-08 07:13:41,7900.0,7951.0,Put VEX 2,VEX,-427829.413,8003.219913657141,9267.287178809447
2026-10-08 07:13:41,7950.0,8001.5,Put CEX 5,CEX,-228609.307,8003.219913657141,9267.287178809447
2026-10-08 07:13:41,7950.0,8001.5,Put VEX 4,VEX,-264459.473,8003.219913657141,9267.287178809447
2026-10-08 07:13:41,8000.0,8051.75,Put CEX 1,CEX,-3511761.738,8003.219913657141,9267.287178809447
2026-10-08 07:13:41,8000.0,8051.75,Put DEX 1,DEX,-1321.432,8003.219913657141,9267.287178809447
2026-10-08 07:13:41,8000.0,8051.75,Put GEX 1,GEX,-431119.846,8003.219913657141,9267.287178809447
2026-10-08 07:13:41,8000.0,8051.75,Put VEX 1,VEX,-4432322.113,8003.219913657141,9267.287178809447
2026-10-08 07:13:41,8250.0,8303.25,Put DEX 2,DEX,-25.385,8003.219913657141,9267.287178809447
2026-10-08 07:14:30,7000.0,7044.75,Call CEX 2,CEX,411765.497,8003.328240287974,9268.704754174178
2026-10-08 07:14:30,7000.0,7044.75,Put DEX 4,DEX,-10.921,8003.328240287974,9268.704754174178
2026-10-08 07:14:30,7000.0,7044.75,Call VEX 2,VEX,589277.151,8003.328240287974,9268.704754174178
2026-10-08 07:14:30,7400.0,7447.25,Put DEX 5,DEX,-5.479,8003.328240287974,9268.704754174178
2026-10-08 07:14:30,7500.0,7547.75,Call CEX 5,CEX,303768.516,8003.328240287974,9268.704754174178
2026-10-08 07:14:30,7500.0,7547.75,Put DEX 3,DEX,-16.483,8003.328240287974,9268.704754174178
2026-10-08 07:14:30,7500.0,7547.75,Put GEX 3,GEX,-147184.699,8003.328240287974,9268.704754174178
2026-10-08 07:14:30,7600.0,7648.5,Call CEX 4,CEX,380229.141,8003.328240287974,9268.704754174178
2026-10-08 07:14:30,7600.0,7648.5,Call DEX 3,DEX,78.086,8003.328240287974,9268.704754174178
2026-10-08 07:14:30,7600.0,7648.5,Put GEX 4,GEX,-145359.957,8003.328240287974,9268.704754174178
2026-10-08 07:14:30,7600.0,7648.5,Call VEX 3,VEX,554169.74,8003.328240287974,9268.704754174178
2026-10-08 07:14:30,7630.0,7678.75,Call DEX 5,DEX,46.841,8003.328240287974,9268.704754174178
2026-10-08 07:14:30,7650.0,7698.75,Call CEX 3,CEX,386400.688,8003.328240287974,9268.704754174178
2026-10-08 07:14:30,7650.0,7698.75,Put GEX 2,GEX,-191909.06,8003.328240287974,9268.704754174178
2026-10-08 07:14:30,7650.0,7698.75,Call VEX 4,VEX,527299.172,8003.328240287974,9268.704754174178
2026-10-08 07:14:30,7700.0,7749.0,Call CEX 1,CEX,460336.936,8003.328240287974,9268.704754174178
2026-10-08 07:14:30,7700.0,7749.0,Call DEX 1,DEX,91.244,8003.328240287974,9268.704754174178
2026-10-08 07:14:30,7700.0,7749.0,Put GEX 5,GEX,-106481.382,8003.328240287974,9268.704754174178
2026-10-08 07:14:30,7700.0,7749.0,Call VEX 1,VEX,761075.485,8003.328240287974,9268.704754174178
2026-10-08 07:14:30,7750.0,7799.5,Call DEX 2,DEX,78.804,8003.328240287974,9268.704754174178
2026-10-08 07:14:30,7750.0,7799.5,Call VEX 5,VEX,484994.614,8003.328240287974,9268.704754174178
2026-10-08 07:14:30,7800.0,7849.75,Put CEX 4,CEX,-293194.079,8003.328240287974,9268.704754174178
2026-10-08 07:14:30,7800.0,7849.75,Call DEX 4,DEX,52.614,8003.328240287974,9268.704754174178
2026-10-08 07:14:30,7800.0,7849.75,Call GEX 2,GEX,383290.886,8003.328240287974,9268.704754174178
2026-10-08 07:14:30,7825.0,7875.0,Call GEX 3,GEX,374185.126,8003.328240287974,9268.704754174178
2026-10-08 07:14:30,7850.0,7900.0,Put CEX 3,CEX,-344026.34,8003.328240287974,9268.704754174178
2026-10-08 07:14:30,7850.0,7900.0,Call GEX 1,GEX,390866.166,8003.328240287974,9268.704754174178
2026-10-08 07:14:30,7850.0,7900.0,Put VEX 3,VEX,-301623.166,8003.328240287974,9268.704754174178
2026-10-08 07:14:30,7870.0,7920.25,Call GEX 5,GEX,274321.07,8003.328240287974,9268.704754174178
2026-10-08 07:14:30,7870.0,7920.25,Put VEX 5,VEX,-204653.738,8003.328240287974,9268.704754174178
2026-10-08 07:14:30,7900.0,7950.25,Put CEX 2,CEX,-404791.695,8003.328240287974,9268.704754174178
2026-10-08 07:14:30,7900.0,7950.25,Call GEX 4,GEX,369371.963,8003.328240287974,9268.704754174178
2026-10-08 07:14:30,7900.0,7950.25,Put VEX 2,VEX,-427258.585,8003.328240287974,9268.704754174178
2026-10-08 07:14:30,7950.0,8000.75,Put CEX 5,CEX,-227116.303,8003.328240287974,9268.704754174178
2026-10-08 07:14:30,7950.0,8000.75,Put VEX 4,VEX,-263077.649,8003.328240287974,9268.704754174178
2026-10-08 07:14:30,8000.0,8051.0,Put CEX 1,CEX,-3551742.117,8003.328240287974,9268.704754174178
2026-10-08 07:14:30,8000.0,8051.0,Put DEX 1,DEX,-1312.47,8003.328240287974,9268.704754174178
2026-10-08 07:14:30,8000.0,8051.0,Put GEX 1,GEX,-456420.112,8003.328240287974,9268.704754174178
2026-10-08 07:14:30,8000.0,8051.0,Put VEX 1,VEX,-4482885.677,8003.328240287974,9268.704754174178
2026-10-08 07:14:30,8250.0,8302.5,Put DEX 2,DEX,-25.26,8003.328240287974,9268.704754174178
2026-10-08 07:15:18,7000.0,7045.0,Call CEX 2,CEX,412199.379,9490.216508317731,9586.37355784222
2026-10-08 07:15:18,7000.0,7045.0,Put DEX 4,DEX,-10.937,9490.216508317731,9586.37355784222
2026-10-08 07:15:18,7000.0,7045.0,Call VEX 2,VEX,589770.907,9490.216508317731,9586.37355784222
2026-10-08 07:15:18,7400.0,7447.75,Put DEX 5,DEX,-5.505,9490.216508317731,9586.37355784222
2026-10-08 07:15:18,7500.0,7548.25,Call CEX 5,CEX,304229.201,9490.216508317731,9586.37355784222
2026-10-08 07:15:18,7500.0,7548.25,Put DEX 3,DEX,-16.541,9490.216508317731,9586.37355784222
2026-10-08 07:15:18,7500.0,7548.25,Put GEX 3,GEX,-148170.345,9490.216508317731,9586.37355784222
2026-10-08 07:15:18,7600.0,7649.0,Call CEX 4,CEX,390737.175,9490.216508317731,9586.37355784222
2026-10-08 07:15:18,7600.0,7649.0,Call DEX 2,DEX,80.766,9490.216508317731,9586.37355784222
2026-10-08 07:15:18,7600.0,7649.0,Put GEX 4,GEX,-139591.357,9490.216508317731,9586.37355784222
2026-10-08 07:15:18,7600.0,7649.0,Call VEX 3,VEX,570400.1,9490.216508317731,9586.37355784222
2026-10-08 07:15:18,7630.0,7679.25,Call DEX 5,DEX,46.304,9490.216508317731,9586.37355784222
2026-10-08 07:15:18,7650.0,7699.25,Call CEX 3,CEX,390794.131,9490.216508317731,9586.37355784222
2026-10-08 07:15:18,7650.0,7699.25,Put GEX 2,GEX,-190987.502,9490.216508317731,9586.37355784222
2026-10-08 07:15:18,7650.0,7699.25,Call VEX 4,VEX,532819.909,9490.216508317731,9586.37355784222
2026-10-08 07:15:18,7700.0,7749.5,Call CEX 1,CEX,456702.103,9490.216508317731,9586.37355784222
2026-10-08 07:15:18,7700.0,7749.5,Call DEX 1,DEX,89.042,9490.216508317731,9586.37355784222
2026-10-08 07:15:18,7700.0,7749.5,Put GEX 5,GEX,-108445.355,9490.216508317731,9586.37355784222
2026-10-08 07:15:18,7700.0,7749.5,Call VEX 1,VEX,756325.6,9490.216508317731,9586.37355784222
2026-10-08 07:15:18,7750.0,7800.0,Call DEX 3,DEX,76.582,9490.216508317731,9586.37355784222
2026-10-08 07:15:18,7750.0,7800.0,Call VEX 5,VEX,470877.888,9490.216508317731,9586.37355784222
2026-10-08 07:15:18,7800.0,7850.25,Put CEX 4,CEX,-312728.053,9490.216508317731,9586.37355784222
2026-10-08 07:15:18,7800.0,7850.25,Call DEX 4,DEX,49.592,9490.216508317731,9586.37355784222
2026-10-08 07:15:18,7800.0,7850.25,Call GEX 3,GEX,368665.013,9490.216508317731,9586.37355784222
2026-10-08 07:15:18,7825.0,7875.5,Call GEX 2,GEX,369108.845,9490.216508317731,9586.37355784222
2026-10-08 07:15:18,7850.0,7900.5,Put CEX 3,CEX,-347335.892,9490.216508317731,9586.37355784222
2026-10-08 07:15:18,7850.0,7900.5,Call GEX 1,GEX,384377.734,9490.216508317731,9586.37355784222
2026-10-08 07:15:18,7850.0,7900.5,Put VEX 3,VEX,-306931.849,9490.216508317731,9586.37355784222
2026-10-08 07:15:18,7870.0,7920.75,Call GEX 5,GEX,270530.386,9490.216508317731,9586.37355784222
2026-10-08 07:15:18,7870.0,7920.75,Put VEX 5,VEX,-205977.457,9490.216508317731,9586.37355784222
2026-10-08 07:15:18,7900.0,7950.75,Put CEX 2,CEX,-403465.219,9490.216508317731,9586.37355784222
2026-10-08 07:15:18,7900.0,7950.75,Call GEX 4,GEX,363481.812,9490.216508317731,9586.37355784222
2026-10-08 07:15:18,7900.0,7950.75,Put VEX 2,VEX,-427168.483,9490.216508317731,9586.37355784222
2026-10-08 07:15:18,7950.0,8001.25,Put CEX 5,CEX,-225435.594,9490.216508317731,9586.37355784222
2026-10-08 07:15:18,7950.0,8001.25,Put VEX 4,VEX,-261393.005,9490.216508317731,9586.37355784222
2026-10-08 07:15:18,8000.0,8051.5,Put CEX 1,CEX,-3493457.95,9490.216508317731,9586.37355784222
2026-10-08 07:15:18,8000.0,8051.5,Put DEX 1,DEX,-1322.328,9490.216508317731,9586.37355784222
2026-10-08 07:15:18,8000.0,8051.5,Put GEX 1,GEX,-436608.729,9490.216508317731,9586.37355784222
2026-10-08 07:15:18,8000.0,8051.5,Put VEX 1,VEX,-4411288.672,9490.216508317731,9586.37355784222
2026-10-08 07:15:18,8250.0,8303.0,Put DEX 2,DEX,-25.368,9490.216508317731,9586.37355784222
2026-10-08 07:16:08,7000.0,7045.5,Call CEX 2,CEX,412123.252,9498.682220055804,9512.219451371571
2026-10-08 07:16:08,7000.0,7045.5,Put DEX 4,DEX,-10.932,9498.682220055804,9512.219451371571
2026-10-08 07:16:08,7000.0,7045.5,Call VEX 2,VEX,589641.942,9498.682220055804,9512.219451371571
2026-10-08 07:16:08,7400.0,7448.0,Put DEX 5,DEX,-5.534,9498.682220055804,9512.219451371571
2026-10-08 07:16:08,7500.0,7548.75,Call CEX 5,CEX,304259.972,9498.682220055804,9512.219451371571
2026-10-08 07:16:08,7500.0,7548.75,Put DEX 3,DEX,-16.532,9498.682220055804,9512.219451371571
2026-10-08 07:16:08,7500.0,7548.75,Put GEX 3,GEX,-147951.21,9498.682220055804,9512.219451371571
2026-10-08 07:16:08,7600.0,7649.25,Call CEX 3,CEX,390021.562,9498.682220055804,9512.219451371571
2026-10-08 07:16:08,7600.0,7649.25,Call DEX 2,DEX,80.878,9498.682220055804,9512.219451371571
2026-10-08 07:16:08,7600.0,7649.25,Put GEX 4,GEX,-139854.633,9498.682220055804,9512.219451371571
2026-10-08 07:16:08,7600.0,7649.25,Call VEX 3,VEX,569187.456,9498.682220055804,9512.219451371571
2026-10-08 07:16:08,7630.0,7679.5,Call DEX 5,DEX,46.408,9498.682220055804,9512.219451371571
2026-10-08 07:16:08,7650.0,7699.5,Call CEX 4,CEX,389562.074,9498.682220055804,9512.219451371571
2026-10-08 07:16:08,7650.0,7699.5,Put GEX 2,GEX,-191571.603,9498.682220055804,9512.219451371571
2026-10-08 07:16:08,7650.0,7699.5,Call VEX 4,VEX,531133.485,9498.682220055804,9512.219451371571
2026-10-08 07:16:08,7700.0,7750.0,Call CEX 1,CEX,457961.256,9498.682220055804,9512.219451371571
2026-10-08 07:16:08,7700.0,7750.0,Call DEX 1,DEX,89.806,9498.682220055804,9512.219451371571
2026-10-08 07:16:08,7700.0,7750.0,Put GEX 5,GEX,-107110.501,9498.682220055804,9512.219451371571
2026-10-08 07:16:08,7700.0,7750.0,Call VEX 1,VEX,758048.904,9498.682220055804,9512.219451371571
2026-10-08 07:16:08,7750.0,7800.25,Call DEX 3,DEX,77.199,9498.682220055804,9512.219451371571
2026-10-08 07:16:08,7750.0,7800.25,Call VEX 5,VEX,474798.265,9498.682220055804,9512.219451371571
2026-10-08 07:16:08,7800.0,7850.5,Put CEX 4,CEX,-307470.749,9498.682220055804,9512.219451371571
2026-10-08 07:16:08,7800.0,7850.5,Call DEX 4,DEX,50.384,9498.682220055804,9512.219451371571
2026-10-08 07:16:08,7800.0,7850.5,Call GEX 2,GEX,375953.275,9498.682220055804,9512.219451371571
2026-10-08 07:16:08,7825.0,7875.75,Call GEX 3,GEX,370650.637,9498.682220055804,9512.219451371571
2026-10-08 07:16:08,7850.0,7901.0,Put CEX 3,CEX,-346248.001,9498.682220055804,9512.219451371571
2026-10-08 07:16:08,7850.0,7901.0,Call GEX 1,GEX,386104.36,9498.682220055804,9512.219451371571
2026-10-08 07:16:08,7850.0,7901.0,Put VEX 3,VEX,-305321.438,9498.682220055804,9512.219451371571
2026-10-08 07:16:08,7870.0,7921.0,Call GEX 5,GEX,271359.276,9498.682220055804,9512.219451371571
2026-10-08 07:16:08,7870.0,7921.0,Put VEX 5,VEX,-205519.67,9498.682220055804,9512.219451371571
2026-10-08 07:16:08,7900.0,7951.25,Put CEX 2,CEX,-403792.722,9498.682220055804,9512.219451371571
2026-10-08 07:16:08,7900.0,7951.25,Call GEX 4,GEX,365069.843,9498.682220055804,9512.219451371571
2026-10-08 07:16:08,7900.0,7951.25,Put VEX 2,VEX,-427152.979,9498.682220055804,9512.219451371571
2026-10-08 07:16:08,7950.0,8001.5,Put CEX 5,CEX,-226075.08,9498.682220055804,9512.219451371571
2026-10-08 07:16:08,7950.0,8001.5,Put VEX 4,VEX,-262021.464,9498.682220055804,9512.219451371571
2026-10-08 07:16:08,8000.0,8052.0,Put CEX 1,CEX,-3519255.208,9498.682220055804,9512.219451371571
2026-10-08 07:16:08,8000.0,8052.0,Put DEX 1,DEX,-1320.229,9498.682220055804,9512.219451371571
2026-10-08 07:16:08,8000.0,8052.0,Put GEX 1,GEX,-426012.609,9498.682220055804,9512.219451371571
2026-10-08 07:16:08,8000.0,8052.0,Put VEX 1,VEX,-4442947.705,9498.682220055804,9512.219451371571
2026-10-08 07:16:08,8250.0,8303.5,Put DEX 2,DEX,-25.302,9498.682220055804,9512.219451371571
2026-10-08 07:16:57,7000.0,7045.25,Call CEX 2,CEX,412337.619,9490.403609749164,9584.248284466625
2026-10-08 07:16:57,7000.0,7045.25,Put DEX 4,DEX,-10.94,9490.403609749164,9584.248284466625
2026-10-08 07:16:57,7000.0,7045.25,Call VEX 2,VEX,589867.776,9490.403609749164,9584.248284466625
2026-10-08 07:16:57,7400.0,7448.0,Put DEX 5,DEX,-5.574,9490.403609749164,9584.248284466625
2026-10-08 07:16:57,7500.0,7548.5,Call CEX 5,CEX,305483.076,9490.403609749164,9584.248284466625
2026-10-08 07:16:57,7500.0,7548.5,Put DEX 3,DEX,-16.678,9490.403609749164,9584.248284466625
2026-10-08 07:16:57,7500.0,7548.5,Put GEX 3,GEX,-148933.74,9490.403609749164,9584.248284466625
2026-10-08 07:16:57,7600.0,7649.25,Call CEX 4,CEX,388563.029,9490.403609749164,9584.248284466625
2026-10-08 07:16:57,7600.0,7649.25,Call DEX 2,DEX,80.592,9490.403609749164,9584.248284466625
2026-10-08 07:16:57,7600.0,7649.25,Put GEX 4,GEX,-142216.462,9490.403609749164,9584.248284466625
2026-10-08 07:16:57,7600.0,7649.25,Call VEX 3,VEX,566908.972,9490.403609749164,9584.248284466625
2026-10-08 07:16:57,7630.0,7679.5,Call DEX 5,DEX,46.515,9490.403609749164,9584.248284466625
2026-10-08 07:16:57,7650.0,7699.5,Call CEX 3,CEX,388831.372,9490.403609749164,9584.248284466625
2026-10-08 07:16:57,7650.0,7699.5,Put GEX 2,GEX,-193126.378,9490.403609749164,9584.248284466625
2026-10-08 07:16:57,7650.0,7699.5,Call VEX 4,VEX,530594.963,9490.403609749164,9584.248284466625
2026-10-08 07:16:57,7700.0,7749.75,Call CEX 1,CEX,456255.272,9490.403609749164,9584.248284466625
2026-10-08 07:16:57,7700.0,7749.75,Call DEX 1,DEX,89.193,9490.403609749164,9584.248284466625
2026-10-08 07:16:57,7700.0,7749.75,Put GEX 5,GEX,-107331.94,9490.403609749164,9584.248284466625
2026-10-08 07:16:57,7700.0,7749.75,Call VEX 1,VEX,756253.498,9490.403609749164,9584.248284466625
2026-10-08 07:16:57,7750.0,7800.25,Call DEX 3,DEX,76.288,9490.403609749164,9584.248284466625
2026-10-08 07:16:57,7750.0,7800.25,Call VEX 5,VEX,468961.105,9490.403609749164,9584.248284466625
2026-10-08 07:16:57,7800.0,7850.5,Put CEX 4,CEX,-316584.287,9490.403609749164,9584.248284466625
2026-10-08 07:16:57,7800.0,7850.5,Call DEX 4,DEX,49.0,9490.403609749164,9584.248284466625
2026-10-08 07:16:57,7800.0,7850.5,Call GEX 2,GEX,374750.285,9490.403609749164,9584.248284466625
2026-10-08 07:16:57,7825.0,7875.75,Call GEX 3,GEX,369467.676,9490.403609749164,9584.248284466625
2026-10-08 07:16:57,7850.0,7900.75,Put CEX 3,CEX,-348079.824,9490.403609749164,9584.248284466625
2026-10-08 07:16:57,7850.0,7900.75,Call GEX 1,GEX,384603.175,9490.403609749164,9584.248284466625
2026-10-08 07:16:57,7850.0,7900.75,Put VEX 3,VEX,-308024.043,9490.403609749164,9584.248284466625
2026-10-08 07:16:57,7870.0,7921.0,Call GEX 5,GEX,269829.008,9490.403609749164,9584.248284466625
2026-10-08 07:16:57,7870.0,7921.0,Put VEX 5,VEX,-206218.165,9490.403609749164,9584.248284466625
2026-10-08 07:16:57,7900.0,7951.25,Put CEX 2,CEX,-402972.818,9490.403609749164,9584.248284466625
2026-10-08 07:16:57,7900.0,7951.25,Call GEX 4,GEX,362380.952,9490.403609749164,9584.248284466625
2026-10-08 07:16:57,7900.0,7951.25,Put VEX 2,VEX,-426886.538,9490.403609749164,9584.248284466625
2026-10-08 07:16:57,7950.0,8001.5,Put CEX 5,CEX,-225429.649,9490.403609749164,9584.248284466625
2026-10-08 07:16:57,7950.0,8001.5,Put VEX 4,VEX,-261410.049,9490.403609749164,9584.248284466625
2026-10-08 07:16:57,8000.0,8051.75,Put CEX 1,CEX,-3522029.716,9490.403609749164,9584.248284466625
2026-10-08 07:16:57,8000.0,8051.75,Put DEX 1,DEX,-1318.954,9490.403609749164,9584.248284466625
2026-10-08 07:16:57,8000.0,8051.75,Put GEX 1,GEX,-429744.353,9490.403609749164,9584.248284466625
2026-10-08 07:16:57,8000.0,8051.75,Put VEX 1,VEX,-4447364.04,9490.403609749164,9584.248284466625
2026-10-08 07:16:57,8250.0,8303.5,Put DEX 2,DEX,-25.315,9490.403609749164,9584.248284466625
2026-10-08 07:17:46,7000.0,7045.0,Call CEX 2,CEX,412505.452,8003.314499862849,9273.576279671664
2026-10-08 07:17:46,7000.0,7045.0,Put DEX 4,DEX,-10.945,8003.314499862849,9273.576279671664
2026-10-08 07:17:46,7000.0,7045.0,Call VEX 2,VEX,590037.433,8003.314499862849,9273.576279671664
2026-10-08 07:17:46,7400.0,7447.75,Put DEX 5,DEX,-5.579,8003.314499862849,9273.576279671664
2026-10-08 07:17:46,7500.0,7548.25,Call CEX 5,CEX,305781.928,8003.314499862849,9273.576279671664
2026-10-08 07:17:46,7500.0,7548.25,Put DEX 3,DEX,-16.706,8003.314499862849,9273.576279671664
2026-10-08 07:17:46,7500.0,7548.25,Put GEX 3,GEX,-149322.918,8003.314499862849,9273.576279671664
2026-10-08 07:17:46,7600.0,7649.0,Call CEX 4,CEX,387540.666,8003.314499862849,9273.576279671664
2026-10-08 07:17:46,7600.0,7649.0,Call DEX 2,DEX,80.992,8003.314499862849,9273.576279671664
2026-10-08 07:17:46,7600.0,7649.0,Put GEX 4,GEX,-144478.267,8003.314499862849,9273.576279671664
2026-10-08 07:17:46,7600.0,7649.0,Call VEX 3,VEX,565076.26,8003.314499862849,9273.576279671664
2026-10-08 07:17:46,7630.0,7679.25,Call DEX 5,DEX,46.602,8003.314499862849,9273.576279671664
2026-10-08 07:17:46,7650.0,7699.25,Call CEX 3,CEX,391307.049,8003.314499862849,9273.576279671664
2026-10-08 07:17:46,7650.0,7699.25,Put GEX 2,GEX,-192884.802,8003.314499862849,9273.576279671664
2026-10-08 07:17:46,7650.0,7699.25,Call VEX 4,VEX,532932.492,8003.314499862849,9273.576279671664
2026-10-08 07:17:46,7700.0,7749.75,Call CEX 1,CEX,454466.966,8003.314499862849,9273.576279671664
2026-10-08 07:17:46,7700.0,7749.75,Call DEX 1,DEX,88.868,8003.314499862849,9273.576279671664
2026-10-08 07:17:46,7700.0,7749.75,Put GEX 5,GEX,-106792.899,8003.314499862849,9273.576279671664
2026-10-08 07:17:46,7700.0,7749.75,Call VEX 1,VEX,754473.824,8003.314499862849,9273.576279671664
2026-10-08 07:17:46,7750.0,7800.0,Call DEX 3,DEX,75.739,8003.314499862849,9273.576279671664
2026-10-08 07:17:46,7750.0,7800.0,Call VEX 5,VEX,465408.464,8003.314499862849,9273.576279671664
2026-10-08 07:17:46,7800.0,7850.25,Put CEX 4,CEX,-323481.59,8003.314499862849,9273.576279671664
2026-10-08 07:17:46,7800.0,7850.25,Call DEX 4,DEX,47.962,8003.314499862849,9273.576279671664
2026-10-08 07:17:46,7800.0,7850.25,Call GEX 2,GEX,381604.354,8003.314499862849,9273.576279671664
2026-10-08 07:17:46,7825.0,7875.5,Call GEX 3,GEX,370212.76,8003.314499862849,9273.576279671664
2026-10-08 07:17:46,7850.0,7900.5,Put CEX 3,CEX,-349686.678,8003.314499862849,9273.576279671664
2026-10-08 07:17:46,7850.0,7900.5,Call GEX 1,GEX,384804.703,8003.314499862849,9273.576279671664
2026-10-08 07:17:46,7850.0,7900.5,Put VEX 3,VEX,-310282.594,8003.314499862849,9273.576279671664
2026-10-08 07:17:46,7870.0,7920.75,Call GEX 5,GEX,268980.419,8003.314499862849,9273.576279671664
2026-10-08 07:17:46,7870.0,7920.75,Put VEX 5,VEX,-206933.054,8003.314499862849,9273.576279671664
2026-10-08 07:17:46,7900.0,7951.0,Put CEX 2,CEX,-402241.298,8003.314499862849,9273.576279671664
2026-10-08 07:17:46,7900.0,7951.0,Call GEX 4,GEX,360429.714,8003.314499862849,9273.576279671664
2026-10-08 07:17:46,7900.0,7951.0,Put VEX 2,VEX,-426619.737,8003.314499862849,9273.576279671664
2026-10-08 07:17:46,7950.0,8001.25,Put CEX 5,CEX,-224587.519,8003.314499862849,9273.576279671664
2026-10-08 07:17:46,7950.0,8001.25,Put VEX 4,VEX,-260480.18,8003.314499862849,9273.576279671664
2026-10-08 07:17:46,8000.0,8051.5,Put CEX 1,CEX,-3531759.736,8003.314499862849,9273.576279671664
2026-10-08 07:17:46,8000.0,8051.5,Put DEX 1,DEX,-1314.763,8003.314499862849,9273.576279671664
2026-10-08 07:17:46,8000.0,8051.5,Put GEX 1,GEX,-449463.541,8003.314499862849,9273.576279671664
2026-10-08 07:17:46,8000.0,8051.5,Put VEX 1,VEX,-4460324.206,8003.314499862849,9273.576279671664
2026-10-08 07:17:46,8250.0,8303.25,Put DEX 2,DEX,-25.257,8003.314499862849,9273.576279671664
2026-10-08 07:18:30,7000.0,7045.75,Call CEX 2,CEX,412505.452,8003.314499862849,9273.576279671664
2026-10-08 07:18:30,7000.0,7045.75,Put DEX 4,DEX,-10.945,8003.314499862849,9273.576279671664
2026-10-08 07:18:30,7000.0,7045.75,Call VEX 2,VEX,590037.433,8003.314499862849,9273.576279671664
2026-10-08 07:18:30,7400.0,7448.25,Put DEX 5,DEX,-5.579,8003.314499862849,9273.576279671664
2026-10-08 07:18:30,7500.0,7549.0,Call CEX 5,CEX,305781.928,8003.314499862849,9273.576279671664
2026-10-08 07:18:30,7500.0,7549.0,Put DEX 3,DEX,-16.706,8003.314499862849,9273.576279671664
2026-10-08 07:18:30,7500.0,7549.0,Put GEX 3,GEX,-149322.918,8003.314499862849,9273.576279671664
2026-10-08 07:18:30,7600.0,7649.5,Call CEX 4,CEX,387540.666,8003.314499862849,9273.576279671664
2026-10-08 07:18:30,7600.0,7649.5,Call DEX 2,DEX,80.992,8003.314499862849,9273.576279671664
2026-10-08 07:18:30,7600.0,7649.5,Put GEX 4,GEX,-144478.267,8003.314499862849,9273.576279671664
2026-10-08 07:18:30,7600.0,7649.5,Call VEX 3,VEX,565076.26,8003.314499862849,9273.576279671664
2026-10-08 07:18:30,7630.0,7679.75,Call DEX 5,DEX,46.602,8003.314499862849,9273.576279671664
2026-10-08 07:18:30,7650.0,7700.0,Call CEX 3,CEX,391307.049,8003.314499862849,9273.576279671664
2026-10-08 07:18:30,7650.0,7700.0,Put GEX 2,GEX,-192884.802,8003.314499862849,9273.576279671664
2026-10-08 07:18:30,7650.0,7700.0,Call VEX 4,VEX,532932.492,8003.314499862849,9273.576279671664
2026-10-08 07:18:30,7700.0,7750.25,Call CEX 1,CEX,454466.966,8003.314499862849,9273.576279671664
2026-10-08 07:18:30,7700.0,7750.25,Call DEX 1,DEX,88.868,8003.314499862849,9273.576279671664
2026-10-08 07:18:30,7700.0,7750.25,Put GEX 5,GEX,-106792.899,8003.314499862849,9273.576279671664
2026-10-08 07:18:30,7700.0,7750.25,Call VEX 1,VEX,754473.824,8003.314499862849,9273.576279671664
2026-10-08 07:18:30,7750.0,7800.5,Call DEX 3,DEX,75.739,8003.314499862849,9273.576279671664
2026-10-08 07:18:30,7750.0,7800.5,Call VEX 5,VEX,465408.464,8003.314499862849,9273.576279671664
2026-10-08 07:18:30,7800.0,7851.0,Put CEX 4,CEX,-323481.59,8003.314499862849,9273.576279671664
2026-10-08 07:18:30,7800.0,7851.0,Call DEX 4,DEX,47.962,8003.314499862849,9273.576279671664
2026-10-08 07:18:30,7800.0,7851.0,Call GEX 2,GEX,381604.354,8003.314499862849,9273.576279671664
2026-10-08 07:18:30,7825.0,7876.0,Call GEX 3,GEX,370212.76,8003.314499862849,9273.576279671664
2026-10-08 07:18:30,7850.0,7901.25,Put CEX 3,CEX,-349686.678,8003.314499862849,9273.576279671664
2026-10-08 07:18:30,7850.0,7901.25,Call GEX 1,GEX,384804.703,8003.314499862849,9273.576279671664
2026-10-08 07:18:30,7850.0,7901.25,Put VEX 3,VEX,-310282.594,8003.314499862849,9273.576279671664
2026-10-08 07:18:30,7870.0,7921.5,Call GEX 5,GEX,268980.419,8003.314499862849,9273.576279671664
2026-10-08 07:18:30,7870.0,7921.5,Put VEX 5,VEX,-206933.054,8003.314499862849,9273.576279671664
2026-10-08 07:18:30,7900.0,7951.5,Put CEX 2,CEX,-402241.298,8003.314499862849,9273.576279671664
2026-10-08 07:18:30,7900.0,7951.5,Call GEX 4,GEX,360429.714,8003.314499862849,9273.576279671664
2026-10-08 07:18:30,7900.0,7951.5,Put VEX 2,VEX,-426619.737,8003.314499862849,9273.576279671664
2026-10-08 07:18:30,7950.0,8002.0,Put CEX 5,CEX,-224587.519,8003.314499862849,9273.576279671664
2026-10-08 07:18:30,7950.0,8002.0,Put VEX 4,VEX,-260480.18,8003.314499862849,9273.576279671664
2026-10-08 07:18:30,8000.0,8052.25,Put CEX 1,CEX,-3531759.736,8003.314499862849,9273.576279671664
2026-10-08 07:18:30,8000.0,8052.25,Put DEX 1,DEX,-1314.763,8003.314499862849,9273.576279671664
2026-10-08 07:18:30,8000.0,8052.25,Put GEX 1,GEX,-449463.541,8003.314499862849,9273.576279671664
2026-10-08 07:18:30,8000.0,8052.25,Put VEX 1,VEX,-4460324.206,8003.314499862849,9273.576279671664
2026-10-08 07:18:30,8250.0,8303.75,Put DEX 2,DEX,-25.257,8003.314499862849,9273.576279671664
2026-10-08 07:19:19,7000.0,7045.5,Call CEX 2,CEX,412211.299,8003.154915673605,9273.429760626776
2026-10-08 07:19:19,7000.0,7045.5,Put DEX 4,DEX,-10.931,8003.154915673605,9273.429760626776
2026-10-08 07:19:19,7000.0,7045.5,Call VEX 2,VEX,589610.086,8003.154915673605,9273.429760626776
2026-10-08 07:19:19,7400.0,7448.25,Put DEX 5,DEX,-5.479,8003.154915673605,9273.429760626776
2026-10-08 07:19:19,7500.0,7548.75,Call CEX 5,CEX,303857.27,8003.154915673605,9273.429760626776
2026-10-08 07:19:19,7500.0,7548.75,Put DEX 3,DEX,-16.494,8003.154915673605,9273.429760626776
2026-10-08 07:19:19,7500.0,7548.75,Put GEX 3,GEX,-147705.064,8003.154915673605,9273.429760626776
2026-10-08 07:19:19,7600.0,7649.5,Call CEX 3,CEX,389269.52,8003.154915673605,9273.429760626776
2026-10-08 07:19:19,7600.0,7649.5,Call DEX 2,DEX,81.101,8003.154915673605,9273.429760626776
2026-10-08 07:19:19,7600.0,7649.5,Put GEX 4,GEX,-139407.757,8003.154915673605,9273.429760626776
2026-10-08 07:19:19,7600.0,7649.5,Call VEX 3,VEX,567900.392,8003.154915673605,9273.429760626776
2026-10-08 07:19:19,7630.0,7679.75,Call DEX 5,DEX,46.41,8003.154915673605,9273.429760626776
2026-10-08 07:19:19,7650.0,7699.75,Call CEX 4,CEX,388182.254,8003.154915673605,9273.429760626776
2026-10-08 07:19:19,7650.0,7699.75,Put GEX 2,GEX,-191455.004,8003.154915673605,9273.429760626776
2026-10-08 07:19:19,7650.0,7699.75,Call VEX 4,VEX,529802.49,8003.154915673605,9273.429760626776
2026-10-08 07:19:19,7700.0,7750.0,Call CEX 1,CEX,458606.394,8003.154915673605,9273.429760626776
2026-10-08 07:19:19,7700.0,7750.0,Call DEX 1,DEX,89.806,8003.154915673605,9273.429760626776
2026-10-08 07:19:19,7700.0,7750.0,Put GEX 5,GEX,-108152.809,8003.154915673605,9273.429760626776
2026-10-08 07:19:19,7700.0,7750.0,Call VEX 1,VEX,758484.406,8003.154915673605,9273.429760626776
2026-10-08 07:19:19,7750.0,7800.5,Call DEX 3,DEX,77.387,8003.154915673605,9273.429760626776
2026-10-08 07:19:19,7750.0,7800.5,Call VEX 5,VEX,476083.648,8003.154915673605,9273.429760626776
2026-10-08 07:19:19,7800.0,7850.75,Put CEX 4,CEX,-306856.576,8003.154915673605,9273.429760626776
2026-10-08 07:19:19,7800.0,7850.75,Call DEX 4,DEX,50.562,8003.154915673605,9273.429760626776
2026-10-08 07:19:19,7800.0,7850.75,Call GEX 3,GEX,369742.846,8003.154915673605,9273.429760626776
2026-10-08 07:19:19,7825.0,7876.0,Call GEX 2,GEX,370024.0,8003.154915673605,9273.429760626776
2026-10-08 07:19:19,7850.0,7901.0,Put CEX 3,CEX,-346279.926,8003.154915673605,9273.429760626776
2026-10-08 07:19:19,7850.0,7901.0,Call GEX 1,GEX,385600.553,8003.154915673605,9273.429760626776
2026-10-08 07:19:19,7850.0,7901.0,Put VEX 3,VEX,-305104.735,8003.154915673605,9273.429760626776
2026-10-08 07:19:19,7870.0,7921.25,Call GEX 5,GEX,271560.668,8003.154915673605,9273.429760626776
2026-10-08 07:19:19,7870.0,7921.25,Put VEX 5,VEX,-205410.408,8003.154915673605,9273.429760626776
2026-10-08 07:19:19,7900.0,7951.5,Put CEX 2,CEX,-403943.54,8003.154915673605,9273.429760626776
2026-10-08 07:19:19,7900.0,7951.5,Call GEX 4,GEX,365235.478,8003.154915673605,9273.429760626776
2026-10-08 07:19:19,7900.0,7951.5,Put VEX 2,VEX,-427128.245,8003.154915673605,9273.429760626776
2026-10-08 07:19:19,7950.0,8001.75,Put CEX 5,CEX,-226739.475,8003.154915673605,9273.429760626776
2026-10-08 07:19:19,7950.0,8001.75,Put VEX 4,VEX,-262696.09,8003.154915673605,9273.429760626776
2026-10-08 07:19:19,8000.0,8052.0,Put CEX 1,CEX,-3510916.462,8003.154915673605,9273.429760626776
2026-10-08 07:19:19,8000.0,8052.0,Put DEX 1,DEX,-1322.254,8003.154915673605,9273.429760626776
2026-10-08 07:19:19,8000.0,8052.0,Put GEX 1,GEX,-419885.435,8003.154915673605,9273.429760626776
2026-10-08 07:19:19,8000.0,8052.0,Put VEX 1,VEX,-4431137.754,8003.154915673605,9273.429760626776
2026-10-08 07:19:19,8250.0,8303.75,Put DEX 2,DEX,-25.38,8003.154915673605,9273.429760626776
2026-10-08 07:20:08,7000.0,7045.5,Call CEX 2,CEX,412162.003,8003.105682047249,9271.567897628223
2026-10-08 07:20:08,7000.0,7045.5,Put DEX 4,DEX,-10.928,8003.105682047249,9271.567897628223
2026-10-08 07:20:08,7000.0,7045.5,Call VEX 2,VEX,589514.356,8003.105682047249,9271.567897628223
2026-10-08 07:20:08,7400.0,7448.0,Put DEX 5,DEX,-5.474,8003.105682047249,9271.567897628223
2026-10-08 07:20:08,7500.0,7548.75,Call CEX 5,CEX,302458.154,8003.105682047249,9271.567897628223
2026-10-08 07:20:08,7500.0,7548.75,Put DEX 3,DEX,-16.336,8003.105682047249,9271.567897628223
2026-10-08 07:20:08,7500.0,7548.75,Put GEX 3,GEX,-146845.132,8003.105682047249,9271.567897628223
2026-10-08 07:20:08,7600.0,7649.5,Call CEX 4,CEX,388676.986,8003.105682047249,9271.567897628223
2026-10-08 07:20:08,7600.0,7649.5,Call DEX 2,DEX,80.841,8003.105682047249,9271.567897628223
2026-10-08 07:20:08,7600.0,7649.5,Put GEX 4,GEX,-139515.47,8003.105682047249,9271.567897628223
2026-10-08 07:20:08,7600.0,7649.5,Call VEX 3,VEX,566909.534,8003.105682047249,9271.567897628223
2026-10-08 07:20:08,7630.0,7679.5,Call DEX 5,DEX,46.414,8003.105682047249,9271.567897628223
2026-10-08 07:20:08,7650.0,7699.75,Call CEX 3,CEX,389088.105,8003.105682047249,9271.567897628223
2026-10-08 07:20:08,7650.0,7699.75,Put GEX 2,GEX,-190054.046,8003.105682047249,9271.567897628223
2026-10-08 07:20:08,7650.0,7699.75,Call VEX 4,VEX,530651.569,8003.105682047249,9271.567897628223
2026-10-08 07:20:08,7700.0,7750.0,Call CEX 1,CEX,459816.002,8003.105682047249,9271.567897628223
2026-10-08 07:20:08,7700.0,7750.0,Call DEX 1,DEX,90.203,8003.105682047249,9271.567897628223
2026-10-08 07:20:08,7700.0,7750.0,Put GEX 5,GEX,-108298.624,8003.105682047249,9271.567897628223
2026-10-08 07:20:08,7700.0,7750.0,Call VEX 1,VEX,759894.007,8003.105682047249,9271.567897628223
2026-10-08 07:20:08,7750.0,7800.25,Call DEX 3,DEX,77.811,8003.105682047249,9271.567897628223
2026-10-08 07:20:08,7750.0,7800.25,Call VEX 5,VEX,478811.079,8003.105682047249,9271.567897628223
2026-10-08 07:20:08,7800.0,7850.75,Put CEX 4,CEX,-303092.232,8003.105682047249,9271.567897628223
2026-10-08 07:20:08,7800.0,7850.75,Call DEX 4,DEX,51.149,8003.105682047249,9271.567897628223
2026-10-08 07:20:08,7800.0,7850.75,Call GEX 3,GEX,368786.557,8003.105682047249,9271.567897628223
2026-10-08 07:20:08,7825.0,7875.75,Call GEX 2,GEX,370411.828,8003.105682047249,9271.567897628223
2026-10-08 07:20:08,7850.0,7901.0,Put CEX 3,CEX,-345561.297,8003.105682047249,9271.567897628223
2026-10-08 07:20:08,7850.0,7901.0,Call GEX 1,GEX,386060.565,8003.105682047249,9271.567897628223
2026-10-08 07:20:08,7850.0,7901.0,Put VEX 3,VEX,-303979.845,8003.105682047249,9271.567897628223
2026-10-08 07:20:08,7870.0,7921.25,Call GEX 5,GEX,272077.982,8003.105682047249,9271.567897628223
2026-10-08 07:20:08,7870.0,7921.25,Put VEX 5,VEX,-205022.056,8003.105682047249,9271.567897628223
2026-10-08 07:20:08,7900.0,7951.25,Put CEX 2,CEX,-404410.521,8003.105682047249,9271.567897628223
2026-10-08 07:20:08,7900.0,7951.25,Call GEX 4,GEX,366409.857,8003.105682047249,9271.567897628223
2026-10-08 07:20:08,7900.0,7951.25,Put VEX 2,VEX,-427261.765,8003.105682047249,9271.567897628223
2026-10-08 07:20:08,7950.0,8001.75,Put CEX 5,CEX,-227500.31,8003.105682047249,9271.567897628223
2026-10-08 07:20:08,7950.0,8001.75,Put VEX 4,VEX,-263525.395,8003.105682047249,9271.567897628223
2026-10-08 07:20:08,8000.0,8052.0,Put CEX 1,CEX,-3515277.691,8003.105682047249,9271.567897628223
2026-10-08 07:20:08,8000.0,8052.0,Put DEX 1,DEX,-1322.975,8003.105682047249,9271.567897628223
2026-10-08 07:20:08,8000.0,8052.0,Put GEX 1,GEX,-409630.719,8003.105682047249,9271.567897628223
2026-10-08 07:20:08,8000.0,8052.0,Put VEX 1,VEX,-4435884.177,8003.105682047249,9271.567897628223
2026-10-08 07:20:08,8250.0,8303.5,Put DEX 2,DEX,-25.382,8003.105682047249,9271.567897628223
2026-10-08 07:20:58,7000.0,7045.75,Call CEX 2,CEX,412042.717,8003.091189397032,9273.048965121638
2026-10-08 07:20:58,7000.0,7045.75,Put DEX 4,DEX,-10.923,8003.091189397032,9273.048965121638
2026-10-08 07:20:58,7000.0,7045.75,Call VEX 2,VEX,589332.664,8003.091189397032,9273.048965121638
2026-10-08 07:20:58,7400.0,7448.25,Put DEX 5,DEX,-5.466,8003.091189397032,9273.048965121638
2026-10-08 07:20:58,7500.0,7549.0,Call CEX 5,CEX,302303.118,8003.091189397032,9273.048965121638
2026-10-08 07:20:58,7500.0,7549.0,Put DEX 3,DEX,-16.313,8003.091189397032,9273.048965121638
2026-10-08 07:20:58,7500.0,7549.0,Put GEX 3,GEX,-146476.622,8003.091189397032,9273.048965121638
2026-10-08 07:20:58,7600.0,7649.5,Call CEX 3,CEX,388849.187,8003.091189397032,9273.048965121638
2026-10-08 07:20:58,7600.0,7649.5,Call DEX 2,DEX,80.945,8003.091189397032,9273.048965121638
2026-10-08 07:20:58,7600.0,7649.5,Put GEX 4,GEX,-137477.702,8003.091189397032,9273.048965121638
2026-10-08 07:20:58,7600.0,7649.5,Call VEX 3,VEX,567378.515,8003.091189397032,9273.048965121638
2026-10-08 07:20:58,7630.0,7679.75,Call DEX 5,DEX,46.415,8003.091189397032,9273.048965121638
2026-10-08 07:20:58,7650.0,7700.0,Call CEX 4,CEX,386955.955,8003.091189397032,9273.048965121638
2026-10-08 07:20:58,7650.0,7700.0,Put GEX 2,GEX,-190384.847,8003.091189397032,9273.048965121638
2026-10-08 07:20:58,7650.0,7700.0,Call VEX 4,VEX,528391.705,8003.091189397032,9273.048965121638
2026-10-08 07:20:58,7700.0,7750.25,Call CEX 1,CEX,461351.375,8003.091189397032,9273.048965121638
2026-10-08 07:20:58,7700.0,7750.25,Call DEX 1,DEX,90.731,8003.091189397032,9273.048965121638
2026-10-08 07:20:58,7700.0,7750.25,Put GEX 5,GEX,-108558.342,8003.091189397032,9273.048965121638
2026-10-08 07:20:58,7700.0,7750.25,Call VEX 1,VEX,761482.466,8003.091189397032,9273.048965121638
2026-10-08 07:20:58,7750.0,7800.5,Call DEX 3,DEX,78.51,8003.091189397032,9273.048965121638
2026-10-08 07:20:58,7750.0,7800.5,Call VEX 5,VEX,483288.297,8003.091189397032,9273.048965121638
2026-10-08 07:20:58,7800.0,7851.0,Put CEX 4,CEX,-295926.801,8003.091189397032,9273.048965121638
2026-10-08 07:20:58,7800.0,7851.0,Call DEX 4,DEX,52.259,8003.091189397032,9273.048965121638
2026-10-08 07:20:58,7800.0,7851.0,Call GEX 4,GEX,366474.233,8003.091189397032,9273.048965121638
2026-10-08 07:20:58,7825.0,7876.0,Call GEX 2,GEX,370681.502,8003.091189397032,9273.048965121638
2026-10-08 07:20:58,7850.0,7901.25,Put CEX 3,CEX,-344171.097,8003.091189397032,9273.048965121638
2026-10-08 07:20:58,7850.0,7901.25,Call GEX 1,GEX,387051.021,8003.091189397032,9273.048965121638
2026-10-08 07:20:58,7850.0,7901.25,Put VEX 3,VEX,-301834.098,8003.091189397032,9273.048965121638
2026-10-08 07:20:58,7870.0,7921.25,Call GEX 5,GEX,273289.604,8003.091189397032,9273.048965121638
2026-10-08 07:20:58,7870.0,7921.25,Put VEX 5,VEX,-204426.516,8003.091189397032,9273.048965121638
2026-10-08 07:20:58,7900.0,7951.5,Put CEX 2,CEX,-405121.954,8003.091189397032,9273.048965121638
2026-10-08 07:20:58,7900.0,7951.5,Call GEX 3,GEX,368535.382,8003.091189397032,9273.048965121638
2026-10-08 07:20:58,7900.0,7951.5,Put VEX 2,VEX,-427439.797,8003.091189397032,9273.048965121638
2026-10-08 07:20:58,7950.0,8001.75,Put CEX 5,CEX,-228124.744,8003.091189397032,9273.048965121638
2026-10-08 07:20:58,7950.0,8001.75,Put VEX 4,VEX,-264075.265,8003.091189397032,9273.048965121638
2026-10-08 07:20:58,8000.0,8052.25,Put CEX 1,CEX,-3535606.362,8003.091189397032,9273.048965121638
2026-10-08 07:20:58,8000.0,8052.25,Put DEX 1,DEX,-1320.688,8003.091189397032,9273.048965121638
2026-10-08 07:20:58,8000.0,8052.25,Put GEX 1,GEX,-408621.761,8003.091189397032,9273.048965121638
2026-10-08 07:20:58,8000.0,8052.25,Put VEX 1,VEX,-4460396.16,8003.091189397032,9273.048965121638
2026-10-08 07:20:58,8250.0,8303.75,Put DEX 2,DEX,-25.408,8003.091189397032,9273.048965121638
2026-10-08 07:21:45,7000.0,7046.0,Call CEX 2,CEX,412011.545,9487.19885866217,9618.954918032789
2026-10-08 07:21:45,7000.0,7046.0,Put DEX 4,DEX,-10.92,9487.19885866217,9618.954918032789
2026-10-08 07:21:45,7000.0,7046.0,Call VEX 2,VEX,589260.226,9487.19885866217,9618.954918032789
2026-10-08 07:21:45,7400.0,7448.5,Put DEX 5,DEX,-5.465,9487.19885866217,9618.954918032789
2026-10-08 07:21:45,7500.0,7549.25,Call CEX 5,CEX,302265.145,9487.19885866217,9618.954918032789
2026-10-08 07:21:45,7500.0,7549.25,Put DEX 3,DEX,-16.305,9487.19885866217,9618.954918032789
2026-10-08 07:21:45,7500.0,7549.25,Put GEX 3,GEX,-146334.702,9487.19885866217,9618.954918032789
2026-10-08 07:21:45,7600.0,7649.75,Call CEX 3,CEX,389962.689,9487.19885866217,9618.954918032789
2026-10-08 07:21:45,7600.0,7649.75,Call DEX 2,DEX,81.271,9487.19885866217,9618.954918032789
2026-10-08 07:21:45,7600.0,7649.75,Put GEX 4,GEX,-136065.835,9487.19885866217,9618.954918032789
2026-10-08 07:21:45,7600.0,7649.75,Call VEX 3,VEX,568914.749,9487.19885866217,9618.954918032789
2026-10-08 07:21:45,7630.0,7680.0,Call DEX 5,DEX,46.678,9487.19885866217,9618.954918032789
2026-10-08 07:21:45,7650.0,7700.25,Call CEX 4,CEX,389762.371,9487.19885866217,9618.954918032789
2026-10-08 07:21:45,7650.0,7700.25,Put GEX 2,GEX,-187739.479,9487.19885866217,9618.954918032789
2026-10-08 07:21:45,7650.0,7700.25,Call VEX 4,VEX,531133.81,9487.19885866217,9618.954918032789
2026-10-08 07:21:45,7700.0,7750.5,Call CEX 1,CEX,462211.005,9487.19885866217,9618.954918032789
2026-10-08 07:21:45,7700.0,7750.5,Call DEX 1,DEX,90.827,9487.19885866217,9618.954918032789
2026-10-08 07:21:45,7700.0,7750.5,Put GEX 5,GEX,-109207.082,9487.19885866217,9618.954918032789
2026-10-08 07:21:45,7700.0,7750.5,Call VEX 1,VEX,762271.167,9487.19885866217,9618.954918032789
2026-10-08 07:21:45,7750.0,7800.75,Call DEX 3,DEX,78.88,9487.19885866217,9618.954918032789
2026-10-08 07:21:45,7750.0,7800.75,Call VEX 5,VEX,485656.63,9487.19885866217,9618.954918032789
2026-10-08 07:21:45,7800.0,7851.25,Put CEX 4,CEX,-293339.451,9487.19885866217,9618.954918032789
2026-10-08 07:21:45,7800.0,7851.25,Call DEX 4,DEX,52.699,9487.19885866217,9618.954918032789
2026-10-08 07:21:45,7800.0,7851.25,Call GEX 4,GEX,365689.28,9487.19885866217,9618.954918032789
2026-10-08 07:21:45,7825.0,7876.25,Call GEX 2,GEX,371159.607,9487.19885866217,9618.954918032789
2026-10-08 07:21:45,7850.0,7901.5,Put CEX 3,CEX,-343882.227,9487.19885866217,9618.954918032789
2026-10-08 07:21:45,7850.0,7901.5,Call GEX 1,GEX,387572.182,9487.19885866217,9618.954918032789
2026-10-08 07:21:45,7850.0,7901.5,Put VEX 3,VEX,-301199.653,9487.19885866217,9618.954918032789
2026-10-08 07:21:45,7870.0,7921.75,Call GEX 5,GEX,273684.776,9487.19885866217,9618.954918032789
2026-10-08 07:21:45,7870.0,7921.75,Put VEX 5,VEX,-204128.083,9487.19885866217,9618.954918032789
2026-10-08 07:21:45,7900.0,7951.75,Put CEX 2,CEX,-405257.34,9487.19885866217,9618.954918032789
2026-10-08 07:21:45,7900.0,7951.75,Call GEX 3,GEX,369256.231,9487.19885866217,9618.954918032789
2026-10-08 07:21:45,7900.0,7951.75,Put VEX 2,VEX,-427417.597,9487.19885866217,9618.954918032789
2026-10-08 07:21:45,7950.0,8002.25,Put CEX 5,CEX,-229256.744,9487.19885866217,9618.954918032789
2026-10-08 07:21:45,7950.0,8002.25,Put VEX 4,VEX,-265073.738,9487.19885866217,9618.954918032789
2026-10-08 07:21:45,8000.0,8052.5,Put CEX 1,CEX,-3528746.983,9487.19885866217,9618.954918032789
2026-10-08 07:21:45,8000.0,8052.5,Put DEX 1,DEX,-1322.39,9487.19885866217,9618.954918032789
2026-10-08 07:21:45,8000.0,8052.5,Put GEX 1,GEX,-403329.476,9487.19885866217,9618.954918032789
2026-10-08 07:21:45,8000.0,8052.5,Put VEX 1,VEX,-4450928.142,9487.19885866217,9618.954918032789
2026-10-08 07:21:45,8250.0,8304.0,Put DEX 2,DEX,-25.441,9487.19885866217,9618.954918032789
2026-10-08 07:22:33,7000.0,7045.5,Call CEX 2,CEX,411962.341,9493.793211816468,9600.577334947387
2026-10-08 07:22:33,7000.0,7045.5,Put DEX 4,DEX,-10.917,9493.793211816468,9600.577334947387
2026-10-08 07:22:33,7000.0,7045.5,Call VEX 2,VEX,589164.697,9493.793211816468,9600.577334947387
2026-10-08 07:22:33,7400.0,7448.0,Put DEX 5,DEX,-5.429,9493.793211816468,9600.577334947387
2026-10-08 07:22:33,7500.0,7548.75,Call CEX 5,CEX,302063.001,9493.793211816468,9600.577334947387
2026-10-08 07:22:33,7500.0,7548.75,Put DEX 3,DEX,-16.277,9493.793211816468,9600.577334947387
2026-10-08 07:22:33,7500.0,7548.75,Put GEX 3,GEX,-146074.313,9493.793211816468,9600.577334947387
2026-10-08 07:22:33,7600.0,7649.25,Call CEX 4,CEX,387226.581,9493.793211816468,9600.577334947387
2026-10-08 07:22:33,7600.0,7649.25,Call DEX 2,DEX,81.31,9493.793211816468,9600.577334947387
2026-10-08 07:22:33,7600.0,7649.25,Put GEX 4,GEX,-137601.859,9493.793211816468,9600.577334947387
2026-10-08 07:22:33,7600.0,7649.25,Call VEX 3,VEX,564589.924,9493.793211816468,9600.577334947387
2026-10-08 07:22:33,7630.0,7679.5,Call DEX 5,DEX,46.836,9493.793211816468,9600.577334947387
2026-10-08 07:22:33,7650.0,7699.75,Call CEX 3,CEX,388815.914,9493.793211816468,9600.577334947387
2026-10-08 07:22:33,7650.0,7699.75,Put GEX 2,GEX,-188255.093,9493.793211816468,9600.577334947387
2026-10-08 07:22:33,7650.0,7699.75,Call VEX 4,VEX,529731.882,9493.793211816468,9600.577334947387
2026-10-08 07:22:33,7700.0,7750.0,Call CEX 1,CEX,462740.732,9493.793211816468,9600.577334947387
2026-10-08 07:22:33,7700.0,7750.0,Call DEX 1,DEX,91.589,9493.793211816468,9600.577334947387
2026-10-08 07:22:33,7700.0,7750.0,Put GEX 5,GEX,-108519.232,9493.793211816468,9600.577334947387
2026-10-08 07:22:33,7700.0,7750.0,Call VEX 1,VEX,763290.418,9493.793211816468,9600.577334947387
2026-10-08 07:22:33,7750.0,7800.25,Call DEX 3,DEX,79.455,9493.793211816468,9600.577334947387
2026-10-08 07:22:33,7750.0,7800.25,Call VEX 5,VEX,489258.44,9493.793211816468,9600.577334947387
2026-10-08 07:22:33,7800.0,7850.5,Put CEX 4,CEX,-289977.466,9493.793211816468,9600.577334947387
2026-10-08 07:22:33,7800.0,7850.5,Call DEX 4,DEX,53.279,9493.793211816468,9600.577334947387
2026-10-08 07:22:33,7800.0,7850.5,Call GEX 2,GEX,374629.533,9493.793211816468,9600.577334947387
2026-10-08 07:22:33,7825.0,7875.75,Call GEX 3,GEX,374386.267,9493.793211816468,9600.577334947387
2026-10-08 07:22:33,7850.0,7901.0,Put CEX 3,CEX,-343806.302,9493.793211816468,9600.577334947387
2026-10-08 07:22:33,7850.0,7901.0,Call GEX 1,GEX,390535.338,9493.793211816468,9600.577334947387
2026-10-08 07:22:33,7850.0,7901.0,Put VEX 3,VEX,-300648.015,9493.793211816468,9600.577334947387
2026-10-08 07:22:33,7870.0,7921.0,Call GEX 5,GEX,274957.508,9493.793211816468,9600.577334947387
2026-10-08 07:22:33,7870.0,7921.0,Put VEX 5,VEX,-204218.096,9493.793211816468,9600.577334947387
2026-10-08 07:22:33,7900.0,7951.25,Put CEX 2,CEX,-405257.727,9493.793211816468,9600.577334947387
2026-10-08 07:22:33,7900.0,7951.25,Call GEX 4,GEX,370361.619,9493.793211816468,9600.577334947387
2026-10-08 07:22:33,7900.0,7951.25,Put VEX 2,VEX,-427209.225,9493.793211816468,9600.577334947387
2026-10-08 07:22:33,7950.0,8001.5,Put CEX 5,CEX,-228659.436,9493.793211816468,9600.577334947387
2026-10-08 07:22:33,7950.0,8001.5,Put VEX 4,VEX,-264620.066,9493.793211816468,9600.577334947387
2026-10-08 07:22:33,8000.0,8052.0,Put CEX 1,CEX,-3550199.363,9493.793211816468,9600.577334947387
2026-10-08 07:22:33,8000.0,8052.0,Put DEX 1,DEX,-1318.289,9493.793211816468,9600.577334947387
2026-10-08 07:22:33,8000.0,8052.0,Put GEX 1,GEX,-415757.448,9493.793211816468,9600.577334947387
2026-10-08 07:22:33,8000.0,8052.0,Put VEX 1,VEX,-4477323.601,9493.793211816468,9600.577334947387
2026-10-08 07:22:33,8250.0,8303.5,Put DEX 2,DEX,-25.338,9493.793211816468,9600.577334947387
2026-10-08 07:23:22,7000.0,7044.75,Call CEX 2,CEX,402799.405,8003.243117104081,9263.017935612846
2026-10-08 07:23:22,7000.0,7044.75,Put DEX 4,DEX,-10.585,8003.243117104081,9263.017935612846
2026-10-08 07:23:22,7000.0,7044.75,Call VEX 2,VEX,576068.672,8003.243117104081,9263.017935612846
2026-10-08 07:23:22,7500.0,7548.0,Call CEX 5,CEX,298740.833,8003.243117104081,9263.017935612846
2026-10-08 07:23:22,7500.0,7548.0,Put DEX 3,DEX,-15.901,8003.243117104081,9263.017935612846
2026-10-08 07:23:22,7500.0,7548.0,Put GEX 4,GEX,-143145.201,8003.243117104081,9263.017935612846
2026-10-08 07:23:22,7550.0,7598.25,Put DEX 5,DEX,-8.507,8003.243117104081,9263.017935612846
2026-10-08 07:23:22,7600.0,7648.5,Call CEX 4,CEX,357841.281,8003.243117104081,9263.017935612846
2026-10-08 07:23:22,7600.0,7648.5,Call DEX 3,DEX,80.76,8003.243117104081,9263.017935612846
2026-10-08 07:23:22,7600.0,7648.5,Put GEX 3,GEX,-156625.359,8003.243117104081,9263.017935612846
2026-10-08 07:23:22,7600.0,7648.5,Call VEX 4,VEX,518470.604,8003.243117104081,9263.017935612846
2026-10-08 07:23:22,7630.0,7678.75,Call DEX 5,DEX,47.301,8003.243117104081,9263.017935612846
2026-10-08 07:23:22,7650.0,7698.75,Call CEX 3,CEX,380489.922,8003.243117104081,9263.017935612846
2026-10-08 07:23:22,7650.0,7698.75,Put GEX 2,GEX,-190839.156,8003.243117104081,9263.017935612846
2026-10-08 07:23:22,7650.0,7698.75,Call VEX 3,VEX,518895.463,8003.243117104081,9263.017935612846
2026-10-08 07:23:22,7700.0,7749.25,Call CEX 1,CEX,466903.82,8003.243117104081,9263.017935612846
2026-10-08 07:23:22,7700.0,7749.25,Call DEX 1,DEX,95.609,8003.243117104081,9263.017935612846
2026-10-08 07:23:22,7700.0,7749.25,Put GEX 5,GEX,-108056.659,8003.243117104081,9263.017935612846
2026-10-08 07:23:22,7700.0,7749.25,Call VEX 1,VEX,769307.037,8003.243117104081,9263.017935612846
2026-10-08 07:23:22,7750.0,7799.5,Call DEX 2,DEX,83.461,8003.243117104081,9263.017935612846
2026-10-08 07:23:22,7750.0,7799.5,Call VEX 5,VEX,513988.562,8003.243117104081,9263.017935612846
2026-10-08 07:23:22,7800.0,7849.75,Put CEX 4,CEX,-256825.108,8003.243117104081,9263.017935612846
2026-10-08 07:23:22,7800.0,7849.75,Call DEX 4,DEX,58.502,8003.243117104081,9263.017935612846
2026-10-08 07:23:22,7800.0,7849.75,Call GEX 2,GEX,398836.035,8003.243117104081,9263.017935612846
2026-10-08 07:23:22,7825.0,7875.0,Call GEX 3,GEX,383635.838,8003.243117104081,9263.017935612846
2026-10-08 07:23:22,7850.0,7900.25,Put CEX 3,CEX,-338102.585,8003.243117104081,9263.017935612846
2026-10-08 07:23:22,7850.0,7900.25,Call GEX 1,GEX,401919.869,8003.243117104081,9263.017935612846
2026-10-08 07:23:22,7850.0,7900.25,Put VEX 3,VEX,-291327.793,8003.243117104081,9263.017935612846
2026-10-08 07:23:22,7870.0,7920.25,Call GEX 5,GEX,281931.918,8003.243117104081,9263.017935612846
2026-10-08 07:23:22,7870.0,7920.25,Put VEX 5,VEX,-201996.789,8003.243117104081,9263.017935612846
2026-10-08 07:23:22,7900.0,7950.5,Put CEX 2,CEX,-407319.939,8003.243117104081,9263.017935612846
2026-10-08 07:23:22,7900.0,7950.5,Call GEX 4,GEX,380609.576,8003.243117104081,9263.017935612846
2026-10-08 07:23:22,7900.0,7950.5,Put VEX 2,VEX,-427098.001,8003.243117104081,9263.017935612846
2026-10-08 07:23:22,7950.0,8000.75,Put CEX 5,CEX,-231639.833,8003.243117104081,9263.017935612846
2026-10-08 07:23:22,7950.0,8000.75,Put VEX 4,VEX,-267217.136,8003.243117104081,9263.017935612846
2026-10-08 07:23:22,8000.0,8051.0,Put CEX 1,CEX,-3657005.278,8003.243117104081,9263.017935612846
2026-10-08 07:23:22,8000.0,8051.0,Put DEX 1,DEX,-1298.847,8003.243117104081,9263.017935612846
2026-10-08 07:23:22,8000.0,8051.0,Put GEX 1,GEX,-451636.533,8003.243117104081,9263.017935612846
2026-10-08 07:23:22,8000.0,8051.0,Put VEX 1,VEX,-4607834.562,8003.243117104081,9263.017935612846
2026-10-08 07:23:22,8250.0,8302.75,Put DEX 2,DEX,-25.142,8003.243117104081,9263.017935612846
2026-10-08 07:24:10,7000.0,7044.75,Call CEX 2,CEX,403002.712,8003.155670726505,9270.112658013226
2026-10-08 07:24:10,7000.0,7044.75,Put DEX 4,DEX,-10.592,8003.155670726505,9270.112658013226
2026-10-08 07:24:10,7000.0,7044.75,Call VEX 2,VEX,576282.603,8003.155670726505,9270.112658013226
2026-10-08 07:24:10,7400.0,7447.5,Put DEX 5,DEX,-5.356,8003.155670726505,9270.112658013226
2026-10-08 07:24:10,7500.0,7548.0,Call CEX 5,CEX,299029.92,8003.155670726505,9270.112658013226
2026-10-08 07:24:10,7500.0,7548.0,Put DEX 3,DEX,-15.929,8003.155670726505,9270.112658013226
2026-10-08 07:24:10,7500.0,7548.0,Put GEX 4,GEX,-143594.268,8003.155670726505,9270.112658013226
2026-10-08 07:24:10,7600.0,7648.75,Call CEX 4,CEX,370393.202,8003.155670726505,9270.112658013226
2026-10-08 07:24:10,7600.0,7648.75,Call DEX 3,DEX,79.637,8003.155670726505,9270.112658013226
2026-10-08 07:24:10,7600.0,7648.75,Put GEX 3,GEX,-147569.097,8003.155670726505,9270.112658013226
2026-10-08 07:24:10,7600.0,7648.75,Call VEX 3,VEX,538290.481,8003.155670726505,9270.112658013226
2026-10-08 07:24:10,7630.0,7679.0,Call DEX 5,DEX,47.365,8003.155670726505,9270.112658013226
2026-10-08 07:24:10,7650.0,7699.0,Call CEX 3,CEX,381697.105,8003.155670726505,9270.112658013226
2026-10-08 07:24:10,7650.0,7699.0,Put GEX 2,GEX,-190428.814,8003.155670726505,9270.112658013226
2026-10-08 07:24:10,7650.0,7699.0,Call VEX 4,VEX,521005.602,8003.155670726505,9270.112658013226
2026-10-08 07:24:10,7700.0,7749.25,Call CEX 1,CEX,467103.122,8003.155670726505,9270.112658013226
2026-10-08 07:24:10,7700.0,7749.25,Call DEX 1,DEX,94.225,8003.155670726505,9270.112658013226
2026-10-08 07:24:10,7700.0,7749.25,Put GEX 5,GEX,-107370.426,8003.155670726505,9270.112658013226
2026-10-08 07:24:10,7700.0,7749.25,Call VEX 1,VEX,768601.099,8003.155670726505,9270.112658013226
2026-10-08 07:24:10,7750.0,7799.75,Call DEX 2,DEX,82.219,8003.155670726505,9270.112658013226
2026-10-08 07:24:10,7750.0,7799.75,Call VEX 5,VEX,506487.953,8003.155670726505,9270.112658013226
2026-10-08 07:24:10,7800.0,7850.0,Put CEX 4,CEX,-265024.166,8003.155670726505,9270.112658013226
2026-10-08 07:24:10,7800.0,7850.0,Call DEX 4,DEX,57.145,8003.155670726505,9270.112658013226
2026-10-08 07:24:10,7800.0,7850.0,Call GEX 2,GEX,385714.056,8003.155670726505,9270.112658013226
2026-10-08 07:24:10,7825.0,7875.25,Call GEX 3,GEX,379290.536,8003.155670726505,9270.112658013226
2026-10-08 07:24:10,7850.0,7900.25,Put CEX 3,CEX,-339208.162,8003.155670726505,9270.112658013226
2026-10-08 07:24:10,7850.0,7900.25,Call GEX 1,GEX,397330.438,8003.155670726505,9270.112658013226
2026-10-08 07:24:10,7850.0,7900.25,Put VEX 3,VEX,-293398.367,8003.155670726505,9270.112658013226
2026-10-08 07:24:10,7870.0,7920.5,Call GEX 5,GEX,279685.286,8003.155670726505,9270.112658013226
2026-10-08 07:24:10,7870.0,7920.5,Put VEX 5,VEX,-202318.682,8003.155670726505,9270.112658013226
2026-10-08 07:24:10,7900.0,7950.5,Put CEX 2,CEX,-406976.605,8003.155670726505,9270.112658013226
2026-10-08 07:24:10,7900.0,7950.5,Call GEX 4,GEX,377800.932,8003.155670726505,9270.112658013226
2026-10-08 07:24:10,7900.0,7950.5,Put VEX 2,VEX,-427224.386,8003.155670726505,9270.112658013226
2026-10-08 07:24:10,7950.0,8001.0,Put CEX 5,CEX,-231731.784,8003.155670726505,9270.112658013226
2026-10-08 07:24:10,7950.0,8001.0,Put VEX 4,VEX,-267478.288,8003.155670726505,9270.112658013226
2026-10-08 07:24:10,8000.0,8051.25,Put CEX 1,CEX,-3619967.0,8003.155670726505,9270.112658013226
2026-10-08 07:24:10,8000.0,8051.25,Put DEX 1,DEX,-1307.562,8003.155670726505,9270.112658013226
2026-10-08 07:24:10,8000.0,8051.25,Put GEX 1,GEX,-430141.649,8003.155670726505,9270.112658013226
2026-10-08 07:24:10,8000.0,8051.25,Put VEX 1,VEX,-4561868.811,8003.155670726505,9270.112658013226
2026-10-08 07:24:10,8250.0,8302.75,Put DEX 2,DEX,-25.24,8003.155670726505,9270.112658013226
2026-10-08 07:24:59,7000.0,7045.0,Call CEX 2,CEX,411548.298,8003.2034377512355,9267.506828671
2026-10-08 07:24:59,7000.0,7045.0,Put DEX 4,DEX,-10.899,8003.2034377512355,9267.506828671
2026-10-08 07:24:59,7000.0,7045.0,Call VEX 2,VEX,588555.492,8003.2034377512355,9267.506828671
2026-10-08 07:24:59,7500.0,7548.0,Call CEX 5,CEX,299134.156,8003.2034377512355,9267.506828671
2026-10-08 07:24:59,7500.0,7548.0,Put DEX 3,DEX,-15.935,8003.2034377512355,9267.506828671
2026-10-08 07:24:59,7500.0,7548.0,Put GEX 4,GEX,-143646.219,8003.2034377512355,9267.506828671
2026-10-08 07:24:59,7550.0,7598.5,Put DEX 5,DEX,-8.549,8003.2034377512355,9267.506828671
2026-10-08 07:24:59,7600.0,7648.75,Call CEX 4,CEX,366734.438,8003.2034377512355,9267.506828671
2026-10-08 07:24:59,7600.0,7648.75,Call DEX 3,DEX,79.961,8003.2034377512355,9267.506828671
2026-10-08 07:24:59,7600.0,7648.75,Put GEX 3,GEX,-150576.558,8003.2034377512355,9267.506828671
2026-10-08 07:24:59,7600.0,7648.75,Call VEX 3,VEX,532484.807,8003.2034377512355,9267.506828671
2026-10-08 07:24:59,7630.0,7679.0,Call DEX 5,DEX,47.495,8003.2034377512355,9267.506828671
2026-10-08 07:24:59,7650.0,7699.0,Call CEX 3,CEX,381525.666,8003.2034377512355,9267.506828671
2026-10-08 07:24:59,7650.0,7699.0,Put GEX 2,GEX,-190792.874,8003.2034377512355,9267.506828671
2026-10-08 07:24:59,7650.0,7699.0,Call VEX 4,VEX,520665.683,8003.2034377512355,9267.506828671
2026-10-08 07:24:59,7700.0,7749.25,Call CEX 1,CEX,466111.249,8003.2034377512355,9267.506828671
2026-10-08 07:24:59,7700.0,7749.25,Call DEX 1,DEX,94.491,8003.2034377512355,9267.506828671
2026-10-08 07:24:59,7700.0,7749.25,Put GEX 5,GEX,-107709.669,8003.2034377512355,9267.506828671
2026-10-08 07:24:59,7700.0,7749.25,Call VEX 1,VEX,767880.86,8003.2034377512355,9267.506828671
2026-10-08 07:24:59,7750.0,7799.75,Call DEX 2,DEX,82.355,8003.2034377512355,9267.506828671
2026-10-08 07:24:59,7750.0,7799.75,Call VEX 5,VEX,507234.321,8003.2034377512355,9267.506828671
2026-10-08 07:24:59,7800.0,7850.0,Put CEX 4,CEX,-266216.847,8003.2034377512355,9267.506828671
2026-10-08 07:24:59,7800.0,7850.0,Call DEX 4,DEX,57.053,8003.2034377512355,9267.506828671
2026-10-08 07:24:59,7800.0,7850.0,Call GEX 2,GEX,393349.376,8003.2034377512355,9267.506828671
2026-10-08 07:24:59,7825.0,7875.25,Call GEX 3,GEX,381522.956,8003.2034377512355,9267.506828671
2026-10-08 07:24:59,7850.0,7900.25,Put CEX 3,CEX,-340082.995,8003.2034377512355,9267.506828671
2026-10-08 07:24:59,7850.0,7900.25,Call GEX 1,GEX,399307.084,8003.2034377512355,9267.506828671
2026-10-08 07:24:59,7850.0,7900.25,Put VEX 3,VEX,-294230.487,8003.2034377512355,9267.506828671
2026-10-08 07:24:59,7870.0,7920.5,Call GEX 5,GEX,279954.273,8003.2034377512355,9267.506828671
2026-10-08 07:24:59,7870.0,7920.5,Put VEX 5,VEX,-202603.757,8003.2034377512355,9267.506828671
2026-10-08 07:24:59,7900.0,7950.75,Put CEX 2,CEX,-406369.957,8003.2034377512355,9267.506828671
2026-10-08 07:24:59,7900.0,7950.75,Call GEX 4,GEX,377460.174,8003.2034377512355,9267.506828671
2026-10-08 07:24:59,7900.0,7950.75,Put VEX 2,VEX,-426838.341,8003.2034377512355,9267.506828671
2026-10-08 07:24:59,7950.0,8001.0,Put CEX 5,CEX,-231116.807,8003.2034377512355,9267.506828671
2026-10-08 07:24:59,7950.0,8001.0,Put VEX 4,VEX,-266750.273,8003.2034377512355,9267.506828671
2026-10-08 07:24:59,8000.0,8051.25,Put CEX 1,CEX,-3635587.006,8003.2034377512355,9267.506828671
2026-10-08 07:24:59,8000.0,8051.25,Put DEX 1,DEX,-1303.639,8003.2034377512355,9267.506828671
2026-10-08 07:24:59,8000.0,8051.25,Put GEX 1,GEX,-440319.004,8003.2034377512355,9267.506828671
2026-10-08 07:24:59,8000.0,8051.25,Put VEX 1,VEX,-4581443.042,8003.2034377512355,9267.506828671
2026-10-08 07:24:59,8250.0,8303.0,Put DEX 2,DEX,-25.197,8003.2034377512355,9267.506828671
2026-10-08 07:25:46,7000.0,7045.0,Call CEX 2,CEX,411490.473,8003.200904565361,9261.34219331731
2026-10-08 07:25:46,7000.0,7045.0,Put DEX 4,DEX,-10.896,8003.200904565361,9261.34219331731
2026-10-08 07:25:46,7000.0,7045.0,Call VEX 2,VEX,588450.498,8003.200904565361,9261.34219331731
2026-10-08 07:25:46,7400.0,7447.5,Put DEX 5,DEX,-5.353,8003.200904565361,9261.34219331731
2026-10-08 07:25:46,7500.0,7548.25,Call CEX 5,CEX,298899.777,8003.200904565361,9261.34219331731
2026-10-08 07:25:46,7500.0,7548.25,Put DEX 3,DEX,-15.913,8003.200904565361,9261.34219331731
2026-10-08 07:25:46,7500.0,7548.25,Put GEX 4,GEX,-143379.742,8003.200904565361,9261.34219331731
2026-10-08 07:25:46,7600.0,7649.0,Call CEX 4,CEX,370195.623,8003.200904565361,9261.34219331731
2026-10-08 07:25:46,7600.0,7649.0,Call DEX 3,DEX,79.676,8003.200904565361,9261.34219331731
2026-10-08 07:25:46,7600.0,7649.0,Put GEX 3,GEX,-146806.841,8003.200904565361,9261.34219331731
2026-10-08 07:25:46,7600.0,7649.0,Call VEX 3,VEX,538200.639,8003.200904565361,9261.34219331731
2026-10-08 07:25:46,7630.0,7679.0,Call DEX 5,DEX,47.255,8003.200904565361,9261.34219331731
2026-10-08 07:25:46,7650.0,7699.25,Call CEX 3,CEX,381206.163,8003.200904565361,9261.34219331731
2026-10-08 07:25:46,7650.0,7699.25,Put GEX 2,GEX,-189690.331,8003.200904565361,9261.34219331731
2026-10-08 07:25:46,7650.0,7699.25,Call VEX 4,VEX,520462.973,8003.200904565361,9261.34219331731
2026-10-08 07:25:46,7700.0,7749.5,Call CEX 1,CEX,468049.544,8003.200904565361,9261.34219331731
2026-10-08 07:25:46,7700.0,7749.5,Call DEX 1,DEX,94.813,8003.200904565361,9261.34219331731
2026-10-08 07:25:46,7700.0,7749.5,Put GEX 5,GEX,-107920.275,8003.200904565361,9261.34219331731
2026-10-08 07:25:46,7700.0,7749.5,Call VEX 1,VEX,769909.5,8003.200904565361,9261.34219331731
2026-10-08 07:25:46,7750.0,7799.75,Call DEX 2,DEX,82.847,8003.200904565361,9261.34219331731
2026-10-08 07:25:46,7750.0,7799.75,Call VEX 5,VEX,510350.553,8003.200904565361,9261.34219331731
2026-10-08 07:25:46,7800.0,7850.25,Put CEX 4,CEX,-262167.001,8003.200904565361,9261.34219331731
2026-10-08 07:25:46,7800.0,7850.25,Call DEX 4,DEX,57.704,8003.200904565361,9261.34219331731
2026-10-08 07:25:46,7800.0,7850.25,Call GEX 2,GEX,388232.709,8003.200904565361,9261.34219331731
2026-10-08 07:25:46,7825.0,7875.25,Call GEX 3,GEX,381183.595,8003.200904565361,9261.34219331731
2026-10-08 07:25:46,7850.0,7900.5,Put CEX 3,CEX,-339266.033,8003.200904565361,9261.34219331731
2026-10-08 07:25:46,7850.0,7900.5,Call GEX 1,GEX,399133.103,8003.200904565361,9261.34219331731
2026-10-08 07:25:46,7850.0,7900.5,Put VEX 3,VEX,-292946.515,8003.200904565361,9261.34219331731
2026-10-08 07:25:46,7870.0,7920.75,Call GEX 5,GEX,280562.953,8003.200904565361,9261.34219331731
2026-10-08 07:25:46,7870.0,7920.75,Put VEX 5,VEX,-202155.019,8003.200904565361,9261.34219331731
2026-10-08 07:25:46,7900.0,7950.75,Put CEX 2,CEX,-406998.524,8003.200904565361,9261.34219331731
2026-10-08 07:25:46,7900.0,7950.75,Call GEX 4,GEX,378720.362,8003.200904565361,9261.34219331731
2026-10-08 07:25:46,7900.0,7950.75,Put VEX 2,VEX,-427070.276,8003.200904565361,9261.34219331731
2026-10-08 07:25:46,7950.0,8001.25,Put CEX 5,CEX,-231452.85,8003.200904565361,9261.34219331731
2026-10-08 07:25:46,7950.0,8001.25,Put VEX 4,VEX,-267028.652,8003.200904565361,9261.34219331731
2026-10-08 07:25:46,8000.0,8051.5,Put CEX 1,CEX,-3597091.259,8003.200904565361,9261.34219331731
2026-10-08 07:25:46,8000.0,8051.5,Put DEX 1,DEX,-1310.34,8003.200904565361,9261.34219331731
2026-10-08 07:25:46,8000.0,8051.5,Put GEX 1,GEX,-438338.695,8003.200904565361,9261.34219331731
2026-10-08 07:25:46,8000.0,8051.5,Put VEX 1,VEX,-4531903.571,8003.200904565361,9261.34219331731
2026-10-08 07:25:46,8250.0,8303.0,Put DEX 2,DEX,-25.244,8003.200904565361,9261.34219331731
2026-10-08 07:26:35,7000.0,7045.25,Call CEX 2,CEX,411344.328,8003.118657172769,9263.759104804318
2026-10-08 07:26:35,7000.0,7045.25,Put DEX 4,DEX,-10.889,8003.118657172769,9263.759104804318
2026-10-08 07:26:35,7000.0,7045.25,Call VEX 2,VEX,588237.116,8003.118657172769,9263.759104804318
2026-10-08 07:26:35,7400.0,7448.0,Put DEX 5,DEX,-5.304,8003.118657172769,9263.759104804318
2026-10-08 07:26:35,7500.0,7548.5,Call CEX 5,CEX,298476.082,8003.118657172769,9263.759104804318
2026-10-08 07:26:35,7500.0,7548.5,Put DEX 3,DEX,-15.868,8003.118657172769,9263.759104804318
2026-10-08 07:26:35,7500.0,7548.5,Put GEX 3,GEX,-142859.751,8003.118657172769,9263.759104804318
2026-10-08 07:26:35,7600.0,7649.25,Call CEX 4,CEX,374129.271,8003.118657172769,9263.759104804318
2026-10-08 07:26:35,7600.0,7649.25,Call DEX 3,DEX,79.438,8003.118657172769,9263.759104804318
2026-10-08 07:26:35,7600.0,7649.25,Put GEX 4,GEX,-142146.515,8003.118657172769,9263.759104804318
2026-10-08 07:26:35,7600.0,7649.25,Call VEX 3,VEX,544318.539,8003.118657172769,9263.759104804318
2026-10-08 07:26:35,7630.0,7679.5,Call DEX 5,DEX,46.802,8003.118657172769,9263.759104804318
2026-10-08 07:26:35,7650.0,7699.5,Call CEX 3,CEX,381057.512,8003.118657172769,9263.759104804318
2026-10-08 07:26:35,7650.0,7699.5,Put GEX 2,GEX,-187886.714,8003.118657172769,9263.759104804318
2026-10-08 07:26:35,7650.0,7699.5,Call VEX 4,VEX,520470.517,8003.118657172769,9263.759104804318
2026-10-08 07:26:35,7700.0,7750.0,Call CEX 1,CEX,470397.1,8003.118657172769,9263.759104804318
2026-10-08 07:26:35,7700.0,7750.0,Call DEX 1,DEX,95.032,8003.118657172769,9263.759104804318
2026-10-08 07:26:35,7700.0,7750.0,Put GEX 5,GEX,-108066.54,8003.118657172769,9263.759104804318
2026-10-08 07:26:35,7700.0,7750.0,Call VEX 1,VEX,771840.671,8003.118657172769,9263.759104804318
2026-10-08 07:26:35,7750.0,7800.25,Call DEX 2,DEX,83.522,8003.118657172769,9263.759104804318
2026-10-08 07:26:35,7750.0,7800.25,Call VEX 5,VEX,514556.314,8003.118657172769,9263.759104804318
2026-10-08 07:26:35,7800.0,7850.5,Put CEX 4,CEX,-253159.848,8003.118657172769,9263.759104804318
2026-10-08 07:26:35,7800.0,7850.5,Call DEX 4,DEX,59.041,8003.118657172769,9263.759104804318
2026-10-08 07:26:35,7800.0,7850.5,Call GEX 4,GEX,378988.056,8003.118657172769,9263.759104804318
2026-10-08 07:26:35,7825.0,7875.75,Call GEX 3,GEX,379672.167,8003.118657172769,9263.759104804318
2026-10-08 07:26:35,7850.0,7900.75,Put CEX 3,CEX,-337037.816,8003.118657172769,9263.759104804318
2026-10-08 07:26:35,7850.0,7900.75,Call GEX 1,GEX,398721.554,8003.118657172769,9263.759104804318
2026-10-08 07:26:35,7850.0,7900.75,Put VEX 3,VEX,-289861.251,8003.118657172769,9263.759104804318
2026-10-08 07:26:35,7870.0,7921.0,Call GEX 5,GEX,281645.859,8003.118657172769,9263.759104804318
2026-10-08 07:26:35,7870.0,7921.0,Put VEX 5,VEX,-201095.33,8003.118657172769,9263.759104804318
2026-10-08 07:26:35,7900.0,7951.25,Put CEX 2,CEX,-408194.189,8003.118657172769,9263.759104804318
2026-10-08 07:26:35,7900.0,7951.25,Call GEX 2,GEX,381425.557,8003.118657172769,9263.759104804318
2026-10-08 07:26:35,7900.0,7951.25,Put VEX 2,VEX,-427453.033,8003.118657172769,9263.759104804318
2026-10-08 07:26:35,7950.0,8001.5,Put CEX 5,CEX,-232986.387,8003.118657172769,9263.759104804318
2026-10-08 07:26:35,7950.0,8001.5,Put VEX 4,VEX,-268681.526,8003.118657172769,9263.759104804318
2026-10-08 07:26:35,8000.0,8051.75,Put CEX 1,CEX,-3614943.942,8003.118657172769,9263.759104804318
2026-10-08 07:26:35,8000.0,8051.75,Put DEX 1,DEX,-1310.003,8003.118657172769,9263.759104804318
2026-10-08 07:26:35,8000.0,8051.75,Put GEX 1,GEX,-423793.074,8003.118657172769,9263.759104804318
2026-10-08 07:26:35,8000.0,8051.75,Put VEX 1,VEX,-4552964.003,8003.118657172769,9263.759104804318
2026-10-08 07:26:35,8250.0,8303.5,Put DEX 2,DEX,-25.32,8003.118657172769,9263.759104804318
2026-10-08 07:27:24,7000.0,7045.25,Call CEX 2,CEX,412077.195,9499.725952315704,9504.702194357367
2026-10-08 07:27:24,7000.0,7045.25,Put DEX 4,DEX,-10.915,9499.725952315704,9504.702194357367
2026-10-08 07:27:24,7000.0,7045.25,Call VEX 2,VEX,589093.954,9499.725952315704,9504.702194357367
2026-10-08 07:27:24,7400.0,7447.75,Put DEX 5,DEX,-5.372,9499.725952315704,9504.702194357367
2026-10-08 07:27:24,7500.0,7548.5,Call CEX 5,CEX,300818.228,9499.725952315704,9504.702194357367
2026-10-08 07:27:24,7500.0,7548.5,Put DEX 3,DEX,-16.123,9499.725952315704,9504.702194357367
2026-10-08 07:27:24,7500.0,7548.5,Put GEX 3,GEX,-145270.927,9499.725952315704,9504.702194357367
2026-10-08 07:27:24,7600.0,7649.0,Call CEX 4,CEX,382219.487,9499.725952315704,9504.702194357367
2026-10-08 07:27:24,7600.0,7649.0,Call DEX 2,DEX,81.956,9499.725952315704,9504.702194357367
2026-10-08 07:27:24,7600.0,7649.0,Put GEX 4,GEX,-140999.278,9499.725952315704,9504.702194357367
2026-10-08 07:27:24,7600.0,7649.0,Call VEX 3,VEX,556520.324,9499.725952315704,9504.702194357367
2026-10-08 07:27:24,7630.0,7679.25,Call DEX 5,DEX,46.863,9499.725952315704,9504.702194357367
2026-10-08 07:27:24,7650.0,7699.5,Call CEX 3,CEX,386530.969,9499.725952315704,9504.702194357367
2026-10-08 07:27:24,7650.0,7699.5,Put GEX 2,GEX,-189070.725,9499.725952315704,9504.702194357367
2026-10-08 07:27:24,7650.0,7699.5,Call VEX 4,VEX,527010.4,9499.725952315704,9504.702194357367
2026-10-08 07:27:24,7700.0,7749.75,Call CEX 1,CEX,464521.461,9499.725952315704,9504.702194357367
2026-10-08 07:27:24,7700.0,7749.75,Call DEX 1,DEX,92.203,9499.725952315704,9504.702194357367
2026-10-08 07:27:24,7700.0,7749.75,Put GEX 5,GEX,-108148.353,9499.725952315704,9504.702194357367
2026-10-08 07:27:24,7700.0,7749.75,Call VEX 1,VEX,765549.352,9499.725952315704,9504.702194357367
2026-10-08 07:27:24,7750.0,7800.0,Call DEX 3,DEX,80.014,9499.725952315704,9504.702194357367
2026-10-08 07:27:24,7750.0,7800.0,Call VEX 5,VEX,492818.0,9499.725952315704,9504.702194357367
2026-10-08 07:27:24,7800.0,7850.5,Put CEX 4,CEX,-288385.56,9499.725952315704,9504.702194357367
2026-10-08 07:27:24,7800.0,7850.5,Call DEX 4,DEX,53.696,9499.725952315704,9504.702194357367
2026-10-08 07:27:24,7800.0,7850.5,Call GEX 2,GEX,377699.488,9499.725952315704,9504.702194357367
2026-10-08 07:27:24,7825.0,7875.5,Call GEX 3,GEX,375830.052,9499.725952315704,9504.702194357367
2026-10-08 07:27:24,7850.0,7900.75,Put CEX 3,CEX,-344206.52,9499.725952315704,9504.702194357367
2026-10-08 07:27:24,7850.0,7900.75,Call GEX 1,GEX,392342.365,9499.725952315704,9504.702194357367
2026-10-08 07:27:24,7850.0,7900.75,Put VEX 3,VEX,-300534.979,9499.725952315704,9504.702194357367
2026-10-08 07:27:24,7870.0,7920.75,Call GEX 5,GEX,275809.218,9499.725952315704,9504.702194357367
2026-10-08 07:27:24,7870.0,7920.75,Put VEX 5,VEX,-204237.551,9499.725952315704,9504.702194357367
2026-10-08 07:27:24,7900.0,7951.0,Put CEX 2,CEX,-405182.252,9499.725952315704,9504.702194357367
2026-10-08 07:27:24,7900.0,7951.0,Call GEX 4,GEX,370967.384,9499.725952315704,9504.702194357367
2026-10-08 07:27:24,7900.0,7951.0,Put VEX 2,VEX,-427003.487,9499.725952315704,9504.702194357367
2026-10-08 07:27:24,7950.0,8001.25,Put CEX 5,CEX,-228200.518,9499.725952315704,9504.702194357367
2026-10-08 07:27:24,7950.0,8001.25,Put VEX 4,VEX,-263980.823,9499.725952315704,9504.702194357367
2026-10-08 07:27:24,8000.0,8051.75,Put CEX 1,CEX,-3559922.173,9499.725952315704,9504.702194357367
2026-10-08 07:27:24,8000.0,8051.75,Put DEX 1,DEX,-1316.639,9499.725952315704,9504.702194357367
2026-10-08 07:27:24,8000.0,8051.75,Put GEX 1,GEX,-420763.114,9499.725952315704,9504.702194357367
2026-10-08 07:27:24,8000.0,8051.75,Put VEX 1,VEX,-4487768.175,9499.725952315704,9504.702194357367
2026-10-08 07:27:24,8250.0,8303.25,Put DEX 2,DEX,-25.336,9499.725952315704,9504.702194357367
2026-10-08 07:28:13,7000.0,7045.5,Call CEX 2,CEX,412180.24,9496.085854635336,9565.394668060637
2026-10-08 07:28:13,7000.0,7045.5,Put DEX 4,DEX,-10.918,9496.085854635336,9565.394668060637
2026-10-08 07:28:13,7000.0,7045.5,Call VEX 2,VEX,589183.487,9496.085854635336,9565.394668060637
2026-10-08 07:28:13,7400.0,7448.0,Put DEX 5,DEX,-5.373,9496.085854635336,9565.394668060637
2026-10-08 07:28:13,7500.0,7548.75,Call CEX 5,CEX,300916.504,9496.085854635336,9565.394668060637
2026-10-08 07:28:13,7500.0,7548.75,Put DEX 3,DEX,-16.132,9496.085854635336,9565.394668060637
2026-10-08 07:28:13,7500.0,7548.75,Put GEX 3,GEX,-145444.932,9496.085854635336,9565.394668060637
2026-10-08 07:28:13,7600.0,7649.5,Call CEX 4,CEX,382103.79,9496.085854635336,9565.394668060637
2026-10-08 07:28:13,7600.0,7649.5,Call DEX 2,DEX,81.866,9496.085854635336,9565.394668060637
2026-10-08 07:28:13,7600.0,7649.5,Put GEX 4,GEX,-141317.302,9496.085854635336,9565.394668060637
2026-10-08 07:28:13,7600.0,7649.5,Call VEX 3,VEX,556585.177,9496.085854635336,9565.394668060637
2026-10-08 07:28:13,7630.0,7679.5,Call DEX 5,DEX,46.801,9496.085854635336,9565.394668060637
2026-10-08 07:28:13,7650.0,7699.75,Call CEX 3,CEX,387774.577,9496.085854635336,9565.394668060637
2026-10-08 07:28:13,7650.0,7699.75,Put GEX 2,GEX,-189043.635,9496.085854635336,9565.394668060637
2026-10-08 07:28:13,7650.0,7699.75,Call VEX 4,VEX,528283.177,9496.085854635336,9565.394668060637
2026-10-08 07:28:13,7700.0,7750.0,Call CEX 1,CEX,463924.828,9496.085854635336,9565.394668060637
2026-10-08 07:28:13,7700.0,7750.0,Call DEX 1,DEX,92.157,9496.085854635336,9565.394668060637
2026-10-08 07:28:13,7700.0,7750.0,Put GEX 5,GEX,-107776.484,9496.085854635336,9565.394668060637
2026-10-08 07:28:13,7700.0,7750.0,Call VEX 1,VEX,764938.687,9496.085854635336,9565.394668060637
2026-10-08 07:28:13,7750.0,7800.25,Call DEX 3,DEX,79.571,9496.085854635336,9565.394668060637
2026-10-08 07:28:13,7750.0,7800.25,Call VEX 5,VEX,490038.687,9496.085854635336,9565.394668060637
2026-10-08 07:28:13,7800.0,7850.75,Put CEX 4,CEX,-291351.72,9496.085854635336,9565.394668060637
2026-10-08 07:28:13,7800.0,7850.75,Call DEX 4,DEX,53.154,9496.085854635336,9565.394668060637
2026-10-08 07:28:13,7800.0,7850.75,Call GEX 2,GEX,375511.879,9496.085854635336,9565.394668060637
2026-10-08 07:28:13,7825.0,7875.75,Call GEX 3,GEX,374320.681,9496.085854635336,9565.394668060637
2026-10-08 07:28:13,7850.0,7901.0,Put CEX 3,CEX,-344367.943,9496.085854635336,9565.394668060637
2026-10-08 07:28:13,7850.0,7901.0,Call GEX 1,GEX,390780.2,9496.085854635336,9565.394668060637
2026-10-08 07:28:13,7850.0,7901.0,Put VEX 3,VEX,-301119.481,9496.085854635336,9565.394668060637
2026-10-08 07:28:13,7870.0,7921.25,Call GEX 5,GEX,274871.857,9496.085854635336,9565.394668060637
2026-10-08 07:28:13,7870.0,7921.25,Put VEX 5,VEX,-204301.059,9496.085854635336,9565.394668060637
2026-10-08 07:28:13,7900.0,7951.25,Put CEX 2,CEX,-404942.993,9496.085854635336,9565.394668060637
2026-10-08 07:28:13,7900.0,7951.25,Call GEX 4,GEX,369880.19,9496.085854635336,9565.394668060637
2026-10-08 07:28:13,7900.0,7951.25,Put VEX 2,VEX,-426915.717,9496.085854635336,9565.394668060637
2026-10-08 07:28:13,7950.0,8001.75,Put CEX 5,CEX,-228171.798,9496.085854635336,9565.394668060637
2026-10-08 07:28:13,7950.0,8001.75,Put VEX 4,VEX,-263944.988,9496.085854635336,9565.394668060637
2026-10-08 07:28:13,8000.0,8052.0,Put CEX 1,CEX,-3543994.258,9496.085854635336,9565.394668060637
2026-10-08 07:28:13,8000.0,8052.0,Put DEX 1,DEX,-1317.048,9496.085854635336,9565.394668060637
2026-10-08 07:28:13,8000.0,8052.0,Put GEX 1,GEX,-435494.752,9496.085854635336,9565.394668060637
2026-10-08 07:28:13,8000.0,8052.0,Put VEX 1,VEX,-4467832.054,9496.085854635336,9565.394668060637
2026-10-08 07:28:13,8250.0,8303.5,Put DEX 2,DEX,-25.347,9496.085854635336,9565.394668060637
2026-10-08 07:29:02,7000.0,7045.75,Call CEX 2,CEX,403029.285,8002.973011809909,9265.00999095159
2026-10-08 07:29:02,7000.0,7045.75,Put DEX 4,DEX,-10.586,8002.973011809909,9265.00999095159
2026-10-08 07:29:02,7000.0,7045.75,Call VEX 2,VEX,576106.482,8002.973011809909,9265.00999095159
2026-10-08 07:29:02,7400.0,7448.25,Put DEX 5,DEX,-5.295,8002.973011809909,9265.00999095159
2026-10-08 07:29:02,7500.0,7549.0,Call CEX 5,CEX,298254.171,8002.973011809909,9265.00999095159
2026-10-08 07:29:02,7500.0,7549.0,Put DEX 3,DEX,-15.853,8002.973011809909,9265.00999095159
2026-10-08 07:29:02,7500.0,7549.0,Put GEX 3,GEX,-142942.258,8002.973011809909,9265.00999095159
2026-10-08 07:29:02,7600.0,7649.5,Call CEX 4,CEX,379476.866,8002.973011809909,9265.00999095159
2026-10-08 07:29:02,7600.0,7649.5,Call DEX 3,DEX,78.87,8002.973011809909,9265.00999095159
2026-10-08 07:29:02,7600.0,7649.5,Put GEX 4,GEX,-137653.89,8002.973011809909,9265.00999095159
2026-10-08 07:29:02,7600.0,7649.5,Call VEX 3,VEX,552818.034,8002.973011809909,9265.00999095159
2026-10-08 07:29:02,7630.0,7679.75,Call DEX 5,DEX,46.975,8002.973011809909,9265.00999095159
2026-10-08 07:29:02,7650.0,7700.0,Call CEX 3,CEX,381893.046,8002.973011809909,9265.00999095159
2026-10-08 07:29:02,7650.0,7700.0,Put GEX 2,GEX,-187387.998,8002.973011809909,9265.00999095159
2026-10-08 07:29:02,7650.0,7700.0,Call VEX 4,VEX,521812.872,8002.973011809909,9265.00999095159
2026-10-08 07:29:02,7700.0,7750.25,Call CEX 1,CEX,470324.322,8002.973011809909,9265.00999095159
2026-10-08 07:29:02,7700.0,7750.25,Call DEX 1,DEX,94.326,8002.973011809909,9265.00999095159
2026-10-08 07:29:02,7700.0,7750.25,Put GEX 5,GEX,-108632.357,8002.973011809909,9265.00999095159
2026-10-08 07:29:02,7700.0,7750.25,Call VEX 1,VEX,771355.873,8002.973011809909,9265.00999095159
2026-10-08 07:29:02,7750.0,7800.5,Call DEX 2,DEX,82.819,8002.973011809909,9265.00999095159
2026-10-08 07:29:02,7750.0,7800.5,Call VEX 5,VEX,510303.481,8002.973011809909,9265.00999095159
2026-10-08 07:29:02,7800.0,7851.0,Put CEX 4,CEX,-258042.486,8002.973011809909,9265.00999095159
2026-10-08 07:29:02,7800.0,7851.0,Call DEX 4,DEX,58.25,8002.973011809909,9265.00999095159
2026-10-08 07:29:02,7800.0,7851.0,Call GEX 4,GEX,369015.572,8002.973011809909,9265.00999095159
2026-10-08 07:29:02,7825.0,7876.0,Call GEX 3,GEX,376869.504,8002.973011809909,9265.00999095159
2026-10-08 07:29:02,7850.0,7901.25,Put CEX 3,CEX,-337476.69,8002.973011809909,9265.00999095159
2026-10-08 07:29:02,7850.0,7901.25,Call GEX 1,GEX,395294.397,8002.973011809909,9265.00999095159
2026-10-08 07:29:02,7850.0,7901.25,Put VEX 3,VEX,-290826.073,8002.973011809909,9265.00999095159
2026-10-08 07:29:02,7870.0,7921.5,Call GEX 5,GEX,280141.341,8002.973011809909,9265.00999095159
2026-10-08 07:29:02,7870.0,7921.5,Put VEX 5,VEX,-201169.523,8002.973011809909,9265.00999095159
2026-10-08 07:29:02,7900.0,7951.5,Put CEX 2,CEX,-408118.82,8002.973011809909,9265.00999095159
2026-10-08 07:29:02,7900.0,7951.5,Call GEX 2,GEX,379817.088,8002.973011809909,9265.00999095159
2026-10-08 07:29:02,7900.0,7951.5,Put VEX 2,VEX,-427592.438,8002.973011809909,9265.00999095159
2026-10-08 07:29:02,7950.0,8002.0,Put CEX 5,CEX,-232992.276,8002.973011809909,9265.00999095159
2026-10-08 07:29:02,7950.0,8002.0,Put VEX 4,VEX,-268684.712,8002.973011809909,9265.00999095159
2026-10-08 07:29:02,8000.0,8052.25,Put CEX 1,CEX,-3567123.506,8002.973011809909,9265.00999095159
2026-10-08 07:29:02,8000.0,8052.25,Put DEX 1,DEX,-1320.135,8002.973011809909,9265.00999095159
2026-10-08 07:29:02,8000.0,8052.25,Put GEX 1,GEX,-394181.046,8002.973011809909,9265.00999095159
2026-10-08 07:29:02,8000.0,8052.25,Put VEX 1,VEX,-4492325.62,8002.973011809909,9265.00999095159
2026-10-08 07:29:02,8250.0,8303.75,Put DEX 2,DEX,-25.422,8002.973011809909,9265.00999095159
2026-10-08 07:29:51,7000.0,7045.5,Call CEX 2,CEX,393708.018,8002.973697902309,9266.96155250372
2026-10-08 07:29:51,7000.0,7045.5,Put DEX 4,DEX,-10.253,8002.973697902309,9266.96155250372
2026-10-08 07:29:51,7000.0,7045.5,Call VEX 2,VEX,562792.235,8002.973697902309,9266.96155250372
2026-10-08 07:29:51,7400.0,7448.0,Put DEX 5,DEX,-5.221,8002.973697902309,9266.96155250372
2026-10-08 07:29:51,7500.0,7548.75,Call CEX 5,CEX,294654.145,8002.973697902309,9266.96155250372
2026-10-08 07:29:51,7500.0,7548.75,Put DEX 3,DEX,-15.472,8002.973697902309,9266.96155250372
2026-10-08 07:29:51,7500.0,7548.75,Put GEX 4,GEX,-140003.211,8002.973697902309,9266.96155250372
2026-10-08 07:29:51,7600.0,7649.25,Call CEX 4,CEX,368953.375,8002.973697902309,9266.96155250372
2026-10-08 07:29:51,7600.0,7649.25,Call DEX 3,DEX,80.357,8002.973697902309,9266.96155250372
2026-10-08 07:29:51,7600.0,7649.25,Put GEX 3,GEX,-140933.364,8002.973697902309,9266.96155250372
2026-10-08 07:29:51,7600.0,7649.25,Call VEX 3,VEX,536284.321,8002.973697902309,9266.96155250372
2026-10-08 07:29:51,7630.0,7679.5,Call DEX 5,DEX,47.611,8002.973697902309,9266.96155250372
2026-10-08 07:29:51,7650.0,7699.75,Call CEX 3,CEX,379020.989,8002.973697902309,9266.96155250372
2026-10-08 07:29:51,7650.0,7699.75,Put GEX 2,GEX,-184887.561,8002.973697902309,9266.96155250372
2026-10-08 07:29:51,7650.0,7699.75,Call VEX 5,VEX,517273.981,8002.973697902309,9266.96155250372
2026-10-08 07:29:51,7700.0,7750.0,Call CEX 1,CEX,475098.01,8002.973697902309,9266.96155250372
2026-10-08 07:29:51,7700.0,7750.0,Call DEX 1,DEX,97.384,8002.973697902309,9266.96155250372
2026-10-08 07:29:51,7700.0,7750.0,Put GEX 5,GEX,-108242.005,8002.973697902309,9266.96155250372
2026-10-08 07:29:51,7700.0,7750.0,Call VEX 1,VEX,776836.95,8002.973697902309,9266.96155250372
2026-10-08 07:29:51,7750.0,7800.25,Call DEX 2,DEX,86.416,8002.973697902309,9266.96155250372
2026-10-08 07:29:51,7750.0,7800.25,Call VEX 4,VEX,532070.819,8002.973697902309,9266.96155250372
2026-10-08 07:29:51,7800.0,7850.75,Put CEX 5,CEX,-224442.748,8002.973697902309,9266.96155250372
2026-10-08 07:29:51,7800.0,7850.75,Call DEX 4,DEX,63.375,8002.973697902309,9266.96155250372
2026-10-08 07:29:51,7800.0,7850.75,Call GEX 4,GEX,379910.428,8002.973697902309,9266.96155250372
2026-10-08 07:29:51,7825.0,7875.75,Call GEX 3,GEX,382783.301,8002.973697902309,9266.96155250372
2026-10-08 07:29:51,7850.0,7901.0,Put CEX 3,CEX,-331076.124,8002.973697902309,9266.96155250372
2026-10-08 07:29:51,7850.0,7901.0,Call GEX 1,GEX,404377.566,8002.973697902309,9266.96155250372
2026-10-08 07:29:51,7850.0,7901.0,Put VEX 3,VEX,-280945.263,8002.973697902309,9266.96155250372
2026-10-08 07:29:51,7870.0,7921.0,Call GEX 5,GEX,286340.153,8002.973697902309,9266.96155250372
2026-10-08 07:29:51,7870.0,7921.0,Put VEX 5,VEX,-198344.071,8002.973697902309,9266.96155250372
2026-10-08 07:29:51,7900.0,7951.25,Put CEX 2,CEX,-410199.735,8002.973697902309,9266.96155250372
2026-10-08 07:29:51,7900.0,7951.25,Call GEX 2,GEX,389903.059,8002.973697902309,9266.96155250372
2026-10-08 07:29:51,7900.0,7951.25,Put VEX 2,VEX,-427264.242,8002.973697902309,9266.96155250372
2026-10-08 07:29:51,7950.0,8001.75,Put CEX 4,CEX,-236623.252,8002.973697902309,9266.96155250372
2026-10-08 07:29:51,7950.0,8001.75,Put VEX 4,VEX,-272345.636,8002.973697902309,9266.96155250372
2026-10-08 07:29:51,8000.0,8052.0,Put CEX 1,CEX,-3635886.336,8002.973697902309,9266.96155250372
2026-10-08 07:29:51,8000.0,8052.0,Put DEX 1,DEX,-1310.812,8002.973697902309,9266.96155250372
2026-10-08 07:29:51,8000.0,8052.0,Put GEX 1,GEX,-405594.798,8002.973697902309,9266.96155250372
2026-10-08 07:29:51,8000.0,8052.0,Put VEX 1,VEX,-4574184.843,8002.973697902309,9266.96155250372
2026-10-08 07:29:51,8250.0,8303.5,Put DEX 2,DEX,-25.304,8002.973697902309,9266.96155250372
2026-10-08 07:30:39,7000.0,7045.25,Call CEX 2,CEX,394382.189,9496.65928503638,9555.028660760812
2026-10-08 07:30:39,7000.0,7045.25,Put DEX 4,DEX,-10.276,9496.65928503638,9555.028660760812
2026-10-08 07:30:39,7000.0,7045.25,Call VEX 2,VEX,563575.575,9496.65928503638,9555.028660760812
2026-10-08 07:30:39,7400.0,7448.0,Put DEX 5,DEX,-5.261,9496.65928503638,9555.028660760812
2026-10-08 07:30:39,7500.0,7548.5,Call CEX 5,CEX,297095.034,9496.65928503638,9555.028660760812
2026-10-08 07:30:39,7500.0,7548.5,Put DEX 3,DEX,-15.722,9496.65928503638,9555.028660760812
2026-10-08 07:30:39,7500.0,7548.5,Put GEX 4,GEX,-142277.341,9496.65928503638,9555.028660760812
2026-10-08 07:30:39,7600.0,7649.25,Call CEX 4,CEX,372311.52,9496.65928503638,9555.028660760812
2026-10-08 07:30:39,7600.0,7649.25,Call DEX 2,DEX,83.756,9496.65928503638,9555.028660760812
2026-10-08 07:30:39,7600.0,7649.25,Put GEX 3,GEX,-143471.632,9496.65928503638,9555.028660760812
2026-10-08 07:30:39,7600.0,7649.25,Call VEX 3,VEX,540959.743,9496.65928503638,9555.028660760812
2026-10-08 07:30:39,7630.0,7679.5,Call DEX 5,DEX,47.363,9496.65928503638,9555.028660760812
2026-10-08 07:30:39,7650.0,7699.5,Call CEX 3,CEX,385129.628,9496.65928503638,9555.028660760812
2026-10-08 07:30:39,7650.0,7699.5,Put GEX 2,GEX,-185696.346,9496.65928503638,9555.028660760812
2026-10-08 07:30:39,7650.0,7699.5,Call VEX 4,VEX,524260.309,9496.65928503638,9555.028660760812
2026-10-08 07:30:39,7700.0,7750.0,Call CEX 1,CEX,470455.572,9496.65928503638,9555.028660760812
2026-10-08 07:30:39,7700.0,7750.0,Call DEX 1,DEX,95.077,9496.65928503638,9555.028660760812
2026-10-08 07:30:39,7700.0,7750.0,Put GEX 5,GEX,-107703.899,9496.65928503638,9555.028660760812
2026-10-08 07:30:39,7700.0,7750.0,Call VEX 1,VEX,771994.481,9496.65928503638,9555.028660760812
2026-10-08 07:30:39,7750.0,7800.25,Call DEX 3,DEX,83.233,9496.65928503638,9555.028660760812
2026-10-08 07:30:39,7750.0,7800.25,Call VEX 5,VEX,512781.259,9496.65928503638,9555.028660760812
2026-10-08 07:30:39,7800.0,7850.5,Put CEX 4,CEX,-256535.283,9496.65928503638,9555.028660760812
2026-10-08 07:30:39,7800.0,7850.5,Call DEX 4,DEX,58.52,9496.65928503638,9555.028660760812
2026-10-08 07:30:39,7800.0,7850.5,Call GEX 4,GEX,379949.16,9496.65928503638,9555.028660760812
2026-10-08 07:30:39,7825.0,7875.75,Call GEX 3,GEX,380091.094,9496.65928503638,9555.028660760812
2026-10-08 07:30:39,7850.0,7900.75,Put CEX 3,CEX,-337984.91,9496.65928503638,9555.028660760812
2026-10-08 07:30:39,7850.0,7900.75,Call GEX 1,GEX,398456.985,9496.65928503638,9555.028660760812
2026-10-08 07:30:39,7850.0,7900.75,Put VEX 3,VEX,-291020.626,9496.65928503638,9555.028660760812
2026-10-08 07:30:39,7870.0,7921.0,Call GEX 5,GEX,281204.16,9496.65928503638,9555.028660760812
2026-10-08 07:30:39,7870.0,7921.0,Put VEX 5,VEX,-201535.156,9496.65928503638,9555.028660760812
2026-10-08 07:30:39,7900.0,7951.25,Put CEX 2,CEX,-407670.345,9496.65928503638,9555.028660760812
2026-10-08 07:30:39,7900.0,7951.25,Call GEX 2,GEX,380158.871,9496.65928503638,9555.028660760812
2026-10-08 07:30:39,7900.0,7951.25,Put VEX 2,VEX,-427182.335,9496.65928503638,9555.028660760812
2026-10-08 07:30:39,7950.0,8001.5,Put CEX 5,CEX,-232867.033,9496.65928503638,9555.028660760812
2026-10-08 07:30:39,7950.0,8001.5,Put VEX 4,VEX,-268497.51,9496.65928503638,9555.028660760812
2026-10-08 07:30:39,8000.0,8051.75,Put CEX 1,CEX,-3608227.674,9496.65928503638,9555.028660760812
2026-10-08 07:30:39,8000.0,8051.75,Put DEX 1,DEX,-1311.517,9496.65928503638,9555.028660760812
2026-10-08 07:30:39,8000.0,8051.75,Put GEX 1,GEX,-419608.243,9496.65928503638,9555.028660760812
2026-10-08 07:30:39,8000.0,8051.75,Put VEX 1,VEX,-4543532.381,9496.65928503638,9555.028660760812
2026-10-08 07:30:39,8250.0,8303.5,Put DEX 2,DEX,-25.312,9496.65928503638,9555.028660760812
2026-10-08 07:31:30,7000.0,7046.25,Call CEX 2,CEX,394406.666,8002.968353204149,9274.406122372511
2026-10-08 07:31:30,7000.0,7046.25,Put DEX 4,DEX,-10.276,8002.968353204149,9274.406122372511
2026-10-08 07:31:30,7000.0,7046.25,Call VEX 2,VEX,563569.545,8002.968353204149,9274.406122372511
2026-10-08 07:31:30,7400.0,7449.0,Put DEX 5,DEX,-5.261,8002.968353204149,9274.406122372511
2026-10-08 07:31:30,7500.0,7549.5,Call CEX 5,CEX,297085.205,8002.968353204149,9274.406122372511
2026-10-08 07:31:30,7500.0,7549.5,Put DEX 3,DEX,-15.719,8002.968353204149,9274.406122372511
2026-10-08 07:31:30,7500.0,7549.5,Put GEX 3,GEX,-142252.877,8002.968353204149,9274.406122372511
2026-10-08 07:31:30,7600.0,7650.25,Call CEX 4,CEX,384955.357,8002.968353204149,9274.406122372511
2026-10-08 07:31:30,7600.0,7650.25,Call DEX 3,DEX,82.017,8002.968353204149,9274.406122372511
2026-10-08 07:31:30,7600.0,7650.25,Put GEX 4,GEX,-133521.783,8002.968353204149,9274.406122372511
2026-10-08 07:31:30,7600.0,7650.25,Call VEX 3,VEX,560811.301,8002.968353204149,9274.406122372511
2026-10-08 07:31:30,7630.0,7680.5,Call DEX 5,DEX,46.84,8002.968353204149,9274.406122372511
2026-10-08 07:31:30,7650.0,7700.5,Call CEX 3,CEX,386989.316,8002.968353204149,9274.406122372511
2026-10-08 07:31:30,7650.0,7700.5,Put GEX 2,GEX,-183867.435,8002.968353204149,9274.406122372511
2026-10-08 07:31:30,7650.0,7700.5,Call VEX 4,VEX,526722.466,8002.968353204149,9274.406122372511
2026-10-08 07:31:30,7700.0,7750.75,Call CEX 1,CEX,471065.585,8002.968353204149,9274.406122372511
2026-10-08 07:31:30,7700.0,7750.75,Call DEX 1,DEX,94.398,8002.968353204149,9274.406122372511
2026-10-08 07:31:30,7700.0,7750.75,Put GEX 5,GEX,-108198.758,8002.968353204149,9274.406122372511
2026-10-08 07:31:30,7700.0,7750.75,Call VEX 1,VEX,771909.977,8002.968353204149,9274.406122372511
2026-10-08 07:31:30,7750.0,7801.25,Call DEX 2,DEX,82.92,8002.968353204149,9274.406122372511
2026-10-08 07:31:30,7750.0,7801.25,Call VEX 5,VEX,510935.645,8002.968353204149,9274.406122372511
2026-10-08 07:31:30,7800.0,7851.5,Put CEX 4,CEX,-256012.939,8002.968353204149,9274.406122372511
2026-10-08 07:31:30,7800.0,7851.5,Call DEX 4,DEX,58.556,8002.968353204149,9274.406122372511
2026-10-08 07:31:30,7800.0,7851.5,Call GEX 4,GEX,366880.124,8002.968353204149,9274.406122372511
2026-10-08 07:31:30,7825.0,7876.75,Call GEX 3,GEX,376789.179,8002.968353204149,9274.406122372511
2026-10-08 07:31:30,7850.0,7901.75,Put CEX 3,CEX,-337355.562,8002.968353204149,9274.406122372511
2026-10-08 07:31:30,7850.0,7901.75,Call GEX 1,GEX,395687.441,8002.968353204149,9274.406122372511
2026-10-08 07:31:30,7850.0,7901.75,Put VEX 3,VEX,-290423.905,8002.968353204149,9274.406122372511
2026-10-08 07:31:30,7870.0,7922.0,Call GEX 5,GEX,280506.037,8002.968353204149,9274.406122372511
2026-10-08 07:31:30,7870.0,7922.0,Put VEX 5,VEX,-201039.198,8002.968353204149,9274.406122372511
2026-10-08 07:31:30,7900.0,7952.25,Put CEX 2,CEX,-407929.116,8002.968353204149,9274.406122372511
2026-10-08 07:31:30,7900.0,7952.25,Call GEX 2,GEX,379999.485,8002.968353204149,9274.406122372511
2026-10-08 07:31:30,7900.0,7952.25,Put VEX 2,VEX,-427269.584,8002.968353204149,9274.406122372511
2026-10-08 07:31:30,7950.0,8002.5,Put CEX 5,CEX,-233503.823,8002.968353204149,9274.406122372511
2026-10-08 07:31:30,7950.0,8002.5,Put VEX 4,VEX,-269216.099,8002.968353204149,9274.406122372511
2026-10-08 07:31:30,8000.0,8052.75,Put CEX 1,CEX,-3555995.125,8002.968353204149,9274.406122372511
2026-10-08 07:31:30,8000.0,8052.75,Put DEX 1,DEX,-1321.473,8002.968353204149,9274.406122372511
2026-10-08 07:31:30,8000.0,8052.75,Put GEX 1,GEX,-397977.794,8002.968353204149,9274.406122372511
2026-10-08 07:31:30,8000.0,8052.75,Put VEX 1,VEX,-4477154.603,8002.968353204149,9274.406122372511
2026-10-08 07:31:30,8250.0,8304.5,Put DEX 2,DEX,-25.45,8002.968353204149,9274.406122372511
2026-10-08 07:32:18,7000.0,7045.75,Call CEX 2,CEX,394327.518,8003.014339999728,9270.832278570022
2026-10-08 07:32:18,7000.0,7045.75,Put DEX 4,DEX,-10.272,8003.014339999728,9270.832278570022
2026-10-08 07:32:18,7000.0,7045.75,Call VEX 2,VEX,563439.537,8003.014339999728,9270.832278570022
2026-10-08 07:32:18,7400.0,7448.25,Put DEX 5,DEX,-5.257,8003.014339999728,9270.832278570022
2026-10-08 07:32:18,7500.0,7549.0,Call CEX 5,CEX,296994.852,8003.014339999728,9270.832278570022
2026-10-08 07:32:18,7500.0,7549.0,Put DEX 3,DEX,-15.704,8003.014339999728,9270.832278570022
2026-10-08 07:32:18,7500.0,7549.0,Put GEX 3,GEX,-141997.161,8003.014339999728,9270.832278570022
2026-10-08 07:32:18,7600.0,7649.5,Call CEX 4,CEX,381389.828,8003.014339999728,9270.832278570022
2026-10-08 07:32:18,7600.0,7649.5,Call DEX 3,DEX,82.819,8003.014339999728,9270.832278570022
2026-10-08 07:32:18,7600.0,7649.5,Put GEX 4,GEX,-135779.974,8003.014339999728,9270.832278570022
2026-10-08 07:32:18,7600.0,7649.5,Call VEX 3,VEX,555192.44,8003.014339999728,9270.832278570022
2026-10-08 07:32:18,7630.0,7679.75,Call DEX 5,DEX,46.957,8003.014339999728,9270.832278570022
2026-10-08 07:32:18,7650.0,7700.0,Call CEX 3,CEX,382862.027,8003.014339999728,9270.832278570022
2026-10-08 07:32:18,7650.0,7700.0,Put GEX 2,GEX,-185920.205,8003.014339999728,9270.832278570022
2026-10-08 07:32:18,7650.0,7700.0,Call VEX 4,VEX,522271.843,8003.014339999728,9270.832278570022
2026-10-08 07:32:18,7700.0,7750.25,Call CEX 1,CEX,471610.668,8003.014339999728,9270.832278570022
2026-10-08 07:32:18,7700.0,7750.25,Call DEX 1,DEX,94.849,8003.014339999728,9270.832278570022
2026-10-08 07:32:18,7700.0,7750.25,Put GEX 5,GEX,-108035.162,8003.014339999728,9270.832278570022
2026-10-08 07:32:18,7700.0,7750.25,Call VEX 1,VEX,772441.445,8003.014339999728,9270.832278570022
2026-10-08 07:32:18,7750.0,7800.5,Call DEX 2,DEX,83.56,8003.014339999728,9270.832278570022
2026-10-08 07:32:18,7750.0,7800.5,Call VEX 5,VEX,514849.411,8003.014339999728,9270.832278570022
2026-10-08 07:32:18,7800.0,7850.75,Put CEX 4,CEX,-250707.012,8003.014339999728,9270.832278570022
2026-10-08 07:32:18,7800.0,7850.75,Call DEX 4,DEX,59.397,8003.014339999728,9270.832278570022
2026-10-08 07:32:18,7800.0,7850.75,Call GEX 4,GEX,370751.817,8003.014339999728,9270.832278570022
2026-10-08 07:32:18,7825.0,7876.0,Call GEX 3,GEX,378269.876,8003.014339999728,9270.832278570022
2026-10-08 07:32:18,7850.0,7901.25,Put CEX 3,CEX,-336315.968,8003.014339999728,9270.832278570022
2026-10-08 07:32:18,7850.0,7901.25,Call GEX 1,GEX,397527.068,8003.014339999728,9270.832278570022
2026-10-08 07:32:18,7850.0,7901.25,Put VEX 3,VEX,-288784.5,8003.014339999728,9270.832278570022
2026-10-08 07:32:18,7870.0,7921.25,Call GEX 5,GEX,281731.869,8003.014339999728,9270.832278570022
2026-10-08 07:32:18,7870.0,7921.25,Put VEX 5,VEX,-200718.648,8003.014339999728,9270.832278570022
2026-10-08 07:32:18,7900.0,7951.5,Put CEX 2,CEX,-408336.211,8003.014339999728,9270.832278570022
2026-10-08 07:32:18,7900.0,7951.5,Call GEX 2,GEX,381709.804,8003.014339999728,9270.832278570022
2026-10-08 07:32:18,7900.0,7951.5,Put VEX 2,VEX,-427252.585,8003.014339999728,9270.832278570022
2026-10-08 07:32:18,7950.0,8001.75,Put CEX 5,CEX,-233763.684,8003.014339999728,9270.832278570022
2026-10-08 07:32:18,7950.0,8001.75,Put VEX 4,VEX,-269412.221,8003.014339999728,9270.832278570022
2026-10-08 07:32:18,8000.0,8052.25,Put CEX 1,CEX,-3573381.732,8003.014339999728,9270.832278570022
2026-10-08 07:32:18,8000.0,8052.25,Put DEX 1,DEX,-1318.36,8003.014339999728,9270.832278570022
2026-10-08 07:32:18,8000.0,8052.25,Put GEX 1,GEX,-407594.15,8003.014339999728,9270.832278570022
2026-10-08 07:32:18,8000.0,8052.25,Put VEX 1,VEX,-4498125.324,8003.014339999728,9270.832278570022
2026-10-08 07:32:18,8250.0,8303.75,Put DEX 2,DEX,-25.404,8003.014339999728,9270.832278570022
2026-10-08 07:33:06,7000.0,7045.0,Call CEX 2,CEX,394222.424,8003.104015937514,9273.69354657056
2026-10-08 07:33:06,7000.0,7045.0,Put DEX 4,DEX,-10.267,8003.104015937514,9273.69354657056
2026-10-08 07:33:06,7000.0,7045.0,Call VEX 2,VEX,563277.895,8003.104015937514,9273.69354657056
2026-10-08 07:33:06,7400.0,7447.5,Put DEX 5,DEX,-5.252,8003.104015937514,9273.69354657056
2026-10-08 07:33:06,7500.0,7548.25,Call CEX 5,CEX,295555.707,8003.104015937514,9273.69354657056
2026-10-08 07:33:06,7500.0,7548.25,Put DEX 3,DEX,-15.553,8003.104015937514,9273.69354657056
2026-10-08 07:33:06,7500.0,7548.25,Put GEX 4,GEX,-141045.443,8003.104015937514,9273.69354657056
2026-10-08 07:33:06,7600.0,7648.75,Call CEX 4,CEX,371531.618,8003.104015937514,9273.69354657056
2026-10-08 07:33:06,7600.0,7648.75,Call DEX 3,DEX,79.842,8003.104015937514,9273.69354657056
2026-10-08 07:33:06,7600.0,7648.75,Put GEX 3,GEX,-142777.29,8003.104015937514,9273.69354657056
2026-10-08 07:33:06,7600.0,7648.75,Call VEX 3,VEX,539903.897,8003.104015937514,9273.69354657056
2026-10-08 07:33:06,7630.0,7679.0,Call DEX 5,DEX,47.485,8003.104015937514,9273.69354657056
2026-10-08 07:33:06,7650.0,7699.25,Call CEX 3,CEX,381280.642,8003.104015937514,9273.69354657056
2026-10-08 07:33:06,7650.0,7699.25,Put GEX 2,GEX,-186741.219,8003.104015937514,9273.69354657056
2026-10-08 07:33:06,7650.0,7699.25,Call VEX 5,VEX,519898.174,8003.104015937514,9273.69354657056
2026-10-08 07:33:06,7700.0,7749.5,Call CEX 1,CEX,472033.064,8003.104015937514,9273.69354657056
2026-10-08 07:33:06,7700.0,7749.5,Call DEX 1,DEX,95.882,8003.104015937514,9273.69354657056
2026-10-08 07:33:06,7700.0,7749.5,Put GEX 5,GEX,-107578.191,8003.104015937514,9273.69354657056
2026-10-08 07:33:06,7700.0,7749.5,Call VEX 1,VEX,773326.861,8003.104015937514,9273.69354657056
2026-10-08 07:33:06,7750.0,7799.75,Call DEX 2,DEX,84.494,8003.104015937514,9273.69354657056
2026-10-08 07:33:06,7750.0,7799.75,Call VEX 4,VEX,520445.285,8003.104015937514,9273.69354657056
2026-10-08 07:33:06,7800.0,7850.0,Put CEX 4,CEX,-244084.333,8003.104015937514,9273.69354657056
2026-10-08 07:33:06,7800.0,7850.0,Call DEX 4,DEX,60.451,8003.104015937514,9273.69354657056
2026-10-08 07:33:06,7800.0,7850.0,Call GEX 4,GEX,381199.598,8003.104015937514,9273.69354657056
2026-10-08 07:33:06,7825.0,7875.25,Call GEX 3,GEX,381656.26,8003.104015937514,9273.69354657056
2026-10-08 07:33:06,7850.0,7900.5,Put CEX 3,CEX,-335579.631,8003.104015937514,9273.69354657056
2026-10-08 07:33:06,7850.0,7900.5,Call GEX 1,GEX,401251.213,8003.104015937514,9273.69354657056
2026-10-08 07:33:06,7850.0,7900.5,Put VEX 3,VEX,-287267.183,8003.104015937514,9273.69354657056
2026-10-08 07:33:06,7870.0,7920.5,Call GEX 5,GEX,283497.674,8003.104015937514,9273.69354657056
2026-10-08 07:33:06,7870.0,7920.5,Put VEX 5,VEX,-200469.902,8003.104015937514,9273.69354657056
2026-10-08 07:33:06,7900.0,7950.75,Put CEX 2,CEX,-408642.429,8003.104015937514,9273.69354657056
2026-10-08 07:33:06,7900.0,7950.75,Call GEX 2,GEX,383946.685,8003.104015937514,9273.69354657056
2026-10-08 07:33:06,7900.0,7950.75,Put VEX 2,VEX,-427139.686,8003.104015937514,9273.69354657056
2026-10-08 07:33:06,7950.0,8001.0,Put CEX 5,CEX,-233975.449,8003.104015937514,9273.69354657056
2026-10-08 07:33:06,7950.0,8001.0,Put VEX 4,VEX,-269568.23,8003.104015937514,9273.69354657056
2026-10-08 07:33:06,8000.0,8051.5,Put CEX 1,CEX,-3604834.512,8003.104015937514,9273.69354657056
2026-10-08 07:33:06,8000.0,8051.5,Put DEX 1,DEX,-1311.882,8003.104015937514,9273.69354657056
2026-10-08 07:33:06,8000.0,8051.5,Put GEX 1,GEX,-426764.658,8003.104015937514,9273.69354657056
2026-10-08 07:33:06,8000.0,8051.5,Put VEX 1,VEX,-4537247.425,8003.104015937514,9273.69354657056
2026-10-08 07:33:06,8250.0,8303.0,Put DEX 2,DEX,-25.307,8003.104015937514,9273.69354657056
2026-10-08 07:33:55,7000.0,7045.25,Call CEX 2,CEX,394089.105,9496.353080796742,9559.126365054604
2026-10-08 07:33:55,7000.0,7045.25,Put DEX 4,DEX,-10.261,9496.353080796742,9559.126365054604
2026-10-08 07:33:55,7000.0,7045.25,Call VEX 2,VEX,563081.548,9496.353080796742,9559.126365054604
2026-10-08 07:33:55,7400.0,7448.0,Put DEX 5,DEX,-5.234,9496.353080796742,9559.126365054604
2026-10-08 07:33:55,7500.0,7548.5,Call CEX 5,CEX,295393.296,9496.353080796742,9559.126365054604
2026-10-08 07:33:55,7500.0,7548.5,Put DEX 3,DEX,-15.531,9496.353080796742,9559.126365054604
2026-10-08 07:33:55,7500.0,7548.5,Put GEX 3,GEX,-140656.473,9496.353080796742,9559.126365054604
2026-10-08 07:33:55,7600.0,7649.25,Call CEX 4,CEX,373079.4,9496.353080796742,9559.126365054604
2026-10-08 07:33:55,7600.0,7649.25,Call DEX 3,DEX,83.527,9496.353080796742,9559.126365054604
2026-10-08 07:33:55,7600.0,7649.25,Put GEX 4,GEX,-139652.382,9496.353080796742,9559.126365054604
2026-10-08 07:33:55,7600.0,7649.25,Call VEX 3,VEX,542288.488,9496.353080796742,9559.126365054604
2026-10-08 07:33:55,7630.0,7679.25,Call DEX 5,DEX,47.451,9496.353080796742,9559.126365054604
2026-10-08 07:33:55,7650.0,7699.5,Call CEX 3,CEX,382923.29,9496.353080796742,9559.126365054604
2026-10-08 07:33:55,7650.0,7699.5,Put GEX 2,GEX,-183994.324,9496.353080796742,9559.126365054604
2026-10-08 07:33:55,7650.0,7699.5,Call VEX 5,VEX,521390.659,9496.353080796742,9559.126365054604
2026-10-08 07:33:55,7700.0,7749.75,Call CEX 1,CEX,473966.455,9496.353080796742,9559.126365054604
2026-10-08 07:33:55,7700.0,7749.75,Call DEX 1,DEX,96.671,9496.353080796742,9559.126365054604
2026-10-08 07:33:55,7700.0,7749.75,Put GEX 5,GEX,-107746.007,9496.353080796742,9559.126365054604
2026-10-08 07:33:55,7700.0,7749.75,Call VEX 1,VEX,775477.164,9496.353080796742,9559.126365054604
2026-10-08 07:33:55,7750.0,7800.25,Call DEX 2,DEX,85.365,9496.353080796742,9559.126365054604
2026-10-08 07:33:55,7750.0,7800.25,Call VEX 4,VEX,525736.813,9496.353080796742,9559.126365054604
2026-10-08 07:33:55,7800.0,7850.5,Put CEX 4,CEX,-236017.351,9496.353080796742,9559.126365054604
2026-10-08 07:33:55,7800.0,7850.5,Call DEX 4,DEX,61.727,9496.353080796742,9559.126365054604
2026-10-08 07:33:55,7800.0,7850.5,Call GEX 4,GEX,379987.992,9496.353080796742,9559.126365054604
2026-10-08 07:33:55,7825.0,7875.75,Call GEX 3,GEX,382851.617,9496.353080796742,9559.126365054604
2026-10-08 07:33:55,7850.0,7900.75,Put CEX 3,CEX,-334046.196,9496.353080796742,9559.126365054604
2026-10-08 07:33:55,7850.0,7900.75,Call GEX 1,GEX,402633.937,9496.353080796742,9559.126365054604
2026-10-08 07:33:55,7850.0,7900.75,Put VEX 3,VEX,-284820.992,9496.353080796742,9559.126365054604
2026-10-08 07:33:55,7870.0,7921.0,Call GEX 5,GEX,284976.027,9496.353080796742,9559.126365054604
2026-10-08 07:33:55,7870.0,7921.0,Put VEX 5,VEX,-199730.062,9496.353080796742,9559.126365054604
2026-10-08 07:33:55,7900.0,7951.0,Put CEX 2,CEX,-409045.06,9496.353080796742,9559.126365054604
2026-10-08 07:33:55,7900.0,7951.0,Call GEX 2,GEX,386244.464,9496.353080796742,9559.126365054604
2026-10-08 07:33:55,7900.0,7951.0,Put VEX 2,VEX,-426994.593,9496.353080796742,9559.126365054604
2026-10-08 07:33:55,7950.0,8001.5,Put CEX 5,CEX,-234809.277,9496.353080796742,9559.126365054604
2026-10-08 07:33:55,7950.0,8001.5,Put VEX 4,VEX,-270410.407,9496.353080796742,9559.126365054604
2026-10-08 07:33:55,8000.0,8051.75,Put CEX 1,CEX,-3623323.222,9496.353080796742,9559.126365054604
2026-10-08 07:33:55,8000.0,8051.75,Put DEX 1,DEX,-1311.31,9496.353080796742,9559.126365054604
2026-10-08 07:33:55,8000.0,8051.75,Put GEX 1,GEX,-412682.442,9496.353080796742,9559.126365054604
2026-10-08 07:33:55,8000.0,8051.75,Put VEX 1,VEX,-4559130.654,9496.353080796742,9559.126365054604
2026-10-08 07:33:55,8250.0,8303.5,Put DEX 2,DEX,-25.321,9496.353080796742,9559.126365054604
2026-10-08 07:34:43,7000.0,7045.5,Call CEX 2,CEX,394197.293,9490.22833782032,9609.439910979228
2026-10-08 07:34:43,7000.0,7045.5,Put DEX 4,DEX,-10.264,9490.22833782032,9609.439910979228
2026-10-08 07:34:43,7000.0,7045.5,Call VEX 2,VEX,563180.152,9490.22833782032,9609.439910979228
2026-10-08 07:34:43,7400.0,7448.25,Put DEX 5,DEX,-5.236,9490.22833782032,9609.439910979228
2026-10-08 07:34:43,7500.0,7548.75,Call CEX 5,CEX,295361.268,9490.22833782032,9609.439910979228
2026-10-08 07:34:43,7500.0,7548.75,Put DEX 3,DEX,-15.524,9490.22833782032,9609.439910979228
2026-10-08 07:34:43,7500.0,7548.75,Put GEX 3,GEX,-140777.858,9490.22833782032,9609.439910979228
2026-10-08 07:34:43,7600.0,7649.5,Call CEX 4,CEX,372440.143,9490.22833782032,9609.439910979228
2026-10-08 07:34:43,7600.0,7649.5,Call DEX 3,DEX,83.579,9490.22833782032,9609.439910979228
2026-10-08 07:34:43,7600.0,7649.5,Put GEX 4,GEX,-140491.85,9490.22833782032,9609.439910979228
2026-10-08 07:34:43,7600.0,7649.5,Call VEX 3,VEX,541225.61,9490.22833782032,9609.439910979228
2026-10-08 07:34:43,7630.0,7679.75,Call DEX 5,DEX,47.441,9490.22833782032,9609.439910979228
2026-10-08 07:34:43,7650.0,7699.75,Call CEX 3,CEX,380168.128,9490.22833782032,9609.439910979228
2026-10-08 07:34:43,7650.0,7699.75,Put GEX 2,GEX,-186222.168,9490.22833782032,9609.439910979228
2026-10-08 07:34:43,7650.0,7699.75,Call VEX 5,VEX,518824.493,9490.22833782032,9609.439910979228
2026-10-08 07:34:43,7700.0,7750.25,Call CEX 1,CEX,473917.642,9490.22833782032,9609.439910979228
2026-10-08 07:34:43,7700.0,7750.25,Call DEX 1,DEX,96.138,9490.22833782032,9609.439910979228
2026-10-08 07:34:43,7700.0,7750.25,Put GEX 5,GEX,-107808.709,9490.22833782032,9609.439910979228
2026-10-08 07:34:43,7700.0,7750.25,Call VEX 1,VEX,775189.625,9490.22833782032,9609.439910979228
2026-10-08 07:34:43,7750.0,7800.5,Call DEX 2,DEX,84.865,9490.22833782032,9609.439910979228
2026-10-08 07:34:43,7750.0,7800.5,Call VEX 4,VEX,522820.317,9490.22833782032,9609.439910979228
2026-10-08 07:34:43,7800.0,7850.75,Put CEX 4,CEX,-240172.418,9490.22833782032,9609.439910979228
2026-10-08 07:34:43,7800.0,7850.75,Call DEX 4,DEX,61.085,9490.22833782032,9609.439910979228
2026-10-08 07:34:43,7800.0,7850.75,Call GEX 4,GEX,374560.136,9490.22833782032,9609.439910979228
2026-10-08 07:34:43,7825.0,7876.0,Call GEX 3,GEX,381137.782,9490.22833782032,9609.439910979228
2026-10-08 07:34:43,7850.0,7901.0,Put CEX 3,CEX,-335061.993,9490.22833782032,9609.439910979228
2026-10-08 07:34:43,7850.0,7901.0,Call GEX 1,GEX,401341.656,9490.22833782032,9609.439910979228
2026-10-08 07:34:43,7850.0,7901.0,Put VEX 3,VEX,-286229.683,9490.22833782032,9609.439910979228
2026-10-08 07:34:43,7870.0,7921.25,Call GEX 5,GEX,284186.816,9490.22833782032,9609.439910979228
2026-10-08 07:34:43,7870.0,7921.25,Put VEX 5,VEX,-200079.456,9490.22833782032,9609.439910979228
2026-10-08 07:34:43,7900.0,7951.5,Put CEX 2,CEX,-409034.539,9490.22833782032,9609.439910979228
2026-10-08 07:34:43,7900.0,7951.5,Call GEX 2,GEX,385056.131,9490.22833782032,9609.439910979228
2026-10-08 07:34:43,7900.0,7951.5,Put VEX 2,VEX,-427214.991,9490.22833782032,9609.439910979228
2026-10-08 07:34:43,7950.0,8001.75,Put CEX 5,CEX,-234269.485,9490.22833782032,9609.439910979228
2026-10-08 07:34:43,7950.0,8001.75,Put VEX 4,VEX,-269811.147,9490.22833782032,9609.439910979228
2026-10-08 07:34:43,8000.0,8052.0,Put CEX 1,CEX,-3608231.414,9490.22833782032,9609.439910979228
2026-10-08 07:34:43,8000.0,8052.0,Put DEX 1,DEX,-1312.966,9490.22833782032,9609.439910979228
2026-10-08 07:34:43,8000.0,8052.0,Put GEX 1,GEX,-415967.98,9490.22833782032,9609.439910979228
2026-10-08 07:34:43,8000.0,8052.0,Put VEX 1,VEX,-4540416.013,9490.22833782032,9609.439910979228
2026-10-08 07:34:43,8250.0,8303.75,Put DEX 2,DEX,-25.374,9490.22833782032,9609.439910979228
2026-10-08 07:35:33,7000.0,7045.0,Call CEX 2,CEX,394051.051,8003.130885120876,9272.817147284795
2026-10-08 07:35:33,7000.0,7045.0,Put DEX 4,DEX,-10.258,8003.130885120876,9272.817147284795
2026-10-08 07:35:33,7000.0,7045.0,Call VEX 2,VEX,562968.088,8003.130885120876,9272.817147284795
2026-10-08 07:35:33,7500.0,7548.25,Call CEX 5,CEX,295265.314,8003.130885120876,9272.817147284795
2026-10-08 07:35:33,7500.0,7548.25,Put DEX 3,DEX,-15.518,8003.130885120876,9272.817147284795
2026-10-08 07:35:33,7500.0,7548.25,Put GEX 4,GEX,-140419.942,8003.130885120876,9272.817147284795
2026-10-08 07:35:33,7550.0,7598.5,Put DEX 5,DEX,-8.248,8003.130885120876,9272.817147284795
2026-10-08 07:35:33,7600.0,7648.75,Call CEX 4,CEX,361549.358,8003.130885120876,9272.817147284795
2026-10-08 07:35:33,7600.0,7648.75,Call DEX 3,DEX,84.609,8003.130885120876,9272.817147284795
2026-10-08 07:35:33,7600.0,7648.75,Put GEX 3,GEX,-147877.088,8003.130885120876,9272.817147284795
2026-10-08 07:35:33,7600.0,7648.75,Call VEX 4,VEX,524202.237,8003.130885120876,9272.817147284795
2026-10-08 07:35:33,7630.0,7679.0,Call DEX 5,DEX,47.8,8003.130885120876,9272.817147284795
2026-10-08 07:35:33,7650.0,7699.25,Call CEX 3,CEX,379012.592,8003.130885120876,9272.817147284795
2026-10-08 07:35:33,7650.0,7699.25,Put GEX 2,GEX,-186988.309,8003.130885120876,9272.817147284795
2026-10-08 07:35:33,7650.0,7699.25,Call VEX 5,VEX,516438.606,8003.130885120876,9272.817147284795
2026-10-08 07:35:33,7700.0,7749.5,Call CEX 1,CEX,473814.647,8003.130885120876,9272.817147284795
2026-10-08 07:35:33,7700.0,7749.5,Call DEX 1,DEX,97.378,8003.130885120876,9272.817147284795
2026-10-08 07:35:33,7700.0,7749.5,Put GEX 5,GEX,-107898.714,8003.130885120876,9272.817147284795
2026-10-08 07:35:33,7700.0,7749.5,Call VEX 1,VEX,775565.143,8003.130885120876,9272.817147284795
2026-10-08 07:35:33,7750.0,7799.75,Call DEX 2,DEX,86.072,8003.130885120876,9272.817147284795
2026-10-08 07:35:33,7750.0,7799.75,Call VEX 3,VEX,529968.781,8003.130885120876,9272.817147284795
2026-10-08 07:35:33,7800.0,7850.0,Put CEX 5,CEX,-231522.57,8003.130885120876,9272.817147284795
2026-10-08 07:35:33,7800.0,7850.0,Call DEX 4,DEX,62.478,8003.130885120876,9272.817147284795
2026-10-08 07:35:33,7800.0,7850.0,Call GEX 2,GEX,388130.26,8003.130885120876,9272.817147284795
2026-10-08 07:35:33,7825.0,7875.25,Call GEX 4,GEX,385505.148,8003.130885120876,9272.817147284795
2026-10-08 07:35:33,7850.0,7900.5,Put CEX 3,CEX,-333921.046,8003.130885120876,9272.817147284795
2026-10-08 07:35:33,7850.0,7900.5,Call GEX 1,GEX,406033.443,8003.130885120876,9272.817147284795
2026-10-08 07:35:33,7850.0,7900.5,Put VEX 3,VEX,-284040.569,8003.130885120876,9272.817147284795
2026-10-08 07:35:33,7870.0,7920.5,Call GEX 5,GEX,286527.92,8003.130885120876,9272.817147284795
2026-10-08 07:35:33,7870.0,7920.5,Put VEX 5,VEX,-199715.747,8003.130885120876,9272.817147284795
2026-10-08 07:35:33,7900.0,7950.75,Put CEX 2,CEX,-409234.352,8003.130885120876,9272.817147284795
2026-10-08 07:35:33,7900.0,7950.75,Call GEX 3,GEX,387773.916,8003.130885120876,9272.817147284795
2026-10-08 07:35:33,7900.0,7950.75,Put VEX 2,VEX,-426885.886,8003.130885120876,9272.817147284795
2026-10-08 07:35:33,7950.0,8001.0,Put CEX 4,CEX,-234546.761,8003.130885120876,9272.817147284795
2026-10-08 07:35:33,7950.0,8001.0,Put VEX 4,VEX,-269975.565,8003.130885120876,9272.817147284795
2026-10-08 07:35:33,8000.0,8051.5,Put CEX 1,CEX,-3642616.903,8003.130885120876,9272.817147284795
2026-10-08 07:35:33,8000.0,8051.5,Put DEX 1,DEX,-1305.742,8003.130885120876,9272.817147284795
2026-10-08 07:35:33,8000.0,8051.5,Put GEX 1,GEX,-435622.106,8003.130885120876,9272.817147284795
2026-10-08 07:35:33,8000.0,8051.5,Put VEX 1,VEX,-4582345.263,8003.130885120876,9272.817147284795
2026-10-08 07:35:33,8250.0,8303.0,Put DEX 2,DEX,-25.261,8003.130885120876,9272.817147284795
2026-10-08 07:36:22,7000.0,7045.0,Call CEX 2,CEX,394414.207,8003.2219435292,9274.803865513137
2026-10-08 07:36:22,7000.0,7045.0,Put DEX 4,DEX,-10.27,8003.2219435292,9274.803865513137
2026-10-08 07:36:22,7000.0,7045.0,Call VEX 2,VEX,563374.401,8003.2219435292,9274.803865513137
2026-10-08 07:36:22,7500.0,7548.25,Call CEX 5,CEX,297233.19,8003.2219435292,9274.803865513137
2026-10-08 07:36:22,7500.0,7548.25,Put DEX 3,DEX,-15.717,8003.2219435292,9274.803865513137
2026-10-08 07:36:22,7500.0,7548.25,Put GEX 4,GEX,-141956.867,8003.2219435292,9274.803865513137
2026-10-08 07:36:22,7550.0,7598.5,Put DEX 5,DEX,-8.387,8003.2219435292,9274.803865513137
2026-10-08 07:36:22,7600.0,7648.75,Call CEX 4,CEX,362931.946,8003.2219435292,9274.803865513137
2026-10-08 07:36:22,7600.0,7648.75,Call DEX 3,DEX,80.616,8003.2219435292,9274.803865513137
2026-10-08 07:36:22,7600.0,7648.75,Put GEX 3,GEX,-150373.793,8003.2219435292,9274.803865513137
2026-10-08 07:36:22,7600.0,7648.75,Call VEX 3,VEX,526060.687,8003.2219435292,9274.803865513137
2026-10-08 07:36:22,7630.0,7679.0,Call DEX 5,DEX,47.688,8003.2219435292,9274.803865513137
2026-10-08 07:36:22,7650.0,7699.25,Call CEX 3,CEX,380074.512,8003.2219435292,9274.803865513137
2026-10-08 07:36:22,7650.0,7699.25,Put GEX 2,GEX,-189375.054,8003.2219435292,9274.803865513137
2026-10-08 07:36:22,7650.0,7699.25,Call VEX 5,VEX,517728.335,8003.2219435292,9274.803865513137
2026-10-08 07:36:22,7700.0,7749.5,Call CEX 1,CEX,468736.77,8003.2219435292,9274.803865513137
2026-10-08 07:36:22,7700.0,7749.5,Call DEX 1,DEX,96.258,8003.2219435292,9274.803865513137
2026-10-08 07:36:22,7700.0,7749.5,Put GEX 5,GEX,-108977.823,8003.2219435292,9274.803865513137
2026-10-08 07:36:22,7700.0,7749.5,Call VEX 1,VEX,770658.328,8003.2219435292,9274.803865513137
2026-10-08 07:36:22,7750.0,7799.75,Call DEX 2,DEX,84.496,8003.2219435292,9274.803865513137
2026-10-08 07:36:22,7750.0,7799.75,Call VEX 4,VEX,520372.603,8003.2219435292,9274.803865513137
2026-10-08 07:36:22,7800.0,7850.25,Put CEX 4,CEX,-249281.333,8003.2219435292,9274.803865513137
2026-10-08 07:36:22,7800.0,7850.25,Call DEX 4,DEX,59.837,8003.2219435292,9274.803865513137
2026-10-08 07:36:22,7800.0,7850.25,Call GEX 2,GEX,396457.46,8003.2219435292,9274.803865513137
2026-10-08 07:36:22,7825.0,7875.25,Call GEX 3,GEX,385543.301,8003.2219435292,9274.803865513137
2026-10-08 07:36:22,7850.0,7900.5,Put CEX 3,CEX,-337910.024,8003.2219435292,9274.803865513137
2026-10-08 07:36:22,7850.0,7900.5,Call GEX 1,GEX,404267.602,8003.2219435292,9274.803865513137
2026-10-08 07:36:22,7850.0,7900.5,Put VEX 3,VEX,-289730.254,8003.2219435292,9274.803865513137
2026-10-08 07:36:22,7870.0,7920.5,Call GEX 5,GEX,283804.125,8003.2219435292,9274.803865513137
2026-10-08 07:36:22,7870.0,7920.5,Put VEX 5,VEX,-201476.235,8003.2219435292,9274.803865513137
2026-10-08 07:36:22,7900.0,7950.75,Put CEX 2,CEX,-407499.354,8003.2219435292,9274.803865513137
2026-10-08 07:36:22,7900.0,7950.75,Call GEX 4,GEX,382409.069,8003.2219435292,9274.803865513137
2026-10-08 07:36:22,7900.0,7950.75,Put VEX 2,VEX,-426565.792,8003.2219435292,9274.803865513137
2026-10-08 07:36:22,7950.0,8001.0,Put CEX 5,CEX,-231938.671,8003.2219435292,9274.803865513137
2026-10-08 07:36:22,7950.0,8001.0,Put VEX 4,VEX,-267480.579,8003.2219435292,9274.803865513137
2026-10-08 07:36:22,8000.0,8051.5,Put CEX 1,CEX,-3626046.845,8003.2219435292,9274.803865513137
2026-10-08 07:36:22,8000.0,8051.5,Put DEX 1,DEX,-1304.945,8003.2219435292,9274.803865513137
2026-10-08 07:36:22,8000.0,8051.5,Put GEX 1,GEX,-453032.113,8003.2219435292,9274.803865513137
2026-10-08 07:36:22,8000.0,8051.5,Put VEX 1,VEX,-4563561.137,8003.2219435292,9274.803865513137
2026-10-08 07:36:22,8250.0,8303.0,Put DEX 2,DEX,-25.175,8003.2219435292,9274.803865513137
2026-10-08 07:37:10,7000.0,7045.5,Call CEX 2,CEX,394355.806,8003.078309408503,9266.246459189224
2026-10-08 07:37:10,7000.0,7045.5,Put DEX 4,DEX,-10.267,8003.078309408503,9266.246459189224
2026-10-08 07:37:10,7000.0,7045.5,Call VEX 2,VEX,563269.94,8003.078309408503,9266.246459189224
2026-10-08 07:37:10,7400.0,7448.0,Put DEX 5,DEX,-5.251,8003.078309408503,9266.246459189224
2026-10-08 07:37:10,7500.0,7548.5,Call CEX 5,CEX,296864.142,8003.078309408503,9266.246459189224
2026-10-08 07:37:10,7500.0,7548.5,Put DEX 3,DEX,-15.681,8003.078309408503,9266.246459189224
2026-10-08 07:37:10,7500.0,7548.5,Put GEX 4,GEX,-141626.585,8003.078309408503,9266.246459189224
2026-10-08 07:37:10,7600.0,7649.25,Call CEX 4,CEX,370965.911,8003.078309408503,9266.246459189224
2026-10-08 07:37:10,7600.0,7649.25,Call DEX 3,DEX,79.937,8003.078309408503,9266.246459189224
2026-10-08 07:37:10,7600.0,7649.25,Put GEX 3,GEX,-142844.715,8003.078309408503,9266.246459189224
2026-10-08 07:37:10,7600.0,7649.25,Call VEX 3,VEX,538905.008,8003.078309408503,9266.246459189224
2026-10-08 07:37:10,7630.0,7679.5,Call DEX 5,DEX,47.266,8003.078309408503,9266.246459189224
2026-10-08 07:37:10,7650.0,7699.5,Call CEX 3,CEX,381720.986,8003.078309408503,9266.246459189224
2026-10-08 07:37:10,7650.0,7699.5,Put GEX 2,GEX,-186488.854,8003.078309408503,9266.246459189224
2026-10-08 07:37:10,7650.0,7699.5,Call VEX 5,VEX,520104.875,8003.078309408503,9266.246459189224
2026-10-08 07:37:10,7700.0,7750.0,Call CEX 1,CEX,472611.262,8003.078309408503,9266.246459189224
2026-10-08 07:37:10,7700.0,7750.0,Call DEX 1,DEX,96.034,8003.078309408503,9266.246459189224
2026-10-08 07:37:10,7700.0,7750.0,Put GEX 5,GEX,-107798.785,8003.078309408503,9266.246459189224
2026-10-08 07:37:10,7700.0,7750.0,Call VEX 1,VEX,773859.593,8003.078309408503,9266.246459189224
2026-10-08 07:37:10,7750.0,7800.25,Call DEX 2,DEX,84.669,8003.078309408503,9266.246459189224
2026-10-08 07:37:10,7750.0,7800.25,Call VEX 4,VEX,521581.484,8003.078309408503,9266.246459189224
2026-10-08 07:37:10,7800.0,7850.5,Put CEX 4,CEX,-244551.71,8003.078309408503,9266.246459189224
2026-10-08 07:37:10,7800.0,7850.5,Call DEX 4,DEX,60.508,8003.078309408503,9266.246459189224
2026-10-08 07:37:10,7800.0,7850.5,Call GEX 4,GEX,382359.325,8003.078309408503,9266.246459189224
2026-10-08 07:37:10,7825.0,7875.75,Call GEX 3,GEX,383207.014,8003.078309408503,9266.246459189224
2026-10-08 07:37:10,7850.0,7901.0,Put CEX 3,CEX,-336427.655,8003.078309408503,9266.246459189224
2026-10-08 07:37:10,7850.0,7901.0,Call GEX 1,GEX,402056.882,8003.078309408503,9266.246459189224
2026-10-08 07:37:10,7850.0,7901.0,Put VEX 3,VEX,-287824.864,8003.078309408503,9266.246459189224
2026-10-08 07:37:10,7870.0,7921.0,Call GEX 5,GEX,283913.011,8003.078309408503,9266.246459189224
2026-10-08 07:37:10,7870.0,7921.0,Put VEX 5,VEX,-200669.807,8003.078309408503,9266.246459189224
2026-10-08 07:37:10,7900.0,7951.25,Put CEX 2,CEX,-408414.269,8003.078309408503,9266.246459189224
2026-10-08 07:37:10,7900.0,7951.25,Call GEX 2,GEX,383819.111,8003.078309408503,9266.246459189224
2026-10-08 07:37:10,7900.0,7951.25,Put VEX 2,VEX,-426970.281,8003.078309408503,9266.246459189224
2026-10-08 07:37:10,7950.0,8001.5,Put CEX 5,CEX,-233453.601,8003.078309408503,9266.246459189224
2026-10-08 07:37:10,7950.0,8001.5,Put VEX 4,VEX,-268866.028,8003.078309408503,9266.246459189224
2026-10-08 07:37:10,8000.0,8051.75,Put CEX 1,CEX,-3595451.588,8003.078309408503,9266.246459189224
2026-10-08 07:37:10,8000.0,8051.75,Put DEX 1,DEX,-1314.224,8003.078309408503,9266.246459189224
2026-10-08 07:37:10,8000.0,8051.75,Put GEX 1,GEX,-420396.152,8003.078309408503,9266.246459189224
2026-10-08 07:37:10,8000.0,8051.75,Put VEX 1,VEX,-4523973.056,8003.078309408503,9266.246459189224
2026-10-08 07:37:10,8250.0,8303.5,Put DEX 2,DEX,-25.32,8003.078309408503,9266.246459189224
2026-10-08 07:37:58,7000.0,7045.75,Call CEX 2,CEX,394652.417,8003.094455286263,9274.006419554376
2026-10-08 07:37:58,7000.0,7045.75,Put DEX 4,DEX,-10.277,8003.094455286263,9274.006419554376
2026-10-08 07:37:58,7000.0,7045.75,Call VEX 2,VEX,563597.484,8003.094455286263,9274.006419554376
2026-10-08 07:37:58,7400.0,7448.25,Put DEX 5,DEX,-5.261,8003.094455286263,9274.006419554376
2026-10-08 07:37:58,7500.0,7549.0,Call CEX 5,CEX,297305.36,8003.094455286263,9274.006419554376
2026-10-08 07:37:58,7500.0,7549.0,Put DEX 3,DEX,-15.723,8003.094455286263,9274.006419554376
2026-10-08 07:37:58,7500.0,7549.0,Put GEX 3,GEX,-142313.008,8003.094455286263,9274.006419554376
2026-10-08 07:37:58,7600.0,7649.5,Call CEX 4,CEX,377097.18,8003.094455286263,9274.006419554376
2026-10-08 07:37:58,7600.0,7649.5,Call DEX 3,DEX,82.922,8003.094455286263,9274.006419554376
2026-10-08 07:37:58,7600.0,7649.5,Put GEX 4,GEX,-139979.227,8003.094455286263,9274.006419554376
2026-10-08 07:37:58,7600.0,7649.5,Call VEX 3,VEX,548123.537,8003.094455286263,9274.006419554376
2026-10-08 07:37:58,7630.0,7679.75,Call DEX 5,DEX,47.166,8003.094455286263,9274.006419554376
2026-10-08 07:37:58,7650.0,7699.75,Call CEX 3,CEX,381945.786,8003.094455286263,9274.006419554376
2026-10-08 07:37:58,7650.0,7699.75,Put GEX 2,GEX,-187913.111,8003.094455286263,9274.006419554376
2026-10-08 07:37:58,7650.0,7699.75,Call VEX 4,VEX,521104.289,8003.094455286263,9274.006419554376
2026-10-08 07:37:58,7700.0,7750.25,Call CEX 1,CEX,470859.771,8003.094455286263,9274.006419554376
2026-10-08 07:37:58,7700.0,7750.25,Call DEX 1,DEX,94.783,8003.094455286263,9274.006419554376
2026-10-08 07:37:58,7700.0,7750.25,Put GEX 5,GEX,-108004.968,8003.094455286263,9274.006419554376
2026-10-08 07:37:58,7700.0,7750.25,Call VEX 1,VEX,771773.616,8003.094455286263,9274.006419554376
2026-10-08 07:37:58,7750.0,7800.5,Call DEX 2,DEX,83.204,8003.094455286263,9274.006419554376
2026-10-08 07:37:58,7750.0,7800.5,Call VEX 5,VEX,512659.556,8003.094455286263,9274.006419554376
2026-10-08 07:37:58,7800.0,7850.75,Put CEX 4,CEX,-258591.821,8003.094455286263,9274.006419554376
2026-10-08 07:37:58,7800.0,7850.75,Call DEX 4,DEX,58.376,8003.094455286263,9274.006419554376
2026-10-08 07:37:58,7800.0,7850.75,Call GEX 4,GEX,377226.5,8003.094455286263,9274.006419554376
2026-10-08 07:37:58,7825.0,7876.0,Call GEX 2,GEX,380633.077,8003.094455286263,9274.006419554376
2026-10-08 07:37:58,7850.0,7901.25,Put CEX 3,CEX,-339366.265,8003.094455286263,9274.006419554376
2026-10-08 07:37:58,7850.0,7901.25,Call GEX 1,GEX,398573.505,8003.094455286263,9274.006419554376
2026-10-08 07:37:58,7850.0,7901.25,Put VEX 3,VEX,-292149.856,8003.094455286263,9274.006419554376
2026-10-08 07:37:58,7870.0,7921.25,Call GEX 5,GEX,281558.58,8003.094455286263,9274.006419554376
2026-10-08 07:37:58,7870.0,7921.25,Put VEX 5,VEX,-201961.765,8003.094455286263,9274.006419554376
2026-10-08 07:37:58,7900.0,7951.5,Put CEX 2,CEX,-407306.686,8003.094455286263,9274.006419554376
2026-10-08 07:37:58,7900.0,7951.5,Call GEX 3,GEX,379527.905,8003.094455286263,9274.006419554376
2026-10-08 07:37:58,7900.0,7951.5,Put VEX 2,VEX,-426873.429,8003.094455286263,9274.006419554376
2026-10-08 07:37:58,7950.0,8001.75,Put CEX 5,CEX,-231426.243,8003.094455286263,9274.006419554376
2026-10-08 07:37:58,7950.0,8001.75,Put VEX 4,VEX,-267039.641,8003.094455286263,9274.006419554376
2026-10-08 07:37:58,8000.0,8052.25,Put CEX 1,CEX,-3570477.471,8003.094455286263,9274.006419554376
2026-10-08 07:37:58,8000.0,8052.25,Put DEX 1,DEX,-1317.194,8003.094455286263,9274.006419554376
2026-10-08 07:37:58,8000.0,8052.25,Put GEX 1,GEX,-419840.917,8003.094455286263,9274.006419554376
2026-10-08 07:37:58,8000.0,8052.25,Put VEX 1,VEX,-4494040.138,8003.094455286263,9274.006419554376
2026-10-08 07:37:58,8250.0,8303.75,Put DEX 2,DEX,-25.376,8003.094455286263,9274.006419554376
2026-10-08 07:38:46,7000.0,7045.5,Call CEX 2,CEX,394758.015,9496.230991085476,9559.958289885297
2026-10-08 07:38:46,7000.0,7045.5,Put DEX 4,DEX,-10.279,9496.230991085476,9559.958289885297
2026-10-08 07:38:46,7000.0,7045.5,Call VEX 2,VEX,563693.228,9496.230991085476,9559.958289885297
2026-10-08 07:38:46,7400.0,7448.0,Put DEX 5,DEX,-5.264,9496.230991085476,9559.958289885297
2026-10-08 07:38:46,7500.0,7548.75,Call CEX 5,CEX,297410.48,9496.230991085476,9559.958289885297
2026-10-08 07:38:46,7500.0,7548.75,Put DEX 3,DEX,-15.733,9496.230991085476,9559.958289885297
2026-10-08 07:38:46,7500.0,7548.75,Put GEX 3,GEX,-142501.546,9496.230991085476,9559.958289885297
2026-10-08 07:38:46,7600.0,7649.25,Call CEX 4,CEX,380446.946,9496.230991085476,9559.958289885297
2026-10-08 07:38:46,7600.0,7649.25,Call DEX 3,DEX,82.57,9496.230991085476,9559.958289885297
2026-10-08 07:38:46,7600.0,7649.25,Put GEX 4,GEX,-138046.891,9496.230991085476,9559.958289885297
2026-10-08 07:38:46,7600.0,7649.25,Call VEX 3,VEX,553155.798,9496.230991085476,9559.958289885297
2026-10-08 07:38:46,7630.0,7679.5,Call DEX 5,DEX,47.105,9496.230991085476,9559.958289885297
2026-10-08 07:38:46,7650.0,7699.75,Call CEX 3,CEX,382010.988,9496.230991085476,9559.958289885297
2026-10-08 07:38:46,7650.0,7699.75,Put GEX 2,GEX,-188307.639,9496.230991085476,9559.958289885297
2026-10-08 07:38:46,7650.0,7699.75,Call VEX 4,VEX,521244.887,9496.230991085476,9559.958289885297
2026-10-08 07:38:46,7700.0,7750.0,Call CEX 1,CEX,470335.605,9496.230991085476,9559.958289885297
2026-10-08 07:38:46,7700.0,7750.0,Call DEX 1,DEX,94.652,9496.230991085476,9559.958289885297
2026-10-08 07:38:46,7700.0,7750.0,Put GEX 5,GEX,-108206.3,9496.230991085476,9559.958289885297
2026-10-08 07:38:46,7700.0,7750.0,Call VEX 1,VEX,771364.871,9496.230991085476,9559.958289885297
2026-10-08 07:38:46,7750.0,7800.25,Call DEX 2,DEX,82.922,9496.230991085476,9559.958289885297
2026-10-08 07:38:46,7750.0,7800.25,Call VEX 5,VEX,510938.681,9496.230991085476,9559.958289885297
2026-10-08 07:38:46,7800.0,7850.75,Put CEX 4,CEX,-263216.243,9496.230991085476,9559.958289885297
2026-10-08 07:38:46,7800.0,7850.75,Call DEX 4,DEX,57.752,9496.230991085476,9559.958289885297
2026-10-08 07:38:46,7800.0,7850.75,Call GEX 3,GEX,378305.635,9496.230991085476,9559.958289885297
2026-10-08 07:38:46,7825.0,7875.75,Call GEX 2,GEX,381397.386,9496.230991085476,9559.958289885297
2026-10-08 07:38:46,7850.0,7901.0,Put CEX 3,CEX,-340768.759,9496.230991085476,9559.958289885297
2026-10-08 07:38:46,7850.0,7901.0,Call GEX 1,GEX,398616.238,9496.230991085476,9559.958289885297
2026-10-08 07:38:46,7850.0,7901.0,Put VEX 3,VEX,-293880.833,9496.230991085476,9559.958289885297
2026-10-08 07:38:46,7870.0,7921.0,Call GEX 5,GEX,281230.675,9496.230991085476,9559.958289885297
2026-10-08 07:38:46,7870.0,7921.0,Put VEX 5,VEX,-202581.547,9496.230991085476,9559.958289885297
2026-10-08 07:38:46,7900.0,7951.25,Put CEX 2,CEX,-406638.359,9496.230991085476,9559.958289885297
2026-10-08 07:38:46,7900.0,7951.25,Call GEX 4,GEX,378116.641,9496.230991085476,9559.958289885297
2026-10-08 07:38:46,7900.0,7951.25,Put VEX 2,VEX,-426623.195,9496.230991085476,9559.958289885297
2026-10-08 07:38:46,7950.0,8001.5,Put CEX 5,CEX,-230081.681,9496.230991085476,9559.958289885297
2026-10-08 07:38:46,7950.0,8001.5,Put VEX 4,VEX,-265542.812,9496.230991085476,9559.958289885297
2026-10-08 07:38:46,8000.0,8052.0,Put CEX 1,CEX,-3565174.691,9496.230991085476,9559.958289885297
2026-10-08 07:38:46,8000.0,8052.0,Put DEX 1,DEX,-1318.041,9496.230991085476,9559.958289885297
2026-10-08 07:38:46,8000.0,8052.0,Put GEX 1,GEX,-417406.694,9496.230991085476,9559.958289885297
2026-10-08 07:38:46,8000.0,8052.0,Put VEX 1,VEX,-4487605.021,9496.230991085476,9559.958289885297
2026-10-08 07:38:46,8250.0,8303.5,Put DEX 2,DEX,-25.376,9496.230991085476,9559.958289885297
2026-10-08 07:39:34,7000.0,7045.0,Call CEX 2,CEX,394378.992,8003.196928833549,9263.535616091283
2026-10-08 07:39:34,7000.0,7045.0,Put DEX 4,DEX,-10.265,8003.196928833549,9263.535616091283
2026-10-08 07:39:34,7000.0,7045.0,Call VEX 2,VEX,563197.883,8003.196928833549,9263.535616091283
2026-10-08 07:39:34,7500.0,7548.25,Call CEX 5,CEX,295490.039,8003.196928833549,9263.535616091283
2026-10-08 07:39:34,7500.0,7548.25,Put DEX 3,DEX,-15.537,8003.196928833549,9263.535616091283
2026-10-08 07:39:34,7500.0,7548.25,Put GEX 4,GEX,-140832.736,8003.196928833549,9263.535616091283
2026-10-08 07:39:34,7550.0,7598.5,Put DEX 5,DEX,-8.304,8003.196928833549,9263.535616091283
2026-10-08 07:39:34,7600.0,7648.75,Call CEX 4,CEX,360806.239,8003.196928833549,9263.535616091283
2026-10-08 07:39:34,7600.0,7648.75,Call DEX 3,DEX,80.935,8003.196928833549,9263.535616091283
2026-10-08 07:39:34,7600.0,7648.75,Put GEX 3,GEX,-149555.31,8003.196928833549,9263.535616091283
2026-10-08 07:39:34,7600.0,7648.75,Call VEX 4,VEX,523069.438,8003.196928833549,9263.535616091283
2026-10-08 07:39:34,7630.0,7679.0,Call DEX 5,DEX,47.824,8003.196928833549,9263.535616091283
2026-10-08 07:39:34,7650.0,7699.0,Call CEX 3,CEX,379110.407,8003.196928833549,9263.535616091283
2026-10-08 07:39:34,7650.0,7699.0,Put GEX 2,GEX,-187646.941,8003.196928833549,9263.535616091283
2026-10-08 07:39:34,7650.0,7699.0,Call VEX 5,VEX,516746.559,8003.196928833549,9263.535616091283
2026-10-08 07:39:34,7700.0,7749.5,Call CEX 1,CEX,472108.883,8003.196928833549,9263.535616091283
2026-10-08 07:39:34,7700.0,7749.5,Call DEX 1,DEX,96.957,8003.196928833549,9263.535616091283
2026-10-08 07:39:34,7700.0,7749.5,Put GEX 5,GEX,-108353.7,8003.196928833549,9263.535616091283
2026-10-08 07:39:34,7700.0,7749.5,Call VEX 1,VEX,773932.003,8003.196928833549,9263.535616091283
2026-10-08 07:39:34,7750.0,7799.75,Call DEX 2,DEX,85.404,8003.196928833549,9263.535616091283
2026-10-08 07:39:34,7750.0,7799.75,Call VEX 3,VEX,525914.406,8003.196928833549,9263.535616091283
2026-10-08 07:39:34,7800.0,7850.0,Put CEX 4,CEX,-242729.514,8003.196928833549,9263.535616091283
2026-10-08 07:39:34,7800.0,7850.0,Call DEX 4,DEX,60.994,8003.196928833549,9263.535616091283
2026-10-08 07:39:34,7800.0,7850.0,Call GEX 2,GEX,394027.487,8003.196928833549,9263.535616091283
2026-10-08 07:39:34,7825.0,7875.25,Call GEX 3,GEX,387672.519,8003.196928833549,9263.535616091283
2026-10-08 07:39:34,7850.0,7900.5,Put CEX 3,CEX,-337278.622,8003.196928833549,9263.535616091283
2026-10-08 07:39:34,7850.0,7900.5,Call GEX 1,GEX,406012.773,8003.196928833549,9263.535616091283
2026-10-08 07:39:34,7850.0,7900.5,Put VEX 3,VEX,-288113.221,8003.196928833549,9263.535616091283
2026-10-08 07:39:34,7870.0,7920.5,Call GEX 5,GEX,285524.485,8003.196928833549,9263.535616091283
2026-10-08 07:39:34,7870.0,7920.5,Put VEX 5,VEX,-201090.159,8003.196928833549,9263.535616091283
2026-10-08 07:39:34,7900.0,7950.75,Put CEX 2,CEX,-408054.907,8003.196928833549,9263.535616091283
2026-10-08 07:39:34,7900.0,7950.75,Call GEX 4,GEX,384531.723,8003.196928833549,9263.535616091283
2026-10-08 07:39:34,7900.0,7950.75,Put VEX 2,VEX,-426604.781,8003.196928833549,9263.535616091283
2026-10-08 07:39:34,7950.0,8001.0,Put CEX 5,CEX,-232218.932,8003.196928833549,9263.535616091283
2026-10-08 07:39:34,7950.0,8001.0,Put VEX 4,VEX,-267652.964,8003.196928833549,9263.535616091283
2026-10-08 07:39:34,8000.0,8051.25,Put CEX 1,CEX,-3612649.634,8003.196928833549,9263.535616091283
2026-10-08 07:39:34,8000.0,8051.25,Put DEX 1,DEX,-1309.114,8003.196928833549,9263.535616091283
2026-10-08 07:39:34,8000.0,8051.25,Put GEX 1,GEX,-442728.332,8003.196928833549,9263.535616091283
2026-10-08 07:39:34,8000.0,8051.25,Put VEX 1,VEX,-4544510.091,8003.196928833549,9263.535616091283
2026-10-08 07:39:34,8250.0,8303.0,Put DEX 2,DEX,-25.255,8003.196928833549,9263.535616091283
2026-10-08 07:40:23,7000.0,7045.0,Call CEX 2,CEX,394774.983,8003.188101255247,9274.938027931865
2026-10-08 07:40:23,7000.0,7045.0,Put DEX 4,DEX,-10.278,8003.188101255247,9274.938027931865
2026-10-08 07:40:23,7000.0,7045.0,Call VEX 2,VEX,563646.124,8003.188101255247,9274.938027931865
2026-10-08 07:40:23,7500.0,7548.25,Call CEX 5,CEX,297280.434,8003.188101255247,9274.938027931865
2026-10-08 07:40:23,7500.0,7548.25,Put DEX 3,DEX,-15.722,8003.188101255247,9274.938027931865
2026-10-08 07:40:23,7500.0,7548.25,Put GEX 4,GEX,-142364.766,8003.188101255247,9274.938027931865
2026-10-08 07:40:23,7550.0,7598.75,Put DEX 5,DEX,-8.399,8003.188101255247,9274.938027931865
2026-10-08 07:40:23,7600.0,7649.0,Call CEX 4,CEX,368013.939,8003.188101255247,9274.938027931865
2026-10-08 07:40:23,7600.0,7649.0,Call DEX 3,DEX,80.092,8003.188101255247,9274.938027931865
2026-10-08 07:40:23,7600.0,7649.0,Put GEX 3,GEX,-146856.234,8003.188101255247,9274.938027931865
2026-10-08 07:40:23,7600.0,7649.0,Call VEX 3,VEX,534257.488,8003.188101255247,9274.938027931865
2026-10-08 07:40:23,7630.0,7679.25,Call DEX 5,DEX,47.438,8003.188101255247,9274.938027931865
2026-10-08 07:40:23,7650.0,7699.25,Call CEX 3,CEX,380552.664,8003.188101255247,9274.938027931865
2026-10-08 07:40:23,7650.0,7699.25,Put GEX 2,GEX,-189371.949,8003.188101255247,9274.938027931865
2026-10-08 07:40:23,7650.0,7699.25,Call VEX 4,VEX,518924.319,8003.188101255247,9274.938027931865
2026-10-08 07:40:23,7700.0,7749.5,Call CEX 1,CEX,469440.253,8003.188101255247,9274.938027931865
2026-10-08 07:40:23,7700.0,7749.5,Call DEX 1,DEX,95.479,8003.188101255247,9274.938027931865
2026-10-08 07:40:23,7700.0,7749.5,Put GEX 5,GEX,-108348.75,8003.188101255247,9274.938027931865
2026-10-08 07:40:23,7700.0,7749.5,Call VEX 1,VEX,771044.945,8003.188101255247,9274.938027931865
2026-10-08 07:40:23,7750.0,7800.0,Call DEX 2,DEX,83.547,8003.188101255247,9274.938027931865
2026-10-08 07:40:23,7750.0,7800.0,Call VEX 5,VEX,514686.724,8003.188101255247,9274.938027931865
2026-10-08 07:40:23,7800.0,7850.25,Put CEX 4,CEX,-262211.669,8003.188101255247,9274.938027931865
2026-10-08 07:40:23,7800.0,7850.25,Call DEX 4,DEX,58.06,8003.188101255247,9274.938027931865
2026-10-08 07:40:23,7800.0,7850.25,Call GEX 2,GEX,390313.567,8003.188101255247,9274.938027931865
2026-10-08 07:40:23,7825.0,7875.5,Call GEX 3,GEX,385218.268,8003.188101255247,9274.938027931865
2026-10-08 07:40:23,7850.0,7900.5,Put CEX 3,CEX,-341554.881,8003.188101255247,9274.938027931865
2026-10-08 07:40:23,7850.0,7900.5,Call GEX 1,GEX,402490.661,8003.188101255247,9274.938027931865
2026-10-08 07:40:23,7850.0,7900.5,Put VEX 3,VEX,-294283.754,8003.188101255247,9274.938027931865
2026-10-08 07:40:23,7870.0,7920.75,Call GEX 5,GEX,282543.411,8003.188101255247,9274.938027931865
2026-10-08 07:40:23,7870.0,7920.75,Put VEX 5,VEX,-203028.874,8003.188101255247,9274.938027931865
2026-10-08 07:40:23,7900.0,7951.0,Put CEX 2,CEX,-406337.163,8003.188101255247,9274.938027931865
2026-10-08 07:40:23,7900.0,7951.0,Call GEX 4,GEX,378681.321,8003.188101255247,9274.938027931865
2026-10-08 07:40:23,7900.0,7951.0,Put VEX 2,VEX,-426330.122,8003.188101255247,9274.938027931865
2026-10-08 07:40:23,7950.0,8001.25,Put CEX 5,CEX,-229438.507,8003.188101255247,9274.938027931865
2026-10-08 07:40:23,7950.0,8001.25,Put VEX 4,VEX,-264723.415,8003.188101255247,9274.938027931865
2026-10-08 07:40:23,8000.0,8051.5,Put CEX 1,CEX,-3574234.144,8003.188101255247,9274.938027931865
2026-10-08 07:40:23,8000.0,8051.5,Put DEX 1,DEX,-1313.313,8003.188101255247,9274.938027931865
2026-10-08 07:40:23,8000.0,8051.5,Put GEX 1,GEX,-447403.58,8003.188101255247,9274.938027931865
2026-10-08 07:40:23,8000.0,8051.5,Put VEX 1,VEX,-4498346.058,8003.188101255247,9274.938027931865
2026-10-08 07:40:23,8250.0,8303.25,Put DEX 2,DEX,-26.255,8003.188101255247,9274.938027931865
2026-10-08 07:41:12,7000.0,7045.5,Call CEX 2,CEX,395020.421,8003.211501832919,9275.53023909986
2026-10-08 07:41:12,7000.0,7045.5,Put DEX 4,DEX,-10.286,8003.211501832919,9275.53023909986
2026-10-08 07:41:12,7000.0,7045.5,Call VEX 2,VEX,563910.71,8003.211501832919,9275.53023909986
2026-10-08 07:41:12,7400.0,7448.0,Put DEX 5,DEX,-5.27,8003.211501832919,9275.53023909986
2026-10-08 07:41:12,7500.0,7548.75,Call CEX 5,CEX,297547.449,8003.211501832919,9275.53023909986
2026-10-08 07:41:12,7500.0,7548.75,Put DEX 3,DEX,-15.752,8003.211501832919,9275.53023909986
2026-10-08 07:41:12,7500.0,7548.75,Put GEX 3,GEX,-142893.352,8003.211501832919,9275.53023909986
2026-10-08 07:41:12,7600.0,7649.25,Call CEX 4,CEX,379037.639,8003.211501832919,9275.53023909986
2026-10-08 07:41:12,7600.0,7649.25,Call DEX 2,DEX,82.991,8003.211501832919,9275.53023909986
2026-10-08 07:41:12,7600.0,7649.25,Put GEX 4,GEX,-139870.638,8003.211501832919,9275.53023909986
2026-10-08 07:41:12,7600.0,7649.25,Call VEX 3,VEX,551082.245,8003.211501832919,9275.53023909986
2026-10-08 07:41:12,7630.0,7679.5,Call DEX 5,DEX,47.084,8003.211501832919,9275.53023909986
2026-10-08 07:41:12,7650.0,7699.5,Call CEX 3,CEX,385887.177,8003.211501832919,9275.53023909986
2026-10-08 07:41:12,7650.0,7699.5,Put GEX 2,GEX,-186712.746,8003.211501832919,9275.53023909986
2026-10-08 07:41:12,7650.0,7699.5,Call VEX 4,VEX,525145.33,8003.211501832919,9275.53023909986
2026-10-08 07:41:12,7700.0,7750.0,Call CEX 1,CEX,468948.801,8003.211501832919,9275.53023909986
2026-10-08 07:41:12,7700.0,7750.0,Call DEX 1,DEX,94.197,8003.211501832919,9275.53023909986
2026-10-08 07:41:12,7700.0,7750.0,Put GEX 5,GEX,-108262.875,8003.211501832919,9275.53023909986
2026-10-08 07:41:12,7700.0,7750.0,Call VEX 1,VEX,770017.915,8003.211501832919,9275.53023909986
2026-10-08 07:41:12,7750.0,7800.25,Call DEX 3,DEX,82.205,8003.211501832919,9275.53023909986
2026-10-08 07:41:12,7750.0,7800.25,Call VEX 5,VEX,506569.411,8003.211501832919,9275.53023909986
2026-10-08 07:41:12,7800.0,7850.5,Put CEX 4,CEX,-273365.09,8003.211501832919,9275.53023909986
2026-10-08 07:41:12,7800.0,7850.5,Call DEX 4,DEX,56.333,8003.211501832919,9275.53023909986
2026-10-08 07:41:12,7800.0,7850.5,Call GEX 3,GEX,379075.911,8003.211501832919,9275.53023909986
2026-10-08 07:41:12,7825.0,7875.75,Call GEX 2,GEX,381560.146,8003.211501832919,9275.53023909986
2026-10-08 07:41:12,7850.0,7901.0,Put CEX 3,CEX,-343631.875,8003.211501832919,9275.53023909986
2026-10-08 07:41:12,7850.0,7901.0,Call GEX 1,GEX,398249.576,8003.211501832919,9275.53023909986
2026-10-08 07:41:12,7850.0,7901.0,Put VEX 3,VEX,-297505.428,8003.211501832919,9275.53023909986
2026-10-08 07:41:12,7870.0,7921.0,Call GEX 5,GEX,280075.352,8003.211501832919,9275.53023909986
2026-10-08 07:41:12,7870.0,7921.0,Put VEX 5,VEX,-203665.55,8003.211501832919,9275.53023909986
2026-10-08 07:41:12,7900.0,7951.25,Put CEX 2,CEX,-405721.4,8003.211501832919,9275.53023909986
2026-10-08 07:41:12,7900.0,7951.25,Call GEX 4,GEX,375238.844,8003.211501832919,9275.53023909986
2026-10-08 07:41:12,7900.0,7951.25,Put VEX 2,VEX,-426436.188,8003.211501832919,9275.53023909986
2026-10-08 07:41:12,7950.0,8001.5,Put CEX 5,CEX,-228351.819,8003.211501832919,9275.53023909986
2026-10-08 07:41:12,7950.0,8001.5,Put VEX 4,VEX,-263603.459,8003.211501832919,9275.53023909986
2026-10-08 07:41:12,8000.0,8052.0,Put CEX 1,CEX,-3516126.155,8003.211501832919,9275.53023909986
2026-10-08 07:41:12,8000.0,8052.0,Put DEX 1,DEX,-1322.235,8003.211501832919,9275.53023909986
2026-10-08 07:41:12,8000.0,8052.0,Put GEX 1,GEX,-438174.075,8003.211501832919,9275.53023909986
2026-10-08 07:41:12,8000.0,8052.0,Put VEX 1,VEX,-4426146.67,8003.211501832919,9275.53023909986
2026-10-08 07:41:12,8250.0,8303.5,Put DEX 2,DEX,-25.363,8003.211501832919,9275.53023909986
2026-10-08 07:42:00,7000.0,7045.5,Call CEX 2,CEX,395276.415,9490.951571792692,9603.982877349712
2026-10-08 07:42:00,7000.0,7045.5,Put DEX 4,DEX,-10.294,9490.951571792692,9603.982877349712
2026-10-08 07:42:00,7000.0,7045.5,Call VEX 2,VEX,564188.506,9490.951571792692,9603.982877349712
2026-10-08 07:42:00,7400.0,7448.0,Put DEX 5,DEX,-5.284,9490.951571792692,9603.982877349712
2026-10-08 07:42:00,7500.0,7548.75,Call CEX 5,CEX,298242.068,9490.951571792692,9603.982877349712
2026-10-08 07:42:00,7500.0,7548.75,Put DEX 3,DEX,-15.816,9490.951571792692,9603.982877349712
2026-10-08 07:42:00,7500.0,7548.75,Put GEX 3,GEX,-143618.684,9490.951571792692,9603.982877349712
2026-10-08 07:42:00,7600.0,7649.5,Call CEX 4,CEX,381533.019,9490.951571792692,9603.982877349712
2026-10-08 07:42:00,7600.0,7649.5,Call DEX 2,DEX,82.69,9490.951571792692,9603.982877349712
2026-10-08 07:42:00,7600.0,7649.5,Put GEX 4,GEX,-139450.177,9490.951571792692,9603.982877349712
2026-10-08 07:42:00,7600.0,7649.5,Call VEX 3,VEX,554691.458,9490.951571792692,9603.982877349712
2026-10-08 07:42:00,7630.0,7679.5,Call DEX 5,DEX,47.128,9490.951571792692,9603.982877349712
2026-10-08 07:42:00,7650.0,7699.75,Call CEX 3,CEX,388160.116,9490.951571792692,9603.982877349712
2026-10-08 07:42:00,7650.0,7699.75,Put GEX 2,GEX,-187142.222,9490.951571792692,9603.982877349712
2026-10-08 07:42:00,7650.0,7699.75,Call VEX 4,VEX,527600.771,9490.951571792692,9603.982877349712
2026-10-08 07:42:00,7700.0,7750.0,Call CEX 1,CEX,466714.482,9490.951571792692,9603.982877349712
2026-10-08 07:42:00,7700.0,7750.0,Call DEX 1,DEX,93.383,9490.951571792692,9603.982877349712
2026-10-08 07:42:00,7700.0,7750.0,Put GEX 5,GEX,-108261.965,9490.951571792692,9603.982877349712
2026-10-08 07:42:00,7700.0,7750.0,Call VEX 1,VEX,767709.589,9490.951571792692,9603.982877349712
2026-10-08 07:42:00,7750.0,7800.5,Call DEX 3,DEX,81.055,9490.951571792692,9603.982877349712
2026-10-08 07:42:00,7750.0,7800.5,Call VEX 5,VEX,499409.992,9490.951571792692,9603.982877349712
2026-10-08 07:42:00,7800.0,7850.75,Put CEX 4,CEX,-285408.185,9490.951571792692,9603.982877349712
2026-10-08 07:42:00,7800.0,7850.75,Call DEX 4,DEX,54.526,9490.951571792692,9603.982877349712
2026-10-08 07:42:00,7800.0,7850.75,Call GEX 2,GEX,380881.483,9490.951571792692,9603.982877349712
2026-10-08 07:42:00,7825.0,7875.75,Call GEX 3,GEX,380420.324,9490.951571792692,9603.982877349712
2026-10-08 07:42:00,7850.0,7901.0,Put CEX 3,CEX,-345986.482,9490.951571792692,9603.982877349712
2026-10-08 07:42:00,7850.0,7901.0,Call GEX 1,GEX,396289.328,9490.951571792692,9603.982877349712
2026-10-08 07:42:00,7850.0,7901.0,Put VEX 3,VEX,-301034.412,9490.951571792692,9603.982877349712
2026-10-08 07:42:00,7870.0,7921.25,Call GEX 5,GEX,278130.582,9490.951571792692,9603.982877349712
2026-10-08 07:42:00,7870.0,7921.25,Put VEX 5,VEX,-204711.879,9490.951571792692,9603.982877349712
2026-10-08 07:42:00,7900.0,7951.25,Put CEX 2,CEX,-404831.458,9490.951571792692,9603.982877349712
2026-10-08 07:42:00,7900.0,7951.25,Call GEX 4,GEX,371796.25,9490.951571792692,9603.982877349712
2026-10-08 07:42:00,7900.0,7951.25,Put VEX 2,VEX,-426285.591,9490.951571792692,9603.982877349712
2026-10-08 07:42:00,7950.0,8001.75,Put CEX 5,CEX,-225925.459,9490.951571792692,9603.982877349712
2026-10-08 07:42:00,7950.0,8001.75,Put VEX 4,VEX,-261291.342,9490.951571792692,9603.982877349712
2026-10-08 07:42:00,8000.0,8052.0,Put CEX 1,CEX,-3511865.302,9490.951571792692,9603.982877349712
2026-10-08 07:42:00,8000.0,8052.0,Put DEX 1,DEX,-1322.253,9490.951571792692,9603.982877349712
2026-10-08 07:42:00,8000.0,8052.0,Put GEX 1,GEX,-438063.531,9490.951571792692,9603.982877349712
2026-10-08 07:42:00,8000.0,8052.0,Put VEX 1,VEX,-4421995.28,9490.951571792692,9603.982877349712
2026-10-08 07:42:00,8250.0,8303.75,Put DEX 2,DEX,-25.341,9490.951571792692,9603.982877349712
2026-10-08 07:42:48,7000.0,7045.75,Call CEX 2,CEX,395107.688,8003.286855218263,9276.145705420837
2026-10-08 07:42:48,7000.0,7045.75,Put DEX 4,DEX,-10.287,8003.286855218263,9276.145705420837
2026-10-08 07:42:48,7000.0,7045.75,Call VEX 2,VEX,563949.576,8003.286855218263,9276.145705420837
2026-10-08 07:42:48,7500.0,7549.0,Call CEX 5,CEX,298042.729,8003.286855218263,9276.145705420837
2026-10-08 07:42:48,7500.0,7549.0,Put DEX 3,DEX,-15.788,8003.286855218263,9276.145705420837
2026-10-08 07:42:48,7500.0,7549.0,Put GEX 4,GEX,-143137.68,8003.286855218263,9276.145705420837
2026-10-08 07:42:48,7550.0,7599.25,Put DEX 5,DEX,-8.449,8003.286855218263,9276.145705420837
2026-10-08 07:42:48,7600.0,7649.75,Call CEX 4,CEX,373738.855,8003.286855218263,9276.145705420837
2026-10-08 07:42:48,7600.0,7649.75,Call DEX 2,DEX,83.537,8003.286855218263,9276.145705420837
2026-10-08 07:42:48,7600.0,7649.75,Put GEX 3,GEX,-144450.083,8003.286855218263,9276.145705420837
2026-10-08 07:42:48,7600.0,7649.75,Call VEX 3,VEX,542587.795,8003.286855218263,9276.145705420837
2026-10-08 07:42:48,7630.0,7679.75,Call DEX 5,DEX,47.416,8003.286855218263,9276.145705420837
2026-10-08 07:42:48,7650.0,7700.0,Call CEX 3,CEX,385737.528,8003.286855218263,9276.145705420837
2026-10-08 07:42:48,7650.0,7700.0,Put GEX 2,GEX,-187974.812,8003.286855218263,9276.145705420837
2026-10-08 07:42:48,7650.0,7700.0,Call VEX 4,VEX,524313.322,8003.286855218263,9276.145705420837
2026-10-08 07:42:48,7700.0,7750.25,Call CEX 1,CEX,467436.883,8003.286855218263,9276.145705420837
2026-10-08 07:42:48,7700.0,7750.25,Call DEX 1,DEX,94.628,8003.286855218263,9276.145705420837
2026-10-08 07:42:48,7700.0,7750.25,Put GEX 5,GEX,-108179.46,8003.286855218263,9276.145705420837
2026-10-08 07:42:48,7700.0,7750.25,Call VEX 1,VEX,768925.859,8003.286855218263,9276.145705420837
2026-10-08 07:42:48,7750.0,7800.75,Call DEX 3,DEX,82.36,8003.286855218263,9276.145705420837
2026-10-08 07:42:48,7750.0,7800.75,Call VEX 5,VEX,507395.204,8003.286855218263,9276.145705420837
2026-10-08 07:42:48,7800.0,7851.0,Put CEX 4,CEX,-275709.075,8003.286855218263,9276.145705420837
2026-10-08 07:42:48,7800.0,7851.0,Call DEX 4,DEX,56.075,8003.286855218263,9276.145705420837
2026-10-08 07:42:48,7800.0,7851.0,Call GEX 2,GEX,393398.589,8003.286855218263,9276.145705420837
2026-10-08 07:42:48,7825.0,7876.0,Call GEX 3,GEX,384642.173,8003.286855218263,9276.145705420837
2026-10-08 07:42:48,7850.0,7901.25,Put CEX 3,CEX,-344529.277,8003.286855218263,9276.145705420837
2026-10-08 07:42:48,7850.0,7901.25,Call GEX 1,GEX,400525.063,8003.286855218263,9276.145705420837
2026-10-08 07:42:48,7850.0,7901.25,Put VEX 3,VEX,-298453.853,8003.286855218263,9276.145705420837
2026-10-08 07:42:48,7870.0,7921.5,Call GEX 5,GEX,280495.938,8003.286855218263,9276.145705420837
2026-10-08 07:42:48,7870.0,7921.5,Put VEX 5,VEX,-204265.383,8003.286855218263,9276.145705420837
2026-10-08 07:42:48,7900.0,7951.5,Put CEX 2,CEX,-405206.337,8003.286855218263,9276.145705420837
2026-10-08 07:42:48,7900.0,7951.5,Call GEX 4,GEX,374724.657,8003.286855218263,9276.145705420837
2026-10-08 07:42:48,7900.0,7951.5,Put VEX 2,VEX,-426104.035,8003.286855218263,9276.145705420837
2026-10-08 07:42:48,7950.0,8002.0,Put CEX 5,CEX,-226501.455,8003.286855218263,9276.145705420837
2026-10-08 07:42:48,7950.0,8002.0,Put VEX 4,VEX,-261749.194,8003.286855218263,9276.145705420837
2026-10-08 07:42:48,8000.0,8052.25,Put CEX 1,CEX,-3561956.738,8003.286855218263,9276.145705420837
2026-10-08 07:42:48,8000.0,8052.25,Put DEX 1,DEX,-1311.924,8003.286855218263,9276.145705420837
2026-10-08 07:42:48,8000.0,8052.25,Put GEX 1,GEX,-467274.149,8003.286855218263,9276.145705420837
2026-10-08 07:42:48,8000.0,8052.25,Put VEX 1,VEX,-4483755.012,8003.286855218263,9276.145705420837
2026-10-08 07:42:48,8250.0,8304.0,Put DEX 2,DEX,-26.329,8003.286855218263,9276.145705420837
2026-10-08 07:43:37,7000.0,7045.5,Call CEX 2,CEX,395300.288,8003.280603456194,9277.059918960143
2026-10-08 07:43:37,7000.0,7045.5,Put DEX 4,DEX,-10.293,8003.280603456194,9277.059918960143
2026-10-08 07:43:37,7000.0,7045.5,Call VEX 2,VEX,564150.818,8003.280603456194,9277.059918960143
2026-10-08 07:43:37,7400.0,7448.0,Put DEX 5,DEX,-5.317,8003.280603456194,9277.059918960143
2026-10-08 07:43:37,7500.0,7548.75,Call CEX 5,CEX,299587.755,8003.280603456194,9277.059918960143
2026-10-08 07:43:37,7500.0,7548.75,Put DEX 3,DEX,-15.956,8003.280603456194,9277.059918960143
2026-10-08 07:43:37,7500.0,7548.75,Put GEX 3,GEX,-144212.542,8003.280603456194,9277.059918960143
2026-10-08 07:43:37,7600.0,7649.25,Call CEX 4,CEX,377305.732,8003.280603456194,9277.059918960143
2026-10-08 07:43:37,7600.0,7649.25,Call DEX 2,DEX,83.09,8003.280603456194,9277.059918960143
2026-10-08 07:43:37,7600.0,7649.25,Put GEX 4,GEX,-142905.297,8003.280603456194,9277.059918960143
2026-10-08 07:43:37,7600.0,7649.25,Call VEX 3,VEX,548105.065,8003.280603456194,9277.059918960143
2026-10-08 07:43:37,7630.0,7679.5,Call DEX 5,DEX,47.339,8003.280603456194,9277.059918960143
2026-10-08 07:43:37,7650.0,7699.5,Call CEX 3,CEX,386750.937,8003.280603456194,9277.059918960143
2026-10-08 07:43:37,7650.0,7699.5,Put GEX 2,GEX,-187897.384,8003.280603456194,9277.059918960143
2026-10-08 07:43:37,7650.0,7699.5,Call VEX 4,VEX,525877.007,8003.280603456194,9277.059918960143
2026-10-08 07:43:37,7700.0,7750.0,Call CEX 1,CEX,466643.469,8003.280603456194,9277.059918960143
2026-10-08 07:43:37,7700.0,7750.0,Call DEX 1,DEX,93.875,8003.280603456194,9277.059918960143
2026-10-08 07:43:37,7700.0,7750.0,Put GEX 5,GEX,-108659.393,8003.280603456194,9277.059918960143
2026-10-08 07:43:37,7700.0,7750.0,Call VEX 1,VEX,767978.746,8003.280603456194,9277.059918960143
2026-10-08 07:43:37,7750.0,7800.25,Call DEX 3,DEX,81.389,8003.280603456194,9277.059918960143
2026-10-08 07:43:37,7750.0,7800.25,Call VEX 5,VEX,501434.393,8003.280603456194,9277.059918960143
2026-10-08 07:43:37,7800.0,7850.5,Put CEX 4,CEX,-284217.789,8003.280603456194,9277.059918960143
2026-10-08 07:43:37,7800.0,7850.5,Call DEX 4,DEX,54.763,8003.280603456194,9277.059918960143
2026-10-08 07:43:37,7800.0,7850.5,Call GEX 2,GEX,385152.816,8003.280603456194,9277.059918960143
2026-10-08 07:43:37,7825.0,7875.75,Call GEX 3,GEX,382141.587,8003.280603456194,9277.059918960143
2026-10-08 07:43:37,7850.0,7901.0,Put CEX 3,CEX,-346131.401,8003.280603456194,9277.059918960143
2026-10-08 07:43:37,7850.0,7901.0,Call GEX 1,GEX,397646.405,8003.280603456194,9277.059918960143
2026-10-08 07:43:37,7850.0,7901.0,Put VEX 3,VEX,-300923.424,8003.280603456194,9277.059918960143
2026-10-08 07:43:37,7870.0,7921.0,Call GEX 5,GEX,278746.105,8003.280603456194,9277.059918960143
2026-10-08 07:43:37,7870.0,7921.0,Put VEX 5,VEX,-204802.529,8003.280603456194,9277.059918960143
2026-10-08 07:43:37,7900.0,7951.25,Put CEX 2,CEX,-404662.602,8003.280603456194,9277.059918960143
2026-10-08 07:43:37,7900.0,7951.25,Call GEX 4,GEX,372211.22,8003.280603456194,9277.059918960143
2026-10-08 07:43:37,7900.0,7951.25,Put VEX 2,VEX,-426096.698,8003.280603456194,9277.059918960143
2026-10-08 07:43:37,7950.0,8001.5,Put CEX 5,CEX,-225769.626,8003.280603456194,9277.059918960143
2026-10-08 07:43:37,7950.0,8001.5,Put VEX 4,VEX,-261076.71,8003.280603456194,9277.059918960143
2026-10-08 07:43:37,8000.0,8052.0,Put CEX 1,CEX,-3534156.827,8003.280603456194,9277.059918960143
2026-10-08 07:43:37,8000.0,8052.0,Put DEX 1,DEX,-1317.874,8003.280603456194,9277.059918960143
2026-10-08 07:43:37,8000.0,8052.0,Put GEX 1,GEX,-450492.484,8003.280603456194,9277.059918960143
2026-10-08 07:43:37,8000.0,8052.0,Put VEX 1,VEX,-4448879.836,8003.280603456194,9277.059918960143
2026-10-08 07:43:37,8250.0,8303.5,Put DEX 2,DEX,-25.312,8003.280603456194,9277.059918960143
2026-10-08 07:44:26,7000.0,7045.25,Call CEX 2,CEX,413135.145,9484.205175992209,9616.96511844805
2026-10-08 07:44:26,7000.0,7045.25,Put DEX 4,DEX,-10.932,9484.205175992209,9616.96511844805
2026-10-08 07:44:26,7000.0,7045.25,Call VEX 2,VEX,589636.751,9484.205175992209,9616.96511844805
2026-10-08 07:44:26,7500.0,7548.5,Call CEX 5,CEX,302592.997,9484.205175992209,9616.96511844805
2026-10-08 07:44:26,7500.0,7548.5,Put DEX 3,DEX,-14.33,9484.205175992209,9616.96511844805
2026-10-08 07:44:26,7500.0,7548.5,Put GEX 3,GEX,-146058.705,9484.205175992209,9616.96511844805
2026-10-08 07:44:26,7600.0,7649.25,Call CEX 4,CEX,383308.389,9484.205175992209,9616.96511844805
2026-10-08 07:44:26,7600.0,7649.25,Call DEX 2,DEX,82.138,9484.205175992209,9616.96511844805
2026-10-08 07:44:26,7600.0,7649.25,Put GEX 4,GEX,-142773.426,9484.205175992209,9616.96511844805
2026-10-08 07:44:26,7600.0,7649.25,Call VEX 3,VEX,557292.745,9484.205175992209,9616.96511844805
2026-10-08 07:44:26,7630.0,7679.5,Call DEX 5,DEX,46.937,9484.205175992209,9616.96511844805
2026-10-08 07:44:26,7650.0,7699.5,Call CEX 3,CEX,388045.853,9484.205175992209,9616.96511844805
2026-10-08 07:44:26,7650.0,7699.5,Put GEX 2,GEX,-191823.163,9484.205175992209,9616.96511844805
2026-10-08 07:44:26,7650.0,7699.5,Call VEX 4,VEX,527961.736,9484.205175992209,9616.96511844805
2026-10-08 07:44:26,7700.0,7750.0,Call CEX 1,CEX,461145.855,9484.205175992209,9616.96511844805
2026-10-08 07:44:26,7700.0,7750.0,Call DEX 1,DEX,91.53,9484.205175992209,9616.96511844805
2026-10-08 07:44:26,7700.0,7750.0,Put GEX 5,GEX,-108130.952,9484.205175992209,9616.96511844805
2026-10-08 07:44:26,7700.0,7750.0,Call VEX 1,VEX,761898.234,9484.205175992209,9616.96511844805
2026-10-08 07:44:26,7750.0,7800.25,Call DEX 3,DEX,78.441,9484.205175992209,9616.96511844805
2026-10-08 07:44:26,7750.0,7800.25,Call VEX 5,VEX,482881.214,9484.205175992209,9616.96511844805
2026-10-08 07:44:26,7800.0,7850.5,Put CEX 4,CEX,-314071.499,9484.205175992209,9616.96511844805
2026-10-08 07:44:26,7800.0,7850.5,Call DEX 4,DEX,50.234,9484.205175992209,9616.96511844805
2026-10-08 07:44:26,7800.0,7850.5,Call GEX 2,GEX,389665.914,9484.205175992209,9616.96511844805
2026-10-08 07:44:26,7825.0,7875.75,Call GEX 3,GEX,379807.205,9484.205175992209,9616.96511844805
2026-10-08 07:44:26,7850.0,7900.75,Put CEX 3,CEX,-351799.206,9484.205175992209,9616.96511844805
2026-10-08 07:44:26,7850.0,7900.75,Call GEX 1,GEX,392835.464,9484.205175992209,9616.96511844805
2026-10-08 07:44:26,7850.0,7900.75,Put VEX 3,VEX,-309557.024,9484.205175992209,9616.96511844805
2026-10-08 07:44:26,7870.0,7921.0,Put CEX 5,CEX,-224257.041,9484.205175992209,9616.96511844805
2026-10-08 07:44:26,7870.0,7921.0,Call GEX 5,GEX,273800.444,9484.205175992209,9616.96511844805
2026-10-08 07:44:26,7870.0,7921.0,Put VEX 5,VEX,-207197.08,9484.205175992209,9616.96511844805
2026-10-08 07:44:26,7900.0,7951.25,Put CEX 2,CEX,-401633.273,9484.205175992209,9616.96511844805
2026-10-08 07:44:26,7900.0,7951.25,Call GEX 4,GEX,363213.383,9484.205175992209,9616.96511844805
2026-10-08 07:44:26,7900.0,7951.25,Put VEX 2,VEX,-425139.358,9484.205175992209,9616.96511844805
2026-10-08 07:44:26,7950.0,8001.5,Put VEX 4,VEX,-257648.539,9484.205175992209,9616.96511844805
2026-10-08 07:44:26,8000.0,8051.75,Put CEX 1,CEX,-3492229.858,9484.205175992209,9616.96511844805
2026-10-08 07:44:26,8000.0,8051.75,Put DEX 1,DEX,-1321.387,9484.205175992209,9616.96511844805
2026-10-08 07:44:26,8000.0,8051.75,Put GEX 1,GEX,-457220.417,9484.205175992209,9616.96511844805
2026-10-08 07:44:26,8000.0,8051.75,Put VEX 1,VEX,-4400076.008,9484.205175992209,9616.96511844805
2026-10-08 07:44:26,8100.0,8152.5,Put DEX 5,DEX,-5.18,9484.205175992209,9616.96511844805
2026-10-08 07:44:26,8250.0,8303.5,Put DEX 2,DEX,-25.282,9484.205175992209,9616.96511844805
2026-10-08 07:45:14,7000.0,7046.0,Call CEX 1,CEX,951095.17,9481.47908581285,9622.246059136274
2026-10-08 07:45:14,7000.0,7046.0,Call DEX 1,DEX,1528.674,9481.47908581285,9622.246059136274
2026-10-08 07:45:14,7000.0,7046.0,Call VEX 1,VEX,1363299.514,9481.47908581285,9622.246059136274
2026-10-08 07:45:14,7400.0,7448.75,Put DEX 5,DEX,-4.546,9481.47908581285,9622.246059136274
2026-10-08 07:45:14,7500.0,7549.5,Call CEX 5,CEX,301664.295,9481.47908581285,9622.246059136274
2026-10-08 07:45:14,7500.0,7549.5,Put DEX 3,DEX,-16.177,9481.47908581285,9622.246059136274
2026-10-08 07:45:14,7500.0,7549.5,Put GEX 3,GEX,-146333.343,9481.47908581285,9622.246059136274
2026-10-08 07:45:14,7600.0,7650.0,Call CEX 3,CEX,392314.717,9481.47908581285,9622.246059136274
2026-10-08 07:45:14,7600.0,7650.0,Call DEX 3,DEX,81.054,9481.47908581285,9622.246059136274
2026-10-08 07:45:14,7600.0,7650.0,Put GEX 4,GEX,-135004.273,9481.47908581285,9622.246059136274
2026-10-08 07:45:14,7600.0,7650.0,Call VEX 3,VEX,571550.593,9481.47908581285,9622.246059136274
2026-10-08 07:45:14,7650.0,7700.5,Call CEX 4,CEX,388393.587,9481.47908581285,9622.246059136274
2026-10-08 07:45:14,7650.0,7700.5,Put GEX 2,GEX,-190292.017,9481.47908581285,9622.246059136274
2026-10-08 07:45:14,7650.0,7700.5,Call VEX 4,VEX,529131.287,9481.47908581285,9622.246059136274
2026-10-08 07:45:14,7700.0,7750.75,Call CEX 2,CEX,462008.701,9481.47908581285,9622.246059136274
2026-10-08 07:45:14,7700.0,7750.75,Call DEX 2,DEX,90.844,9481.47908581285,9622.246059136274
2026-10-08 07:45:14,7700.0,7750.75,Put GEX 5,GEX,-109460.134,9481.47908581285,9622.246059136274
2026-10-08 07:45:14,7700.0,7750.75,Call VEX 2,VEX,762173.82,9481.47908581285,9622.246059136274
2026-10-08 07:45:14,7750.0,7801.0,Call DEX 4,DEX,78.009,9481.47908581285,9622.246059136274
2026-10-08 07:45:14,7750.0,7801.0,Call VEX 5,VEX,480207.932,9481.47908581285,9622.246059136274
2026-10-08 07:45:14,7800.0,7851.5,Put CEX 4,CEX,-314826.793,9481.47908581285,9622.246059136274
2026-10-08 07:45:14,7800.0,7851.5,Call DEX 5,DEX,50.055,9481.47908581285,9622.246059136274
2026-10-08 07:45:14,7800.0,7851.5,Call GEX 3,GEX,370156.486,9481.47908581285,9622.246059136274
2026-10-08 07:45:14,7825.0,7876.5,Call GEX 2,GEX,375865.483,9481.47908581285,9622.246059136274
2026-10-08 07:45:14,7850.0,7901.75,Put CEX 3,CEX,-351437.931,9481.47908581285,9622.246059136274
2026-10-08 07:45:14,7850.0,7901.75,Call GEX 1,GEX,388507.075,9481.47908581285,9622.246059136274
2026-10-08 07:45:14,7850.0,7901.75,Put VEX 3,VEX,-309307.889,9481.47908581285,9622.246059136274
2026-10-08 07:45:14,7870.0,7921.75,Put CEX 5,CEX,-223791.5,9481.47908581285,9622.246059136274
2026-10-08 07:45:14,7870.0,7921.75,Call GEX 5,GEX,272808.271,9481.47908581285,9622.246059136274
2026-10-08 07:45:14,7870.0,7921.75,Put VEX 5,VEX,-206774.224,9481.47908581285,9622.246059136274
2026-10-08 07:45:14,7900.0,7952.0,Put CEX 2,CEX,-401896.934,9481.47908581285,9622.246059136274
2026-10-08 07:45:14,7900.0,7952.0,Call GEX 4,GEX,362689.722,9481.47908581285,9622.246059136274
2026-10-08 07:45:14,7900.0,7952.0,Put VEX 2,VEX,-425413.969,9481.47908581285,9622.246059136274
2026-10-08 07:45:14,7950.0,8002.25,Put VEX 4,VEX,-258314.94,9481.47908581285,9622.246059136274
2026-10-08 07:45:14,8000.0,8052.75,Put CEX 1,CEX,-3417469.458,9481.47908581285,9622.246059136274
2026-10-08 07:45:14,8000.0,8052.75,Put DEX 1,DEX,-1335.946,9481.47908581285,9622.246059136274
2026-10-08 07:45:14,8000.0,8052.75,Put GEX 1,GEX,-410975.481,9481.47908581285,9622.246059136274
2026-10-08 07:45:14,8000.0,8052.75,Put VEX 1,VEX,-4305398.886,9481.47908581285,9622.246059136274
2026-10-08 07:45:14,8100.0,8153.25,Put DEX 4,DEX,-5.226,9481.47908581285,9622.246059136274
2026-10-08 07:45:14,8250.0,8304.25,Put DEX 2,DEX,-25.436,9481.47908581285,9622.246059136274
2026-10-08 07:46:05,7000.0,7045.0,Call CEX 2,CEX,395801.361,8003.308215033776,9279.353933897431
2026-10-08 07:46:05,7000.0,7045.0,Put DEX 4,DEX,-10.308,8003.308215033776,9279.353933897431
2026-10-08 07:46:05,7000.0,7045.0,Call VEX 2,VEX,564656.843,8003.308215033776,9279.353933897431
2026-10-08 07:46:05,7250.0,7296.75,Call DEX 4,DEX,58.975,8003.308215033776,9279.353933897431
2026-10-08 07:46:05,7400.0,7447.5,Put DEX 5,DEX,-5.389,8003.308215033776,9279.353933897431
2026-10-08 07:46:05,7500.0,7548.25,Call CEX 5,CEX,301409.533,8003.308215033776,9279.353933897431
2026-10-08 07:46:05,7500.0,7548.25,Put DEX 3,DEX,-16.151,8003.308215033776,9279.353933897431
2026-10-08 07:46:05,7500.0,7548.25,Put GEX 3,GEX,-145864.341,8003.308215033776,9279.353933897431
2026-10-08 07:46:05,7600.0,7649.0,Call CEX 4,CEX,378618.86,8003.308215033776,9279.353933897431
2026-10-08 07:46:05,7600.0,7649.0,Call DEX 2,DEX,82.293,8003.308215033776,9279.353933897431
2026-10-08 07:46:05,7600.0,7649.0,Put GEX 4,GEX,-145333.084,8003.308215033776,9279.353933897431
2026-10-08 07:46:05,7600.0,7649.0,Call VEX 3,VEX,550094.494,8003.308215033776,9279.353933897431
2026-10-08 07:46:05,7650.0,7699.25,Call CEX 3,CEX,383405.231,8003.308215033776,9279.353933897431
2026-10-08 07:46:05,7650.0,7699.25,Put GEX 2,GEX,-193445.113,8003.308215033776,9279.353933897431
2026-10-08 07:46:05,7650.0,7699.25,Call VEX 4,VEX,523022.69,8003.308215033776,9279.353933897431
2026-10-08 07:46:05,7700.0,7749.5,Call CEX 1,CEX,463186.203,8003.308215033776,9279.353933897431
2026-10-08 07:46:05,7700.0,7749.5,Call DEX 1,DEX,92.282,8003.308215033776,9279.353933897431
2026-10-08 07:46:05,7700.0,7749.5,Put GEX 5,GEX,-108124.212,8003.308215033776,9279.353933897431
2026-10-08 07:46:05,7700.0,7749.5,Call VEX 1,VEX,764147.924,8003.308215033776,9279.353933897431
2026-10-08 07:46:05,7750.0,7799.75,Call DEX 3,DEX,79.287,8003.308215033776,9279.353933897431
2026-10-08 07:46:05,7750.0,7799.75,Call VEX 5,VEX,488276.518,8003.308215033776,9279.353933897431
2026-10-08 07:46:05,7800.0,7850.25,Put CEX 4,CEX,-306173.626,8003.308215033776,9279.353933897431
2026-10-08 07:46:05,7800.0,7850.25,Call DEX 5,DEX,51.472,8003.308215033776,9279.353933897431
2026-10-08 07:46:05,7800.0,7850.25,Call GEX 2,GEX,386991.309,8003.308215033776,9279.353933897431
2026-10-08 07:46:05,7825.0,7875.25,Call GEX 3,GEX,380268.535,8003.308215033776,9279.353933897431
2026-10-08 07:46:05,7850.0,7900.5,Put CEX 3,CEX,-350456.91,8003.308215033776,9279.353933897431
2026-10-08 07:46:05,7850.0,7900.5,Call GEX 1,GEX,393947.315,8003.308215033776,9279.353933897431
2026-10-08 07:46:05,7850.0,7900.5,Put VEX 3,VEX,-307331.077,8003.308215033776,9279.353933897431
2026-10-08 07:46:05,7870.0,7920.75,Put CEX 5,CEX,-223971.445,8003.308215033776,9279.353933897431
2026-10-08 07:46:05,7870.0,7920.75,Call GEX 5,GEX,275159.551,8003.308215033776,9279.353933897431
2026-10-08 07:46:05,7870.0,7920.75,Put VEX 5,VEX,-206551.199,8003.308215033776,9279.353933897431
2026-10-08 07:46:05,7900.0,7950.75,Put CEX 2,CEX,-402273.025,8003.308215033776,9279.353933897431
2026-10-08 07:46:05,7900.0,7950.75,Call GEX 4,GEX,365437.993,8003.308215033776,9279.353933897431
2026-10-08 07:46:05,7900.0,7950.75,Put VEX 2,VEX,-425276.672,8003.308215033776,9279.353933897431
2026-10-08 07:46:05,7950.0,8001.25,Put VEX 4,VEX,-257978.183,8003.308215033776,9279.353933897431
2026-10-08 07:46:05,8000.0,8051.5,Put CEX 1,CEX,-3502811.139,8003.308215033776,9279.353933897431
2026-10-08 07:46:05,8000.0,8051.5,Put DEX 1,DEX,-1319.804,8003.308215033776,9279.353933897431
2026-10-08 07:46:05,8000.0,8051.5,Put GEX 1,GEX,-462031.807,8003.308215033776,9279.353933897431
2026-10-08 07:46:05,8000.0,8051.5,Put VEX 1,VEX,-4411907.599,8003.308215033776,9279.353933897431
2026-10-08 07:46:05,8250.0,8303.0,Put DEX 2,DEX,-26.376,8003.308215033776,9279.353933897431
2026-10-08 07:46:55,7000.0,7046.0,Call CEX 2,CEX,395964.322,9487.06573356661,9611.144269327611
2026-10-08 07:46:55,7000.0,7046.0,Put DEX 4,DEX,-10.313,9487.06573356661,9611.144269327611
2026-10-08 07:46:55,7000.0,7046.0,Call VEX 3,VEX,564820.536,9487.06573356661,9611.144269327611
2026-10-08 07:46:55,7500.0,7549.25,Call CEX 5,CEX,301560.869,9487.06573356661,9611.144269327611
2026-10-08 07:46:55,7500.0,7549.25,Put DEX 3,DEX,-16.168,9487.06573356661,9611.144269327611
2026-10-08 07:46:55,7500.0,7549.25,Put GEX 3,GEX,-146189.122,9487.06573356661,9611.144269327611
2026-10-08 07:46:55,7600.0,7650.0,Call CEX 3,CEX,390794.71,9487.06573356661,9611.144269327611
2026-10-08 07:46:55,7600.0,7650.0,Call DEX 2,DEX,81.289,9487.06573356661,9611.144269327611
2026-10-08 07:46:55,7600.0,7650.0,Put GEX 4,GEX,-135184.728,9487.06573356661,9611.144269327611
2026-10-08 07:46:55,7600.0,7650.0,Call VEX 2,VEX,569367.408,9487.06573356661,9611.144269327611
2026-10-08 07:46:55,7630.0,7680.0,Call DEX 5,DEX,46.663,9487.06573356661,9611.144269327611
2026-10-08 07:46:55,7650.0,7700.25,Call CEX 4,CEX,389892.951,9487.06573356661,9611.144269327611
2026-10-08 07:46:55,7650.0,7700.25,Put GEX 2,GEX,-188667.071,9487.06573356661,9611.144269327611
2026-10-08 07:46:55,7650.0,7700.25,Call VEX 4,VEX,530493.611,9487.06573356661,9611.144269327611
2026-10-08 07:46:55,7700.0,7750.5,Call CEX 1,CEX,462756.683,9487.06573356661,9611.144269327611
2026-10-08 07:46:55,7700.0,7750.5,Call DEX 1,DEX,90.99,9487.06573356661,9611.144269327611
2026-10-08 07:46:55,7700.0,7750.5,Put GEX 5,GEX,-110280.385,9487.06573356661,9611.144269327611
2026-10-08 07:46:55,7700.0,7750.5,Call VEX 1,VEX,762865.421,9487.06573356661,9611.144269327611
2026-10-08 07:46:55,7750.0,7800.75,Call DEX 3,DEX,78.283,9487.06573356661,9611.144269327611
2026-10-08 07:46:55,7750.0,7800.75,Call VEX 5,VEX,482003.396,9487.06573356661,9611.144269327611
2026-10-08 07:46:55,7800.0,7851.25,Put CEX 4,CEX,-312637.102,9487.06573356661,9611.144269327611
2026-10-08 07:46:55,7800.0,7851.25,Call DEX 4,DEX,50.417,9487.06573356661,9611.144269327611
2026-10-08 07:46:55,7800.0,7851.25,Call GEX 3,GEX,366701.489,9487.06573356661,9611.144269327611
2026-10-08 07:46:55,7825.0,7876.25,Call GEX 2,GEX,375209.288,9487.06573356661,9611.144269327611
2026-10-08 07:46:55,7850.0,7901.5,Put CEX 3,CEX,-351155.616,9487.06573356661,9611.144269327611
2026-10-08 07:46:55,7850.0,7901.5,Call GEX 1,GEX,389117.077,9487.06573356661,9611.144269327611
2026-10-08 07:46:55,7850.0,7901.5,Put VEX 3,VEX,-308746.101,9487.06573356661,9611.144269327611
2026-10-08 07:46:55,7870.0,7921.75,Put CEX 5,CEX,-223780.803,9487.06573356661,9611.144269327611
2026-10-08 07:46:55,7870.0,7921.75,Call GEX 5,GEX,273256.204,9487.06573356661,9611.144269327611
2026-10-08 07:46:55,7870.0,7921.75,Put VEX 5,VEX,-206625.355,9487.06573356661,9611.144269327611
2026-10-08 07:46:55,7900.0,7951.75,Put CEX 2,CEX,-402825.97,9487.06573356661,9611.144269327611
2026-10-08 07:46:55,7900.0,7951.75,Call GEX 4,GEX,363791.959,9487.06573356661,9611.144269327611
2026-10-08 07:46:55,7900.0,7951.75,Put VEX 2,VEX,-425930.216,9487.06573356661,9611.144269327611
2026-10-08 07:46:55,7950.0,8002.25,Put VEX 4,VEX,-258506.77,9487.06573356661,9611.144269327611
2026-10-08 07:46:55,8000.0,8052.5,Put CEX 1,CEX,-3433399.407,9487.06573356661,9611.144269327611
2026-10-08 07:46:55,8000.0,8052.5,Put DEX 1,DEX,-1333.292,9487.06573356661,9611.144269327611
2026-10-08 07:46:55,8000.0,8052.5,Put GEX 1,GEX,-420127.114,9487.06573356661,9611.144269327611
2026-10-08 07:46:55,8000.0,8052.5,Put VEX 1,VEX,-4324705.117,9487.06573356661,9611.144269327611
2026-10-08 07:46:55,8100.0,8153.25,Put DEX 5,DEX,-5.214,9487.06573356661,9611.144269327611
2026-10-08 07:46:55,8250.0,8304.25,Put DEX 2,DEX,-25.477,9487.06573356661,9611.144269327611
2026-10-08 07:47:43,7000.0,7045.5,Call CEX 2,CEX,395635.119,9496.071708098842,9555.096706743336
2026-10-08 07:47:43,7000.0,7045.5,Put DEX 4,DEX,-10.3,9496.071708098842,9555.096706743336
2026-10-08 07:47:43,7000.0,7045.5,Call VEX 2,VEX,564385.562,9496.071708098842,9555.096706743336
2026-10-08 07:47:43,7400.0,7448.0,Put DEX 5,DEX,-5.369,9496.071708098842,9555.096706743336
2026-10-08 07:47:43,7500.0,7548.75,Call CEX 5,CEX,300023.016,9496.071708098842,9555.096706743336
2026-10-08 07:47:43,7500.0,7548.75,Put DEX 3,DEX,-15.99,9496.071708098842,9555.096706743336
2026-10-08 07:47:43,7500.0,7548.75,Put GEX 3,GEX,-144715.606,9496.071708098842,9555.096706743336
2026-10-08 07:47:43,7600.0,7649.25,Call CEX 4,CEX,378291.733,9496.071708098842,9555.096706743336
2026-10-08 07:47:43,7600.0,7649.25,Call DEX 2,DEX,82.53,9496.071708098842,9555.096706743336
2026-10-08 07:47:43,7600.0,7649.25,Put GEX 4,GEX,-144104.383,9496.071708098842,9555.096706743336
2026-10-08 07:47:43,7600.0,7649.25,Call VEX 3,VEX,549245.057,9496.071708098842,9555.096706743336
2026-10-08 07:47:43,7630.0,7679.5,Call DEX 5,DEX,47.053,9496.071708098842,9555.096706743336
2026-10-08 07:47:43,7650.0,7699.5,Call CEX 3,CEX,384557.643,9496.071708098842,9555.096706743336
2026-10-08 07:47:43,7650.0,7699.5,Put GEX 2,GEX,-191687.68,9496.071708098842,9555.096706743336
2026-10-08 07:47:43,7650.0,7699.5,Call VEX 4,VEX,523509.945,9496.071708098842,9555.096706743336
2026-10-08 07:47:43,7700.0,7750.0,Call CEX 1,CEX,465355.077,9496.071708098842,9555.096706743336
2026-10-08 07:47:43,7700.0,7750.0,Call DEX 1,DEX,93.326,9496.071708098842,9555.096706743336
2026-10-08 07:47:43,7700.0,7750.0,Put GEX 5,GEX,-107863.741,9496.071708098842,9555.096706743336
2026-10-08 07:47:43,7700.0,7750.0,Call VEX 1,VEX,766507.682,9496.071708098842,9555.096706743336
2026-10-08 07:47:43,7750.0,7800.25,Call DEX 3,DEX,80.423,9496.071708098842,9555.096706743336
2026-10-08 07:47:43,7750.0,7800.25,Call VEX 5,VEX,495435.141,9496.071708098842,9555.096706743336
2026-10-08 07:47:43,7800.0,7850.5,Put CEX 4,CEX,-294590.623,9496.071708098842,9555.096706743336
2026-10-08 07:47:43,7800.0,7850.5,Call DEX 4,DEX,53.239,9496.071708098842,9555.096706743336
2026-10-08 07:47:43,7800.0,7850.5,Call GEX 2,GEX,391541.633,9496.071708098842,9555.096706743336
2026-10-08 07:47:43,7825.0,7875.75,Call GEX 3,GEX,382258.464,9496.071708098842,9555.096706743336
2026-10-08 07:47:43,7850.0,7901.0,Put CEX 3,CEX,-348520.687,9496.071708098842,9555.096706743336
2026-10-08 07:47:43,7850.0,7901.0,Call GEX 1,GEX,397022.428,9496.071708098842,9555.096706743336
2026-10-08 07:47:43,7850.0,7901.0,Put VEX 3,VEX,-304178.631,9496.071708098842,9555.096706743336
2026-10-08 07:47:43,7870.0,7921.0,Call GEX 5,GEX,277320.548,9496.071708098842,9555.096706743336
2026-10-08 07:47:43,7870.0,7921.0,Put VEX 5,VEX,-205772.951,9496.071708098842,9555.096706743336
2026-10-08 07:47:43,7900.0,7951.25,Put CEX 2,CEX,-403578.846,9496.071708098842,9555.096706743336
2026-10-08 07:47:43,7900.0,7951.25,Call GEX 4,GEX,369023.506,9496.071708098842,9555.096706743336
2026-10-08 07:47:43,7900.0,7951.25,Put VEX 2,VEX,-425688.079,9496.071708098842,9555.096706743336
2026-10-08 07:47:43,7950.0,8001.5,Put CEX 5,CEX,-224212.75,9496.071708098842,9555.096706743336
2026-10-08 07:47:43,7950.0,8001.5,Put VEX 4,VEX,-259278.256,9496.071708098842,9555.096706743336
2026-10-08 07:47:43,8000.0,8051.75,Put CEX 1,CEX,-3515030.051,9496.071708098842,9555.096706743336
2026-10-08 07:47:43,8000.0,8051.75,Put DEX 1,DEX,-1318.102,9496.071708098842,9555.096706743336
2026-10-08 07:47:43,8000.0,8051.75,Put GEX 1,GEX,-467159.477,9496.071708098842,9555.096706743336
2026-10-08 07:47:43,8000.0,8051.75,Put VEX 1,VEX,-4425349.771,9496.071708098842,9555.096706743336
2026-10-08 07:47:43,8250.0,8303.5,Put DEX 2,DEX,-25.258,9496.071708098842,9555.096706743336
2026-10-08 07:48:31,7000.0,7045.0,Call CEX 2,CEX,404944.424,9488.05257696299,9614.420384543588
2026-10-08 07:48:31,7000.0,7045.0,Put DEX 4,DEX,-10.633,9488.05257696299,9614.420384543588
2026-10-08 07:48:31,7000.0,7045.0,Call VEX 2,VEX,577602.804,9488.05257696299,9614.420384543588
2026-10-08 07:48:31,7500.0,7548.25,Call CEX 5,CEX,302495.282,9488.05257696299,9614.420384543588
2026-10-08 07:48:31,7500.0,7548.25,Put DEX 3,DEX,-15.952,9488.05257696299,9614.420384543588
2026-10-08 07:48:31,7500.0,7548.25,Put GEX 3,GEX,-146938.797,9488.05257696299,9614.420384543588
2026-10-08 07:48:31,7600.0,7649.0,Call CEX 3,CEX,390743.326,9488.05257696299,9614.420384543588
2026-10-08 07:48:31,7600.0,7649.0,Call DEX 2,DEX,81.175,9488.05257696299,9614.420384543588
2026-10-08 07:48:31,7600.0,7649.0,Put GEX 4,GEX,-138810.168,9488.05257696299,9614.420384543588
2026-10-08 07:48:31,7600.0,7649.0,Call VEX 3,VEX,568476.637,9488.05257696299,9614.420384543588
2026-10-08 07:48:31,7630.0,7679.25,Call DEX 5,DEX,46.589,9488.05257696299,9614.420384543588
2026-10-08 07:48:31,7650.0,7699.25,Call CEX 4,CEX,390645.949,9488.05257696299,9614.420384543588
2026-10-08 07:48:31,7650.0,7699.25,Put GEX 2,GEX,-191413.298,9488.05257696299,9614.420384543588
2026-10-08 07:48:31,7650.0,7699.25,Call VEX 4,VEX,531054.358,9488.05257696299,9614.420384543588
2026-10-08 07:48:31,7700.0,7749.75,Call CEX 1,CEX,460162.766,9488.05257696299,9614.420384543588
2026-10-08 07:48:31,7700.0,7749.75,Call DEX 1,DEX,90.354,9488.05257696299,9614.420384543588
2026-10-08 07:48:31,7700.0,7749.75,Put GEX 5,GEX,-108713.692,9488.05257696299,9614.420384543588
2026-10-08 07:48:31,7700.0,7749.75,Call VEX 1,VEX,760175.822,9488.05257696299,9614.420384543588
2026-10-08 07:48:31,7750.0,7800.0,Call DEX 3,DEX,77.171,9488.05257696299,9614.420384543588
2026-10-08 07:48:31,7750.0,7800.0,Call VEX 5,VEX,474891.801,9488.05257696299,9614.420384543588
2026-10-08 07:48:31,7800.0,7850.25,Put CEX 4,CEX,-323401.391,9488.05257696299,9614.420384543588
2026-10-08 07:48:31,7800.0,7850.25,Call DEX 4,DEX,48.718,9488.05257696299,9614.420384543588
2026-10-08 07:48:31,7800.0,7850.25,Call GEX 2,GEX,376227.359,9488.05257696299,9614.420384543588
2026-10-08 07:48:31,7825.0,7875.5,Call GEX 3,GEX,375455.19,9488.05257696299,9614.420384543588
2026-10-08 07:48:31,7850.0,7900.5,Put CEX 3,CEX,-353176.212,9488.05257696299,9614.420384543588
2026-10-08 07:48:31,7850.0,7900.5,Call GEX 1,GEX,388401.171,9488.05257696299,9614.420384543588
2026-10-08 07:48:31,7850.0,7900.5,Put VEX 3,VEX,-311883.605,9488.05257696299,9614.420384543588
2026-10-08 07:48:31,7870.0,7920.75,Put CEX 5,CEX,-224298.122,9488.05257696299,9614.420384543588
2026-10-08 07:48:31,7870.0,7920.75,Call GEX 5,GEX,271554.472,9488.05257696299,9614.420384543588
2026-10-08 07:48:31,7870.0,7920.75,Put VEX 5,VEX,-207588.346,9488.05257696299,9614.420384543588
2026-10-08 07:48:31,7900.0,7951.0,Put CEX 2,CEX,-401349.354,9488.05257696299,9614.420384543588
2026-10-08 07:48:31,7900.0,7951.0,Call GEX 4,GEX,360431.781,9488.05257696299,9614.420384543588
2026-10-08 07:48:31,7900.0,7951.0,Put VEX 2,VEX,-425236.881,9488.05257696299,9614.420384543588
2026-10-08 07:48:31,7950.0,8001.25,Put VEX 4,VEX,-256424.639,9488.05257696299,9614.420384543588
2026-10-08 07:48:31,8000.0,8051.5,Put CEX 1,CEX,-3444766.508,9488.05257696299,9614.420384543588
2026-10-08 07:48:31,8000.0,8051.5,Put DEX 1,DEX,-1329.155,9488.05257696299,9614.420384543588
2026-10-08 07:48:31,8000.0,8051.5,Put GEX 1,GEX,-442330.555,9488.05257696299,9614.420384543588
2026-10-08 07:48:31,8000.0,8051.5,Put VEX 1,VEX,-4339913.024,9488.05257696299,9614.420384543588
2026-10-08 07:48:31,8100.0,8152.25,Put DEX 5,DEX,-5.249,9488.05257696299,9614.420384543588
2026-10-08 07:48:31,8250.0,8303.25,Put DEX 2,DEX,-25.373,9488.05257696299,9614.420384543588
2026-10-08 07:49:22,7000.0,7044.75,Call CEX 2,CEX,413706.818,9498.47676841976,9526.06187729418
2026-10-08 07:49:22,7000.0,7044.75,Put DEX 4,DEX,-10.949,9498.47676841976,9526.06187729418
2026-10-08 07:49:22,7000.0,7044.75,Call VEX 2,VEX,590116.621,9498.47676841976,9526.06187729418
2026-10-08 07:49:22,7400.0,7447.5,Put DEX 5,DEX,-5.454,9498.47676841976,9526.06187729418
2026-10-08 07:49:22,7500.0,7548.0,Call CEX 5,CEX,303955.8,9498.47676841976,9526.06187729418
2026-10-08 07:49:22,7500.0,7548.0,Put DEX 3,DEX,-16.41,9498.47676841976,9526.06187729418
2026-10-08 07:49:22,7500.0,7548.0,Put GEX 3,GEX,-148080.194,9498.47676841976,9526.06187729418
2026-10-08 07:49:22,7600.0,7648.75,Call CEX 4,CEX,382813.52,9498.47676841976,9526.06187729418
2026-10-08 07:49:22,7600.0,7648.75,Call DEX 2,DEX,81.926,9498.47676841976,9526.06187729418
2026-10-08 07:49:22,7600.0,7648.75,Put GEX 4,GEX,-146967.533,9498.47676841976,9526.06187729418
2026-10-08 07:49:22,7600.0,7648.75,Call VEX 3,VEX,556021.698,9498.47676841976,9526.06187729418
2026-10-08 07:49:22,7630.0,7679.0,Call DEX 5,DEX,47.027,9498.47676841976,9526.06187729418
2026-10-08 07:49:22,7650.0,7699.0,Call CEX 3,CEX,389778.563,9498.47676841976,9526.06187729418
2026-10-08 07:49:22,7650.0,7699.0,Put GEX 2,GEX,-194347.356,9498.47676841976,9526.06187729418
2026-10-08 07:49:22,7650.0,7699.0,Call VEX 4,VEX,529712.005,9498.47676841976,9526.06187729418
2026-10-08 07:49:22,7700.0,7749.25,Call CEX 1,CEX,457646.959,9498.47676841976,9526.06187729418
2026-10-08 07:49:22,7700.0,7749.25,Call DEX 1,DEX,90.261,9498.47676841976,9526.06187729418
2026-10-08 07:49:22,7700.0,7749.25,Put GEX 5,GEX,-107526.752,9498.47676841976,9526.06187729418
2026-10-08 07:49:22,7700.0,7749.25,Call VEX 1,VEX,758101.005,9498.47676841976,9526.06187729418
2026-10-08 07:49:22,7750.0,7799.75,Call DEX 3,DEX,76.59,9498.47676841976,9526.06187729418
2026-10-08 07:49:22,7750.0,7799.75,Call VEX 5,VEX,471113.26,9498.47676841976,9526.06187729418
2026-10-08 07:49:22,7800.0,7850.0,Put CEX 4,CEX,-334042.388,9498.47676841976,9526.06187729418
2026-10-08 07:49:22,7800.0,7850.0,Call DEX 4,DEX,47.229,9498.47676841976,9526.06187729418
2026-10-08 07:49:22,7800.0,7850.0,Call GEX 1,GEX,392309.918,9498.47676841976,9526.06187729418
2026-10-08 07:49:22,7825.0,7875.25,Call GEX 3,GEX,378773.868,9498.47676841976,9526.06187729418
2026-10-08 07:49:22,7850.0,7900.25,Put CEX 3,CEX,-355591.612,9498.47676841976,9526.06187729418
2026-10-08 07:49:22,7850.0,7900.25,Call GEX 2,GEX,389507.679,9498.47676841976,9526.06187729418
2026-10-08 07:49:22,7850.0,7900.25,Put VEX 3,VEX,-315180.996,9498.47676841976,9526.06187729418
2026-10-08 07:49:22,7870.0,7920.5,Put CEX 5,CEX,-225007.226,9498.47676841976,9526.06187729418
2026-10-08 07:49:22,7870.0,7920.5,Call GEX 5,GEX,270556.818,9498.47676841976,9526.06187729418
2026-10-08 07:49:22,7870.0,7920.5,Put VEX 5,VEX,-208684.234,9498.47676841976,9526.06187729418
2026-10-08 07:49:22,7900.0,7950.5,Put CEX 2,CEX,-399586.702,9498.47676841976,9526.06187729418
2026-10-08 07:49:22,7900.0,7950.5,Call GEX 4,GEX,357339.058,9498.47676841976,9526.06187729418
2026-10-08 07:49:22,7900.0,7950.5,Put VEX 2,VEX,-424306.413,9498.47676841976,9526.06187729418
2026-10-08 07:49:22,7950.0,8001.0,Put VEX 4,VEX,-253868.815,9498.47676841976,9526.06187729418
2026-10-08 07:49:22,8000.0,8051.25,Put CEX 1,CEX,-3474749.771,9498.47676841976,9526.06187729418
2026-10-08 07:49:22,8000.0,8051.25,Put DEX 1,DEX,-1320.728,9498.47676841976,9526.06187729418
2026-10-08 07:49:22,8000.0,8051.25,Put GEX 1,GEX,-475772.201,9498.47676841976,9526.06187729418
2026-10-08 07:49:22,8000.0,8051.25,Put VEX 1,VEX,-4378773.954,9498.47676841976,9526.06187729418
2026-10-08 07:49:22,8250.0,8302.75,Put DEX 2,DEX,-25.245,9498.47676841976,9526.06187729418
2026-10-08 07:50:11,7000.0,7045.75,Call CEX 2,CEX,414266.631,9479.063421023906,9636.021706586826
2026-10-08 07:50:11,7000.0,7045.75,Put DEX 4,DEX,-10.968,9479.063421023906,9636.021706586826
2026-10-08 07:50:11,7000.0,7045.75,Call VEX 2,VEX,590779.179,9479.063421023906,9636.021706586826
2026-10-08 07:50:11,7400.0,7448.25,Put DEX 5,DEX,-5.514,9479.063421023906,9636.021706586826
2026-10-08 07:50:11,7500.0,7549.0,Call CEX 5,CEX,306712.095,9479.063421023906,9636.021706586826
2026-10-08 07:50:11,7500.0,7549.0,Put DEX 3,DEX,-14.76,9479.063421023906,9636.021706586826
2026-10-08 07:50:11,7500.0,7549.0,Put GEX 3,GEX,-149352.115,9479.063421023906,9636.021706586826
2026-10-08 07:50:11,7600.0,7649.75,Call CEX 3,CEX,396030.861,9479.063421023906,9636.021706586826
2026-10-08 07:50:11,7600.0,7649.75,Call DEX 2,DEX,80.168,9479.063421023906,9636.021706586826
2026-10-08 07:50:11,7600.0,7649.75,Put GEX 4,GEX,-138435.328,9479.063421023906,9636.021706586826
2026-10-08 07:50:11,7600.0,7649.75,Call VEX 3,VEX,576798.291,9479.063421023906,9636.021706586826
2026-10-08 07:50:11,7630.0,7679.75,Call DEX 4,DEX,46.214,9479.063421023906,9636.021706586826
2026-10-08 07:50:11,7650.0,7700.0,Call CEX 4,CEX,393521.041,9479.063421023906,9636.021706586826
2026-10-08 07:50:11,7650.0,7700.0,Put GEX 2,GEX,-193452.433,9479.063421023906,9636.021706586826
2026-10-08 07:50:11,7650.0,7700.0,Call VEX 4,VEX,534757.214,9479.063421023906,9636.021706586826
2026-10-08 07:50:11,7700.0,7750.25,Call CEX 1,CEX,454270.471,9479.063421023906,9636.021706586826
2026-10-08 07:50:11,7700.0,7750.25,Call DEX 1,DEX,87.958,9479.063421023906,9636.021706586826
2026-10-08 07:50:11,7700.0,7750.25,Put GEX 5,GEX,-110402.275,9479.063421023906,9636.021706586826
2026-10-08 07:50:11,7700.0,7750.25,Call VEX 1,VEX,753601.963,9479.063421023906,9636.021706586826
2026-10-08 07:50:11,7750.0,7800.75,Call DEX 3,DEX,74.197,9479.063421023906,9636.021706586826
2026-10-08 07:50:11,7750.0,7800.75,Call VEX 5,VEX,455634.808,9479.063421023906,9636.021706586826
2026-10-08 07:50:11,7800.0,7851.0,Put CEX 4,CEX,-352898.219,9479.063421023906,9636.021706586826
2026-10-08 07:50:11,7800.0,7851.0,Call DEX 5,DEX,44.231,9479.063421023906,9636.021706586826
2026-10-08 07:50:11,7800.0,7851.0,Call GEX 3,GEX,369576.241,9479.063421023906,9636.021706586826
2026-10-08 07:50:11,7825.0,7876.0,Call GEX 2,GEX,371355.046,9479.063421023906,9636.021706586826
2026-10-08 07:50:11,7850.0,7901.25,Put CEX 3,CEX,-358110.963,9479.063421023906,9636.021706586826
2026-10-08 07:50:11,7850.0,7901.25,Call GEX 1,GEX,381415.459,9479.063421023906,9636.021706586826
2026-10-08 07:50:11,7850.0,7901.25,Put VEX 3,VEX,-319694.566,9479.063421023906,9636.021706586826
2026-10-08 07:50:11,7870.0,7921.5,Put CEX 5,CEX,-224956.33,9479.063421023906,9636.021706586826
2026-10-08 07:50:11,7870.0,7921.5,Call GEX 5,GEX,266314.923,9479.063421023906,9636.021706586826
2026-10-08 07:50:11,7870.0,7921.5,Put VEX 5,VEX,-209434.8,9479.063421023906,9636.021706586826
2026-10-08 07:50:11,7900.0,7951.5,Put CEX 2,CEX,-398149.158,9479.063421023906,9636.021706586826
2026-10-08 07:50:11,7900.0,7951.5,Call GEX 4,GEX,351614.876,9479.063421023906,9636.021706586826
2026-10-08 07:50:11,7900.0,7951.5,Put VEX 2,VEX,-423953.171,9479.063421023906,9636.021706586826
2026-10-08 07:50:11,7950.0,8002.0,Put VEX 4,VEX,-252366.823,9479.063421023906,9636.021706586826
2026-10-08 07:50:11,8000.0,8052.25,Put CEX 1,CEX,-3385600.589,9479.063421023906,9636.021706586826
2026-10-08 07:50:11,8000.0,8052.25,Put DEX 1,DEX,-1335.836,9479.063421023906,9636.021706586826
2026-10-08 07:50:11,8000.0,8052.25,Put GEX 1,GEX,-437841.688,9479.063421023906,9636.021706586826
2026-10-08 07:50:11,8000.0,8052.25,Put VEX 1,VEX,-4268050.234,9479.063421023906,9636.021706586826
2026-10-08 07:50:11,8250.0,8304.0,Put DEX 2,DEX,-25.453,9479.063421023906,9636.021706586826
2026-10-08 07:51:01,7000.0,7045.25,Call CEX 2,CEX,414036.164,9494.016374111385,9593.228346456692
2026-10-08 07:51:01,7000.0,7045.25,Put DEX 4,DEX,-10.958,9494.016374111385,9593.228346456692
2026-10-08 07:51:01,7000.0,7045.25,Call VEX 2,VEX,590440.037,9494.016374111385,9593.228346456692
2026-10-08 07:51:01,7400.0,7447.75,Put DEX 5,DEX,-5.519,9494.016374111385,9593.228346456692
2026-10-08 07:51:01,7500.0,7548.5,Call CEX 5,CEX,306492.45,9494.016374111385,9593.228346456692
2026-10-08 07:51:01,7500.0,7548.5,Put DEX 3,DEX,-14.744,9494.016374111385,9593.228346456692
2026-10-08 07:51:01,7500.0,7548.5,Put GEX 3,GEX,-149049.175,9494.016374111385,9593.228346456692
2026-10-08 07:51:01,7600.0,7649.0,Call CEX 4,CEX,390232.631,9494.016374111385,9593.228346456692
2026-10-08 07:51:01,7600.0,7649.0,Call DEX 2,DEX,80.964,9494.016374111385,9593.228346456692
2026-10-08 07:51:01,7600.0,7649.0,Put GEX 4,GEX,-142590.638,9494.016374111385,9593.228346456692
2026-10-08 07:51:01,7600.0,7649.0,Call VEX 3,VEX,567566.384,9494.016374111385,9593.228346456692
2026-10-08 07:51:01,7630.0,7679.25,Call DEX 4,DEX,46.442,9494.016374111385,9593.228346456692
2026-10-08 07:51:01,7650.0,7699.5,Call CEX 3,CEX,392123.371,9494.016374111385,9593.228346456692
2026-10-08 07:51:01,7650.0,7699.5,Put GEX 2,GEX,-194029.85,9494.016374111385,9593.228346456692
2026-10-08 07:51:01,7650.0,7699.5,Call VEX 4,VEX,532650.568,9494.016374111385,9593.228346456692
2026-10-08 07:51:01,7700.0,7749.75,Call CEX 1,CEX,455494.39,9494.016374111385,9593.228346456692
2026-10-08 07:51:01,7700.0,7749.75,Call DEX 1,DEX,88.93,9494.016374111385,9593.228346456692
2026-10-08 07:51:01,7700.0,7749.75,Put GEX 5,GEX,-108437.415,9494.016374111385,9593.228346456692
2026-10-08 07:51:01,7700.0,7749.75,Call VEX 1,VEX,755213.079,9494.016374111385,9593.228346456692
2026-10-08 07:51:01,7750.0,7800.0,Call DEX 3,DEX,75.194,9494.016374111385,9593.228346456692
2026-10-08 07:51:01,7750.0,7800.0,Call VEX 5,VEX,462071.93,9494.016374111385,9593.228346456692
2026-10-08 07:51:01,7800.0,7850.25,Put CEX 4,CEX,-345375.056,9494.016374111385,9593.228346456692
2026-10-08 07:51:01,7800.0,7850.25,Call DEX 5,DEX,45.437,9494.016374111385,9593.228346456692
2026-10-08 07:51:01,7800.0,7850.25,Call GEX 2,GEX,383093.154,9494.016374111385,9593.228346456692
2026-10-08 07:51:01,7825.0,7875.5,Call GEX 3,GEX,375070.813,9494.016374111385,9593.228346456692
2026-10-08 07:51:01,7850.0,7900.75,Put CEX 3,CEX,-357208.767,9494.016374111385,9593.228346456692
2026-10-08 07:51:01,7850.0,7900.75,Call GEX 1,GEX,385529.493,9494.016374111385,9593.228346456692
2026-10-08 07:51:01,7850.0,7900.75,Put VEX 3,VEX,-317977.655,9494.016374111385,9593.228346456692
2026-10-08 07:51:01,7870.0,7920.75,Put CEX 5,CEX,-224933.651,9494.016374111385,9593.228346456692
2026-10-08 07:51:01,7870.0,7920.75,Call GEX 5,GEX,267961.446,9494.016374111385,9593.228346456692
2026-10-08 07:51:01,7870.0,7920.75,Put VEX 5,VEX,-209079.868,9494.016374111385,9593.228346456692
2026-10-08 07:51:01,7900.0,7951.0,Put CEX 2,CEX,-398540.466,9494.016374111385,9593.228346456692
2026-10-08 07:51:01,7900.0,7951.0,Call GEX 4,GEX,353771.285,9494.016374111385,9593.228346456692
2026-10-08 07:51:01,7900.0,7951.0,Put VEX 2,VEX,-423929.758,9494.016374111385,9593.228346456692
2026-10-08 07:51:01,7950.0,8001.25,Put VEX 4,VEX,-252688.045,9494.016374111385,9593.228346456692
2026-10-08 07:51:01,8000.0,8051.75,Put CEX 1,CEX,-3439332.522,9494.016374111385,9593.228346456692
2026-10-08 07:51:01,8000.0,8051.75,Put DEX 1,DEX,-1327.417,9494.016374111385,9593.228346456692
2026-10-08 07:51:01,8000.0,8051.75,Put GEX 1,GEX,-456074.943,9494.016374111385,9593.228346456692
2026-10-08 07:51:01,8000.0,8051.75,Put VEX 1,VEX,-4334816.086,9494.016374111385,9593.228346456692
2026-10-08 07:51:01,8250.0,8303.25,Put DEX 2,DEX,-25.324,9494.016374111385,9593.228346456692
2026-10-08 07:51:49,7000.0,7045.25,Call CEX 2,CEX,414747.13,9487.794664452547,9613.880037488285
2026-10-08 07:51:49,7000.0,7045.25,Put DEX 4,DEX,-10.984,9487.794664452547,9613.880037488285
2026-10-08 07:51:49,7000.0,7045.25,Call VEX 2,VEX,591290.765,9487.794664452547,9613.880037488285
2026-10-08 07:51:49,7400.0,7448.0,Put DEX 5,DEX,-5.635,9487.794664452547,9613.880037488285
2026-10-08 07:51:49,7500.0,7548.5,Call CEX 5,CEX,311594.368,9487.794664452547,9613.880037488285
2026-10-08 07:51:49,7500.0,7548.5,Put DEX 3,DEX,-15.29,9487.794664452547,9613.880037488285
2026-10-08 07:51:49,7500.0,7548.5,Put GEX 3,GEX,-152294.584,9487.794664452547,9613.880037488285
2026-10-08 07:51:49,7500.0,7548.5,Call VEX 5,VEX,454880.856,9487.794664452547,9613.880037488285
2026-10-08 07:51:49,7600.0,7649.25,Call CEX 3,CEX,398708.943,9487.794664452547,9613.880037488285
2026-10-08 07:51:49,7600.0,7649.25,Call DEX 2,DEX,79.445,9487.794664452547,9613.880037488285
2026-10-08 07:51:49,7600.0,7649.25,Put GEX 4,GEX,-141429.714,9487.794664452547,9613.880037488285
2026-10-08 07:51:49,7600.0,7649.25,Call VEX 3,VEX,580484.518,9487.794664452547,9613.880037488285
2026-10-08 07:51:49,7630.0,7679.5,Call DEX 4,DEX,46.095,9487.794664452547,9613.880037488285
2026-10-08 07:51:49,7650.0,7699.5,Call CEX 4,CEX,392785.296,9487.794664452547,9613.880037488285
2026-10-08 07:51:49,7650.0,7699.5,Put GEX 2,GEX,-198145.008,9487.794664452547,9613.880037488285
2026-10-08 07:51:49,7650.0,7699.5,Call VEX 4,VEX,534232.906,9487.794664452547,9613.880037488285
2026-10-08 07:51:49,7700.0,7749.75,Call CEX 1,CEX,448664.47,9487.794664452547,9613.880037488285
2026-10-08 07:51:49,7700.0,7749.75,Call DEX 1,DEX,86.039,9487.794664452547,9613.880037488285
2026-10-08 07:51:49,7700.0,7749.75,Put GEX 5,GEX,-108611.734,9487.794664452547,9613.880037488285
2026-10-08 07:51:49,7700.0,7749.75,Call VEX 1,VEX,746875.822,9487.794664452547,9613.880037488285
2026-10-08 07:51:49,7750.0,7800.25,Call DEX 3,DEX,71.759,9487.794664452547,9613.880037488285
2026-10-08 07:51:49,7800.0,7850.5,Put CEX 3,CEX,-370648.759,9487.794664452547,9613.880037488285
2026-10-08 07:51:49,7800.0,7850.5,Call DEX 5,DEX,41.208,9487.794664452547,9613.880037488285
2026-10-08 07:51:49,7800.0,7850.5,Call GEX 2,GEX,372395.551,9487.794664452547,9613.880037488285
2026-10-08 07:51:49,7825.0,7875.75,Call GEX 3,GEX,367257.829,9487.794664452547,9613.880037488285
2026-10-08 07:51:49,7850.0,7900.75,Put CEX 4,CEX,-360154.159,9487.794664452547,9613.880037488285
2026-10-08 07:51:49,7850.0,7900.75,Call GEX 1,GEX,376721.947,9487.794664452547,9613.880037488285
2026-10-08 07:51:49,7850.0,7900.75,Put VEX 3,VEX,-323853.121,9487.794664452547,9613.880037488285
2026-10-08 07:51:49,7870.0,7921.0,Put CEX 5,CEX,-224997.148,9487.794664452547,9613.880037488285
2026-10-08 07:51:49,7870.0,7921.0,Call GEX 5,GEX,262221.705,9487.794664452547,9613.880037488285
2026-10-08 07:51:49,7870.0,7921.0,Put VEX 5,VEX,-210289.668,9487.794664452547,9613.880037488285
2026-10-08 07:51:49,7900.0,7951.25,Put CEX 2,CEX,-396521.815,9487.794664452547,9613.880037488285
2026-10-08 07:51:49,7900.0,7951.25,Call GEX 4,GEX,346006.738,9487.794664452547,9613.880037488285
2026-10-08 07:51:49,7900.0,7951.25,Put VEX 2,VEX,-423365.939,9487.794664452547,9613.880037488285
2026-10-08 07:51:49,7950.0,8001.5,Put VEX 4,VEX,-249913.098,9487.794664452547,9613.880037488285
2026-10-08 07:51:49,8000.0,8051.75,Put CEX 1,CEX,-3381310.137,9487.794664452547,9613.880037488285
2026-10-08 07:51:49,8000.0,8051.75,Put DEX 1,DEX,-1334.082,9487.794664452547,9613.880037488285
2026-10-08 07:51:49,8000.0,8051.75,Put GEX 1,GEX,-451778.808,9487.794664452547,9613.880037488285
2026-10-08 07:51:49,8000.0,8051.75,Put VEX 1,VEX,-4264447.561,9487.794664452547,9613.880037488285
2026-10-08 07:51:49,8250.0,8303.5,Put DEX 2,DEX,-25.41,9487.794664452547,9613.880037488285
2026-10-08 07:52:37,7000.0,7045.5,Call CEX 1,CEX,699287.37,8003.419052398783,9270.426563624656
2026-10-08 07:52:37,7000.0,7045.5,Call DEX 1,DEX,1537.821,8003.419052398783,9270.426563624656
2026-10-08 07:52:37,7000.0,7045.5,Call VEX 1,VEX,1000160.436,8003.419052398783,9270.426563624656
2026-10-08 07:52:37,7250.0,7297.0,Call DEX 5,DEX,58.862,8003.419052398783,9270.426563624656
2026-10-08 07:52:37,7400.0,7448.0,Put DEX 4,DEX,-5.61,8003.419052398783,9270.426563624656
2026-10-08 07:52:37,7500.0,7548.75,Call CEX 5,CEX,309140.432,8003.419052398783,9270.426563624656
2026-10-08 07:52:37,7500.0,7548.75,Put DEX 3,DEX,-15.047,8003.419052398783,9270.426563624656
2026-10-08 07:52:37,7500.0,7548.75,Put GEX 3,GEX,-151069.898,8003.419052398783,9270.426563624656
2026-10-08 07:52:37,7600.0,7649.25,Call CEX 3,CEX,396839.185,8003.419052398783,9270.426563624656
2026-10-08 07:52:37,7600.0,7649.25,Call DEX 3,DEX,79.477,8003.419052398783,9270.426563624656
2026-10-08 07:52:37,7600.0,7649.25,Put GEX 4,GEX,-139978.6,8003.419052398783,9270.426563624656
2026-10-08 07:52:37,7600.0,7649.25,Call VEX 3,VEX,577817.267,8003.419052398783,9270.426563624656
2026-10-08 07:52:37,7650.0,7699.75,Call CEX 4,CEX,391133.84,8003.419052398783,9270.426563624656
2026-10-08 07:52:37,7650.0,7699.75,Put GEX 2,GEX,-196298.187,8003.419052398783,9270.426563624656
2026-10-08 07:52:37,7650.0,7699.75,Call VEX 4,VEX,532263.294,8003.419052398783,9270.426563624656
2026-10-08 07:52:37,7700.0,7750.0,Call CEX 2,CEX,452752.643,8003.419052398783,9270.426563624656
2026-10-08 07:52:37,7700.0,7750.0,Call DEX 2,DEX,87.299,8003.419052398783,9270.426563624656
2026-10-08 07:52:37,7700.0,7750.0,Put GEX 5,GEX,-108848.286,8003.419052398783,9270.426563624656
2026-10-08 07:52:37,7700.0,7750.0,Call VEX 2,VEX,751096.576,8003.419052398783,9270.426563624656
2026-10-08 07:52:37,7750.0,7800.25,Call DEX 4,DEX,73.611,8003.419052398783,9270.426563624656
2026-10-08 07:52:37,7750.0,7800.25,Call VEX 5,VEX,451663.768,8003.419052398783,9270.426563624656
2026-10-08 07:52:37,7800.0,7850.75,Put CEX 4,CEX,-353290.403,8003.419052398783,9270.426563624656
2026-10-08 07:52:37,7800.0,7850.75,Call GEX 2,GEX,370188.793,8003.419052398783,9270.426563624656
2026-10-08 07:52:37,7825.0,7875.75,Call GEX 3,GEX,369263.396,8003.419052398783,9270.426563624656
2026-10-08 07:52:37,7850.0,7901.0,Put CEX 3,CEX,-357270.152,8003.419052398783,9270.426563624656
2026-10-08 07:52:37,7850.0,7901.0,Call GEX 1,GEX,380102.923,8003.419052398783,9270.426563624656
2026-10-08 07:52:37,7850.0,7901.0,Put VEX 3,VEX,-319131.663,8003.419052398783,9270.426563624656
2026-10-08 07:52:37,7870.0,7921.0,Put CEX 5,CEX,-224536.578,8003.419052398783,9270.426563624656
2026-10-08 07:52:37,7870.0,7921.0,Call GEX 5,GEX,265219.993,8003.419052398783,9270.426563624656
2026-10-08 07:52:37,7870.0,7921.0,Put VEX 5,VEX,-209075.54,8003.419052398783,9270.426563624656
2026-10-08 07:52:37,7900.0,7951.25,Put CEX 2,CEX,-398273.892,8003.419052398783,9270.426563624656
2026-10-08 07:52:37,7900.0,7951.25,Call GEX 4,GEX,351084.67,8003.419052398783,9270.426563624656
2026-10-08 07:52:37,7900.0,7951.25,Put VEX 2,VEX,-424055.689,8003.419052398783,9270.426563624656
2026-10-08 07:52:37,7950.0,8001.5,Put VEX 4,VEX,-252427.281,8003.419052398783,9270.426563624656
2026-10-08 07:52:37,8000.0,8052.0,Put CEX 1,CEX,-3401283.752,8003.419052398783,9270.426563624656
2026-10-08 07:52:37,8000.0,8052.0,Put DEX 1,DEX,-1331.474,8003.419052398783,9270.426563624656
2026-10-08 07:52:37,8000.0,8052.0,Put GEX 1,GEX,-460814.52,8003.419052398783,9270.426563624656
2026-10-08 07:52:37,8000.0,8052.0,Put VEX 1,VEX,-4287393.364,8003.419052398783,9270.426563624656
2026-10-08 07:52:37,8100.0,8152.5,Put DEX 5,DEX,-5.081,8003.419052398783,9270.426563624656
2026-10-08 07:52:37,8250.0,8303.5,Put DEX 2,DEX,-25.438,8003.419052398783,9270.426563624656
2026-10-08 07:53:25,7000.0,7045.0,Call CEX 2,CEX,415156.685,9470.50184072854,9653.60225140713
2026-10-08 07:53:25,7000.0,7045.0,Put DEX 4,DEX,-10.998,9470.50184072854,9653.60225140713
2026-10-08 07:53:25,7000.0,7045.0,Call VEX 2,VEX,591740.06,9470.50184072854,9653.60225140713
2026-10-08 07:53:25,7500.0,7548.25,Call CEX 5,CEX,312316.31,9470.50184072854,9653.60225140713
2026-10-08 07:53:25,7500.0,7548.25,Put DEX 3,DEX,-15.361,9470.50184072854,9653.60225140713
2026-10-08 07:53:25,7500.0,7548.25,Put GEX 3,GEX,-152970.278,9470.50184072854,9653.60225140713
2026-10-08 07:53:25,7500.0,7548.25,Call VEX 5,VEX,455865.0,9470.50184072854,9653.60225140713
2026-10-08 07:53:25,7600.0,7649.0,Call CEX 3,CEX,400766.633,9470.50184072854,9653.60225140713
2026-10-08 07:53:25,7600.0,7649.0,Call DEX 2,DEX,78.921,9470.50184072854,9653.60225140713
2026-10-08 07:53:25,7600.0,7649.0,Put GEX 4,GEX,-142610.999,9470.50184072854,9653.60225140713
2026-10-08 07:53:25,7600.0,7649.0,Call VEX 3,VEX,583478.084,9470.50184072854,9653.60225140713
2026-10-08 07:53:25,7630.0,7679.0,Call DEX 4,DEX,45.91,9470.50184072854,9653.60225140713
2026-10-08 07:53:25,7650.0,7699.25,Call CEX 4,CEX,395551.268,9470.50184072854,9653.60225140713
2026-10-08 07:53:25,7650.0,7699.25,Put GEX 2,GEX,-198703.574,9470.50184072854,9653.60225140713
2026-10-08 07:53:25,7650.0,7699.25,Call VEX 4,VEX,537101.809,9470.50184072854,9653.60225140713
2026-10-08 07:53:25,7700.0,7749.5,Call CEX 1,CEX,444825.921,9470.50184072854,9653.60225140713
2026-10-08 07:53:25,7700.0,7749.5,Call DEX 1,DEX,84.704,9470.50184072854,9653.60225140713
2026-10-08 07:53:25,7700.0,7749.5,Put GEX 5,GEX,-108633.049,9470.50184072854,9653.60225140713
2026-10-08 07:53:25,7700.0,7749.5,Call VEX 1,VEX,742003.609,9470.50184072854,9653.60225140713
2026-10-08 07:53:25,7750.0,7799.75,Call DEX 3,DEX,70.542,9470.50184072854,9653.60225140713
2026-10-08 07:53:25,7800.0,7850.25,Put CEX 3,CEX,-382912.49,9470.50184072854,9653.60225140713
2026-10-08 07:53:25,7800.0,7850.25,Call DEX 5,DEX,39.318,9470.50184072854,9653.60225140713
2026-10-08 07:53:25,7800.0,7850.25,Call GEX 1,GEX,377576.912,9470.50184072854,9653.60225140713
2026-10-08 07:53:25,7825.0,7875.25,Call GEX 3,GEX,366762.332,9470.50184072854,9653.60225140713
2026-10-08 07:53:25,7850.0,7900.5,Put CEX 4,CEX,-361988.924,9470.50184072854,9653.60225140713
2026-10-08 07:53:25,7850.0,7900.5,Call GEX 2,GEX,374878.026,9470.50184072854,9653.60225140713
2026-10-08 07:53:25,7850.0,7900.5,Put VEX 3,VEX,-326886.556,9470.50184072854,9653.60225140713
2026-10-08 07:53:25,7870.0,7920.5,Put CEX 5,CEX,-225353.605,9470.50184072854,9653.60225140713
2026-10-08 07:53:25,7870.0,7920.5,Call GEX 5,GEX,260230.233,9470.50184072854,9653.60225140713
2026-10-08 07:53:25,7870.0,7920.5,Put VEX 5,VEX,-211107.966,9470.50184072854,9653.60225140713
2026-10-08 07:53:25,7900.0,7950.75,Put CEX 2,CEX,-394804.509,9470.50184072854,9653.60225140713
2026-10-08 07:53:25,7900.0,7950.75,Call GEX 4,GEX,342283.372,9470.50184072854,9653.60225140713
2026-10-08 07:53:25,7900.0,7950.75,Put VEX 2,VEX,-422437.06,9470.50184072854,9653.60225140713
2026-10-08 07:53:25,7950.0,8001.25,Put VEX 4,VEX,-249008.173,9470.50184072854,9653.60225140713
2026-10-08 07:53:25,8000.0,8051.5,Put CEX 1,CEX,-3380494.674,9470.50184072854,9653.60225140713
2026-10-08 07:53:25,8000.0,8051.5,Put DEX 1,DEX,-1332.037,9470.50184072854,9653.60225140713
2026-10-08 07:53:25,8000.0,8051.5,Put GEX 1,GEX,-466909.463,9470.50184072854,9653.60225140713
2026-10-08 07:53:25,8000.0,8051.5,Put VEX 1,VEX,-4264324.275,9470.50184072854,9653.60225140713
2026-10-08 07:53:25,8100.0,8152.0,Put DEX 5,DEX,-5.178,9470.50184072854,9653.60225140713
2026-10-08 07:53:25,8250.0,8303.0,Put DEX 2,DEX,-25.379,9470.50184072854,9653.60225140713
2026-10-08 07:54:15,7000.0,7044.75,Call CEX 2,CEX,415450.756,9463.742428554006,9632.596213973056
2026-10-08 07:54:15,7000.0,7044.75,Put DEX 4,DEX,-11.007,9463.742428554006,9632.596213973056
2026-10-08 07:54:15,7000.0,7044.75,Call VEX 2,VEX,592063.403,9463.742428554006,9632.596213973056
2026-10-08 07:54:15,7400.0,7447.5,Put DEX 5,DEX,-5.743,9463.742428554006,9632.596213973056
2026-10-08 07:54:15,7500.0,7548.0,Call CEX 5,CEX,315180.152,9463.742428554006,9632.596213973056
2026-10-08 07:54:15,7500.0,7548.0,Put DEX 3,DEX,-15.69,9463.742428554006,9632.596213973056
2026-10-08 07:54:15,7500.0,7548.0,Put GEX 3,GEX,-154898.311,9463.742428554006,9632.596213973056
2026-10-08 07:54:15,7500.0,7548.0,Call VEX 5,VEX,460068.883,9463.742428554006,9632.596213973056
2026-10-08 07:54:15,7600.0,7648.75,Call CEX 3,CEX,399061.921,9463.742428554006,9632.596213973056
2026-10-08 07:54:15,7600.0,7648.75,Call DEX 2,DEX,79.02,9463.742428554006,9632.596213973056
2026-10-08 07:54:15,7600.0,7648.75,Put GEX 4,GEX,-146112.996,9463.742428554006,9632.596213973056
2026-10-08 07:54:15,7600.0,7648.75,Call VEX 3,VEX,580604.885,9463.742428554006,9632.596213973056
2026-10-08 07:54:15,7630.0,7679.0,Call DEX 4,DEX,45.78,9463.742428554006,9632.596213973056
2026-10-08 07:54:15,7650.0,7699.0,Call CEX 4,CEX,395758.212,9463.742428554006,9632.596213973056
2026-10-08 07:54:15,7650.0,7699.0,Put GEX 2,GEX,-200648.745,9463.742428554006,9632.596213973056
2026-10-08 07:54:15,7650.0,7699.0,Call VEX 4,VEX,537267.112,9463.742428554006,9632.596213973056
2026-10-08 07:54:15,7700.0,7749.25,Call CEX 1,CEX,442262.031,9463.742428554006,9632.596213973056
2026-10-08 07:54:15,7700.0,7749.25,Call DEX 1,DEX,83.999,9463.742428554006,9632.596213973056
2026-10-08 07:54:15,7700.0,7749.25,Put GEX 5,GEX,-106733.162,9463.742428554006,9632.596213973056
2026-10-08 07:54:15,7700.0,7749.25,Call VEX 1,VEX,739302.57,9463.742428554006,9632.596213973056
2026-10-08 07:54:15,7750.0,7799.75,Call DEX 3,DEX,69.233,9463.742428554006,9632.596213973056
2026-10-08 07:54:15,7800.0,7850.0,Put CEX 3,CEX,-392730.768,9463.742428554006,9632.596213973056
2026-10-08 07:54:15,7800.0,7850.0,Call GEX 1,GEX,377630.321,9463.742428554006,9632.596213973056
2026-10-08 07:54:15,7825.0,7875.25,Call DEX 5,DEX,38.052,9463.742428554006,9632.596213973056
2026-10-08 07:54:15,7825.0,7875.25,Call GEX 3,GEX,364722.393,9463.742428554006,9632.596213973056
2026-10-08 07:54:15,7850.0,7900.25,Put CEX 4,CEX,-363312.764,9463.742428554006,9632.596213973056
2026-10-08 07:54:15,7850.0,7900.25,Call GEX 2,GEX,372895.448,9463.742428554006,9632.596213973056
2026-10-08 07:54:15,7850.0,7900.25,Put VEX 3,VEX,-329323.342,9463.742428554006,9632.596213973056
2026-10-08 07:54:15,7870.0,7920.5,Put CEX 5,CEX,-225399.423,9463.742428554006,9632.596213973056
2026-10-08 07:54:15,7870.0,7920.5,Call GEX 5,GEX,258154.671,9463.742428554006,9632.596213973056
2026-10-08 07:54:15,7870.0,7920.5,Put VEX 5,VEX,-211587.813,9463.742428554006,9632.596213973056
2026-10-08 07:54:15,7900.0,7950.75,Put CEX 2,CEX,-393709.059,9463.742428554006,9632.596213973056
2026-10-08 07:54:15,7900.0,7950.75,Call GEX 4,GEX,339221.174,9463.742428554006,9632.596213973056
2026-10-08 07:54:15,7900.0,7950.75,Put VEX 2,VEX,-421937.414,9463.742428554006,9632.596213973056
2026-10-08 07:54:15,7950.0,8001.0,Put VEX 4,VEX,-247641.129,9463.742428554006,9632.596213973056
2026-10-08 07:54:15,8000.0,8051.25,Put CEX 1,CEX,-3371414.556,9463.742428554006,9632.596213973056
2026-10-08 07:54:15,8000.0,8051.25,Put DEX 1,DEX,-1331.492,9463.742428554006,9632.596213973056
2026-10-08 07:54:15,8000.0,8051.25,Put GEX 1,GEX,-477434.641,9463.742428554006,9632.596213973056
2026-10-08 07:54:15,8000.0,8051.25,Put VEX 1,VEX,-4254058.639,9463.742428554006,9632.596213973056
2026-10-08 07:54:15,8250.0,8303.0,Put DEX 2,DEX,-25.317,9463.742428554006,9632.596213973056
2026-10-08 07:55:04,7000.0,7045.5,Call CEX 2,CEX,416571.685,9475.776775486827,9646.01527869471
2026-10-08 07:55:04,7000.0,7045.5,Put DEX 3,DEX,-11.048,9475.776775486827,9646.01527869471
2026-10-08 07:55:04,7000.0,7045.5,Call VEX 3,VEX,593391.805,9475.776775486827,9646.01527869471
2026-10-08 07:55:04,7400.0,7448.0,Put DEX 5,DEX,-5.119,9475.776775486827,9646.01527869471
2026-10-08 07:55:04,7500.0,7548.75,Call CEX 5,CEX,330013.162,9475.776775486827,9646.01527869471
2026-10-08 07:55:04,7500.0,7548.75,Call DEX 4,DEX,55.274,9475.776775486827,9646.01527869471
2026-10-08 07:55:04,7500.0,7548.75,Put GEX 3,GEX,-154738.886,9475.776775486827,9646.01527869471
2026-10-08 07:55:04,7500.0,7548.75,Call VEX 5,VEX,482302.753,9475.776775486827,9646.01527869471
2026-10-08 07:55:04,7600.0,7649.5,Call CEX 3,CEX,415894.006,9475.776775486827,9646.01527869471
2026-10-08 07:55:04,7600.0,7649.5,Call DEX 2,DEX,76.131,9475.776775486827,9646.01527869471
2026-10-08 07:55:04,7600.0,7649.5,Put GEX 4,GEX,-139930.153,9475.776775486827,9646.01527869471
2026-10-08 07:55:04,7600.0,7649.5,Call VEX 2,VEX,606793.923,9475.776775486827,9646.01527869471
2026-10-08 07:55:04,7630.0,7679.5,Call DEX 5,DEX,44.689,9475.776775486827,9646.01527869471
2026-10-08 07:55:04,7650.0,7699.75,Call CEX 4,CEX,401778.579,9475.776775486827,9646.01527869471
2026-10-08 07:55:04,7650.0,7699.75,Put GEX 2,GEX,-203279.435,9475.776775486827,9646.01527869471
2026-10-08 07:55:04,7650.0,7699.75,Call VEX 4,VEX,544222.465,9475.776775486827,9646.01527869471
2026-10-08 07:55:04,7700.0,7750.0,Call CEX 1,CEX,427260.864,9475.776775486827,9646.01527869471
2026-10-08 07:55:04,7700.0,7750.0,Call DEX 1,DEX,78.731,9475.776775486827,9646.01527869471
2026-10-08 07:55:04,7700.0,7750.0,Put GEX 5,GEX,-112086.027,9475.776775486827,9646.01527869471
2026-10-08 07:55:04,7700.0,7750.0,Call VEX 1,VEX,721157.698,9475.776775486827,9646.01527869471
2026-10-08 07:55:04,7750.0,7800.5,Call DEX 3,DEX,63.391,9475.776775486827,9646.01527869471
2026-10-08 07:55:04,7800.0,7850.75,Put CEX 2,CEX,-441667.86,9475.776775486827,9646.01527869471
2026-10-08 07:55:04,7800.0,7850.75,Call GEX 3,GEX,351310.729,9475.776775486827,9646.01527869471
2026-10-08 07:55:04,7800.0,7850.75,Put VEX 5,VEX,-221908.289,9475.776775486827,9646.01527869471
2026-10-08 07:55:04,7825.0,7876.0,Call GEX 2,GEX,352089.669,9475.776775486827,9646.01527869471
2026-10-08 07:55:04,7850.0,7901.0,Put CEX 4,CEX,-369421.969,9475.776775486827,9646.01527869471
2026-10-08 07:55:04,7850.0,7901.0,Call GEX 1,GEX,357567.601,9475.776775486827,9646.01527869471
2026-10-08 07:55:04,7850.0,7901.0,Put VEX 3,VEX,-340538.0,9475.776775486827,9646.01527869471
2026-10-08 07:55:04,7870.0,7921.25,Put CEX 5,CEX,-225299.718,9475.776775486827,9646.01527869471
2026-10-08 07:55:04,7870.0,7921.25,Call GEX 5,GEX,248239.312,9475.776775486827,9646.01527869471
2026-10-08 07:55:04,7900.0,7951.25,Put CEX 3,CEX,-389089.016,9475.776775486827,9646.01527869471
2026-10-08 07:55:04,7900.0,7951.25,Call GEX 4,GEX,325115.747,9475.776775486827,9646.01527869471
2026-10-08 07:55:04,7900.0,7951.25,Put VEX 2,VEX,-419849.592,9475.776775486827,9646.01527869471
2026-10-08 07:55:04,7950.0,8001.75,Put VEX 4,VEX,-241815.317,9475.776775486827,9646.01527869471
2026-10-08 07:55:04,8000.0,8052.0,Put CEX 1,CEX,-3218756.024,9475.776775486827,9646.01527869471
2026-10-08 07:55:04,8000.0,8052.0,Put DEX 1,DEX,-1352.589,9475.776775486827,9646.01527869471
2026-10-08 07:55:04,8000.0,8052.0,Put GEX 1,GEX,-422066.437,9475.776775486827,9646.01527869471
2026-10-08 07:55:04,8000.0,8052.0,Put VEX 1,VEX,-4066010.093,9475.776775486827,9646.01527869471
2026-10-08 07:55:04,8100.0,8152.75,Put DEX 4,DEX,-5.132,9475.776775486827,9646.01527869471
2026-10-08 07:55:04,8250.0,8303.75,Put DEX 2,DEX,-25.543,9475.776775486827,9646.01527869471
2026-10-08 07:55:54,7000.0,7045.75,Call CEX 2,CEX,416296.805,9490.174672489084,9609.748516530091
2026-10-08 07:55:54,7000.0,7045.75,Put DEX 4,DEX,-11.036,9490.174672489084,9609.748516530091
2026-10-08 07:55:54,7000.0,7045.75,Call VEX 3,VEX,593020.29,9490.174672489084,9609.748516530091
2026-10-08 07:55:54,7400.0,7448.25,Put DEX 5,DEX,-5.908,9490.174672489084,9609.748516530091
2026-10-08 07:55:54,7500.0,7549.0,Call CEX 5,CEX,318774.936,9490.174672489084,9609.748516530091
2026-10-08 07:55:54,7500.0,7549.0,Put DEX 3,DEX,-16.109,9490.174672489084,9609.748516530091
2026-10-08 07:55:54,7500.0,7549.0,Put GEX 3,GEX,-158295.745,9490.174672489084,9609.748516530091
2026-10-08 07:55:54,7500.0,7549.0,Call VEX 5,VEX,465294.801,9490.174672489084,9609.748516530091
2026-10-08 07:55:54,7600.0,7649.5,Call CEX 3,CEX,413351.621,9490.174672489084,9609.748516530091
2026-10-08 07:55:54,7600.0,7649.5,Call DEX 2,DEX,76.735,9490.174672489084,9609.748516530091
2026-10-08 07:55:54,7600.0,7649.5,Put GEX 4,GEX,-140088.723,9490.174672489084,9609.748516530091
2026-10-08 07:55:54,7600.0,7649.5,Call VEX 2,VEX,602763.158,9490.174672489084,9609.748516530091
2026-10-08 07:55:54,7630.0,7679.75,Call DEX 4,DEX,44.927,9490.174672489084,9609.748516530091
2026-10-08 07:55:54,7650.0,7700.0,Call CEX 4,CEX,400644.012,9490.174672489084,9609.748516530091
2026-10-08 07:55:54,7650.0,7700.0,Put GEX 2,GEX,-201784.841,9490.174672489084,9609.748516530091
2026-10-08 07:55:54,7650.0,7700.0,Call VEX 4,VEX,542918.343,9490.174672489084,9609.748516530091
2026-10-08 07:55:54,7700.0,7750.25,Call CEX 1,CEX,431607.436,9490.174672489084,9609.748516530091
2026-10-08 07:55:54,7700.0,7750.25,Call DEX 1,DEX,80.044,9490.174672489084,9609.748516530091
2026-10-08 07:55:54,7700.0,7750.25,Put GEX 5,GEX,-111600.802,9490.174672489084,9609.748516530091
2026-10-08 07:55:54,7700.0,7750.25,Call VEX 1,VEX,726174.016,9490.174672489084,9609.748516530091
2026-10-08 07:55:54,7750.0,7800.5,Call DEX 3,DEX,65.024,9490.174672489084,9609.748516530091
2026-10-08 07:55:54,7800.0,7850.75,Put CEX 2,CEX,-427880.416,9490.174672489084,9609.748516530091
2026-10-08 07:55:54,7800.0,7850.75,Call GEX 3,GEX,354563.673,9490.174672489084,9609.748516530091
2026-10-08 07:55:54,7825.0,7876.0,Call DEX 5,DEX,36.688,9490.174672489084,9609.748516530091
2026-10-08 07:55:54,7825.0,7876.0,Call GEX 2,GEX,355121.207,9490.174672489084,9609.748516530091
2026-10-08 07:55:54,7850.0,7901.25,Put CEX 4,CEX,-367666.784,9490.174672489084,9609.748516530091
2026-10-08 07:55:54,7850.0,7901.25,Call GEX 1,GEX,361203.407,9490.174672489084,9609.748516530091
2026-10-08 07:55:54,7850.0,7901.25,Put VEX 3,VEX,-337346.224,9490.174672489084,9609.748516530091
2026-10-08 07:55:54,7870.0,7921.25,Put CEX 5,CEX,-225384.707,9490.174672489084,9609.748516530091
2026-10-08 07:55:54,7870.0,7921.25,Call GEX 5,GEX,250947.29,9490.174672489084,9609.748516530091
2026-10-08 07:55:54,7870.0,7921.25,Put VEX 5,VEX,-212988.195,9490.174672489084,9609.748516530091
2026-10-08 07:55:54,7900.0,7951.5,Put CEX 3,CEX,-390347.011,9490.174672489084,9609.748516530091
2026-10-08 07:55:54,7900.0,7951.5,Call GEX 4,GEX,328914.858,9490.174672489084,9609.748516530091
2026-10-08 07:55:54,7900.0,7951.5,Put VEX 2,VEX,-420452.361,9490.174672489084,9609.748516530091
2026-10-08 07:55:54,7950.0,8001.75,Put VEX 4,VEX,-243541.015,9490.174672489084,9609.748516530091
2026-10-08 07:55:54,8000.0,8052.25,Put CEX 1,CEX,-3266825.744,9490.174672489084,9609.748516530091
2026-10-08 07:55:54,8000.0,8052.25,Put DEX 1,DEX,-1345.64,9490.174672489084,9609.748516530091
2026-10-08 07:55:54,8000.0,8052.25,Put GEX 1,GEX,-447860.774,9490.174672489084,9609.748516530091
2026-10-08 07:55:54,8000.0,8052.25,Put VEX 1,VEX,-4125142.835,9490.174672489084,9609.748516530091
2026-10-08 07:55:54,8250.0,8303.75,Put DEX 2,DEX,-25.518,9490.174672489084,9609.748516530091
2026-10-08 07:56:41,7000.0,7045.5,Call CEX 2,CEX,415655.11,8003.369474039839,9266.59762325204
2026-10-08 07:56:41,7000.0,7045.5,Put DEX 4,DEX,-11.012,8003.369474039839,9266.59762325204
2026-10-08 07:56:41,7000.0,7045.5,Call VEX 3,VEX,592203.569,8003.369474039839,9266.59762325204
2026-10-08 07:56:41,7400.0,7448.25,Put DEX 5,DEX,-5.782,8003.369474039839,9266.59762325204
2026-10-08 07:56:41,7500.0,7548.75,Call CEX 5,CEX,314034.715,8003.369474039839,9266.59762325204
2026-10-08 07:56:41,7500.0,7548.75,Put DEX 3,DEX,-17.528,8003.369474039839,9266.59762325204
2026-10-08 07:56:41,7500.0,7548.75,Put GEX 3,GEX,-155790.034,8003.369474039839,9266.59762325204
2026-10-08 07:56:41,7500.0,7548.75,Call VEX 5,VEX,458248.714,8003.369474039839,9266.59762325204
2026-10-08 07:56:41,7600.0,7649.5,Call CEX 3,CEX,408386.811,8003.369474039839,9266.59762325204
2026-10-08 07:56:41,7600.0,7649.5,Call DEX 2,DEX,77.578,8003.369474039839,9266.59762325204
2026-10-08 07:56:41,7600.0,7649.5,Put GEX 4,GEX,-138816.529,8003.369474039839,9266.59762325204
2026-10-08 07:56:41,7600.0,7649.5,Call VEX 2,VEX,595288.685,8003.369474039839,9266.59762325204
2026-10-08 07:56:41,7630.0,7679.75,Call DEX 4,DEX,45.323,8003.369474039839,9266.59762325204
2026-10-08 07:56:41,7650.0,7699.75,Call CEX 4,CEX,394671.441,8003.369474039839,9266.59762325204
2026-10-08 07:56:41,7650.0,7699.75,Put GEX 2,GEX,-201312.241,8003.369474039839,9266.59762325204
2026-10-08 07:56:41,7650.0,7699.75,Call VEX 4,VEX,536796.319,8003.369474039839,9266.59762325204
2026-10-08 07:56:41,7700.0,7750.0,Call CEX 1,CEX,440037.876,8003.369474039839,9266.59762325204
2026-10-08 07:56:41,7700.0,7750.0,Call DEX 1,DEX,82.662,8003.369474039839,9266.59762325204
2026-10-08 07:56:41,7700.0,7750.0,Put GEX 5,GEX,-110821.623,8003.369474039839,9266.59762325204
2026-10-08 07:56:41,7700.0,7750.0,Call VEX 1,VEX,735681.387,8003.369474039839,9266.59762325204
2026-10-08 07:56:41,7750.0,7800.5,Call DEX 3,DEX,68.43,8003.369474039839,9266.59762325204
2026-10-08 07:56:41,7800.0,7850.75,Put CEX 2,CEX,-398582.146,8003.369474039839,9266.59762325204
2026-10-08 07:56:41,7800.0,7850.75,Call GEX 2,GEX,361429.706,8003.369474039839,9266.59762325204
2026-10-08 07:56:41,7825.0,7876.0,Call DEX 5,DEX,37.877,8003.369474039839,9266.59762325204
2026-10-08 07:56:41,7825.0,7876.0,Call GEX 3,GEX,361359.677,8003.369474039839,9266.59762325204
2026-10-08 07:56:41,7850.0,7901.0,Put CEX 4,CEX,-364260.326,8003.369474039839,9266.59762325204
2026-10-08 07:56:41,7850.0,7901.0,Call GEX 1,GEX,369188.318,8003.369474039839,9266.59762325204
2026-10-08 07:56:41,7850.0,7901.0,Put VEX 3,VEX,-330796.435,8003.369474039839,9266.59762325204
2026-10-08 07:56:41,7870.0,7921.25,Put CEX 5,CEX,-225325.859,8003.369474039839,9266.59762325204
2026-10-08 07:56:41,7870.0,7921.25,Call GEX 5,GEX,256707.28,8003.369474039839,9266.59762325204
2026-10-08 07:56:41,7870.0,7921.25,Put VEX 5,VEX,-211702.371,8003.369474039839,9266.59762325204
2026-10-08 07:56:41,7900.0,7951.5,Put CEX 3,CEX,-393276.661,8003.369474039839,9266.59762325204
2026-10-08 07:56:41,7900.0,7951.5,Call GEX 4,GEX,337299.209,8003.369474039839,9266.59762325204
2026-10-08 07:56:41,7900.0,7951.5,Put VEX 2,VEX,-421771.375,8003.369474039839,9266.59762325204
2026-10-08 07:56:41,7950.0,8001.75,Put VEX 4,VEX,-247252.454,8003.369474039839,9266.59762325204
2026-10-08 07:56:41,8000.0,8052.0,Put CEX 1,CEX,-3293614.626,8003.369474039839,9266.59762325204
2026-10-08 07:56:41,8000.0,8052.0,Put DEX 1,DEX,-1345.404,8003.369474039839,9266.59762325204
2026-10-08 07:56:41,8000.0,8052.0,Put GEX 1,GEX,-431077.212,8003.369474039839,9266.59762325204
2026-10-08 07:56:41,8000.0,8052.0,Put VEX 1,VEX,-4155415.675,8003.369474039839,9266.59762325204
2026-10-08 07:56:41,8250.0,8303.75,Put DEX 2,DEX,-25.47,8003.369474039839,9266.59762325204
2026-10-08 07:57:30,7000.0,7045.75,Call CEX 2,CEX,415665.362,8003.422016127261,9272.796034479476
2026-10-08 07:57:30,7000.0,7045.75,Put DEX 4,DEX,-11.011,8003.422016127261,9272.796034479476
2026-10-08 07:57:30,7000.0,7045.75,Call VEX 3,VEX,592180.378,8003.422016127261,9272.796034479476
2026-10-08 07:57:30,7400.0,7448.25,Put DEX 5,DEX,-5.747,8003.422016127261,9272.796034479476
2026-10-08 07:57:30,7500.0,7549.0,Call CEX 5,CEX,312922.109,8003.422016127261,9272.796034479476
2026-10-08 07:57:30,7500.0,7549.0,Put DEX 3,DEX,-17.396,8003.422016127261,9272.796034479476
2026-10-08 07:57:30,7500.0,7549.0,Put GEX 3,GEX,-155171.598,8003.422016127261,9272.796034479476
2026-10-08 07:57:30,7500.0,7549.0,Call VEX 5,VEX,456553.726,8003.422016127261,9272.796034479476
2026-10-08 07:57:30,7600.0,7649.5,Call CEX 3,CEX,407196.663,8003.422016127261,9272.796034479476
2026-10-08 07:57:30,7600.0,7649.5,Call DEX 2,DEX,77.814,8003.422016127261,9272.796034479476
2026-10-08 07:57:30,7600.0,7649.5,Put GEX 4,GEX,-139608.661,8003.422016127261,9272.796034479476
2026-10-08 07:57:30,7600.0,7649.5,Call VEX 2,VEX,593343.368,8003.422016127261,9272.796034479476
2026-10-08 07:57:30,7630.0,7679.75,Call DEX 4,DEX,45.45,8003.422016127261,9272.796034479476
2026-10-08 07:57:30,7650.0,7700.0,Call CEX 4,CEX,395928.922,8003.422016127261,9272.796034479476
2026-10-08 07:57:30,7650.0,7700.0,Put GEX 2,GEX,-200357.513,8003.422016127261,9272.796034479476
2026-10-08 07:57:30,7650.0,7700.0,Call VEX 4,VEX,537973.894,8003.422016127261,9272.796034479476
2026-10-08 07:57:30,7700.0,7750.25,Call CEX 1,CEX,440710.285,8003.422016127261,9272.796034479476
2026-10-08 07:57:30,7700.0,7750.25,Call DEX 1,DEX,82.999,8003.422016127261,9272.796034479476
2026-10-08 07:57:30,7700.0,7750.25,Put GEX 5,GEX,-110900.956,8003.422016127261,9272.796034479476
2026-10-08 07:57:30,7700.0,7750.25,Call VEX 1,VEX,736727.144,8003.422016127261,9272.796034479476
2026-10-08 07:57:30,7750.0,7800.5,Call DEX 3,DEX,68.669,8003.422016127261,9272.796034479476
2026-10-08 07:57:30,7800.0,7851.0,Put CEX 2,CEX,-398766.336,8003.422016127261,9272.796034479476
2026-10-08 07:57:30,7800.0,7851.0,Call GEX 2,GEX,365521.2,8003.422016127261,9272.796034479476
2026-10-08 07:57:30,7825.0,7876.0,Call DEX 5,DEX,37.863,8003.422016127261,9272.796034479476
2026-10-08 07:57:30,7825.0,7876.0,Call GEX 3,GEX,362471.467,8003.422016127261,9272.796034479476
2026-10-08 07:57:30,7850.0,7901.25,Put CEX 4,CEX,-364483.492,8003.422016127261,9272.796034479476
2026-10-08 07:57:30,7850.0,7901.25,Call GEX 1,GEX,370020.943,8003.422016127261,9272.796034479476
2026-10-08 07:57:30,7850.0,7901.25,Put VEX 3,VEX,-330891.478,8003.422016127261,9272.796034479476
2026-10-08 07:57:30,7870.0,7921.25,Put CEX 5,CEX,-225427.023,8003.422016127261,9272.796034479476
2026-10-08 07:57:30,7870.0,7921.25,Call GEX 5,GEX,257013.943,8003.422016127261,9272.796034479476
2026-10-08 07:57:30,7870.0,7921.25,Put VEX 5,VEX,-211766.542,8003.422016127261,9272.796034479476
2026-10-08 07:57:30,7900.0,7951.5,Put CEX 3,CEX,-393186.121,8003.422016127261,9272.796034479476
2026-10-08 07:57:30,7900.0,7951.5,Call GEX 4,GEX,337436.608,8003.422016127261,9272.796034479476
2026-10-08 07:57:30,7900.0,7951.5,Put VEX 2,VEX,-421637.504,8003.422016127261,9272.796034479476
2026-10-08 07:57:30,7950.0,8002.0,Put VEX 4,VEX,-246363.263,8003.422016127261,9272.796034479476
2026-10-08 07:57:30,8000.0,8052.25,Put CEX 1,CEX,-3308441.861,8003.422016127261,9272.796034479476
2026-10-08 07:57:30,8000.0,8052.25,Put DEX 1,DEX,-1342.945,8003.422016127261,9272.796034479476
2026-10-08 07:57:30,8000.0,8052.25,Put GEX 1,GEX,-440039.117,8003.422016127261,9272.796034479476
2026-10-08 07:57:30,8000.0,8052.25,Put VEX 1,VEX,-4173860.855,8003.422016127261,9272.796034479476
2026-10-08 07:57:30,8250.0,8303.75,Put DEX 2,DEX,-24.864,8003.422016127261,9272.796034479476
2026-10-08 07:58:19,7000.0,7045.75,Call CEX 2,CEX,415615.122,8003.376662188944,9270.229719823688
2026-10-08 07:58:19,7000.0,7045.75,Put DEX 4,DEX,-11.007,8003.376662188944,9270.229719823688
2026-10-08 07:58:19,7000.0,7045.75,Call VEX 3,VEX,592083.298,8003.376662188944,9270.229719823688
2026-10-08 07:58:19,7400.0,7448.25,Put DEX 5,DEX,-5.732,8003.376662188944,9270.229719823688
2026-10-08 07:58:19,7500.0,7549.0,Call CEX 5,CEX,312640.633,8003.376662188944,9270.229719823688
2026-10-08 07:58:19,7500.0,7549.0,Put DEX 3,DEX,-17.36,8003.376662188944,9270.229719823688
2026-10-08 07:58:19,7500.0,7549.0,Put GEX 3,GEX,-154863.679,8003.376662188944,9270.229719823688
2026-10-08 07:58:19,7500.0,7549.0,Call VEX 5,VEX,456110.887,8003.376662188944,9270.229719823688
2026-10-08 07:58:19,7600.0,7649.5,Call CEX 3,CEX,407594.954,8003.376662188944,9270.229719823688
2026-10-08 07:58:19,7600.0,7649.5,Call DEX 2,DEX,77.839,8003.376662188944,9270.229719823688
2026-10-08 07:58:19,7600.0,7649.5,Put GEX 4,GEX,-137631.832,8003.376662188944,9270.229719823688
2026-10-08 07:58:19,7600.0,7649.5,Call VEX 2,VEX,594216.946,8003.376662188944,9270.229719823688
2026-10-08 07:58:19,7630.0,7679.75,Call DEX 4,DEX,45.134,8003.376662188944,9270.229719823688
2026-10-08 07:58:19,7650.0,7700.0,Call CEX 4,CEX,396640.745,8003.376662188944,9270.229719823688
2026-10-08 07:58:19,7650.0,7700.0,Put GEX 2,GEX,-198567.611,8003.376662188944,9270.229719823688
2026-10-08 07:58:19,7650.0,7700.0,Call VEX 4,VEX,538401.754,8003.376662188944,9270.229719823688
2026-10-08 07:58:19,7700.0,7750.25,Call CEX 1,CEX,441952.593,8003.376662188944,9270.229719823688
2026-10-08 07:58:19,7700.0,7750.25,Call DEX 1,DEX,83.23,8003.376662188944,9270.229719823688
2026-10-08 07:58:19,7700.0,7750.25,Put GEX 5,GEX,-112123.189,8003.376662188944,9270.229719823688
2026-10-08 07:58:19,7700.0,7750.25,Call VEX 1,VEX,738008.72,8003.376662188944,9270.229719823688
2026-10-08 07:58:19,7750.0,7800.5,Call DEX 3,DEX,69.042,8003.376662188944,9270.229719823688
2026-10-08 07:58:19,7800.0,7851.0,Put CEX 2,CEX,-395601.937,8003.376662188944,9270.229719823688
2026-10-08 07:58:19,7800.0,7851.0,Call GEX 3,GEX,357071.852,8003.376662188944,9270.229719823688
2026-10-08 07:58:19,7825.0,7876.0,Call DEX 5,DEX,38.051,8003.376662188944,9270.229719823688
2026-10-08 07:58:19,7825.0,7876.0,Call GEX 2,GEX,361943.377,8003.376662188944,9270.229719823688
2026-10-08 07:58:19,7850.0,7901.25,Put CEX 4,CEX,-364228.952,8003.376662188944,9270.229719823688
2026-10-08 07:58:19,7850.0,7901.25,Call GEX 1,GEX,369691.92,8003.376662188944,9270.229719823688
2026-10-08 07:58:19,7850.0,7901.25,Put VEX 3,VEX,-330222.45,8003.376662188944,9270.229719823688
2026-10-08 07:58:19,7870.0,7921.25,Put CEX 5,CEX,-225335.757,8003.376662188944,9270.229719823688
2026-10-08 07:58:19,7870.0,7921.25,Call GEX 5,GEX,257595.756,8003.376662188944,9270.229719823688
2026-10-08 07:58:19,7870.0,7921.25,Put VEX 5,VEX,-211501.368,8003.376662188944,9270.229719823688
2026-10-08 07:58:19,7900.0,7951.5,Put CEX 3,CEX,-393648.149,8003.376662188944,9270.229719823688
2026-10-08 07:58:19,7900.0,7951.5,Call GEX 4,GEX,338475.744,8003.376662188944,9270.229719823688
2026-10-08 07:58:19,7900.0,7951.5,Put VEX 2,VEX,-421885.475,8003.376662188944,9270.229719823688
2026-10-08 07:58:19,7950.0,8001.75,Put VEX 4,VEX,-246751.917,8003.376662188944,9270.229719823688
2026-10-08 07:58:19,8000.0,8052.25,Put CEX 1,CEX,-3301457.858,8003.376662188944,9270.229719823688
2026-10-08 07:58:19,8000.0,8052.25,Put DEX 1,DEX,-1344.425,8003.376662188944,9270.229719823688
2026-10-08 07:58:19,8000.0,8052.25,Put GEX 1,GEX,-434781.273,8003.376662188944,9270.229719823688
2026-10-08 07:58:19,8000.0,8052.25,Put VEX 1,VEX,-4164318.87,8003.376662188944,9270.229719823688
2026-10-08 07:58:19,8250.0,8303.75,Put DEX 2,DEX,-25.524,8003.376662188944,9270.229719823688
2026-10-08 07:59:08,7000.0,7045.5,Call CEX 2,CEX,415243.839,8003.404451907248,9261.450989744812
2026-10-08 07:59:08,7000.0,7045.5,Put DEX 4,DEX,-10.992,8003.404451907248,9261.450989744812
2026-10-08 07:59:08,7000.0,7045.5,Call VEX 2,VEX,591574.011,8003.404451907248,9261.450989744812
2026-10-08 07:59:08,7400.0,7448.25,Put DEX 5,DEX,-5.675,8003.404451907248,9261.450989744812
2026-10-08 07:59:08,7500.0,7548.75,Call CEX 5,CEX,310710.368,8003.404451907248,9261.450989744812
2026-10-08 07:59:08,7500.0,7548.75,Put DEX 3,DEX,-17.156,8003.404451907248,9261.450989744812
2026-10-08 07:59:08,7500.0,7548.75,Put GEX 3,GEX,-153336.014,8003.404451907248,9261.450989744812
2026-10-08 07:59:08,7500.0,7548.75,Call VEX 5,VEX,453362.69,8003.404451907248,9261.450989744812
2026-10-08 07:59:08,7600.0,7649.5,Call CEX 3,CEX,402926.79,8003.404451907248,9261.450989744812
2026-10-08 07:59:08,7600.0,7649.5,Call DEX 2,DEX,78.357,8003.404451907248,9261.450989744812
2026-10-08 07:59:08,7600.0,7649.5,Put GEX 4,GEX,-139045.701,8003.404451907248,9261.450989744812
2026-10-08 07:59:08,7600.0,7649.5,Call VEX 3,VEX,587048.371,8003.404451907248,9261.450989744812
2026-10-08 07:59:08,7630.0,7679.75,Call DEX 4,DEX,45.492,8003.404451907248,9261.450989744812
2026-10-08 07:59:08,7650.0,7699.75,Call CEX 4,CEX,389048.864,8003.404451907248,9261.450989744812
2026-10-08 07:59:08,7650.0,7699.75,Put GEX 2,GEX,-201165.14,8003.404451907248,9261.450989744812
2026-10-08 07:59:08,7650.0,7699.75,Call VEX 4,VEX,530858.028,8003.404451907248,9261.450989744812
2026-10-08 07:59:08,7700.0,7750.0,Call CEX 1,CEX,446058.233,8003.404451907248,9261.450989744812
2026-10-08 07:59:08,7700.0,7750.0,Call DEX 1,DEX,84.768,8003.404451907248,9261.450989744812
2026-10-08 07:59:08,7700.0,7750.0,Put GEX 5,GEX,-110902.099,8003.404451907248,9261.450989744812
2026-10-08 07:59:08,7700.0,7750.0,Call VEX 1,VEX,742945.901,8003.404451907248,9261.450989744812
2026-10-08 07:59:08,7750.0,7800.5,Call DEX 3,DEX,70.732,8003.404451907248,9261.450989744812
2026-10-08 07:59:08,7800.0,7850.75,Put CEX 3,CEX,-382104.806,8003.404451907248,9261.450989744812
2026-10-08 07:59:08,7800.0,7850.75,Call DEX 5,DEX,39.559,8003.404451907248,9261.450989744812
2026-10-08 07:59:08,7800.0,7850.75,Call GEX 3,GEX,364554.471,8003.404451907248,9261.450989744812
2026-10-08 07:59:08,7825.0,7876.0,Call GEX 2,GEX,365530.55,8003.404451907248,9261.450989744812
2026-10-08 07:59:08,7850.0,7901.0,Put CEX 4,CEX,-362073.371,8003.404451907248,9261.450989744812
2026-10-08 07:59:08,7850.0,7901.0,Call GEX 1,GEX,373848.201,8003.404451907248,9261.450989744812
2026-10-08 07:59:08,7850.0,7901.0,Put VEX 3,VEX,-326590.391,8003.404451907248,9261.450989744812
2026-10-08 07:59:08,7870.0,7921.25,Put CEX 5,CEX,-225234.025,8003.404451907248,9261.450989744812
2026-10-08 07:59:08,7870.0,7921.25,Call GEX 5,GEX,260268.478,8003.404451907248,9261.450989744812
2026-10-08 07:59:08,7870.0,7921.25,Put VEX 5,VEX,-210804.837,8003.404451907248,9261.450989744812
2026-10-08 07:59:08,7900.0,7951.5,Put CEX 2,CEX,-394965.8,8003.404451907248,9261.450989744812
2026-10-08 07:59:08,7900.0,7951.5,Call GEX 4,GEX,342509.864,8003.404451907248,9261.450989744812
2026-10-08 07:59:08,7900.0,7951.5,Put VEX 2,VEX,-422389.425,8003.404451907248,9261.450989744812
2026-10-08 07:59:08,7950.0,8001.75,Put VEX 4,VEX,-248271.847,8003.404451907248,9261.450989744812
2026-10-08 07:59:08,8000.0,8052.0,Put CEX 1,CEX,-3321747.427,8003.404451907248,9261.450989744812
2026-10-08 07:59:08,8000.0,8052.0,Put DEX 1,DEX,-1341.847,8003.404451907248,9261.450989744812
2026-10-08 07:59:08,8000.0,8052.0,Put GEX 1,GEX,-444331.674,8003.404451907248,9261.450989744812
2026-10-08 07:59:08,8000.0,8052.0,Put VEX 1,VEX,-4188119.006,8003.404451907248,9261.450989744812
2026-10-08 07:59:08,8250.0,8303.75,Put DEX 2,DEX,-25.47,8003.404451907248,9261.450989744812
2026-10-08 07:59:57,7000.0,7044.75,Call CEX 2,CEX,415524.424,8003.49824222493,9266.791499904708
2026-10-08 07:59:57,7000.0,7044.75,Put DEX 4,DEX,-11.002,8003.49824222493,9266.791499904708
2026-10-08 07:59:57,7000.0,7044.75,Call VEX 2,VEX,591900.293,8003.49824222493,9266.791499904708
2026-10-08 07:59:57,7400.0,7447.25,Put DEX 5,DEX,-5.737,8003.49824222493,9266.791499904708
2026-10-08 07:59:57,7500.0,7548.0,Call CEX 5,CEX,312330.129,8003.49824222493,9266.791499904708
2026-10-08 07:59:57,7500.0,7548.0,Put DEX 3,DEX,-17.332,8003.49824222493,9266.791499904708
2026-10-08 07:59:57,7500.0,7548.0,Put GEX 3,GEX,-154458.808,8003.49824222493,9266.791499904708
2026-10-08 07:59:57,7500.0,7548.0,Call VEX 5,VEX,455680.207,8003.49824222493,9266.791499904708
2026-10-08 07:59:57,7600.0,7648.5,Call CEX 3,CEX,399261.049,8003.49824222493,9266.791499904708
2026-10-08 07:59:57,7600.0,7648.5,Call DEX 2,DEX,78.74,8003.49824222493,9266.791499904708
2026-10-08 07:59:57,7600.0,7648.5,Put GEX 4,GEX,-144060.704,8003.49824222493,9266.791499904708
2026-10-08 07:59:57,7600.0,7648.5,Call VEX 3,VEX,581081.631,8003.49824222493,9266.791499904708
2026-10-08 07:59:57,7630.0,7678.75,Call DEX 4,DEX,45.735,8003.49824222493,9266.791499904708
2026-10-08 07:59:57,7650.0,7699.0,Call CEX 4,CEX,393041.23,8003.49824222493,9266.791499904708
2026-10-08 07:59:57,7650.0,7699.0,Put GEX 2,GEX,-200655.651,8003.49824222493,9266.791499904708
2026-10-08 07:59:57,7650.0,7699.0,Call VEX 4,VEX,534502.223,8003.49824222493,9266.791499904708
2026-10-08 07:59:57,7700.0,7749.25,Call CEX 1,CEX,444122.578,8003.49824222493,9266.791499904708
2026-10-08 07:59:57,7700.0,7749.25,Call DEX 1,DEX,84.612,8003.49824222493,9266.791499904708
2026-10-08 07:59:57,7700.0,7749.25,Put GEX 5,GEX,-108147.515,8003.49824222493,9266.791499904708
2026-10-08 07:59:57,7700.0,7749.25,Call VEX 1,VEX,741347.162,8003.49824222493,9266.791499904708
2026-10-08 07:59:57,7750.0,7799.5,Call DEX 3,DEX,69.993,8003.49824222493,9266.791499904708
2026-10-08 07:59:57,7800.0,7850.0,Put CEX 3,CEX,-390236.223,8003.49824222493,9266.791499904708
2026-10-08 07:59:57,7800.0,7850.0,Call DEX 5,DEX,38.291,8003.49824222493,9266.791499904708
2026-10-08 07:59:57,7800.0,7850.0,Call GEX 1,GEX,378081.755,8003.49824222493,9266.791499904708
2026-10-08 07:59:57,7825.0,7875.0,Call GEX 3,GEX,366744.452,8003.49824222493,9266.791499904708
2026-10-08 07:59:57,7850.0,7900.25,Put CEX 4,CEX,-363666.771,8003.49824222493,9266.791499904708
2026-10-08 07:59:57,7850.0,7900.25,Call GEX 2,GEX,374329.536,8003.49824222493,9266.791499904708
2026-10-08 07:59:57,7850.0,7900.25,Put VEX 3,VEX,-328987.587,8003.49824222493,9266.791499904708
2026-10-08 07:59:57,7870.0,7920.25,Put CEX 5,CEX,-225583.384,8003.49824222493,9266.791499904708
2026-10-08 07:59:57,7870.0,7920.25,Call GEX 5,GEX,259160.12,8003.49824222493,9266.791499904708
2026-10-08 07:59:57,7870.0,7920.25,Put VEX 5,VEX,-211487.576,8003.49824222493,9266.791499904708
2026-10-08 07:59:57,7900.0,7950.5,Put CEX 2,CEX,-393932.388,8003.49824222493,9266.791499904708
2026-10-08 07:59:57,7900.0,7950.5,Call GEX 4,GEX,340215.447,8003.49824222493,9266.791499904708
2026-10-08 07:59:57,7900.0,7950.5,Put VEX 2,VEX,-421823.974,8003.49824222493,9266.791499904708
2026-10-08 07:59:57,7950.0,8000.75,Put VEX 4,VEX,-246834.876,8003.49824222493,9266.791499904708
2026-10-08 07:59:57,8000.0,8051.25,Put CEX 1,CEX,-3362985.26,8003.49824222493,9266.791499904708
2026-10-08 07:59:57,8000.0,8051.25,Put DEX 1,DEX,-1333.981,8003.49824222493,9266.791499904708
2026-10-08 07:59:57,8000.0,8051.25,Put GEX 1,GEX,-469600.755,8003.49824222493,9266.791499904708
2026-10-08 07:59:57,8000.0,8051.25,Put VEX 1,VEX,-4240268.73,8003.49824222493,9266.791499904708
2026-10-08 07:59:57,8250.0,8302.75,Put DEX 2,DEX,-25.341,8003.49824222493,9266.791499904708
2026-10-08 08:00:45,7000.0,7044.75,Call CEX 2,CEX,415434.944,8003.523163010462,9263.57203482772
2026-10-08 08:00:45,7000.0,7044.75,Put DEX 4,DEX,-10.998,8003.523163010462,9263.57203482772
2026-10-08 08:00:45,7000.0,7044.75,Call VEX 2,VEX,591756.43,8003.523163010462,9263.57203482772
2026-10-08 08:00:45,7400.0,7447.5,Put DEX 5,DEX,-5.72,8003.523163010462,9263.57203482772
2026-10-08 08:00:45,7500.0,7548.0,Call CEX 5,CEX,311080.058,8003.523163010462,9263.57203482772
2026-10-08 08:00:45,7500.0,7548.0,Put DEX 3,DEX,-17.188,8003.523163010462,9263.57203482772
2026-10-08 08:00:45,7500.0,7548.0,Put GEX 3,GEX,-153589.148,8003.523163010462,9263.57203482772
2026-10-08 08:00:45,7500.0,7548.0,Call VEX 5,VEX,453805.504,8003.523163010462,9263.57203482772
2026-10-08 08:00:45,7600.0,7648.75,Call CEX 3,CEX,395208.118,8003.523163010462,9263.57203482772
2026-10-08 08:00:45,7600.0,7648.75,Call DEX 2,DEX,79.316,8003.523163010462,9263.57203482772
2026-10-08 08:00:45,7600.0,7648.75,Put GEX 4,GEX,-146940.854,8003.523163010462,9263.57203482772
2026-10-08 08:00:45,7600.0,7648.75,Call VEX 3,VEX,574591.443,8003.523163010462,9263.57203482772
2026-10-08 08:00:45,7630.0,7678.75,Call DEX 4,DEX,45.841,8003.523163010462,9263.57203482772
2026-10-08 08:00:45,7650.0,7699.0,Call CEX 4,CEX,390451.221,8003.523163010462,9263.57203482772
2026-10-08 08:00:45,7650.0,7699.0,Put GEX 2,GEX,-202058.05,8003.523163010462,9263.57203482772
2026-10-08 08:00:45,7650.0,7699.0,Call VEX 4,VEX,531617.799,8003.523163010462,9263.57203482772
2026-10-08 08:00:45,7700.0,7749.25,Call CEX 1,CEX,445302.781,8003.523163010462,9263.57203482772
2026-10-08 08:00:45,7700.0,7749.25,Call DEX 1,DEX,85.161,8003.523163010462,9263.57203482772
2026-10-08 08:00:45,7700.0,7749.25,Put GEX 5,GEX,-107863.32,8003.523163010462,9263.57203482772
2026-10-08 08:00:45,7700.0,7749.25,Call VEX 1,VEX,742707.274,8003.523163010462,9263.57203482772
2026-10-08 08:00:45,7750.0,7799.75,Call DEX 3,DEX,70.703,8003.523163010462,9263.57203482772
2026-10-08 08:00:45,7800.0,7850.0,Put CEX 3,CEX,-385080.734,8003.523163010462,9263.57203482772
2026-10-08 08:00:45,7800.0,7850.0,Call DEX 5,DEX,39.146,8003.523163010462,9263.57203482772
2026-10-08 08:00:45,7800.0,7850.0,Call GEX 1,GEX,384271.6,8003.523163010462,9263.57203482772
2026-10-08 08:00:45,7825.0,7875.0,Call GEX 3,GEX,369411.982,8003.523163010462,9263.57203482772
2026-10-08 08:00:45,7850.0,7900.25,Put CEX 4,CEX,-363104.113,8003.523163010462,9263.57203482772
2026-10-08 08:00:45,7850.0,7900.25,Call GEX 2,GEX,376950.594,8003.523163010462,9263.57203482772
2026-10-08 08:00:45,7850.0,7900.25,Put VEX 3,VEX,-327825.221,8003.523163010462,9263.57203482772
2026-10-08 08:00:45,7870.0,7920.5,Put CEX 5,CEX,-225730.057,8003.523163010462,9263.57203482772
2026-10-08 08:00:45,7870.0,7920.5,Call GEX 5,GEX,260479.36,8003.523163010462,9263.57203482772
2026-10-08 08:00:45,7870.0,7920.5,Put VEX 5,VEX,-211389.484,8003.523163010462,9263.57203482772
2026-10-08 08:00:45,7900.0,7950.5,Put CEX 2,CEX,-394251.937,8003.523163010462,9263.57203482772
2026-10-08 08:00:45,7900.0,7950.5,Call GEX 4,GEX,341714.222,8003.523163010462,9263.57203482772
2026-10-08 08:00:45,7900.0,7950.5,Put VEX 2,VEX,-421859.897,8003.523163010462,9263.57203482772
2026-10-08 08:00:45,7950.0,8001.0,Put VEX 4,VEX,-247051.735,8003.523163010462,9263.57203482772
2026-10-08 08:00:45,8000.0,8051.25,Put CEX 1,CEX,-3378556.952,8003.523163010462,9263.57203482772
2026-10-08 08:00:45,8000.0,8051.25,Put DEX 1,DEX,-1331.367,8003.523163010462,9263.57203482772
2026-10-08 08:00:45,8000.0,8051.25,Put GEX 1,GEX,-477809.308,8003.523163010462,9263.57203482772
2026-10-08 08:00:45,8000.0,8051.25,Put VEX 1,VEX,-4259080.369,8003.523163010462,9263.57203482772
2026-10-08 08:00:45,8250.0,8302.75,Put DEX 2,DEX,-25.286,8003.523163010462,9263.57203482772
2026-10-08 08:01:36,7000.0,7045.25,Call CEX 2,CEX,415909.247,9491.193306913254,9608.504839770698
2026-10-08 08:01:36,7000.0,7045.25,Put DEX 4,DEX,-11.015,9491.193306913254,9608.504839770698
2026-10-08 08:01:36,7000.0,7045.25,Call VEX 2,VEX,592296.32,9491.193306913254,9608.504839770698
2026-10-08 08:01:36,7400.0,7448.0,Put DEX 5,DEX,-5.751,9491.193306913254,9608.504839770698
2026-10-08 08:01:36,7500.0,7548.5,Call CEX 5,CEX,314350.178,9491.193306913254,9608.504839770698
2026-10-08 08:01:36,7500.0,7548.5,Put DEX 3,DEX,-17.555,9491.193306913254,9608.504839770698
2026-10-08 08:01:36,7500.0,7548.5,Put GEX 3,GEX,-156037.544,9491.193306913254,9608.504839770698
2026-10-08 08:01:36,7500.0,7548.5,Call VEX 5,VEX,458535.823,9491.193306913254,9608.504839770698
2026-10-08 08:01:36,7600.0,7649.25,Call CEX 3,CEX,404488.248,9491.193306913254,9608.504839770698
2026-10-08 08:01:36,7600.0,7649.25,Call DEX 2,DEX,78.241,9491.193306913254,9608.504839770698
2026-10-08 08:01:36,7600.0,7649.25,Put GEX 4,GEX,-142550.103,9491.193306913254,9608.504839770698
2026-10-08 08:01:36,7600.0,7649.25,Call VEX 3,VEX,588825.455,9491.193306913254,9608.504839770698
2026-10-08 08:01:36,7630.0,7679.5,Call DEX 4,DEX,45.252,9491.193306913254,9608.504839770698
2026-10-08 08:01:36,7650.0,7699.5,Call CEX 4,CEX,396003.923,9491.193306913254,9608.504839770698
2026-10-08 08:01:36,7650.0,7699.5,Put GEX 2,GEX,-201045.937,9491.193306913254,9608.504839770698
2026-10-08 08:01:36,7650.0,7699.5,Call VEX 4,VEX,537785.594,9491.193306913254,9608.504839770698
2026-10-08 08:01:36,7700.0,7749.75,Call CEX 1,CEX,439872.944,9491.193306913254,9608.504839770698
2026-10-08 08:01:36,7700.0,7749.75,Call DEX 1,DEX,82.93,9491.193306913254,9608.504839770698
2026-10-08 08:01:36,7700.0,7749.75,Put GEX 5,GEX,-109200.852,9491.193306913254,9608.504839770698
2026-10-08 08:01:36,7700.0,7749.75,Call VEX 1,VEX,735890.396,9491.193306913254,9608.504839770698
2026-10-08 08:01:36,7750.0,7800.25,Call DEX 3,DEX,68.286,9491.193306913254,9608.504839770698
2026-10-08 08:01:36,7800.0,7850.5,Put CEX 2,CEX,-403893.375,9491.193306913254,9608.504839770698
2026-10-08 08:01:36,7800.0,7850.5,Call GEX 1,GEX,372771.081,9491.193306913254,9608.504839770698
2026-10-08 08:01:36,7825.0,7875.75,Call DEX 5,DEX,37.592,9491.193306913254,9608.504839770698
2026-10-08 08:01:36,7825.0,7875.75,Call GEX 3,GEX,363492.658,9491.193306913254,9608.504839770698
2026-10-08 08:01:36,7850.0,7900.75,Put CEX 4,CEX,-365675.021,9491.193306913254,9608.504839770698
2026-10-08 08:01:36,7850.0,7900.75,Call GEX 2,GEX,370285.13,9491.193306913254,9608.504839770698
2026-10-08 08:01:36,7850.0,7900.75,Put VEX 3,VEX,-332405.04,9491.193306913254,9608.504839770698
2026-10-08 08:01:36,7870.0,7921.0,Put CEX 5,CEX,-225729.237,9491.193306913254,9608.504839770698
2026-10-08 08:01:36,7870.0,7921.0,Call GEX 5,GEX,256443.304,9491.193306913254,9608.504839770698
2026-10-08 08:01:36,7870.0,7921.0,Put VEX 5,VEX,-212175.224,9491.193306913254,9608.504839770698
2026-10-08 08:01:36,7900.0,7951.25,Put CEX 3,CEX,-392859.001,9491.193306913254,9608.504839770698
2026-10-08 08:01:36,7900.0,7951.25,Call GEX 4,GEX,336215.281,9491.193306913254,9608.504839770698
2026-10-08 08:01:36,7900.0,7951.25,Put VEX 2,VEX,-421388.848,9491.193306913254,9608.504839770698
2026-10-08 08:01:36,7950.0,8001.5,Put VEX 4,VEX,-245262.077,9491.193306913254,9608.504839770698
2026-10-08 08:01:36,8000.0,8051.75,Put CEX 1,CEX,-3328842.183,9491.193306913254,9608.504839770698
2026-10-08 08:01:36,8000.0,8051.75,Put DEX 1,DEX,-1339.423,9491.193306913254,9608.504839770698
2026-10-08 08:01:36,8000.0,8051.75,Put GEX 1,GEX,-451462.497,9491.193306913254,9608.504839770698
2026-10-08 08:01:36,8000.0,8051.75,Put VEX 1,VEX,-4198307.607,9491.193306913254,9608.504839770698
2026-10-08 08:01:36,8250.0,8303.5,Put DEX 2,DEX,-25.377,9491.193306913254,9608.504839770698
2026-10-08 08:02:24,7000.0,7045.25,Call CEX 2,CEX,416307.388,9477.77107578768,9641.157647058824
2026-10-08 08:02:24,7000.0,7045.25,Put DEX 4,DEX,-11.029,9477.77107578768,9641.157647058824
2026-10-08 08:02:24,7000.0,7045.25,Call VEX 3,VEX,592744.445,9477.77107578768,9641.157647058824
2026-10-08 08:02:24,7400.0,7447.75,Put DEX 5,DEX,-5.852,9477.77107578768,9641.157647058824
2026-10-08 08:02:24,7500.0,7548.5,Call CEX 5,CEX,316724.243,9477.77107578768,9641.157647058824
2026-10-08 08:02:24,7500.0,7548.5,Put DEX 3,DEX,-15.891,9477.77107578768,9641.157647058824
2026-10-08 08:02:24,7500.0,7548.5,Put GEX 3,GEX,-157284.138,9477.77107578768,9641.157647058824
2026-10-08 08:02:24,7500.0,7548.5,Call VEX 5,VEX,462088.017,9477.77107578768,9641.157647058824
2026-10-08 08:02:24,7600.0,7649.0,Call CEX 3,CEX,407111.917,9477.77107578768,9641.157647058824
2026-10-08 08:02:24,7600.0,7649.0,Call DEX 2,DEX,77.584,9477.77107578768,9641.157647058824
2026-10-08 08:02:24,7600.0,7649.0,Put GEX 4,GEX,-143509.18,9477.77107578768,9641.157647058824
2026-10-08 08:02:24,7600.0,7649.0,Call VEX 2,VEX,592826.872,9477.77107578768,9641.157647058824
2026-10-08 08:02:24,7630.0,7679.25,Call DEX 4,DEX,45.436,9477.77107578768,9641.157647058824
2026-10-08 08:02:24,7650.0,7699.5,Call CEX 4,CEX,398068.72,9477.77107578768,9641.157647058824
2026-10-08 08:02:24,7650.0,7699.5,Put GEX 2,GEX,-202309.724,9477.77107578768,9641.157647058824
2026-10-08 08:02:24,7650.0,7699.5,Call VEX 4,VEX,540078.983,9477.77107578768,9641.157647058824
2026-10-08 08:02:24,7700.0,7749.75,Call CEX 1,CEX,435323.374,9477.77107578768,9641.157647058824
2026-10-08 08:02:24,7700.0,7749.75,Call DEX 1,DEX,81.515,9477.77107578768,9641.157647058824
2026-10-08 08:02:24,7700.0,7749.75,Put GEX 5,GEX,-109043.311,9477.77107578768,9641.157647058824
2026-10-08 08:02:24,7700.0,7749.75,Call VEX 1,VEX,730757.115,9477.77107578768,9641.157647058824
2026-10-08 08:02:24,7750.0,7800.0,Call DEX 3,DEX,66.445,9477.77107578768,9641.157647058824
2026-10-08 08:02:24,7800.0,7850.25,Put CEX 2,CEX,-420771.408,9477.77107578768,9641.157647058824
2026-10-08 08:02:24,7800.0,7850.25,Call GEX 1,GEX,372385.958,9477.77107578768,9641.157647058824
2026-10-08 08:02:24,7825.0,7875.5,Call DEX 5,DEX,36.869,9477.77107578768,9641.157647058824
2026-10-08 08:02:24,7825.0,7875.5,Call GEX 3,GEX,360843.366,9477.77107578768,9641.157647058824
2026-10-08 08:02:24,7850.0,7900.75,Put CEX 4,CEX,-368190.443,9477.77107578768,9641.157647058824
2026-10-08 08:02:24,7850.0,7900.75,Call GEX 2,GEX,366865.767,9477.77107578768,9641.157647058824
2026-10-08 08:02:24,7850.0,7900.75,Put VEX 3,VEX,-336661.318,9477.77107578768,9641.157647058824
2026-10-08 08:02:24,7870.0,7920.75,Put CEX 5,CEX,-225877.233,9477.77107578768,9641.157647058824
2026-10-08 08:02:24,7870.0,7920.75,Call GEX 5,GEX,253323.597,9477.77107578768,9641.157647058824
2026-10-08 08:02:24,7870.0,7920.75,Put VEX 5,VEX,-213008.987,9477.77107578768,9641.157647058824
2026-10-08 08:02:24,7900.0,7951.0,Put CEX 3,CEX,-390716.107,9477.77107578768,9641.157647058824
2026-10-08 08:02:24,7900.0,7951.0,Call GEX 4,GEX,331170.016,9477.77107578768,9641.157647058824
2026-10-08 08:02:24,7900.0,7951.0,Put VEX 2,VEX,-420238.005,9477.77107578768,9641.157647058824
2026-10-08 08:02:24,7950.0,8001.25,Put VEX 4,VEX,-243523.984,9477.77107578768,9641.157647058824
2026-10-08 08:02:24,8000.0,8051.75,Put CEX 1,CEX,-3312635.782,9477.77107578768,9641.157647058824
2026-10-08 08:02:24,8000.0,8051.75,Put DEX 1,DEX,-1338.335,9477.77107578768,9641.157647058824
2026-10-08 08:02:24,8000.0,8051.75,Put GEX 1,GEX,-473354.23,9477.77107578768,9641.157647058824
2026-10-08 08:02:24,8000.0,8051.75,Put VEX 1,VEX,-4180072.268,9477.77107578768,9641.157647058824
2026-10-08 08:02:24,8250.0,8303.25,Put DEX 2,DEX,-25.364,9477.77107578768,9641.157647058824
2026-10-08 08:03:14,7000.0,7045.5,Call CEX 2,CEX,416262.541,9491.12535563706,9606.548739179523
2026-10-08 08:03:14,7000.0,7045.5,Put DEX 4,DEX,-11.026,9491.12535563706,9606.548739179523
2026-10-08 08:03:14,7000.0,7045.5,Call VEX 3,VEX,592653.774,9491.12535563706,9606.548739179523
2026-10-08 08:03:14,7400.0,7448.0,Put DEX 5,DEX,-5.816,9491.12535563706,9606.548739179523
2026-10-08 08:03:14,7500.0,7548.75,Call CEX 5,CEX,315354.725,9491.12535563706,9606.548739179523
2026-10-08 08:03:14,7500.0,7548.75,Put DEX 3,DEX,-15.73,9491.12535563706,9606.548739179523
2026-10-08 08:03:14,7500.0,7548.75,Put GEX 3,GEX,-156504.889,9491.12535563706,9606.548739179523
2026-10-08 08:03:14,7500.0,7548.75,Call VEX 5,VEX,459996.261,9491.12535563706,9606.548739179523
2026-10-08 08:03:14,7600.0,7649.25,Call CEX 3,CEX,408606.737,9491.12535563706,9606.548739179523
2026-10-08 08:03:14,7600.0,7649.25,Call DEX 2,DEX,77.412,9491.12535563706,9606.548739179523
2026-10-08 08:03:14,7600.0,7649.25,Put GEX 4,GEX,-140932.426,9491.12535563706,9606.548739179523
2026-10-08 08:03:14,7600.0,7649.25,Call VEX 2,VEX,595367.287,9491.12535563706,9606.548739179523
2026-10-08 08:03:14,7630.0,7679.5,Call DEX 4,DEX,45.302,9491.12535563706,9606.548739179523
2026-10-08 08:03:14,7650.0,7699.5,Call CEX 4,CEX,397812.294,9491.12535563706,9606.548739179523
2026-10-08 08:03:14,7650.0,7699.5,Put GEX 2,GEX,-201540.804,9491.12535563706,9606.548739179523
2026-10-08 08:03:14,7650.0,7699.5,Call VEX 4,VEX,539931.154,9491.12535563706,9606.548739179523
2026-10-08 08:03:14,7700.0,7750.0,Call CEX 1,CEX,436123.257,9491.12535563706,9606.548739179523
2026-10-08 08:03:14,7700.0,7750.0,Call DEX 1,DEX,81.569,9491.12535563706,9606.548739179523
2026-10-08 08:03:14,7700.0,7750.0,Put GEX 5,GEX,-110512.404,9491.12535563706,9606.548739179523
2026-10-08 08:03:14,7700.0,7750.0,Call VEX 1,VEX,731315.755,9491.12535563706,9606.548739179523
2026-10-08 08:03:14,7750.0,7800.25,Call DEX 3,DEX,66.712,9491.12535563706,9606.548739179523
2026-10-08 08:03:14,7800.0,7850.5,Put CEX 2,CEX,-417337.457,9491.12535563706,9606.548739179523
2026-10-08 08:03:14,7800.0,7850.5,Call GEX 2,GEX,366109.31,9491.12535563706,9606.548739179523
2026-10-08 08:03:14,7825.0,7875.75,Call DEX 5,DEX,37.065,9491.12535563706,9606.548739179523
2026-10-08 08:03:14,7825.0,7875.75,Call GEX 3,GEX,360183.427,9491.12535563706,9606.548739179523
2026-10-08 08:03:14,7850.0,7901.0,Put CEX 4,CEX,-367522.409,9491.12535563706,9606.548739179523
2026-10-08 08:03:14,7850.0,7901.0,Call GEX 1,GEX,366819.181,9491.12535563706,9606.548739179523
2026-10-08 08:03:14,7850.0,7901.0,Put VEX 3,VEX,-335634.815,9491.12535563706,9606.548739179523
2026-10-08 08:03:14,7870.0,7921.0,Put CEX 5,CEX,-225805.866,9491.12535563706,9606.548739179523
2026-10-08 08:03:14,7870.0,7921.0,Call GEX 5,GEX,253866.493,9491.12535563706,9606.548739179523
2026-10-08 08:03:14,7870.0,7921.0,Put VEX 5,VEX,-212774.471,9491.12535563706,9606.548739179523
2026-10-08 08:03:14,7900.0,7951.25,Put CEX 3,CEX,-391067.061,9491.12535563706,9606.548739179523
2026-10-08 08:03:14,7900.0,7951.25,Call GEX 4,GEX,332082.607,9491.12535563706,9606.548739179523
2026-10-08 08:03:14,7900.0,7951.25,Put VEX 2,VEX,-420418.575,9491.12535563706,9606.548739179523
2026-10-08 08:03:14,7950.0,8001.5,Put VEX 4,VEX,-243031.607,9491.12535563706,9606.548739179523
2026-10-08 08:03:14,8000.0,8051.75,Put CEX 1,CEX,-3308828.918,9491.12535563706,9606.548739179523
2026-10-08 08:03:14,8000.0,8051.75,Put DEX 1,DEX,-1339.332,9491.12535563706,9606.548739179523
2026-10-08 08:03:14,8000.0,8051.75,Put GEX 1,GEX,-470139.718,9491.12535563706,9606.548739179523
2026-10-08 08:03:14,8000.0,8051.75,Put VEX 1,VEX,-4174591.056,9491.12535563706,9606.548739179523
2026-10-08 08:03:14,8250.0,8303.5,Put DEX 2,DEX,-25.422,9491.12535563706,9606.548739179523
2026-10-08 08:04:03,7000.0,7044.75,Call CEX 2,CEX,416539.658,9483.082779784796,9623.20587681296
2026-10-08 08:04:03,7000.0,7044.75,Put DEX 4,DEX,-11.035,9483.082779784796,9623.20587681296
2026-10-08 08:04:03,7000.0,7044.75,Call VEX 3,VEX,592954.275,9483.082779784796,9623.20587681296
2026-10-08 08:04:03,7400.0,7447.5,Put DEX 5,DEX,-5.859,9483.082779784796,9623.20587681296
2026-10-08 08:04:03,7500.0,7548.0,Call CEX 5,CEX,317221.566,9483.082779784796,9623.20587681296
2026-10-08 08:04:03,7500.0,7548.0,Put DEX 3,DEX,-15.931,9483.082779784796,9623.20587681296
2026-10-08 08:04:03,7500.0,7548.0,Put GEX 3,GEX,-157641.759,9483.082779784796,9623.20587681296
2026-10-08 08:04:03,7500.0,7548.0,Call VEX 5,VEX,462765.628,9483.082779784796,9623.20587681296
2026-10-08 08:04:03,7600.0,7648.75,Call CEX 3,CEX,408065.014,9483.082779784796,9623.20587681296
2026-10-08 08:04:03,7600.0,7648.75,Call DEX 2,DEX,77.39,9483.082779784796,9623.20587681296
2026-10-08 08:04:03,7600.0,7648.75,Put GEX 4,GEX,-143791.825,9483.082779784796,9623.20587681296
2026-10-08 08:04:03,7600.0,7648.75,Call VEX 2,VEX,594201.248,9483.082779784796,9623.20587681296
2026-10-08 08:04:03,7630.0,7679.0,Call DEX 4,DEX,45.347,9483.082779784796,9623.20587681296
2026-10-08 08:04:03,7650.0,7699.0,Call CEX 4,CEX,398104.922,9483.082779784796,9623.20587681296
2026-10-08 08:04:03,7650.0,7699.0,Put GEX 2,GEX,-203633.325,9483.082779784796,9623.20587681296
2026-10-08 08:04:03,7650.0,7699.0,Call VEX 4,VEX,540180.708,9483.082779784796,9623.20587681296
2026-10-08 08:04:03,7700.0,7749.25,Call CEX 1,CEX,432919.955,9483.082779784796,9623.20587681296
2026-10-08 08:04:03,7700.0,7749.25,Call DEX 1,DEX,80.795,9483.082779784796,9623.20587681296
2026-10-08 08:04:03,7700.0,7749.25,Put GEX 5,GEX,-108973.753,9483.082779784796,9623.20587681296
2026-10-08 08:04:03,7700.0,7749.25,Call VEX 1,VEX,727879.669,9483.082779784796,9623.20587681296
2026-10-08 08:04:03,7750.0,7799.75,Call DEX 3,DEX,65.547,9483.082779784796,9623.20587681296
2026-10-08 08:04:03,7800.0,7850.0,Put CEX 2,CEX,-428479.033,9483.082779784796,9623.20587681296
2026-10-08 08:04:03,7800.0,7850.0,Call GEX 1,GEX,373504.718,9483.082779784796,9623.20587681296
2026-10-08 08:04:03,7825.0,7875.25,Call DEX 5,DEX,36.535,9483.082779784796,9623.20587681296
2026-10-08 08:04:03,7825.0,7875.25,Call GEX 3,GEX,359728.615,9483.082779784796,9623.20587681296
2026-10-08 08:04:03,7850.0,7900.25,Put CEX 4,CEX,-369219.377,9483.082779784796,9623.20587681296
2026-10-08 08:04:03,7850.0,7900.25,Call GEX 2,GEX,365417.363,9483.082779784796,9623.20587681296
2026-10-08 08:04:03,7850.0,7900.25,Put VEX 3,VEX,-338483.969,9483.082779784796,9623.20587681296
2026-10-08 08:04:03,7870.0,7920.5,Put CEX 5,CEX,-225989.424,9483.082779784796,9623.20587681296
2026-10-08 08:04:03,7870.0,7920.5,Call GEX 5,GEX,251947.632,9483.082779784796,9623.20587681296
2026-10-08 08:04:03,7870.0,7920.5,Put VEX 5,VEX,-213419.89,9483.082779784796,9623.20587681296
2026-10-08 08:04:03,7900.0,7950.5,Put CEX 3,CEX,-389552.364,9483.082779784796,9623.20587681296
2026-10-08 08:04:03,7900.0,7950.5,Call GEX 4,GEX,328730.506,9483.082779784796,9623.20587681296
2026-10-08 08:04:03,7900.0,7950.5,Put VEX 2,VEX,-419519.455,9483.082779784796,9623.20587681296
2026-10-08 08:04:03,7950.0,8001.0,Put VEX 4,VEX,-242210.671,9483.082779784796,9623.20587681296
2026-10-08 08:04:03,8000.0,8051.25,Put CEX 1,CEX,-3307421.204,9483.082779784796,9623.20587681296
2026-10-08 08:04:03,8000.0,8051.25,Put DEX 1,DEX,-1338.864,9483.082779784796,9623.20587681296
2026-10-08 08:04:03,8000.0,8051.25,Put GEX 1,GEX,-471173.544,9483.082779784796,9623.20587681296
2026-10-08 08:04:03,8000.0,8051.25,Put VEX 1,VEX,-4173823.895,9483.082779784796,9623.20587681296
2026-10-08 08:04:03,8250.0,8302.75,Put DEX 2,DEX,-25.342,9483.082779784796,9623.20587681296
2026-10-08 08:04:51,7000.0,7045.5,Call CEX 2,CEX,416319.521,9490.4101515099,9608.214151298456
2026-10-08 08:04:51,7000.0,7045.5,Put DEX 3,DEX,-11.026,9490.4101515099,9608.214151298456
2026-10-08 08:04:51,7000.0,7045.5,Call VEX 3,VEX,592651.069,9490.4101515099,9608.214151298456
2026-10-08 08:04:51,7400.0,7448.0,Put DEX 4,DEX,-5.839,9490.4101515099,9608.214151298456
2026-10-08 08:04:51,7500.0,7548.5,Call CEX 5,CEX,326950.701,9490.4101515099,9608.214151298456
2026-10-08 08:04:51,7500.0,7548.5,Call DEX 4,DEX,55.732,9490.4101515099,9608.214151298456
2026-10-08 08:04:51,7500.0,7548.5,Put GEX 3,GEX,-151651.455,9490.4101515099,9608.214151298456
2026-10-08 08:04:51,7500.0,7548.5,Call VEX 5,VEX,477416.677,9490.4101515099,9608.214151298456
2026-10-08 08:04:51,7600.0,7649.25,Call CEX 3,CEX,413017.17,9490.4101515099,9608.214151298456
2026-10-08 08:04:51,7600.0,7649.25,Call DEX 2,DEX,76.641,9490.4101515099,9608.214151298456
2026-10-08 08:04:51,7600.0,7649.25,Put GEX 4,GEX,-137382.608,9490.4101515099,9608.214151298456
2026-10-08 08:04:51,7600.0,7649.25,Call VEX 2,VEX,602147.638,9490.4101515099,9608.214151298456
2026-10-08 08:04:51,7630.0,7679.5,Call DEX 5,DEX,44.954,9490.4101515099,9608.214151298456
2026-10-08 08:04:51,7650.0,7699.5,Call CEX 4,CEX,399236.53,9490.4101515099,9608.214151298456
2026-10-08 08:04:51,7650.0,7699.5,Put GEX 2,GEX,-200661.662,9490.4101515099,9608.214151298456
2026-10-08 08:04:51,7650.0,7699.5,Call VEX 4,VEX,541022.309,9490.4101515099,9608.214151298456
2026-10-08 08:04:51,7700.0,7750.0,Call CEX 1,CEX,435182.201,9490.4101515099,9608.214151298456
2026-10-08 08:04:51,7700.0,7750.0,Call DEX 1,DEX,80.886,9490.4101515099,9608.214151298456
2026-10-08 08:04:51,7700.0,7750.0,Put GEX 5,GEX,-112748.276,9490.4101515099,9608.214151298456
2026-10-08 08:04:51,7700.0,7750.0,Call VEX 1,VEX,729194.696,9490.4101515099,9608.214151298456
2026-10-08 08:04:51,7750.0,7800.25,Call DEX 3,DEX,66.49,9490.4101515099,9608.214151298456
2026-10-08 08:04:51,7800.0,7850.5,Put CEX 2,CEX,-415900.42,9490.4101515099,9608.214151298456
2026-10-08 08:04:51,7800.0,7850.5,Call GEX 3,GEX,353720.691,9490.4101515099,9608.214151298456
2026-10-08 08:04:51,7825.0,7875.75,Call GEX 2,GEX,357582.802,9490.4101515099,9608.214151298456
2026-10-08 08:04:51,7850.0,7901.0,Put CEX 4,CEX,-366751.623,9490.4101515099,9608.214151298456
2026-10-08 08:04:51,7850.0,7901.0,Call GEX 1,GEX,364762.08,9490.4101515099,9608.214151298456
2026-10-08 08:04:51,7850.0,7901.0,Put VEX 3,VEX,-334814.192,9490.4101515099,9608.214151298456
2026-10-08 08:04:51,7870.0,7921.0,Put CEX 5,CEX,-225595.544,9490.4101515099,9608.214151298456
2026-10-08 08:04:51,7870.0,7921.0,Call GEX 5,GEX,253517.359,9490.4101515099,9608.214151298456
2026-10-08 08:04:51,7870.0,7921.0,Put VEX 5,VEX,-212503.869,9490.4101515099,9608.214151298456
2026-10-08 08:04:51,7900.0,7951.25,Put CEX 3,CEX,-391884.494,9490.4101515099,9608.214151298456
2026-10-08 08:04:51,7900.0,7951.25,Call GEX 4,GEX,332465.823,9490.4101515099,9608.214151298456
2026-10-08 08:04:51,7900.0,7951.25,Put VEX 2,VEX,-421029.324,9490.4101515099,9608.214151298456
2026-10-08 08:04:51,7950.0,8001.5,Put VEX 4,VEX,-244016.068,9490.4101515099,9608.214151298456
2026-10-08 08:04:51,8000.0,8051.75,Put CEX 1,CEX,-3233775.387,9490.4101515099,9608.214151298456
2026-10-08 08:04:51,8000.0,8051.75,Put DEX 1,DEX,-1352.135,9490.4101515099,9608.214151298456
2026-10-08 08:04:51,8000.0,8051.75,Put GEX 1,GEX,-424725.646,9490.4101515099,9608.214151298456
2026-10-08 08:04:51,8000.0,8051.75,Put VEX 1,VEX,-4079042.374,9490.4101515099,9608.214151298456
2026-10-08 08:04:51,8100.0,8152.5,Put DEX 5,DEX,-5.139,9490.4101515099,9608.214151298456
2026-10-08 08:04:51,8250.0,8303.5,Put DEX 2,DEX,-25.562,9490.4101515099,9608.214151298456
2026-10-08 08:05:40,7000.0,7045.0,Call CEX 2,CEX,416669.289,9482.312804921165,9629.277244494637
2026-10-08 08:05:40,7000.0,7045.0,Put DEX 4,DEX,-11.031,9482.312804921165,9629.277244494637
2026-10-08 08:05:40,7000.0,7045.0,Call VEX 2,VEX,592905.548,9482.312804921165,9629.277244494637
2026-10-08 08:05:40,7400.0,7447.75,Put DEX 5,DEX,-5.856,9482.312804921165,9629.277244494637
2026-10-08 08:05:40,7500.0,7548.25,Call CEX 5,CEX,318238.851,9482.312804921165,9629.277244494637
2026-10-08 08:05:40,7500.0,7548.25,Put DEX 3,DEX,-16.039,9482.312804921165,9629.277244494637
2026-10-08 08:05:40,7500.0,7548.25,Put GEX 3,GEX,-157970.559,9482.312804921165,9629.277244494637
2026-10-08 08:05:40,7500.0,7548.25,Call VEX 5,VEX,464002.961,9482.312804921165,9629.277244494637
2026-10-08 08:05:40,7600.0,7649.0,Call CEX 3,CEX,407231.326,9482.312804921165,9629.277244494637
2026-10-08 08:05:40,7600.0,7649.0,Call DEX 2,DEX,77.481,9482.312804921165,9629.277244494637
2026-10-08 08:05:40,7600.0,7649.0,Put GEX 4,GEX,-144585.401,9482.312804921165,9629.277244494637
2026-10-08 08:05:40,7600.0,7649.0,Call VEX 3,VEX,592559.568,9482.312804921165,9629.277244494637
2026-10-08 08:05:40,7630.0,7679.0,Call DEX 4,DEX,45.393,9482.312804921165,9629.277244494637
2026-10-08 08:05:40,7650.0,7699.25,Call CEX 4,CEX,397536.883,9482.312804921165,9629.277244494637
2026-10-08 08:05:40,7650.0,7699.25,Put GEX 2,GEX,-203060.206,9482.312804921165,9629.277244494637
2026-10-08 08:05:40,7650.0,7699.25,Call VEX 4,VEX,539259.199,9482.312804921165,9629.277244494637
2026-10-08 08:05:40,7700.0,7749.5,Call CEX 1,CEX,434530.359,9482.312804921165,9629.277244494637
2026-10-08 08:05:40,7700.0,7749.5,Call DEX 1,DEX,81.03,9482.312804921165,9629.277244494637
2026-10-08 08:05:40,7700.0,7749.5,Put GEX 5,GEX,-107930.447,9482.312804921165,9629.277244494637
2026-10-08 08:05:40,7700.0,7749.5,Call VEX 1,VEX,728762.211,9482.312804921165,9629.277244494637
2026-10-08 08:05:40,7750.0,7800.0,Call DEX 3,DEX,66.272,9482.312804921165,9629.277244494637
2026-10-08 08:05:40,7800.0,7850.25,Put CEX 2,CEX,-417134.932,9482.312804921165,9629.277244494637
2026-10-08 08:05:40,7800.0,7850.25,Call GEX 1,GEX,374167.94,9482.312804921165,9629.277244494637
2026-10-08 08:05:40,7825.0,7875.5,Call DEX 5,DEX,36.991,9482.312804921165,9629.277244494637
2026-10-08 08:05:40,7825.0,7875.5,Call GEX 3,GEX,360551.098,9482.312804921165,9629.277244494637
2026-10-08 08:05:40,7850.0,7900.5,Put CEX 4,CEX,-367164.391,9482.312804921165,9629.277244494637
2026-10-08 08:05:40,7850.0,7900.5,Call GEX 2,GEX,366985.706,9482.312804921165,9629.277244494637
2026-10-08 08:05:40,7850.0,7900.5,Put VEX 3,VEX,-335411.184,9482.312804921165,9629.277244494637
2026-10-08 08:05:40,7870.0,7920.75,Put CEX 5,CEX,-225833.09,9482.312804921165,9629.277244494637
2026-10-08 08:05:40,7870.0,7920.75,Call GEX 5,GEX,253507.156,9482.312804921165,9629.277244494637
2026-10-08 08:05:40,7870.0,7920.75,Put VEX 5,VEX,-212827.41,9482.312804921165,9629.277244494637
2026-10-08 08:05:40,7900.0,7950.75,Put CEX 3,CEX,-390277.416,9482.312804921165,9629.277244494637
2026-10-08 08:05:40,7900.0,7950.75,Call GEX 4,GEX,331291.896,9482.312804921165,9629.277244494637
2026-10-08 08:05:40,7900.0,7950.75,Put VEX 2,VEX,-419790.481,9482.312804921165,9629.277244494637
2026-10-08 08:05:40,7950.0,8001.25,Put VEX 4,VEX,-241914.535,9482.312804921165,9629.277244494637
2026-10-08 08:05:40,8000.0,8051.5,Put CEX 1,CEX,-3288489.269,9482.312804921165,9629.277244494637
2026-10-08 08:05:40,8000.0,8051.5,Put DEX 1,DEX,-1340.056,9482.312804921165,9629.277244494637
2026-10-08 08:05:40,8000.0,8051.5,Put GEX 1,GEX,-487177.801,9482.312804921165,9629.277244494637
2026-10-08 08:05:40,8000.0,8051.5,Put VEX 1,VEX,-4148367.837,9482.312804921165,9629.277244494637
2026-10-08 08:05:40,8250.0,8303.0,Put DEX 2,DEX,-25.343,9482.312804921165,9629.277244494637
2026-10-08 08:06:29,7000.0,7045.25,Call CEX 2,CEX,425315.809,8003.632735540513,9275.063516381042
2026-10-08 08:06:29,7000.0,7045.25,Put DEX 4,DEX,-11.338,8003.632735540513,9275.063516381042
2026-10-08 08:06:29,7000.0,7045.25,Call VEX 2,VEX,605124.006,8003.632735540513,9275.063516381042
2026-10-08 08:06:29,7400.0,7447.75,Put DEX 5,DEX,-5.924,8003.632735540513,9275.063516381042
2026-10-08 08:06:29,7500.0,7548.5,Call CEX 5,CEX,317320.63,8003.632735540513,9275.063516381042
2026-10-08 08:06:29,7500.0,7548.5,Put DEX 3,DEX,-17.882,8003.632735540513,9275.063516381042
2026-10-08 08:06:29,7500.0,7548.5,Put GEX 3,GEX,-157804.449,8003.632735540513,9275.063516381042
2026-10-08 08:06:29,7500.0,7548.5,Call VEX 5,VEX,462682.446,8003.632735540513,9275.063516381042
2026-10-08 08:06:29,7600.0,7649.0,Call CEX 3,CEX,409619.73,8003.632735540513,9275.063516381042
2026-10-08 08:06:29,7600.0,7649.0,Call DEX 2,DEX,77.21,8003.632735540513,9275.063516381042
2026-10-08 08:06:29,7600.0,7649.0,Put GEX 4,GEX,-141451.501,8003.632735540513,9275.063516381042
2026-10-08 08:06:29,7600.0,7649.0,Call VEX 3,VEX,596249.35,8003.632735540513,9275.063516381042
2026-10-08 08:06:29,7630.0,7679.25,Call DEX 4,DEX,45.081,8003.632735540513,9275.063516381042
2026-10-08 08:06:29,7650.0,7699.5,Call CEX 4,CEX,396297.548,8003.632735540513,9275.063516381042
2026-10-08 08:06:29,7650.0,7699.5,Put GEX 2,GEX,-202758.437,8003.632735540513,9275.063516381042
2026-10-08 08:06:29,7650.0,7699.5,Call VEX 4,VEX,537899.935,8003.632735540513,9275.063516381042
2026-10-08 08:06:29,7700.0,7749.75,Call CEX 1,CEX,436809.322,8003.632735540513,9275.063516381042
2026-10-08 08:06:29,7700.0,7749.75,Call DEX 1,DEX,81.692,8003.632735540513,9275.063516381042
2026-10-08 08:06:29,7700.0,7749.75,Put GEX 5,GEX,-107827.258,8003.632735540513,9275.063516381042
2026-10-08 08:06:29,7700.0,7749.75,Call VEX 1,VEX,731314.237,8003.632735540513,9275.063516381042
2026-10-08 08:06:29,7750.0,7800.0,Call DEX 3,DEX,67.045,8003.632735540513,9275.063516381042
2026-10-08 08:06:29,7800.0,7850.5,Put CEX 2,CEX,-409734.325,8003.632735540513,9275.063516381042
2026-10-08 08:06:29,7800.0,7850.5,Call GEX 1,GEX,369499.669,8003.632735540513,9275.063516381042
2026-10-08 08:06:29,7825.0,7875.5,Call DEX 5,DEX,37.338,8003.632735540513,9275.063516381042
2026-10-08 08:06:29,7825.0,7875.5,Call GEX 3,GEX,361007.774,8003.632735540513,9275.063516381042
2026-10-08 08:06:29,7850.0,7900.75,Put CEX 4,CEX,-366242.931,8003.632735540513,9275.063516381042
2026-10-08 08:06:29,7850.0,7900.75,Call GEX 2,GEX,367962.941,8003.632735540513,9275.063516381042
2026-10-08 08:06:29,7850.0,7900.75,Put VEX 3,VEX,-333681.986,8003.632735540513,9275.063516381042
2026-10-08 08:06:29,7870.0,7920.75,Put CEX 5,CEX,-225672.038,8003.632735540513,9275.063516381042
2026-10-08 08:06:29,7870.0,7920.75,Call GEX 5,GEX,254669.923,8003.632735540513,9275.063516381042
2026-10-08 08:06:29,7870.0,7920.75,Put VEX 5,VEX,-212354.557,8003.632735540513,9275.063516381042
2026-10-08 08:06:29,7900.0,7951.0,Put CEX 3,CEX,-391502.738,8003.632735540513,9275.063516381042
2026-10-08 08:06:29,7900.0,7951.0,Call GEX 4,GEX,333554.211,8003.632735540513,9275.063516381042
2026-10-08 08:06:29,7900.0,7951.0,Put VEX 2,VEX,-420506.159,8003.632735540513,9275.063516381042
2026-10-08 08:06:29,7950.0,8001.25,Put VEX 4,VEX,-242589.205,8003.632735540513,9275.063516381042
2026-10-08 08:06:29,8000.0,8051.75,Put CEX 1,CEX,-3294789.463,8003.632735540513,9275.063516381042
2026-10-08 08:06:29,8000.0,8051.75,Put DEX 1,DEX,-1339.428,8003.632735540513,9275.063516381042
2026-10-08 08:06:29,8000.0,8051.75,Put GEX 1,GEX,-489573.74,8003.632735540513,9275.063516381042
2026-10-08 08:06:29,8000.0,8051.75,Put VEX 1,VEX,-4155254.301,8003.632735540513,9275.063516381042
2026-10-08 08:06:29,8250.0,8303.25,Put DEX 2,DEX,-25.39,8003.632735540513,9275.063516381042
2026-10-08 08:07:19,7000.0,7045.25,Call CEX 2,CEX,416340.193,8003.64866409013,9269.017428113795
2026-10-08 08:07:19,7000.0,7045.25,Put DEX 4,DEX,-11.016,8003.64866409013,9269.017428113795
2026-10-08 08:07:19,7000.0,7045.25,Call VEX 2,VEX,592433.368,8003.64866409013,9269.017428113795
2026-10-08 08:07:19,7400.0,7448.0,Put DEX 5,DEX,-5.869,8003.64866409013,9269.017428113795
2026-10-08 08:07:19,7500.0,7548.5,Call CEX 5,CEX,315746.25,8003.64866409013,9269.017428113795
2026-10-08 08:07:19,7500.0,7548.5,Put DEX 3,DEX,-17.693,8003.64866409013,9269.017428113795
2026-10-08 08:07:19,7500.0,7548.5,Put GEX 3,GEX,-156507.394,8003.64866409013,9269.017428113795
2026-10-08 08:07:19,7500.0,7548.5,Call VEX 5,VEX,460325.595,8003.64866409013,9269.017428113795
2026-10-08 08:07:19,7600.0,7649.25,Call CEX 3,CEX,405145.253,8003.64866409013,9269.017428113795
2026-10-08 08:07:19,7600.0,7649.25,Call DEX 2,DEX,78.011,8003.64866409013,9269.017428113795
2026-10-08 08:07:19,7600.0,7649.25,Put GEX 4,GEX,-143252.081,8003.64866409013,9269.017428113795
2026-10-08 08:07:19,7600.0,7649.25,Call VEX 3,VEX,589370.501,8003.64866409013,9269.017428113795
2026-10-08 08:07:19,7630.0,7679.5,Call DEX 4,DEX,45.462,8003.64866409013,9269.017428113795
2026-10-08 08:07:19,7650.0,7699.5,Call CEX 4,CEX,395542.152,8003.64866409013,9269.017428113795
2026-10-08 08:07:19,7650.0,7699.5,Put GEX 2,GEX,-201824.921,8003.64866409013,9269.017428113795
2026-10-08 08:07:19,7650.0,7699.5,Call VEX 4,VEX,536694.629,8003.64866409013,9269.017428113795
2026-10-08 08:07:19,7700.0,7749.75,Call CEX 1,CEX,440156.388,8003.64866409013,9269.017428113795
2026-10-08 08:07:19,7700.0,7749.75,Call DEX 1,DEX,83.003,8003.64866409013,9269.017428113795
2026-10-08 08:07:19,7700.0,7749.75,Put GEX 5,GEX,-106435.428,8003.64866409013,9269.017428113795
2026-10-08 08:07:19,7700.0,7749.75,Call VEX 1,VEX,735445.369,8003.64866409013,9269.017428113795
2026-10-08 08:07:19,7750.0,7800.25,Call DEX 3,DEX,68.432,8003.64866409013,9269.017428113795
2026-10-08 08:07:19,7800.0,7850.5,Put CEX 2,CEX,-399079.692,8003.64866409013,9269.017428113795
2026-10-08 08:07:19,7800.0,7850.5,Call GEX 1,GEX,377656.151,8003.64866409013,9269.017428113795
2026-10-08 08:07:19,7825.0,7875.75,Call DEX 5,DEX,37.738,8003.64866409013,9269.017428113795
2026-10-08 08:07:19,7825.0,7875.75,Call GEX 3,GEX,364471.362,8003.64866409013,9269.017428113795
2026-10-08 08:07:19,7850.0,7900.75,Put CEX 4,CEX,-364937.376,8003.64866409013,9269.017428113795
2026-10-08 08:07:19,7850.0,7900.75,Call GEX 2,GEX,371790.403,8003.64866409013,9269.017428113795
2026-10-08 08:07:19,7850.0,7900.75,Put VEX 3,VEX,-331171.095,8003.64866409013,9269.017428113795
2026-10-08 08:07:19,7870.0,7921.0,Put CEX 5,CEX,-225802.13,8003.64866409013,9269.017428113795
2026-10-08 08:07:19,7870.0,7921.0,Call GEX 5,GEX,257118.758,8003.64866409013,9269.017428113795
2026-10-08 08:07:19,7870.0,7921.0,Put VEX 5,VEX,-212009.135,8003.64866409013,9269.017428113795
2026-10-08 08:07:19,7900.0,7951.25,Put CEX 3,CEX,-392245.568,8003.64866409013,9269.017428113795
2026-10-08 08:07:19,7900.0,7951.25,Call GEX 4,GEX,336585.608,8003.64866409013,9269.017428113795
2026-10-08 08:07:19,7900.0,7951.25,Put VEX 2,VEX,-420722.3,8003.64866409013,9269.017428113795
2026-10-08 08:07:19,7950.0,8001.5,Put VEX 4,VEX,-244215.824,8003.64866409013,9269.017428113795
2026-10-08 08:07:19,8000.0,8051.75,Put CEX 1,CEX,-3314690.262,8003.64866409013,9269.017428113795
2026-10-08 08:07:19,8000.0,8051.75,Put DEX 1,DEX,-1336.488,8003.64866409013,9269.017428113795
2026-10-08 08:07:19,8000.0,8051.75,Put GEX 1,GEX,-499365.687,8003.64866409013,9269.017428113795
2026-10-08 08:07:19,8000.0,8051.75,Put VEX 1,VEX,-4178861.994,8003.64866409013,9269.017428113795
2026-10-08 08:07:19,8250.0,8303.5,Put DEX 2,DEX,-25.324,8003.64866409013,9269.017428113795
2026-10-08 08:08:08,7000.0,7045.25,Call CEX 1,CEX,649547.185,8003.629969994716,9273.55436428211
2026-10-08 08:08:08,7000.0,7045.25,Call DEX 1,DEX,1538.497,8003.629969994716,9273.55436428211
2026-10-08 08:08:08,7000.0,7045.25,Call VEX 1,VEX,926837.868,8003.629969994716,9273.55436428211
2026-10-08 08:08:08,7400.0,7447.75,Put DEX 4,DEX,-5.919,8003.629969994716,9273.55436428211
2026-10-08 08:08:08,7500.0,7548.5,Call CEX 5,CEX,317183.004,8003.629969994716,9273.55436428211
2026-10-08 08:08:08,7500.0,7548.5,Put DEX 3,DEX,-17.865,8003.629969994716,9273.55436428211
2026-10-08 08:08:08,7500.0,7548.5,Put GEX 3,GEX,-157571.572,8003.629969994716,9273.55436428211
2026-10-08 08:08:08,7500.0,7548.5,Call VEX 5,VEX,462451.537,8003.629969994716,9273.55436428211
2026-10-08 08:08:08,7600.0,7649.0,Call CEX 3,CEX,408103.957,8003.629969994716,9273.55436428211
2026-10-08 08:08:08,7600.0,7649.0,Call DEX 3,DEX,77.454,8003.629969994716,9273.55436428211
2026-10-08 08:08:08,7600.0,7649.0,Put GEX 4,GEX,-142019.428,8003.629969994716,9273.55436428211
2026-10-08 08:08:08,7600.0,7649.0,Call VEX 3,VEX,593972.757,8003.629969994716,9273.55436428211
2026-10-08 08:08:08,7630.0,7679.25,Call DEX 5,DEX,45.147,8003.629969994716,9273.55436428211
2026-10-08 08:08:08,7650.0,7699.5,Call CEX 4,CEX,396909.093,8003.629969994716,9273.55436428211
2026-10-08 08:08:08,7650.0,7699.5,Put GEX 2,GEX,-201392.136,8003.629969994716,9273.55436428211
2026-10-08 08:08:08,7650.0,7699.5,Call VEX 4,VEX,538520.323,8003.629969994716,9273.55436428211
2026-10-08 08:08:08,7700.0,7749.75,Call CEX 2,CEX,437498.104,8003.629969994716,9273.55436428211
2026-10-08 08:08:08,7700.0,7749.75,Call DEX 2,DEX,81.76,8003.629969994716,9273.55436428211
2026-10-08 08:08:08,7700.0,7749.75,Put GEX 5,GEX,-108933.986,8003.629969994716,9273.55436428211
2026-10-08 08:08:08,7700.0,7749.75,Call VEX 2,VEX,731677.26,8003.629969994716,9273.55436428211
2026-10-08 08:08:08,7750.0,7800.0,Call DEX 4,DEX,67.432,8003.629969994716,9273.55436428211
2026-10-08 08:08:08,7800.0,7850.25,Put CEX 2,CEX,-406044.533,8003.629969994716,9273.55436428211
2026-10-08 08:08:08,7800.0,7850.25,Call GEX 2,GEX,368107.431,8003.629969994716,9273.55436428211
2026-10-08 08:08:08,7825.0,7875.5,Call GEX 3,GEX,360635.533,8003.629969994716,9273.55436428211
2026-10-08 08:08:08,7850.0,7900.75,Put CEX 4,CEX,-365422.402,8003.629969994716,9273.55436428211
2026-10-08 08:08:08,7850.0,7900.75,Call GEX 1,GEX,368232.998,8003.629969994716,9273.55436428211
2026-10-08 08:08:08,7850.0,7900.75,Put VEX 3,VEX,-332468.333,8003.629969994716,9273.55436428211
2026-10-08 08:08:08,7870.0,7920.75,Put CEX 5,CEX,-225595.439,8003.629969994716,9273.55436428211
2026-10-08 08:08:08,7870.0,7920.75,Call GEX 5,GEX,255253.507,8003.629969994716,9273.55436428211
2026-10-08 08:08:08,7870.0,7920.75,Put VEX 5,VEX,-212092.06,8003.629969994716,9273.55436428211
2026-10-08 08:08:08,7900.0,7951.0,Put CEX 3,CEX,-392109.275,8003.629969994716,9273.55436428211
2026-10-08 08:08:08,7900.0,7951.0,Call GEX 4,GEX,334738.422,8003.629969994716,9273.55436428211
2026-10-08 08:08:08,7900.0,7951.0,Put VEX 2,VEX,-420858.079,8003.629969994716,9273.55436428211
2026-10-08 08:08:08,7950.0,8001.25,Put VEX 4,VEX,-244197.533,8003.629969994716,9273.55436428211
2026-10-08 08:08:08,8000.0,8051.75,Put CEX 1,CEX,-3303071.99,8003.629969994716,9273.55436428211
2026-10-08 08:08:08,8000.0,8051.75,Put DEX 1,DEX,-1338.228,8003.629969994716,9273.55436428211
2026-10-08 08:08:08,8000.0,8051.75,Put GEX 1,GEX,-493370.771,8003.629969994716,9273.55436428211
2026-10-08 08:08:08,8000.0,8051.75,Put VEX 1,VEX,-4164776.013,8003.629969994716,9273.55436428211
2026-10-08 08:08:08,8100.0,8152.25,Put DEX 5,DEX,-5.153,8003.629969994716,9273.55436428211
2026-10-08 08:08:08,8250.0,8303.25,Put DEX 2,DEX,-25.419,8003.629969994716,9273.55436428211
2026-10-08 08:08:57,7000.0,7044.75,Call CEX 2,CEX,424957.444,8003.612245615898,9273.438169713016
2026-10-08 08:08:57,7000.0,7044.75,Put DEX 4,DEX,-11.328,8003.612245615898,9273.438169713016
2026-10-08 08:08:57,7000.0,7044.75,Call VEX 2,VEX,604679.728,8003.612245615898,9273.438169713016
2026-10-08 08:08:57,7400.0,7447.5,Put DEX 5,DEX,-5.885,8003.612245615898,9273.438169713016
2026-10-08 08:08:57,7500.0,7548.0,Call CEX 5,CEX,317166.055,8003.612245615898,9273.438169713016
2026-10-08 08:08:57,7500.0,7548.0,Put DEX 3,DEX,-17.859,8003.612245615898,9273.438169713016
2026-10-08 08:08:57,7500.0,7548.0,Put GEX 3,GEX,-157466.056,8003.612245615898,9273.438169713016
2026-10-08 08:08:57,7500.0,7548.0,Call VEX 5,VEX,462383.161,8003.612245615898,9273.438169713016
2026-10-08 08:08:57,7600.0,7648.75,Call CEX 3,CEX,406060.46,8003.612245615898,9273.438169713016
2026-10-08 08:08:57,7600.0,7648.75,Call DEX 2,DEX,77.863,8003.612245615898,9273.438169713016
2026-10-08 08:08:57,7600.0,7648.75,Put GEX 4,GEX,-143654.249,8003.612245615898,9273.438169713016
2026-10-08 08:08:57,7600.0,7648.75,Call VEX 3,VEX,590486.394,8003.612245615898,9273.438169713016
2026-10-08 08:08:57,7630.0,7678.75,Call DEX 4,DEX,45.377,8003.612245615898,9273.438169713016
2026-10-08 08:08:57,7650.0,7699.0,Call CEX 4,CEX,396436.276,8003.612245615898,9273.438169713016
2026-10-08 08:08:57,7650.0,7699.0,Put GEX 2,GEX,-201775.114,8003.612245615898,9273.438169713016
2026-10-08 08:08:57,7650.0,7699.0,Call VEX 4,VEX,537762.305,8003.612245615898,9273.438169713016
2026-10-08 08:08:57,7700.0,7749.25,Call CEX 1,CEX,438529.462,8003.612245615898,9273.438169713016
2026-10-08 08:08:57,7700.0,7749.25,Call DEX 1,DEX,82.399,8003.612245615898,9273.438169713016
2026-10-08 08:08:57,7700.0,7749.25,Put GEX 5,GEX,-107285.929,8003.612245615898,9273.438169713016
2026-10-08 08:08:57,7700.0,7749.25,Call VEX 1,VEX,733425.569,8003.612245615898,9273.438169713016
2026-10-08 08:08:57,7750.0,7799.75,Call DEX 3,DEX,67.737,8003.612245615898,9273.438169713016
2026-10-08 08:08:57,7800.0,7850.0,Put CEX 2,CEX,-404422.936,8003.612245615898,9273.438169713016
2026-10-08 08:08:57,7800.0,7850.0,Call GEX 1,GEX,375113.277,8003.612245615898,9273.438169713016
2026-10-08 08:08:57,7825.0,7875.0,Call DEX 5,DEX,37.55,8003.612245615898,9273.438169713016
2026-10-08 08:08:57,7825.0,7875.0,Call GEX 3,GEX,362574.607,8003.612245615898,9273.438169713016
2026-10-08 08:08:57,7850.0,7900.25,Put CEX 4,CEX,-365414.179,8003.612245615898,9273.438169713016
2026-10-08 08:08:57,7850.0,7900.25,Call GEX 2,GEX,369818.672,8003.612245615898,9273.438169713016
2026-10-08 08:08:57,7850.0,7900.25,Put VEX 3,VEX,-332226.779,8003.612245615898,9273.438169713016
2026-10-08 08:08:57,7870.0,7920.5,Put CEX 5,CEX,-225787.926,8003.612245615898,9273.438169713016
2026-10-08 08:08:57,7870.0,7920.5,Call GEX 5,GEX,255859.432,8003.612245615898,9273.438169713016
2026-10-08 08:08:57,7870.0,7920.5,Put VEX 5,VEX,-212187.719,8003.612245615898,9273.438169713016
2026-10-08 08:08:57,7900.0,7950.5,Put CEX 3,CEX,-392073.395,8003.612245615898,9273.438169713016
2026-10-08 08:08:57,7900.0,7950.5,Call GEX 4,GEX,335133.126,8003.612245615898,9273.438169713016
2026-10-08 08:08:57,7900.0,7950.5,Put VEX 2,VEX,-420734.232,8003.612245615898,9273.438169713016
2026-10-08 08:08:57,7950.0,8001.0,Put VEX 4,VEX,-244163.085,8003.612245615898,9273.438169713016
2026-10-08 08:08:57,8000.0,8051.25,Put CEX 1,CEX,-3316092.762,8003.612245615898,9273.438169713016
2026-10-08 08:08:57,8000.0,8051.25,Put DEX 1,DEX,-1337.467,8003.612245615898,9273.438169713016
2026-10-08 08:08:57,8000.0,8051.25,Put GEX 1,GEX,-486397.732,8003.612245615898,9273.438169713016
2026-10-08 08:08:57,8000.0,8051.25,Put VEX 1,VEX,-4180756.519,8003.612245615898,9273.438169713016
2026-10-08 08:08:57,8250.0,8302.75,Put DEX 2,DEX,-25.342,8003.612245615898,9273.438169713016
2026-10-08 08:09:43,7000.0,7045.25,Call CEX 2,CEX,424672.281,8003.58002045775,9267.392607392609
2026-10-08 08:09:43,7000.0,7045.25,Put DEX 4,DEX,-11.316,8003.58002045775,9267.392607392609
2026-10-08 08:09:43,7000.0,7045.25,Call VEX 2,VEX,604297.739,8003.58002045775,9267.392607392609
2026-10-08 08:09:43,7400.0,7447.75,Put DEX 5,DEX,-5.829,8003.58002045775,9267.392607392609
2026-10-08 08:09:43,7500.0,7548.5,Call CEX 5,CEX,314402.303,8003.58002045775,9267.392607392609
2026-10-08 08:09:43,7500.0,7548.5,Put DEX 3,DEX,-17.521,8003.58002045775,9267.392607392609
2026-10-08 08:09:43,7500.0,7548.5,Put GEX 3,GEX,-155417.673,8003.58002045775,9267.392607392609
2026-10-08 08:09:43,7500.0,7548.5,Call VEX 5,VEX,458185.809,8003.58002045775,9267.392607392609
2026-10-08 08:09:43,7600.0,7649.0,Call CEX 3,CEX,401553.871,8003.58002045775,9267.392607392609
2026-10-08 08:09:43,7600.0,7649.0,Call DEX 2,DEX,78.29,8003.58002045775,9267.392607392609
2026-10-08 08:09:43,7600.0,7649.0,Put GEX 4,GEX,-144697.162,8003.58002045775,9267.392607392609
2026-10-08 08:09:43,7600.0,7649.0,Call VEX 3,VEX,583673.949,8003.58002045775,9267.392607392609
2026-10-08 08:09:43,7630.0,7679.25,Call DEX 4,DEX,45.618,8003.58002045775,9267.392607392609
2026-10-08 08:09:43,7650.0,7699.25,Call CEX 4,CEX,390795.744,8003.58002045775,9267.392607392609
2026-10-08 08:09:43,7650.0,7699.25,Put GEX 2,GEX,-203546.801,8003.58002045775,9267.392607392609
2026-10-08 08:09:43,7650.0,7699.25,Call VEX 4,VEX,531848.019,8003.58002045775,9267.392607392609
2026-10-08 08:09:43,7700.0,7749.75,Call CEX 1,CEX,442680.841,8003.58002045775,9267.392607392609
2026-10-08 08:09:43,7700.0,7749.75,Call DEX 1,DEX,83.625,8003.58002045775,9267.392607392609
2026-10-08 08:09:43,7700.0,7749.75,Put GEX 5,GEX,-107318.983,8003.58002045775,9267.392607392609
2026-10-08 08:09:43,7700.0,7749.75,Call VEX 1,VEX,738035.784,8003.58002045775,9267.392607392609
2026-10-08 08:09:43,7750.0,7800.0,Call DEX 3,DEX,69.321,8003.58002045775,9267.392607392609
2026-10-08 08:09:43,7800.0,7850.25,Put CEX 3,CEX,-390577.958,8003.58002045775,9267.392607392609
2026-10-08 08:09:43,7800.0,7850.25,Call GEX 2,GEX,371463.36,8003.58002045775,9267.392607392609
2026-10-08 08:09:43,7825.0,7875.5,Call DEX 5,DEX,38.172,8003.58002045775,9267.392607392609
2026-10-08 08:09:43,7825.0,7875.5,Call GEX 3,GEX,364221.235,8003.58002045775,9267.392607392609
2026-10-08 08:09:43,7850.0,7900.75,Put CEX 4,CEX,-363166.535,8003.58002045775,9267.392607392609
2026-10-08 08:09:43,7850.0,7900.75,Call GEX 1,GEX,372163.114,8003.58002045775,9267.392607392609
2026-10-08 08:09:43,7850.0,7900.75,Put VEX 3,VEX,-328481.381,8003.58002045775,9267.392607392609
2026-10-08 08:09:43,7870.0,7920.75,Put CEX 5,CEX,-225568.133,8003.58002045775,9267.392607392609
2026-10-08 08:09:43,7870.0,7920.75,Call GEX 5,GEX,258418.964,8003.58002045775,9267.392607392609
2026-10-08 08:09:43,7870.0,7920.75,Put VEX 5,VEX,-211371.936,8003.58002045775,9267.392607392609
2026-10-08 08:09:43,7900.0,7951.0,Put CEX 2,CEX,-393852.002,8003.58002045775,9267.392607392609
2026-10-08 08:09:43,7900.0,7951.0,Call GEX 4,GEX,339422.949,8003.58002045775,9267.392607392609
2026-10-08 08:09:43,7900.0,7951.0,Put VEX 2,VEX,-421581.674,8003.58002045775,9267.392607392609
2026-10-08 08:09:43,7950.0,8001.25,Put VEX 4,VEX,-245776.745,8003.58002045775,9267.392607392609
2026-10-08 08:09:43,8000.0,8051.5,Put CEX 1,CEX,-3329461.829,8003.58002045775,9267.392607392609
2026-10-08 08:09:43,8000.0,8051.5,Put DEX 1,DEX,-1337.436,8003.58002045775,9267.392607392609
2026-10-08 08:09:43,8000.0,8051.5,Put GEX 1,GEX,-477982.182,8003.58002045775,9267.392607392609
2026-10-08 08:09:43,8000.0,8051.5,Put VEX 1,VEX,-4195761.473,8003.58002045775,9267.392607392609
2026-10-08 08:09:43,8250.0,8303.25,Put DEX 2,DEX,-25.382,8003.58002045775,9267.392607392609
2026-10-08 08:10:32,7000.0,7045.25,Call CEX 2,CEX,425902.604,9450.679352997146,9655.79379562044
2026-10-08 08:10:32,7000.0,7045.25,Put DEX 4,DEX,-11.355,9450.679352997146,9655.79379562044
2026-10-08 08:10:32,7000.0,7045.25,Call VEX 2,VEX,605653.508,9450.679352997146,9655.79379562044
2026-10-08 08:10:32,7400.0,7447.75,Put DEX 5,DEX,-5.951,9450.679352997146,9655.79379562044
2026-10-08 08:10:32,7500.0,7548.5,Call CEX 5,CEX,320237.934,9450.679352997146,9655.79379562044
2026-10-08 08:10:32,7500.0,7548.5,Put DEX 3,DEX,-16.245,9450.679352997146,9655.79379562044
2026-10-08 08:10:32,7500.0,7548.5,Put GEX 3,GEX,-159046.296,9450.679352997146,9655.79379562044
2026-10-08 08:10:32,7500.0,7548.5,Call VEX 5,VEX,466833.135,9450.679352997146,9655.79379562044
2026-10-08 08:10:32,7600.0,7649.25,Call CEX 3,CEX,411172.529,9450.679352997146,9655.79379562044
2026-10-08 08:10:32,7600.0,7649.25,Call DEX 2,DEX,76.722,9450.679352997146,9655.79379562044
2026-10-08 08:10:32,7600.0,7649.25,Put GEX 4,GEX,-142869.254,9450.679352997146,9655.79379562044
2026-10-08 08:10:32,7600.0,7649.25,Call VEX 3,VEX,598640.31,9450.679352997146,9655.79379562044
2026-10-08 08:10:32,7630.0,7679.25,Call DEX 4,DEX,45.164,9450.679352997146,9655.79379562044
2026-10-08 08:10:32,7650.0,7699.5,Call CEX 4,CEX,397402.466,9450.679352997146,9655.79379562044
2026-10-08 08:10:32,7650.0,7699.5,Put GEX 2,GEX,-204386.236,9450.679352997146,9655.79379562044
2026-10-08 08:10:32,7650.0,7699.5,Call VEX 4,VEX,539289.271,9450.679352997146,9655.79379562044
2026-10-08 08:10:32,7700.0,7749.75,Call CEX 1,CEX,431419.01,9450.679352997146,9655.79379562044
2026-10-08 08:10:32,7700.0,7749.75,Call DEX 1,DEX,79.97,9450.679352997146,9655.79379562044
2026-10-08 08:10:32,7700.0,7749.75,Put GEX 5,GEX,-109118.656,9450.679352997146,9655.79379562044
2026-10-08 08:10:32,7700.0,7749.75,Call VEX 1,VEX,724914.33,9450.679352997146,9655.79379562044
2026-10-08 08:10:32,7750.0,7800.0,Call DEX 3,DEX,64.966,9450.679352997146,9655.79379562044
2026-10-08 08:10:32,7800.0,7850.5,Put CEX 2,CEX,-430019.434,9450.679352997146,9655.79379562044
2026-10-08 08:10:32,7800.0,7850.5,Call GEX 1,GEX,365876.959,9450.679352997146,9655.79379562044
2026-10-08 08:10:32,7825.0,7875.5,Call DEX 5,DEX,36.511,9450.679352997146,9655.79379562044
2026-10-08 08:10:32,7825.0,7875.5,Call GEX 3,GEX,357600.196,9450.679352997146,9655.79379562044
2026-10-08 08:10:32,7850.0,7900.75,Put CEX 4,CEX,-368812.376,9450.679352997146,9655.79379562044
2026-10-08 08:10:32,7850.0,7900.75,Call GEX 2,GEX,363044.309,9450.679352997146,9655.79379562044
2026-10-08 08:10:32,7850.0,7900.75,Put VEX 3,VEX,-338165.655,9450.679352997146,9655.79379562044
2026-10-08 08:10:32,7870.0,7921.0,Put CEX 5,CEX,-225861.442,9450.679352997146,9655.79379562044
2026-10-08 08:10:32,7870.0,7921.0,Call GEX 5,GEX,251055.291,9450.679352997146,9655.79379562044
2026-10-08 08:10:32,7870.0,7921.0,Put VEX 5,VEX,-213250.29,9450.679352997146,9655.79379562044
2026-10-08 08:10:32,7900.0,7951.0,Put CEX 3,CEX,-389238.617,9450.679352997146,9655.79379562044
2026-10-08 08:10:32,7900.0,7951.0,Call GEX 4,GEX,327755.643,9450.679352997146,9655.79379562044
2026-10-08 08:10:32,7900.0,7951.0,Put VEX 2,VEX,-419286.096,9450.679352997146,9655.79379562044
2026-10-08 08:10:32,7950.0,8001.5,Put VEX 4,VEX,-240627.205,9450.679352997146,9655.79379562044
2026-10-08 08:10:32,8000.0,8051.75,Put CEX 1,CEX,-3278449.664,9450.679352997146,9655.79379562044
2026-10-08 08:10:32,8000.0,8051.75,Put DEX 1,DEX,-1341.308,9450.679352997146,9655.79379562044
2026-10-08 08:10:32,8000.0,8051.75,Put GEX 1,GEX,-482411.073,9450.679352997146,9655.79379562044
2026-10-08 08:10:32,8000.0,8051.75,Put VEX 1,VEX,-4135503.967,9450.679352997146,9655.79379562044
2026-10-08 08:10:32,8250.0,8303.25,Put DEX 2,DEX,-25.422,9450.679352997146,9655.79379562044
2026-10-08 08:11:21,7000.0,7045.25,Call CEX 1,CEX,434461.946,9490.37196140602,9608.826025459688
2026-10-08 08:11:21,7000.0,7045.25,Put DEX 4,DEX,-11.669,9490.37196140602,9608.826025459688
2026-10-08 08:11:21,7000.0,7045.25,Call VEX 2,VEX,617830.022,9490.37196140602,9608.826025459688
2026-10-08 08:11:21,7400.0,7448.0,Put DEX 5,DEX,-5.997,9490.37196140602,9608.826025459688
2026-10-08 08:11:21,7500.0,7548.5,Call CEX 5,CEX,320899.938,9490.37196140602,9608.826025459688
2026-10-08 08:11:21,7500.0,7548.5,Put DEX 3,DEX,-16.316,9490.37196140602,9608.826025459688
2026-10-08 08:11:21,7500.0,7548.5,Put GEX 3,GEX,-159678.576,9490.37196140602,9608.826025459688
2026-10-08 08:11:21,7500.0,7548.5,Call VEX 5,VEX,467781.999,9490.37196140602,9608.826025459688
2026-10-08 08:11:21,7600.0,7649.25,Call CEX 3,CEX,412725.154,9490.37196140602,9608.826025459688
2026-10-08 08:11:21,7600.0,7649.25,Call DEX 2,DEX,76.355,9490.37196140602,9608.826025459688
2026-10-08 08:11:21,7600.0,7649.25,Put GEX 4,GEX,-143832.01,9490.37196140602,9608.826025459688
2026-10-08 08:11:21,7600.0,7649.25,Call VEX 3,VEX,600741.039,9490.37196140602,9608.826025459688
2026-10-08 08:11:21,7630.0,7679.5,Call DEX 4,DEX,45.09,9490.37196140602,9608.826025459688
2026-10-08 08:11:21,7650.0,7699.5,Call CEX 4,CEX,398500.102,9490.37196140602,9608.826025459688
2026-10-08 08:11:21,7650.0,7699.5,Put GEX 2,GEX,-205220.164,9490.37196140602,9608.826025459688
2026-10-08 08:11:21,7650.0,7699.5,Call VEX 4,VEX,540518.348,9490.37196140602,9608.826025459688
2026-10-08 08:11:21,7700.0,7749.75,Call CEX 2,CEX,428466.967,9490.37196140602,9608.826025459688
2026-10-08 08:11:21,7700.0,7749.75,Call DEX 1,DEX,79.16,9490.37196140602,9608.826025459688
2026-10-08 08:11:21,7700.0,7749.75,Put GEX 5,GEX,-108982.349,9490.37196140602,9608.826025459688
2026-10-08 08:11:21,7700.0,7749.75,Call VEX 1,VEX,721643.532,9490.37196140602,9608.826025459688
2026-10-08 08:11:21,7750.0,7800.25,Call DEX 3,DEX,63.818,9490.37196140602,9608.826025459688
2026-10-08 08:11:21,7800.0,7850.5,Put CEX 2,CEX,-440278.9,9490.37196140602,9608.826025459688
2026-10-08 08:11:21,7800.0,7850.5,Call GEX 1,GEX,367659.514,9490.37196140602,9608.826025459688
2026-10-08 08:11:21,7800.0,7850.5,Put VEX 5,VEX,-219365.455,9490.37196140602,9608.826025459688
2026-10-08 08:11:21,7825.0,7875.75,Call DEX 5,DEX,36.037,9490.37196140602,9608.826025459688
2026-10-08 08:11:21,7825.0,7875.75,Call GEX 3,GEX,356406.183,9490.37196140602,9608.826025459688
2026-10-08 08:11:21,7850.0,7900.75,Put CEX 4,CEX,-370196.24,9490.37196140602,9608.826025459688
2026-10-08 08:11:21,7850.0,7900.75,Call GEX 2,GEX,361087.778,9490.37196140602,9608.826025459688
2026-10-08 08:11:21,7850.0,7900.75,Put VEX 3,VEX,-340601.767,9490.37196140602,9608.826025459688
2026-10-08 08:11:21,7870.0,7921.0,Put CEX 5,CEX,-225894.916,9490.37196140602,9608.826025459688
2026-10-08 08:11:21,7870.0,7921.0,Call GEX 5,GEX,249113.376,9490.37196140602,9608.826025459688
2026-10-08 08:11:21,7900.0,7951.25,Put CEX 3,CEX,-387791.041,9490.37196140602,9608.826025459688
2026-10-08 08:11:21,7900.0,7951.25,Call GEX 4,GEX,324603.866,9490.37196140602,9608.826025459688
2026-10-08 08:11:21,7900.0,7951.25,Put VEX 2,VEX,-418420.937,9490.37196140602,9608.826025459688
2026-10-08 08:11:21,7950.0,8001.5,Put VEX 4,VEX,-238981.233,9490.37196140602,9608.826025459688
2026-10-08 08:11:21,8000.0,8051.75,Put CEX 1,CEX,-3270839.575,9490.37196140602,9608.826025459688
2026-10-08 08:11:21,8000.0,8051.75,Put DEX 1,DEX,-1342.042,9490.37196140602,9608.826025459688
2026-10-08 08:11:21,8000.0,8051.75,Put GEX 1,GEX,-479443.192,9490.37196140602,9608.826025459688
2026-10-08 08:11:21,8000.0,8051.75,Put VEX 1,VEX,-4126747.317,9490.37196140602,9608.826025459688
2026-10-08 08:11:21,8250.0,8303.5,Put DEX 2,DEX,-25.391,9490.37196140602,9608.826025459688
2026-10-08 08:12:10,7000.0,7045.75,Call CEX 2,CEX,425992.277,8003.565746628001,9271.876553121536
2026-10-08 08:12:10,7000.0,7045.75,Put DEX 4,DEX,-11.356,8003.565746628001,9271.876553121536
2026-10-08 08:12:10,7000.0,7045.75,Call VEX 2,VEX,605688.52,8003.565746628001,9271.876553121536
2026-10-08 08:12:10,7400.0,7448.5,Put DEX 5,DEX,-5.991,8003.565746628001,9271.876553121536
2026-10-08 08:12:10,7500.0,7549.0,Call CEX 5,CEX,321414.816,8003.565746628001,9271.876553121536
2026-10-08 08:12:10,7500.0,7549.0,Put DEX 3,DEX,-16.379,8003.565746628001,9271.876553121536
2026-10-08 08:12:10,7500.0,7549.0,Put GEX 3,GEX,-159643.278,8003.565746628001,9271.876553121536
2026-10-08 08:12:10,7500.0,7549.0,Call VEX 5,VEX,468514.468,8003.565746628001,9271.876553121536
2026-10-08 08:12:10,7600.0,7649.75,Call CEX 3,CEX,413456.095,8003.565746628001,9271.876553121536
2026-10-08 08:12:10,7600.0,7649.75,Call DEX 2,DEX,76.349,8003.565746628001,9271.876553121536
2026-10-08 08:12:10,7600.0,7649.75,Put GEX 4,GEX,-141536.836,8003.565746628001,9271.876553121536
2026-10-08 08:12:10,7600.0,7649.75,Call VEX 3,VEX,601927.837,8003.565746628001,9271.876553121536
2026-10-08 08:12:10,7630.0,7680.0,Call DEX 4,DEX,44.991,8003.565746628001,9271.876553121536
2026-10-08 08:12:10,7650.0,7700.0,Call CEX 4,CEX,399400.079,8003.565746628001,9271.876553121536
2026-10-08 08:12:10,7650.0,7700.0,Put GEX 2,GEX,-203811.186,8003.565746628001,9271.876553121536
2026-10-08 08:12:10,7650.0,7700.0,Call VEX 4,VEX,540996.072,8003.565746628001,9271.876553121536
2026-10-08 08:12:10,7700.0,7750.5,Call CEX 1,CEX,431127.739,8003.565746628001,9271.876553121536
2026-10-08 08:12:10,7700.0,7750.5,Call DEX 1,DEX,79.696,8003.565746628001,9271.876553121536
2026-10-08 08:12:10,7700.0,7750.5,Put GEX 5,GEX,-109921.721,8003.565746628001,9271.876553121536
2026-10-08 08:12:10,7700.0,7750.5,Call VEX 1,VEX,724347.72,8003.565746628001,9271.876553121536
2026-10-08 08:12:10,7750.0,7800.75,Call DEX 3,DEX,64.685,8003.565746628001,9271.876553121536
2026-10-08 08:12:10,7800.0,7851.0,Put CEX 2,CEX,-430246.612,8003.565746628001,9271.876553121536
2026-10-08 08:12:10,7800.0,7851.0,Call GEX 2,GEX,361641.355,8003.565746628001,9271.876553121536
2026-10-08 08:12:10,7825.0,7876.25,Call DEX 5,DEX,36.542,8003.565746628001,9271.876553121536
2026-10-08 08:12:10,7825.0,7876.25,Call GEX 3,GEX,355904.443,8003.565746628001,9271.876553121536
2026-10-08 08:12:10,7850.0,7901.25,Put CEX 4,CEX,-368678.852,8003.565746628001,9271.876553121536
2026-10-08 08:12:10,7850.0,7901.25,Call GEX 1,GEX,362025.175,8003.565746628001,9271.876553121536
2026-10-08 08:12:10,7850.0,7901.25,Put VEX 3,VEX,-338117.441,8003.565746628001,9271.876553121536
2026-10-08 08:12:10,7870.0,7921.5,Put CEX 5,CEX,-225674.024,8003.565746628001,9271.876553121536
2026-10-08 08:12:10,7870.0,7921.5,Call GEX 5,GEX,250514.527,8003.565746628001,9271.876553121536
2026-10-08 08:12:10,7870.0,7921.5,Put VEX 5,VEX,-213076.632,8003.565746628001,9271.876553121536
2026-10-08 08:12:10,7900.0,7951.75,Put CEX 3,CEX,-389362.144,8003.565746628001,9271.876553121536
2026-10-08 08:12:10,7900.0,7951.75,Call GEX 4,GEX,327507.637,8003.565746628001,9271.876553121536
2026-10-08 08:12:10,7900.0,7951.75,Put VEX 2,VEX,-419387.4,8003.565746628001,9271.876553121536
2026-10-08 08:12:10,7950.0,8002.0,Put VEX 4,VEX,-240570.636,8003.565746628001,9271.876553121536
2026-10-08 08:12:10,8000.0,8052.25,Put CEX 1,CEX,-3242078.974,8003.565746628001,9271.876553121536
2026-10-08 08:12:10,8000.0,8052.25,Put DEX 1,DEX,-1347.69,8003.565746628001,9271.876553121536
2026-10-08 08:12:10,8000.0,8052.25,Put GEX 1,GEX,-460593.287,8003.565746628001,9271.876553121536
2026-10-08 08:12:10,8000.0,8052.25,Put VEX 1,VEX,-4089043.233,8003.565746628001,9271.876553121536
2026-10-08 08:12:10,8250.0,8304.0,Put DEX 2,DEX,-25.466,8003.565746628001,9271.876553121536
2026-10-08 08:12:59,7000.0,7045.5,Call CEX 2,CEX,425861.853,9490.915932057622,9606.063459184634
2026-10-08 08:12:59,7000.0,7045.5,Put DEX 4,DEX,-11.35,9490.915932057622,9606.063459184634
2026-10-08 08:12:59,7000.0,7045.5,Call VEX 2,VEX,605493.262,9490.915932057622,9606.063459184634
2026-10-08 08:12:59,7400.0,7448.0,Put DEX 5,DEX,-5.982,9490.915932057622,9606.063459184634
2026-10-08 08:12:59,7500.0,7548.75,Call CEX 5,CEX,319076.5,9490.915932057622,9606.063459184634
2026-10-08 08:12:59,7500.0,7548.75,Put DEX 3,DEX,-16.099,9490.915932057622,9606.063459184634
2026-10-08 08:12:59,7500.0,7548.75,Put GEX 3,GEX,-158199.83,9490.915932057622,9606.063459184634
2026-10-08 08:12:59,7500.0,7548.75,Call VEX 5,VEX,464986.496,9490.915932057622,9606.063459184634
2026-10-08 08:12:59,7600.0,7649.5,Call CEX 3,CEX,413312.357,9490.915932057622,9606.063459184634
2026-10-08 08:12:59,7600.0,7649.5,Call DEX 2,DEX,76.431,9490.915932057622,9606.063459184634
2026-10-08 08:12:59,7600.0,7649.5,Put GEX 4,GEX,-140640.782,9490.915932057622,9606.063459184634
2026-10-08 08:12:59,7600.0,7649.5,Call VEX 3,VEX,601700.369,9490.915932057622,9606.063459184634
2026-10-08 08:12:59,7630.0,7679.5,Call DEX 4,DEX,45.014,9490.915932057622,9606.063459184634
2026-10-08 08:12:59,7650.0,7699.75,Call CEX 4,CEX,398812.424,9490.915932057622,9606.063459184634
2026-10-08 08:12:59,7650.0,7699.75,Put GEX 2,GEX,-202864.132,9490.915932057622,9606.063459184634
2026-10-08 08:12:59,7650.0,7699.75,Call VEX 4,VEX,540575.785,9490.915932057622,9606.063459184634
2026-10-08 08:12:59,7700.0,7750.0,Call CEX 1,CEX,432487.606,9490.915932057622,9606.063459184634
2026-10-08 08:12:59,7700.0,7750.0,Call DEX 1,DEX,80.022,9490.915932057622,9606.063459184634
2026-10-08 08:12:59,7700.0,7750.0,Put GEX 5,GEX,-110358.652,9490.915932057622,9606.063459184634
2026-10-08 08:12:59,7700.0,7750.0,Call VEX 1,VEX,725366.056,9490.915932057622,9606.063459184634
2026-10-08 08:12:59,7750.0,7800.5,Call DEX 3,DEX,65.401,9490.915932057622,9606.063459184634
2026-10-08 08:12:59,7800.0,7850.75,Put CEX 2,CEX,-422517.763,9490.915932057622,9606.063459184634
2026-10-08 08:12:59,7800.0,7850.75,Call GEX 2,GEX,361492.222,9490.915932057622,9606.063459184634
2026-10-08 08:12:59,7825.0,7875.75,Call DEX 5,DEX,36.879,9490.915932057622,9606.063459184634
2026-10-08 08:12:59,7825.0,7875.75,Call GEX 3,GEX,356635.69,9490.915932057622,9606.063459184634
2026-10-08 08:12:59,7850.0,7901.0,Put CEX 4,CEX,-367297.422,9490.915932057622,9606.063459184634
2026-10-08 08:12:59,7850.0,7901.0,Call GEX 1,GEX,363198.12,9490.915932057622,9606.063459184634
2026-10-08 08:12:59,7850.0,7901.0,Put VEX 3,VEX,-335979.783,9490.915932057622,9606.063459184634
2026-10-08 08:12:59,7870.0,7921.25,Put CEX 5,CEX,-225699.966,9490.915932057622,9606.063459184634
2026-10-08 08:12:59,7870.0,7921.25,Call GEX 5,GEX,251905.397,9490.915932057622,9606.063459184634
2026-10-08 08:12:59,7870.0,7921.25,Put VEX 5,VEX,-212797.975,9490.915932057622,9606.063459184634
2026-10-08 08:12:59,7900.0,7951.25,Put CEX 3,CEX,-390432.673,9490.915932057622,9606.063459184634
2026-10-08 08:12:59,7900.0,7951.25,Call GEX 4,GEX,329717.488,9490.915932057622,9606.063459184634
2026-10-08 08:12:59,7900.0,7951.25,Put VEX 2,VEX,-419976.892,9490.915932057622,9606.063459184634
2026-10-08 08:12:59,7950.0,8001.75,Put VEX 4,VEX,-241957.572,9490.915932057622,9606.063459184634
2026-10-08 08:12:59,8000.0,8052.0,Put CEX 1,CEX,-3243527.961,9490.915932057622,9606.063459184634
2026-10-08 08:12:59,8000.0,8052.0,Put DEX 1,DEX,-1347.928,9490.915932057622,9606.063459184634
2026-10-08 08:12:59,8000.0,8052.0,Put GEX 1,GEX,-460043.411,9490.915932057622,9606.063459184634
2026-10-08 08:12:59,8000.0,8052.0,Put VEX 1,VEX,-4089820.822,9490.915932057622,9606.063459184634
2026-10-08 08:12:59,8250.0,8303.75,Put DEX 2,DEX,-25.452,9490.915932057622,9606.063459184634
2026-10-08 08:13:46,7000.0,7045.0,Call CEX 2,CEX,425877.377,9486.359456783135,9618.508755413292
2026-10-08 08:13:46,7000.0,7045.0,Put DEX 4,DEX,-11.349,9486.359456783135,9618.508755413292
2026-10-08 08:13:46,7000.0,7045.0,Call VEX 2,VEX,605476.441,9486.359456783135,9618.508755413292
2026-10-08 08:13:46,7400.0,7447.5,Put DEX 5,DEX,-5.982,9486.359456783135,9618.508755413292
2026-10-08 08:13:46,7500.0,7548.25,Call CEX 5,CEX,319135.061,9486.359456783135,9618.508755413292
2026-10-08 08:13:46,7500.0,7548.25,Put DEX 3,DEX,-18.072,9486.359456783135,9618.508755413292
2026-10-08 08:13:46,7500.0,7548.25,Put GEX 3,GEX,-159185.731,9486.359456783135,9618.508755413292
2026-10-08 08:13:46,7500.0,7548.25,Call VEX 5,VEX,465038.124,9486.359456783135,9618.508755413292
2026-10-08 08:13:46,7600.0,7648.75,Call CEX 3,CEX,406827.632,9486.359456783135,9618.508755413292
2026-10-08 08:13:46,7600.0,7648.75,Call DEX 2,DEX,77.471,9486.359456783135,9618.508755413292
2026-10-08 08:13:46,7600.0,7648.75,Put GEX 4,GEX,-146210.272,9486.359456783135,9618.508755413292
2026-10-08 08:13:46,7600.0,7648.75,Call VEX 3,VEX,591448.948,9486.359456783135,9618.508755413292
2026-10-08 08:13:46,7630.0,7679.0,Call DEX 4,DEX,45.293,9486.359456783135,9618.508755413292
2026-10-08 08:13:46,7650.0,7699.25,Call CEX 4,CEX,398339.67,9486.359456783135,9618.508755413292
2026-10-08 08:13:46,7650.0,7699.25,Put GEX 2,GEX,-203339.042,9486.359456783135,9618.508755413292
2026-10-08 08:13:46,7650.0,7699.25,Call VEX 4,VEX,539740.125,9486.359456783135,9618.508755413292
2026-10-08 08:13:46,7700.0,7749.5,Call CEX 1,CEX,433348.589,9486.359456783135,9618.508755413292
2026-10-08 08:13:46,7700.0,7749.5,Call DEX 1,DEX,80.677,9486.359456783135,9618.508755413292
2026-10-08 08:13:46,7700.0,7749.5,Put GEX 5,GEX,-107546.253,9486.359456783135,9618.508755413292
2026-10-08 08:13:46,7700.0,7749.5,Call VEX 1,VEX,727049.453,9486.359456783135,9618.508755413292
2026-10-08 08:13:46,7750.0,7799.75,Call DEX 3,DEX,65.626,9486.359456783135,9618.508755413292
2026-10-08 08:13:46,7800.0,7850.25,Put CEX 2,CEX,-422399.316,9486.359456783135,9618.508755413292
2026-10-08 08:13:46,7800.0,7850.25,Call GEX 1,GEX,371580.643,9486.359456783135,9618.508755413292
2026-10-08 08:13:46,7825.0,7875.25,Call DEX 5,DEX,36.802,9486.359456783135,9618.508755413292
2026-10-08 08:13:46,7825.0,7875.25,Call GEX 3,GEX,358968.171,9486.359456783135,9618.508755413292
2026-10-08 08:13:46,7850.0,7900.5,Put CEX 4,CEX,-367660.99,9486.359456783135,9618.508755413292
2026-10-08 08:13:46,7850.0,7900.5,Call GEX 2,GEX,365109.49,9486.359456783135,9618.508755413292
2026-10-08 08:13:46,7850.0,7900.5,Put VEX 3,VEX,-336265.234,9486.359456783135,9618.508755413292
2026-10-08 08:13:46,7870.0,7920.5,Put CEX 5,CEX,-225880.27,9486.359456783135,9618.508755413292
2026-10-08 08:13:46,7870.0,7920.5,Call GEX 5,GEX,252276.269,9486.359456783135,9618.508755413292
2026-10-08 08:13:46,7870.0,7920.5,Put VEX 5,VEX,-212946.962,9486.359456783135,9618.508755413292
2026-10-08 08:13:46,7900.0,7950.75,Put CEX 3,CEX,-389811.535,9486.359456783135,9618.508755413292
2026-10-08 08:13:46,7900.0,7950.75,Call GEX 4,GEX,329580.482,9486.359456783135,9618.508755413292
2026-10-08 08:13:46,7900.0,7950.75,Put VEX 2,VEX,-419439.025,9486.359456783135,9618.508755413292
2026-10-08 08:13:46,7950.0,8001.0,Put VEX 4,VEX,-240883.481,9486.359456783135,9618.508755413292
2026-10-08 08:13:46,8000.0,8051.5,Put CEX 1,CEX,-3309184.175,9486.359456783135,9618.508755413292
2026-10-08 08:13:46,8000.0,8051.5,Put DEX 1,DEX,-1336.123,9486.359456783135,9618.508755413292
2026-10-08 08:13:46,8000.0,8051.5,Put GEX 1,GEX,-499192.468,9486.359456783135,9618.508755413292
2026-10-08 08:13:46,8000.0,8051.5,Put VEX 1,VEX,-4172624.746,9486.359456783135,9618.508755413292
2026-10-08 08:13:46,8250.0,8303.0,Put DEX 2,DEX,-25.357,9486.359456783135,9618.508755413292
2026-10-08 08:14:34,7000.0,7045.0,Call CEX 2,CEX,426397.119,9487.747384789369,9614.89482124328
2026-10-08 08:14:34,7000.0,7045.0,Put DEX 4,DEX,-11.368,9487.747384789369,9614.89482124328
2026-10-08 08:14:34,7000.0,7045.0,Call VEX 2,VEX,606071.072,9487.747384789369,9614.89482124328
2026-10-08 08:14:34,7400.0,7447.5,Put DEX 5,DEX,-6.056,9487.747384789369,9614.89482124328
2026-10-08 08:14:34,7500.0,7548.25,Call CEX 5,CEX,322333.64,9487.747384789369,9614.89482124328
2026-10-08 08:14:34,7500.0,7548.25,Put DEX 3,DEX,-16.481,9487.747384789369,9614.89482124328
2026-10-08 08:14:34,7500.0,7548.25,Put GEX 3,GEX,-160561.052,9487.747384789369,9614.89482124328
2026-10-08 08:14:34,7500.0,7548.25,Call VEX 5,VEX,469781.032,9487.747384789369,9614.89482124328
2026-10-08 08:14:34,7600.0,7648.75,Call CEX 3,CEX,409760.823,9487.747384789369,9614.89482124328
2026-10-08 08:14:34,7600.0,7648.75,Call DEX 2,DEX,76.754,9487.747384789369,9614.89482124328
2026-10-08 08:14:34,7600.0,7648.75,Put GEX 4,GEX,-147724.682,9487.747384789369,9614.89482124328
2026-10-08 08:14:34,7600.0,7648.75,Call VEX 3,VEX,595733.98,9487.747384789369,9614.89482124328
2026-10-08 08:14:34,7630.0,7679.0,Call DEX 4,DEX,45.151,9487.747384789369,9614.89482124328
2026-10-08 08:14:34,7650.0,7699.25,Call CEX 4,CEX,399138.31,9487.747384789369,9614.89482124328
2026-10-08 08:14:34,7650.0,7699.25,Put GEX 2,GEX,-206260.179,9487.747384789369,9614.89482124328
2026-10-08 08:14:34,7650.0,7699.25,Call VEX 4,VEX,540884.731,9487.747384789369,9614.89482124328
2026-10-08 08:14:34,7700.0,7749.5,Call CEX 1,CEX,427277.881,9487.747384789369,9614.89482124328
2026-10-08 08:14:34,7700.0,7749.5,Call DEX 1,DEX,78.94,9487.747384789369,9614.89482124328
2026-10-08 08:14:34,7700.0,7749.5,Put GEX 5,GEX,-106362.389,9487.747384789369,9614.89482124328
2026-10-08 08:14:34,7700.0,7749.5,Call VEX 1,VEX,720347.48,9487.747384789369,9614.89482124328
2026-10-08 08:14:34,7750.0,7799.75,Call DEX 3,DEX,63.252,9487.747384789369,9614.89482124328
2026-10-08 08:14:34,7800.0,7850.25,Put CEX 2,CEX,-443869.167,9487.747384789369,9614.89482124328
2026-10-08 08:14:34,7800.0,7850.25,Call GEX 1,GEX,375199.703,9487.747384789369,9614.89482124328
2026-10-08 08:14:34,7800.0,7850.25,Put VEX 5,VEX,-224604.758,9487.747384789369,9614.89482124328
2026-10-08 08:14:34,7825.0,7875.25,Call DEX 5,DEX,35.833,9487.747384789369,9614.89482124328
2026-10-08 08:14:34,7825.0,7875.25,Call GEX 3,GEX,356163.812,9487.747384789369,9614.89482124328
2026-10-08 08:14:34,7850.0,7900.5,Put CEX 4,CEX,-370579.259,9487.747384789369,9614.89482124328
2026-10-08 08:14:34,7850.0,7900.5,Call GEX 2,GEX,360910.286,9487.747384789369,9614.89482124328
2026-10-08 08:14:34,7850.0,7900.5,Put VEX 3,VEX,-341421.912,9487.747384789369,9614.89482124328
2026-10-08 08:14:34,7870.0,7920.5,Put CEX 5,CEX,-225970.097,9487.747384789369,9614.89482124328
2026-10-08 08:14:34,7870.0,7920.5,Call GEX 5,GEX,248265.431,9487.747384789369,9614.89482124328
2026-10-08 08:14:34,7900.0,7950.75,Put CEX 3,CEX,-387252.763,9487.747384789369,9614.89482124328
2026-10-08 08:14:34,7900.0,7950.75,Call GEX 4,GEX,323240.236,9487.747384789369,9614.89482124328
2026-10-08 08:14:34,7900.0,7950.75,Put VEX 2,VEX,-417986.584,9487.747384789369,9614.89482124328
2026-10-08 08:14:34,7950.0,8001.0,Put VEX 4,VEX,-238552.453,9487.747384789369,9614.89482124328
2026-10-08 08:14:34,8000.0,8051.5,Put CEX 1,CEX,-3264605.143,9487.747384789369,9614.89482124328
2026-10-08 08:14:34,8000.0,8051.5,Put DEX 1,DEX,-1339.972,9487.747384789369,9614.89482124328
2026-10-08 08:14:34,8000.0,8051.5,Put GEX 1,GEX,-504945.795,9487.747384789369,9614.89482124328
2026-10-08 08:14:34,8000.0,8051.5,Put VEX 1,VEX,-4118406.615,9487.747384789369,9614.89482124328
2026-10-08 08:14:34,8250.0,8303.0,Put DEX 2,DEX,-25.303,9487.747384789369,9614.89482124328
2026-10-08 08:15:23,7000.0,7045.25,Call CEX 1,CEX,436170.045,9454.630464707838,9672.782410917362
2026-10-08 08:15:23,7000.0,7045.25,Put DEX 4,DEX,-11.729,9454.630464707838,9672.782410917362
2026-10-08 08:15:23,7000.0,7045.25,Call VEX 2,VEX,619756.199,9454.630464707838,9672.782410917362
2026-10-08 08:15:23,7400.0,7447.75,Put DEX 5,DEX,-5.461,9454.630464707838,9672.782410917362
2026-10-08 08:15:23,7500.0,7548.5,Call CEX 5,CEX,330144.512,9454.630464707838,9672.782410917362
2026-10-08 08:15:23,7500.0,7548.5,Put DEX 3,DEX,-17.056,9454.630464707838,9672.782410917362
2026-10-08 08:15:23,7500.0,7548.5,Put GEX 3,GEX,-166776.835,9454.630464707838,9672.782410917362
2026-10-08 08:15:23,7500.0,7548.5,Call VEX 5,VEX,481220.215,9454.630464707838,9672.782410917362
2026-10-08 08:15:23,7600.0,7649.0,Call CEX 2,CEX,421939.514,9454.630464707838,9672.782410917362
2026-10-08 08:15:23,7600.0,7649.0,Call DEX 1,DEX,73.706,9454.630464707838,9672.782410917362
2026-10-08 08:15:23,7600.0,7649.0,Put GEX 4,GEX,-146353.561,9454.630464707838,9672.782410917362
2026-10-08 08:15:23,7600.0,7649.0,Call VEX 3,VEX,614890.95,9454.630464707838,9672.782410917362
2026-10-08 08:15:23,7630.0,7679.25,Call DEX 4,DEX,44.13,9454.630464707838,9672.782410917362
2026-10-08 08:15:23,7650.0,7699.5,Call CEX 4,CEX,400675.718,9454.630464707838,9672.782410917362
2026-10-08 08:15:23,7650.0,7699.5,Put GEX 2,GEX,-212324.746,9454.630464707838,9672.782410917362
2026-10-08 08:15:23,7650.0,7699.5,Call VEX 4,VEX,543228.459,9454.630464707838,9672.782410917362
2026-10-08 08:15:23,7700.0,7749.75,Call CEX 3,CEX,408204.379,9454.630464707838,9672.782410917362
2026-10-08 08:15:23,7700.0,7749.75,Call DEX 2,DEX,73.187,9454.630464707838,9672.782410917362
2026-10-08 08:15:23,7700.0,7749.75,Put GEX 5,GEX,-109181.285,9454.630464707838,9672.782410917362
2026-10-08 08:15:23,7700.0,7749.75,Call VEX 1,VEX,696821.477,9454.630464707838,9672.782410917362
2026-10-08 08:15:23,7750.0,7800.0,Call DEX 3,DEX,56.985,9454.630464707838,9672.782410917362
2026-10-08 08:15:23,7800.0,7850.5,Put CEX 2,CEX,-493272.997,9454.630464707838,9672.782410917362
2026-10-08 08:15:23,7800.0,7850.5,Call GEX 1,GEX,360882.162,9454.630464707838,9672.782410917362
2026-10-08 08:15:23,7800.0,7850.5,Put VEX 4,VEX,-286510.516,9454.630464707838,9672.782410917362
2026-10-08 08:15:23,7825.0,7875.5,Put CEX 5,CEX,-230764.389,9454.630464707838,9672.782410917362
2026-10-08 08:15:23,7825.0,7875.5,Call DEX 5,DEX,33.775,9454.630464707838,9672.782410917362
2026-10-08 08:15:23,7825.0,7875.5,Call GEX 3,GEX,344661.068,9454.630464707838,9672.782410917362
2026-10-08 08:15:23,7850.0,7900.75,Put CEX 4,CEX,-375750.434,9454.630464707838,9672.782410917362
2026-10-08 08:15:23,7850.0,7900.75,Call GEX 2,GEX,347109.258,9454.630464707838,9672.782410917362
2026-10-08 08:15:23,7850.0,7900.75,Put VEX 3,VEX,-351923.779,9454.630464707838,9672.782410917362
2026-10-08 08:15:23,7870.0,7920.75,Call GEX 5,GEX,238154.855,9454.630464707838,9672.782410917362
2026-10-08 08:15:23,7900.0,7951.0,Put CEX 3,CEX,-381162.57,9454.630464707838,9672.782410917362
2026-10-08 08:15:23,7900.0,7951.0,Call GEX 4,GEX,308444.807,9454.630464707838,9672.782410917362
2026-10-08 08:15:23,7900.0,7951.0,Put VEX 2,VEX,-414453.599,9454.630464707838,9672.782410917362
2026-10-08 08:15:23,7950.0,8001.5,Put VEX 5,VEX,-232185.856,9454.630464707838,9672.782410917362
2026-10-08 08:15:23,8000.0,8051.75,Put CEX 1,CEX,-3204270.053,9454.630464707838,9672.782410917362
2026-10-08 08:15:23,8000.0,8051.75,Put DEX 1,DEX,-1346.023,9454.630464707838,9672.782410917362
2026-10-08 08:15:23,8000.0,8051.75,Put GEX 1,GEX,-491552.931,9454.630464707838,9672.782410917362
2026-10-08 08:15:23,8000.0,8051.75,Put VEX 1,VEX,-4047347.393,9454.630464707838,9672.782410917362
2026-10-08 08:15:23,8250.0,8303.25,Put DEX 2,DEX,-25.372,9454.630464707838,9672.782410917362
2026-10-08 08:16:13,7000.0,7045.5,Call CEX 1,CEX,436391.176,9473.492090111242,9627.169274537697
2026-10-08 08:16:13,7000.0,7045.5,Put DEX 3,DEX,-11.736,9473.492090111242,9627.169274537697
2026-10-08 08:16:13,7000.0,7045.5,Call VEX 2,VEX,619985.783,9473.492090111242,9627.169274537697
2026-10-08 08:16:13,7400.0,7448.25,Put DEX 4,DEX,-5.501,9473.492090111242,9627.169274537697
2026-10-08 08:16:13,7500.0,7548.75,Call CEX 5,CEX,343179.983,9473.492090111242,9627.169274537697
2026-10-08 08:16:13,7500.0,7548.75,Call DEX 4,DEX,54.558,9473.492090111242,9627.169274537697
2026-10-08 08:16:13,7500.0,7548.75,Put GEX 3,GEX,-161786.362,9473.492090111242,9627.169274537697
2026-10-08 08:16:13,7500.0,7548.75,Call VEX 5,VEX,500653.962,9473.492090111242,9627.169274537697
2026-10-08 08:16:13,7600.0,7649.5,Call CEX 2,CEX,425337.213,9473.492090111242,9627.169274537697
2026-10-08 08:16:13,7600.0,7649.5,Call DEX 1,DEX,73.344,9473.492090111242,9627.169274537697
2026-10-08 08:16:13,7600.0,7649.5,Put GEX 4,GEX,-144820.525,9473.492090111242,9627.169274537697
2026-10-08 08:16:13,7600.0,7649.5,Call VEX 3,VEX,619915.228,9473.492090111242,9627.169274537697
2026-10-08 08:16:13,7630.0,7679.75,Call DEX 5,DEX,43.805,9473.492090111242,9627.169274537697
2026-10-08 08:16:13,7650.0,7699.75,Call CEX 4,CEX,404118.014,9473.492090111242,9627.169274537697
2026-10-08 08:16:13,7650.0,7699.75,Put GEX 2,GEX,-211279.035,9473.492090111242,9627.169274537697
2026-10-08 08:16:13,7650.0,7699.75,Call VEX 4,VEX,546181.037,9473.492090111242,9627.169274537697
2026-10-08 08:16:13,7700.0,7750.25,Call CEX 3,CEX,405243.971,9473.492090111242,9627.169274537697
2026-10-08 08:16:13,7700.0,7750.25,Call DEX 2,DEX,72.236,9473.492090111242,9627.169274537697
2026-10-08 08:16:13,7700.0,7750.25,Put GEX 5,GEX,-111437.281,9473.492090111242,9627.169274537697
2026-10-08 08:16:13,7700.0,7750.25,Call VEX 1,VEX,693097.621,9473.492090111242,9627.169274537697
2026-10-08 08:16:13,7750.0,7800.5,Call DEX 3,DEX,55.933,9473.492090111242,9627.169274537697
2026-10-08 08:16:13,7800.0,7850.75,Put CEX 2,CEX,-500147.207,9473.492090111242,9627.169274537697
2026-10-08 08:16:13,7800.0,7850.75,Call GEX 1,GEX,349904.672,9473.492090111242,9627.169274537697
2026-10-08 08:16:13,7800.0,7850.75,Put VEX 4,VEX,-295479.35,9473.492090111242,9627.169274537697
2026-10-08 08:16:13,7825.0,7876.0,Put CEX 5,CEX,-231291.188,9473.492090111242,9627.169274537697
2026-10-08 08:16:13,7825.0,7876.0,Call GEX 3,GEX,341133.898,9473.492090111242,9627.169274537697
2026-10-08 08:16:13,7850.0,7901.25,Put CEX 4,CEX,-376359.118,9473.492090111242,9627.169274537697
2026-10-08 08:16:13,7850.0,7901.25,Call GEX 2,GEX,343735.491,9473.492090111242,9627.169274537697
2026-10-08 08:16:13,7850.0,7901.25,Put VEX 3,VEX,-353287.721,9473.492090111242,9627.169274537697
2026-10-08 08:16:13,7870.0,7921.25,Call GEX 5,GEX,236452.071,9473.492090111242,9627.169274537697
2026-10-08 08:16:13,7900.0,7951.5,Put CEX 3,CEX,-380770.418,9473.492090111242,9627.169274537697
2026-10-08 08:16:13,7900.0,7951.5,Call GEX 4,GEX,306488.829,9473.492090111242,9627.169274537697
2026-10-08 08:16:13,7900.0,7951.5,Put VEX 2,VEX,-414343.549,9473.492090111242,9627.169274537697
2026-10-08 08:16:13,7950.0,8001.75,Put VEX 5,VEX,-231544.201,9473.492090111242,9627.169274537697
2026-10-08 08:16:13,8000.0,8052.0,Put CEX 1,CEX,-3140770.285,9473.492090111242,9627.169274537697
2026-10-08 08:16:13,8000.0,8052.0,Put DEX 1,DEX,-1356.103,9473.492090111242,9627.169274537697
2026-10-08 08:16:13,8000.0,8052.0,Put GEX 1,GEX,-455674.228,9473.492090111242,9627.169274537697
2026-10-08 08:16:13,8000.0,8052.0,Put VEX 1,VEX,-3967451.061,9473.492090111242,9627.169274537697
2026-10-08 08:16:13,8100.0,8152.75,Put DEX 5,DEX,-5.315,9473.492090111242,9627.169274537697
2026-10-08 08:16:13,8250.0,8303.75,Put DEX 2,DEX,-25.492,9473.492090111242,9627.169274537697
2026-10-08 08:17:01,7000.0,7045.5,Call CEX 1,CEX,435990.004,8003.696807747179,9280.326212333532
2026-10-08 08:17:01,7000.0,7045.5,Put DEX 4,DEX,-11.72,8003.696807747179,9280.326212333532
2026-10-08 08:17:01,7000.0,7045.5,Call VEX 2,VEX,619461.123,8003.696807747179,9280.326212333532
2026-10-08 08:17:01,7400.0,7448.0,Put DEX 5,DEX,-6.279,8003.696807747179,9280.326212333532
2026-10-08 08:17:01,7500.0,7548.5,Call CEX 5,CEX,329538.576,8003.696807747179,9280.326212333532
2026-10-08 08:17:01,7500.0,7548.5,Put DEX 3,DEX,-17.365,8003.696807747179,9280.326212333532
2026-10-08 08:17:01,7500.0,7548.5,Put GEX 3,GEX,-166162.9,8003.696807747179,9280.326212333532
2026-10-08 08:17:01,7500.0,7548.5,Call VEX 5,VEX,480321.619,8003.696807747179,9280.326212333532
2026-10-08 08:17:01,7600.0,7649.25,Call CEX 2,CEX,421807.986,8003.696807747179,9280.326212333532
2026-10-08 08:17:01,7600.0,7649.25,Call DEX 2,DEX,73.935,8003.696807747179,9280.326212333532
2026-10-08 08:17:01,7600.0,7649.25,Put GEX 4,GEX,-145127.783,8003.696807747179,9280.326212333532
2026-10-08 08:17:01,7600.0,7649.25,Call VEX 3,VEX,614420.953,8003.696807747179,9280.326212333532
2026-10-08 08:17:01,7630.0,7679.5,Call DEX 4,DEX,44.176,8003.696807747179,9280.326212333532
2026-10-08 08:17:01,7650.0,7699.5,Call CEX 4,CEX,402062.695,8003.696807747179,9280.326212333532
2026-10-08 08:17:01,7650.0,7699.5,Put GEX 2,GEX,-210077.961,8003.696807747179,9280.326212333532
2026-10-08 08:17:01,7650.0,7699.5,Call VEX 4,VEX,544185.394,8003.696807747179,9280.326212333532
2026-10-08 08:17:01,7700.0,7750.0,Call CEX 3,CEX,411681.417,8003.696807747179,9280.326212333532
2026-10-08 08:17:01,7700.0,7750.0,Call DEX 1,DEX,74.031,8003.696807747179,9280.326212333532
2026-10-08 08:17:01,7700.0,7750.0,Put GEX 5,GEX,-110288.578,8003.696807747179,9280.326212333532
2026-10-08 08:17:01,7700.0,7750.0,Call VEX 1,VEX,700590.29,8003.696807747179,9280.326212333532
2026-10-08 08:17:01,7750.0,7800.25,Call DEX 3,DEX,58.153,8003.696807747179,9280.326212333532
2026-10-08 08:17:01,7800.0,7850.5,Put CEX 2,CEX,-483399.39,8003.696807747179,9280.326212333532
2026-10-08 08:17:01,7800.0,7850.5,Call GEX 1,GEX,359113.53,8003.696807747179,9280.326212333532
2026-10-08 08:17:01,7800.0,7850.5,Put VEX 4,VEX,-274220.67,8003.696807747179,9280.326212333532
2026-10-08 08:17:01,7825.0,7875.75,Put CEX 5,CEX,-228563.965,8003.696807747179,9280.326212333532
2026-10-08 08:17:01,7825.0,7875.75,Call DEX 5,DEX,34.25,8003.696807747179,9280.326212333532
2026-10-08 08:17:01,7825.0,7875.75,Call GEX 3,GEX,345780.462,8003.696807747179,9280.326212333532
2026-10-08 08:17:01,7850.0,7901.0,Put CEX 4,CEX,-374524.766,8003.696807747179,9280.326212333532
2026-10-08 08:17:01,7850.0,7901.0,Call GEX 2,GEX,348804.129,8003.696807747179,9280.326212333532
2026-10-08 08:17:01,7850.0,7901.0,Put VEX 3,VEX,-349597.412,8003.696807747179,9280.326212333532
2026-10-08 08:17:01,7870.0,7921.0,Call GEX 5,GEX,240020.775,8003.696807747179,9280.326212333532
2026-10-08 08:17:01,7900.0,7951.25,Put CEX 3,CEX,-382944.276,8003.696807747179,9280.326212333532
2026-10-08 08:17:01,7900.0,7951.25,Call GEX 4,GEX,311648.057,8003.696807747179,9280.326212333532
2026-10-08 08:17:01,7900.0,7951.25,Put VEX 2,VEX,-415636.017,8003.696807747179,9280.326212333532
2026-10-08 08:17:01,7950.0,8001.5,Put VEX 5,VEX,-234246.568,8003.696807747179,9280.326212333532
2026-10-08 08:17:01,8000.0,8051.75,Put CEX 1,CEX,-3197346.867,8003.696807747179,9280.326212333532
2026-10-08 08:17:01,8000.0,8051.75,Put DEX 1,DEX,-1347.961,8003.696807747179,9280.326212333532
2026-10-08 08:17:01,8000.0,8051.75,Put GEX 1,GEX,-485785.991,8003.696807747179,9280.326212333532
2026-10-08 08:17:01,8000.0,8051.75,Put VEX 1,VEX,-4036951.172,8003.696807747179,9280.326212333532
2026-10-08 08:17:01,8250.0,8303.5,Put DEX 2,DEX,-24.745,8003.696807747179,9280.326212333532
2026-10-08 08:17:49,7000.0,7045.75,Call CEX 1,CEX,435931.492,8003.588046294376,9279.020745462529
2026-10-08 08:17:49,7000.0,7045.75,Put DEX 3,DEX,-11.716,8003.588046294376,9279.020745462529
2026-10-08 08:17:49,7000.0,7045.75,Call VEX 2,VEX,619352.44,8003.588046294376,9279.020745462529
2026-10-08 08:17:49,7400.0,7448.5,Put DEX 4,DEX,-6.31,8003.588046294376,9279.020745462529
2026-10-08 08:17:49,7500.0,7549.0,Call CEX 5,CEX,341494.387,8003.588046294376,9279.020745462529
2026-10-08 08:17:49,7500.0,7549.0,Call DEX 4,DEX,54.051,8003.588046294376,9279.020745462529
2026-10-08 08:17:49,7500.0,7549.0,Put GEX 3,GEX,-160556.651,8003.588046294376,9279.020745462529
2026-10-08 08:17:49,7500.0,7549.0,Call VEX 5,VEX,498360.013,8003.588046294376,9279.020745462529
2026-10-08 08:17:49,7600.0,7649.75,Call CEX 2,CEX,423757.128,8003.588046294376,9279.020745462529
2026-10-08 08:17:49,7600.0,7649.75,Call DEX 1,DEX,73.879,8003.588046294376,9279.020745462529
2026-10-08 08:17:49,7600.0,7649.75,Put GEX 4,GEX,-142852.775,8003.588046294376,9279.020745462529
2026-10-08 08:17:49,7600.0,7649.75,Call VEX 3,VEX,617442.618,8003.588046294376,9279.020745462529
2026-10-08 08:17:49,7630.0,7680.0,Call DEX 5,DEX,43.976,8003.588046294376,9279.020745462529
2026-10-08 08:17:49,7650.0,7700.0,Call CEX 4,CEX,402874.525,8003.588046294376,9279.020745462529
2026-10-08 08:17:49,7650.0,7700.0,Put GEX 2,GEX,-208463.455,8003.588046294376,9279.020745462529
2026-10-08 08:17:49,7650.0,7700.0,Call VEX 4,VEX,544749.503,8003.588046294376,9279.020745462529
2026-10-08 08:17:49,7700.0,7750.25,Call CEX 3,CEX,411877.295,8003.588046294376,9279.020745462529
2026-10-08 08:17:49,7700.0,7750.25,Call DEX 2,DEX,73.849,8003.588046294376,9279.020745462529
2026-10-08 08:17:49,7700.0,7750.25,Put GEX 5,GEX,-111920.312,8003.588046294376,9279.020745462529
2026-10-08 08:17:49,7700.0,7750.25,Call VEX 1,VEX,699908.223,8003.588046294376,9279.020745462529
2026-10-08 08:17:49,7750.0,7800.75,Call DEX 3,DEX,58.394,8003.588046294376,9279.020745462529
2026-10-08 08:17:49,7800.0,7851.0,Put CEX 2,CEX,-478611.094,8003.588046294376,9279.020745462529
2026-10-08 08:17:49,7800.0,7851.0,Call GEX 1,GEX,350750.323,8003.588046294376,9279.020745462529
2026-10-08 08:17:49,7800.0,7851.0,Put VEX 4,VEX,-269012.694,8003.588046294376,9279.020745462529
2026-10-08 08:17:49,7825.0,7876.25,Put CEX 5,CEX,-227026.544,8003.588046294376,9279.020745462529
2026-10-08 08:17:49,7825.0,7876.25,Call GEX 3,GEX,344450.473,8003.588046294376,9279.020745462529
2026-10-08 08:17:49,7850.0,7901.25,Put CEX 4,CEX,-373329.935,8003.588046294376,9279.020745462529
2026-10-08 08:17:49,7850.0,7901.25,Call GEX 2,GEX,347981.048,8003.588046294376,9279.020745462529
2026-10-08 08:17:49,7850.0,7901.25,Put VEX 3,VEX,-347955.736,8003.588046294376,9279.020745462529
2026-10-08 08:17:49,7870.0,7921.5,Call GEX 5,GEX,240489.263,8003.588046294376,9279.020745462529
2026-10-08 08:17:49,7900.0,7951.75,Put CEX 3,CEX,-384142.158,8003.588046294376,9279.020745462529
2026-10-08 08:17:49,7900.0,7951.75,Call GEX 4,GEX,313133.065,8003.588046294376,9279.020745462529
2026-10-08 08:17:49,7900.0,7951.75,Put VEX 2,VEX,-416493.478,8003.588046294376,9279.020745462529
2026-10-08 08:17:49,7950.0,8002.0,Put VEX 5,VEX,-235194.329,8003.588046294376,9279.020745462529
2026-10-08 08:17:49,8000.0,8052.25,Put CEX 1,CEX,-3174645.962,8003.588046294376,9279.020745462529
2026-10-08 08:17:49,8000.0,8052.25,Put DEX 1,DEX,-1353.362,8003.588046294376,9279.020745462529
2026-10-08 08:17:49,8000.0,8052.25,Put GEX 1,GEX,-456870.528,8003.588046294376,9279.020745462529
2026-10-08 08:17:49,8000.0,8052.25,Put VEX 1,VEX,-4007519.828,8003.588046294376,9279.020745462529
2026-10-08 08:17:49,8100.0,8153.0,Put DEX 5,DEX,-5.244,8003.588046294376,9279.020745462529
2026-10-08 08:17:49,8250.0,8304.0,Put DEX 2,DEX,-25.495,8003.588046294376,9279.020745462529
2026-10-08 08:18:38,6700.0,6743.75,Call DEX 4,DEX,46.879,8003.610195725045,9276.26157861028
2026-10-08 08:18:38,7000.0,7045.75,Call CEX 1,CEX,435791.365,8003.610195725045,9276.26157861028
2026-10-08 08:18:38,7000.0,7045.75,Put DEX 4,DEX,-11.71,8003.610195725045,9276.26157861028
2026-10-08 08:18:38,7000.0,7045.75,Call VEX 2,VEX,619145.462,8003.610195725045,9276.26157861028
2026-10-08 08:18:38,7400.0,7448.25,Put DEX 5,DEX,-6.259,8003.610195725045,9276.26157861028
2026-10-08 08:18:38,7500.0,7549.0,Call CEX 5,CEX,328755.162,8003.610195725045,9276.26157861028
2026-10-08 08:18:38,7500.0,7549.0,Put DEX 3,DEX,-17.281,8003.610195725045,9276.26157861028
2026-10-08 08:18:38,7500.0,7549.0,Put GEX 3,GEX,-165553.916,8003.610195725045,9276.26157861028
2026-10-08 08:18:38,7500.0,7549.0,Call VEX 5,VEX,479104.96,8003.610195725045,9276.26157861028
2026-10-08 08:18:38,7600.0,7649.5,Call CEX 2,CEX,422286.193,8003.610195725045,9276.26157861028
2026-10-08 08:18:38,7600.0,7649.5,Call DEX 2,DEX,73.986,8003.610195725045,9276.26157861028
2026-10-08 08:18:38,7600.0,7649.5,Put GEX 4,GEX,-142826.785,8003.610195725045,9276.26157861028
2026-10-08 08:18:38,7600.0,7649.5,Call VEX 3,VEX,615113.187,8003.610195725045,9276.26157861028
2026-10-08 08:18:38,7630.0,7679.75,Call DEX 5,DEX,44.093,8003.610195725045,9276.26157861028
2026-10-08 08:18:38,7650.0,7700.0,Call CEX 4,CEX,402461.418,8003.610195725045,9276.26157861028
2026-10-08 08:18:38,7650.0,7700.0,Put GEX 2,GEX,-208055.644,8003.610195725045,9276.26157861028
2026-10-08 08:18:38,7650.0,7700.0,Call VEX 4,VEX,544150.095,8003.610195725045,9276.26157861028
2026-10-08 08:18:38,7700.0,7750.25,Call CEX 3,CEX,414623.454,8003.610195725045,9276.26157861028
2026-10-08 08:18:38,7700.0,7750.25,Call DEX 1,DEX,74.597,8003.610195725045,9276.26157861028
2026-10-08 08:18:38,7700.0,7750.25,Put GEX 5,GEX,-111750.536,8003.610195725045,9276.26157861028
2026-10-08 08:18:38,7700.0,7750.25,Call VEX 1,VEX,703214.892,8003.610195725045,9276.26157861028
2026-10-08 08:18:38,7750.0,7800.5,Call DEX 3,DEX,59.218,8003.610195725045,9276.26157861028
2026-10-08 08:18:38,7800.0,7851.0,Put CEX 2,CEX,-472064.494,8003.610195725045,9276.26157861028
2026-10-08 08:18:38,7800.0,7851.0,Call GEX 1,GEX,350293.564,8003.610195725045,9276.26157861028
2026-10-08 08:18:38,7800.0,7851.0,Put VEX 4,VEX,-260594.736,8003.610195725045,9276.26157861028
2026-10-08 08:18:38,7825.0,7876.0,Put CEX 5,CEX,-225702.837,8003.610195725045,9276.26157861028
2026-10-08 08:18:38,7825.0,7876.0,Call GEX 3,GEX,345668.895,8003.610195725045,9276.26157861028
2026-10-08 08:18:38,7850.0,7901.25,Put CEX 4,CEX,-372826.488,8003.610195725045,9276.26157861028
2026-10-08 08:18:38,7850.0,7901.25,Call GEX 2,GEX,349460.583,8003.610195725045,9276.26157861028
2026-10-08 08:18:38,7850.0,7901.25,Put VEX 3,VEX,-346700.688,8003.610195725045,9276.26157861028
2026-10-08 08:18:38,7870.0,7921.25,Call GEX 5,GEX,241847.35,8003.610195725045,9276.26157861028
2026-10-08 08:18:38,7900.0,7951.5,Put CEX 3,CEX,-384794.594,8003.610195725045,9276.26157861028
2026-10-08 08:18:38,7900.0,7951.5,Call GEX 4,GEX,315025.743,8003.610195725045,9276.26157861028
2026-10-08 08:18:38,7900.0,7951.5,Put VEX 2,VEX,-416853.738,8003.610195725045,9276.26157861028
2026-10-08 08:18:38,7950.0,8002.0,Put VEX 5,VEX,-236041.26,8003.610195725045,9276.26157861028
2026-10-08 08:18:38,8000.0,8052.25,Put CEX 1,CEX,-3190940.081,8003.610195725045,9276.26157861028
2026-10-08 08:18:38,8000.0,8052.25,Put DEX 1,DEX,-1351.168,8003.610195725045,9276.26157861028
2026-10-08 08:18:38,8000.0,8052.25,Put GEX 1,GEX,-465294.874,8003.610195725045,9276.26157861028
2026-10-08 08:18:38,8000.0,8052.25,Put VEX 1,VEX,-4027151.77,8003.610195725045,9276.26157861028
2026-10-08 08:18:38,8250.0,8303.75,Put DEX 2,DEX,-25.48,8003.610195725045,9276.26157861028
2026-10-08 08:19:26,7000.0,7045.75,Call CEX 1,CEX,436998.777,10135.624204558602,10296.630774574503
2026-10-08 08:19:26,7000.0,7045.75,Put DEX 4,DEX,-11.066,10135.624204558602,10296.630774574503
2026-10-08 08:19:26,7000.0,7045.75,Call VEX 3,VEX,620485.723,10135.624204558602,10296.630774574503
2026-10-08 08:19:26,7400.0,7448.25,Put DEX 5,DEX,-5.624,10135.624204558602,10296.630774574503
2026-10-08 08:19:26,7500.0,7549.0,Call CEX 5,CEX,335921.928,10135.624204558602,10296.630774574503
2026-10-08 08:19:26,7500.0,7549.0,Put DEX 3,DEX,-15.827,10135.624204558602,10296.630774574503
2026-10-08 08:19:26,7500.0,7549.0,Put GEX 3,GEX,-169256.144,10135.624204558602,10296.630774574503
2026-10-08 08:19:26,7500.0,7549.0,Call VEX 5,VEX,488853.664,10135.624204558602,10296.630774574503
2026-10-08 08:19:26,7600.0,7649.5,Call CEX 2,CEX,428045.465,10135.624204558602,10296.630774574503
2026-10-08 08:19:26,7600.0,7649.5,Call DEX 1,DEX,72.523,10135.624204558602,10296.630774574503
2026-10-08 08:19:26,7600.0,7649.5,Put GEX 4,GEX,-145884.191,10135.624204558602,10296.630774574503
2026-10-08 08:19:26,7600.0,7649.5,Call VEX 2,VEX,623567.07,10135.624204558602,10296.630774574503
2026-10-08 08:19:26,7630.0,7679.75,Call DEX 4,DEX,43.568,10135.624204558602,10296.630774574503
2026-10-08 08:19:26,7650.0,7700.0,Call CEX 3,CEX,404478.235,10135.624204558602,10296.630774574503
2026-10-08 08:19:26,7650.0,7700.0,Put GEX 2,GEX,-213003.232,10135.624204558602,10296.630774574503
2026-10-08 08:19:26,7650.0,7700.0,Call VEX 4,VEX,546394.673,10135.624204558602,10296.630774574503
2026-10-08 08:19:26,7700.0,7750.25,Call CEX 4,CEX,399352.909,10135.624204558602,10296.630774574503
2026-10-08 08:19:26,7700.0,7750.25,Call DEX 2,DEX,70.521,10135.624204558602,10296.630774574503
2026-10-08 08:19:26,7700.0,7750.25,Put GEX 5,GEX,-111369.705,10135.624204558602,10296.630774574503
2026-10-08 08:19:26,7700.0,7750.25,Call VEX 1,VEX,685137.212,10135.624204558602,10296.630774574503
2026-10-08 08:19:26,7750.0,7800.5,Call DEX 3,DEX,54.278,10135.624204558602,10296.630774574503
2026-10-08 08:19:26,7800.0,7850.75,Put CEX 2,CEX,-510683.28,10135.624204558602,10296.630774574503
2026-10-08 08:19:26,7800.0,7850.75,Call GEX 1,GEX,350192.477,10135.624204558602,10296.630774574503
2026-10-08 08:19:26,7800.0,7850.75,Put VEX 4,VEX,-309543.482,10135.624204558602,10296.630774574503
2026-10-08 08:19:26,7825.0,7876.0,Put CEX 5,CEX,-233169.685,10135.624204558602,10296.630774574503
2026-10-08 08:19:26,7825.0,7876.0,Call DEX 5,DEX,33.116,10135.624204558602,10296.630774574503
2026-10-08 08:19:26,7825.0,7876.0,Call GEX 3,GEX,338306.747,10135.624204558602,10296.630774574503
2026-10-08 08:19:26,7850.0,7901.25,Put CEX 4,CEX,-376708.787,10135.624204558602,10296.630774574503
2026-10-08 08:19:26,7850.0,7901.25,Call GEX 2,GEX,340096.275,10135.624204558602,10296.630774574503
2026-10-08 08:19:26,7850.0,7901.25,Put VEX 3,VEX,-354804.332,10135.624204558602,10296.630774574503
2026-10-08 08:19:26,7870.0,7921.25,Call GEX 5,GEX,233934.217,10135.624204558602,10296.630774574503
2026-10-08 08:19:26,7900.0,7951.5,Put CEX 3,CEX,-379951.463,10135.624204558602,10296.630774574503
2026-10-08 08:19:26,7900.0,7951.5,Call GEX 4,GEX,303494.509,10135.624204558602,10296.630774574503
2026-10-08 08:19:26,7900.0,7951.5,Put VEX 2,VEX,-413893.514,10135.624204558602,10296.630774574503
2026-10-08 08:19:26,7950.0,8001.75,Put VEX 5,VEX,-231463.269,10135.624204558602,10296.630774574503
2026-10-08 08:19:26,8000.0,8052.25,Put CEX 1,CEX,-3167016.024,10135.624204558602,10296.630774574503
2026-10-08 08:19:26,8000.0,8052.25,Put DEX 1,DEX,-1351.335,10135.624204558602,10296.630774574503
2026-10-08 08:19:26,8000.0,8052.25,Put GEX 1,GEX,-471836.396,10135.624204558602,10296.630774574503
2026-10-08 08:19:26,8000.0,8052.25,Put VEX 1,VEX,-4000946.55,10135.624204558602,10296.630774574503
2026-10-08 08:19:26,8250.0,8303.75,Put DEX 2,DEX,-25.436,10135.624204558602,10296.630774574503
2026-10-08 08:20:16,7000.0,7046.0,Call CEX 1,CEX,436372.794,9499.18454246003,9510.809371671992
2026-10-08 08:20:16,7000.0,7046.0,Put DEX 3,DEX,-11.729,9499.18454246003,9510.809371671992
2026-10-08 08:20:16,7000.0,7046.0,Call VEX 3,VEX,619775.904,9499.18454246003,9510.809371671992
2026-10-08 08:20:16,7400.0,7448.5,Put DEX 4,DEX,-5.533,9499.18454246003,9510.809371671992
2026-10-08 08:20:16,7500.0,7549.25,Call CEX 5,CEX,350706.085,9499.18454246003,9510.809371671992
2026-10-08 08:20:16,7500.0,7549.25,Call DEX 4,DEX,53.91,9499.18454246003,9510.809371671992
2026-10-08 08:20:16,7500.0,7549.25,Put GEX 3,GEX,-158422.014,9499.18454246003,9510.809371671992
2026-10-08 08:20:16,7500.0,7549.25,Call VEX 5,VEX,511923.294,9499.18454246003,9510.809371671992
2026-10-08 08:20:16,7600.0,7650.0,Call CEX 2,CEX,427615.791,9499.18454246003,9510.809371671992
2026-10-08 08:20:16,7600.0,7650.0,Call DEX 1,DEX,72.823,9499.18454246003,9510.809371671992
2026-10-08 08:20:16,7600.0,7650.0,Put GEX 4,GEX,-142648.618,9499.18454246003,9510.809371671992
2026-10-08 08:20:16,7600.0,7650.0,Call VEX 2,VEX,623108.804,9499.18454246003,9510.809371671992
2026-10-08 08:20:16,7630.0,7680.0,Call DEX 5,DEX,43.723,9499.18454246003,9510.809371671992
2026-10-08 08:20:16,7650.0,7700.25,Call CEX 4,CEX,404046.447,9499.18454246003,9510.809371671992
2026-10-08 08:20:16,7650.0,7700.25,Put GEX 2,GEX,-210612.642,9499.18454246003,9510.809371671992
2026-10-08 08:20:16,7650.0,7700.25,Call VEX 4,VEX,545730.586,9499.18454246003,9510.809371671992
2026-10-08 08:20:16,7700.0,7750.5,Call CEX 3,CEX,406484.773,9499.18454246003,9510.809371671992
2026-10-08 08:20:16,7700.0,7750.5,Call DEX 2,DEX,72.299,9499.18454246003,9510.809371671992
2026-10-08 08:20:16,7700.0,7750.5,Put GEX 5,GEX,-111830.836,9499.18454246003,9510.809371671992
2026-10-08 08:20:16,7700.0,7750.5,Call VEX 1,VEX,693300.718,9499.18454246003,9510.809371671992
2026-10-08 08:20:16,7750.0,7801.0,Call DEX 3,DEX,56.543,9499.18454246003,9510.809371671992
2026-10-08 08:20:16,7800.0,7851.25,Put CEX 2,CEX,-491546.836,9499.18454246003,9510.809371671992
2026-10-08 08:20:16,7800.0,7851.25,Call GEX 1,GEX,347996.533,9499.18454246003,9510.809371671992
2026-10-08 08:20:16,7800.0,7851.25,Put VEX 4,VEX,-285824.996,9499.18454246003,9510.809371671992
2026-10-08 08:20:16,7825.0,7876.25,Put CEX 5,CEX,-229358.468,9499.18454246003,9510.809371671992
2026-10-08 08:20:16,7825.0,7876.25,Call GEX 3,GEX,341227.937,9499.18454246003,9510.809371671992
2026-10-08 08:20:16,7850.0,7901.5,Put CEX 4,CEX,-374409.93,9499.18454246003,9510.809371671992
2026-10-08 08:20:16,7850.0,7901.5,Call GEX 2,GEX,344177.436,9499.18454246003,9510.809371671992
2026-10-08 08:20:16,7850.0,7901.5,Put VEX 3,VEX,-350454.624,9499.18454246003,9510.809371671992
2026-10-08 08:20:16,7870.0,7921.75,Call GEX 5,GEX,237567.231,9499.18454246003,9510.809371671992
2026-10-08 08:20:16,7900.0,7951.75,Put CEX 3,CEX,-382585.125,9499.18454246003,9510.809371671992
2026-10-08 08:20:16,7900.0,7951.75,Call GEX 4,GEX,309102.24,9499.18454246003,9510.809371671992
2026-10-08 08:20:16,7900.0,7951.75,Put VEX 2,VEX,-415576.062,9499.18454246003,9510.809371671992
2026-10-08 08:20:16,7950.0,8002.25,Put VEX 5,VEX,-234591.183,9499.18454246003,9510.809371671992
2026-10-08 08:20:16,8000.0,8052.5,Put CEX 1,CEX,-3136440.405,9499.18454246003,9510.809371671992
2026-10-08 08:20:16,8000.0,8052.5,Put DEX 1,DEX,-1357.396,9499.18454246003,9510.809371671992
2026-10-08 08:20:16,8000.0,8052.5,Put GEX 1,GEX,-450848.22,9499.18454246003,9510.809371671992
2026-10-08 08:20:16,8000.0,8052.5,Put VEX 1,VEX,-3959898.342,9499.18454246003,9510.809371671992
2026-10-08 08:20:16,8100.0,8153.25,Put DEX 5,DEX,-5.275,9499.18454246003,9510.809371671992
2026-10-08 08:20:16,8250.0,8304.25,Put DEX 2,DEX,-25.467,9499.18454246003,9510.809371671992
2026-10-08 08:21:05,7000.0,7045.75,Call CEX 1,CEX,436271.612,9493.051630556676,9582.437466737629
2026-10-08 08:21:05,7000.0,7045.75,Put DEX 3,DEX,-11.724,9493.051630556676,9582.437466737629
2026-10-08 08:21:05,7000.0,7045.75,Call VEX 3,VEX,619614.207,9493.051630556676,9582.437466737629
2026-10-08 08:21:05,7400.0,7448.5,Put DEX 4,DEX,-5.512,9493.051630556676,9582.437466737629
2026-10-08 08:21:05,7500.0,7549.0,Call CEX 5,CEX,339074.875,9493.051630556676,9582.437466737629
2026-10-08 08:21:05,7500.0,7549.0,Call DEX 4,DEX,54.059,9493.051630556676,9582.437466737629
2026-10-08 08:21:05,7500.0,7549.0,Put GEX 3,GEX,-163024.004,9493.051630556676,9582.437466737629
2026-10-08 08:21:05,7500.0,7549.0,Call VEX 5,VEX,494360.19,9493.051630556676,9582.437466737629
2026-10-08 08:21:05,7600.0,7649.75,Call CEX 2,CEX,425467.649,9493.051630556676,9582.437466737629
2026-10-08 08:21:05,7600.0,7649.75,Call DEX 1,DEX,73.084,9493.051630556676,9582.437466737629
2026-10-08 08:21:05,7600.0,7649.75,Put GEX 4,GEX,-143455.847,9493.051630556676,9582.437466737629
2026-10-08 08:21:05,7600.0,7649.75,Call VEX 2,VEX,619766.352,9493.051630556676,9582.437466737629
2026-10-08 08:21:05,7630.0,7680.0,Call DEX 5,DEX,43.887,9493.051630556676,9582.437466737629
2026-10-08 08:21:05,7650.0,7700.0,Call CEX 4,CEX,403840.155,9493.051630556676,9582.437466737629
2026-10-08 08:21:05,7650.0,7700.0,Put GEX 2,GEX,-209828.077,9493.051630556676,9582.437466737629
2026-10-08 08:21:05,7650.0,7700.0,Call VEX 4,VEX,545440.3,9493.051630556676,9582.437466737629
2026-10-08 08:21:05,7700.0,7750.25,Call CEX 3,CEX,408799.503,9493.051630556676,9582.437466737629
2026-10-08 08:21:05,7700.0,7750.25,Call DEX 2,DEX,72.945,9493.051630556676,9582.437466737629
2026-10-08 08:21:05,7700.0,7750.25,Put GEX 5,GEX,-111451.588,9493.051630556676,9582.437466737629
2026-10-08 08:21:05,7700.0,7750.25,Call VEX 1,VEX,696127.494,9493.051630556676,9582.437466737629
2026-10-08 08:21:05,7750.0,7800.75,Call DEX 3,DEX,57.282,9493.051630556676,9582.437466737629
2026-10-08 08:21:05,7800.0,7851.0,Put CEX 2,CEX,-486574.629,9493.051630556676,9582.437466737629
2026-10-08 08:21:05,7800.0,7851.0,Call GEX 1,GEX,350713.162,9493.051630556676,9582.437466737629
2026-10-08 08:21:05,7800.0,7851.0,Put VEX 4,VEX,-279396.041,9493.051630556676,9582.437466737629
2026-10-08 08:21:05,7825.0,7876.25,Put CEX 5,CEX,-228593.548,9493.051630556676,9582.437466737629
2026-10-08 08:21:05,7825.0,7876.25,Call GEX 3,GEX,342918.531,9493.051630556676,9582.437466737629
2026-10-08 08:21:05,7850.0,7901.25,Put CEX 4,CEX,-374334.848,9493.051630556676,9582.437466737629
2026-10-08 08:21:05,7850.0,7901.25,Call GEX 2,GEX,346068.484,9493.051630556676,9582.437466737629
2026-10-08 08:21:05,7850.0,7901.25,Put VEX 3,VEX,-349793.653,9493.051630556676,9582.437466737629
2026-10-08 08:21:05,7870.0,7921.5,Call GEX 5,GEX,238688.014,9493.051630556676,9582.437466737629
2026-10-08 08:21:05,7900.0,7951.75,Put CEX 3,CEX,-383564.422,9493.051630556676,9582.437466737629
2026-10-08 08:21:05,7900.0,7951.75,Call GEX 4,GEX,310826.472,9493.051630556676,9582.437466737629
2026-10-08 08:21:05,7900.0,7951.75,Put VEX 2,VEX,-416156.093,9493.051630556676,9582.437466737629
2026-10-08 08:21:05,7950.0,8002.0,Put VEX 5,VEX,-234818.293,9493.051630556676,9582.437466737629
2026-10-08 08:21:05,8000.0,8052.25,Put CEX 1,CEX,-3189001.567,9493.051630556676,9582.437466737629
2026-10-08 08:21:05,8000.0,8052.25,Put DEX 1,DEX,-1350.643,9493.051630556676,9582.437466737629
2026-10-08 08:21:05,8000.0,8052.25,Put GEX 1,GEX,-466024.564,9493.051630556676,9582.437466737629
2026-10-08 08:21:05,8000.0,8052.25,Put VEX 1,VEX,-4025629.176,9493.051630556676,9582.437466737629
2026-10-08 08:21:05,8100.0,8153.0,Put DEX 5,DEX,-5.296,9493.051630556676,9582.437466737629
2026-10-08 08:21:05,8250.0,8304.0,Put DEX 2,DEX,-25.458,9493.051630556676,9582.437466737629
2026-10-08 08:21:54,7000.0,7045.5,Call CEX 1,CEX,436111.1,8003.634039789239,9278.709230902326
2026-10-08 08:21:54,7000.0,7045.5,Put DEX 4,DEX,-11.717,8003.634039789239,9278.709230902326
2026-10-08 08:21:54,7000.0,7045.5,Call VEX 2,VEX,619382.299,8003.634039789239,9278.709230902326
2026-10-08 08:21:54,7400.0,7448.0,Put DEX 5,DEX,-6.353,8003.634039789239,9278.709230902326
2026-10-08 08:21:54,7500.0,7548.75,Call CEX 5,CEX,331958.526,8003.634039789239,9278.709230902326
2026-10-08 08:21:54,7500.0,7548.75,Put DEX 3,DEX,-17.642,8003.634039789239,9278.709230902326
2026-10-08 08:21:54,7500.0,7548.75,Put GEX 3,GEX,-167242.542,8003.634039789239,9278.709230902326
2026-10-08 08:21:54,7500.0,7548.75,Call VEX 5,VEX,483562.79,8003.634039789239,9278.709230902326
2026-10-08 08:21:54,7600.0,7649.25,Call CEX 2,CEX,424126.852,8003.634039789239,9278.709230902326
2026-10-08 08:21:54,7600.0,7649.25,Call DEX 1,DEX,73.748,8003.634039789239,9278.709230902326
2026-10-08 08:21:54,7600.0,7649.25,Put GEX 4,GEX,-143983.333,8003.634039789239,9278.709230902326
2026-10-08 08:21:54,7600.0,7649.25,Call VEX 3,VEX,617494.923,8003.634039789239,9278.709230902326
2026-10-08 08:21:54,7630.0,7679.5,Call DEX 4,DEX,43.958,8003.634039789239,9278.709230902326
2026-10-08 08:21:54,7650.0,7699.5,Call CEX 4,CEX,403809.329,8003.634039789239,9278.709230902326
2026-10-08 08:21:54,7650.0,7699.5,Put GEX 2,GEX,-208691.468,8003.634039789239,9278.709230902326
2026-10-08 08:21:54,7650.0,7699.5,Call VEX 4,VEX,545256.008,8003.634039789239,9278.709230902326
2026-10-08 08:21:54,7700.0,7750.0,Call CEX 3,CEX,411419.989,8003.634039789239,9278.709230902326
2026-10-08 08:21:54,7700.0,7750.0,Call DEX 2,DEX,73.631,8003.634039789239,9278.709230902326
2026-10-08 08:21:54,7700.0,7750.0,Put GEX 5,GEX,-110275.629,8003.634039789239,9278.709230902326
2026-10-08 08:21:54,7700.0,7750.0,Call VEX 1,VEX,699005.529,8003.634039789239,9278.709230902326
2026-10-08 08:21:54,7750.0,7800.25,Call DEX 3,DEX,58.124,8003.634039789239,9278.709230902326
2026-10-08 08:21:54,7800.0,7850.5,Put CEX 2,CEX,-478342.41,8003.634039789239,9278.709230902326
2026-10-08 08:21:54,7800.0,7850.5,Call GEX 1,GEX,351955.258,8003.634039789239,9278.709230902326
2026-10-08 08:21:54,7800.0,7850.5,Put VEX 4,VEX,-269541.968,8003.634039789239,9278.709230902326
2026-10-08 08:21:54,7825.0,7875.75,Put CEX 5,CEX,-227015.217,8003.634039789239,9278.709230902326
2026-10-08 08:21:54,7825.0,7875.75,Call DEX 5,DEX,34.521,8003.634039789239,9278.709230902326
2026-10-08 08:21:54,7825.0,7875.75,Call GEX 3,GEX,344151.041,8003.634039789239,9278.709230902326
2026-10-08 08:21:54,7850.0,7901.0,Put CEX 4,CEX,-373360.505,8003.634039789239,9278.709230902326
2026-10-08 08:21:54,7850.0,7901.0,Call GEX 2,GEX,348058.419,8003.634039789239,9278.709230902326
2026-10-08 08:21:54,7850.0,7901.0,Put VEX 3,VEX,-347983.978,8003.634039789239,9278.709230902326
2026-10-08 08:21:54,7870.0,7921.0,Call GEX 5,GEX,240164.087,8003.634039789239,9278.709230902326
2026-10-08 08:21:54,7900.0,7951.25,Put CEX 3,CEX,-384290.952,8003.634039789239,9278.709230902326
2026-10-08 08:21:54,7900.0,7951.25,Call GEX 4,GEX,312966.484,8003.634039789239,9278.709230902326
2026-10-08 08:21:54,7900.0,7951.25,Put VEX 2,VEX,-416560.763,8003.634039789239,9278.709230902326
2026-10-08 08:21:54,7950.0,8001.5,Put VEX 5,VEX,-235721.869,8003.634039789239,9278.709230902326
2026-10-08 08:21:54,8000.0,8052.0,Put CEX 1,CEX,-3202554.219,8003.634039789239,9278.709230902326
2026-10-08 08:21:54,8000.0,8052.0,Put DEX 1,DEX,-1348.887,8003.634039789239,9278.709230902326
2026-10-08 08:21:54,8000.0,8052.0,Put GEX 1,GEX,-472736.464,8003.634039789239,9278.709230902326
2026-10-08 08:21:54,8000.0,8052.0,Put VEX 1,VEX,-4041708.965,8003.634039789239,9278.709230902326
2026-10-08 08:21:54,8250.0,8303.5,Put DEX 2,DEX,-25.465,8003.634039789239,9278.709230902326
2026-10-08 08:22:42,7000.0,7045.25,Call CEX 1,CEX,436220.422,9494.87776484284,9565.531914893618
2026-10-08 08:22:42,7000.0,7045.25,Put DEX 4,DEX,-11.72,9494.87776484284,9565.531914893618
2026-10-08 08:22:42,7000.0,7045.25,Call VEX 2,VEX,619477.615,9494.87776484284,9565.531914893618
2026-10-08 08:22:42,7400.0,7447.75,Put DEX 5,DEX,-6.357,9494.87776484284,9565.531914893618
2026-10-08 08:22:42,7500.0,7548.5,Call CEX 5,CEX,332139.695,9494.87776484284,9565.531914893618
2026-10-08 08:22:42,7500.0,7548.5,Put DEX 3,DEX,-17.66,9494.87776484284,9565.531914893618
2026-10-08 08:22:42,7500.0,7548.5,Put GEX 3,GEX,-167404.897,9494.87776484284,9565.531914893618
2026-10-08 08:22:42,7500.0,7548.5,Call VEX 5,VEX,483810.716,9494.87776484284,9565.531914893618
2026-10-08 08:22:42,7600.0,7649.0,Call CEX 2,CEX,422210.083,9494.87776484284,9565.531914893618
2026-10-08 08:22:42,7600.0,7649.0,Call DEX 1,DEX,74.149,9494.87776484284,9565.531914893618
2026-10-08 08:22:42,7600.0,7649.0,Put GEX 4,GEX,-145750.442,9494.87776484284,9565.531914893618
2026-10-08 08:22:42,7600.0,7649.0,Call VEX 3,VEX,614522.024,9494.87776484284,9565.531914893618
2026-10-08 08:22:42,7630.0,7679.25,Call DEX 4,DEX,44.082,9494.87776484284,9565.531914893618
2026-10-08 08:22:42,7650.0,7699.5,Call CEX 4,CEX,402231.037,9494.87776484284,9565.531914893618
2026-10-08 08:22:42,7650.0,7699.5,Put GEX 2,GEX,-210366.575,9494.87776484284,9565.531914893618
2026-10-08 08:22:42,7650.0,7699.5,Call VEX 4,VEX,544002.445,9494.87776484284,9565.531914893618
2026-10-08 08:22:42,7700.0,7749.75,Call CEX 3,CEX,410570.045,9494.87776484284,9565.531914893618
2026-10-08 08:22:42,7700.0,7749.75,Call DEX 2,DEX,73.51,9494.87776484284,9565.531914893618
2026-10-08 08:22:42,7700.0,7749.75,Put GEX 5,GEX,-109449.29,9494.87776484284,9565.531914893618
2026-10-08 08:22:42,7700.0,7749.75,Call VEX 1,VEX,698194.583,9494.87776484284,9565.531914893618
2026-10-08 08:22:42,7750.0,7800.0,Call DEX 3,DEX,57.904,9494.87776484284,9565.531914893618
2026-10-08 08:22:42,7800.0,7850.25,Put CEX 2,CEX,-482754.336,9494.87776484284,9565.531914893618
2026-10-08 08:22:42,7800.0,7850.25,Call GEX 1,GEX,359290.833,9494.87776484284,9565.531914893618
2026-10-08 08:22:42,7800.0,7850.25,Put VEX 4,VEX,-274159.307,9494.87776484284,9565.531914893618
2026-10-08 08:22:42,7825.0,7875.5,Put CEX 5,CEX,-228400.849,9494.87776484284,9565.531914893618
2026-10-08 08:22:42,7825.0,7875.5,Call DEX 5,DEX,34.28,9494.87776484284,9565.531914893618
2026-10-08 08:22:42,7825.0,7875.5,Call GEX 3,GEX,345091.53,9494.87776484284,9565.531914893618
2026-10-08 08:22:42,7850.0,7900.75,Put CEX 4,CEX,-374112.474,9494.87776484284,9565.531914893618
2026-10-08 08:22:42,7850.0,7900.75,Call GEX 2,GEX,348078.555,9494.87776484284,9565.531914893618
2026-10-08 08:22:42,7850.0,7900.75,Put VEX 3,VEX,-349035.224,9494.87776484284,9565.531914893618
2026-10-08 08:22:42,7870.0,7920.75,Call GEX 5,GEX,239735.659,9494.87776484284,9565.531914893618
2026-10-08 08:22:42,7900.0,7951.0,Put CEX 3,CEX,-383584.966,9494.87776484284,9565.531914893618
2026-10-08 08:22:42,7900.0,7951.0,Call GEX 4,GEX,311825.179,9494.87776484284,9565.531914893618
2026-10-08 08:22:42,7900.0,7951.0,Put VEX 2,VEX,-415994.623,9494.87776484284,9565.531914893618
2026-10-08 08:22:42,7950.0,8001.25,Put VEX 5,VEX,-234984.57,9494.87776484284,9565.531914893618
2026-10-08 08:22:42,8000.0,8051.75,Put CEX 1,CEX,-3230974.356,9494.87776484284,9565.531914893618
2026-10-08 08:22:42,8000.0,8051.75,Put DEX 1,DEX,-1343.747,9494.87776484284,9565.531914893618
2026-10-08 08:22:42,8000.0,8051.75,Put GEX 1,GEX,-489828.012,9494.87776484284,9565.531914893618
2026-10-08 08:22:42,8000.0,8051.75,Put VEX 1,VEX,-4077806.692,9494.87776484284,9565.531914893618
2026-10-08 08:22:42,8250.0,8303.25,Put DEX 2,DEX,-25.39,9494.87776484284,9565.531914893618
2026-10-08 08:23:31,7000.0,7044.75,Call CEX 1,CEX,436973.703,9472.570902016996,9633.00777545989
2026-10-08 08:23:31,7000.0,7044.75,Put DEX 4,DEX,-11.741,9472.570902016996,9633.00777545989
2026-10-08 08:23:31,7000.0,7044.75,Call VEX 2,VEX,620254.742,9472.570902016996,9633.00777545989
2026-10-08 08:23:31,7400.0,7447.5,Put DEX 5,DEX,-5.588,9472.570902016996,9633.00777545989
2026-10-08 08:23:31,7500.0,7548.0,Call CEX 5,CEX,334358.897,9472.570902016996,9633.00777545989
2026-10-08 08:23:31,7500.0,7548.0,Put DEX 3,DEX,-15.72,9472.570902016996,9633.00777545989
2026-10-08 08:23:31,7500.0,7548.0,Put GEX 3,GEX,-168787.067,9472.570902016996,9633.00777545989
2026-10-08 08:23:31,7500.0,7548.0,Call VEX 5,VEX,486953.38,9472.570902016996,9633.00777545989
2026-10-08 08:23:31,7600.0,7648.75,Call CEX 2,CEX,424849.721,9472.570902016996,9633.00777545989
2026-10-08 08:23:31,7600.0,7648.75,Call DEX 1,DEX,73.388,9472.570902016996,9633.00777545989
2026-10-08 08:23:31,7600.0,7648.75,Put GEX 4,GEX,-146780.299,9472.570902016996,9633.00777545989
2026-10-08 08:23:31,7600.0,7648.75,Call VEX 3,VEX,618377.363,9472.570902016996,9633.00777545989
2026-10-08 08:23:31,7630.0,7679.0,Call DEX 4,DEX,43.948,9472.570902016996,9633.00777545989
2026-10-08 08:23:31,7650.0,7699.0,Call CEX 4,CEX,402452.985,9472.570902016996,9633.00777545989
2026-10-08 08:23:31,7650.0,7699.0,Put GEX 2,GEX,-212877.267,9472.570902016996,9633.00777545989
2026-10-08 08:23:31,7650.0,7699.0,Call VEX 4,VEX,544364.358,9472.570902016996,9633.00777545989
2026-10-08 08:23:31,7700.0,7749.25,Call CEX 3,CEX,404987.601,9472.570902016996,9633.00777545989
2026-10-08 08:23:31,7700.0,7749.25,Call DEX 2,DEX,72.11,9472.570902016996,9633.00777545989
2026-10-08 08:23:31,7700.0,7749.25,Put GEX 5,GEX,-108406.382,9472.570902016996,9633.00777545989
2026-10-08 08:23:31,7700.0,7749.25,Call VEX 1,VEX,691948.187,9472.570902016996,9633.00777545989
2026-10-08 08:23:31,7750.0,7799.75,Call DEX 3,DEX,55.917,9472.570902016996,9633.00777545989
2026-10-08 08:23:31,7800.0,7850.0,Put CEX 2,CEX,-498475.614,9472.570902016996,9633.00777545989
2026-10-08 08:23:31,7800.0,7850.0,Call GEX 1,GEX,360109.593,9472.570902016996,9633.00777545989
2026-10-08 08:23:31,7800.0,7850.0,Put VEX 4,VEX,-294043.71,9472.570902016996,9633.00777545989
2026-10-08 08:23:31,7825.0,7875.25,Put CEX 5,CEX,-231593.036,9472.570902016996,9633.00777545989
2026-10-08 08:23:31,7825.0,7875.25,Call DEX 5,DEX,33.564,9472.570902016996,9633.00777545989
2026-10-08 08:23:31,7825.0,7875.25,Call GEX 3,GEX,342454.221,9472.570902016996,9633.00777545989
2026-10-08 08:23:31,7850.0,7900.25,Put CEX 4,CEX,-375917.397,9472.570902016996,9633.00777545989
2026-10-08 08:23:31,7850.0,7900.25,Call GEX 2,GEX,344556.341,9472.570902016996,9633.00777545989
2026-10-08 08:23:31,7850.0,7900.25,Put VEX 3,VEX,-352562.762,9472.570902016996,9633.00777545989
2026-10-08 08:23:31,7870.0,7920.5,Call GEX 5,GEX,236578.461,9472.570902016996,9633.00777545989
2026-10-08 08:23:31,7900.0,7950.75,Put CEX 3,CEX,-381031.28,9472.570902016996,9633.00777545989
2026-10-08 08:23:31,7900.0,7950.75,Call GEX 4,GEX,306789.571,9472.570902016996,9633.00777545989
2026-10-08 08:23:31,7900.0,7950.75,Put VEX 2,VEX,-414350.353,9472.570902016996,9633.00777545989
2026-10-08 08:23:31,7950.0,8001.0,Put VEX 5,VEX,-232535.689,9472.570902016996,9633.00777545989
2026-10-08 08:23:31,8000.0,8051.25,Put CEX 1,CEX,-3211309.661,9472.570902016996,9633.00777545989
2026-10-08 08:23:31,8000.0,8051.25,Put DEX 1,DEX,-1346.161,9472.570902016996,9633.00777545989
2026-10-08 08:23:31,8000.0,8051.25,Put GEX 1,GEX,-480864.485,9472.570902016996,9633.00777545989
2026-10-08 08:23:31,8000.0,8051.25,Put VEX 1,VEX,-4054442.195,9472.570902016996,9633.00777545989
2026-10-08 08:23:31,8250.0,8303.0,Put DEX 2,DEX,-25.353,9472.570902016996,9633.00777545989
2026-10-08 08:24:19,7000.0,7045.5,Call CEX 1,CEX,437051.555,9486.85935351856,9621.177921092563
2026-10-08 08:24:19,7000.0,7045.5,Put DEX 3,DEX,-11.743,9486.85935351856,9621.177921092563
2026-10-08 08:24:19,7000.0,7045.5,Call VEX 3,VEX,620311.579,9486.85935351856,9621.177921092563
2026-10-08 08:24:19,7400.0,7448.0,Put DEX 4,DEX,-5.591,9486.85935351856,9621.177921092563
2026-10-08 08:24:19,7500.0,7548.75,Call CEX 5,CEX,342889.832,9486.85935351856,9621.177921092563
2026-10-08 08:24:19,7500.0,7548.75,Call DEX 4,DEX,54.036,9486.85935351856,9621.177921092563
2026-10-08 08:24:19,7500.0,7548.75,Put GEX 3,GEX,-164415.67,9486.85935351856,9621.177921092563
2026-10-08 08:24:19,7500.0,7548.75,Call VEX 5,VEX,499923.071,9486.85935351856,9621.177921092563
2026-10-08 08:24:19,7600.0,7649.25,Call CEX 2,CEX,426107.383,9486.85935351856,9621.177921092563
2026-10-08 08:24:19,7600.0,7649.25,Call DEX 1,DEX,72.701,9486.85935351856,9621.177921092563
2026-10-08 08:24:19,7600.0,7649.25,Put GEX 4,GEX,-145545.222,9486.85935351856,9621.177921092563
2026-10-08 08:24:19,7600.0,7649.25,Call VEX 2,VEX,620577.645,9486.85935351856,9621.177921092563
2026-10-08 08:24:19,7630.0,7679.5,Call DEX 5,DEX,43.759,9486.85935351856,9621.177921092563
2026-10-08 08:24:19,7650.0,7699.75,Call CEX 4,CEX,404043.691,9486.85935351856,9621.177921092563
2026-10-08 08:24:19,7650.0,7699.75,Put GEX 2,GEX,-211816.993,9486.85935351856,9621.177921092563
2026-10-08 08:24:19,7650.0,7699.75,Call VEX 4,VEX,545570.685,9486.85935351856,9621.177921092563
2026-10-08 08:24:19,7700.0,7750.0,Call CEX 3,CEX,404243.38,9486.85935351856,9621.177921092563
2026-10-08 08:24:19,7700.0,7750.0,Call DEX 2,DEX,71.764,9486.85935351856,9621.177921092563
2026-10-08 08:24:19,7700.0,7750.0,Put GEX 5,GEX,-110618.86,9486.85935351856,9621.177921092563
2026-10-08 08:24:19,7700.0,7750.0,Call VEX 1,VEX,690875.194,9486.85935351856,9621.177921092563
2026-10-08 08:24:19,7750.0,7800.25,Call DEX 3,DEX,55.664,9486.85935351856,9621.177921092563
2026-10-08 08:24:19,7800.0,7850.75,Put CEX 2,CEX,-500863.455,9486.85935351856,9621.177921092563
2026-10-08 08:24:19,7800.0,7850.75,Call GEX 1,GEX,352506.915,9486.85935351856,9621.177921092563
2026-10-08 08:24:19,7800.0,7850.75,Put VEX 4,VEX,-296595.381,9486.85935351856,9621.177921092563
2026-10-08 08:24:19,7825.0,7875.75,Put CEX 5,CEX,-231534.939,9486.85935351856,9621.177921092563
2026-10-08 08:24:19,7825.0,7875.75,Call GEX 3,GEX,340787.458,9486.85935351856,9621.177921092563
2026-10-08 08:24:19,7850.0,7901.0,Put CEX 4,CEX,-376225.915,9486.85935351856,9621.177921092563
2026-10-08 08:24:19,7850.0,7901.0,Call GEX 2,GEX,343414.698,9486.85935351856,9621.177921092563
2026-10-08 08:24:19,7850.0,7901.0,Put VEX 3,VEX,-353043.38,9486.85935351856,9621.177921092563
2026-10-08 08:24:19,7870.0,7921.0,Call GEX 5,GEX,236119.64,9486.85935351856,9621.177921092563
2026-10-08 08:24:19,7900.0,7951.25,Put CEX 3,CEX,-380976.225,9486.85935351856,9621.177921092563
2026-10-08 08:24:19,7900.0,7951.25,Call GEX 4,GEX,306282.338,9486.85935351856,9621.177921092563
2026-10-08 08:24:19,7900.0,7951.25,Put VEX 2,VEX,-414351.202,9486.85935351856,9621.177921092563
2026-10-08 08:24:19,7950.0,8001.75,Put VEX 5,VEX,-231911.052,9486.85935351856,9621.177921092563
2026-10-08 08:24:19,8000.0,8052.0,Put CEX 1,CEX,-3168419.125,9486.85935351856,9621.177921092563
2026-10-08 08:24:19,8000.0,8052.0,Put DEX 1,DEX,-1351.946,9486.85935351856,9621.177921092563
2026-10-08 08:24:19,8000.0,8052.0,Put GEX 1,GEX,-470624.595,9486.85935351856,9621.177921092563
2026-10-08 08:24:19,8000.0,8052.0,Put VEX 1,VEX,-4000071.564,9486.85935351856,9621.177921092563
2026-10-08 08:24:19,8100.0,8152.5,Put DEX 5,DEX,-5.205,9486.85935351856,9621.177921092563
2026-10-08 08:24:19,8250.0,8303.5,Put DEX 2,DEX,-25.45,9486.85935351856,9621.177921092563
2026-10-08 08:25:08,7000.0,7046.0,Call CEX 1,CEX,437144.179,9482.35448005232,9633.393416184424
2026-10-08 08:25:08,7000.0,7046.0,Put DEX 3,DEX,-11.746,9482.35448005232,9633.393416184424
2026-10-08 08:25:08,7000.0,7046.0,Call VEX 3,VEX,620386.1,9482.35448005232,9633.393416184424
2026-10-08 08:25:08,7400.0,7448.5,Put DEX 4,DEX,-5.595,9482.35448005232,9633.393416184424
2026-10-08 08:25:08,7500.0,7549.25,Call CEX 5,CEX,340176.795,9482.35448005232,9633.393416184424
2026-10-08 08:25:08,7500.0,7549.25,Call DEX 4,DEX,54.099,9482.35448005232,9633.393416184424
2026-10-08 08:25:08,7500.0,7549.25,Put GEX 3,GEX,-166051.78,9482.35448005232,9633.393416184424
2026-10-08 08:25:08,7500.0,7549.25,Call VEX 5,VEX,495787.604,9482.35448005232,9633.393416184424
2026-10-08 08:25:08,7600.0,7649.75,Call CEX 2,CEX,427524.198,9482.35448005232,9633.393416184424
2026-10-08 08:25:08,7600.0,7649.75,Call DEX 1,DEX,72.412,9482.35448005232,9633.393416184424
2026-10-08 08:25:08,7600.0,7649.75,Put GEX 4,GEX,-144965.839,9482.35448005232,9633.393416184424
2026-10-08 08:25:08,7600.0,7649.75,Call VEX 2,VEX,622580.447,9482.35448005232,9633.393416184424
2026-10-08 08:25:08,7630.0,7680.0,Call DEX 5,DEX,43.62,9482.35448005232,9633.393416184424
2026-10-08 08:25:08,7650.0,7700.25,Call CEX 3,CEX,404424.191,9482.35448005232,9633.393416184424
2026-10-08 08:25:08,7650.0,7700.25,Put GEX 2,GEX,-211886.641,9482.35448005232,9633.393416184424
2026-10-08 08:25:08,7650.0,7700.25,Call VEX 4,VEX,545925.741,9482.35448005232,9633.393416184424
2026-10-08 08:25:08,7700.0,7750.5,Call CEX 4,CEX,403409.052,9482.35448005232,9633.393416184424
2026-10-08 08:25:08,7700.0,7750.5,Call DEX 2,DEX,71.523,9482.35448005232,9633.393416184424
2026-10-08 08:25:08,7700.0,7750.5,Put GEX 5,GEX,-111227.343,9482.35448005232,9633.393416184424
2026-10-08 08:25:08,7700.0,7750.5,Call VEX 1,VEX,689879.418,9482.35448005232,9633.393416184424
2026-10-08 08:25:08,7750.0,7800.75,Call DEX 3,DEX,55.331,9482.35448005232,9633.393416184424
2026-10-08 08:25:08,7800.0,7851.25,Put CEX 2,CEX,-503304.94,9482.35448005232,9633.393416184424
2026-10-08 08:25:08,7800.0,7851.25,Call GEX 1,GEX,349519.574,9482.35448005232,9633.393416184424
2026-10-08 08:25:08,7800.0,7851.25,Put VEX 4,VEX,-299618.014,9482.35448005232,9633.393416184424
2026-10-08 08:25:08,7825.0,7876.25,Put CEX 5,CEX,-231871.821,9482.35448005232,9633.393416184424
2026-10-08 08:25:08,7825.0,7876.25,Call GEX 3,GEX,340020.998,9482.35448005232,9633.393416184424
2026-10-08 08:25:08,7850.0,7901.5,Put CEX 4,CEX,-376453.481,9482.35448005232,9633.393416184424
2026-10-08 08:25:08,7850.0,7901.5,Call GEX 2,GEX,342429.587,9482.35448005232,9633.393416184424
2026-10-08 08:25:08,7850.0,7901.5,Put VEX 3,VEX,-353490.425,9482.35448005232,9633.393416184424
2026-10-08 08:25:08,7870.0,7921.5,Call GEX 5,GEX,235663.055,9482.35448005232,9633.393416184424
2026-10-08 08:25:08,7900.0,7951.75,Put CEX 3,CEX,-380751.167,9482.35448005232,9633.393416184424
2026-10-08 08:25:08,7900.0,7951.75,Call GEX 4,GEX,305587.488,9482.35448005232,9633.393416184424
2026-10-08 08:25:08,7900.0,7951.75,Put VEX 2,VEX,-414181.566,9482.35448005232,9633.393416184424
2026-10-08 08:25:08,7950.0,8002.0,Put VEX 5,VEX,-231810.565,9482.35448005232,9633.393416184424
2026-10-08 08:25:08,8000.0,8052.5,Put CEX 1,CEX,-3179081.845,9482.35448005232,9633.393416184424
2026-10-08 08:25:08,8000.0,8052.5,Put DEX 1,DEX,-1350.061,9482.35448005232,9633.393416184424
2026-10-08 08:25:08,8000.0,8052.5,Put GEX 1,GEX,-477010.94,9482.35448005232,9633.393416184424
2026-10-08 08:25:08,8000.0,8052.5,Put VEX 1,VEX,-4013593.093,9482.35448005232,9633.393416184424
2026-10-08 08:25:08,8100.0,8153.0,Put DEX 5,DEX,-5.217,9482.35448005232,9633.393416184424
2026-10-08 08:25:08,8250.0,8304.0,Put DEX 2,DEX,-25.468,9482.35448005232,9633.393416184424
2026-10-08 08:25:58,7000.0,7045.5,Call CEX 1,CEX,437140.663,9486.166709710744,9622.841965471447
2026-10-08 08:25:58,7000.0,7045.5,Put DEX 3,DEX,-11.744,9486.166709710744,9622.841965471447
2026-10-08 08:25:58,7000.0,7045.5,Call VEX 3,VEX,620344.059,9486.166709710744,9622.841965471447
2026-10-08 08:25:58,7400.0,7448.25,Put DEX 4,DEX,-5.593,9486.166709710744,9622.841965471447
2026-10-08 08:25:58,7500.0,7548.75,Call CEX 5,CEX,342322.258,9486.166709710744,9622.841965471447
2026-10-08 08:25:58,7500.0,7548.75,Call DEX 4,DEX,54.061,9486.166709710744,9622.841965471447
2026-10-08 08:25:58,7500.0,7548.75,Put GEX 3,GEX,-164707.994,9486.166709710744,9622.841965471447
2026-10-08 08:25:58,7500.0,7548.75,Call VEX 5,VEX,498984.068,9486.166709710744,9622.841965471447
2026-10-08 08:25:58,7600.0,7649.5,Call CEX 2,CEX,426978.085,9486.166709710744,9622.841965471447
2026-10-08 08:25:58,7600.0,7649.5,Call DEX 1,DEX,72.93,9486.166709710744,9622.841965471447
2026-10-08 08:25:58,7600.0,7649.5,Put GEX 4,GEX,-144711.687,9486.166709710744,9622.841965471447
2026-10-08 08:25:58,7600.0,7649.5,Call VEX 2,VEX,621802.875,9486.166709710744,9622.841965471447
2026-10-08 08:25:58,7630.0,7679.75,Call DEX 5,DEX,43.653,9486.166709710744,9622.841965471447
2026-10-08 08:25:58,7650.0,7699.75,Call CEX 3,CEX,404863.243,9486.166709710744,9622.841965471447
2026-10-08 08:25:58,7650.0,7699.75,Put GEX 2,GEX,-211527.612,9486.166709710744,9622.841965471447
2026-10-08 08:25:58,7650.0,7699.75,Call VEX 4,VEX,546315.7,9486.166709710744,9622.841965471447
2026-10-08 08:25:58,7700.0,7750.0,Call CEX 4,CEX,403992.43,9486.166709710744,9622.841965471447
2026-10-08 08:25:58,7700.0,7750.0,Call DEX 2,DEX,71.655,9486.166709710744,9622.841965471447
2026-10-08 08:25:58,7700.0,7750.0,Put GEX 5,GEX,-112187.515,9486.166709710744,9622.841965471447
2026-10-08 08:25:58,7700.0,7750.0,Call VEX 1,VEX,690481.667,9486.166709710744,9622.841965471447
2026-10-08 08:25:58,7750.0,7800.5,Call DEX 3,DEX,55.613,9486.166709710744,9622.841965471447
2026-10-08 08:25:58,7800.0,7850.75,Put CEX 2,CEX,-503654.577,9486.166709710744,9622.841965471447
2026-10-08 08:25:58,7800.0,7850.75,Call GEX 1,GEX,349183.809,9486.166709710744,9622.841965471447
2026-10-08 08:25:58,7800.0,7850.75,Put VEX 4,VEX,-298855.663,9486.166709710744,9622.841965471447
2026-10-08 08:25:58,7825.0,7876.0,Put CEX 5,CEX,-232087.886,9486.166709710744,9622.841965471447
2026-10-08 08:25:58,7825.0,7876.0,Call GEX 3,GEX,340865.317,9486.166709710744,9622.841965471447
2026-10-08 08:25:58,7850.0,7901.0,Put CEX 4,CEX,-376877.574,9486.166709710744,9622.841965471447
2026-10-08 08:25:58,7850.0,7901.0,Call GEX 2,GEX,343155.981,9486.166709710744,9622.841965471447
2026-10-08 08:25:58,7850.0,7901.0,Put VEX 3,VEX,-353786.645,9486.166709710744,9622.841965471447
2026-10-08 08:25:58,7870.0,7921.25,Call GEX 5,GEX,235972.272,9486.166709710744,9622.841965471447
2026-10-08 08:25:58,7900.0,7951.5,Put CEX 3,CEX,-380851.231,9486.166709710744,9622.841965471447
2026-10-08 08:25:58,7900.0,7951.5,Call GEX 4,GEX,305868.492,9486.166709710744,9622.841965471447
2026-10-08 08:25:58,7900.0,7951.5,Put VEX 2,VEX,-414205.929,9486.166709710744,9622.841965471447
2026-10-08 08:25:58,7950.0,8001.75,Put VEX 5,VEX,-231653.032,9486.166709710744,9622.841965471447
2026-10-08 08:25:58,8000.0,8052.0,Put CEX 1,CEX,-3155813.28,9486.166709710744,9622.841965471447
2026-10-08 08:25:58,8000.0,8052.0,Put DEX 1,DEX,-1353.988,9486.166709710744,9622.841965471447
2026-10-08 08:25:58,8000.0,8052.0,Put GEX 1,GEX,-463233.031,9486.166709710744,9622.841965471447
2026-10-08 08:25:58,8000.0,8052.0,Put VEX 1,VEX,-3983715.443,9486.166709710744,9622.841965471447
2026-10-08 08:25:58,8100.0,8152.75,Put DEX 5,DEX,-5.21,9486.166709710744,9622.841965471447
2026-10-08 08:25:58,8250.0,8303.75,Put DEX 2,DEX,-25.483,9486.166709710744,9622.841965471447
2026-10-08 08:26:46,7000.0,7045.5,Call CEX 1,CEX,437539.396,10176.688528362674,10236.049822064057
2026-10-08 08:26:46,7000.0,7045.5,Put DEX 3,DEX,-11.758,10176.688528362674,10236.049822064057
2026-10-08 08:26:46,7000.0,7045.5,Call VEX 3,VEX,620790.003,10176.688528362674,10236.049822064057
2026-10-08 08:26:46,7400.0,7448.25,Put DEX 4,DEX,-6.413,10176.688528362674,10236.049822064057
2026-10-08 08:26:46,7500.0,7548.75,Call CEX 5,CEX,364175.344,10176.688528362674,10236.049822064057
2026-10-08 08:26:46,7500.0,7548.75,Call DEX 4,DEX,52.824,10176.688528362674,10236.049822064057
2026-10-08 08:26:46,7500.0,7548.75,Put GEX 3,GEX,-154150.095,10176.688528362674,10236.049822064057
2026-10-08 08:26:46,7500.0,7548.75,Call VEX 5,VEX,532046.867,10176.688528362674,10236.049822064057
2026-10-08 08:26:46,7600.0,7649.5,Call CEX 2,CEX,429295.813,10176.688528362674,10236.049822064057
2026-10-08 08:26:46,7600.0,7649.5,Call DEX 1,DEX,72.325,10176.688528362674,10236.049822064057
2026-10-08 08:26:46,7600.0,7649.5,Put GEX 4,GEX,-143743.122,10176.688528362674,10236.049822064057
2026-10-08 08:26:46,7600.0,7649.5,Call VEX 2,VEX,625599.531,10176.688528362674,10236.049822064057
2026-10-08 08:26:46,7630.0,7679.75,Call DEX 5,DEX,43.86,10176.688528362674,10236.049822064057
2026-10-08 08:26:46,7650.0,7699.75,Call CEX 3,CEX,405634.778,10176.688528362674,10236.049822064057
2026-10-08 08:26:46,7650.0,7699.75,Put GEX 2,GEX,-212852.161,10176.688528362674,10236.049822064057
2026-10-08 08:26:46,7650.0,7699.75,Call VEX 4,VEX,547332.448,10176.688528362674,10236.049822064057
2026-10-08 08:26:46,7700.0,7750.0,Call CEX 4,CEX,399619.84,10176.688528362674,10236.049822064057
2026-10-08 08:26:46,7700.0,7750.0,Call DEX 2,DEX,70.579,10176.688528362674,10236.049822064057
2026-10-08 08:26:46,7700.0,7750.0,Put GEX 5,GEX,-116295.334,10176.688528362674,10236.049822064057
2026-10-08 08:26:46,7700.0,7750.0,Call VEX 1,VEX,686057.01,10176.688528362674,10236.049822064057
2026-10-08 08:26:46,7750.0,7800.5,Call DEX 3,DEX,54.011,10176.688528362674,10236.049822064057
2026-10-08 08:26:46,7800.0,7850.75,Put CEX 2,CEX,-521383.154,10176.688528362674,10236.049822064057
2026-10-08 08:26:46,7800.0,7850.75,Call GEX 2,GEX,338034.962,10176.688528362674,10236.049822064057
2026-10-08 08:26:46,7800.0,7850.75,Put VEX 4,VEX,-318775.836,10176.688528362674,10236.049822064057
2026-10-08 08:26:46,7825.0,7876.0,Put CEX 5,CEX,-235147.36,10176.688528362674,10236.049822064057
2026-10-08 08:26:46,7825.0,7876.0,Call GEX 3,GEX,337843.293,10176.688528362674,10236.049822064057
2026-10-08 08:26:46,7850.0,7901.0,Put CEX 3,CEX,-379409.412,10176.688528362674,10236.049822064057
2026-10-08 08:26:46,7850.0,7901.0,Call GEX 1,GEX,339174.355,10176.688528362674,10236.049822064057
2026-10-08 08:26:46,7850.0,7901.0,Put VEX 3,VEX,-357833.341,10176.688528362674,10236.049822064057
2026-10-08 08:26:46,7870.0,7921.25,Call GEX 5,GEX,233244.713,10176.688528362674,10236.049822064057
2026-10-08 08:26:46,7900.0,7951.5,Put CEX 4,CEX,-378633.964,10176.688528362674,10236.049822064057
2026-10-08 08:26:46,7900.0,7951.5,Call GEX 4,GEX,301278.387,10176.688528362674,10236.049822064057
2026-10-08 08:26:46,7900.0,7951.5,Put VEX 2,VEX,-412667.062,10176.688528362674,10236.049822064057
2026-10-08 08:26:46,7950.0,8001.75,Put VEX 5,VEX,-228466.08,10176.688528362674,10236.049822064057
2026-10-08 08:26:46,8000.0,8052.0,Put CEX 1,CEX,-3049678.248,10176.688528362674,10236.049822064057
2026-10-08 08:26:46,8000.0,8052.0,Put DEX 1,DEX,-1365.532,10176.688528362674,10236.049822064057
2026-10-08 08:26:46,8000.0,8052.0,Put GEX 1,GEX,-449101.952,10176.688528362674,10236.049822064057
2026-10-08 08:26:46,8000.0,8052.0,Put VEX 1,VEX,-3850635.11,10176.688528362674,10236.049822064057
2026-10-08 08:26:46,8100.0,8152.75,Put DEX 5,DEX,-5.313,10176.688528362674,10236.049822064057
2026-10-08 08:26:46,8250.0,8303.75,Put DEX 2,DEX,-25.621,10176.688528362674,10236.049822064057
2026-10-08 08:27:35,7000.0,7045.5,Call CEX 1,CEX,436547.793,9494.408731753048,9588.877062267164
2026-10-08 08:27:35,7000.0,7045.5,Put DEX 4,DEX,-11.725,9494.408731753048,9588.877062267164
2026-10-08 08:27:35,7000.0,7045.5,Call VEX 2,VEX,619648.664,9494.408731753048,9588.877062267164
2026-10-08 08:27:35,7400.0,7448.0,Put DEX 5,DEX,-6.278,9494.408731753048,9588.877062267164
2026-10-08 08:27:35,7500.0,7548.75,Call CEX 5,CEX,329909.383,9494.408731753048,9588.877062267164
2026-10-08 08:27:35,7500.0,7548.75,Put DEX 3,DEX,-17.375,9494.408731753048,9588.877062267164
2026-10-08 08:27:35,7500.0,7548.75,Put GEX 3,GEX,-166497.065,9494.408731753048,9588.877062267164
2026-10-08 08:27:35,7500.0,7548.75,Call VEX 5,VEX,480406.23,9494.408731753048,9588.877062267164
2026-10-08 08:27:35,7600.0,7649.25,Call CEX 2,CEX,422728.098,9494.408731753048,9588.877062267164
2026-10-08 08:27:35,7600.0,7649.25,Call DEX 1,DEX,74.239,9494.408731753048,9588.877062267164
2026-10-08 08:27:35,7600.0,7649.25,Put GEX 4,GEX,-144602.165,9494.408731753048,9588.877062267164
2026-10-08 08:27:35,7600.0,7649.25,Call VEX 3,VEX,615234.567,9494.408731753048,9588.877062267164
2026-10-08 08:27:35,7630.0,7679.5,Call DEX 4,DEX,44.068,9494.408731753048,9588.877062267164
2026-10-08 08:27:35,7650.0,7699.5,Call CEX 4,CEX,403203.14,9494.408731753048,9588.877062267164
2026-10-08 08:27:35,7650.0,7699.5,Put GEX 2,GEX,-210218.558,9494.408731753048,9588.877062267164
2026-10-08 08:27:35,7650.0,7699.5,Call VEX 4,VEX,544841.821,9494.408731753048,9588.877062267164
2026-10-08 08:27:35,7700.0,7750.0,Call CEX 3,CEX,411144.311,9494.408731753048,9588.877062267164
2026-10-08 08:27:35,7700.0,7750.0,Call DEX 2,DEX,73.823,9494.408731753048,9588.877062267164
2026-10-08 08:27:35,7700.0,7750.0,Put GEX 5,GEX,-112064.544,9494.408731753048,9588.877062267164
2026-10-08 08:27:35,7700.0,7750.0,Call VEX 1,VEX,700042.939,9494.408731753048,9588.877062267164
2026-10-08 08:27:35,7750.0,7800.25,Call DEX 3,DEX,57.668,9494.408731753048,9588.877062267164
2026-10-08 08:27:35,7800.0,7850.5,Put CEX 2,CEX,-493841.77,9494.408731753048,9588.877062267164
2026-10-08 08:27:35,7800.0,7850.5,Call GEX 1,GEX,358151.325,9494.408731753048,9588.877062267164
2026-10-08 08:27:35,7800.0,7850.5,Put VEX 4,VEX,-284101.256,9494.408731753048,9588.877062267164
2026-10-08 08:27:35,7825.0,7875.75,Put CEX 5,CEX,-231393.913,9494.408731753048,9588.877062267164
2026-10-08 08:27:35,7825.0,7875.75,Call DEX 5,DEX,33.783,9494.408731753048,9588.877062267164
2026-10-08 08:27:35,7825.0,7875.75,Call GEX 3,GEX,346589.419,9494.408731753048,9588.877062267164
2026-10-08 08:27:35,7850.0,7901.0,Put CEX 4,CEX,-376887.754,9494.408731753048,9588.877062267164
2026-10-08 08:27:35,7850.0,7901.0,Call GEX 2,GEX,348056.751,9494.408731753048,9588.877062267164
2026-10-08 08:27:35,7850.0,7901.0,Put VEX 3,VEX,-352326.238,9494.408731753048,9588.877062267164
2026-10-08 08:27:35,7870.0,7921.0,Call GEX 5,GEX,239059.363,9494.408731753048,9588.877062267164
2026-10-08 08:27:35,7900.0,7951.25,Put CEX 3,CEX,-381708.635,9494.408731753048,9588.877062267164
2026-10-08 08:27:35,7900.0,7951.25,Call GEX 4,GEX,309148.801,9494.408731753048,9588.877062267164
2026-10-08 08:27:35,7900.0,7951.25,Put VEX 2,VEX,-414463.325,9494.408731753048,9588.877062267164
2026-10-08 08:27:35,7950.0,8001.5,Put VEX 5,VEX,-231515.337,9494.408731753048,9588.877062267164
2026-10-08 08:27:35,8000.0,8052.0,Put CEX 1,CEX,-3160355.573,9494.408731753048,9588.877062267164
2026-10-08 08:27:35,8000.0,8052.0,Put DEX 1,DEX,-1352.798,9494.408731753048,9588.877062267164
2026-10-08 08:27:35,8000.0,8052.0,Put GEX 1,GEX,-478614.185,9494.408731753048,9588.877062267164
2026-10-08 08:27:35,8000.0,8052.0,Put VEX 1,VEX,-3987548.301,9494.408731753048,9588.877062267164
2026-10-08 08:27:35,8250.0,8303.5,Put DEX 2,DEX,-25.439,9494.408731753048,9588.877062267164
2026-10-08 08:28:23,7000.0,7045.5,Call CEX 1,CEX,436037.084,8003.6503285579165,9272.820463598408
2026-10-08 08:28:23,7000.0,7045.5,Put DEX 4,DEX,-11.704,8003.6503285579165,9272.820463598408
2026-10-08 08:28:23,7000.0,7045.5,Call VEX 2,VEX,618970.915,8003.6503285579165,9272.820463598408
2026-10-08 08:28:23,7400.0,7448.25,Put DEX 5,DEX,-6.205,8003.6503285579165,9272.820463598408
2026-10-08 08:28:23,7500.0,7548.75,Call CEX 5,CEX,325592.32,8003.6503285579165,9272.820463598408
2026-10-08 08:28:23,7500.0,7548.75,Put DEX 3,DEX,-16.855,8003.6503285579165,9272.820463598408
2026-10-08 08:28:23,7500.0,7548.75,Put GEX 3,GEX,-163856.443,8003.6503285579165,9272.820463598408
2026-10-08 08:28:23,7500.0,7548.75,Call VEX 5,VEX,473943.477,8003.6503285579165,9272.820463598408
2026-10-08 08:28:23,7600.0,7649.5,Call CEX 2,CEX,420710.445,8003.6503285579165,9272.820463598408
2026-10-08 08:28:23,7600.0,7649.5,Call DEX 2,DEX,74.542,8003.6503285579165,9272.820463598408
2026-10-08 08:28:23,7600.0,7649.5,Put GEX 4,GEX,-142752.834,8003.6503285579165,9272.820463598408
2026-10-08 08:28:23,7600.0,7649.5,Call VEX 3,VEX,612298.821,8003.6503285579165,9272.820463598408
2026-10-08 08:28:23,7630.0,7679.75,Call DEX 4,DEX,44.267,8003.6503285579165,9272.820463598408
2026-10-08 08:28:23,7650.0,7699.75,Call CEX 4,CEX,402845.572,8003.6503285579165,9272.820463598408
2026-10-08 08:28:23,7650.0,7699.75,Put GEX 2,GEX,-207579.847,8003.6503285579165,9272.820463598408
2026-10-08 08:28:23,7650.0,7699.75,Call VEX 4,VEX,544235.172,8003.6503285579165,9272.820463598408
2026-10-08 08:28:23,7700.0,7750.25,Call CEX 3,CEX,417804.772,8003.6503285579165,9272.820463598408
2026-10-08 08:28:23,7700.0,7750.25,Call DEX 1,DEX,75.589,8003.6503285579165,9272.820463598408
2026-10-08 08:28:23,7700.0,7750.25,Put GEX 5,GEX,-112696.288,8003.6503285579165,9272.820463598408
2026-10-08 08:28:23,7700.0,7750.25,Call VEX 1,VEX,707706.797,8003.6503285579165,9272.820463598408
2026-10-08 08:28:23,7750.0,7800.5,Call DEX 3,DEX,59.886,8003.6503285579165,9272.820463598408
2026-10-08 08:28:23,7800.0,7850.75,Put CEX 2,CEX,-476339.06,8003.6503285579165,9272.820463598408
2026-10-08 08:28:23,7800.0,7850.75,Call GEX 1,GEX,354414.337,8003.6503285579165,9272.820463598408
2026-10-08 08:28:23,7800.0,7850.75,Put VEX 4,VEX,-261762.208,8003.6503285579165,9272.820463598408
2026-10-08 08:28:23,7825.0,7876.0,Put CEX 5,CEX,-227780.414,8003.6503285579165,9272.820463598408
2026-10-08 08:28:23,7825.0,7876.0,Call DEX 5,DEX,34.591,8003.6503285579165,9272.820463598408
2026-10-08 08:28:23,7825.0,7876.0,Call GEX 3,GEX,349447.132,8003.6503285579165,9272.820463598408
2026-10-08 08:28:23,7850.0,7901.0,Put CEX 4,CEX,-375249.23,8003.6503285579165,9272.820463598408
2026-10-08 08:28:23,7850.0,7901.0,Call GEX 2,GEX,352569.76,8003.6503285579165,9272.820463598408
2026-10-08 08:28:23,7850.0,7901.0,Put VEX 3,VEX,-348720.198,8003.6503285579165,9272.820463598408
2026-10-08 08:28:23,7870.0,7921.25,Call GEX 5,GEX,242685.181,8003.6503285579165,9272.820463598408
2026-10-08 08:28:23,7900.0,7951.5,Put CEX 3,CEX,-384454.13,8003.6503285579165,9272.820463598408
2026-10-08 08:28:23,7900.0,7951.5,Call GEX 4,GEX,314700.693,8003.6503285579165,9272.820463598408
2026-10-08 08:28:23,7900.0,7951.5,Put VEX 2,VEX,-416150.073,8003.6503285579165,9272.820463598408
2026-10-08 08:28:23,7950.0,8001.75,Put VEX 5,VEX,-233993.493,8003.6503285579165,9272.820463598408
2026-10-08 08:28:23,8000.0,8052.0,Put CEX 1,CEX,-3151566.643,8003.6503285579165,9272.820463598408
2026-10-08 08:28:23,8000.0,8052.0,Put DEX 1,DEX,-1355.329,8003.6503285579165,9272.820463598408
2026-10-08 08:28:23,8000.0,8052.0,Put GEX 1,GEX,-470813.796,8003.6503285579165,9272.820463598408
2026-10-08 08:28:23,8000.0,8052.0,Put VEX 1,VEX,-3974206.545,8003.6503285579165,9272.820463598408
2026-10-08 08:28:23,8250.0,8303.75,Put DEX 2,DEX,-25.505,8003.6503285579165,9272.820463598408
2026-10-08 08:29:12,7000.0,7045.75,Call CEX 1,CEX,435877.295,8003.609414714639,9267.104883537537
2026-10-08 08:29:12,7000.0,7045.75,Put DEX 4,DEX,-11.698,8003.609414714639,9267.104883537537
2026-10-08 08:29:12,7000.0,7045.75,Call VEX 2,VEX,618760.588,8003.609414714639,9267.104883537537
2026-10-08 08:29:12,7400.0,7448.5,Put DEX 5,DEX,-6.149,8003.609414714639,9267.104883537537
2026-10-08 08:29:12,7500.0,7549.0,Call CEX 5,CEX,324219.628,8003.609414714639,9267.104883537537
2026-10-08 08:29:12,7500.0,7549.0,Put DEX 3,DEX,-18.646,8003.609414714639,9267.104883537537
2026-10-08 08:29:12,7500.0,7549.0,Put GEX 3,GEX,-163352.647,8003.609414714639,9267.104883537537
2026-10-08 08:29:12,7500.0,7549.0,Call VEX 5,VEX,471924.579,8003.609414714639,9267.104883537537
2026-10-08 08:29:12,7600.0,7649.75,Call CEX 3,CEX,419474.32,8003.609414714639,9267.104883537537
2026-10-08 08:29:12,7600.0,7649.75,Call DEX 2,DEX,74.971,8003.609414714639,9267.104883537537
2026-10-08 08:29:12,7600.0,7649.75,Put GEX 4,GEX,-141103.876,8003.609414714639,9267.104883537537
2026-10-08 08:29:12,7600.0,7649.75,Call VEX 3,VEX,610530.93,8003.609414714639,9267.104883537537
2026-10-08 08:29:12,7630.0,7680.0,Call DEX 4,DEX,44.507,8003.609414714639,9267.104883537537
2026-10-08 08:29:12,7650.0,7700.0,Call CEX 4,CEX,401504.585,8003.609414714639,9267.104883537537
2026-10-08 08:29:12,7650.0,7700.0,Put GEX 2,GEX,-206470.137,8003.609414714639,9267.104883537537
2026-10-08 08:29:12,7650.0,7700.0,Call VEX 4,VEX,542864.085,8003.609414714639,9267.104883537537
2026-10-08 08:29:12,7700.0,7750.5,Call CEX 2,CEX,422186.972,8003.609414714639,9267.104883537537
2026-10-08 08:29:12,7700.0,7750.5,Call DEX 1,DEX,76.859,8003.609414714639,9267.104883537537
2026-10-08 08:29:12,7700.0,7750.5,Put GEX 5,GEX,-112763.691,8003.609414714639,9267.104883537537
2026-10-08 08:29:12,7700.0,7750.5,Call VEX 1,VEX,712924.382,8003.609414714639,9267.104883537537
2026-10-08 08:29:12,7750.0,7800.75,Call DEX 3,DEX,61.366,8003.609414714639,9267.104883537537
2026-10-08 08:29:12,7800.0,7851.0,Put CEX 2,CEX,-464928.647,8003.609414714639,9267.104883537537
2026-10-08 08:29:12,7800.0,7851.0,Call GEX 1,GEX,357768.7,8003.609414714639,9267.104883537537
2026-10-08 08:29:12,7800.0,7851.0,Put VEX 4,VEX,-247266.36,8003.609414714639,9267.104883537537
2026-10-08 08:29:12,7825.0,7876.25,Call DEX 5,DEX,35.053,8003.609414714639,9267.104883537537
2026-10-08 08:29:12,7825.0,7876.25,Call GEX 3,GEX,352456.67,8003.609414714639,9267.104883537537
2026-10-08 08:29:12,7850.0,7901.25,Put CEX 4,CEX,-374102.499,8003.609414714639,9267.104883537537
2026-10-08 08:29:12,7850.0,7901.25,Call GEX 2,GEX,355743.325,8003.609414714639,9267.104883537537
2026-10-08 08:29:12,7850.0,7901.25,Put VEX 3,VEX,-346288.899,8003.609414714639,9267.104883537537
2026-10-08 08:29:12,7870.0,7921.5,Put CEX 5,CEX,-226243.193,8003.609414714639,9267.104883537537
2026-10-08 08:29:12,7870.0,7921.5,Call GEX 5,GEX,245036.645,8003.609414714639,9267.104883537537
2026-10-08 08:29:12,7900.0,7951.75,Put CEX 3,CEX,-385740.714,8003.609414714639,9267.104883537537
2026-10-08 08:29:12,7900.0,7951.75,Call GEX 4,GEX,318054.933,8003.609414714639,9267.104883537537
2026-10-08 08:29:12,7900.0,7951.75,Put VEX 2,VEX,-416884.778,8003.609414714639,9267.104883537537
2026-10-08 08:29:12,7950.0,8002.0,Put VEX 5,VEX,-235389.494,8003.609414714639,9267.104883537537
2026-10-08 08:29:12,8000.0,8052.25,Put CEX 1,CEX,-3165445.062,8003.609414714639,9267.104883537537
2026-10-08 08:29:12,8000.0,8052.25,Put DEX 1,DEX,-1355.156,8003.609414714639,9267.104883537537
2026-10-08 08:29:12,8000.0,8052.25,Put GEX 1,GEX,-461862.517,8003.609414714639,9267.104883537537
2026-10-08 08:29:12,8000.0,8052.25,Put VEX 1,VEX,-3990213.116,8003.609414714639,9267.104883537537
2026-10-08 08:29:12,8250.0,8304.0,Put DEX 2,DEX,-25.49,8003.609414714639,9267.104883537537
2026-10-08 08:30:00,7000.0,7045.25,Call CEX 1,CEX,687193.828,8003.708603930425,9265.251024688743
2026-10-08 08:30:00,7000.0,7045.25,Call DEX 1,DEX,1536.512,8003.708603930425,9265.251024688743
2026-10-08 08:30:00,7000.0,7045.25,Call VEX 1,VEX,978369.484,8003.708603930425,9265.251024688743
2026-10-08 08:30:00,7400.0,7448.0,Put DEX 4,DEX,-6.124,8003.708603930425,9265.251024688743
2026-10-08 08:30:00,7500.0,7548.5,Call CEX 5,CEX,324170.37,8003.708603930425,9265.251024688743
2026-10-08 08:30:00,7500.0,7548.5,Put DEX 3,DEX,-18.635,8003.708603930425,9265.251024688743
2026-10-08 08:30:00,7500.0,7548.5,Put GEX 3,GEX,-163153.605,8003.708603930425,9265.251024688743
2026-10-08 08:30:00,7500.0,7548.5,Call VEX 5,VEX,471800.237,8003.708603930425,9265.251024688743
2026-10-08 08:30:00,7600.0,7649.25,Call CEX 3,CEX,415907.891,8003.708603930425,9265.251024688743
2026-10-08 08:30:00,7600.0,7649.25,Call DEX 3,DEX,75.68,8003.708603930425,9265.251024688743
2026-10-08 08:30:00,7600.0,7649.25,Put GEX 4,GEX,-143891.979,8003.708603930425,9265.251024688743
2026-10-08 08:30:00,7600.0,7649.25,Call VEX 3,VEX,604831.687,8003.708603930425,9265.251024688743
2026-10-08 08:30:00,7630.0,7679.5,Call DEX 5,DEX,44.747,8003.708603930425,9265.251024688743
2026-10-08 08:30:00,7650.0,7699.5,Call CEX 4,CEX,398890.64,8003.708603930425,9265.251024688743
2026-10-08 08:30:00,7650.0,7699.5,Put GEX 2,GEX,-207789.559,8003.708603930425,9265.251024688743
2026-10-08 08:30:00,7650.0,7699.5,Call VEX 4,VEX,540488.387,8003.708603930425,9265.251024688743
2026-10-08 08:30:00,7700.0,7749.75,Call CEX 2,CEX,423815.802,8003.708603930425,9265.251024688743
2026-10-08 08:30:00,7700.0,7749.75,Call DEX 2,DEX,77.539,8003.708603930425,9265.251024688743
2026-10-08 08:30:00,7700.0,7749.75,Put GEX 5,GEX,-110085.125,8003.708603930425,9265.251024688743
2026-10-08 08:30:00,7700.0,7749.75,Call VEX 2,VEX,715259.013,8003.708603930425,9265.251024688743
2026-10-08 08:30:00,7750.0,7800.25,Call DEX 4,DEX,61.832,8003.708603930425,9265.251024688743
2026-10-08 08:30:00,7800.0,7850.5,Put CEX 2,CEX,-461993.009,8003.708603930425,9265.251024688743
2026-10-08 08:30:00,7800.0,7850.5,Call GEX 1,GEX,366068.838,8003.708603930425,9265.251024688743
2026-10-08 08:30:00,7800.0,7850.5,Put VEX 4,VEX,-243402.121,8003.708603930425,9265.251024688743
2026-10-08 08:30:00,7825.0,7875.75,Call GEX 3,GEX,354493.459,8003.708603930425,9265.251024688743
2026-10-08 08:30:00,7850.0,7900.75,Put CEX 4,CEX,-373890.004,8003.708603930425,9265.251024688743
2026-10-08 08:30:00,7850.0,7900.75,Call GEX 2,GEX,357411.777,8003.708603930425,9265.251024688743
2026-10-08 08:30:00,7850.0,7900.75,Put VEX 3,VEX,-345712.105,8003.708603930425,9265.251024688743
2026-10-08 08:30:00,7870.0,7921.0,Put CEX 5,CEX,-226380.119,8003.708603930425,9265.251024688743
2026-10-08 08:30:00,7870.0,7921.0,Call GEX 5,GEX,245837.79,8003.708603930425,9265.251024688743
2026-10-08 08:30:00,7900.0,7951.25,Put CEX 3,CEX,-385592.199,8003.708603930425,9265.251024688743
2026-10-08 08:30:00,7900.0,7951.25,Call GEX 4,GEX,318719.286,8003.708603930425,9265.251024688743
2026-10-08 08:30:00,7900.0,7951.25,Put VEX 2,VEX,-416628.517,8003.708603930425,9265.251024688743
2026-10-08 08:30:00,7950.0,8001.5,Put VEX 5,VEX,-234518.153,8003.708603930425,9265.251024688743
2026-10-08 08:30:00,8000.0,8051.75,Put CEX 1,CEX,-3224055.883,8003.708603930425,9265.251024688743
2026-10-08 08:30:00,8000.0,8051.75,Put DEX 1,DEX,-1345.563,8003.708603930425,9265.251024688743
2026-10-08 08:30:00,8000.0,8051.75,Put GEX 1,GEX,-496121.678,8003.708603930425,9265.251024688743
2026-10-08 08:30:00,8000.0,8051.75,Put VEX 1,VEX,-4063765.73,8003.708603930425,9265.251024688743
2026-10-08 08:30:00,8100.0,8152.5,Put DEX 5,DEX,-5.145,8003.708603930425,9265.251024688743
2026-10-08 08:30:00,8250.0,8303.5,Put DEX 2,DEX,-25.408,8003.708603930425,9265.251024688743
2026-10-08 08:30:52,7000.0,7046.0,Call CEX 1,CEX,444864.653,10160.581306990882,10274.239713774596
2026-10-08 08:30:52,7000.0,7046.0,Put DEX 3,DEX,-12.028,10160.581306990882,10274.239713774596
2026-10-08 08:30:52,7000.0,7046.0,Call VEX 2,VEX,631363.83,10160.581306990882,10274.239713774596
2026-10-08 08:30:52,7400.0,7448.5,Put DEX 4,DEX,-6.263,10160.581306990882,10274.239713774596
2026-10-08 08:30:52,7500.0,7549.25,Call CEX 5,CEX,346008.359,10160.581306990882,10274.239713774596
2026-10-08 08:30:52,7500.0,7549.25,Call DEX 4,DEX,54.232,10160.581306990882,10274.239713774596
2026-10-08 08:30:52,7500.0,7549.25,Put GEX 3,GEX,-155640.26,10160.581306990882,10274.239713774596
2026-10-08 08:30:52,7500.0,7549.25,Call VEX 5,VEX,504595.761,10160.581306990882,10274.239713774596
2026-10-08 08:30:52,7600.0,7649.75,Call CEX 2,CEX,422934.473,10160.581306990882,10274.239713774596
2026-10-08 08:30:52,7600.0,7649.75,Call DEX 1,DEX,74.322,10160.581306990882,10274.239713774596
2026-10-08 08:30:52,7600.0,7649.75,Put GEX 4,GEX,-143090.067,10160.581306990882,10274.239713774596
2026-10-08 08:30:52,7600.0,7649.75,Call VEX 3,VEX,615572.991,10160.581306990882,10274.239713774596
2026-10-08 08:30:52,7630.0,7680.0,Call DEX 5,DEX,43.997,10160.581306990882,10274.239713774596
2026-10-08 08:30:52,7650.0,7700.25,Call CEX 4,CEX,404364.892,10160.581306990882,10274.239713774596
2026-10-08 08:30:52,7650.0,7700.25,Put GEX 2,GEX,-208602.814,10160.581306990882,10274.239713774596
2026-10-08 08:30:52,7650.0,7700.25,Call VEX 4,VEX,545823.458,10160.581306990882,10274.239713774596
2026-10-08 08:30:52,7700.0,7750.5,Call CEX 3,CEX,412446.409,10160.581306990882,10274.239713774596
2026-10-08 08:30:52,7700.0,7750.5,Call DEX 2,DEX,74.1,10160.581306990882,10274.239713774596
2026-10-08 08:30:52,7700.0,7750.5,Put GEX 5,GEX,-113425.397,10160.581306990882,10274.239713774596
2026-10-08 08:30:52,7700.0,7750.5,Call VEX 1,VEX,701483.22,10160.581306990882,10274.239713774596
2026-10-08 08:30:52,7750.0,7800.75,Call DEX 3,DEX,57.943,10160.581306990882,10274.239713774596
2026-10-08 08:30:52,7800.0,7851.25,Put CEX 2,CEX,-492689.645,10160.581306990882,10274.239713774596
2026-10-08 08:30:52,7800.0,7851.25,Call GEX 1,GEX,351445.29,10160.581306990882,10274.239713774596
2026-10-08 08:30:52,7800.0,7851.25,Put VEX 4,VEX,-281824.575,10160.581306990882,10274.239713774596
2026-10-08 08:30:52,7825.0,7876.25,Put CEX 5,CEX,-230908.942,10160.581306990882,10274.239713774596
2026-10-08 08:30:52,7825.0,7876.25,Call GEX 3,GEX,346193.687,10160.581306990882,10274.239713774596
2026-10-08 08:30:52,7850.0,7901.5,Put CEX 4,CEX,-377262.885,10160.581306990882,10274.239713774596
2026-10-08 08:30:52,7850.0,7901.5,Call GEX 2,GEX,347976.966,10160.581306990882,10274.239713774596
2026-10-08 08:30:52,7850.0,7901.5,Put VEX 3,VEX,-352344.661,10160.581306990882,10274.239713774596
2026-10-08 08:30:52,7870.0,7921.5,Call GEX 5,GEX,239434.192,10160.581306990882,10274.239713774596
2026-10-08 08:30:52,7900.0,7951.75,Put CEX 3,CEX,-382007.226,10160.581306990882,10274.239713774596
2026-10-08 08:30:52,7900.0,7951.75,Call GEX 4,GEX,309671.844,10160.581306990882,10274.239713774596
2026-10-08 08:30:52,7900.0,7951.75,Put VEX 2,VEX,-414579.883,10160.581306990882,10274.239713774596
2026-10-08 08:30:52,7950.0,8002.25,Put VEX 5,VEX,-230952.002,10160.581306990882,10274.239713774596
2026-10-08 08:30:52,8000.0,8052.5,Put CEX 1,CEX,-3164840.632,10160.581306990882,10274.239713774596
2026-10-08 08:30:52,8000.0,8052.5,Put DEX 1,DEX,-1353.643,10160.581306990882,10274.239713774596
2026-10-08 08:30:52,8000.0,8052.5,Put GEX 1,GEX,-465832.867,10160.581306990882,10274.239713774596
2026-10-08 08:30:52,8000.0,8052.5,Put VEX 1,VEX,-3991961.617,10160.581306990882,10274.239713774596
2026-10-08 08:30:52,8100.0,8153.0,Put DEX 5,DEX,-5.279,10160.581306990882,10274.239713774596
2026-10-08 08:30:52,8250.0,8304.0,Put DEX 2,DEX,-25.539,10160.581306990882,10274.239713774596
2026-10-08 08:31:39,7000.0,7045.25,Call CEX 1,CEX,444458.461,8003.655511342313,9273.18850318716
2026-10-08 08:31:39,7000.0,7045.25,Put DEX 4,DEX,-12.012,8003.655511342313,9273.18850318716
2026-10-08 08:31:39,7000.0,7045.25,Call VEX 2,VEX,630833.063,8003.655511342313,9273.18850318716
2026-10-08 08:31:39,7400.0,7447.75,Put DEX 5,DEX,-6.215,8003.655511342313,9273.18850318716
2026-10-08 08:31:39,7500.0,7548.5,Call CEX 5,CEX,327053.815,8003.655511342313,9273.18850318716
2026-10-08 08:31:39,7500.0,7548.5,Put DEX 3,DEX,-17.002,8003.655511342313,9273.18850318716
2026-10-08 08:31:39,7500.0,7548.5,Put GEX 3,GEX,-164102.038,8003.655511342313,9273.18850318716
2026-10-08 08:31:39,7500.0,7548.5,Call VEX 5,VEX,476004.284,8003.655511342313,9273.18850318716
2026-10-08 08:31:39,7600.0,7649.25,Call CEX 2,CEX,419924.816,8003.655511342313,9273.18850318716
2026-10-08 08:31:39,7600.0,7649.25,Call DEX 2,DEX,74.717,8003.655511342313,9273.18850318716
2026-10-08 08:31:39,7600.0,7649.25,Put GEX 4,GEX,-143495.922,8003.655511342313,9273.18850318716
2026-10-08 08:31:39,7600.0,7649.25,Call VEX 3,VEX,610847.89,8003.655511342313,9273.18850318716
2026-10-08 08:31:39,7630.0,7679.25,Call DEX 4,DEX,44.431,8003.655511342313,9273.18850318716
2026-10-08 08:31:39,7650.0,7699.5,Call CEX 4,CEX,400071.348,8003.655511342313,9273.18850318716
2026-10-08 08:31:39,7650.0,7699.5,Put GEX 2,GEX,-209233.195,8003.655511342313,9273.18850318716
2026-10-08 08:31:39,7650.0,7699.5,Call VEX 4,VEX,541806.273,8003.655511342313,9273.18850318716
2026-10-08 08:31:39,7700.0,7749.75,Call CEX 3,CEX,418295.829,8003.655511342313,9273.18850318716
2026-10-08 08:31:39,7700.0,7749.75,Call DEX 1,DEX,75.812,8003.655511342313,9273.18850318716
2026-10-08 08:31:39,7700.0,7749.75,Put GEX 5,GEX,-111060.781,8003.655511342313,9273.18850318716
2026-10-08 08:31:39,7700.0,7749.75,Call VEX 1,VEX,708216.389,8003.655511342313,9273.18850318716
2026-10-08 08:31:39,7750.0,7800.25,Call DEX 3,DEX,60.066,8003.655511342313,9273.18850318716
2026-10-08 08:31:39,7800.0,7850.5,Put CEX 2,CEX,-475520.708,8003.655511342313,9273.18850318716
2026-10-08 08:31:39,7800.0,7850.5,Call GEX 1,GEX,362226.473,8003.655511342313,9273.18850318716
2026-10-08 08:31:39,7800.0,7850.5,Put VEX 4,VEX,-260640.759,8003.655511342313,9273.18850318716
2026-10-08 08:31:39,7825.0,7875.5,Put CEX 5,CEX,-228254.072,8003.655511342313,9273.18850318716
2026-10-08 08:31:39,7825.0,7875.5,Call DEX 5,DEX,34.551,8003.655511342313,9273.18850318716
2026-10-08 08:31:39,7825.0,7875.5,Call GEX 3,GEX,351111.579,8003.655511342313,9273.18850318716
2026-10-08 08:31:39,7850.0,7900.75,Put CEX 4,CEX,-375231.266,8003.655511342313,9273.18850318716
2026-10-08 08:31:39,7850.0,7900.75,Call GEX 2,GEX,353363.596,8003.655511342313,9273.18850318716
2026-10-08 08:31:39,7850.0,7900.75,Put VEX 3,VEX,-348502.021,8003.655511342313,9273.18850318716
2026-10-08 08:31:39,7870.0,7921.0,Call GEX 5,GEX,242912.18,8003.655511342313,9273.18850318716
2026-10-08 08:31:39,7900.0,7951.0,Put CEX 3,CEX,-383996.327,8003.655511342313,9273.18850318716
2026-10-08 08:31:39,7900.0,7951.0,Call GEX 4,GEX,314600.752,8003.655511342313,9273.18850318716
2026-10-08 08:31:39,7900.0,7951.0,Put VEX 2,VEX,-415713.44,8003.655511342313,9273.18850318716
2026-10-08 08:31:39,7950.0,8001.5,Put VEX 5,VEX,-233334.054,8003.655511342313,9273.18850318716
2026-10-08 08:31:39,8000.0,8051.75,Put CEX 1,CEX,-3181269.31,8003.655511342313,9273.18850318716
2026-10-08 08:31:39,8000.0,8051.75,Put DEX 1,DEX,-1352.034,8003.655511342313,9273.18850318716
2026-10-08 08:31:39,8000.0,8051.75,Put GEX 1,GEX,-472774.39,8003.655511342313,9273.18850318716
2026-10-08 08:31:39,8000.0,8051.75,Put VEX 1,VEX,-4010678.503,8003.655511342313,9273.18850318716
2026-10-08 08:31:39,8250.0,8303.25,Put DEX 2,DEX,-25.42,8003.655511342313,9273.18850318716
2026-10-08 08:32:28,7000.0,7045.5,Call CEX 1,CEX,444583.903,9493.5936644883,9562.954761151534
2026-10-08 08:32:28,7000.0,7045.5,Put DEX 4,DEX,-12.016,9493.5936644883,9562.954761151534
2026-10-08 08:32:28,7000.0,7045.5,Call VEX 2,VEX,630947.39,9493.5936644883,9562.954761151534
2026-10-08 08:32:28,7400.0,7448.25,Put DEX 5,DEX,-6.219,9493.5936644883,9562.954761151534
2026-10-08 08:32:28,7500.0,7548.75,Call CEX 5,CEX,327265.96,9493.5936644883,9562.954761151534
2026-10-08 08:32:28,7500.0,7548.75,Put DEX 3,DEX,-17.024,9493.5936644883,9562.954761151534
2026-10-08 08:32:28,7500.0,7548.75,Put GEX 3,GEX,-164289.67,9493.5936644883,9562.954761151534
2026-10-08 08:32:28,7500.0,7548.75,Call VEX 5,VEX,476301.412,9493.5936644883,9562.954761151534
2026-10-08 08:32:28,7600.0,7649.5,Call CEX 2,CEX,421962.367,9493.5936644883,9562.954761151534
2026-10-08 08:32:28,7600.0,7649.5,Call DEX 2,DEX,74.657,9493.5936644883,9562.954761151534
2026-10-08 08:32:28,7600.0,7649.5,Put GEX 4,GEX,-142117.808,9493.5936644883,9562.954761151534
2026-10-08 08:32:28,7600.0,7649.5,Call VEX 3,VEX,613945.851,9493.5936644883,9562.954761151534
2026-10-08 08:32:28,7630.0,7679.75,Call DEX 4,DEX,44.331,9493.5936644883,9562.954761151534
2026-10-08 08:32:28,7650.0,7699.75,Call CEX 4,CEX,402393.076,9493.5936644883,9562.954761151534
2026-10-08 08:32:28,7650.0,7699.75,Put GEX 2,GEX,-207897.573,9493.5936644883,9562.954761151534
2026-10-08 08:32:28,7650.0,7699.75,Call VEX 4,VEX,543796.794,9493.5936644883,9562.954761151534
2026-10-08 08:32:28,7700.0,7750.25,Call CEX 3,CEX,417165.504,9493.5936644883,9562.954761151534
2026-10-08 08:32:28,7700.0,7750.25,Call DEX 1,DEX,75.439,9493.5936644883,9562.954761151534
2026-10-08 08:32:28,7700.0,7750.25,Put GEX 5,GEX,-112081.209,9493.5936644883,9562.954761151534
2026-10-08 08:32:28,7700.0,7750.25,Call VEX 1,VEX,706860.425,9493.5936644883,9562.954761151534
2026-10-08 08:32:28,7750.0,7800.5,Call DEX 3,DEX,59.589,9493.5936644883,9562.954761151534
2026-10-08 08:32:28,7800.0,7850.75,Put CEX 2,CEX,-479844.721,9493.5936644883,9562.954761151534
2026-10-08 08:32:28,7800.0,7850.75,Call GEX 1,GEX,357787.272,9493.5936644883,9562.954761151534
2026-10-08 08:32:28,7800.0,7850.75,Put VEX 4,VEX,-265618.905,9493.5936644883,9562.954761151534
2026-10-08 08:32:28,7825.0,7876.0,Put CEX 5,CEX,-228867.796,9493.5936644883,9562.954761151534
2026-10-08 08:32:28,7825.0,7876.0,Call DEX 5,DEX,34.405,9493.5936644883,9562.954761151534
2026-10-08 08:32:28,7825.0,7876.0,Call GEX 3,GEX,349820.891,9493.5936644883,9562.954761151534
2026-10-08 08:32:28,7850.0,7901.0,Put CEX 4,CEX,-375901.623,9493.5936644883,9562.954761151534
2026-10-08 08:32:28,7850.0,7901.0,Call GEX 2,GEX,352118.505,9493.5936644883,9562.954761151534
2026-10-08 08:32:28,7850.0,7901.0,Put VEX 3,VEX,-349553.497,9493.5936644883,9562.954761151534
2026-10-08 08:32:28,7870.0,7921.25,Call GEX 5,GEX,242081.75,9493.5936644883,9562.954761151534
2026-10-08 08:32:28,7900.0,7951.5,Put CEX 3,CEX,-383155.964,9493.5936644883,9562.954761151534
2026-10-08 08:32:28,7900.0,7951.5,Call GEX 4,GEX,313218.969,9493.5936644883,9562.954761151534
2026-10-08 08:32:28,7900.0,7951.5,Put VEX 2,VEX,-415168.777,9493.5936644883,9562.954761151534
2026-10-08 08:32:28,7950.0,8001.75,Put VEX 5,VEX,-233167.431,9493.5936644883,9562.954761151534
2026-10-08 08:32:28,8000.0,8052.0,Put CEX 1,CEX,-3178526.432,9493.5936644883,9562.954761151534
2026-10-08 08:32:28,8000.0,8052.0,Put DEX 1,DEX,-1352.421,9493.5936644883,9562.954761151534
2026-10-08 08:32:28,8000.0,8052.0,Put GEX 1,GEX,-470754.551,9493.5936644883,9562.954761151534
2026-10-08 08:32:28,8000.0,8052.0,Put VEX 1,VEX,-4006838.855,9493.5936644883,9562.954761151534
2026-10-08 08:32:28,8250.0,8303.75,Put DEX 2,DEX,-25.468,9493.5936644883,9562.954761151534
2026-10-08 08:33:16,7000.0,7045.75,Call CEX 1,CEX,445010.693,9488.6201755839,9602.602195306588
2026-10-08 08:33:16,7000.0,7045.75,Put DEX 4,DEX,-12.025,9488.6201755839,9602.602195306588
2026-10-08 08:33:16,7000.0,7045.75,Call VEX 2,VEX,631327.117,9488.6201755839,9602.602195306588
2026-10-08 08:33:16,7400.0,7448.5,Put DEX 5,DEX,-6.222,9488.6201755839,9602.602195306588
2026-10-08 08:33:16,7500.0,7549.0,Call CEX 5,CEX,327578.604,9488.6201755839,9602.602195306588
2026-10-08 08:33:16,7500.0,7549.0,Put DEX 3,DEX,-17.055,9488.6201755839,9602.602195306588
2026-10-08 08:33:16,7500.0,7549.0,Put GEX 3,GEX,-164588.646,9488.6201755839,9602.602195306588
2026-10-08 08:33:16,7500.0,7549.0,Call VEX 5,VEX,476685.28,9488.6201755839,9602.602195306588
2026-10-08 08:33:16,7600.0,7649.75,Call CEX 2,CEX,419167.146,9488.6201755839,9602.602195306588
2026-10-08 08:33:16,7600.0,7649.75,Call DEX 2,DEX,74.831,9488.6201755839,9602.602195306588
2026-10-08 08:33:16,7600.0,7649.75,Put GEX 4,GEX,-145504.083,9488.6201755839,9602.602195306588
2026-10-08 08:33:16,7600.0,7649.75,Call VEX 3,VEX,609410.442,9488.6201755839,9602.602195306588
2026-10-08 08:33:16,7630.0,7680.0,Call DEX 4,DEX,44.555,9488.6201755839,9602.602195306588
2026-10-08 08:33:16,7650.0,7700.0,Call CEX 4,CEX,400718.195,9488.6201755839,9602.602195306588
2026-10-08 08:33:16,7650.0,7700.0,Put GEX 2,GEX,-209992.513,9488.6201755839,9602.602195306588
2026-10-08 08:33:16,7650.0,7700.0,Call VEX 4,VEX,542407.55,9488.6201755839,9602.602195306588
2026-10-08 08:33:16,7700.0,7750.5,Call CEX 3,CEX,416511.862,9488.6201755839,9602.602195306588
2026-10-08 08:33:16,7700.0,7750.5,Call DEX 1,DEX,75.45,9488.6201755839,9602.602195306588
2026-10-08 08:33:16,7700.0,7750.5,Put GEX 5,GEX,-109976.924,9488.6201755839,9602.602195306588
2026-10-08 08:33:16,7700.0,7750.5,Call VEX 1,VEX,706501.037,9488.6201755839,9602.602195306588
2026-10-08 08:33:16,7750.0,7800.75,Call DEX 3,DEX,59.381,9488.6201755839,9602.602195306588
2026-10-08 08:33:16,7800.0,7851.0,Put CEX 2,CEX,-483752.172,9488.6201755839,9602.602195306588
2026-10-08 08:33:16,7800.0,7851.0,Call GEX 1,GEX,370462.981,9488.6201755839,9602.602195306588
2026-10-08 08:33:16,7800.0,7851.0,Put VEX 4,VEX,-269934.339,9488.6201755839,9602.602195306588
2026-10-08 08:33:16,7825.0,7876.25,Put CEX 5,CEX,-230477.387,9488.6201755839,9602.602195306588
2026-10-08 08:33:16,7825.0,7876.25,Call DEX 5,DEX,34.135,9488.6201755839,9602.602195306588
2026-10-08 08:33:16,7825.0,7876.25,Call GEX 3,GEX,351614.263,9488.6201755839,9602.602195306588
2026-10-08 08:33:16,7850.0,7901.25,Put CEX 4,CEX,-376739.9,9488.6201755839,9602.602195306588
2026-10-08 08:33:16,7850.0,7901.25,Call GEX 2,GEX,353366.077,9488.6201755839,9602.602195306588
2026-10-08 08:33:16,7850.0,7901.25,Put VEX 3,VEX,-350736.693,9488.6201755839,9602.602195306588
2026-10-08 08:33:16,7870.0,7921.5,Call GEX 5,GEX,241792.502,9488.6201755839,9602.602195306588
2026-10-08 08:33:16,7900.0,7951.75,Put CEX 3,CEX,-382920.16,9488.6201755839,9602.602195306588
2026-10-08 08:33:16,7900.0,7951.75,Call GEX 4,GEX,312399.733,9488.6201755839,9602.602195306588
2026-10-08 08:33:16,7900.0,7951.75,Put VEX 2,VEX,-414887.228,9488.6201755839,9602.602195306588
2026-10-08 08:33:16,7950.0,8002.0,Put VEX 5,VEX,-231252.533,9488.6201755839,9602.602195306588
2026-10-08 08:33:16,8000.0,8052.25,Put CEX 1,CEX,-3216561.824,9488.6201755839,9602.602195306588
2026-10-08 08:33:16,8000.0,8052.25,Put DEX 1,DEX,-1345.665,9488.6201755839,9602.602195306588
2026-10-08 08:33:16,8000.0,8052.25,Put GEX 1,GEX,-494102.116,9488.6201755839,9602.602195306588
2026-10-08 08:33:16,8000.0,8052.25,Put VEX 1,VEX,-4055587.436,9488.6201755839,9602.602195306588
2026-10-08 08:33:16,8250.0,8304.0,Put DEX 2,DEX,-25.34,9488.6201755839,9602.602195306588
2026-10-08 08:34:06,7000.0,7045.5,Call CEX 1,CEX,445439.949,9482.631561204194,9631.024353264474
2026-10-08 08:34:06,7000.0,7045.5,Put DEX 4,DEX,-12.039,9482.631561204194,9631.024353264474
2026-10-08 08:34:06,7000.0,7045.5,Call VEX 2,VEX,631809.345,9482.631561204194,9631.024353264474
2026-10-08 08:34:06,7400.0,7448.0,Put DEX 5,DEX,-6.323,9482.631561204194,9631.024353264474
2026-10-08 08:34:06,7500.0,7548.75,Call CEX 5,CEX,330337.308,9482.631561204194,9631.024353264474
2026-10-08 08:34:06,7500.0,7548.75,Put DEX 3,DEX,-17.398,9482.631561204194,9631.024353264474
2026-10-08 08:34:06,7500.0,7548.75,Put GEX 3,GEX,-166610.965,9482.631561204194,9631.024353264474
2026-10-08 08:34:06,7500.0,7548.75,Call VEX 5,VEX,480755.092,9482.631561204194,9631.024353264474
2026-10-08 08:34:06,7600.0,7649.25,Call CEX 2,CEX,421567.618,9482.631561204194,9631.024353264474
2026-10-08 08:34:06,7600.0,7649.25,Call DEX 1,DEX,74.117,9482.631561204194,9631.024353264474
2026-10-08 08:34:06,7600.0,7649.25,Put GEX 4,GEX,-145851.542,9482.631561204194,9631.024353264474
2026-10-08 08:34:06,7600.0,7649.25,Call VEX 3,VEX,613259.873,9482.631561204194,9631.024353264474
2026-10-08 08:34:06,7630.0,7679.5,Call DEX 4,DEX,44.168,9482.631561204194,9631.024353264474
2026-10-08 08:34:06,7650.0,7699.5,Call CEX 4,CEX,402452.943,9482.631561204194,9631.024353264474
2026-10-08 08:34:06,7650.0,7699.5,Put GEX 2,GEX,-210910.585,9482.631561204194,9631.024353264474
2026-10-08 08:34:06,7650.0,7699.5,Call VEX 4,VEX,544051.041,9482.631561204194,9631.024353264474
2026-10-08 08:34:06,7700.0,7750.0,Call CEX 3,CEX,411333.518,9482.631561204194,9631.024353264474
2026-10-08 08:34:06,7700.0,7750.0,Call DEX 2,DEX,73.985,9482.631561204194,9631.024353264474
2026-10-08 08:34:06,7700.0,7750.0,Put GEX 5,GEX,-111084.544,9482.631561204194,9631.024353264474
2026-10-08 08:34:06,7700.0,7750.0,Call VEX 1,VEX,700516.476,9482.631561204194,9631.024353264474
2026-10-08 08:34:06,7750.0,7800.25,Call DEX 3,DEX,57.442,9482.631561204194,9631.024353264474
2026-10-08 08:34:06,7800.0,7850.5,Put CEX 2,CEX,-498671.831,9482.631561204194,9631.024353264474
2026-10-08 08:34:06,7800.0,7850.5,Call GEX 1,GEX,360615.183,9482.631561204194,9631.024353264474
2026-10-08 08:34:06,7800.0,7850.5,Put VEX 4,VEX,-288705.368,9482.631561204194,9631.024353264474
2026-10-08 08:34:06,7825.0,7875.75,Put CEX 5,CEX,-232792.31,9482.631561204194,9631.024353264474
2026-10-08 08:34:06,7825.0,7875.75,Call DEX 5,DEX,33.552,9482.631561204194,9631.024353264474
2026-10-08 08:34:06,7825.0,7875.75,Call GEX 3,GEX,347246.898,9482.631561204194,9631.024353264474
2026-10-08 08:34:06,7850.0,7901.0,Put CEX 4,CEX,-377749.451,9482.631561204194,9631.024353264474
2026-10-08 08:34:06,7850.0,7901.0,Call GEX 2,GEX,348153.029,9482.631561204194,9631.024353264474
2026-10-08 08:34:06,7850.0,7901.0,Put VEX 3,VEX,-353337.31,9482.631561204194,9631.024353264474
2026-10-08 08:34:06,7870.0,7921.0,Call GEX 5,GEX,238554.784,9482.631561204194,9631.024353264474
2026-10-08 08:34:06,7900.0,7951.25,Put CEX 3,CEX,-381060.789,9482.631561204194,9631.024353264474
2026-10-08 08:34:06,7900.0,7951.25,Call GEX 4,GEX,307918.689,9482.631561204194,9631.024353264474
2026-10-08 08:34:06,7900.0,7951.25,Put VEX 2,VEX,-413748.63,9482.631561204194,9631.024353264474
2026-10-08 08:34:06,7950.0,8001.5,Put VEX 5,VEX,-229567.189,9482.631561204194,9631.024353264474
2026-10-08 08:34:06,8000.0,8052.0,Put CEX 1,CEX,-3179618.902,9482.631561204194,9631.024353264474
2026-10-08 08:34:06,8000.0,8052.0,Put DEX 1,DEX,-1348.131,9482.631561204194,9631.024353264474
2026-10-08 08:34:06,8000.0,8052.0,Put GEX 1,GEX,-504777.69,9482.631561204194,9631.024353264474
2026-10-08 08:34:06,8000.0,8052.0,Put VEX 1,VEX,-4010279.822,9482.631561204194,9631.024353264474
2026-10-08 08:34:06,8250.0,8303.5,Put DEX 2,DEX,-25.422,9482.631561204194,9631.024353264474
2026-10-08 08:34:55,7000.0,7045.75,Call CEX 1,CEX,445996.025,10158.851563408114,10261.909758656871
2026-10-08 08:34:55,7000.0,7045.75,Put DEX 4,DEX,-12.059,10158.851563408114,10261.909758656871
2026-10-08 08:34:55,7000.0,7045.75,Call VEX 2,VEX,632443.816,10158.851563408114,10261.909758656871
2026-10-08 08:34:55,7400.0,7448.25,Put DEX 5,DEX,-6.387,10158.851563408114,10261.909758656871
2026-10-08 08:34:55,7500.0,7549.0,Call CEX 5,CEX,332627.82,10158.851563408114,10261.909758656871
2026-10-08 08:34:55,7500.0,7549.0,Put DEX 3,DEX,-17.675,10158.851563408114,10261.909758656871
2026-10-08 08:34:55,7500.0,7549.0,Put GEX 3,GEX,-168619.744,10158.851563408114,10261.909758656871
2026-10-08 08:34:55,7500.0,7549.0,Call VEX 5,VEX,484026.136,10158.851563408114,10261.909758656871
2026-10-08 08:34:55,7600.0,7649.5,Call CEX 2,CEX,425098.946,10158.851563408114,10261.909758656871
2026-10-08 08:34:55,7600.0,7649.5,Call DEX 1,DEX,73.488,10158.851563408114,10261.909758656871
2026-10-08 08:34:55,7600.0,7649.5,Put GEX 4,GEX,-146555.68,10158.851563408114,10261.909758656871
2026-10-08 08:34:55,7600.0,7649.5,Call VEX 3,VEX,618515.837,10158.851563408114,10261.909758656871
2026-10-08 08:34:55,7630.0,7679.75,Call DEX 4,DEX,43.889,10158.851563408114,10261.909758656871
2026-10-08 08:34:55,7650.0,7700.0,Call CEX 4,CEX,403143.414,10158.851563408114,10261.909758656871
2026-10-08 08:34:55,7650.0,7700.0,Put GEX 2,GEX,-213552.142,10158.851563408114,10261.909758656871
2026-10-08 08:34:55,7650.0,7700.0,Call VEX 4,VEX,544939.101,10158.851563408114,10261.909758656871
2026-10-08 08:34:55,7700.0,7750.25,Call CEX 3,CEX,403668.243,10158.851563408114,10261.909758656871
2026-10-08 08:34:55,7700.0,7750.25,Call DEX 2,DEX,71.96,10158.851563408114,10261.909758656871
2026-10-08 08:34:55,7700.0,7750.25,Put GEX 5,GEX,-110500.942,10158.851563408114,10261.909758656871
2026-10-08 08:34:55,7700.0,7750.25,Call VEX 1,VEX,691648.627,10158.851563408114,10261.909758656871
2026-10-08 08:34:55,7750.0,7800.5,Call DEX 3,DEX,54.921,10158.851563408114,10261.909758656871
2026-10-08 08:34:55,7800.0,7850.75,Put CEX 2,CEX,-519704.972,10158.851563408114,10261.909758656871
2026-10-08 08:34:55,7800.0,7850.75,Call GEX 1,GEX,361191.849,10158.851563408114,10261.909758656871
2026-10-08 08:34:55,7800.0,7850.75,Put VEX 4,VEX,-314701.481,10158.851563408114,10261.909758656871
2026-10-08 08:34:55,7825.0,7876.0,Put CEX 5,CEX,-236588.442,10158.851563408114,10261.909758656871
2026-10-08 08:34:55,7825.0,7876.0,Call DEX 5,DEX,32.657,10158.851563408114,10261.909758656871
2026-10-08 08:34:55,7825.0,7876.0,Call GEX 3,GEX,343210.388,10158.851563408114,10261.909758656871
2026-10-08 08:34:55,7850.0,7901.25,Put CEX 3,CEX,-380015.502,10158.851563408114,10261.909758656871
2026-10-08 08:34:55,7850.0,7901.25,Call GEX 2,GEX,343333.191,10158.851563408114,10261.909758656871
2026-10-08 08:34:55,7850.0,7901.25,Put VEX 3,VEX,-357806.926,10158.851563408114,10261.909758656871
2026-10-08 08:34:55,7870.0,7921.25,Call GEX 5,GEX,234365.408,10158.851563408114,10261.909758656871
2026-10-08 08:34:55,7900.0,7951.5,Put CEX 4,CEX,-378223.616,10158.851563408114,10261.909758656871
2026-10-08 08:34:55,7900.0,7951.5,Call GEX 4,GEX,301754.406,10158.851563408114,10261.909758656871
2026-10-08 08:34:55,7900.0,7951.5,Put VEX 2,VEX,-411860.826,10158.851563408114,10261.909758656871
2026-10-08 08:34:55,7950.0,8001.75,Put VEX 5,VEX,-227175.331,10158.851563408114,10261.909758656871
2026-10-08 08:34:55,8000.0,8052.25,Put CEX 1,CEX,-3141994.773,10158.851563408114,10261.909758656871
2026-10-08 08:34:55,8000.0,8052.25,Put DEX 1,DEX,-1351.796,10158.851563408114,10261.909758656871
2026-10-08 08:34:55,8000.0,8052.25,Put GEX 1,GEX,-500693.969,10158.851563408114,10261.909758656871
2026-10-08 08:34:55,8000.0,8052.25,Put VEX 1,VEX,-3964633.152,10158.851563408114,10261.909758656871
2026-10-08 08:34:55,8250.0,8303.75,Put DEX 2,DEX,-24.881,10158.851563408114,10261.909758656871
2026-10-08 08:35:43,7000.0,7046.0,Call CEX 1,CEX,454195.861,10091.726618705035,10341.338252557438
2026-10-08 08:35:43,7000.0,7046.0,Put DEX 3,DEX,-12.366,10091.726618705035,10341.338252557438
2026-10-08 08:35:43,7000.0,7046.0,Call VEX 2,VEX,644098.868,10091.726618705035,10341.338252557438
2026-10-08 08:35:43,7400.0,7448.5,Put DEX 4,DEX,-5.543,10091.726618705035,10341.338252557438
2026-10-08 08:35:43,7500.0,7549.25,Call CEX 5,CEX,358323.751,10091.726618705035,10341.338252557438
2026-10-08 08:35:43,7500.0,7549.25,Call DEX 4,DEX,53.51,10091.726618705035,10341.338252557438
2026-10-08 08:35:43,7500.0,7549.25,Put GEX 3,GEX,-155334.63,10091.726618705035,10341.338252557438
2026-10-08 08:35:43,7500.0,7549.25,Call VEX 5,VEX,522770.281,10091.726618705035,10341.338252557438
2026-10-08 08:35:43,7600.0,7650.0,Call CEX 2,CEX,427481.662,10091.726618705035,10341.338252557438
2026-10-08 08:35:43,7600.0,7650.0,Call DEX 1,DEX,72.868,10091.726618705035,10341.338252557438
2026-10-08 08:35:43,7600.0,7650.0,Put GEX 4,GEX,-144424.549,10091.726618705035,10341.338252557438
2026-10-08 08:35:43,7600.0,7650.0,Call VEX 3,VEX,622494.862,10091.726618705035,10341.338252557438
2026-10-08 08:35:43,7630.0,7680.25,Call DEX 5,DEX,43.558,10091.726618705035,10341.338252557438
2026-10-08 08:35:43,7650.0,7700.25,Call CEX 3,CEX,405216.152,10091.726618705035,10341.338252557438
2026-10-08 08:35:43,7650.0,7700.25,Put GEX 2,GEX,-212776.459,10091.726618705035,10341.338252557438
2026-10-08 08:35:43,7650.0,7700.25,Call VEX 4,VEX,546713.674,10091.726618705035,10341.338252557438
2026-10-08 08:35:43,7700.0,7750.5,Call CEX 4,CEX,401358.419,10091.726618705035,10341.338252557438
2026-10-08 08:35:43,7700.0,7750.5,Call DEX 2,DEX,71.121,10091.726618705035,10341.338252557438
2026-10-08 08:35:43,7700.0,7750.5,Put GEX 5,GEX,-114641.067,10091.726618705035,10341.338252557438
2026-10-08 08:35:43,7700.0,7750.5,Call VEX 1,VEX,688268.891,10091.726618705035,10341.338252557438
2026-10-08 08:35:43,7750.0,7801.0,Call DEX 3,DEX,54.312,10091.726618705035,10341.338252557438
2026-10-08 08:35:43,7800.0,7851.25,Put CEX 2,CEX,-524214.353,10091.726618705035,10341.338252557438
2026-10-08 08:35:43,7800.0,7851.25,Call GEX 1,GEX,346528.912,10091.726618705035,10341.338252557438
2026-10-08 08:35:43,7800.0,7851.25,Put VEX 4,VEX,-320072.503,10091.726618705035,10341.338252557438
2026-10-08 08:35:43,7825.0,7876.5,Put CEX 5,CEX,-236771.378,10091.726618705035,10341.338252557438
2026-10-08 08:35:43,7825.0,7876.5,Call GEX 3,GEX,340431.752,10091.726618705035,10341.338252557438
2026-10-08 08:35:43,7850.0,7901.5,Put CEX 3,CEX,-380297.579,10091.726618705035,10341.338252557438
2026-10-08 08:35:43,7850.0,7901.5,Call GEX 2,GEX,340469.944,10091.726618705035,10341.338252557438
2026-10-08 08:35:43,7850.0,7901.5,Put VEX 3,VEX,-358478.871,10091.726618705035,10341.338252557438
2026-10-08 08:35:43,7870.0,7921.75,Call GEX 5,GEX,233421.541,10091.726618705035,10341.338252557438
2026-10-08 08:35:43,7900.0,7952.0,Put CEX 4,CEX,-377735.657,10091.726618705035,10341.338252557438
2026-10-08 08:35:43,7900.0,7952.0,Call GEX 4,GEX,300542.394,10091.726618705035,10341.338252557438
2026-10-08 08:35:43,7900.0,7952.0,Put VEX 2,VEX,-411635.242,10091.726618705035,10341.338252557438
2026-10-08 08:35:43,7950.0,8002.25,Put VEX 5,VEX,-227004.382,10091.726618705035,10341.338252557438
2026-10-08 08:35:43,8000.0,8052.5,Put CEX 1,CEX,-3105536.175,10091.726618705035,10341.338252557438
2026-10-08 08:35:43,8000.0,8052.5,Put DEX 1,DEX,-1360.033,10091.726618705035,10341.338252557438
2026-10-08 08:35:43,8000.0,8052.5,Put GEX 1,GEX,-449983.607,10091.726618705035,10341.338252557438
2026-10-08 08:35:43,8000.0,8052.5,Put VEX 1,VEX,-3918631.713,10091.726618705035,10341.338252557438
2026-10-08 08:35:43,8100.0,8153.25,Put DEX 5,DEX,-5.328,10091.726618705035,10341.338252557438
2026-10-08 08:35:43,8250.0,8304.25,Put DEX 2,DEX,-25.553,10091.726618705035,10341.338252557438
2026-10-08 08:36:32,7000.0,7046.0,Call CEX 1,CEX,454123.573,10145.829812914906,10277.553136340071
2026-10-08 08:36:32,7000.0,7046.0,Put DEX 3,DEX,-12.362,10145.829812914906,10277.553136340071
2026-10-08 08:36:32,7000.0,7046.0,Call VEX 2,VEX,643971.843,10145.829812914906,10277.553136340071
2026-10-08 08:36:32,7400.0,7448.5,Put DEX 4,DEX,-5.537,10145.829812914906,10277.553136340071
2026-10-08 08:36:32,7500.0,7549.25,Call CEX 5,CEX,339989.613,10145.829812914906,10277.553136340071
2026-10-08 08:36:32,7500.0,7549.25,Call DEX 4,DEX,53.925,10145.829812914906,10277.553136340071
2026-10-08 08:36:32,7500.0,7549.25,Put GEX 3,GEX,-164670.745,10145.829812914906,10277.553136340071
2026-10-08 08:36:32,7500.0,7549.25,Call VEX 5,VEX,495119.58,10145.829812914906,10277.553136340071
2026-10-08 08:36:32,7600.0,7649.75,Call CEX 2,CEX,426213.788,10145.829812914906,10277.553136340071
2026-10-08 08:36:32,7600.0,7649.75,Call DEX 1,DEX,73.296,10145.829812914906,10277.553136340071
2026-10-08 08:36:32,7600.0,7649.75,Put GEX 4,GEX,-144891.877,10145.829812914906,10277.553136340071
2026-10-08 08:36:32,7600.0,7649.75,Call VEX 3,VEX,620331.312,10145.829812914906,10277.553136340071
2026-10-08 08:36:32,7630.0,7680.0,Call DEX 5,DEX,44.176,10145.829812914906,10277.553136340071
2026-10-08 08:36:32,7650.0,7700.25,Call CEX 3,CEX,404964.433,10145.829812914906,10277.553136340071
2026-10-08 08:36:32,7650.0,7700.25,Put GEX 2,GEX,-212583.308,10145.829812914906,10277.553136340071
2026-10-08 08:36:32,7650.0,7700.25,Call VEX 4,VEX,546407.72,10145.829812914906,10277.553136340071
2026-10-08 08:36:32,7700.0,7750.5,Call CEX 4,CEX,403111.4,10145.829812914906,10277.553136340071
2026-10-08 08:36:32,7700.0,7750.5,Call DEX 2,DEX,71.606,10145.829812914906,10277.553136340071
2026-10-08 08:36:32,7700.0,7750.5,Put GEX 5,GEX,-113830.225,10145.829812914906,10277.553136340071
2026-10-08 08:36:32,7700.0,7750.5,Call VEX 1,VEX,690414.228,10145.829812914906,10277.553136340071
2026-10-08 08:36:32,7750.0,7800.75,Call DEX 3,DEX,54.838,10145.829812914906,10277.553136340071
2026-10-08 08:36:32,7800.0,7851.25,Put CEX 2,CEX,-520017.417,10145.829812914906,10277.553136340071
2026-10-08 08:36:32,7800.0,7851.25,Call GEX 1,GEX,353832.09,10145.829812914906,10277.553136340071
2026-10-08 08:36:32,7800.0,7851.25,Put VEX 4,VEX,-314968.392,10145.829812914906,10277.553136340071
2026-10-08 08:36:32,7825.0,7876.25,Put CEX 5,CEX,-236525.635,10145.829812914906,10277.553136340071
2026-10-08 08:36:32,7825.0,7876.25,Call GEX 2,GEX,342354.191,10145.829812914906,10277.553136340071
2026-10-08 08:36:32,7850.0,7901.5,Put CEX 3,CEX,-379969.451,10145.829812914906,10277.553136340071
2026-10-08 08:36:32,7850.0,7901.5,Call GEX 3,GEX,342177.376,10145.829812914906,10277.553136340071
2026-10-08 08:36:32,7850.0,7901.5,Put VEX 3,VEX,-357735.589,10145.829812914906,10277.553136340071
2026-10-08 08:36:32,7870.0,7921.5,Call GEX 5,GEX,234289.942,10145.829812914906,10277.553136340071
2026-10-08 08:36:32,7900.0,7951.75,Put CEX 4,CEX,-378114.244,10145.829812914906,10277.553136340071
2026-10-08 08:36:32,7900.0,7951.75,Call GEX 4,GEX,301626.783,10145.829812914906,10277.553136340071
2026-10-08 08:36:32,7900.0,7951.75,Put VEX 2,VEX,-411845.155,10145.829812914906,10277.553136340071
2026-10-08 08:36:32,7950.0,8002.0,Put VEX 5,VEX,-227283.761,10145.829812914906,10277.553136340071
2026-10-08 08:36:32,8000.0,8052.5,Put CEX 1,CEX,-3110175.669,10145.829812914906,10277.553136340071
2026-10-08 08:36:32,8000.0,8052.5,Put DEX 1,DEX,-1357.038,10145.829812914906,10277.553136340071
2026-10-08 08:36:32,8000.0,8052.5,Put GEX 1,GEX,-482146.974,10145.829812914906,10277.553136340071
2026-10-08 08:36:32,8000.0,8052.5,Put VEX 1,VEX,-3923875.948,10145.829812914906,10277.553136340071
2026-10-08 08:36:32,8100.0,8153.0,Put DEX 5,DEX,-5.31,10145.829812914906,10277.553136340071
2026-10-08 08:36:32,8250.0,8304.0,Put DEX 2,DEX,-25.48,10145.829812914906,10277.553136340071
2026-10-08 08:37:21,7000.0,7045.75,Call CEX 1,CEX,453837.797,9491.270571399366,9606.495969653864
2026-10-08 08:37:21,7000.0,7045.75,Put DEX 3,DEX,-12.35,9491.270571399366,9606.495969653864
2026-10-08 08:37:21,7000.0,7045.75,Call VEX 2,VEX,643586.955,9491.270571399366,9606.495969653864
2026-10-08 08:37:21,7400.0,7448.5,Put DEX 4,DEX,-6.332,9491.270571399366,9606.495969653864
2026-10-08 08:37:21,7500.0,7549.0,Call CEX 5,CEX,337671.882,9491.270571399366,9606.495969653864
2026-10-08 08:37:21,7500.0,7549.0,Call DEX 4,DEX,54.165,9491.270571399366,9606.495969653864
2026-10-08 08:37:21,7500.0,7549.0,Put GEX 3,GEX,-163715.472,9491.270571399366,9606.495969653864
2026-10-08 08:37:21,7500.0,7549.0,Call VEX 5,VEX,491615.228,9491.270571399366,9606.495969653864
2026-10-08 08:37:21,7600.0,7649.75,Call CEX 2,CEX,424084.297,9491.270571399366,9606.495969653864
2026-10-08 08:37:21,7600.0,7649.75,Call DEX 1,DEX,73.518,9491.270571399366,9606.495969653864
2026-10-08 08:37:21,7600.0,7649.75,Put GEX 4,GEX,-144552.493,9491.270571399366,9606.495969653864
2026-10-08 08:37:21,7600.0,7649.75,Call VEX 3,VEX,617199.318,9491.270571399366,9606.495969653864
2026-10-08 08:37:21,7630.0,7680.0,Call DEX 5,DEX,43.951,9491.270571399366,9606.495969653864
2026-10-08 08:37:21,7650.0,7700.0,Call CEX 4,CEX,403510.306,9491.270571399366,9606.495969653864
2026-10-08 08:37:21,7650.0,7700.0,Put GEX 2,GEX,-211557.214,9491.270571399366,9606.495969653864
2026-10-08 08:37:21,7650.0,7700.0,Call VEX 4,VEX,544904.779,9491.270571399366,9606.495969653864
2026-10-08 08:37:21,7700.0,7750.5,Call CEX 3,CEX,407894.34,9491.270571399366,9606.495969653864
2026-10-08 08:37:21,7700.0,7750.5,Call DEX 2,DEX,72.936,9491.270571399366,9606.495969653864
2026-10-08 08:37:21,7700.0,7750.5,Put GEX 5,GEX,-112653.805,9491.270571399366,9606.495969653864
2026-10-08 08:37:21,7700.0,7750.5,Call VEX 1,VEX,695954.18,9491.270571399366,9606.495969653864
2026-10-08 08:37:21,7750.0,7800.75,Call DEX 3,DEX,56.461,9491.270571399366,9606.495969653864
2026-10-08 08:37:21,7800.0,7851.0,Put CEX 2,CEX,-508863.057,9491.270571399366,9606.495969653864
2026-10-08 08:37:21,7800.0,7851.0,Call GEX 1,GEX,356781.123,9491.270571399366,9606.495969653864
2026-10-08 08:37:21,7800.0,7851.0,Put VEX 4,VEX,-300206.385,9491.270571399366,9606.495969653864
2026-10-08 08:37:21,7825.0,7876.25,Put CEX 5,CEX,-234660.249,9491.270571399366,9606.495969653864
2026-10-08 08:37:21,7825.0,7876.25,Call GEX 3,GEX,345548.823,9491.270571399366,9606.495969653864
2026-10-08 08:37:21,7850.0,7901.5,Put CEX 4,CEX,-378934.505,9491.270571399366,9606.495969653864
2026-10-08 08:37:21,7850.0,7901.5,Call GEX 2,GEX,345817.354,9491.270571399366,9606.495969653864
2026-10-08 08:37:21,7850.0,7901.5,Put VEX 3,VEX,-355357.024,9491.270571399366,9606.495969653864
2026-10-08 08:37:21,7870.0,7921.5,Call GEX 5,GEX,236800.716,9491.270571399366,9606.495969653864
2026-10-08 08:37:21,7900.0,7951.75,Put CEX 3,CEX,-379662.79,9491.270571399366,9606.495969653864
2026-10-08 08:37:21,7900.0,7951.75,Call GEX 4,GEX,305103.719,9491.270571399366,9606.495969653864
2026-10-08 08:37:21,7900.0,7951.75,Put VEX 2,VEX,-412764.591,9491.270571399366,9606.495969653864
2026-10-08 08:37:21,7950.0,8002.0,Put VEX 5,VEX,-228987.604,9491.270571399366,9606.495969653864
2026-10-08 08:37:21,8000.0,8052.5,Put CEX 1,CEX,-3135670.962,9491.270571399366,9606.495969653864
2026-10-08 08:37:21,8000.0,8052.5,Put DEX 1,DEX,-1355.116,9491.270571399366,9606.495969653864
2026-10-08 08:37:21,8000.0,8052.5,Put GEX 1,GEX,-479665.914,9491.270571399366,9606.495969653864
2026-10-08 08:37:21,8000.0,8052.5,Put VEX 1,VEX,-3954556.118,9491.270571399366,9606.495969653864
2026-10-08 08:37:21,8100.0,8153.0,Put DEX 5,DEX,-5.248,9491.270571399366,9606.495969653864
2026-10-08 08:37:21,8250.0,8304.0,Put DEX 2,DEX,-25.471,9491.270571399366,9606.495969653864
2026-10-08 08:38:10,7000.0,7045.5,Call CEX 1,CEX,445739.542,9494.290159997294,9589.93074054342
2026-10-08 08:38:10,7000.0,7045.5,Put DEX 4,DEX,-12.045,9494.290159997294,9589.93074054342
2026-10-08 08:38:10,7000.0,7045.5,Call VEX 2,VEX,631979.269,9494.290159997294,9589.93074054342
2026-10-08 08:38:10,7400.0,7448.0,Put DEX 5,DEX,-6.329,9494.290159997294,9589.93074054342
2026-10-08 08:38:10,7500.0,7548.5,Call CEX 5,CEX,330899.074,9494.290159997294,9589.93074054342
2026-10-08 08:38:10,7500.0,7548.5,Put DEX 3,DEX,-17.448,9494.290159997294,9589.93074054342
2026-10-08 08:38:10,7500.0,7548.5,Put GEX 3,GEX,-167047.624,9494.290159997294,9589.93074054342
2026-10-08 08:38:10,7500.0,7548.5,Call VEX 5,VEX,481366.08,9494.290159997294,9589.93074054342
2026-10-08 08:38:10,7600.0,7649.25,Call CEX 2,CEX,422985.953,9494.290159997294,9589.93074054342
2026-10-08 08:38:10,7600.0,7649.25,Call DEX 1,DEX,73.776,9494.290159997294,9589.93074054342
2026-10-08 08:38:10,7600.0,7649.25,Put GEX 4,GEX,-145271.759,9494.290159997294,9589.93074054342
2026-10-08 08:38:10,7600.0,7649.25,Call VEX 3,VEX,615383.928,9494.290159997294,9589.93074054342
2026-10-08 08:38:10,7630.0,7679.5,Call DEX 4,DEX,44.161,9494.290159997294,9589.93074054342
2026-10-08 08:38:10,7650.0,7699.5,Call CEX 4,CEX,401002.243,9494.290159997294,9589.93074054342
2026-10-08 08:38:10,7650.0,7699.5,Put GEX 2,GEX,-212772.502,9494.290159997294,9589.93074054342
2026-10-08 08:38:10,7650.0,7699.5,Call VEX 4,VEX,542837.62,9494.290159997294,9589.93074054342
2026-10-08 08:38:10,7700.0,7750.0,Call CEX 3,CEX,409425.306,9494.290159997294,9589.93074054342
2026-10-08 08:38:10,7700.0,7750.0,Call DEX 2,DEX,73.491,9494.290159997294,9589.93074054342
2026-10-08 08:38:10,7700.0,7750.0,Put GEX 5,GEX,-110781.066,9494.290159997294,9589.93074054342
2026-10-08 08:38:10,7700.0,7750.0,Call VEX 1,VEX,698022.725,9494.290159997294,9589.93074054342
2026-10-08 08:38:10,7750.0,7800.25,Call DEX 3,DEX,56.933,9494.290159997294,9589.93074054342
2026-10-08 08:38:10,7800.0,7850.5,Put CEX 2,CEX,-505597.421,9494.290159997294,9589.93074054342
2026-10-08 08:38:10,7800.0,7850.5,Call GEX 1,GEX,364731.325,9494.290159997294,9589.93074054342
2026-10-08 08:38:10,7800.0,7850.5,Put VEX 4,VEX,-296317.729,9494.290159997294,9589.93074054342
2026-10-08 08:38:10,7825.0,7875.75,Put CEX 5,CEX,-234773.391,9494.290159997294,9589.93074054342
2026-10-08 08:38:10,7825.0,7875.75,Call DEX 5,DEX,33.189,9494.290159997294,9589.93074054342
2026-10-08 08:38:10,7825.0,7875.75,Call GEX 2,GEX,347663.272,9494.290159997294,9589.93074054342
2026-10-08 08:38:10,7850.0,7901.0,Put CEX 4,CEX,-378816.225,9494.290159997294,9589.93074054342
2026-10-08 08:38:10,7850.0,7901.0,Call GEX 3,GEX,347583.815,9494.290159997294,9589.93074054342
2026-10-08 08:38:10,7850.0,7901.0,Put VEX 3,VEX,-354931.081,9494.290159997294,9589.93074054342
2026-10-08 08:38:10,7870.0,7921.0,Call GEX 5,GEX,237523.459,9494.290159997294,9589.93074054342
2026-10-08 08:38:10,7900.0,7951.25,Put CEX 3,CEX,-379896.214,9494.290159997294,9589.93074054342
2026-10-08 08:38:10,7900.0,7951.25,Call GEX 4,GEX,305941.523,9494.290159997294,9589.93074054342
2026-10-08 08:38:10,7900.0,7951.25,Put VEX 2,VEX,-412864.034,9494.290159997294,9589.93074054342
2026-10-08 08:38:10,7950.0,8001.5,Put VEX 5,VEX,-229122.318,9494.290159997294,9589.93074054342
2026-10-08 08:38:10,8000.0,8051.75,Put CEX 1,CEX,-3172034.813,9494.290159997294,9589.93074054342
2026-10-08 08:38:10,8000.0,8051.75,Put DEX 1,DEX,-1349.291,9494.290159997294,9589.93074054342
2026-10-08 08:38:10,8000.0,8051.75,Put GEX 1,GEX,-500246.866,9494.290159997294,9589.93074054342
2026-10-08 08:38:10,8000.0,8051.75,Put VEX 1,VEX,-4000008.851,9494.290159997294,9589.93074054342
2026-10-08 08:38:10,8250.0,8303.5,Put DEX 2,DEX,-26.552,9494.290159997294,9589.93074054342
2026-10-08 08:38:59,7000.0,7046.0,Call CEX 1,CEX,446121.12,10151.250727166958,10272.97109021247
2026-10-08 08:38:59,7000.0,7046.0,Put DEX 3,DEX,-12.058,10151.250727166958,10272.97109021247
2026-10-08 08:38:59,7000.0,7046.0,Call VEX 2,VEX,632402.521,10151.250727166958,10272.97109021247
2026-10-08 08:38:59,7400.0,7448.5,Put DEX 4,DEX,-5.492,10151.250727166958,10272.97109021247
2026-10-08 08:38:59,7500.0,7549.25,Call CEX 5,CEX,342809.673,10151.250727166958,10272.97109021247
2026-10-08 08:38:59,7500.0,7549.25,Call DEX 4,DEX,53.962,10151.250727166958,10272.97109021247
2026-10-08 08:38:59,7500.0,7549.25,Put GEX 3,GEX,-161952.643,10151.250727166958,10272.97109021247
2026-10-08 08:38:59,7500.0,7549.25,Call VEX 5,VEX,499259.913,10151.250727166958,10272.97109021247
2026-10-08 08:38:59,7600.0,7650.0,Call CEX 2,CEX,425976.425,10151.250727166958,10272.97109021247
2026-10-08 08:38:59,7600.0,7650.0,Call DEX 1,DEX,73.405,10151.250727166958,10272.97109021247
2026-10-08 08:38:59,7600.0,7650.0,Put GEX 4,GEX,-144953.03,10151.250727166958,10272.97109021247
2026-10-08 08:38:59,7600.0,7650.0,Call VEX 3,VEX,619771.588,10151.250727166958,10272.97109021247
2026-10-08 08:38:59,7630.0,7680.25,Call DEX 5,DEX,44.295,10151.250727166958,10272.97109021247
2026-10-08 08:38:59,7650.0,7700.25,Call CEX 3,CEX,404354.177,10151.250727166958,10272.97109021247
2026-10-08 08:38:59,7650.0,7700.25,Put GEX 2,GEX,-212139.681,10151.250727166958,10272.97109021247
2026-10-08 08:38:59,7650.0,7700.25,Call VEX 4,VEX,545819.649,10151.250727166958,10272.97109021247
2026-10-08 08:38:59,7700.0,7750.5,Call CEX 4,CEX,404317.125,10151.250727166958,10272.97109021247
2026-10-08 08:38:59,7700.0,7750.5,Call DEX 2,DEX,71.987,10151.250727166958,10272.97109021247
2026-10-08 08:38:59,7700.0,7750.5,Put GEX 5,GEX,-113803.1,10151.250727166958,10272.97109021247
2026-10-08 08:38:59,7700.0,7750.5,Call VEX 1,VEX,691934.043,10151.250727166958,10272.97109021247
2026-10-08 08:38:59,7750.0,7801.0,Call DEX 3,DEX,55.12,10151.250727166958,10272.97109021247
2026-10-08 08:38:59,7800.0,7851.25,Put CEX 2,CEX,-519626.884,10151.250727166958,10272.97109021247
2026-10-08 08:38:59,7800.0,7851.25,Call GEX 1,GEX,353147.532,10151.250727166958,10272.97109021247
2026-10-08 08:38:59,7800.0,7851.25,Put VEX 4,VEX,-313596.206,10151.250727166958,10272.97109021247
2026-10-08 08:38:59,7825.0,7876.5,Put CEX 5,CEX,-236497.196,10151.250727166958,10272.97109021247
2026-10-08 08:38:59,7825.0,7876.5,Call GEX 2,GEX,342922.318,10151.250727166958,10272.97109021247
2026-10-08 08:38:59,7850.0,7901.5,Put CEX 3,CEX,-380082.616,10151.250727166958,10272.97109021247
2026-10-08 08:38:59,7850.0,7901.5,Call GEX 3,GEX,342682.798,10151.250727166958,10272.97109021247
2026-10-08 08:38:59,7850.0,7901.5,Put VEX 3,VEX,-357612.866,10151.250727166958,10272.97109021247
2026-10-08 08:38:59,7870.0,7921.75,Call GEX 5,GEX,234639.709,10151.250727166958,10272.97109021247
2026-10-08 08:38:59,7900.0,7952.0,Put CEX 4,CEX,-378230.502,10151.250727166958,10272.97109021247
2026-10-08 08:38:59,7900.0,7952.0,Call GEX 4,GEX,301943.426,10151.250727166958,10272.97109021247
2026-10-08 08:38:59,7900.0,7952.0,Put VEX 2,VEX,-411811.085,10151.250727166958,10272.97109021247
2026-10-08 08:38:59,7950.0,8002.25,Put VEX 5,VEX,-227874.935,10151.250727166958,10272.97109021247
2026-10-08 08:38:59,8000.0,8052.5,Put CEX 1,CEX,-3119019.112,10151.250727166958,10272.97109021247
2026-10-08 08:38:59,8000.0,8052.5,Put DEX 1,DEX,-1357.163,10151.250727166958,10272.97109021247
2026-10-08 08:38:59,8000.0,8052.5,Put GEX 1,GEX,-471493.936,10151.250727166958,10272.97109021247
2026-10-08 08:38:59,8000.0,8052.5,Put VEX 1,VEX,-3934146.054,10151.250727166958,10272.97109021247
2026-10-08 08:38:59,8100.0,8153.25,Put DEX 5,DEX,-5.303,10151.250727166958,10272.97109021247
2026-10-08 08:38:59,8250.0,8304.25,Put DEX 2,DEX,-25.491,10151.250727166958,10272.97109021247
2026-10-08 08:39:48,7000.0,7045.5,Call CEX 1,CEX,454513.263,10065.832320777645,10385.05111446288
2026-10-08 08:39:48,7000.0,7045.5,Put DEX 4,DEX,-12.373,10065.832320777645,10385.05111446288
2026-10-08 08:39:48,7000.0,7045.5,Call VEX 2,VEX,644286.453,10065.832320777645,10385.05111446288
2026-10-08 08:39:48,7400.0,7448.25,Put DEX 5,DEX,-5.565,10065.832320777645,10385.05111446288
2026-10-08 08:39:48,7500.0,7548.75,Call CEX 5,CEX,333932.928,10065.832320777645,10385.05111446288
2026-10-08 08:39:48,7500.0,7548.75,Put DEX 3,DEX,-17.463,10065.832320777645,10385.05111446288
2026-10-08 08:39:48,7500.0,7548.75,Put GEX 3,GEX,-169939.892,10065.832320777645,10385.05111446288
2026-10-08 08:39:48,7500.0,7548.75,Call VEX 5,VEX,485781.75,10065.832320777645,10385.05111446288
2026-10-08 08:39:48,7600.0,7649.5,Call CEX 2,CEX,428239.342,10065.832320777645,10385.05111446288
2026-10-08 08:39:48,7600.0,7649.5,Call DEX 1,DEX,72.744,10065.832320777645,10385.05111446288
2026-10-08 08:39:48,7600.0,7649.5,Put GEX 4,GEX,-145050.926,10065.832320777645,10385.05111446288
2026-10-08 08:39:48,7600.0,7649.5,Call VEX 3,VEX,623205.883,10065.832320777645,10385.05111446288
2026-10-08 08:39:48,7630.0,7679.75,Call DEX 4,DEX,43.532,10065.832320777645,10385.05111446288
2026-10-08 08:39:48,7650.0,7699.75,Call CEX 3,CEX,404831.491,10065.832320777645,10385.05111446288
2026-10-08 08:39:48,7650.0,7699.75,Put GEX 2,GEX,-213654.643,10065.832320777645,10385.05111446288
2026-10-08 08:39:48,7650.0,7699.75,Call VEX 4,VEX,546290.108,10065.832320777645,10385.05111446288
2026-10-08 08:39:48,7700.0,7750.0,Call CEX 4,CEX,399319.633,10065.832320777645,10385.05111446288
2026-10-08 08:39:48,7700.0,7750.0,Call DEX 2,DEX,70.623,10065.832320777645,10385.05111446288
2026-10-08 08:39:48,7700.0,7750.0,Put GEX 5,GEX,-113936.857,10065.832320777645,10385.05111446288
2026-10-08 08:39:48,7700.0,7750.0,Call VEX 1,VEX,685693.228,10065.832320777645,10385.05111446288
2026-10-08 08:39:48,7750.0,7800.5,Call DEX 3,DEX,53.637,10065.832320777645,10385.05111446288
2026-10-08 08:39:48,7800.0,7850.75,Put CEX 2,CEX,-530788.554,10065.832320777645,10385.05111446288
2026-10-08 08:39:48,7800.0,7850.75,Call GEX 1,GEX,351566.06,10065.832320777645,10385.05111446288
2026-10-08 08:39:48,7800.0,7850.75,Put VEX 4,VEX,-327778.951,10065.832320777645,10385.05111446288
2026-10-08 08:39:48,7825.0,7876.0,Put CEX 5,CEX,-238434.706,10065.832320777645,10385.05111446288
2026-10-08 08:39:48,7825.0,7876.0,Call DEX 5,DEX,32.226,10065.832320777645,10385.05111446288
2026-10-08 08:39:48,7825.0,7876.0,Call GEX 2,GEX,340408.429,10065.832320777645,10385.05111446288
2026-10-08 08:39:48,7850.0,7901.0,Put CEX 3,CEX,-380824.997,10065.832320777645,10385.05111446288
2026-10-08 08:39:48,7850.0,7901.0,Call GEX 3,GEX,339420.305,10065.832320777645,10385.05111446288
2026-10-08 08:39:48,7850.0,7901.0,Put VEX 3,VEX,-359550.171,10065.832320777645,10385.05111446288
2026-10-08 08:39:48,7870.0,7921.25,Call GEX 5,GEX,232207.073,10065.832320777645,10385.05111446288
2026-10-08 08:39:48,7900.0,7951.5,Put CEX 4,CEX,-376751.274,10065.832320777645,10385.05111446288
2026-10-08 08:39:48,7900.0,7951.5,Call GEX 4,GEX,298612.259,10065.832320777645,10385.05111446288
2026-10-08 08:39:48,7900.0,7951.5,Put VEX 2,VEX,-410825.785,10065.832320777645,10385.05111446288
2026-10-08 08:39:48,7950.0,8001.75,Put VEX 5,VEX,-225711.782,10065.832320777645,10385.05111446288
2026-10-08 08:39:48,8000.0,8052.0,Put CEX 1,CEX,-3080975.232,10065.832320777645,10385.05111446288
2026-10-08 08:39:48,8000.0,8052.0,Put DEX 1,DEX,-1361.095,10065.832320777645,10385.05111446288
2026-10-08 08:39:48,8000.0,8052.0,Put GEX 1,GEX,-466108.779,10065.832320777645,10385.05111446288
2026-10-08 08:39:48,8000.0,8052.0,Put VEX 1,VEX,-3886954.187,10065.832320777645,10385.05111446288
2026-10-08 08:39:48,8250.0,8303.75,Put DEX 2,DEX,-25.509,10065.832320777645,10385.05111446288
2026-10-08 08:40:35,7000.0,7045.75,Call CEX 1,CEX,454341.681,9490.324317050196,9609.502563128915
2026-10-08 08:40:35,7000.0,7045.75,Put DEX 4,DEX,-12.365,9490.324317050196,9609.502563128915
2026-10-08 08:40:35,7000.0,7045.75,Call VEX 2,VEX,644060.955,9490.324317050196,9609.502563128915
2026-10-08 08:40:35,7400.0,7448.5,Put DEX 5,DEX,-6.4,9490.324317050196,9609.502563128915
2026-10-08 08:40:35,7500.0,7549.0,Call CEX 5,CEX,332562.119,9490.324317050196,9609.502563128915
2026-10-08 08:40:35,7500.0,7549.0,Put DEX 3,DEX,-17.655,9490.324317050196,9609.502563128915
2026-10-08 08:40:35,7500.0,7549.0,Put GEX 3,GEX,-168775.912,9490.324317050196,9609.502563128915
2026-10-08 08:40:35,7500.0,7549.0,Call VEX 5,VEX,483650.078,9490.324317050196,9609.502563128915
2026-10-08 08:40:35,7600.0,7649.75,Call CEX 2,CEX,425337.356,9490.324317050196,9609.502563128915
2026-10-08 08:40:35,7600.0,7649.75,Call DEX 1,DEX,73.07,9490.324317050196,9609.502563128915
2026-10-08 08:40:35,7600.0,7649.75,Put GEX 4,GEX,-146222.228,9490.324317050196,9609.502563128915
2026-10-08 08:40:35,7600.0,7649.75,Call VEX 3,VEX,618764.135,9490.324317050196,9609.502563128915
2026-10-08 08:40:35,7630.0,7680.0,Call DEX 4,DEX,43.871,9490.324317050196,9609.502563128915
2026-10-08 08:40:35,7650.0,7700.0,Call CEX 4,CEX,403105.445,9490.324317050196,9609.502563128915
2026-10-08 08:40:35,7650.0,7700.0,Put GEX 2,GEX,-213631.341,9490.324317050196,9609.502563128915
2026-10-08 08:40:35,7650.0,7700.0,Call VEX 4,VEX,544577.049,9490.324317050196,9609.502563128915
2026-10-08 08:40:35,7700.0,7750.25,Call CEX 3,CEX,404125.463,9490.324317050196,9609.502563128915
2026-10-08 08:40:35,7700.0,7750.25,Call DEX 2,DEX,71.995,9490.324317050196,9609.502563128915
2026-10-08 08:40:35,7700.0,7750.25,Put GEX 5,GEX,-110366.69,9490.324317050196,9609.502563128915
2026-10-08 08:40:35,7700.0,7750.25,Call VEX 1,VEX,691593.519,9490.324317050196,9609.502563128915
2026-10-08 08:40:35,7750.0,7800.75,Call DEX 3,DEX,55.023,9490.324317050196,9609.502563128915
2026-10-08 08:40:35,7800.0,7851.0,Put CEX 2,CEX,-517942.426,9490.324317050196,9609.502563128915
2026-10-08 08:40:35,7800.0,7851.0,Call GEX 1,GEX,359535.57,9490.324317050196,9609.502563128915
2026-10-08 08:40:35,7800.0,7851.0,Put VEX 4,VEX,-312712.521,9490.324317050196,9609.502563128915
2026-10-08 08:40:35,7825.0,7876.25,Put CEX 5,CEX,-236350.071,9490.324317050196,9609.502563128915
2026-10-08 08:40:35,7825.0,7876.25,Call DEX 5,DEX,32.727,9490.324317050196,9609.502563128915
2026-10-08 08:40:35,7825.0,7876.25,Call GEX 2,GEX,343222.11,9490.324317050196,9609.502563128915
2026-10-08 08:40:35,7850.0,7901.25,Put CEX 3,CEX,-379414.864,9490.324317050196,9609.502563128915
2026-10-08 08:40:35,7850.0,7901.25,Call GEX 3,GEX,343145.85,9490.324317050196,9609.502563128915
2026-10-08 08:40:35,7850.0,7901.25,Put VEX 3,VEX,-356926.133,9490.324317050196,9609.502563128915
2026-10-08 08:40:35,7870.0,7921.5,Call GEX 5,GEX,234517.14,9490.324317050196,9609.502563128915
2026-10-08 08:40:35,7900.0,7951.75,Put CEX 4,CEX,-378099.596,9490.324317050196,9609.502563128915
2026-10-08 08:40:35,7900.0,7951.75,Call GEX 4,GEX,301900.624,9490.324317050196,9609.502563128915
2026-10-08 08:40:35,7900.0,7951.75,Put VEX 2,VEX,-411728.562,9490.324317050196,9609.502563128915
2026-10-08 08:40:35,7950.0,8002.0,Put VEX 5,VEX,-227314.271,9490.324317050196,9609.502563128915
2026-10-08 08:40:35,8000.0,8052.25,Put CEX 1,CEX,-3136111.136,9490.324317050196,9609.502563128915
2026-10-08 08:40:35,8000.0,8052.25,Put DEX 1,DEX,-1353.086,9490.324317050196,9609.502563128915
2026-10-08 08:40:35,8000.0,8052.25,Put GEX 1,GEX,-496366.944,9490.324317050196,9609.502563128915
2026-10-08 08:40:35,8000.0,8052.25,Put VEX 1,VEX,-3955314.536,9490.324317050196,9609.502563128915
2026-10-08 08:40:35,8250.0,8304.0,Put DEX 2,DEX,-25.423,9490.324317050196,9609.502563128915
2026-10-08 08:41:25,7000.0,7046.0,Call CEX 1,CEX,454362.575,9488.744139316812,9614.10670210746
2026-10-08 08:41:25,7000.0,7046.0,Put DEX 3,DEX,-12.364,9488.744139316812,9614.10670210746
2026-10-08 08:41:25,7000.0,7046.0,Call VEX 2,VEX,644046.766,9488.744139316812,9614.10670210746
2026-10-08 08:41:25,7400.0,7448.5,Put DEX 4,DEX,-5.538,9488.744139316812,9614.10670210746
2026-10-08 08:41:25,7500.0,7549.25,Call CEX 5,CEX,347233.761,9488.744139316812,9614.10670210746
2026-10-08 08:41:25,7500.0,7549.25,Call DEX 4,DEX,53.732,9488.744139316812,9614.10670210746
2026-10-08 08:41:25,7500.0,7549.25,Put GEX 3,GEX,-160843.224,9488.744139316812,9614.10670210746
2026-10-08 08:41:25,7500.0,7549.25,Call VEX 5,VEX,505755.624,9488.744139316812,9614.10670210746
2026-10-08 08:41:25,7600.0,7650.0,Call CEX 2,CEX,426784.26,9488.744139316812,9614.10670210746
2026-10-08 08:41:25,7600.0,7650.0,Call DEX 1,DEX,72.748,9488.744139316812,9614.10670210746
2026-10-08 08:41:25,7600.0,7650.0,Put GEX 4,GEX,-144665.546,9488.744139316812,9614.10670210746
2026-10-08 08:41:25,7600.0,7650.0,Call VEX 3,VEX,621061.188,9488.744139316812,9614.10670210746
2026-10-08 08:41:25,7630.0,7680.0,Call DEX 5,DEX,43.755,9488.744139316812,9614.10670210746
2026-10-08 08:41:25,7650.0,7700.25,Call CEX 3,CEX,404051.184,9488.744139316812,9614.10670210746
2026-10-08 08:41:25,7650.0,7700.25,Put GEX 2,GEX,-212691.015,9488.744139316812,9614.10670210746
2026-10-08 08:41:25,7650.0,7700.25,Call VEX 4,VEX,545325.224,9488.744139316812,9614.10670210746
2026-10-08 08:41:25,7700.0,7750.5,Call CEX 4,CEX,403774.1,9488.744139316812,9614.10670210746
2026-10-08 08:41:25,7700.0,7750.5,Call DEX 2,DEX,71.725,9488.744139316812,9614.10670210746
2026-10-08 08:41:25,7700.0,7750.5,Put GEX 5,GEX,-112888.763,9488.744139316812,9614.10670210746
2026-10-08 08:41:25,7700.0,7750.5,Call VEX 1,VEX,690672.364,9488.744139316812,9614.10670210746
2026-10-08 08:41:25,7750.0,7801.0,Call DEX 3,DEX,55.054,9488.744139316812,9614.10670210746
2026-10-08 08:41:25,7800.0,7851.25,Put CEX 2,CEX,-517735.115,9488.744139316812,9614.10670210746
2026-10-08 08:41:25,7800.0,7851.25,Call GEX 1,GEX,354680.274,9488.744139316812,9614.10670210746
2026-10-08 08:41:25,7800.0,7851.25,Put VEX 4,VEX,-312243.416,9488.744139316812,9614.10670210746
2026-10-08 08:41:25,7825.0,7876.5,Put CEX 5,CEX,-236193.156,9488.744139316812,9614.10670210746
2026-10-08 08:41:25,7825.0,7876.5,Call GEX 2,GEX,342750.205,9488.744139316812,9614.10670210746
2026-10-08 08:41:25,7850.0,7901.5,Put CEX 3,CEX,-379438.238,9488.744139316812,9614.10670210746
2026-10-08 08:41:25,7850.0,7901.5,Call GEX 3,GEX,342343.96,9488.744139316812,9614.10670210746
2026-10-08 08:41:25,7850.0,7901.5,Put VEX 3,VEX,-356839.222,9488.744139316812,9614.10670210746
2026-10-08 08:41:25,7870.0,7921.75,Call GEX 5,GEX,234545.015,9488.744139316812,9614.10670210746
2026-10-08 08:41:25,7900.0,7952.0,Put CEX 4,CEX,-378515.857,9488.744139316812,9614.10670210746
2026-10-08 08:41:25,7900.0,7952.0,Call GEX 4,GEX,302207.352,9488.744139316812,9614.10670210746
2026-10-08 08:41:25,7900.0,7952.0,Put VEX 2,VEX,-412038.863,9488.744139316812,9614.10670210746
2026-10-08 08:41:25,7950.0,8002.25,Put VEX 5,VEX,-227923.553,9488.744139316812,9614.10670210746
2026-10-08 08:41:25,8000.0,8052.5,Put CEX 1,CEX,-3090485.915,9488.744139316812,9614.10670210746
2026-10-08 08:41:25,8000.0,8052.5,Put DEX 1,DEX,-1360.378,9488.744139316812,9614.10670210746
2026-10-08 08:41:25,8000.0,8052.5,Put GEX 1,GEX,-469864.361,9488.744139316812,9614.10670210746
2026-10-08 08:41:25,8000.0,8052.5,Put VEX 1,VEX,-3897279.142,9488.744139316812,9614.10670210746
2026-10-08 08:41:25,8100.0,8153.25,Put DEX 5,DEX,-5.25,9488.744139316812,9614.10670210746
2026-10-08 08:41:25,8250.0,8304.25,Put DEX 2,DEX,-25.477,9488.744139316812,9614.10670210746
2026-10-08 08:42:14,7000.0,7045.75,Call CEX 1,CEX,454505.53,10175.805279728747,10234.573455615158
2026-10-08 08:42:14,7000.0,7045.75,Put DEX 3,DEX,-12.369,10175.805279728747,10234.573455615158
2026-10-08 08:42:14,7000.0,7045.75,Call VEX 2,VEX,644160.005,10175.805279728747,10234.573455615158
2026-10-08 08:42:14,7400.0,7448.25,Put DEX 4,DEX,-5.561,10175.805279728747,10234.573455615158
2026-10-08 08:42:14,7500.0,7549.0,Call CEX 5,CEX,338269.301,10175.805279728747,10234.573455615158
2026-10-08 08:42:14,7500.0,7549.0,Call DEX 3,DEX,54.156,10175.805279728747,10234.573455615158
2026-10-08 08:42:14,7500.0,7549.0,Put GEX 3,GEX,-167287.035,10175.805279728747,10234.573455615158
2026-10-08 08:42:14,7500.0,7549.0,Call VEX 5,VEX,492241.014,10175.805279728747,10234.573455615158
2026-10-08 08:42:14,7600.0,7649.5,Call CEX 2,CEX,426360.682,10175.805279728747,10234.573455615158
2026-10-08 08:42:14,7600.0,7649.5,Call DEX 1,DEX,73.031,10175.805279728747,10234.573455615158
2026-10-08 08:42:14,7600.0,7649.5,Put GEX 4,GEX,-146138.296,10175.805279728747,10234.573455615158
2026-10-08 08:42:14,7600.0,7649.5,Call VEX 3,VEX,620489.797,10175.805279728747,10234.573455615158
2026-10-08 08:42:14,7630.0,7679.75,Call DEX 5,DEX,43.663,10175.805279728747,10234.573455615158
2026-10-08 08:42:14,7650.0,7700.0,Call CEX 3,CEX,404113.69,10175.805279728747,10234.573455615158
2026-10-08 08:42:14,7650.0,7700.0,Put GEX 2,GEX,-213692.305,10175.805279728747,10234.573455615158
2026-10-08 08:42:14,7650.0,7700.0,Call VEX 4,VEX,545496.788,10175.805279728747,10234.573455615158
2026-10-08 08:42:14,7700.0,7750.25,Call CEX 4,CEX,400822.327,10175.805279728747,10234.573455615158
2026-10-08 08:42:14,7700.0,7750.25,Call DEX 2,DEX,70.992,10175.805279728747,10234.573455615158
2026-10-08 08:42:14,7700.0,7750.25,Put GEX 5,GEX,-112954.176,10175.805279728747,10234.573455615158
2026-10-08 08:42:14,7700.0,7750.25,Call VEX 1,VEX,687202.575,10175.805279728747,10234.573455615158
2026-10-08 08:42:14,7750.0,7800.5,Call DEX 4,DEX,54.067,10175.805279728747,10234.573455615158
2026-10-08 08:42:14,7800.0,7851.0,Put CEX 2,CEX,-525826.765,10175.805279728747,10234.573455615158
2026-10-08 08:42:14,7800.0,7851.0,Call GEX 1,GEX,355061.177,10175.805279728747,10234.573455615158
2026-10-08 08:42:14,7800.0,7851.0,Put VEX 4,VEX,-322171.188,10175.805279728747,10234.573455615158
2026-10-08 08:42:14,7825.0,7876.0,Put CEX 5,CEX,-237757.509,10175.805279728747,10234.573455615158
2026-10-08 08:42:14,7825.0,7876.0,Call GEX 2,GEX,341428.342,10175.805279728747,10234.573455615158
2026-10-08 08:42:14,7850.0,7901.25,Put CEX 3,CEX,-380356.625,10175.805279728747,10234.573455615158
2026-10-08 08:42:14,7850.0,7901.25,Call GEX 3,GEX,340791.904,10175.805279728747,10234.573455615158
2026-10-08 08:42:14,7850.0,7901.25,Put VEX 3,VEX,-358605.459,10175.805279728747,10234.573455615158
2026-10-08 08:42:14,7870.0,7921.25,Call GEX 5,GEX,233013.784,10175.805279728747,10234.573455615158
2026-10-08 08:42:14,7900.0,7951.5,Put CEX 4,CEX,-377005.774,10175.805279728747,10234.573455615158
2026-10-08 08:42:14,7900.0,7951.5,Call GEX 4,GEX,299631.864,10175.805279728747,10234.573455615158
2026-10-08 08:42:14,7900.0,7951.5,Put VEX 2,VEX,-410985.092,10175.805279728747,10234.573455615158
2026-10-08 08:42:14,7950.0,8002.0,Put VEX 5,VEX,-226335.085,10175.805279728747,10234.573455615158
2026-10-08 08:42:14,8000.0,8052.25,Put CEX 1,CEX,-3124268.42,10175.805279728747,10234.573455615158
2026-10-08 08:42:14,8000.0,8052.25,Put DEX 1,DEX,-1354.579,10175.805279728747,10234.573455615158
2026-10-08 08:42:14,8000.0,8052.25,Put GEX 1,GEX,-490679.332,10175.805279728747,10234.573455615158
2026-10-08 08:42:14,8000.0,8052.25,Put VEX 1,VEX,-3940793.64,10175.805279728747,10234.573455615158
2026-10-08 08:42:14,8100.0,8152.75,Put DEX 5,DEX,-5.295,10175.805279728747,10234.573455615158
2026-10-08 08:42:14,8250.0,8303.75,Put DEX 2,DEX,-25.465,10175.805279728747,10234.573455615158
2026-10-08 08:43:04,7000.0,7045.5,Call CEX 1,CEX,453847.643,8003.704639728052,9270.83934792232
2026-10-08 08:43:04,7000.0,7045.5,Put DEX 4,DEX,-12.341,8003.704639728052,9270.83934792232
2026-10-08 08:43:04,7000.0,7045.5,Call VEX 2,VEX,643324.633,8003.704639728052,9270.83934792232
2026-10-08 08:43:04,7400.0,7448.25,Put DEX 5,DEX,-6.295,8003.704639728052,9270.83934792232
2026-10-08 08:43:04,7500.0,7549.0,Call CEX 5,CEX,329658.793,8003.704639728052,9270.83934792232
2026-10-08 08:43:04,7500.0,7549.0,Put DEX 3,DEX,-17.337,8003.704639728052,9270.83934792232
2026-10-08 08:43:04,7500.0,7549.0,Put GEX 3,GEX,-167047.458,8003.704639728052,9270.83934792232
2026-10-08 08:43:04,7500.0,7549.0,Call VEX 5,VEX,479336.322,8003.704639728052,9270.83934792232
2026-10-08 08:43:04,7600.0,7649.5,Call CEX 2,CEX,423362.061,8003.704639728052,9270.83934792232
2026-10-08 08:43:04,7600.0,7649.5,Call DEX 1,DEX,73.76,8003.704639728052,9270.83934792232
2026-10-08 08:43:04,7600.0,7649.5,Put GEX 4,GEX,-144171.076,8003.704639728052,9270.83934792232
2026-10-08 08:43:04,7600.0,7649.5,Call VEX 3,VEX,615735.171,8003.704639728052,9270.83934792232
2026-10-08 08:43:04,7630.0,7679.75,Call DEX 4,DEX,43.89,8003.704639728052,9270.83934792232
2026-10-08 08:43:04,7650.0,7699.75,Call CEX 4,CEX,402730.378,8003.704639728052,9270.83934792232
2026-10-08 08:43:04,7650.0,7699.75,Put GEX 2,GEX,-210573.851,8003.704639728052,9270.83934792232
2026-10-08 08:43:04,7650.0,7699.75,Call VEX 4,VEX,543877.398,8003.704639728052,9270.83934792232
2026-10-08 08:43:04,7700.0,7750.25,Call CEX 3,CEX,411125.192,8003.704639728052,9270.83934792232
2026-10-08 08:43:04,7700.0,7750.25,Call DEX 2,DEX,73.7,8003.704639728052,9270.83934792232
2026-10-08 08:43:04,7700.0,7750.25,Put GEX 5,GEX,-112681.105,8003.704639728052,9270.83934792232
2026-10-08 08:43:04,7700.0,7750.25,Call VEX 1,VEX,699237.725,8003.704639728052,9270.83934792232
2026-10-08 08:43:04,7750.0,7800.5,Call DEX 3,DEX,57.39,8003.704639728052,9270.83934792232
2026-10-08 08:43:04,7800.0,7850.75,Put CEX 2,CEX,-498920.041,8003.704639728052,9270.83934792232
2026-10-08 08:43:04,7800.0,7850.75,Call GEX 1,GEX,357187.807,8003.704639728052,9270.83934792232
2026-10-08 08:43:04,7800.0,7850.75,Put VEX 4,VEX,-288698.566,8003.704639728052,9270.83934792232
2026-10-08 08:43:04,7825.0,7876.0,Put CEX 5,CEX,-232807.919,8003.704639728052,9270.83934792232
2026-10-08 08:43:04,7825.0,7876.0,Call DEX 5,DEX,33.573,8003.704639728052,9270.83934792232
2026-10-08 08:43:04,7825.0,7876.0,Call GEX 3,GEX,346688.025,8003.704639728052,9270.83934792232
2026-10-08 08:43:04,7850.0,7901.25,Put CEX 4,CEX,-377635.666,8003.704639728052,9270.83934792232
2026-10-08 08:43:04,7850.0,7901.25,Call GEX 2,GEX,347424.848,8003.704639728052,9270.83934792232
2026-10-08 08:43:04,7850.0,7901.25,Put VEX 3,VEX,-352978.705,8003.704639728052,9270.83934792232
2026-10-08 08:43:04,7870.0,7921.25,Call GEX 5,GEX,238359.297,8003.704639728052,9270.83934792232
2026-10-08 08:43:04,7900.0,7951.5,Put CEX 3,CEX,-380459.058,8003.704639728052,9270.83934792232
2026-10-08 08:43:04,7900.0,7951.5,Call GEX 4,GEX,307424.099,8003.704639728052,9270.83934792232
2026-10-08 08:43:04,7900.0,7951.5,Put VEX 2,VEX,-413206.725,8003.704639728052,9270.83934792232
2026-10-08 08:43:04,7950.0,8001.75,Put VEX 5,VEX,-229961.001,8003.704639728052,9270.83934792232
2026-10-08 08:43:04,8000.0,8052.25,Put CEX 1,CEX,-3143649.257,8003.704639728052,9270.83934792232
2026-10-08 08:43:04,8000.0,8052.25,Put DEX 1,DEX,-1354.543,8003.704639728052,9270.83934792232
2026-10-08 08:43:04,8000.0,8052.25,Put GEX 1,GEX,-482528.798,8003.704639728052,9270.83934792232
2026-10-08 08:43:04,8000.0,8052.25,Put VEX 1,VEX,-3962045.305,8003.704639728052,9270.83934792232
2026-10-08 08:43:04,8250.0,8303.75,Put DEX 2,DEX,-25.468,8003.704639728052,9270.83934792232
2026-10-08 08:43:52,7000.0,7045.5,Call CEX 1,CEX,454048.555,9497.393505127531,9542.248268513586
2026-10-08 08:43:52,7000.0,7045.5,Put DEX 4,DEX,-12.348,9497.393505127531,9542.248268513586
2026-10-08 08:43:52,7000.0,7045.5,Call VEX 2,VEX,643528.119,9497.393505127531,9542.248268513586
2026-10-08 08:43:52,7400.0,7448.0,Put DEX 5,DEX,-6.334,9497.393505127531,9542.248268513586
2026-10-08 08:43:52,7500.0,7548.75,Call CEX 5,CEX,330383.245,9497.393505127531,9542.248268513586
2026-10-08 08:43:52,7500.0,7548.75,Put DEX 3,DEX,-17.402,9497.393505127531,9542.248268513586
2026-10-08 08:43:52,7500.0,7548.75,Put GEX 3,GEX,-167367.003,9497.393505127531,9542.248268513586
2026-10-08 08:43:52,7500.0,7548.75,Call VEX 5,VEX,480392.463,9497.393505127531,9542.248268513586
2026-10-08 08:43:52,7600.0,7649.25,Call CEX 2,CEX,422714.695,9497.393505127531,9542.248268513586
2026-10-08 08:43:52,7600.0,7649.25,Call DEX 1,DEX,73.865,9497.393505127531,9542.248268513586
2026-10-08 08:43:52,7600.0,7649.25,Put GEX 4,GEX,-145496.924,9497.393505127531,9542.248268513586
2026-10-08 08:43:52,7600.0,7649.25,Call VEX 3,VEX,614686.413,9497.393505127531,9542.248268513586
2026-10-08 08:43:52,7630.0,7679.5,Call DEX 4,DEX,44.037,9497.393505127531,9542.248268513586
2026-10-08 08:43:52,7650.0,7699.75,Call CEX 4,CEX,403261.221,9497.393505127531,9542.248268513586
2026-10-08 08:43:52,7650.0,7699.75,Put GEX 2,GEX,-210993.707,9497.393505127531,9542.248268513586
2026-10-08 08:43:52,7650.0,7699.75,Call VEX 4,VEX,544411.236,9497.393505127531,9542.248268513586
2026-10-08 08:43:52,7700.0,7750.0,Call CEX 3,CEX,409242.604,9497.393505127531,9542.248268513586
2026-10-08 08:43:52,7700.0,7750.0,Call DEX 2,DEX,73.25,9497.393505127531,9542.248268513586
2026-10-08 08:43:52,7700.0,7750.0,Put GEX 5,GEX,-112151.313,9497.393505127531,9542.248268513586
2026-10-08 08:43:52,7700.0,7750.0,Call VEX 1,VEX,697281.045,9497.393505127531,9542.248268513586
2026-10-08 08:43:52,7750.0,7800.25,Call DEX 3,DEX,56.608,9497.393505127531,9542.248268513586
2026-10-08 08:43:52,7800.0,7850.75,Put CEX 2,CEX,-506195.461,9497.393505127531,9542.248268513586
2026-10-08 08:43:52,7800.0,7850.75,Call GEX 1,GEX,353577.394,9497.393505127531,9542.248268513586
2026-10-08 08:43:52,7800.0,7850.75,Put VEX 4,VEX,-297247.331,9497.393505127531,9542.248268513586
2026-10-08 08:43:52,7825.0,7875.75,Put CEX 5,CEX,-233962.723,9497.393505127531,9542.248268513586
2026-10-08 08:43:52,7825.0,7875.75,Call DEX 5,DEX,33.301,9497.393505127531,9542.248268513586
2026-10-08 08:43:52,7825.0,7875.75,Call GEX 3,GEX,345038.396,9497.393505127531,9542.248268513586
2026-10-08 08:43:52,7850.0,7901.0,Put CEX 4,CEX,-378392.961,9497.393505127531,9542.248268513586
2026-10-08 08:43:52,7850.0,7901.0,Call GEX 2,GEX,345708.562,9497.393505127531,9542.248268513586
2026-10-08 08:43:52,7850.0,7901.0,Put VEX 3,VEX,-354421.182,9497.393505127531,9542.248268513586
2026-10-08 08:43:52,7870.0,7921.0,Call GEX 5,GEX,237060.434,9497.393505127531,9542.248268513586
2026-10-08 08:43:52,7900.0,7951.25,Put CEX 3,CEX,-379769.22,9497.393505127531,9542.248268513586
2026-10-08 08:43:52,7900.0,7951.25,Call GEX 4,GEX,305557.711,9497.393505127531,9542.248268513586
2026-10-08 08:43:52,7900.0,7951.25,Put VEX 2,VEX,-412772.2,9497.393505127531,9542.248268513586
2026-10-08 08:43:52,7950.0,8001.75,Put VEX 5,VEX,-229667.866,9497.393505127531,9542.248268513586
2026-10-08 08:43:52,8000.0,8052.0,Put CEX 1,CEX,-3148261.427,9497.393505127531,9542.248268513586
2026-10-08 08:43:52,8000.0,8052.0,Put DEX 1,DEX,-1353.449,9497.393505127531,9542.248268513586
2026-10-08 08:43:52,8000.0,8052.0,Put GEX 1,GEX,-485807.484,9497.393505127531,9542.248268513586
2026-10-08 08:43:52,8000.0,8052.0,Put VEX 1,VEX,-3968294.719,9497.393505127531,9542.248268513586
2026-10-08 08:43:52,8250.0,8303.5,Put DEX 2,DEX,-25.496,9497.393505127531,9542.248268513586
2026-10-08 08:44:40,7000.0,7045.25,Call CEX 1,CEX,445611.92,8003.758065016419,9269.364680026603
2026-10-08 08:44:40,7000.0,7045.25,Put DEX 4,DEX,-12.03,8003.758065016419,9269.364680026603
2026-10-08 08:44:40,7000.0,7045.25,Call VEX 2,VEX,631517.359,8003.758065016419,9269.364680026603
2026-10-08 08:44:40,7400.0,7448.0,Put DEX 5,DEX,-6.274,8003.758065016419,9269.364680026603
2026-10-08 08:44:40,7500.0,7548.5,Call CEX 5,CEX,327848.228,8003.758065016419,9269.364680026603
2026-10-08 08:44:40,7500.0,7548.5,Put DEX 3,DEX,-19.031,8003.758065016419,9269.364680026603
2026-10-08 08:44:40,7500.0,7548.5,Put GEX 3,GEX,-166112.953,8003.758065016419,9269.364680026603
2026-10-08 08:44:40,7500.0,7548.5,Call VEX 5,VEX,476517.096,8003.758065016419,9269.364680026603
2026-10-08 08:44:40,7600.0,7649.25,Call CEX 2,CEX,419070.331,8003.758065016419,9269.364680026603
2026-10-08 08:44:40,7600.0,7649.25,Call DEX 2,DEX,74.775,8003.758065016419,9269.364680026603
2026-10-08 08:44:40,7600.0,7649.25,Put GEX 4,GEX,-146206.498,8003.758065016419,9269.364680026603
2026-10-08 08:44:40,7600.0,7649.25,Call VEX 3,VEX,608905.835,8003.758065016419,9269.364680026603
2026-10-08 08:44:40,7630.0,7679.5,Call DEX 4,DEX,44.241,8003.758065016419,9269.364680026603
2026-10-08 08:44:40,7650.0,7699.5,Call CEX 4,CEX,400118.933,8003.758065016419,9269.364680026603
2026-10-08 08:44:40,7650.0,7699.5,Put GEX 2,GEX,-210972.831,8003.758065016419,9269.364680026603
2026-10-08 08:44:40,7650.0,7699.5,Call VEX 4,VEX,541457.727,8003.758065016419,9269.364680026603
2026-10-08 08:44:40,7700.0,7749.75,Call CEX 3,CEX,415033.151,8003.758065016419,9269.364680026603
2026-10-08 08:44:40,7700.0,7749.75,Call DEX 1,DEX,74.928,8003.758065016419,9269.364680026603
2026-10-08 08:44:40,7700.0,7749.75,Put GEX 5,GEX,-110257.206,8003.758065016419,9269.364680026603
2026-10-08 08:44:40,7700.0,7749.75,Call VEX 1,VEX,703999.869,8003.758065016419,9269.364680026603
2026-10-08 08:44:40,7750.0,7800.25,Call DEX 3,DEX,58.689,8003.758065016419,9269.364680026603
2026-10-08 08:44:40,7800.0,7850.5,Put CEX 2,CEX,-489270.911,8003.758065016419,9269.364680026603
2026-10-08 08:44:40,7800.0,7850.5,Call GEX 1,GEX,366793.642,8003.758065016419,9269.364680026603
2026-10-08 08:44:40,7800.0,7850.5,Put VEX 4,VEX,-276622.455,8003.758065016419,9269.364680026603
2026-10-08 08:44:40,7825.0,7875.75,Put CEX 5,CEX,-231391.234,8003.758065016419,9269.364680026603
2026-10-08 08:44:40,7825.0,7875.75,Call DEX 5,DEX,33.94,8003.758065016419,9269.364680026603
2026-10-08 08:44:40,7825.0,7875.75,Call GEX 3,GEX,349770.447,8003.758065016419,9269.364680026603
2026-10-08 08:44:40,7850.0,7900.75,Put CEX 4,CEX,-376973.712,8003.758065016419,9269.364680026603
2026-10-08 08:44:40,7850.0,7900.75,Call GEX 2,GEX,350710.3,8003.758065016419,9269.364680026603
2026-10-08 08:44:40,7850.0,7900.75,Put VEX 3,VEX,-351205.514,8003.758065016419,9269.364680026603
2026-10-08 08:44:40,7870.0,7921.0,Call GEX 5,GEX,240398.668,8003.758065016419,9269.364680026603
2026-10-08 08:44:40,7900.0,7951.25,Put CEX 3,CEX,-382369.964,8003.758065016419,9269.364680026603
2026-10-08 08:44:40,7900.0,7951.25,Call GEX 4,GEX,310674.715,8003.758065016419,9269.364680026603
2026-10-08 08:44:40,7900.0,7951.25,Put VEX 2,VEX,-414377.238,8003.758065016419,9269.364680026603
2026-10-08 08:44:40,7950.0,8001.5,Put VEX 5,VEX,-232116.98,8003.758065016419,9269.364680026603
2026-10-08 08:44:40,8000.0,8051.75,Put CEX 1,CEX,-3217453.283,8003.758065016419,9269.364680026603
2026-10-08 08:44:40,8000.0,8051.75,Put DEX 1,DEX,-1344.107,8003.758065016419,9269.364680026603
2026-10-08 08:44:40,8000.0,8051.75,Put GEX 1,GEX,-508446.733,8003.758065016419,9269.364680026603
2026-10-08 08:44:40,8000.0,8051.75,Put VEX 1,VEX,-4053777.097,8003.758065016419,9269.364680026603
2026-10-08 08:44:40,8250.0,8303.5,Put DEX 2,DEX,-25.393,8003.758065016419,9269.364680026603
2026-10-08 08:45:28,7000.0,7045.5,Call CEX 1,CEX,445738.507,8003.677278765484,9271.580640810744
2026-10-08 08:45:28,7000.0,7045.5,Put DEX 3,DEX,-12.034,8003.677278765484,9271.580640810744
2026-10-08 08:45:28,7000.0,7045.5,Call VEX 2,VEX,631631.992,8003.677278765484,9271.580640810744
2026-10-08 08:45:28,7400.0,7448.25,Put DEX 4,DEX,-6.268,8003.677278765484,9271.580640810744
2026-10-08 08:45:28,7500.0,7548.75,Call CEX 5,CEX,338890.207,8003.677278765484,9271.580640810744
2026-10-08 08:45:28,7500.0,7548.75,Call DEX 4,DEX,52.473,8003.677278765484,9271.580640810744
2026-10-08 08:45:28,7500.0,7548.75,Put GEX 3,GEX,-160586.247,8003.677278765484,9271.580640810744
2026-10-08 08:45:28,7500.0,7548.75,Call VEX 5,VEX,493166.102,8003.677278765484,9271.580640810744
2026-10-08 08:45:28,7600.0,7649.5,Call CEX 2,CEX,423411.933,8003.677278765484,9271.580640810744
2026-10-08 08:45:28,7600.0,7649.5,Call DEX 2,DEX,74.273,8003.677278765484,9271.580640810744
2026-10-08 08:45:28,7600.0,7649.5,Put GEX 4,GEX,-142774.436,8003.677278765484,9271.580640810744
2026-10-08 08:45:28,7600.0,7649.5,Call VEX 3,VEX,615612.338,8003.677278765484,9271.580640810744
2026-10-08 08:45:28,7630.0,7679.75,Call DEX 5,DEX,43.978,8003.677278765484,9271.580640810744
2026-10-08 08:45:28,7650.0,7699.75,Call CEX 4,CEX,402655.635,8003.677278765484,9271.580640810744
2026-10-08 08:45:28,7650.0,7699.75,Put GEX 2,GEX,-209328.0,8003.677278765484,9271.580640810744
2026-10-08 08:45:28,7650.0,7699.75,Call VEX 4,VEX,543679.527,8003.677278765484,9271.580640810744
2026-10-08 08:45:28,7700.0,7750.25,Call CEX 3,CEX,413786.698,8003.677278765484,9271.580640810744
2026-10-08 08:45:28,7700.0,7750.25,Call DEX 1,DEX,74.42,8003.677278765484,9271.580640810744
2026-10-08 08:45:28,7700.0,7750.25,Put GEX 5,GEX,-112728.025,8003.677278765484,9271.580640810744
2026-10-08 08:45:28,7700.0,7750.25,Call VEX 1,VEX,702376.653,8003.677278765484,9271.580640810744
2026-10-08 08:45:28,7750.0,7800.5,Call DEX 3,DEX,58.179,8003.677278765484,9271.580640810744
2026-10-08 08:45:28,7800.0,7850.75,Put CEX 2,CEX,-493639.98,8003.677278765484,9271.580640810744
2026-10-08 08:45:28,7800.0,7850.75,Call GEX 1,GEX,356745.366,8003.677278765484,9271.580640810744
2026-10-08 08:45:28,7800.0,7850.75,Put VEX 4,VEX,-281592.749,8003.677278765484,9271.580640810744
2026-10-08 08:45:28,7825.0,7876.0,Put CEX 5,CEX,-231699.273,8003.677278765484,9271.580640810744
2026-10-08 08:45:28,7825.0,7876.0,Call GEX 3,GEX,347642.531,8003.677278765484,9271.580640810744
2026-10-08 08:45:28,7850.0,7901.25,Put CEX 4,CEX,-377229.693,8003.677278765484,9271.580640810744
2026-10-08 08:45:28,7850.0,7901.25,Call GEX 2,GEX,348555.75,8003.677278765484,9271.580640810744
2026-10-08 08:45:28,7850.0,7901.25,Put VEX 3,VEX,-351832.265,8003.677278765484,9271.580640810744
2026-10-08 08:45:28,7870.0,7921.25,Call GEX 5,GEX,239511.775,8003.677278765484,9271.580640810744
2026-10-08 08:45:28,7900.0,7951.5,Put CEX 3,CEX,-381854.222,8003.677278765484,9271.580640810744
2026-10-08 08:45:28,7900.0,7951.5,Call GEX 4,GEX,309504.78,8003.677278765484,9271.580640810744
2026-10-08 08:45:28,7900.0,7951.5,Put VEX 2,VEX,-414156.106,8003.677278765484,9271.580640810744
2026-10-08 08:45:28,7950.0,8001.75,Put VEX 5,VEX,-231951.667,8003.677278765484,9271.580640810744
2026-10-08 08:45:28,8000.0,8052.25,Put CEX 1,CEX,-3161370.21,8003.677278765484,9271.580640810744
2026-10-08 08:45:28,8000.0,8052.25,Put DEX 1,DEX,-1353.53,8003.677278765484,9271.580640810744
2026-10-08 08:45:28,8000.0,8052.25,Put GEX 1,GEX,-476178.849,8003.677278765484,9271.580640810744
2026-10-08 08:45:28,8000.0,8052.25,Put VEX 1,VEX,-3983011.478,8003.677278765484,9271.580640810744
2026-10-08 08:45:28,8100.0,8152.75,Put DEX 5,DEX,-5.191,8003.677278765484,9271.580640810744
2026-10-08 08:45:28,8250.0,8303.75,Put DEX 2,DEX,-25.493,8003.677278765484,9271.580640810744
2026-10-08 08:46:20,7000.0,7046.0,Call CEX 1,CEX,445361.628,8003.620075146592,9269.291710438814
2026-10-08 08:46:20,7000.0,7046.0,Put DEX 3,DEX,-12.025,8003.620075146592,9269.291710438814
2026-10-08 08:46:20,7000.0,7046.0,Call VEX 2,VEX,631235.095,8003.620075146592,9269.291710438814
2026-10-08 08:46:20,7400.0,7448.75,Put DEX 4,DEX,-6.189,8003.620075146592,9269.291710438814
2026-10-08 08:46:20,7500.0,7549.25,Call CEX 5,CEX,336469.302,8003.620075146592,9269.291710438814
2026-10-08 08:46:20,7500.0,7549.25,Call DEX 4,DEX,52.779,8003.620075146592,9269.291710438814
2026-10-08 08:46:20,7500.0,7549.25,Put GEX 3,GEX,-159145.825,8003.620075146592,9269.291710438814
2026-10-08 08:46:20,7500.0,7549.25,Call VEX 5,VEX,489585.073,8003.620075146592,9269.291710438814
2026-10-08 08:46:20,7600.0,7650.0,Call CEX 2,CEX,421380.954,8003.620075146592,9269.291710438814
2026-10-08 08:46:20,7600.0,7650.0,Call DEX 2,DEX,74.844,8003.620075146592,9269.291710438814
2026-10-08 08:46:20,7600.0,7650.0,Put GEX 4,GEX,-142642.219,8003.620075146592,9269.291710438814
2026-10-08 08:46:20,7600.0,7650.0,Call VEX 3,VEX,612703.453,8003.620075146592,9269.291710438814
2026-10-08 08:46:20,7630.0,7680.25,Call DEX 5,DEX,44.081,8003.620075146592,9269.291710438814
2026-10-08 08:46:20,7650.0,7700.25,Call CEX 4,CEX,403267.316,8003.620075146592,9269.291710438814
2026-10-08 08:46:20,7650.0,7700.25,Put GEX 2,GEX,-208806.396,8003.620075146592,9269.291710438814
2026-10-08 08:46:20,7650.0,7700.25,Call VEX 4,VEX,544217.398,8003.620075146592,9269.291710438814
2026-10-08 08:46:20,7700.0,7750.75,Call CEX 3,CEX,416123.952,8003.620075146592,9269.291710438814
2026-10-08 08:46:20,7700.0,7750.75,Call DEX 1,DEX,75.173,8003.620075146592,9269.291710438814
2026-10-08 08:46:20,7700.0,7750.75,Put GEX 5,GEX,-113507.868,8003.620075146592,9269.291710438814
2026-10-08 08:46:20,7700.0,7750.75,Call VEX 1,VEX,705811.458,8003.620075146592,9269.291710438814
2026-10-08 08:46:20,7750.0,7801.0,Call DEX 3,DEX,58.764,8003.620075146592,9269.291710438814
2026-10-08 08:46:20,7800.0,7851.25,Put CEX 2,CEX,-493450.4,8003.620075146592,9269.291710438814
2026-10-08 08:46:20,7800.0,7851.25,Call GEX 1,GEX,356341.319,8003.620075146592,9269.291710438814
2026-10-08 08:46:20,7800.0,7851.25,Put VEX 4,VEX,-279399.037,8003.620075146592,9269.291710438814
2026-10-08 08:46:20,7825.0,7876.5,Put CEX 5,CEX,-231936.758,8003.620075146592,9269.291710438814
2026-10-08 08:46:20,7825.0,7876.5,Call GEX 3,GEX,349406.592,8003.620075146592,9269.291710438814
2026-10-08 08:46:20,7850.0,7901.75,Put CEX 4,CEX,-377982.376,8003.620075146592,9269.291710438814
2026-10-08 08:46:20,7850.0,7901.75,Call GEX 2,GEX,350025.419,8003.620075146592,9269.291710438814
2026-10-08 08:46:20,7850.0,7901.75,Put VEX 3,VEX,-352267.064,8003.620075146592,9269.291710438814
2026-10-08 08:46:20,7870.0,7921.75,Call GEX 5,GEX,240332.473,8003.620075146592,9269.291710438814
2026-10-08 08:46:20,7900.0,7952.0,Put CEX 3,CEX,-381888.594,8003.620075146592,9269.291710438814
2026-10-08 08:46:20,7900.0,7952.0,Call GEX 4,GEX,310016.052,8003.620075146592,9269.291710438814
2026-10-08 08:46:20,7900.0,7952.0,Put VEX 2,VEX,-414019.746,8003.620075146592,9269.291710438814
2026-10-08 08:46:20,7950.0,8002.25,Put VEX 5,VEX,-231526.756,8003.620075146592,9269.291710438814
2026-10-08 08:46:20,8000.0,8052.75,Put CEX 1,CEX,-3130632.313,8003.620075146592,9269.291710438814
2026-10-08 08:46:20,8000.0,8052.75,Put DEX 1,DEX,-1358.545,8003.620075146592,9269.291710438814
2026-10-08 08:46:20,8000.0,8052.75,Put GEX 1,GEX,-457863.476,8003.620075146592,9269.291710438814
2026-10-08 08:46:20,8000.0,8052.75,Put VEX 1,VEX,-3943604.806,8003.620075146592,9269.291710438814
2026-10-08 08:46:20,8100.0,8153.25,Put DEX 5,DEX,-5.178,8003.620075146592,9269.291710438814
2026-10-08 08:46:20,8250.0,8304.25,Put DEX 2,DEX,-25.504,8003.620075146592,9269.291710438814
2026-10-08 08:47:08,7000.0,7045.5,Call CEX 1,CEX,445934.748,9498.29001133125,9526.517571884984
2026-10-08 08:47:08,7000.0,7045.5,Put DEX 3,DEX,-12.039,9498.29001133125,9526.517571884984
2026-10-08 08:47:08,7000.0,7045.5,Call VEX 2,VEX,631790.239,9498.29001133125,9526.517571884984
2026-10-08 08:47:08,7400.0,7448.25,Put DEX 4,DEX,-6.187,9498.29001133125,9526.517571884984
2026-10-08 08:47:08,7500.0,7548.75,Call CEX 5,CEX,342239.74,9498.29001133125,9526.517571884984
2026-10-08 08:47:08,7500.0,7548.75,Call DEX 4,DEX,54.438,9498.29001133125,9526.517571884984
2026-10-08 08:47:08,7500.0,7548.75,Put GEX 3,GEX,-156944.647,9498.29001133125,9526.517571884984
2026-10-08 08:47:08,7500.0,7548.75,Call VEX 5,VEX,498178.201,9498.29001133125,9526.517571884984
2026-10-08 08:47:08,7600.0,7649.5,Call CEX 2,CEX,422831.956,9498.29001133125,9526.517571884984
2026-10-08 08:47:08,7600.0,7649.5,Call DEX 1,DEX,74.483,9498.29001133125,9526.517571884984
2026-10-08 08:47:08,7600.0,7649.5,Put GEX 4,GEX,-143123.259,9498.29001133125,9526.517571884984
2026-10-08 08:47:08,7600.0,7649.5,Call VEX 3,VEX,614708.299,9498.29001133125,9526.517571884984
2026-10-08 08:47:08,7630.0,7679.75,Call DEX 5,DEX,44.131,9498.29001133125,9526.517571884984
2026-10-08 08:47:08,7650.0,7699.75,Call CEX 4,CEX,403004.753,9498.29001133125,9526.517571884984
2026-10-08 08:47:08,7650.0,7699.75,Put GEX 2,GEX,-209941.848,9498.29001133125,9526.517571884984
2026-10-08 08:47:08,7650.0,7699.75,Call VEX 4,VEX,544156.375,9498.29001133125,9526.517571884984
2026-10-08 08:47:08,7700.0,7750.25,Call CEX 3,CEX,413047.674,9498.29001133125,9526.517571884984
2026-10-08 08:47:08,7700.0,7750.25,Call DEX 2,DEX,74.347,9498.29001133125,9526.517571884984
2026-10-08 08:47:08,7700.0,7750.25,Put GEX 5,GEX,-114251.464,9498.29001133125,9526.517571884984
2026-10-08 08:47:08,7700.0,7750.25,Call VEX 1,VEX,702265.981,9498.29001133125,9526.517571884984
2026-10-08 08:47:08,7750.0,7800.5,Call DEX 3,DEX,57.726,9498.29001133125,9526.517571884984
2026-10-08 08:47:08,7800.0,7850.75,Put CEX 2,CEX,-502715.144,9498.29001133125,9526.517571884984
2026-10-08 08:47:08,7800.0,7850.75,Call GEX 1,GEX,357104.834,9498.29001133125,9526.517571884984
2026-10-08 08:47:08,7800.0,7850.75,Put VEX 4,VEX,-290679.768,9498.29001133125,9526.517571884984
2026-10-08 08:47:08,7825.0,7876.0,Put CEX 5,CEX,-233949.075,9498.29001133125,9526.517571884984
2026-10-08 08:47:08,7825.0,7876.0,Call GEX 3,GEX,348064.934,9498.29001133125,9526.517571884984
2026-10-08 08:47:08,7850.0,7901.25,Put CEX 4,CEX,-379286.262,9498.29001133125,9526.517571884984
2026-10-08 08:47:08,7850.0,7901.25,Call GEX 2,GEX,348468.863,9498.29001133125,9526.517571884984
2026-10-08 08:47:08,7850.0,7901.25,Put VEX 3,VEX,-354516.67,9498.29001133125,9526.517571884984
2026-10-08 08:47:08,7870.0,7921.25,Call GEX 5,GEX,238606.08,9498.29001133125,9526.517571884984
2026-10-08 08:47:08,7900.0,7951.5,Put CEX 3,CEX,-380320.318,9498.29001133125,9526.517571884984
2026-10-08 08:47:08,7900.0,7951.5,Call GEX 4,GEX,307150.477,9498.29001133125,9526.517571884984
2026-10-08 08:47:08,7900.0,7951.5,Put VEX 2,VEX,-412962.417,9498.29001133125,9526.517571884984
2026-10-08 08:47:08,7950.0,8001.75,Put VEX 5,VEX,-229360.474,9498.29001133125,9526.517571884984
2026-10-08 08:47:08,8000.0,8052.25,Put CEX 1,CEX,-3135379.283,9498.29001133125,9526.517571884984
2026-10-08 08:47:08,8000.0,8052.25,Put DEX 1,DEX,-1357.332,9498.29001133125,9526.517571884984
2026-10-08 08:47:08,8000.0,8052.25,Put GEX 1,GEX,-461944.047,9498.29001133125,9526.517571884984
2026-10-08 08:47:08,8000.0,8052.25,Put VEX 1,VEX,-3950291.72,9498.29001133125,9526.517571884984
2026-10-08 08:47:08,8100.0,8152.75,Put DEX 5,DEX,-5.219,9498.29001133125,9526.517571884984
2026-10-08 08:47:08,8250.0,8303.75,Put DEX 2,DEX,-25.494,9498.29001133125,9526.517571884984
2026-10-08 08:47:57,7000.0,7045.75,Call CEX 1,CEX,445523.735,9498.868319487146,9518.41405002661
2026-10-08 08:47:57,7000.0,7045.75,Put DEX 4,DEX,-12.029,9498.868319487146,9518.41405002661
2026-10-08 08:47:57,7000.0,7045.75,Call VEX 2,VEX,631353.619,9498.868319487146,9518.41405002661
2026-10-08 08:47:57,7400.0,7448.25,Put DEX 5,DEX,-6.182,9498.868319487146,9518.41405002661
2026-10-08 08:47:57,7500.0,7549.0,Call CEX 5,CEX,325567.027,9498.868319487146,9518.41405002661
2026-10-08 08:47:57,7500.0,7549.0,Put DEX 3,DEX,-18.753,9498.868319487146,9518.41405002661
2026-10-08 08:47:57,7500.0,7549.0,Put GEX 3,GEX,-165156.597,9498.868319487146,9518.41405002661
2026-10-08 08:47:57,7500.0,7549.0,Call VEX 5,VEX,473125.767,9498.868319487146,9518.41405002661
2026-10-08 08:47:57,7600.0,7649.5,Call CEX 2,CEX,421068.732,9498.868319487146,9518.41405002661
2026-10-08 08:47:57,7600.0,7649.5,Call DEX 2,DEX,74.926,9498.868319487146,9518.41405002661
2026-10-08 08:47:57,7600.0,7649.5,Put GEX 4,GEX,-143716.691,9498.868319487146,9518.41405002661
2026-10-08 08:47:57,7600.0,7649.5,Call VEX 3,VEX,611951.878,9498.868319487146,9518.41405002661
2026-10-08 08:47:57,7630.0,7679.75,Call DEX 4,DEX,44.445,9498.868319487146,9518.41405002661
2026-10-08 08:47:57,7650.0,7700.0,Call CEX 4,CEX,400859.572,9498.868319487146,9518.41405002661
2026-10-08 08:47:57,7650.0,7700.0,Put GEX 2,GEX,-210783.516,9498.868319487146,9518.41405002661
2026-10-08 08:47:57,7650.0,7700.0,Call VEX 4,VEX,542353.81,9498.868319487146,9518.41405002661
2026-10-08 08:47:57,7700.0,7750.25,Call CEX 3,CEX,414929.914,9498.868319487146,9518.41405002661
2026-10-08 08:47:57,7700.0,7750.25,Call DEX 1,DEX,75.046,9498.868319487146,9518.41405002661
2026-10-08 08:47:57,7700.0,7750.25,Put GEX 5,GEX,-112446.835,9498.868319487146,9518.41405002661
2026-10-08 08:47:57,7700.0,7750.25,Call VEX 1,VEX,704652.229,9498.868319487146,9518.41405002661
2026-10-08 08:47:57,7750.0,7800.5,Call DEX 3,DEX,58.431,9498.868319487146,9518.41405002661
2026-10-08 08:47:57,7800.0,7851.0,Put CEX 2,CEX,-497813.618,9498.868319487146,9518.41405002661
2026-10-08 08:47:57,7800.0,7851.0,Call GEX 1,GEX,365656.208,9498.868319487146,9518.41405002661
2026-10-08 08:47:57,7800.0,7851.0,Put VEX 4,VEX,-284557.55,9498.868319487146,9518.41405002661
2026-10-08 08:47:57,7825.0,7876.0,Put CEX 5,CEX,-233677.998,9498.868319487146,9518.41405002661
2026-10-08 08:47:57,7825.0,7876.0,Call DEX 5,DEX,33.55,9498.868319487146,9518.41405002661
2026-10-08 08:47:57,7825.0,7876.0,Call GEX 2,GEX,350654.068,9498.868319487146,9518.41405002661
2026-10-08 08:47:57,7850.0,7901.25,Put CEX 4,CEX,-378798.843,9498.868319487146,9518.41405002661
2026-10-08 08:47:57,7850.0,7901.25,Call GEX 3,GEX,350520.001,9498.868319487146,9518.41405002661
2026-10-08 08:47:57,7850.0,7901.25,Put VEX 3,VEX,-353476.46,9498.868319487146,9518.41405002661
2026-10-08 08:47:57,7870.0,7921.25,Call GEX 5,GEX,239754.763,9498.868319487146,9518.41405002661
2026-10-08 08:47:57,7900.0,7951.5,Put CEX 3,CEX,-380995.752,9498.868319487146,9518.41405002661
2026-10-08 08:47:57,7900.0,7951.5,Call GEX 4,GEX,308593.661,9498.868319487146,9518.41405002661
2026-10-08 08:47:57,7900.0,7951.5,Put VEX 2,VEX,-413248.021,9498.868319487146,9518.41405002661
2026-10-08 08:47:57,7950.0,8002.0,Put VEX 5,VEX,-229981.387,9498.868319487146,9518.41405002661
2026-10-08 08:47:57,8000.0,8052.25,Put CEX 1,CEX,-3162547.955,9498.868319487146,9518.41405002661
2026-10-08 08:47:57,8000.0,8052.25,Put DEX 1,DEX,-1353.329,9498.868319487146,9518.41405002661
2026-10-08 08:47:57,8000.0,8052.25,Put GEX 1,GEX,-477179.588,9498.868319487146,9518.41405002661
2026-10-08 08:47:57,8000.0,8052.25,Put VEX 1,VEX,-3983863.918,9498.868319487146,9518.41405002661
2026-10-08 08:47:57,8250.0,8303.75,Put DEX 2,DEX,-25.411,9498.868319487146,9518.41405002661
2026-10-08 08:48:44,7000.0,7045.75,Call CEX 1,CEX,445306.823,8003.637498951415,9268.205118341204
2026-10-08 08:48:44,7000.0,7045.75,Put DEX 3,DEX,-12.019,8003.637498951415,9268.205118341204
2026-10-08 08:48:44,7000.0,7045.75,Call VEX 2,VEX,631054.221,8003.637498951415,9268.205118341204
2026-10-08 08:48:44,7400.0,7448.5,Put DEX 4,DEX,-6.123,8003.637498951415,9268.205118341204
2026-10-08 08:48:44,7500.0,7549.0,Call CEX 5,CEX,327035.327,8003.637498951415,9268.205118341204
2026-10-08 08:48:44,7500.0,7549.0,Call DEX 4,DEX,53.173,8003.637498951415,9268.205118341204
2026-10-08 08:48:44,7500.0,7549.0,Put GEX 3,GEX,-162336.544,8003.637498951415,9268.205118341204
2026-10-08 08:48:44,7500.0,7549.0,Call VEX 5,VEX,475346.024,8003.637498951415,9268.205118341204
2026-10-08 08:48:44,7600.0,7649.75,Call CEX 2,CEX,420155.292,8003.637498951415,9268.205118341204
2026-10-08 08:48:44,7600.0,7649.75,Call DEX 2,DEX,74.85,8003.637498951415,9268.205118341204
2026-10-08 08:48:44,7600.0,7649.75,Put GEX 4,GEX,-142148.651,8003.637498951415,9268.205118341204
2026-10-08 08:48:44,7600.0,7649.75,Call VEX 3,VEX,610814.697,8003.637498951415,9268.205118341204
2026-10-08 08:48:44,7630.0,7680.0,Call DEX 5,DEX,44.361,8003.637498951415,9268.205118341204
2026-10-08 08:48:44,7650.0,7700.0,Call CEX 4,CEX,402858.232,8003.637498951415,9268.205118341204
2026-10-08 08:48:44,7650.0,7700.0,Put GEX 2,GEX,-207766.446,8003.637498951415,9268.205118341204
2026-10-08 08:48:44,7650.0,7700.0,Call VEX 4,VEX,543655.419,8003.637498951415,9268.205118341204
2026-10-08 08:48:44,7700.0,7750.5,Call CEX 3,CEX,418696.951,8003.637498951415,9268.205118341204
2026-10-08 08:48:44,7700.0,7750.5,Call DEX 1,DEX,75.865,8003.637498951415,9268.205118341204
2026-10-08 08:48:44,7700.0,7750.5,Put GEX 5,GEX,-114273.94,8003.637498951415,9268.205118341204
2026-10-08 08:48:44,7700.0,7750.5,Call VEX 1,VEX,708791.802,8003.637498951415,9268.205118341204
2026-10-08 08:48:44,7750.0,7800.75,Call DEX 3,DEX,59.559,8003.637498951415,9268.205118341204
2026-10-08 08:48:44,7800.0,7851.0,Put CEX 2,CEX,-487883.236,8003.637498951415,9268.205118341204
2026-10-08 08:48:44,7800.0,7851.0,Call GEX 1,GEX,355207.966,8003.637498951415,9268.205118341204
2026-10-08 08:48:44,7800.0,7851.0,Put VEX 4,VEX,-272103.539,8003.637498951415,9268.205118341204
2026-10-08 08:48:44,7825.0,7876.25,Put CEX 5,CEX,-230956.823,8003.637498951415,9268.205118341204
2026-10-08 08:48:44,7825.0,7876.25,Call GEX 3,GEX,350470.032,8003.637498951415,9268.205118341204
2026-10-08 08:48:44,7850.0,7901.5,Put CEX 4,CEX,-377601.174,8003.637498951415,9268.205118341204
2026-10-08 08:48:44,7850.0,7901.5,Call GEX 2,GEX,351496.569,8003.637498951415,9268.205118341204
2026-10-08 08:48:44,7850.0,7901.5,Put VEX 3,VEX,-351173.242,8003.637498951415,9268.205118341204
2026-10-08 08:48:44,7870.0,7921.5,Call GEX 5,GEX,241607.972,8003.637498951415,9268.205118341204
2026-10-08 08:48:44,7900.0,7951.75,Put CEX 3,CEX,-382854.725,8003.637498951415,9268.205118341204
2026-10-08 08:48:44,7900.0,7951.75,Call GEX 4,GEX,311814.038,8003.637498951415,9268.205118341204
2026-10-08 08:48:44,7900.0,7951.75,Put VEX 2,VEX,-414523.021,8003.637498951415,9268.205118341204
2026-10-08 08:48:44,7950.0,8002.0,Put VEX 5,VEX,-231451.926,8003.637498951415,9268.205118341204
2026-10-08 08:48:44,8000.0,8052.25,Put CEX 1,CEX,-3144697.258,8003.637498951415,9268.205118341204
2026-10-08 08:48:44,8000.0,8052.25,Put DEX 1,DEX,-1356.811,8003.637498951415,9268.205118341204
2026-10-08 08:48:44,8000.0,8052.25,Put GEX 1,GEX,-464900.589,8003.637498951415,9268.205118341204
2026-10-08 08:48:44,8000.0,8052.25,Put VEX 1,VEX,-3960003.221,8003.637498951415,9268.205118341204
2026-10-08 08:48:44,8100.0,8153.0,Put DEX 5,DEX,-5.155,8003.637498951415,9268.205118341204
2026-10-08 08:48:44,8250.0,8304.0,Put DEX 2,DEX,-25.548,8003.637498951415,9268.205118341204
2026-10-08 08:49:33,7000.0,7045.75,Call CEX 1,CEX,445474.824,8003.711831219663,9271.894966420385
2026-10-08 08:49:33,7000.0,7045.75,Put DEX 4,DEX,-12.024,8003.711831219663,9271.894966420385
2026-10-08 08:49:33,7000.0,7045.75,Call VEX 2,VEX,631218.654,8003.711831219663,9271.894966420385
2026-10-08 08:49:33,7400.0,7448.5,Put DEX 5,DEX,-6.144,8003.711831219663,9271.894966420385
2026-10-08 08:49:33,7500.0,7549.0,Call CEX 5,CEX,324310.897,8003.711831219663,9271.894966420385
2026-10-08 08:49:33,7500.0,7549.0,Put DEX 3,DEX,-18.592,8003.711831219663,9271.894966420385
2026-10-08 08:49:33,7500.0,7549.0,Put GEX 3,GEX,-164257.643,8003.711831219663,9271.894966420385
2026-10-08 08:49:33,7500.0,7549.0,Call VEX 5,VEX,471204.592,8003.711831219663,9271.894966420385
2026-10-08 08:49:33,7600.0,7649.75,Call CEX 2,CEX,419944.423,8003.711831219663,9271.894966420385
2026-10-08 08:49:33,7600.0,7649.75,Call DEX 2,DEX,74.844,8003.711831219663,9271.894966420385
2026-10-08 08:49:33,7600.0,7649.75,Put GEX 4,GEX,-143713.999,8003.711831219663,9271.894966420385
2026-10-08 08:49:33,7600.0,7649.75,Call VEX 3,VEX,610285.407,8003.711831219663,9271.894966420385
2026-10-08 08:49:33,7630.0,7680.0,Call DEX 4,DEX,44.465,8003.711831219663,9271.894966420385
2026-10-08 08:49:33,7650.0,7700.0,Call CEX 4,CEX,400784.36,8003.711831219663,9271.894966420385
2026-10-08 08:49:33,7650.0,7700.0,Put GEX 2,GEX,-210019.98,8003.711831219663,9271.894966420385
2026-10-08 08:49:33,7650.0,7700.0,Call VEX 4,VEX,542091.896,8003.711831219663,9271.894966420385
2026-10-08 08:49:33,7700.0,7750.25,Call CEX 3,CEX,417151.964,8003.711831219663,9271.894966420385
2026-10-08 08:49:33,7700.0,7750.25,Call DEX 1,DEX,75.581,8003.711831219663,9271.894966420385
2026-10-08 08:49:33,7700.0,7750.25,Put GEX 5,GEX,-112510.512,8003.711831219663,9271.894966420385
2026-10-08 08:49:33,7700.0,7750.25,Call VEX 1,VEX,707312.494,8003.711831219663,9271.894966420385
2026-10-08 08:49:33,7750.0,7800.75,Call DEX 3,DEX,58.97,8003.711831219663,9271.894966420385
2026-10-08 08:49:33,7800.0,7851.0,Put CEX 2,CEX,-493643.302,8003.711831219663,9271.894966420385
2026-10-08 08:49:33,7800.0,7851.0,Call GEX 1,GEX,363844.133,8003.711831219663,9271.894966420385
2026-10-08 08:49:33,7800.0,7851.0,Put VEX 4,VEX,-279093.203,8003.711831219663,9271.894966420385
2026-10-08 08:49:33,7825.0,7876.25,Put CEX 5,CEX,-232568.808,8003.711831219663,9271.894966420385
2026-10-08 08:49:33,7825.0,7876.25,Call DEX 5,DEX,33.785,8003.711831219663,9271.894966420385
2026-10-08 08:49:33,7825.0,7876.25,Call GEX 3,GEX,350879.767,8003.711831219663,9271.894966420385
2026-10-08 08:49:33,7850.0,7901.25,Put CEX 4,CEX,-378311.213,8003.711831219663,9271.894966420385
2026-10-08 08:49:33,7850.0,7901.25,Call GEX 2,GEX,351166.705,8003.711831219663,9271.894966420385
2026-10-08 08:49:33,7850.0,7901.25,Put VEX 3,VEX,-352456.652,8003.711831219663,9271.894966420385
2026-10-08 08:49:33,7870.0,7921.5,Call GEX 5,GEX,240601.288,8003.711831219663,9271.894966420385
2026-10-08 08:49:33,7900.0,7951.75,Put CEX 3,CEX,-382191.3,8003.711831219663,9271.894966420385
2026-10-08 08:49:33,7900.0,7951.75,Call GEX 4,GEX,310251.753,8003.711831219663,9271.894966420385
2026-10-08 08:49:33,7900.0,7951.75,Put VEX 2,VEX,-414021.183,8003.711831219663,9271.894966420385
2026-10-08 08:49:33,7950.0,8002.0,Put VEX 5,VEX,-230367.834,8003.711831219663,9271.894966420385
2026-10-08 08:49:33,8000.0,8052.25,Put CEX 1,CEX,-3184780.141,8003.711831219663,9271.894966420385
2026-10-08 08:49:33,8000.0,8052.25,Put DEX 1,DEX,-1349.98,8003.711831219663,9271.894966420385
2026-10-08 08:49:33,8000.0,8052.25,Put GEX 1,GEX,-489310.271,8003.711831219663,9271.894966420385
2026-10-08 08:49:33,8000.0,8052.25,Put VEX 1,VEX,-4010993.014,8003.711831219663,9271.894966420385
2026-10-08 08:49:33,8250.0,8304.0,Put DEX 2,DEX,-25.45,8003.711831219663,9271.894966420385
2026-10-08 08:50:22,7000.0,7046.25,Call CEX 1,CEX,437655.411,10142.585635359115,10291.109942135718
2026-10-08 08:50:22,7000.0,7046.25,Put DEX 3,DEX,-11.733,10142.585635359115,10291.109942135718
2026-10-08 08:50:22,7000.0,7046.25,Call VEX 2,VEX,619930.081,10142.585635359115,10291.109942135718
2026-10-08 08:50:22,7400.0,7448.75,Put DEX 4,DEX,-6.201,10142.585635359115,10291.109942135718
2026-10-08 08:50:22,7500.0,7549.5,Call CEX 5,CEX,345592.303,10142.585635359115,10291.109942135718
2026-10-08 08:50:22,7500.0,7549.5,Call DEX 4,DEX,54.285,10142.585635359115,10291.109942135718
2026-10-08 08:50:22,7500.0,7549.5,Put GEX 3,GEX,-155595.191,10142.585635359115,10291.109942135718
2026-10-08 08:50:22,7500.0,7549.5,Call VEX 5,VEX,503102.274,10142.585635359115,10291.109942135718
2026-10-08 08:50:22,7600.0,7650.0,Call CEX 2,CEX,424251.523,10142.585635359115,10291.109942135718
2026-10-08 08:50:22,7600.0,7650.0,Call DEX 1,DEX,74.125,10142.585635359115,10291.109942135718
2026-10-08 08:50:22,7600.0,7650.0,Put GEX 4,GEX,-142321.72,10142.585635359115,10291.109942135718
2026-10-08 08:50:22,7600.0,7650.0,Call VEX 3,VEX,616868.241,10142.585635359115,10291.109942135718
2026-10-08 08:50:22,7630.0,7680.25,Call DEX 5,DEX,44.145,10142.585635359115,10291.109942135718
2026-10-08 08:50:22,7650.0,7700.5,Call CEX 4,CEX,403749.308,10142.585635359115,10291.109942135718
2026-10-08 08:50:22,7650.0,7700.5,Put GEX 2,GEX,-210356.696,10142.585635359115,10291.109942135718
2026-10-08 08:50:22,7650.0,7700.5,Call VEX 4,VEX,544679.189,10142.585635359115,10291.109942135718
2026-10-08 08:50:22,7700.0,7750.75,Call CEX 3,CEX,411816.999,10142.585635359115,10291.109942135718
2026-10-08 08:50:22,7700.0,7750.75,Call DEX 2,DEX,73.942,10142.585635359115,10291.109942135718
2026-10-08 08:50:22,7700.0,7750.75,Put GEX 5,GEX,-114303.365,10142.585635359115,10291.109942135718
2026-10-08 08:50:22,7700.0,7750.75,Call VEX 1,VEX,700629.518,10142.585635359115,10291.109942135718
2026-10-08 08:50:22,7750.0,7801.0,Call DEX 3,DEX,57.247,10142.585635359115,10291.109942135718
2026-10-08 08:50:22,7800.0,7851.5,Put CEX 2,CEX,-506778.452,10142.585635359115,10291.109942135718
2026-10-08 08:50:22,7800.0,7851.5,Call GEX 1,GEX,354845.898,10142.585635359115,10291.109942135718
2026-10-08 08:50:22,7800.0,7851.5,Put VEX 4,VEX,-295506.67,10142.585635359115,10291.109942135718
2026-10-08 08:50:22,7825.0,7876.5,Put CEX 5,CEX,-234593.664,10142.585635359115,10291.109942135718
2026-10-08 08:50:22,7825.0,7876.5,Call GEX 3,GEX,346985.282,10142.585635359115,10291.109942135718
2026-10-08 08:50:22,7850.0,7901.75,Put CEX 4,CEX,-379574.763,10142.585635359115,10291.109942135718
2026-10-08 08:50:22,7850.0,7901.75,Call GEX 2,GEX,347155.099,10142.585635359115,10291.109942135718
2026-10-08 08:50:22,7850.0,7901.75,Put VEX 3,VEX,-355080.558,10142.585635359115,10291.109942135718
2026-10-08 08:50:22,7870.0,7921.75,Call GEX 5,GEX,237778.834,10142.585635359115,10291.109942135718
2026-10-08 08:50:22,7900.0,7952.0,Put CEX 3,CEX,-379947.978,10142.585635359115,10291.109942135718
2026-10-08 08:50:22,7900.0,7952.0,Call GEX 4,GEX,306026.396,10142.585635359115,10291.109942135718
2026-10-08 08:50:22,7900.0,7952.0,Put VEX 2,VEX,-412608.734,10142.585635359115,10291.109942135718
2026-10-08 08:50:22,7950.0,8002.5,Put VEX 5,VEX,-227930.137,10142.585635359115,10291.109942135718
2026-10-08 08:50:22,8000.0,8052.75,Put CEX 1,CEX,-3100623.561,10142.585635359115,10291.109942135718
2026-10-08 08:50:22,8000.0,8052.75,Put DEX 1,DEX,-1359.98,10142.585635359115,10291.109942135718
2026-10-08 08:50:22,8000.0,8052.75,Put GEX 1,GEX,-472799.649,10142.585635359115,10291.109942135718
2026-10-08 08:50:22,8000.0,8052.75,Put VEX 1,VEX,-3905890.847,10142.585635359115,10291.109942135718
2026-10-08 08:50:22,8100.0,8153.5,Put DEX 5,DEX,-5.258,10142.585635359115,10291.109942135718
2026-10-08 08:50:22,8250.0,8304.25,Put DEX 2,DEX,-25.516,10142.585635359115,10291.109942135718
2026-10-08 08:51:11,7000.0,7046.0,Call CEX 1,CEX,437126.171,9494.354514222045,9596.91817215728
2026-10-08 08:51:11,7000.0,7046.0,Put DEX 3,DEX,-11.712,9494.354514222045,9596.91817215728
2026-10-08 08:51:11,7000.0,7046.0,Call VEX 2,VEX,619251.057,9494.354514222045,9596.91817215728
2026-10-08 08:51:11,7400.0,7448.75,Put DEX 4,DEX,-6.119,9494.354514222045,9596.91817215728
2026-10-08 08:51:11,7500.0,7549.25,Call CEX 5,CEX,328207.074,9494.354514222045,9596.91817215728
2026-10-08 08:51:11,7500.0,7549.25,Call DEX 4,DEX,53.164,9494.354514222045,9596.91817215728
2026-10-08 08:51:11,7500.0,7549.25,Put GEX 3,GEX,-161414.09,9494.354514222045,9596.91817215728
2026-10-08 08:51:11,7500.0,7549.25,Call VEX 5,VEX,477061.723,9494.354514222045,9596.91817215728
2026-10-08 08:51:11,7600.0,7650.0,Call CEX 2,CEX,420055.765,9494.354514222045,9596.91817215728
2026-10-08 08:51:11,7600.0,7650.0,Call DEX 2,DEX,74.926,9494.354514222045,9596.91817215728
2026-10-08 08:51:11,7600.0,7650.0,Put GEX 4,GEX,-142262.948,9494.354514222045,9596.91817215728
2026-10-08 08:51:11,7600.0,7650.0,Call VEX 3,VEX,610338.483,9494.354514222045,9596.91817215728
2026-10-08 08:51:11,7630.0,7680.25,Call DEX 5,DEX,44.428,9494.354514222045,9596.91817215728
2026-10-08 08:51:11,7650.0,7700.25,Call CEX 4,CEX,402179.644,9494.354514222045,9596.91817215728
2026-10-08 08:51:11,7650.0,7700.25,Put GEX 2,GEX,-207922.948,9494.354514222045,9596.91817215728
2026-10-08 08:51:11,7650.0,7700.25,Call VEX 4,VEX,542899.256,9494.354514222045,9596.91817215728
2026-10-08 08:51:11,7700.0,7750.5,Call CEX 3,CEX,419595.994,9494.354514222045,9596.91817215728
2026-10-08 08:51:11,7700.0,7750.5,Call DEX 1,DEX,76.056,9494.354514222045,9596.91817215728
2026-10-08 08:51:11,7700.0,7750.5,Put GEX 5,GEX,-113788.02,9494.354514222045,9596.91817215728
2026-10-08 08:51:11,7700.0,7750.5,Call VEX 1,VEX,709485.185,9494.354514222045,9596.91817215728
2026-10-08 08:51:11,7750.0,7801.0,Call DEX 3,DEX,59.889,9494.354514222045,9596.91817215728
2026-10-08 08:51:11,7800.0,7851.25,Put CEX 2,CEX,-483734.655,9494.354514222045,9596.91817215728
2026-10-08 08:51:11,7800.0,7851.25,Call GEX 1,GEX,358251.976,9494.354514222045,9596.91817215728
2026-10-08 08:51:11,7800.0,7851.25,Put VEX 4,VEX,-267425.347,9494.354514222045,9596.91817215728
2026-10-08 08:51:11,7825.0,7876.5,Put CEX 5,CEX,-230262.073,9494.354514222045,9596.91817215728
2026-10-08 08:51:11,7825.0,7876.5,Call GEX 3,GEX,351199.852,9494.354514222045,9596.91817215728
2026-10-08 08:51:11,7850.0,7901.5,Put CEX 4,CEX,-377133.706,9494.354514222045,9596.91817215728
2026-10-08 08:51:11,7850.0,7901.5,Call GEX 2,GEX,352485.465,9494.354514222045,9596.91817215728
2026-10-08 08:51:11,7850.0,7901.5,Put VEX 3,VEX,-350232.946,9494.354514222045,9596.91817215728
2026-10-08 08:51:11,7870.0,7921.75,Call GEX 5,GEX,242265.335,9494.354514222045,9596.91817215728
2026-10-08 08:51:11,7900.0,7952.0,Put CEX 3,CEX,-383315.231,9494.354514222045,9596.91817215728
2026-10-08 08:51:11,7900.0,7952.0,Call GEX 4,GEX,312819.421,9494.354514222045,9596.91817215728
2026-10-08 08:51:11,7900.0,7952.0,Put VEX 2,VEX,-414793.588,9494.354514222045,9596.91817215728
2026-10-08 08:51:11,7950.0,8002.25,Put VEX 5,VEX,-231386.784,9494.354514222045,9596.91817215728
2026-10-08 08:51:11,8000.0,8052.5,Put CEX 1,CEX,-3109819.794,9494.354514222045,9596.91817215728
2026-10-08 08:51:11,8000.0,8052.5,Put DEX 1,DEX,-1359.864,9494.354514222045,9596.91817215728
2026-10-08 08:51:11,8000.0,8052.5,Put GEX 1,GEX,-474966.869,9494.354514222045,9596.91817215728
2026-10-08 08:51:11,8000.0,8052.5,Put VEX 1,VEX,-3914903.225,9494.354514222045,9596.91817215728
2026-10-08 08:51:11,8100.0,8153.25,Put DEX 5,DEX,-5.162,9494.354514222045,9596.91817215728
2026-10-08 08:51:11,8250.0,8304.25,Put DEX 2,DEX,-25.506,9494.354514222045,9596.91817215728
2026-10-08 08:52:01,7000.0,7046.0,Call CEX 1,CEX,437123.319,9494.626865671642,9592.773645058449
2026-10-08 08:52:01,7000.0,7046.0,Put DEX 3,DEX,-11.711,9494.626865671642,9592.773645058449
2026-10-08 08:52:01,7000.0,7046.0,Call VEX 2,VEX,619208.699,9494.626865671642,9592.773645058449
2026-10-08 08:52:01,7400.0,7448.5,Put DEX 4,DEX,-6.074,9494.626865671642,9592.773645058449
2026-10-08 08:52:01,7500.0,7549.25,Call CEX 5,CEX,342262.378,9494.626865671642,9592.773645058449
2026-10-08 08:52:01,7500.0,7549.25,Call DEX 4,DEX,52.818,9494.626865671642,9592.773645058449
2026-10-08 08:52:01,7500.0,7549.25,Put GEX 3,GEX,-152856.101,9494.626865671642,9592.773645058449
2026-10-08 08:52:01,7500.0,7549.25,Call VEX 5,VEX,498156.265,9494.626865671642,9592.773645058449
2026-10-08 08:52:01,7600.0,7650.0,Call CEX 2,CEX,421067.676,9494.626865671642,9592.773645058449
2026-10-08 08:52:01,7600.0,7650.0,Call DEX 2,DEX,75.146,9494.626865671642,9592.773645058449
2026-10-08 08:52:01,7600.0,7650.0,Put GEX 4,GEX,-140293.413,9494.626865671642,9592.773645058449
2026-10-08 08:52:01,7600.0,7650.0,Call VEX 3,VEX,612053.426,9494.626865671642,9592.773645058449
2026-10-08 08:52:01,7630.0,7680.0,Call DEX 5,DEX,44.31,9494.626865671642,9592.773645058449
2026-10-08 08:52:01,7650.0,7700.25,Call CEX 4,CEX,403229.646,9494.626865671642,9592.773645058449
2026-10-08 08:52:01,7650.0,7700.25,Put GEX 2,GEX,-206787.336,9494.626865671642,9592.773645058449
2026-10-08 08:52:01,7650.0,7700.25,Call VEX 4,VEX,543822.858,9494.626865671642,9592.773645058449
2026-10-08 08:52:01,7700.0,7750.5,Call CEX 3,CEX,420056.358,9494.626865671642,9592.773645058449
2026-10-08 08:52:01,7700.0,7750.5,Call DEX 1,DEX,76.088,9494.626865671642,9592.773645058449
2026-10-08 08:52:01,7700.0,7750.5,Put GEX 5,GEX,-115311.85,9494.626865671642,9592.773645058449
2026-10-08 08:52:01,7700.0,7750.5,Call VEX 1,VEX,709959.502,9494.626865671642,9592.773645058449
2026-10-08 08:52:01,7750.0,7801.0,Call DEX 3,DEX,60.01,9494.626865671642,9592.773645058449
2026-10-08 08:52:01,7800.0,7851.25,Put CEX 2,CEX,-483549.311,9494.626865671642,9592.773645058449
2026-10-08 08:52:01,7800.0,7851.25,Call GEX 2,GEX,352198.967,9494.626865671642,9592.773645058449
2026-10-08 08:52:01,7800.0,7851.25,Put VEX 4,VEX,-266788.289,9494.626865671642,9592.773645058449
2026-10-08 08:52:01,7825.0,7876.25,Put CEX 5,CEX,-230079.906,9494.626865671642,9592.773645058449
2026-10-08 08:52:01,7825.0,7876.25,Call GEX 3,GEX,350778.327,9494.626865671642,9592.773645058449
2026-10-08 08:52:01,7850.0,7901.5,Put CEX 4,CEX,-377342.026,9494.626865671642,9592.773645058449
2026-10-08 08:52:01,7850.0,7901.5,Call GEX 1,GEX,352200.085,9494.626865671642,9592.773645058449
2026-10-08 08:52:01,7850.0,7901.5,Put VEX 3,VEX,-350358.056,9494.626865671642,9592.773645058449
2026-10-08 08:52:01,7870.0,7921.75,Call GEX 5,GEX,242376.064,9494.626865671642,9592.773645058449
2026-10-08 08:52:01,7900.0,7951.75,Put CEX 3,CEX,-383771.558,9494.626865671642,9592.773645058449
2026-10-08 08:52:01,7900.0,7951.75,Call GEX 4,GEX,313203.011,9494.626865671642,9592.773645058449
2026-10-08 08:52:01,7900.0,7951.75,Put VEX 2,VEX,-415137.044,9494.626865671642,9592.773645058449
2026-10-08 08:52:01,7950.0,8002.25,Put VEX 5,VEX,-231534.129,9494.626865671642,9592.773645058449
2026-10-08 08:52:01,8000.0,8052.5,Put CEX 1,CEX,-3094439.214,9494.626865671642,9592.773645058449
2026-10-08 08:52:01,8000.0,8052.5,Put DEX 1,DEX,-1363.459,9494.626865671642,9592.773645058449
2026-10-08 08:52:01,8000.0,8052.5,Put GEX 1,GEX,-450002.594,9494.626865671642,9592.773645058449
2026-10-08 08:52:01,8000.0,8052.5,Put VEX 1,VEX,-3895134.126,9494.626865671642,9592.773645058449
2026-10-08 08:52:01,8100.0,8153.25,Put DEX 5,DEX,-5.207,9494.626865671642,9592.773645058449
2026-10-08 08:52:01,8250.0,8304.25,Put DEX 2,DEX,-25.587,9494.626865671642,9592.773645058449
2026-10-08 08:52:49,7000.0,7045.5,Call CEX 1,CEX,437503.567,9480.120990433315,9635.739319882545
2026-10-08 08:52:49,7000.0,7045.5,Put DEX 4,DEX,-11.724,9480.120990433315,9635.739319882545
2026-10-08 08:52:49,7000.0,7045.5,Call VEX 2,VEX,619631.059,9480.120990433315,9635.739319882545
2026-10-08 08:52:49,7400.0,7448.0,Put DEX 5,DEX,-6.134,9480.120990433315,9635.739319882545
2026-10-08 08:52:49,7500.0,7548.75,Call CEX 5,CEX,324733.476,9480.120990433315,9635.739319882545
2026-10-08 08:52:49,7500.0,7548.75,Put DEX 3,DEX,-16.739,9480.120990433315,9635.739319882545
2026-10-08 08:52:49,7500.0,7548.75,Put GEX 3,GEX,-164571.529,9480.120990433315,9635.739319882545
2026-10-08 08:52:49,7500.0,7548.75,Call VEX 5,VEX,471706.564,9480.120990433315,9635.739319882545
2026-10-08 08:52:49,7600.0,7649.25,Call CEX 2,CEX,419426.206,9480.120990433315,9635.739319882545
2026-10-08 08:52:49,7600.0,7649.25,Call DEX 1,DEX,75.228,9480.120990433315,9635.739319882545
2026-10-08 08:52:49,7600.0,7649.25,Put GEX 4,GEX,-144896.908,9480.120990433315,9635.739319882545
2026-10-08 08:52:49,7600.0,7649.25,Call VEX 3,VEX,609347.833,9480.120990433315,9635.739319882545
2026-10-08 08:52:49,7630.0,7679.5,Call DEX 4,DEX,44.513,9480.120990433315,9635.739319882545
2026-10-08 08:52:49,7650.0,7699.75,Call CEX 4,CEX,400344.143,9480.120990433315,9635.739319882545
2026-10-08 08:52:49,7650.0,7699.75,Put GEX 2,GEX,-211399.724,9480.120990433315,9635.739319882545
2026-10-08 08:52:49,7650.0,7699.75,Call VEX 4,VEX,541592.606,9480.120990433315,9635.739319882545
2026-10-08 08:52:49,7700.0,7750.0,Call CEX 3,CEX,415457.021,9480.120990433315,9635.739319882545
2026-10-08 08:52:49,7700.0,7750.0,Call DEX 2,DEX,75.124,9480.120990433315,9635.739319882545
2026-10-08 08:52:49,7700.0,7750.0,Put GEX 5,GEX,-112007.969,9480.120990433315,9635.739319882545
2026-10-08 08:52:49,7700.0,7750.0,Call VEX 1,VEX,705072.978,9480.120990433315,9635.739319882545
2026-10-08 08:52:49,7750.0,7800.25,Call DEX 3,DEX,58.491,9480.120990433315,9635.739319882545
2026-10-08 08:52:49,7800.0,7850.75,Put CEX 2,CEX,-498716.609,9480.120990433315,9635.739319882545
2026-10-08 08:52:49,7800.0,7850.75,Call GEX 1,GEX,367418.715,9480.120990433315,9635.739319882545
2026-10-08 08:52:49,7800.0,7850.75,Put VEX 4,VEX,-285107.693,9480.120990433315,9635.739319882545
2026-10-08 08:52:49,7825.0,7875.75,Put CEX 5,CEX,-233915.659,9480.120990433315,9635.739319882545
2026-10-08 08:52:49,7825.0,7875.75,Call DEX 5,DEX,33.528,9480.120990433315,9635.739319882545
2026-10-08 08:52:49,7825.0,7875.75,Call GEX 2,GEX,350849.012,9480.120990433315,9635.739319882545
2026-10-08 08:52:49,7850.0,7901.0,Put CEX 4,CEX,-379226.405,9480.120990433315,9635.739319882545
2026-10-08 08:52:49,7850.0,7901.0,Call GEX 3,GEX,350827.637,9480.120990433315,9635.739319882545
2026-10-08 08:52:49,7850.0,7901.0,Put VEX 3,VEX,-353770.265,9480.120990433315,9635.739319882545
2026-10-08 08:52:49,7870.0,7921.0,Call GEX 5,GEX,239737.07,9480.120990433315,9635.739319882545
2026-10-08 08:52:49,7900.0,7951.25,Put CEX 3,CEX,-381012.967,9480.120990433315,9635.739319882545
2026-10-08 08:52:49,7900.0,7951.25,Call GEX 4,GEX,308425.929,9480.120990433315,9635.739319882545
2026-10-08 08:52:49,7900.0,7951.25,Put VEX 2,VEX,-413103.317,9480.120990433315,9635.739319882545
2026-10-08 08:52:49,7950.0,8001.75,Put VEX 5,VEX,-229197.473,9480.120990433315,9635.739319882545
2026-10-08 08:52:49,8000.0,8052.0,Put CEX 1,CEX,-3144881.308,9480.120990433315,9635.739319882545
2026-10-08 08:52:49,8000.0,8052.0,Put DEX 1,DEX,-1353.585,9480.120990433315,9635.739319882545
2026-10-08 08:52:49,8000.0,8052.0,Put GEX 1,GEX,-496879.452,9480.120990433315,9635.739319882545
2026-10-08 08:52:49,8000.0,8052.0,Put VEX 1,VEX,-3960135.887,9480.120990433315,9635.739319882545
2026-10-08 08:52:49,8250.0,8303.5,Put DEX 2,DEX,-25.407,9480.120990433315,9635.739319882545
2026-10-08 08:53:37,7000.0,7045.5,Call CEX 1,CEX,438164.1,10192.943159922928,10209.9931787176
2026-10-08 08:53:37,7000.0,7045.5,Put DEX 4,DEX,-11.748,10192.943159922928,10209.9931787176
2026-10-08 08:53:37,7000.0,7045.5,Call VEX 2,VEX,620394.085,10192.943159922928,10209.9931787176
2026-10-08 08:53:37,7400.0,7448.25,Put DEX 5,DEX,-6.226,10192.943159922928,10209.9931787176
2026-10-08 08:53:37,7500.0,7548.75,Call CEX 5,CEX,329211.367,10192.943159922928,10209.9931787176
2026-10-08 08:53:37,7500.0,7548.75,Put DEX 3,DEX,-17.2,10192.943159922928,10209.9931787176
2026-10-08 08:53:37,7500.0,7548.75,Put GEX 3,GEX,-166830.733,10192.943159922928,10209.9931787176
2026-10-08 08:53:37,7500.0,7548.75,Call VEX 5,VEX,478265.746,10192.943159922928,10209.9931787176
2026-10-08 08:53:37,7600.0,7649.5,Call CEX 2,CEX,422714.226,10192.943159922928,10209.9931787176
2026-10-08 08:53:37,7600.0,7649.5,Call DEX 1,DEX,74.338,10192.943159922928,10209.9931787176
2026-10-08 08:53:37,7600.0,7649.5,Put GEX 4,GEX,-146565.968,10192.943159922928,10209.9931787176
2026-10-08 08:53:37,7600.0,7649.5,Call VEX 3,VEX,614122.213,10192.943159922928,10209.9931787176
2026-10-08 08:53:37,7630.0,7679.75,Call DEX 4,DEX,44.102,10192.943159922928,10209.9931787176
2026-10-08 08:53:37,7650.0,7699.75,Call CEX 4,CEX,402817.922,10192.943159922928,10209.9931787176
2026-10-08 08:53:37,7650.0,7699.75,Put GEX 2,GEX,-213545.905,10192.943159922928,10209.9931787176
2026-10-08 08:53:37,7650.0,7699.75,Call VEX 4,VEX,544056.993,10192.943159922928,10209.9931787176
2026-10-08 08:53:37,7700.0,7750.25,Call CEX 3,CEX,406883.682,10192.943159922928,10209.9931787176
2026-10-08 08:53:37,7700.0,7750.25,Call DEX 2,DEX,72.851,10192.943159922928,10209.9931787176
2026-10-08 08:53:37,7700.0,7750.25,Put GEX 5,GEX,-111053.406,10192.943159922928,10209.9931787176
2026-10-08 08:53:37,7700.0,7750.25,Call VEX 1,VEX,695445.235,10192.943159922928,10209.9931787176
2026-10-08 08:53:37,7750.0,7800.5,Call DEX 3,DEX,55.371,10192.943159922928,10209.9931787176
2026-10-08 08:53:37,7800.0,7850.75,Put CEX 2,CEX,-523040.073,10192.943159922928,10209.9931787176
2026-10-08 08:53:37,7800.0,7850.75,Call GEX 1,GEX,362910.201,10192.943159922928,10209.9931787176
2026-10-08 08:53:37,7800.0,7850.75,Put VEX 4,VEX,-315708.057,10192.943159922928,10209.9931787176
2026-10-08 08:53:37,7825.0,7876.0,Put CEX 5,CEX,-238165.181,10192.943159922928,10209.9931787176
2026-10-08 08:53:37,7825.0,7876.0,Call DEX 5,DEX,32.499,10192.943159922928,10209.9931787176
2026-10-08 08:53:37,7825.0,7876.0,Call GEX 2,GEX,345377.232,10192.943159922928,10209.9931787176
2026-10-08 08:53:37,7850.0,7901.0,Put CEX 3,CEX,-381552.258,10192.943159922928,10209.9931787176
2026-10-08 08:53:37,7850.0,7901.0,Call GEX 3,GEX,344304.105,10192.943159922928,10209.9931787176
2026-10-08 08:53:37,7850.0,7901.0,Put VEX 3,VEX,-358706.646,10192.943159922928,10209.9931787176
2026-10-08 08:53:37,7870.0,7921.25,Call GEX 5,GEX,234702.472,10192.943159922928,10209.9931787176
2026-10-08 08:53:37,7900.0,7951.5,Put CEX 4,CEX,-377392.825,10192.943159922928,10209.9931787176
2026-10-08 08:53:37,7900.0,7951.5,Call GEX 4,GEX,300992.339,10192.943159922928,10209.9931787176
2026-10-08 08:53:37,7900.0,7951.5,Put VEX 2,VEX,-410740.062,10192.943159922928,10209.9931787176
2026-10-08 08:53:37,7950.0,8001.75,Put VEX 5,VEX,-225746.901,10192.943159922928,10209.9931787176
2026-10-08 08:53:37,8000.0,8052.0,Put CEX 1,CEX,-3113637.207,10192.943159922928,10209.9931787176
2026-10-08 08:53:37,8000.0,8052.0,Put DEX 1,DEX,-1355.728,10192.943159922928,10209.9931787176
2026-10-08 08:53:37,8000.0,8052.0,Put GEX 1,GEX,-497937.38,10192.943159922928,10209.9931787176
2026-10-08 08:53:37,8000.0,8052.0,Put VEX 1,VEX,-3923057.573,10192.943159922928,10209.9931787176
2026-10-08 08:53:37,8250.0,8303.75,Put DEX 2,DEX,-25.422,10192.943159922928,10209.9931787176
2026-10-08 08:54:25,7000.0,7045.75,Call CEX 1,CEX,438201.071,10167.677838124257,10241.265009301538
2026-10-08 08:54:25,7000.0,7045.75,Put DEX 3,DEX,-11.748,10167.677838124257,10241.265009301538
2026-10-08 08:54:25,7000.0,7045.75,Call VEX 2,VEX,620401.5,10167.677838124257,10241.265009301538
2026-10-08 08:54:25,7400.0,7448.5,Put DEX 4,DEX,-5.367,10167.677838124257,10241.265009301538
2026-10-08 08:54:25,7500.0,7549.0,Call CEX 5,CEX,341164.237,10167.677838124257,10241.265009301538
2026-10-08 08:54:25,7500.0,7549.0,Call DEX 4,DEX,54.28,10167.677838124257,10241.265009301538
2026-10-08 08:54:25,7500.0,7549.0,Put GEX 3,GEX,-160448.235,10167.677838124257,10241.265009301538
2026-10-08 08:54:25,7500.0,7549.0,Call VEX 5,VEX,496200.678,10167.677838124257,10241.265009301538
2026-10-08 08:54:25,7600.0,7649.75,Call CEX 2,CEX,424222.647,10167.677838124257,10241.265009301538
2026-10-08 08:54:25,7600.0,7649.75,Call DEX 1,DEX,74.021,10167.677838124257,10241.265009301538
2026-10-08 08:54:25,7600.0,7649.75,Put GEX 4,GEX,-145008.066,10167.677838124257,10241.265009301538
2026-10-08 08:54:25,7600.0,7649.75,Call VEX 3,VEX,616564.07,10167.677838124257,10241.265009301538
2026-10-08 08:54:25,7630.0,7680.0,Call DEX 5,DEX,43.973,10167.677838124257,10241.265009301538
2026-10-08 08:54:25,7650.0,7700.0,Call CEX 4,CEX,403733.765,10167.677838124257,10241.265009301538
2026-10-08 08:54:25,7650.0,7700.0,Put GEX 2,GEX,-212698.117,10167.677838124257,10241.265009301538
2026-10-08 08:54:25,7650.0,7700.0,Call VEX 4,VEX,544852.575,10167.677838124257,10241.265009301538
2026-10-08 08:54:25,7700.0,7750.5,Call CEX 3,CEX,406493.558,10167.677838124257,10241.265009301538
2026-10-08 08:54:25,7700.0,7750.5,Call DEX 2,DEX,72.6,10167.677838124257,10241.265009301538
2026-10-08 08:54:25,7700.0,7750.5,Put GEX 5,GEX,-114401.78,10167.677838124257,10241.265009301538
2026-10-08 08:54:25,7700.0,7750.5,Call VEX 1,VEX,694610.938,10167.677838124257,10241.265009301538
2026-10-08 08:54:25,7750.0,7800.75,Call DEX 3,DEX,55.356,10167.677838124257,10241.265009301538
2026-10-08 08:54:25,7800.0,7851.0,Put CEX 2,CEX,-523900.39,10167.677838124257,10241.265009301538
2026-10-08 08:54:25,7800.0,7851.0,Call GEX 1,GEX,357262.884,10167.677838124257,10241.265009301538
2026-10-08 08:54:25,7800.0,7851.0,Put VEX 4,VEX,-316311.561,10167.677838124257,10241.265009301538
2026-10-08 08:54:25,7825.0,7876.25,Put CEX 5,CEX,-237980.624,10167.677838124257,10241.265009301538
2026-10-08 08:54:25,7825.0,7876.25,Call GEX 2,GEX,344499.689,10167.677838124257,10241.265009301538
2026-10-08 08:54:25,7850.0,7901.5,Put CEX 3,CEX,-381513.991,10167.677838124257,10241.265009301538
2026-10-08 08:54:25,7850.0,7901.5,Call GEX 3,GEX,343469.481,10167.677838124257,10241.265009301538
2026-10-08 08:54:25,7850.0,7901.5,Put VEX 3,VEX,-358654.319,10167.677838124257,10241.265009301538
2026-10-08 08:54:25,7870.0,7921.5,Call GEX 5,GEX,234647.193,10167.677838124257,10241.265009301538
2026-10-08 08:54:25,7900.0,7951.75,Put CEX 4,CEX,-378037.848,10167.677838124257,10241.265009301538
2026-10-08 08:54:25,7900.0,7951.75,Call GEX 4,GEX,301278.344,10167.677838124257,10241.265009301538
2026-10-08 08:54:25,7900.0,7951.75,Put VEX 2,VEX,-411187.807,10167.677838124257,10241.265009301538
2026-10-08 08:54:25,7950.0,8002.0,Put VEX 5,VEX,-225833.952,10167.677838124257,10241.265009301538
2026-10-08 08:54:25,8000.0,8052.25,Put CEX 1,CEX,-3074827.636,10167.677838124257,10241.265009301538
2026-10-08 08:54:25,8000.0,8052.25,Put DEX 1,DEX,-1361.799,10167.677838124257,10241.265009301538
2026-10-08 08:54:25,8000.0,8052.25,Put GEX 1,GEX,-475475.949,10167.677838124257,10241.265009301538
2026-10-08 08:54:25,8000.0,8052.25,Put VEX 1,VEX,-3873775.12,10167.677838124257,10241.265009301538
2026-10-08 08:54:25,8100.0,8153.0,Put DEX 5,DEX,-5.286,10167.677838124257,10241.265009301538
2026-10-08 08:54:25,8250.0,8304.0,Put DEX 2,DEX,-25.478,10167.677838124257,10241.265009301538
2026-10-08 08:55:13,7000.0,7045.75,Call CEX 1,CEX,438030.754,9483.430515063168,9627.49264775638
2026-10-08 08:55:13,7000.0,7045.75,Put DEX 4,DEX,-11.741,9483.430515063168,9627.49264775638
2026-10-08 08:55:13,7000.0,7045.75,Call VEX 2,VEX,620157.996,9483.430515063168,9627.49264775638
2026-10-08 08:55:13,7400.0,7448.25,Put DEX 5,DEX,-6.209,9483.430515063168,9627.49264775638
2026-10-08 08:55:13,7500.0,7549.0,Call CEX 5,CEX,328673.057,9483.430515063168,9627.49264775638
2026-10-08 08:55:13,7500.0,7549.0,Put DEX 3,DEX,-17.129,9483.430515063168,9627.49264775638
2026-10-08 08:55:13,7500.0,7549.0,Put GEX 3,GEX,-166327.191,9483.430515063168,9627.49264775638
2026-10-08 08:55:13,7500.0,7549.0,Call VEX 5,VEX,477374.915,9483.430515063168,9627.49264775638
2026-10-08 08:55:13,7600.0,7649.5,Call CEX 2,CEX,420297.645,9483.430515063168,9627.49264775638
2026-10-08 08:55:13,7600.0,7649.5,Call DEX 1,DEX,74.591,9483.430515063168,9627.49264775638
2026-10-08 08:55:13,7600.0,7649.5,Put GEX 4,GEX,-147039.634,9483.430515063168,9627.49264775638
2026-10-08 08:55:13,7600.0,7649.5,Call VEX 3,VEX,610406.874,9483.430515063168,9627.49264775638
2026-10-08 08:55:13,7630.0,7679.75,Call DEX 4,DEX,44.335,9483.430515063168,9627.49264775638
2026-10-08 08:55:13,7650.0,7700.0,Call CEX 4,CEX,400845.959,9483.430515063168,9627.49264775638
2026-10-08 08:55:13,7650.0,7700.0,Put GEX 2,GEX,-213744.825,9483.430515063168,9627.49264775638
2026-10-08 08:55:13,7650.0,7700.0,Call VEX 4,VEX,542217.702,9483.430515063168,9627.49264775638
2026-10-08 08:55:13,7700.0,7750.25,Call CEX 3,CEX,410065.137,9483.430515063168,9627.49264775638
2026-10-08 08:55:13,7700.0,7750.25,Call DEX 2,DEX,73.727,9483.430515063168,9627.49264775638
2026-10-08 08:55:13,7700.0,7750.25,Put GEX 5,GEX,-111814.229,9483.430515063168,9627.49264775638
2026-10-08 08:55:13,7700.0,7750.25,Call VEX 1,VEX,699171.385,9483.430515063168,9627.49264775638
2026-10-08 08:55:13,7750.0,7800.5,Call DEX 3,DEX,56.455,9483.430515063168,9627.49264775638
2026-10-08 08:55:13,7800.0,7850.75,Put CEX 2,CEX,-516084.92,9483.430515063168,9627.49264775638
2026-10-08 08:55:13,7800.0,7850.75,Call GEX 1,GEX,367745.016,9483.430515063168,9627.49264775638
2026-10-08 08:55:13,7800.0,7850.75,Put VEX 4,VEX,-306426.157,9483.430515063168,9627.49264775638
2026-10-08 08:55:13,7825.0,7876.0,Put CEX 5,CEX,-237248.45,9483.430515063168,9627.49264775638
2026-10-08 08:55:13,7825.0,7876.0,Call DEX 5,DEX,32.768,9483.430515063168,9627.49264775638
2026-10-08 08:55:13,7825.0,7876.0,Call GEX 2,GEX,347864.425,9483.430515063168,9627.49264775638
2026-10-08 08:55:13,7850.0,7901.25,Put CEX 3,CEX,-381052.356,9483.430515063168,9627.49264775638
2026-10-08 08:55:13,7850.0,7901.25,Call GEX 3,GEX,346891.794,9483.430515063168,9627.49264775638
2026-10-08 08:55:13,7850.0,7901.25,Put VEX 3,VEX,-357354.021,9483.430515063168,9627.49264775638
2026-10-08 08:55:13,7870.0,7921.25,Call GEX 5,GEX,236296.88,9483.430515063168,9627.49264775638
2026-10-08 08:55:13,7900.0,7951.5,Put CEX 4,CEX,-378555.331,9483.430515063168,9627.49264775638
2026-10-08 08:55:13,7900.0,7951.5,Call GEX 4,GEX,303283.097,9483.430515063168,9627.49264775638
2026-10-08 08:55:13,7900.0,7951.5,Put VEX 2,VEX,-411369.131,9483.430515063168,9627.49264775638
2026-10-08 08:55:13,7950.0,8001.75,Put VEX 5,VEX,-225707.813,9483.430515063168,9627.49264775638
2026-10-08 08:55:13,8000.0,8052.25,Put CEX 1,CEX,-3123013.63,9483.430515063168,9627.49264775638
2026-10-08 08:55:13,8000.0,8052.25,Put DEX 1,DEX,-1353.198,9483.430515063168,9627.49264775638
2026-10-08 08:55:13,8000.0,8052.25,Put GEX 1,GEX,-518116.228,9483.430515063168,9627.49264775638
2026-10-08 08:55:13,8000.0,8052.25,Put VEX 1,VEX,-3933635.262,9483.430515063168,9627.49264775638
2026-10-08 08:55:13,8250.0,8303.75,Put DEX 2,DEX,-25.393,9483.430515063168,9627.49264775638
2026-10-08 08:56:03,7000.0,7046.0,Call CEX 1,CEX,446506.193,10148.2508073197,10263.47582109259
2026-10-08 08:56:03,7000.0,7046.0,Put DEX 3,DEX,-12.054,10148.2508073197,10263.47582109259
2026-10-08 08:56:03,7000.0,7046.0,Call VEX 2,VEX,632158.952,10148.2508073197,10263.47582109259
2026-10-08 08:56:03,7400.0,7448.5,Put DEX 4,DEX,-5.37,10148.2508073197,10263.47582109259
2026-10-08 08:56:03,7500.0,7549.25,Call CEX 5,CEX,345194.893,10148.2508073197,10263.47582109259
2026-10-08 08:56:03,7500.0,7549.25,Call DEX 4,DEX,54.225,10148.2508073197,10263.47582109259
2026-10-08 08:56:03,7500.0,7549.25,Put GEX 3,GEX,-157267.095,10148.2508073197,10263.47582109259
2026-10-08 08:56:03,7500.0,7549.25,Call VEX 5,VEX,502274.896,10148.2508073197,10263.47582109259
2026-10-08 08:56:03,7600.0,7649.75,Call CEX 2,CEX,425039.463,10148.2508073197,10263.47582109259
2026-10-08 08:56:03,7600.0,7649.75,Call DEX 1,DEX,73.857,10148.2508073197,10263.47582109259
2026-10-08 08:56:03,7600.0,7649.75,Put GEX 4,GEX,-143999.204,10148.2508073197,10263.47582109259
2026-10-08 08:56:03,7600.0,7649.75,Call VEX 3,VEX,617869.282,10148.2508073197,10263.47582109259
2026-10-08 08:56:03,7630.0,7680.0,Call DEX 5,DEX,43.893,10148.2508073197,10263.47582109259
2026-10-08 08:56:03,7650.0,7700.25,Call CEX 4,CEX,404170.091,10148.2508073197,10263.47582109259
2026-10-08 08:56:03,7650.0,7700.25,Put GEX 2,GEX,-212661.953,10148.2508073197,10263.47582109259
2026-10-08 08:56:03,7650.0,7700.25,Call VEX 4,VEX,545206.842,10148.2508073197,10263.47582109259
2026-10-08 08:56:03,7700.0,7750.5,Call CEX 3,CEX,406689.427,10148.2508073197,10263.47582109259
2026-10-08 08:56:03,7700.0,7750.5,Call DEX 2,DEX,72.691,10148.2508073197,10263.47582109259
2026-10-08 08:56:03,7700.0,7750.5,Put GEX 5,GEX,-113780.698,10148.2508073197,10263.47582109259
2026-10-08 08:56:03,7700.0,7750.5,Call VEX 1,VEX,695123.835,10148.2508073197,10263.47582109259
2026-10-08 08:56:03,7750.0,7800.75,Call DEX 3,DEX,55.259,10148.2508073197,10263.47582109259
2026-10-08 08:56:03,7800.0,7851.25,Put CEX 2,CEX,-526220.355,10148.2508073197,10263.47582109259
2026-10-08 08:56:03,7800.0,7851.25,Call GEX 1,GEX,356149.025,10148.2508073197,10263.47582109259
2026-10-08 08:56:03,7800.0,7851.25,Put VEX 4,VEX,-318471.768,10148.2508073197,10263.47582109259
2026-10-08 08:56:03,7825.0,7876.25,Put CEX 5,CEX,-238581.243,10148.2508073197,10263.47582109259
2026-10-08 08:56:03,7825.0,7876.25,Call GEX 2,GEX,344562.827,10148.2508073197,10263.47582109259
2026-10-08 08:56:03,7850.0,7901.5,Put CEX 3,CEX,-381884.289,10148.2508073197,10263.47582109259
2026-10-08 08:56:03,7850.0,7901.5,Call GEX 3,GEX,342947.788,10148.2508073197,10263.47582109259
2026-10-08 08:56:03,7850.0,7901.5,Put VEX 3,VEX,-359133.532,10148.2508073197,10263.47582109259
2026-10-08 08:56:03,7870.0,7921.5,Call GEX 5,GEX,234382.675,10148.2508073197,10263.47582109259
2026-10-08 08:56:03,7900.0,7951.75,Put CEX 4,CEX,-377777.489,10148.2508073197,10263.47582109259
2026-10-08 08:56:03,7900.0,7951.75,Call GEX 4,GEX,300788.475,10148.2508073197,10263.47582109259
2026-10-08 08:56:03,7900.0,7951.75,Put VEX 2,VEX,-410965.339,10148.2508073197,10263.47582109259
2026-10-08 08:56:03,7950.0,8002.25,Put VEX 5,VEX,-225197.046,10148.2508073197,10263.47582109259
2026-10-08 08:56:03,8000.0,8052.5,Put CEX 1,CEX,-3054814.754,10148.2508073197,10263.47582109259
2026-10-08 08:56:03,8000.0,8052.5,Put DEX 1,DEX,-1363.48,10148.2508073197,10263.47582109259
2026-10-08 08:56:03,8000.0,8052.5,Put GEX 1,GEX,-479685.297,10148.2508073197,10263.47582109259
2026-10-08 08:56:03,8000.0,8052.5,Put VEX 1,VEX,-3848144.853,10148.2508073197,10263.47582109259
2026-10-08 08:56:03,8100.0,8153.25,Put DEX 5,DEX,-5.299,10148.2508073197,10263.47582109259
2026-10-08 08:56:03,8250.0,8304.0,Put DEX 2,DEX,-25.498,10148.2508073197,10263.47582109259
2026-10-08 08:56:52,7000.0,7046.25,Call CEX 1,CEX,447000.55,10043.731778425656,10367.57855244646
2026-10-08 08:56:52,7000.0,7046.25,Put DEX 2,DEX,-12.072,10043.731778425656,10367.57855244646
2026-10-08 08:56:52,7000.0,7046.25,Call VEX 2,VEX,632719.513,10043.731778425656,10367.57855244646
2026-10-08 08:56:52,7400.0,7449.0,Put DEX 3,DEX,-5.393,10043.731778425656,10367.57855244646
2026-10-08 08:56:52,7500.0,7549.75,Call CEX 5,CEX,358497.247,10043.731778425656,10367.57855244646
2026-10-08 08:56:52,7500.0,7549.75,Call DEX 3,DEX,55.605,10043.731778425656,10367.57855244646
2026-10-08 08:56:52,7500.0,7549.75,Put GEX 3,GEX,-154050.929,10043.731778425656,10367.57855244646
2026-10-08 08:56:52,7500.0,7549.75,Call VEX 5,VEX,521725.838,10043.731778425656,10367.57855244646
2026-10-08 08:56:52,7600.0,7650.25,Call CEX 2,CEX,427469.237,10043.731778425656,10367.57855244646
2026-10-08 08:56:52,7600.0,7650.25,Call DEX 1,DEX,73.073,10043.731778425656,10367.57855244646
2026-10-08 08:56:52,7600.0,7650.25,Put GEX 4,GEX,-144584.376,10043.731778425656,10367.57855244646
2026-10-08 08:56:52,7600.0,7650.25,Call VEX 3,VEX,621725.2,10043.731778425656,10367.57855244646
2026-10-08 08:56:52,7630.0,7680.5,Call DEX 5,DEX,44.054,10043.731778425656,10367.57855244646
2026-10-08 08:56:52,7650.0,7700.75,Call CEX 3,CEX,405794.912,10043.731778425656,10367.57855244646
2026-10-08 08:56:52,7650.0,7700.75,Put GEX 2,GEX,-214172.73,10043.731778425656,10367.57855244646
2026-10-08 08:56:52,7650.0,7700.75,Call VEX 4,VEX,546808.138,10043.731778425656,10367.57855244646
2026-10-08 08:56:52,7700.0,7751.0,Call CEX 4,CEX,399665.15,10043.731778425656,10367.57855244646
2026-10-08 08:56:52,7700.0,7751.0,Call DEX 2,DEX,70.757,10043.731778425656,10367.57855244646
2026-10-08 08:56:52,7700.0,7751.0,Put GEX 5,GEX,-116377.622,10043.731778425656,10367.57855244646
2026-10-08 08:56:52,7700.0,7751.0,Call VEX 1,VEX,686706.889,10043.731778425656,10367.57855244646
2026-10-08 08:56:52,7750.0,7801.25,Call DEX 4,DEX,53.012,10043.731778425656,10367.57855244646
2026-10-08 08:56:52,7755.0,7806.5,Put DEX 5,DEX,-3.969,10043.731778425656,10367.57855244646
2026-10-08 08:56:52,7800.0,7851.75,Put CEX 2,CEX,-543813.022,10043.731778425656,10367.57855244646
2026-10-08 08:56:52,7800.0,7851.75,Call GEX 1,GEX,346454.763,10043.731778425656,10367.57855244646
2026-10-08 08:56:52,7800.0,7851.75,Put VEX 4,VEX,-340307.266,10043.731778425656,10367.57855244646
2026-10-08 08:56:52,7825.0,7876.75,Put CEX 5,CEX,-240932.861,10043.731778425656,10367.57855244646
2026-10-08 08:56:52,7825.0,7876.75,Call GEX 2,GEX,339464.977,10043.731778425656,10367.57855244646
2026-10-08 08:56:52,7850.0,7902.0,Put CEX 3,CEX,-383242.102,10043.731778425656,10367.57855244646
2026-10-08 08:56:52,7850.0,7902.0,Call GEX 3,GEX,337597.173,10043.731778425656,10367.57855244646
2026-10-08 08:56:52,7850.0,7902.0,Put VEX 3,VEX,-362314.686,10043.731778425656,10367.57855244646
2026-10-08 08:56:52,7870.0,7922.25,Call GEX 5,GEX,230797.791,10043.731778425656,10367.57855244646
2026-10-08 08:56:52,7900.0,7952.25,Put CEX 4,CEX,-374876.521,10043.731778425656,10367.57855244646
2026-10-08 08:56:52,7900.0,7952.25,Call GEX 4,GEX,295427.645,10043.731778425656,10367.57855244646
2026-10-08 08:56:52,7900.0,7952.25,Put VEX 2,VEX,-409009.723,10043.731778425656,10367.57855244646
2026-10-08 08:56:52,7950.0,8002.75,Put VEX 5,VEX,-223328.521,10043.731778425656,10367.57855244646
2026-10-08 08:56:52,8000.0,8053.0,Put CEX 1,CEX,-3014177.076,10043.731778425656,10367.57855244646
2026-10-08 08:56:52,8000.0,8053.0,Put DEX 1,DEX,-1368.399,10043.731778425656,10367.57855244646
2026-10-08 08:56:52,8000.0,8053.0,Put GEX 1,GEX,-458670.989,10043.731778425656,10367.57855244646
2026-10-08 08:56:52,8000.0,8053.0,Put VEX 1,VEX,-3798464.774,10043.731778425656,10367.57855244646
2026-10-08 08:56:52,8100.0,8153.75,Put DEX 4,DEX,-5.336,10043.731778425656,10367.57855244646
2026-10-08 08:57:40,7000.0,7046.0,Call CEX 1,CEX,446860.102,10176.379910492293,10231.111838873425
2026-10-08 08:57:40,7000.0,7046.0,Put DEX 3,DEX,-12.066,10176.379910492293,10231.111838873425
2026-10-08 08:57:40,7000.0,7046.0,Call VEX 2,VEX,632511.253,10176.379910492293,10231.111838873425
2026-10-08 08:57:40,7400.0,7448.75,Put DEX 4,DEX,-5.393,10176.379910492293,10231.111838873425
2026-10-08 08:57:40,7500.0,7549.25,Call CEX 5,CEX,348746.79,10176.379910492293,10231.111838873425
2026-10-08 08:57:40,7500.0,7549.25,Call DEX 3,DEX,53.933,10176.379910492293,10231.111838873425
2026-10-08 08:57:40,7500.0,7549.25,Put GEX 3,GEX,-158549.105,10176.379910492293,10231.111838873425
2026-10-08 08:57:40,7500.0,7549.25,Call VEX 5,VEX,507494.221,10176.379910492293,10231.111838873425
2026-10-08 08:57:40,7600.0,7650.0,Call CEX 2,CEX,425762.759,10176.379910492293,10231.111838873425
2026-10-08 08:57:40,7600.0,7650.0,Call DEX 1,DEX,73.548,10176.379910492293,10231.111838873425
2026-10-08 08:57:40,7600.0,7650.0,Put GEX 4,GEX,-145194.062,10176.379910492293,10231.111838873425
2026-10-08 08:57:40,7600.0,7650.0,Call VEX 3,VEX,618975.629,10176.379910492293,10231.111838873425
2026-10-08 08:57:40,7630.0,7680.25,Call DEX 5,DEX,43.668,10176.379910492293,10231.111838873425
2026-10-08 08:57:40,7650.0,7700.25,Call CEX 3,CEX,404662.718,10176.379910492293,10231.111838873425
2026-10-08 08:57:40,7650.0,7700.25,Put GEX 2,GEX,-213967.816,10176.379910492293,10231.111838873425
2026-10-08 08:57:40,7650.0,7700.25,Call VEX 4,VEX,545616.549,10176.379910492293,10231.111838873425
2026-10-08 08:57:40,7700.0,7750.75,Call CEX 4,CEX,402251.461,10176.379910492293,10231.111838873425
2026-10-08 08:57:40,7700.0,7750.75,Call DEX 2,DEX,71.417,10176.379910492293,10231.111838873425
2026-10-08 08:57:40,7700.0,7750.75,Put GEX 5,GEX,-115685.291,10176.379910492293,10231.111838873425
2026-10-08 08:57:40,7700.0,7750.75,Call VEX 1,VEX,689579.522,10176.379910492293,10231.111838873425
2026-10-08 08:57:40,7750.0,7801.0,Call DEX 4,DEX,53.872,10176.379910492293,10231.111838873425
2026-10-08 08:57:40,7800.0,7851.25,Put CEX 2,CEX,-536942.215,10176.379910492293,10231.111838873425
2026-10-08 08:57:40,7800.0,7851.25,Call GEX 1,GEX,348101.843,10176.379910492293,10231.111838873425
2026-10-08 08:57:40,7800.0,7851.25,Put VEX 4,VEX,-331797.414,10176.379910492293,10231.111838873425
2026-10-08 08:57:40,7825.0,7876.5,Put CEX 5,CEX,-239895.989,10176.379910492293,10231.111838873425
2026-10-08 08:57:40,7825.0,7876.5,Call GEX 2,GEX,341186.267,10176.379910492293,10231.111838873425
2026-10-08 08:57:40,7850.0,7901.75,Put CEX 3,CEX,-382887.44,10176.379910492293,10231.111838873425
2026-10-08 08:57:40,7850.0,7901.75,Call GEX 3,GEX,339811.617,10176.379910492293,10231.111838873425
2026-10-08 08:57:40,7850.0,7901.75,Put VEX 3,VEX,-361235.095,10176.379910492293,10231.111838873425
2026-10-08 08:57:40,7870.0,7921.75,Call GEX 5,GEX,232177.089,10176.379910492293,10231.111838873425
2026-10-08 08:57:40,7900.0,7952.0,Put CEX 4,CEX,-375719.095,10176.379910492293,10231.111838873425
2026-10-08 08:57:40,7900.0,7952.0,Call GEX 4,GEX,297294.826,10176.379910492293,10231.111838873425
2026-10-08 08:57:40,7900.0,7952.0,Put VEX 2,VEX,-409558.279,10176.379910492293,10231.111838873425
2026-10-08 08:57:40,7950.0,8002.25,Put VEX 5,VEX,-223616.403,10176.379910492293,10231.111838873425
2026-10-08 08:57:40,8000.0,8052.75,Put CEX 1,CEX,-3041953.763,10176.379910492293,10231.111838873425
2026-10-08 08:57:40,8000.0,8052.75,Put DEX 1,DEX,-1364.803,10176.379910492293,10231.111838873425
2026-10-08 08:57:40,8000.0,8052.75,Put GEX 1,GEX,-473700.992,10176.379910492293,10231.111838873425
2026-10-08 08:57:40,8000.0,8052.75,Put VEX 1,VEX,-3832665.019,10176.379910492293,10231.111838873425
2026-10-08 08:57:40,8100.0,8153.25,Put DEX 5,DEX,-5.301,10176.379910492293,10231.111838873425
2026-10-08 08:57:40,8250.0,8304.25,Put DEX 2,DEX,-25.574,10176.379910492293,10231.111838873425
2026-10-08 08:58:29,7000.0,7045.5,Call CEX 1,CEX,446865.662,10188.636363636364,10215.501319261211
2026-10-08 08:58:29,7000.0,7045.5,Put DEX 4,DEX,-12.065,10188.636363636364,10215.501319261211
2026-10-08 08:58:29,7000.0,7045.5,Call VEX 2,VEX,632479.259,10188.636363636364,10215.501319261211
2026-10-08 08:58:29,7400.0,7448.25,Put DEX 5,DEX,-5.39,10188.636363636364,10215.501319261211
2026-10-08 08:58:29,7500.0,7548.75,Call CEX 5,CEX,330685.569,10188.636363636364,10215.501319261211
2026-10-08 08:58:29,7500.0,7548.75,Put DEX 3,DEX,-17.294,10188.636363636364,10215.501319261211
2026-10-08 08:58:29,7500.0,7548.75,Put GEX 3,GEX,-168020.985,10188.636363636364,10215.501319261211
2026-10-08 08:58:29,7500.0,7548.75,Call VEX 5,VEX,480297.76,10188.636363636364,10215.501319261211
2026-10-08 08:58:29,7600.0,7649.5,Call CEX 2,CEX,424716.166,10188.636363636364,10215.501319261211
2026-10-08 08:58:29,7600.0,7649.5,Call DEX 1,DEX,73.784,10188.636363636364,10215.501319261211
2026-10-08 08:58:29,7600.0,7649.5,Put GEX 4,GEX,-146314.184,10188.636363636364,10215.501319261211
2026-10-08 08:58:29,7600.0,7649.5,Call VEX 3,VEX,617185.407,10188.636363636364,10215.501319261211
2026-10-08 08:58:29,7630.0,7679.75,Call DEX 4,DEX,43.874,10188.636363636364,10215.501319261211
2026-10-08 08:58:29,7650.0,7699.75,Call CEX 3,CEX,404558.536,10188.636363636364,10215.501319261211
2026-10-08 08:58:29,7650.0,7699.75,Put GEX 2,GEX,-214185.648,10188.636363636364,10215.501319261211
2026-10-08 08:58:29,7650.0,7699.75,Call VEX 4,VEX,545557.259,10188.636363636364,10215.501319261211
2026-10-08 08:58:29,7700.0,7750.0,Call CEX 4,CEX,403020.234,10188.636363636364,10215.501319261211
2026-10-08 08:58:29,7700.0,7750.0,Call DEX 2,DEX,71.731,10188.636363636364,10215.501319261211
2026-10-08 08:58:29,7700.0,7750.0,Put GEX 5,GEX,-113724.735,10188.636363636364,10215.501319261211
2026-10-08 08:58:29,7700.0,7750.0,Call VEX 1,VEX,690704.277,10188.636363636364,10215.501319261211
2026-10-08 08:58:29,7750.0,7800.5,Call DEX 3,DEX,54.08,10188.636363636364,10215.501319261211
2026-10-08 08:58:29,7800.0,7850.75,Put CEX 2,CEX,-535734.242,10188.636363636364,10215.501319261211
2026-10-08 08:58:29,7800.0,7850.75,Call GEX 1,GEX,357872.107,10188.636363636364,10215.501319261211
2026-10-08 08:58:29,7800.0,7850.75,Put VEX 4,VEX,-330476.033,10188.636363636364,10215.501319261211
2026-10-08 08:58:29,7825.0,7876.0,Put CEX 5,CEX,-240309.13,10188.636363636364,10215.501319261211
2026-10-08 08:58:29,7825.0,7876.0,Call DEX 5,DEX,32.001,10188.636363636364,10215.501319261211
2026-10-08 08:58:29,7825.0,7876.0,Call GEX 2,GEX,342812.844,10188.636363636364,10215.501319261211
2026-10-08 08:58:29,7850.0,7901.0,Put CEX 3,CEX,-382803.865,10188.636363636364,10215.501319261211
2026-10-08 08:58:29,7850.0,7901.0,Call GEX 3,GEX,341028.546,10188.636363636364,10215.501319261211
2026-10-08 08:58:29,7850.0,7901.0,Put VEX 3,VEX,-361012.058,10188.636363636364,10215.501319261211
2026-10-08 08:58:29,7870.0,7921.25,Call GEX 5,GEX,232442.395,10188.636363636364,10215.501319261211
2026-10-08 08:58:29,7900.0,7951.5,Put CEX 4,CEX,-375957.427,10188.636363636364,10215.501319261211
2026-10-08 08:58:29,7900.0,7951.5,Call GEX 4,GEX,297604.393,10188.636363636364,10215.501319261211
2026-10-08 08:58:29,7900.0,7951.5,Put VEX 2,VEX,-409588.928,10188.636363636364,10215.501319261211
2026-10-08 08:58:29,7950.0,8001.75,Put VEX 5,VEX,-224140.587,10188.636363636364,10215.501319261211
2026-10-08 08:58:29,8000.0,8052.0,Put CEX 1,CEX,-3089288.021,10188.636363636364,10215.501319261211
2026-10-08 08:58:29,8000.0,8052.0,Put DEX 1,DEX,-1357.678,10188.636363636364,10215.501319261211
2026-10-08 08:58:29,8000.0,8052.0,Put GEX 1,GEX,-500544.531,10188.636363636364,10215.501319261211
2026-10-08 08:58:29,8000.0,8052.0,Put VEX 1,VEX,-3892124.766,10188.636363636364,10215.501319261211
2026-10-08 08:58:29,8250.0,8303.75,Put DEX 2,DEX,-25.468,10188.636363636364,10215.501319261211
2026-10-08 08:59:17,7000.0,7045.75,Call CEX 1,CEX,446827.39,9472.615972144222,9651.695961995249
2026-10-08 08:59:17,7000.0,7045.75,Put DEX 3,DEX,-12.063,9472.615972144222,9651.695961995249
2026-10-08 08:59:17,7000.0,7045.75,Call VEX 2,VEX,632393.722,9472.615972144222,9651.695961995249
2026-10-08 08:59:17,7400.0,7448.5,Put DEX 4,DEX,-5.391,9472.615972144222,9651.695961995249
2026-10-08 08:59:17,7500.0,7549.0,Call CEX 5,CEX,346984.658,9472.615972144222,9651.695961995249
2026-10-08 08:59:17,7500.0,7549.0,Call DEX 4,DEX,54.104,9472.615972144222,9651.695961995249
2026-10-08 08:59:17,7500.0,7549.0,Put GEX 3,GEX,-158267.799,9472.615972144222,9651.695961995249
2026-10-08 08:59:17,7500.0,7549.0,Call VEX 5,VEX,504750.375,9472.615972144222,9651.695961995249
2026-10-08 08:59:17,7600.0,7649.75,Call CEX 2,CEX,425799.387,9472.615972144222,9651.695961995249
2026-10-08 08:59:17,7600.0,7649.75,Call DEX 1,DEX,73.641,9472.615972144222,9651.695961995249
2026-10-08 08:59:17,7600.0,7649.75,Put GEX 4,GEX,-144816.675,9472.615972144222,9651.695961995249
2026-10-08 08:59:17,7600.0,7649.75,Call VEX 3,VEX,618791.912,9472.615972144222,9651.695961995249
2026-10-08 08:59:17,7630.0,7680.0,Call DEX 5,DEX,43.91,9472.615972144222,9651.695961995249
2026-10-08 08:59:17,7650.0,7700.0,Call CEX 3,CEX,404152.5,9472.615972144222,9651.695961995249
2026-10-08 08:59:17,7650.0,7700.0,Put GEX 2,GEX,-214456.115,9472.615972144222,9651.695961995249
2026-10-08 08:59:17,7650.0,7700.0,Call VEX 4,VEX,545044.223,9472.615972144222,9651.695961995249
2026-10-08 08:59:17,7700.0,7750.5,Call CEX 4,CEX,403734.096,9472.615972144222,9651.695961995249
2026-10-08 08:59:17,7700.0,7750.5,Call DEX 2,DEX,71.872,9472.615972144222,9651.695961995249
2026-10-08 08:59:17,7700.0,7750.5,Put GEX 5,GEX,-114075.215,9472.615972144222,9651.695961995249
2026-10-08 08:59:17,7700.0,7750.5,Call VEX 1,VEX,691393.767,9472.615972144222,9651.695961995249
2026-10-08 08:59:17,7750.0,7800.75,Call DEX 3,DEX,54.329,9472.615972144222,9651.695961995249
2026-10-08 08:59:17,7800.0,7851.0,Put CEX 2,CEX,-533820.321,9472.615972144222,9651.695961995249
2026-10-08 08:59:17,7800.0,7851.0,Call GEX 1,GEX,357263.439,9472.615972144222,9651.695961995249
2026-10-08 08:59:17,7800.0,7851.0,Put VEX 4,VEX,-327941.605,9472.615972144222,9651.695961995249
2026-10-08 08:59:17,7825.0,7876.25,Put CEX 5,CEX,-239993.184,9472.615972144222,9651.695961995249
2026-10-08 08:59:17,7825.0,7876.25,Call GEX 2,GEX,343181.951,9472.615972144222,9651.695961995249
2026-10-08 08:59:17,7850.0,7901.5,Put CEX 3,CEX,-382524.66,9472.615972144222,9651.695961995249
2026-10-08 08:59:17,7850.0,7901.5,Call GEX 3,GEX,341278.497,9472.615972144222,9651.695961995249
2026-10-08 08:59:17,7850.0,7901.5,Put VEX 3,VEX,-360480.933,9472.615972144222,9651.695961995249
2026-10-08 08:59:17,7870.0,7921.5,Call GEX 5,GEX,232791.706,9472.615972144222,9651.695961995249
2026-10-08 08:59:17,7900.0,7951.75,Put CEX 4,CEX,-376428.205,9472.615972144222,9651.695961995249
2026-10-08 08:59:17,7900.0,7951.75,Call GEX 4,GEX,298312.843,9472.615972144222,9651.695961995249
2026-10-08 08:59:17,7900.0,7951.75,Put VEX 2,VEX,-409941.406,9472.615972144222,9651.695961995249
2026-10-08 08:59:17,7950.0,8002.0,Put VEX 5,VEX,-224222.733,9472.615972144222,9651.695961995249
2026-10-08 08:59:17,8000.0,8052.25,Put CEX 1,CEX,-3055917.262,9472.615972144222,9651.695961995249
2026-10-08 08:59:17,8000.0,8052.25,Put DEX 1,DEX,-1362.977,9472.615972144222,9651.695961995249
2026-10-08 08:59:17,8000.0,8052.25,Put GEX 1,GEX,-481032.698,9472.615972144222,9651.695961995249
2026-10-08 08:59:17,8000.0,8052.25,Put VEX 1,VEX,-3849487.319,9472.615972144222,9651.695961995249
2026-10-08 08:59:17,8100.0,8153.0,Put DEX 5,DEX,-5.285,9472.615972144222,9651.695961995249
2026-10-08 08:59:17,8250.0,8304.0,Put DEX 2,DEX,-24.858,9472.615972144222,9651.695961995249
2026-10-08 09:00:07,7000.0,7046.25,Call CEX 1,CEX,438363.518,9477.71790330482,9638.333016897664
2026-10-08 09:00:07,7000.0,7046.25,Put DEX 3,DEX,-11.746,9477.71790330482,9638.333016897664
2026-10-08 09:00:07,7000.0,7046.25,Call VEX 2,VEX,620332.763,9477.71790330482,9638.333016897664
2026-10-08 09:00:07,7400.0,7448.75,Put DEX 4,DEX,-5.319,9477.71790330482,9638.333016897664
2026-10-08 09:00:07,7500.0,7549.5,Call CEX 5,CEX,343043.153,9477.71790330482,9638.333016897664
2026-10-08 09:00:07,7500.0,7549.5,Call DEX 4,DEX,54.341,9477.71790330482,9638.333016897664
2026-10-08 09:00:07,7500.0,7549.5,Put GEX 3,GEX,-158046.572,9477.71790330482,9638.333016897664
2026-10-08 09:00:07,7500.0,7549.5,Call VEX 5,VEX,498854.953,9477.71790330482,9638.333016897664
2026-10-08 09:00:07,7600.0,7650.0,Call CEX 2,CEX,423935.917,9477.71790330482,9638.333016897664
2026-10-08 09:00:07,7600.0,7650.0,Call DEX 1,DEX,73.78,9477.71790330482,9638.333016897664
2026-10-08 09:00:07,7600.0,7650.0,Put GEX 4,GEX,-144032.568,9477.71790330482,9638.333016897664
2026-10-08 09:00:07,7600.0,7650.0,Call VEX 3,VEX,616203.304,9477.71790330482,9638.333016897664
2026-10-08 09:00:07,7630.0,7680.25,Call DEX 5,DEX,43.923,9477.71790330482,9638.333016897664
2026-10-08 09:00:07,7650.0,7700.5,Call CEX 4,CEX,404120.378,9477.71790330482,9638.333016897664
2026-10-08 09:00:07,7650.0,7700.5,Put GEX 2,GEX,-212310.565,9477.71790330482,9638.333016897664
2026-10-08 09:00:07,7650.0,7700.5,Call VEX 4,VEX,544915.805,9477.71790330482,9638.333016897664
2026-10-08 09:00:07,7700.0,7750.75,Call CEX 3,CEX,408046.304,9477.71790330482,9638.333016897664
2026-10-08 09:00:07,7700.0,7750.75,Call DEX 2,DEX,72.962,9477.71790330482,9638.333016897664
2026-10-08 09:00:07,7700.0,7750.75,Put GEX 5,GEX,-115258.632,9477.71790330482,9638.333016897664
2026-10-08 09:00:07,7700.0,7750.75,Call VEX 1,VEX,696443.832,9477.71790330482,9638.333016897664
2026-10-08 09:00:07,7750.0,7801.0,Call DEX 3,DEX,55.63,9477.71790330482,9638.333016897664
2026-10-08 09:00:07,7800.0,7851.5,Put CEX 2,CEX,-523666.183,9477.71790330482,9638.333016897664
2026-10-08 09:00:07,7800.0,7851.5,Call GEX 1,GEX,353108.966,9477.71790330482,9638.333016897664
2026-10-08 09:00:07,7800.0,7851.5,Put VEX 4,VEX,-314993.967,9477.71790330482,9638.333016897664
2026-10-08 09:00:07,7825.0,7876.5,Put CEX 5,CEX,-237873.109,9477.71790330482,9638.333016897664
2026-10-08 09:00:07,7825.0,7876.5,Call GEX 2,GEX,344545.557,9477.71790330482,9638.333016897664
2026-10-08 09:00:07,7850.0,7901.75,Put CEX 3,CEX,-381965.416,9477.71790330482,9638.333016897664
2026-10-08 09:00:07,7850.0,7901.75,Call GEX 3,GEX,343239.582,9477.71790330482,9638.333016897664
2026-10-08 09:00:07,7850.0,7901.75,Put VEX 3,VEX,-358767.356,9477.71790330482,9638.333016897664
2026-10-08 09:00:07,7870.0,7921.75,Call GEX 5,GEX,234928.362,9477.71790330482,9638.333016897664
2026-10-08 09:00:07,7900.0,7952.0,Put CEX 4,CEX,-378331.938,9477.71790330482,9638.333016897664
2026-10-08 09:00:07,7900.0,7952.0,Call GEX 4,GEX,301626.708,9477.71790330482,9638.333016897664
2026-10-08 09:00:07,7900.0,7952.0,Put VEX 2,VEX,-411243.776,9477.71790330482,9638.333016897664
2026-10-08 09:00:07,7950.0,8002.5,Put VEX 5,VEX,-225541.974,9477.71790330482,9638.333016897664
2026-10-08 09:00:07,8000.0,8052.75,Put CEX 1,CEX,-3041819.579,9477.71790330482,9638.333016897664
2026-10-08 09:00:07,8000.0,8052.75,Put DEX 1,DEX,-1365.692,9477.71790330482,9638.333016897664
2026-10-08 09:00:07,8000.0,8052.75,Put GEX 1,GEX,-471179.363,9477.71790330482,9638.333016897664
2026-10-08 09:00:07,8000.0,8052.75,Put VEX 1,VEX,-3830197.073,9477.71790330482,9638.333016897664
2026-10-08 09:00:07,8100.0,8153.5,Put DEX 5,DEX,-5.261,9477.71790330482,9638.333016897664
2026-10-08 09:00:07,8250.0,8304.5,Put DEX 2,DEX,-25.544,9477.71790330482,9638.333016897664
2026-10-08 09:00:59,7000.0,7045.25,Call CEX 1,CEX,438005.992,9499.881891020525,9501.970181043664
2026-10-08 09:00:59,7000.0,7045.25,Put DEX 4,DEX,-11.731,9499.881891020525,9501.970181043664
2026-10-08 09:00:59,7000.0,7045.25,Call VEX 2,VEX,619860.033,9499.881891020525,9501.970181043664
2026-10-08 09:00:59,7400.0,7448.0,Put DEX 5,DEX,-6.11,9499.881891020525,9501.970181043664
2026-10-08 09:00:59,7500.0,7548.5,Call CEX 5,CEX,326573.218,9499.881891020525,9501.970181043664
2026-10-08 09:00:59,7500.0,7548.5,Put DEX 3,DEX,-16.892,9499.881891020525,9501.970181043664
2026-10-08 09:00:59,7500.0,7548.5,Put GEX 3,GEX,-165103.905,9499.881891020525,9501.970181043664
2026-10-08 09:00:59,7500.0,7548.5,Call VEX 5,VEX,474170.532,9499.881891020525,9501.970181043664
2026-10-08 09:00:59,7600.0,7649.25,Call CEX 2,CEX,418960.191,9499.881891020525,9501.970181043664
2026-10-08 09:00:59,7600.0,7649.25,Call DEX 1,DEX,74.993,9499.881891020525,9501.970181043664
2026-10-08 09:00:59,7600.0,7649.25,Put GEX 4,GEX,-146546.275,9499.881891020525,9501.970181043664
2026-10-08 09:00:59,7600.0,7649.25,Call VEX 3,VEX,608086.342,9499.881891020525,9501.970181043664
2026-10-08 09:00:59,7630.0,7679.5,Call DEX 4,DEX,44.296,9499.881891020525,9501.970181043664
2026-10-08 09:00:59,7650.0,7699.5,Call CEX 4,CEX,400088.0,9499.881891020525,9501.970181043664
2026-10-08 09:00:59,7650.0,7699.5,Put GEX 2,GEX,-213265.551,9499.881891020525,9501.970181043664
2026-10-08 09:00:59,7650.0,7699.5,Call VEX 4,VEX,541037.568,9499.881891020525,9501.970181043664
2026-10-08 09:00:59,7700.0,7750.0,Call CEX 3,CEX,414008.613,9499.881891020525,9501.970181043664
2026-10-08 09:00:59,7700.0,7750.0,Call DEX 2,DEX,74.753,9499.881891020525,9501.970181043664
2026-10-08 09:00:59,7700.0,7750.0,Put GEX 5,GEX,-111108.165,9499.881891020525,9501.970181043664
2026-10-08 09:00:59,7700.0,7750.0,Call VEX 1,VEX,703532.362,9499.881891020525,9501.970181043664
2026-10-08 09:00:59,7750.0,7800.25,Call DEX 3,DEX,57.609,9499.881891020525,9501.970181043664
2026-10-08 09:00:59,7800.0,7850.5,Put CEX 2,CEX,-506840.654,9499.881891020525,9501.970181043664
2026-10-08 09:00:59,7800.0,7850.5,Call GEX 1,GEX,368258.647,9499.881891020525,9501.970181043664
2026-10-08 09:00:59,7800.0,7850.5,Put VEX 4,VEX,-294805.158,9499.881891020525,9501.970181043664
2026-10-08 09:00:59,7825.0,7875.75,Put CEX 5,CEX,-235484.571,9499.881891020525,9501.970181043664
2026-10-08 09:00:59,7825.0,7875.75,Call DEX 5,DEX,33.197,9499.881891020525,9501.970181043664
2026-10-08 09:00:59,7825.0,7875.75,Call GEX 2,GEX,349429.287,9499.881891020525,9501.970181043664
2026-10-08 09:00:59,7850.0,7901.0,Put CEX 3,CEX,-380179.439,9499.881891020525,9501.970181043664
2026-10-08 09:00:59,7850.0,7901.0,Call GEX 3,GEX,349213.826,9499.881891020525,9501.970181043664
2026-10-08 09:00:59,7850.0,7901.0,Put VEX 3,VEX,-355346.281,9499.881891020525,9501.970181043664
2026-10-08 09:00:59,7870.0,7921.0,Call GEX 5,GEX,238229.813,9499.881891020525,9501.970181043664
2026-10-08 09:00:59,7900.0,7951.25,Put CEX 4,CEX,-379671.641,9499.881891020525,9501.970181043664
2026-10-08 09:00:59,7900.0,7951.25,Call GEX 4,GEX,305789.6,9499.881891020525,9501.970181043664
2026-10-08 09:00:59,7900.0,7951.25,Put VEX 2,VEX,-411983.823,9499.881891020525,9501.970181043664
2026-10-08 09:00:59,7950.0,8001.5,Put VEX 5,VEX,-226351.575,9499.881891020525,9501.970181043664
2026-10-08 09:00:59,8000.0,8051.75,Put CEX 1,CEX,-3145706.958,9499.881891020525,9501.970181043664
2026-10-08 09:00:59,8000.0,8051.75,Put DEX 1,DEX,-1351.729,9499.881891020525,9501.970181043664
2026-10-08 09:00:59,8000.0,8051.75,Put GEX 1,GEX,-513537.66,9499.881891020525,9501.970181043664
2026-10-08 09:00:59,8000.0,8051.75,Put VEX 1,VEX,-3959572.692,9499.881891020525,9501.970181043664
2026-10-08 09:00:59,8250.0,8303.5,Put DEX 2,DEX,-25.397,9499.881891020525,9501.970181043664
2026-10-08 09:01:47,7000.0,7045.25,Call CEX 1,CEX,438267.454,9479.711068621202,9636.568934434006
2026-10-08 09:01:47,7000.0,7045.25,Put DEX 4,DEX,-11.741,9479.711068621202,9636.568934434006
2026-10-08 09:01:47,7000.0,7045.25,Call VEX 2,VEX,620142.925,9479.711068621202,9636.568934434006
2026-10-08 09:01:47,7400.0,7447.75,Put DEX 5,DEX,-6.116,9479.711068621202,9636.568934434006
2026-10-08 09:01:47,7500.0,7548.5,Call CEX 5,CEX,327594.405,9479.711068621202,9636.568934434006
2026-10-08 09:01:47,7500.0,7548.5,Put DEX 3,DEX,-16.986,9479.711068621202,9636.568934434006
2026-10-08 09:01:47,7500.0,7548.5,Put GEX 3,GEX,-165722.953,9479.711068621202,9636.568934434006
2026-10-08 09:01:47,7500.0,7548.5,Call VEX 5,VEX,475600.283,9479.711068621202,9636.568934434006
2026-10-08 09:01:47,7600.0,7649.25,Call CEX 2,CEX,420808.019,9479.711068621202,9636.568934434006
2026-10-08 09:01:47,7600.0,7649.25,Call DEX 1,DEX,74.463,9479.711068621202,9636.568934434006
2026-10-08 09:01:47,7600.0,7649.25,Put GEX 4,GEX,-146434.43,9479.711068621202,9636.568934434006
2026-10-08 09:01:47,7600.0,7649.25,Call VEX 3,VEX,611099.576,9479.711068621202,9636.568934434006
2026-10-08 09:01:47,7630.0,7679.25,Call DEX 4,DEX,44.298,9479.711068621202,9636.568934434006
2026-10-08 09:01:47,7650.0,7699.5,Call CEX 4,CEX,402633.922,9479.711068621202,9636.568934434006
2026-10-08 09:01:47,7650.0,7699.5,Put GEX 2,GEX,-213000.85,9479.711068621202,9636.568934434006
2026-10-08 09:01:47,7650.0,7699.5,Call VEX 4,VEX,543490.264,9479.711068621202,9636.568934434006
2026-10-08 09:01:47,7700.0,7749.75,Call CEX 3,CEX,410449.808,9479.711068621202,9636.568934434006
2026-10-08 09:01:47,7700.0,7749.75,Call DEX 2,DEX,73.776,9479.711068621202,9636.568934434006
2026-10-08 09:01:47,7700.0,7749.75,Put GEX 5,GEX,-111203.721,9479.711068621202,9636.568934434006
2026-10-08 09:01:47,7700.0,7749.75,Call VEX 1,VEX,699515.807,9479.711068621202,9636.568934434006
2026-10-08 09:01:47,7750.0,7800.25,Call DEX 3,DEX,56.324,9479.711068621202,9636.568934434006
2026-10-08 09:01:47,7800.0,7850.5,Put CEX 2,CEX,-517582.999,9479.711068621202,9636.568934434006
2026-10-08 09:01:47,7800.0,7850.5,Call GEX 1,GEX,366216.142,9479.711068621202,9636.568934434006
2026-10-08 09:01:47,7800.0,7850.5,Put VEX 4,VEX,-307999.212,9479.711068621202,9636.568934434006
2026-10-08 09:01:47,7825.0,7875.5,Put CEX 5,CEX,-237539.19,9479.711068621202,9636.568934434006
2026-10-08 09:01:47,7825.0,7875.5,Call DEX 5,DEX,32.724,9479.711068621202,9636.568934434006
2026-10-08 09:01:47,7825.0,7875.5,Call GEX 2,GEX,347431.212,9479.711068621202,9636.568934434006
2026-10-08 09:01:47,7850.0,7900.75,Put CEX 3,CEX,-381218.057,9479.711068621202,9636.568934434006
2026-10-08 09:01:47,7850.0,7900.75,Call GEX 3,GEX,346278.785,9479.711068621202,9636.568934434006
2026-10-08 09:01:47,7850.0,7900.75,Put VEX 3,VEX,-357471.609,9479.711068621202,9636.568934434006
2026-10-08 09:01:47,7870.0,7921.0,Call GEX 5,GEX,236025.711,9479.711068621202,9636.568934434006
2026-10-08 09:01:47,7900.0,7951.0,Put CEX 4,CEX,-378351.617,9479.711068621202,9636.568934434006
2026-10-08 09:01:47,7900.0,7951.0,Call GEX 4,GEX,302697.131,9479.711068621202,9636.568934434006
2026-10-08 09:01:47,7900.0,7951.0,Put VEX 2,VEX,-411080.917,9479.711068621202,9636.568934434006
2026-10-08 09:01:47,7950.0,8001.5,Put VEX 5,VEX,-225308.224,9479.711068621202,9636.568934434006
2026-10-08 09:01:47,8000.0,8051.75,Put CEX 1,CEX,-3097458.221,9479.711068621202,9636.568934434006
2026-10-08 09:01:47,8000.0,8051.75,Put DEX 1,DEX,-1357.555,9479.711068621202,9636.568934434006
2026-10-08 09:01:47,8000.0,8051.75,Put GEX 1,GEX,-502811.088,9479.711068621202,9636.568934434006
2026-10-08 09:01:47,8000.0,8051.75,Put VEX 1,VEX,-3899491.28,9479.711068621202,9636.568934434006
2026-10-08 09:01:47,8250.0,8303.25,Put DEX 2,DEX,-25.428,9479.711068621202,9636.568934434006
2026-10-08 09:02:35,7000.0,7045.25,Call CEX 1,CEX,437934.594,9499.03940084663,9515.699840340609
2026-10-08 09:02:35,7000.0,7045.25,Put DEX 4,DEX,-11.727,9499.03940084663,9515.699840340609
2026-10-08 09:02:35,7000.0,7045.25,Call VEX 2,VEX,619702.334,9499.03940084663,9515.699840340609
2026-10-08 09:02:35,7400.0,7447.75,Put DEX 5,DEX,-6.1,9499.03940084663,9515.699840340609
2026-10-08 09:02:35,7500.0,7548.5,Call CEX 5,CEX,325179.491,9499.03940084663,9515.699840340609
2026-10-08 09:02:35,7500.0,7548.5,Put DEX 3,DEX,-16.735,9499.03940084663,9515.699840340609
2026-10-08 09:02:35,7500.0,7548.5,Put GEX 3,GEX,-164425.519,9499.03940084663,9515.699840340609
2026-10-08 09:02:35,7500.0,7548.5,Call VEX 5,VEX,472050.358,9499.03940084663,9515.699840340609
2026-10-08 09:02:35,7600.0,7649.25,Call CEX 2,CEX,418552.584,9499.03940084663,9515.699840340609
2026-10-08 09:02:35,7600.0,7649.25,Call DEX 1,DEX,75.08,9499.03940084663,9515.699840340609
2026-10-08 09:02:35,7600.0,7649.25,Put GEX 4,GEX,-146183.258,9499.03940084663,9515.699840340609
2026-10-08 09:02:35,7600.0,7649.25,Call VEX 3,VEX,607475.254,9499.03940084663,9515.699840340609
2026-10-08 09:02:35,7630.0,7679.25,Call DEX 4,DEX,44.48,9499.03940084663,9515.699840340609
2026-10-08 09:02:35,7650.0,7699.5,Call CEX 4,CEX,400941.134,9499.03940084663,9515.699840340609
2026-10-08 09:02:35,7650.0,7699.5,Put GEX 2,GEX,-211844.367,9499.03940084663,9515.699840340609
2026-10-08 09:02:35,7650.0,7699.5,Call VEX 4,VEX,541652.05,9499.03940084663,9515.699840340609
2026-10-08 09:02:35,7700.0,7749.75,Call CEX 3,CEX,415247.175,9499.03940084663,9515.699840340609
2026-10-08 09:02:35,7700.0,7749.75,Call DEX 2,DEX,74.956,9499.03940084663,9515.699840340609
2026-10-08 09:02:35,7700.0,7749.75,Put GEX 5,GEX,-112171.963,9499.03940084663,9515.699840340609
2026-10-08 09:02:35,7700.0,7749.75,Call VEX 1,VEX,704510.408,9499.03940084663,9515.699840340609
2026-10-08 09:02:35,7750.0,7800.0,Call DEX 3,DEX,58.111,9499.03940084663,9515.699840340609
2026-10-08 09:02:35,7800.0,7850.5,Put CEX 2,CEX,-502816.831,9499.03940084663,9515.699840340609
2026-10-08 09:02:35,7800.0,7850.5,Call GEX 1,GEX,364934.319,9499.03940084663,9515.699840340609
2026-10-08 09:02:35,7800.0,7850.5,Put VEX 4,VEX,-289588.304,9499.03940084663,9515.699840340609
2026-10-08 09:02:35,7825.0,7875.5,Put CEX 5,CEX,-234533.847,9499.03940084663,9515.699840340609
2026-10-08 09:02:35,7825.0,7875.5,Call DEX 5,DEX,33.407,9499.03940084663,9515.699840340609
2026-10-08 09:02:35,7825.0,7875.5,Call GEX 3,GEX,349732.71,9499.03940084663,9515.699840340609
2026-10-08 09:02:35,7850.0,7900.75,Put CEX 4,CEX,-379781.337,9499.03940084663,9515.699840340609
2026-10-08 09:02:35,7850.0,7900.75,Call GEX 2,GEX,349998.289,9499.03940084663,9515.699840340609
2026-10-08 09:02:35,7850.0,7900.75,Put VEX 3,VEX,-354436.705,9499.03940084663,9515.699840340609
2026-10-08 09:02:35,7870.0,7921.0,Call GEX 5,GEX,239077.04,9499.03940084663,9515.699840340609
2026-10-08 09:02:35,7900.0,7951.0,Put CEX 3,CEX,-380112.71,9499.03940084663,9515.699840340609
2026-10-08 09:02:35,7900.0,7951.0,Call GEX 4,GEX,306875.803,9499.03940084663,9515.699840340609
2026-10-08 09:02:35,7900.0,7951.0,Put VEX 2,VEX,-412215.441,9499.03940084663,9515.699840340609
2026-10-08 09:02:35,7950.0,8001.5,Put VEX 5,VEX,-226393.927,9499.03940084663,9515.699840340609
2026-10-08 09:02:35,8000.0,8051.75,Put CEX 1,CEX,-3157040.979,9499.03940084663,9515.699840340609
2026-10-08 09:02:35,8000.0,8051.75,Put DEX 1,DEX,-1350.114,9499.03940084663,9515.699840340609
2026-10-08 09:02:35,8000.0,8051.75,Put GEX 1,GEX,-519413.745,9499.03940084663,9515.699840340609
2026-10-08 09:02:35,8000.0,8051.75,Put VEX 1,VEX,-3972947.687,9499.03940084663,9515.699840340609
2026-10-08 09:02:35,8250.0,8303.25,Put DEX 2,DEX,-25.439,9499.03940084663,9515.699840340609
2026-10-08 09:03:23,7000.0,7045.5,Call CEX 1,CEX,438237.629,10164.73364801079,10254.76439790576
2026-10-08 09:03:23,7000.0,7045.5,Put DEX 4,DEX,-11.738,10164.73364801079,10254.76439790576
2026-10-08 09:03:23,7000.0,7045.5,Call VEX 2,VEX,620010.423,10164.73364801079,10254.76439790576
2026-10-08 09:03:23,7400.0,7448.0,Put DEX 5,DEX,-6.115,10164.73364801079,10254.76439790576
2026-10-08 09:03:23,7500.0,7548.75,Call CEX 5,CEX,326512.576,10164.73364801079,10254.76439790576
2026-10-08 09:03:23,7500.0,7548.75,Put DEX 3,DEX,-16.854,10164.73364801079,10254.76439790576
2026-10-08 09:03:23,7500.0,7548.75,Put GEX 3,GEX,-165153.054,10164.73364801079,10254.76439790576
2026-10-08 09:03:23,7500.0,7548.75,Call VEX 5,VEX,473983.932,10164.73364801079,10254.76439790576
2026-10-08 09:03:23,7600.0,7649.5,Call CEX 2,CEX,421633.27,10164.73364801079,10254.76439790576
2026-10-08 09:03:23,7600.0,7649.5,Call DEX 1,DEX,74.391,10164.73364801079,10254.76439790576
2026-10-08 09:03:23,7600.0,7649.5,Put GEX 4,GEX,-145537.78,10164.73364801079,10254.76439790576
2026-10-08 09:03:23,7600.0,7649.5,Call VEX 3,VEX,612234.822,10164.73364801079,10254.76439790576
2026-10-08 09:03:23,7630.0,7679.5,Call DEX 4,DEX,44.248,10164.73364801079,10254.76439790576
2026-10-08 09:03:23,7650.0,7699.75,Call CEX 4,CEX,402769.606,10164.73364801079,10254.76439790576
2026-10-08 09:03:23,7650.0,7699.75,Put GEX 2,GEX,-213032.61,10164.73364801079,10254.76439790576
2026-10-08 09:03:23,7650.0,7699.75,Call VEX 4,VEX,543401.824,10164.73364801079,10254.76439790576
2026-10-08 09:03:23,7700.0,7750.0,Call CEX 3,CEX,410358.146,10164.73364801079,10254.76439790576
2026-10-08 09:03:23,7700.0,7750.0,Call DEX 2,DEX,73.668,10164.73364801079,10254.76439790576
2026-10-08 09:03:23,7700.0,7750.0,Put GEX 5,GEX,-112356.822,10164.73364801079,10254.76439790576
2026-10-08 09:03:23,7700.0,7750.0,Call VEX 1,VEX,699156.124,10164.73364801079,10254.76439790576
2026-10-08 09:03:23,7750.0,7800.5,Call DEX 3,DEX,56.287,10164.73364801079,10254.76439790576
2026-10-08 09:03:23,7800.0,7850.75,Put CEX 2,CEX,-517933.351,10164.73364801079,10254.76439790576
2026-10-08 09:03:23,7800.0,7850.75,Call GEX 1,GEX,361896.738,10164.73364801079,10254.76439790576
2026-10-08 09:03:23,7800.0,7850.75,Put VEX 4,VEX,-308223.634,10164.73364801079,10254.76439790576
2026-10-08 09:03:23,7825.0,7876.0,Put CEX 5,CEX,-237383.977,10164.73364801079,10254.76439790576
2026-10-08 09:03:23,7825.0,7876.0,Call DEX 5,DEX,32.749,10164.73364801079,10254.76439790576
2026-10-08 09:03:23,7825.0,7876.0,Call GEX 2,GEX,346704.388,10164.73364801079,10254.76439790576
2026-10-08 09:03:23,7850.0,7901.0,Put CEX 3,CEX,-381465.39,10164.73364801079,10254.76439790576
2026-10-08 09:03:23,7850.0,7901.0,Call GEX 3,GEX,345926.824,10164.73364801079,10254.76439790576
2026-10-08 09:03:23,7850.0,7901.0,Put VEX 3,VEX,-357651.15,10164.73364801079,10254.76439790576
2026-10-08 09:03:23,7870.0,7921.25,Call GEX 5,GEX,235994.181,10164.73364801079,10254.76439790576
2026-10-08 09:03:23,7900.0,7951.25,Put CEX 4,CEX,-377955.336,10164.73364801079,10254.76439790576
2026-10-08 09:03:23,7900.0,7951.25,Call GEX 4,GEX,302424.252,10164.73364801079,10254.76439790576
2026-10-08 09:03:23,7900.0,7951.25,Put VEX 2,VEX,-410793.198,10164.73364801079,10254.76439790576
2026-10-08 09:03:23,7950.0,8001.75,Put VEX 5,VEX,-225295.833,10164.73364801079,10254.76439790576
2026-10-08 09:03:23,8000.0,8052.0,Put CEX 1,CEX,-3101501.394,10164.73364801079,10254.76439790576
2026-10-08 09:03:23,8000.0,8052.0,Put DEX 1,DEX,-1358.406,10164.73364801079,10254.76439790576
2026-10-08 09:03:23,8000.0,8052.0,Put GEX 1,GEX,-488843.134,10164.73364801079,10254.76439790576
2026-10-08 09:03:23,8000.0,8052.0,Put VEX 1,VEX,-3904101.776,10164.73364801079,10254.76439790576
2026-10-08 09:03:23,8250.0,8303.75,Put DEX 2,DEX,-25.449,10164.73364801079,10254.76439790576
2026-10-08 09:04:13,7000.0,7045.25,Call CEX 1,CEX,438349.57,10087.826736370424,10350.828451882846
2026-10-08 09:04:13,7000.0,7045.25,Put DEX 4,DEX,-11.741,10087.826736370424,10350.828451882846
2026-10-08 09:04:13,7000.0,7045.25,Call VEX 2,VEX,620087.332,10087.826736370424,10350.828451882846
2026-10-08 09:04:13,7500.0,7548.5,Call CEX 5,CEX,326748.545,10087.826736370424,10350.828451882846
2026-10-08 09:04:13,7500.0,7548.5,Put DEX 3,DEX,-16.889,10087.826736370424,10350.828451882846
2026-10-08 09:04:13,7500.0,7548.5,Put GEX 3,GEX,-165530.244,10087.826736370424,10350.828451882846
2026-10-08 09:04:13,7500.0,7548.5,Call VEX 5,VEX,474394.455,10087.826736370424,10350.828451882846
2026-10-08 09:04:13,7600.0,7649.0,Call CEX 2,CEX,422627.036,10087.826736370424,10350.828451882846
2026-10-08 09:04:13,7600.0,7649.0,Call DEX 1,DEX,74.4,10087.826736370424,10350.828451882846
2026-10-08 09:04:13,7600.0,7649.0,Put GEX 4,GEX,-145526.933,10087.826736370424,10350.828451882846
2026-10-08 09:04:13,7600.0,7649.0,Call VEX 3,VEX,613923.302,10087.826736370424,10350.828451882846
2026-10-08 09:04:13,7630.0,7679.25,Call DEX 4,DEX,44.076,10087.826736370424,10350.828451882846
2026-10-08 09:04:13,7650.0,7699.25,Call CEX 4,CEX,403333.596,10087.826736370424,10350.828451882846
2026-10-08 09:04:13,7650.0,7699.25,Put GEX 2,GEX,-213444.877,10087.826736370424,10350.828451882846
2026-10-08 09:04:13,7650.0,7699.25,Call VEX 4,VEX,543995.517,10087.826736370424,10350.828451882846
2026-10-08 09:04:13,7700.0,7749.75,Call CEX 3,CEX,407248.323,10087.826736370424,10350.828451882846
2026-10-08 09:04:13,7700.0,7749.75,Call DEX 2,DEX,72.748,10087.826736370424,10350.828451882846
2026-10-08 09:04:13,7700.0,7749.75,Put GEX 5,GEX,-113983.392,10087.826736370424,10350.828451882846
2026-10-08 09:04:13,7700.0,7749.75,Call VEX 1,VEX,695128.753,10087.826736370424,10350.828451882846
2026-10-08 09:04:13,7750.0,7800.0,Call DEX 3,DEX,55.438,10087.826736370424,10350.828451882846
2026-10-08 09:04:13,7800.0,7850.25,Put CEX 2,CEX,-525652.705,10087.826736370424,10350.828451882846
2026-10-08 09:04:13,7800.0,7850.25,Call GEX 1,GEX,359366.884,10087.826736370424,10350.828451882846
2026-10-08 09:04:13,7800.0,7850.25,Put VEX 4,VEX,-317442.982,10087.826736370424,10350.828451882846
2026-10-08 09:04:13,7825.0,7875.5,Put CEX 5,CEX,-238679.389,10087.826736370424,10350.828451882846
2026-10-08 09:04:13,7825.0,7875.5,Call DEX 5,DEX,32.44,10087.826736370424,10350.828451882846
2026-10-08 09:04:13,7825.0,7875.5,Call GEX 2,GEX,345115.431,10087.826736370424,10350.828451882846
2026-10-08 09:04:13,7850.0,7900.75,Put CEX 3,CEX,-382092.661,10087.826736370424,10350.828451882846
2026-10-08 09:04:13,7850.0,7900.75,Call GEX 3,GEX,343675.805,10087.826736370424,10350.828451882846
2026-10-08 09:04:13,7850.0,7900.75,Put VEX 3,VEX,-359015.37,10087.826736370424,10350.828451882846
2026-10-08 09:04:13,7870.0,7920.75,Call GEX 5,GEX,234560.513,10087.826736370424,10350.828451882846
2026-10-08 09:04:13,7900.0,7951.0,Put CEX 4,CEX,-377266.679,10087.826736370424,10350.828451882846
2026-10-08 09:04:13,7900.0,7951.0,Call GEX 4,GEX,300461.161,10087.826736370424,10350.828451882846
2026-10-08 09:04:13,7900.0,7951.0,Put VEX 2,VEX,-410313.218,10087.826736370424,10350.828451882846
2026-10-08 09:04:13,7950.0,8001.25,Put VEX 5,VEX,-224093.707,10087.826736370424,10350.828451882846
2026-10-08 09:04:13,8000.0,8051.5,Put CEX 1,CEX,-3083095.257,10087.826736370424,10350.828451882846
2026-10-08 09:04:13,8000.0,8051.5,Put DEX 1,DEX,-1359.497,10087.826736370424,10350.828451882846
2026-10-08 09:04:13,8000.0,8051.5,Put GEX 1,GEX,-495001.513,10087.826736370424,10350.828451882846
2026-10-08 09:04:13,8000.0,8051.5,Put VEX 1,VEX,-3881366.487,10087.826736370424,10350.828451882846
2026-10-08 09:04:13,8100.0,8152.25,Put DEX 5,DEX,-5.348,10087.826736370424,10350.828451882846
2026-10-08 09:04:13,8250.0,8303.25,Put DEX 2,DEX,-25.485,10087.826736370424,10350.828451882846
2026-10-08 09:05:02,7000.0,7045.25,Call CEX 1,CEX,438504.51,9484.432967192844,9622.853343465044
2026-10-08 09:05:02,7000.0,7045.25,Put DEX 4,DEX,-11.745,9484.432967192844,9622.853343465044
2026-10-08 09:05:02,7000.0,7045.25,Call VEX 2,VEX,620236.234,9484.432967192844,9622.853343465044
2026-10-08 09:05:02,7400.0,7448.0,Put DEX 5,DEX,-5.313,9484.432967192844,9622.853343465044
2026-10-08 09:05:02,7500.0,7548.5,Call CEX 5,CEX,329044.965,9484.432967192844,9622.853343465044
2026-10-08 09:05:02,7500.0,7548.5,Put DEX 3,DEX,-17.178,9484.432967192844,9622.853343465044
2026-10-08 09:05:02,7500.0,7548.5,Put GEX 3,GEX,-166945.94,9484.432967192844,9622.853343465044
2026-10-08 09:05:02,7500.0,7548.5,Call VEX 5,VEX,477806.148,9484.432967192844,9622.853343465044
2026-10-08 09:05:02,7600.0,7649.25,Call CEX 2,CEX,422606.147,9484.432967192844,9622.853343465044
2026-10-08 09:05:02,7600.0,7649.25,Call DEX 1,DEX,73.957,9484.432967192844,9622.853343465044
2026-10-08 09:05:02,7600.0,7649.25,Put GEX 4,GEX,-146815.78,9484.432967192844,9622.853343465044
2026-10-08 09:05:02,7600.0,7649.25,Call VEX 3,VEX,613817.714,9484.432967192844,9622.853343465044
2026-10-08 09:05:02,7630.0,7679.5,Call DEX 4,DEX,44.042,9484.432967192844,9622.853343465044
2026-10-08 09:05:02,7650.0,7699.5,Call CEX 4,CEX,402454.572,9484.432967192844,9622.853343465044
2026-10-08 09:05:02,7650.0,7699.5,Put GEX 2,GEX,-214580.62,9484.432967192844,9622.853343465044
2026-10-08 09:05:02,7650.0,7699.5,Call VEX 4,VEX,543295.177,9484.432967192844,9622.853343465044
2026-10-08 09:05:02,7700.0,7749.75,Call CEX 3,CEX,405610.693,9484.432967192844,9622.853343465044
2026-10-08 09:05:02,7700.0,7749.75,Call DEX 2,DEX,72.39,9484.432967192844,9622.853343465044
2026-10-08 09:05:02,7700.0,7749.75,Put GEX 5,GEX,-112355.429,9484.432967192844,9622.853343465044
2026-10-08 09:05:02,7700.0,7749.75,Call VEX 1,VEX,693385.581,9484.432967192844,9622.853343465044
2026-10-08 09:05:02,7750.0,7800.25,Call DEX 3,DEX,54.796,9484.432967192844,9622.853343465044
2026-10-08 09:05:02,7800.0,7850.5,Put CEX 2,CEX,-530150.575,9484.432967192844,9622.853343465044
2026-10-08 09:05:02,7800.0,7850.5,Call GEX 1,GEX,361314.832,9484.432967192844,9622.853343465044
2026-10-08 09:05:02,7800.0,7850.5,Put VEX 4,VEX,-323344.393,9484.432967192844,9622.853343465044
2026-10-08 09:05:02,7825.0,7875.75,Put CEX 5,CEX,-239661.158,9484.432967192844,9622.853343465044
2026-10-08 09:05:02,7825.0,7875.75,Call DEX 5,DEX,32.212,9484.432967192844,9622.853343465044
2026-10-08 09:05:02,7825.0,7875.75,Call GEX 2,GEX,344440.524,9484.432967192844,9622.853343465044
2026-10-08 09:05:02,7850.0,7900.75,Put CEX 3,CEX,-382511.868,9484.432967192844,9622.853343465044
2026-10-08 09:05:02,7850.0,7900.75,Call GEX 3,GEX,342574.854,9484.432967192844,9622.853343465044
2026-10-08 09:05:02,7850.0,7900.75,Put VEX 3,VEX,-359928.516,9484.432967192844,9622.853343465044
2026-10-08 09:05:02,7870.0,7921.0,Call GEX 5,GEX,233599.456,9484.432967192844,9622.853343465044
2026-10-08 09:05:02,7900.0,7951.25,Put CEX 4,CEX,-376224.105,9484.432967192844,9622.853343465044
2026-10-08 09:05:02,7900.0,7951.25,Call GEX 4,GEX,298842.53,9484.432967192844,9622.853343465044
2026-10-08 09:05:02,7900.0,7951.25,Put VEX 2,VEX,-409614.676,9484.432967192844,9622.853343465044
2026-10-08 09:05:02,7950.0,8001.5,Put VEX 5,VEX,-223668.354,9484.432967192844,9622.853343465044
2026-10-08 09:05:02,8000.0,8051.75,Put CEX 1,CEX,-3083017.399,9484.432967192844,9622.853343465044
2026-10-08 09:05:02,8000.0,8051.75,Put DEX 1,DEX,-1359.209,9484.432967192844,9622.853343465044
2026-10-08 09:05:02,8000.0,8051.75,Put GEX 1,GEX,-495761.199,9484.432967192844,9622.853343465044
2026-10-08 09:05:02,8000.0,8051.75,Put VEX 1,VEX,-3881686.276,9484.432967192844,9622.853343465044
2026-10-08 09:05:02,8250.0,8303.5,Put DEX 2,DEX,-25.444,9484.432967192844,9622.853343465044
2026-10-08 09:05:51,7000.0,7046.25,Call CEX 1,CEX,438463.733,9485.924909391604,9620.188016332731
2026-10-08 09:05:51,7000.0,7046.25,Put DEX 3,DEX,-11.743,9485.924909391604,9620.188016332731
2026-10-08 09:05:51,7000.0,7046.25,Call VEX 2,VEX,620148.152,9485.924909391604,9620.188016332731
2026-10-08 09:05:51,7400.0,7448.75,Put DEX 4,DEX,-5.302,9485.924909391604,9620.188016332731
2026-10-08 09:05:51,7500.0,7549.5,Call CEX 5,CEX,340402.73,9485.924909391604,9620.188016332731
2026-10-08 09:05:51,7500.0,7549.5,Call DEX 4,DEX,54.422,9485.924909391604,9620.188016332731
2026-10-08 09:05:51,7500.0,7549.5,Put GEX 3,GEX,-159501.802,9485.924909391604,9620.188016332731
2026-10-08 09:05:51,7500.0,7549.5,Call VEX 5,VEX,494860.369,9485.924909391604,9620.188016332731
2026-10-08 09:05:51,7600.0,7650.25,Call CEX 2,CEX,423828.513,9485.924909391604,9620.188016332731
2026-10-08 09:05:51,7600.0,7650.25,Call DEX 1,DEX,73.772,9485.924909391604,9620.188016332731
2026-10-08 09:05:51,7600.0,7650.25,Put GEX 4,GEX,-144555.501,9485.924909391604,9620.188016332731
2026-10-08 09:05:51,7600.0,7650.25,Call VEX 3,VEX,615862.075,9485.924909391604,9620.188016332731
2026-10-08 09:05:51,7630.0,7680.5,Call DEX 5,DEX,43.954,9485.924909391604,9620.188016332731
2026-10-08 09:05:51,7650.0,7700.5,Call CEX 4,CEX,403996.512,9485.924909391604,9620.188016332731
2026-10-08 09:05:51,7650.0,7700.5,Put GEX 2,GEX,-212882.202,9485.924909391604,9620.188016332731
2026-10-08 09:05:51,7650.0,7700.5,Call VEX 4,VEX,544549.527,9485.924909391604,9620.188016332731
2026-10-08 09:05:51,7700.0,7750.75,Call CEX 3,CEX,406674.455,9485.924909391604,9620.188016332731
2026-10-08 09:05:51,7700.0,7750.75,Call DEX 2,DEX,72.526,9485.924909391604,9620.188016332731
2026-10-08 09:05:51,7700.0,7750.75,Put GEX 5,GEX,-114259.76,9485.924909391604,9620.188016332731
2026-10-08 09:05:51,7700.0,7750.75,Call VEX 1,VEX,694433.53,9485.924909391604,9620.188016332731
2026-10-08 09:05:51,7750.0,7801.25,Call DEX 3,DEX,55.079,9485.924909391604,9620.188016332731
2026-10-08 09:05:51,7800.0,7851.5,Put CEX 2,CEX,-527461.977,9485.924909391604,9620.188016332731
2026-10-08 09:05:51,7800.0,7851.5,Call GEX 1,GEX,354135.651,9485.924909391604,9620.188016332731
2026-10-08 09:05:51,7800.0,7851.5,Put VEX 4,VEX,-319769.736,9485.924909391604,9620.188016332731
2026-10-08 09:05:51,7825.0,7876.75,Put CEX 5,CEX,-238616.393,9485.924909391604,9620.188016332731
2026-10-08 09:05:51,7825.0,7876.75,Call GEX 2,GEX,343677.931,9485.924909391604,9620.188016332731
2026-10-08 09:05:51,7850.0,7901.75,Put CEX 3,CEX,-382135.714,9485.924909391604,9620.188016332731
2026-10-08 09:05:51,7850.0,7901.75,Call GEX 3,GEX,342527.137,9485.924909391604,9620.188016332731
2026-10-08 09:05:51,7850.0,7901.75,Put VEX 3,VEX,-359198.6,9485.924909391604,9620.188016332731
2026-10-08 09:05:51,7870.0,7922.0,Call GEX 5,GEX,234061.055,9485.924909391604,9620.188016332731
2026-10-08 09:05:51,7900.0,7952.25,Put CEX 4,CEX,-377311.725,9485.924909391604,9620.188016332731
2026-10-08 09:05:51,7900.0,7952.25,Call GEX 4,GEX,300048.456,9485.924909391604,9620.188016332731
2026-10-08 09:05:51,7900.0,7952.25,Put VEX 2,VEX,-410403.185,9485.924909391604,9620.188016332731
2026-10-08 09:05:51,7950.0,8002.5,Put VEX 5,VEX,-224475.081,9485.924909391604,9620.188016332731
2026-10-08 09:05:51,8000.0,8052.75,Put CEX 1,CEX,-3051602.817,9485.924909391604,9620.188016332731
2026-10-08 09:05:51,8000.0,8052.75,Put DEX 1,DEX,-1364.237,9485.924909391604,9620.188016332731
2026-10-08 09:05:51,8000.0,8052.75,Put GEX 1,GEX,-476636.278,9485.924909391604,9620.188016332731
2026-10-08 09:05:51,8000.0,8052.75,Put VEX 1,VEX,-3841287.139,9485.924909391604,9620.188016332731
2026-10-08 09:05:51,8100.0,8153.5,Put DEX 5,DEX,-5.255,9485.924909391604,9620.188016332731
2026-10-08 09:05:51,8250.0,8304.5,Put DEX 2,DEX,-25.534,9485.924909391604,9620.188016332731
2026-10-08 09:06:39,7000.0,7046.0,Call CEX 1,CEX,438024.452,10179.9977373006,10229.83462706716
2026-10-08 09:06:39,7000.0,7046.0,Put DEX 3,DEX,-11.732,10179.9977373006,10229.83462706716
2026-10-08 09:06:39,7000.0,7046.0,Call VEX 2,VEX,619688.998,10179.9977373006,10229.83462706716
2026-10-08 09:06:39,7400.0,7448.5,Put DEX 5,DEX,-5.263,10179.9977373006,10229.83462706716
2026-10-08 09:06:39,7500.0,7549.25,Call CEX 5,CEX,346301.871,10179.9977373006,10229.83462706716
2026-10-08 09:06:39,7500.0,7549.25,Call DEX 4,DEX,54.227,10179.9977373006,10229.83462706716
2026-10-08 09:06:39,7500.0,7549.25,Put GEX 3,GEX,-156094.507,10179.9977373006,10229.83462706716
2026-10-08 09:06:39,7500.0,7549.25,Call VEX 5,VEX,503663.65,10179.9977373006,10229.83462706716
2026-10-08 09:06:39,7600.0,7649.75,Call CEX 2,CEX,424630.294,10179.9977373006,10229.83462706716
2026-10-08 09:06:39,7600.0,7649.75,Call DEX 1,DEX,73.618,10179.9977373006,10229.83462706716
2026-10-08 09:06:39,7600.0,7649.75,Put GEX 4,GEX,-143361.416,10179.9977373006,10229.83462706716
2026-10-08 09:06:39,7600.0,7649.75,Call VEX 3,VEX,617078.407,10179.9977373006,10229.83462706716
2026-10-08 09:06:39,7630.0,7680.0,Call DEX 5,DEX,44.064,10179.9977373006,10229.83462706716
2026-10-08 09:06:39,7650.0,7700.25,Call CEX 4,CEX,400978.033,10179.9977373006,10229.83462706716
2026-10-08 09:06:39,7650.0,7700.25,Put GEX 2,GEX,-214327.213,10179.9977373006,10229.83462706716
2026-10-08 09:06:39,7650.0,7700.25,Call VEX 4,VEX,542094.061,10179.9977373006,10229.83462706716
2026-10-08 09:06:39,7700.0,7750.5,Call CEX 3,CEX,408458.514,10179.9977373006,10229.83462706716
2026-10-08 09:06:39,7700.0,7750.5,Call DEX 2,DEX,73.158,10179.9977373006,10229.83462706716
2026-10-08 09:06:39,7700.0,7750.5,Put GEX 5,GEX,-113638.249,10179.9977373006,10229.83462706716
2026-10-08 09:06:39,7700.0,7750.5,Call VEX 1,VEX,696664.5,10179.9977373006,10229.83462706716
2026-10-08 09:06:39,7750.0,7800.75,Call DEX 3,DEX,55.599,10179.9977373006,10229.83462706716
2026-10-08 09:06:39,7800.0,7851.25,Put CEX 2,CEX,-522922.652,10179.9977373006,10229.83462706716
2026-10-08 09:06:39,7800.0,7851.25,Call GEX 1,GEX,356548.061,10179.9977373006,10229.83462706716
2026-10-08 09:06:39,7800.0,7851.25,Put VEX 4,VEX,-314331.209,10179.9977373006,10229.83462706716
2026-10-08 09:06:39,7825.0,7876.25,Put CEX 5,CEX,-238212.717,10179.9977373006,10229.83462706716
2026-10-08 09:06:39,7825.0,7876.25,Call GEX 2,GEX,345369.002,10179.9977373006,10229.83462706716
2026-10-08 09:06:39,7850.0,7901.5,Put CEX 3,CEX,-381863.593,10179.9977373006,10229.83462706716
2026-10-08 09:06:39,7850.0,7901.5,Call GEX 3,GEX,343930.456,10179.9977373006,10229.83462706716
2026-10-08 09:06:39,7850.0,7901.5,Put VEX 3,VEX,-358483.604,10179.9977373006,10229.83462706716
2026-10-08 09:06:39,7870.0,7921.5,Call GEX 5,GEX,234999.158,10179.9977373006,10229.83462706716
2026-10-08 09:06:39,7900.0,7951.75,Put CEX 4,CEX,-377712.868,10179.9977373006,10229.83462706716
2026-10-08 09:06:39,7900.0,7951.75,Call GEX 4,GEX,301179.982,10179.9977373006,10229.83462706716
2026-10-08 09:06:39,7900.0,7951.75,Put VEX 2,VEX,-410639.706,10179.9977373006,10229.83462706716
2026-10-08 09:06:39,7950.0,8002.0,Put VEX 5,VEX,-224631.046,10179.9977373006,10229.83462706716
2026-10-08 09:06:39,8000.0,8052.5,Put CEX 1,CEX,-3054942.631,10179.9977373006,10229.83462706716
2026-10-08 09:06:39,8000.0,8052.5,Put DEX 1,DEX,-1363.996,10179.9977373006,10229.83462706716
2026-10-08 09:06:39,8000.0,8052.5,Put GEX 1,GEX,-477957.187,10179.9977373006,10229.83462706716
2026-10-08 09:06:39,8000.0,8052.5,Put VEX 1,VEX,-3844845.141,10179.9977373006,10229.83462706716
2026-10-08 09:06:39,8100.0,8153.0,Put DEX 4,DEX,-5.284,10179.9977373006,10229.83462706716
2026-10-08 09:06:39,8250.0,8304.0,Put DEX 2,DEX,-25.506,10179.9977373006,10229.83462706716
2026-10-08 09:07:27,7000.0,7046.0,Call CEX 1,CEX,429622.485,10199.5494427318,10200.647580095432
2026-10-08 09:07:27,7000.0,7046.0,Put DEX 3,DEX,-11.422,10199.5494427318,10200.647580095432
2026-10-08 09:07:27,7000.0,7046.0,Call VEX 3,VEX,607679.608,10199.5494427318,10200.647580095432
2026-10-08 09:07:27,7400.0,7448.5,Put DEX 4,DEX,-6.112,10199.5494427318,10200.647580095432
2026-10-08 09:07:27,7500.0,7549.25,Call CEX 5,CEX,349492.43,10199.5494427318,10200.647580095432
2026-10-08 09:07:27,7500.0,7549.25,Call DEX 4,DEX,54.109,10199.5494427318,10200.647580095432
2026-10-08 09:07:27,7500.0,7549.25,Put GEX 3,GEX,-154119.214,10199.5494427318,10200.647580095432
2026-10-08 09:07:27,7500.0,7549.25,Call VEX 5,VEX,508465.906,10199.5494427318,10200.647580095432
2026-10-08 09:07:27,7600.0,7649.75,Call CEX 2,CEX,425005.826,10199.5494427318,10200.647580095432
2026-10-08 09:07:27,7600.0,7649.75,Call DEX 1,DEX,73.557,10199.5494427318,10200.647580095432
2026-10-08 09:07:27,7600.0,7649.75,Put GEX 4,GEX,-142705.024,10199.5494427318,10200.647580095432
2026-10-08 09:07:27,7600.0,7649.75,Call VEX 2,VEX,617584.837,10199.5494427318,10200.647580095432
2026-10-08 09:07:27,7630.0,7680.0,Call DEX 5,DEX,43.928,10199.5494427318,10200.647580095432
2026-10-08 09:07:27,7650.0,7700.25,Call CEX 4,CEX,403913.7,10199.5494427318,10200.647580095432
2026-10-08 09:07:27,7650.0,7700.25,Put GEX 2,GEX,-211675.427,10199.5494427318,10200.647580095432
2026-10-08 09:07:27,7650.0,7700.25,Call VEX 4,VEX,544260.913,10199.5494427318,10200.647580095432
2026-10-08 09:07:27,7700.0,7750.5,Call CEX 3,CEX,408346.415,10199.5494427318,10200.647580095432
2026-10-08 09:07:27,7700.0,7750.5,Call DEX 2,DEX,72.781,10199.5494427318,10200.647580095432
2026-10-08 09:07:27,7700.0,7750.5,Put GEX 5,GEX,-115045.058,10199.5494427318,10200.647580095432
2026-10-08 09:07:27,7700.0,7750.5,Call VEX 1,VEX,695532.156,10199.5494427318,10200.647580095432
2026-10-08 09:07:27,7750.0,7800.75,Call DEX 3,DEX,55.865,10199.5494427318,10200.647580095432
2026-10-08 09:07:27,7800.0,7851.25,Put CEX 2,CEX,-519442.369,10199.5494427318,10200.647580095432
2026-10-08 09:07:27,7800.0,7851.25,Call GEX 1,GEX,352507.177,10199.5494427318,10200.647580095432
2026-10-08 09:07:27,7800.0,7851.25,Put VEX 4,VEX,-310319.521,10199.5494427318,10200.647580095432
2026-10-08 09:07:27,7825.0,7876.25,Put CEX 5,CEX,-237269.93,10199.5494427318,10200.647580095432
2026-10-08 09:07:27,7825.0,7876.25,Call GEX 2,GEX,344838.913,10199.5494427318,10200.647580095432
2026-10-08 09:07:27,7850.0,7901.5,Put CEX 3,CEX,-381218.75,10199.5494427318,10200.647580095432
2026-10-08 09:07:27,7850.0,7901.5,Call GEX 3,GEX,343725.789,10199.5494427318,10200.647580095432
2026-10-08 09:07:27,7850.0,7901.5,Put VEX 3,VEX,-357471.234,10199.5494427318,10200.647580095432
2026-10-08 09:07:27,7870.0,7921.5,Call GEX 5,GEX,235481.197,10199.5494427318,10200.647580095432
2026-10-08 09:07:27,7900.0,7951.75,Put CEX 4,CEX,-378849.471,10199.5494427318,10200.647580095432
2026-10-08 09:07:27,7900.0,7951.75,Call GEX 4,GEX,302486.768,10199.5494427318,10200.647580095432
2026-10-08 09:07:27,7900.0,7951.75,Put VEX 2,VEX,-411491.819,10199.5494427318,10200.647580095432
2026-10-08 09:07:27,7950.0,8002.0,Put VEX 5,VEX,-225880.843,10199.5494427318,10200.647580095432
2026-10-08 09:07:27,8000.0,8052.5,Put CEX 1,CEX,-3056584.341,10199.5494427318,10200.647580095432
2026-10-08 09:07:27,8000.0,8052.5,Put DEX 1,DEX,-1363.937,10199.5494427318,10200.647580095432
2026-10-08 09:07:27,8000.0,8052.5,Put GEX 1,GEX,-478452.282,10199.5494427318,10200.647580095432
2026-10-08 09:07:27,8000.0,8052.5,Put VEX 1,VEX,-3846389.954,10199.5494427318,10200.647580095432
2026-10-08 09:07:27,8100.0,8153.0,Put DEX 5,DEX,-5.269,10199.5494427318,10200.647580095432
2026-10-08 09:07:27,8250.0,8304.0,Put DEX 2,DEX,-25.552,10199.5494427318,10200.647580095432
2026-10-08 09:08:16,7000.0,7045.75,Call CEX 1,CEX,438119.164,10147.619047619048,10269.847074468084
2026-10-08 09:08:16,7000.0,7045.75,Put DEX 3,DEX,-11.734,10147.619047619048,10269.847074468084
2026-10-08 09:08:16,7000.0,7045.75,Call VEX 2,VEX,619727.591,10147.619047619048,10269.847074468084
2026-10-08 09:08:16,7400.0,7448.5,Put DEX 5,DEX,-5.266,10147.619047619048,10269.847074468084
2026-10-08 09:08:16,7500.0,7549.0,Call CEX 5,CEX,330491.694,10147.619047619048,10269.847074468084
2026-10-08 09:08:16,7500.0,7549.0,Call DEX 4,DEX,54.694,10147.619047619048,10269.847074468084
2026-10-08 09:08:16,7500.0,7549.0,Put GEX 3,GEX,-164619.72,10147.619047619048,10269.847074468084
2026-10-08 09:08:16,7500.0,7549.0,Call VEX 5,VEX,479913.237,10147.619047619048,10269.847074468084
2026-10-08 09:08:16,7600.0,7649.75,Call CEX 2,CEX,424593.147,10147.619047619048,10269.847074468084
2026-10-08 09:08:16,7600.0,7649.75,Call DEX 1,DEX,73.542,10147.619047619048,10269.847074468084
2026-10-08 09:08:16,7600.0,7649.75,Put GEX 4,GEX,-144137.736,10147.619047619048,10269.847074468084
2026-10-08 09:08:16,7600.0,7649.75,Call VEX 3,VEX,616925.808,10147.619047619048,10269.847074468084
2026-10-08 09:08:16,7630.0,7680.0,Call DEX 5,DEX,43.938,10147.619047619048,10269.847074468084
2026-10-08 09:08:16,7650.0,7700.0,Call CEX 4,CEX,402975.762,10147.619047619048,10269.847074468084
2026-10-08 09:08:16,7650.0,7700.0,Put GEX 2,GEX,-213258.693,10147.619047619048,10269.847074468084
2026-10-08 09:08:16,7650.0,7700.0,Call VEX 4,VEX,543503.894,10147.619047619048,10269.847074468084
2026-10-08 09:08:16,7700.0,7750.5,Call CEX 3,CEX,406905.16,10147.619047619048,10269.847074468084
2026-10-08 09:08:16,7700.0,7750.5,Call DEX 2,DEX,72.508,10147.619047619048,10269.847074468084
2026-10-08 09:08:16,7700.0,7750.5,Put GEX 5,GEX,-113718.718,10147.619047619048,10269.847074468084
2026-10-08 09:08:16,7700.0,7750.5,Call VEX 1,VEX,694142.544,10147.619047619048,10269.847074468084
2026-10-08 09:08:16,7750.0,7800.75,Call DEX 3,DEX,55.315,10147.619047619048,10269.847074468084
2026-10-08 09:08:16,7800.0,7851.0,Put CEX 2,CEX,-524248.663,10147.619047619048,10269.847074468084
2026-10-08 09:08:16,7800.0,7851.0,Call GEX 1,GEX,357346.461,10147.619047619048,10269.847074468084
2026-10-08 09:08:16,7800.0,7851.0,Put VEX 4,VEX,-316398.717,10147.619047619048,10269.847074468084
2026-10-08 09:08:16,7825.0,7876.25,Put CEX 5,CEX,-238554.428,10147.619047619048,10269.847074468084
2026-10-08 09:08:16,7825.0,7876.25,Call GEX 2,GEX,344835.853,10147.619047619048,10269.847074468084
2026-10-08 09:08:16,7850.0,7901.5,Put CEX 3,CEX,-381871.814,10147.619047619048,10269.847074468084
2026-10-08 09:08:16,7850.0,7901.5,Call GEX 3,GEX,343352.596,10147.619047619048,10269.847074468084
2026-10-08 09:08:16,7850.0,7901.5,Put VEX 3,VEX,-358627.413,10147.619047619048,10269.847074468084
2026-10-08 09:08:16,7870.0,7921.5,Call GEX 5,GEX,234497.303,10147.619047619048,10269.847074468084
2026-10-08 09:08:16,7900.0,7951.75,Put CEX 4,CEX,-377621.758,10147.619047619048,10269.847074468084
2026-10-08 09:08:16,7900.0,7951.75,Call GEX 4,GEX,300701.733,10147.619047619048,10269.847074468084
2026-10-08 09:08:16,7900.0,7951.75,Put VEX 2,VEX,-410574.314,10147.619047619048,10269.847074468084
2026-10-08 09:08:16,7950.0,8002.0,Put VEX 5,VEX,-224548.507,10147.619047619048,10269.847074468084
2026-10-08 09:08:16,8000.0,8052.25,Put CEX 1,CEX,-3071752.018,10147.619047619048,10269.847074468084
2026-10-08 09:08:16,8000.0,8052.25,Put DEX 1,DEX,-1361.424,10147.619047619048,10269.847074468084
2026-10-08 09:08:16,8000.0,8052.25,Put GEX 1,GEX,-487667.404,10147.619047619048,10269.847074468084
2026-10-08 09:08:16,8000.0,8052.25,Put VEX 1,VEX,-3865803.159,10147.619047619048,10269.847074468084
2026-10-08 09:08:16,8100.0,8153.0,Put DEX 4,DEX,-5.294,10147.619047619048,10269.847074468084
2026-10-08 09:08:16,8250.0,8304.0,Put DEX 2,DEX,-25.473,10147.619047619048,10269.847074468084
2026-10-08 09:09:05,7000.0,7046.0,Call CEX 1,CEX,429376.381,9489.201463765276,9613.527348563844
2026-10-08 09:09:05,7000.0,7046.0,Put DEX 3,DEX,-11.411,9489.201463765276,9613.527348563844
2026-10-08 09:09:05,7000.0,7046.0,Call VEX 3,VEX,607307.179,9489.201463765276,9613.527348563844
2026-10-08 09:09:05,7400.0,7448.5,Put DEX 4,DEX,-6.09,9489.201463765276,9613.527348563844
2026-10-08 09:09:05,7500.0,7549.25,Call CEX 5,CEX,330212.49,9489.201463765276,9613.527348563844
2026-10-08 09:09:05,7500.0,7549.25,Call DEX 4,DEX,54.933,9489.201463765276,9613.527348563844
2026-10-08 09:09:05,7500.0,7549.25,Put GEX 3,GEX,-161913.02,9489.201463765276,9613.527348563844
2026-10-08 09:09:05,7500.0,7549.25,Call VEX 5,VEX,479565.274,9489.201463765276,9613.527348563844
2026-10-08 09:09:05,7600.0,7649.75,Call CEX 2,CEX,421964.637,9489.201463765276,9613.527348563844
2026-10-08 09:09:05,7600.0,7649.75,Call DEX 1,DEX,74.319,9489.201463765276,9613.527348563844
2026-10-08 09:09:05,7600.0,7649.75,Put GEX 4,GEX,-143431.506,9489.201463765276,9613.527348563844
2026-10-08 09:09:05,7600.0,7649.75,Call VEX 2,VEX,612822.54,9489.201463765276,9613.527348563844
2026-10-08 09:09:05,7630.0,7680.0,Call DEX 5,DEX,44.132,9489.201463765276,9613.527348563844
2026-10-08 09:09:05,7650.0,7700.25,Call CEX 4,CEX,401909.615,9489.201463765276,9613.527348563844
2026-10-08 09:09:05,7650.0,7700.25,Put GEX 2,GEX,-210984.195,9489.201463765276,9613.527348563844
2026-10-08 09:09:05,7650.0,7700.25,Call VEX 4,VEX,542149.285,9489.201463765276,9613.527348563844
2026-10-08 09:09:05,7700.0,7750.5,Call CEX 3,CEX,412384.157,9489.201463765276,9613.527348563844
2026-10-08 09:09:05,7700.0,7750.5,Call DEX 2,DEX,73.799,9489.201463765276,9613.527348563844
2026-10-08 09:09:05,7700.0,7750.5,Put GEX 5,GEX,-114773.066,9489.201463765276,9613.527348563844
2026-10-08 09:09:05,7700.0,7750.5,Call VEX 1,VEX,699799.985,9489.201463765276,9613.527348563844
2026-10-08 09:09:05,7750.0,7800.75,Call DEX 3,DEX,57.295,9489.201463765276,9613.527348563844
2026-10-08 09:09:05,7800.0,7851.0,Put CEX 2,CEX,-507234.417,9489.201463765276,9613.527348563844
2026-10-08 09:09:05,7800.0,7851.0,Call GEX 1,GEX,355272.928,9489.201463765276,9613.527348563844
2026-10-08 09:09:05,7800.0,7851.0,Put VEX 4,VEX,-295318.25,9489.201463765276,9613.527348563844
2026-10-08 09:09:05,7825.0,7876.25,Put CEX 5,CEX,-235053.242,9489.201463765276,9613.527348563844
2026-10-08 09:09:05,7825.0,7876.25,Call GEX 2,GEX,347239.926,9489.201463765276,9613.527348563844
2026-10-08 09:09:05,7850.0,7901.5,Put CEX 3,CEX,-380300.015,9489.201463765276,9613.527348563844
2026-10-08 09:09:05,7850.0,7901.5,Call GEX 3,GEX,346880.327,9489.201463765276,9613.527348563844
2026-10-08 09:09:05,7850.0,7901.5,Put VEX 3,VEX,-355217.324,9489.201463765276,9613.527348563844
2026-10-08 09:09:05,7870.0,7921.5,Call GEX 5,GEX,237855.391,9489.201463765276,9613.527348563844
2026-10-08 09:09:05,7900.0,7951.75,Put CEX 4,CEX,-380151.368,9489.201463765276,9613.527348563844
2026-10-08 09:09:05,7900.0,7951.75,Call GEX 4,GEX,305785.253,9489.201463765276,9613.527348563844
2026-10-08 09:09:05,7900.0,7951.75,Put VEX 2,VEX,-412281.964,9489.201463765276,9613.527348563844
2026-10-08 09:09:05,7950.0,8002.0,Put VEX 5,VEX,-227256.619,9489.201463765276,9613.527348563844
2026-10-08 09:09:05,8000.0,8052.5,Put CEX 1,CEX,-3106084.52,9489.201463765276,9613.527348563844
2026-10-08 09:09:05,8000.0,8052.5,Put DEX 1,DEX,-1359.815,9489.201463765276,9613.527348563844
2026-10-08 09:09:05,8000.0,8052.5,Put GEX 1,GEX,-473681.631,9489.201463765276,9613.527348563844
2026-10-08 09:09:05,8000.0,8052.5,Put VEX 1,VEX,-3907137.507,9489.201463765276,9613.527348563844
2026-10-08 09:09:05,8100.0,8153.0,Put DEX 5,DEX,-5.263,9489.201463765276,9613.527348563844
2026-10-08 09:09:05,8250.0,8304.0,Put DEX 2,DEX,-25.523,9489.201463765276,9613.527348563844
2026-10-08 09:09:53,7000.0,7046.0,Call CEX 1,CEX,420452.918,8003.772799062393,9271.196742877444
2026-10-08 09:09:53,7000.0,7046.0,Put DEX 4,DEX,-11.085,8003.772799062393,9271.196742877444
2026-10-08 09:09:53,7000.0,7046.0,Call VEX 3,VEX,594636.675,8003.772799062393,9271.196742877444
2026-10-08 09:09:53,7400.0,7448.75,Put DEX 5,DEX,-5.993,8003.772799062393,9271.196742877444
2026-10-08 09:09:53,7500.0,7549.25,Call CEX 5,CEX,322948.031,8003.772799062393,9271.196742877444
2026-10-08 09:09:53,7500.0,7549.25,Put DEX 3,DEX,-18.395,8003.772799062393,9271.196742877444
2026-10-08 09:09:53,7500.0,7549.25,Put GEX 3,GEX,-163057.602,8003.772799062393,9271.196742877444
2026-10-08 09:09:53,7500.0,7549.25,Call VEX 5,VEX,468576.172,8003.772799062393,9271.196742877444
2026-10-08 09:09:53,7600.0,7650.0,Call CEX 3,CEX,418637.225,8003.772799062393,9271.196742877444
2026-10-08 09:09:53,7600.0,7650.0,Call DEX 2,DEX,75.198,8003.772799062393,9271.196742877444
2026-10-08 09:09:53,7600.0,7650.0,Put GEX 4,GEX,-143131.201,8003.772799062393,9271.196742877444
2026-10-08 09:09:53,7600.0,7650.0,Call VEX 2,VEX,607651.875,8003.772799062393,9271.196742877444
2026-10-08 09:09:53,7630.0,7680.25,Call DEX 4,DEX,44.429,8003.772799062393,9271.196742877444
2026-10-08 09:09:53,7650.0,7700.25,Call CEX 4,CEX,399280.569,8003.772799062393,9271.196742877444
2026-10-08 09:09:53,7650.0,7700.25,Put GEX 2,GEX,-209730.25,8003.772799062393,9271.196742877444
2026-10-08 09:09:53,7650.0,7700.25,Call VEX 4,VEX,539704.05,8003.772799062393,9271.196742877444
2026-10-08 09:09:53,7700.0,7750.5,Call CEX 2,CEX,419639.534,8003.772799062393,9271.196742877444
2026-10-08 09:09:53,7700.0,7750.5,Call DEX 1,DEX,75.937,8003.772799062393,9271.196742877444
2026-10-08 09:09:53,7700.0,7750.5,Put GEX 5,GEX,-112239.506,8003.772799062393,9271.196742877444
2026-10-08 09:09:53,7700.0,7750.5,Call VEX 1,VEX,708592.732,8003.772799062393,9271.196742877444
2026-10-08 09:09:53,7750.0,7801.0,Call DEX 3,DEX,59.646,8003.772799062393,9271.196742877444
2026-10-08 09:09:53,7800.0,7851.25,Put CEX 2,CEX,-488398.172,8003.772799062393,9271.196742877444
2026-10-08 09:09:53,7800.0,7851.25,Call GEX 1,GEX,364635.719,8003.772799062393,9271.196742877444
2026-10-08 09:09:53,7800.0,7851.25,Put VEX 4,VEX,-271982.683,8003.772799062393,9271.196742877444
2026-10-08 09:09:53,7825.0,7876.5,Put CEX 5,CEX,-232111.405,8003.772799062393,9271.196742877444
2026-10-08 09:09:53,7825.0,7876.5,Call DEX 5,DEX,33.998,8003.772799062393,9271.196742877444
2026-10-08 09:09:53,7825.0,7876.5,Call GEX 3,GEX,352530.442,8003.772799062393,9271.196742877444
2026-10-08 09:09:53,7850.0,7901.5,Put CEX 4,CEX,-378309.077,8003.772799062393,9271.196742877444
2026-10-08 09:09:53,7850.0,7901.5,Call GEX 2,GEX,352756.633,8003.772799062393,9271.196742877444
2026-10-08 09:09:53,7850.0,7901.5,Put VEX 3,VEX,-351223.892,8003.772799062393,9271.196742877444
2026-10-08 09:09:53,7870.0,7921.75,Call GEX 5,GEX,241671.423,8003.772799062393,9271.196742877444
2026-10-08 09:09:53,7900.0,7952.0,Put CEX 3,CEX,-382504.722,8003.772799062393,9271.196742877444
2026-10-08 09:09:53,7900.0,7952.0,Call GEX 4,GEX,311223.214,8003.772799062393,9271.196742877444
2026-10-08 09:09:53,7900.0,7952.0,Put VEX 2,VEX,-413677.888,8003.772799062393,9271.196742877444
2026-10-08 09:09:53,7950.0,8002.25,Put VEX 5,VEX,-229622.32,8003.772799062393,9271.196742877444
2026-10-08 09:09:53,8000.0,8052.5,Put CEX 1,CEX,-3159849.173,8003.772799062393,9271.196742877444
2026-10-08 09:09:53,8000.0,8052.5,Put DEX 1,DEX,-1352.414,8003.772799062393,9271.196742877444
2026-10-08 09:09:53,8000.0,8052.5,Put GEX 1,GEX,-501951.837,8003.772799062393,9271.196742877444
2026-10-08 09:09:53,8000.0,8052.5,Put VEX 1,VEX,-3972721.593,8003.772799062393,9271.196742877444
2026-10-08 09:09:53,8250.0,8304.25,Put DEX 2,DEX,-25.413,8003.772799062393,9271.196742877444
2026-10-08 09:10:42,7000.0,7046.25,Call CEX 2,CEX,420451.874,9492.381191065442,9605.213359825906
2026-10-08 09:10:42,7000.0,7046.25,Put DEX 3,DEX,-11.084,9492.381191065442,9605.213359825906
2026-10-08 09:10:42,7000.0,7046.25,Call VEX 3,VEX,594599.533,9492.381191065442,9605.213359825906
2026-10-08 09:10:42,7400.0,7449.0,Put DEX 4,DEX,-5.948,9492.381191065442,9605.213359825906
2026-10-08 09:10:42,7500.0,7549.75,Call CEX 5,CEX,338360.678,9492.381191065442,9605.213359825906
2026-10-08 09:10:42,7500.0,7549.75,Call DEX 4,DEX,53.089,9492.381191065442,9605.213359825906
2026-10-08 09:10:42,7500.0,7549.75,Put GEX 3,GEX,-153611.068,9492.381191065442,9605.213359825906
2026-10-08 09:10:42,7500.0,7549.75,Call VEX 5,VEX,491756.599,9492.381191065442,9605.213359825906
2026-10-08 09:10:42,7600.0,7650.25,Call CEX 1,CEX,420873.079,9492.381191065442,9605.213359825906
2026-10-08 09:10:42,7600.0,7650.25,Call DEX 2,DEX,74.839,9492.381191065442,9605.213359825906
2026-10-08 09:10:42,7600.0,7650.25,Put GEX 4,GEX,-140205.882,9492.381191065442,9605.213359825906
2026-10-08 09:10:42,7600.0,7650.25,Call VEX 2,VEX,611218.562,9492.381191065442,9605.213359825906
2026-10-08 09:10:42,7630.0,7680.5,Call DEX 5,DEX,44.439,9492.381191065442,9605.213359825906
2026-10-08 09:10:42,7650.0,7700.75,Call CEX 4,CEX,402204.307,9492.381191065442,9605.213359825906
2026-10-08 09:10:42,7650.0,7700.75,Put GEX 2,GEX,-207405.201,9492.381191065442,9605.213359825906
2026-10-08 09:10:42,7650.0,7700.75,Call VEX 4,VEX,542227.906,9492.381191065442,9605.213359825906
2026-10-08 09:10:42,7700.0,7751.0,Call CEX 3,CEX,420227.377,9492.381191065442,9605.213359825906
2026-10-08 09:10:42,7700.0,7751.0,Call DEX 1,DEX,76.026,9492.381191065442,9605.213359825906
2026-10-08 09:10:42,7700.0,7751.0,Put GEX 5,GEX,-114181.007,9492.381191065442,9605.213359825906
2026-10-08 09:10:42,7700.0,7751.0,Call VEX 1,VEX,709157.422,9492.381191065442,9605.213359825906
2026-10-08 09:10:42,7750.0,7801.25,Call DEX 3,DEX,59.789,9492.381191065442,9605.213359825906
2026-10-08 09:10:42,7800.0,7851.75,Put CEX 2,CEX,-487518.825,9492.381191065442,9605.213359825906
2026-10-08 09:10:42,7800.0,7851.75,Call GEX 1,GEX,356059.521,9492.381191065442,9605.213359825906
2026-10-08 09:10:42,7800.0,7851.75,Put VEX 4,VEX,-270529.816,9492.381191065442,9605.213359825906
2026-10-08 09:10:42,7825.0,7876.75,Put CEX 5,CEX,-231534.204,9492.381191065442,9605.213359825906
2026-10-08 09:10:42,7825.0,7876.75,Call GEX 3,GEX,351428.744,9492.381191065442,9605.213359825906
2026-10-08 09:10:42,7850.0,7902.0,Put CEX 4,CEX,-378292.523,9492.381191065442,9605.213359825906
2026-10-08 09:10:42,7850.0,7902.0,Call GEX 2,GEX,352058.611,9492.381191065442,9605.213359825906
2026-10-08 09:10:42,7850.0,7902.0,Put VEX 3,VEX,-351028.823,9492.381191065442,9605.213359825906
2026-10-08 09:10:42,7870.0,7922.25,Call GEX 5,GEX,241872.953,9492.381191065442,9605.213359825906
2026-10-08 09:10:42,7900.0,7952.25,Put CEX 3,CEX,-382829.811,9492.381191065442,9605.213359825906
2026-10-08 09:10:42,7900.0,7952.25,Call GEX 4,GEX,311642.015,9492.381191065442,9605.213359825906
2026-10-08 09:10:42,7900.0,7952.25,Put VEX 2,VEX,-413962.835,9492.381191065442,9605.213359825906
2026-10-08 09:10:42,7950.0,8002.75,Put VEX 5,VEX,-229420.582,9492.381191065442,9605.213359825906
2026-10-08 09:10:42,8000.0,8053.0,Put CEX 1,CEX,-3106729.095,9492.381191065442,9605.213359825906
2026-10-08 09:10:42,8000.0,8053.0,Put DEX 1,DEX,-1360.935,9492.381191065442,9605.213359825906
2026-10-08 09:10:42,8000.0,8053.0,Put GEX 1,GEX,-470688.859,9492.381191065442,9605.213359825906
2026-10-08 09:10:42,8000.0,8053.0,Put VEX 1,VEX,-3905324.774,9492.381191065442,9605.213359825906
2026-10-08 09:10:42,8100.0,8153.75,Put DEX 5,DEX,-5.221,9492.381191065442,9605.213359825906
2026-10-08 09:10:42,8250.0,8304.75,Put DEX 2,DEX,-25.527,9492.381191065442,9605.213359825906
2026-10-08 09:11:31,7000.0,7046.25,Call CEX 2,CEX,420299.422,9497.650782058305,9541.020191285868
2026-10-08 09:11:31,7000.0,7046.25,Put DEX 3,DEX,-11.077,9497.650782058305,9541.020191285868
2026-10-08 09:11:31,7000.0,7046.25,Call VEX 3,VEX,594356.609,9497.650782058305,9541.020191285868
2026-10-08 09:11:31,7400.0,7449.0,Put DEX 4,DEX,-5.934,9497.650782058305,9541.020191285868
2026-10-08 09:11:31,7500.0,7549.75,Call CEX 5,CEX,337071.243,9497.650782058305,9541.020191285868
2026-10-08 09:11:31,7500.0,7549.75,Call DEX 4,DEX,53.25,9497.650782058305,9541.020191285868
2026-10-08 09:11:31,7500.0,7549.75,Put GEX 3,GEX,-152753.562,9497.650782058305,9541.020191285868
2026-10-08 09:11:31,7500.0,7549.75,Call VEX 5,VEX,489836.313,9497.650782058305,9541.020191285868
2026-10-08 09:11:31,7600.0,7650.25,Call CEX 3,CEX,419979.683,9497.650782058305,9541.020191285868
2026-10-08 09:11:31,7600.0,7650.25,Call DEX 2,DEX,75.105,9497.650782058305,9541.020191285868
2026-10-08 09:11:31,7600.0,7650.25,Put GEX 4,GEX,-139629.122,9497.650782058305,9541.020191285868
2026-10-08 09:11:31,7600.0,7650.25,Call VEX 2,VEX,609942.156,9497.650782058305,9541.020191285868
2026-10-08 09:11:31,7630.0,7680.5,Call DEX 5,DEX,44.401,9497.650782058305,9541.020191285868
2026-10-08 09:11:31,7650.0,7700.75,Call CEX 4,CEX,402287.735,9497.650782058305,9541.020191285868
2026-10-08 09:11:31,7650.0,7700.75,Put GEX 2,GEX,-206457.377,9497.650782058305,9541.020191285868
2026-10-08 09:11:31,7650.0,7700.75,Call VEX 4,VEX,542245.354,9497.650782058305,9541.020191285868
2026-10-08 09:11:31,7700.0,7751.0,Call CEX 1,CEX,421612.116,9497.650782058305,9541.020191285868
2026-10-08 09:11:31,7700.0,7751.0,Call DEX 1,DEX,76.347,9497.650782058305,9541.020191285868
2026-10-08 09:11:31,7700.0,7751.0,Put GEX 5,GEX,-115348.33,9497.650782058305,9541.020191285868
2026-10-08 09:11:31,7700.0,7751.0,Call VEX 1,VEX,710740.076,9497.650782058305,9541.020191285868
2026-10-08 09:11:31,7750.0,7801.25,Call DEX 3,DEX,60.241,9497.650782058305,9541.020191285868
2026-10-08 09:11:31,7800.0,7851.5,Put CEX 2,CEX,-484441.534,9497.650782058305,9541.020191285868
2026-10-08 09:11:31,7800.0,7851.5,Call GEX 1,GEX,353692.758,9497.650782058305,9541.020191285868
2026-10-08 09:11:31,7800.0,7851.5,Put VEX 4,VEX,-266330.819,9497.650782058305,9541.020191285868
2026-10-08 09:11:31,7825.0,7876.75,Put CEX 5,CEX,-230809.319,9497.650782058305,9541.020191285868
2026-10-08 09:11:31,7825.0,7876.75,Call GEX 3,GEX,351777.407,9497.650782058305,9541.020191285868
2026-10-08 09:11:31,7850.0,7902.0,Put CEX 4,CEX,-378161.752,9497.650782058305,9541.020191285868
2026-10-08 09:11:31,7850.0,7902.0,Call GEX 2,GEX,352837.637,9497.650782058305,9541.020191285868
2026-10-08 09:11:31,7850.0,7902.0,Put VEX 3,VEX,-350500.53,9497.650782058305,9541.020191285868
2026-10-08 09:11:31,7870.0,7922.0,Call GEX 5,GEX,242602.315,9497.650782058305,9541.020191285868
2026-10-08 09:11:31,7900.0,7952.25,Put CEX 3,CEX,-383166.893,9497.650782058305,9541.020191285868
2026-10-08 09:11:31,7900.0,7952.25,Call GEX 4,GEX,312561.916,9497.650782058305,9541.020191285868
2026-10-08 09:11:31,7900.0,7952.25,Put VEX 2,VEX,-414130.713,9497.650782058305,9541.020191285868
2026-10-08 09:11:31,7950.0,8002.5,Put VEX 5,VEX,-229427.457,9497.650782058305,9541.020191285868
2026-10-08 09:11:31,8000.0,8053.0,Put CEX 1,CEX,-3083070.482,9497.650782058305,9541.020191285868
2026-10-08 09:11:31,8000.0,8053.0,Put DEX 1,DEX,-1364.623,9497.650782058305,9541.020191285868
2026-10-08 09:11:31,8000.0,8053.0,Put GEX 1,GEX,-456377.878,9497.650782058305,9541.020191285868
2026-10-08 09:11:31,8000.0,8053.0,Put VEX 1,VEX,-3874879.545,9497.650782058305,9541.020191285868
2026-10-08 09:11:31,8100.0,8153.5,Put DEX 5,DEX,-5.207,9497.650782058305,9541.020191285868
2026-10-08 09:11:31,8250.0,8304.5,Put DEX 2,DEX,-25.574,9497.650782058305,9541.020191285868
2026-10-08 09:12:20,7000.0,7045.75,Call CEX 2,CEX,420000.654,8003.73744568331,9271.020948942953
2026-10-08 09:12:20,7000.0,7045.75,Put DEX 4,DEX,-11.065,8003.73744568331,9271.020948942953
2026-10-08 09:12:20,7000.0,7045.75,Call VEX 3,VEX,593959.203,8003.73744568331,9271.020948942953
2026-10-08 09:12:20,7400.0,7448.25,Put DEX 5,DEX,-5.888,8003.73744568331,9271.020948942953
2026-10-08 09:12:20,7500.0,7549.0,Call CEX 5,CEX,319622.785,8003.73744568331,9271.020948942953
2026-10-08 09:12:20,7500.0,7549.0,Put DEX 3,DEX,-17.999,8003.73744568331,9271.020948942953
2026-10-08 09:12:20,7500.0,7549.0,Put GEX 3,GEX,-160437.582,8003.73744568331,9271.020948942953
2026-10-08 09:12:20,7500.0,7549.0,Call VEX 5,VEX,463682.833,8003.73744568331,9271.020948942953
2026-10-08 09:12:20,7600.0,7649.75,Call CEX 3,CEX,414896.529,8003.73744568331,9271.020948942953
2026-10-08 09:12:20,7600.0,7649.75,Call DEX 2,DEX,76.291,8003.73744568331,9271.020948942953
2026-10-08 09:12:20,7600.0,7649.75,Put GEX 4,GEX,-142044.083,8003.73744568331,9271.020948942953
2026-10-08 09:12:20,7600.0,7649.75,Call VEX 2,VEX,601771.216,8003.73744568331,9271.020948942953
2026-10-08 09:12:20,7630.0,7679.75,Call DEX 4,DEX,44.903,8003.73744568331,9271.020948942953
2026-10-08 09:12:20,7650.0,7700.0,Call CEX 4,CEX,398619.914,8003.73744568331,9271.020948942953
2026-10-08 09:12:20,7650.0,7700.0,Put GEX 2,GEX,-207204.566,8003.73744568331,9271.020948942953
2026-10-08 09:12:20,7650.0,7700.0,Call VEX 4,VEX,538700.347,8003.73744568331,9271.020948942953
2026-10-08 09:12:20,7700.0,7750.25,Call CEX 1,CEX,426930.122,8003.73744568331,9271.020948942953
2026-10-08 09:12:20,7700.0,7750.25,Call DEX 1,DEX,78.196,8003.73744568331,9271.020948942953
2026-10-08 09:12:20,7700.0,7750.25,Put GEX 5,GEX,-112726.665,8003.73744568331,9271.020948942953
2026-10-08 09:12:20,7700.0,7750.25,Call VEX 1,VEX,717496.063,8003.73744568331,9271.020948942953
2026-10-08 09:12:20,7750.0,7800.5,Call DEX 3,DEX,62.087,8003.73744568331,9271.020948942953
2026-10-08 09:12:20,7800.0,7851.0,Put CEX 2,CEX,-470542.173,8003.73744568331,9271.020948942953
2026-10-08 09:12:20,7800.0,7851.0,Call GEX 1,GEX,365789.484,8003.73744568331,9271.020948942953
2026-10-08 09:12:20,7800.0,7851.0,Put VEX 4,VEX,-248951.317,8003.73744568331,9271.020948942953
2026-10-08 09:12:20,7825.0,7876.0,Put CEX 5,CEX,-228891.537,8003.73744568331,9271.020948942953
2026-10-08 09:12:20,7825.0,7876.0,Call DEX 5,DEX,34.768,8003.73744568331,9271.020948942953
2026-10-08 09:12:20,7825.0,7876.0,Call GEX 3,GEX,356515.375,8003.73744568331,9271.020948942953
2026-10-08 09:12:20,7850.0,7901.25,Put CEX 4,CEX,-376812.303,8003.73744568331,9271.020948942953
2026-10-08 09:12:20,7850.0,7901.25,Call GEX 2,GEX,357747.976,8003.73744568331,9271.020948942953
2026-10-08 09:12:20,7850.0,7901.25,Put VEX 3,VEX,-347630.907,8003.73744568331,9271.020948942953
2026-10-08 09:12:20,7870.0,7921.5,Call GEX 5,GEX,245577.896,8003.73744568331,9271.020948942953
2026-10-08 09:12:20,7900.0,7951.5,Put CEX 3,CEX,-384524.018,8003.73744568331,9271.020948942953
2026-10-08 09:12:20,7900.0,7951.5,Call GEX 4,GEX,316475.554,8003.73744568331,9271.020948942953
2026-10-08 09:12:20,7900.0,7951.5,Put VEX 2,VEX,-414828.966,8003.73744568331,9271.020948942953
2026-10-08 09:12:20,7950.0,8002.0,Put VEX 5,VEX,-231341.657,8003.73744568331,9271.020948942953
2026-10-08 09:12:20,8000.0,8052.25,Put CEX 1,CEX,-3155406.026,8003.73744568331,9271.020948942953
2026-10-08 09:12:20,8000.0,8052.25,Put DEX 1,DEX,-1354.358,8003.73744568331,9271.020948942953
2026-10-08 09:12:20,8000.0,8052.25,Put GEX 1,GEX,-496832.098,8003.73744568331,9271.020948942953
2026-10-08 09:12:20,8000.0,8052.25,Put VEX 1,VEX,-3964377.522,8003.73744568331,9271.020948942953
2026-10-08 09:12:20,8250.0,8304.0,Put DEX 2,DEX,-25.455,8003.73744568331,9271.020948942953
2026-10-08 09:13:08,7000.0,7046.25,Call CEX 2,CEX,419659.967,8003.694871101312,9265.997057437662
2026-10-08 09:13:08,7000.0,7046.25,Put DEX 4,DEX,-11.05,8003.694871101312,9265.997057437662
2026-10-08 09:13:08,7000.0,7046.25,Call VEX 3,VEX,593488.219,8003.694871101312,9265.997057437662
2026-10-08 09:13:08,7400.0,7449.0,Put DEX 5,DEX,-5.809,8003.694871101312,9265.997057437662
2026-10-08 09:13:08,7500.0,7549.5,Call CEX 5,CEX,316874.695,8003.694871101312,9265.997057437662
2026-10-08 09:13:08,7500.0,7549.5,Put DEX 3,DEX,-17.665,8003.694871101312,9265.997057437662
2026-10-08 09:13:08,7500.0,7549.5,Put GEX 3,GEX,-158487.804,8003.694871101312,9265.997057437662
2026-10-08 09:13:08,7500.0,7549.5,Call VEX 5,VEX,459542.313,8003.694871101312,9265.997057437662
2026-10-08 09:13:08,7600.0,7650.25,Call CEX 3,CEX,413554.966,8003.694871101312,9265.997057437662
2026-10-08 09:13:08,7600.0,7650.25,Call DEX 2,DEX,76.656,8003.694871101312,9265.997057437662
2026-10-08 09:13:08,7600.0,7650.25,Put GEX 4,GEX,-140049.63,8003.694871101312,9265.997057437662
2026-10-08 09:13:08,7600.0,7650.25,Call VEX 2,VEX,600110.161,8003.694871101312,9265.997057437662
2026-10-08 09:13:08,7630.0,7680.5,Call DEX 4,DEX,44.891,8003.694871101312,9265.997057437662
2026-10-08 09:13:08,7650.0,7700.5,Call CEX 4,CEX,399398.936,8003.694871101312,9265.997057437662
2026-10-08 09:13:08,7650.0,7700.5,Put GEX 2,GEX,-204034.606,8003.694871101312,9265.997057437662
2026-10-08 09:13:08,7650.0,7700.5,Call VEX 4,VEX,539048.645,8003.694871101312,9265.997057437662
2026-10-08 09:13:08,7700.0,7751.0,Call CEX 1,CEX,430925.886,8003.694871101312,9265.997057437662
2026-10-08 09:13:08,7700.0,7751.0,Call DEX 1,DEX,79.114,8003.694871101312,9265.997057437662
2026-10-08 09:13:08,7700.0,7751.0,Put GEX 5,GEX,-114737.469,8003.694871101312,9265.997057437662
2026-10-08 09:13:08,7700.0,7751.0,Call VEX 1,VEX,721908.048,8003.694871101312,9265.997057437662
2026-10-08 09:13:08,7750.0,7801.25,Call DEX 3,DEX,63.449,8003.694871101312,9265.997057437662
2026-10-08 09:13:08,7800.0,7851.5,Put CEX 2,CEX,-460930.516,8003.694871101312,9265.997057437662
2026-10-08 09:13:08,7800.0,7851.5,Call GEX 3,GEX,357691.841,8003.694871101312,9265.997057437662
2026-10-08 09:13:08,7800.0,7851.5,Put VEX 4,VEX,-235989.03,8003.694871101312,9265.997057437662
2026-10-08 09:13:08,7825.0,7876.75,Call DEX 5,DEX,35.256,8003.694871101312,9265.997057437662
2026-10-08 09:13:08,7825.0,7876.75,Call GEX 2,GEX,357812.891,8003.694871101312,9265.997057437662
2026-10-08 09:13:08,7850.0,7901.75,Put CEX 4,CEX,-376121.31,8003.694871101312,9265.997057437662
2026-10-08 09:13:08,7850.0,7901.75,Call GEX 1,GEX,359758.047,8003.694871101312,9265.997057437662
2026-10-08 09:13:08,7850.0,7901.75,Put VEX 3,VEX,-345728.657,8003.694871101312,9265.997057437662
2026-10-08 09:13:08,7870.0,7922.0,Put CEX 5,CEX,-227444.655,8003.694871101312,9265.997057437662
2026-10-08 09:13:08,7870.0,7922.0,Call GEX 5,GEX,247773.614,8003.694871101312,9265.997057437662
2026-10-08 09:13:08,7900.0,7952.25,Put CEX 3,CEX,-386195.104,8003.694871101312,9265.997057437662
2026-10-08 09:13:08,7900.0,7952.25,Call GEX 4,GEX,319811.872,8003.694871101312,9265.997057437662
2026-10-08 09:13:08,7900.0,7952.25,Put VEX 2,VEX,-415880.182,8003.694871101312,9265.997057437662
2026-10-08 09:13:08,7950.0,8002.5,Put VEX 5,VEX,-232464.262,8003.694871101312,9265.997057437662
2026-10-08 09:13:08,8000.0,8052.75,Put CEX 1,CEX,-3138606.082,8003.694871101312,9265.997057437662
2026-10-08 09:13:08,8000.0,8052.75,Put DEX 1,DEX,-1357.716,8003.694871101312,9265.997057437662
2026-10-08 09:13:08,8000.0,8052.75,Put GEX 1,GEX,-485337.058,8003.694871101312,9265.997057437662
2026-10-08 09:13:08,8000.0,8052.75,Put VEX 1,VEX,-3941775.364,8003.694871101312,9265.997057437662
2026-10-08 09:13:08,8250.0,8304.5,Put DEX 2,DEX,-25.564,8003.694871101312,9265.997057437662
2026-10-08 09:13:56,7000.0,7046.0,Call CEX 2,CEX,419907.957,8003.725427699885,9270.190071685276
2026-10-08 09:13:56,7000.0,7046.0,Put DEX 4,DEX,-11.059,8003.725427699885,9270.190071685276
2026-10-08 09:13:56,7000.0,7046.0,Call VEX 3,VEX,593774.345,8003.725427699885,9270.190071685276
2026-10-08 09:13:56,7400.0,7448.5,Put DEX 5,DEX,-5.821,8003.725427699885,9270.190071685276
2026-10-08 09:13:56,7500.0,7549.25,Call CEX 5,CEX,317126.354,8003.725427699885,9270.190071685276
2026-10-08 09:13:56,7500.0,7549.25,Put DEX 3,DEX,-17.701,8003.725427699885,9270.190071685276
2026-10-08 09:13:56,7500.0,7549.25,Put GEX 3,GEX,-158861.507,8003.725427699885,9270.190071685276
2026-10-08 09:13:56,7500.0,7549.25,Call VEX 5,VEX,459938.281,8003.725427699885,9270.190071685276
2026-10-08 09:13:56,7600.0,7650.0,Call CEX 3,CEX,412435.273,8003.725427699885,9270.190071685276
2026-10-08 09:13:56,7600.0,7650.0,Call DEX 2,DEX,76.783,8003.725427699885,9270.190071685276
2026-10-08 09:13:56,7600.0,7650.0,Put GEX 4,GEX,-142185.57,8003.725427699885,9270.190071685276
2026-10-08 09:13:56,7600.0,7650.0,Call VEX 2,VEX,598237.11,8003.725427699885,9270.190071685276
2026-10-08 09:13:56,7630.0,7680.0,Call DEX 4,DEX,45.076,8003.725427699885,9270.190071685276
2026-10-08 09:13:56,7650.0,7700.25,Call CEX 4,CEX,398409.194,8003.725427699885,9270.190071685276
2026-10-08 09:13:56,7650.0,7700.25,Put GEX 2,GEX,-205980.155,8003.725427699885,9270.190071685276
2026-10-08 09:13:56,7650.0,7700.25,Call VEX 4,VEX,538400.587,8003.725427699885,9270.190071685276
2026-10-08 09:13:56,7700.0,7750.5,Call CEX 1,CEX,429682.264,8003.725427699885,9270.190071685276
2026-10-08 09:13:56,7700.0,7750.5,Call DEX 1,DEX,78.995,8003.725427699885,9270.190071685276
2026-10-08 09:13:56,7700.0,7750.5,Put GEX 5,GEX,-112680.478,8003.725427699885,9270.190071685276
2026-10-08 09:13:56,7700.0,7750.5,Call VEX 1,VEX,720884.631,8003.725427699885,9270.190071685276
2026-10-08 09:13:56,7750.0,7801.0,Call DEX 3,DEX,62.967,8003.725427699885,9270.190071685276
2026-10-08 09:13:56,7800.0,7851.25,Put CEX 2,CEX,-466138.61,8003.725427699885,9270.190071685276
2026-10-08 09:13:56,7800.0,7851.25,Call GEX 1,GEX,368097.944,8003.725427699885,9270.190071685276
2026-10-08 09:13:56,7800.0,7851.25,Put VEX 4,VEX,-242416.868,8003.725427699885,9270.190071685276
2026-10-08 09:13:56,7825.0,7876.25,Put CEX 5,CEX,-228506.023,8003.725427699885,9270.190071685276
2026-10-08 09:13:56,7825.0,7876.25,Call DEX 5,DEX,34.923,8003.725427699885,9270.190071685276
2026-10-08 09:13:56,7825.0,7876.25,Call GEX 3,GEX,358974.864,8003.725427699885,9270.190071685276
2026-10-08 09:13:56,7850.0,7901.5,Put CEX 4,CEX,-376949.729,8003.725427699885,9270.190071685276
2026-10-08 09:13:56,7850.0,7901.5,Call GEX 2,GEX,359727.126,8003.725427699885,9270.190071685276
2026-10-08 09:13:56,7850.0,7901.5,Put VEX 3,VEX,-347083.273,8003.725427699885,9270.190071685276
2026-10-08 09:13:56,7870.0,7921.75,Call GEX 5,GEX,246889.094,8003.725427699885,9270.190071685276
2026-10-08 09:13:56,7900.0,7951.75,Put CEX 3,CEX,-385466.946,8003.725427699885,9270.190071685276
2026-10-08 09:13:56,7900.0,7951.75,Call GEX 4,GEX,318302.638,8003.725427699885,9270.190071685276
2026-10-08 09:13:56,7900.0,7951.75,Put VEX 2,VEX,-415339.947,8003.725427699885,9270.190071685276
2026-10-08 09:13:56,7950.0,8002.25,Put VEX 5,VEX,-232026.045,8003.725427699885,9270.190071685276
2026-10-08 09:13:56,8000.0,8052.5,Put CEX 1,CEX,-3152595.114,8003.725427699885,9270.190071685276
2026-10-08 09:13:56,8000.0,8052.5,Put DEX 1,DEX,-1355.232,8003.725427699885,9270.190071685276
2026-10-08 09:13:56,8000.0,8052.5,Put GEX 1,GEX,-494111.66,8003.725427699885,9270.190071685276
2026-10-08 09:13:56,8000.0,8052.5,Put VEX 1,VEX,-3959707.981,8003.725427699885,9270.190071685276
2026-10-08 09:13:56,8250.0,8304.25,Put DEX 2,DEX,-25.458,8003.725427699885,9270.190071685276
