timestamp,strikePrice,Theo ES,Rank,Greek,Value,cum_gam,cum_vec
2026-10-07 06:29:21,6400.0,6414.5,Put DEX 5,DEX,-29.559,,9452.514268580964
2026-10-07 06:29:21,6500.0,6514.75,Put DEX 4,DEX,-31.313,,9452.514268580964
2026-10-07 06:29:21,7000.0,7016.0,Call CEX 2,CEX,2128097.28,,9452.514268580964
2026-10-07 06:29:21,7000.0,7016.0,Call DEX 1,DEX,5037.25,,9452.514268580964
2026-10-07 06:29:21,7000.0,7016.0,Put GEX 1,GEX,-335552.408,,9452.514268580964
2026-10-07 06:29:21,7000.0,7016.0,Call VEX 1,VEX,12616216.184,,9452.514268580964
2026-10-07 06:29:21,7400.0,7416.75,Put GEX 5,GEX,-158517.888,,9452.514268580964
2026-10-07 06:29:21,7400.0,7416.75,Call VEX 5,VEX,1872744.252,,9452.514268580964
2026-10-07 06:29:21,7500.0,7517.0,Put GEX 2,GEX,-301516.695,,9452.514268580964
2026-10-07 06:29:21,7500.0,7517.0,Call VEX 3,VEX,2572218.914,,9452.514268580964
2026-10-07 06:29:21,7600.0,7617.25,Put GEX 4,GEX,-235785.496,,9452.514268580964
2026-10-07 06:29:21,7600.0,7617.25,Call VEX 4,VEX,2412870.488,,9452.514268580964
2026-10-07 06:29:21,7650.0,7667.5,Put GEX 3,GEX,-271753.713,,9452.514268580964
2026-10-07 06:29:21,7700.0,7717.5,Call CEX 3,CEX,1374328.953,,9452.514268580964
2026-10-07 06:29:21,7700.0,7717.5,Call DEX 2,DEX,448.126,,9452.514268580964
2026-10-07 06:29:21,7700.0,7717.5,Call VEX 2,VEX,3251041.497,,9452.514268580964
2026-10-07 06:29:21,7725.0,7742.5,Call CEX 5,CEX,1147329.105,,9452.514268580964
2026-10-07 06:29:21,7750.0,7767.75,Call CEX 1,CEX,2631343.584,,9452.514268580964
2026-10-07 06:29:21,7780.0,7797.75,Call CEX 4,CEX,1197060.416,,9452.514268580964
2026-10-07 06:29:21,7800.0,7817.75,Call DEX 3,DEX,367.019,,9452.514268580964
2026-10-07 06:29:21,7850.0,7868.0,Put CEX 2,CEX,-2680989.08,,9452.514268580964
2026-10-07 06:29:21,7850.0,7868.0,Call GEX 3,GEX,1103738.895,,9452.514268580964
2026-10-07 06:29:21,7860.0,7878.0,Put CEX 5,CEX,-1314489.465,,9452.514268580964
2026-10-07 06:29:21,7870.0,7888.0,Put CEX 4,CEX,-1542022.464,,9452.514268580964
2026-10-07 06:29:21,7900.0,7918.0,Put CEX 3,CEX,-1599740.071,,9452.514268580964
2026-10-07 06:29:21,7900.0,7918.0,Call DEX 5,DEX,275.411,,9452.514268580964
2026-10-07 06:29:21,7900.0,7918.0,Call GEX 2,GEX,1160892.686,,9452.514268580964
2026-10-07 06:29:21,8000.0,8018.25,Put CEX 1,CEX,-5149405.781,,9452.514268580964
2026-10-07 06:29:21,8000.0,8018.25,Put DEX 1,DEX,-1520.096,,9452.514268580964
2026-10-07 06:29:21,8000.0,8018.25,Call GEX 1,GEX,1841904.903,,9452.514268580964
2026-10-07 06:29:21,8000.0,8018.25,Put VEX 1,VEX,-10487175.212,,9452.514268580964
2026-10-07 06:29:21,8050.0,8068.25,Call DEX 4,DEX,283.979,,9452.514268580964
2026-10-07 06:29:21,8050.0,8068.25,Call GEX 4,GEX,805088.929,,9452.514268580964
2026-10-07 06:29:21,8050.0,8068.25,Put VEX 3,VEX,-1388456.474,,9452.514268580964
2026-10-07 06:29:21,8100.0,8118.5,Call GEX 5,GEX,674445.221,,9452.514268580964
2026-10-07 06:29:21,8100.0,8118.5,Put VEX 2,VEX,-1568431.197,,9452.514268580964
2026-10-07 06:29:21,8150.0,8168.5,Put VEX 5,VEX,-1005719.11,,9452.514268580964
2026-10-07 06:29:21,8200.0,8218.75,Put VEX 4,VEX,-1158147.759,,9452.514268580964
2026-10-07 06:29:21,9000.0,9020.5,Put DEX 2,DEX,-54.428,,9452.514268580964
2026-10-07 06:29:21,10000.0,10022.75,Put DEX 3,DEX,-39.877,,9452.514268580964
2026-10-07 06:30:11,6400.0,6415.5,Put DEX 5,DEX,-30.415,,9311.95602277177
2026-10-07 06:30:11,6500.0,6515.75,Put DEX 4,DEX,-32.786,,9311.95602277177
2026-10-07 06:30:11,7000.0,7016.75,Call CEX 2,CEX,1963043.693,,9311.95602277177
2026-10-07 06:30:11,7000.0,7016.75,Call DEX 1,DEX,1690.325,,9311.95602277177
2026-10-07 06:30:11,7000.0,7016.75,Put GEX 1,GEX,-661939.744,,9311.95602277177
2026-10-07 06:30:11,7000.0,7016.75,Call VEX 1,VEX,9676397.443,,9311.95602277177
2026-10-07 06:30:11,7400.0,7417.75,Put GEX 5,GEX,-194778.297,,9311.95602277177
2026-10-07 06:30:11,7500.0,7518.0,Put GEX 2,GEX,-298296.842,,9311.95602277177
2026-10-07 06:30:11,7500.0,7518.0,Call VEX 3,VEX,2543801.051,,9311.95602277177
2026-10-07 06:30:11,7600.0,7618.25,Put GEX 4,GEX,-209229.245,,9311.95602277177
2026-10-07 06:30:11,7600.0,7618.25,Call VEX 4,VEX,2447521.205,,9311.95602277177
2026-10-07 06:30:11,7650.0,7668.5,Put GEX 3,GEX,-244136.434,,9311.95602277177
2026-10-07 06:30:11,7650.0,7668.5,Call VEX 5,VEX,1853506.846,,9311.95602277177
2026-10-07 06:30:11,7700.0,7718.5,Call CEX 3,CEX,1376594.994,,9311.95602277177
2026-10-07 06:30:11,7700.0,7718.5,Call DEX 2,DEX,465.143,,9311.95602277177
2026-10-07 06:30:11,7700.0,7718.5,Call VEX 2,VEX,3347246.599,,9311.95602277177
2026-10-07 06:30:11,7725.0,7743.5,Call CEX 5,CEX,1148609.566,,9311.95602277177
2026-10-07 06:30:11,7750.0,7768.75,Call CEX 1,CEX,2634798.9,,9311.95602277177
2026-10-07 06:30:11,7780.0,7798.75,Call CEX 4,CEX,1198913.334,,9311.95602277177
2026-10-07 06:30:11,7800.0,7818.75,Call DEX 3,DEX,371.629,,9311.95602277177
2026-10-07 06:30:11,7850.0,7869.0,Put CEX 2,CEX,-2685986.274,,9311.95602277177
2026-10-07 06:30:11,7850.0,7869.0,Call GEX 3,GEX,1135128.886,,9311.95602277177
2026-10-07 06:30:11,7860.0,7879.0,Put CEX 5,CEX,-1316538.36,,9311.95602277177
2026-10-07 06:30:11,7870.0,7889.0,Put CEX 4,CEX,-1544102.14,,9311.95602277177
2026-10-07 06:30:11,7900.0,7919.0,Put CEX 3,CEX,-1603533.178,,9311.95602277177
2026-10-07 06:30:11,7900.0,7919.0,Call DEX 5,DEX,275.713,,9311.95602277177
2026-10-07 06:30:11,7900.0,7919.0,Call GEX 2,GEX,1192929.557,,9311.95602277177
2026-10-07 06:30:11,8000.0,8019.25,Put CEX 1,CEX,-5161727.927,,9311.95602277177
2026-10-07 06:30:11,8000.0,8019.25,Put DEX 1,DEX,-1524.179,,9311.95602277177
2026-10-07 06:30:11,8000.0,8019.25,Call GEX 1,GEX,2298793.034,,9311.95602277177
2026-10-07 06:30:11,8000.0,8019.25,Put VEX 1,VEX,-10536704.714,,9311.95602277177
2026-10-07 06:30:11,8050.0,8069.5,Call DEX 4,DEX,279.754,,9311.95602277177
2026-10-07 06:30:11,8050.0,8069.5,Call GEX 4,GEX,829217.671,,9311.95602277177
2026-10-07 06:30:11,8050.0,8069.5,Put VEX 3,VEX,-1413237.979,,9311.95602277177
2026-10-07 06:30:11,8100.0,8119.5,Call GEX 5,GEX,710728.524,,9311.95602277177
2026-10-07 06:30:11,8100.0,8119.5,Put VEX 2,VEX,-1604639.056,,9311.95602277177
2026-10-07 06:30:11,8150.0,8169.5,Put VEX 5,VEX,-1038509.073,,9311.95602277177
2026-10-07 06:30:11,8200.0,8219.75,Put VEX 4,VEX,-1184162.387,,9311.95602277177
2026-10-07 06:30:11,9000.0,9021.75,Put DEX 2,DEX,-53.555,,9311.95602277177
2026-10-07 06:30:11,10000.0,10024.0,Put DEX 3,DEX,-38.066,,9311.95602277177
2026-10-07 06:31:01,6400.0,6446.0,Put DEX 4,DEX,-39.198,,9335.129457558158
2026-10-07 06:31:01,6500.0,6546.75,Put DEX 5,DEX,-36.432,,9335.129457558158
2026-10-07 06:31:01,7000.0,7050.5,Call CEX 4,CEX,1221713.312,,9335.129457558158
2026-10-07 06:31:01,7000.0,7050.5,Call DEX 1,DEX,4455.478,,9335.129457558158
2026-10-07 06:31:01,7000.0,7050.5,Put GEX 1,GEX,-693637.985,,9335.129457558158
2026-10-07 06:31:01,7000.0,7050.5,Call VEX 1,VEX,10207683.488,,9335.129457558158
2026-10-07 06:31:01,7400.0,7453.25,Put GEX 5,GEX,-184028.547,,9335.129457558158
2026-10-07 06:31:01,7400.0,7453.25,Call VEX 5,VEX,1865057.386,,9335.129457558158
2026-10-07 06:31:01,7500.0,7554.0,Put GEX 2,GEX,-354342.745,,9335.129457558158
2026-10-07 06:31:01,7500.0,7554.0,Call VEX 3,VEX,2556030.362,,9335.129457558158
2026-10-07 06:31:01,7600.0,7654.75,Put GEX 4,GEX,-281300.219,,9335.129457558158
2026-10-07 06:31:01,7600.0,7654.75,Call VEX 4,VEX,2317690.924,,9335.129457558158
2026-10-07 06:31:01,7650.0,7705.0,Put GEX 3,GEX,-331573.937,,9335.129457558158
2026-10-07 06:31:01,7675.0,7730.25,Call CEX 5,CEX,1097817.985,,9335.129457558158
2026-10-07 06:31:01,7700.0,7755.5,Call CEX 2,CEX,1456801.372,,9335.129457558158
2026-10-07 06:31:01,7700.0,7755.5,Call DEX 2,DEX,359.491,,9335.129457558158
2026-10-07 06:31:01,7700.0,7755.5,Call VEX 2,VEX,2809515.225,,9335.129457558158
2026-10-07 06:31:01,7725.0,7780.5,Call CEX 3,CEX,1265808.798,,9335.129457558158
2026-10-07 06:31:01,7750.0,7805.75,Call CEX 1,CEX,2622229.09,,9335.129457558158
2026-10-07 06:31:01,7800.0,7856.25,Put CEX 3,CEX,-1507387.291,,9335.129457558158
2026-10-07 06:31:01,7800.0,7856.25,Call DEX 3,DEX,247.52,,9335.129457558158
2026-10-07 06:31:01,7800.0,7856.25,Call GEX 5,GEX,642355.494,,9335.129457558158
2026-10-07 06:31:01,7825.0,7881.25,Put CEX 4,CEX,-1369616.77,,9335.129457558158
2026-10-07 06:31:01,7830.0,7886.5,Put CEX 5,CEX,-1131083.161,,9335.129457558158
2026-10-07 06:31:01,7850.0,7906.5,Put CEX 2,CEX,-2246601.685,,9335.129457558158
2026-10-07 06:31:01,7850.0,7906.5,Call GEX 3,GEX,821496.402,,9335.129457558158
2026-10-07 06:31:01,7900.0,7957.0,Call DEX 5,DEX,212.549,,9335.129457558158
2026-10-07 06:31:01,7900.0,7957.0,Call GEX 2,GEX,940085.149,,9335.129457558158
2026-10-07 06:31:01,8000.0,8057.5,Put CEX 1,CEX,-5015129.312,,9335.129457558158
2026-10-07 06:31:01,8000.0,8057.5,Put DEX 1,DEX,-1781.935,,9335.129457558158
2026-10-07 06:31:01,8000.0,8057.5,Call GEX 1,GEX,1080732.08,,9335.129457558158
2026-10-07 06:31:01,8000.0,8057.5,Put VEX 1,VEX,-11975425.504,,9335.129457558158
2026-10-07 06:31:01,8050.0,8108.0,Call DEX 4,DEX,245.61,,9335.129457558158
2026-10-07 06:31:01,8050.0,8108.0,Call GEX 4,GEX,717162.689,,9335.129457558158
2026-10-07 06:31:01,8050.0,8108.0,Put VEX 3,VEX,-1459721.236,,9335.129457558158
2026-10-07 06:31:01,8100.0,8158.25,Put VEX 2,VEX,-1680719.234,,9335.129457558158
2026-10-07 06:31:01,8150.0,8208.75,Put VEX 5,VEX,-1056081.69,,9335.129457558158
2026-10-07 06:31:01,8200.0,8259.0,Put VEX 4,VEX,-1166503.785,,9335.129457558158
2026-10-07 06:31:01,9000.0,9064.75,Put DEX 2,DEX,-56.724,,9335.129457558158
2026-10-07 06:31:01,10000.0,10072.0,Put DEX 3,DEX,-39.957,,9335.129457558158
2026-10-07 06:31:49,6400.0,6444.75,Put DEX 5,DEX,-38.891,,9331.401769281008
2026-10-07 06:31:49,6500.0,6545.5,Put DEX 3,DEX,-41.772,,9331.401769281008
2026-10-07 06:31:49,7000.0,7048.75,Call CEX 4,CEX,1112609.127,,9331.401769281008
2026-10-07 06:31:49,7000.0,7048.75,Call DEX 1,DEX,442.516,,9331.401769281008
2026-10-07 06:31:49,7000.0,7048.75,Put GEX 1,GEX,-798426.333,,9331.401769281008
2026-10-07 06:31:49,7000.0,7048.75,Call VEX 1,VEX,9209307.472,,9331.401769281008
2026-10-07 06:31:49,7400.0,7451.75,Put GEX 5,GEX,-189450.025,,9331.401769281008
2026-10-07 06:31:49,7400.0,7451.75,Call VEX 5,VEX,1837080.32,,9331.401769281008
2026-10-07 06:31:49,7500.0,7552.25,Put GEX 2,GEX,-356317.688,,9331.401769281008
2026-10-07 06:31:49,7500.0,7552.25,Call VEX 3,VEX,2539797.656,,9331.401769281008
2026-10-07 06:31:49,7600.0,7653.0,Put GEX 4,GEX,-279102.225,,9331.401769281008
2026-10-07 06:31:49,7600.0,7653.0,Call VEX 4,VEX,2323712.568,,9331.401769281008
2026-10-07 06:31:49,7650.0,7703.5,Put GEX 3,GEX,-324560.96,,9331.401769281008
2026-10-07 06:31:49,7675.0,7728.5,Call CEX 5,CEX,1014325.532,,9331.401769281008
2026-10-07 06:31:49,7700.0,7753.75,Call CEX 2,CEX,1418170.311,,9331.401769281008
2026-10-07 06:31:49,7700.0,7753.75,Call DEX 2,DEX,369.499,,9331.401769281008
2026-10-07 06:31:49,7700.0,7753.75,Call VEX 2,VEX,2858988.728,,9331.401769281008
2026-10-07 06:31:49,7725.0,7779.0,Call CEX 3,CEX,1247723.876,,9331.401769281008
2026-10-07 06:31:49,7750.0,7804.0,Call CEX 1,CEX,2727073.907,,9331.401769281008
2026-10-07 06:31:49,7800.0,7854.5,Put CEX 5,CEX,-1317734.839,,9331.401769281008
2026-10-07 06:31:49,7800.0,7854.5,Call DEX 3,DEX,257.315,,9331.401769281008
2026-10-07 06:31:49,7800.0,7854.5,Call GEX 5,GEX,696156.481,,9331.401769281008
2026-10-07 06:31:49,7820.0,7874.5,Put CEX 4,CEX,-1344527.236,,9331.401769281008
2026-10-07 06:31:49,7825.0,7879.75,Put CEX 3,CEX,-1930668.472,,9331.401769281008
2026-10-07 06:31:49,7850.0,7904.75,Put CEX 2,CEX,-2268365.711,,9331.401769281008
2026-10-07 06:31:49,7850.0,7904.75,Call GEX 3,GEX,848203.467,,9331.401769281008
2026-10-07 06:31:49,7900.0,7955.25,Call DEX 5,DEX,215.776,,9331.401769281008
2026-10-07 06:31:49,7900.0,7955.25,Call GEX 2,GEX,961899.133,,9331.401769281008
2026-10-07 06:31:49,8000.0,8055.75,Put CEX 1,CEX,-5170418.307,,9331.401769281008
2026-10-07 06:31:49,8000.0,8055.75,Put DEX 1,DEX,-1741.249,,9331.401769281008
2026-10-07 06:31:49,8000.0,8055.75,Call GEX 1,GEX,1024484.138,,9331.401769281008
2026-10-07 06:31:49,8000.0,8055.75,Put VEX 1,VEX,-12084633.122,,9331.401769281008
2026-10-07 06:31:49,8050.0,8106.25,Call DEX 4,DEX,247.295,,9331.401769281008
2026-10-07 06:31:49,8050.0,8106.25,Call GEX 4,GEX,724144.589,,9331.401769281008
2026-10-07 06:31:49,8050.0,8106.25,Put VEX 3,VEX,-1454516.721,,9331.401769281008
2026-10-07 06:31:49,8100.0,8156.5,Put VEX 2,VEX,-1676373.759,,9331.401769281008
2026-10-07 06:31:49,8150.0,8207.0,Put VEX 5,VEX,-1053537.625,,9331.401769281008
2026-10-07 06:31:49,8200.0,8257.25,Put VEX 4,VEX,-1163783.478,,9331.401769281008
2026-10-07 06:31:49,9000.0,9062.75,Put DEX 2,DEX,-56.532,,9331.401769281008
2026-10-07 06:31:49,10000.0,10069.75,Put DEX 4,DEX,-39.904,,9331.401769281008
2026-10-07 06:32:36,6400.0,6444.25,Put DEX 5,DEX,-39.005,,9320.957391411375
2026-10-07 06:32:36,6500.0,6545.0,Put DEX 3,DEX,-41.873,,9320.957391411375
2026-10-07 06:32:36,7000.0,7048.5,Call CEX 4,CEX,1118692.32,,9320.957391411375
2026-10-07 06:32:36,7000.0,7048.5,Call DEX 1,DEX,440.869,,9320.957391411375
2026-10-07 06:32:36,7000.0,7048.5,Put GEX 1,GEX,-801012.725,,9320.957391411375
2026-10-07 06:32:36,7000.0,7048.5,Call VEX 1,VEX,9225189.492,,9320.957391411375
2026-10-07 06:32:36,7400.0,7451.25,Put GEX 5,GEX,-188673.161,,9320.957391411375
2026-10-07 06:32:36,7400.0,7451.25,Call VEX 5,VEX,1843581.754,,9320.957391411375
2026-10-07 06:32:36,7500.0,7552.0,Put GEX 2,GEX,-358092.966,,9320.957391411375
2026-10-07 06:32:36,7500.0,7552.0,Call VEX 3,VEX,2542807.688,,9320.957391411375
2026-10-07 06:32:36,7600.0,7652.75,Put GEX 4,GEX,-282916.303,,9320.957391411375
2026-10-07 06:32:36,7600.0,7652.75,Call VEX 4,VEX,2315059.14,,9320.957391411375
2026-10-07 06:32:36,7650.0,7703.0,Put GEX 3,GEX,-330404.767,,9320.957391411375
2026-10-07 06:32:36,7675.0,7728.25,Call CEX 5,CEX,1050046.846,,9320.957391411375
2026-10-07 06:32:36,7700.0,7753.5,Call CEX 2,CEX,1422477.524,,9320.957391411375
2026-10-07 06:32:36,7700.0,7753.5,Call DEX 2,DEX,361.354,,9320.957391411375
2026-10-07 06:32:36,7700.0,7753.5,Call VEX 2,VEX,2815288.551,,9320.957391411375
2026-10-07 06:32:36,7725.0,7778.5,Call CEX 3,CEX,1251551.122,,9320.957391411375
2026-10-07 06:32:36,7750.0,7803.75,Call CEX 1,CEX,2664883.073,,9320.957391411375
2026-10-07 06:32:36,7800.0,7854.0,Put CEX 4,CEX,-1554298.735,,9320.957391411375
2026-10-07 06:32:36,7800.0,7854.0,Call DEX 3,DEX,245.952,,9320.957391411375
2026-10-07 06:32:36,7800.0,7854.0,Call GEX 5,GEX,693818.962,,9320.957391411375
2026-10-07 06:32:36,7820.0,7874.25,Put CEX 5,CEX,-1300784.397,,9320.957391411375
2026-10-07 06:32:36,7825.0,7879.25,Put CEX 3,CEX,-1656798.492,,9320.957391411375
2026-10-07 06:32:36,7850.0,7904.5,Put CEX 2,CEX,-2099564.24,,9320.957391411375
2026-10-07 06:32:36,7850.0,7904.5,Call GEX 3,GEX,815347.135,,9320.957391411375
2026-10-07 06:32:36,7900.0,7954.75,Call DEX 5,DEX,210.929,,9320.957391411375
2026-10-07 06:32:36,7900.0,7954.75,Call GEX 2,GEX,941846.935,,9320.957391411375
2026-10-07 06:32:36,8000.0,8055.5,Put CEX 1,CEX,-5122567.918,,9320.957391411375
2026-10-07 06:32:36,8000.0,8055.5,Put DEX 1,DEX,-1769.225,,9320.957391411375
2026-10-07 06:32:36,8000.0,8055.5,Call GEX 1,GEX,999159.303,,9320.957391411375
2026-10-07 06:32:36,8000.0,8055.5,Put VEX 1,VEX,-12154199.18,,9320.957391411375
2026-10-07 06:32:36,8050.0,8105.75,Call DEX 4,DEX,244.465,,9320.957391411375
2026-10-07 06:32:36,8050.0,8105.75,Call GEX 4,GEX,716892.459,,9320.957391411375
2026-10-07 06:32:36,8050.0,8105.75,Put VEX 3,VEX,-1460684.144,,9320.957391411375
2026-10-07 06:32:36,8100.0,8156.25,Put VEX 2,VEX,-1687137.444,,9320.957391411375
2026-10-07 06:32:36,8150.0,8206.5,Put VEX 5,VEX,-1058151.286,,9320.957391411375
2026-10-07 06:32:36,8200.0,8256.75,Put VEX 4,VEX,-1165105.746,,9320.957391411375
2026-10-07 06:32:36,9000.0,9062.5,Put DEX 2,DEX,-56.711,,9320.957391411375
2026-10-07 06:32:36,10000.0,10069.25,Put DEX 4,DEX,-39.937,,9320.957391411375
2026-10-07 06:33:25,6400.0,6444.0,Put DEX 5,DEX,-38.945,,9320.102990278612
2026-10-07 06:33:25,6500.0,6544.75,Put DEX 3,DEX,-41.893,,9320.102990278612
2026-10-07 06:33:25,7000.0,7048.25,Call CEX 4,CEX,1118642.846,,9320.102990278612
2026-10-07 06:33:25,7000.0,7048.25,Call DEX 1,DEX,441.319,,9320.102990278612
2026-10-07 06:33:25,7000.0,7048.25,Put GEX 1,GEX,-801852.8,,9320.102990278612
2026-10-07 06:33:25,7000.0,7048.25,Call VEX 1,VEX,9218875.795,,9320.102990278612
2026-10-07 06:33:25,7400.0,7451.0,Put GEX 5,GEX,-194761.083,,9320.102990278612
2026-10-07 06:33:25,7400.0,7451.0,Call VEX 5,VEX,1819049.504,,9320.102990278612
2026-10-07 06:33:25,7500.0,7551.75,Put GEX 2,GEX,-360963.138,,9320.102990278612
2026-10-07 06:33:25,7500.0,7551.75,Call VEX 3,VEX,2534156.644,,9320.102990278612
2026-10-07 06:33:25,7600.0,7652.25,Put GEX 4,GEX,-283464.273,,9320.102990278612
2026-10-07 06:33:25,7600.0,7652.25,Call VEX 4,VEX,2312915.376,,9320.102990278612
2026-10-07 06:33:25,7650.0,7702.75,Put GEX 3,GEX,-329963.024,,9320.102990278612
2026-10-07 06:33:25,7675.0,7728.0,Call CEX 5,CEX,1017427.583,,9320.102990278612
2026-10-07 06:33:25,7700.0,7753.0,Call CEX 2,CEX,1411637.433,,9320.102990278612
2026-10-07 06:33:25,7700.0,7753.0,Call DEX 2,DEX,361.815,,9320.102990278612
2026-10-07 06:33:25,7700.0,7753.0,Call VEX 2,VEX,2816329.551,,9320.102990278612
2026-10-07 06:33:25,7725.0,7778.25,Call CEX 3,CEX,1246872.264,,9320.102990278612
2026-10-07 06:33:25,7750.0,7803.5,Call CEX 1,CEX,2675014.57,,9320.102990278612
2026-10-07 06:33:25,7800.0,7853.75,Put CEX 4,CEX,-1574794.004,,9320.102990278612
2026-10-07 06:33:25,7800.0,7853.75,Call DEX 3,DEX,245.294,,9320.102990278612
2026-10-07 06:33:25,7800.0,7853.75,Call GEX 4,GEX,718041.864,,9320.102990278612
2026-10-07 06:33:25,7820.0,7874.0,Put CEX 5,CEX,-1336376.252,,9320.102990278612
2026-10-07 06:33:25,7825.0,7879.0,Put CEX 3,CEX,-1888648.214,,9320.102990278612
2026-10-07 06:33:25,7850.0,7904.0,Put CEX 2,CEX,-2102977.189,,9320.102990278612
2026-10-07 06:33:25,7850.0,7904.0,Call GEX 3,GEX,817974.861,,9320.102990278612
2026-10-07 06:33:25,7900.0,7954.5,Call DEX 5,DEX,209.965,,9320.102990278612
2026-10-07 06:33:25,7900.0,7954.5,Call GEX 2,GEX,943498.964,,9320.102990278612
2026-10-07 06:33:25,8000.0,8055.25,Put CEX 1,CEX,-5136988.334,,9320.102990278612
2026-10-07 06:33:25,8000.0,8055.25,Put DEX 1,DEX,-1766.455,,9320.102990278612
2026-10-07 06:33:25,8000.0,8055.25,Call GEX 1,GEX,973255.421,,9320.102990278612
2026-10-07 06:33:25,8000.0,8055.25,Put VEX 1,VEX,-12182210.517,,9320.102990278612
2026-10-07 06:33:25,8050.0,8105.5,Call DEX 4,DEX,243.684,,9320.102990278612
2026-10-07 06:33:25,8050.0,8105.5,Call GEX 5,GEX,716390.727,,9320.102990278612
2026-10-07 06:33:25,8050.0,8105.5,Put VEX 3,VEX,-1460130.896,,9320.102990278612
2026-10-07 06:33:25,8100.0,8155.75,Put VEX 2,VEX,-1686082.479,,9320.102990278612
2026-10-07 06:33:25,8150.0,8206.25,Put VEX 5,VEX,-1058512.671,,9320.102990278612
2026-10-07 06:33:25,8200.0,8256.5,Put VEX 4,VEX,-1164985.135,,9320.102990278612
2026-10-07 06:33:25,9000.0,9062.0,Put DEX 2,DEX,-56.663,,9320.102990278612
2026-10-07 06:33:25,10000.0,10069.0,Put DEX 4,DEX,-39.92,,9320.102990278612
2026-10-07 06:34:13,6400.0,6443.0,Put DEX 5,DEX,-38.739,,9316.442366789905
2026-10-07 06:34:13,6500.0,6543.5,Put DEX 3,DEX,-41.651,,9316.442366789905
2026-10-07 06:34:13,7000.0,7047.0,Call CEX 4,CEX,1098443.208,,9316.442366789905
2026-10-07 06:34:13,7000.0,7047.0,Call DEX 1,DEX,447.833,,9316.442366789905
2026-10-07 06:34:13,7000.0,7047.0,Put GEX 1,GEX,-804681.817,,9316.442366789905
2026-10-07 06:34:13,7000.0,7047.0,Call VEX 1,VEX,9126232.033,,9316.442366789905
2026-10-07 06:34:13,7400.0,7449.75,Put GEX 5,GEX,-196382.995,,9316.442366789905
2026-10-07 06:34:13,7400.0,7449.75,Call VEX 5,VEX,1804934.256,,9316.442366789905
2026-10-07 06:34:13,7500.0,7550.25,Put GEX 2,GEX,-365428.7,,9316.442366789905
2026-10-07 06:34:13,7500.0,7550.25,Call VEX 3,VEX,2511969.792,,9316.442366789905
2026-10-07 06:34:13,7600.0,7651.0,Put GEX 4,GEX,-285285.486,,9316.442366789905
2026-10-07 06:34:13,7600.0,7651.0,Call VEX 4,VEX,2312074.686,,9316.442366789905
2026-10-07 06:34:13,7650.0,7701.25,Put GEX 3,GEX,-325506.688,,9316.442366789905
2026-10-07 06:34:13,7700.0,7751.75,Call CEX 2,CEX,1330639.929,,9316.442366789905
2026-10-07 06:34:13,7700.0,7751.75,Call DEX 2,DEX,372.041,,9316.442366789905
2026-10-07 06:34:13,7700.0,7751.75,Call VEX 2,VEX,2862290.542,,9316.442366789905
2026-10-07 06:34:13,7720.0,7771.75,Call CEX 5,CEX,922943.897,,9316.442366789905
2026-10-07 06:34:13,7725.0,7776.75,Call CEX 3,CEX,1192375.003,,9316.442366789905
2026-10-07 06:34:13,7750.0,7802.0,Call CEX 1,CEX,2757844.964,,9316.442366789905
2026-10-07 06:34:13,7800.0,7852.25,Call DEX 3,DEX,256.992,,9316.442366789905
2026-10-07 06:34:13,7800.0,7852.25,Call GEX 4,GEX,759601.516,,9316.442366789905
2026-10-07 06:34:13,7820.0,7872.5,Put CEX 5,CEX,-1372000.399,,9316.442366789905
2026-10-07 06:34:13,7825.0,7877.5,Put CEX 3,CEX,-2061635.952,,9316.442366789905
2026-10-07 06:34:13,7830.0,7882.5,Put CEX 4,CEX,-1372722.975,,9316.442366789905
2026-10-07 06:34:13,7850.0,7902.75,Put CEX 2,CEX,-2425430.725,,9316.442366789905
2026-10-07 06:34:13,7850.0,7902.75,Call GEX 3,GEX,830104.693,,9316.442366789905
2026-10-07 06:34:13,7900.0,7953.0,Call DEX 5,DEX,209.565,,9316.442366789905
2026-10-07 06:34:13,7900.0,7953.0,Call GEX 2,GEX,959704.449,,9316.442366789905
2026-10-07 06:34:13,8000.0,8053.75,Put CEX 1,CEX,-5267456.874,,9316.442366789905
2026-10-07 06:34:13,8000.0,8053.75,Put DEX 1,DEX,-1726.33,,9316.442366789905
2026-10-07 06:34:13,8000.0,8053.75,Call GEX 1,GEX,959998.806,,9316.442366789905
2026-10-07 06:34:13,8000.0,8053.75,Put VEX 1,VEX,-12185570.274,,9316.442366789905
2026-10-07 06:34:13,8050.0,8104.0,Call DEX 4,DEX,246.33,,9316.442366789905
2026-10-07 06:34:13,8050.0,8104.0,Call GEX 5,GEX,724109.936,,9316.442366789905
2026-10-07 06:34:13,8050.0,8104.0,Put VEX 3,VEX,-1454004.518,,9316.442366789905
2026-10-07 06:34:13,8100.0,8154.25,Put VEX 2,VEX,-1678357.889,,9316.442366789905
2026-10-07 06:34:13,8150.0,8204.75,Put VEX 5,VEX,-1055532.225,,9316.442366789905
2026-10-07 06:34:13,8200.0,8255.0,Put VEX 4,VEX,-1163618.979,,9316.442366789905
2026-10-07 06:34:13,9000.0,9060.5,Put DEX 2,DEX,-56.536,,9316.442366789905
2026-10-07 06:34:13,10000.0,10067.0,Put DEX 4,DEX,-39.894,,9316.442366789905
2026-10-07 06:35:01,6400.0,6442.5,Put DEX 5,DEX,-39.02,,9314.479607440548
2026-10-07 06:35:01,6500.0,6543.25,Put DEX 3,DEX,-41.886,,9314.479607440548
2026-10-07 06:35:01,7000.0,7046.5,Call CEX 4,CEX,1105561.125,,9314.479607440548
2026-10-07 06:35:01,7000.0,7046.5,Call DEX 1,DEX,439.005,,9314.479607440548
2026-10-07 06:35:01,7000.0,7046.5,Put GEX 1,GEX,-809973.931,,9314.479607440548
2026-10-07 06:35:01,7000.0,7046.5,Call VEX 1,VEX,9124966.404,,9314.479607440548
2026-10-07 06:35:01,7400.0,7449.25,Put GEX 5,GEX,-198035.644,,9314.479607440548
2026-10-07 06:35:01,7400.0,7449.25,Call VEX 5,VEX,1805653.389,,9314.479607440548
2026-10-07 06:35:01,7500.0,7550.0,Put GEX 2,GEX,-370414.595,,9314.479607440548
2026-10-07 06:35:01,7500.0,7550.0,Call VEX 3,VEX,2503593.588,,9314.479607440548
2026-10-07 06:35:01,7600.0,7650.5,Put GEX 4,GEX,-289245.02,,9314.479607440548
2026-10-07 06:35:01,7600.0,7650.5,Call VEX 4,VEX,2303413.578,,9314.479607440548
2026-10-07 06:35:01,7650.0,7701.0,Put GEX 3,GEX,-330463.518,,9314.479607440548
2026-10-07 06:35:01,7700.0,7751.25,Call CEX 2,CEX,1326069.891,,9314.479607440548
2026-10-07 06:35:01,7700.0,7751.25,Call DEX 2,DEX,364.206,,9314.479607440548
2026-10-07 06:35:01,7700.0,7751.25,Call VEX 2,VEX,2820747.733,,9314.479607440548
2026-10-07 06:35:01,7720.0,7771.25,Call CEX 5,CEX,944053.985,,9314.479607440548
2026-10-07 06:35:01,7725.0,7776.5,Call CEX 3,CEX,1212254.327,,9314.479607440548
2026-10-07 06:35:01,7750.0,7801.5,Call CEX 1,CEX,2691865.821,,9314.479607440548
2026-10-07 06:35:01,7800.0,7852.0,Put CEX 4,CEX,-1545744.71,,9314.479607440548
2026-10-07 06:35:01,7800.0,7852.0,Call DEX 3,DEX,245.938,,9314.479607440548
2026-10-07 06:35:01,7800.0,7852.0,Call GEX 4,GEX,765899.376,,9314.479607440548
2026-10-07 06:35:01,7820.0,7872.0,Put CEX 5,CEX,-1370695.918,,9314.479607440548
2026-10-07 06:35:01,7825.0,7877.0,Put CEX 3,CEX,-2040162.88,,9314.479607440548
2026-10-07 06:35:01,7850.0,7902.25,Put CEX 2,CEX,-2360336.406,,9314.479607440548
2026-10-07 06:35:01,7850.0,7902.25,Call GEX 3,GEX,805447.542,,9314.479607440548
2026-10-07 06:35:01,7900.0,7952.5,Call DEX 5,DEX,204.659,,9314.479607440548
2026-10-07 06:35:01,7900.0,7952.5,Call GEX 1,GEX,941600.669,,9314.479607440548
2026-10-07 06:35:01,8000.0,8053.25,Put CEX 1,CEX,-5226457.715,,9314.479607440548
2026-10-07 06:35:01,8000.0,8053.25,Put DEX 1,DEX,-1744.776,,9314.479607440548
2026-10-07 06:35:01,8000.0,8053.25,Call GEX 2,GEX,930545.012,,9314.479607440548
2026-10-07 06:35:01,8000.0,8053.25,Put VEX 1,VEX,-12299915.661,,9314.479607440548
2026-10-07 06:35:01,8050.0,8103.5,Call DEX 4,DEX,243.26,,9314.479607440548
2026-10-07 06:35:01,8050.0,8103.5,Call GEX 5,GEX,718134.058,,9314.479607440548
2026-10-07 06:35:01,8050.0,8103.5,Put VEX 3,VEX,-1462144.447,,9314.479607440548
2026-10-07 06:35:01,8100.0,8154.0,Put VEX 2,VEX,-1688324.77,,9314.479607440548
2026-10-07 06:35:01,8150.0,8204.25,Put VEX 5,VEX,-1060690.938,,9314.479607440548
2026-10-07 06:35:01,8200.0,8254.5,Put VEX 4,VEX,-1165659.003,,9314.479607440548
2026-10-07 06:35:01,9000.0,9060.0,Put DEX 2,DEX,-56.433,,9314.479607440548
2026-10-07 06:35:01,10000.0,10066.5,Put DEX 4,DEX,-39.817,,9314.479607440548
2026-10-07 06:35:50,6400.0,6442.0,Put DEX 5,DEX,-39.305,,9299.48416701212
2026-10-07 06:35:50,6500.0,6542.75,Put DEX 3,DEX,-42.207,,9299.48416701212
2026-10-07 06:35:50,7000.0,7046.0,Call CEX 3,CEX,1105411.716,,9299.48416701212
2026-10-07 06:35:50,7000.0,7046.0,Call DEX 1,DEX,440.275,,9299.48416701212
2026-10-07 06:35:50,7000.0,7046.0,Put GEX 1,GEX,-821300.163,,9299.48416701212
2026-10-07 06:35:50,7000.0,7046.0,Call VEX 1,VEX,9056458.428,,9299.48416701212
2026-10-07 06:35:50,7400.0,7448.5,Put GEX 5,GEX,-199067.315,,9299.48416701212
2026-10-07 06:35:50,7400.0,7448.5,Call VEX 5,VEX,1804932.144,,9299.48416701212
2026-10-07 06:35:50,7500.0,7549.25,Put GEX 2,GEX,-377493.38,,9299.48416701212
2026-10-07 06:35:50,7500.0,7549.25,Call VEX 3,VEX,2492221.807,,9299.48416701212
2026-10-07 06:35:50,7600.0,7649.75,Put GEX 4,GEX,-290504.611,,9299.48416701212
2026-10-07 06:35:50,7600.0,7649.75,Call VEX 4,VEX,2301372.243,,9299.48416701212
2026-10-07 06:35:50,7650.0,7700.25,Put GEX 3,GEX,-331035.837,,9299.48416701212
2026-10-07 06:35:50,7700.0,7750.5,Call CEX 2,CEX,1284675.822,,9299.48416701212
2026-10-07 06:35:50,7700.0,7750.5,Call DEX 2,DEX,356.03,,9299.48416701212
2026-10-07 06:35:50,7700.0,7750.5,Call VEX 2,VEX,2799237.682,,9299.48416701212
2026-10-07 06:35:50,7725.0,7775.75,Call CEX 4,CEX,1083896.439,,9299.48416701212
2026-10-07 06:35:50,7740.0,7790.75,Call CEX 5,CEX,865714.188,,9299.48416701212
2026-10-07 06:35:50,7750.0,7800.75,Call CEX 1,CEX,2656899.441,,9299.48416701212
2026-10-07 06:35:50,7800.0,7851.25,Put CEX 4,CEX,-1607160.247,,9299.48416701212
2026-10-07 06:35:50,7800.0,7851.25,Call DEX 3,DEX,241.792,,9299.48416701212
2026-10-07 06:35:50,7800.0,7851.25,Call GEX 4,GEX,795853.147,,9299.48416701212
2026-10-07 06:35:50,7820.0,7871.25,Put CEX 5,CEX,-1365295.789,,9299.48416701212
2026-10-07 06:35:50,7825.0,7876.25,Put CEX 3,CEX,-2040499.428,,9299.48416701212
2026-10-07 06:35:50,7850.0,7901.5,Put CEX 2,CEX,-2403495.451,,9299.48416701212
2026-10-07 06:35:50,7850.0,7901.5,Call GEX 3,GEX,798090.535,,9299.48416701212
2026-10-07 06:35:50,7900.0,7951.75,Call DEX 5,DEX,202.601,,9299.48416701212
2026-10-07 06:35:50,7900.0,7951.75,Call GEX 1,GEX,936988.541,,9299.48416701212
2026-10-07 06:35:50,8000.0,8052.5,Put CEX 1,CEX,-5223490.988,,9299.48416701212
2026-10-07 06:35:50,8000.0,8052.5,Put DEX 1,DEX,-1749.126,,9299.48416701212
2026-10-07 06:35:50,8000.0,8052.5,Call GEX 2,GEX,930286.023,,9299.48416701212
2026-10-07 06:35:50,8000.0,8052.5,Put VEX 1,VEX,-12349762.247,,9299.48416701212
2026-10-07 06:35:50,8050.0,8102.75,Call DEX 4,DEX,241.332,,9299.48416701212
2026-10-07 06:35:50,8050.0,8102.75,Call GEX 5,GEX,716069.9,,9299.48416701212
2026-10-07 06:35:50,8050.0,8102.75,Put VEX 3,VEX,-1464837.907,,9299.48416701212
2026-10-07 06:35:50,8100.0,8153.0,Put VEX 2,VEX,-1692892.615,,9299.48416701212
2026-10-07 06:35:50,8150.0,8203.5,Put VEX 5,VEX,-1063758.988,,9299.48416701212
2026-10-07 06:35:50,8200.0,8253.75,Put VEX 4,VEX,-1166451.773,,9299.48416701212
2026-10-07 06:35:50,9000.0,9059.0,Put DEX 2,DEX,-56.188,,9299.48416701212
2026-10-07 06:35:50,10000.0,10065.5,Put DEX 4,DEX,-39.72,,9299.48416701212
2026-10-07 06:36:37,6400.0,6442.5,Put DEX 5,DEX,-39.401,,9303.0512177118
2026-10-07 06:36:37,6500.0,6543.25,Put DEX 3,DEX,-42.302,,9303.0512177118
2026-10-07 06:36:37,7000.0,7046.5,Call CEX 4,CEX,1117063.23,,9303.0512177118
2026-10-07 06:36:37,7000.0,7046.5,Call DEX 1,DEX,430.859,,9303.0512177118
2026-10-07 06:36:37,7000.0,7046.5,Put GEX 1,GEX,-810800.98,,9303.0512177118
2026-10-07 06:36:37,7000.0,7046.5,Call VEX 1,VEX,9198465.293,,9303.0512177118
2026-10-07 06:36:37,7400.0,7449.25,Put GEX 5,GEX,-200183.985,,9303.0512177118
2026-10-07 06:36:37,7400.0,7449.25,Call VEX 5,VEX,1810611.144,,9303.0512177118
2026-10-07 06:36:37,7500.0,7549.75,Put GEX 2,GEX,-371921.554,,9303.0512177118
2026-10-07 06:36:37,7500.0,7549.75,Call VEX 3,VEX,2520680.54,,9303.0512177118
2026-10-07 06:36:37,7600.0,7650.5,Put GEX 4,GEX,-293620.05,,9303.0512177118
2026-10-07 06:36:37,7600.0,7650.5,Call VEX 4,VEX,2294810.466,,9303.0512177118
2026-10-07 06:36:37,7650.0,7700.75,Put GEX 3,GEX,-337868.515,,9303.0512177118
2026-10-07 06:36:37,7700.0,7751.0,Call CEX 2,CEX,1375973.282,,9303.0512177118
2026-10-07 06:36:37,7700.0,7751.0,Call DEX 2,DEX,352.186,,9303.0512177118
2026-10-07 06:36:37,7700.0,7751.0,Call VEX 2,VEX,2759362.721,,9303.0512177118
2026-10-07 06:36:37,7720.0,7771.25,Call CEX 5,CEX,973467.428,,9303.0512177118
2026-10-07 06:36:37,7725.0,7776.25,Call CEX 3,CEX,1245154.749,,9303.0512177118
2026-10-07 06:36:37,7750.0,7801.5,Call CEX 1,CEX,2567729.068,,9303.0512177118
2026-10-07 06:36:37,7800.0,7851.75,Put CEX 4,CEX,-1753634.669,,9303.0512177118
2026-10-07 06:36:37,7800.0,7851.75,Call DEX 4,DEX,233.163,,9303.0512177118
2026-10-07 06:36:37,7800.0,7851.75,Call GEX 4,GEX,757444.573,,9303.0512177118
2026-10-07 06:36:37,7820.0,7872.0,Put CEX 5,CEX,-1356221.353,,9303.0512177118
2026-10-07 06:36:37,7825.0,7877.0,Put CEX 3,CEX,-2002129.583,,9303.0512177118
2026-10-07 06:36:37,7850.0,7902.0,Put CEX 2,CEX,-2252961.979,,9303.0512177118
2026-10-07 06:36:37,7850.0,7902.0,Call GEX 3,GEX,775085.812,,9303.0512177118
2026-10-07 06:36:37,7900.0,7952.5,Call DEX 5,DEX,199.796,,9303.0512177118
2026-10-07 06:36:37,7900.0,7952.5,Call GEX 1,GEX,920195.116,,9303.0512177118
2026-10-07 06:36:37,8000.0,8053.0,Put CEX 1,CEX,-5186091.252,,9303.0512177118
2026-10-07 06:36:37,8000.0,8053.0,Put DEX 1,DEX,-1778.546,,9303.0512177118
2026-10-07 06:36:37,8000.0,8053.0,Call GEX 2,GEX,898917.234,,9303.0512177118
2026-10-07 06:36:37,8000.0,8053.0,Put VEX 1,VEX,-12354480.592,,9303.0512177118
2026-10-07 06:36:37,8050.0,8103.5,Call DEX 3,DEX,240.293,,9303.0512177118
2026-10-07 06:36:37,8050.0,8103.5,Call GEX 5,GEX,708666.373,,9303.0512177118
2026-10-07 06:36:37,8050.0,8103.5,Put VEX 3,VEX,-1467060.654,,9303.0512177118
2026-10-07 06:36:37,8100.0,8153.75,Put VEX 2,VEX,-1695372.811,,9303.0512177118
2026-10-07 06:36:37,8150.0,8204.0,Put VEX 5,VEX,-1063306.193,,9303.0512177118
2026-10-07 06:36:37,8200.0,8254.5,Put VEX 4,VEX,-1166703.75,,9303.0512177118
2026-10-07 06:36:37,9000.0,9059.75,Put DEX 2,DEX,-56.511,,9303.0512177118
2026-10-07 06:36:37,10000.0,10066.5,Put DEX 4,DEX,-39.872,,9303.0512177118
2026-10-07 06:37:24,6400.0,6442.75,Put DEX 5,DEX,-39.39,,9300.226850476334
2026-10-07 06:37:24,6500.0,6543.5,Put DEX 3,DEX,-42.27,,9300.226850476334
2026-10-07 06:37:24,7000.0,7046.75,Call CEX 4,CEX,1113378.73,,9300.226850476334
2026-10-07 06:37:24,7000.0,7046.75,Call DEX 1,DEX,433.802,,9300.226850476334
2026-10-07 06:37:24,7000.0,7046.75,Put GEX 1,GEX,-814404.365,,9300.226850476334
2026-10-07 06:37:24,7000.0,7046.75,Call VEX 1,VEX,9157429.269,,9300.226850476334
2026-10-07 06:37:24,7400.0,7449.5,Put GEX 5,GEX,-199757.527,,9300.226850476334
2026-10-07 06:37:24,7400.0,7449.5,Call VEX 5,VEX,1809707.353,,9300.226850476334
2026-10-07 06:37:24,7500.0,7550.25,Put GEX 2,GEX,-369958.772,,9300.226850476334
2026-10-07 06:37:24,7500.0,7550.25,Call VEX 3,VEX,2524712.415,,9300.226850476334
2026-10-07 06:37:24,7600.0,7650.75,Put GEX 4,GEX,-291225.759,,9300.226850476334
2026-10-07 06:37:24,7600.0,7650.75,Call VEX 4,VEX,2299220.912,,9300.226850476334
2026-10-07 06:37:24,7650.0,7701.25,Put GEX 3,GEX,-335873.92,,9300.226850476334
2026-10-07 06:37:24,7700.0,7751.5,Call CEX 2,CEX,1375117.996,,9300.226850476334
2026-10-07 06:37:24,7700.0,7751.5,Call DEX 2,DEX,354.482,,9300.226850476334
2026-10-07 06:37:24,7700.0,7751.5,Call VEX 2,VEX,2771942.303,,9300.226850476334
2026-10-07 06:37:24,7720.0,7771.5,Call CEX 5,CEX,971341.869,,9300.226850476334
2026-10-07 06:37:24,7725.0,7776.75,Call CEX 3,CEX,1239939.814,,9300.226850476334
2026-10-07 06:37:24,7750.0,7801.75,Call CEX 1,CEX,2605518.664,,9300.226850476334
2026-10-07 06:37:24,7800.0,7852.25,Put CEX 4,CEX,-1732460.72,,9300.226850476334
2026-10-07 06:37:24,7800.0,7852.25,Call DEX 4,DEX,235.294,,9300.226850476334
2026-10-07 06:37:24,7800.0,7852.25,Call GEX 4,GEX,758774.431,,9300.226850476334
2026-10-07 06:37:24,7820.0,7872.25,Put CEX 5,CEX,-1359129.612,,9300.226850476334
2026-10-07 06:37:24,7825.0,7877.25,Put CEX 3,CEX,-2001676.719,,9300.226850476334
2026-10-07 06:37:24,7850.0,7902.5,Put CEX 2,CEX,-2254448.368,,9300.226850476334
2026-10-07 06:37:24,7850.0,7902.5,Call GEX 3,GEX,780534.514,,9300.226850476334
2026-10-07 06:37:24,7900.0,7952.75,Call DEX 5,DEX,200.433,,9300.226850476334
2026-10-07 06:37:24,7900.0,7952.75,Call GEX 1,GEX,922944.11,,9300.226850476334
2026-10-07 06:37:24,8000.0,8053.5,Put CEX 1,CEX,-5182635.162,,9300.226850476334
2026-10-07 06:37:24,8000.0,8053.5,Put DEX 1,DEX,-1775.088,,9300.226850476334
2026-10-07 06:37:24,8000.0,8053.5,Call GEX 2,GEX,914929.554,,9300.226850476334
2026-10-07 06:37:24,8000.0,8053.5,Put VEX 1,VEX,-12321366.525,,9300.226850476334
2026-10-07 06:37:24,8050.0,8103.75,Call DEX 3,DEX,240.717,,9300.226850476334
2026-10-07 06:37:24,8050.0,8103.75,Call GEX 5,GEX,710442.098,,9300.226850476334
2026-10-07 06:37:24,8050.0,8103.75,Put VEX 3,VEX,-1466011.92,,9300.226850476334
2026-10-07 06:37:24,8100.0,8154.25,Put VEX 2,VEX,-1694609.63,,9300.226850476334
2026-10-07 06:37:24,8150.0,8204.5,Put VEX 5,VEX,-1063276.202,,9300.226850476334
2026-10-07 06:37:24,8200.0,8254.75,Put VEX 4,VEX,-1166511.269,,9300.226850476334
2026-10-07 06:37:24,9000.0,9060.25,Put DEX 2,DEX,-56.481,,9300.226850476334
2026-10-07 06:37:24,10000.0,10066.75,Put DEX 4,DEX,-39.822,,9300.226850476334
2026-10-07 06:38:13,6400.0,6443.0,Put DEX 5,DEX,-39.543,,9299.248966941355
2026-10-07 06:38:13,6500.0,6543.5,Put DEX 3,DEX,-42.497,,9299.248966941355
2026-10-07 06:38:13,7000.0,7047.0,Call CEX 4,CEX,1118776.238,,9299.248966941355
2026-10-07 06:38:13,7000.0,7047.0,Call DEX 1,DEX,428.564,,9299.248966941355
2026-10-07 06:38:13,7000.0,7047.0,Put GEX 1,GEX,-813867.773,,9299.248966941355
2026-10-07 06:38:13,7000.0,7047.0,Call VEX 1,VEX,9200614.768,,9299.248966941355
2026-10-07 06:38:13,7400.0,7449.75,Put GEX 5,GEX,-200963.626,,9299.248966941355
2026-10-07 06:38:13,7400.0,7449.75,Call VEX 5,VEX,1809909.215,,9299.248966941355
2026-10-07 06:38:13,7500.0,7550.25,Put GEX 2,GEX,-371818.634,,9299.248966941355
2026-10-07 06:38:13,7500.0,7550.25,Call VEX 3,VEX,2525820.811,,9299.248966941355
2026-10-07 06:38:13,7600.0,7651.0,Put GEX 4,GEX,-294090.193,,9299.248966941355
2026-10-07 06:38:13,7600.0,7651.0,Call VEX 4,VEX,2290433.872,,9299.248966941355
2026-10-07 06:38:13,7650.0,7701.25,Put GEX 3,GEX,-341067.855,,9299.248966941355
2026-10-07 06:38:13,7700.0,7751.75,Call CEX 2,CEX,1415396.447,,9299.248966941355
2026-10-07 06:38:13,7700.0,7751.75,Call DEX 2,DEX,346.439,,9299.248966941355
2026-10-07 06:38:13,7700.0,7751.75,Call VEX 2,VEX,2730256.899,,9299.248966941355
2026-10-07 06:38:13,7720.0,7771.75,Call CEX 5,CEX,999046.479,,9299.248966941355
2026-10-07 06:38:13,7725.0,7776.75,Call CEX 3,CEX,1264408.236,,9299.248966941355
2026-10-07 06:38:13,7750.0,7802.0,Call CEX 1,CEX,2495509.968,,9299.248966941355
2026-10-07 06:38:13,7800.0,7852.25,Put CEX 4,CEX,-1860668.922,,9299.248966941355
2026-10-07 06:38:13,7800.0,7852.25,Call DEX 4,DEX,226.708,,9299.248966941355
2026-10-07 06:38:13,7800.0,7852.25,Call GEX 4,GEX,746689.075,,9299.248966941355
2026-10-07 06:38:13,7820.0,7872.5,Put CEX 5,CEX,-1339718.077,,9299.248966941355
2026-10-07 06:38:13,7825.0,7877.5,Put CEX 3,CEX,-1959741.927,,9299.248966941355
2026-10-07 06:38:13,7850.0,7902.75,Put CEX 2,CEX,-2214899.979,,9299.248966941355
2026-10-07 06:38:13,7850.0,7902.75,Call GEX 3,GEX,765236.517,,9299.248966941355
2026-10-07 06:38:13,7900.0,7953.0,Call DEX 5,DEX,197.155,,9299.248966941355
2026-10-07 06:38:13,7900.0,7953.0,Call GEX 1,GEX,908275.166,,9299.248966941355
2026-10-07 06:38:13,8000.0,8053.75,Put CEX 1,CEX,-5129788.237,,9299.248966941355
2026-10-07 06:38:13,8000.0,8053.75,Put DEX 1,DEX,-1799.482,,9299.248966941355
2026-10-07 06:38:13,8000.0,8053.75,Call GEX 2,GEX,901920.546,,9299.248966941355
2026-10-07 06:38:13,8000.0,8053.75,Put VEX 1,VEX,-12347463.213,,9299.248966941355
2026-10-07 06:38:13,8050.0,8104.0,Call DEX 3,DEX,238.805,,9299.248966941355
2026-10-07 06:38:13,8050.0,8104.0,Call GEX 5,GEX,704337.797,,9299.248966941355
2026-10-07 06:38:13,8050.0,8104.0,Put VEX 3,VEX,-1469736.958,,9299.248966941355
2026-10-07 06:38:13,8100.0,8154.25,Put VEX 2,VEX,-1699913.179,,9299.248966941355
2026-10-07 06:38:13,8150.0,8204.75,Put VEX 5,VEX,-1065715.168,,9299.248966941355
2026-10-07 06:38:13,8200.0,8255.0,Put VEX 4,VEX,-1166885.71,,9299.248966941355
2026-10-07 06:38:13,9000.0,9060.25,Put DEX 2,DEX,-56.657,,9299.248966941355
2026-10-07 06:38:13,10000.0,10067.0,Put DEX 4,DEX,-39.861,,9299.248966941355
2026-10-07 06:39:00,6400.0,6443.25,Put DEX 4,DEX,-40.132,,9297.913304356256
2026-10-07 06:39:00,6500.0,6544.0,Put DEX 3,DEX,-43.145,,9297.913304356256
2026-10-07 06:39:00,7000.0,7047.25,Call CEX 5,CEX,1137108.577,,9297.913304356256
2026-10-07 06:39:00,7000.0,7047.25,Call DEX 1,DEX,419.352,,9297.913304356256
2026-10-07 06:39:00,7000.0,7047.25,Put GEX 1,GEX,-821820.604,,9297.913304356256
2026-10-07 06:39:00,7000.0,7047.25,Call VEX 1,VEX,9264659.671,,9297.913304356256
2026-10-07 06:39:00,7400.0,7450.0,Put GEX 5,GEX,-203856.087,,9297.913304356256
2026-10-07 06:39:00,7400.0,7450.0,Call VEX 5,VEX,1819459.251,,9297.913304356256
2026-10-07 06:39:00,7500.0,7550.75,Put GEX 2,GEX,-375782.901,,9297.913304356256
2026-10-07 06:39:00,7500.0,7550.75,Call VEX 3,VEX,2537335.669,,9297.913304356256
2026-10-07 06:39:00,7600.0,7651.5,Put GEX 4,GEX,-299898.51,,9297.913304356256
2026-10-07 06:39:00,7600.0,7651.5,Call VEX 4,VEX,2274955.37,,9297.913304356256
2026-10-07 06:39:00,7650.0,7701.75,Put GEX 3,GEX,-351634.786,,9297.913304356256
2026-10-07 06:39:00,7675.0,7727.0,Call CEX 4,CEX,1143531.738,,9297.913304356256
2026-10-07 06:39:00,7700.0,7752.0,Call CEX 2,CEX,1489693.836,,9297.913304356256
2026-10-07 06:39:00,7700.0,7752.0,Call DEX 2,DEX,328.727,,9297.913304356256
2026-10-07 06:39:00,7700.0,7752.0,Call VEX 2,VEX,2638303.462,,9297.913304356256
2026-10-07 06:39:00,7725.0,7777.25,Call CEX 3,CEX,1283953.186,,9297.913304356256
2026-10-07 06:39:00,7750.0,7802.5,Call CEX 1,CEX,2132218.173,,9297.913304356256
2026-10-07 06:39:00,7800.0,7852.75,Put CEX 2,CEX,-2070546.596,,9297.913304356256
2026-10-07 06:39:00,7800.0,7852.75,Call DEX 4,DEX,208.464,,9297.913304356256
2026-10-07 06:39:00,7800.0,7852.75,Call GEX 4,GEX,724935.52,,9297.913304356256
2026-10-07 06:39:00,7820.0,7873.0,Put CEX 5,CEX,-1268976.787,,9297.913304356256
2026-10-07 06:39:00,7825.0,7878.0,Put CEX 4,CEX,-1806091.318,,9297.913304356256
2026-10-07 06:39:00,7850.0,7903.0,Put CEX 3,CEX,-1991746.117,,9297.913304356256
2026-10-07 06:39:00,7850.0,7903.0,Call GEX 3,GEX,732701.856,,9297.913304356256
2026-10-07 06:39:00,7900.0,7953.5,Call DEX 5,DEX,192.904,,9297.913304356256
2026-10-07 06:39:00,7900.0,7953.5,Call GEX 2,GEX,882412.241,,9297.913304356256
2026-10-07 06:39:00,8000.0,8054.0,Put CEX 1,CEX,-5011445.236,,9297.913304356256
2026-10-07 06:39:00,8000.0,8054.0,Put DEX 1,DEX,-1845.22,,9297.913304356256
2026-10-07 06:39:00,8000.0,8054.0,Call GEX 1,GEX,889368.484,,9297.913304356256
2026-10-07 06:39:00,8000.0,8054.0,Put VEX 1,VEX,-12441227.549,,9297.913304356256
2026-10-07 06:39:00,8050.0,8104.5,Call DEX 3,DEX,234.283,,9297.913304356256
2026-10-07 06:39:00,8050.0,8104.5,Call GEX 5,GEX,692487.978,,9297.913304356256
2026-10-07 06:39:00,8050.0,8104.5,Put VEX 3,VEX,-1480582.905,,9297.913304356256
2026-10-07 06:39:00,8100.0,8154.75,Put VEX 2,VEX,-1712123.113,,9297.913304356256
2026-10-07 06:39:00,8150.0,8205.25,Put VEX 5,VEX,-1071924.762,,9297.913304356256
2026-10-07 06:39:00,8200.0,8255.5,Put VEX 4,VEX,-1168518.289,,9297.913304356256
2026-10-07 06:39:00,9000.0,9061.0,Put DEX 2,DEX,-56.699,,9297.913304356256
2026-10-07 06:39:00,10000.0,10067.75,Put DEX 5,DEX,-39.786,,9297.913304356256
2026-10-07 06:39:48,6400.0,6443.5,Put DEX 4,DEX,-40.549,,9298.63191841784
2026-10-07 06:39:48,6500.0,6544.25,Put DEX 3,DEX,-43.3,,9298.63191841784
2026-10-07 06:39:48,7000.0,7047.75,Call CEX 5,CEX,1227279.105,,9298.63191841784
2026-10-07 06:39:48,7000.0,7047.75,Call DEX 1,DEX,2839.243,,9298.63191841784
2026-10-07 06:39:48,7000.0,7047.75,Put GEX 1,GEX,-680801.083,,9298.63191841784
2026-10-07 06:39:48,7000.0,7047.75,Call VEX 1,VEX,10580137.908,,9298.63191841784
2026-10-07 06:39:48,7400.0,7450.5,Put GEX 5,GEX,-197886.383,,9298.63191841784
2026-10-07 06:39:48,7400.0,7450.5,Call VEX 5,VEX,1850257.061,,9298.63191841784
2026-10-07 06:39:48,7500.0,7551.0,Put GEX 2,GEX,-378015.244,,9298.63191841784
2026-10-07 06:39:48,7500.0,7551.0,Call VEX 3,VEX,2540990.917,,9298.63191841784
2026-10-07 06:39:48,7600.0,7651.75,Put GEX 4,GEX,-301779.707,,9298.63191841784
2026-10-07 06:39:48,7600.0,7651.75,Call VEX 4,VEX,2270787.426,,9298.63191841784
2026-10-07 06:39:48,7650.0,7702.0,Put GEX 3,GEX,-358997.886,,9298.63191841784
2026-10-07 06:39:48,7675.0,7727.25,Call CEX 4,CEX,1229225.074,,9298.63191841784
2026-10-07 06:39:48,7700.0,7752.5,Call CEX 2,CEX,1511407.059,,9298.63191841784
2026-10-07 06:39:48,7700.0,7752.5,Call DEX 2,DEX,320.152,,9298.63191841784
2026-10-07 06:39:48,7700.0,7752.5,Call VEX 2,VEX,2591528.971,,9298.63191841784
2026-10-07 06:39:48,7725.0,7777.5,Call CEX 3,CEX,1275982.769,,9298.63191841784
2026-10-07 06:39:48,7750.0,7802.75,Call CEX 1,CEX,1945169.645,,9298.63191841784
2026-10-07 06:39:48,7795.0,7848.0,Put CEX 5,CEX,-1180550.327,,9298.63191841784
2026-10-07 06:39:48,7800.0,7853.25,Put CEX 2,CEX,-2150139.229,,9298.63191841784
2026-10-07 06:39:48,7800.0,7853.25,Call DEX 4,DEX,200.229,,9298.63191841784
2026-10-07 06:39:48,7800.0,7853.25,Call GEX 4,GEX,701688.895,,9298.63191841784
2026-10-07 06:39:48,7825.0,7878.25,Put CEX 4,CEX,-1266488.246,,9298.63191841784
2026-10-07 06:39:48,7850.0,7903.5,Put CEX 3,CEX,-1878287.125,,9298.63191841784
2026-10-07 06:39:48,7850.0,7903.5,Call GEX 3,GEX,722229.038,,9298.63191841784
2026-10-07 06:39:48,7900.0,7953.75,Call DEX 5,DEX,192.046,,9298.63191841784
2026-10-07 06:39:48,7900.0,7953.75,Call GEX 2,GEX,863470.872,,9298.63191841784
2026-10-07 06:39:48,8000.0,8054.5,Put CEX 1,CEX,-4931981.605,,9298.63191841784
2026-10-07 06:39:48,8000.0,8054.5,Put DEX 1,DEX,-1873.742,,9298.63191841784
2026-10-07 06:39:48,8000.0,8054.5,Call GEX 1,GEX,890664.437,,9298.63191841784
2026-10-07 06:39:48,8000.0,8054.5,Put VEX 1,VEX,-12427404.12,,9298.63191841784
2026-10-07 06:39:48,8050.0,8104.75,Call DEX 3,DEX,232.961,,9298.63191841784
2026-10-07 06:39:48,8050.0,8104.75,Call GEX 5,GEX,685706.219,,9298.63191841784
2026-10-07 06:39:48,8050.0,8104.75,Put VEX 3,VEX,-1482578.13,,9298.63191841784
2026-10-07 06:39:48,8100.0,8155.25,Put VEX 2,VEX,-1718437.399,,9298.63191841784
2026-10-07 06:39:48,8150.0,8205.5,Put VEX 5,VEX,-1073051.707,,9298.63191841784
2026-10-07 06:39:48,8200.0,8255.75,Put VEX 4,VEX,-1168450.152,,9298.63191841784
2026-10-07 06:39:48,9000.0,9061.25,Put DEX 2,DEX,-56.977,,9298.63191841784
2026-10-07 06:39:48,10000.0,10068.0,Put DEX 5,DEX,-39.923,,9298.63191841784
2026-10-07 06:40:35,6000.0,6040.0,Put DEX 3,DEX,-46.042,,9295.722199080024
2026-10-07 06:40:35,6400.0,6442.75,Put DEX 5,DEX,-40.448,,9295.722199080024
2026-10-07 06:40:35,6500.0,6543.25,Put DEX 4,DEX,-43.283,,9295.722199080024
2026-10-07 06:40:35,7000.0,7046.75,Call CEX 4,CEX,1124577.377,,9295.722199080024
2026-10-07 06:40:35,7000.0,7046.75,Call DEX 1,DEX,424.002,,9295.722199080024
2026-10-07 06:40:35,7000.0,7046.75,Put GEX 1,GEX,-832327.119,,9295.722199080024
2026-10-07 06:40:35,7000.0,7046.75,Call VEX 1,VEX,9178906.547,,9295.722199080024
2026-10-07 06:40:35,7400.0,7449.25,Put GEX 5,GEX,-205614.411,,9295.722199080024
2026-10-07 06:40:35,7400.0,7449.25,Call VEX 5,VEX,1813318.511,,9295.722199080024
2026-10-07 06:40:35,7500.0,7550.0,Put GEX 2,GEX,-380196.587,,9295.722199080024
2026-10-07 06:40:35,7500.0,7550.0,Call VEX 3,VEX,2527807.489,,9295.722199080024
2026-10-07 06:40:35,7600.0,7650.75,Put GEX 4,GEX,-297870.382,,9295.722199080024
2026-10-07 06:40:35,7600.0,7650.75,Call VEX 4,VEX,2277935.509,,9295.722199080024
2026-10-07 06:40:35,7650.0,7701.0,Put GEX 3,GEX,-350223.877,,9295.722199080024
2026-10-07 06:40:35,7675.0,7726.25,Call CEX 5,CEX,1045493.489,,9295.722199080024
2026-10-07 06:40:35,7700.0,7751.25,Call CEX 2,CEX,1456161.297,,9295.722199080024
2026-10-07 06:40:35,7700.0,7751.25,Call DEX 2,DEX,329.951,,9295.722199080024
2026-10-07 06:40:35,7700.0,7751.25,Call VEX 2,VEX,2642672.345,,9295.722199080024
2026-10-07 06:40:35,7725.0,7776.5,Call CEX 3,CEX,1281292.694,,9295.722199080024
2026-10-07 06:40:35,7750.0,7801.75,Call CEX 1,CEX,2160983.53,,9295.722199080024
2026-10-07 06:40:35,7800.0,7852.0,Put CEX 3,CEX,-2074387.788,,9295.722199080024
2026-10-07 06:40:35,7800.0,7852.0,Call DEX 4,DEX,208.497,,9295.722199080024
2026-10-07 06:40:35,7800.0,7852.0,Call GEX 3,GEX,747659.443,,9295.722199080024
2026-10-07 06:40:35,7820.0,7872.0,Put CEX 5,CEX,-1296563.152,,9295.722199080024
2026-10-07 06:40:35,7825.0,7877.25,Put CEX 4,CEX,-1896410.551,,9295.722199080024
2026-10-07 06:40:35,7850.0,7902.25,Put CEX 2,CEX,-2101552.85,,9295.722199080024
2026-10-07 06:40:35,7850.0,7902.25,Call GEX 4,GEX,728662.455,,9295.722199080024
2026-10-07 06:40:35,7900.0,7952.75,Call DEX 5,DEX,189.36,,9295.722199080024
2026-10-07 06:40:35,7900.0,7952.75,Call GEX 1,GEX,877037.345,,9295.722199080024
2026-10-07 06:40:35,8000.0,8053.25,Put CEX 1,CEX,-5046760.502,,9295.722199080024
2026-10-07 06:40:35,8000.0,8053.25,Put DEX 1,DEX,-1837.802,,9295.722199080024
2026-10-07 06:40:35,8000.0,8053.25,Call GEX 2,GEX,875727.351,,9295.722199080024
2026-10-07 06:40:35,8000.0,8053.25,Put VEX 1,VEX,-12496495.434,,9295.722199080024
2026-10-07 06:40:35,8050.0,8103.75,Call DEX 3,DEX,233.415,,9295.722199080024
2026-10-07 06:40:35,8050.0,8103.75,Call GEX 5,GEX,693311.291,,9295.722199080024
2026-10-07 06:40:35,8050.0,8103.75,Put VEX 3,VEX,-1480519.604,,9295.722199080024
2026-10-07 06:40:35,8100.0,8154.0,Put VEX 2,VEX,-1718378.841,,9295.722199080024
2026-10-07 06:40:35,8150.0,8204.25,Put VEX 5,VEX,-1073492.839,,9295.722199080024
2026-10-07 06:40:35,8200.0,8254.75,Put VEX 4,VEX,-1168708.5,,9295.722199080024
2026-10-07 06:40:35,9000.0,9060.0,Put DEX 2,DEX,-56.609,,9295.722199080024
2026-10-07 06:41:24,6400.0,6443.25,Put DEX 4,DEX,-40.417,,9296.607396380894
2026-10-07 06:41:24,6500.0,6544.0,Put DEX 3,DEX,-43.259,,9296.607396380894
2026-10-07 06:41:24,7000.0,7047.5,Call CEX 4,CEX,1135666.574,,9296.607396380894
2026-10-07 06:41:24,7000.0,7047.5,Call DEX 1,DEX,417.784,,9296.607396380894
2026-10-07 06:41:24,7000.0,7047.5,Put GEX 1,GEX,-822261.769,,9296.607396380894
2026-10-07 06:41:24,7000.0,7047.5,Call VEX 1,VEX,9275851.713,,9296.607396380894
2026-10-07 06:41:24,7400.0,7450.0,Put GEX 5,GEX,-205748.115,,9296.607396380894
2026-10-07 06:41:24,7400.0,7450.0,Call VEX 5,VEX,1814668.728,,9296.607396380894
2026-10-07 06:41:24,7500.0,7550.75,Put GEX 2,GEX,-379489.476,,9296.607396380894
2026-10-07 06:41:24,7500.0,7550.75,Call VEX 3,VEX,2531529.296,,9296.607396380894
2026-10-07 06:41:24,7600.0,7651.5,Put GEX 4,GEX,-300075.818,,9296.607396380894
2026-10-07 06:41:24,7600.0,7651.5,Call VEX 4,VEX,2274450.766,,9296.607396380894
2026-10-07 06:41:24,7650.0,7701.75,Put GEX 3,GEX,-353576.95,,9296.607396380894
2026-10-07 06:41:24,7675.0,7727.0,Call CEX 5,CEX,1086827.142,,9296.607396380894
2026-10-07 06:41:24,7700.0,7752.25,Call CEX 2,CEX,1464637.91,,9296.607396380894
2026-10-07 06:41:24,7700.0,7752.25,Call DEX 2,DEX,327.088,,9296.607396380894
2026-10-07 06:41:24,7700.0,7752.25,Call VEX 2,VEX,2626886.444,,9296.607396380894
2026-10-07 06:41:24,7725.0,7777.25,Call CEX 3,CEX,1282458.983,,9296.607396380894
2026-10-07 06:41:24,7750.0,7802.5,Call CEX 1,CEX,2103782.967,,9296.607396380894
2026-10-07 06:41:24,7800.0,7852.75,Put CEX 2,CEX,-2124706.097,,9296.607396380894
2026-10-07 06:41:24,7800.0,7852.75,Call DEX 4,DEX,204.35,,9296.607396380894
2026-10-07 06:41:24,7800.0,7852.75,Call GEX 3,GEX,746152.244,,9296.607396380894
2026-10-07 06:41:24,7820.0,7873.0,Put CEX 5,CEX,-1272728.977,,9296.607396380894
2026-10-07 06:41:24,7825.0,7878.0,Put CEX 4,CEX,-1856749.264,,9296.607396380894
2026-10-07 06:41:24,7850.0,7903.25,Put CEX 3,CEX,-2085222.354,,9296.607396380894
2026-10-07 06:41:24,7850.0,7903.25,Call GEX 4,GEX,723474.051,,9296.607396380894
2026-10-07 06:41:24,7900.0,7953.5,Call DEX 5,DEX,187.291,,9296.607396380894
2026-10-07 06:41:24,7900.0,7953.5,Call GEX 1,GEX,871800.817,,9296.607396380894
2026-10-07 06:41:24,8000.0,8054.25,Put CEX 1,CEX,-5015719.161,,9296.607396380894
2026-10-07 06:41:24,8000.0,8054.25,Put DEX 1,DEX,-1851.48,,9296.607396380894
2026-10-07 06:41:24,8000.0,8054.25,Call GEX 2,GEX,859411.742,,9296.607396380894
2026-10-07 06:41:24,8000.0,8054.25,Put VEX 1,VEX,-12500396.878,,9296.607396380894
2026-10-07 06:41:24,8050.0,8104.5,Call DEX 3,DEX,232.646,,9296.607396380894
2026-10-07 06:41:24,8050.0,8104.5,Call GEX 5,GEX,689952.053,,9296.607396380894
2026-10-07 06:41:24,8050.0,8104.5,Put VEX 3,VEX,-1481058.061,,9296.607396380894
2026-10-07 06:41:24,8100.0,8154.75,Put VEX 2,VEX,-1717106.087,,9296.607396380894
2026-10-07 06:41:24,8150.0,8205.25,Put VEX 5,VEX,-1072970.66,,9296.607396380894
2026-10-07 06:41:24,8200.0,8255.5,Put VEX 4,VEX,-1168438.207,,9296.607396380894
2026-10-07 06:41:24,9000.0,9061.0,Put DEX 2,DEX,-56.736,,9296.607396380894
2026-10-07 06:41:24,10000.0,10067.75,Put DEX 5,DEX,-39.782,,9296.607396380894
2026-10-07 06:42:12,6400.0,6443.25,Put DEX 4,DEX,-40.454,,9298.891678716142
2026-10-07 06:42:12,6500.0,6544.0,Put DEX 3,DEX,-43.242,,9298.891678716142
2026-10-07 06:42:12,7000.0,7047.5,Call CEX 4,CEX,1233561.459,,9298.891678716142
2026-10-07 06:42:12,7000.0,7047.5,Call DEX 1,DEX,2836.578,,9298.891678716142
2026-10-07 06:42:12,7000.0,7047.5,Put GEX 1,GEX,-664387.991,,9298.891678716142
2026-10-07 06:42:12,7000.0,7047.5,Call VEX 1,VEX,10711893.292,,9298.891678716142
2026-10-07 06:42:12,7400.0,7450.0,Put GEX 5,GEX,-200559.649,,9298.891678716142
2026-10-07 06:42:12,7400.0,7450.0,Call VEX 5,VEX,1837342.915,,9298.891678716142
2026-10-07 06:42:12,7500.0,7550.75,Put GEX 2,GEX,-379701.008,,9298.891678716142
2026-10-07 06:42:12,7500.0,7550.75,Call VEX 3,VEX,2534716.116,,9298.891678716142
2026-10-07 06:42:12,7600.0,7651.5,Put GEX 4,GEX,-301860.871,,9298.891678716142
2026-10-07 06:42:12,7600.0,7651.5,Call VEX 4,VEX,2272251.367,,9298.891678716142
2026-10-07 06:42:12,7650.0,7701.75,Put GEX 3,GEX,-358268.761,,9298.891678716142
2026-10-07 06:42:12,7675.0,7727.0,Call CEX 5,CEX,1175514.786,,9298.891678716142
2026-10-07 06:42:12,7700.0,7752.25,Call CEX 2,CEX,1492592.43,,9298.891678716142
2026-10-07 06:42:12,7700.0,7752.25,Call DEX 2,DEX,323.673,,9298.891678716142
2026-10-07 06:42:12,7700.0,7752.25,Call VEX 2,VEX,2609294.01,,9298.891678716142
2026-10-07 06:42:12,7725.0,7777.25,Call CEX 3,CEX,1283468.028,,9298.891678716142
2026-10-07 06:42:12,7750.0,7802.5,Call CEX 1,CEX,2056409.161,,9298.891678716142
2026-10-07 06:42:12,7800.0,7852.75,Put CEX 2,CEX,-2163710.428,,9298.891678716142
2026-10-07 06:42:12,7800.0,7852.75,Call DEX 4,DEX,201.279,,9298.891678716142
2026-10-07 06:42:12,7800.0,7852.75,Call GEX 4,GEX,720119.233,,9298.891678716142
2026-10-07 06:42:12,7820.0,7873.0,Put CEX 5,CEX,-1194330.709,,9298.891678716142
2026-10-07 06:42:12,7825.0,7878.0,Put CEX 4,CEX,-1647082.602,,9298.891678716142
2026-10-07 06:42:12,7850.0,7903.25,Put CEX 3,CEX,-1886903.295,,9298.891678716142
2026-10-07 06:42:12,7850.0,7903.25,Call GEX 3,GEX,728661.753,,9298.891678716142
2026-10-07 06:42:12,7900.0,7953.5,Call DEX 5,DEX,191.661,,9298.891678716142
2026-10-07 06:42:12,7900.0,7953.5,Call GEX 1,GEX,866954.344,,9298.891678716142
2026-10-07 06:42:12,8000.0,8054.25,Put CEX 1,CEX,-4944094.818,,9298.891678716142
2026-10-07 06:42:12,8000.0,8054.25,Put DEX 1,DEX,-1869.528,,9298.891678716142
2026-10-07 06:42:12,8000.0,8054.25,Call GEX 2,GEX,848611.944,,9298.891678716142
2026-10-07 06:42:12,8000.0,8054.25,Put VEX 1,VEX,-12432173.451,,9298.891678716142
2026-10-07 06:42:12,8050.0,8104.5,Call DEX 3,DEX,232.682,,9298.891678716142
2026-10-07 06:42:12,8050.0,8104.5,Call GEX 5,GEX,686263.49,,9298.891678716142
2026-10-07 06:42:12,8050.0,8104.5,Put VEX 3,VEX,-1479270.406,,9298.891678716142
2026-10-07 06:42:12,8100.0,8154.75,Put VEX 2,VEX,-1717216.474,,9298.891678716142
2026-10-07 06:42:12,8150.0,8205.25,Put VEX 5,VEX,-1072097.587,,9298.891678716142
2026-10-07 06:42:12,8200.0,8255.5,Put VEX 4,VEX,-1167896.549,,9298.891678716142
2026-10-07 06:42:12,9000.0,9061.0,Put DEX 2,DEX,-57.099,,9298.891678716142
2026-10-07 06:42:12,10000.0,10067.75,Put DEX 5,DEX,-39.952,,9298.891678716142
2026-10-07 06:43:01,6400.0,6443.25,Put DEX 4,DEX,-40.305,,9297.810485308935
2026-10-07 06:43:01,6500.0,6544.0,Put DEX 3,DEX,-43.029,,9297.810485308935
2026-10-07 06:43:01,7000.0,7047.25,Call CEX 4,CEX,1147723.823,,9297.810485308935
2026-10-07 06:43:01,7000.0,7047.25,Call DEX 1,DEX,2871.949,,9297.810485308935
2026-10-07 06:43:01,7000.0,7047.25,Put GEX 1,GEX,-802209.994,,9297.810485308935
2026-10-07 06:43:01,7000.0,7047.25,Call VEX 1,VEX,9441247.635,,9297.810485308935
2026-10-07 06:43:01,7400.0,7450.0,Put GEX 5,GEX,-204613.293,,9297.810485308935
2026-10-07 06:43:01,7400.0,7450.0,Call VEX 5,VEX,1813532.452,,9297.810485308935
2026-10-07 06:43:01,7500.0,7550.75,Put GEX 2,GEX,-376744.361,,9297.810485308935
2026-10-07 06:43:01,7500.0,7550.75,Call VEX 3,VEX,2532397.385,,9297.810485308935
2026-10-07 06:43:01,7600.0,7651.5,Put GEX 4,GEX,-298283.008,,9297.810485308935
2026-10-07 06:43:01,7600.0,7651.5,Call VEX 4,VEX,2280849.709,,9297.810485308935
2026-10-07 06:43:01,7650.0,7701.75,Put GEX 3,GEX,-351068.926,,9297.810485308935
2026-10-07 06:43:01,7675.0,7727.0,Call CEX 5,CEX,1127568.562,,9297.810485308935
2026-10-07 06:43:01,7700.0,7752.0,Call CEX 2,CEX,1462529.054,,9297.810485308935
2026-10-07 06:43:01,7700.0,7752.0,Call DEX 2,DEX,332.523,,9297.810485308935
2026-10-07 06:43:01,7700.0,7752.0,Call VEX 2,VEX,2656852.978,,9297.810485308935
2026-10-07 06:43:01,7725.0,7777.25,Call CEX 3,CEX,1289932.364,,9297.810485308935
2026-10-07 06:43:01,7750.0,7802.5,Call CEX 1,CEX,2254891.393,,9297.810485308935
2026-10-07 06:43:01,7800.0,7852.75,Put CEX 2,CEX,-2089647.03,,9297.810485308935
2026-10-07 06:43:01,7800.0,7852.75,Call DEX 4,DEX,209.889,,9297.810485308935
2026-10-07 06:43:01,7800.0,7852.75,Call GEX 4,GEX,732339.879,,9297.810485308935
2026-10-07 06:43:01,7820.0,7873.0,Put CEX 5,CEX,-1263022.843,,9297.810485308935
2026-10-07 06:43:01,7825.0,7878.0,Put CEX 4,CEX,-1802865.039,,9297.810485308935
2026-10-07 06:43:01,7850.0,7903.0,Put CEX 3,CEX,-1907543.45,,9297.810485308935
2026-10-07 06:43:01,7850.0,7903.0,Call GEX 3,GEX,746168.0,,9297.810485308935
2026-10-07 06:43:01,7900.0,7953.5,Call DEX 5,DEX,194.517,,9297.810485308935
2026-10-07 06:43:01,7900.0,7953.5,Call GEX 1,GEX,880899.912,,9297.810485308935
2026-10-07 06:43:01,8000.0,8054.25,Put CEX 1,CEX,-5000701.88,,9297.810485308935
2026-10-07 06:43:01,8000.0,8054.25,Put DEX 1,DEX,-1845.326,,9297.810485308935
2026-10-07 06:43:01,8000.0,8054.25,Call GEX 2,GEX,858307.662,,9297.810485308935
2026-10-07 06:43:01,8000.0,8054.25,Put VEX 1,VEX,-12410969.282,,9297.810485308935
2026-10-07 06:43:01,8050.0,8104.5,Call DEX 3,DEX,234.293,,9297.810485308935
2026-10-07 06:43:01,8050.0,8104.5,Call GEX 5,GEX,692800.547,,9297.810485308935
2026-10-07 06:43:01,8050.0,8104.5,Put VEX 3,VEX,-1475859.13,,9297.810485308935
2026-10-07 06:43:01,8100.0,8154.75,Put VEX 2,VEX,-1712550.792,,9297.810485308935
2026-10-07 06:43:01,8150.0,8205.25,Put VEX 5,VEX,-1070148.804,,9297.810485308935
2026-10-07 06:43:01,8200.0,8255.5,Put VEX 4,VEX,-1167747.31,,9297.810485308935
2026-10-07 06:43:01,9000.0,9061.0,Put DEX 2,DEX,-56.887,,9297.810485308935
2026-10-07 06:43:01,10000.0,10067.75,Put DEX 5,DEX,-39.881,,9297.810485308935
2026-10-07 06:43:49,6400.0,6442.25,Put DEX 4,DEX,-40.309,,9296.808539343989
2026-10-07 06:43:49,6500.0,6542.75,Put DEX 3,DEX,-43.051,,9296.808539343989
2026-10-07 06:43:49,7000.0,7046.25,Call CEX 4,CEX,1132574.91,,9296.808539343989
2026-10-07 06:43:49,7000.0,7046.25,Call DEX 1,DEX,420.465,,9296.808539343989
2026-10-07 06:43:49,7000.0,7046.25,Put GEX 1,GEX,-820819.218,,9296.808539343989
2026-10-07 06:43:49,7000.0,7046.25,Call VEX 1,VEX,9260016.341,,9296.808539343989
2026-10-07 06:43:49,7400.0,7448.75,Put GEX 5,GEX,-204855.219,,9296.808539343989
2026-10-07 06:43:49,7400.0,7448.75,Call VEX 5,VEX,1812656.934,,9296.808539343989
2026-10-07 06:43:49,7500.0,7549.5,Put GEX 2,GEX,-381054.172,,9296.808539343989
2026-10-07 06:43:49,7500.0,7549.5,Call VEX 3,VEX,2523030.938,,9296.808539343989
2026-10-07 06:43:49,7600.0,7650.0,Put GEX 4,GEX,-299360.887,,9296.808539343989
2026-10-07 06:43:49,7600.0,7650.0,Call VEX 4,VEX,2279733.734,,9296.808539343989
2026-10-07 06:43:49,7650.0,7700.5,Put GEX 3,GEX,-349831.882,,9296.808539343989
2026-10-07 06:43:49,7700.0,7750.75,Call CEX 2,CEX,1416058.38,,9296.808539343989
2026-10-07 06:43:49,7700.0,7750.75,Call DEX 2,DEX,333.796,,9296.808539343989
2026-10-07 06:43:49,7700.0,7750.75,Call VEX 2,VEX,2660096.793,,9296.808539343989
2026-10-07 06:43:49,7720.0,7771.0,Call CEX 5,CEX,1022307.853,,9296.808539343989
2026-10-07 06:43:49,7725.0,7776.0,Call CEX 3,CEX,1280919.386,,9296.808539343989
2026-10-07 06:43:49,7750.0,7801.0,Call CEX 1,CEX,2259464.684,,9296.808539343989
2026-10-07 06:43:49,7800.0,7851.5,Put CEX 3,CEX,-2084317.624,,9296.808539343989
2026-10-07 06:43:49,7800.0,7851.5,Call DEX 4,DEX,209.655,,9296.808539343989
2026-10-07 06:43:49,7800.0,7851.5,Call GEX 3,GEX,760349.481,,9296.808539343989
2026-10-07 06:43:49,7820.0,7871.5,Put CEX 5,CEX,-1312905.082,,9296.808539343989
2026-10-07 06:43:49,7825.0,7876.5,Put CEX 4,CEX,-1929364.861,,9296.808539343989
2026-10-07 06:43:49,7850.0,7901.75,Put CEX 2,CEX,-2180844.149,,9296.808539343989
2026-10-07 06:43:49,7850.0,7901.75,Call GEX 4,GEX,736794.83,,9296.808539343989
2026-10-07 06:43:49,7900.0,7952.0,Call DEX 5,DEX,189.053,,9296.808539343989
2026-10-07 06:43:49,7900.0,7952.0,Call GEX 1,GEX,882618.628,,9296.808539343989
2026-10-07 06:43:49,8000.0,8052.75,Put CEX 1,CEX,-5032237.896,,9296.808539343989
2026-10-07 06:43:49,8000.0,8052.75,Put DEX 1,DEX,-1839.044,,9296.808539343989
2026-10-07 06:43:49,8000.0,8052.75,Call GEX 2,GEX,853630.285,,9296.808539343989
2026-10-07 06:43:49,8000.0,8052.75,Put VEX 1,VEX,-12460577.788,,9296.808539343989
2026-10-07 06:43:49,8050.0,8103.0,Call DEX 3,DEX,233.572,,9296.808539343989
2026-10-07 06:43:49,8050.0,8103.0,Call GEX 5,GEX,694018.131,,9296.808539343989
2026-10-07 06:43:49,8050.0,8103.0,Put VEX 3,VEX,-1478220.332,,9296.808539343989
2026-10-07 06:43:49,8100.0,8153.5,Put VEX 2,VEX,-1714189.03,,9296.808539343989
2026-10-07 06:43:49,8150.0,8203.75,Put VEX 5,VEX,-1071916.984,,9296.808539343989
2026-10-07 06:43:49,8200.0,8254.0,Put VEX 4,VEX,-1168094.767,,9296.808539343989
2026-10-07 06:43:49,9000.0,9059.25,Put DEX 2,DEX,-56.668,,9296.808539343989
2026-10-07 06:43:49,10000.0,10066.0,Put DEX 5,DEX,-39.78,,9296.808539343989
2026-10-07 06:44:37,6000.0,6040.5,Put DEX 3,DEX,-45.496,,9303.780666883966
2026-10-07 06:44:37,6400.0,6443.0,Put DEX 5,DEX,-39.968,,9303.780666883966
2026-10-07 06:44:37,6500.0,6543.75,Put DEX 4,DEX,-42.853,,9303.780666883966
2026-10-07 06:44:37,7000.0,7047.25,Call CEX 4,CEX,1143378.352,,9303.780666883966
2026-10-07 06:44:37,7000.0,7047.25,Call DEX 1,DEX,2867.405,,9303.780666883966
2026-10-07 06:44:37,7000.0,7047.25,Put GEX 1,GEX,-786553.812,,9303.780666883966
2026-10-07 06:44:37,7000.0,7047.25,Call VEX 1,VEX,9539673.467,,9303.780666883966
2026-10-07 06:44:37,7400.0,7449.75,Put GEX 5,GEX,-203917.132,,9303.780666883966
2026-10-07 06:44:37,7400.0,7449.75,Call VEX 5,VEX,1812521.518,,9303.780666883966
2026-10-07 06:44:37,7500.0,7550.5,Put GEX 2,GEX,-376440.905,,9303.780666883966
2026-10-07 06:44:37,7500.0,7550.5,Call VEX 3,VEX,2529113.435,,9303.780666883966
2026-10-07 06:44:37,7600.0,7651.25,Put GEX 4,GEX,-297463.868,,9303.780666883966
2026-10-07 06:44:37,7600.0,7651.25,Call VEX 4,VEX,2285215.255,,9303.780666883966
2026-10-07 06:44:37,7650.0,7701.5,Put GEX 3,GEX,-348437.615,,9303.780666883966
2026-10-07 06:44:37,7675.0,7726.75,Call CEX 5,CEX,1067029.156,,9303.780666883966
2026-10-07 06:44:37,7700.0,7751.75,Call CEX 2,CEX,1454485.44,,9303.780666883966
2026-10-07 06:44:37,7700.0,7751.75,Call DEX 2,DEX,337.859,,9303.780666883966
2026-10-07 06:44:37,7700.0,7751.75,Call VEX 2,VEX,2685080.022,,9303.780666883966
2026-10-07 06:44:37,7725.0,7777.0,Call CEX 3,CEX,1290088.199,,9303.780666883966
2026-10-07 06:44:37,7750.0,7802.25,Call CEX 1,CEX,2362559.621,,9303.780666883966
2026-10-07 06:44:37,7800.0,7852.5,Put CEX 3,CEX,-2038169.332,,9303.780666883966
2026-10-07 06:44:37,7800.0,7852.5,Call DEX 4,DEX,214.912,,9303.780666883966
2026-10-07 06:44:37,7800.0,7852.5,Call GEX 4,GEX,745613.77,,9303.780666883966
2026-10-07 06:44:37,7820.0,7872.75,Put CEX 5,CEX,-1318907.284,,9303.780666883966
2026-10-07 06:44:37,7825.0,7877.75,Put CEX 4,CEX,-1915530.998,,9303.780666883966
2026-10-07 06:44:37,7850.0,7902.75,Put CEX 2,CEX,-2160040.506,,9303.780666883966
2026-10-07 06:44:37,7850.0,7902.75,Call GEX 3,GEX,751647.482,,9303.780666883966
2026-10-07 06:44:37,7900.0,7953.25,Call DEX 5,DEX,191.351,,9303.780666883966
2026-10-07 06:44:37,7900.0,7953.25,Call GEX 1,GEX,891933.396,,9303.780666883966
2026-10-07 06:44:37,8000.0,8054.0,Put CEX 1,CEX,-5037455.44,,9303.780666883966
2026-10-07 06:44:37,8000.0,8054.0,Put DEX 1,DEX,-1831.781,,9303.780666883966
2026-10-07 06:44:37,8000.0,8054.0,Call GEX 2,GEX,861067.006,,9303.780666883966
2026-10-07 06:44:37,8000.0,8054.0,Put VEX 1,VEX,-12402264.247,,9303.780666883966
2026-10-07 06:44:37,8050.0,8104.25,Call DEX 3,DEX,235.447,,9303.780666883966
2026-10-07 06:44:37,8050.0,8104.25,Call GEX 5,GEX,695863.392,,9303.780666883966
2026-10-07 06:44:37,8050.0,8104.25,Put VEX 3,VEX,-1472590.811,,9303.780666883966
2026-10-07 06:44:37,8100.0,8154.5,Put VEX 2,VEX,-1708177.62,,9303.780666883966
2026-10-07 06:44:37,8150.0,8205.0,Put VEX 5,VEX,-1068105.008,,9303.780666883966
2026-10-07 06:44:37,8200.0,8255.25,Put VEX 4,VEX,-1166914.583,,9303.780666883966
2026-10-07 06:44:37,9000.0,9060.5,Put DEX 2,DEX,-64.631,,9303.780666883966
2026-10-07 06:45:25,6400.0,6444.25,Put DEX 4,DEX,-40.109,,9299.167302628786
2026-10-07 06:45:25,6400.0,6444.25,Put DEX 4,DEX,-40.109,,9299.167302628786
2026-10-07 06:45:25,6500.0,6545.0,Put DEX 3,DEX,-42.997,,9299.167302628786
2026-10-07 06:45:25,6500.0,6545.0,Put DEX 3,DEX,-42.997,,9299.167302628786
2026-10-07 06:45:25,7000.0,7048.5,Call CEX 5,CEX,1199749.998,,9299.167302628786
2026-10-07 06:45:25,7000.0,7048.5,Call CEX 5,CEX,1199749.998,,9299.167302628786
2026-10-07 06:45:25,7000.0,7048.5,Call DEX 1,DEX,2861.621,,9299.167302628786
2026-10-07 06:45:25,7000.0,7048.5,Call DEX 1,DEX,2861.621,,9299.167302628786
2026-10-07 06:45:25,7000.0,7048.5,Put GEX 1,GEX,-716306.36,,9299.167302628786
2026-10-07 06:45:25,7000.0,7048.5,Put GEX 1,GEX,-716306.36,,9299.167302628786
2026-10-07 06:45:25,7000.0,7048.5,Call VEX 1,VEX,10209016.84,,9299.167302628786
2026-10-07 06:45:25,7000.0,7048.5,Call VEX 1,VEX,10209016.84,,9299.167302628786
2026-10-07 06:45:25,7400.0,7451.25,Call VEX 5,VEX,1856193.386,,9299.167302628786
2026-10-07 06:45:25,7400.0,7451.25,Call VEX 5,VEX,1856193.386,,9299.167302628786
2026-10-07 06:45:25,7500.0,7552.0,Put GEX 2,GEX,-372194.545,,9299.167302628786
2026-10-07 06:45:25,7500.0,7552.0,Put GEX 2,GEX,-372194.545,,9299.167302628786
2026-10-07 06:45:25,7500.0,7552.0,Call VEX 3,VEX,2543048.467,,9299.167302628786
2026-10-07 06:45:25,7500.0,7552.0,Call VEX 3,VEX,2543048.467,,9299.167302628786
2026-10-07 06:45:25,7600.0,7652.75,Put GEX 4,GEX,-298841.618,,9299.167302628786
2026-10-07 06:45:25,7600.0,7652.75,Put GEX 4,GEX,-298841.618,,9299.167302628786
2026-10-07 06:45:25,7600.0,7652.75,Call VEX 4,VEX,2277494.005,,9299.167302628786
2026-10-07 06:45:25,7600.0,7652.75,Call VEX 4,VEX,2277494.005,,9299.167302628786
2026-10-07 06:45:25,7650.0,7703.0,Put GEX 3,GEX,-354404.317,,9299.167302628786
2026-10-07 06:45:25,7650.0,7703.0,Put GEX 3,GEX,-354404.317,,9299.167302628786
2026-10-07 06:45:25,7675.0,7728.25,Call CEX 4,CEX,1205031.248,,9299.167302628786
2026-10-07 06:45:25,7675.0,7728.25,Call CEX 4,CEX,1205031.248,,9299.167302628786
2026-10-07 06:45:25,7700.0,7753.25,Call CEX 2,CEX,1491986.764,,9299.167302628786
2026-10-07 06:45:25,7700.0,7753.25,Call CEX 2,CEX,1491986.764,,9299.167302628786
2026-10-07 06:45:25,7700.0,7753.25,Call DEX 2,DEX,328.75,,9299.167302628786
2026-10-07 06:45:25,7700.0,7753.25,Call DEX 2,DEX,328.75,,9299.167302628786
2026-10-07 06:45:25,7700.0,7753.25,Put GEX 5,GEX,-194605.137,,9299.167302628786
2026-10-07 06:45:25,7700.0,7753.25,Put GEX 5,GEX,-194605.137,,9299.167302628786
2026-10-07 06:45:25,7700.0,7753.25,Call VEX 2,VEX,2638127.188,,9299.167302628786
2026-10-07 06:45:25,7700.0,7753.25,Call VEX 2,VEX,2638127.188,,9299.167302628786
2026-10-07 06:45:25,7725.0,7778.5,Call CEX 3,CEX,1293099.095,,9299.167302628786
2026-10-07 06:45:25,7725.0,7778.5,Call CEX 3,CEX,1293099.095,,9299.167302628786
2026-10-07 06:45:25,7750.0,7803.75,Call CEX 1,CEX,2179476.727,,9299.167302628786
2026-10-07 06:45:25,7750.0,7803.75,Call CEX 1,CEX,2179476.727,,9299.167302628786
2026-10-07 06:45:25,7795.0,7849.0,Put CEX 5,CEX,-1178949.463,,9299.167302628786
2026-10-07 06:45:25,7795.0,7849.0,Put CEX 5,CEX,-1178949.463,,9299.167302628786
2026-10-07 06:45:25,7800.0,7854.0,Put CEX 2,CEX,-2151933.168,,9299.167302628786
2026-10-07 06:45:25,7800.0,7854.0,Put CEX 2,CEX,-2151933.168,,9299.167302628786
2026-10-07 06:45:25,7800.0,7854.0,Call DEX 4,DEX,204.894,,9299.167302628786
2026-10-07 06:45:25,7800.0,7854.0,Call DEX 4,DEX,204.894,,9299.167302628786
2026-10-07 06:45:25,7800.0,7854.0,Call GEX 4,GEX,704198.022,,9299.167302628786
2026-10-07 06:45:25,7800.0,7854.0,Call GEX 4,GEX,704198.022,,9299.167302628786
2026-10-07 06:45:25,7825.0,7879.25,Put CEX 4,CEX,-1306154.027,,9299.167302628786
2026-10-07 06:45:25,7825.0,7879.25,Put CEX 4,CEX,-1306154.027,,9299.167302628786
2026-10-07 06:45:25,7850.0,7904.5,Put CEX 3,CEX,-1970598.75,,9299.167302628786
2026-10-07 06:45:25,7850.0,7904.5,Put CEX 3,CEX,-1970598.75,,9299.167302628786
2026-10-07 06:45:25,7850.0,7904.5,Call GEX 3,GEX,748946.819,,9299.167302628786
2026-10-07 06:45:25,7850.0,7904.5,Call GEX 3,GEX,748946.819,,9299.167302628786
2026-10-07 06:45:25,7900.0,7954.75,Call DEX 5,DEX,192.845,,9299.167302628786
2026-10-07 06:45:25,7900.0,7954.75,Call DEX 5,DEX,192.845,,9299.167302628786
2026-10-07 06:45:25,7900.0,7954.75,Call GEX 2,GEX,879797.143,,9299.167302628786
2026-10-07 06:45:25,7900.0,7954.75,Call GEX 2,GEX,879797.143,,9299.167302628786
2026-10-07 06:45:25,8000.0,8055.5,Put CEX 1,CEX,-4844138.701,,9299.167302628786
2026-10-07 06:45:25,8000.0,8055.5,Put CEX 1,CEX,-4844138.701,,9299.167302628786
2026-10-07 06:45:25,8000.0,8055.5,Put DEX 1,DEX,-1882.388,,9299.167302628786
2026-10-07 06:45:25,8000.0,8055.5,Put DEX 1,DEX,-1882.388,,9299.167302628786
2026-10-07 06:45:25,8000.0,8055.5,Call GEX 1,GEX,940894.607,,9299.167302628786
2026-10-07 06:45:25,8000.0,8055.5,Call GEX 1,GEX,940894.607,,9299.167302628786
2026-10-07 06:45:25,8000.0,8055.5,Put VEX 1,VEX,-12243515.503,,9299.167302628786
2026-10-07 06:45:25,8000.0,8055.5,Put VEX 1,VEX,-12243515.503,,9299.167302628786
2026-10-07 06:45:25,8050.0,8105.75,Call DEX 3,DEX,233.054,,9299.167302628786
2026-10-07 06:45:25,8050.0,8105.75,Call DEX 3,DEX,233.054,,9299.167302628786
2026-10-07 06:45:25,8050.0,8105.75,Call GEX 5,GEX,690049.337,,9299.167302628786
2026-10-07 06:45:25,8050.0,8105.75,Call GEX 5,GEX,690049.337,,9299.167302628786
2026-10-07 06:45:25,8050.0,8105.75,Put VEX 3,VEX,-1478409.611,,9299.167302628786
2026-10-07 06:45:25,8050.0,8105.75,Put VEX 3,VEX,-1478409.611,,9299.167302628786
2026-10-07 06:45:25,8100.0,8156.0,Put VEX 2,VEX,-1714679.656,,9299.167302628786
2026-10-07 06:45:25,8100.0,8156.0,Put VEX 2,VEX,-1714679.656,,9299.167302628786
2026-10-07 06:45:25,8150.0,8206.5,Put VEX 5,VEX,-1071101.413,,9299.167302628786
2026-10-07 06:45:25,8150.0,8206.5,Put VEX 5,VEX,-1071101.413,,9299.167302628786
2026-10-07 06:45:25,8200.0,8256.75,Put VEX 4,VEX,-1167286.621,,9299.167302628786
2026-10-07 06:45:25,8200.0,8256.75,Put VEX 4,VEX,-1167286.621,,9299.167302628786
2026-10-07 06:45:25,9000.0,9062.25,Put DEX 2,DEX,-57.117,,9299.167302628786
2026-10-07 06:45:25,9000.0,9062.25,Put DEX 2,DEX,-57.117,,9299.167302628786
2026-10-07 06:45:25,10000.0,10069.25,Put DEX 5,DEX,-39.929,,9299.167302628786
2026-10-07 06:45:25,10000.0,10069.25,Put DEX 5,DEX,-39.929,,9299.167302628786
2026-10-07 06:46:50,6400.0,6443.5,Put DEX 4,DEX,-40.044,,9301.827282095024
2026-10-07 06:46:50,6500.0,6544.25,Put DEX 3,DEX,-42.93,,9301.827282095024
2026-10-07 06:46:50,7000.0,7047.5,Call CEX 4,CEX,1138708.368,,9301.827282095024
2026-10-07 06:46:50,7000.0,7047.5,Call DEX 1,DEX,423.882,,9301.827282095024
2026-10-07 06:46:50,7000.0,7047.5,Put GEX 1,GEX,-823101.17,,9301.827282095024
2026-10-07 06:46:50,7000.0,7047.5,Call VEX 1,VEX,9229451.587,,9301.827282095024
2026-10-07 06:46:50,7400.0,7450.25,Put GEX 5,GEX,-203818.972,,9301.827282095024
2026-10-07 06:46:50,7400.0,7450.25,Call VEX 5,VEX,1811766.55,,9301.827282095024
2026-10-07 06:46:50,7500.0,7551.0,Put GEX 2,GEX,-375121.419,,9301.827282095024
2026-10-07 06:46:50,7500.0,7551.0,Call VEX 3,VEX,2530528.406,,9301.827282095024
2026-10-07 06:46:50,7600.0,7651.75,Put GEX 4,GEX,-297459.396,,9301.827282095024
2026-10-07 06:46:50,7600.0,7651.75,Call VEX 4,VEX,2283244.489,,9301.827282095024
2026-10-07 06:46:50,7650.0,7702.0,Put GEX 3,GEX,-348663.001,,9301.827282095024
2026-10-07 06:46:50,7675.0,7727.25,Call CEX 5,CEX,1059290.426,,9301.827282095024
2026-10-07 06:46:50,7700.0,7752.25,Call CEX 2,CEX,1447325.483,,9301.827282095024
2026-10-07 06:46:50,7700.0,7752.25,Call DEX 2,DEX,336.12,,9301.827282095024
2026-10-07 06:46:50,7700.0,7752.25,Call VEX 2,VEX,2675114.146,,9301.827282095024
2026-10-07 06:46:50,7725.0,7777.5,Call CEX 3,CEX,1293725.622,,9301.827282095024
2026-10-07 06:46:50,7750.0,7802.75,Call CEX 1,CEX,2322791.033,,9301.827282095024
2026-10-07 06:46:50,7800.0,7853.0,Put CEX 3,CEX,-2084448.99,,9301.827282095024
2026-10-07 06:46:50,7800.0,7853.0,Call DEX 4,DEX,211.333,,9301.827282095024
2026-10-07 06:46:50,7800.0,7853.0,Call GEX 3,GEX,753015.295,,9301.827282095024
2026-10-07 06:46:50,7820.0,7873.25,Put CEX 5,CEX,-1316118.189,,9301.827282095024
2026-10-07 06:46:50,7825.0,7878.25,Put CEX 4,CEX,-1905389.948,,9301.827282095024
2026-10-07 06:46:50,7850.0,7903.5,Put CEX 2,CEX,-2157782.414,,9301.827282095024
2026-10-07 06:46:50,7850.0,7903.5,Call GEX 4,GEX,749771.717,,9301.827282095024
2026-10-07 06:46:50,7900.0,7953.75,Call DEX 5,DEX,191.388,,9301.827282095024
2026-10-07 06:46:50,7900.0,7953.75,Call GEX 1,GEX,891907.136,,9301.827282095024
2026-10-07 06:46:50,8000.0,8054.5,Put CEX 1,CEX,-5040046.601,,9301.827282095024
2026-10-07 06:46:50,8000.0,8054.5,Put DEX 1,DEX,-1842.526,,9301.827282095024
2026-10-07 06:46:50,8000.0,8054.5,Call GEX 2,GEX,858434.471,,9301.827282095024
2026-10-07 06:46:50,8000.0,8054.5,Put VEX 1,VEX,-12411032.766,,9301.827282095024
2026-10-07 06:46:50,8050.0,8104.75,Call DEX 3,DEX,233.406,,9301.827282095024
2026-10-07 06:46:50,8050.0,8104.75,Call GEX 5,GEX,694543.341,,9301.827282095024
2026-10-07 06:46:50,8050.0,8104.75,Put VEX 3,VEX,-1474601.281,,9301.827282095024
2026-10-07 06:46:50,8100.0,8155.0,Put VEX 2,VEX,-1711124.797,,9301.827282095024
2026-10-07 06:46:50,8150.0,8205.5,Put VEX 5,VEX,-1071522.403,,9301.827282095024
2026-10-07 06:46:50,8200.0,8255.75,Put VEX 4,VEX,-1165333.352,,9301.827282095024
2026-10-07 06:46:50,9000.0,9061.25,Put DEX 2,DEX,-56.83,,9301.827282095024
2026-10-07 06:46:50,10000.0,10068.0,Put DEX 5,DEX,-39.786,,9301.827282095024
2026-10-07 06:47:38,6400.0,6443.75,Put DEX 4,DEX,-40.221,,9304.68383023615
2026-10-07 06:47:38,6500.0,6544.25,Put DEX 3,DEX,-43.093,,9304.68383023615
2026-10-07 06:47:38,7000.0,7047.75,Call CEX 4,CEX,1188673.312,,9304.68383023615
2026-10-07 06:47:38,7000.0,7047.75,Call DEX 1,DEX,2859.763,,9304.68383023615
2026-10-07 06:47:38,7000.0,7047.75,Put GEX 1,GEX,-746153.516,,9304.68383023615
2026-10-07 06:47:38,7000.0,7047.75,Call VEX 1,VEX,9960626.05,,9304.68383023615
2026-10-07 06:47:38,7400.0,7450.5,Put GEX 5,GEX,-201816.83,,9304.68383023615
2026-10-07 06:47:38,7400.0,7450.5,Call VEX 5,VEX,1828036.825,,9304.68383023615
2026-10-07 06:47:38,7500.0,7551.25,Put GEX 2,GEX,-378135.804,,9304.68383023615
2026-10-07 06:47:38,7500.0,7551.25,Call VEX 3,VEX,2532874.61,,9304.68383023615
2026-10-07 06:47:38,7600.0,7651.75,Put GEX 4,GEX,-301724.153,,9304.68383023615
2026-10-07 06:47:38,7600.0,7651.75,Call VEX 4,VEX,2274299.53,,9304.68383023615
2026-10-07 06:47:38,7650.0,7702.25,Put GEX 3,GEX,-357997.106,,9304.68383023615
2026-10-07 06:47:38,7675.0,7727.25,Call CEX 5,CEX,1165154.916,,9304.68383023615
2026-10-07 06:47:38,7700.0,7752.5,Call CEX 2,CEX,1494750.366,,9304.68383023615
2026-10-07 06:47:38,7700.0,7752.5,Call DEX 2,DEX,325.728,,9304.68383023615
2026-10-07 06:47:38,7700.0,7752.5,Call VEX 2,VEX,2620796.145,,9304.68383023615
2026-10-07 06:47:38,7725.0,7777.75,Call CEX 3,CEX,1295350.517,,9304.68383023615
2026-10-07 06:47:38,7750.0,7802.75,Call CEX 1,CEX,2098553.63,,9304.68383023615
2026-10-07 06:47:38,7800.0,7853.25,Put CEX 2,CEX,-2193918.532,,9304.68383023615
2026-10-07 06:47:38,7800.0,7853.25,Call DEX 4,DEX,200.422,,9304.68383023615
2026-10-07 06:47:38,7800.0,7853.25,Call GEX 4,GEX,731004.8,,9304.68383023615
2026-10-07 06:47:38,7820.0,7873.25,Put CEX 5,CEX,-1225619.766,,9304.68383023615
2026-10-07 06:47:38,7825.0,7878.25,Put CEX 4,CEX,-1719523.332,,9304.68383023615
2026-10-07 06:47:38,7850.0,7903.5,Put CEX 3,CEX,-1980922.66,,9304.68383023615
2026-10-07 06:47:38,7850.0,7903.5,Call GEX 3,GEX,738902.518,,9304.68383023615
2026-10-07 06:47:38,7900.0,7953.75,Call DEX 5,DEX,190.395,,9304.68383023615
2026-10-07 06:47:38,7900.0,7953.75,Call GEX 1,GEX,873457.328,,9304.68383023615
2026-10-07 06:47:38,8000.0,8054.5,Put CEX 1,CEX,-4933948.601,,9304.68383023615
2026-10-07 06:47:38,8000.0,8054.5,Put DEX 1,DEX,-1880.577,,9304.68383023615
2026-10-07 06:47:38,8000.0,8054.5,Call GEX 2,GEX,865820.421,,9304.68383023615
2026-10-07 06:47:38,8000.0,8054.5,Put VEX 1,VEX,-12389663.428,,9304.68383023615
2026-10-07 06:47:38,8050.0,8105.0,Call DEX 3,DEX,231.2,,9304.68383023615
2026-10-07 06:47:38,8050.0,8105.0,Call GEX 5,GEX,686761.551,,9304.68383023615
2026-10-07 06:47:38,8050.0,8105.0,Put VEX 3,VEX,-1479280.192,,9304.68383023615
2026-10-07 06:47:38,8100.0,8155.25,Put VEX 2,VEX,-1717464.949,,9304.68383023615
2026-10-07 06:47:38,8150.0,8205.5,Put VEX 5,VEX,-1073411.676,,9304.68383023615
2026-10-07 06:47:38,8200.0,8256.0,Put VEX 4,VEX,-1160570.44,,9304.68383023615
2026-10-07 06:47:38,9000.0,9061.25,Put DEX 2,DEX,-56.979,,9304.68383023615
2026-10-07 06:47:38,10000.0,10068.25,Put DEX 5,DEX,-39.856,,9304.68383023615
2026-10-07 06:48:25,6400.0,6443.75,Put DEX 4,DEX,-40.449,,9296.934324334065
2026-10-07 06:48:25,6500.0,6544.5,Put DEX 3,DEX,-43.382,,9296.934324334065
2026-10-07 06:48:25,7000.0,7048.0,Call CEX 4,CEX,1242514.618,,9296.934324334065
2026-10-07 06:48:25,7000.0,7048.0,Call DEX 1,DEX,2842.003,,9296.934324334065
2026-10-07 06:48:25,7000.0,7048.0,Put GEX 1,GEX,-668374.981,,9296.934324334065
2026-10-07 06:48:25,7000.0,7048.0,Call VEX 1,VEX,10708611.934,,9296.934324334065
2026-10-07 06:48:25,7400.0,7450.75,Call VEX 5,VEX,1849892.027,,9296.934324334065
2026-10-07 06:48:25,7500.0,7551.5,Put GEX 2,GEX,-379948.694,,9296.934324334065
2026-10-07 06:48:25,7500.0,7551.5,Call VEX 3,VEX,2538331.722,,9296.934324334065
2026-10-07 06:48:25,7600.0,7652.0,Put GEX 4,GEX,-304517.342,,9296.934324334065
2026-10-07 06:48:25,7600.0,7652.0,Call VEX 4,VEX,2265591.074,,9296.934324334065
2026-10-07 06:48:25,7650.0,7702.5,Put GEX 3,GEX,-364582.441,,9296.934324334065
2026-10-07 06:48:25,7675.0,7727.5,Call CEX 5,CEX,1241252.989,,9296.934324334065
2026-10-07 06:48:25,7700.0,7752.75,Call CEX 2,CEX,1513063.427,,9296.934324334065
2026-10-07 06:48:25,7700.0,7752.75,Call DEX 2,DEX,317.218,,9296.934324334065
2026-10-07 06:48:25,7700.0,7752.75,Put GEX 5,GEX,-204656.07,,9296.934324334065
2026-10-07 06:48:25,7700.0,7752.75,Call VEX 2,VEX,2573442.292,,9296.934324334065
2026-10-07 06:48:25,7725.0,7778.0,Call CEX 3,CEX,1284714.054,,9296.934324334065
2026-10-07 06:48:25,7750.0,7803.0,Call CEX 1,CEX,1907087.929,,9296.934324334065
2026-10-07 06:48:25,7795.0,7848.5,Put CEX 4,CEX,-1276131.034,,9296.934324334065
2026-10-07 06:48:25,7800.0,7853.5,Put CEX 2,CEX,-2255508.559,,9296.934324334065
2026-10-07 06:48:25,7800.0,7853.5,Call DEX 4,DEX,191.444,,9296.934324334065
2026-10-07 06:48:25,7800.0,7853.5,Call GEX 4,GEX,714599.065,,9296.934324334065
2026-10-07 06:48:25,7825.0,7878.75,Put CEX 5,CEX,-1261524.447,,9296.934324334065
2026-10-07 06:48:25,7850.0,7903.75,Put CEX 3,CEX,-1875669.218,,9296.934324334065
2026-10-07 06:48:25,7850.0,7903.75,Call GEX 3,GEX,718339.293,,9296.934324334065
2026-10-07 06:48:25,7900.0,7954.25,Call DEX 5,DEX,187.174,,9296.934324334065
2026-10-07 06:48:25,7900.0,7954.25,Call GEX 1,GEX,856688.591,,9296.934324334065
2026-10-07 06:48:25,8000.0,8054.75,Put CEX 1,CEX,-4866599.492,,9296.934324334065
2026-10-07 06:48:25,8000.0,8054.75,Put DEX 1,DEX,-1906.325,,9296.934324334065
2026-10-07 06:48:25,8000.0,8054.75,Call GEX 2,GEX,855980.535,,9296.934324334065
2026-10-07 06:48:25,8000.0,8054.75,Put VEX 1,VEX,-12397298.887,,9296.934324334065
2026-10-07 06:48:25,8050.0,8105.25,Call DEX 3,DEX,229.431,,9296.934324334065
2026-10-07 06:48:25,8050.0,8105.25,Call GEX 5,GEX,680366.42,,9296.934324334065
2026-10-07 06:48:25,8050.0,8105.25,Put VEX 3,VEX,-1482110.251,,9296.934324334065
2026-10-07 06:48:25,8100.0,8155.5,Put VEX 2,VEX,-1722714.932,,9296.934324334065
2026-10-07 06:48:25,8150.0,8205.75,Put VEX 5,VEX,-1074708.459,,9296.934324334065
2026-10-07 06:48:25,8200.0,8256.25,Put VEX 4,VEX,-1160983.458,,9296.934324334065
2026-10-07 06:48:25,9000.0,9061.75,Put DEX 2,DEX,-57.198,,9296.934324334065
2026-10-07 06:48:25,10000.0,10068.5,Put DEX 5,DEX,-39.939,,9296.934324334065
2026-10-07 06:49:14,6400.0,6444.0,Put DEX 4,DEX,-40.429,,9295.21975649143
2026-10-07 06:49:14,6500.0,6544.5,Put DEX 3,DEX,-43.287,,9295.21975649143
2026-10-07 06:49:14,7000.0,7048.0,Call CEX 5,CEX,1180902.653,,9295.21975649143
2026-10-07 06:49:14,7000.0,7048.0,Call DEX 1,DEX,2860.518,,9295.21975649143
2026-10-07 06:49:14,7000.0,7048.0,Put GEX 1,GEX,-755788.987,,9295.21975649143
2026-10-07 06:49:14,7000.0,7048.0,Call VEX 1,VEX,9891615.03,,9295.21975649143
2026-10-07 06:49:14,7400.0,7450.75,Call VEX 5,VEX,1855642.735,,9295.21975649143
2026-10-07 06:49:14,7500.0,7551.5,Put GEX 2,GEX,-375187.59,,9295.21975649143
2026-10-07 06:49:14,7500.0,7551.5,Call VEX 3,VEX,2542156.374,,9295.21975649143
2026-10-07 06:49:14,7600.0,7652.25,Put GEX 4,GEX,-299598.13,,9295.21975649143
2026-10-07 06:49:14,7600.0,7652.25,Call VEX 4,VEX,2273664.667,,9295.21975649143
2026-10-07 06:49:14,7650.0,7702.5,Put GEX 3,GEX,-358580.936,,9295.21975649143
2026-10-07 06:49:14,7675.0,7727.75,Call CEX 4,CEX,1212974.644,,9295.21975649143
2026-10-07 06:49:14,7700.0,7752.75,Call CEX 2,CEX,1500129.545,,9295.21975649143
2026-10-07 06:49:14,7700.0,7752.75,Call DEX 2,DEX,323.114,,9295.21975649143
2026-10-07 06:49:14,7700.0,7752.75,Put GEX 5,GEX,-195767.833,,9295.21975649143
2026-10-07 06:49:14,7700.0,7752.75,Call VEX 2,VEX,2606285.919,,9295.21975649143
2026-10-07 06:49:14,7725.0,7778.0,Call CEX 3,CEX,1292932.371,,9295.21975649143
2026-10-07 06:49:14,7750.0,7803.25,Call CEX 1,CEX,2073664.309,,9295.21975649143
2026-10-07 06:49:14,7795.0,7848.5,Put CEX 5,CEX,-1256312.902,,9295.21975649143
2026-10-07 06:49:14,7800.0,7853.5,Put CEX 2,CEX,-2230693.773,,9295.21975649143
2026-10-07 06:49:14,7800.0,7853.5,Call DEX 4,DEX,196.805,,9295.21975649143
2026-10-07 06:49:14,7800.0,7853.5,Call GEX 4,GEX,718824.958,,9295.21975649143
2026-10-07 06:49:14,7825.0,7878.75,Put CEX 4,CEX,-1273478.189,,9295.21975649143
2026-10-07 06:49:14,7850.0,7903.75,Put CEX 3,CEX,-1889874.781,,9295.21975649143
2026-10-07 06:49:14,7850.0,7903.75,Call GEX 3,GEX,730607.302,,9295.21975649143
2026-10-07 06:49:14,7900.0,7954.25,Call DEX 5,DEX,189.001,,9295.21975649143
2026-10-07 06:49:14,7900.0,7954.25,Call GEX 2,GEX,869002.992,,9295.21975649143
2026-10-07 06:49:14,8000.0,8055.0,Put CEX 1,CEX,-4863335.546,,9295.21975649143
2026-10-07 06:49:14,8000.0,8055.0,Put DEX 1,DEX,-1897.626,,9295.21975649143
2026-10-07 06:49:14,8000.0,8055.0,Call GEX 1,GEX,906173.133,,9295.21975649143
2026-10-07 06:49:14,8000.0,8055.0,Put VEX 1,VEX,-12323969.568,,9295.21975649143
2026-10-07 06:49:14,8050.0,8105.25,Call DEX 3,DEX,230.225,,9295.21975649143
2026-10-07 06:49:14,8050.0,8105.25,Call GEX 5,GEX,684935.203,,9295.21975649143
2026-10-07 06:49:14,8050.0,8105.25,Put VEX 3,VEX,-1480140.516,,9295.21975649143
2026-10-07 06:49:14,8100.0,8155.5,Put VEX 2,VEX,-1720776.977,,9295.21975649143
2026-10-07 06:49:14,8150.0,8206.0,Put VEX 5,VEX,-1073929.43,,9295.21975649143
2026-10-07 06:49:14,8200.0,8256.25,Put VEX 4,VEX,-1160787.844,,9295.21975649143
2026-10-07 06:49:14,9000.0,9061.75,Put DEX 2,DEX,-56.991,,9295.21975649143
2026-10-07 06:49:14,10000.0,10068.5,Put DEX 5,DEX,-39.857,,9295.21975649143
2026-10-07 06:50:03,6400.0,6443.5,Put DEX 4,DEX,-40.331,,9295.599673302228
2026-10-07 06:50:03,6500.0,6544.25,Put DEX 3,DEX,-43.265,,9295.599673302228
2026-10-07 06:50:03,7000.0,7047.5,Call CEX 4,CEX,1143053.832,,9295.599673302228
2026-10-07 06:50:03,7000.0,7047.5,Call DEX 1,DEX,418.21,,9295.599673302228
2026-10-07 06:50:03,7000.0,7047.5,Put GEX 1,GEX,-821474.058,,9295.599673302228
2026-10-07 06:50:03,7000.0,7047.5,Call VEX 1,VEX,9292846.748,,9295.599673302228
2026-10-07 06:50:03,7400.0,7450.25,Put GEX 5,GEX,-205505.952,,9295.599673302228
2026-10-07 06:50:03,7400.0,7450.25,Call VEX 5,VEX,1813078.345,,9295.599673302228
2026-10-07 06:50:03,7500.0,7551.0,Put GEX 2,GEX,-378833.286,,9295.599673302228
2026-10-07 06:50:03,7500.0,7551.0,Call VEX 3,VEX,2530994.182,,9295.599673302228
2026-10-07 06:50:03,7600.0,7651.75,Put GEX 4,GEX,-300804.282,,9295.599673302228
2026-10-07 06:50:03,7600.0,7651.75,Call VEX 4,VEX,2272946.995,,9295.599673302228
2026-10-07 06:50:03,7650.0,7702.0,Put GEX 3,GEX,-356087.742,,9295.599673302228
2026-10-07 06:50:03,7675.0,7727.25,Call CEX 5,CEX,1137600.697,,9295.599673302228
2026-10-07 06:50:03,7700.0,7752.25,Call CEX 2,CEX,1478383.384,,9295.599673302228
2026-10-07 06:50:03,7700.0,7752.25,Call DEX 2,DEX,326.214,,9295.599673302228
2026-10-07 06:50:03,7700.0,7752.25,Call VEX 2,VEX,2621199.789,,9295.599673302228
2026-10-07 06:50:03,7725.0,7777.5,Call CEX 3,CEX,1296588.883,,9295.599673302228
2026-10-07 06:50:03,7750.0,7802.75,Call CEX 1,CEX,2139925.963,,9295.599673302228
2026-10-07 06:50:03,7800.0,7853.0,Put CEX 2,CEX,-2210199.446,,9295.599673302228
2026-10-07 06:50:03,7800.0,7853.0,Call DEX 4,DEX,199.999,,9295.599673302228
2026-10-07 06:50:03,7800.0,7853.0,Call GEX 3,GEX,742856.96,,9295.599673302228
2026-10-07 06:50:03,7820.0,7873.25,Put CEX 5,CEX,-1256657.96,,9295.599673302228
2026-10-07 06:50:03,7825.0,7878.25,Put CEX 4,CEX,-1808202.548,,9295.599673302228
2026-10-07 06:50:03,7850.0,7903.25,Put CEX 3,CEX,-2038727.091,,9295.599673302228
2026-10-07 06:50:03,7850.0,7903.25,Call GEX 4,GEX,725628.387,,9295.599673302228
2026-10-07 06:50:03,7900.0,7953.75,Call DEX 5,DEX,189.921,,9295.599673302228
2026-10-07 06:50:03,7900.0,7953.75,Call GEX 1,GEX,873221.71,,9295.599673302228
2026-10-07 06:50:03,8000.0,8054.25,Put CEX 1,CEX,-4977157.015,,9295.599673302228
2026-10-07 06:50:03,8000.0,8054.25,Put DEX 1,DEX,-1871.523,,9295.599673302228
2026-10-07 06:50:03,8000.0,8054.25,Call GEX 2,GEX,840635.847,,9295.599673302228
2026-10-07 06:50:03,8000.0,8054.25,Put VEX 1,VEX,-12450430.266,,9295.599673302228
2026-10-07 06:50:03,8050.0,8104.75,Call DEX 3,DEX,230.817,,9295.599673302228
2026-10-07 06:50:03,8050.0,8104.75,Call GEX 5,GEX,687018.558,,9295.599673302228
2026-10-07 06:50:03,8050.0,8104.75,Put VEX 3,VEX,-1479678.597,,9295.599673302228
2026-10-07 06:50:03,8100.0,8155.0,Put VEX 2,VEX,-1718516.789,,9295.599673302228
2026-10-07 06:50:03,8150.0,8205.25,Put VEX 5,VEX,-1072815.772,,9295.599673302228
2026-10-07 06:50:03,8200.0,8255.75,Put VEX 4,VEX,-1160432.861,,9295.599673302228
2026-10-07 06:50:03,9000.0,9061.25,Put DEX 2,DEX,-56.861,,9295.599673302228
2026-10-07 06:50:03,10000.0,10068.0,Put DEX 5,DEX,-39.845,,9295.599673302228
2026-10-07 06:50:51,6400.0,6443.5,Put DEX 4,DEX,-40.315,,9297.750298830691
2026-10-07 06:50:51,6500.0,6544.25,Put DEX 3,DEX,-43.163,,9297.750298830691
2026-10-07 06:50:51,7000.0,7047.75,Call CEX 4,CEX,1222713.573,,9297.750298830691
2026-10-07 06:50:51,7000.0,7047.75,Call DEX 1,DEX,2842.465,,9297.750298830691
2026-10-07 06:50:51,7000.0,7047.75,Put GEX 1,GEX,-679855.978,,9297.750298830691
2026-10-07 06:50:51,7000.0,7047.75,Call VEX 1,VEX,10555454.564,,9297.750298830691
2026-10-07 06:50:51,7400.0,7450.5,Put GEX 5,GEX,-197478.535,,9297.750298830691
2026-10-07 06:50:51,7400.0,7450.5,Call VEX 5,VEX,1845094.157,,9297.750298830691
2026-10-07 06:50:51,7500.0,7551.0,Put GEX 2,GEX,-377496.75,,9297.750298830691
2026-10-07 06:50:51,7500.0,7551.0,Call VEX 3,VEX,2534289.271,,9297.750298830691
2026-10-07 06:50:51,7600.0,7651.75,Put GEX 4,GEX,-301386.149,,9297.750298830691
2026-10-07 06:50:51,7600.0,7651.75,Call VEX 4,VEX,2272936.692,,9297.750298830691
2026-10-07 06:50:51,7650.0,7702.0,Put GEX 3,GEX,-357824.064,,9297.750298830691
2026-10-07 06:50:51,7675.0,7727.25,Call CEX 5,CEX,1201251.521,,9297.750298830691
2026-10-07 06:50:51,7700.0,7752.5,Call CEX 2,CEX,1491603.497,,9297.750298830691
2026-10-07 06:50:51,7700.0,7752.5,Call DEX 2,DEX,325.555,,9297.750298830691
2026-10-07 06:50:51,7700.0,7752.5,Call VEX 2,VEX,2617735.691,,9297.750298830691
2026-10-07 06:50:51,7725.0,7777.5,Call CEX 3,CEX,1297586.914,,9297.750298830691
2026-10-07 06:50:51,7750.0,7802.75,Call CEX 1,CEX,2166823.884,,9297.750298830691
2026-10-07 06:50:51,7795.0,7848.0,Put CEX 5,CEX,-1244055.08,,9297.750298830691
2026-10-07 06:50:51,7800.0,7853.0,Put CEX 2,CEX,-2219779.693,,9297.750298830691
2026-10-07 06:50:51,7800.0,7853.0,Call DEX 4,DEX,199.842,,9297.750298830691
2026-10-07 06:50:51,7800.0,7853.0,Call GEX 4,GEX,720177.692,,9297.750298830691
2026-10-07 06:50:51,7825.0,7878.25,Put CEX 4,CEX,-1284132.384,,9297.750298830691
2026-10-07 06:50:51,7850.0,7903.5,Put CEX 3,CEX,-1943498.623,,9297.750298830691
2026-10-07 06:50:51,7850.0,7903.5,Call GEX 3,GEX,736103.662,,9297.750298830691
2026-10-07 06:50:51,7900.0,7953.75,Call DEX 5,DEX,190.529,,9297.750298830691
2026-10-07 06:50:51,7900.0,7953.75,Call GEX 1,GEX,870230.385,,9297.750298830691
2026-10-07 06:50:51,8000.0,8054.5,Put CEX 1,CEX,-4913460.388,,9297.750298830691
2026-10-07 06:50:51,8000.0,8054.5,Put DEX 1,DEX,-1882.861,,9297.750298830691
2026-10-07 06:50:51,8000.0,8054.5,Call GEX 2,GEX,856619.662,,9297.750298830691
2026-10-07 06:50:51,8000.0,8054.5,Put VEX 1,VEX,-12354872.005,,9297.750298830691
2026-10-07 06:50:51,8050.0,8104.75,Call DEX 3,DEX,231.689,,9297.750298830691
2026-10-07 06:50:51,8050.0,8104.75,Call GEX 5,GEX,686016.925,,9297.750298830691
2026-10-07 06:50:51,8050.0,8104.75,Put VEX 3,VEX,-1477769.678,,9297.750298830691
2026-10-07 06:50:51,8100.0,8155.25,Put VEX 2,VEX,-1716779.75,,9297.750298830691
2026-10-07 06:50:51,8150.0,8205.5,Put VEX 5,VEX,-1071113.374,,9297.750298830691
2026-10-07 06:50:51,8200.0,8255.75,Put VEX 4,VEX,-1160112.09,,9297.750298830691
2026-10-07 06:50:51,9000.0,9061.25,Put DEX 2,DEX,-57.136,,9297.750298830691
2026-10-07 06:50:51,10000.0,10068.0,Put DEX 5,DEX,-39.947,,9297.750298830691
2026-10-07 06:51:39,6400.0,6443.75,Put DEX 4,DEX,-40.02,,9296.89206173707
2026-10-07 06:51:39,6500.0,6544.5,Put DEX 3,DEX,-42.932,,9296.89206173707
2026-10-07 06:51:39,7000.0,7048.0,Call CEX 4,CEX,1175827.846,,9296.89206173707
2026-10-07 06:51:39,7000.0,7048.0,Call DEX 1,DEX,2864.789,,9296.89206173707
2026-10-07 06:51:39,7000.0,7048.0,Put GEX 1,GEX,-741013.551,,9296.89206173707
2026-10-07 06:51:39,7000.0,7048.0,Call VEX 1,VEX,9964477.627,,9296.89206173707
2026-10-07 06:51:39,7400.0,7450.75,Put GEX 5,GEX,-203762.818,,9296.89206173707
2026-10-07 06:51:39,7400.0,7450.75,Call VEX 5,VEX,1811408.132,,9296.89206173707
2026-10-07 06:51:39,7500.0,7551.5,Put GEX 2,GEX,-375217.858,,9296.89206173707
2026-10-07 06:51:39,7500.0,7551.5,Call VEX 3,VEX,2529054.431,,9296.89206173707
2026-10-07 06:51:39,7600.0,7652.0,Put GEX 4,GEX,-297498.626,,9296.89206173707
2026-10-07 06:51:39,7600.0,7652.0,Call VEX 4,VEX,2282520.797,,9296.89206173707
2026-10-07 06:51:39,7650.0,7702.5,Put GEX 3,GEX,-350431.813,,9296.89206173707
2026-10-07 06:51:39,7675.0,7727.5,Call CEX 5,CEX,1101678.142,,9296.89206173707
2026-10-07 06:51:39,7700.0,7752.75,Call CEX 2,CEX,1456214.521,,9296.89206173707
2026-10-07 06:51:39,7700.0,7752.75,Call DEX 2,DEX,336.082,,9296.89206173707
2026-10-07 06:51:39,7700.0,7752.75,Call VEX 2,VEX,2673705.548,,9296.89206173707
2026-10-07 06:51:39,7725.0,7778.0,Call CEX 3,CEX,1298575.18,,9296.89206173707
2026-10-07 06:51:39,7750.0,7803.0,Call CEX 1,CEX,2383959.635,,9296.89206173707
2026-10-07 06:51:39,7800.0,7853.5,Put CEX 2,CEX,-2111089.611,,9296.89206173707
2026-10-07 06:51:39,7800.0,7853.5,Call DEX 4,DEX,211.215,,9296.89206173707
2026-10-07 06:51:39,7800.0,7853.5,Call GEX 4,GEX,741762.824,,9296.89206173707
2026-10-07 06:51:39,7820.0,7873.5,Put CEX 5,CEX,-1313095.742,,9296.89206173707
2026-10-07 06:51:39,7825.0,7878.75,Put CEX 4,CEX,-1867389.705,,9296.89206173707
2026-10-07 06:51:39,7850.0,7903.75,Put CEX 3,CEX,-2054521.049,,9296.89206173707
2026-10-07 06:51:39,7850.0,7903.75,Call GEX 3,GEX,756243.771,,9296.89206173707
2026-10-07 06:51:39,7900.0,7954.25,Call DEX 5,DEX,192.271,,9296.89206173707
2026-10-07 06:51:39,7900.0,7954.25,Call GEX 1,GEX,887505.106,,9296.89206173707
2026-10-07 06:51:39,8000.0,8054.75,Put CEX 1,CEX,-4995844.231,,9296.89206173707
2026-10-07 06:51:39,8000.0,8054.75,Put DEX 1,DEX,-1850.729,,9296.89206173707
2026-10-07 06:51:39,8000.0,8054.75,Call GEX 2,GEX,849621.954,,9296.89206173707
2026-10-07 06:51:39,8000.0,8054.75,Put VEX 1,VEX,-12342985.139,,9296.89206173707
2026-10-07 06:51:39,8050.0,8105.25,Call DEX 3,DEX,234.092,,9296.89206173707
2026-10-07 06:51:39,8050.0,8105.25,Call GEX 5,GEX,692900.574,,9296.89206173707
2026-10-07 06:51:39,8050.0,8105.25,Put VEX 3,VEX,-1471465.931,,9296.89206173707
2026-10-07 06:51:39,8100.0,8155.5,Put VEX 2,VEX,-1710334.263,,9296.89206173707
2026-10-07 06:51:39,8150.0,8205.75,Put VEX 5,VEX,-1068052.502,,9296.89206173707
2026-10-07 06:51:39,8200.0,8256.25,Put VEX 4,VEX,-1159812.832,,9296.89206173707
2026-10-07 06:51:39,9000.0,9061.75,Put DEX 2,DEX,-56.983,,9296.89206173707
2026-10-07 06:51:39,10000.0,10068.5,Put DEX 5,DEX,-39.912,,9296.89206173707
2026-10-07 06:52:27,6400.0,6443.5,Put DEX 4,DEX,-40.102,,9295.784949434264
2026-10-07 06:52:27,6500.0,6544.0,Put DEX 3,DEX,-42.936,,9295.784949434264
2026-10-07 06:52:27,7000.0,7047.5,Call CEX 4,CEX,1131788.781,,9295.784949434264
2026-10-07 06:52:27,7000.0,7047.5,Call DEX 1,DEX,422.074,,9295.784949434264
2026-10-07 06:52:27,7000.0,7047.5,Put GEX 1,GEX,-820339.285,,9295.784949434264
2026-10-07 06:52:27,7000.0,7047.5,Call VEX 1,VEX,9253368.0,,9295.784949434264
2026-10-07 06:52:27,7400.0,7450.25,Put GEX 5,GEX,-204052.448,,9295.784949434264
2026-10-07 06:52:27,7400.0,7450.25,Call VEX 5,VEX,1810813.274,,9295.784949434264
2026-10-07 06:52:27,7500.0,7550.75,Put GEX 2,GEX,-377692.497,,9295.784949434264
2026-10-07 06:52:27,7500.0,7550.75,Call VEX 3,VEX,2521455.671,,9295.784949434264
2026-10-07 06:52:27,7600.0,7651.5,Put GEX 4,GEX,-299031.961,,9295.784949434264
2026-10-07 06:52:27,7600.0,7651.5,Call VEX 4,VEX,2278841.305,,9295.784949434264
2026-10-07 06:52:27,7650.0,7702.0,Put GEX 3,GEX,-349670.285,,9295.784949434264
2026-10-07 06:52:27,7700.0,7752.25,Call CEX 2,CEX,1412796.757,,9295.784949434264
2026-10-07 06:52:27,7700.0,7752.25,Call DEX 2,DEX,336.241,,9295.784949434264
2026-10-07 06:52:27,7700.0,7752.25,Call VEX 2,VEX,2671221.604,,9295.784949434264
2026-10-07 06:52:27,7720.0,7772.25,Call CEX 5,CEX,1020507.562,,9295.784949434264
2026-10-07 06:52:27,7725.0,7777.5,Call CEX 3,CEX,1288426.258,,9295.784949434264
2026-10-07 06:52:27,7750.0,7802.5,Call CEX 1,CEX,2371180.851,,9295.784949434264
2026-10-07 06:52:27,7800.0,7853.0,Put CEX 3,CEX,-2122978.002,,9295.784949434264
2026-10-07 06:52:27,7800.0,7853.0,Call DEX 4,DEX,209.847,,9295.784949434264
2026-10-07 06:52:27,7800.0,7853.0,Call GEX 3,GEX,764702.797,,9295.784949434264
2026-10-07 06:52:27,7820.0,7873.0,Put CEX 5,CEX,-1333369.832,,9295.784949434264
2026-10-07 06:52:27,7825.0,7878.0,Put CEX 4,CEX,-1959233.228,,9295.784949434264
2026-10-07 06:52:27,7850.0,7903.25,Put CEX 2,CEX,-2232785.512,,9295.784949434264
2026-10-07 06:52:27,7850.0,7903.25,Call GEX 4,GEX,744789.634,,9295.784949434264
2026-10-07 06:52:27,7900.0,7953.5,Call DEX 5,DEX,188.337,,9295.784949434264
2026-10-07 06:52:27,7900.0,7953.5,Call GEX 1,GEX,886159.186,,9295.784949434264
2026-10-07 06:52:27,8000.0,8054.25,Put CEX 1,CEX,-5005482.044,,9295.784949434264
2026-10-07 06:52:27,8000.0,8054.25,Put DEX 1,DEX,-1845.126,,9295.784949434264
2026-10-07 06:52:27,8000.0,8054.25,Call GEX 2,GEX,843956.767,,9295.784949434264
2026-10-07 06:52:27,8000.0,8054.25,Put VEX 1,VEX,-12416129.071,,9295.784949434264
2026-10-07 06:52:27,8050.0,8104.5,Call DEX 3,DEX,232.953,,9295.784949434264
2026-10-07 06:52:27,8050.0,8104.5,Call GEX 5,GEX,693216.896,,9295.784949434264
2026-10-07 06:52:27,8050.0,8104.5,Put VEX 3,VEX,-1473972.462,,9295.784949434264
2026-10-07 06:52:27,8100.0,8155.0,Put VEX 2,VEX,-1712739.722,,9295.784949434264
2026-10-07 06:52:27,8150.0,8205.25,Put VEX 5,VEX,-1069599.065,,9295.784949434264
2026-10-07 06:52:27,8200.0,8255.5,Put VEX 4,VEX,-1159895.921,,9295.784949434264
2026-10-07 06:52:27,9000.0,9061.0,Put DEX 2,DEX,-56.763,,9295.784949434264
2026-10-07 06:52:27,10000.0,10067.75,Put DEX 5,DEX,-39.81,,9295.784949434264
2026-10-07 06:53:16,6400.0,6444.25,Put DEX 4,DEX,-39.978,,9297.309698835412
2026-10-07 06:53:16,6500.0,6545.0,Put DEX 3,DEX,-42.906,,9297.309698835412
2026-10-07 06:53:16,7000.0,7048.25,Call CEX 4,CEX,1196012.785,,9297.309698835412
2026-10-07 06:53:16,7000.0,7048.25,Call DEX 1,DEX,2857.568,,9297.309698835412
2026-10-07 06:53:16,7000.0,7048.25,Put GEX 1,GEX,-717795.453,,9297.309698835412
2026-10-07 06:53:16,7000.0,7048.25,Call VEX 1,VEX,10184194.522,,9297.309698835412
2026-10-07 06:53:16,7400.0,7451.0,Put GEX 5,GEX,-197296.012,,9297.309698835412
2026-10-07 06:53:16,7400.0,7451.0,Call VEX 5,VEX,1838133.449,,9297.309698835412
2026-10-07 06:53:16,7500.0,7551.75,Put GEX 2,GEX,-375347.157,,9297.309698835412
2026-10-07 06:53:16,7500.0,7551.75,Call VEX 3,VEX,2531307.336,,9297.309698835412
2026-10-07 06:53:16,7600.0,7652.5,Put GEX 4,GEX,-299651.281,,9297.309698835412
2026-10-07 06:53:16,7600.0,7652.5,Call VEX 4,VEX,2276338.581,,9297.309698835412
2026-10-07 06:53:16,7650.0,7702.75,Put GEX 3,GEX,-353967.135,,9297.309698835412
2026-10-07 06:53:16,7675.0,7728.0,Call CEX 5,CEX,1143493.472,,9297.309698835412
2026-10-07 06:53:16,7700.0,7753.25,Call CEX 2,CEX,1474415.738,,9297.309698835412
2026-10-07 06:53:16,7700.0,7753.25,Call DEX 2,DEX,331.353,,9297.309698835412
2026-10-07 06:53:16,7700.0,7753.25,Call VEX 2,VEX,2648976.297,,9297.309698835412
2026-10-07 06:53:16,7725.0,7778.25,Call CEX 3,CEX,1303733.329,,9297.309698835412
2026-10-07 06:53:16,7750.0,7803.5,Call CEX 1,CEX,2296039.014,,9297.309698835412
2026-10-07 06:53:16,7795.0,7848.75,Put CEX 5,CEX,-1210033.34,,9297.309698835412
2026-10-07 06:53:16,7800.0,7853.75,Put CEX 2,CEX,-2187738.39,,9297.309698835412
2026-10-07 06:53:16,7800.0,7853.75,Call DEX 4,DEX,205.046,,9297.309698835412
2026-10-07 06:53:16,7800.0,7853.75,Call GEX 4,GEX,727244.553,,9297.309698835412
2026-10-07 06:53:16,7825.0,7879.0,Put CEX 4,CEX,-1497446.151,,9297.309698835412
2026-10-07 06:53:16,7850.0,7904.25,Put CEX 3,CEX,-2001866.853,,9297.309698835412
2026-10-07 06:53:16,7850.0,7904.25,Call GEX 3,GEX,749476.069,,9297.309698835412
2026-10-07 06:53:16,7900.0,7954.5,Call DEX 5,DEX,192.047,,9297.309698835412
2026-10-07 06:53:16,7900.0,7954.5,Call GEX 1,GEX,880651.594,,9297.309698835412
2026-10-07 06:53:16,8000.0,8055.25,Put CEX 1,CEX,-4931709.257,,9297.309698835412
2026-10-07 06:53:16,8000.0,8055.25,Put DEX 1,DEX,-1872.52,,9297.309698835412
2026-10-07 06:53:16,8000.0,8055.25,Call GEX 2,GEX,874069.91,,9297.309698835412
2026-10-07 06:53:16,8000.0,8055.25,Put VEX 1,VEX,-12322077.965,,9297.309698835412
2026-10-07 06:53:16,8050.0,8105.5,Call DEX 3,DEX,232.426,,9297.309698835412
2026-10-07 06:53:16,8050.0,8105.5,Call GEX 5,GEX,689662.82,,9297.309698835412
2026-10-07 06:53:16,8050.0,8105.5,Put VEX 3,VEX,-1475251.222,,9297.309698835412
2026-10-07 06:53:16,8100.0,8156.0,Put VEX 2,VEX,-1713856.368,,9297.309698835412
2026-10-07 06:53:16,8150.0,8206.25,Put VEX 5,VEX,-1070018.912,,9297.309698835412
2026-10-07 06:53:16,8200.0,8256.75,Put VEX 4,VEX,-1159772.771,,9297.309698835412
2026-10-07 06:53:16,9000.0,9062.25,Put DEX 2,DEX,-57.002,,9297.309698835412
2026-10-07 06:53:16,10000.0,10069.0,Put DEX 5,DEX,-39.905,,9297.309698835412
2026-10-07 06:54:04,6400.0,6443.5,Put DEX 4,DEX,-39.844,,9296.674232107733
2026-10-07 06:54:04,6500.0,6544.0,Put DEX 3,DEX,-42.661,,9296.674232107733
2026-10-07 06:54:04,7000.0,7047.5,Call CEX 4,CEX,1132122.827,,9296.674232107733
2026-10-07 06:54:04,7000.0,7047.5,Call DEX 1,DEX,424.991,,9296.674232107733
2026-10-07 06:54:04,7000.0,7047.5,Put GEX 1,GEX,-819684.977,,9296.674232107733
2026-10-07 06:54:04,7000.0,7047.5,Call VEX 1,VEX,9236229.039,,9296.674232107733
2026-10-07 06:54:04,7400.0,7450.25,Put GEX 5,GEX,-203243.445,,9296.674232107733
2026-10-07 06:54:04,7400.0,7450.25,Call VEX 5,VEX,1808601.242,,9296.674232107733
2026-10-07 06:54:04,7500.0,7551.0,Put GEX 2,GEX,-376643.283,,9296.674232107733
2026-10-07 06:54:04,7500.0,7551.0,Call VEX 3,VEX,2517536.48,,9296.674232107733
2026-10-07 06:54:04,7600.0,7651.5,Put GEX 4,GEX,-296464.789,,9296.674232107733
2026-10-07 06:54:04,7600.0,7651.5,Call VEX 4,VEX,2281757.747,,9296.674232107733
2026-10-07 06:54:04,7650.0,7702.0,Put GEX 3,GEX,-346495.96,,9296.674232107733
2026-10-07 06:54:04,7675.0,7727.0,Call CEX 5,CEX,1078917.259,,9296.674232107733
2026-10-07 06:54:04,7700.0,7752.25,Call CEX 2,CEX,1394911.309,,9296.674232107733
2026-10-07 06:54:04,7700.0,7752.25,Call DEX 2,DEX,339.751,,9296.674232107733
2026-10-07 06:54:04,7700.0,7752.25,Call VEX 2,VEX,2688970.864,,9296.674232107733
2026-10-07 06:54:04,7725.0,7777.5,Call CEX 3,CEX,1280942.135,,9296.674232107733
2026-10-07 06:54:04,7750.0,7802.5,Call CEX 1,CEX,2462828.497,,9296.674232107733
2026-10-07 06:54:04,7800.0,7853.0,Put CEX 3,CEX,-2104854.499,,9296.674232107733
2026-10-07 06:54:04,7800.0,7853.0,Call DEX 4,DEX,212.91,,9296.674232107733
2026-10-07 06:54:04,7800.0,7853.0,Call GEX 3,GEX,765651.096,,9296.674232107733
2026-10-07 06:54:04,7820.0,7873.0,Put CEX 5,CEX,-1342474.424,,9296.674232107733
2026-10-07 06:54:04,7825.0,7878.0,Put CEX 4,CEX,-1959178.027,,9296.674232107733
2026-10-07 06:54:04,7850.0,7903.25,Put CEX 2,CEX,-2233579.624,,9296.674232107733
2026-10-07 06:54:04,7850.0,7903.25,Call GEX 4,GEX,752599.002,,9296.674232107733
2026-10-07 06:54:04,7900.0,7953.5,Call DEX 5,DEX,191.656,,9296.674232107733
2026-10-07 06:54:04,7900.0,7953.5,Call GEX 1,GEX,894154.391,,9296.674232107733
2026-10-07 06:54:04,8000.0,8054.25,Put CEX 1,CEX,-5052571.283,,9296.674232107733
2026-10-07 06:54:04,8000.0,8054.25,Put DEX 1,DEX,-1837.894,,9296.674232107733
2026-10-07 06:54:04,8000.0,8054.25,Call GEX 2,GEX,847716.098,,9296.674232107733
2026-10-07 06:54:04,8000.0,8054.25,Put VEX 1,VEX,-12404715.791,,9296.674232107733
2026-10-07 06:54:04,8050.0,8104.75,Call DEX 3,DEX,233.61,,9296.674232107733
2026-10-07 06:54:04,8050.0,8104.75,Call GEX 5,GEX,695851.915,,9296.674232107733
2026-10-07 06:54:04,8050.0,8104.75,Put VEX 3,VEX,-1473245.178,,9296.674232107733
2026-10-07 06:54:04,8100.0,8155.0,Put VEX 2,VEX,-1710076.549,,9296.674232107733
2026-10-07 06:54:04,8150.0,8205.25,Put VEX 5,VEX,-1069620.001,,9296.674232107733
2026-10-07 06:54:04,8200.0,8255.75,Put VEX 4,VEX,-1159786.649,,9296.674232107733
2026-10-07 06:54:04,9000.0,9061.0,Put DEX 2,DEX,-56.801,,9296.674232107733
2026-10-07 06:54:04,10000.0,10067.75,Put DEX 5,DEX,-39.841,,9296.674232107733
2026-10-07 06:54:51,6400.0,6444.0,Put DEX 5,DEX,-39.477,,9298.118777425409
2026-10-07 06:54:51,6500.0,6544.75,Put DEX 3,DEX,-42.387,,9298.118777425409
2026-10-07 06:54:51,7000.0,7048.25,Call CEX 4,CEX,1182175.881,,9298.118777425409
2026-10-07 06:54:51,7000.0,7048.25,Call DEX 1,DEX,2855.78,,9298.118777425409
2026-10-07 06:54:51,7000.0,7048.25,Put GEX 1,GEX,-705719.868,,9298.118777425409
2026-10-07 06:54:51,7000.0,7048.25,Call VEX 1,VEX,10216441.687,,9298.118777425409
2026-10-07 06:54:51,7400.0,7451.0,Put GEX 5,GEX,-193675.931,,9298.118777425409
2026-10-07 06:54:51,7400.0,7451.0,Call VEX 5,VEX,1843202.924,,9298.118777425409
2026-10-07 06:54:51,7500.0,7551.75,Put GEX 2,GEX,-370279.72,,9298.118777425409
2026-10-07 06:54:51,7500.0,7551.75,Call VEX 3,VEX,2531304.173,,9298.118777425409
2026-10-07 06:54:51,7600.0,7652.5,Put GEX 4,GEX,-294331.882,,9298.118777425409
2026-10-07 06:54:51,7600.0,7652.5,Call VEX 4,VEX,2288871.702,,9298.118777425409
2026-10-07 06:54:51,7650.0,7702.75,Put GEX 3,GEX,-347490.384,,9298.118777425409
2026-10-07 06:54:51,7675.0,7728.0,Call CEX 5,CEX,1127617.009,,9298.118777425409
2026-10-07 06:54:51,7700.0,7753.0,Call CEX 2,CEX,1452478.035,,9298.118777425409
2026-10-07 06:54:51,7700.0,7753.0,Call DEX 2,DEX,341.181,,9298.118777425409
2026-10-07 06:54:51,7700.0,7753.0,Call VEX 2,VEX,2701348.868,,9298.118777425409
2026-10-07 06:54:51,7725.0,7778.25,Call CEX 3,CEX,1301331.748,,9298.118777425409
2026-10-07 06:54:51,7750.0,7803.5,Call CEX 1,CEX,2500683.951,,9298.118777425409
2026-10-07 06:54:51,7795.0,7848.75,Put CEX 5,CEX,-1138528.659,,9298.118777425409
2026-10-07 06:54:51,7800.0,7853.75,Put CEX 2,CEX,-2110709.596,,9298.118777425409
2026-10-07 06:54:51,7800.0,7853.75,Call DEX 4,DEX,214.603,,9298.118777425409
2026-10-07 06:54:51,7800.0,7853.75,Call GEX 4,GEX,719776.91,,9298.118777425409
2026-10-07 06:54:51,7825.0,7879.0,Put CEX 4,CEX,-1342274.258,,9298.118777425409
2026-10-07 06:54:51,7850.0,7904.0,Put CEX 3,CEX,-2026441.486,,9298.118777425409
2026-10-07 06:54:51,7850.0,7904.0,Call GEX 3,GEX,768065.609,,9298.118777425409
2026-10-07 06:54:51,7900.0,7954.5,Call DEX 5,DEX,195.899,,9298.118777425409
2026-10-07 06:54:51,7900.0,7954.5,Call GEX 2,GEX,895128.425,,9298.118777425409
2026-10-07 06:54:51,8000.0,8055.25,Put CEX 1,CEX,-4950439.396,,9298.118777425409
2026-10-07 06:54:51,8000.0,8055.25,Put DEX 1,DEX,-1855.526,,9298.118777425409
2026-10-07 06:54:51,8000.0,8055.25,Call GEX 1,GEX,898290.889,,9298.118777425409
2026-10-07 06:54:51,8000.0,8055.25,Put VEX 1,VEX,-12236251.551,,9298.118777425409
2026-10-07 06:54:51,8050.0,8105.5,Call DEX 3,DEX,234.847,,9298.118777425409
2026-10-07 06:54:51,8050.0,8105.5,Call GEX 5,GEX,695937.91,,9298.118777425409
2026-10-07 06:54:51,8050.0,8105.5,Put VEX 3,VEX,-1470088.793,,9298.118777425409
2026-10-07 06:54:51,8100.0,8155.75,Put VEX 2,VEX,-1707373.209,,9298.118777425409
2026-10-07 06:54:51,8150.0,8206.25,Put VEX 5,VEX,-1067938.734,,9298.118777425409
2026-10-07 06:54:51,8200.0,8256.5,Put VEX 4,VEX,-1159465.671,,9298.118777425409
2026-10-07 06:54:51,9000.0,9062.0,Put DEX 2,DEX,-64.842,,9298.118777425409
2026-10-07 06:54:51,10000.0,10069.0,Put DEX 4,DEX,-39.955,,9298.118777425409
2026-10-07 06:55:38,6000.0,6040.5,Put DEX 3,DEX,-44.766,,9297.550204401216
2026-10-07 06:55:38,6500.0,6543.75,Put DEX 4,DEX,-42.093,,9297.550204401216
2026-10-07 06:55:38,7000.0,7047.25,Call CEX 4,CEX,1120691.742,,9297.550204401216
2026-10-07 06:55:38,7000.0,7047.25,Call DEX 1,DEX,430.675,,9297.550204401216
2026-10-07 06:55:38,7000.0,7047.25,Put GEX 1,GEX,-811388.547,,9297.550204401216
2026-10-07 06:55:38,7000.0,7047.25,Call VEX 1,VEX,9230348.753,,9297.550204401216
2026-10-07 06:55:38,7400.0,7450.0,Call VEX 5,VEX,1856529.12,,9297.550204401216
2026-10-07 06:55:38,7500.0,7550.5,Put GEX 2,GEX,-372991.595,,9297.550204401216
2026-10-07 06:55:38,7500.0,7550.5,Call VEX 3,VEX,2517820.09,,9297.550204401216
2026-10-07 06:55:38,7550.0,7601.0,Put GEX 5,GEX,-189450.576,,9297.550204401216
2026-10-07 06:55:38,7600.0,7651.25,Call DEX 5,DEX,192.855,,9297.550204401216
2026-10-07 06:55:38,7600.0,7651.25,Put GEX 4,GEX,-294059.234,,9297.550204401216
2026-10-07 06:55:38,7600.0,7651.25,Call VEX 4,VEX,2289297.1,,9297.550204401216
2026-10-07 06:55:38,7650.0,7701.5,Put GEX 3,GEX,-343768.232,,9297.550204401216
2026-10-07 06:55:38,7700.0,7752.0,Call CEX 2,CEX,1404364.843,,9297.550204401216
2026-10-07 06:55:38,7700.0,7752.0,Call DEX 2,DEX,347.765,,9297.550204401216
2026-10-07 06:55:38,7700.0,7752.0,Call VEX 2,VEX,2732473.502,,9297.550204401216
2026-10-07 06:55:38,7720.0,7772.0,Call CEX 5,CEX,1007547.567,,9297.550204401216
2026-10-07 06:55:38,7725.0,7777.0,Call CEX 3,CEX,1283328.81,,9297.550204401216
2026-10-07 06:55:38,7750.0,7802.25,Call CEX 1,CEX,2610048.064,,9297.550204401216
2026-10-07 06:55:38,7800.0,7852.5,Put CEX 3,CEX,-2033304.809,,9297.550204401216
2026-10-07 06:55:38,7800.0,7852.5,Call DEX 4,DEX,220.723,,9297.550204401216
2026-10-07 06:55:38,7800.0,7852.5,Call GEX 4,GEX,756320.388,,9297.550204401216
2026-10-07 06:55:38,7820.0,7872.75,Put CEX 5,CEX,-1354752.584,,9297.550204401216
2026-10-07 06:55:38,7825.0,7877.75,Put CEX 4,CEX,-1952078.156,,9297.550204401216
2026-10-07 06:55:38,7850.0,7903.0,Put CEX 2,CEX,-2158940.033,,9297.550204401216
2026-10-07 06:55:38,7850.0,7903.0,Call GEX 3,GEX,773302.901,,9297.550204401216
2026-10-07 06:55:38,7900.0,7953.25,Call GEX 1,GEX,905683.346,,9297.550204401216
2026-10-07 06:55:38,8000.0,8054.0,Put CEX 1,CEX,-5045096.935,,9297.550204401216
2026-10-07 06:55:38,8000.0,8054.0,Put DEX 1,DEX,-1827.986,,9297.550204401216
2026-10-07 06:55:38,8000.0,8054.0,Call GEX 2,GEX,858377.778,,9297.550204401216
2026-10-07 06:55:38,8000.0,8054.0,Put VEX 1,VEX,-12302002.285,,9297.550204401216
2026-10-07 06:55:38,8050.0,8104.25,Call DEX 3,DEX,235.714,,9297.550204401216
2026-10-07 06:55:38,8050.0,8104.25,Call GEX 5,GEX,700068.045,,9297.550204401216
2026-10-07 06:55:38,8050.0,8104.25,Put VEX 3,VEX,-1467180.689,,9297.550204401216
2026-10-07 06:55:38,8100.0,8154.75,Put VEX 2,VEX,-1703432.967,,9297.550204401216
2026-10-07 06:55:38,8150.0,8205.0,Put VEX 5,VEX,-1066645.169,,9297.550204401216
2026-10-07 06:55:38,8200.0,8255.25,Put VEX 4,VEX,-1158834.914,,9297.550204401216
2026-10-07 06:55:38,9000.0,9060.75,Put DEX 2,DEX,-64.712,,9297.550204401216
2026-10-07 06:55:38,10000.0,10067.5,Put DEX 5,DEX,-39.908,,9297.550204401216
2026-10-07 06:56:27,6400.0,6443.5,Put DEX 5,DEX,-39.336,,9297.15317067421
2026-10-07 06:56:27,6500.0,6544.0,Put DEX 3,DEX,-42.221,,9297.15317067421
2026-10-07 06:56:27,7000.0,7047.5,Call CEX 4,CEX,1123940.253,,9297.15317067421
2026-10-07 06:56:27,7000.0,7047.5,Call DEX 1,DEX,428.812,,9297.15317067421
2026-10-07 06:56:27,7000.0,7047.5,Put GEX 1,GEX,-815275.894,,9297.15317067421
2026-10-07 06:56:27,7000.0,7047.5,Call VEX 1,VEX,9216243.888,,9297.15317067421
2026-10-07 06:56:27,7400.0,7450.25,Put GEX 5,GEX,-201996.33,,9297.15317067421
2026-10-07 06:56:27,7400.0,7450.25,Call VEX 5,VEX,1807844.699,,9297.15317067421
2026-10-07 06:56:27,7500.0,7551.0,Put GEX 2,GEX,-373028.815,,9297.15317067421
2026-10-07 06:56:27,7500.0,7551.0,Call VEX 3,VEX,2522657.491,,9297.15317067421
2026-10-07 06:56:27,7600.0,7651.5,Put GEX 4,GEX,-294956.684,,9297.15317067421
2026-10-07 06:56:27,7600.0,7651.5,Call VEX 4,VEX,2287484.296,,9297.15317067421
2026-10-07 06:56:27,7650.0,7702.0,Put GEX 3,GEX,-346430.616,,9297.15317067421
2026-10-07 06:56:27,7675.0,7727.0,Call CEX 5,CEX,1085998.094,,9297.15317067421
2026-10-07 06:56:27,7700.0,7752.25,Call CEX 2,CEX,1435473.527,,9297.15317067421
2026-10-07 06:56:27,7700.0,7752.25,Call DEX 2,DEX,343.011,,9297.15317067421
2026-10-07 06:56:27,7700.0,7752.25,Call VEX 2,VEX,2709939.702,,9297.15317067421
2026-10-07 06:56:27,7725.0,7777.5,Call CEX 3,CEX,1296051.623,,9297.15317067421
2026-10-07 06:56:27,7750.0,7802.5,Call CEX 1,CEX,2527244.76,,9297.15317067421
2026-10-07 06:56:27,7800.0,7853.0,Put CEX 2,CEX,-2102258.42,,9297.15317067421
2026-10-07 06:56:27,7800.0,7853.0,Call DEX 4,DEX,215.296,,9297.15317067421
2026-10-07 06:56:27,7800.0,7853.0,Call GEX 4,GEX,749013.924,,9297.15317067421
2026-10-07 06:56:27,7820.0,7873.0,Put CEX 5,CEX,-1313081.757,,9297.15317067421
2026-10-07 06:56:27,7825.0,7878.0,Put CEX 4,CEX,-1857649.902,,9297.15317067421
2026-10-07 06:56:27,7850.0,7903.25,Put CEX 3,CEX,-2038642.926,,9297.15317067421
2026-10-07 06:56:27,7850.0,7903.25,Call GEX 3,GEX,770483.25,,9297.15317067421
2026-10-07 06:56:27,7900.0,7953.5,Call DEX 5,DEX,193.347,,9297.15317067421
2026-10-07 06:56:27,7900.0,7953.5,Call GEX 1,GEX,898111.574,,9297.15317067421
2026-10-07 06:56:27,8000.0,8054.25,Put CEX 1,CEX,-5016555.681,,9297.15317067421
2026-10-07 06:56:27,8000.0,8054.25,Put DEX 1,DEX,-1842.186,,9297.15317067421
2026-10-07 06:56:27,8000.0,8054.25,Call GEX 2,GEX,867803.336,,9297.15317067421
2026-10-07 06:56:27,8000.0,8054.25,Put VEX 1,VEX,-12325288.562,,9297.15317067421
2026-10-07 06:56:27,8050.0,8104.5,Call DEX 3,DEX,234.302,,9297.15317067421
2026-10-07 06:56:27,8050.0,8104.5,Call GEX 5,GEX,696954.145,,9297.15317067421
2026-10-07 06:56:27,8050.0,8104.5,Put VEX 3,VEX,-1470558.538,,9297.15317067421
2026-10-07 06:56:27,8100.0,8155.0,Put VEX 2,VEX,-1708147.893,,9297.15317067421
2026-10-07 06:56:27,8150.0,8205.25,Put VEX 5,VEX,-1068831.475,,9297.15317067421
2026-10-07 06:56:27,8200.0,8255.75,Put VEX 4,VEX,-1159469.864,,9297.15317067421
2026-10-07 06:56:27,9000.0,9061.0,Put DEX 2,DEX,-56.861,,9297.15317067421
2026-10-07 06:56:27,10000.0,10067.75,Put DEX 4,DEX,-39.87,,9297.15317067421
2026-10-07 06:57:15,6400.0,6443.25,Put DEX 5,DEX,-39.23,,9296.526656071312
2026-10-07 06:57:15,6500.0,6544.0,Put DEX 3,DEX,-42.169,,9296.526656071312
2026-10-07 06:57:15,7000.0,7047.25,Call CEX 4,CEX,1121315.211,,9296.526656071312
2026-10-07 06:57:15,7000.0,7047.25,Call DEX 1,DEX,431.143,,9296.526656071312
2026-10-07 06:57:15,7000.0,7047.25,Put GEX 1,GEX,-819567.798,,9296.526656071312
2026-10-07 06:57:15,7000.0,7047.25,Call VEX 1,VEX,9179527.947,,9296.526656071312
2026-10-07 06:57:15,7400.0,7450.0,Put GEX 5,GEX,-201976.097,,9296.526656071312
2026-10-07 06:57:15,7400.0,7450.0,Call VEX 5,VEX,1808552.961,,9296.526656071312
2026-10-07 06:57:15,7500.0,7550.75,Put GEX 2,GEX,-373449.616,,9296.526656071312
2026-10-07 06:57:15,7500.0,7550.75,Call VEX 3,VEX,2520525.166,,9296.526656071312
2026-10-07 06:57:15,7600.0,7651.25,Put GEX 4,GEX,-293890.534,,9296.526656071312
2026-10-07 06:57:15,7600.0,7651.25,Call VEX 4,VEX,2288339.195,,9296.526656071312
2026-10-07 06:57:15,7650.0,7701.75,Put GEX 3,GEX,-344590.747,,9296.526656071312
2026-10-07 06:57:15,7675.0,7727.0,Call CEX 5,CEX,1043966.409,,9296.526656071312
2026-10-07 06:57:15,7700.0,7752.0,Call CEX 2,CEX,1419940.71,,9296.526656071312
2026-10-07 06:57:15,7700.0,7752.0,Call DEX 2,DEX,343.965,,9296.526656071312
2026-10-07 06:57:15,7700.0,7752.0,Call VEX 2,VEX,2714282.492,,9296.526656071312
2026-10-07 06:57:15,7725.0,7777.25,Call CEX 3,CEX,1287285.021,,9296.526656071312
2026-10-07 06:57:15,7750.0,7802.5,Call CEX 1,CEX,2553983.943,,9296.526656071312
2026-10-07 06:57:15,7800.0,7852.75,Put CEX 3,CEX,-2100349.199,,9296.526656071312
2026-10-07 06:57:15,7800.0,7852.75,Call DEX 4,DEX,216.012,,9296.526656071312
2026-10-07 06:57:15,7800.0,7852.75,Call GEX 4,GEX,757482.911,,9296.526656071312
2026-10-07 06:57:15,7820.0,7872.75,Put CEX 5,CEX,-1328243.322,,9296.526656071312
2026-10-07 06:57:15,7825.0,7878.0,Put CEX 4,CEX,-1909913.039,,9296.526656071312
2026-10-07 06:57:15,7850.0,7903.0,Put CEX 2,CEX,-2146833.486,,9296.526656071312
2026-10-07 06:57:15,7850.0,7903.0,Call GEX 3,GEX,766250.849,,9296.526656071312
2026-10-07 06:57:15,7900.0,7953.5,Call DEX 5,DEX,193.406,,9296.526656071312
2026-10-07 06:57:15,7900.0,7953.5,Call GEX 1,GEX,901395.705,,9296.526656071312
2026-10-07 06:57:15,8000.0,8054.0,Put CEX 1,CEX,-5031794.18,,9296.526656071312
2026-10-07 06:57:15,8000.0,8054.0,Put DEX 1,DEX,-1839.912,,9296.526656071312
2026-10-07 06:57:15,8000.0,8054.0,Call GEX 2,GEX,873474.823,,9296.526656071312
2026-10-07 06:57:15,8000.0,8054.0,Put VEX 1,VEX,-12337106.202,,9296.526656071312
2026-10-07 06:57:15,8050.0,8104.5,Call DEX 3,DEX,234.081,,9296.526656071312
2026-10-07 06:57:15,8050.0,8104.5,Call GEX 5,GEX,698593.035,,9296.526656071312
2026-10-07 06:57:15,8050.0,8104.5,Put VEX 3,VEX,-1472295.059,,9296.526656071312
2026-10-07 06:57:15,8100.0,8154.75,Put VEX 2,VEX,-1708987.782,,9296.526656071312
2026-10-07 06:57:15,8150.0,8205.0,Put VEX 5,VEX,-1069484.88,,9296.526656071312
2026-10-07 06:57:15,8200.0,8255.5,Put VEX 4,VEX,-1159642.936,,9296.526656071312
2026-10-07 06:57:15,9000.0,9060.75,Put DEX 2,DEX,-56.768,,9296.526656071312
2026-10-07 06:57:15,10000.0,10067.5,Put DEX 4,DEX,-39.832,,9296.526656071312
2026-10-07 06:58:03,6400.0,6443.25,Put DEX 5,DEX,-39.363,,9296.747818860013
2026-10-07 06:58:03,6500.0,6544.0,Put DEX 3,DEX,-42.262,,9296.747818860013
2026-10-07 06:58:03,7000.0,7047.25,Call CEX 4,CEX,1124905.155,,9296.747818860013
2026-10-07 06:58:03,7000.0,7047.25,Call DEX 1,DEX,430.624,,9296.747818860013
2026-10-07 06:58:03,7000.0,7047.25,Put GEX 1,GEX,-820464.206,,9296.747818860013
2026-10-07 06:58:03,7000.0,7047.25,Call VEX 1,VEX,9179503.367,,9296.747818860013
2026-10-07 06:58:03,7400.0,7450.0,Put GEX 5,GEX,-202979.024,,9296.747818860013
2026-10-07 06:58:03,7400.0,7450.0,Call VEX 5,VEX,1808473.316,,9296.747818860013
2026-10-07 06:58:03,7500.0,7550.75,Put GEX 2,GEX,-376376.34,,9296.747818860013
2026-10-07 06:58:03,7500.0,7550.75,Call VEX 3,VEX,2515269.585,,9296.747818860013
2026-10-07 06:58:03,7600.0,7651.25,Call DEX 5,DEX,189.518,,9296.747818860013
2026-10-07 06:58:03,7600.0,7651.25,Put GEX 4,GEX,-296704.618,,9296.747818860013
2026-10-07 06:58:03,7600.0,7651.25,Call VEX 4,VEX,2283204.459,,9296.747818860013
2026-10-07 06:58:03,7650.0,7701.75,Put GEX 3,GEX,-346412.021,,9296.747818860013
2026-10-07 06:58:03,7700.0,7752.0,Call CEX 2,CEX,1373066.961,,9296.747818860013
2026-10-07 06:58:03,7700.0,7752.0,Call DEX 2,DEX,342.367,,9296.747818860013
2026-10-07 06:58:03,7700.0,7752.0,Call VEX 2,VEX,2701763.282,,9296.747818860013
2026-10-07 06:58:03,7720.0,7772.0,Call CEX 5,CEX,994646.232,,9296.747818860013
2026-10-07 06:58:03,7725.0,7777.25,Call CEX 3,CEX,1266732.239,,9296.747818860013
2026-10-07 06:58:03,7750.0,7802.25,Call CEX 1,CEX,2531188.295,,9296.747818860013
2026-10-07 06:58:03,7800.0,7852.75,Put CEX 3,CEX,-2121273.819,,9296.747818860013
2026-10-07 06:58:03,7800.0,7852.75,Call DEX 4,DEX,213.686,,9296.747818860013
2026-10-07 06:58:03,7800.0,7852.75,Call GEX 3,GEX,771961.274,,9296.747818860013
2026-10-07 06:58:03,7820.0,7872.75,Put CEX 5,CEX,-1343607.069,,9296.747818860013
2026-10-07 06:58:03,7825.0,7877.75,Put CEX 4,CEX,-1971633.692,,9296.747818860013
2026-10-07 06:58:03,7850.0,7903.0,Put CEX 2,CEX,-2263883.868,,9296.747818860013
2026-10-07 06:58:03,7850.0,7903.0,Call GEX 4,GEX,754828.616,,9296.747818860013
2026-10-07 06:58:03,7900.0,7953.25,Call GEX 1,GEX,896614.435,,9296.747818860013
2026-10-07 06:58:03,8000.0,8054.0,Put CEX 1,CEX,-5047734.3,,9296.747818860013
2026-10-07 06:58:03,8000.0,8054.0,Put DEX 1,DEX,-1840.466,,9296.747818860013
2026-10-07 06:58:03,8000.0,8054.0,Call GEX 2,GEX,852487.955,,9296.747818860013
2026-10-07 06:58:03,8000.0,8054.0,Put VEX 1,VEX,-12390187.687,,9296.747818860013
2026-10-07 06:58:03,8050.0,8104.25,Call DEX 3,DEX,233.265,,9296.747818860013
2026-10-07 06:58:03,8050.0,8104.25,Call GEX 5,GEX,697139.035,,9296.747818860013
2026-10-07 06:58:03,8050.0,8104.25,Put VEX 3,VEX,-1473330.572,,9296.747818860013
2026-10-07 06:58:03,8100.0,8154.75,Put VEX 2,VEX,-1710663.307,,9296.747818860013
2026-10-07 06:58:03,8150.0,8205.0,Put VEX 5,VEX,-1070659.685,,9296.747818860013
2026-10-07 06:58:03,8200.0,8255.25,Put VEX 4,VEX,-1159793.437,,9296.747818860013
2026-10-07 06:58:03,9000.0,9060.75,Put DEX 2,DEX,-56.759,,9296.747818860013
2026-10-07 06:58:03,10000.0,10067.5,Put DEX 4,DEX,-39.832,,9296.747818860013
2026-10-07 06:58:51,6400.0,6443.25,Put DEX 5,DEX,-39.283,,9296.438194342792
2026-10-07 06:58:51,6500.0,6544.0,Put DEX 3,DEX,-42.17,,9296.438194342792
2026-10-07 06:58:51,7000.0,7047.5,Call CEX 4,CEX,1122615.784,,9296.438194342792
2026-10-07 06:58:51,7000.0,7047.5,Call DEX 1,DEX,430.452,,9296.438194342792
2026-10-07 06:58:51,7000.0,7047.5,Put GEX 1,GEX,-817575.88,,9296.438194342792
2026-10-07 06:58:51,7000.0,7047.5,Call VEX 1,VEX,9194405.824,,9296.438194342792
2026-10-07 06:58:51,7400.0,7450.0,Put GEX 5,GEX,-202250.511,,9296.438194342792
2026-10-07 06:58:51,7400.0,7450.0,Call VEX 5,VEX,1807644.33,,9296.438194342792
2026-10-07 06:58:51,7500.0,7550.75,Put GEX 2,GEX,-374681.943,,9296.438194342792
2026-10-07 06:58:51,7500.0,7550.75,Call VEX 3,VEX,2517921.173,,9296.438194342792
2026-10-07 06:58:51,7600.0,7651.5,Call DEX 5,DEX,190.846,,9296.438194342792
2026-10-07 06:58:51,7600.0,7651.5,Put GEX 4,GEX,-296300.149,,9296.438194342792
2026-10-07 06:58:51,7600.0,7651.5,Call VEX 4,VEX,2286912.46,,9296.438194342792
2026-10-07 06:58:51,7650.0,7701.75,Put GEX 3,GEX,-345447.152,,9296.438194342792
2026-10-07 06:58:51,7700.0,7752.0,Call CEX 2,CEX,1359640.882,,9296.438194342792
2026-10-07 06:58:51,7700.0,7752.0,Call DEX 2,DEX,344.285,,9296.438194342792
2026-10-07 06:58:51,7700.0,7752.0,Call VEX 2,VEX,2711698.497,,9296.438194342792
2026-10-07 06:58:51,7720.0,7772.25,Call CEX 5,CEX,991528.931,,9296.438194342792
2026-10-07 06:58:51,7725.0,7777.25,Call CEX 3,CEX,1266503.823,,9296.438194342792
2026-10-07 06:58:51,7750.0,7802.5,Call CEX 1,CEX,2571151.649,,9296.438194342792
2026-10-07 06:58:51,7800.0,7852.75,Put CEX 3,CEX,-2101458.187,,9296.438194342792
2026-10-07 06:58:51,7800.0,7852.75,Call DEX 4,DEX,215.807,,9296.438194342792
2026-10-07 06:58:51,7800.0,7852.75,Call GEX 3,GEX,771915.665,,9296.438194342792
2026-10-07 06:58:51,7820.0,7873.0,Put CEX 5,CEX,-1356398.332,,9296.438194342792
2026-10-07 06:58:51,7825.0,7878.0,Put CEX 4,CEX,-1989650.517,,9296.438194342792
2026-10-07 06:58:51,7850.0,7903.25,Put CEX 2,CEX,-2267261.455,,9296.438194342792
2026-10-07 06:58:51,7850.0,7903.25,Call GEX 4,GEX,758600.439,,9296.438194342792
2026-10-07 06:58:51,7900.0,7953.5,Call GEX 1,GEX,898429.149,,9296.438194342792
2026-10-07 06:58:51,8000.0,8054.25,Put CEX 1,CEX,-5046012.455,,9296.438194342792
2026-10-07 06:58:51,8000.0,8054.25,Put DEX 1,DEX,-1837.201,,9296.438194342792
2026-10-07 06:58:51,8000.0,8054.25,Call GEX 2,GEX,863771.624,,9296.438194342792
2026-10-07 06:58:51,8000.0,8054.25,Put VEX 1,VEX,-12361536.173,,9296.438194342792
2026-10-07 06:58:51,8050.0,8104.5,Call DEX 3,DEX,233.995,,9296.438194342792
2026-10-07 06:58:51,8050.0,8104.5,Call GEX 5,GEX,698518.196,,9296.438194342792
2026-10-07 06:58:51,8050.0,8104.5,Put VEX 3,VEX,-1472560.699,,9296.438194342792
2026-10-07 06:58:51,8100.0,8154.75,Put VEX 2,VEX,-1709158.21,,9296.438194342792
2026-10-07 06:58:51,8150.0,8205.25,Put VEX 5,VEX,-1069542.492,,9296.438194342792
2026-10-07 06:58:51,8200.0,8255.5,Put VEX 4,VEX,-1159741.059,,9296.438194342792
2026-10-07 06:58:51,9000.0,9061.0,Put DEX 2,DEX,-56.794,,9296.438194342792
2026-10-07 06:58:51,10000.0,10067.75,Put DEX 4,DEX,-39.84,,9296.438194342792
2026-10-07 06:59:38,6400.0,6443.75,Put DEX 5,DEX,-39.354,,9296.216061291292
2026-10-07 06:59:38,6500.0,6544.25,Put DEX 3,DEX,-42.261,,9296.216061291292
2026-10-07 06:59:38,7000.0,7047.75,Call CEX 4,CEX,1129840.68,,9296.216061291292
2026-10-07 06:59:38,7000.0,7047.75,Call DEX 1,DEX,427.741,,9296.216061291292
2026-10-07 06:59:38,7000.0,7047.75,Put GEX 1,GEX,-816283.643,,9296.216061291292
2026-10-07 06:59:38,7000.0,7047.75,Call VEX 1,VEX,9222802.739,,9296.216061291292
2026-10-07 06:59:38,7400.0,7450.5,Put GEX 5,GEX,-203152.152,,9296.216061291292
2026-10-07 06:59:38,7400.0,7450.5,Call VEX 5,VEX,1809251.056,,9296.216061291292
2026-10-07 06:59:38,7500.0,7551.25,Put GEX 2,GEX,-374970.271,,9296.216061291292
2026-10-07 06:59:38,7500.0,7551.25,Call VEX 3,VEX,2521577.787,,9296.216061291292
2026-10-07 06:59:38,7600.0,7651.75,Call DEX 5,DEX,189.783,,9296.216061291292
2026-10-07 06:59:38,7600.0,7651.75,Put GEX 4,GEX,-296842.531,,9296.216061291292
2026-10-07 06:59:38,7600.0,7651.75,Call VEX 4,VEX,2283192.299,,9296.216061291292
2026-10-07 06:59:38,7650.0,7702.25,Put GEX 3,GEX,-348247.015,,9296.216061291292
2026-10-07 06:59:38,7700.0,7752.5,Call CEX 2,CEX,1401974.603,,9296.216061291292
2026-10-07 06:59:38,7700.0,7752.5,Call DEX 2,DEX,340.05,,9296.216061291292
2026-10-07 06:59:38,7700.0,7752.5,Call VEX 2,VEX,2691183.418,,9296.216061291292
2026-10-07 06:59:38,7720.0,7772.75,Call CEX 5,CEX,1012174.077,,9296.216061291292
2026-10-07 06:59:38,7725.0,7777.75,Call CEX 3,CEX,1285037.601,,9296.216061291292
2026-10-07 06:59:38,7750.0,7802.75,Call CEX 1,CEX,2505783.792,,9296.216061291292
2026-10-07 06:59:38,7800.0,7853.25,Put CEX 3,CEX,-2167886.103,,9296.216061291292
2026-10-07 06:59:38,7800.0,7853.25,Call DEX 4,DEX,210.673,,9296.216061291292
2026-10-07 06:59:38,7800.0,7853.25,Call GEX 3,GEX,759658.326,,9296.216061291292
2026-10-07 06:59:38,7820.0,7873.25,Put CEX 5,CEX,-1310861.792,,9296.216061291292
2026-10-07 06:59:38,7825.0,7878.25,Put CEX 4,CEX,-1898675.351,,9296.216061291292
2026-10-07 06:59:38,7850.0,7903.5,Put CEX 2,CEX,-2185595.56,,9296.216061291292
2026-10-07 06:59:38,7850.0,7903.5,Call GEX 4,GEX,754624.47,,9296.216061291292
2026-10-07 06:59:38,7900.0,7953.75,Call GEX 1,GEX,892436.269,,9296.216061291292
2026-10-07 06:59:38,8000.0,8054.5,Put CEX 1,CEX,-5001671.05,,9296.216061291292
2026-10-07 06:59:38,8000.0,8054.5,Put DEX 1,DEX,-1855.756,,9296.216061291292
2026-10-07 06:59:38,8000.0,8054.5,Call GEX 2,GEX,872516.286,,9296.216061291292
2026-10-07 06:59:38,8000.0,8054.5,Put VEX 1,VEX,-12361816.857,,9296.216061291292
2026-10-07 06:59:38,8050.0,8105.0,Call DEX 3,DEX,232.603,,9296.216061291292
2026-10-07 06:59:38,8050.0,8105.0,Call GEX 5,GEX,694784.681,,9296.216061291292
2026-10-07 06:59:38,8050.0,8105.0,Put VEX 3,VEX,-1473611.889,,9296.216061291292
2026-10-07 06:59:38,8100.0,8155.25,Put VEX 2,VEX,-1712471.283,,9296.216061291292
2026-10-07 06:59:38,8150.0,8205.5,Put VEX 5,VEX,-1070940.528,,9296.216061291292
2026-10-07 06:59:38,8200.0,8256.0,Put VEX 4,VEX,-1159750.963,,9296.216061291292
2026-10-07 06:59:38,9000.0,9061.25,Put DEX 2,DEX,-56.868,,9296.216061291292
2026-10-07 06:59:38,10000.0,10068.25,Put DEX 4,DEX,-39.866,,9296.216061291292
2026-10-07 07:00:26,6400.0,6443.5,Put DEX 5,DEX,-39.317,,9296.910181426949
2026-10-07 07:00:26,6400.0,6443.5,Put DEX 5,DEX,-39.317,,9296.910181426949
2026-10-07 07:00:26,6500.0,6544.0,Put DEX 3,DEX,-42.19,,9296.910181426949
2026-10-07 07:00:26,6500.0,6544.0,Put DEX 3,DEX,-42.19,,9296.910181426949
2026-10-07 07:00:26,7000.0,7047.5,Call CEX 4,CEX,1132929.853,,9296.910181426949
2026-10-07 07:00:26,7000.0,7047.5,Call CEX 4,CEX,1132929.853,,9296.910181426949
2026-10-07 07:00:26,7000.0,7047.5,Call DEX 1,DEX,427.684,,9296.910181426949
2026-10-07 07:00:26,7000.0,7047.5,Call DEX 1,DEX,427.684,,9296.910181426949
2026-10-07 07:00:26,7000.0,7047.5,Put GEX 1,GEX,-814643.194,,9296.910181426949
2026-10-07 07:00:26,7000.0,7047.5,Put GEX 1,GEX,-814643.194,,9296.910181426949
2026-10-07 07:00:26,7000.0,7047.5,Call VEX 1,VEX,9243643.905,,9296.910181426949
2026-10-07 07:00:26,7000.0,7047.5,Call VEX 1,VEX,9243643.905,,9296.910181426949
2026-10-07 07:00:26,7400.0,7450.25,Put GEX 5,GEX,-203214.408,,9296.910181426949
2026-10-07 07:00:26,7400.0,7450.25,Put GEX 5,GEX,-203214.408,,9296.910181426949
2026-10-07 07:00:26,7400.0,7450.25,Call VEX 5,VEX,1810277.442,,9296.910181426949
2026-10-07 07:00:26,7400.0,7450.25,Call VEX 5,VEX,1810277.442,,9296.910181426949
2026-10-07 07:00:26,7500.0,7551.0,Put GEX 2,GEX,-375014.505,,9296.910181426949
2026-10-07 07:00:26,7500.0,7551.0,Put GEX 2,GEX,-375014.505,,9296.910181426949
2026-10-07 07:00:26,7500.0,7551.0,Call VEX 3,VEX,2523097.527,,9296.910181426949
2026-10-07 07:00:26,7500.0,7551.0,Call VEX 3,VEX,2523097.527,,9296.910181426949
2026-10-07 07:00:26,7600.0,7651.5,Put GEX 4,GEX,-297828.625,,9296.910181426949
2026-10-07 07:00:26,7600.0,7651.5,Put GEX 4,GEX,-297828.625,,9296.910181426949
2026-10-07 07:00:26,7600.0,7651.5,Call VEX 4,VEX,2281737.604,,9296.910181426949
2026-10-07 07:00:26,7600.0,7651.5,Call VEX 4,VEX,2281737.604,,9296.910181426949
2026-10-07 07:00:26,7650.0,7702.0,Put GEX 3,GEX,-350223.624,,9296.910181426949
2026-10-07 07:00:26,7650.0,7702.0,Put GEX 3,GEX,-350223.624,,9296.910181426949
2026-10-07 07:00:26,7675.0,7727.0,Call CEX 5,CEX,1068610.471,,9296.910181426949
2026-10-07 07:00:26,7675.0,7727.0,Call CEX 5,CEX,1068610.471,,9296.910181426949
2026-10-07 07:00:26,7700.0,7752.25,Call CEX 2,CEX,1423728.602,,9296.910181426949
2026-10-07 07:00:26,7700.0,7752.25,Call CEX 2,CEX,1423728.602,,9296.910181426949
2026-10-07 07:00:26,7700.0,7752.25,Call DEX 2,DEX,337.696,,9296.910181426949
2026-10-07 07:00:26,7700.0,7752.25,Call DEX 2,DEX,337.696,,9296.910181426949
2026-10-07 07:00:26,7700.0,7752.25,Call VEX 2,VEX,2679225.771,,9296.910181426949
2026-10-07 07:00:26,7700.0,7752.25,Call VEX 2,VEX,2679225.771,,9296.910181426949
2026-10-07 07:00:26,7725.0,7777.5,Call CEX 3,CEX,1292235.784,,9296.910181426949
2026-10-07 07:00:26,7725.0,7777.5,Call CEX 3,CEX,1292235.784,,9296.910181426949
2026-10-07 07:00:26,7750.0,7802.5,Call CEX 1,CEX,2459886.442,,9296.910181426949
2026-10-07 07:00:26,7750.0,7802.5,Call CEX 1,CEX,2459886.442,,9296.910181426949
2026-10-07 07:00:26,7800.0,7853.0,Put CEX 2,CEX,-2202444.737,,9296.910181426949
2026-10-07 07:00:26,7800.0,7853.0,Put CEX 2,CEX,-2202444.737,,9296.910181426949
2026-10-07 07:00:26,7800.0,7853.0,Call DEX 4,DEX,207.843,,9296.910181426949
2026-10-07 07:00:26,7800.0,7853.0,Call DEX 4,DEX,207.843,,9296.910181426949
2026-10-07 07:00:26,7800.0,7853.0,Call GEX 3,GEX,752068.085,,9296.910181426949
2026-10-07 07:00:26,7800.0,7853.0,Call GEX 3,GEX,752068.085,,9296.910181426949
2026-10-07 07:00:26,7820.0,7873.0,Put CEX 5,CEX,-1274952.685,,9296.910181426949
2026-10-07 07:00:26,7820.0,7873.0,Put CEX 5,CEX,-1274952.685,,9296.910181426949
2026-10-07 07:00:26,7825.0,7878.0,Put CEX 4,CEX,-1799796.688,,9296.910181426949
2026-10-07 07:00:26,7825.0,7878.0,Put CEX 4,CEX,-1799796.688,,9296.910181426949
2026-10-07 07:00:26,7850.0,7903.25,Put CEX 3,CEX,-2006976.635,,9296.910181426949
2026-10-07 07:00:26,7850.0,7903.25,Put CEX 3,CEX,-2006976.635,,9296.910181426949
2026-10-07 07:00:26,7850.0,7903.25,Call GEX 4,GEX,748967.17,,9296.910181426949
2026-10-07 07:00:26,7850.0,7903.25,Call GEX 4,GEX,748967.17,,9296.910181426949
2026-10-07 07:00:26,7900.0,7953.5,Call DEX 5,DEX,192.297,,9296.910181426949
2026-10-07 07:00:26,7900.0,7953.5,Call DEX 5,DEX,192.297,,9296.910181426949
2026-10-07 07:00:26,7900.0,7953.5,Call GEX 1,GEX,888682.162,,9296.910181426949
2026-10-07 07:00:26,7900.0,7953.5,Call GEX 1,GEX,888682.162,,9296.910181426949
2026-10-07 07:00:26,8000.0,8054.25,Put CEX 1,CEX,-4987730.616,,9296.910181426949
2026-10-07 07:00:26,8000.0,8054.25,Put CEX 1,CEX,-4987730.616,,9296.910181426949
2026-10-07 07:00:26,8000.0,8054.25,Put DEX 1,DEX,-1861.362,,9296.910181426949
2026-10-07 07:00:26,8000.0,8054.25,Put DEX 1,DEX,-1861.362,,9296.910181426949
2026-10-07 07:00:26,8000.0,8054.25,Call GEX 2,GEX,847760.08,,9296.910181426949
2026-10-07 07:00:26,8000.0,8054.25,Call GEX 2,GEX,847760.08,,9296.910181426949
2026-10-07 07:00:26,8000.0,8054.25,Put VEX 1,VEX,-12373159.826,,9296.910181426949
2026-10-07 07:00:26,8000.0,8054.25,Put VEX 1,VEX,-12373159.826,,9296.910181426949
2026-10-07 07:00:26,8050.0,8104.5,Call DEX 3,DEX,232.211,,9296.910181426949
2026-10-07 07:00:26,8050.0,8104.5,Call DEX 3,DEX,232.211,,9296.910181426949
2026-10-07 07:00:26,8050.0,8104.5,Call GEX 5,GEX,692983.496,,9296.910181426949
2026-10-07 07:00:26,8050.0,8104.5,Call GEX 5,GEX,692983.496,,9296.910181426949
2026-10-07 07:00:26,8050.0,8104.5,Put VEX 3,VEX,-1475022.194,,9296.910181426949
2026-10-07 07:00:26,8050.0,8104.5,Put VEX 3,VEX,-1475022.194,,9296.910181426949
2026-10-07 07:00:26,8100.0,8155.0,Put VEX 2,VEX,-1713807.586,,9296.910181426949
2026-10-07 07:00:26,8100.0,8155.0,Put VEX 2,VEX,-1713807.586,,9296.910181426949
2026-10-07 07:00:26,8150.0,8205.25,Put VEX 5,VEX,-1071764.347,,9296.910181426949
2026-10-07 07:00:26,8150.0,8205.25,Put VEX 5,VEX,-1071764.347,,9296.910181426949
2026-10-07 07:00:26,8200.0,8255.75,Put VEX 4,VEX,-1160100.322,,9296.910181426949
2026-10-07 07:00:26,8200.0,8255.75,Put VEX 4,VEX,-1160100.322,,9296.910181426949
2026-10-07 07:00:26,9000.0,9061.0,Put DEX 2,DEX,-56.907,,9296.910181426949
2026-10-07 07:00:26,9000.0,9061.0,Put DEX 2,DEX,-56.907,,9296.910181426949
2026-10-07 07:00:26,10000.0,10067.75,Put DEX 4,DEX,-39.91,,9296.910181426949
2026-10-07 07:00:26,10000.0,10067.75,Put DEX 4,DEX,-39.91,,9296.910181426949
2026-10-07 07:01:52,6400.0,6443.25,Put DEX 5,DEX,-39.554,,9295.80439119582
2026-10-07 07:01:52,6500.0,6544.0,Put DEX 3,DEX,-42.491,,9295.80439119582
2026-10-07 07:01:52,7000.0,7047.25,Call CEX 4,CEX,1130446.6,,9295.80439119582
2026-10-07 07:01:52,7000.0,7047.25,Call DEX 1,DEX,426.13,,9295.80439119582
2026-10-07 07:01:52,7000.0,7047.25,Put GEX 1,GEX,-820478.445,,9295.80439119582
2026-10-07 07:01:52,7000.0,7047.25,Call VEX 1,VEX,9218531.088,,9295.80439119582
2026-10-07 07:01:52,7400.0,7450.0,Put GEX 5,GEX,-203859.948,,9295.80439119582
2026-10-07 07:01:52,7400.0,7450.0,Call VEX 5,VEX,1809863.98,,9295.80439119582
2026-10-07 07:01:52,7500.0,7550.75,Put GEX 2,GEX,-377775.215,,9295.80439119582
2026-10-07 07:01:52,7500.0,7550.75,Call VEX 3,VEX,2518932.793,,9295.80439119582
2026-10-07 07:01:52,7600.0,7651.25,Put GEX 4,GEX,-298301.775,,9295.80439119582
2026-10-07 07:01:52,7600.0,7651.25,Call VEX 4,VEX,2278258.47,,9295.80439119582
2026-10-07 07:01:52,7650.0,7701.75,Put GEX 3,GEX,-352434.545,,9295.80439119582
2026-10-07 07:01:52,7675.0,7726.75,Call CEX 5,CEX,1045077.028,,9295.80439119582
2026-10-07 07:01:52,7700.0,7752.0,Call CEX 2,CEX,1427020.749,,9295.80439119582
2026-10-07 07:01:52,7700.0,7752.0,Call DEX 2,DEX,334.281,,9295.80439119582
2026-10-07 07:01:52,7700.0,7752.0,Call VEX 2,VEX,2660644.187,,9295.80439119582
2026-10-07 07:01:52,7725.0,7777.25,Call CEX 3,CEX,1294516.656,,9295.80439119582
2026-10-07 07:01:52,7750.0,7802.25,Call CEX 1,CEX,2406968.43,,9295.80439119582
2026-10-07 07:01:52,7800.0,7852.75,Put CEX 2,CEX,-2237007.663,,9295.80439119582
2026-10-07 07:01:52,7800.0,7852.75,Call DEX 4,DEX,204.355,,9295.80439119582
2026-10-07 07:01:52,7800.0,7852.75,Call GEX 3,GEX,754535.881,,9295.80439119582
2026-10-07 07:01:52,7820.0,7872.75,Put CEX 5,CEX,-1258013.274,,9295.80439119582
2026-10-07 07:01:52,7825.0,7877.75,Put CEX 4,CEX,-1831120.575,,9295.80439119582
2026-10-07 07:01:52,7850.0,7903.0,Put CEX 3,CEX,-2089930.673,,9295.80439119582
2026-10-07 07:01:52,7850.0,7903.0,Call GEX 4,GEX,737211.168,,9295.80439119582
2026-10-07 07:01:52,7900.0,7953.5,Call DEX 5,DEX,188.232,,9295.80439119582
2026-10-07 07:01:52,7900.0,7953.5,Call GEX 1,GEX,883507.862,,9295.80439119582
2026-10-07 07:01:52,8000.0,8054.0,Put CEX 1,CEX,-4991826.303,,9295.80439119582
2026-10-07 07:01:52,8000.0,8054.0,Put DEX 1,DEX,-1865.714,,9295.80439119582
2026-10-07 07:01:52,8000.0,8054.0,Call GEX 2,GEX,850673.391,,9295.80439119582
2026-10-07 07:01:52,8000.0,8054.0,Put VEX 1,VEX,-12416011.315,,9295.80439119582
2026-10-07 07:01:52,8050.0,8104.5,Call DEX 3,DEX,231.356,,9295.80439119582
2026-10-07 07:01:52,8050.0,8104.5,Call GEX 5,GEX,691327.182,,9295.80439119582
2026-10-07 07:01:52,8050.0,8104.5,Put VEX 3,VEX,-1477972.812,,9295.80439119582
2026-10-07 07:01:52,8100.0,8154.75,Put VEX 2,VEX,-1716912.86,,9295.80439119582
2026-10-07 07:01:52,8150.0,8205.0,Put VEX 5,VEX,-1073364.061,,9295.80439119582
2026-10-07 07:01:52,8200.0,8255.5,Put VEX 4,VEX,-1162881.837,,9295.80439119582
2026-10-07 07:01:52,9000.0,9060.75,Put DEX 2,DEX,-56.935,,9295.80439119582
2026-10-07 07:01:52,10000.0,10067.5,Put DEX 4,DEX,-39.848,,9295.80439119582
2026-10-07 07:02:39,6400.0,6444.0,Put DEX 5,DEX,-39.714,,9295.706859232116
2026-10-07 07:02:39,6500.0,6544.5,Put DEX 3,DEX,-42.629,,9295.706859232116
2026-10-07 07:02:39,7000.0,7048.0,Call CEX 4,CEX,1140223.926,,9295.706859232116
2026-10-07 07:02:39,7000.0,7048.0,Call DEX 1,DEX,421.995,,9295.706859232116
2026-10-07 07:02:39,7000.0,7048.0,Put GEX 1,GEX,-820697.559,,9295.706859232116
2026-10-07 07:02:39,7000.0,7048.0,Call VEX 1,VEX,9273611.406,,9295.706859232116
2026-10-07 07:02:39,7400.0,7450.75,Put GEX 5,GEX,-203049.16,,9295.706859232116
2026-10-07 07:02:39,7400.0,7450.75,Call VEX 5,VEX,1820641.598,,9295.706859232116
2026-10-07 07:02:39,7500.0,7551.5,Put GEX 2,GEX,-380093.802,,9295.706859232116
2026-10-07 07:02:39,7500.0,7551.5,Call VEX 3,VEX,2523471.089,,9295.706859232116
2026-10-07 07:02:39,7600.0,7652.0,Put GEX 4,GEX,-301743.854,,9295.706859232116
2026-10-07 07:02:39,7600.0,7652.0,Call VEX 4,VEX,2272301.234,,9295.706859232116
2026-10-07 07:02:39,7650.0,7702.5,Put GEX 3,GEX,-358163.64,,9295.706859232116
2026-10-07 07:02:39,7675.0,7727.75,Call CEX 5,CEX,1116886.706,,9295.706859232116
2026-10-07 07:02:39,7700.0,7752.75,Call CEX 2,CEX,1455393.467,,9295.706859232116
2026-10-07 07:02:39,7700.0,7752.75,Call DEX 2,DEX,326.019,,9295.706859232116
2026-10-07 07:02:39,7700.0,7752.75,Call VEX 2,VEX,2617071.787,,9295.706859232116
2026-10-07 07:02:39,7725.0,7778.0,Call CEX 3,CEX,1308403.524,,9295.706859232116
2026-10-07 07:02:39,7750.0,7803.25,Call CEX 1,CEX,2211761.577,,9295.706859232116
2026-10-07 07:02:39,7795.0,7848.5,Put CEX 5,CEX,-1321219.219,,9295.706859232116
2026-10-07 07:02:39,7800.0,7853.5,Put CEX 2,CEX,-2300268.342,,9295.706859232116
2026-10-07 07:02:39,7800.0,7853.5,Call DEX 4,DEX,195.423,,9295.706859232116
2026-10-07 07:02:39,7800.0,7853.5,Call GEX 3,GEX,743705.247,,9295.706859232116
2026-10-07 07:02:39,7825.0,7878.75,Put CEX 4,CEX,-1610132.216,,9295.706859232116
2026-10-07 07:02:39,7850.0,7903.75,Put CEX 3,CEX,-1832492.666,,9295.706859232116
2026-10-07 07:02:39,7850.0,7903.75,Call GEX 4,GEX,725312.578,,9295.706859232116
2026-10-07 07:02:39,7900.0,7954.25,Call DEX 5,DEX,187.582,,9295.706859232116
2026-10-07 07:02:39,7900.0,7954.25,Call GEX 1,GEX,870511.104,,9295.706859232116
2026-10-07 07:02:39,8000.0,8054.75,Put CEX 1,CEX,-4888674.563,,9295.706859232116
2026-10-07 07:02:39,8000.0,8054.75,Put DEX 1,DEX,-1892.565,,9295.706859232116
2026-10-07 07:02:39,8000.0,8054.75,Call GEX 2,GEX,839079.019,,9295.706859232116
2026-10-07 07:02:39,8000.0,8054.75,Put VEX 1,VEX,-12418788.352,,9295.706859232116
2026-10-07 07:02:39,8050.0,8105.25,Call DEX 3,DEX,229.032,,9295.706859232116
2026-10-07 07:02:39,8050.0,8105.25,Call GEX 5,GEX,685638.742,,9295.706859232116
2026-10-07 07:02:39,8050.0,8105.25,Put VEX 3,VEX,-1482051.742,,9295.706859232116
2026-10-07 07:02:39,8100.0,8155.5,Put VEX 2,VEX,-1723811.117,,9295.706859232116
2026-10-07 07:02:39,8150.0,8206.0,Put VEX 5,VEX,-1076227.182,,9295.706859232116
2026-10-07 07:02:39,8200.0,8256.25,Put VEX 4,VEX,-1163122.111,,9295.706859232116
2026-10-07 07:02:39,9000.0,9061.75,Put DEX 2,DEX,-56.97,,9295.706859232116
2026-10-07 07:02:39,10000.0,10068.5,Put DEX 4,DEX,-39.872,,9295.706859232116
2026-10-07 07:03:26,6000.0,6040.5,Put DEX 3,DEX,-45.109,,9294.993696534002
2026-10-07 07:03:26,6500.0,6544.0,Put DEX 4,DEX,-42.457,,9294.993696534002
2026-10-07 07:03:26,7000.0,7047.25,Call CEX 4,CEX,1128003.139,,9294.993696534002
2026-10-07 07:03:26,7000.0,7047.25,Call DEX 1,DEX,415.696,,9294.993696534002
2026-10-07 07:03:26,7000.0,7047.25,Put GEX 1,GEX,-816522.742,,9294.993696534002
2026-10-07 07:03:26,7000.0,7047.25,Call VEX 1,VEX,9268710.911,,9294.993696534002
2026-10-07 07:03:26,7400.0,7450.0,Put GEX 5,GEX,-203771.613,,9294.993696534002
2026-10-07 07:03:26,7400.0,7450.0,Call VEX 5,VEX,1807842.079,,9294.993696534002
2026-10-07 07:03:26,7500.0,7550.75,Put GEX 2,GEX,-375068.266,,9294.993696534002
2026-10-07 07:03:26,7500.0,7550.75,Call VEX 3,VEX,2523193.187,,9294.993696534002
2026-10-07 07:03:26,7600.0,7651.5,Put GEX 4,GEX,-299117.289,,9294.993696534002
2026-10-07 07:03:26,7600.0,7651.5,Call VEX 4,VEX,2276383.243,,9294.993696534002
2026-10-07 07:03:26,7650.0,7701.75,Put GEX 3,GEX,-350643.434,,9294.993696534002
2026-10-07 07:03:26,7675.0,7727.0,Call CEX 5,CEX,1070925.548,,9294.993696534002
2026-10-07 07:03:26,7700.0,7752.0,Call CEX 2,CEX,1428490.117,,9294.993696534002
2026-10-07 07:03:26,7700.0,7752.0,Call DEX 2,DEX,336.467,,9294.993696534002
2026-10-07 07:03:26,7700.0,7752.0,Call VEX 2,VEX,2672368.991,,9294.993696534002
2026-10-07 07:03:26,7725.0,7777.25,Call CEX 3,CEX,1297212.245,,9294.993696534002
2026-10-07 07:03:26,7750.0,7802.5,Call CEX 1,CEX,2470065.114,,9294.993696534002
2026-10-07 07:03:26,7800.0,7852.75,Put CEX 2,CEX,-2216412.993,,9294.993696534002
2026-10-07 07:03:26,7800.0,7852.75,Call DEX 4,DEX,207.668,,9294.993696534002
2026-10-07 07:03:26,7800.0,7852.75,Call GEX 3,GEX,751422.314,,9294.993696534002
2026-10-07 07:03:26,7820.0,7873.0,Put CEX 5,CEX,-1256601.929,,9294.993696534002
2026-10-07 07:03:26,7825.0,7878.0,Put CEX 4,CEX,-1768448.321,,9294.993696534002
2026-10-07 07:03:26,7850.0,7903.0,Put CEX 3,CEX,-1935324.14,,9294.993696534002
2026-10-07 07:03:26,7850.0,7903.0,Call GEX 4,GEX,741561.257,,9294.993696534002
2026-10-07 07:03:26,7900.0,7953.5,Call DEX 5,DEX,190.42,,9294.993696534002
2026-10-07 07:03:26,7900.0,7953.5,Call GEX 1,GEX,888886.812,,9294.993696534002
2026-10-07 07:03:26,8000.0,8054.0,Put CEX 1,CEX,-4958857.395,,9294.993696534002
2026-10-07 07:03:26,8000.0,8054.0,Put DEX 1,DEX,-1857.595,,9294.993696534002
2026-10-07 07:03:26,8000.0,8054.0,Call GEX 2,GEX,860944.301,,9294.993696534002
2026-10-07 07:03:26,8000.0,8054.0,Put VEX 1,VEX,-12365749.311,,9294.993696534002
2026-10-07 07:03:26,8050.0,8104.5,Call DEX 3,DEX,232.34,,9294.993696534002
2026-10-07 07:03:26,8050.0,8104.5,Call GEX 5,GEX,692635.931,,9294.993696534002
2026-10-07 07:03:26,8050.0,8104.5,Put VEX 3,VEX,-1474977.345,,9294.993696534002
2026-10-07 07:03:26,8100.0,8154.75,Put VEX 2,VEX,-1714296.273,,9294.993696534002
2026-10-07 07:03:26,8150.0,8205.0,Put VEX 5,VEX,-1071893.689,,9294.993696534002
2026-10-07 07:03:26,8200.0,8255.5,Put VEX 4,VEX,-1162821.405,,9294.993696534002
2026-10-07 07:03:26,9000.0,9060.75,Put DEX 2,DEX,-64.62,,9294.993696534002
2026-10-07 07:03:26,10000.0,10067.75,Put DEX 5,DEX,-39.823,,9294.993696534002
2026-10-07 07:04:15,6000.0,6040.5,Put DEX 3,DEX,-45.065,,9295.135034031362
2026-10-07 07:04:15,6500.0,6544.0,Put DEX 4,DEX,-42.435,,9295.135034031362
2026-10-07 07:04:15,7000.0,7047.5,Call CEX 4,CEX,1125561.727,,9295.135034031362
2026-10-07 07:04:15,7000.0,7047.5,Call DEX 1,DEX,420.482,,9295.135034031362
2026-10-07 07:04:15,7000.0,7047.5,Put GEX 1,GEX,-822365.556,,9295.135034031362
2026-10-07 07:04:15,7000.0,7047.5,Call VEX 1,VEX,9208436.952,,9295.135034031362
2026-10-07 07:04:15,7400.0,7450.0,Put GEX 5,GEX,-203655.871,,9295.135034031362
2026-10-07 07:04:15,7400.0,7450.0,Call VEX 5,VEX,1807877.508,,9295.135034031362
2026-10-07 07:04:15,7500.0,7550.75,Put GEX 2,GEX,-375633.69,,9295.135034031362
2026-10-07 07:04:15,7500.0,7550.75,Call VEX 3,VEX,2520929.49,,9295.135034031362
2026-10-07 07:04:15,7600.0,7651.5,Put GEX 4,GEX,-295896.678,,9295.135034031362
2026-10-07 07:04:15,7600.0,7651.5,Call VEX 4,VEX,2282607.347,,9295.135034031362
2026-10-07 07:04:15,7650.0,7701.75,Put GEX 3,GEX,-348737.248,,9295.135034031362
2026-10-07 07:04:15,7675.0,7727.0,Call CEX 5,CEX,1067015.01,,9295.135034031362
2026-10-07 07:04:15,7700.0,7752.25,Call CEX 2,CEX,1411481.568,,9295.135034031362
2026-10-07 07:04:15,7700.0,7752.25,Call DEX 2,DEX,338.376,,9295.135034031362
2026-10-07 07:04:15,7700.0,7752.25,Call VEX 2,VEX,2681516.561,,9295.135034031362
2026-10-07 07:04:15,7725.0,7777.25,Call CEX 3,CEX,1289955.776,,9295.135034031362
2026-10-07 07:04:15,7750.0,7802.5,Call CEX 1,CEX,2516123.274,,9295.135034031362
2026-10-07 07:04:15,7800.0,7852.75,Put CEX 2,CEX,-2208624.878,,9295.135034031362
2026-10-07 07:04:15,7800.0,7852.75,Call DEX 4,DEX,209.163,,9295.135034031362
2026-10-07 07:04:15,7800.0,7852.75,Call GEX 3,GEX,755328.242,,9295.135034031362
2026-10-07 07:04:15,7820.0,7873.0,Put CEX 5,CEX,-1265522.128,,9295.135034031362
2026-10-07 07:04:15,7825.0,7878.0,Put CEX 4,CEX,-1809135.283,,9295.135034031362
2026-10-07 07:04:15,7850.0,7903.25,Put CEX 3,CEX,-1979215.404,,9295.135034031362
2026-10-07 07:04:15,7850.0,7903.25,Call GEX 4,GEX,741507.466,,9295.135034031362
2026-10-07 07:04:15,7900.0,7953.5,Call DEX 5,DEX,191.102,,9295.135034031362
2026-10-07 07:04:15,7900.0,7953.5,Call GEX 1,GEX,890821.248,,9295.135034031362
2026-10-07 07:04:15,8000.0,8054.25,Put CEX 1,CEX,-5023969.113,,9295.135034031362
2026-10-07 07:04:15,8000.0,8054.25,Put DEX 1,DEX,-1849.606,,9295.135034031362
2026-10-07 07:04:15,8000.0,8054.25,Call GEX 2,GEX,861729.664,,9295.135034031362
2026-10-07 07:04:15,8000.0,8054.25,Put VEX 1,VEX,-12393798.445,,9295.135034031362
2026-10-07 07:04:15,8050.0,8104.5,Call DEX 3,DEX,232.713,,9295.135034031362
2026-10-07 07:04:15,8050.0,8104.5,Call GEX 5,GEX,693921.265,,9295.135034031362
2026-10-07 07:04:15,8050.0,8104.5,Put VEX 3,VEX,-1474325.149,,9295.135034031362
2026-10-07 07:04:15,8100.0,8154.75,Put VEX 2,VEX,-1713702.404,,9295.135034031362
2026-10-07 07:04:15,8150.0,8205.25,Put VEX 5,VEX,-1071810.817,,9295.135034031362
2026-10-07 07:04:15,8200.0,8255.5,Put VEX 4,VEX,-1162853.339,,9295.135034031362
2026-10-07 07:04:15,9000.0,9061.0,Put DEX 2,DEX,-56.841,,9295.135034031362
2026-10-07 07:04:15,10000.0,10067.75,Put DEX 5,DEX,-39.82,,9295.135034031362
2026-10-07 07:05:04,6400.0,6442.75,Put DEX 5,DEX,-39.6,,9295.769844842169
2026-10-07 07:05:04,6500.0,6543.5,Put DEX 3,DEX,-42.549,,9295.769844842169
2026-10-07 07:05:04,7000.0,7046.75,Call CEX 4,CEX,1129920.326,,9295.769844842169
2026-10-07 07:05:04,7000.0,7046.75,Call DEX 1,DEX,425.339,,9295.769844842169
2026-10-07 07:05:04,7000.0,7046.75,Put GEX 1,GEX,-822217.888,,9295.769844842169
2026-10-07 07:05:04,7000.0,7046.75,Call VEX 1,VEX,9226207.236,,9295.769844842169
2026-10-07 07:05:04,7400.0,7449.5,Put GEX 5,GEX,-204129.24,,9295.769844842169
2026-10-07 07:05:04,7400.0,7449.5,Call VEX 5,VEX,1808325.287,,9295.769844842169
2026-10-07 07:05:04,7500.0,7550.25,Put GEX 2,GEX,-380057.308,,9295.769844842169
2026-10-07 07:05:04,7500.0,7550.25,Call VEX 3,VEX,2513380.737,,9295.769844842169
2026-10-07 07:05:04,7600.0,7650.75,Put GEX 4,GEX,-300416.977,,9295.769844842169
2026-10-07 07:05:04,7600.0,7650.75,Call VEX 4,VEX,2274519.053,,9295.769844842169
2026-10-07 07:05:04,7650.0,7701.25,Put GEX 3,GEX,-351416.498,,9295.769844842169
2026-10-07 07:05:04,7700.0,7751.5,Call CEX 2,CEX,1366912.578,,9295.769844842169
2026-10-07 07:05:04,7700.0,7751.5,Call DEX 2,DEX,334.5,,9295.769844842169
2026-10-07 07:05:04,7700.0,7751.5,Call VEX 2,VEX,2655393.253,,9295.769844842169
2026-10-07 07:05:04,7720.0,7771.75,Call CEX 5,CEX,1007653.164,,9295.769844842169
2026-10-07 07:05:04,7725.0,7776.75,Call CEX 3,CEX,1277490.084,,9295.769844842169
2026-10-07 07:05:04,7750.0,7801.75,Call CEX 1,CEX,2454619.064,,9295.769844842169
2026-10-07 07:05:04,7800.0,7852.25,Put CEX 2,CEX,-2236898.661,,9295.769844842169
2026-10-07 07:05:04,7800.0,7852.25,Call DEX 4,DEX,205.264,,9295.769844842169
2026-10-07 07:05:04,7800.0,7852.25,Call GEX 3,GEX,764547.187,,9295.769844842169
2026-10-07 07:05:04,7820.0,7872.25,Put CEX 5,CEX,-1290609.17,,9295.769844842169
2026-10-07 07:05:04,7825.0,7877.25,Put CEX 4,CEX,-1882412.024,,9295.769844842169
2026-10-07 07:05:04,7850.0,7902.5,Put CEX 3,CEX,-2082711.296,,9295.769844842169
2026-10-07 07:05:04,7850.0,7902.5,Call GEX 4,GEX,726729.433,,9295.769844842169
2026-10-07 07:05:04,7900.0,7952.75,Call DEX 5,DEX,186.633,,9295.769844842169
2026-10-07 07:05:04,7900.0,7952.75,Call GEX 1,GEX,877536.956,,9295.769844842169
2026-10-07 07:05:04,8000.0,8053.5,Put CEX 1,CEX,-5031275.577,,9295.769844842169
2026-10-07 07:05:04,8000.0,8053.5,Put DEX 1,DEX,-1853.296,,9295.769844842169
2026-10-07 07:05:04,8000.0,8053.5,Call GEX 2,GEX,825288.823,,9295.769844842169
2026-10-07 07:05:04,8000.0,8053.5,Put VEX 1,VEX,-12449161.688,,9295.769844842169
2026-10-07 07:05:04,8050.0,8103.75,Call DEX 3,DEX,232.013,,9295.769844842169
2026-10-07 07:05:04,8050.0,8103.75,Call GEX 5,GEX,691023.893,,9295.769844842169
2026-10-07 07:05:04,8050.0,8103.75,Put VEX 3,VEX,-1476045.653,,9295.769844842169
2026-10-07 07:05:04,8100.0,8154.25,Put VEX 2,VEX,-1714963.186,,9295.769844842169
2026-10-07 07:05:04,8150.0,8204.5,Put VEX 5,VEX,-1072283.579,,9295.769844842169
2026-10-07 07:05:04,8200.0,8254.75,Put VEX 4,VEX,-1162793.438,,9295.769844842169
2026-10-07 07:05:04,9000.0,9060.25,Put DEX 2,DEX,-56.925,,9295.769844842169
2026-10-07 07:05:04,10000.0,10067.0,Put DEX 4,DEX,-39.844,,9295.769844842169
2026-10-07 07:05:53,6400.0,6443.25,Put DEX 4,DEX,-39.688,,9294.144541366122
2026-10-07 07:05:53,6500.0,6544.0,Put DEX 3,DEX,-42.698,,9294.144541366122
2026-10-07 07:05:53,7000.0,7047.25,Call CEX 4,CEX,1133854.309,,9294.144541366122
2026-10-07 07:05:53,7000.0,7047.25,Call DEX 1,DEX,425.528,,9294.144541366122
2026-10-07 07:05:53,7000.0,7047.25,Put GEX 1,GEX,-826602.432,,9294.144541366122
2026-10-07 07:05:53,7000.0,7047.25,Call VEX 1,VEX,9205388.6,,9294.144541366122
2026-10-07 07:05:53,7400.0,7450.0,Put GEX 5,GEX,-204503.325,,9294.144541366122
2026-10-07 07:05:53,7400.0,7450.0,Call VEX 5,VEX,1808765.473,,9294.144541366122
2026-10-07 07:05:53,7500.0,7550.75,Put GEX 2,GEX,-380380.608,,9294.144541366122
2026-10-07 07:05:53,7500.0,7550.75,Call VEX 3,VEX,2513429.203,,9294.144541366122
2026-10-07 07:05:53,7600.0,7651.5,Put GEX 4,GEX,-299080.724,,9294.144541366122
2026-10-07 07:05:53,7600.0,7651.5,Call VEX 4,VEX,2274288.074,,9294.144541366122
2026-10-07 07:05:53,7650.0,7701.75,Put GEX 3,GEX,-351915.466,,9294.144541366122
2026-10-07 07:05:53,7700.0,7752.0,Call CEX 2,CEX,1374532.313,,9294.144541366122
2026-10-07 07:05:53,7700.0,7752.0,Call DEX 2,DEX,331.618,,9294.144541366122
2026-10-07 07:05:53,7700.0,7752.0,Call VEX 2,VEX,2640091.649,,9294.144541366122
2026-10-07 07:05:53,7720.0,7772.25,Call CEX 5,CEX,1014436.188,,9294.144541366122
2026-10-07 07:05:53,7725.0,7777.25,Call CEX 3,CEX,1285250.512,,9294.144541366122
2026-10-07 07:05:53,7750.0,7802.5,Call CEX 1,CEX,2404991.027,,9294.144541366122
2026-10-07 07:05:53,7795.0,7847.75,Put CEX 5,CEX,-1288198.026,,9294.144541366122
2026-10-07 07:05:53,7800.0,7852.75,Put CEX 2,CEX,-2266043.249,,9294.144541366122
2026-10-07 07:05:53,7800.0,7852.75,Call DEX 4,DEX,202.34,,9294.144541366122
2026-10-07 07:05:53,7800.0,7852.75,Call GEX 3,GEX,761053.423,,9294.144541366122
2026-10-07 07:05:53,7825.0,7878.0,Put CEX 4,CEX,-1864274.146,,9294.144541366122
2026-10-07 07:05:53,7850.0,7903.0,Put CEX 3,CEX,-2064094.031,,9294.144541366122
2026-10-07 07:05:53,7850.0,7903.0,Call GEX 4,GEX,723425.735,,9294.144541366122
2026-10-07 07:05:53,7900.0,7953.5,Call DEX 5,DEX,185.586,,9294.144541366122
2026-10-07 07:05:53,7900.0,7953.5,Call GEX 1,GEX,874811.08,,9294.144541366122
2026-10-07 07:05:53,8000.0,8054.0,Put CEX 1,CEX,-5014516.699,,9294.144541366122
2026-10-07 07:05:53,8000.0,8054.0,Put DEX 1,DEX,-1860.775,,9294.144541366122
2026-10-07 07:05:53,8000.0,8054.0,Call GEX 2,GEX,841866.869,,9294.144541366122
2026-10-07 07:05:53,8000.0,8054.0,Put VEX 1,VEX,-12454883.759,,9294.144541366122
2026-10-07 07:05:53,8050.0,8104.5,Call DEX 3,DEX,231.27,,9294.144541366122
2026-10-07 07:05:53,8050.0,8104.5,Call GEX 5,GEX,690042.566,,9294.144541366122
2026-10-07 07:05:53,8050.0,8104.5,Put VEX 3,VEX,-1479027.529,,9294.144541366122
2026-10-07 07:05:53,8100.0,8154.75,Put VEX 2,VEX,-1717845.333,,9294.144541366122
2026-10-07 07:05:53,8150.0,8205.25,Put VEX 5,VEX,-1074250.651,,9294.144541366122
2026-10-07 07:05:53,8200.0,8255.5,Put VEX 4,VEX,-1163452.694,,9294.144541366122
2026-10-07 07:05:53,9000.0,9060.75,Put DEX 2,DEX,-56.814,,9294.144541366122
2026-10-07 07:05:53,10000.0,10067.75,Put DEX 5,DEX,-39.675,,9294.144541366122
2026-10-07 07:06:41,6400.0,6442.75,Put DEX 4,DEX,-39.923,,9296.008976206133
2026-10-07 07:06:41,6500.0,6543.25,Put DEX 3,DEX,-42.741,,9296.008976206133
2026-10-07 07:06:41,7000.0,7046.75,Call CEX 4,CEX,1141143.165,,9296.008976206133
2026-10-07 07:06:41,7000.0,7046.75,Call DEX 1,DEX,420.912,,9296.008976206133
2026-10-07 07:06:41,7000.0,7046.75,Put GEX 1,GEX,-820307.718,,9296.008976206133
2026-10-07 07:06:41,7000.0,7046.75,Call VEX 1,VEX,9280131.631,,9296.008976206133
2026-10-07 07:06:41,7400.0,7449.25,Put GEX 5,GEX,-205193.103,,9296.008976206133
2026-10-07 07:06:41,7400.0,7449.25,Call VEX 5,VEX,1811192.695,,9296.008976206133
2026-10-07 07:06:41,7500.0,7550.0,Put GEX 2,GEX,-381863.306,,9296.008976206133
2026-10-07 07:06:41,7500.0,7550.0,Call VEX 3,VEX,2518114.016,,9296.008976206133
2026-10-07 07:06:41,7600.0,7650.75,Put GEX 4,GEX,-302268.883,,9296.008976206133
2026-10-07 07:06:41,7600.0,7650.75,Call VEX 4,VEX,2268289.546,,9296.008976206133
2026-10-07 07:06:41,7650.0,7701.0,Put GEX 3,GEX,-356270.752,,9296.008976206133
2026-10-07 07:06:41,7700.0,7751.25,Call CEX 2,CEX,1346298.765,,9296.008976206133
2026-10-07 07:06:41,7700.0,7751.25,Call DEX 2,DEX,327.159,,9296.008976206133
2026-10-07 07:06:41,7700.0,7751.25,Call VEX 2,VEX,2611869.893,,9296.008976206133
2026-10-07 07:06:41,7720.0,7771.5,Call CEX 5,CEX,1017267.043,,9296.008976206133
2026-10-07 07:06:41,7725.0,7776.5,Call CEX 3,CEX,1283675.038,,9296.008976206133
2026-10-07 07:06:41,7750.0,7801.75,Call CEX 1,CEX,2323646.508,,9296.008976206133
2026-10-07 07:06:41,7795.0,7847.0,Put CEX 5,CEX,-1313430.992,,9296.008976206133
2026-10-07 07:06:41,7800.0,7852.0,Put CEX 2,CEX,-2290552.279,,9296.008976206133
2026-10-07 07:06:41,7800.0,7852.0,Call DEX 4,DEX,198.3,,9296.008976206133
2026-10-07 07:06:41,7800.0,7852.0,Call GEX 3,GEX,758266.85,,9296.008976206133
2026-10-07 07:06:41,7825.0,7877.25,Put CEX 4,CEX,-1869774.592,,9296.008976206133
2026-10-07 07:06:41,7850.0,7902.25,Put CEX 3,CEX,-2085373.064,,9296.008976206133
2026-10-07 07:06:41,7850.0,7902.25,Call GEX 4,GEX,711807.312,,9296.008976206133
2026-10-07 07:06:41,7900.0,7952.75,Call DEX 5,DEX,184.324,,9296.008976206133
2026-10-07 07:06:41,7900.0,7952.75,Call GEX 1,GEX,864672.538,,9296.008976206133
2026-10-07 07:06:41,8000.0,8053.25,Put CEX 1,CEX,-5000959.4,,9296.008976206133
2026-10-07 07:06:41,8000.0,8053.25,Put DEX 1,DEX,-1869.081,,9296.008976206133
2026-10-07 07:06:41,8000.0,8053.25,Call GEX 2,GEX,805011.395,,9296.008976206133
2026-10-07 07:06:41,8000.0,8053.25,Put VEX 1,VEX,-12484669.359,,9296.008976206133
2026-10-07 07:06:41,8050.0,8103.75,Call DEX 3,DEX,230.847,,9296.008976206133
2026-10-07 07:06:41,8050.0,8103.75,Call GEX 5,GEX,685934.385,,9296.008976206133
2026-10-07 07:06:41,8050.0,8103.75,Put VEX 3,VEX,-1478948.479,,9296.008976206133
2026-10-07 07:06:41,8100.0,8154.0,Put VEX 2,VEX,-1719135.448,,9296.008976206133
2026-10-07 07:06:41,8150.0,8204.25,Put VEX 5,VEX,-1074408.368,,9296.008976206133
2026-10-07 07:06:41,8200.0,8254.75,Put VEX 4,VEX,-1163247.596,,9296.008976206133
2026-10-07 07:06:41,9000.0,9060.0,Put DEX 2,DEX,-57.01,,9296.008976206133
2026-10-07 07:06:41,10000.0,10066.5,Put DEX 5,DEX,-39.866,,9296.008976206133
2026-10-07 07:07:29,6400.0,6443.0,Put DEX 4,DEX,-39.916,,9295.565749544648
2026-10-07 07:07:29,6500.0,6543.5,Put DEX 3,DEX,-42.732,,9295.565749544648
2026-10-07 07:07:29,7000.0,7047.0,Call CEX 4,CEX,1137753.098,,9295.565749544648
2026-10-07 07:07:29,7000.0,7047.0,Call DEX 1,DEX,421.203,,9295.565749544648
2026-10-07 07:07:29,7000.0,7047.0,Put GEX 1,GEX,-822216.178,,9295.565749544648
2026-10-07 07:07:29,7000.0,7047.0,Call VEX 1,VEX,9257525.398,,9295.565749544648
2026-10-07 07:07:29,7400.0,7449.75,Put GEX 5,GEX,-204884.881,,9295.565749544648
2026-10-07 07:07:29,7400.0,7449.75,Call VEX 5,VEX,1810565.368,,9295.565749544648
2026-10-07 07:07:29,7500.0,7550.25,Put GEX 2,GEX,-381983.333,,9295.565749544648
2026-10-07 07:07:29,7500.0,7550.25,Call VEX 3,VEX,2514794.703,,9295.565749544648
2026-10-07 07:07:29,7600.0,7651.0,Put GEX 4,GEX,-300752.572,,9295.565749544648
2026-10-07 07:07:29,7600.0,7651.0,Call VEX 4,VEX,2269994.209,,9295.565749544648
2026-10-07 07:07:29,7650.0,7701.25,Put GEX 3,GEX,-354096.494,,9295.565749544648
2026-10-07 07:07:29,7700.0,7751.75,Call CEX 2,CEX,1403633.807,,9295.565749544648
2026-10-07 07:07:29,7700.0,7751.75,Call DEX 2,DEX,329.309,,9295.565749544648
2026-10-07 07:07:29,7700.0,7751.75,Call VEX 2,VEX,2627362.204,,9295.565749544648
2026-10-07 07:07:29,7720.0,7771.75,Call CEX 5,CEX,1023630.611,,9295.565749544648
2026-10-07 07:07:29,7725.0,7776.75,Call CEX 3,CEX,1292221.095,,9295.565749544648
2026-10-07 07:07:29,7750.0,7802.0,Call CEX 1,CEX,2391806.43,,9295.565749544648
2026-10-07 07:07:29,7795.0,7847.25,Put CEX 5,CEX,-1313530.436,,9295.565749544648
2026-10-07 07:07:29,7800.0,7852.25,Put CEX 2,CEX,-2286779.587,,9295.565749544648
2026-10-07 07:07:29,7800.0,7852.25,Call DEX 4,DEX,200.292,,9295.565749544648
2026-10-07 07:07:29,7800.0,7852.25,Call GEX 3,GEX,753166.473,,9295.565749544648
2026-10-07 07:07:29,7825.0,7877.5,Put CEX 4,CEX,-1799756.839,,9295.565749544648
2026-10-07 07:07:29,7850.0,7902.75,Put CEX 3,CEX,-2032057.397,,9295.565749544648
2026-10-07 07:07:29,7850.0,7902.75,Call GEX 4,GEX,719745.282,,9295.565749544648
2026-10-07 07:07:29,7900.0,7953.0,Call DEX 5,DEX,185.156,,9295.565749544648
2026-10-07 07:07:29,7900.0,7953.0,Call GEX 1,GEX,869939.916,,9295.565749544648
2026-10-07 07:07:29,8000.0,8053.75,Put CEX 1,CEX,-5005651.581,,9295.565749544648
2026-10-07 07:07:29,8000.0,8053.75,Put DEX 1,DEX,-1865.254,,9295.565749544648
2026-10-07 07:07:29,8000.0,8053.75,Call GEX 2,GEX,829856.854,,9295.565749544648
2026-10-07 07:07:29,8000.0,8053.75,Put VEX 1,VEX,-12462006.687,,9295.565749544648
2026-10-07 07:07:29,8050.0,8104.0,Call DEX 3,DEX,231.254,,9295.565749544648
2026-10-07 07:07:29,8050.0,8104.0,Call GEX 5,GEX,687344.875,,9295.565749544648
2026-10-07 07:07:29,8050.0,8104.0,Put VEX 3,VEX,-1477374.965,,9295.565749544648
2026-10-07 07:07:29,8100.0,8154.25,Put VEX 2,VEX,-1718224.199,,9295.565749544648
2026-10-07 07:07:29,8150.0,8204.75,Put VEX 5,VEX,-1073981.191,,9295.565749544648
2026-10-07 07:07:29,8200.0,8255.0,Put VEX 4,VEX,-1163134.428,,9295.565749544648
2026-10-07 07:07:29,9000.0,9060.25,Put DEX 2,DEX,-56.962,,9295.565749544648
2026-10-07 07:07:29,10000.0,10067.0,Put DEX 5,DEX,-39.845,,9295.565749544648
2026-10-07 07:08:18,6400.0,6443.25,Put DEX 4,DEX,-39.948,,9294.940786418576
2026-10-07 07:08:18,6500.0,6543.75,Put DEX 3,DEX,-42.882,,9294.940786418576
2026-10-07 07:08:18,7000.0,7047.25,Call CEX 4,CEX,1137864.674,,9294.940786418576
2026-10-07 07:08:18,7000.0,7047.25,Call DEX 1,DEX,421.365,,9294.940786418576
2026-10-07 07:08:18,7000.0,7047.25,Put GEX 1,GEX,-827206.738,,9294.940786418576
2026-10-07 07:08:18,7000.0,7047.25,Call VEX 1,VEX,9233245.953,,9294.940786418576
2026-10-07 07:08:18,7400.0,7450.0,Put GEX 5,GEX,-205425.608,,9294.940786418576
2026-10-07 07:08:18,7400.0,7450.0,Call VEX 5,VEX,1809081.338,,9294.940786418576
2026-10-07 07:08:18,7500.0,7550.5,Put GEX 2,GEX,-380669.637,,9294.940786418576
2026-10-07 07:08:18,7500.0,7550.5,Call VEX 3,VEX,2519205.847,,9294.940786418576
2026-10-07 07:08:18,7600.0,7651.25,Put GEX 4,GEX,-299935.624,,9294.940786418576
2026-10-07 07:08:18,7600.0,7651.25,Call VEX 4,VEX,2267966.36,,9294.940786418576
2026-10-07 07:08:18,7650.0,7701.75,Put GEX 3,GEX,-354679.973,,9294.940786418576
2026-10-07 07:08:18,7700.0,7752.0,Call CEX 2,CEX,1414455.614,,9294.940786418576
2026-10-07 07:08:18,7700.0,7752.0,Call DEX 2,DEX,326.223,,9294.940786418576
2026-10-07 07:08:18,7700.0,7752.0,Call VEX 2,VEX,2611058.281,,9294.940786418576
2026-10-07 07:08:18,7720.0,7772.0,Call CEX 5,CEX,1030758.386,,9294.940786418576
2026-10-07 07:08:18,7725.0,7777.25,Call CEX 3,CEX,1296700.977,,9294.940786418576
2026-10-07 07:08:18,7750.0,7802.25,Call CEX 1,CEX,2317355.457,,9294.940786418576
2026-10-07 07:08:18,7795.0,7847.5,Put CEX 5,CEX,-1339115.491,,9294.940786418576
2026-10-07 07:08:18,7800.0,7852.75,Put CEX 2,CEX,-2314096.444,,9294.940786418576
2026-10-07 07:08:18,7800.0,7852.75,Call DEX 4,DEX,196.543,,9294.940786418576
2026-10-07 07:08:18,7800.0,7852.75,Call GEX 3,GEX,759062.109,,9294.940786418576
2026-10-07 07:08:18,7825.0,7877.75,Put CEX 4,CEX,-1781057.715,,9294.940786418576
2026-10-07 07:08:18,7850.0,7903.0,Put CEX 3,CEX,-2036811.397,,9294.940786418576
2026-10-07 07:08:18,7850.0,7903.0,Call GEX 4,GEX,715345.717,,9294.940786418576
2026-10-07 07:08:18,7900.0,7953.25,Call DEX 5,DEX,183.322,,9294.940786418576
2026-10-07 07:08:18,7900.0,7953.25,Call GEX 1,GEX,867366.689,,9294.940786418576
2026-10-07 07:08:18,8000.0,8054.0,Put CEX 1,CEX,-4986847.946,,9294.940786418576
2026-10-07 07:08:18,8000.0,8054.0,Put DEX 1,DEX,-1874.127,,9294.940786418576
2026-10-07 07:08:18,8000.0,8054.0,Call GEX 2,GEX,833896.148,,9294.940786418576
2026-10-07 07:08:18,8000.0,8054.0,Put VEX 1,VEX,-12479891.28,,9294.940786418576
2026-10-07 07:08:18,8050.0,8104.25,Call DEX 3,DEX,229.902,,9294.940786418576
2026-10-07 07:08:18,8050.0,8104.25,Call GEX 5,GEX,685910.789,,9294.940786418576
2026-10-07 07:08:18,8050.0,8104.25,Put VEX 3,VEX,-1480670.009,,9294.940786418576
2026-10-07 07:08:18,8100.0,8154.75,Put VEX 2,VEX,-1721861.292,,9294.940786418576
2026-10-07 07:08:18,8150.0,8205.0,Put VEX 5,VEX,-1076003.631,,9294.940786418576
2026-10-07 07:08:18,8200.0,8255.25,Put VEX 4,VEX,-1163405.116,,9294.940786418576
2026-10-07 07:08:18,9000.0,9060.75,Put DEX 2,DEX,-56.821,,9294.940786418576
2026-10-07 07:08:18,10000.0,10067.5,Put DEX 5,DEX,-39.78,,9294.940786418576
2026-10-07 07:09:07,6000.0,6040.5,Put DEX 3,DEX,-45.294,,9295.672171951148
2026-10-07 07:09:07,6400.0,6443.25,Put DEX 5,DEX,-39.91,,9295.672171951148
2026-10-07 07:09:07,6500.0,6543.75,Put DEX 4,DEX,-42.77,,9295.672171951148
2026-10-07 07:09:07,7000.0,7047.25,Call CEX 4,CEX,1136647.32,,9295.672171951148
2026-10-07 07:09:07,7000.0,7047.25,Call DEX 1,DEX,420.951,,9295.672171951148
2026-10-07 07:09:07,7000.0,7047.25,Put GEX 1,GEX,-819169.945,,9295.672171951148
2026-10-07 07:09:07,7000.0,7047.25,Call VEX 1,VEX,9286263.468,,9295.672171951148
2026-10-07 07:09:07,7400.0,7450.0,Put GEX 5,GEX,-205226.988,,9295.672171951148
2026-10-07 07:09:07,7400.0,7450.0,Call VEX 5,VEX,1811568.243,,9295.672171951148
2026-10-07 07:09:07,7500.0,7550.5,Put GEX 2,GEX,-380945.607,,9295.672171951148
2026-10-07 07:09:07,7500.0,7550.5,Call VEX 3,VEX,2518506.931,,9295.672171951148
2026-10-07 07:09:07,7600.0,7651.25,Put GEX 4,GEX,-301080.951,,9295.672171951148
2026-10-07 07:09:07,7600.0,7651.25,Call VEX 4,VEX,2268102.232,,9295.672171951148
2026-10-07 07:09:07,7650.0,7701.5,Put GEX 3,GEX,-355048.74,,9295.672171951148
2026-10-07 07:09:07,7675.0,7726.75,Call CEX 5,CEX,1051901.797,,9295.672171951148
2026-10-07 07:09:07,7700.0,7752.0,Call CEX 2,CEX,1411954.15,,9295.672171951148
2026-10-07 07:09:07,7700.0,7752.0,Call DEX 2,DEX,328.478,,9295.672171951148
2026-10-07 07:09:07,7700.0,7752.0,Call VEX 2,VEX,2623094.857,,9295.672171951148
2026-10-07 07:09:07,7725.0,7777.0,Call CEX 3,CEX,1301892.165,,9295.672171951148
2026-10-07 07:09:07,7750.0,7802.25,Call CEX 1,CEX,2385946.7,,9295.672171951148
2026-10-07 07:09:07,7795.0,7847.5,Put CEX 5,CEX,-1328730.431,,9295.672171951148
2026-10-07 07:09:07,7800.0,7852.5,Put CEX 2,CEX,-2304911.834,,9295.672171951148
2026-10-07 07:09:07,7800.0,7852.5,Call DEX 4,DEX,199.01,,9295.672171951148
2026-10-07 07:09:07,7800.0,7852.5,Call GEX 3,GEX,749505.566,,9295.672171951148
2026-10-07 07:09:07,7825.0,7877.75,Put CEX 4,CEX,-1771545.357,,9295.672171951148
2026-10-07 07:09:07,7850.0,7903.0,Put CEX 3,CEX,-2004646.179,,9295.672171951148
2026-10-07 07:09:07,7850.0,7903.0,Call GEX 4,GEX,719585.687,,9295.672171951148
2026-10-07 07:09:07,7900.0,7953.25,Call DEX 5,DEX,184.747,,9295.672171951148
2026-10-07 07:09:07,7900.0,7953.25,Call GEX 1,GEX,868738.627,,9295.672171951148
2026-10-07 07:09:07,8000.0,8054.0,Put CEX 1,CEX,-4999189.72,,9295.672171951148
2026-10-07 07:09:07,8000.0,8054.0,Put DEX 1,DEX,-1868.186,,9295.672171951148
2026-10-07 07:09:07,8000.0,8054.0,Call GEX 2,GEX,819007.984,,9295.672171951148
2026-10-07 07:09:07,8000.0,8054.0,Put VEX 1,VEX,-12465249.94,,9295.672171951148
2026-10-07 07:09:07,8050.0,8104.25,Call DEX 3,DEX,231.059,,9295.672171951148
2026-10-07 07:09:07,8050.0,8104.25,Call GEX 5,GEX,686537.256,,9295.672171951148
2026-10-07 07:09:07,8050.0,8104.25,Put VEX 3,VEX,-1477602.534,,9295.672171951148
2026-10-07 07:09:07,8100.0,8154.5,Put VEX 2,VEX,-1718994.918,,9295.672171951148
2026-10-07 07:09:07,8150.0,8205.0,Put VEX 5,VEX,-1073840.769,,9295.672171951148
2026-10-07 07:09:07,8200.0,8255.25,Put VEX 4,VEX,-1163169.006,,9295.672171951148
2026-10-07 07:09:07,9000.0,9060.75,Put DEX 2,DEX,-56.994,,9295.672171951148
2026-10-07 07:09:57,6400.0,6442.75,Put DEX 4,DEX,-39.922,,9295.648162763617
2026-10-07 07:09:57,6500.0,6543.5,Put DEX 3,DEX,-42.787,,9295.648162763617
2026-10-07 07:09:57,7000.0,7046.75,Call CEX 4,CEX,1140431.585,,9295.648162763617
2026-10-07 07:09:57,7000.0,7046.75,Call DEX 1,DEX,421.465,,9295.648162763617
2026-10-07 07:09:57,7000.0,7046.75,Put GEX 1,GEX,-821943.055,,9295.648162763617
2026-10-07 07:09:57,7000.0,7046.75,Call VEX 1,VEX,9268960.047,,9295.648162763617
2026-10-07 07:09:57,7400.0,7449.5,Put GEX 5,GEX,-205358.582,,9295.648162763617
2026-10-07 07:09:57,7400.0,7449.5,Call VEX 5,VEX,1811121.531,,9295.648162763617
2026-10-07 07:09:57,7500.0,7550.25,Put GEX 2,GEX,-384817.566,,9295.648162763617
2026-10-07 07:09:57,7500.0,7550.25,Call VEX 3,VEX,2509799.904,,9295.648162763617
2026-10-07 07:09:57,7600.0,7650.75,Put GEX 4,GEX,-303527.071,,9295.648162763617
2026-10-07 07:09:57,7600.0,7650.75,Call VEX 4,VEX,2264036.288,,9295.648162763617
2026-10-07 07:09:57,7650.0,7701.25,Put GEX 3,GEX,-356053.228,,9295.648162763617
2026-10-07 07:09:57,7700.0,7751.5,Call CEX 2,CEX,1307792.967,,9295.648162763617
2026-10-07 07:09:57,7700.0,7751.5,Call DEX 2,DEX,322.311,,9295.648162763617
2026-10-07 07:09:57,7700.0,7751.5,Call VEX 2,VEX,2610243.675,,9295.648162763617
2026-10-07 07:09:57,7720.0,7771.75,Call CEX 5,CEX,991968.183,,9295.648162763617
2026-10-07 07:09:57,7725.0,7776.75,Call CEX 3,CEX,1268094.102,,9295.648162763617
2026-10-07 07:09:57,7750.0,7801.75,Call CEX 1,CEX,2366150.556,,9295.648162763617
2026-10-07 07:09:57,7795.0,7847.25,Put CEX 5,CEX,-1326736.281,,9295.648162763617
2026-10-07 07:09:57,7800.0,7852.25,Put CEX 2,CEX,-2303635.959,,9295.648162763617
2026-10-07 07:09:57,7800.0,7852.25,Call DEX 4,DEX,198.174,,9295.648162763617
2026-10-07 07:09:57,7800.0,7852.25,Call GEX 3,GEX,766455.978,,9295.648162763617
2026-10-07 07:09:57,7825.0,7877.25,Put CEX 4,CEX,-1891905.087,,9295.648162763617
2026-10-07 07:09:57,7850.0,7902.5,Put CEX 3,CEX,-2117579.032,,9295.648162763617
2026-10-07 07:09:57,7850.0,7902.5,Call GEX 4,GEX,711180.584,,9295.648162763617
2026-10-07 07:09:57,7900.0,7952.75,Call DEX 5,DEX,184.233,,9295.648162763617
2026-10-07 07:09:57,7900.0,7952.75,Call GEX 1,GEX,866267.084,,9295.648162763617
2026-10-07 07:09:57,8000.0,8053.5,Put CEX 1,CEX,-5014420.095,,9295.648162763617
2026-10-07 07:09:57,8000.0,8053.5,Put DEX 1,DEX,-1865.741,,9295.648162763617
2026-10-07 07:09:57,8000.0,8053.5,Call GEX 2,GEX,800391.947,,9295.648162763617
2026-10-07 07:09:57,8000.0,8053.5,Put VEX 1,VEX,-12494285.339,,9295.648162763617
2026-10-07 07:09:57,8050.0,8103.75,Call DEX 3,DEX,230.838,,9295.648162763617
2026-10-07 07:09:57,8050.0,8103.75,Call GEX 5,GEX,685788.574,,9295.648162763617
2026-10-07 07:09:57,8050.0,8103.75,Put VEX 3,VEX,-1478241.288,,9295.648162763617
2026-10-07 07:09:57,8100.0,8154.25,Put VEX 2,VEX,-1719469.027,,9295.648162763617
2026-10-07 07:09:57,8150.0,8204.5,Put VEX 5,VEX,-1074539.795,,9295.648162763617
2026-10-07 07:09:57,8200.0,8254.75,Put VEX 4,VEX,-1163021.455,,9295.648162763617
2026-10-07 07:09:57,9000.0,9060.25,Put DEX 2,DEX,-56.985,,9295.648162763617
2026-10-07 07:09:57,10000.0,10067.0,Put DEX 5,DEX,-39.854,,9295.648162763617
2026-10-07 07:10:44,6400.0,6442.75,Put DEX 4,DEX,-39.955,,9294.708107197906
2026-10-07 07:10:44,6500.0,6543.5,Put DEX 3,DEX,-42.909,,9294.708107197906
2026-10-07 07:10:44,7000.0,7046.75,Call CEX 4,CEX,1138667.467,,9294.708107197906
2026-10-07 07:10:44,7000.0,7046.75,Call DEX 1,DEX,421.928,,9294.708107197906
2026-10-07 07:10:44,7000.0,7046.75,Put GEX 1,GEX,-827878.83,,9294.708107197906
2026-10-07 07:10:44,7000.0,7046.75,Call VEX 1,VEX,9224140.16,,9294.708107197906
2026-10-07 07:10:44,7400.0,7449.5,Put GEX 5,GEX,-205343.665,,9294.708107197906
2026-10-07 07:10:44,7400.0,7449.5,Call VEX 5,VEX,1810317.797,,9294.708107197906
2026-10-07 07:10:44,7500.0,7550.25,Put GEX 2,GEX,-382058.778,,9294.708107197906
2026-10-07 07:10:44,7500.0,7550.25,Call VEX 3,VEX,2513623.922,,9294.708107197906
2026-10-07 07:10:44,7600.0,7650.75,Put GEX 4,GEX,-299327.432,,9294.708107197906
2026-10-07 07:10:44,7600.0,7650.75,Call VEX 4,VEX,2266973.784,,9294.708107197906
2026-10-07 07:10:44,7650.0,7701.25,Put GEX 3,GEX,-353130.205,,9294.708107197906
2026-10-07 07:10:44,7700.0,7751.5,Call CEX 2,CEX,1294843.397,,9294.708107197906
2026-10-07 07:10:44,7700.0,7751.5,Call DEX 2,DEX,322.816,,9294.708107197906
2026-10-07 07:10:44,7700.0,7751.5,Call VEX 2,VEX,2612886.913,,9294.708107197906
2026-10-07 07:10:44,7720.0,7771.5,Call CEX 5,CEX,999445.448,,9294.708107197906
2026-10-07 07:10:44,7725.0,7776.75,Call CEX 3,CEX,1276043.379,,9294.708107197906
2026-10-07 07:10:44,7750.0,7801.75,Call CEX 1,CEX,2387412.986,,9294.708107197906
2026-10-07 07:10:44,7795.0,7847.0,Put CEX 5,CEX,-1332810.605,,9294.708107197906
2026-10-07 07:10:44,7800.0,7852.25,Put CEX 2,CEX,-2310599.715,,9294.708107197906
2026-10-07 07:10:44,7800.0,7852.25,Call DEX 4,DEX,198.223,,9294.708107197906
2026-10-07 07:10:44,7800.0,7852.25,Call GEX 3,GEX,765603.879,,9294.708107197906
2026-10-07 07:10:44,7825.0,7877.25,Put CEX 4,CEX,-1871284.895,,9294.708107197906
2026-10-07 07:10:44,7850.0,7902.5,Put CEX 3,CEX,-2105804.897,,9294.708107197906
2026-10-07 07:10:44,7850.0,7902.5,Call GEX 4,GEX,713919.073,,9294.708107197906
2026-10-07 07:10:44,7900.0,7952.75,Call DEX 5,DEX,184.051,,9294.708107197906
2026-10-07 07:10:44,7900.0,7952.75,Call GEX 1,GEX,867156.913,,9294.708107197906
2026-10-07 07:10:44,8000.0,8053.5,Put CEX 1,CEX,-5007053.22,,9294.708107197906
2026-10-07 07:10:44,8000.0,8053.5,Put DEX 1,DEX,-1866.969,,9294.708107197906
2026-10-07 07:10:44,8000.0,8053.5,Call GEX 2,GEX,826721.633,,9294.708107197906
2026-10-07 07:10:44,8000.0,8053.5,Put VEX 1,VEX,-12481701.443,,9294.708107197906
2026-10-07 07:10:44,8050.0,8103.75,Call DEX 3,DEX,230.294,,9294.708107197906
2026-10-07 07:10:44,8050.0,8103.75,Call GEX 5,GEX,686979.505,,9294.708107197906
2026-10-07 07:10:44,8050.0,8103.75,Put VEX 3,VEX,-1479969.79,,9294.708107197906
2026-10-07 07:10:44,8100.0,8154.25,Put VEX 2,VEX,-1720813.713,,9294.708107197906
2026-10-07 07:10:44,8150.0,8204.5,Put VEX 5,VEX,-1075430.484,,9294.708107197906
2026-10-07 07:10:44,8200.0,8254.75,Put VEX 4,VEX,-1163238.641,,9294.708107197906
2026-10-07 07:10:44,9000.0,9060.25,Put DEX 2,DEX,-56.757,,9294.708107197906
2026-10-07 07:10:44,10000.0,10066.75,Put DEX 5,DEX,-39.774,,9294.708107197906
2026-10-07 07:11:33,6400.0,6443.25,Put DEX 4,DEX,-40.084,,9295.27030701929
2026-10-07 07:11:33,6500.0,6543.75,Put DEX 3,DEX,-43.027,,9295.27030701929
2026-10-07 07:11:33,7000.0,7047.25,Call CEX 4,CEX,1142332.789,,9295.27030701929
2026-10-07 07:11:33,7000.0,7047.25,Call DEX 1,DEX,417.187,,9295.27030701929
2026-10-07 07:11:33,7000.0,7047.25,Put GEX 1,GEX,-826103.388,,9295.27030701929
2026-10-07 07:11:33,7000.0,7047.25,Call VEX 1,VEX,9268960.688,,9295.27030701929
2026-10-07 07:11:33,7400.0,7449.75,Put GEX 5,GEX,-206418.613,,9295.27030701929
2026-10-07 07:11:33,7400.0,7449.75,Call VEX 5,VEX,1811033.165,,9295.27030701929
2026-10-07 07:11:33,7500.0,7550.5,Put GEX 2,GEX,-381446.804,,9295.27030701929
2026-10-07 07:11:33,7500.0,7550.5,Call VEX 3,VEX,2523443.414,,9295.27030701929
2026-10-07 07:11:33,7600.0,7651.25,Put GEX 4,GEX,-301665.804,,9295.27030701929
2026-10-07 07:11:33,7600.0,7651.25,Call VEX 4,VEX,2260250.418,,9295.27030701929
2026-10-07 07:11:33,7650.0,7701.5,Put GEX 3,GEX,-358432.569,,9295.27030701929
2026-10-07 07:11:33,7675.0,7726.75,Call CEX 5,CEX,1056546.016,,9295.27030701929
2026-10-07 07:11:33,7700.0,7752.0,Call CEX 2,CEX,1423685.269,,9295.27030701929
2026-10-07 07:11:33,7700.0,7752.0,Call DEX 2,DEX,320.84,,9295.27030701929
2026-10-07 07:11:33,7700.0,7752.0,Call VEX 2,VEX,2580180.66,,9295.27030701929
2026-10-07 07:11:33,7725.0,7777.0,Call CEX 3,CEX,1308443.772,,9295.27030701929
2026-10-07 07:11:33,7750.0,7802.25,Call CEX 1,CEX,2213085.685,,9295.27030701929
2026-10-07 07:11:33,7795.0,7847.5,Put CEX 5,CEX,-1381469.054,,9295.27030701929
2026-10-07 07:11:33,7800.0,7852.5,Put CEX 2,CEX,-2354013.814,,9295.27030701929
2026-10-07 07:11:33,7800.0,7852.5,Call DEX 4,DEX,190.538,,9295.27030701929
2026-10-07 07:11:33,7800.0,7852.5,Call GEX 3,GEX,749180.25,,9295.27030701929
2026-10-07 07:11:33,7825.0,7877.75,Put CEX 4,CEX,-1707972.773,,9295.27030701929
2026-10-07 07:11:33,7850.0,7903.0,Put CEX 3,CEX,-2000666.816,,9295.27030701929
2026-10-07 07:11:33,7850.0,7903.0,Call GEX 4,GEX,706395.634,,9295.27030701929
2026-10-07 07:11:33,7900.0,7953.25,Call DEX 5,DEX,181.401,,9295.27030701929
2026-10-07 07:11:33,7900.0,7953.25,Call GEX 1,GEX,860087.297,,9295.27030701929
2026-10-07 07:11:33,8000.0,8054.0,Put CEX 1,CEX,-4966183.832,,9295.27030701929
2026-10-07 07:11:33,8000.0,8054.0,Put DEX 1,DEX,-1887.79,,9295.27030701929
2026-10-07 07:11:33,8000.0,8054.0,Call GEX 2,GEX,826117.426,,9295.27030701929
2026-10-07 07:11:33,8000.0,8054.0,Put VEX 1,VEX,-12511270.061,,9295.27030701929
2026-10-07 07:11:33,8050.0,8104.25,Call DEX 3,DEX,228.722,,9295.27030701929
2026-10-07 07:11:33,8050.0,8104.25,Call GEX 5,GEX,681956.84,,9295.27030701929
2026-10-07 07:11:33,8050.0,8104.25,Put VEX 3,VEX,-1483272.03,,9295.27030701929
2026-10-07 07:11:33,8100.0,8154.5,Put VEX 2,VEX,-1724391.287,,9295.27030701929
2026-10-07 07:11:33,8150.0,8205.0,Put VEX 5,VEX,-1077201.051,,9295.27030701929
2026-10-07 07:11:33,8200.0,8255.25,Put VEX 4,VEX,-1163515.965,,9295.27030701929
2026-10-07 07:11:33,9000.0,9060.75,Put DEX 2,DEX,-56.876,,9295.27030701929
2026-10-07 07:11:33,10000.0,10067.5,Put DEX 5,DEX,-39.805,,9295.27030701929
2026-10-07 07:12:21,6400.0,6443.5,Put DEX 4,DEX,-39.991,,9295.78126364711
2026-10-07 07:12:21,6500.0,6544.0,Put DEX 3,DEX,-42.926,,9295.78126364711
2026-10-07 07:12:21,7000.0,7047.5,Call CEX 4,CEX,1139027.029,,9295.78126364711
2026-10-07 07:12:21,7000.0,7047.5,Call DEX 1,DEX,418.929,,9295.78126364711
2026-10-07 07:12:21,7000.0,7047.5,Put GEX 1,GEX,-822339.596,,9295.78126364711
2026-10-07 07:12:21,7000.0,7047.5,Call VEX 1,VEX,9284642.575,,9295.78126364711
2026-10-07 07:12:21,7400.0,7450.25,Put GEX 5,GEX,-204491.502,,9295.78126364711
2026-10-07 07:12:21,7400.0,7450.25,Call VEX 5,VEX,1817184.859,,9295.78126364711
2026-10-07 07:12:21,7500.0,7551.0,Put GEX 2,GEX,-380002.011,,9295.78126364711
2026-10-07 07:12:21,7500.0,7551.0,Call VEX 3,VEX,2525262.069,,9295.78126364711
2026-10-07 07:12:21,7600.0,7651.5,Put GEX 4,GEX,-301303.954,,9295.78126364711
2026-10-07 07:12:21,7600.0,7651.5,Call VEX 4,VEX,2264304.189,,9295.78126364711
2026-10-07 07:12:21,7650.0,7702.0,Put GEX 3,GEX,-356245.498,,9295.78126364711
2026-10-07 07:12:21,7675.0,7727.0,Call CEX 5,CEX,1075075.304,,9295.78126364711
2026-10-07 07:12:21,7700.0,7752.25,Call CEX 2,CEX,1428368.664,,9295.78126364711
2026-10-07 07:12:21,7700.0,7752.25,Call DEX 2,DEX,323.931,,9295.78126364711
2026-10-07 07:12:21,7700.0,7752.25,Call VEX 2,VEX,2597426.041,,9295.78126364711
2026-10-07 07:12:21,7725.0,7777.5,Call CEX 3,CEX,1309037.755,,9295.78126364711
2026-10-07 07:12:21,7750.0,7802.5,Call CEX 1,CEX,2319033.424,,9295.78126364711
2026-10-07 07:12:21,7795.0,7848.0,Put CEX 5,CEX,-1371082.843,,9295.78126364711
2026-10-07 07:12:21,7800.0,7853.0,Put CEX 2,CEX,-2340503.131,,9295.78126364711
2026-10-07 07:12:21,7800.0,7853.0,Call DEX 4,DEX,194.238,,9295.78126364711
2026-10-07 07:12:21,7800.0,7853.0,Call GEX 3,GEX,741846.478,,9295.78126364711
2026-10-07 07:12:21,7825.0,7878.0,Put CEX 4,CEX,-1659651.36,,9295.78126364711
2026-10-07 07:12:21,7850.0,7903.25,Put CEX 3,CEX,-1920870.486,,9295.78126364711
2026-10-07 07:12:21,7850.0,7903.25,Call GEX 4,GEX,715961.32,,9295.78126364711
2026-10-07 07:12:21,7900.0,7953.5,Call DEX 5,DEX,187.994,,9295.78126364711
2026-10-07 07:12:21,7900.0,7953.5,Call GEX 1,GEX,863980.818,,9295.78126364711
2026-10-07 07:12:21,8000.0,8054.25,Put CEX 1,CEX,-4953006.689,,9295.78126364711
2026-10-07 07:12:21,8000.0,8054.25,Put DEX 1,DEX,-1884.195,,9295.78126364711
2026-10-07 07:12:21,8000.0,8054.25,Call GEX 2,GEX,835668.513,,9295.78126364711
2026-10-07 07:12:21,8000.0,8054.25,Put VEX 1,VEX,-12447196.812,,9295.78126364711
2026-10-07 07:12:21,8050.0,8104.5,Call DEX 3,DEX,230.139,,9295.78126364711
2026-10-07 07:12:21,8050.0,8104.5,Call GEX 5,GEX,683544.115,,9295.78126364711
2026-10-07 07:12:21,8050.0,8104.5,Put VEX 3,VEX,-1480062.974,,9295.78126364711
2026-10-07 07:12:21,8100.0,8155.0,Put VEX 2,VEX,-1721138.789,,9295.78126364711
2026-10-07 07:12:21,8150.0,8205.25,Put VEX 5,VEX,-1075232.778,,9295.78126364711
2026-10-07 07:12:21,8200.0,8255.75,Put VEX 4,VEX,-1163126.538,,9295.78126364711
2026-10-07 07:12:21,9000.0,9061.0,Put DEX 2,DEX,-57.006,,9295.78126364711
2026-10-07 07:12:21,10000.0,10067.75,Put DEX 5,DEX,-39.861,,9295.78126364711
2026-10-07 07:13:10,6400.0,6442.75,Put DEX 4,DEX,-40.081,,9295.316147655629
2026-10-07 07:13:10,6500.0,6543.5,Put DEX 3,DEX,-43.023,,9295.316147655629
2026-10-07 07:13:10,7000.0,7046.75,Call CEX 4,CEX,1143437.869,,9295.316147655629
2026-10-07 07:13:10,7000.0,7046.75,Call DEX 1,DEX,417.703,,9295.316147655629
2026-10-07 07:13:10,7000.0,7046.75,Put GEX 1,GEX,-825522.134,,9295.316147655629
2026-10-07 07:13:10,7000.0,7046.75,Call VEX 1,VEX,9269645.48,,9295.316147655629
2026-10-07 07:13:10,7400.0,7449.5,Put GEX 5,GEX,-206401.775,,9295.316147655629
2026-10-07 07:13:10,7400.0,7449.5,Call VEX 5,VEX,1811887.619,,9295.316147655629
2026-10-07 07:13:10,7500.0,7550.25,Put GEX 2,GEX,-381267.042,,9295.316147655629
2026-10-07 07:13:10,7500.0,7550.25,Call VEX 3,VEX,2524610.062,,9295.316147655629
2026-10-07 07:13:10,7600.0,7650.75,Put GEX 4,GEX,-301579.264,,9295.316147655629
2026-10-07 07:13:10,7600.0,7650.75,Call VEX 4,VEX,2260979.948,,9295.316147655629
2026-10-07 07:13:10,7650.0,7701.25,Put GEX 3,GEX,-357551.732,,9295.316147655629
2026-10-07 07:13:10,7700.0,7751.5,Call CEX 2,CEX,1397865.291,,9295.316147655629
2026-10-07 07:13:10,7700.0,7751.5,Call DEX 2,DEX,321.155,,9295.316147655629
2026-10-07 07:13:10,7700.0,7751.5,Call VEX 2,VEX,2579591.065,,9295.316147655629
2026-10-07 07:13:10,7720.0,7771.75,Call CEX 5,CEX,1038523.465,,9295.316147655629
2026-10-07 07:13:10,7725.0,7776.75,Call CEX 3,CEX,1302328.786,,9295.316147655629
2026-10-07 07:13:10,7750.0,7801.75,Call CEX 1,CEX,2236942.504,,9295.316147655629
2026-10-07 07:13:10,7795.0,7847.25,Put CEX 5,CEX,-1380810.78,,9295.316147655629
2026-10-07 07:13:10,7800.0,7852.25,Put CEX 2,CEX,-2357524.748,,9295.316147655629
2026-10-07 07:13:10,7800.0,7852.25,Call DEX 4,DEX,191.161,,9295.316147655629
2026-10-07 07:13:10,7800.0,7852.25,Call GEX 3,GEX,752251.297,,9295.316147655629
2026-10-07 07:13:10,7825.0,7877.25,Put CEX 4,CEX,-1772313.359,,9295.316147655629
2026-10-07 07:13:10,7850.0,7902.5,Put CEX 3,CEX,-2050682.374,,9295.316147655629
2026-10-07 07:13:10,7850.0,7902.5,Call GEX 4,GEX,704165.398,,9295.316147655629
2026-10-07 07:13:10,7900.0,7952.75,Call DEX 5,DEX,183.703,,9295.316147655629
2026-10-07 07:13:10,7900.0,7952.75,Call GEX 1,GEX,859299.427,,9295.316147655629
2026-10-07 07:13:10,8000.0,8053.5,Put CEX 1,CEX,-4968983.54,,9295.316147655629
2026-10-07 07:13:10,8000.0,8053.5,Put DEX 1,DEX,-1886.816,,9295.316147655629
2026-10-07 07:13:10,8000.0,8053.5,Call GEX 2,GEX,829396.778,,9295.316147655629
2026-10-07 07:13:10,8000.0,8053.5,Put VEX 1,VEX,-12509831.938,,9295.316147655629
2026-10-07 07:13:10,8050.0,8103.75,Call DEX 3,DEX,228.93,,9295.316147655629
2026-10-07 07:13:10,8050.0,8103.75,Call GEX 5,GEX,682097.777,,9295.316147655629
2026-10-07 07:13:10,8050.0,8103.75,Put VEX 3,VEX,-1482774.498,,9295.316147655629
2026-10-07 07:13:10,8100.0,8154.25,Put VEX 2,VEX,-1723336.388,,9295.316147655629
2026-10-07 07:13:10,8150.0,8204.5,Put VEX 5,VEX,-1077016.425,,9295.316147655629
2026-10-07 07:13:10,8200.0,8254.75,Put VEX 4,VEX,-1163676.89,,9295.316147655629
2026-10-07 07:13:10,9000.0,9060.25,Put DEX 2,DEX,-56.902,,9295.316147655629
2026-10-07 07:13:10,10000.0,10067.0,Put DEX 5,DEX,-39.808,,9295.316147655629
2026-10-07 07:13:58,6400.0,6443.25,Put DEX 4,DEX,-40.1,,9296.294345986902
2026-10-07 07:13:58,6500.0,6543.75,Put DEX 3,DEX,-43.06,,9296.294345986902
2026-10-07 07:13:58,7000.0,7047.25,Call CEX 4,CEX,1182285.768,,9296.294345986902
2026-10-07 07:13:58,7000.0,7047.25,Call DEX 1,DEX,2859.22,,9296.294345986902
2026-10-07 07:13:58,7000.0,7047.25,Put GEX 1,GEX,-758830.522,,9296.294345986902
2026-10-07 07:13:58,7000.0,7047.25,Call VEX 1,VEX,9874799.646,,9296.294345986902
2026-10-07 07:13:58,7400.0,7450.0,Put GEX 5,GEX,-206572.308,,9296.294345986902
2026-10-07 07:13:58,7400.0,7450.0,Call VEX 5,VEX,1812103.709,,9296.294345986902
2026-10-07 07:13:58,7500.0,7550.5,Put GEX 2,GEX,-383124.159,,9296.294345986902
2026-10-07 07:13:58,7500.0,7550.5,Call VEX 3,VEX,2522753.565,,9296.294345986902
2026-10-07 07:13:58,7600.0,7651.25,Put GEX 4,GEX,-303322.269,,9296.294345986902
2026-10-07 07:13:58,7600.0,7651.25,Call VEX 4,VEX,2258433.169,,9296.294345986902
2026-10-07 07:13:58,7650.0,7701.5,Put GEX 3,GEX,-360256.759,,9296.294345986902
2026-10-07 07:13:58,7700.0,7752.0,Call CEX 2,CEX,1391825.932,,9296.294345986902
2026-10-07 07:13:58,7700.0,7752.0,Call DEX 2,DEX,318.692,,9296.294345986902
2026-10-07 07:13:58,7700.0,7752.0,Call VEX 2,VEX,2564800.814,,9296.294345986902
2026-10-07 07:13:58,7720.0,7772.0,Call CEX 5,CEX,1035468.645,,9296.294345986902
2026-10-07 07:13:58,7725.0,7777.0,Call CEX 3,CEX,1301888.236,,9296.294345986902
2026-10-07 07:13:58,7750.0,7802.25,Call CEX 1,CEX,2187575.453,,9296.294345986902
2026-10-07 07:13:58,7795.0,7847.5,Put CEX 5,CEX,-1390621.741,,9296.294345986902
2026-10-07 07:13:58,7800.0,7852.5,Put CEX 2,CEX,-2367496.596,,9296.294345986902
2026-10-07 07:13:58,7800.0,7852.5,Call DEX 4,DEX,188.922,,9296.294345986902
2026-10-07 07:13:58,7800.0,7852.5,Call GEX 3,GEX,747316.565,,9296.294345986902
2026-10-07 07:13:58,7825.0,7877.75,Put CEX 4,CEX,-1798027.276,,9296.294345986902
2026-10-07 07:13:58,7850.0,7903.0,Put CEX 3,CEX,-2063853.992,,9296.294345986902
2026-10-07 07:13:58,7850.0,7903.0,Call GEX 4,GEX,697806.282,,9296.294345986902
2026-10-07 07:13:58,7900.0,7953.25,Call DEX 5,DEX,183.067,,9296.294345986902
2026-10-07 07:13:58,7900.0,7953.25,Call GEX 1,GEX,855773.922,,9296.294345986902
2026-10-07 07:13:58,8000.0,8054.0,Put CEX 1,CEX,-4956220.505,,9296.294345986902
2026-10-07 07:13:58,8000.0,8054.0,Put DEX 1,DEX,-1893.879,,9296.294345986902
2026-10-07 07:13:58,8000.0,8054.0,Call GEX 2,GEX,822316.446,,9296.294345986902
2026-10-07 07:13:58,8000.0,8054.0,Put VEX 1,VEX,-12519123.178,,9296.294345986902
2026-10-07 07:13:58,8050.0,8104.25,Call DEX 3,DEX,228.766,,9296.294345986902
2026-10-07 07:13:58,8050.0,8104.25,Call GEX 5,GEX,679915.726,,9296.294345986902
2026-10-07 07:13:58,8050.0,8104.25,Put VEX 3,VEX,-1483163.24,,9296.294345986902
2026-10-07 07:13:58,8100.0,8154.5,Put VEX 2,VEX,-1723852.149,,9296.294345986902
2026-10-07 07:13:58,8150.0,8205.0,Put VEX 5,VEX,-1076922.989,,9296.294345986902
2026-10-07 07:13:58,8200.0,8255.25,Put VEX 4,VEX,-1163475.517,,9296.294345986902
2026-10-07 07:13:58,9000.0,9060.75,Put DEX 2,DEX,-57.032,,9296.294345986902
2026-10-07 07:13:58,10000.0,10067.5,Put DEX 5,DEX,-39.874,,9296.294345986902
2026-10-07 07:14:45,6400.0,6443.0,Put DEX 4,DEX,-39.996,,9295.012526967566
2026-10-07 07:14:45,6500.0,6543.75,Put DEX 3,DEX,-42.927,,9295.012526967566
2026-10-07 07:14:45,7000.0,7047.0,Call CEX 4,CEX,1137929.551,,9295.012526967566
2026-10-07 07:14:45,7000.0,7047.0,Call DEX 1,DEX,419.974,,9295.012526967566
2026-10-07 07:14:45,7000.0,7047.0,Put GEX 1,GEX,-823986.284,,9295.012526967566
2026-10-07 07:14:45,7000.0,7047.0,Call VEX 1,VEX,9269049.009,,9295.012526967566
2026-10-07 07:14:45,7400.0,7449.75,Put GEX 5,GEX,-206053.953,,9295.012526967566
2026-10-07 07:14:45,7400.0,7449.75,Call VEX 5,VEX,1811459.466,,9295.012526967566
2026-10-07 07:14:45,7500.0,7550.5,Put GEX 2,GEX,-383993.857,,9295.012526967566
2026-10-07 07:14:45,7500.0,7550.5,Call VEX 3,VEX,2515347.473,,9295.012526967566
2026-10-07 07:14:45,7600.0,7651.25,Put GEX 4,GEX,-302314.114,,9295.012526967566
2026-10-07 07:14:45,7600.0,7651.25,Call VEX 4,VEX,2261804.077,,9295.012526967566
2026-10-07 07:14:45,7650.0,7701.5,Put GEX 3,GEX,-355888.615,,9295.012526967566
2026-10-07 07:14:45,7700.0,7751.75,Call CEX 2,CEX,1298690.282,,9295.012526967566
2026-10-07 07:14:45,7700.0,7751.75,Call DEX 2,DEX,319.96,,9295.012526967566
2026-10-07 07:14:45,7700.0,7751.75,Call VEX 2,VEX,2596284.84,,9295.012526967566
2026-10-07 07:14:45,7720.0,7772.0,Call CEX 5,CEX,990587.592,,9295.012526967566
2026-10-07 07:14:45,7725.0,7777.0,Call CEX 3,CEX,1265807.098,,9295.012526967566
2026-10-07 07:14:45,7750.0,7802.25,Call CEX 1,CEX,2354521.562,,9295.012526967566
2026-10-07 07:14:45,7795.0,7847.5,Put CEX 5,CEX,-1364372.969,,9295.012526967566
2026-10-07 07:14:45,7800.0,7852.5,Put CEX 2,CEX,-2340827.964,,9295.012526967566
2026-10-07 07:14:45,7800.0,7852.5,Call DEX 4,DEX,195.181,,9295.012526967566
2026-10-07 07:14:45,7800.0,7852.5,Call GEX 3,GEX,763696.665,,9295.012526967566
2026-10-07 07:14:45,7825.0,7877.75,Put CEX 4,CEX,-1869823.763,,9295.012526967566
2026-10-07 07:14:45,7850.0,7902.75,Put CEX 3,CEX,-2010867.512,,9295.012526967566
2026-10-07 07:14:45,7850.0,7902.75,Call GEX 4,GEX,699953.774,,9295.012526967566
2026-10-07 07:14:45,7900.0,7953.25,Call DEX 5,DEX,183.153,,9295.012526967566
2026-10-07 07:14:45,7900.0,7953.25,Call GEX 1,GEX,860441.01,,9295.012526967566
2026-10-07 07:14:45,8000.0,8053.75,Put CEX 1,CEX,-5010345.304,,9295.012526967566
2026-10-07 07:14:45,8000.0,8053.75,Put DEX 1,DEX,-1871.836,,9295.012526967566
2026-10-07 07:14:45,8000.0,8053.75,Call GEX 2,GEX,806394.478,,9295.012526967566
2026-10-07 07:14:45,8000.0,8053.75,Put VEX 1,VEX,-12521661.513,,9295.012526967566
2026-10-07 07:14:45,8050.0,8104.25,Call DEX 3,DEX,229.944,,9295.012526967566
2026-10-07 07:14:45,8050.0,8104.25,Call GEX 5,GEX,684279.478,,9295.012526967566
2026-10-07 07:14:45,8050.0,8104.25,Put VEX 3,VEX,-1480047.541,,9295.012526967566
2026-10-07 07:14:45,8100.0,8154.5,Put VEX 2,VEX,-1721542.134,,9295.012526967566
2026-10-07 07:14:45,8150.0,8204.75,Put VEX 5,VEX,-1075648.568,,9295.012526967566
2026-10-07 07:14:45,8200.0,8255.25,Put VEX 4,VEX,-1163258.438,,9295.012526967566
2026-10-07 07:14:45,9000.0,9060.5,Put DEX 2,DEX,-56.934,,9295.012526967566
2026-10-07 07:14:45,10000.0,10067.25,Put DEX 5,DEX,-39.812,,9295.012526967566
2026-10-07 07:15:34,6400.0,6443.0,Put DEX 4,DEX,-39.938,,9295.857169897454
2026-10-07 07:15:34,6500.0,6543.75,Put DEX 3,DEX,-42.856,,9295.857169897454
2026-10-07 07:15:34,7000.0,7047.0,Call CEX 4,CEX,1176744.523,,9295.857169897454
2026-10-07 07:15:34,7000.0,7047.0,Call DEX 1,DEX,2863.224,,9295.857169897454
2026-10-07 07:15:34,7000.0,7047.0,Put GEX 1,GEX,-757945.77,,9295.857169897454
2026-10-07 07:15:34,7000.0,7047.0,Call VEX 1,VEX,9851098.478,,9295.857169897454
2026-10-07 07:15:34,7400.0,7449.75,Put GEX 5,GEX,-204419.812,,9295.857169897454
2026-10-07 07:15:34,7400.0,7449.75,Call VEX 5,VEX,1817163.568,,9295.857169897454
2026-10-07 07:15:34,7500.0,7550.25,Put GEX 2,GEX,-380229.463,,9295.857169897454
2026-10-07 07:15:34,7500.0,7550.25,Call VEX 3,VEX,2521896.945,,9295.857169897454
2026-10-07 07:15:34,7600.0,7651.0,Put GEX 4,GEX,-301046.372,,9295.857169897454
2026-10-07 07:15:34,7600.0,7651.0,Call VEX 4,VEX,2263814.651,,9295.857169897454
2026-10-07 07:15:34,7650.0,7701.25,Put GEX 3,GEX,-355735.174,,9295.857169897454
2026-10-07 07:15:34,7675.0,7726.5,Call CEX 5,CEX,1049107.078,,9295.857169897454
2026-10-07 07:15:34,7700.0,7751.75,Call CEX 2,CEX,1416579.024,,9295.857169897454
2026-10-07 07:15:34,7700.0,7751.75,Call DEX 2,DEX,325.511,,9295.857169897454
2026-10-07 07:15:34,7700.0,7751.75,Call VEX 2,VEX,2604820.354,,9295.857169897454
2026-10-07 07:15:34,7725.0,7776.75,Call CEX 3,CEX,1311245.275,,9295.857169897454
2026-10-07 07:15:34,7750.0,7802.0,Call CEX 1,CEX,2400212.472,,9295.857169897454
2026-10-07 07:15:34,7795.0,7847.25,Put CEX 5,CEX,-1380247.22,,9295.857169897454
2026-10-07 07:15:34,7800.0,7852.25,Put CEX 2,CEX,-2343145.011,,9295.857169897454
2026-10-07 07:15:34,7800.0,7852.25,Call DEX 4,DEX,195.886,,9295.857169897454
2026-10-07 07:15:34,7800.0,7852.25,Call GEX 3,GEX,743301.117,,9295.857169897454
2026-10-07 07:15:34,7825.0,7877.5,Put CEX 4,CEX,-1604270.217,,9295.857169897454
2026-10-07 07:15:34,7850.0,7902.75,Put CEX 3,CEX,-1790903.017,,9295.857169897454
2026-10-07 07:15:34,7850.0,7902.75,Call GEX 4,GEX,714288.56,,9295.857169897454
2026-10-07 07:15:34,7900.0,7953.0,Call DEX 5,DEX,186.48,,9295.857169897454
2026-10-07 07:15:34,7900.0,7953.0,Call GEX 1,GEX,864308.207,,9295.857169897454
2026-10-07 07:15:34,8000.0,8053.75,Put CEX 1,CEX,-4977801.801,,9295.857169897454
2026-10-07 07:15:34,8000.0,8053.75,Put DEX 1,DEX,-1877.92,,9295.857169897454
2026-10-07 07:15:34,8000.0,8053.75,Call GEX 2,GEX,835373.831,,9295.857169897454
2026-10-07 07:15:34,8000.0,8053.75,Put VEX 1,VEX,-12460753.001,,9295.857169897454
2026-10-07 07:15:34,8050.0,8104.0,Call DEX 3,DEX,230.604,,9295.857169897454
2026-10-07 07:15:34,8050.0,8104.0,Call GEX 5,GEX,684881.605,,9295.857169897454
2026-10-07 07:15:34,8050.0,8104.0,Put VEX 3,VEX,-1479650.185,,9295.857169897454
2026-10-07 07:15:34,8100.0,8154.25,Put VEX 2,VEX,-1719118.256,,9295.857169897454
2026-10-07 07:15:34,8150.0,8204.75,Put VEX 5,VEX,-1074200.162,,9295.857169897454
2026-10-07 07:15:34,8200.0,8255.0,Put VEX 4,VEX,-1162849.609,,9295.857169897454
2026-10-07 07:15:34,9000.0,9060.5,Put DEX 2,DEX,-57.054,,9295.857169897454
2026-10-07 07:15:34,10000.0,10067.0,Put DEX 5,DEX,-39.895,,9295.857169897454
2026-10-07 07:16:23,6400.0,6443.25,Put DEX 5,DEX,-39.761,,9294.92155511807
2026-10-07 07:16:23,6500.0,6543.75,Put DEX 3,DEX,-42.816,,9294.92155511807
2026-10-07 07:16:23,7000.0,7047.25,Call CEX 4,CEX,1147027.074,,9294.92155511807
2026-10-07 07:16:23,7000.0,7047.25,Call DEX 1,DEX,418.624,,9294.92155511807
2026-10-07 07:16:23,7000.0,7047.25,Put GEX 1,GEX,-823560.478,,9294.92155511807
2026-10-07 07:16:23,7000.0,7047.25,Call VEX 1,VEX,9285145.166,,9294.92155511807
2026-10-07 07:16:23,7400.0,7449.75,Put GEX 5,GEX,-206929.496,,9294.92155511807
2026-10-07 07:16:23,7400.0,7449.75,Call VEX 5,VEX,1813492.186,,9294.92155511807
2026-10-07 07:16:23,7500.0,7550.5,Put GEX 2,GEX,-383801.225,,9294.92155511807
2026-10-07 07:16:23,7500.0,7550.5,Call VEX 3,VEX,2523339.003,,9294.92155511807
2026-10-07 07:16:23,7600.0,7651.25,Put GEX 4,GEX,-304056.517,,9294.92155511807
2026-10-07 07:16:23,7600.0,7651.25,Call VEX 4,VEX,2259797.84,,9294.92155511807
2026-10-07 07:16:23,7650.0,7701.5,Put GEX 3,GEX,-360281.823,,9294.92155511807
2026-10-07 07:16:23,7700.0,7752.0,Call CEX 2,CEX,1394575.196,,9294.92155511807
2026-10-07 07:16:23,7700.0,7752.0,Call DEX 2,DEX,319.822,,9294.92155511807
2026-10-07 07:16:23,7700.0,7752.0,Call VEX 2,VEX,2572352.247,,9294.92155511807
2026-10-07 07:16:23,7720.0,7772.0,Call CEX 5,CEX,1039007.549,,9294.92155511807
2026-10-07 07:16:23,7725.0,7777.0,Call CEX 3,CEX,1307586.769,,9294.92155511807
2026-10-07 07:16:23,7750.0,7802.25,Call CEX 1,CEX,2208308.546,,9294.92155511807
2026-10-07 07:16:23,7795.0,7847.5,Put CEX 5,CEX,-1402061.402,,9294.92155511807
2026-10-07 07:16:23,7800.0,7852.5,Put CEX 2,CEX,-2377840.421,,9294.92155511807
2026-10-07 07:16:23,7800.0,7852.5,Call DEX 4,DEX,188.766,,9294.92155511807
2026-10-07 07:16:23,7800.0,7852.5,Call GEX 3,GEX,749683.514,,9294.92155511807
2026-10-07 07:16:23,7825.0,7877.75,Put CEX 4,CEX,-1766425.665,,9294.92155511807
2026-10-07 07:16:23,7850.0,7903.0,Put CEX 3,CEX,-1948784.452,,9294.92155511807
2026-10-07 07:16:23,7850.0,7903.0,Call GEX 4,GEX,692850.533,,9294.92155511807
2026-10-07 07:16:23,7900.0,7953.25,Call DEX 5,DEX,182.533,,9294.92155511807
2026-10-07 07:16:23,7900.0,7953.25,Call GEX 1,GEX,854182.301,,9294.92155511807
2026-10-07 07:16:23,8000.0,8054.0,Put CEX 1,CEX,-4959883.475,,9294.92155511807
2026-10-07 07:16:23,8000.0,8054.0,Put DEX 1,DEX,-1895.196,,9294.92155511807
2026-10-07 07:16:23,8000.0,8054.0,Call GEX 2,GEX,806187.152,,9294.92155511807
2026-10-07 07:16:23,8000.0,8054.0,Put VEX 1,VEX,-12532383.57,,9294.92155511807
2026-10-07 07:16:23,8050.0,8104.25,Call DEX 3,DEX,228.056,,9294.92155511807
2026-10-07 07:16:23,8050.0,8104.25,Call GEX 5,GEX,680909.132,,9294.92155511807
2026-10-07 07:16:23,8050.0,8104.25,Put VEX 3,VEX,-1484280.734,,9294.92155511807
2026-10-07 07:16:23,8100.0,8154.5,Put VEX 2,VEX,-1725835.122,,9294.92155511807
2026-10-07 07:16:23,8150.0,8205.0,Put VEX 5,VEX,-1077872.435,,9294.92155511807
2026-10-07 07:16:23,8200.0,8255.25,Put VEX 4,VEX,-1163384.568,,9294.92155511807
2026-10-07 07:16:23,9000.0,9060.75,Put DEX 2,DEX,-57.082,,9294.92155511807
2026-10-07 07:16:23,10000.0,10067.5,Put DEX 4,DEX,-39.863,,9294.92155511807
2026-10-07 07:17:12,6400.0,6443.25,Put DEX 5,DEX,-39.451,,9296.27187616314
2026-10-07 07:17:12,6500.0,6544.0,Put DEX 3,DEX,-42.506,,9296.27187616314
2026-10-07 07:17:12,7000.0,7047.5,Call CEX 4,CEX,1216244.639,,9296.27187616314
2026-10-07 07:17:12,7000.0,7047.5,Call DEX 1,DEX,2848.549,,9296.27187616314
2026-10-07 07:17:12,7000.0,7047.5,Put GEX 1,GEX,-691282.204,,9296.27187616314
2026-10-07 07:17:12,7000.0,7047.5,Call VEX 1,VEX,10435063.866,,9296.27187616314
2026-10-07 07:17:12,7400.0,7450.0,Put GEX 5,GEX,-205187.442,,9296.27187616314
2026-10-07 07:17:12,7400.0,7450.0,Call VEX 5,VEX,1813467.454,,9296.27187616314
2026-10-07 07:17:12,7500.0,7550.75,Put GEX 2,GEX,-380588.725,,9296.27187616314
2026-10-07 07:17:12,7500.0,7550.75,Call VEX 3,VEX,2524232.701,,9296.27187616314
2026-10-07 07:17:12,7600.0,7651.5,Put GEX 4,GEX,-302487.509,,9296.27187616314
2026-10-07 07:17:12,7600.0,7651.5,Call VEX 4,VEX,2267064.496,,9296.27187616314
2026-10-07 07:17:12,7650.0,7701.75,Put GEX 3,GEX,-357557.243,,9296.27187616314
2026-10-07 07:17:12,7675.0,7727.0,Call CEX 5,CEX,1046886.279,,9296.27187616314
2026-10-07 07:17:12,7700.0,7752.25,Call CEX 2,CEX,1418331.389,,9296.27187616314
2026-10-07 07:17:12,7700.0,7752.25,Call DEX 2,DEX,326.476,,9296.27187616314
2026-10-07 07:17:12,7700.0,7752.25,Call VEX 2,VEX,2611621.207,,9296.27187616314
2026-10-07 07:17:12,7725.0,7777.25,Call CEX 3,CEX,1310615.301,,9296.27187616314
2026-10-07 07:17:12,7750.0,7802.5,Call CEX 1,CEX,2411926.918,,9296.27187616314
2026-10-07 07:17:12,7795.0,7847.75,Put CEX 5,CEX,-1383923.959,,9296.27187616314
2026-10-07 07:17:12,7800.0,7852.75,Put CEX 2,CEX,-2349317.356,,9296.27187616314
2026-10-07 07:17:12,7800.0,7852.75,Call DEX 4,DEX,196.13,,9296.27187616314
2026-10-07 07:17:12,7800.0,7852.75,Call GEX 3,GEX,741271.247,,9296.27187616314
2026-10-07 07:17:12,7825.0,7878.0,Put CEX 4,CEX,-1673643.567,,9296.27187616314
2026-10-07 07:17:12,7850.0,7903.25,Put CEX 3,CEX,-1849453.406,,9296.27187616314
2026-10-07 07:17:12,7850.0,7903.25,Call GEX 4,GEX,711257.463,,9296.27187616314
2026-10-07 07:17:12,7900.0,7953.5,Call DEX 5,DEX,186.519,,9296.27187616314
2026-10-07 07:17:12,7900.0,7953.5,Call GEX 1,GEX,864724.64,,9296.27187616314
2026-10-07 07:17:12,8000.0,8054.25,Put CEX 1,CEX,-4977854.381,,9296.27187616314
2026-10-07 07:17:12,8000.0,8054.25,Put DEX 1,DEX,-1881.289,,9296.27187616314
2026-10-07 07:17:12,8000.0,8054.25,Call GEX 2,GEX,814420.118,,9296.27187616314
2026-10-07 07:17:12,8000.0,8054.25,Put VEX 1,VEX,-12470247.806,,9296.27187616314
2026-10-07 07:17:12,8050.0,8104.5,Call DEX 3,DEX,230.463,,9296.27187616314
2026-10-07 07:17:12,8050.0,8104.5,Call GEX 5,GEX,684827.534,,9296.27187616314
2026-10-07 07:17:12,8050.0,8104.5,Put VEX 3,VEX,-1479262.954,,9296.27187616314
2026-10-07 07:17:12,8100.0,8154.75,Put VEX 2,VEX,-1720333.582,,9296.27187616314
2026-10-07 07:17:12,8150.0,8205.25,Put VEX 5,VEX,-1074588.684,,9296.27187616314
2026-10-07 07:17:12,8200.0,8255.5,Put VEX 4,VEX,-1162963.731,,9296.27187616314
2026-10-07 07:17:12,9000.0,9061.0,Put DEX 2,DEX,-57.187,,9296.27187616314
2026-10-07 07:17:12,10000.0,10067.75,Put DEX 4,DEX,-39.954,,9296.27187616314
2026-10-07 07:18:00,6400.0,6443.25,Put DEX 5,DEX,-39.536,,9294.56512480456
2026-10-07 07:18:00,6500.0,6543.75,Put DEX 3,DEX,-42.539,,9294.56512480456
2026-10-07 07:18:00,7000.0,7047.25,Call CEX 4,CEX,1128599.282,,9294.56512480456
2026-10-07 07:18:00,7000.0,7047.25,Call DEX 1,DEX,424.234,,9294.56512480456
2026-10-07 07:18:00,7000.0,7047.25,Put GEX 1,GEX,-819328.002,,9294.56512480456
2026-10-07 07:18:00,7000.0,7047.25,Call VEX 1,VEX,9225265.102,,9294.56512480456
2026-10-07 07:18:00,7400.0,7450.0,Put GEX 5,GEX,-204166.493,,9294.56512480456
2026-10-07 07:18:00,7400.0,7450.0,Call VEX 5,VEX,1809359.672,,9294.56512480456
2026-10-07 07:18:00,7500.0,7550.5,Put GEX 2,GEX,-377978.668,,9294.56512480456
2026-10-07 07:18:00,7500.0,7550.5,Call VEX 3,VEX,2520572.91,,9294.56512480456
2026-10-07 07:18:00,7600.0,7651.25,Put GEX 4,GEX,-299186.721,,9294.56512480456
2026-10-07 07:18:00,7600.0,7651.25,Call VEX 4,VEX,2271930.536,,9294.56512480456
2026-10-07 07:18:00,7650.0,7701.75,Put GEX 3,GEX,-350745.277,,9294.56512480456
2026-10-07 07:18:00,7700.0,7752.0,Call CEX 2,CEX,1356484.421,,9294.56512480456
2026-10-07 07:18:00,7700.0,7752.0,Call DEX 2,DEX,334.114,,9294.56512480456
2026-10-07 07:18:00,7700.0,7752.0,Call VEX 2,VEX,2651333.346,,9294.56512480456
2026-10-07 07:18:00,7720.0,7772.0,Call CEX 5,CEX,1003390.258,,9294.56512480456
2026-10-07 07:18:00,7725.0,7777.25,Call CEX 3,CEX,1283973.314,,9294.56512480456
2026-10-07 07:18:00,7750.0,7802.25,Call CEX 1,CEX,2577222.429,,9294.56512480456
2026-10-07 07:18:00,7795.0,7847.5,Put CEX 5,CEX,-1331741.82,,9294.56512480456
2026-10-07 07:18:00,7800.0,7852.75,Put CEX 2,CEX,-2306998.528,,9294.56512480456
2026-10-07 07:18:00,7800.0,7852.75,Call DEX 4,DEX,203.986,,9294.56512480456
2026-10-07 07:18:00,7800.0,7852.75,Call GEX 3,GEX,760451.116,,9294.56512480456
2026-10-07 07:18:00,7825.0,7877.75,Put CEX 4,CEX,-1841276.474,,9294.56512480456
2026-10-07 07:18:00,7850.0,7903.0,Put CEX 3,CEX,-2089546.648,,9294.56512480456
2026-10-07 07:18:00,7850.0,7903.0,Call GEX 4,GEX,727831.15,,9294.56512480456
2026-10-07 07:18:00,7900.0,7953.25,Call DEX 5,DEX,186.187,,9294.56512480456
2026-10-07 07:18:00,7900.0,7953.25,Call GEX 1,GEX,877517.861,,9294.56512480456
2026-10-07 07:18:00,8000.0,8054.0,Put CEX 1,CEX,-5017937.033,,9294.56512480456
2026-10-07 07:18:00,8000.0,8054.0,Put DEX 1,DEX,-1861.135,,9294.56512480456
2026-10-07 07:18:00,8000.0,8054.0,Call GEX 2,GEX,841672.462,,9294.56512480456
2026-10-07 07:18:00,8000.0,8054.0,Put VEX 1,VEX,-12433460.996,,9294.56512480456
2026-10-07 07:18:00,8050.0,8104.25,Call DEX 3,DEX,231.376,,9294.56512480456
2026-10-07 07:18:00,8050.0,8104.25,Call GEX 5,GEX,691189.074,,9294.56512480456
2026-10-07 07:18:00,8050.0,8104.25,Put VEX 3,VEX,-1477359.311,,9294.56512480456
2026-10-07 07:18:00,8100.0,8154.75,Put VEX 2,VEX,-1716818.721,,9294.56512480456
2026-10-07 07:18:00,8150.0,8205.0,Put VEX 5,VEX,-1073773.795,,9294.56512480456
2026-10-07 07:18:00,8200.0,8255.25,Put VEX 4,VEX,-1162886.878,,9294.56512480456
2026-10-07 07:18:00,9000.0,9060.75,Put DEX 2,DEX,-56.894,,9294.56512480456
2026-10-07 07:18:00,10000.0,10067.5,Put DEX 4,DEX,-39.828,,9294.56512480456
2026-10-07 07:18:48,6400.0,6443.25,Put DEX 5,DEX,-39.459,,9295.583382284529
2026-10-07 07:18:48,6500.0,6544.0,Put DEX 3,DEX,-42.472,,9295.583382284529
2026-10-07 07:18:48,7000.0,7047.25,Call CEX 4,CEX,1130578.959,,9295.583382284529
2026-10-07 07:18:48,7000.0,7047.25,Call DEX 1,DEX,425.531,,9295.583382284529
2026-10-07 07:18:48,7000.0,7047.25,Put GEX 1,GEX,-816132.835,,9295.583382284529
2026-10-07 07:18:48,7000.0,7047.25,Call VEX 1,VEX,9242531.978,,9295.583382284529
2026-10-07 07:18:48,7400.0,7450.0,Put GEX 5,GEX,-203613.966,,9295.583382284529
2026-10-07 07:18:48,7400.0,7450.0,Call VEX 5,VEX,1808638.205,,9295.583382284529
2026-10-07 07:18:48,7500.0,7550.75,Put GEX 2,GEX,-376789.926,,9295.583382284529
2026-10-07 07:18:48,7500.0,7550.75,Call VEX 3,VEX,2522120.874,,9295.583382284529
2026-10-07 07:18:48,7600.0,7651.5,Put GEX 4,GEX,-298675.22,,9295.583382284529
2026-10-07 07:18:48,7600.0,7651.5,Call VEX 4,VEX,2274468.121,,9295.583382284529
2026-10-07 07:18:48,7650.0,7701.75,Put GEX 3,GEX,-350391.855,,9295.583382284529
2026-10-07 07:18:48,7700.0,7752.0,Call CEX 2,CEX,1355266.472,,9295.583382284529
2026-10-07 07:18:48,7700.0,7752.0,Call DEX 2,DEX,335.724,,9295.583382284529
2026-10-07 07:18:48,7700.0,7752.0,Call VEX 2,VEX,2658985.911,,9295.583382284529
2026-10-07 07:18:48,7720.0,7772.25,Call CEX 5,CEX,1000847.752,,9295.583382284529
2026-10-07 07:18:48,7725.0,7777.25,Call CEX 3,CEX,1285286.5,,9295.583382284529
2026-10-07 07:18:48,7750.0,7802.5,Call CEX 1,CEX,2631978.169,,9295.583382284529
2026-10-07 07:18:48,7795.0,7847.75,Put CEX 5,CEX,-1323986.88,,9295.583382284529
2026-10-07 07:18:48,7800.0,7852.75,Put CEX 2,CEX,-2298186.93,,9295.583382284529
2026-10-07 07:18:48,7800.0,7852.75,Call DEX 4,DEX,206.047,,9295.583382284529
2026-10-07 07:18:48,7800.0,7852.75,Call GEX 3,GEX,755249.17,,9295.583382284529
2026-10-07 07:18:48,7825.0,7878.0,Put CEX 4,CEX,-1809270.378,,9295.583382284529
2026-10-07 07:18:48,7850.0,7903.0,Put CEX 3,CEX,-2045514.97,,9295.583382284529
2026-10-07 07:18:48,7850.0,7903.0,Call GEX 4,GEX,733663.455,,9295.583382284529
2026-10-07 07:18:48,7900.0,7953.5,Call DEX 5,DEX,189.362,,9295.583382284529
2026-10-07 07:18:48,7900.0,7953.5,Call GEX 1,GEX,881938.889,,9295.583382284529
2026-10-07 07:18:48,8000.0,8054.0,Put CEX 1,CEX,-5023515.646,,9295.583382284529
2026-10-07 07:18:48,8000.0,8054.0,Put DEX 1,DEX,-1858.548,,9295.583382284529
2026-10-07 07:18:48,8000.0,8054.0,Call GEX 2,GEX,846815.598,,9295.583382284529
2026-10-07 07:18:48,8000.0,8054.0,Put VEX 1,VEX,-12416768.066,,9295.583382284529
2026-10-07 07:18:48,8050.0,8104.5,Call DEX 3,DEX,232.351,,9295.583382284529
2026-10-07 07:18:48,8050.0,8104.5,Call GEX 5,GEX,691688.855,,9295.583382284529
2026-10-07 07:18:48,8050.0,8104.5,Put VEX 3,VEX,-1474860.436,,9295.583382284529
2026-10-07 07:18:48,8100.0,8154.75,Put VEX 2,VEX,-1714475.437,,9295.583382284529
2026-10-07 07:18:48,8150.0,8205.0,Put VEX 5,VEX,-1072061.506,,9295.583382284529
2026-10-07 07:18:48,8200.0,8255.5,Put VEX 4,VEX,-1162514.901,,9295.583382284529
2026-10-07 07:18:48,9000.0,9060.75,Put DEX 2,DEX,-57.109,,9295.583382284529
2026-10-07 07:18:48,10000.0,10067.5,Put DEX 4,DEX,-39.906,,9295.583382284529
2026-10-07 07:19:35,6000.0,6040.0,Put DEX 3,DEX,-45.044,,9293.917669625636
2026-10-07 07:19:35,6500.0,6543.25,Put DEX 4,DEX,-42.38,,9293.917669625636
2026-10-07 07:19:35,7000.0,7046.75,Call CEX 4,CEX,1119756.727,,9293.917669625636
2026-10-07 07:19:35,7000.0,7046.75,Call DEX 1,DEX,422.95,,9293.917669625636
2026-10-07 07:19:35,7000.0,7046.75,Put GEX 1,GEX,-822224.554,,9293.917669625636
2026-10-07 07:19:35,7000.0,7046.75,Call VEX 1,VEX,9167541.212,,9293.917669625636
2026-10-07 07:19:35,7400.0,7449.25,Put GEX 5,GEX,-202995.393,,9293.917669625636
2026-10-07 07:19:35,7400.0,7449.25,Call VEX 5,VEX,1806871.231,,9293.917669625636
2026-10-07 07:19:35,7500.0,7550.0,Put GEX 2,GEX,-380705.654,,9293.917669625636
2026-10-07 07:19:35,7500.0,7550.0,Call VEX 3,VEX,2502922.612,,9293.917669625636
2026-10-07 07:19:35,7600.0,7650.75,Put GEX 4,GEX,-297299.117,,9293.917669625636
2026-10-07 07:19:35,7600.0,7650.75,Call VEX 4,VEX,2276817.109,,9293.917669625636
2026-10-07 07:19:35,7650.0,7701.0,Put GEX 3,GEX,-344405.261,,9293.917669625636
2026-10-07 07:19:35,7700.0,7751.25,Call CEX 2,CEX,1248883.35,,9293.917669625636
2026-10-07 07:19:35,7700.0,7751.25,Call DEX 2,DEX,337.248,,9293.917669625636
2026-10-07 07:19:35,7700.0,7751.25,Call VEX 2,VEX,2689665.808,,9293.917669625636
2026-10-07 07:19:35,7725.0,7776.5,Call CEX 3,CEX,1204669.669,,9293.917669625636
2026-10-07 07:19:35,7740.0,7791.75,Call CEX 5,CEX,934879.878,,9293.917669625636
2026-10-07 07:19:35,7750.0,7801.75,Call CEX 1,CEX,2747044.782,,9293.917669625636
2026-10-07 07:19:35,7800.0,7852.0,Put CEX 2,CEX,-2242222.74,,9293.917669625636
2026-10-07 07:19:35,7800.0,7852.0,Call DEX 4,DEX,212.338,,9293.917669625636
2026-10-07 07:19:35,7800.0,7852.0,Call GEX 3,GEX,778367.438,,9293.917669625636
2026-10-07 07:19:35,7820.0,7872.25,Put CEX 5,CEX,-1329080.531,,9293.917669625636
2026-10-07 07:19:35,7825.0,7877.25,Put CEX 4,CEX,-1957775.449,,9293.917669625636
2026-10-07 07:19:35,7850.0,7902.25,Put CEX 3,CEX,-2184599.896,,9293.917669625636
2026-10-07 07:19:35,7850.0,7902.25,Call GEX 4,GEX,739272.06,,9293.917669625636
2026-10-07 07:19:35,7900.0,7952.75,Call DEX 5,DEX,189.269,,9293.917669625636
2026-10-07 07:19:35,7900.0,7952.75,Call GEX 1,GEX,890395.079,,9293.917669625636
2026-10-07 07:19:35,8000.0,8053.25,Put CEX 1,CEX,-5045560.962,,9293.917669625636
2026-10-07 07:19:35,8000.0,8053.25,Put DEX 1,DEX,-1835.897,,9293.917669625636
2026-10-07 07:19:35,8000.0,8053.25,Call GEX 2,GEX,844894.48,,9293.917669625636
2026-10-07 07:19:35,8000.0,8053.25,Put VEX 1,VEX,-12421645.467,,9293.917669625636
2026-10-07 07:19:35,8050.0,8103.75,Call DEX 3,DEX,233.062,,9293.917669625636
2026-10-07 07:19:35,8050.0,8103.75,Call GEX 5,GEX,697176.262,,9293.917669625636
2026-10-07 07:19:35,8050.0,8103.75,Put VEX 3,VEX,-1474230.995,,9293.917669625636
2026-10-07 07:19:35,8100.0,8154.0,Put VEX 2,VEX,-1712427.434,,9293.917669625636
2026-10-07 07:19:35,8150.0,8204.25,Put VEX 5,VEX,-1071542.91,,9293.917669625636
2026-10-07 07:19:35,8200.0,8254.75,Put VEX 4,VEX,-1162398.68,,9293.917669625636
2026-10-07 07:19:35,9000.0,9060.0,Put DEX 2,DEX,-64.6,,9293.917669625636
2026-10-07 07:19:35,10000.0,10066.75,Put DEX 5,DEX,-39.823,,9293.917669625636
2026-10-07 07:20:24,6000.0,6040.0,Put DEX 3,DEX,-44.932,,9295.18441700978
2026-10-07 07:20:24,6500.0,6543.5,Put DEX 4,DEX,-42.325,,9295.18441700978
2026-10-07 07:20:24,7000.0,7046.75,Call CEX 4,CEX,1122082.63,,9295.18441700978
2026-10-07 07:20:24,7000.0,7046.75,Call DEX 1,DEX,420.258,,9295.18441700978
2026-10-07 07:20:24,7000.0,7046.75,Put GEX 1,GEX,-815754.937,,9295.18441700978
2026-10-07 07:20:24,7000.0,7046.75,Call VEX 1,VEX,9220724.518,,9295.18441700978
2026-10-07 07:20:24,7400.0,7449.5,Put GEX 5,GEX,-202854.436,,9295.18441700978
2026-10-07 07:20:24,7400.0,7449.5,Call VEX 5,VEX,1808698.284,,9295.18441700978
2026-10-07 07:20:24,7500.0,7550.25,Put GEX 2,GEX,-378880.018,,9295.18441700978
2026-10-07 07:20:24,7500.0,7550.25,Call VEX 3,VEX,2510890.464,,9295.18441700978
2026-10-07 07:20:24,7600.0,7650.75,Put GEX 4,GEX,-298245.54,,9295.18441700978
2026-10-07 07:20:24,7600.0,7650.75,Call VEX 4,VEX,2277118.858,,9295.18441700978
2026-10-07 07:20:24,7650.0,7701.25,Put GEX 3,GEX,-346402.976,,9295.18441700978
2026-10-07 07:20:24,7700.0,7751.5,Call CEX 2,CEX,1249449.027,,9295.18441700978
2026-10-07 07:20:24,7700.0,7751.5,Call DEX 2,DEX,335.616,,9295.18441700978
2026-10-07 07:20:24,7700.0,7751.5,Call VEX 2,VEX,2680505.931,,9295.18441700978
2026-10-07 07:20:24,7720.0,7771.5,Call CEX 5,CEX,951937.863,,9295.18441700978
2026-10-07 07:20:24,7725.0,7776.75,Call CEX 3,CEX,1230318.347,,9295.18441700978
2026-10-07 07:20:24,7750.0,7801.75,Call CEX 1,CEX,2729280.026,,9295.18441700978
2026-10-07 07:20:24,7800.0,7852.25,Put CEX 2,CEX,-2263180.278,,9295.18441700978
2026-10-07 07:20:24,7800.0,7852.25,Call DEX 4,DEX,210.756,,9295.18441700978
2026-10-07 07:20:24,7800.0,7852.25,Call GEX 3,GEX,768045.616,,9295.18441700978
2026-10-07 07:20:24,7820.0,7872.25,Put CEX 5,CEX,-1317110.686,,9295.18441700978
2026-10-07 07:20:24,7825.0,7877.25,Put CEX 4,CEX,-1925967.303,,9295.18441700978
2026-10-07 07:20:24,7850.0,7902.5,Put CEX 3,CEX,-2151030.111,,9295.18441700978
2026-10-07 07:20:24,7850.0,7902.5,Call GEX 4,GEX,737676.259,,9295.18441700978
2026-10-07 07:20:24,7900.0,7952.75,Call DEX 5,DEX,188.881,,9295.18441700978
2026-10-07 07:20:24,7900.0,7952.75,Call GEX 1,GEX,888109.309,,9295.18441700978
2026-10-07 07:20:24,8000.0,8053.5,Put CEX 1,CEX,-5027294.473,,9295.18441700978
2026-10-07 07:20:24,8000.0,8053.5,Put DEX 1,DEX,-1843.642,,9295.18441700978
2026-10-07 07:20:24,8000.0,8053.5,Call GEX 2,GEX,825320.436,,9295.18441700978
2026-10-07 07:20:24,8000.0,8053.5,Put VEX 1,VEX,-12413785.302,,9295.18441700978
2026-10-07 07:20:24,8050.0,8103.75,Call DEX 3,DEX,233.246,,9295.18441700978
2026-10-07 07:20:24,8050.0,8103.75,Call GEX 5,GEX,694826.705,,9295.18441700978
2026-10-07 07:20:24,8050.0,8103.75,Put VEX 3,VEX,-1472496.289,,9295.18441700978
2026-10-07 07:20:24,8100.0,8154.25,Put VEX 2,VEX,-1712173.239,,9295.18441700978
2026-10-07 07:20:24,8150.0,8204.5,Put VEX 5,VEX,-1071137.594,,9295.18441700978
2026-10-07 07:20:24,8200.0,8254.75,Put VEX 4,VEX,-1162337.523,,9295.18441700978
2026-10-07 07:20:24,9000.0,9060.25,Put DEX 2,DEX,-64.852,,9295.18441700978
2026-10-07 07:20:24,10000.0,10066.75,Put DEX 5,DEX,-39.911,,9295.18441700978
2026-10-07 07:21:13,6000.0,6039.75,Put DEX 3,DEX,-44.888,,9295.68896162506
2026-10-07 07:21:13,6500.0,6543.25,Put DEX 4,DEX,-42.186,,9295.68896162506
2026-10-07 07:21:13,7000.0,7046.5,Call CEX 4,CEX,1121515.334,,9295.68896162506
2026-10-07 07:21:13,7000.0,7046.5,Call DEX 1,DEX,421.572,,9295.68896162506
2026-10-07 07:21:13,7000.0,7046.5,Put GEX 1,GEX,-813790.57,,9295.68896162506
2026-10-07 07:21:13,7000.0,7046.5,Call VEX 1,VEX,9218703.285,,9295.68896162506
2026-10-07 07:21:13,7400.0,7449.25,Put GEX 5,GEX,-202250.372,,9295.68896162506
2026-10-07 07:21:13,7400.0,7449.25,Call VEX 5,VEX,1806124.396,,9295.68896162506
2026-10-07 07:21:13,7500.0,7549.75,Put GEX 2,GEX,-377189.107,,9295.68896162506
2026-10-07 07:21:13,7500.0,7549.75,Call VEX 3,VEX,2509481.666,,9295.68896162506
2026-10-07 07:21:13,7600.0,7650.5,Put GEX 4,GEX,-297294.219,,9295.68896162506
2026-10-07 07:21:13,7600.0,7650.5,Call VEX 4,VEX,2278861.672,,9295.68896162506
2026-10-07 07:21:13,7650.0,7700.75,Put GEX 3,GEX,-344017.718,,9295.68896162506
2026-10-07 07:21:13,7700.0,7751.25,Call CEX 2,CEX,1230907.071,,9295.68896162506
2026-10-07 07:21:13,7700.0,7751.25,Call DEX 2,DEX,339.989,,9295.68896162506
2026-10-07 07:21:13,7700.0,7751.25,Call VEX 2,VEX,2702137.677,,9295.68896162506
2026-10-07 07:21:13,7725.0,7776.25,Call CEX 3,CEX,1162077.713,,9295.68896162506
2026-10-07 07:21:13,7740.0,7791.5,Call CEX 5,CEX,934492.64,,9295.68896162506
2026-10-07 07:21:13,7750.0,7801.5,Call CEX 1,CEX,2809757.153,,9295.68896162506
2026-10-07 07:21:13,7800.0,7851.75,Put CEX 2,CEX,-2217405.51,,9295.68896162506
2026-10-07 07:21:13,7800.0,7851.75,Call DEX 4,DEX,215.542,,9295.68896162506
2026-10-07 07:21:13,7800.0,7851.75,Call GEX 3,GEX,778051.233,,9295.68896162506
2026-10-07 07:21:13,7820.0,7872.0,Put CEX 5,CEX,-1354487.659,,9295.68896162506
2026-10-07 07:21:13,7825.0,7877.0,Put CEX 4,CEX,-1990584.68,,9295.68896162506
2026-10-07 07:21:13,7850.0,7902.25,Put CEX 3,CEX,-2189312.827,,9295.68896162506
2026-10-07 07:21:13,7850.0,7902.25,Call GEX 4,GEX,745094.74,,9295.68896162506
2026-10-07 07:21:13,7900.0,7952.5,Call DEX 5,DEX,190.79,,9295.68896162506
2026-10-07 07:21:13,7900.0,7952.5,Call GEX 1,GEX,899299.725,,9295.68896162506
2026-10-07 07:21:13,8000.0,8053.25,Put CEX 1,CEX,-5042461.833,,9295.68896162506
2026-10-07 07:21:13,8000.0,8053.25,Put DEX 1,DEX,-1834.264,,9295.68896162506
2026-10-07 07:21:13,8000.0,8053.25,Call GEX 2,GEX,842538.877,,9295.68896162506
2026-10-07 07:21:13,8000.0,8053.25,Put VEX 1,VEX,-12378449.037,,9295.68896162506
2026-10-07 07:21:13,8050.0,8103.5,Call DEX 3,DEX,234.293,,9295.68896162506
2026-10-07 07:21:13,8050.0,8103.5,Call GEX 5,GEX,698091.203,,9295.68896162506
2026-10-07 07:21:13,8050.0,8103.5,Put VEX 3,VEX,-1470623.679,,9295.68896162506
2026-10-07 07:21:13,8100.0,8153.75,Put VEX 2,VEX,-1708899.585,,9295.68896162506
2026-10-07 07:21:13,8150.0,8204.0,Put VEX 5,VEX,-1069191.261,,9295.68896162506
2026-10-07 07:21:13,8200.0,8254.5,Put VEX 4,VEX,-1161988.99,,9295.68896162506
2026-10-07 07:21:13,9000.0,9059.75,Put DEX 2,DEX,-64.81,,9295.68896162506
2026-10-07 07:21:13,10000.0,10066.5,Put DEX 5,DEX,-39.93,,9295.68896162506
2026-10-07 07:22:01,6000.0,6040.5,Put DEX 3,DEX,-44.757,,9296.012920581165
2026-10-07 07:22:01,6500.0,6544.0,Put DEX 4,DEX,-42.166,,9296.012920581165
2026-10-07 07:22:01,7000.0,7047.25,Call CEX 4,CEX,1120369.566,,9296.012920581165
2026-10-07 07:22:01,7000.0,7047.25,Call DEX 1,DEX,423.391,,9296.012920581165
2026-10-07 07:22:01,7000.0,7047.25,Put GEX 1,GEX,-815425.808,,9296.012920581165
2026-10-07 07:22:01,7000.0,7047.25,Call VEX 1,VEX,9196852.839,,9296.012920581165
2026-10-07 07:22:01,7400.0,7450.0,Put GEX 5,GEX,-201815.195,,9296.012920581165
2026-10-07 07:22:01,7400.0,7450.0,Call VEX 5,VEX,1806078.87,,9296.012920581165
2026-10-07 07:22:01,7500.0,7550.75,Put GEX 2,GEX,-372910.13,,9296.012920581165
2026-10-07 07:22:01,7500.0,7550.75,Call VEX 3,VEX,2517032.685,,9296.012920581165
2026-10-07 07:22:01,7600.0,7651.5,Put GEX 4,GEX,-294326.707,,9296.012920581165
2026-10-07 07:22:01,7600.0,7651.5,Call VEX 4,VEX,2283678.766,,9296.012920581165
2026-10-07 07:22:01,7650.0,7701.75,Put GEX 3,GEX,-342475.355,,9296.012920581165
2026-10-07 07:22:01,7700.0,7752.0,Call CEX 2,CEX,1305313.623,,9296.012920581165
2026-10-07 07:22:01,7700.0,7752.0,Call DEX 2,DEX,346.137,,9296.012920581165
2026-10-07 07:22:01,7700.0,7752.0,Call VEX 2,VEX,2712400.525,,9296.012920581165
2026-10-07 07:22:01,7720.0,7772.25,Call CEX 5,CEX,950321.934,,9296.012920581165
2026-10-07 07:22:01,7725.0,7777.25,Call CEX 3,CEX,1229863.101,,9296.012920581165
2026-10-07 07:22:01,7750.0,7802.5,Call CEX 1,CEX,2833812.179,,9296.012920581165
2026-10-07 07:22:01,7800.0,7852.75,Put CEX 2,CEX,-2230050.745,,9296.012920581165
2026-10-07 07:22:01,7800.0,7852.75,Call DEX 4,DEX,216.309,,9296.012920581165
2026-10-07 07:22:01,7800.0,7852.75,Call GEX 3,GEX,762566.009,,9296.012920581165
2026-10-07 07:22:01,7820.0,7873.0,Put CEX 5,CEX,-1311844.659,,9296.012920581165
2026-10-07 07:22:01,7825.0,7878.0,Put CEX 4,CEX,-1871883.201,,9296.012920581165
2026-10-07 07:22:01,7850.0,7903.0,Put CEX 3,CEX,-2082754.039,,9296.012920581165
2026-10-07 07:22:01,7850.0,7903.0,Call GEX 4,GEX,753947.794,,9296.012920581165
2026-10-07 07:22:01,7900.0,7953.5,Call DEX 5,DEX,191.071,,9296.012920581165
2026-10-07 07:22:01,7900.0,7953.5,Call GEX 1,GEX,903975.915,,9296.012920581165
2026-10-07 07:22:01,8000.0,8054.0,Put CEX 1,CEX,-5022844.013,,9296.012920581165
2026-10-07 07:22:01,8000.0,8054.0,Put DEX 1,DEX,-1838.506,,9296.012920581165
2026-10-07 07:22:01,8000.0,8054.0,Call GEX 2,GEX,871628.399,,9296.012920581165
2026-10-07 07:22:01,8000.0,8054.0,Put VEX 1,VEX,-12341513.943,,9296.012920581165
2026-10-07 07:22:01,8050.0,8104.5,Call DEX 3,DEX,234.293,,9296.012920581165
2026-10-07 07:22:01,8050.0,8104.5,Call GEX 5,GEX,699223.547,,9296.012920581165
2026-10-07 07:22:01,8050.0,8104.5,Put VEX 3,VEX,-1470762.373,,9296.012920581165
2026-10-07 07:22:01,8100.0,8154.75,Put VEX 2,VEX,-1708550.902,,9296.012920581165
2026-10-07 07:22:01,8150.0,8205.25,Put VEX 5,VEX,-1069269.239,,9296.012920581165
2026-10-07 07:22:01,8200.0,8255.5,Put VEX 4,VEX,-1161678.853,,9296.012920581165
2026-10-07 07:22:01,9000.0,9061.0,Put DEX 2,DEX,-56.997,,9296.012920581165
2026-10-07 07:22:01,10000.0,10067.75,Put DEX 5,DEX,-39.924,,9296.012920581165
2026-10-07 07:22:50,6000.0,6039.75,Put DEX 3,DEX,-44.764,,9291.348836617568
2026-10-07 07:22:50,6500.0,6543.0,Put DEX 4,DEX,-42.173,,9291.348836617568
2026-10-07 07:22:50,7000.0,7046.25,Call CEX 3,CEX,1117670.287,,9291.348836617568
2026-10-07 07:22:50,7000.0,7046.25,Call DEX 1,DEX,427.026,,9291.348836617568
2026-10-07 07:22:50,7000.0,7046.25,Put GEX 1,GEX,-822708.062,,9291.348836617568
2026-10-07 07:22:50,7000.0,7046.25,Call VEX 1,VEX,9133035.646,,9291.348836617568
2026-10-07 07:22:50,7400.0,7449.0,Put GEX 5,GEX,-202100.629,,9291.348836617568
2026-10-07 07:22:50,7400.0,7449.0,Call VEX 5,VEX,1805186.887,,9291.348836617568
2026-10-07 07:22:50,7500.0,7549.5,Put GEX 2,GEX,-381108.431,,9291.348836617568
2026-10-07 07:22:50,7500.0,7549.5,Call VEX 3,VEX,2492948.044,,9291.348836617568
2026-10-07 07:22:50,7600.0,7650.25,Put GEX 4,GEX,-296360.38,,9291.348836617568
2026-10-07 07:22:50,7600.0,7650.25,Call VEX 4,VEX,2280003.554,,9291.348836617568
2026-10-07 07:22:50,7650.0,7700.5,Put GEX 3,GEX,-341545.258,,9291.348836617568
2026-10-07 07:22:50,7700.0,7751.0,Call CEX 2,CEX,1231925.327,,9291.348836617568
2026-10-07 07:22:50,7700.0,7751.0,Call DEX 2,DEX,342.187,,9291.348836617568
2026-10-07 07:22:50,7700.0,7751.0,Call VEX 2,VEX,2713951.391,,9291.348836617568
2026-10-07 07:22:50,7725.0,7776.0,Call CEX 4,CEX,973928.761,,9291.348836617568
2026-10-07 07:22:50,7740.0,7791.25,Call CEX 5,CEX,926897.492,,9291.348836617568
2026-10-07 07:22:50,7750.0,7801.25,Call CEX 1,CEX,2842648.672,,9291.348836617568
2026-10-07 07:22:50,7800.0,7851.5,Put CEX 3,CEX,-2213134.365,,9291.348836617568
2026-10-07 07:22:50,7800.0,7851.5,Call DEX 4,DEX,216.526,,9291.348836617568
2026-10-07 07:22:50,7800.0,7851.5,Call GEX 3,GEX,795381.821,,9291.348836617568
2026-10-07 07:22:50,7820.0,7871.75,Put CEX 5,CEX,-1357912.873,,9291.348836617568
2026-10-07 07:22:50,7825.0,7876.75,Put CEX 4,CEX,-2004115.365,,9291.348836617568
2026-10-07 07:22:50,7850.0,7902.0,Put CEX 2,CEX,-2222423.275,,9291.348836617568
2026-10-07 07:22:50,7850.0,7902.0,Call GEX 4,GEX,748733.247,,9291.348836617568
2026-10-07 07:22:50,7900.0,7952.25,Call DEX 5,DEX,190.573,,9291.348836617568
2026-10-07 07:22:50,7900.0,7952.25,Call GEX 1,GEX,902508.502,,9291.348836617568
2026-10-07 07:22:50,8000.0,8052.75,Put CEX 1,CEX,-5073888.829,,9291.348836617568
2026-10-07 07:22:50,8000.0,8052.75,Put DEX 1,DEX,-1824.183,,9291.348836617568
2026-10-07 07:22:50,8000.0,8052.75,Call GEX 2,GEX,837790.437,,9291.348836617568
2026-10-07 07:22:50,8000.0,8052.75,Put VEX 1,VEX,-12414498.935,,9291.348836617568
2026-10-07 07:22:50,8050.0,8103.25,Call DEX 3,DEX,233.601,,9291.348836617568
2026-10-07 07:22:50,8050.0,8103.25,Call GEX 5,GEX,700166.628,,9291.348836617568
2026-10-07 07:22:50,8050.0,8103.25,Put VEX 3,VEX,-1471870.896,,9291.348836617568
2026-10-07 07:22:50,8100.0,8153.5,Put VEX 2,VEX,-1709661.739,,9291.348836617568
2026-10-07 07:22:50,8150.0,8203.75,Put VEX 5,VEX,-1070762.003,,9291.348836617568
2026-10-07 07:22:50,8200.0,8254.25,Put VEX 4,VEX,-1161961.033,,9291.348836617568
2026-10-07 07:22:50,9000.0,9059.5,Put DEX 2,DEX,-56.877,,9291.348836617568
2026-10-07 07:22:50,10000.0,10066.0,Put DEX 5,DEX,-39.807,,9291.348836617568
2026-10-07 07:23:37,6400.0,6443.0,Put DEX 5,DEX,-39.183,,9290.893408195194
2026-10-07 07:23:37,6500.0,6543.75,Put DEX 3,DEX,-42.194,,9290.893408195194
2026-10-07 07:23:37,7000.0,7047.0,Call CEX 4,CEX,1122528.593,,9290.893408195194
2026-10-07 07:23:37,7000.0,7047.0,Call DEX 1,DEX,432.578,,9290.893408195194
2026-10-07 07:23:37,7000.0,7047.0,Put GEX 1,GEX,-824843.543,,9290.893408195194
2026-10-07 07:23:37,7000.0,7047.0,Call VEX 1,VEX,9133255.889,,9290.893408195194
2026-10-07 07:23:37,7400.0,7449.75,Put GEX 5,GEX,-202526.128,,9290.893408195194
2026-10-07 07:23:37,7400.0,7449.75,Call VEX 5,VEX,1804890.762,,9290.893408195194
2026-10-07 07:23:37,7500.0,7550.5,Put GEX 2,GEX,-376071.909,,9290.893408195194
2026-10-07 07:23:37,7500.0,7550.5,Call VEX 3,VEX,2512598.304,,9290.893408195194
2026-10-07 07:23:37,7600.0,7651.0,Call DEX 5,DEX,189.816,,9290.893408195194
2026-10-07 07:23:37,7600.0,7651.0,Put GEX 4,GEX,-294594.55,,9290.893408195194
2026-10-07 07:23:37,7600.0,7651.0,Call VEX 4,VEX,2280738.19,,9290.893408195194
2026-10-07 07:23:37,7650.0,7701.5,Put GEX 3,GEX,-343366.271,,9290.893408195194
2026-10-07 07:23:37,7700.0,7751.75,Call CEX 2,CEX,1233626.385,,9290.893408195194
2026-10-07 07:23:37,7700.0,7751.75,Call DEX 2,DEX,337.774,,9290.893408195194
2026-10-07 07:23:37,7700.0,7751.75,Call VEX 2,VEX,2692334.131,,9290.893408195194
2026-10-07 07:23:37,7725.0,7777.0,Call CEX 3,CEX,1196951.539,,9290.893408195194
2026-10-07 07:23:37,7740.0,7792.0,Call CEX 5,CEX,940126.493,,9290.893408195194
2026-10-07 07:23:37,7750.0,7802.0,Call CEX 1,CEX,2785397.818,,9290.893408195194
2026-10-07 07:23:37,7800.0,7852.5,Put CEX 2,CEX,-2277151.846,,9290.893408195194
2026-10-07 07:23:37,7800.0,7852.5,Call DEX 4,DEX,211.392,,9290.893408195194
2026-10-07 07:23:37,7800.0,7852.5,Call GEX 3,GEX,776782.774,,9290.893408195194
2026-10-07 07:23:37,7820.0,7872.5,Put CEX 5,CEX,-1315379.619,,9290.893408195194
2026-10-07 07:23:37,7825.0,7877.75,Put CEX 4,CEX,-1918313.725,,9290.893408195194
2026-10-07 07:23:37,7850.0,7902.75,Put CEX 3,CEX,-2161562.976,,9290.893408195194
2026-10-07 07:23:37,7850.0,7902.75,Call GEX 4,GEX,743048.426,,9290.893408195194
2026-10-07 07:23:37,7900.0,7953.25,Call GEX 1,GEX,897247.582,,9290.893408195194
2026-10-07 07:23:37,8000.0,8053.75,Put CEX 1,CEX,-5011584.218,,9290.893408195194
2026-10-07 07:23:37,8000.0,8053.75,Put DEX 1,DEX,-1845.017,,9290.893408195194
2026-10-07 07:23:37,8000.0,8053.75,Call GEX 2,GEX,856642.864,,9290.893408195194
2026-10-07 07:23:37,8000.0,8053.75,Put VEX 1,VEX,-12384350.166,,9290.893408195194
2026-10-07 07:23:37,8050.0,8104.25,Call DEX 3,DEX,232.372,,9290.893408195194
2026-10-07 07:23:37,8050.0,8104.25,Call GEX 5,GEX,697121.198,,9290.893408195194
2026-10-07 07:23:37,8050.0,8104.25,Put VEX 3,VEX,-1474531.682,,9290.893408195194
2026-10-07 07:23:37,8100.0,8154.5,Put VEX 2,VEX,-1713628.247,,9290.893408195194
2026-10-07 07:23:37,8150.0,8204.75,Put VEX 5,VEX,-1072384.378,,9290.893408195194
2026-10-07 07:23:37,8200.0,8255.25,Put VEX 4,VEX,-1162350.115,,9290.893408195194
2026-10-07 07:23:37,9000.0,9060.5,Put DEX 2,DEX,-56.833,,9290.893408195194
2026-10-07 07:23:37,10000.0,10067.25,Put DEX 4,DEX,-39.777,,9290.893408195194
2026-10-07 07:24:26,6400.0,6443.0,Put DEX 5,DEX,-39.207,,9291.65318021365
2026-10-07 07:24:26,6500.0,6543.75,Put DEX 3,DEX,-42.274,,9291.65318021365
2026-10-07 07:24:26,7000.0,7047.25,Call CEX 4,CEX,1127278.917,,9291.65318021365
2026-10-07 07:24:26,7000.0,7047.25,Call DEX 1,DEX,429.295,,9291.65318021365
2026-10-07 07:24:26,7000.0,7047.25,Put GEX 1,GEX,-819332.108,,9291.65318021365
2026-10-07 07:24:26,7000.0,7047.25,Call VEX 1,VEX,9188011.691,,9291.65318021365
2026-10-07 07:24:26,7400.0,7449.75,Put GEX 5,GEX,-202600.324,,9291.65318021365
2026-10-07 07:24:26,7400.0,7449.75,Call VEX 5,VEX,1806112.105,,9291.65318021365
2026-10-07 07:24:26,7500.0,7550.5,Put GEX 2,GEX,-377739.083,,9291.65318021365
2026-10-07 07:24:26,7500.0,7550.5,Call VEX 3,VEX,2510185.0,,9291.65318021365
2026-10-07 07:24:26,7600.0,7651.25,Call DEX 5,DEX,188.781,,9291.65318021365
2026-10-07 07:24:26,7600.0,7651.25,Put GEX 4,GEX,-296954.291,,9291.65318021365
2026-10-07 07:24:26,7600.0,7651.25,Call VEX 4,VEX,2276619.741,,9291.65318021365
2026-10-07 07:24:26,7650.0,7701.5,Put GEX 3,GEX,-345995.074,,9291.65318021365
2026-10-07 07:24:26,7700.0,7751.75,Call CEX 3,CEX,1233575.442,,9291.65318021365
2026-10-07 07:24:26,7700.0,7751.75,Call DEX 2,DEX,335.62,,9291.65318021365
2026-10-07 07:24:26,7700.0,7751.75,Call VEX 2,VEX,2679450.122,,9291.65318021365
2026-10-07 07:24:26,7720.0,7772.0,Call CEX 5,CEX,952921.684,,9291.65318021365
2026-10-07 07:24:26,7725.0,7777.0,Call CEX 2,CEX,1233671.837,,9291.65318021365
2026-10-07 07:24:26,7750.0,7802.25,Call CEX 1,CEX,2759161.562,,9291.65318021365
2026-10-07 07:24:26,7795.0,7847.5,Put CEX 5,CEX,-1325110.225,,9291.65318021365
2026-10-07 07:24:26,7800.0,7852.5,Put CEX 2,CEX,-2301201.079,,9291.65318021365
2026-10-07 07:24:26,7800.0,7852.5,Call DEX 4,DEX,209.223,,9291.65318021365
2026-10-07 07:24:26,7800.0,7852.5,Call GEX 3,GEX,768643.468,,9291.65318021365
2026-10-07 07:24:26,7825.0,7877.75,Put CEX 4,CEX,-1893767.083,,9291.65318021365
2026-10-07 07:24:26,7850.0,7902.75,Put CEX 3,CEX,-2140593.292,,9291.65318021365
2026-10-07 07:24:26,7850.0,7902.75,Call GEX 4,GEX,738576.005,,9291.65318021365
2026-10-07 07:24:26,7900.0,7953.25,Call GEX 1,GEX,891379.479,,9291.65318021365
2026-10-07 07:24:26,8000.0,8053.75,Put CEX 1,CEX,-5013128.959,,9291.65318021365
2026-10-07 07:24:26,8000.0,8053.75,Put DEX 1,DEX,-1849.174,,9291.65318021365
2026-10-07 07:24:26,8000.0,8053.75,Call GEX 2,GEX,837851.77,,9291.65318021365
2026-10-07 07:24:26,8000.0,8053.75,Put VEX 1,VEX,-12410792.785,,9291.65318021365
2026-10-07 07:24:26,8050.0,8104.25,Call DEX 3,DEX,232.27,,9291.65318021365
2026-10-07 07:24:26,8050.0,8104.25,Call GEX 5,GEX,694963.047,,9291.65318021365
2026-10-07 07:24:26,8050.0,8104.25,Put VEX 3,VEX,-1474324.094,,9291.65318021365
2026-10-07 07:24:26,8100.0,8154.5,Put VEX 2,VEX,-1713601.787,,9291.65318021365
2026-10-07 07:24:26,8150.0,8204.75,Put VEX 5,VEX,-1071731.082,,9291.65318021365
2026-10-07 07:24:26,8200.0,8255.25,Put VEX 4,VEX,-1162112.747,,9291.65318021365
2026-10-07 07:24:26,9000.0,9060.5,Put DEX 2,DEX,-56.997,,9291.65318021365
2026-10-07 07:24:26,10000.0,10067.25,Put DEX 4,DEX,-39.863,,9291.65318021365
2026-10-07 07:25:14,6400.0,6443.0,Put DEX 5,DEX,-39.089,,9292.246777277493
2026-10-07 07:25:14,6500.0,6543.75,Put DEX 3,DEX,-42.109,,9292.246777277493
2026-10-07 07:25:14,7000.0,7047.0,Call CEX 4,CEX,1119548.648,,9292.246777277493
2026-10-07 07:25:14,7000.0,7047.0,Call DEX 1,DEX,431.023,,9292.246777277493
2026-10-07 07:25:14,7000.0,7047.0,Put GEX 1,GEX,-814097.233,,9292.246777277493
2026-10-07 07:25:14,7000.0,7047.0,Call VEX 1,VEX,9197348.82,,9292.246777277493
2026-10-07 07:25:14,7400.0,7449.75,Put GEX 5,GEX,-202217.752,,9292.246777277493
2026-10-07 07:25:14,7400.0,7449.75,Call VEX 5,VEX,1806280.913,,9292.246777277493
2026-10-07 07:25:14,7500.0,7550.5,Put GEX 2,GEX,-373349.161,,9292.246777277493
2026-10-07 07:25:14,7500.0,7550.5,Call VEX 3,VEX,2518168.077,,9292.246777277493
2026-10-07 07:25:14,7600.0,7651.0,Put GEX 4,GEX,-295281.662,,9292.246777277493
2026-10-07 07:25:14,7600.0,7651.0,Call VEX 4,VEX,2280655.316,,9292.246777277493
2026-10-07 07:25:14,7650.0,7701.5,Put GEX 3,GEX,-345911.947,,9292.246777277493
2026-10-07 07:25:14,7700.0,7751.75,Call CEX 2,CEX,1292492.153,,9292.246777277493
2026-10-07 07:25:14,7700.0,7751.75,Call DEX 2,DEX,342.537,,9292.246777277493
2026-10-07 07:25:14,7700.0,7751.75,Call VEX 2,VEX,2691636.096,,9292.246777277493
2026-10-07 07:25:14,7720.0,7772.0,Call CEX 5,CEX,959334.264,,9292.246777277493
2026-10-07 07:25:14,7725.0,7777.0,Call CEX 3,CEX,1246165.486,,9292.246777277493
2026-10-07 07:25:14,7750.0,7802.0,Call CEX 1,CEX,2798797.18,,9292.246777277493
2026-10-07 07:25:14,7795.0,7847.5,Put CEX 5,CEX,-1312450.602,,9292.246777277493
2026-10-07 07:25:14,7800.0,7852.5,Put CEX 2,CEX,-2288158.369,,9292.246777277493
2026-10-07 07:25:14,7800.0,7852.5,Call DEX 4,DEX,211.22,,9292.246777277493
2026-10-07 07:25:14,7800.0,7852.5,Call GEX 3,GEX,764648.857,,9292.246777277493
2026-10-07 07:25:14,7825.0,7877.5,Put CEX 4,CEX,-1891024.285,,9292.246777277493
2026-10-07 07:25:14,7850.0,7902.75,Put CEX 3,CEX,-2138415.584,,9292.246777277493
2026-10-07 07:25:14,7850.0,7902.75,Call GEX 4,GEX,741726.17,,9292.246777277493
2026-10-07 07:25:14,7900.0,7953.0,Call DEX 5,DEX,190.912,,9292.246777277493
2026-10-07 07:25:14,7900.0,7953.0,Call GEX 1,GEX,893135.32,,9292.246777277493
2026-10-07 07:25:14,8000.0,8053.75,Put CEX 1,CEX,-4969333.496,,9292.246777277493
2026-10-07 07:25:14,8000.0,8053.75,Put DEX 1,DEX,-1854.299,,9292.246777277493
2026-10-07 07:25:14,8000.0,8053.75,Call GEX 2,GEX,854773.392,,9292.246777277493
2026-10-07 07:25:14,8000.0,8053.75,Put VEX 1,VEX,-12324494.775,,9292.246777277493
2026-10-07 07:25:14,8050.0,8104.0,Call DEX 3,DEX,233.075,,9292.246777277493
2026-10-07 07:25:14,8050.0,8104.0,Call GEX 5,GEX,695532.501,,9292.246777277493
2026-10-07 07:25:14,8050.0,8104.0,Put VEX 3,VEX,-1472058.828,,9292.246777277493
2026-10-07 07:25:14,8100.0,8154.5,Put VEX 2,VEX,-1711445.185,,9292.246777277493
2026-10-07 07:25:14,8150.0,8204.75,Put VEX 5,VEX,-1070918.893,,9292.246777277493
2026-10-07 07:25:14,8200.0,8255.0,Put VEX 4,VEX,-1161752.576,,9292.246777277493
2026-10-07 07:25:14,9000.0,9060.5,Put DEX 2,DEX,-57.121,,9292.246777277493
2026-10-07 07:25:14,10000.0,10067.25,Put DEX 4,DEX,-39.893,,9292.246777277493
2026-10-07 07:26:04,6400.0,6443.0,Put DEX 5,DEX,-39.134,,9292.138496001684
2026-10-07 07:26:04,6500.0,6543.75,Put DEX 3,DEX,-42.144,,9292.138496001684
2026-10-07 07:26:04,7000.0,7047.0,Call CEX 4,CEX,1109363.622,,9292.138496001684
2026-10-07 07:26:04,7000.0,7047.0,Call DEX 1,DEX,432.008,,9292.138496001684
2026-10-07 07:26:04,7000.0,7047.0,Put GEX 1,GEX,-816769.541,,9292.138496001684
2026-10-07 07:26:04,7000.0,7047.0,Call VEX 1,VEX,9150668.058,,9292.138496001684
2026-10-07 07:26:04,7400.0,7449.75,Put GEX 5,GEX,-201918.968,,9292.138496001684
2026-10-07 07:26:04,7400.0,7449.75,Call VEX 5,VEX,1804548.348,,9292.138496001684
2026-10-07 07:26:04,7500.0,7550.5,Put GEX 2,GEX,-373277.006,,9292.138496001684
2026-10-07 07:26:04,7500.0,7550.5,Call VEX 3,VEX,2516001.712,,9292.138496001684
2026-10-07 07:26:04,7600.0,7651.25,Call DEX 5,DEX,190.498,,9292.138496001684
2026-10-07 07:26:04,7600.0,7651.25,Put GEX 4,GEX,-292878.827,,9292.138496001684
2026-10-07 07:26:04,7600.0,7651.25,Call VEX 4,VEX,2283966.334,,9292.138496001684
2026-10-07 07:26:04,7650.0,7701.5,Put GEX 3,GEX,-342922.207,,9292.138496001684
2026-10-07 07:26:04,7700.0,7751.75,Call CEX 2,CEX,1270274.023,,9292.138496001684
2026-10-07 07:26:04,7700.0,7751.75,Call DEX 2,DEX,344.152,,9292.138496001684
2026-10-07 07:26:04,7700.0,7751.75,Call VEX 2,VEX,2699976.006,,9292.138496001684
2026-10-07 07:26:04,7720.0,7772.0,Call CEX 5,CEX,951647.195,,9292.138496001684
2026-10-07 07:26:04,7725.0,7777.0,Call CEX 3,CEX,1229901.804,,9292.138496001684
2026-10-07 07:26:04,7750.0,7802.25,Call CEX 1,CEX,2820187.821,,9292.138496001684
2026-10-07 07:26:04,7800.0,7852.5,Put CEX 2,CEX,-2272502.227,,9292.138496001684
2026-10-07 07:26:04,7800.0,7852.5,Call DEX 4,DEX,212.966,,9292.138496001684
2026-10-07 07:26:04,7800.0,7852.5,Call GEX 3,GEX,770985.143,,9292.138496001684
2026-10-07 07:26:04,7820.0,7872.5,Put CEX 5,CEX,-1322952.821,,9292.138496001684
2026-10-07 07:26:04,7825.0,7877.75,Put CEX 4,CEX,-1921308.57,,9292.138496001684
2026-10-07 07:26:04,7850.0,7902.75,Put CEX 3,CEX,-2143193.892,,9292.138496001684
2026-10-07 07:26:04,7850.0,7902.75,Call GEX 4,GEX,746226.966,,9292.138496001684
2026-10-07 07:26:04,7900.0,7953.25,Call GEX 1,GEX,898766.138,,9292.138496001684
2026-10-07 07:26:04,8000.0,8053.75,Put CEX 1,CEX,-4988121.696,,9292.138496001684
2026-10-07 07:26:04,8000.0,8053.75,Put DEX 1,DEX,-1849.039,,9292.138496001684
2026-10-07 07:26:04,8000.0,8053.75,Call GEX 2,GEX,873229.531,,9292.138496001684
2026-10-07 07:26:04,8000.0,8053.75,Put VEX 1,VEX,-12333280.674,,9292.138496001684
2026-10-07 07:26:04,8050.0,8104.25,Call DEX 3,DEX,232.946,,9292.138496001684
2026-10-07 07:26:04,8050.0,8104.25,Call GEX 5,GEX,697463.32,,9292.138496001684
2026-10-07 07:26:04,8050.0,8104.25,Put VEX 3,VEX,-1472536.945,,9292.138496001684
2026-10-07 07:26:04,8100.0,8154.5,Put VEX 2,VEX,-1711378.799,,9292.138496001684
2026-10-07 07:26:04,8150.0,8204.75,Put VEX 5,VEX,-1071182.869,,9292.138496001684
2026-10-07 07:26:04,8200.0,8255.25,Put VEX 4,VEX,-1162005.595,,9292.138496001684
2026-10-07 07:26:04,9000.0,9060.5,Put DEX 2,DEX,-56.958,,9292.138496001684
2026-10-07 07:26:04,10000.0,10067.25,Put DEX 4,DEX,-39.85,,9292.138496001684
2026-10-07 07:26:52,6400.0,6442.0,Put DEX 5,DEX,-39.164,,9291.377526847597
2026-10-07 07:26:52,6500.0,6542.75,Put DEX 3,DEX,-42.292,,9291.377526847597
2026-10-07 07:26:52,7000.0,7046.0,Call CEX 3,CEX,1120417.079,,9291.377526847597
2026-10-07 07:26:52,7000.0,7046.0,Call DEX 1,DEX,431.327,,9291.377526847597
2026-10-07 07:26:52,7000.0,7046.0,Put GEX 1,GEX,-822398.061,,9291.377526847597
2026-10-07 07:26:52,7000.0,7046.0,Call VEX 1,VEX,9143774.064,,9291.377526847597
2026-10-07 07:26:52,7400.0,7448.5,Put GEX 5,GEX,-202814.535,,9291.377526847597
2026-10-07 07:26:52,7400.0,7448.5,Call VEX 5,VEX,1805125.436,,9291.377526847597
2026-10-07 07:26:52,7500.0,7549.25,Put GEX 2,GEX,-383610.828,,9291.377526847597
2026-10-07 07:26:52,7500.0,7549.25,Call VEX 3,VEX,2491469.832,,9291.377526847597
2026-10-07 07:26:52,7600.0,7650.0,Put GEX 4,GEX,-298923.748,,9291.377526847597
2026-10-07 07:26:52,7600.0,7650.0,Call VEX 4,VEX,2271470.352,,9291.377526847597
2026-10-07 07:26:52,7650.0,7700.25,Put GEX 3,GEX,-346093.303,,9291.377526847597
2026-10-07 07:26:52,7700.0,7750.5,Call CEX 2,CEX,1255127.075,,9291.377526847597
2026-10-07 07:26:52,7700.0,7750.5,Call DEX 2,DEX,336.219,,9291.377526847597
2026-10-07 07:26:52,7700.0,7750.5,Call VEX 2,VEX,2681954.902,,9291.377526847597
2026-10-07 07:26:52,7725.0,7775.75,Call CEX 4,CEX,1000219.076,,9291.377526847597
2026-10-07 07:26:52,7740.0,7790.75,Call CEX 5,CEX,937058.644,,9291.377526847597
2026-10-07 07:26:52,7750.0,7800.75,Call CEX 1,CEX,2763115.71,,9291.377526847597
2026-10-07 07:26:52,7800.0,7851.25,Put CEX 2,CEX,-2291586.783,,9291.377526847597
2026-10-07 07:26:52,7800.0,7851.25,Call DEX 4,DEX,208.931,,9291.377526847597
2026-10-07 07:26:52,7800.0,7851.25,Call GEX 3,GEX,797925.355,,9291.377526847597
2026-10-07 07:26:52,7820.0,7871.25,Put CEX 5,CEX,-1336184.507,,9291.377526847597
2026-10-07 07:26:52,7825.0,7876.25,Put CEX 4,CEX,-1985407.294,,9291.377526847597
2026-10-07 07:26:52,7850.0,7901.5,Put CEX 3,CEX,-2236410.873,,9291.377526847597
2026-10-07 07:26:52,7850.0,7901.5,Call GEX 4,GEX,734805.954,,9291.377526847597
2026-10-07 07:26:52,7900.0,7951.75,Call DEX 5,DEX,187.125,,9291.377526847597
2026-10-07 07:26:52,7900.0,7951.75,Call GEX 1,GEX,885990.092,,9291.377526847597
2026-10-07 07:26:52,8000.0,8052.5,Put CEX 1,CEX,-5045331.583,,9291.377526847597
2026-10-07 07:26:52,8000.0,8052.5,Put DEX 1,DEX,-1842.464,,9291.377526847597
2026-10-07 07:26:52,8000.0,8052.5,Call GEX 2,GEX,818212.556,,9291.377526847597
2026-10-07 07:26:52,8000.0,8052.5,Put VEX 1,VEX,-12464780.664,,9291.377526847597
2026-10-07 07:26:52,8050.0,8102.75,Call DEX 3,DEX,231.577,,9291.377526847597
2026-10-07 07:26:52,8050.0,8102.75,Call GEX 5,GEX,695287.318,,9291.377526847597
2026-10-07 07:26:52,8050.0,8102.75,Put VEX 3,VEX,-1475492.13,,9291.377526847597
2026-10-07 07:26:52,8100.0,8153.25,Put VEX 2,VEX,-1715038.356,,9291.377526847597
2026-10-07 07:26:52,8150.0,8203.5,Put VEX 5,VEX,-1073139.605,,9291.377526847597
2026-10-07 07:26:52,8200.0,8253.75,Put VEX 4,VEX,-1162237.44,,9291.377526847597
2026-10-07 07:26:52,9000.0,9059.0,Put DEX 2,DEX,-56.915,,9291.377526847597
2026-10-07 07:26:52,10000.0,10065.75,Put DEX 4,DEX,-39.805,,9291.377526847597
2026-10-07 07:27:39,6400.0,6442.5,Put DEX 5,DEX,-39.133,,9292.11698748475
2026-10-07 07:27:39,6500.0,6543.0,Put DEX 3,DEX,-42.269,,9292.11698748475
2026-10-07 07:27:39,7000.0,7046.5,Call CEX 3,CEX,1124540.195,,9292.11698748475
2026-10-07 07:27:39,7000.0,7046.5,Call DEX 1,DEX,427.31,,9292.11698748475
2026-10-07 07:27:39,7000.0,7046.5,Put GEX 1,GEX,-816389.859,,9292.11698748475
2026-10-07 07:27:39,7000.0,7046.5,Call VEX 1,VEX,9202869.811,,9292.11698748475
2026-10-07 07:27:39,7400.0,7449.0,Put GEX 5,GEX,-202780.322,,9292.11698748475
2026-10-07 07:27:39,7400.0,7449.0,Call VEX 5,VEX,1805851.102,,9292.11698748475
2026-10-07 07:27:39,7500.0,7549.75,Put GEX 2,GEX,-380448.922,,9292.11698748475
2026-10-07 07:27:39,7500.0,7549.75,Call VEX 3,VEX,2501786.399,,9292.11698748475
2026-10-07 07:27:39,7600.0,7650.25,Put GEX 4,GEX,-299080.376,,9292.11698748475
2026-10-07 07:27:39,7600.0,7650.25,Call VEX 4,VEX,2270876.072,,9292.11698748475
2026-10-07 07:27:39,7650.0,7700.75,Put GEX 3,GEX,-347444.808,,9292.11698748475
2026-10-07 07:27:39,7700.0,7751.0,Call CEX 2,CEX,1256890.145,,9292.11698748475
2026-10-07 07:27:39,7700.0,7751.0,Call DEX 2,DEX,334.154,,9292.11698748475
2026-10-07 07:27:39,7700.0,7751.0,Call VEX 2,VEX,2671394.936,,9292.11698748475
2026-10-07 07:27:39,7725.0,7776.25,Call CEX 4,CEX,998915.547,,9292.11698748475
2026-10-07 07:27:39,7740.0,7791.25,Call CEX 5,CEX,944217.529,,9292.11698748475
2026-10-07 07:27:39,7750.0,7801.25,Call CEX 1,CEX,2746212.434,,9292.11698748475
2026-10-07 07:27:39,7795.0,7846.75,Put CEX 5,CEX,-1336213.019,,9292.11698748475
2026-10-07 07:27:39,7800.0,7851.75,Put CEX 2,CEX,-2315447.081,,9292.11698748475
2026-10-07 07:27:39,7800.0,7851.75,Call DEX 4,DEX,207.071,,9292.11698748475
2026-10-07 07:27:39,7800.0,7851.75,Call GEX 3,GEX,787458.975,,9292.11698748475
2026-10-07 07:27:39,7825.0,7876.75,Put CEX 4,CEX,-1964809.073,,9292.11698748475
2026-10-07 07:27:39,7850.0,7902.0,Put CEX 3,CEX,-2219551.344,,9292.11698748475
2026-10-07 07:27:39,7850.0,7902.0,Call GEX 4,GEX,731709.849,,9292.11698748475
2026-10-07 07:27:39,7900.0,7952.25,Call DEX 5,DEX,186.645,,9292.11698748475
2026-10-07 07:27:39,7900.0,7952.25,Call GEX 1,GEX,882679.328,,9292.11698748475
2026-10-07 07:27:39,8000.0,8053.0,Put CEX 1,CEX,-5023344.515,,9292.11698748475
2026-10-07 07:27:39,8000.0,8053.0,Put DEX 1,DEX,-1850.494,,9292.11698748475
2026-10-07 07:27:39,8000.0,8053.0,Call GEX 2,GEX,819413.78,,9292.11698748475
2026-10-07 07:27:39,8000.0,8053.0,Put VEX 1,VEX,-12452742.057,,9292.11698748475
2026-10-07 07:27:39,8050.0,8103.25,Call DEX 3,DEX,231.574,,9292.11698748475
2026-10-07 07:27:39,8050.0,8103.25,Call GEX 5,GEX,693709.366,,9292.11698748475
2026-10-07 07:27:39,8050.0,8103.25,Put VEX 3,VEX,-1476029.87,,9292.11698748475
2026-10-07 07:27:39,8100.0,8153.75,Put VEX 2,VEX,-1714964.908,,9292.11698748475
2026-10-07 07:27:39,8150.0,8204.0,Put VEX 5,VEX,-1072835.64,,9292.11698748475
2026-10-07 07:27:39,8200.0,8254.25,Put VEX 4,VEX,-1162190.092,,9292.11698748475
2026-10-07 07:27:39,9000.0,9059.75,Put DEX 2,DEX,-57.009,,9292.11698748475
2026-10-07 07:27:39,10000.0,10066.25,Put DEX 4,DEX,-39.851,,9292.11698748475
2026-10-07 07:28:27,6400.0,6442.25,Put DEX 5,DEX,-39.235,,9291.650248013866
2026-10-07 07:28:27,6500.0,6543.0,Put DEX 3,DEX,-42.368,,9291.650248013866
2026-10-07 07:28:27,7000.0,7046.25,Call CEX 3,CEX,1126838.15,,9291.650248013866
2026-10-07 07:28:27,7000.0,7046.25,Call DEX 1,DEX,426.475,,9291.650248013866
2026-10-07 07:28:27,7000.0,7046.25,Put GEX 1,GEX,-820967.903,,9291.650248013866
2026-10-07 07:28:27,7000.0,7046.25,Call VEX 1,VEX,9189317.306,,9291.650248013866
2026-10-07 07:28:27,7400.0,7449.0,Put GEX 5,GEX,-203733.767,,9291.650248013866
2026-10-07 07:28:27,7400.0,7449.0,Call VEX 5,VEX,1806082.007,,9291.650248013866
2026-10-07 07:28:27,7500.0,7549.5,Put GEX 2,GEX,-381901.675,,9291.650248013866
2026-10-07 07:28:27,7500.0,7549.5,Call VEX 3,VEX,2503440.833,,9291.650248013866
2026-10-07 07:28:27,7600.0,7650.25,Put GEX 4,GEX,-300643.068,,9291.650248013866
2026-10-07 07:28:27,7600.0,7650.25,Call VEX 4,VEX,2266084.782,,9291.650248013866
2026-10-07 07:28:27,7650.0,7700.5,Put GEX 3,GEX,-350409.241,,9291.650248013866
2026-10-07 07:28:27,7700.0,7751.0,Call CEX 2,CEX,1252852.428,,9291.650248013866
2026-10-07 07:28:27,7700.0,7751.0,Call DEX 2,DEX,328.657,,9291.650248013866
2026-10-07 07:28:27,7700.0,7751.0,Call VEX 2,VEX,2640543.473,,9291.650248013866
2026-10-07 07:28:27,7725.0,7776.0,Call CEX 4,CEX,1005023.022,,9291.650248013866
2026-10-07 07:28:27,7740.0,7791.25,Call CEX 5,CEX,944255.987,,9291.650248013866
2026-10-07 07:28:27,7750.0,7801.25,Call CEX 1,CEX,2638603.484,,9291.650248013866
2026-10-07 07:28:27,7795.0,7846.5,Put CEX 5,CEX,-1383953.869,,9291.650248013866
2026-10-07 07:28:27,7800.0,7851.5,Put CEX 2,CEX,-2362428.018,,9291.650248013866
2026-10-07 07:28:27,7800.0,7851.5,Call DEX 4,DEX,200.591,,9291.650248013866
2026-10-07 07:28:27,7800.0,7851.5,Call GEX 3,GEX,786678.011,,9291.650248013866
2026-10-07 07:28:27,7825.0,7876.75,Put CEX 4,CEX,-1944142.564,,9291.650248013866
2026-10-07 07:28:27,7850.0,7902.0,Put CEX 3,CEX,-2213578.239,,9291.650248013866
2026-10-07 07:28:27,7850.0,7902.0,Call GEX 4,GEX,720379.913,,9291.650248013866
2026-10-07 07:28:27,7900.0,7952.25,Call DEX 5,DEX,183.872,,9291.650248013866
2026-10-07 07:28:27,7900.0,7952.25,Call GEX 1,GEX,873724.294,,9291.650248013866
2026-10-07 07:28:27,8000.0,8052.75,Put CEX 1,CEX,-4987476.45,,9291.650248013866
2026-10-07 07:28:27,8000.0,8052.75,Put DEX 1,DEX,-1866.277,,9291.650248013866
2026-10-07 07:28:27,8000.0,8052.75,Call GEX 2,GEX,805120.679,,9291.650248013866
2026-10-07 07:28:27,8000.0,8052.75,Put VEX 1,VEX,-12479594.781,,9291.650248013866
2026-10-07 07:28:27,8050.0,8103.25,Call DEX 3,DEX,229.635,,9291.650248013866
2026-10-07 07:28:27,8050.0,8103.25,Call GEX 5,GEX,689648.177,,9291.650248013866
2026-10-07 07:28:27,8050.0,8103.25,Put VEX 3,VEX,-1478768.339,,9291.650248013866
2026-10-07 07:28:27,8100.0,8153.5,Put VEX 2,VEX,-1720460.518,,9291.650248013866
2026-10-07 07:28:27,8150.0,8203.75,Put VEX 5,VEX,-1074188.967,,9291.650248013866
2026-10-07 07:28:27,8200.0,8254.25,Put VEX 4,VEX,-1162594.901,,9291.650248013866
2026-10-07 07:28:27,9000.0,9059.5,Put DEX 2,DEX,-57.019,,9291.650248013866
2026-10-07 07:28:27,10000.0,10066.0,Put DEX 4,DEX,-39.836,,9291.650248013866
2026-10-07 07:29:17,6400.0,6442.5,Put DEX 5,DEX,-39.425,,9290.414969229256
2026-10-07 07:29:17,6500.0,6543.0,Put DEX 3,DEX,-42.488,,9290.414969229256
2026-10-07 07:29:17,7000.0,7046.5,Call CEX 4,CEX,1129222.91,,9290.414969229256
2026-10-07 07:29:17,7000.0,7046.5,Call DEX 1,DEX,428.978,,9290.414969229256
2026-10-07 07:29:17,7000.0,7046.5,Put GEX 1,GEX,-828805.316,,9290.414969229256
2026-10-07 07:29:17,7000.0,7046.5,Call VEX 1,VEX,9143705.533,,9290.414969229256
2026-10-07 07:29:17,7400.0,7449.0,Put GEX 5,GEX,-204373.266,,9290.414969229256
2026-10-07 07:29:17,7400.0,7449.0,Call VEX 5,VEX,1805115.416,,9290.414969229256
2026-10-07 07:29:17,7500.0,7549.75,Put GEX 2,GEX,-380550.806,,9290.414969229256
2026-10-07 07:29:17,7500.0,7549.75,Call VEX 3,VEX,2509603.035,,9290.414969229256
2026-10-07 07:29:17,7600.0,7650.5,Put GEX 4,GEX,-299209.759,,9290.414969229256
2026-10-07 07:29:17,7600.0,7650.5,Call VEX 4,VEX,2267237.624,,9290.414969229256
2026-10-07 07:29:17,7650.0,7700.75,Put GEX 3,GEX,-349190.567,,9290.414969229256
2026-10-07 07:29:17,7700.0,7751.0,Call CEX 2,CEX,1254686.006,,9290.414969229256
2026-10-07 07:29:17,7700.0,7751.0,Call DEX 2,DEX,328.695,,9290.414969229256
2026-10-07 07:29:17,7700.0,7751.0,Call VEX 2,VEX,2641850.745,,9290.414969229256
2026-10-07 07:29:17,7725.0,7776.25,Call CEX 3,CEX,1205500.999,,9290.414969229256
2026-10-07 07:29:17,7740.0,7791.25,Call CEX 5,CEX,949167.124,,9290.414969229256
2026-10-07 07:29:17,7750.0,7801.5,Call CEX 1,CEX,2643588.768,,9290.414969229256
2026-10-07 07:29:17,7795.0,7846.75,Put CEX 5,CEX,-1398125.931,,9290.414969229256
2026-10-07 07:29:17,7800.0,7851.75,Put CEX 2,CEX,-2378452.926,,9290.414969229256
2026-10-07 07:29:17,7800.0,7851.75,Call DEX 4,DEX,199.858,,9290.414969229256
2026-10-07 07:29:17,7800.0,7851.75,Call GEX 3,GEX,781001.912,,9290.414969229256
2026-10-07 07:29:17,7825.0,7877.0,Put CEX 4,CEX,-1927045.331,,9290.414969229256
2026-10-07 07:29:17,7850.0,7902.0,Put CEX 3,CEX,-2184250.611,,9290.414969229256
2026-10-07 07:29:17,7850.0,7902.0,Call GEX 4,GEX,722364.213,,9290.414969229256
2026-10-07 07:29:17,7900.0,7952.5,Call DEX 5,DEX,183.547,,9290.414969229256
2026-10-07 07:29:17,7900.0,7952.5,Call GEX 1,GEX,876005.787,,9290.414969229256
2026-10-07 07:29:17,8000.0,8053.0,Put CEX 1,CEX,-5013432.012,,9290.414969229256
2026-10-07 07:29:17,8000.0,8053.0,Put DEX 1,DEX,-1869.719,,9290.414969229256
2026-10-07 07:29:17,8000.0,8053.0,Call GEX 2,GEX,830112.25,,9290.414969229256
2026-10-07 07:29:17,8000.0,8053.0,Put VEX 1,VEX,-12477820.082,,9290.414969229256
2026-10-07 07:29:17,8050.0,8103.5,Call DEX 3,DEX,228.976,,9290.414969229256
2026-10-07 07:29:17,8050.0,8103.5,Call GEX 5,GEX,690147.677,,9290.414969229256
2026-10-07 07:29:17,8050.0,8103.5,Put VEX 3,VEX,-1480240.005,,9290.414969229256
2026-10-07 07:29:17,8100.0,8153.75,Put VEX 2,VEX,-1723535.479,,9290.414969229256
2026-10-07 07:29:17,8150.0,8204.0,Put VEX 5,VEX,-1075968.647,,9290.414969229256
2026-10-07 07:29:17,8200.0,8254.5,Put VEX 4,VEX,-1162800.499,,9290.414969229256
2026-10-07 07:29:17,9000.0,9059.75,Put DEX 2,DEX,-56.876,,9290.414969229256
2026-10-07 07:29:17,10000.0,10066.25,Put DEX 4,DEX,-39.757,,9290.414969229256
2026-10-07 07:30:07,6400.0,6442.75,Put DEX 5,DEX,-39.309,,9292.813567505682
2026-10-07 07:30:07,6500.0,6543.25,Put DEX 3,DEX,-42.401,,9292.813567505682
2026-10-07 07:30:07,7000.0,7046.75,Call CEX 4,CEX,1158033.186,,9292.813567505682
2026-10-07 07:30:07,7000.0,7046.75,Call DEX 1,DEX,2870.871,,9292.813567505682
2026-10-07 07:30:07,7000.0,7046.75,Put GEX 1,GEX,-770135.45,,9292.813567505682
2026-10-07 07:30:07,7000.0,7046.75,Call VEX 1,VEX,9674656.928,,9292.813567505682
2026-10-07 07:30:07,7400.0,7449.25,Put GEX 5,GEX,-204365.841,,9292.813567505682
2026-10-07 07:30:07,7400.0,7449.25,Call VEX 5,VEX,1807804.617,,9292.813567505682
2026-10-07 07:30:07,7500.0,7550.0,Put GEX 2,GEX,-381318.997,,9292.813567505682
2026-10-07 07:30:07,7500.0,7550.0,Call VEX 3,VEX,2512225.777,,9292.813567505682
2026-10-07 07:30:07,7600.0,7650.75,Call DEX 5,DEX,183.814,,9292.813567505682
2026-10-07 07:30:07,7600.0,7650.75,Put GEX 4,GEX,-301692.295,,9292.813567505682
2026-10-07 07:30:07,7600.0,7650.75,Call VEX 4,VEX,2264405.542,,9292.813567505682
2026-10-07 07:30:07,7650.0,7701.0,Put GEX 3,GEX,-354642.871,,9292.813567505682
2026-10-07 07:30:07,7700.0,7751.25,Call CEX 3,CEX,1254133.415,,9292.813567505682
2026-10-07 07:30:07,7700.0,7751.25,Call DEX 2,DEX,324.58,,9292.813567505682
2026-10-07 07:30:07,7700.0,7751.25,Call VEX 2,VEX,2618236.279,,9292.813567505682
2026-10-07 07:30:07,7720.0,7771.5,Call CEX 5,CEX,973009.82,,9292.813567505682
2026-10-07 07:30:07,7725.0,7776.5,Call CEX 2,CEX,1254182.919,,9292.813567505682
2026-10-07 07:30:07,7750.0,7801.75,Call CEX 1,CEX,2580777.597,,9292.813567505682
2026-10-07 07:30:07,7795.0,7847.0,Put CEX 5,CEX,-1423462.029,,9292.813567505682
2026-10-07 07:30:07,7800.0,7852.0,Put CEX 2,CEX,-2403517.922,,9292.813567505682
2026-10-07 07:30:07,7800.0,7852.0,Call DEX 4,DEX,196.008,,9292.813567505682
2026-10-07 07:30:07,7800.0,7852.0,Call GEX 3,GEX,762367.707,,9292.813567505682
2026-10-07 07:30:07,7825.0,7877.25,Put CEX 4,CEX,-1856832.469,,9292.813567505682
2026-10-07 07:30:07,7850.0,7902.25,Put CEX 3,CEX,-2029461.703,,9292.813567505682
2026-10-07 07:30:07,7850.0,7902.25,Call GEX 4,GEX,707248.223,,9292.813567505682
2026-10-07 07:30:07,7900.0,7952.75,Call GEX 1,GEX,865305.082,,9292.813567505682
2026-10-07 07:30:07,8000.0,8053.25,Put CEX 1,CEX,-4981260.041,,9292.813567505682
2026-10-07 07:30:07,8000.0,8053.25,Put DEX 1,DEX,-1883.268,,9292.813567505682
2026-10-07 07:30:07,8000.0,8053.25,Call GEX 2,GEX,806869.861,,9292.813567505682
2026-10-07 07:30:07,8000.0,8053.25,Put VEX 1,VEX,-12476208.498,,9292.813567505682
2026-10-07 07:30:07,8050.0,8103.75,Call DEX 3,DEX,229.303,,9292.813567505682
2026-10-07 07:30:07,8050.0,8103.75,Call GEX 5,GEX,686237.153,,9292.813567505682
2026-10-07 07:30:07,8050.0,8103.75,Put VEX 3,VEX,-1480375.572,,9292.813567505682
2026-10-07 07:30:07,8100.0,8154.0,Put VEX 2,VEX,-1723012.171,,9292.813567505682
2026-10-07 07:30:07,8150.0,8204.25,Put VEX 5,VEX,-1075216.159,,9292.813567505682
2026-10-07 07:30:07,8200.0,8254.75,Put VEX 4,VEX,-1163025.808,,9292.813567505682
2026-10-07 07:30:07,9000.0,9060.0,Put DEX 2,DEX,-57.221,,9292.813567505682
2026-10-07 07:30:07,10000.0,10066.75,Put DEX 4,DEX,-39.91,,9292.813567505682
2026-10-07 07:31:00,6400.0,6442.75,Put DEX 5,DEX,-39.238,,9290.99060588754
2026-10-07 07:31:00,6500.0,6543.5,Put DEX 3,DEX,-42.364,,9290.99060588754
2026-10-07 07:31:00,7000.0,7046.75,Call CEX 4,CEX,1127600.94,,9290.99060588754
2026-10-07 07:31:00,7000.0,7046.75,Call DEX 1,DEX,429.067,,9290.99060588754
2026-10-07 07:31:00,7000.0,7046.75,Put GEX 1,GEX,-826708.061,,9290.99060588754
2026-10-07 07:31:00,7000.0,7046.75,Call VEX 1,VEX,9155160.427,,9290.99060588754
2026-10-07 07:31:00,7400.0,7449.5,Put GEX 5,GEX,-203719.942,,9290.99060588754
2026-10-07 07:31:00,7400.0,7449.5,Call VEX 5,VEX,1806016.643,,9290.99060588754
2026-10-07 07:31:00,7500.0,7550.25,Put GEX 2,GEX,-380807.17,,9290.99060588754
2026-10-07 07:31:00,7500.0,7550.25,Call VEX 3,VEX,2506637.321,,9290.99060588754
2026-10-07 07:31:00,7600.0,7650.75,Call DEX 5,DEX,186.543,,9290.99060588754
2026-10-07 07:31:00,7600.0,7650.75,Put GEX 4,GEX,-298269.76,,9290.99060588754
2026-10-07 07:31:00,7600.0,7650.75,Call VEX 4,VEX,2270173.877,,9290.99060588754
2026-10-07 07:31:00,7650.0,7701.25,Put GEX 3,GEX,-349753.315,,9290.99060588754
2026-10-07 07:31:00,7700.0,7751.5,Call CEX 2,CEX,1258029.393,,9290.99060588754
2026-10-07 07:31:00,7700.0,7751.5,Call DEX 2,DEX,328.905,,9290.99060588754
2026-10-07 07:31:00,7700.0,7751.5,Call VEX 2,VEX,2643251.917,,9290.99060588754
2026-10-07 07:31:00,7725.0,7776.75,Call CEX 3,CEX,1232320.359,,9290.99060588754
2026-10-07 07:31:00,7740.0,7791.75,Call CEX 5,CEX,953726.92,,9290.99060588754
2026-10-07 07:31:00,7750.0,7801.75,Call CEX 1,CEX,2663006.658,,9290.99060588754
2026-10-07 07:31:00,7795.0,7847.0,Put CEX 5,CEX,-1403705.517,,9290.99060588754
2026-10-07 07:31:00,7800.0,7852.25,Put CEX 2,CEX,-2385998.266,,9290.99060588754
2026-10-07 07:31:00,7800.0,7852.25,Call DEX 4,DEX,200.095,,9290.99060588754
2026-10-07 07:31:00,7800.0,7852.25,Call GEX 3,GEX,773876.862,,9290.99060588754
2026-10-07 07:31:00,7825.0,7877.25,Put CEX 4,CEX,-1900344.342,,9290.99060588754
2026-10-07 07:31:00,7850.0,7902.5,Put CEX 3,CEX,-2166630.818,,9290.99060588754
2026-10-07 07:31:00,7850.0,7902.5,Call GEX 4,GEX,723328.822,,9290.99060588754
2026-10-07 07:31:00,7900.0,7952.75,Call GEX 1,GEX,878182.68,,9290.99060588754
2026-10-07 07:31:00,8000.0,8053.5,Put CEX 1,CEX,-4992292.433,,9290.99060588754
2026-10-07 07:31:00,8000.0,8053.5,Put DEX 1,DEX,-1875.148,,9290.99060588754
2026-10-07 07:31:00,8000.0,8053.5,Call GEX 2,GEX,847245.175,,9290.99060588754
2026-10-07 07:31:00,8000.0,8053.5,Put VEX 1,VEX,-12444350.02,,9290.99060588754
2026-10-07 07:31:00,8050.0,8103.75,Call DEX 3,DEX,229.547,,9290.99060588754
2026-10-07 07:31:00,8050.0,8103.75,Call GEX 5,GEX,690526.084,,9290.99060588754
2026-10-07 07:31:00,8050.0,8103.75,Put VEX 3,VEX,-1481042.603,,9290.99060588754
2026-10-07 07:31:00,8100.0,8154.25,Put VEX 2,VEX,-1722550.256,,9290.99060588754
2026-10-07 07:31:00,8150.0,8204.5,Put VEX 5,VEX,-1076774.614,,9290.99060588754
2026-10-07 07:31:00,8200.0,8254.75,Put VEX 4,VEX,-1163257.371,,9290.99060588754
2026-10-07 07:31:00,9000.0,9060.25,Put DEX 2,DEX,-56.912,,9290.99060588754
2026-10-07 07:31:00,10000.0,10066.75,Put DEX 4,DEX,-39.775,,9290.99060588754
2026-10-07 07:31:49,6400.0,6443.0,Put DEX 5,DEX,-39.208,,9292.435427401242
2026-10-07 07:31:49,6500.0,6543.75,Put DEX 3,DEX,-42.325,,9292.435427401242
2026-10-07 07:31:49,7000.0,7047.0,Call CEX 4,CEX,1128507.149,,9292.435427401242
2026-10-07 07:31:49,7000.0,7047.0,Call DEX 1,DEX,425.651,,9292.435427401242
2026-10-07 07:31:49,7000.0,7047.0,Put GEX 1,GEX,-816729.447,,9292.435427401242
2026-10-07 07:31:49,7000.0,7047.0,Call VEX 1,VEX,9240781.754,,9292.435427401242
2026-10-07 07:31:49,7400.0,7449.75,Put GEX 5,GEX,-204128.647,,9292.435427401242
2026-10-07 07:31:49,7400.0,7449.75,Call VEX 5,VEX,1807348.669,,9292.435427401242
2026-10-07 07:31:49,7500.0,7550.25,Put GEX 2,GEX,-379523.668,,9292.435427401242
2026-10-07 07:31:49,7500.0,7550.25,Call VEX 3,VEX,2512223.877,,9292.435427401242
2026-10-07 07:31:49,7600.0,7651.0,Call DEX 5,DEX,185.539,,9292.435427401242
2026-10-07 07:31:49,7600.0,7651.0,Put GEX 4,GEX,-300216.042,,9292.435427401242
2026-10-07 07:31:49,7600.0,7651.0,Call VEX 4,VEX,2267723.711,,9292.435427401242
2026-10-07 07:31:49,7650.0,7701.5,Put GEX 3,GEX,-352203.918,,9292.435427401242
2026-10-07 07:31:49,7700.0,7751.75,Call CEX 2,CEX,1259926.785,,9292.435427401242
2026-10-07 07:31:49,7700.0,7751.75,Call DEX 2,DEX,328.227,,9292.435427401242
2026-10-07 07:31:49,7700.0,7751.75,Call VEX 2,VEX,2638751.116,,9292.435427401242
2026-10-07 07:31:49,7725.0,7777.0,Call CEX 3,CEX,1233499.381,,9292.435427401242
2026-10-07 07:31:49,7740.0,7792.0,Call CEX 5,CEX,955556.782,,9292.435427401242
2026-10-07 07:31:49,7750.0,7802.0,Call CEX 1,CEX,2671319.875,,9292.435427401242
2026-10-07 07:31:49,7795.0,7847.25,Put CEX 5,CEX,-1410564.166,,9292.435427401242
2026-10-07 07:31:49,7800.0,7852.5,Put CEX 2,CEX,-2390403.991,,9292.435427401242
2026-10-07 07:31:49,7800.0,7852.5,Call DEX 4,DEX,199.877,,9292.435427401242
2026-10-07 07:31:49,7800.0,7852.5,Call GEX 3,GEX,765504.031,,9292.435427401242
2026-10-07 07:31:49,7825.0,7877.5,Put CEX 4,CEX,-1870534.766,,9292.435427401242
2026-10-07 07:31:49,7850.0,7902.75,Put CEX 3,CEX,-2162118.944,,9292.435427401242
2026-10-07 07:31:49,7850.0,7902.75,Call GEX 4,GEX,721539.713,,9292.435427401242
2026-10-07 07:31:49,7900.0,7953.0,Call GEX 1,GEX,875497.802,,9292.435427401242
2026-10-07 07:31:49,8000.0,8053.75,Put CEX 1,CEX,-4996791.772,,9292.435427401242
2026-10-07 07:31:49,8000.0,8053.75,Put DEX 1,DEX,-1875.746,,9292.435427401242
2026-10-07 07:31:49,8000.0,8053.75,Call GEX 2,GEX,816153.061,,9292.435427401242
2026-10-07 07:31:49,8000.0,8053.75,Put VEX 1,VEX,-12452091.901,,9292.435427401242
2026-10-07 07:31:49,8050.0,8104.0,Call DEX 3,DEX,230.025,,9292.435427401242
2026-10-07 07:31:49,8050.0,8104.0,Call GEX 5,GEX,688854.659,,9292.435427401242
2026-10-07 07:31:49,8050.0,8104.0,Put VEX 3,VEX,-1478591.251,,9292.435427401242
2026-10-07 07:31:49,8100.0,8154.5,Put VEX 2,VEX,-1720984.404,,9292.435427401242
2026-10-07 07:31:49,8150.0,8204.75,Put VEX 5,VEX,-1075297.98,,9292.435427401242
2026-10-07 07:31:49,8200.0,8255.0,Put VEX 4,VEX,-1162655.002,,9292.435427401242
2026-10-07 07:31:49,9000.0,9060.5,Put DEX 2,DEX,-57.121,,9292.435427401242
2026-10-07 07:31:49,10000.0,10067.25,Put DEX 4,DEX,-39.898,,9292.435427401242
2026-10-07 07:32:37,6400.0,6442.75,Put DEX 5,DEX,-39.065,,9292.241524060057
2026-10-07 07:32:37,6500.0,6543.5,Put DEX 3,DEX,-42.076,,9292.241524060057
2026-10-07 07:32:37,7000.0,7046.75,Call CEX 4,CEX,1115094.337,,9292.241524060057
2026-10-07 07:32:37,7000.0,7046.75,Call DEX 1,DEX,429.161,,9292.241524060057
2026-10-07 07:32:37,7000.0,7046.75,Put GEX 1,GEX,-815584.672,,9292.241524060057
2026-10-07 07:32:37,7000.0,7046.75,Call VEX 1,VEX,9191168.189,,9292.241524060057
2026-10-07 07:32:37,7400.0,7449.5,Put GEX 5,GEX,-202265.99,,9292.241524060057
2026-10-07 07:32:37,7400.0,7449.5,Call VEX 5,VEX,1804172.795,,9292.241524060057
2026-10-07 07:32:37,7500.0,7550.25,Put GEX 2,GEX,-378414.655,,9292.241524060057
2026-10-07 07:32:37,7500.0,7550.25,Call VEX 3,VEX,2505546.784,,9292.241524060057
2026-10-07 07:32:37,7600.0,7650.75,Put GEX 4,GEX,-297667.081,,9292.241524060057
2026-10-07 07:32:37,7600.0,7650.75,Call VEX 4,VEX,2274249.572,,9292.241524060057
2026-10-07 07:32:37,7650.0,7701.25,Put GEX 3,GEX,-347147.103,,9292.241524060057
2026-10-07 07:32:37,7700.0,7751.5,Call CEX 2,CEX,1243814.785,,9292.241524060057
2026-10-07 07:32:37,7700.0,7751.5,Call DEX 2,DEX,335.807,,9292.241524060057
2026-10-07 07:32:37,7700.0,7751.5,Call VEX 2,VEX,2680051.096,,9292.241524060057
2026-10-07 07:32:37,7725.0,7776.75,Call CEX 3,CEX,1169334.542,,9292.241524060057
2026-10-07 07:32:37,7740.0,7791.75,Call CEX 5,CEX,956221.379,,9292.241524060057
2026-10-07 07:32:37,7750.0,7801.75,Call CEX 1,CEX,2818670.439,,9292.241524060057
2026-10-07 07:32:37,7795.0,7847.25,Put CEX 5,CEX,-1351017.474,,9292.241524060057
2026-10-07 07:32:37,7800.0,7852.25,Put CEX 2,CEX,-2334163.115,,9292.241524060057
2026-10-07 07:32:37,7800.0,7852.25,Call DEX 4,DEX,208.599,,9292.241524060057
2026-10-07 07:32:37,7800.0,7852.25,Call GEX 3,GEX,778514.581,,9292.241524060057
2026-10-07 07:32:37,7825.0,7877.25,Put CEX 4,CEX,-1970627.938,,9292.241524060057
2026-10-07 07:32:37,7850.0,7902.5,Put CEX 3,CEX,-2207372.763,,9292.241524060057
2026-10-07 07:32:37,7850.0,7902.5,Call GEX 4,GEX,735683.815,,9292.241524060057
2026-10-07 07:32:37,7900.0,7952.75,Call DEX 5,DEX,187.541,,9292.241524060057
2026-10-07 07:32:37,7900.0,7952.75,Call GEX 1,GEX,889773.019,,9292.241524060057
2026-10-07 07:32:37,8000.0,8053.5,Put CEX 1,CEX,-5044718.294,,9292.241524060057
2026-10-07 07:32:37,8000.0,8053.5,Put DEX 1,DEX,-1852.358,,9292.241524060057
2026-10-07 07:32:37,8000.0,8053.5,Call GEX 2,GEX,825828.455,,9292.241524060057
2026-10-07 07:32:37,8000.0,8053.5,Put VEX 1,VEX,-12417966.746,,9292.241524060057
2026-10-07 07:32:37,8050.0,8103.75,Call DEX 3,DEX,231.913,,9292.241524060057
2026-10-07 07:32:37,8050.0,8103.75,Call GEX 5,GEX,694787.811,,9292.241524060057
2026-10-07 07:32:37,8050.0,8103.75,Put VEX 3,VEX,-1474958.625,,9292.241524060057
2026-10-07 07:32:37,8100.0,8154.25,Put VEX 2,VEX,-1714394.596,,9292.241524060057
2026-10-07 07:32:37,8150.0,8204.5,Put VEX 5,VEX,-1072080.458,,9292.241524060057
2026-10-07 07:32:37,8200.0,8254.75,Put VEX 4,VEX,-1162133.006,,9292.241524060057
2026-10-07 07:32:37,9000.0,9060.25,Put DEX 2,DEX,-57.042,,9292.241524060057
2026-10-07 07:32:37,10000.0,10067.0,Put DEX 4,DEX,-39.871,,9292.241524060057
2026-10-07 07:33:25,6000.0,6040.5,Put DEX 3,DEX,-44.622,,9292.202555317284
2026-10-07 07:33:25,6500.0,6543.75,Put DEX 4,DEX,-41.975,,9292.202555317284
2026-10-07 07:33:25,7000.0,7047.25,Call CEX 4,CEX,1106361.087,,9292.202555317284
2026-10-07 07:33:25,7000.0,7047.25,Call DEX 1,DEX,431.053,,9292.202555317284
2026-10-07 07:33:25,7000.0,7047.25,Put GEX 1,GEX,-814842.76,,9292.202555317284
2026-10-07 07:33:25,7000.0,7047.25,Call VEX 1,VEX,9168119.366,,9292.202555317284
2026-10-07 07:33:25,7400.0,7449.75,Put GEX 5,GEX,-202030.735,,9292.202555317284
2026-10-07 07:33:25,7400.0,7449.75,Call VEX 5,VEX,1804416.195,,9292.202555317284
2026-10-07 07:33:25,7500.0,7550.5,Put GEX 2,GEX,-374276.551,,9292.202555317284
2026-10-07 07:33:25,7500.0,7550.5,Call VEX 3,VEX,2515262.012,,9292.202555317284
2026-10-07 07:33:25,7600.0,7651.25,Call DEX 5,DEX,190.771,,9292.202555317284
2026-10-07 07:33:25,7600.0,7651.25,Put GEX 4,GEX,-294158.822,,9292.202555317284
2026-10-07 07:33:25,7600.0,7651.25,Call VEX 4,VEX,2280670.121,,9292.202555317284
2026-10-07 07:33:25,7650.0,7701.5,Put GEX 3,GEX,-344755.402,,9292.202555317284
2026-10-07 07:33:25,7700.0,7751.75,Call CEX 2,CEX,1355739.89,,9292.202555317284
2026-10-07 07:33:25,7700.0,7751.75,Call DEX 2,DEX,342.191,,9292.202555317284
2026-10-07 07:33:25,7700.0,7751.75,Call VEX 2,VEX,2693676.893,,9292.202555317284
2026-10-07 07:33:25,7720.0,7772.0,Call CEX 5,CEX,991976.916,,9292.202555317284
2026-10-07 07:33:25,7725.0,7777.0,Call CEX 3,CEX,1275675.374,,9292.202555317284
2026-10-07 07:33:25,7750.0,7802.25,Call CEX 1,CEX,2840028.404,,9292.202555317284
2026-10-07 07:33:25,7795.0,7847.5,Put CEX 5,CEX,-1357360.473,,9292.202555317284
2026-10-07 07:33:25,7800.0,7852.5,Put CEX 2,CEX,-2339407.627,,9292.202555317284
2026-10-07 07:33:25,7800.0,7852.5,Call DEX 4,DEX,209.715,,9292.202555317284
2026-10-07 07:33:25,7800.0,7852.5,Call GEX 3,GEX,759613.237,,9292.202555317284
2026-10-07 07:33:25,7825.0,7877.75,Put CEX 4,CEX,-1785078.698,,9292.202555317284
2026-10-07 07:33:25,7850.0,7903.0,Put CEX 3,CEX,-2059233.732,,9292.202555317284
2026-10-07 07:33:25,7850.0,7903.0,Call GEX 4,GEX,746898.72,,9292.202555317284
2026-10-07 07:33:25,7900.0,7953.25,Call GEX 1,GEX,895199.098,,9292.202555317284
2026-10-07 07:33:25,8000.0,8054.0,Put CEX 1,CEX,-5003477.801,,9292.202555317284
2026-10-07 07:33:25,8000.0,8054.0,Put DEX 1,DEX,-1859.336,,9292.202555317284
2026-10-07 07:33:25,8000.0,8054.0,Call GEX 2,GEX,866158.887,,9292.202555317284
2026-10-07 07:33:25,8000.0,8054.0,Put VEX 1,VEX,-12343806.207,,9292.202555317284
2026-10-07 07:33:25,8050.0,8104.25,Call DEX 3,DEX,232.28,,9292.202555317284
2026-10-07 07:33:25,8050.0,8104.25,Call GEX 5,GEX,695880.222,,9292.202555317284
2026-10-07 07:33:25,8050.0,8104.25,Put VEX 3,VEX,-1474750.172,,9292.202555317284
2026-10-07 07:33:25,8100.0,8154.5,Put VEX 2,VEX,-1713918.394,,9292.202555317284
2026-10-07 07:33:25,8150.0,8205.0,Put VEX 5,VEX,-1072149.696,,9292.202555317284
2026-10-07 07:33:25,8200.0,8255.25,Put VEX 4,VEX,-1162140.507,,9292.202555317284
2026-10-07 07:33:25,9000.0,9060.5,Put DEX 2,DEX,-57.028,,9292.202555317284
2026-10-07 07:33:25,10000.0,10067.25,Put DEX 5,DEX,-39.864,,9292.202555317284
2026-10-07 07:34:14,6400.0,6443.0,Put DEX 5,DEX,-39.143,,9290.872250533885
2026-10-07 07:34:14,6500.0,6543.5,Put DEX 3,DEX,-42.198,,9290.872250533885
2026-10-07 07:34:14,7000.0,7047.0,Call CEX 4,CEX,1111349.904,,9290.872250533885
2026-10-07 07:34:14,7000.0,7047.0,Call DEX 1,DEX,431.648,,9290.872250533885
2026-10-07 07:34:14,7000.0,7047.0,Put GEX 1,GEX,-822335.836,,9290.872250533885
2026-10-07 07:34:14,7000.0,7047.0,Call VEX 1,VEX,9127000.036,,9290.872250533885
2026-10-07 07:34:14,7400.0,7449.75,Put GEX 5,GEX,-202888.686,,9290.872250533885
2026-10-07 07:34:14,7400.0,7449.75,Call VEX 5,VEX,1803664.1,,9290.872250533885
2026-10-07 07:34:14,7500.0,7550.25,Put GEX 2,GEX,-378535.169,,9290.872250533885
2026-10-07 07:34:14,7500.0,7550.25,Call VEX 3,VEX,2506624.193,,9290.872250533885
2026-10-07 07:34:14,7600.0,7651.0,Call DEX 5,DEX,188.893,,9290.872250533885
2026-10-07 07:34:14,7600.0,7651.0,Put GEX 4,GEX,-296424.104,,9290.872250533885
2026-10-07 07:34:14,7600.0,7651.0,Call VEX 4,VEX,2273990.513,,9290.872250533885
2026-10-07 07:34:14,7650.0,7701.25,Put GEX 3,GEX,-346318.072,,9290.872250533885
2026-10-07 07:34:14,7700.0,7751.75,Call CEX 2,CEX,1244563.336,,9290.872250533885
2026-10-07 07:34:14,7700.0,7751.75,Call DEX 2,DEX,333.834,,9290.872250533885
2026-10-07 07:34:14,7700.0,7751.75,Call VEX 2,VEX,2669940.516,,9290.872250533885
2026-10-07 07:34:14,7725.0,7776.75,Call CEX 3,CEX,1183594.676,,9290.872250533885
2026-10-07 07:34:14,7740.0,7792.0,Call CEX 5,CEX,960621.866,,9290.872250533885
2026-10-07 07:34:14,7750.0,7802.0,Call CEX 1,CEX,2785400.048,,9290.872250533885
2026-10-07 07:34:14,7795.0,7847.25,Put CEX 5,CEX,-1380416.421,,9290.872250533885
2026-10-07 07:34:14,7800.0,7852.25,Put CEX 2,CEX,-2362502.636,,9290.872250533885
2026-10-07 07:34:14,7800.0,7852.25,Call DEX 4,DEX,205.524,,9290.872250533885
2026-10-07 07:34:14,7800.0,7852.25,Call GEX 3,GEX,779352.373,,9290.872250533885
2026-10-07 07:34:14,7825.0,7877.5,Put CEX 4,CEX,-1945454.844,,9290.872250533885
2026-10-07 07:34:14,7850.0,7902.75,Put CEX 3,CEX,-2150342.476,,9290.872250533885
2026-10-07 07:34:14,7850.0,7902.75,Call GEX 4,GEX,728614.098,,9290.872250533885
2026-10-07 07:34:14,7900.0,7953.0,Call GEX 1,GEX,886660.671,,9290.872250533885
2026-10-07 07:34:14,8000.0,8053.75,Put CEX 1,CEX,-5033389.439,,9290.872250533885
2026-10-07 07:34:14,8000.0,8053.75,Put DEX 1,DEX,-1859.903,,9290.872250533885
2026-10-07 07:34:14,8000.0,8053.75,Call GEX 2,GEX,851343.036,,9290.872250533885
2026-10-07 07:34:14,8000.0,8053.75,Put VEX 1,VEX,-12438952.395,,9290.872250533885
2026-10-07 07:34:14,8050.0,8104.0,Call DEX 3,DEX,230.512,,9290.872250533885
2026-10-07 07:34:14,8050.0,8104.0,Call GEX 5,GEX,694576.897,,9290.872250533885
2026-10-07 07:34:14,8050.0,8104.0,Put VEX 3,VEX,-1479579.793,,9290.872250533885
2026-10-07 07:34:14,8100.0,8154.25,Put VEX 2,VEX,-1718281.78,,9290.872250533885
2026-10-07 07:34:14,8150.0,8204.75,Put VEX 5,VEX,-1074835.1,,9290.872250533885
2026-10-07 07:34:14,8200.0,8255.0,Put VEX 4,VEX,-1162854.162,,9290.872250533885
2026-10-07 07:34:14,9000.0,9060.5,Put DEX 2,DEX,-56.855,,9290.872250533885
2026-10-07 07:34:14,10000.0,10067.0,Put DEX 4,DEX,-39.792,,9290.872250533885
2026-10-07 07:35:03,6400.0,6443.75,Put DEX 5,DEX,-39.157,,9291.45194052186
2026-10-07 07:35:03,6500.0,6544.5,Put DEX 3,DEX,-42.284,,9291.45194052186
2026-10-07 07:35:03,7000.0,7047.75,Call CEX 4,CEX,1112443.495,,9291.45194052186
2026-10-07 07:35:03,7000.0,7047.75,Call DEX 1,DEX,428.588,,9291.45194052186
2026-10-07 07:35:03,7000.0,7047.75,Put GEX 1,GEX,-818054.664,,9291.45194052186
2026-10-07 07:35:03,7000.0,7047.75,Call VEX 1,VEX,9171045.965,,9291.45194052186
2026-10-07 07:35:03,7400.0,7450.5,Put GEX 5,GEX,-203022.755,,9291.45194052186
2026-10-07 07:35:03,7400.0,7450.5,Call VEX 5,VEX,1804213.419,,9291.45194052186
2026-10-07 07:35:03,7500.0,7551.25,Put GEX 2,GEX,-376747.002,,9291.45194052186
2026-10-07 07:35:03,7500.0,7551.25,Call VEX 3,VEX,2513380.622,,9291.45194052186
2026-10-07 07:35:03,7600.0,7652.0,Call DEX 5,DEX,188.392,,9291.45194052186
2026-10-07 07:35:03,7600.0,7652.0,Put GEX 4,GEX,-295580.849,,9291.45194052186
2026-10-07 07:35:03,7600.0,7652.0,Call VEX 4,VEX,2274694.655,,9291.45194052186
2026-10-07 07:35:03,7650.0,7702.25,Put GEX 3,GEX,-347982.324,,9291.45194052186
2026-10-07 07:35:03,7700.0,7752.5,Call CEX 2,CEX,1360341.704,,9291.45194052186
2026-10-07 07:35:03,7700.0,7752.5,Call DEX 2,DEX,336.434,,9291.45194052186
2026-10-07 07:35:03,7700.0,7752.5,Call VEX 2,VEX,2662273.041,,9291.45194052186
2026-10-07 07:35:03,7720.0,7772.75,Call CEX 5,CEX,1006659.635,,9291.45194052186
2026-10-07 07:35:03,7725.0,7777.75,Call CEX 3,CEX,1289478.789,,9291.45194052186
2026-10-07 07:35:03,7750.0,7803.0,Call CEX 1,CEX,2745777.766,,9291.45194052186
2026-10-07 07:35:03,7795.0,7848.25,Put CEX 5,CEX,-1408307.635,,9291.45194052186
2026-10-07 07:35:03,7800.0,7853.25,Put CEX 2,CEX,-2391456.988,,9291.45194052186
2026-10-07 07:35:03,7800.0,7853.25,Call DEX 4,DEX,202.854,,9291.45194052186
2026-10-07 07:35:03,7800.0,7853.25,Call GEX 3,GEX,761134.533,,9291.45194052186
2026-10-07 07:35:03,7825.0,7878.5,Put CEX 4,CEX,-1754754.241,,9291.45194052186
2026-10-07 07:35:03,7850.0,7903.5,Put CEX 3,CEX,-2065225.304,,9291.45194052186
2026-10-07 07:35:03,7850.0,7903.5,Call GEX 4,GEX,735003.011,,9291.45194052186
2026-10-07 07:35:03,7900.0,7954.0,Call GEX 1,GEX,884243.507,,9291.45194052186
2026-10-07 07:35:03,8000.0,8054.5,Put CEX 1,CEX,-4937350.462,,9291.45194052186
2026-10-07 07:35:03,8000.0,8054.5,Put DEX 1,DEX,-1875.399,,9291.45194052186
2026-10-07 07:35:03,8000.0,8054.5,Call GEX 2,GEX,865938.075,,9291.45194052186
2026-10-07 07:35:03,8000.0,8054.5,Put VEX 1,VEX,-12378817.976,,9291.45194052186
2026-10-07 07:35:03,8050.0,8105.0,Call DEX 3,DEX,230.389,,9291.45194052186
2026-10-07 07:35:03,8050.0,8105.0,Call GEX 5,GEX,691787.412,,9291.45194052186
2026-10-07 07:35:03,8050.0,8105.0,Put VEX 3,VEX,-1478416.055,,9291.45194052186
2026-10-07 07:35:03,8100.0,8155.25,Put VEX 2,VEX,-1719756.955,,9291.45194052186
2026-10-07 07:35:03,8150.0,8205.75,Put VEX 5,VEX,-1074886.074,,9291.45194052186
2026-10-07 07:35:03,8200.0,8256.0,Put VEX 4,VEX,-1162796.655,,9291.45194052186
2026-10-07 07:35:03,9000.0,9061.5,Put DEX 2,DEX,-56.972,,9291.45194052186
2026-10-07 07:35:03,10000.0,10068.25,Put DEX 4,DEX,-39.812,,9291.45194052186
2026-10-07 07:35:52,6400.0,6443.0,Put DEX 5,DEX,-39.166,,9292.006976150102
2026-10-07 07:35:52,6500.0,6543.75,Put DEX 3,DEX,-42.315,,9292.006976150102
2026-10-07 07:35:52,7000.0,7047.0,Call CEX 4,CEX,1112885.786,,9292.006976150102
2026-10-07 07:35:52,7000.0,7047.0,Call DEX 1,DEX,427.923,,9292.006976150102
2026-10-07 07:35:52,7000.0,7047.0,Put GEX 1,GEX,-817391.734,,9292.006976150102
2026-10-07 07:35:52,7000.0,7047.0,Call VEX 1,VEX,9182177.968,,9292.006976150102
2026-10-07 07:35:52,7400.0,7449.75,Put GEX 5,GEX,-203389.986,,9292.006976150102
2026-10-07 07:35:52,7400.0,7449.75,Call VEX 5,VEX,1805499.695,,9292.006976150102
2026-10-07 07:35:52,7500.0,7550.25,Put GEX 2,GEX,-377625.718,,9292.006976150102
2026-10-07 07:35:52,7500.0,7550.25,Call VEX 3,VEX,2511507.729,,9292.006976150102
2026-10-07 07:35:52,7600.0,7651.0,Call DEX 5,DEX,186.953,,9292.006976150102
2026-10-07 07:35:52,7600.0,7651.0,Put GEX 4,GEX,-298253.831,,9292.006976150102
2026-10-07 07:35:52,7600.0,7651.0,Call VEX 4,VEX,2270850.564,,9292.006976150102
2026-10-07 07:35:52,7650.0,7701.25,Put GEX 3,GEX,-349807.983,,9292.006976150102
2026-10-07 07:35:52,7700.0,7751.75,Call CEX 2,CEX,1314892.547,,9292.006976150102
2026-10-07 07:35:52,7700.0,7751.75,Call DEX 2,DEX,335.109,,9292.006976150102
2026-10-07 07:35:52,7700.0,7751.75,Call VEX 2,VEX,2651049.991,,9292.006976150102
2026-10-07 07:35:52,7720.0,7771.75,Call CEX 5,CEX,988037.235,,9292.006976150102
2026-10-07 07:35:52,7725.0,7776.75,Call CEX 3,CEX,1277938.517,,9292.006976150102
2026-10-07 07:35:52,7750.0,7802.0,Call CEX 1,CEX,2739284.029,,9292.006976150102
2026-10-07 07:35:52,7795.0,7847.25,Put CEX 5,CEX,-1420562.454,,9292.006976150102
2026-10-07 07:35:52,7800.0,7852.5,Put CEX 2,CEX,-2401428.472,,9292.006976150102
2026-10-07 07:35:52,7800.0,7852.5,Call DEX 4,DEX,201.521,,9292.006976150102
2026-10-07 07:35:52,7800.0,7852.5,Call GEX 3,GEX,763715.281,,9292.006976150102
2026-10-07 07:35:52,7825.0,7877.5,Put CEX 4,CEX,-1829998.827,,9292.006976150102
2026-10-07 07:35:52,7850.0,7902.75,Put CEX 3,CEX,-2004692.962,,9292.006976150102
2026-10-07 07:35:52,7850.0,7902.75,Call GEX 4,GEX,721068.755,,9292.006976150102
2026-10-07 07:35:52,7900.0,7953.0,Call GEX 1,GEX,879140.857,,9292.006976150102
2026-10-07 07:35:52,8000.0,8053.75,Put CEX 1,CEX,-4948888.229,,9292.006976150102
2026-10-07 07:35:52,8000.0,8053.75,Put DEX 1,DEX,-1875.085,,9292.006976150102
2026-10-07 07:35:52,8000.0,8053.75,Call GEX 2,GEX,837824.643,,9292.006976150102
2026-10-07 07:35:52,8000.0,8053.75,Put VEX 1,VEX,-12409829.886,,9292.006976150102
2026-10-07 07:35:52,8050.0,8104.0,Call DEX 3,DEX,230.142,,9292.006976150102
2026-10-07 07:35:52,8050.0,8104.0,Call GEX 5,GEX,690669.971,,9292.006976150102
2026-10-07 07:35:52,8050.0,8104.0,Put VEX 3,VEX,-1478580.219,,9292.006976150102
2026-10-07 07:35:52,8100.0,8154.5,Put VEX 2,VEX,-1720119.749,,9292.006976150102
2026-10-07 07:35:52,8150.0,8204.75,Put VEX 5,VEX,-1074897.512,,9292.006976150102
2026-10-07 07:35:52,8200.0,8255.0,Put VEX 4,VEX,-1162747.474,,9292.006976150102
2026-10-07 07:35:52,9000.0,9060.5,Put DEX 2,DEX,-57.102,,9292.006976150102
2026-10-07 07:35:52,10000.0,10067.25,Put DEX 4,DEX,-39.869,,9292.006976150102
2026-10-07 07:36:39,6400.0,6443.25,Put DEX 5,DEX,-39.085,,9292.147175300726
2026-10-07 07:36:39,6500.0,6544.0,Put DEX 3,DEX,-42.215,,9292.147175300726
2026-10-07 07:36:39,7000.0,7047.5,Call CEX 4,CEX,1111200.916,,9292.147175300726
2026-10-07 07:36:39,7000.0,7047.5,Call DEX 1,DEX,428.281,,9292.147175300726
2026-10-07 07:36:39,7000.0,7047.5,Put GEX 1,GEX,-814245.06,,9292.147175300726
2026-10-07 07:36:39,7000.0,7047.5,Call VEX 1,VEX,9193672.854,,9292.147175300726
2026-10-07 07:36:39,7400.0,7450.0,Put GEX 5,GEX,-202578.535,,9292.147175300726
2026-10-07 07:36:39,7400.0,7450.0,Call VEX 5,VEX,1804019.301,,9292.147175300726
2026-10-07 07:36:39,7500.0,7550.75,Put GEX 2,GEX,-375351.199,,9292.147175300726
2026-10-07 07:36:39,7500.0,7550.75,Call VEX 3,VEX,2515429.441,,9292.147175300726
2026-10-07 07:36:39,7600.0,7651.5,Call DEX 5,DEX,188.229,,9292.147175300726
2026-10-07 07:36:39,7600.0,7651.5,Put GEX 4,GEX,-296895.409,,9292.147175300726
2026-10-07 07:36:39,7600.0,7651.5,Call VEX 4,VEX,2274095.775,,9292.147175300726
2026-10-07 07:36:39,7650.0,7701.75,Put GEX 3,GEX,-348023.975,,9292.147175300726
2026-10-07 07:36:39,7700.0,7752.25,Call CEX 2,CEX,1276832.058,,9292.147175300726
2026-10-07 07:36:39,7700.0,7752.25,Call DEX 2,DEX,338.484,,9292.147175300726
2026-10-07 07:36:39,7700.0,7752.25,Call VEX 2,VEX,2667187.917,,9292.147175300726
2026-10-07 07:36:39,7725.0,7777.25,Call CEX 3,CEX,1236829.692,,9292.147175300726
2026-10-07 07:36:39,7740.0,7792.5,Call CEX 5,CEX,967119.184,,9292.147175300726
2026-10-07 07:36:39,7750.0,7802.5,Call CEX 1,CEX,2811753.349,,9292.147175300726
2026-10-07 07:36:39,7795.0,7847.75,Put CEX 5,CEX,-1398698.723,,9292.147175300726
2026-10-07 07:36:39,7800.0,7852.75,Put CEX 2,CEX,-2382264.495,,9292.147175300726
2026-10-07 07:36:39,7800.0,7852.75,Call DEX 4,DEX,205.174,,9292.147175300726
2026-10-07 07:36:39,7800.0,7852.75,Call GEX 3,GEX,768970.907,,9292.147175300726
2026-10-07 07:36:39,7825.0,7878.0,Put CEX 4,CEX,-1873828.402,,9292.147175300726
2026-10-07 07:36:39,7850.0,7903.25,Put CEX 3,CEX,-2160075.577,,9292.147175300726
2026-10-07 07:36:39,7850.0,7903.25,Call GEX 4,GEX,733223.335,,9292.147175300726
2026-10-07 07:36:39,7900.0,7953.5,Call GEX 1,GEX,884376.29,,9292.147175300726
2026-10-07 07:36:39,8000.0,8054.25,Put CEX 1,CEX,-4968787.959,,9292.147175300726
2026-10-07 07:36:39,8000.0,8054.25,Put DEX 1,DEX,-1866.706,,9292.147175300726
2026-10-07 07:36:39,8000.0,8054.25,Call GEX 2,GEX,846425.714,,9292.147175300726
2026-10-07 07:36:39,8000.0,8054.25,Put VEX 1,VEX,-12394282.238,,9292.147175300726
2026-10-07 07:36:39,8050.0,8104.5,Call DEX 3,DEX,231.059,,9292.147175300726
2026-10-07 07:36:39,8050.0,8104.5,Call GEX 5,GEX,692527.583,,9292.147175300726
2026-10-07 07:36:39,8050.0,8104.5,Put VEX 3,VEX,-1476014.047,,9292.147175300726
2026-10-07 07:36:39,8100.0,8154.75,Put VEX 2,VEX,-1717648.74,,9292.147175300726
2026-10-07 07:36:39,8150.0,8205.25,Put VEX 5,VEX,-1073775.25,,9292.147175300726
2026-10-07 07:36:39,8200.0,8255.5,Put VEX 4,VEX,-1162232.463,,9292.147175300726
2026-10-07 07:36:39,9000.0,9061.0,Put DEX 2,DEX,-57.055,,9292.147175300726
2026-10-07 07:36:39,10000.0,10067.75,Put DEX 4,DEX,-39.885,,9292.147175300726
2026-10-07 07:37:29,6400.0,6442.75,Put DEX 5,DEX,-39.1,,9291.612069745785
2026-10-07 07:37:29,6500.0,6543.5,Put DEX 3,DEX,-42.212,,9291.612069745785
2026-10-07 07:37:29,7000.0,7046.75,Call CEX 4,CEX,1111993.636,,9291.612069745785
2026-10-07 07:37:29,7000.0,7046.75,Call DEX 1,DEX,430.58,,9291.612069745785
2026-10-07 07:37:29,7000.0,7046.75,Put GEX 1,GEX,-819866.298,,9291.612069745785
2026-10-07 07:37:29,7000.0,7046.75,Call VEX 1,VEX,9150462.411,,9291.612069745785
2026-10-07 07:37:29,7400.0,7449.5,Put GEX 5,GEX,-202888.658,,9291.612069745785
2026-10-07 07:37:29,7400.0,7449.5,Call VEX 5,VEX,1804481.607,,9291.612069745785
2026-10-07 07:37:29,7500.0,7550.25,Put GEX 2,GEX,-379449.766,,9291.612069745785
2026-10-07 07:37:29,7500.0,7550.25,Call VEX 3,VEX,2505525.86,,9291.612069745785
2026-10-07 07:37:29,7600.0,7650.75,Call DEX 5,DEX,187.635,,9291.612069745785
2026-10-07 07:37:29,7600.0,7650.75,Put GEX 4,GEX,-295740.384,,9291.612069745785
2026-10-07 07:37:29,7600.0,7650.75,Call VEX 4,VEX,2275036.111,,9291.612069745785
2026-10-07 07:37:29,7650.0,7701.25,Put GEX 3,GEX,-347866.095,,9291.612069745785
2026-10-07 07:37:29,7700.0,7751.5,Call CEX 2,CEX,1222716.449,,9291.612069745785
2026-10-07 07:37:29,7700.0,7751.5,Call DEX 2,DEX,332.094,,9291.612069745785
2026-10-07 07:37:29,7700.0,7751.5,Call VEX 2,VEX,2658574.419,,9291.612069745785
2026-10-07 07:37:29,7725.0,7776.75,Call CEX 3,CEX,1210727.299,,9291.612069745785
2026-10-07 07:37:29,7740.0,7791.75,Call CEX 5,CEX,966503.424,,9291.612069745785
2026-10-07 07:37:29,7750.0,7801.75,Call CEX 1,CEX,2796007.73,,9291.612069745785
2026-10-07 07:37:29,7795.0,7847.0,Put CEX 5,CEX,-1417058.62,,9291.612069745785
2026-10-07 07:37:29,7800.0,7852.25,Put CEX 2,CEX,-2398135.266,,9291.612069745785
2026-10-07 07:37:29,7800.0,7852.25,Call DEX 4,DEX,203.154,,9291.612069745785
2026-10-07 07:37:29,7800.0,7852.25,Call GEX 3,GEX,773972.777,,9291.612069745785
2026-10-07 07:37:29,7825.0,7877.25,Put CEX 4,CEX,-1908764.031,,9291.612069745785
2026-10-07 07:37:29,7850.0,7902.5,Put CEX 3,CEX,-2062254.72,,9291.612069745785
2026-10-07 07:37:29,7850.0,7902.5,Call GEX 4,GEX,722641.75,,9291.612069745785
2026-10-07 07:37:29,7900.0,7952.75,Call GEX 1,GEX,883196.403,,9291.612069745785
2026-10-07 07:37:29,8000.0,8053.5,Put CEX 1,CEX,-4982237.614,,9291.612069745785
2026-10-07 07:37:29,8000.0,8053.5,Put DEX 1,DEX,-1867.505,,9291.612069745785
2026-10-07 07:37:29,8000.0,8053.5,Call GEX 2,GEX,849482.969,,9291.612069745785
2026-10-07 07:37:29,8000.0,8053.5,Put VEX 1,VEX,-12436231.328,,9291.612069745785
2026-10-07 07:37:29,8050.0,8103.75,Call DEX 3,DEX,230.331,,9291.612069745785
2026-10-07 07:37:29,8050.0,8103.75,Call GEX 5,GEX,692217.177,,9291.612069745785
2026-10-07 07:37:29,8050.0,8103.75,Put VEX 3,VEX,-1478503.449,,9291.612069745785
2026-10-07 07:37:29,8100.0,8154.25,Put VEX 2,VEX,-1718928.362,,9291.612069745785
2026-10-07 07:37:29,8150.0,8204.5,Put VEX 5,VEX,-1075530.89,,9291.612069745785
2026-10-07 07:37:29,8200.0,8254.75,Put VEX 4,VEX,-1162971.077,,9291.612069745785
2026-10-07 07:37:29,9000.0,9060.25,Put DEX 2,DEX,-56.976,,9291.612069745785
2026-10-07 07:37:29,10000.0,10066.75,Put DEX 4,DEX,-39.819,,9291.612069745785
2026-10-07 07:38:17,6400.0,6443.0,Put DEX 5,DEX,-39.163,,9291.680697653688
2026-10-07 07:38:17,6500.0,6543.5,Put DEX 3,DEX,-42.245,,9291.680697653688
2026-10-07 07:38:17,7000.0,7047.0,Call CEX 4,CEX,1115223.11,,9291.680697653688
2026-10-07 07:38:17,7000.0,7047.0,Call DEX 1,DEX,427.924,,9291.680697653688
2026-10-07 07:38:17,7000.0,7047.0,Put GEX 1,GEX,-818052.524,,9291.680697653688
2026-10-07 07:38:17,7000.0,7047.0,Call VEX 1,VEX,9178532.188,,9291.680697653688
2026-10-07 07:38:17,7400.0,7449.5,Put GEX 5,GEX,-202979.717,,9291.680697653688
2026-10-07 07:38:17,7400.0,7449.5,Call VEX 5,VEX,1804527.675,,9291.680697653688
2026-10-07 07:38:17,7500.0,7550.25,Put GEX 2,GEX,-376841.264,,9291.680697653688
2026-10-07 07:38:17,7500.0,7550.25,Call VEX 3,VEX,2513947.982,,9291.680697653688
2026-10-07 07:38:17,7600.0,7651.0,Call DEX 5,DEX,187.195,,9291.680697653688
2026-10-07 07:38:17,7600.0,7651.0,Put GEX 4,GEX,-297672.648,,9291.680697653688
2026-10-07 07:38:17,7600.0,7651.0,Call VEX 4,VEX,2270489.434,,9291.680697653688
2026-10-07 07:38:17,7650.0,7701.25,Put GEX 3,GEX,-349478.099,,9291.680697653688
2026-10-07 07:38:17,7700.0,7751.5,Call CEX 2,CEX,1271217.81,,9291.680697653688
2026-10-07 07:38:17,7700.0,7751.5,Call DEX 2,DEX,335.547,,9291.680697653688
2026-10-07 07:38:17,7700.0,7751.5,Call VEX 2,VEX,2650143.759,,9291.680697653688
2026-10-07 07:38:17,7720.0,7771.75,Call CEX 5,CEX,971244.744,,9291.680697653688
2026-10-07 07:38:17,7725.0,7776.75,Call CEX 3,CEX,1257675.902,,9291.680697653688
2026-10-07 07:38:17,7750.0,7802.0,Call CEX 1,CEX,2765896.052,,9291.680697653688
2026-10-07 07:38:17,7795.0,7847.25,Put CEX 5,CEX,-1439579.614,,9291.680697653688
2026-10-07 07:38:17,7800.0,7852.25,Put CEX 2,CEX,-2417460.395,,9291.680697653688
2026-10-07 07:38:17,7800.0,7852.25,Call DEX 4,DEX,200.712,,9291.680697653688
2026-10-07 07:38:17,7800.0,7852.25,Call GEX 3,GEX,768385.727,,9291.680697653688
2026-10-07 07:38:17,7825.0,7877.5,Put CEX 4,CEX,-1834349.879,,9291.680697653688
2026-10-07 07:38:17,7850.0,7902.5,Put CEX 3,CEX,-2033604.268,,9291.680697653688
2026-10-07 07:38:17,7850.0,7902.5,Call GEX 4,GEX,719874.613,,9291.680697653688
2026-10-07 07:38:17,7900.0,7953.0,Call GEX 1,GEX,878917.422,,9291.680697653688
2026-10-07 07:38:17,8000.0,8053.75,Put CEX 1,CEX,-4958490.954,,9291.680697653688
2026-10-07 07:38:17,8000.0,8053.75,Put DEX 1,DEX,-1874.177,,9291.680697653688
2026-10-07 07:38:17,8000.0,8053.75,Call GEX 2,GEX,839197.626,,9291.680697653688
2026-10-07 07:38:17,8000.0,8053.75,Put VEX 1,VEX,-12428505.089,,9291.680697653688
2026-10-07 07:38:17,8050.0,8104.0,Call DEX 3,DEX,229.904,,9291.680697653688
2026-10-07 07:38:17,8050.0,8104.0,Call GEX 5,GEX,690922.461,,9291.680697653688
2026-10-07 07:38:17,8050.0,8104.0,Put VEX 3,VEX,-1480081.474,,9291.680697653688
2026-10-07 07:38:17,8100.0,8154.25,Put VEX 2,VEX,-1721046.197,,9291.680697653688
2026-10-07 07:38:17,8150.0,8204.75,Put VEX 5,VEX,-1075915.456,,9291.680697653688
2026-10-07 07:38:17,8200.0,8255.0,Put VEX 4,VEX,-1163115.995,,9291.680697653688
2026-10-07 07:38:17,9000.0,9060.25,Put DEX 2,DEX,-57.044,,9291.680697653688
2026-10-07 07:38:17,10000.0,10067.0,Put DEX 4,DEX,-39.828,,9291.680697653688
2026-10-07 07:39:06,6400.0,6443.0,Put DEX 5,DEX,-39.181,,9292.52291394066
2026-10-07 07:39:06,6500.0,6543.5,Put DEX 3,DEX,-42.287,,9292.52291394066
2026-10-07 07:39:06,7000.0,7047.0,Call CEX 4,CEX,1119293.521,,9292.52291394066
2026-10-07 07:39:06,7000.0,7047.0,Call DEX 1,DEX,426.86,,9292.52291394066
2026-10-07 07:39:06,7000.0,7047.0,Put GEX 1,GEX,-814082.643,,9292.52291394066
2026-10-07 07:39:06,7000.0,7047.0,Call VEX 1,VEX,9219231.312,,9292.52291394066
2026-10-07 07:39:06,7400.0,7449.75,Put GEX 5,GEX,-203190.126,,9292.52291394066
2026-10-07 07:39:06,7400.0,7449.75,Call VEX 5,VEX,1805742.69,,9292.52291394066
2026-10-07 07:39:06,7500.0,7550.25,Put GEX 2,GEX,-378502.251,,9292.52291394066
2026-10-07 07:39:06,7500.0,7550.25,Call VEX 3,VEX,2513444.961,,9292.52291394066
2026-10-07 07:39:06,7600.0,7651.0,Call DEX 5,DEX,185.991,,9292.52291394066
2026-10-07 07:39:06,7600.0,7651.0,Put GEX 4,GEX,-299547.94,,9292.52291394066
2026-10-07 07:39:06,7600.0,7651.0,Call VEX 4,VEX,2268310.762,,9292.52291394066
2026-10-07 07:39:06,7650.0,7701.25,Put GEX 3,GEX,-352409.49,,9292.52291394066
2026-10-07 07:39:06,7700.0,7751.75,Call CEX 2,CEX,1348899.827,,9292.52291394066
2026-10-07 07:39:06,7700.0,7751.75,Call DEX 2,DEX,332.233,,9292.52291394066
2026-10-07 07:39:06,7700.0,7751.75,Call VEX 2,VEX,2636092.128,,9292.52291394066
2026-10-07 07:39:06,7720.0,7771.75,Call CEX 5,CEX,1005530.328,,9292.52291394066
2026-10-07 07:39:06,7725.0,7776.75,Call CEX 3,CEX,1288420.027,,9292.52291394066
2026-10-07 07:39:06,7750.0,7802.0,Call CEX 1,CEX,2716281.552,,9292.52291394066
2026-10-07 07:39:06,7795.0,7847.25,Put CEX 5,CEX,-1459982.226,,9292.52291394066
2026-10-07 07:39:06,7800.0,7852.25,Put CEX 2,CEX,-2429733.272,,9292.52291394066
2026-10-07 07:39:06,7800.0,7852.25,Call DEX 4,DEX,197.885,,9292.52291394066
2026-10-07 07:39:06,7800.0,7852.25,Call GEX 3,GEX,756671.762,,9292.52291394066
2026-10-07 07:39:06,7825.0,7877.5,Put CEX 4,CEX,-1727413.388,,9292.52291394066
2026-10-07 07:39:06,7850.0,7902.75,Put CEX 3,CEX,-1957686.878,,9292.52291394066
2026-10-07 07:39:06,7850.0,7902.75,Call GEX 4,GEX,717227.405,,9292.52291394066
2026-10-07 07:39:06,7900.0,7953.0,Call GEX 1,GEX,873372.02,,9292.52291394066
2026-10-07 07:39:06,8000.0,8053.75,Put CEX 1,CEX,-4932360.789,,9292.52291394066
2026-10-07 07:39:06,8000.0,8053.75,Put DEX 1,DEX,-1883.961,,9292.52291394066
2026-10-07 07:39:06,8000.0,8053.75,Call GEX 2,GEX,834846.573,,9292.52291394066
2026-10-07 07:39:06,8000.0,8053.75,Put VEX 1,VEX,-12422720.024,,9292.52291394066
2026-10-07 07:39:06,8050.0,8104.0,Call DEX 3,DEX,229.779,,9292.52291394066
2026-10-07 07:39:06,8050.0,8104.0,Call GEX 5,GEX,688346.375,,9292.52291394066
2026-10-07 07:39:06,8050.0,8104.0,Put VEX 3,VEX,-1480460.057,,9292.52291394066
2026-10-07 07:39:06,8100.0,8154.25,Put VEX 2,VEX,-1721422.582,,9292.52291394066
2026-10-07 07:39:06,8150.0,8204.75,Put VEX 5,VEX,-1076095.501,,9292.52291394066
2026-10-07 07:39:06,8200.0,8255.0,Put VEX 4,VEX,-1163099.378,,9292.52291394066
2026-10-07 07:39:06,9000.0,9060.25,Put DEX 2,DEX,-57.142,,9292.52291394066
2026-10-07 07:39:06,10000.0,10067.0,Put DEX 4,DEX,-39.886,,9292.52291394066
2026-10-07 07:39:55,6400.0,6443.0,Put DEX 5,DEX,-38.891,,9291.604588982304
2026-10-07 07:39:55,6500.0,6543.5,Put DEX 3,DEX,-42.024,,9291.604588982304
2026-10-07 07:39:55,7000.0,7047.0,Call CEX 4,CEX,1113132.113,,9291.604588982304
2026-10-07 07:39:55,7000.0,7047.0,Call DEX 1,DEX,429.189,,9291.604588982304
2026-10-07 07:39:55,7000.0,7047.0,Put GEX 1,GEX,-816557.091,,9291.604588982304
2026-10-07 07:39:55,7000.0,7047.0,Call VEX 1,VEX,9175945.663,,9291.604588982304
2026-10-07 07:39:55,7400.0,7449.75,Put GEX 5,GEX,-202747.24,,9291.604588982304
2026-10-07 07:39:55,7400.0,7449.75,Call VEX 5,VEX,1803602.041,,9291.604588982304
2026-10-07 07:39:55,7500.0,7550.25,Put GEX 2,GEX,-376316.09,,9291.604588982304
2026-10-07 07:39:55,7500.0,7550.25,Call VEX 3,VEX,2513708.682,,9291.604588982304
2026-10-07 07:39:55,7600.0,7651.0,Call DEX 5,DEX,187.709,,9291.604588982304
2026-10-07 07:39:55,7600.0,7651.0,Put GEX 4,GEX,-297104.336,,9291.604588982304
2026-10-07 07:39:55,7600.0,7651.0,Call VEX 4,VEX,2273054.452,,9291.604588982304
2026-10-07 07:39:55,7650.0,7701.25,Put GEX 3,GEX,-348986.426,,9291.604588982304
2026-10-07 07:39:55,7700.0,7751.75,Call CEX 2,CEX,1315191.125,,9291.604588982304
2026-10-07 07:39:55,7700.0,7751.75,Call DEX 2,DEX,336.55,,9291.604588982304
2026-10-07 07:39:55,7700.0,7751.75,Call VEX 2,VEX,2658875.225,,9291.604588982304
2026-10-07 07:39:55,7720.0,7771.75,Call CEX 5,CEX,983470.456,,9291.604588982304
2026-10-07 07:39:55,7725.0,7776.75,Call CEX 3,CEX,1266632.811,,9291.604588982304
2026-10-07 07:39:55,7750.0,7802.0,Call CEX 1,CEX,2809700.327,,9291.604588982304
2026-10-07 07:39:55,7795.0,7847.25,Put CEX 5,CEX,-1439569.544,,9291.604588982304
2026-10-07 07:39:55,7800.0,7852.25,Put CEX 2,CEX,-2413985.648,,9291.604588982304
2026-10-07 07:39:55,7800.0,7852.25,Call DEX 4,DEX,202.416,,9291.604588982304
2026-10-07 07:39:55,7800.0,7852.25,Call GEX 3,GEX,762919.101,,9291.604588982304
2026-10-07 07:39:55,7825.0,7877.5,Put CEX 4,CEX,-1801766.932,,9291.604588982304
2026-10-07 07:39:55,7850.0,7902.75,Put CEX 3,CEX,-1994762.392,,9291.604588982304
2026-10-07 07:39:55,7850.0,7902.75,Call GEX 4,GEX,725044.632,,9291.604588982304
2026-10-07 07:39:55,7900.0,7953.0,Call GEX 1,GEX,880973.562,,9291.604588982304
2026-10-07 07:39:55,8000.0,8053.75,Put CEX 1,CEX,-4967064.572,,9291.604588982304
2026-10-07 07:39:55,8000.0,8053.75,Put DEX 1,DEX,-1871.471,,9291.604588982304
2026-10-07 07:39:55,8000.0,8053.75,Call GEX 2,GEX,853484.648,,9291.604588982304
2026-10-07 07:39:55,8000.0,8053.75,Put VEX 1,VEX,-12420232.597,,9291.604588982304
2026-10-07 07:39:55,8050.0,8104.0,Call DEX 3,DEX,230.403,,9291.604588982304
2026-10-07 07:39:55,8050.0,8104.0,Call GEX 5,GEX,691839.181,,9291.604588982304
2026-10-07 07:39:55,8050.0,8104.0,Put VEX 3,VEX,-1479427.07,,9291.604588982304
2026-10-07 07:39:55,8100.0,8154.25,Put VEX 2,VEX,-1719758.47,,9291.604588982304
2026-10-07 07:39:55,8150.0,8204.75,Put VEX 5,VEX,-1075005.321,,9291.604588982304
2026-10-07 07:39:55,8200.0,8255.0,Put VEX 4,VEX,-1162833.167,,9291.604588982304
2026-10-07 07:39:55,9000.0,9060.25,Put DEX 2,DEX,-56.984,,9291.604588982304
2026-10-07 07:39:55,10000.0,10067.0,Put DEX 4,DEX,-39.834,,9291.604588982304
2026-10-07 07:40:43,6000.0,6040.5,Put DEX 3,DEX,-44.506,,9291.585322513833
2026-10-07 07:40:43,6500.0,6543.75,Put DEX 4,DEX,-41.913,,9291.585322513833
2026-10-07 07:40:43,7000.0,7047.25,Call CEX 4,CEX,1102898.504,,9291.585322513833
2026-10-07 07:40:43,7000.0,7047.25,Call DEX 1,DEX,432.615,,9291.585322513833
2026-10-07 07:40:43,7000.0,7047.25,Put GEX 1,GEX,-818179.098,,9291.585322513833
2026-10-07 07:40:43,7000.0,7047.25,Call VEX 1,VEX,9140901.775,,9291.585322513833
2026-10-07 07:40:43,7400.0,7450.0,Put GEX 5,GEX,-201673.502,,9291.585322513833
2026-10-07 07:40:43,7400.0,7450.0,Call VEX 5,VEX,1801944.341,,9291.585322513833
2026-10-07 07:40:43,7500.0,7550.5,Put GEX 2,GEX,-374264.687,,9291.585322513833
2026-10-07 07:40:43,7500.0,7550.5,Call VEX 3,VEX,2512846.597,,9291.585322513833
2026-10-07 07:40:43,7600.0,7651.25,Call DEX 5,DEX,189.833,,9291.585322513833
2026-10-07 07:40:43,7600.0,7651.25,Put GEX 4,GEX,-294984.86,,9291.585322513833
2026-10-07 07:40:43,7600.0,7651.25,Call VEX 4,VEX,2277983.441,,9291.585322513833
2026-10-07 07:40:43,7650.0,7701.5,Put GEX 3,GEX,-345800.738,,9291.585322513833
2026-10-07 07:40:43,7700.0,7752.0,Call CEX 2,CEX,1295232.92,,9291.585322513833
2026-10-07 07:40:43,7700.0,7752.0,Call DEX 2,DEX,341.269,,9291.585322513833
2026-10-07 07:40:43,7700.0,7752.0,Call VEX 2,VEX,2683777.488,,9291.585322513833
2026-10-07 07:40:43,7725.0,7777.0,Call CEX 3,CEX,1245805.031,,9291.585322513833
2026-10-07 07:40:43,7740.0,7792.25,Call CEX 5,CEX,969766.511,,9291.585322513833
2026-10-07 07:40:43,7750.0,7802.25,Call CEX 1,CEX,2901154.073,,9291.585322513833
2026-10-07 07:40:43,7795.0,7847.5,Put CEX 5,CEX,-1404704.832,,9291.585322513833
2026-10-07 07:40:43,7800.0,7852.5,Put CEX 2,CEX,-2385375.541,,9291.585322513833
2026-10-07 07:40:43,7800.0,7852.5,Call DEX 4,DEX,207.714,,9291.585322513833
2026-10-07 07:40:43,7800.0,7852.5,Call GEX 3,GEX,769073.003,,9291.585322513833
2026-10-07 07:40:43,7825.0,7877.75,Put CEX 4,CEX,-1864632.456,,9291.585322513833
2026-10-07 07:40:43,7850.0,7903.0,Put CEX 3,CEX,-2149374.055,,9291.585322513833
2026-10-07 07:40:43,7850.0,7903.0,Call GEX 4,GEX,740683.746,,9291.585322513833
2026-10-07 07:40:43,7900.0,7953.25,Call GEX 1,GEX,889025.995,,9291.585322513833
2026-10-07 07:40:43,8000.0,8054.0,Put CEX 1,CEX,-4994519.956,,9291.585322513833
2026-10-07 07:40:43,8000.0,8054.0,Put DEX 1,DEX,-1858.915,,9291.585322513833
2026-10-07 07:40:43,8000.0,8054.0,Call GEX 2,GEX,866753.667,,9291.585322513833
2026-10-07 07:40:43,8000.0,8054.0,Put VEX 1,VEX,-12398505.1,,9291.585322513833
2026-10-07 07:40:43,8050.0,8104.25,Call DEX 3,DEX,231.601,,9291.585322513833
2026-10-07 07:40:43,8050.0,8104.25,Call GEX 5,GEX,695684.803,,9291.585322513833
2026-10-07 07:40:43,8050.0,8104.25,Put VEX 3,VEX,-1477701.923,,9291.585322513833
2026-10-07 07:40:43,8100.0,8154.5,Put VEX 2,VEX,-1716477.04,,9291.585322513833
2026-10-07 07:40:43,8150.0,8205.0,Put VEX 5,VEX,-1073945.75,,9291.585322513833
2026-10-07 07:40:43,8200.0,8255.25,Put VEX 4,VEX,-1162688.473,,9291.585322513833
2026-10-07 07:40:43,9000.0,9060.75,Put DEX 2,DEX,-56.94,,9291.585322513833
2026-10-07 07:40:43,10000.0,10067.5,Put DEX 5,DEX,-39.826,,9291.585322513833
2026-10-07 07:41:33,6400.0,6443.0,Put DEX 5,DEX,-38.797,,9292.11988889383
2026-10-07 07:41:33,6500.0,6543.75,Put DEX 3,DEX,-41.983,,9292.11988889383
2026-10-07 07:41:33,7000.0,7047.0,Call CEX 4,CEX,1109948.821,,9292.11988889383
2026-10-07 07:41:33,7000.0,7047.0,Call DEX 1,DEX,430.504,,9292.11988889383
2026-10-07 07:41:33,7000.0,7047.0,Put GEX 1,GEX,-815059.977,,9292.11988889383
2026-10-07 07:41:33,7000.0,7047.0,Call VEX 1,VEX,9174514.654,,9292.11988889383
2026-10-07 07:41:33,7400.0,7449.75,Put GEX 5,GEX,-202155.861,,9292.11988889383
2026-10-07 07:41:33,7400.0,7449.75,Call VEX 5,VEX,1802970.954,,9292.11988889383
2026-10-07 07:41:33,7500.0,7550.5,Put GEX 2,GEX,-377135.475,,9292.11988889383
2026-10-07 07:41:33,7500.0,7550.5,Call VEX 3,VEX,2508426.883,,9292.11988889383
2026-10-07 07:41:33,7600.0,7651.0,Call DEX 5,DEX,188.683,,9292.11988889383
2026-10-07 07:41:33,7600.0,7651.0,Put GEX 4,GEX,-297810.268,,9292.11988889383
2026-10-07 07:41:33,7600.0,7651.0,Call VEX 4,VEX,2272944.428,,9292.11988889383
2026-10-07 07:41:33,7650.0,7701.5,Put GEX 3,GEX,-348218.268,,9292.11988889383
2026-10-07 07:41:33,7700.0,7751.75,Call CEX 2,CEX,1230738.268,,9292.11988889383
2026-10-07 07:41:33,7700.0,7751.75,Call DEX 2,DEX,334.286,,9292.11988889383
2026-10-07 07:41:33,7700.0,7751.75,Call VEX 2,VEX,2669948.09,,9292.11988889383
2026-10-07 07:41:33,7725.0,7777.0,Call CEX 3,CEX,1201660.004,,9292.11988889383
2026-10-07 07:41:33,7740.0,7792.0,Call CEX 5,CEX,971458.006,,9292.11988889383
2026-10-07 07:41:33,7750.0,7802.0,Call CEX 1,CEX,2876055.788,,9292.11988889383
2026-10-07 07:41:33,7795.0,7847.5,Put CEX 5,CEX,-1423274.696,,9292.11988889383
2026-10-07 07:41:33,7800.0,7852.5,Put CEX 2,CEX,-2401578.888,,9292.11988889383
2026-10-07 07:41:33,7800.0,7852.5,Call DEX 4,DEX,205.438,,9292.11988889383
2026-10-07 07:41:33,7800.0,7852.5,Call GEX 3,GEX,772493.203,,9292.11988889383
2026-10-07 07:41:33,7825.0,7877.75,Put CEX 4,CEX,-1898862.444,,9292.11988889383
2026-10-07 07:41:33,7850.0,7902.75,Put CEX 3,CEX,-2141384.61,,9292.11988889383
2026-10-07 07:41:33,7850.0,7902.75,Call GEX 4,GEX,729354.818,,9292.11988889383
2026-10-07 07:41:33,7900.0,7953.25,Call GEX 1,GEX,882625.8,,9292.11988889383
2026-10-07 07:41:33,8000.0,8053.75,Put CEX 1,CEX,-4987631.351,,9292.11988889383
2026-10-07 07:41:33,8000.0,8053.75,Put DEX 1,DEX,-1864.212,,9292.11988889383
2026-10-07 07:41:33,8000.0,8053.75,Call GEX 2,GEX,846882.566,,9292.11988889383
2026-10-07 07:41:33,8000.0,8053.75,Put VEX 1,VEX,-12415903.488,,9292.11988889383
2026-10-07 07:41:33,8050.0,8104.25,Call DEX 3,DEX,231.226,,9292.11988889383
2026-10-07 07:41:33,8050.0,8104.25,Call GEX 5,GEX,693498.719,,9292.11988889383
2026-10-07 07:41:33,8050.0,8104.25,Put VEX 3,VEX,-1477343.155,,9292.11988889383
2026-10-07 07:41:33,8100.0,8154.5,Put VEX 2,VEX,-1717477.159,,9292.11988889383
2026-10-07 07:41:33,8150.0,8204.75,Put VEX 5,VEX,-1074172.464,,9292.11988889383
2026-10-07 07:41:33,8200.0,8255.25,Put VEX 4,VEX,-1162602.848,,9292.11988889383
2026-10-07 07:41:33,9000.0,9060.5,Put DEX 2,DEX,-57.072,,9292.11988889383
2026-10-07 07:41:33,10000.0,10067.25,Put DEX 4,DEX,-39.888,,9292.11988889383
2026-10-07 07:42:21,6400.0,6443.0,Put DEX 5,DEX,-38.925,,9291.717145445657
2026-10-07 07:42:21,6500.0,6543.75,Put DEX 3,DEX,-42.01,,9291.717145445657
2026-10-07 07:42:21,7000.0,7047.0,Call CEX 4,CEX,1112322.837,,9291.717145445657
2026-10-07 07:42:21,7000.0,7047.0,Call DEX 1,DEX,431.542,,9291.717145445657
2026-10-07 07:42:21,7000.0,7047.0,Put GEX 1,GEX,-818790.46,,9291.717145445657
2026-10-07 07:42:21,7000.0,7047.0,Call VEX 1,VEX,9149578.645,,9291.717145445657
2026-10-07 07:42:21,7400.0,7449.75,Put GEX 5,GEX,-202478.535,,9291.717145445657
2026-10-07 07:42:21,7400.0,7449.75,Call VEX 5,VEX,1802810.317,,9291.717145445657
2026-10-07 07:42:21,7500.0,7550.25,Put GEX 2,GEX,-378480.454,,9291.717145445657
2026-10-07 07:42:21,7500.0,7550.25,Call VEX 3,VEX,2505380.094,,9291.717145445657
2026-10-07 07:42:21,7600.0,7651.0,Call DEX 5,DEX,188.638,,9291.717145445657
2026-10-07 07:42:21,7600.0,7651.0,Put GEX 4,GEX,-297067.458,,9291.717145445657
2026-10-07 07:42:21,7600.0,7651.0,Call VEX 4,VEX,2273993.626,,9291.717145445657
2026-10-07 07:42:21,7650.0,7701.5,Put GEX 3,GEX,-348084.457,,9291.717145445657
2026-10-07 07:42:21,7700.0,7751.75,Call CEX 2,CEX,1261767.162,,9291.717145445657
2026-10-07 07:42:21,7700.0,7751.75,Call DEX 2,DEX,338.13,,9291.717145445657
2026-10-07 07:42:21,7700.0,7751.75,Call VEX 2,VEX,2664435.845,,9291.717145445657
2026-10-07 07:42:21,7725.0,7777.0,Call CEX 3,CEX,1243707.874,,9291.717145445657
2026-10-07 07:42:21,7740.0,7792.0,Call CEX 5,CEX,975461.443,,9291.717145445657
2026-10-07 07:42:21,7750.0,7802.0,Call CEX 1,CEX,2851484.052,,9291.717145445657
2026-10-07 07:42:21,7795.0,7847.25,Put CEX 5,CEX,-1447129.023,,9291.717145445657
2026-10-07 07:42:21,7800.0,7852.5,Put CEX 2,CEX,-2422093.124,,9291.717145445657
2026-10-07 07:42:21,7800.0,7852.5,Call DEX 4,DEX,202.972,,9291.717145445657
2026-10-07 07:42:21,7800.0,7852.5,Call GEX 3,GEX,771480.403,,9291.717145445657
2026-10-07 07:42:21,7825.0,7877.5,Put CEX 4,CEX,-1851261.194,,9291.717145445657
2026-10-07 07:42:21,7850.0,7902.75,Put CEX 3,CEX,-2042908.094,,9291.717145445657
2026-10-07 07:42:21,7850.0,7902.75,Call GEX 4,GEX,724999.952,,9291.717145445657
2026-10-07 07:42:21,7900.0,7953.0,Call GEX 1,GEX,881433.822,,9291.717145445657
2026-10-07 07:42:21,8000.0,8053.75,Put CEX 1,CEX,-4985679.613,,9291.717145445657
2026-10-07 07:42:21,8000.0,8053.75,Put DEX 1,DEX,-1867.8,,9291.717145445657
2026-10-07 07:42:21,8000.0,8053.75,Call GEX 2,GEX,851196.824,,9291.717145445657
2026-10-07 07:42:21,8000.0,8053.75,Put VEX 1,VEX,-12440611.382,,9291.717145445657
2026-10-07 07:42:21,8050.0,8104.0,Call DEX 3,DEX,230.312,,9291.717145445657
2026-10-07 07:42:21,8050.0,8104.0,Call GEX 5,GEX,692756.374,,9291.717145445657
2026-10-07 07:42:21,8050.0,8104.0,Put VEX 3,VEX,-1479628.996,,9291.717145445657
2026-10-07 07:42:21,8100.0,8154.5,Put VEX 2,VEX,-1719645.408,,9291.717145445657
2026-10-07 07:42:21,8150.0,8204.75,Put VEX 5,VEX,-1075830.716,,9291.717145445657
2026-10-07 07:42:21,8200.0,8255.0,Put VEX 4,VEX,-1163177.119,,9291.717145445657
2026-10-07 07:42:21,9000.0,9060.5,Put DEX 2,DEX,-56.941,,9291.717145445657
2026-10-07 07:42:21,10000.0,10067.25,Put DEX 4,DEX,-39.811,,9291.717145445657
2026-10-07 07:43:09,6400.0,6443.0,Put DEX 5,DEX,-39.091,,9290.6108363236
2026-10-07 07:43:09,6500.0,6543.75,Put DEX 3,DEX,-42.099,,9290.6108363236
2026-10-07 07:43:09,7000.0,7047.0,Call CEX 4,CEX,1112870.13,,9290.6108363236
2026-10-07 07:43:09,7000.0,7047.0,Call DEX 1,DEX,430.628,,9290.6108363236
2026-10-07 07:43:09,7000.0,7047.0,Put GEX 1,GEX,-822599.033,,9290.6108363236
2026-10-07 07:43:09,7000.0,7047.0,Call VEX 1,VEX,9136359.54,,9290.6108363236
2026-10-07 07:43:09,7400.0,7449.75,Put GEX 5,GEX,-203058.866,,9290.6108363236
2026-10-07 07:43:09,7400.0,7449.75,Call VEX 5,VEX,1802898.979,,9290.6108363236
2026-10-07 07:43:09,7500.0,7550.5,Put GEX 2,GEX,-380859.381,,9290.6108363236
2026-10-07 07:43:09,7500.0,7550.5,Call VEX 3,VEX,2500766.44,,9290.6108363236
2026-10-07 07:43:09,7600.0,7651.0,Call DEX 5,DEX,187.104,,9290.6108363236
2026-10-07 07:43:09,7600.0,7651.0,Put GEX 4,GEX,-298223.81,,9290.6108363236
2026-10-07 07:43:09,7600.0,7651.0,Call VEX 4,VEX,2269481.001,,9290.6108363236
2026-10-07 07:43:09,7650.0,7701.5,Put GEX 3,GEX,-349033.755,,9290.6108363236
2026-10-07 07:43:09,7700.0,7751.75,Call CEX 3,CEX,1228575.91,,9290.6108363236
2026-10-07 07:43:09,7700.0,7751.75,Call DEX 2,DEX,329.898,,9290.6108363236
2026-10-07 07:43:09,7700.0,7751.75,Call VEX 2,VEX,2646131.377,,9290.6108363236
2026-10-07 07:43:09,7725.0,7777.0,Call CEX 2,CEX,1248893.779,,9290.6108363236
2026-10-07 07:43:09,7740.0,7792.0,Call CEX 5,CEX,978152.583,,9290.6108363236
2026-10-07 07:43:09,7750.0,7802.25,Call CEX 1,CEX,2782956.246,,9290.6108363236
2026-10-07 07:43:09,7795.0,7847.5,Put CEX 5,CEX,-1463850.745,,9290.6108363236
2026-10-07 07:43:09,7800.0,7852.5,Put CEX 2,CEX,-2442900.321,,9290.6108363236
2026-10-07 07:43:09,7800.0,7852.5,Call DEX 4,DEX,199.37,,9290.6108363236
2026-10-07 07:43:09,7800.0,7852.5,Call GEX 3,GEX,773641.854,,9290.6108363236
2026-10-07 07:43:09,7825.0,7877.75,Put CEX 4,CEX,-1874348.723,,9290.6108363236
2026-10-07 07:43:09,7850.0,7902.75,Put CEX 3,CEX,-2062029.376,,9290.6108363236
2026-10-07 07:43:09,7850.0,7902.75,Call GEX 4,GEX,718476.877,,9290.6108363236
2026-10-07 07:43:09,7900.0,7953.25,Call GEX 1,GEX,877320.042,,9290.6108363236
2026-10-07 07:43:09,8000.0,8053.75,Put CEX 1,CEX,-4977287.738,,9290.6108363236
2026-10-07 07:43:09,8000.0,8053.75,Put DEX 1,DEX,-1874.9,,9290.6108363236
2026-10-07 07:43:09,8000.0,8053.75,Call GEX 2,GEX,841030.469,,9290.6108363236
2026-10-07 07:43:09,8000.0,8053.75,Put VEX 1,VEX,-12473709.137,,9290.6108363236
2026-10-07 07:43:09,8050.0,8104.25,Call DEX 3,DEX,229.01,,9290.6108363236
2026-10-07 07:43:09,8050.0,8104.25,Call GEX 5,GEX,690695.994,,9290.6108363236
2026-10-07 07:43:09,8050.0,8104.25,Put VEX 3,VEX,-1481789.662,,9290.6108363236
2026-10-07 07:43:09,8100.0,8154.5,Put VEX 2,VEX,-1723252.516,,9290.6108363236
2026-10-07 07:43:09,8150.0,8204.75,Put VEX 5,VEX,-1077485.079,,9290.6108363236
2026-10-07 07:43:09,8200.0,8255.25,Put VEX 4,VEX,-1163333.28,,9290.6108363236
2026-10-07 07:43:09,9000.0,9060.5,Put DEX 2,DEX,-56.93,,9290.6108363236
2026-10-07 07:43:09,10000.0,10067.25,Put DEX 4,DEX,-39.774,,9290.6108363236
2026-10-07 07:43:57,6400.0,6442.75,Put DEX 5,DEX,-39.217,,9291.246332383773
2026-10-07 07:43:57,6500.0,6543.5,Put DEX 3,DEX,-42.338,,9291.246332383773
2026-10-07 07:43:57,7000.0,7046.75,Call CEX 4,CEX,1117951.61,,9291.246332383773
2026-10-07 07:43:57,7000.0,7046.75,Call DEX 1,DEX,426.809,,9291.246332383773
2026-10-07 07:43:57,7000.0,7046.75,Put GEX 1,GEX,-822117.766,,9291.246332383773
2026-10-07 07:43:57,7000.0,7046.75,Call VEX 1,VEX,9171429.411,,9291.246332383773
2026-10-07 07:43:57,7400.0,7449.5,Put GEX 5,GEX,-204366.346,,9291.246332383773
2026-10-07 07:43:57,7400.0,7449.5,Call VEX 5,VEX,1805017.251,,9291.246332383773
2026-10-07 07:43:57,7500.0,7550.25,Put GEX 2,GEX,-380945.164,,9291.246332383773
2026-10-07 07:43:57,7500.0,7550.25,Call VEX 3,VEX,2511613.246,,9291.246332383773
2026-10-07 07:43:57,7600.0,7650.75,Call DEX 5,DEX,184.255,,9291.246332383773
2026-10-07 07:43:57,7600.0,7650.75,Put GEX 4,GEX,-300729.769,,9291.246332383773
2026-10-07 07:43:57,7600.0,7650.75,Call VEX 4,VEX,2263776.825,,9291.246332383773
2026-10-07 07:43:57,7650.0,7701.25,Put GEX 3,GEX,-354237.449,,9291.246332383773
2026-10-07 07:43:57,7700.0,7751.5,Call CEX 3,CEX,1248765.531,,9291.246332383773
2026-10-07 07:43:57,7700.0,7751.5,Call DEX 2,DEX,323.234,,9291.246332383773
2026-10-07 07:43:57,7700.0,7751.5,Call VEX 2,VEX,2609932.811,,9291.246332383773
2026-10-07 07:43:57,7725.0,7776.75,Call CEX 2,CEX,1266541.549,,9291.246332383773
2026-10-07 07:43:57,7740.0,7791.75,Call CEX 5,CEX,976547.043,,9291.246332383773
2026-10-07 07:43:57,7750.0,7801.75,Call CEX 1,CEX,2633425.055,,9291.246332383773
2026-10-07 07:43:57,7795.0,7847.25,Put CEX 5,CEX,-1489737.185,,9291.246332383773
2026-10-07 07:43:57,7800.0,7852.25,Put CEX 2,CEX,-2470758.895,,9291.246332383773
2026-10-07 07:43:57,7800.0,7852.25,Call DEX 4,DEX,192.723,,9291.246332383773
2026-10-07 07:43:57,7800.0,7852.25,Call GEX 3,GEX,770035.958,,9291.246332383773
2026-10-07 07:43:57,7825.0,7877.25,Put CEX 4,CEX,-1862279.662,,9291.246332383773
2026-10-07 07:43:57,7850.0,7902.5,Put CEX 3,CEX,-2071441.713,,9291.246332383773
2026-10-07 07:43:57,7850.0,7902.5,Call GEX 4,GEX,704542.253,,9291.246332383773
2026-10-07 07:43:57,7900.0,7952.75,Call GEX 1,GEX,866347.249,,9291.246332383773
2026-10-07 07:43:57,8000.0,8053.5,Put CEX 1,CEX,-4945104.721,,9291.246332383773
2026-10-07 07:43:57,8000.0,8053.5,Put DEX 1,DEX,-1892.764,,9291.246332383773
2026-10-07 07:43:57,8000.0,8053.5,Call GEX 2,GEX,835544.663,,9291.246332383773
2026-10-07 07:43:57,8000.0,8053.5,Put VEX 1,VEX,-12507269.974,,9291.246332383773
2026-10-07 07:43:57,8050.0,8103.75,Call DEX 3,DEX,227.519,,9291.246332383773
2026-10-07 07:43:57,8050.0,8103.75,Call GEX 5,GEX,686400.499,,9291.246332383773
2026-10-07 07:43:57,8050.0,8103.75,Put VEX 3,VEX,-1485433.34,,9291.246332383773
2026-10-07 07:43:57,8100.0,8154.25,Put VEX 2,VEX,-1727848.248,,9291.246332383773
2026-10-07 07:43:57,8150.0,8204.5,Put VEX 5,VEX,-1079212.094,,9291.246332383773
2026-10-07 07:43:57,8200.0,8254.75,Put VEX 4,VEX,-1163690.073,,9291.246332383773
2026-10-07 07:43:57,9000.0,9060.25,Put DEX 2,DEX,-56.996,,9291.246332383773
2026-10-07 07:43:57,10000.0,10067.0,Put DEX 4,DEX,-39.805,,9291.246332383773
2026-10-07 07:44:45,6400.0,6443.25,Put DEX 5,DEX,-39.374,,9297.906726216512
2026-10-07 07:44:45,6500.0,6544.0,Put DEX 3,DEX,-42.456,,9297.906726216512
2026-10-07 07:44:45,7000.0,7047.25,Call CEX 4,CEX,1135539.067,,9297.906726216512
2026-10-07 07:44:45,7000.0,7047.25,Call DEX 1,DEX,430.352,,9297.906726216512
2026-10-07 07:44:45,7000.0,7047.25,Put GEX 1,GEX,-820887.154,,9297.906726216512
2026-10-07 07:44:45,7000.0,7047.25,Call VEX 1,VEX,9252113.124,,9297.906726216512
2026-10-07 07:44:45,7400.0,7450.0,Put GEX 5,GEX,-205499.111,,9297.906726216512
2026-10-07 07:44:45,7400.0,7450.0,Call VEX 5,VEX,1806497.758,,9297.906726216512
2026-10-07 07:44:45,7500.0,7550.75,Put GEX 2,GEX,-383252.757,,9297.906726216512
2026-10-07 07:44:45,7500.0,7550.75,Call VEX 3,VEX,2514195.093,,9297.906726216512
2026-10-07 07:44:45,7600.0,7651.25,Put GEX 4,GEX,-303834.418,,9297.906726216512
2026-10-07 07:44:45,7600.0,7651.25,Call VEX 4,VEX,2257765.271,,9297.906726216512
2026-10-07 07:44:45,7650.0,7701.75,Put GEX 3,GEX,-360188.783,,9297.906726216512
2026-10-07 07:44:45,7700.0,7752.0,Call CEX 2,CEX,1398767.757,,9297.906726216512
2026-10-07 07:44:45,7700.0,7752.0,Call DEX 2,DEX,320.668,,9297.906726216512
2026-10-07 07:44:45,7700.0,7752.0,Call VEX 2,VEX,2574452.973,,9297.906726216512
2026-10-07 07:44:45,7720.0,7772.25,Call CEX 5,CEX,1061274.994,,9297.906726216512
2026-10-07 07:44:45,7725.0,7777.25,Call CEX 3,CEX,1339336.327,,9297.906726216512
2026-10-07 07:44:45,7750.0,7802.25,Call CEX 1,CEX,2429745.388,,9297.906726216512
2026-10-07 07:44:45,7795.0,7847.75,Put CEX 5,CEX,-1512686.655,,9297.906726216512
2026-10-07 07:44:45,7800.0,7852.75,Put CEX 2,CEX,-2464827.732,,9297.906726216512
2026-10-07 07:44:45,7800.0,7852.75,Call DEX 4,DEX,184.63,,9297.906726216512
2026-10-07 07:44:45,7800.0,7852.75,Call GEX 3,GEX,748828.796,,9297.906726216512
2026-10-07 07:44:45,7825.0,7877.75,Put CEX 4,CEX,-1525733.773,,9297.906726216512
2026-10-07 07:44:45,7850.0,7903.0,Put CEX 3,CEX,-1849847.196,,9297.906726216512
2026-10-07 07:44:45,7850.0,7903.0,Call GEX 4,GEX,701448.268,,9297.906726216512
2026-10-07 07:44:45,7900.0,7953.25,Call DEX 5,DEX,183.279,,9297.906726216512
2026-10-07 07:44:45,7900.0,7953.25,Call GEX 1,GEX,854699.077,,9297.906726216512
2026-10-07 07:44:45,8000.0,8054.0,Put CEX 1,CEX,-4876403.592,,9297.906726216512
2026-10-07 07:44:45,8000.0,8054.0,Put DEX 1,DEX,-1916.615,,9297.906726216512
2026-10-07 07:44:45,8000.0,8054.0,Call GEX 2,GEX,820175.089,,9297.906726216512
2026-10-07 07:44:45,8000.0,8054.0,Put VEX 1,VEX,-12500936.313,,9297.906726216512
2026-10-07 07:44:45,8050.0,8104.5,Call DEX 3,DEX,226.043,,9297.906726216512
2026-10-07 07:44:45,8050.0,8104.5,Call GEX 5,GEX,679969.393,,9297.906726216512
2026-10-07 07:44:45,8050.0,8104.5,Put VEX 3,VEX,-1486432.941,,9297.906726216512
2026-10-07 07:44:45,8100.0,8154.75,Put VEX 2,VEX,-1730712.521,,9297.906726216512
2026-10-07 07:44:45,8150.0,8205.0,Put VEX 5,VEX,-1079623.052,,9297.906726216512
2026-10-07 07:44:45,8200.0,8255.5,Put VEX 4,VEX,-1163489.02,,9297.906726216512
2026-10-07 07:44:45,9000.0,9060.75,Put DEX 2,DEX,-57.203,,9297.906726216512
2026-10-07 07:44:45,10000.0,10067.5,Put DEX 4,DEX,-39.78,,9297.906726216512
2026-10-07 07:45:34,6400.0,6442.75,Put DEX 5,DEX,-39.616,,9289.173184310996
2026-10-07 07:45:34,6500.0,6543.5,Put DEX 3,DEX,-42.699,,9289.173184310996
2026-10-07 07:45:34,7000.0,7047.0,Call CEX 4,CEX,1131239.368,,9289.173184310996
2026-10-07 07:45:34,7000.0,7047.0,Call DEX 1,DEX,420.368,,9289.173184310996
2026-10-07 07:45:34,7000.0,7047.0,Put GEX 1,GEX,-826175.743,,9289.173184310996
2026-10-07 07:45:34,7000.0,7047.0,Call VEX 1,VEX,9229564.113,,9289.173184310996
2026-10-07 07:45:34,7400.0,7449.5,Put GEX 5,GEX,-206452.626,,9289.173184310996
2026-10-07 07:45:34,7400.0,7449.5,Call VEX 5,VEX,1806556.253,,9289.173184310996
2026-10-07 07:45:34,7500.0,7550.25,Put GEX 2,GEX,-385935.906,,9289.173184310996
2026-10-07 07:45:34,7500.0,7550.25,Call VEX 3,VEX,2509261.722,,9289.173184310996
2026-10-07 07:45:34,7600.0,7651.0,Call DEX 5,DEX,179.153,,9289.173184310996
2026-10-07 07:45:34,7600.0,7651.0,Put GEX 4,GEX,-305439.386,,9289.173184310996
2026-10-07 07:45:34,7600.0,7651.0,Call VEX 4,VEX,2252307.145,,9289.173184310996
2026-10-07 07:45:34,7650.0,7701.25,Put GEX 3,GEX,-361778.627,,9289.173184310996
2026-10-07 07:45:34,7700.0,7751.5,Call CEX 3,CEX,1285584.82,,9289.173184310996
2026-10-07 07:45:34,7700.0,7751.5,Call DEX 2,DEX,312.461,,9289.173184310996
2026-10-07 07:45:34,7700.0,7751.5,Call VEX 2,VEX,2551573.944,,9289.173184310996
2026-10-07 07:45:34,7720.0,7771.75,Call CEX 5,CEX,1022782.166,,9289.173184310996
2026-10-07 07:45:34,7725.0,7776.75,Call CEX 2,CEX,1319366.776,,9289.173184310996
2026-10-07 07:45:34,7750.0,7802.0,Call CEX 1,CEX,2311504.039,,9289.173184310996
2026-10-07 07:45:34,7795.0,7847.25,Put CEX 5,CEX,-1514444.314,,9289.173184310996
2026-10-07 07:45:34,7800.0,7852.25,Put CEX 2,CEX,-2485592.124,,9289.173184310996
2026-10-07 07:45:34,7800.0,7852.25,Call DEX 4,DEX,181.494,,9289.173184310996
2026-10-07 07:45:34,7800.0,7852.25,Call GEX 3,GEX,757365.294,,9289.173184310996
2026-10-07 07:45:34,7825.0,7877.5,Put CEX 4,CEX,-1766025.632,,9289.173184310996
2026-10-07 07:45:34,7850.0,7902.5,Put CEX 3,CEX,-2042869.579,,9289.173184310996
2026-10-07 07:45:34,7850.0,7902.5,Call GEX 4,GEX,685162.867,,9289.173184310996
2026-10-07 07:45:34,7900.0,7953.0,Call GEX 1,GEX,847910.172,,9289.173184310996
2026-10-07 07:45:34,8000.0,8053.5,Put CEX 1,CEX,-4919625.296,,9289.173184310996
2026-10-07 07:45:34,8000.0,8053.5,Put DEX 1,DEX,-1914.951,,9289.173184310996
2026-10-07 07:45:34,8000.0,8053.5,Call GEX 2,GEX,803141.432,,9289.173184310996
2026-10-07 07:45:34,8000.0,8053.5,Put VEX 1,VEX,-12600652.293,,9289.173184310996
2026-10-07 07:45:34,8050.0,8104.0,Call DEX 3,DEX,224.817,,9289.173184310996
2026-10-07 07:45:34,8050.0,8104.0,Call GEX 5,GEX,678444.695,,9289.173184310996
2026-10-07 07:45:34,8050.0,8104.0,Put VEX 3,VEX,-1489310.211,,9289.173184310996
2026-10-07 07:45:34,8100.0,8154.25,Put VEX 2,VEX,-1735602.796,,9289.173184310996
2026-10-07 07:45:34,8150.0,8204.5,Put VEX 5,VEX,-1081206.931,,9289.173184310996
2026-10-07 07:45:34,8200.0,8255.0,Put VEX 4,VEX,-1163725.045,,9289.173184310996
2026-10-07 07:45:34,9000.0,9060.25,Put DEX 2,DEX,-57.098,,9289.173184310996
2026-10-07 07:45:34,10000.0,10067.0,Put DEX 4,DEX,-39.789,,9289.173184310996
2026-10-07 07:46:24,6400.0,6443.0,Put DEX 5,DEX,-39.592,,9289.82195956216
2026-10-07 07:46:24,6500.0,6543.75,Put DEX 3,DEX,-42.612,,9289.82195956216
2026-10-07 07:46:24,7000.0,7047.0,Call CEX 4,CEX,1129509.133,,9289.82195956216
2026-10-07 07:46:24,7000.0,7047.0,Call DEX 1,DEX,420.027,,9289.82195956216
2026-10-07 07:46:24,7000.0,7047.0,Put GEX 1,GEX,-823028.482,,9289.82195956216
2026-10-07 07:46:24,7000.0,7047.0,Call VEX 1,VEX,9244684.838,,9289.82195956216
2026-10-07 07:46:24,7400.0,7449.75,Put GEX 5,GEX,-205987.341,,9289.82195956216
2026-10-07 07:46:24,7400.0,7449.75,Call VEX 5,VEX,1806182.241,,9289.82195956216
2026-10-07 07:46:24,7500.0,7550.25,Put GEX 2,GEX,-384694.108,,9289.82195956216
2026-10-07 07:46:24,7500.0,7550.25,Call VEX 3,VEX,2509845.457,,9289.82195956216
2026-10-07 07:46:24,7600.0,7651.0,Call DEX 5,DEX,180.185,,9289.82195956216
2026-10-07 07:46:24,7600.0,7651.0,Put GEX 4,GEX,-304719.529,,9289.82195956216
2026-10-07 07:46:24,7600.0,7651.0,Call VEX 4,VEX,2254620.645,,9289.82195956216
2026-10-07 07:46:24,7650.0,7701.25,Put GEX 3,GEX,-360942.348,,9289.82195956216
2026-10-07 07:46:24,7700.0,7751.75,Call CEX 3,CEX,1289364.058,,9289.82195956216
2026-10-07 07:46:24,7700.0,7751.75,Call DEX 2,DEX,314.356,,9289.82195956216
2026-10-07 07:46:24,7700.0,7751.75,Call VEX 2,VEX,2561816.413,,9289.82195956216
2026-10-07 07:46:24,7720.0,7771.75,Call CEX 5,CEX,1034209.348,,9289.82195956216
2026-10-07 07:46:24,7725.0,7776.75,Call CEX 2,CEX,1323199.612,,9289.82195956216
2026-10-07 07:46:24,7750.0,7802.0,Call CEX 1,CEX,2397599.963,,9289.82195956216
2026-10-07 07:46:24,7795.0,7847.25,Put CEX 5,CEX,-1518385.044,,9289.82195956216
2026-10-07 07:46:24,7800.0,7852.25,Put CEX 2,CEX,-2496325.611,,9289.82195956216
2026-10-07 07:46:24,7800.0,7852.25,Call DEX 4,DEX,183.462,,9289.82195956216
2026-10-07 07:46:24,7800.0,7852.25,Call GEX 3,GEX,756795.014,,9289.82195956216
2026-10-07 07:46:24,7825.0,7877.5,Put CEX 4,CEX,-1771353.112,,9289.82195956216
2026-10-07 07:46:24,7850.0,7902.75,Put CEX 3,CEX,-2027960.461,,9289.82195956216
2026-10-07 07:46:24,7850.0,7902.75,Call GEX 4,GEX,689737.033,,9289.82195956216
2026-10-07 07:46:24,7900.0,7953.0,Call GEX 1,GEX,852965.114,,9289.82195956216
2026-10-07 07:46:24,8000.0,8053.75,Put CEX 1,CEX,-4904640.662,,9289.82195956216
2026-10-07 07:46:24,8000.0,8053.75,Put DEX 1,DEX,-1914.474,,9289.82195956216
2026-10-07 07:46:24,8000.0,8053.75,Call GEX 2,GEX,806014.137,,9289.82195956216
2026-10-07 07:46:24,8000.0,8053.75,Put VEX 1,VEX,-12555443.261,,9289.82195956216
2026-10-07 07:46:24,8050.0,8104.0,Call DEX 3,DEX,225.624,,9289.82195956216
2026-10-07 07:46:24,8050.0,8104.0,Call GEX 5,GEX,679744.43,,9289.82195956216
2026-10-07 07:46:24,8050.0,8104.0,Put VEX 3,VEX,-1488660.887,,9289.82195956216
2026-10-07 07:46:24,8100.0,8154.25,Put VEX 2,VEX,-1733543.42,,9289.82195956216
2026-10-07 07:46:24,8150.0,8204.75,Put VEX 5,VEX,-1080170.812,,9289.82195956216
2026-10-07 07:46:24,8200.0,8255.0,Put VEX 4,VEX,-1163640.645,,9289.82195956216
2026-10-07 07:46:24,9000.0,9060.5,Put DEX 2,DEX,-57.166,,9289.82195956216
2026-10-07 07:46:24,10000.0,10067.0,Put DEX 4,DEX,-39.839,,9289.82195956216
2026-10-07 07:47:13,6400.0,6443.0,Put DEX 5,DEX,-39.652,,9289.692947812971
2026-10-07 07:47:13,6500.0,6543.75,Put DEX 3,DEX,-42.67,,9289.692947812971
2026-10-07 07:47:13,7000.0,7047.25,Call CEX 4,CEX,1130240.273,,9289.692947812971
2026-10-07 07:47:13,7000.0,7047.25,Call DEX 1,DEX,420.381,,9289.692947812971
2026-10-07 07:47:13,7000.0,7047.25,Put GEX 1,GEX,-824293.463,,9289.692947812971
2026-10-07 07:47:13,7000.0,7047.25,Call VEX 1,VEX,9236727.782,,9289.692947812971
2026-10-07 07:47:13,7400.0,7449.75,Put GEX 5,GEX,-206074.616,,9289.692947812971
2026-10-07 07:47:13,7400.0,7449.75,Call VEX 5,VEX,1806136.838,,9289.692947812971
2026-10-07 07:47:13,7500.0,7550.5,Put GEX 2,GEX,-386510.341,,9289.692947812971
2026-10-07 07:47:13,7500.0,7550.5,Call VEX 3,VEX,2506676.117,,9289.692947812971
2026-10-07 07:47:13,7600.0,7651.25,Call DEX 5,DEX,179.845,,9289.692947812971
2026-10-07 07:47:13,7600.0,7651.25,Put GEX 4,GEX,-305023.594,,9289.692947812971
2026-10-07 07:47:13,7600.0,7651.25,Call VEX 4,VEX,2252923.63,,9289.692947812971
2026-10-07 07:47:13,7650.0,7701.5,Put GEX 3,GEX,-361128.826,,9289.692947812971
2026-10-07 07:47:13,7700.0,7751.75,Call CEX 3,CEX,1304891.263,,9289.692947812971
2026-10-07 07:47:13,7700.0,7751.75,Call DEX 2,DEX,319.361,,9289.692947812971
2026-10-07 07:47:13,7700.0,7751.75,Call VEX 2,VEX,2560503.574,,9289.692947812971
2026-10-07 07:47:13,7720.0,7772.0,Call CEX 5,CEX,1032413.412,,9289.692947812971
2026-10-07 07:47:13,7725.0,7777.0,Call CEX 2,CEX,1326384.542,,9289.692947812971
2026-10-07 07:47:13,7750.0,7802.25,Call CEX 1,CEX,2403792.464,,9289.692947812971
2026-10-07 07:47:13,7795.0,7847.5,Put CEX 5,CEX,-1522045.389,,9289.692947812971
2026-10-07 07:47:13,7800.0,7852.5,Put CEX 2,CEX,-2494887.291,,9289.692947812971
2026-10-07 07:47:13,7800.0,7852.5,Call DEX 4,DEX,182.65,,9289.692947812971
2026-10-07 07:47:13,7800.0,7852.5,Call GEX 3,GEX,756443.326,,9289.692947812971
2026-10-07 07:47:13,7825.0,7877.75,Put CEX 4,CEX,-1737323.081,,9289.692947812971
2026-10-07 07:47:13,7850.0,7902.75,Put CEX 3,CEX,-2026059.922,,9289.692947812971
2026-10-07 07:47:13,7850.0,7902.75,Call GEX 4,GEX,689057.899,,9289.692947812971
2026-10-07 07:47:13,7900.0,7953.25,Call GEX 1,GEX,851662.138,,9289.692947812971
2026-10-07 07:47:13,8000.0,8053.75,Put CEX 1,CEX,-4922589.929,,9289.692947812971
2026-10-07 07:47:13,8000.0,8053.75,Put DEX 1,DEX,-1911.874,,9289.692947812971
2026-10-07 07:47:13,8000.0,8053.75,Call GEX 2,GEX,794754.662,,9289.692947812971
2026-10-07 07:47:13,8000.0,8053.75,Put VEX 1,VEX,-12587051.656,,9289.692947812971
2026-10-07 07:47:13,8050.0,8104.25,Call DEX 3,DEX,225.381,,9289.692947812971
2026-10-07 07:47:13,8050.0,8104.25,Call GEX 5,GEX,679316.668,,9289.692947812971
2026-10-07 07:47:13,8050.0,8104.25,Put VEX 3,VEX,-1488669.845,,9289.692947812971
2026-10-07 07:47:13,8100.0,8154.5,Put VEX 2,VEX,-1733717.15,,9289.692947812971
2026-10-07 07:47:13,8150.0,8205.0,Put VEX 5,VEX,-1080736.876,,9289.692947812971
2026-10-07 07:47:13,8200.0,8255.25,Put VEX 4,VEX,-1163669.003,,9289.692947812971
2026-10-07 07:47:13,9000.0,9060.5,Put DEX 2,DEX,-57.171,,9289.692947812971
2026-10-07 07:47:13,10000.0,10067.25,Put DEX 4,DEX,-39.824,,9289.692947812971
2026-10-07 07:48:03,6400.0,6443.25,Put DEX 5,DEX,-39.642,,9290.304366826853
2026-10-07 07:48:03,6500.0,6544.0,Put DEX 3,DEX,-42.662,,9290.304366826853
2026-10-07 07:48:03,7000.0,7047.25,Call CEX 4,CEX,1128661.726,,9290.304366826853
2026-10-07 07:48:03,7000.0,7047.25,Call DEX 1,DEX,420.916,,9290.304366826853
2026-10-07 07:48:03,7000.0,7047.25,Put GEX 1,GEX,-823674.235,,9290.304366826853
2026-10-07 07:48:03,7000.0,7047.25,Call VEX 1,VEX,9234200.959,,9290.304366826853
2026-10-07 07:48:03,7400.0,7450.0,Put GEX 5,GEX,-205964.77,,9290.304366826853
2026-10-07 07:48:03,7400.0,7450.0,Call VEX 5,VEX,1806134.19,,9290.304366826853
2026-10-07 07:48:03,7500.0,7550.75,Put GEX 2,GEX,-382435.852,,9290.304366826853
2026-10-07 07:48:03,7500.0,7550.75,Call VEX 3,VEX,2515431.43,,9290.304366826853
2026-10-07 07:48:03,7600.0,7651.5,Call DEX 5,DEX,180.294,,9290.304366826853
2026-10-07 07:48:03,7600.0,7651.5,Put GEX 4,GEX,-303138.288,,9290.304366826853
2026-10-07 07:48:03,7600.0,7651.5,Call VEX 4,VEX,2256348.268,,9290.304366826853
2026-10-07 07:48:03,7650.0,7701.75,Put GEX 3,GEX,-359841.207,,9290.304366826853
2026-10-07 07:48:03,7700.0,7752.0,Call CEX 2,CEX,1370961.461,,9290.304366826853
2026-10-07 07:48:03,7700.0,7752.0,Call DEX 2,DEX,321.13,,9290.304366826853
2026-10-07 07:48:03,7700.0,7752.0,Call VEX 2,VEX,2574458.29,,9290.304366826853
2026-10-07 07:48:03,7720.0,7772.25,Call CEX 5,CEX,1048682.293,,9290.304366826853
2026-10-07 07:48:03,7725.0,7777.25,Call CEX 3,CEX,1331461.052,,9290.304366826853
2026-10-07 07:48:03,7750.0,7802.5,Call CEX 1,CEX,2462902.057,,9290.304366826853
2026-10-07 07:48:03,7795.0,7847.75,Put CEX 5,CEX,-1525625.687,,9290.304366826853
2026-10-07 07:48:03,7800.0,7852.75,Put CEX 2,CEX,-2490859.905,,9290.304366826853
2026-10-07 07:48:03,7800.0,7852.75,Call DEX 4,DEX,184.346,,9290.304366826853
2026-10-07 07:48:03,7800.0,7852.75,Call GEX 3,GEX,756808.116,,9290.304366826853
2026-10-07 07:48:03,7825.0,7878.0,Put CEX 4,CEX,-1674574.048,,9290.304366826853
2026-10-07 07:48:03,7850.0,7903.0,Put CEX 3,CEX,-1998835.736,,9290.304366826853
2026-10-07 07:48:03,7850.0,7903.0,Call GEX 4,GEX,694324.566,,9290.304366826853
2026-10-07 07:48:03,7900.0,7953.5,Call GEX 1,GEX,855344.433,,9290.304366826853
2026-10-07 07:48:03,8000.0,8054.0,Put CEX 1,CEX,-4935804.629,,9290.304366826853
2026-10-07 07:48:03,8000.0,8054.0,Put DEX 1,DEX,-1913.204,,9290.304366826853
2026-10-07 07:48:03,8000.0,8054.0,Call GEX 2,GEX,814923.702,,9290.304366826853
2026-10-07 07:48:03,8000.0,8054.0,Put VEX 1,VEX,-12536447.566,,9290.304366826853
2026-10-07 07:48:03,8050.0,8104.5,Call DEX 3,DEX,225.757,,9290.304366826853
2026-10-07 07:48:03,8050.0,8104.5,Call GEX 5,GEX,681027.543,,9290.304366826853
2026-10-07 07:48:03,8050.0,8104.5,Put VEX 3,VEX,-1488944.005,,9290.304366826853
2026-10-07 07:48:03,8100.0,8154.75,Put VEX 2,VEX,-1732787.546,,9290.304366826853
2026-10-07 07:48:03,8150.0,8205.0,Put VEX 5,VEX,-1080208.157,,9290.304366826853
2026-10-07 07:48:03,8200.0,8255.5,Put VEX 4,VEX,-1163621.391,,9290.304366826853
2026-10-07 07:48:03,9000.0,9060.75,Put DEX 2,DEX,-57.137,,9290.304366826853
2026-10-07 07:48:03,10000.0,10067.5,Put DEX 4,DEX,-39.82,,9290.304366826853
2026-10-07 07:48:51,6400.0,6443.0,Put DEX 5,DEX,-39.611,,9289.829458996031
2026-10-07 07:48:51,6500.0,6543.75,Put DEX 3,DEX,-42.714,,9289.829458996031
2026-10-07 07:48:51,7000.0,7047.0,Call CEX 4,CEX,1121600.533,,9289.829458996031
2026-10-07 07:48:51,7000.0,7047.0,Call DEX 1,DEX,422.325,,9289.829458996031
2026-10-07 07:48:51,7000.0,7047.0,Put GEX 1,GEX,-826790.051,,9289.829458996031
2026-10-07 07:48:51,7000.0,7047.0,Call VEX 1,VEX,9193401.806,,9289.829458996031
2026-10-07 07:48:51,7400.0,7449.75,Put GEX 5,GEX,-205840.858,,9289.829458996031
2026-10-07 07:48:51,7400.0,7449.75,Call VEX 5,VEX,1805545.827,,9289.829458996031
2026-10-07 07:48:51,7500.0,7550.5,Put GEX 2,GEX,-382983.805,,9289.829458996031
2026-10-07 07:48:51,7500.0,7550.5,Call VEX 3,VEX,2511391.239,,9289.829458996031
2026-10-07 07:48:51,7600.0,7651.25,Call DEX 5,DEX,180.229,,9289.829458996031
2026-10-07 07:48:51,7600.0,7651.25,Put GEX 4,GEX,-302362.388,,9289.829458996031
2026-10-07 07:48:51,7600.0,7651.25,Call VEX 4,VEX,2255090.147,,9289.829458996031
2026-10-07 07:48:51,7650.0,7701.5,Put GEX 3,GEX,-358585.1,,9289.829458996031
2026-10-07 07:48:51,7700.0,7751.75,Call CEX 2,CEX,1376155.112,,9289.829458996031
2026-10-07 07:48:51,7700.0,7751.75,Call DEX 2,DEX,320.67,,9289.829458996031
2026-10-07 07:48:51,7700.0,7751.75,Call VEX 2,VEX,2571977.655,,9289.829458996031
2026-10-07 07:48:51,7720.0,7772.0,Call CEX 5,CEX,1045391.512,,9289.829458996031
2026-10-07 07:48:51,7725.0,7777.0,Call CEX 3,CEX,1328524.058,,9289.829458996031
2026-10-07 07:48:51,7750.0,7802.25,Call CEX 1,CEX,2479796.027,,9289.829458996031
2026-10-07 07:48:51,7795.0,7847.5,Put CEX 5,CEX,-1528197.147,,9289.829458996031
2026-10-07 07:48:51,7800.0,7852.5,Put CEX 2,CEX,-2495315.667,,9289.829458996031
2026-10-07 07:48:51,7800.0,7852.5,Call DEX 4,DEX,184.379,,9289.829458996031
2026-10-07 07:48:51,7800.0,7852.5,Call GEX 3,GEX,757047.697,,9289.829458996031
2026-10-07 07:48:51,7825.0,7877.75,Put CEX 4,CEX,-1703308.203,,9289.829458996031
2026-10-07 07:48:51,7850.0,7902.75,Put CEX 3,CEX,-1994334.263,,9289.829458996031
2026-10-07 07:48:51,7850.0,7902.75,Call GEX 4,GEX,695295.863,,9289.829458996031
2026-10-07 07:48:51,7900.0,7953.25,Call GEX 1,GEX,856926.181,,9289.829458996031
2026-10-07 07:48:51,8000.0,8053.75,Put CEX 1,CEX,-4936314.742,,9289.829458996031
2026-10-07 07:48:51,8000.0,8053.75,Put DEX 1,DEX,-1912.607,,9289.829458996031
2026-10-07 07:48:51,8000.0,8053.75,Call GEX 2,GEX,825126.664,,9289.829458996031
2026-10-07 07:48:51,8000.0,8053.75,Put VEX 1,VEX,-12535485.337,,9289.829458996031
2026-10-07 07:48:51,8050.0,8104.25,Call DEX 3,DEX,225.415,,9289.829458996031
2026-10-07 07:48:51,8050.0,8104.25,Call GEX 5,GEX,680938.764,,9289.829458996031
2026-10-07 07:48:51,8050.0,8104.25,Put VEX 3,VEX,-1488390.727,,9289.829458996031
2026-10-07 07:48:51,8100.0,8154.5,Put VEX 2,VEX,-1733676.412,,9289.829458996031
2026-10-07 07:48:51,8150.0,8204.75,Put VEX 5,VEX,-1080846.797,,9289.829458996031
2026-10-07 07:48:51,8200.0,8255.25,Put VEX 4,VEX,-1163726.726,,9289.829458996031
2026-10-07 07:48:51,9000.0,9060.5,Put DEX 2,DEX,-57.026,,9289.829458996031
2026-10-07 07:48:51,10000.0,10067.25,Put DEX 4,DEX,-39.777,,9289.829458996031
2026-10-07 07:49:38,6400.0,6443.5,Put DEX 5,DEX,-39.778,,9290.770672127332
2026-10-07 07:49:38,6500.0,6544.25,Put DEX 3,DEX,-42.874,,9290.770672127332
2026-10-07 07:49:38,7000.0,7047.5,Call CEX 4,CEX,1131109.829,,9290.770672127332
2026-10-07 07:49:38,7000.0,7047.5,Call DEX 1,DEX,417.553,,9290.770672127332
2026-10-07 07:49:38,7000.0,7047.5,Put GEX 1,GEX,-821646.036,,9290.770672127332
2026-10-07 07:49:38,7000.0,7047.5,Call VEX 1,VEX,9268205.669,,9290.770672127332
2026-10-07 07:49:38,7400.0,7450.25,Put GEX 5,GEX,-206868.588,,9290.770672127332
2026-10-07 07:49:38,7400.0,7450.25,Call VEX 5,VEX,1805992.756,,9290.770672127332
2026-10-07 07:49:38,7500.0,7551.0,Put GEX 2,GEX,-385090.006,,9290.770672127332
2026-10-07 07:49:38,7500.0,7551.0,Call VEX 3,VEX,2512478.086,,9290.770672127332
2026-10-07 07:49:38,7600.0,7651.5,Call DEX 5,DEX,177.71,,9290.770672127332
2026-10-07 07:49:38,7600.0,7651.5,Put GEX 4,GEX,-305382.203,,9290.770672127332
2026-10-07 07:49:38,7600.0,7651.5,Call VEX 4,VEX,2248234.571,,9290.770672127332
2026-10-07 07:49:38,7650.0,7702.0,Put GEX 3,GEX,-365140.512,,9290.770672127332
2026-10-07 07:49:38,7675.0,7727.0,Call CEX 5,CEX,1091913.56,,9290.770672127332
2026-10-07 07:49:38,7700.0,7752.25,Call CEX 2,CEX,1437946.292,,9290.770672127332
2026-10-07 07:49:38,7700.0,7752.25,Call DEX 2,DEX,313.142,,9290.770672127332
2026-10-07 07:49:38,7700.0,7752.25,Call VEX 2,VEX,2532090.779,,9290.770672127332
2026-10-07 07:49:38,7725.0,7777.5,Call CEX 3,CEX,1366425.997,,9290.770672127332
2026-10-07 07:49:38,7750.0,7802.5,Call CEX 1,CEX,2240262.005,,9290.770672127332
2026-10-07 07:49:38,7790.0,7843.0,Put CEX 5,CEX,-1376072.156,,9290.770672127332
2026-10-07 07:49:38,7795.0,7848.0,Put CEX 4,CEX,-1516898.002,,9290.770672127332
2026-10-07 07:49:38,7800.0,7853.0,Put CEX 2,CEX,-2443121.094,,9290.770672127332
2026-10-07 07:49:38,7800.0,7853.0,Call GEX 3,GEX,746412.38,,9290.770672127332
2026-10-07 07:49:38,7850.0,7903.25,Put CEX 3,CEX,-1784166.691,,9290.770672127332
2026-10-07 07:49:38,7850.0,7903.25,Call GEX 4,GEX,691825.483,,9290.770672127332
2026-10-07 07:49:38,7900.0,7953.75,Call DEX 4,DEX,180.035,,9290.770672127332
2026-10-07 07:49:38,7900.0,7953.75,Call GEX 1,GEX,844000.635,,9290.770672127332
2026-10-07 07:49:38,8000.0,8054.25,Put CEX 1,CEX,-4875412.944,,9290.770672127332
2026-10-07 07:49:38,8000.0,8054.25,Put DEX 1,DEX,-1936.6,,9290.770672127332
2026-10-07 07:49:38,8000.0,8054.25,Call GEX 2,GEX,822150.824,,9290.770672127332
2026-10-07 07:49:38,8000.0,8054.25,Put VEX 1,VEX,-12538747.252,,9290.770672127332
2026-10-07 07:49:38,8050.0,8104.75,Call DEX 3,DEX,224.142,,9290.770672127332
2026-10-07 07:49:38,8050.0,8104.75,Call GEX 5,GEX,675097.569,,9290.770672127332
2026-10-07 07:49:38,8050.0,8104.75,Put VEX 3,VEX,-1490286.664,,9290.770672127332
2026-10-07 07:49:38,8100.0,8155.0,Put VEX 2,VEX,-1737647.949,,9290.770672127332
2026-10-07 07:49:38,8150.0,8205.25,Put VEX 5,VEX,-1082469.945,,9290.770672127332
2026-10-07 07:49:38,8200.0,8255.75,Put VEX 4,VEX,-1163730.165,,9290.770672127332
2026-10-07 07:49:38,9000.0,9061.0,Put DEX 2,DEX,-57.239,,9290.770672127332
2026-10-07 07:49:38,10000.0,10068.0,Put DEX 4,DEX,-39.857,,9290.770672127332
2026-10-07 07:50:27,6400.0,6443.0,Put DEX 5,DEX,-39.772,,9289.857250313136
2026-10-07 07:50:27,6500.0,6543.75,Put DEX 3,DEX,-42.941,,9289.857250313136
2026-10-07 07:50:27,7000.0,7047.0,Call CEX 4,CEX,1127624.962,,9289.857250313136
2026-10-07 07:50:27,7000.0,7047.0,Call DEX 1,DEX,418.911,,9289.857250313136
2026-10-07 07:50:27,7000.0,7047.0,Put GEX 1,GEX,-826502.587,,9289.857250313136
2026-10-07 07:50:27,7000.0,7047.0,Call VEX 1,VEX,9223563.61,,9289.857250313136
2026-10-07 07:50:27,7400.0,7449.75,Put GEX 5,GEX,-206579.162,,9289.857250313136
2026-10-07 07:50:27,7400.0,7449.75,Call VEX 5,VEX,1803698.431,,9289.857250313136
2026-10-07 07:50:27,7500.0,7550.25,Put GEX 2,GEX,-385452.461,,9289.857250313136
2026-10-07 07:50:27,7500.0,7550.25,Call VEX 3,VEX,2509116.478,,9289.857250313136
2026-10-07 07:50:27,7600.0,7651.0,Call DEX 5,DEX,178.306,,9289.857250313136
2026-10-07 07:50:27,7600.0,7651.0,Put GEX 4,GEX,-304354.694,,9289.857250313136
2026-10-07 07:50:27,7600.0,7651.0,Call VEX 4,VEX,2248593.491,,9289.857250313136
2026-10-07 07:50:27,7650.0,7701.25,Put GEX 3,GEX,-361936.009,,9289.857250313136
2026-10-07 07:50:27,7700.0,7751.75,Call CEX 3,CEX,1337768.976,,9289.857250313136
2026-10-07 07:50:27,7700.0,7751.75,Call DEX 2,DEX,315.798,,9289.857250313136
2026-10-07 07:50:27,7700.0,7751.75,Call VEX 2,VEX,2540817.116,,9289.857250313136
2026-10-07 07:50:27,7720.0,7771.75,Call CEX 5,CEX,1052426.541,,9289.857250313136
2026-10-07 07:50:27,7725.0,7776.75,Call CEX 2,CEX,1341100.335,,9289.857250313136
2026-10-07 07:50:27,7750.0,7802.0,Call CEX 1,CEX,2315118.573,,9289.857250313136
2026-10-07 07:50:27,7795.0,7847.25,Put CEX 5,CEX,-1531147.876,,9289.857250313136
2026-10-07 07:50:27,7800.0,7852.25,Put CEX 2,CEX,-2499699.29,,9289.857250313136
2026-10-07 07:50:27,7800.0,7852.25,Call DEX 4,DEX,178.821,,9289.857250313136
2026-10-07 07:50:27,7800.0,7852.25,Call GEX 3,GEX,757293.79,,9289.857250313136
2026-10-07 07:50:27,7825.0,7877.5,Put CEX 4,CEX,-1695209.868,,9289.857250313136
2026-10-07 07:50:27,7850.0,7902.75,Put CEX 3,CEX,-2025335.46,,9289.857250313136
2026-10-07 07:50:27,7850.0,7902.75,Call GEX 4,GEX,683311.367,,9289.857250313136
2026-10-07 07:50:27,7900.0,7953.0,Call GEX 1,GEX,847277.46,,9289.857250313136
2026-10-07 07:50:27,8000.0,8053.75,Put CEX 1,CEX,-4942620.257,,9289.857250313136
2026-10-07 07:50:27,8000.0,8053.75,Put DEX 1,DEX,-1920.696,,9289.857250313136
2026-10-07 07:50:27,8000.0,8053.75,Call GEX 2,GEX,800829.431,,9289.857250313136
2026-10-07 07:50:27,8000.0,8053.75,Put VEX 1,VEX,-12607881.369,,9289.857250313136
2026-10-07 07:50:27,8050.0,8104.0,Call DEX 3,DEX,223.864,,9289.857250313136
2026-10-07 07:50:27,8050.0,8104.0,Call GEX 5,GEX,677017.15,,9289.857250313136
2026-10-07 07:50:27,8050.0,8104.0,Put VEX 3,VEX,-1489759.124,,9289.857250313136
2026-10-07 07:50:27,8100.0,8154.5,Put VEX 2,VEX,-1736839.772,,9289.857250313136
2026-10-07 07:50:27,8150.0,8204.75,Put VEX 5,VEX,-1082277.341,,9289.857250313136
2026-10-07 07:50:27,8200.0,8255.0,Put VEX 4,VEX,-1163312.635,,9289.857250313136
2026-10-07 07:50:27,9000.0,9060.5,Put DEX 2,DEX,-57.066,,9289.857250313136
2026-10-07 07:50:27,10000.0,10067.25,Put DEX 4,DEX,-39.794,,9289.857250313136
2026-10-07 07:51:16,6400.0,6443.5,Put DEX 5,DEX,-39.71,,9292.168041697443
2026-10-07 07:51:16,6500.0,6544.25,Put DEX 3,DEX,-42.794,,9292.168041697443
2026-10-07 07:51:16,7000.0,7047.5,Call CEX 4,CEX,1160868.004,,9292.168041697443
2026-10-07 07:51:16,7000.0,7047.5,Call DEX 1,DEX,2860.055,,9292.168041697443
2026-10-07 07:51:16,7000.0,7047.5,Put GEX 1,GEX,-762462.345,,9292.168041697443
2026-10-07 07:51:16,7000.0,7047.5,Call VEX 1,VEX,9795719.672,,9292.168041697443
2026-10-07 07:51:16,7400.0,7450.25,Put GEX 5,GEX,-203735.01,,9292.168041697443
2026-10-07 07:51:16,7400.0,7450.25,Call VEX 5,VEX,1817728.476,,9292.168041697443
2026-10-07 07:51:16,7500.0,7551.0,Put GEX 2,GEX,-383511.059,,9292.168041697443
2026-10-07 07:51:16,7500.0,7551.0,Call VEX 3,VEX,2517166.489,,9292.168041697443
2026-10-07 07:51:16,7600.0,7651.5,Call DEX 5,DEX,177.122,,9292.168041697443
2026-10-07 07:51:16,7600.0,7651.5,Put GEX 4,GEX,-305906.965,,9292.168041697443
2026-10-07 07:51:16,7600.0,7651.5,Call VEX 4,VEX,2247060.712,,9292.168041697443
2026-10-07 07:51:16,7650.0,7702.0,Put GEX 3,GEX,-365731.683,,9292.168041697443
2026-10-07 07:51:16,7675.0,7727.25,Call CEX 5,CEX,1097843.773,,9292.168041697443
2026-10-07 07:51:16,7700.0,7752.25,Call CEX 2,CEX,1413865.209,,9292.168041697443
2026-10-07 07:51:16,7700.0,7752.25,Call DEX 2,DEX,313.0,,9292.168041697443
2026-10-07 07:51:16,7700.0,7752.25,Call VEX 2,VEX,2529047.175,,9292.168041697443
2026-10-07 07:51:16,7725.0,7777.5,Call CEX 3,CEX,1369504.774,,9292.168041697443
2026-10-07 07:51:16,7750.0,7802.75,Call CEX 1,CEX,2251514.291,,9292.168041697443
2026-10-07 07:51:16,7790.0,7843.0,Put CEX 5,CEX,-1381297.14,,9292.168041697443
2026-10-07 07:51:16,7795.0,7848.0,Put CEX 4,CEX,-1520863.734,,9292.168041697443
2026-10-07 07:51:16,7800.0,7853.0,Put CEX 2,CEX,-2449879.019,,9292.168041697443
2026-10-07 07:51:16,7800.0,7853.0,Call GEX 3,GEX,745847.282,,9292.168041697443
2026-10-07 07:51:16,7850.0,7903.25,Put CEX 3,CEX,-1787218.801,,9292.168041697443
2026-10-07 07:51:16,7850.0,7903.25,Call GEX 4,GEX,690507.657,,9292.168041697443
2026-10-07 07:51:16,7900.0,7953.75,Call DEX 4,DEX,179.952,,9292.168041697443
2026-10-07 07:51:16,7900.0,7953.75,Call GEX 1,GEX,843347.935,,9292.168041697443
2026-10-07 07:51:16,8000.0,8054.25,Put CEX 1,CEX,-4872470.945,,9292.168041697443
2026-10-07 07:51:16,8000.0,8054.25,Put DEX 1,DEX,-1937.389,,9292.168041697443
2026-10-07 07:51:16,8000.0,8054.25,Call GEX 2,GEX,811624.758,,9292.168041697443
2026-10-07 07:51:16,8000.0,8054.25,Put VEX 1,VEX,-12532953.113,,9292.168041697443
2026-10-07 07:51:16,8050.0,8104.75,Call DEX 3,DEX,224.098,,9292.168041697443
2026-10-07 07:51:16,8050.0,8104.75,Call GEX 5,GEX,674537.391,,9292.168041697443
2026-10-07 07:51:16,8050.0,8104.75,Put VEX 3,VEX,-1489171.278,,9292.168041697443
2026-10-07 07:51:16,8100.0,8155.0,Put VEX 2,VEX,-1737212.754,,9292.168041697443
2026-10-07 07:51:16,8150.0,8205.25,Put VEX 5,VEX,-1081708.305,,9292.168041697443
2026-10-07 07:51:16,8200.0,8255.75,Put VEX 4,VEX,-1163143.104,,9292.168041697443
2026-10-07 07:51:16,9000.0,9061.25,Put DEX 2,DEX,-57.485,,9292.168041697443
2026-10-07 07:51:16,10000.0,10068.0,Put DEX 4,DEX,-40.006,,9292.168041697443
2026-10-07 07:52:05,6400.0,6443.5,Put DEX 5,DEX,-39.73,,9291.277167555178
2026-10-07 07:52:05,6500.0,6544.25,Put DEX 3,DEX,-42.817,,9291.277167555178
2026-10-07 07:52:05,7000.0,7047.5,Call CEX 4,CEX,1157679.337,,9291.277167555178
2026-10-07 07:52:05,7000.0,7047.5,Call DEX 1,DEX,2861.445,,9291.277167555178
2026-10-07 07:52:05,7000.0,7047.5,Put GEX 1,GEX,-777327.595,,9291.277167555178
2026-10-07 07:52:05,7000.0,7047.5,Call VEX 1,VEX,9675295.556,,9291.277167555178
2026-10-07 07:52:05,7400.0,7450.25,Put GEX 5,GEX,-202682.383,,9291.277167555178
2026-10-07 07:52:05,7400.0,7450.25,Call VEX 5,VEX,1824016.393,,9291.277167555178
2026-10-07 07:52:05,7500.0,7551.0,Put GEX 2,GEX,-385065.541,,9291.277167555178
2026-10-07 07:52:05,7500.0,7551.0,Call VEX 3,VEX,2515498.051,,9291.277167555178
2026-10-07 07:52:05,7600.0,7651.5,Call DEX 5,DEX,176.496,,9291.277167555178
2026-10-07 07:52:05,7600.0,7651.5,Put GEX 4,GEX,-306720.159,,9291.277167555178
2026-10-07 07:52:05,7600.0,7651.5,Call VEX 4,VEX,2244911.799,,9291.277167555178
2026-10-07 07:52:05,7650.0,7702.0,Put GEX 3,GEX,-367121.765,,9291.277167555178
2026-10-07 07:52:05,7675.0,7727.0,Call CEX 5,CEX,1119544.93,,9291.277167555178
2026-10-07 07:52:05,7700.0,7752.25,Call CEX 2,CEX,1449130.709,,9291.277167555178
2026-10-07 07:52:05,7700.0,7752.25,Call DEX 2,DEX,310.347,,9291.277167555178
2026-10-07 07:52:05,7700.0,7752.25,Call VEX 2,VEX,2516075.886,,9291.277167555178
2026-10-07 07:52:05,7725.0,7777.5,Call CEX 3,CEX,1378304.388,,9291.277167555178
2026-10-07 07:52:05,7750.0,7802.5,Call CEX 1,CEX,2159618.821,,9291.277167555178
2026-10-07 07:52:05,7790.0,7843.0,Put CEX 5,CEX,-1389477.603,,9291.277167555178
2026-10-07 07:52:05,7795.0,7848.0,Put CEX 4,CEX,-1509210.896,,9291.277167555178
2026-10-07 07:52:05,7800.0,7853.0,Put CEX 2,CEX,-2419158.763,,9291.277167555178
2026-10-07 07:52:05,7800.0,7853.0,Call GEX 3,GEX,747718.169,,9291.277167555178
2026-10-07 07:52:05,7850.0,7903.25,Put CEX 3,CEX,-1783757.965,,9291.277167555178
2026-10-07 07:52:05,7850.0,7903.25,Call GEX 4,GEX,687129.434,,9291.277167555178
2026-10-07 07:52:05,7900.0,7953.75,Call DEX 4,DEX,178.993,,9291.277167555178
2026-10-07 07:52:05,7900.0,7953.75,Call GEX 1,GEX,840174.982,,9291.277167555178
2026-10-07 07:52:05,8000.0,8054.25,Put CEX 1,CEX,-4876468.616,,9291.277167555178
2026-10-07 07:52:05,8000.0,8054.25,Put DEX 1,DEX,-1940.582,,9291.277167555178
2026-10-07 07:52:05,8000.0,8054.25,Call GEX 2,GEX,802391.539,,9291.277167555178
2026-10-07 07:52:05,8000.0,8054.25,Put VEX 1,VEX,-12569250.993,,9291.277167555178
2026-10-07 07:52:05,8050.0,8104.75,Call DEX 3,DEX,223.437,,9291.277167555178
2026-10-07 07:52:05,8050.0,8104.75,Call GEX 5,GEX,673289.694,,9291.277167555178
2026-10-07 07:52:05,8050.0,8104.75,Put VEX 3,VEX,-1491119.217,,9291.277167555178
2026-10-07 07:52:05,8100.0,8155.0,Put VEX 2,VEX,-1737771.152,,9291.277167555178
2026-10-07 07:52:05,8150.0,8205.25,Put VEX 5,VEX,-1082896.472,,9291.277167555178
2026-10-07 07:52:05,8200.0,8255.75,Put VEX 4,VEX,-1163401.956,,9291.277167555178
2026-10-07 07:52:05,9000.0,9061.0,Put DEX 2,DEX,-57.312,,9291.277167555178
2026-10-07 07:52:05,10000.0,10068.0,Put DEX 4,DEX,-39.883,,9291.277167555178
2026-10-07 07:52:55,6400.0,6443.25,Put DEX 5,DEX,-39.718,,9290.611099768726
2026-10-07 07:52:55,6500.0,6544.0,Put DEX 3,DEX,-42.786,,9290.611099768726
2026-10-07 07:52:55,7000.0,7047.5,Call CEX 5,CEX,1130201.554,,9290.611099768726
2026-10-07 07:52:55,7000.0,7047.5,Call DEX 1,DEX,418.134,,9290.611099768726
2026-10-07 07:52:55,7000.0,7047.5,Put GEX 1,GEX,-823323.873,,9290.611099768726
2026-10-07 07:52:55,7000.0,7047.5,Call VEX 1,VEX,9257146.024,,9290.611099768726
2026-10-07 07:52:55,7400.0,7450.0,Put GEX 5,GEX,-201827.723,,9290.611099768726
2026-10-07 07:52:55,7400.0,7450.0,Call VEX 5,VEX,1825568.872,,9290.611099768726
2026-10-07 07:52:55,7500.0,7550.75,Put GEX 2,GEX,-384203.073,,9290.611099768726
2026-10-07 07:52:55,7500.0,7550.75,Call VEX 3,VEX,2514814.633,,9290.611099768726
2026-10-07 07:52:55,7600.0,7651.5,Call DEX 5,DEX,177.196,,9290.611099768726
2026-10-07 07:52:55,7600.0,7651.5,Put GEX 4,GEX,-304899.989,,9290.611099768726
2026-10-07 07:52:55,7600.0,7651.5,Call VEX 4,VEX,2247671.771,,9290.611099768726
2026-10-07 07:52:55,7650.0,7701.75,Put GEX 3,GEX,-365423.297,,9290.611099768726
2026-10-07 07:52:55,7675.0,7727.0,Call CEX 4,CEX,1140949.823,,9290.611099768726
2026-10-07 07:52:55,7700.0,7752.25,Call CEX 2,CEX,1444888.89,,9290.611099768726
2026-10-07 07:52:55,7700.0,7752.25,Call DEX 2,DEX,312.026,,9290.611099768726
2026-10-07 07:52:55,7700.0,7752.25,Call VEX 2,VEX,2525825.287,,9290.611099768726
2026-10-07 07:52:55,7725.0,7777.25,Call CEX 3,CEX,1377788.016,,9290.611099768726
2026-10-07 07:52:55,7750.0,7802.5,Call CEX 1,CEX,2225691.376,,9290.611099768726
2026-10-07 07:52:55,7790.0,7842.75,Put CEX 5,CEX,-1391199.332,,9290.611099768726
2026-10-07 07:52:55,7795.0,7847.75,Put CEX 4,CEX,-1511340.314,,9290.611099768726
2026-10-07 07:52:55,7800.0,7852.75,Put CEX 2,CEX,-2396384.85,,9290.611099768726
2026-10-07 07:52:55,7800.0,7852.75,Call GEX 3,GEX,752131.494,,9290.611099768726
2026-10-07 07:52:55,7850.0,7903.25,Put CEX 3,CEX,-1788078.533,,9290.611099768726
2026-10-07 07:52:55,7850.0,7903.25,Call GEX 4,GEX,690007.579,,9290.611099768726
2026-10-07 07:52:55,7900.0,7953.5,Call DEX 4,DEX,179.369,,9290.611099768726
2026-10-07 07:52:55,7900.0,7953.5,Call GEX 1,GEX,842933.237,,9290.611099768726
2026-10-07 07:52:55,8000.0,8054.25,Put CEX 1,CEX,-4868675.806,,9290.611099768726
2026-10-07 07:52:55,8000.0,8054.25,Put DEX 1,DEX,-1944.426,,9290.611099768726
2026-10-07 07:52:55,8000.0,8054.25,Call GEX 2,GEX,836391.455,,9290.611099768726
2026-10-07 07:52:55,8000.0,8054.25,Put VEX 1,VEX,-12502277.739,,9290.611099768726
2026-10-07 07:52:55,8050.0,8104.5,Call DEX 3,DEX,223.601,,9290.611099768726
2026-10-07 07:52:55,8050.0,8104.5,Call GEX 5,GEX,674404.777,,9290.611099768726
2026-10-07 07:52:55,8050.0,8104.5,Put VEX 3,VEX,-1490808.86,,9290.611099768726
2026-10-07 07:52:55,8100.0,8154.75,Put VEX 2,VEX,-1737339.192,,9290.611099768726
2026-10-07 07:52:55,8150.0,8205.25,Put VEX 5,VEX,-1082470.526,,9290.611099768726
2026-10-07 07:52:55,8200.0,8255.5,Put VEX 4,VEX,-1163422.785,,9290.611099768726
2026-10-07 07:52:55,9000.0,9061.0,Put DEX 2,DEX,-57.218,,9290.611099768726
2026-10-07 07:52:55,10000.0,10067.75,Put DEX 4,DEX,-39.834,,9290.611099768726
2026-10-07 07:53:41,6400.0,6442.75,Put DEX 5,DEX,-39.647,,9290.021232532186
2026-10-07 07:53:41,6500.0,6543.25,Put DEX 3,DEX,-42.769,,9290.021232532186
2026-10-07 07:53:41,7000.0,7046.75,Call CEX 4,CEX,1127864.595,,9290.021232532186
2026-10-07 07:53:41,7000.0,7046.75,Call DEX 1,DEX,420.077,,9290.021232532186
2026-10-07 07:53:41,7000.0,7046.75,Put GEX 1,GEX,-825461.103,,9290.021232532186
2026-10-07 07:53:41,7000.0,7046.75,Call VEX 1,VEX,9232647.568,,9290.021232532186
2026-10-07 07:53:41,7400.0,7449.25,Put GEX 5,GEX,-206872.739,,9290.021232532186
2026-10-07 07:53:41,7400.0,7449.25,Call VEX 5,VEX,1805516.483,,9290.021232532186
2026-10-07 07:53:41,7500.0,7550.0,Put GEX 2,GEX,-386873.16,,9290.021232532186
2026-10-07 07:53:41,7500.0,7550.0,Call VEX 3,VEX,2506454.627,,9290.021232532186
2026-10-07 07:53:41,7600.0,7650.75,Call DEX 4,DEX,177.538,,9290.021232532186
2026-10-07 07:53:41,7600.0,7650.75,Put GEX 4,GEX,-304910.13,,9290.021232532186
2026-10-07 07:53:41,7600.0,7650.75,Call VEX 4,VEX,2248928.924,,9290.021232532186
2026-10-07 07:53:41,7650.0,7701.0,Put GEX 3,GEX,-364125.406,,9290.021232532186
2026-10-07 07:53:41,7700.0,7751.25,Call CEX 3,CEX,1339920.001,,9290.021232532186
2026-10-07 07:53:41,7700.0,7751.25,Call DEX 2,DEX,314.456,,9290.021232532186
2026-10-07 07:53:41,7700.0,7751.25,Call VEX 2,VEX,2533190.986,,9290.021232532186
2026-10-07 07:53:41,7720.0,7771.5,Call CEX 5,CEX,1056428.074,,9290.021232532186
2026-10-07 07:53:41,7725.0,7776.5,Call CEX 2,CEX,1348675.987,,9290.021232532186
2026-10-07 07:53:41,7750.0,7801.75,Call CEX 1,CEX,2289496.033,,9290.021232532186
2026-10-07 07:53:41,7795.0,7847.0,Put CEX 5,CEX,-1541501.977,,9290.021232532186
2026-10-07 07:53:41,7800.0,7852.0,Put CEX 2,CEX,-2515791.596,,9290.021232532186
2026-10-07 07:53:41,7800.0,7852.0,Call DEX 5,DEX,177.263,,9290.021232532186
2026-10-07 07:53:41,7800.0,7852.0,Call GEX 3,GEX,755989.972,,9290.021232532186
2026-10-07 07:53:41,7825.0,7877.25,Put CEX 4,CEX,-1751681.029,,9290.021232532186
2026-10-07 07:53:41,7850.0,7902.25,Put CEX 3,CEX,-2047092.927,,9290.021232532186
2026-10-07 07:53:41,7850.0,7902.25,Call GEX 4,GEX,679553.777,,9290.021232532186
2026-10-07 07:53:41,7900.0,7952.75,Call GEX 1,GEX,844605.806,,9290.021232532186
2026-10-07 07:53:41,8000.0,8053.25,Put CEX 1,CEX,-4961594.959,,9290.021232532186
2026-10-07 07:53:41,8000.0,8053.25,Put DEX 1,DEX,-1924.696,,9290.021232532186
2026-10-07 07:53:41,8000.0,8053.25,Call GEX 2,GEX,790615.376,,9290.021232532186
2026-10-07 07:53:41,8000.0,8053.25,Put VEX 1,VEX,-12610817.45,,9290.021232532186
2026-10-07 07:53:41,8050.0,8103.75,Call DEX 3,DEX,223.714,,9290.021232532186
2026-10-07 07:53:41,8050.0,8103.75,Call GEX 5,GEX,675794.563,,9290.021232532186
2026-10-07 07:53:41,8050.0,8103.75,Put VEX 3,VEX,-1490042.916,,9290.021232532186
2026-10-07 07:53:41,8100.0,8154.0,Put VEX 2,VEX,-1737246.385,,9290.021232532186
2026-10-07 07:53:41,8150.0,8204.5,Put VEX 5,VEX,-1082515.067,,9290.021232532186
2026-10-07 07:53:41,8200.0,8254.75,Put VEX 4,VEX,-1163380.772,,9290.021232532186
2026-10-07 07:53:41,9000.0,9060.0,Put DEX 2,DEX,-57.144,,9290.021232532186
2026-10-07 07:53:41,10000.0,10066.75,Put DEX 4,DEX,-39.804,,9290.021232532186
2026-10-07 07:54:30,6400.0,6443.5,Put DEX 5,DEX,-39.679,,9288.19660699746
2026-10-07 07:54:30,6500.0,6544.25,Put DEX 3,DEX,-42.777,,9288.19660699746
2026-10-07 07:54:30,7000.0,7047.5,Call CEX 4,CEX,1125569.316,,9288.19660699746
2026-10-07 07:54:30,7000.0,7047.5,Call DEX 1,DEX,420.908,,9288.19660699746
2026-10-07 07:54:30,7000.0,7047.5,Put GEX 1,GEX,-826673.98,,9288.19660699746
2026-10-07 07:54:30,7000.0,7047.5,Call VEX 1,VEX,9222126.07,,9288.19660699746
2026-10-07 07:54:30,7400.0,7450.25,Put GEX 5,GEX,-206889.736,,9288.19660699746
2026-10-07 07:54:30,7400.0,7450.25,Call VEX 5,VEX,1805958.122,,9288.19660699746
2026-10-07 07:54:30,7500.0,7551.0,Put GEX 2,GEX,-385077.866,,9288.19660699746
2026-10-07 07:54:30,7500.0,7551.0,Call VEX 3,VEX,2512197.121,,9288.19660699746
2026-10-07 07:54:30,7600.0,7651.75,Call DEX 4,DEX,177.658,,9288.19660699746
2026-10-07 07:54:30,7600.0,7651.75,Put GEX 4,GEX,-305521.918,,9288.19660699746
2026-10-07 07:54:30,7600.0,7651.75,Call VEX 4,VEX,2247999.626,,9288.19660699746
2026-10-07 07:54:30,7650.0,7702.0,Put GEX 3,GEX,-364898.906,,9288.19660699746
2026-10-07 07:54:30,7700.0,7752.25,Call CEX 2,CEX,1416220.538,,9288.19660699746
2026-10-07 07:54:30,7700.0,7752.25,Call DEX 2,DEX,313.105,,9288.19660699746
2026-10-07 07:54:30,7700.0,7752.25,Call VEX 2,VEX,2529779.182,,9288.19660699746
2026-10-07 07:54:30,7720.0,7772.5,Call CEX 5,CEX,1085252.652,,9288.19660699746
2026-10-07 07:54:30,7725.0,7777.5,Call CEX 3,CEX,1371450.386,,9288.19660699746
2026-10-07 07:54:30,7750.0,7802.75,Call CEX 1,CEX,2277033.504,,9288.19660699746
2026-10-07 07:54:30,7795.0,7848.0,Put CEX 4,CEX,-1537163.02,,9288.19660699746
2026-10-07 07:54:30,7800.0,7853.0,Put CEX 2,CEX,-2474525.708,,9288.19660699746
2026-10-07 07:54:30,7800.0,7853.0,Call GEX 3,GEX,748593.175,,9288.19660699746
2026-10-07 07:54:30,7825.0,7878.25,Put CEX 5,CEX,-1509969.051,,9288.19660699746
2026-10-07 07:54:30,7850.0,7903.25,Put CEX 3,CEX,-1886586.101,,9288.19660699746
2026-10-07 07:54:30,7850.0,7903.25,Call GEX 4,GEX,687053.933,,9288.19660699746
2026-10-07 07:54:30,7900.0,7953.75,Call DEX 5,DEX,176.835,,9288.19660699746
2026-10-07 07:54:30,7900.0,7953.75,Call GEX 1,GEX,841344.861,,9288.19660699746
2026-10-07 07:54:30,8000.0,8054.25,Put CEX 1,CEX,-4869965.985,,9288.19660699746
2026-10-07 07:54:30,8000.0,8054.25,Put DEX 1,DEX,-1937.797,,9288.19660699746
2026-10-07 07:54:30,8000.0,8054.25,Call GEX 2,GEX,819526.48,,9288.19660699746
2026-10-07 07:54:30,8000.0,8054.25,Put VEX 1,VEX,-12530438.992,,9288.19660699746
2026-10-07 07:54:30,8050.0,8104.75,Call DEX 3,DEX,223.886,,9288.19660699746
2026-10-07 07:54:30,8050.0,8104.75,Call GEX 5,GEX,675062.28,,9288.19660699746
2026-10-07 07:54:30,8050.0,8104.75,Put VEX 3,VEX,-1490080.498,,9288.19660699746
2026-10-07 07:54:30,8100.0,8155.0,Put VEX 2,VEX,-1737647.792,,9288.19660699746
2026-10-07 07:54:30,8150.0,8205.25,Put VEX 5,VEX,-1082345.72,,9288.19660699746
2026-10-07 07:54:30,8200.0,8255.75,Put VEX 4,VEX,-1163314.071,,9288.19660699746
2026-10-07 07:54:30,9000.0,9061.25,Put DEX 2,DEX,-57.286,,9288.19660699746
2026-10-07 07:54:30,10000.0,10068.0,Put DEX 4,DEX,-39.837,,9288.19660699746
2026-10-07 07:55:18,6400.0,6443.5,Put DEX 5,DEX,-39.471,,9286.751360669376
2026-10-07 07:55:18,6500.0,6544.0,Put DEX 3,DEX,-42.548,,9286.751360669376
2026-10-07 07:55:18,7000.0,7047.5,Call CEX 4,CEX,1121477.097,,9286.751360669376
2026-10-07 07:55:18,7000.0,7047.5,Call DEX 1,DEX,425.477,,9286.751360669376
2026-10-07 07:55:18,7000.0,7047.5,Put GEX 1,GEX,-825701.226,,9286.751360669376
2026-10-07 07:55:18,7000.0,7047.5,Call VEX 1,VEX,9184981.663,,9286.751360669376
2026-10-07 07:55:18,7400.0,7450.25,Put GEX 5,GEX,-205691.468,,9286.751360669376
2026-10-07 07:55:18,7400.0,7450.25,Call VEX 5,VEX,1804104.71,,9286.751360669376
2026-10-07 07:55:18,7500.0,7550.75,Put GEX 2,GEX,-382382.503,,9286.751360669376
2026-10-07 07:55:18,7500.0,7550.75,Call VEX 3,VEX,2514301.068,,9286.751360669376
2026-10-07 07:55:18,7600.0,7651.5,Call DEX 5,DEX,180.837,,9286.751360669376
2026-10-07 07:55:18,7600.0,7651.5,Put GEX 4,GEX,-302878.543,,9286.751360669376
2026-10-07 07:55:18,7600.0,7651.5,Call VEX 4,VEX,2255258.14,,9286.751360669376
2026-10-07 07:55:18,7650.0,7702.0,Put GEX 3,GEX,-361171.942,,9286.751360669376
2026-10-07 07:55:18,7700.0,7752.25,Call CEX 2,CEX,1415710.586,,9286.751360669376
2026-10-07 07:55:18,7700.0,7752.25,Call DEX 2,DEX,319.365,,9286.751360669376
2026-10-07 07:55:18,7700.0,7752.25,Call VEX 2,VEX,2565348.225,,9286.751360669376
2026-10-07 07:55:18,7720.0,7772.25,Call CEX 5,CEX,1084486.396,,9286.751360669376
2026-10-07 07:55:18,7725.0,7777.5,Call CEX 3,CEX,1371431.766,,9286.751360669376
2026-10-07 07:55:18,7750.0,7802.5,Call CEX 1,CEX,2493056.324,,9286.751360669376
2026-10-07 07:55:18,7795.0,7847.75,Put CEX 5,CEX,-1552388.491,,9286.751360669376
2026-10-07 07:55:18,7800.0,7853.0,Put CEX 2,CEX,-2518584.316,,9286.751360669376
2026-10-07 07:55:18,7800.0,7853.0,Call DEX 4,DEX,183.528,,9286.751360669376
2026-10-07 07:55:18,7800.0,7853.0,Call GEX 3,GEX,749454.536,,9286.751360669376
2026-10-07 07:55:18,7825.0,7878.0,Put CEX 4,CEX,-1639821.648,,9286.751360669376
2026-10-07 07:55:18,7850.0,7903.25,Put CEX 3,CEX,-1895312.523,,9286.751360669376
2026-10-07 07:55:18,7850.0,7903.25,Call GEX 4,GEX,698076.454,,9286.751360669376
2026-10-07 07:55:18,7900.0,7953.5,Call GEX 1,GEX,852984.96,,9286.751360669376
2026-10-07 07:55:18,8000.0,8054.25,Put CEX 1,CEX,-4914861.198,,9286.751360669376
2026-10-07 07:55:18,8000.0,8054.25,Put DEX 1,DEX,-1919.096,,9286.751360669376
2026-10-07 07:55:18,8000.0,8054.25,Call GEX 2,GEX,814826.062,,9286.751360669376
2026-10-07 07:55:18,8000.0,8054.25,Put VEX 1,VEX,-12506642.52,,9286.751360669376
2026-10-07 07:55:18,8050.0,8104.5,Call DEX 3,DEX,225.608,,9286.751360669376
2026-10-07 07:55:18,8050.0,8104.5,Call GEX 5,GEX,679272.651,,9286.751360669376
2026-10-07 07:55:18,8050.0,8104.5,Put VEX 3,VEX,-1486109.256,,9286.751360669376
2026-10-07 07:55:18,8100.0,8155.0,Put VEX 2,VEX,-1732826.095,,9286.751360669376
2026-10-07 07:55:18,8150.0,8205.25,Put VEX 5,VEX,-1080317.062,,9286.751360669376
2026-10-07 07:55:18,8200.0,8255.5,Put VEX 4,VEX,-1163037.601,,9286.751360669376
2026-10-07 07:55:18,9000.0,9061.0,Put DEX 2,DEX,-57.045,,9286.751360669376
2026-10-07 07:55:18,10000.0,10067.75,Put DEX 4,DEX,-39.682,,9286.751360669376
2026-10-07 07:56:07,6400.0,6443.0,Put DEX 5,DEX,-39.524,,9288.528674561365
2026-10-07 07:56:07,6500.0,6543.5,Put DEX 3,DEX,-42.517,,9288.528674561365
2026-10-07 07:56:07,7000.0,7047.0,Call CEX 4,CEX,1114727.625,,9288.528674561365
2026-10-07 07:56:07,7000.0,7047.0,Call DEX 1,DEX,425.875,,9288.528674561365
2026-10-07 07:56:07,7000.0,7047.0,Put GEX 1,GEX,-824468.591,,9288.528674561365
2026-10-07 07:56:07,7000.0,7047.0,Call VEX 1,VEX,9180629.778,,9288.528674561365
2026-10-07 07:56:07,7400.0,7449.5,Put GEX 5,GEX,-205601.645,,9288.528674561365
2026-10-07 07:56:07,7400.0,7449.5,Call VEX 5,VEX,1804167.7,,9288.528674561365
2026-10-07 07:56:07,7500.0,7550.25,Put GEX 2,GEX,-384492.493,,9288.528674561365
2026-10-07 07:56:07,7500.0,7550.25,Call VEX 3,VEX,2506211.103,,9288.528674561365
2026-10-07 07:56:07,7600.0,7651.0,Call DEX 5,DEX,180.654,,9288.528674561365
2026-10-07 07:56:07,7600.0,7651.0,Put GEX 4,GEX,-303930.891,,9288.528674561365
2026-10-07 07:56:07,7600.0,7651.0,Call VEX 4,VEX,2254590.13,,9288.528674561365
2026-10-07 07:56:07,7650.0,7701.25,Put GEX 3,GEX,-359424.402,,9288.528674561365
2026-10-07 07:56:07,7700.0,7751.5,Call CEX 3,CEX,1285393.463,,9288.528674561365
2026-10-07 07:56:07,7700.0,7751.5,Call DEX 2,DEX,316.596,,9288.528674561365
2026-10-07 07:56:07,7700.0,7751.5,Call VEX 2,VEX,2572234.248,,9288.528674561365
2026-10-07 07:56:07,7720.0,7771.75,Call CEX 5,CEX,1026407.396,,9288.528674561365
2026-10-07 07:56:07,7725.0,7776.75,Call CEX 2,CEX,1324030.089,,9288.528674561365
2026-10-07 07:56:07,7750.0,7802.0,Call CEX 1,CEX,2579850.785,,9288.528674561365
2026-10-07 07:56:07,7795.0,7847.25,Put CEX 5,CEX,-1551801.589,,9288.528674561365
2026-10-07 07:56:07,7800.0,7852.25,Put CEX 2,CEX,-2537587.723,,9288.528674561365
2026-10-07 07:56:07,7800.0,7852.25,Call DEX 4,DEX,185.876,,9288.528674561365
2026-10-07 07:56:07,7800.0,7852.25,Call GEX 3,GEX,762103.627,,9288.528674561365
2026-10-07 07:56:07,7825.0,7877.5,Put CEX 4,CEX,-1830938.875,,9288.528674561365
2026-10-07 07:56:07,7850.0,7902.75,Put CEX 3,CEX,-2071695.779,,9288.528674561365
2026-10-07 07:56:07,7850.0,7902.75,Call GEX 4,GEX,693339.236,,9288.528674561365
2026-10-07 07:56:07,7900.0,7953.0,Call GEX 1,GEX,851424.068,,9288.528674561365
2026-10-07 07:56:07,8000.0,8053.75,Put CEX 1,CEX,-4932319.135,,9288.528674561365
2026-10-07 07:56:07,8000.0,8053.75,Put DEX 1,DEX,-1910.641,,9288.528674561365
2026-10-07 07:56:07,8000.0,8053.75,Call GEX 2,GEX,793263.196,,9288.528674561365
2026-10-07 07:56:07,8000.0,8053.75,Put VEX 1,VEX,-12510763.745,,9288.528674561365
2026-10-07 07:56:07,8050.0,8104.0,Call DEX 3,DEX,225.756,,9288.528674561365
2026-10-07 07:56:07,8050.0,8104.0,Call GEX 5,GEX,680344.08,,9288.528674561365
2026-10-07 07:56:07,8050.0,8104.0,Put VEX 3,VEX,-1484110.243,,9288.528674561365
2026-10-07 07:56:07,8100.0,8154.25,Put VEX 2,VEX,-1732063.154,,9288.528674561365
2026-10-07 07:56:07,8150.0,8204.75,Put VEX 5,VEX,-1079005.993,,9288.528674561365
2026-10-07 07:56:07,8200.0,8255.0,Put VEX 4,VEX,-1162688.935,,9288.528674561365
2026-10-07 07:56:07,9000.0,9060.25,Put DEX 2,DEX,-57.256,,9288.528674561365
2026-10-07 07:56:07,10000.0,10067.0,Put DEX 4,DEX,-39.849,,9288.528674561365
2026-10-07 07:56:56,6000.0,6040.75,Put DEX 3,DEX,-44.797,,9288.904839405135
2026-10-07 07:56:56,6500.0,6544.25,Put DEX 4,DEX,-42.447,,9288.904839405135
2026-10-07 07:56:56,7000.0,7047.5,Call CEX 4,CEX,1108227.407,,9288.904839405135
2026-10-07 07:56:56,7000.0,7047.5,Call DEX 1,DEX,426.683,,9288.904839405135
2026-10-07 07:56:56,7000.0,7047.5,Put GEX 1,GEX,-823209.194,,9288.904839405135
2026-10-07 07:56:56,7000.0,7047.5,Call VEX 1,VEX,9180898.512,,9288.904839405135
2026-10-07 07:56:56,7400.0,7450.25,Put GEX 5,GEX,-205092.938,,9288.904839405135
2026-10-07 07:56:56,7400.0,7450.25,Call VEX 5,VEX,1804602.613,,9288.904839405135
2026-10-07 07:56:56,7500.0,7551.0,Put GEX 2,GEX,-380822.022,,9288.904839405135
2026-10-07 07:56:56,7500.0,7551.0,Call VEX 3,VEX,2513742.395,,9288.904839405135
2026-10-07 07:56:56,7600.0,7651.75,Put GEX 4,GEX,-300991.338,,9288.904839405135
2026-10-07 07:56:56,7600.0,7651.75,Call VEX 4,VEX,2259976.159,,9288.904839405135
2026-10-07 07:56:56,7650.0,7702.0,Put GEX 3,GEX,-357474.69,,9288.904839405135
2026-10-07 07:56:56,7700.0,7752.25,Call CEX 2,CEX,1406859.978,,9288.904839405135
2026-10-07 07:56:56,7700.0,7752.25,Call DEX 2,DEX,324.076,,9288.904839405135
2026-10-07 07:56:56,7700.0,7752.25,Call VEX 2,VEX,2591792.763,,9288.904839405135
2026-10-07 07:56:56,7720.0,7772.5,Call CEX 5,CEX,1059803.807,,9288.904839405135
2026-10-07 07:56:56,7725.0,7777.5,Call CEX 3,CEX,1353728.867,,9288.904839405135
2026-10-07 07:56:56,7750.0,7802.75,Call CEX 1,CEX,2667092.651,,9288.904839405135
2026-10-07 07:56:56,7795.0,7848.0,Put CEX 4,CEX,-1556236.657,,9288.904839405135
2026-10-07 07:56:56,7800.0,7853.0,Put CEX 2,CEX,-2515156.086,,9288.904839405135
2026-10-07 07:56:56,7800.0,7853.0,Call DEX 4,DEX,187.997,,9288.904839405135
2026-10-07 07:56:56,7800.0,7853.0,Call GEX 3,GEX,754118.387,,9288.904839405135
2026-10-07 07:56:56,7825.0,7878.25,Put CEX 5,CEX,-1528411.898,,9288.904839405135
2026-10-07 07:56:56,7850.0,7903.25,Put CEX 3,CEX,-1834383.03,,9288.904839405135
2026-10-07 07:56:56,7850.0,7903.25,Call GEX 4,GEX,710790.985,,9288.904839405135
2026-10-07 07:56:56,7900.0,7953.75,Call DEX 5,DEX,183.912,,9288.904839405135
2026-10-07 07:56:56,7900.0,7953.75,Call GEX 1,GEX,858411.101,,9288.904839405135
2026-10-07 07:56:56,8000.0,8054.25,Put CEX 1,CEX,-4860270.277,,9288.904839405135
2026-10-07 07:56:56,8000.0,8054.25,Put DEX 1,DEX,-1911.709,,9288.904839405135
2026-10-07 07:56:56,8000.0,8054.25,Call GEX 2,GEX,816099.312,,9288.904839405135
2026-10-07 07:56:56,8000.0,8054.25,Put VEX 1,VEX,-12426516.732,,9288.904839405135
2026-10-07 07:56:56,8050.0,8104.75,Call DEX 3,DEX,226.553,,9288.904839405135
2026-10-07 07:56:56,8050.0,8104.75,Call GEX 5,GEX,681686.227,,9288.904839405135
2026-10-07 07:56:56,8050.0,8104.75,Put VEX 3,VEX,-1482111.763,,9288.904839405135
2026-10-07 07:56:56,8100.0,8155.0,Put VEX 2,VEX,-1729763.106,,9288.904839405135
2026-10-07 07:56:56,8150.0,8205.5,Put VEX 5,VEX,-1078146.684,,9288.904839405135
2026-10-07 07:56:56,8200.0,8255.75,Put VEX 4,VEX,-1162496.278,,9288.904839405135
2026-10-07 07:56:56,9000.0,9061.25,Put DEX 2,DEX,-65.042,,9288.904839405135
2026-10-07 07:56:56,10000.0,10068.0,Put DEX 5,DEX,-39.849,,9288.904839405135
2026-10-07 07:57:44,6400.0,6443.25,Put DEX 5,DEX,-39.246,,9288.39011802616
2026-10-07 07:57:44,6500.0,6544.0,Put DEX 3,DEX,-42.405,,9288.39011802616
2026-10-07 07:57:44,7000.0,7047.5,Call CEX 4,CEX,1112004.476,,9288.39011802616
2026-10-07 07:57:44,7000.0,7047.5,Call DEX 1,DEX,424.121,,9288.39011802616
2026-10-07 07:57:44,7000.0,7047.5,Put GEX 1,GEX,-820534.435,,9288.39011802616
2026-10-07 07:57:44,7000.0,7047.5,Call VEX 1,VEX,9197730.296,,9288.39011802616
2026-10-07 07:57:44,7400.0,7450.0,Put GEX 5,GEX,-204724.106,,9288.39011802616
2026-10-07 07:57:44,7400.0,7450.0,Call VEX 5,VEX,1803146.009,,9288.39011802616
2026-10-07 07:57:44,7500.0,7550.75,Put GEX 2,GEX,-381367.147,,9288.39011802616
2026-10-07 07:57:44,7500.0,7550.75,Call VEX 3,VEX,2510489.825,,9288.39011802616
2026-10-07 07:57:44,7600.0,7651.5,Call DEX 5,DEX,182.479,,9288.39011802616
2026-10-07 07:57:44,7600.0,7651.5,Put GEX 4,GEX,-301316.625,,9288.39011802616
2026-10-07 07:57:44,7600.0,7651.5,Call VEX 4,VEX,2259336.623,,9288.39011802616
2026-10-07 07:57:44,7650.0,7701.75,Put GEX 3,GEX,-356218.209,,9288.39011802616
2026-10-07 07:57:44,7700.0,7752.25,Call CEX 2,CEX,1317224.551,,9288.39011802616
2026-10-07 07:57:44,7700.0,7752.25,Call DEX 2,DEX,326.589,,9288.39011802616
2026-10-07 07:57:44,7700.0,7752.25,Call VEX 2,VEX,2600017.515,,9288.39011802616
2026-10-07 07:57:44,7720.0,7772.25,Call CEX 5,CEX,1018694.812,,9288.39011802616
2026-10-07 07:57:44,7725.0,7777.25,Call CEX 3,CEX,1305060.327,,9288.39011802616
2026-10-07 07:57:44,7750.0,7802.5,Call CEX 1,CEX,2745725.798,,9288.39011802616
2026-10-07 07:57:44,7795.0,7847.75,Put CEX 5,CEX,-1552985.087,,9288.39011802616
2026-10-07 07:57:44,7800.0,7852.75,Put CEX 2,CEX,-2534517.929,,9288.39011802616
2026-10-07 07:57:44,7800.0,7852.75,Call DEX 4,DEX,190.624,,9288.39011802616
2026-10-07 07:57:44,7800.0,7852.75,Call GEX 3,GEX,763796.394,,9288.39011802616
2026-10-07 07:57:44,7825.0,7878.0,Put CEX 4,CEX,-1834065.213,,9288.39011802616
2026-10-07 07:57:44,7850.0,7903.25,Put CEX 3,CEX,-2049872.806,,9288.39011802616
2026-10-07 07:57:44,7850.0,7903.25,Call GEX 4,GEX,703637.192,,9288.39011802616
2026-10-07 07:57:44,7900.0,7953.5,Call GEX 1,GEX,860619.708,,9288.39011802616
2026-10-07 07:57:44,8000.0,8054.25,Put CEX 1,CEX,-4885560.928,,9288.39011802616
2026-10-07 07:57:44,8000.0,8054.25,Put DEX 1,DEX,-1903.544,,9288.39011802616
2026-10-07 07:57:44,8000.0,8054.25,Call GEX 2,GEX,805889.011,,9288.39011802616
2026-10-07 07:57:44,8000.0,8054.25,Put VEX 1,VEX,-12431906.71,,9288.39011802616
2026-10-07 07:57:44,8050.0,8104.5,Call DEX 3,DEX,226.989,,9288.39011802616
2026-10-07 07:57:44,8050.0,8104.5,Call GEX 5,GEX,683061.449,,9288.39011802616
2026-10-07 07:57:44,8050.0,8104.5,Put VEX 3,VEX,-1480453.937,,9288.39011802616
2026-10-07 07:57:44,8100.0,8154.75,Put VEX 2,VEX,-1727946.116,,9288.39011802616
2026-10-07 07:57:44,8150.0,8205.25,Put VEX 5,VEX,-1077364.557,,9288.39011802616
2026-10-07 07:57:44,8200.0,8255.5,Put VEX 4,VEX,-1162373.296,,9288.39011802616
2026-10-07 07:57:44,9000.0,9061.0,Put DEX 2,DEX,-57.253,,9288.39011802616
2026-10-07 07:57:44,10000.0,10067.75,Put DEX 4,DEX,-39.848,,9288.39011802616
2026-10-07 07:58:32,6000.0,6039.75,Put DEX 3,DEX,-44.774,,9287.755166085788
2026-10-07 07:58:32,6500.0,6543.0,Put DEX 4,DEX,-42.363,,9287.755166085788
2026-10-07 07:58:32,7000.0,7046.5,Call CEX 3,CEX,1107377.595,,9287.755166085788
2026-10-07 07:58:32,7000.0,7046.5,Call DEX 1,DEX,419.569,,9287.755166085788
2026-10-07 07:58:32,7000.0,7046.5,Put GEX 1,GEX,-822432.579,,9287.755166085788
2026-10-07 07:58:32,7000.0,7046.5,Call VEX 1,VEX,9171247.652,,9287.755166085788
2026-10-07 07:58:32,7400.0,7449.0,Put GEX 5,GEX,-204502.366,,9287.755166085788
2026-10-07 07:58:32,7400.0,7449.0,Call VEX 5,VEX,1801897.13,,9287.755166085788
2026-10-07 07:58:32,7500.0,7549.75,Put GEX 2,GEX,-385385.053,,9287.755166085788
2026-10-07 07:58:32,7500.0,7549.75,Call VEX 3,VEX,2495516.252,,9287.755166085788
2026-10-07 07:58:32,7600.0,7650.5,Call DEX 5,DEX,181.415,,9287.755166085788
2026-10-07 07:58:32,7600.0,7650.5,Put GEX 4,GEX,-302616.567,,9287.755166085788
2026-10-07 07:58:32,7600.0,7650.5,Call VEX 4,VEX,2256695.245,,9287.755166085788
2026-10-07 07:58:32,7650.0,7700.75,Put GEX 3,GEX,-354083.508,,9287.755166085788
2026-10-07 07:58:32,7700.0,7751.0,Call CEX 2,CEX,1243063.015,,9287.755166085788
2026-10-07 07:58:32,7700.0,7751.0,Call DEX 2,DEX,324.287,,9287.755166085788
2026-10-07 07:58:32,7700.0,7751.0,Call VEX 2,VEX,2610191.067,,9287.755166085788
2026-10-07 07:58:32,7725.0,7776.25,Call CEX 4,CEX,1027417.692,,9287.755166085788
2026-10-07 07:58:32,7740.0,7791.25,Call CEX 5,CEX,1003956.6,,9287.755166085788
2026-10-07 07:58:32,7750.0,7801.5,Call CEX 1,CEX,2805409.272,,9287.755166085788
2026-10-07 07:58:32,7795.0,7846.75,Put CEX 5,CEX,-1535114.945,,9287.755166085788
2026-10-07 07:58:32,7800.0,7851.75,Put CEX 2,CEX,-2534083.736,,9287.755166085788
2026-10-07 07:58:32,7800.0,7851.75,Call DEX 4,DEX,192.778,,9287.755166085788
2026-10-07 07:58:32,7800.0,7851.75,Call GEX 2,GEX,786086.143,,9287.755166085788
2026-10-07 07:58:32,7825.0,7877.0,Put CEX 4,CEX,-2005883.847,,9287.755166085788
2026-10-07 07:58:32,7850.0,7902.0,Put CEX 3,CEX,-2161696.371,,9287.755166085788
2026-10-07 07:58:32,7850.0,7902.0,Call GEX 4,GEX,702629.581,,9287.755166085788
2026-10-07 07:58:32,7900.0,7952.5,Call GEX 1,GEX,860762.836,,9287.755166085788
2026-10-07 07:58:32,8000.0,8053.0,Put CEX 1,CEX,-4992431.613,,9287.755166085788
2026-10-07 07:58:32,8000.0,8053.0,Put DEX 1,DEX,-1885.758,,9287.755166085788
2026-10-07 07:58:32,8000.0,8053.0,Call GEX 3,GEX,775463.227,,9287.755166085788
2026-10-07 07:58:32,8000.0,8053.0,Put VEX 1,VEX,-12508305.432,,9287.755166085788
2026-10-07 07:58:32,8050.0,8103.5,Call DEX 3,DEX,226.992,,9287.755166085788
2026-10-07 07:58:32,8050.0,8103.5,Call GEX 5,GEX,684431.616,,9287.755166085788
2026-10-07 07:58:32,8050.0,8103.5,Put VEX 3,VEX,-1479162.751,,9287.755166085788
2026-10-07 07:58:32,8100.0,8153.75,Put VEX 2,VEX,-1727098.308,,9287.755166085788
2026-10-07 07:58:32,8150.0,8204.0,Put VEX 5,VEX,-1077073.551,,9287.755166085788
2026-10-07 07:58:32,8200.0,8254.5,Put VEX 4,VEX,-1162032.523,,9287.755166085788
2026-10-07 07:58:32,9000.0,9059.75,Put DEX 2,DEX,-64.913,,9287.755166085788
2026-10-07 07:58:32,10000.0,10066.25,Put DEX 5,DEX,-39.824,,9287.755166085788
2026-10-07 07:59:22,6000.0,6040.0,Put DEX 3,DEX,-44.768,,9287.7622180045
2026-10-07 07:59:22,6500.0,6543.25,Put DEX 4,DEX,-42.336,,9287.7622180045
2026-10-07 07:59:22,7000.0,7046.5,Call CEX 3,CEX,1110888.444,,9287.7622180045
2026-10-07 07:59:22,7000.0,7046.5,Call DEX 1,DEX,419.956,,9287.7622180045
2026-10-07 07:59:22,7000.0,7046.5,Put GEX 1,GEX,-822198.923,,9287.7622180045
2026-10-07 07:59:22,7000.0,7046.5,Call VEX 1,VEX,9171175.735,,9287.7622180045
2026-10-07 07:59:22,7400.0,7449.25,Put GEX 5,GEX,-204558.647,,9287.7622180045
2026-10-07 07:59:22,7400.0,7449.25,Call VEX 5,VEX,1802697.533,,9287.7622180045
2026-10-07 07:59:22,7500.0,7549.75,Put GEX 2,GEX,-384757.58,,9287.7622180045
2026-10-07 07:59:22,7500.0,7549.75,Call VEX 3,VEX,2494931.936,,9287.7622180045
2026-10-07 07:59:22,7600.0,7650.5,Call DEX 5,DEX,181.603,,9287.7622180045
2026-10-07 07:59:22,7600.0,7650.5,Put GEX 4,GEX,-302161.506,,9287.7622180045
2026-10-07 07:59:22,7600.0,7650.5,Call VEX 4,VEX,2258344.64,,9287.7622180045
2026-10-07 07:59:22,7650.0,7700.75,Put GEX 3,GEX,-353804.993,,9287.7622180045
2026-10-07 07:59:22,7700.0,7751.25,Call CEX 2,CEX,1258812.894,,9287.7622180045
2026-10-07 07:59:22,7700.0,7751.25,Call DEX 2,DEX,325.035,,9287.7622180045
2026-10-07 07:59:22,7700.0,7751.25,Call VEX 2,VEX,2615626.537,,9287.7622180045
2026-10-07 07:59:22,7725.0,7776.25,Call CEX 4,CEX,1030029.265,,9287.7622180045
2026-10-07 07:59:22,7740.0,7791.5,Call CEX 5,CEX,1009113.157,,9287.7622180045
2026-10-07 07:59:22,7750.0,7801.5,Call CEX 1,CEX,2839266.111,,9287.7622180045
2026-10-07 07:59:22,7795.0,7846.75,Put CEX 5,CEX,-1537266.068,,9287.7622180045
2026-10-07 07:59:22,7800.0,7851.75,Put CEX 2,CEX,-2532811.996,,9287.7622180045
2026-10-07 07:59:22,7800.0,7851.75,Call DEX 4,DEX,194.185,,9287.7622180045
2026-10-07 07:59:22,7800.0,7851.75,Call GEX 3,GEX,784768.988,,9287.7622180045
2026-10-07 07:59:22,7825.0,7877.0,Put CEX 4,CEX,-1996278.78,,9287.7622180045
2026-10-07 07:59:22,7850.0,7902.25,Put CEX 3,CEX,-2160187.17,,9287.7622180045
2026-10-07 07:59:22,7850.0,7902.25,Call GEX 4,GEX,704692.527,,9287.7622180045
2026-10-07 07:59:22,7900.0,7952.5,Call GEX 1,GEX,862205.92,,9287.7622180045
2026-10-07 07:59:22,8000.0,8053.25,Put CEX 1,CEX,-4974310.481,,9287.7622180045
2026-10-07 07:59:22,8000.0,8053.25,Put DEX 1,DEX,-1887.482,,9287.7622180045
2026-10-07 07:59:22,8000.0,8053.25,Call GEX 2,GEX,787723.864,,9287.7622180045
2026-10-07 07:59:22,8000.0,8053.25,Put VEX 1,VEX,-12465961.506,,9287.7622180045
2026-10-07 07:59:22,8050.0,8103.5,Call DEX 3,DEX,227.428,,9287.7622180045
2026-10-07 07:59:22,8050.0,8103.5,Call GEX 5,GEX,685254.778,,9287.7622180045
2026-10-07 07:59:22,8050.0,8103.5,Put VEX 3,VEX,-1478489.985,,9287.7622180045
2026-10-07 07:59:22,8100.0,8153.75,Put VEX 2,VEX,-1726174.391,,9287.7622180045
2026-10-07 07:59:22,8150.0,8204.25,Put VEX 5,VEX,-1075221.051,,9287.7622180045
2026-10-07 07:59:22,8200.0,8254.5,Put VEX 4,VEX,-1161797.927,,9287.7622180045
2026-10-07 07:59:22,9000.0,9059.75,Put DEX 2,DEX,-64.909,,9287.7622180045
2026-10-07 07:59:22,10000.0,10066.5,Put DEX 5,DEX,-39.838,,9287.7622180045
2026-10-07 08:00:12,6000.0,6040.5,Put DEX 3,DEX,-44.705,,9288.570855129055
2026-10-07 08:00:12,6500.0,6544.0,Put DEX 4,DEX,-42.182,,9288.570855129055
2026-10-07 08:00:12,7000.0,7047.25,Call CEX 4,CEX,1107499.861,,9288.570855129055
2026-10-07 08:00:12,7000.0,7047.25,Call DEX 1,DEX,424.825,,9288.570855129055
2026-10-07 08:00:12,7000.0,7047.25,Put GEX 1,GEX,-825961.969,,9288.570855129055
2026-10-07 08:00:12,7000.0,7047.25,Call VEX 1,VEX,9112722.918,,9288.570855129055
2026-10-07 08:00:12,7400.0,7450.0,Put GEX 5,GEX,-203342.608,,9288.570855129055
2026-10-07 08:00:12,7400.0,7450.0,Call VEX 5,VEX,1800307.159,,9288.570855129055
2026-10-07 08:00:12,7500.0,7550.75,Put GEX 2,GEX,-378479.572,,9288.570855129055
2026-10-07 08:00:12,7500.0,7550.75,Call VEX 3,VEX,2505011.799,,9288.570855129055
2026-10-07 08:00:12,7600.0,7651.5,Call DEX 5,DEX,186.846,,9288.570855129055
2026-10-07 08:00:12,7600.0,7651.5,Put GEX 4,GEX,-296505.572,,9288.570855129055
2026-10-07 08:00:12,7600.0,7651.5,Call VEX 4,VEX,2267297.327,,9288.570855129055
2026-10-07 08:00:12,7650.0,7701.75,Put GEX 3,GEX,-347215.165,,9288.570855129055
2026-10-07 08:00:12,7700.0,7752.0,Call CEX 2,CEX,1282739.28,,9288.570855129055
2026-10-07 08:00:12,7700.0,7752.0,Call DEX 2,DEX,335.649,,9288.570855129055
2026-10-07 08:00:12,7700.0,7752.0,Call VEX 2,VEX,2648235.905,,9288.570855129055
2026-10-07 08:00:12,7725.0,7777.25,Call CEX 3,CEX,1274808.835,,9288.570855129055
2026-10-07 08:00:12,7740.0,7792.25,Call CEX 5,CEX,1016755.933,,9288.570855129055
2026-10-07 08:00:12,7750.0,7802.5,Call CEX 1,CEX,2961176.777,,9288.570855129055
2026-10-07 08:00:12,7795.0,7847.75,Put CEX 5,CEX,-1529424.492,,9288.570855129055
2026-10-07 08:00:12,7800.0,7852.75,Put CEX 2,CEX,-2524290.148,,9288.570855129055
2026-10-07 08:00:12,7800.0,7852.75,Call DEX 4,DEX,199.411,,9288.570855129055
2026-10-07 08:00:12,7800.0,7852.75,Call GEX 3,GEX,776161.761,,9288.570855129055
2026-10-07 08:00:12,7825.0,7878.0,Put CEX 4,CEX,-1904295.941,,9288.570855129055
2026-10-07 08:00:12,7850.0,7903.0,Put CEX 3,CEX,-2083348.365,,9288.570855129055
2026-10-07 08:00:12,7850.0,7903.0,Call GEX 4,GEX,721299.804,,9288.570855129055
2026-10-07 08:00:12,7900.0,7953.5,Call GEX 1,GEX,874441.433,,9288.570855129055
2026-10-07 08:00:12,8000.0,8054.0,Put CEX 1,CEX,-4949256.315,,9288.570855129055
2026-10-07 08:00:12,8000.0,8054.0,Put DEX 1,DEX,-1883.461,,9288.570855129055
2026-10-07 08:00:12,8000.0,8054.0,Call GEX 2,GEX,834352.648,,9288.570855129055
2026-10-07 08:00:12,8000.0,8054.0,Put VEX 1,VEX,-12364239.481,,9288.570855129055
2026-10-07 08:00:12,8050.0,8104.5,Call DEX 3,DEX,228.615,,9288.570855129055
2026-10-07 08:00:12,8050.0,8104.5,Call GEX 5,GEX,689599.656,,9288.570855129055
2026-10-07 08:00:12,8050.0,8104.5,Put VEX 3,VEX,-1477047.043,,9288.570855129055
2026-10-07 08:00:12,8100.0,8154.75,Put VEX 2,VEX,-1723328.836,,9288.570855129055
2026-10-07 08:00:12,8150.0,8205.0,Put VEX 5,VEX,-1074116.764,,9288.570855129055
2026-10-07 08:00:12,8200.0,8255.5,Put VEX 4,VEX,-1161720.228,,9288.570855129055
2026-10-07 08:00:12,9000.0,9060.75,Put DEX 2,DEX,-64.715,,9288.570855129055
2026-10-07 08:00:12,10000.0,10067.75,Put DEX 5,DEX,-39.771,,9288.570855129055
2026-10-07 08:01:03,6400.0,6442.75,Put DEX 5,DEX,-39.199,,9288.695260079843
2026-10-07 08:01:03,6500.0,6543.25,Put DEX 3,DEX,-42.302,,9288.695260079843
2026-10-07 08:01:03,7000.0,7046.75,Call CEX 4,CEX,1111448.394,,9288.695260079843
2026-10-07 08:01:03,7000.0,7046.75,Call DEX 1,DEX,426.11,,9288.695260079843
2026-10-07 08:01:03,7000.0,7046.75,Put GEX 1,GEX,-822413.302,,9288.695260079843
2026-10-07 08:01:03,7000.0,7046.75,Call VEX 1,VEX,9175882.66,,9288.695260079843
2026-10-07 08:01:03,7400.0,7449.25,Put GEX 5,GEX,-204372.077,,9288.695260079843
2026-10-07 08:01:03,7400.0,7449.25,Call VEX 5,VEX,1802489.229,,9288.695260079843
2026-10-07 08:01:03,7500.0,7550.0,Put GEX 2,GEX,-383697.183,,9288.695260079843
2026-10-07 08:01:03,7500.0,7550.0,Call VEX 3,VEX,2498427.92,,9288.695260079843
2026-10-07 08:01:03,7600.0,7650.75,Call DEX 5,DEX,184.004,,9288.695260079843
2026-10-07 08:01:03,7600.0,7650.75,Put GEX 4,GEX,-301049.552,,9288.695260079843
2026-10-07 08:01:03,7600.0,7650.75,Call VEX 4,VEX,2258801.336,,9288.695260079843
2026-10-07 08:01:03,7650.0,7701.0,Put GEX 3,GEX,-354169.661,,9288.695260079843
2026-10-07 08:01:03,7700.0,7751.5,Call CEX 3,CEX,1303686.484,,9288.695260079843
2026-10-07 08:01:03,7700.0,7751.5,Call DEX 2,DEX,328.112,,9288.695260079843
2026-10-07 08:01:03,7700.0,7751.5,Call VEX 2,VEX,2605810.371,,9288.695260079843
2026-10-07 08:01:03,7725.0,7776.5,Call CEX 2,CEX,1312719.936,,9288.695260079843
2026-10-07 08:01:03,7740.0,7791.75,Call CEX 5,CEX,1019272.694,,9288.695260079843
2026-10-07 08:01:03,7750.0,7801.75,Call CEX 1,CEX,2801862.45,,9288.695260079843
2026-10-07 08:01:03,7795.0,7847.0,Put CEX 5,CEX,-1564113.863,,9288.695260079843
2026-10-07 08:01:03,7800.0,7852.0,Put CEX 2,CEX,-2546277.717,,9288.695260079843
2026-10-07 08:01:03,7800.0,7852.0,Call DEX 4,DEX,191.231,,9288.695260079843
2026-10-07 08:01:03,7800.0,7852.0,Call GEX 3,GEX,767699.282,,9288.695260079843
2026-10-07 08:01:03,7825.0,7877.25,Put CEX 4,CEX,-1865153.445,,9288.695260079843
2026-10-07 08:01:03,7850.0,7902.5,Put CEX 3,CEX,-2061159.294,,9288.695260079843
2026-10-07 08:01:03,7850.0,7902.5,Call GEX 4,GEX,705248.574,,9288.695260079843
2026-10-07 08:01:03,7900.0,7952.75,Call GEX 1,GEX,861504.924,,9288.695260079843
2026-10-07 08:01:03,8000.0,8053.5,Put CEX 1,CEX,-4942215.097,,9288.695260079843
2026-10-07 08:01:03,8000.0,8053.5,Put DEX 1,DEX,-1897.449,,9288.695260079843
2026-10-07 08:01:03,8000.0,8053.5,Call GEX 2,GEX,800518.68,,9288.695260079843
2026-10-07 08:01:03,8000.0,8053.5,Put VEX 1,VEX,-12448700.175,,9288.695260079843
2026-10-07 08:01:03,8050.0,8103.75,Call DEX 3,DEX,227.021,,9288.695260079843
2026-10-07 08:01:03,8050.0,8103.75,Call GEX 5,GEX,683959.874,,9288.695260079843
2026-10-07 08:01:03,8050.0,8103.75,Put VEX 3,VEX,-1480413.939,,9288.695260079843
2026-10-07 08:01:03,8100.0,8154.0,Put VEX 2,VEX,-1727706.374,,9288.695260079843
2026-10-07 08:01:03,8150.0,8204.5,Put VEX 5,VEX,-1076239.949,,9288.695260079843
2026-10-07 08:01:03,8200.0,8254.75,Put VEX 4,VEX,-1162048.825,,9288.695260079843
2026-10-07 08:01:03,9000.0,9060.0,Put DEX 2,DEX,-64.981,,9288.695260079843
2026-10-07 08:01:03,10000.0,10066.75,Put DEX 4,DEX,-39.831,,9288.695260079843
2026-10-07 08:01:52,6400.0,6442.75,Put DEX 5,DEX,-39.589,,9288.144223593235
2026-10-07 08:01:52,6500.0,6543.25,Put DEX 3,DEX,-42.626,,9288.144223593235
2026-10-07 08:01:52,7000.0,7046.75,Call CEX 4,CEX,1124163.613,,9288.144223593235
2026-10-07 08:01:52,7000.0,7046.75,Call DEX 1,DEX,423.084,,9288.144223593235
2026-10-07 08:01:52,7000.0,7046.75,Put GEX 1,GEX,-826144.237,,9288.144223593235
2026-10-07 08:01:52,7000.0,7046.75,Call VEX 1,VEX,9183747.976,,9288.144223593235
2026-10-07 08:01:52,7400.0,7449.25,Put GEX 5,GEX,-205701.711,,9288.144223593235
2026-10-07 08:01:52,7400.0,7449.25,Call VEX 5,VEX,1804710.862,,9288.144223593235
2026-10-07 08:01:52,7500.0,7550.0,Put GEX 2,GEX,-386327.474,,9288.144223593235
2026-10-07 08:01:52,7500.0,7550.0,Call VEX 3,VEX,2500910.632,,9288.144223593235
2026-10-07 08:01:52,7600.0,7650.75,Call DEX 5,DEX,180.494,,9288.144223593235
2026-10-07 08:01:52,7600.0,7650.75,Put GEX 4,GEX,-304617.372,,9288.144223593235
2026-10-07 08:01:52,7600.0,7650.75,Call VEX 4,VEX,2249708.88,,9288.144223593235
2026-10-07 08:01:52,7650.0,7701.0,Put GEX 3,GEX,-358185.108,,9288.144223593235
2026-10-07 08:01:52,7700.0,7751.25,Call CEX 2,CEX,1269092.83,,9288.144223593235
2026-10-07 08:01:52,7700.0,7751.25,Call DEX 2,DEX,316.023,,9288.144223593235
2026-10-07 08:01:52,7700.0,7751.25,Call VEX 2,VEX,2565940.034,,9288.144223593235
2026-10-07 08:01:52,7725.0,7776.5,Call CEX 3,CEX,1262167.341,,9288.144223593235
2026-10-07 08:01:52,7740.0,7791.75,Call CEX 5,CEX,1009572.816,,9288.144223593235
2026-10-07 08:01:52,7750.0,7801.75,Call CEX 1,CEX,2581418.766,,9288.144223593235
2026-10-07 08:01:52,7795.0,7847.0,Put CEX 5,CEX,-1571226.348,,9288.144223593235
2026-10-07 08:01:52,7800.0,7852.0,Put CEX 2,CEX,-2575747.869,,9288.144223593235
2026-10-07 08:01:52,7800.0,7852.0,Call DEX 4,DEX,184.205,,9288.144223593235
2026-10-07 08:01:52,7800.0,7852.0,Call GEX 3,GEX,773498.599,,9288.144223593235
2026-10-07 08:01:52,7825.0,7877.25,Put CEX 4,CEX,-1943986.903,,9288.144223593235
2026-10-07 08:01:52,7850.0,7902.25,Put CEX 3,CEX,-2126016.15,,9288.144223593235
2026-10-07 08:01:52,7850.0,7902.25,Call GEX 4,GEX,688863.411,,9288.144223593235
2026-10-07 08:01:52,7900.0,7952.75,Call GEX 1,GEX,850157.606,,9288.144223593235
2026-10-07 08:01:52,8000.0,8053.25,Put CEX 1,CEX,-4936699.33,,9288.144223593235
2026-10-07 08:01:52,8000.0,8053.25,Put DEX 1,DEX,-1909.792,,9288.144223593235
2026-10-07 08:01:52,8000.0,8053.25,Call GEX 2,GEX,781466.089,,9288.144223593235
2026-10-07 08:01:52,8000.0,8053.25,Put VEX 1,VEX,-12529043.751,,9288.144223593235
2026-10-07 08:01:52,8050.0,8103.75,Call DEX 3,DEX,224.933,,9288.144223593235
2026-10-07 08:01:52,8050.0,8103.75,Call GEX 5,GEX,679753.109,,9288.144223593235
2026-10-07 08:01:52,8050.0,8103.75,Put VEX 3,VEX,-1485379.17,,9288.144223593235
2026-10-07 08:01:52,8100.0,8154.0,Put VEX 2,VEX,-1732819.713,,9288.144223593235
2026-10-07 08:01:52,8150.0,8204.25,Put VEX 5,VEX,-1079176.68,,9288.144223593235
2026-10-07 08:01:52,8200.0,8254.75,Put VEX 4,VEX,-1162620.974,,9288.144223593235
2026-10-07 08:01:52,9000.0,9060.0,Put DEX 2,DEX,-57.128,,9288.144223593235
2026-10-07 08:01:52,10000.0,10066.75,Put DEX 4,DEX,-39.769,,9288.144223593235
2026-10-07 08:02:39,6400.0,6443.25,Put DEX 5,DEX,-39.523,,9288.217548025088
2026-10-07 08:02:39,6500.0,6543.75,Put DEX 3,DEX,-42.512,,9288.217548025088
2026-10-07 08:02:39,7000.0,7047.25,Call CEX 4,CEX,1118480.981,,9288.217548025088
2026-10-07 08:02:39,7000.0,7047.25,Call DEX 1,DEX,422.277,,9288.217548025088
2026-10-07 08:02:39,7000.0,7047.25,Put GEX 1,GEX,-821668.944,,9288.217548025088
2026-10-07 08:02:39,7000.0,7047.25,Call VEX 1,VEX,9209368.783,,9288.217548025088
2026-10-07 08:02:39,7400.0,7450.0,Put GEX 5,GEX,-205380.226,,9288.217548025088
2026-10-07 08:02:39,7400.0,7450.0,Call VEX 5,VEX,1804336.597,,9288.217548025088
2026-10-07 08:02:39,7500.0,7550.5,Put GEX 2,GEX,-383654.94,,9288.217548025088
2026-10-07 08:02:39,7500.0,7550.5,Call VEX 3,VEX,2504774.414,,9288.217548025088
2026-10-07 08:02:39,7600.0,7651.25,Call DEX 5,DEX,181.384,,9288.217548025088
2026-10-07 08:02:39,7600.0,7651.25,Put GEX 4,GEX,-302670.748,,9288.217548025088
2026-10-07 08:02:39,7600.0,7651.25,Call VEX 4,VEX,2254607.861,,9288.217548025088
2026-10-07 08:02:39,7650.0,7701.5,Put GEX 3,GEX,-358161.74,,9288.217548025088
2026-10-07 08:02:39,7700.0,7752.0,Call CEX 2,CEX,1371167.431,,9288.217548025088
2026-10-07 08:02:39,7700.0,7752.0,Call DEX 2,DEX,323.001,,9288.217548025088
2026-10-07 08:02:39,7700.0,7752.0,Call VEX 2,VEX,2581069.952,,9288.217548025088
2026-10-07 08:02:39,7720.0,7772.0,Call CEX 5,CEX,1045424.836,,9288.217548025088
2026-10-07 08:02:39,7725.0,7777.0,Call CEX 3,CEX,1340016.583,,9288.217548025088
2026-10-07 08:02:39,7750.0,7802.25,Call CEX 1,CEX,2679169.243,,9288.217548025088
2026-10-07 08:02:39,7795.0,7847.5,Put CEX 5,CEX,-1580014.492,,9288.217548025088
2026-10-07 08:02:39,7800.0,7852.5,Put CEX 2,CEX,-2560511.231,,9288.217548025088
2026-10-07 08:02:39,7800.0,7852.5,Call DEX 4,DEX,185.941,,9288.217548025088
2026-10-07 08:02:39,7800.0,7852.5,Call GEX 3,GEX,761517.398,,9288.217548025088
2026-10-07 08:02:39,7825.0,7877.75,Put CEX 4,CEX,-1754846.964,,9288.217548025088
2026-10-07 08:02:39,7850.0,7903.0,Put CEX 3,CEX,-2011340.345,,9288.217548025088
2026-10-07 08:02:39,7850.0,7903.0,Call GEX 4,GEX,698676.43,,9288.217548025088
2026-10-07 08:02:39,7900.0,7953.25,Call GEX 1,GEX,852182.528,,9288.217548025088
2026-10-07 08:02:39,8000.0,8054.0,Put CEX 1,CEX,-4883464.637,,9288.217548025088
2026-10-07 08:02:39,8000.0,8054.0,Put DEX 1,DEX,-1911.154,,9288.217548025088
2026-10-07 08:02:39,8000.0,8054.0,Call GEX 2,GEX,794958.043,,9288.217548025088
2026-10-07 08:02:39,8000.0,8054.0,Put VEX 1,VEX,-12476836.929,,9288.217548025088
2026-10-07 08:02:39,8050.0,8104.25,Call DEX 3,DEX,225.802,,9288.217548025088
2026-10-07 08:02:39,8050.0,8104.25,Call GEX 5,GEX,680740.748,,9288.217548025088
2026-10-07 08:02:39,8050.0,8104.25,Put VEX 3,VEX,-1483522.931,,9288.217548025088
2026-10-07 08:02:39,8100.0,8154.5,Put VEX 2,VEX,-1729746.572,,9288.217548025088
2026-10-07 08:02:39,8150.0,8205.0,Put VEX 5,VEX,-1079105.088,,9288.217548025088
2026-10-07 08:02:39,8200.0,8255.25,Put VEX 4,VEX,-1162378.02,,9288.217548025088
2026-10-07 08:02:39,9000.0,9060.75,Put DEX 2,DEX,-57.29,,9288.217548025088
2026-10-07 08:02:39,10000.0,10067.5,Put DEX 4,DEX,-39.857,,9288.217548025088
2026-10-07 08:03:28,6400.0,6441.75,Put DEX 5,DEX,-39.557,,9287.186837667048
2026-10-07 08:03:28,6500.0,6542.5,Put DEX 3,DEX,-42.636,,9287.186837667048
2026-10-07 08:03:28,7000.0,7045.75,Call CEX 3,CEX,1120676.509,,9287.186837667048
2026-10-07 08:03:28,7000.0,7045.75,Call DEX 1,DEX,423.547,,9287.186837667048
2026-10-07 08:03:28,7000.0,7045.75,Put GEX 1,GEX,-827017.498,,9287.186837667048
2026-10-07 08:03:28,7000.0,7045.75,Call VEX 1,VEX,9175249.931,,9287.186837667048
2026-10-07 08:03:28,7400.0,7448.25,Put GEX 5,GEX,-205915.4,,9287.186837667048
2026-10-07 08:03:28,7400.0,7448.25,Call VEX 5,VEX,1804331.971,,9287.186837667048
2026-10-07 08:03:28,7500.0,7549.0,Put GEX 2,GEX,-389725.236,,9287.186837667048
2026-10-07 08:03:28,7500.0,7549.0,Call VEX 3,VEX,2491188.245,,9287.186837667048
2026-10-07 08:03:28,7600.0,7649.75,Call DEX 5,DEX,178.241,,9287.186837667048
2026-10-07 08:03:28,7600.0,7649.75,Put GEX 4,GEX,-306039.965,,9287.186837667048
2026-10-07 08:03:28,7600.0,7649.75,Call VEX 4,VEX,2247109.059,,9287.186837667048
2026-10-07 08:03:28,7650.0,7700.0,Put GEX 3,GEX,-358234.571,,9287.186837667048
2026-10-07 08:03:28,7700.0,7750.25,Call CEX 2,CEX,1270798.457,,9287.186837667048
2026-10-07 08:03:28,7700.0,7750.25,Call DEX 2,DEX,316.634,,9287.186837667048
2026-10-07 08:03:28,7700.0,7750.25,Call VEX 2,VEX,2568384.223,,9287.186837667048
2026-10-07 08:03:28,7725.0,7775.5,Call CEX 4,CEX,1042969.207,,9287.186837667048
2026-10-07 08:03:28,7740.0,7790.5,Call CEX 5,CEX,1011005.909,,9287.186837667048
2026-10-07 08:03:28,7750.0,7800.75,Call CEX 1,CEX,2632652.804,,9287.186837667048
2026-10-07 08:03:28,7795.0,7846.0,Put CEX 5,CEX,-1570816.433,,9287.186837667048
2026-10-07 08:03:28,7800.0,7851.0,Put CEX 2,CEX,-2573028.574,,9287.186837667048
2026-10-07 08:03:28,7800.0,7851.0,Call DEX 4,DEX,184.385,,9287.186837667048
2026-10-07 08:03:28,7800.0,7851.0,Call GEX 2,GEX,781453.095,,9287.186837667048
2026-10-07 08:03:28,7825.0,7876.25,Put CEX 4,CEX,-1978951.812,,9287.186837667048
2026-10-07 08:03:28,7850.0,7901.25,Put CEX 3,CEX,-2159924.849,,9287.186837667048
2026-10-07 08:03:28,7850.0,7901.25,Call GEX 4,GEX,688255.103,,9287.186837667048
2026-10-07 08:03:28,7900.0,7951.75,Call GEX 1,GEX,848924.975,,9287.186837667048
2026-10-07 08:03:28,8000.0,8052.25,Put CEX 1,CEX,-4936987.074,,9287.186837667048
2026-10-07 08:03:28,8000.0,8052.25,Put DEX 1,DEX,-1902.207,,9287.186837667048
2026-10-07 08:03:28,8000.0,8052.25,Call GEX 3,GEX,761807.868,,9287.186837667048
2026-10-07 08:03:28,8000.0,8052.25,Put VEX 1,VEX,-12578288.595,,9287.186837667048
2026-10-07 08:03:28,8050.0,8102.5,Call DEX 3,DEX,224.707,,9287.186837667048
2026-10-07 08:03:28,8050.0,8102.5,Call GEX 5,GEX,680024.315,,9287.186837667048
2026-10-07 08:03:28,8050.0,8102.5,Put VEX 3,VEX,-1485240.319,,9287.186837667048
2026-10-07 08:03:28,8100.0,8153.0,Put VEX 2,VEX,-1731865.185,,9287.186837667048
2026-10-07 08:03:28,8150.0,8203.25,Put VEX 5,VEX,-1080244.658,,9287.186837667048
2026-10-07 08:03:28,8200.0,8253.5,Put VEX 4,VEX,-1162433.518,,9287.186837667048
2026-10-07 08:03:28,9000.0,9058.75,Put DEX 2,DEX,-57.173,,9287.186837667048
2026-10-07 08:03:28,10000.0,10065.25,Put DEX 4,DEX,-39.772,,9287.186837667048
2026-10-07 08:04:16,6400.0,6442.5,Put DEX 5,DEX,-39.628,,9287.02612819861
2026-10-07 08:04:16,6500.0,6543.25,Put DEX 3,DEX,-42.654,,9287.02612819861
2026-10-07 08:04:16,7000.0,7046.5,Call CEX 4,CEX,1120967.576,,9287.02612819861
2026-10-07 08:04:16,7000.0,7046.5,Call DEX 1,DEX,423.507,,9287.02612819861
2026-10-07 08:04:16,7000.0,7046.5,Put GEX 1,GEX,-828209.806,,9287.02612819861
2026-10-07 08:04:16,7000.0,7046.5,Call VEX 1,VEX,9170634.734,,9287.02612819861
2026-10-07 08:04:16,7400.0,7449.0,Put GEX 5,GEX,-206011.274,,9287.02612819861
2026-10-07 08:04:16,7400.0,7449.0,Call VEX 5,VEX,1804021.467,,9287.02612819861
2026-10-07 08:04:16,7500.0,7549.75,Put GEX 2,GEX,-387839.463,,9287.02612819861
2026-10-07 08:04:16,7500.0,7549.75,Call VEX 3,VEX,2498089.047,,9287.02612819861
2026-10-07 08:04:16,7600.0,7650.5,Call DEX 5,DEX,177.431,,9287.02612819861
2026-10-07 08:04:16,7600.0,7650.5,Put GEX 4,GEX,-305060.177,,9287.02612819861
2026-10-07 08:04:16,7600.0,7650.5,Call VEX 4,VEX,2248248.914,,9287.02612819861
2026-10-07 08:04:16,7650.0,7700.75,Put GEX 3,GEX,-358900.275,,9287.02612819861
2026-10-07 08:04:16,7700.0,7751.0,Call CEX 2,CEX,1271785.992,,9287.02612819861
2026-10-07 08:04:16,7700.0,7751.0,Call DEX 2,DEX,315.59,,9287.02612819861
2026-10-07 08:04:16,7700.0,7751.0,Call VEX 2,VEX,2563235.464,,9287.02612819861
2026-10-07 08:04:16,7725.0,7776.25,Call CEX 3,CEX,1130015.455,,9287.02612819861
2026-10-07 08:04:16,7740.0,7791.25,Call CEX 5,CEX,1014518.272,,9287.02612819861
2026-10-07 08:04:16,7750.0,7801.5,Call CEX 1,CEX,2610423.321,,9287.02612819861
2026-10-07 08:04:16,7795.0,7846.75,Put CEX 5,CEX,-1578589.56,,9287.02612819861
2026-10-07 08:04:16,7800.0,7851.75,Put CEX 2,CEX,-2577929.339,,9287.02612819861
2026-10-07 08:04:16,7800.0,7851.75,Call DEX 4,DEX,183.289,,9287.02612819861
2026-10-07 08:04:16,7800.0,7851.75,Call GEX 2,GEX,777954.3,,9287.02612819861
2026-10-07 08:04:16,7825.0,7877.0,Put CEX 4,CEX,-1956673.014,,9287.02612819861
2026-10-07 08:04:16,7850.0,7902.0,Put CEX 3,CEX,-2144623.384,,9287.02612819861
2026-10-07 08:04:16,7850.0,7902.0,Call GEX 4,GEX,688309.158,,9287.02612819861
2026-10-07 08:04:16,7900.0,7952.5,Call GEX 1,GEX,848103.357,,9287.02612819861
2026-10-07 08:04:16,8000.0,8053.0,Put CEX 1,CEX,-4899924.222,,9287.02612819861
2026-10-07 08:04:16,8000.0,8053.0,Put DEX 1,DEX,-1909.735,,9287.02612819861
2026-10-07 08:04:16,8000.0,8053.0,Call GEX 3,GEX,766882.708,,9287.02612819861
2026-10-07 08:04:16,8000.0,8053.0,Put VEX 1,VEX,-12536503.931,,9287.02612819861
2026-10-07 08:04:16,8050.0,8103.5,Call DEX 3,DEX,224.384,,9287.02612819861
2026-10-07 08:04:16,8050.0,8103.5,Call GEX 5,GEX,679538.715,,9287.02612819861
2026-10-07 08:04:16,8050.0,8103.5,Put VEX 3,VEX,-1485862.54,,9287.02612819861
2026-10-07 08:04:16,8100.0,8153.75,Put VEX 2,VEX,-1732244.303,,9287.02612819861
2026-10-07 08:04:16,8150.0,8204.0,Put VEX 5,VEX,-1079448.024,,9287.02612819861
2026-10-07 08:04:16,8200.0,8254.5,Put VEX 4,VEX,-1162307.618,,9287.02612819861
2026-10-07 08:04:16,9000.0,9059.75,Put DEX 2,DEX,-57.113,,9287.02612819861
2026-10-07 08:04:16,10000.0,10066.25,Put DEX 4,DEX,-39.75,,9287.02612819861
2026-10-07 08:05:04,6400.0,6442.25,Put DEX 5,DEX,-39.617,,9287.653308816163
2026-10-07 08:05:04,6500.0,6543.0,Put DEX 3,DEX,-42.648,,9287.653308816163
2026-10-07 08:05:04,7000.0,7046.25,Call CEX 4,CEX,1121393.432,,9287.653308816163
2026-10-07 08:05:04,7000.0,7046.25,Call DEX 1,DEX,421.8,,9287.653308816163
2026-10-07 08:05:04,7000.0,7046.25,Put GEX 1,GEX,-823616.7,,9287.653308816163
2026-10-07 08:05:04,7000.0,7046.25,Call VEX 1,VEX,9204951.685,,9287.653308816163
2026-10-07 08:05:04,7400.0,7449.0,Put GEX 5,GEX,-205905.583,,9287.653308816163
2026-10-07 08:05:04,7400.0,7449.0,Call VEX 5,VEX,1804688.603,,9287.653308816163
2026-10-07 08:05:04,7500.0,7549.5,Put GEX 2,GEX,-387194.382,,9287.653308816163
2026-10-07 08:05:04,7500.0,7549.5,Call VEX 3,VEX,2498621.343,,9287.653308816163
2026-10-07 08:05:04,7600.0,7650.25,Call DEX 5,DEX,180.328,,9287.653308816163
2026-10-07 08:05:04,7600.0,7650.25,Put GEX 4,GEX,-305211.518,,9287.653308816163
2026-10-07 08:05:04,7600.0,7650.25,Call VEX 4,VEX,2248607.103,,9287.653308816163
2026-10-07 08:05:04,7650.0,7700.5,Put GEX 3,GEX,-359384.223,,9287.653308816163
2026-10-07 08:05:04,7700.0,7750.75,Call CEX 2,CEX,1274460.267,,9287.653308816163
2026-10-07 08:05:04,7700.0,7750.75,Call DEX 2,DEX,315.957,,9287.653308816163
2026-10-07 08:05:04,7700.0,7750.75,Call VEX 2,VEX,2565123.195,,9287.653308816163
2026-10-07 08:05:04,7725.0,7776.0,Call CEX 3,CEX,1245361.816,,9287.653308816163
2026-10-07 08:05:04,7740.0,7791.25,Call CEX 5,CEX,1019422.321,,9287.653308816163
2026-10-07 08:05:04,7750.0,7801.25,Call CEX 1,CEX,2635697.29,,9287.653308816163
2026-10-07 08:05:04,7795.0,7846.5,Put CEX 5,CEX,-1585349.266,,9287.653308816163
2026-10-07 08:05:04,7800.0,7851.5,Put CEX 2,CEX,-2579282.449,,9287.653308816163
2026-10-07 08:05:04,7800.0,7851.5,Call DEX 4,DEX,183.863,,9287.653308816163
2026-10-07 08:05:04,7800.0,7851.5,Call GEX 2,GEX,770620.488,,9287.653308816163
2026-10-07 08:05:04,7825.0,7876.75,Put CEX 4,CEX,-1924175.2,,9287.653308816163
2026-10-07 08:05:04,7850.0,7901.75,Put CEX 3,CEX,-2125095.035,,9287.653308816163
2026-10-07 08:05:04,7850.0,7901.75,Call GEX 4,GEX,688745.166,,9287.653308816163
2026-10-07 08:05:04,7900.0,7952.25,Call GEX 1,GEX,847273.422,,9287.653308816163
2026-10-07 08:05:04,8000.0,8052.75,Put CEX 1,CEX,-4899403.363,,9287.653308816163
2026-10-07 08:05:04,8000.0,8052.75,Put DEX 1,DEX,-1909.869,,9287.653308816163
2026-10-07 08:05:04,8000.0,8052.75,Call GEX 3,GEX,764844.329,,9287.653308816163
2026-10-07 08:05:04,8000.0,8052.75,Put VEX 1,VEX,-12527040.295,,9287.653308816163
2026-10-07 08:05:04,8050.0,8103.25,Call DEX 3,DEX,224.921,,9287.653308816163
2026-10-07 08:05:04,8050.0,8103.25,Call GEX 5,GEX,679386.078,,9287.653308816163
2026-10-07 08:05:04,8050.0,8103.25,Put VEX 3,VEX,-1484736.514,,9287.653308816163
2026-10-07 08:05:04,8100.0,8153.5,Put VEX 2,VEX,-1731368.145,,9287.653308816163
2026-10-07 08:05:04,8150.0,8203.75,Put VEX 5,VEX,-1078668.61,,9287.653308816163
2026-10-07 08:05:04,8200.0,8254.25,Put VEX 4,VEX,-1162199.741,,9287.653308816163
2026-10-07 08:05:04,9000.0,9059.5,Put DEX 2,DEX,-57.231,,9287.653308816163
2026-10-07 08:05:04,10000.0,10066.0,Put DEX 4,DEX,-39.815,,9287.653308816163
2026-10-07 08:05:53,6000.0,6040.25,Put DEX 3,DEX,-44.909,,9287.221299802846
2026-10-07 08:05:53,6500.0,6543.75,Put DEX 4,DEX,-42.502,,9287.221299802846
2026-10-07 08:05:53,7000.0,7047.0,Call CEX 4,CEX,1111908.168,,9287.221299802846
2026-10-07 08:05:53,7000.0,7047.0,Call DEX 1,DEX,418.8,,9287.221299802846
2026-10-07 08:05:53,7000.0,7047.0,Put GEX 1,GEX,-823187.365,,9287.221299802846
2026-10-07 08:05:53,7000.0,7047.0,Call VEX 1,VEX,9175715.35,,9287.221299802846
2026-10-07 08:05:53,7400.0,7449.75,Put GEX 5,GEX,-204730.489,,9287.221299802846
2026-10-07 08:05:53,7400.0,7449.75,Call VEX 5,VEX,1802263.289,,9287.221299802846
2026-10-07 08:05:53,7500.0,7550.25,Put GEX 2,GEX,-382302.17,,9287.221299802846
2026-10-07 08:05:53,7500.0,7550.25,Call VEX 3,VEX,2503706.196,,9287.221299802846
2026-10-07 08:05:53,7600.0,7651.0,Call DEX 5,DEX,183.347,,9287.221299802846
2026-10-07 08:05:53,7600.0,7651.0,Put GEX 4,GEX,-301525.842,,9287.221299802846
2026-10-07 08:05:53,7600.0,7651.0,Call VEX 4,VEX,2257058.451,,9287.221299802846
2026-10-07 08:05:53,7650.0,7701.25,Put GEX 3,GEX,-354786.081,,9287.221299802846
2026-10-07 08:05:53,7700.0,7751.75,Call CEX 2,CEX,1255057.345,,9287.221299802846
2026-10-07 08:05:53,7700.0,7751.75,Call DEX 2,DEX,322.759,,9287.221299802846
2026-10-07 08:05:53,7700.0,7751.75,Call VEX 2,VEX,2603215.962,,9287.221299802846
2026-10-07 08:05:53,7725.0,7776.75,Call CEX 3,CEX,1213736.192,,9287.221299802846
2026-10-07 08:05:53,7740.0,7792.0,Call CEX 5,CEX,1027997.655,,9287.221299802846
2026-10-07 08:05:53,7750.0,7802.0,Call CEX 1,CEX,2848552.269,,9287.221299802846
2026-10-07 08:05:53,7795.0,7847.25,Put CEX 5,CEX,-1578795.821,,9287.221299802846
2026-10-07 08:05:53,7800.0,7852.25,Put CEX 2,CEX,-2572852.459,,9287.221299802846
2026-10-07 08:05:53,7800.0,7852.25,Call DEX 4,DEX,191.27,,9287.221299802846
2026-10-07 08:05:53,7800.0,7852.25,Call GEX 3,GEX,775472.907,,9287.221299802846
2026-10-07 08:05:53,7825.0,7877.5,Put CEX 4,CEX,-1975810.077,,9287.221299802846
2026-10-07 08:05:53,7850.0,7902.75,Put CEX 3,CEX,-2143880.115,,9287.221299802846
2026-10-07 08:05:53,7850.0,7902.75,Call GEX 4,GEX,702643.612,,9287.221299802846
2026-10-07 08:05:53,7900.0,7953.0,Call GEX 1,GEX,858829.651,,9287.221299802846
2026-10-07 08:05:53,8000.0,8053.75,Put CEX 1,CEX,-4925487.834,,9287.221299802846
2026-10-07 08:05:53,8000.0,8053.75,Put DEX 1,DEX,-1894.957,,9287.221299802846
2026-10-07 08:05:53,8000.0,8053.75,Call GEX 2,GEX,795700.252,,9287.221299802846
2026-10-07 08:05:53,8000.0,8053.75,Put VEX 1,VEX,-12474393.763,,9287.221299802846
2026-10-07 08:05:53,8050.0,8104.0,Call DEX 3,DEX,226.743,,9287.221299802846
2026-10-07 08:05:53,8050.0,8104.0,Call GEX 5,GEX,684083.924,,9287.221299802846
2026-10-07 08:05:53,8050.0,8104.0,Put VEX 3,VEX,-1481081.311,,9287.221299802846
2026-10-07 08:05:53,8100.0,8154.5,Put VEX 2,VEX,-1727754.341,,9287.221299802846
2026-10-07 08:05:53,8150.0,8204.75,Put VEX 5,VEX,-1077397.593,,9287.221299802846
2026-10-07 08:05:53,8200.0,8255.0,Put VEX 4,VEX,-1161932.978,,9287.221299802846
2026-10-07 08:05:53,9000.0,9060.5,Put DEX 2,DEX,-64.94,,9287.221299802846
2026-10-07 08:05:53,10000.0,10067.25,Put DEX 5,DEX,-39.787,,9287.221299802846
2026-10-07 08:06:41,6000.0,6039.75,Put DEX 3,DEX,-44.903,,9287.635400829704
2026-10-07 08:06:41,6500.0,6543.25,Put DEX 4,DEX,-42.403,,9287.635400829704
2026-10-07 08:06:41,7000.0,7046.5,Call CEX 3,CEX,1111158.81,,9287.635400829704
2026-10-07 08:06:41,7000.0,7046.5,Call DEX 1,DEX,420.205,,9287.635400829704
2026-10-07 08:06:41,7000.0,7046.5,Put GEX 1,GEX,-824555.858,,9287.635400829704
2026-10-07 08:06:41,7000.0,7046.5,Call VEX 1,VEX,9159181.718,,9287.635400829704
2026-10-07 08:06:41,7400.0,7449.0,Put GEX 5,GEX,-204568.688,,9287.635400829704
2026-10-07 08:06:41,7400.0,7449.0,Call VEX 5,VEX,1802336.159,,9287.635400829704
2026-10-07 08:06:41,7500.0,7549.75,Put GEX 2,GEX,-384168.103,,9287.635400829704
2026-10-07 08:06:41,7500.0,7549.75,Call VEX 3,VEX,2497998.437,,9287.635400829704
2026-10-07 08:06:41,7600.0,7650.5,Call DEX 5,DEX,181.236,,9287.635400829704
2026-10-07 08:06:41,7600.0,7650.5,Put GEX 4,GEX,-302490.282,,9287.635400829704
2026-10-07 08:06:41,7600.0,7650.5,Call VEX 4,VEX,2256246.166,,9287.635400829704
2026-10-07 08:06:41,7650.0,7700.75,Put GEX 3,GEX,-354350.373,,9287.635400829704
2026-10-07 08:06:41,7700.0,7751.0,Call CEX 2,CEX,1256108.541,,9287.635400829704
2026-10-07 08:06:41,7700.0,7751.0,Call DEX 2,DEX,323.86,,9287.635400829704
2026-10-07 08:06:41,7700.0,7751.0,Call VEX 2,VEX,2608617.966,,9287.635400829704
2026-10-07 08:06:41,7725.0,7776.25,Call CEX 4,CEX,1030283.537,,9287.635400829704
2026-10-07 08:06:41,7740.0,7791.25,Call CEX 5,CEX,1025492.114,,9287.635400829704
2026-10-07 08:06:41,7750.0,7801.5,Call CEX 1,CEX,2888128.839,,9287.635400829704
2026-10-07 08:06:41,7795.0,7846.75,Put CEX 5,CEX,-1570909.279,,9287.635400829704
2026-10-07 08:06:41,7800.0,7851.75,Put CEX 2,CEX,-2569794.472,,9287.635400829704
2026-10-07 08:06:41,7800.0,7851.75,Call DEX 4,DEX,192.657,,9287.635400829704
2026-10-07 08:06:41,7800.0,7851.75,Call GEX 2,GEX,784869.778,,9287.635400829704
2026-10-07 08:06:41,7825.0,7877.0,Put CEX 4,CEX,-2009943.431,,9287.635400829704
2026-10-07 08:06:41,7850.0,7902.0,Put CEX 3,CEX,-2183532.189,,9287.635400829704
2026-10-07 08:06:41,7850.0,7902.0,Call GEX 4,GEX,702549.069,,9287.635400829704
2026-10-07 08:06:41,7900.0,7952.5,Call GEX 1,GEX,860042.504,,9287.635400829704
2026-10-07 08:06:41,8000.0,8053.0,Put CEX 1,CEX,-4940759.937,,9287.635400829704
2026-10-07 08:06:41,8000.0,8053.0,Put DEX 1,DEX,-1888.478,,9287.635400829704
2026-10-07 08:06:41,8000.0,8053.0,Call GEX 3,GEX,775706.128,,9287.635400829704
2026-10-07 08:06:41,8000.0,8053.0,Put VEX 1,VEX,-12480932.56,,9287.635400829704
2026-10-07 08:06:41,8050.0,8103.5,Call DEX 3,DEX,227.067,,9287.635400829704
2026-10-07 08:06:41,8050.0,8103.5,Call GEX 5,GEX,684614.737,,9287.635400829704
2026-10-07 08:06:41,8050.0,8103.5,Put VEX 3,VEX,-1479778.724,,9287.635400829704
2026-10-07 08:06:41,8100.0,8153.75,Put VEX 2,VEX,-1726923.859,,9287.635400829704
2026-10-07 08:06:41,8150.0,8204.0,Put VEX 5,VEX,-1076859.339,,9287.635400829704
2026-10-07 08:06:41,8200.0,8254.5,Put VEX 4,VEX,-1161880.001,,9287.635400829704
2026-10-07 08:06:41,9000.0,9059.75,Put DEX 2,DEX,-64.935,,9287.635400829704
2026-10-07 08:06:41,10000.0,10066.25,Put DEX 5,DEX,-39.814,,9287.635400829704
2026-10-07 08:07:29,6000.0,6039.75,Put DEX 3,DEX,-44.879,,9288.015389450631
2026-10-07 08:07:29,6500.0,6543.25,Put DEX 4,DEX,-42.384,,9288.015389450631
2026-10-07 08:07:29,7000.0,7046.5,Call CEX 3,CEX,1112181.977,,9288.015389450631
2026-10-07 08:07:29,7000.0,7046.5,Call DEX 1,DEX,418.902,,9288.015389450631
2026-10-07 08:07:29,7000.0,7046.5,Put GEX 1,GEX,-821246.204,,9288.015389450631
2026-10-07 08:07:29,7000.0,7046.5,Call VEX 1,VEX,9183787.783,,9288.015389450631
2026-10-07 08:07:29,7400.0,7449.0,Put GEX 5,GEX,-204540.426,,9288.015389450631
2026-10-07 08:07:29,7400.0,7449.0,Call VEX 5,VEX,1802516.639,,9288.015389450631
2026-10-07 08:07:29,7500.0,7549.75,Put GEX 2,GEX,-386709.81,,9288.015389450631
2026-10-07 08:07:29,7500.0,7549.75,Call VEX 3,VEX,2490855.381,,9288.015389450631
2026-10-07 08:07:29,7600.0,7650.5,Call DEX 5,DEX,181.364,,9288.015389450631
2026-10-07 08:07:29,7600.0,7650.5,Put GEX 4,GEX,-303195.377,,9288.015389450631
2026-10-07 08:07:29,7600.0,7650.5,Call VEX 4,VEX,2255266.794,,9288.015389450631
2026-10-07 08:07:29,7650.0,7700.75,Put GEX 3,GEX,-354698.499,,9288.015389450631
2026-10-07 08:07:29,7700.0,7751.0,Call CEX 2,CEX,1256964.849,,9288.015389450631
2026-10-07 08:07:29,7700.0,7751.0,Call DEX 2,DEX,324.486,,9288.015389450631
2026-10-07 08:07:29,7700.0,7751.0,Call VEX 2,VEX,2610989.822,,9288.015389450631
2026-10-07 08:07:29,7725.0,7776.25,Call CEX 4,CEX,1029509.693,,9288.015389450631
2026-10-07 08:07:29,7740.0,7791.25,Call CEX 5,CEX,1025252.659,,9288.015389450631
2026-10-07 08:07:29,7750.0,7801.5,Call CEX 1,CEX,2918420.881,,9288.015389450631
2026-10-07 08:07:29,7795.0,7846.75,Put CEX 5,CEX,-1571025.188,,9288.015389450631
2026-10-07 08:07:29,7800.0,7851.75,Put CEX 2,CEX,-2569638.516,,9288.015389450631
2026-10-07 08:07:29,7800.0,7851.75,Call DEX 4,DEX,193.436,,9288.015389450631
2026-10-07 08:07:29,7800.0,7851.75,Call GEX 2,GEX,785939.104,,9288.015389450631
2026-10-07 08:07:29,7825.0,7877.0,Put CEX 4,CEX,-2035809.633,,9288.015389450631
2026-10-07 08:07:29,7850.0,7902.0,Put CEX 3,CEX,-2193354.473,,9288.015389450631
2026-10-07 08:07:29,7850.0,7902.0,Call GEX 4,GEX,703276.968,,9288.015389450631
2026-10-07 08:07:29,7900.0,7952.5,Call GEX 1,GEX,859900.493,,9288.015389450631
2026-10-07 08:07:29,8000.0,8053.0,Put CEX 1,CEX,-4961497.647,,9288.015389450631
2026-10-07 08:07:29,8000.0,8053.0,Put DEX 1,DEX,-1882.992,,9288.015389450631
2026-10-07 08:07:29,8000.0,8053.0,Call GEX 3,GEX,766458.156,,9288.015389450631
2026-10-07 08:07:29,8000.0,8053.0,Put VEX 1,VEX,-12497381.199,,9288.015389450631
2026-10-07 08:07:29,8050.0,8103.5,Call DEX 3,DEX,227.523,,9288.015389450631
2026-10-07 08:07:29,8050.0,8103.5,Call GEX 5,GEX,684531.484,,9288.015389450631
2026-10-07 08:07:29,8050.0,8103.5,Put VEX 3,VEX,-1478371.087,,9288.015389450631
2026-10-07 08:07:29,8100.0,8153.75,Put VEX 2,VEX,-1725788.924,,9288.015389450631
2026-10-07 08:07:29,8150.0,8204.0,Put VEX 5,VEX,-1076281.741,,9288.015389450631
2026-10-07 08:07:29,8200.0,8254.5,Put VEX 4,VEX,-1161744.468,,9288.015389450631
2026-10-07 08:07:29,9000.0,9059.75,Put DEX 2,DEX,-64.991,,9288.015389450631
2026-10-07 08:07:29,10000.0,10066.25,Put DEX 5,DEX,-39.85,,9288.015389450631
2026-10-07 08:08:19,6000.0,6040.25,Put DEX 3,DEX,-44.862,,9287.819505003945
2026-10-07 08:08:19,6500.0,6543.5,Put DEX 4,DEX,-42.359,,9287.819505003945
2026-10-07 08:08:19,7000.0,7047.0,Call CEX 4,CEX,1112088.36,,9287.819505003945
2026-10-07 08:08:19,7000.0,7047.0,Call DEX 1,DEX,418.638,,9287.819505003945
2026-10-07 08:08:19,7000.0,7047.0,Put GEX 1,GEX,-819028.361,,9287.819505003945
2026-10-07 08:08:19,7000.0,7047.0,Call VEX 1,VEX,9192359.951,,9287.819505003945
2026-10-07 08:08:19,7400.0,7449.75,Put GEX 5,GEX,-203468.388,,9287.819505003945
2026-10-07 08:08:19,7400.0,7449.75,Call VEX 5,VEX,1800076.304,,9287.819505003945
2026-10-07 08:08:19,7500.0,7550.25,Put GEX 2,GEX,-380600.229,,9287.819505003945
2026-10-07 08:08:19,7500.0,7550.25,Call VEX 3,VEX,2499458.196,,9287.819505003945
2026-10-07 08:08:19,7600.0,7651.0,Call DEX 5,DEX,184.867,,9287.819505003945
2026-10-07 08:08:19,7600.0,7651.0,Put GEX 4,GEX,-298325.018,,9287.819505003945
2026-10-07 08:08:19,7600.0,7651.0,Call VEX 4,VEX,2262655.974,,9287.819505003945
2026-10-07 08:08:19,7650.0,7701.25,Put GEX 3,GEX,-351646.406,,9287.819505003945
2026-10-07 08:08:19,7700.0,7751.75,Call CEX 2,CEX,1231287.686,,9287.819505003945
2026-10-07 08:08:19,7700.0,7751.75,Call DEX 2,DEX,326.592,,9287.819505003945
2026-10-07 08:08:19,7700.0,7751.75,Call VEX 2,VEX,2621795.565,,9287.819505003945
2026-10-07 08:08:19,7725.0,7776.75,Call CEX 3,CEX,1229041.048,,9287.819505003945
2026-10-07 08:08:19,7740.0,7792.0,Call CEX 5,CEX,1033258.573,,9287.819505003945
2026-10-07 08:08:19,7750.0,7802.0,Call CEX 1,CEX,2975707.261,,9287.819505003945
2026-10-07 08:08:19,7795.0,7847.25,Put CEX 5,CEX,-1578843.75,,9287.819505003945
2026-10-07 08:08:19,7800.0,7852.25,Put CEX 2,CEX,-2573162.762,,9287.819505003945
2026-10-07 08:08:19,7800.0,7852.25,Call DEX 4,DEX,195.529,,9287.819505003945
2026-10-07 08:08:19,7800.0,7852.25,Call GEX 3,GEX,773421.437,,9287.819505003945
2026-10-07 08:08:19,7825.0,7877.5,Put CEX 4,CEX,-1961466.185,,9287.819505003945
2026-10-07 08:08:19,7850.0,7902.75,Put CEX 3,CEX,-2134056.228,,9287.819505003945
2026-10-07 08:08:19,7850.0,7902.75,Call GEX 4,GEX,710521.267,,9287.819505003945
2026-10-07 08:08:19,7900.0,7953.0,Call GEX 1,GEX,865441.117,,9287.819505003945
2026-10-07 08:08:19,8000.0,8053.75,Put CEX 1,CEX,-4910287.618,,9287.819505003945
2026-10-07 08:08:19,8000.0,8053.75,Put DEX 1,DEX,-1889.654,,9287.819505003945
2026-10-07 08:08:19,8000.0,8053.75,Call GEX 2,GEX,806469.845,,9287.819505003945
2026-10-07 08:08:19,8000.0,8053.75,Put VEX 1,VEX,-12397592.331,,9287.819505003945
2026-10-07 08:08:19,8050.0,8104.0,Call DEX 3,DEX,228.192,,9287.819505003945
2026-10-07 08:08:19,8050.0,8104.0,Call GEX 5,GEX,686472.203,,9287.819505003945
2026-10-07 08:08:19,8050.0,8104.0,Put VEX 3,VEX,-1478291.982,,9287.819505003945
2026-10-07 08:08:19,8100.0,8154.25,Put VEX 2,VEX,-1724939.234,,9287.819505003945
2026-10-07 08:08:19,8150.0,8204.75,Put VEX 5,VEX,-1075529.173,,9287.819505003945
2026-10-07 08:08:19,8200.0,8255.0,Put VEX 4,VEX,-1161826.615,,9287.819505003945
2026-10-07 08:08:19,9000.0,9060.5,Put DEX 2,DEX,-64.92,,9287.819505003945
2026-10-07 08:08:19,10000.0,10067.0,Put DEX 5,DEX,-39.844,,9287.819505003945
2026-10-07 08:09:07,6000.0,6040.25,Put DEX 3,DEX,-44.82,,9287.878887115832
2026-10-07 08:09:07,6500.0,6543.5,Put DEX 4,DEX,-42.265,,9287.878887115832
2026-10-07 08:09:07,7000.0,7047.0,Call CEX 4,CEX,1104921.501,,9287.878887115832
2026-10-07 08:09:07,7000.0,7047.0,Call DEX 1,DEX,421.263,,9287.878887115832
2026-10-07 08:09:07,7000.0,7047.0,Put GEX 1,GEX,-818157.972,,9287.878887115832
2026-10-07 08:09:07,7000.0,7047.0,Call VEX 1,VEX,9163185.274,,9287.878887115832
2026-10-07 08:09:07,7400.0,7449.5,Put GEX 5,GEX,-203018.399,,9287.878887115832
2026-10-07 08:09:07,7400.0,7449.5,Call VEX 5,VEX,1800601.727,,9287.878887115832
2026-10-07 08:09:07,7500.0,7550.25,Put GEX 2,GEX,-382333.165,,9287.878887115832
2026-10-07 08:09:07,7500.0,7550.25,Call VEX 3,VEX,2491037.971,,9287.878887115832
2026-10-07 08:09:07,7600.0,7651.0,Call DEX 5,DEX,184.311,,9287.878887115832
2026-10-07 08:09:07,7600.0,7651.0,Put GEX 4,GEX,-299695.19,,9287.878887115832
2026-10-07 08:09:07,7600.0,7651.0,Call VEX 4,VEX,2261578.06,,9287.878887115832
2026-10-07 08:09:07,7650.0,7701.25,Put GEX 3,GEX,-348192.198,,9287.878887115832
2026-10-07 08:09:07,7700.0,7751.5,Call CEX 2,CEX,1235372.032,,9287.878887115832
2026-10-07 08:09:07,7700.0,7751.5,Call DEX 2,DEX,331.03,,9287.878887115832
2026-10-07 08:09:07,7700.0,7751.5,Call VEX 2,VEX,2646025.41,,9287.878887115832
2026-10-07 08:09:07,7725.0,7776.75,Call CEX 3,CEX,1121035.015,,9287.878887115832
2026-10-07 08:09:07,7740.0,7791.75,Call CEX 5,CEX,1028011.432,,9287.878887115832
2026-10-07 08:09:07,7750.0,7802.0,Call CEX 1,CEX,3065891.164,,9287.878887115832
2026-10-07 08:09:07,7795.0,7847.25,Put CEX 5,CEX,-1558983.318,,9287.878887115832
2026-10-07 08:09:07,7800.0,7852.25,Put CEX 2,CEX,-2556673.33,,9287.878887115832
2026-10-07 08:09:07,7800.0,7852.25,Call DEX 4,DEX,200.271,,9287.878887115832
2026-10-07 08:09:07,7800.0,7852.25,Call GEX 3,GEX,782284.896,,9287.878887115832
2026-10-07 08:09:07,7825.0,7877.5,Put CEX 4,CEX,-2030743.589,,9287.878887115832
2026-10-07 08:09:07,7850.0,7902.5,Put CEX 3,CEX,-2177123.047,,9287.878887115832
2026-10-07 08:09:07,7850.0,7902.5,Call GEX 4,GEX,717909.922,,9287.878887115832
2026-10-07 08:09:07,7900.0,7953.0,Call GEX 1,GEX,871225.832,,9287.878887115832
2026-10-07 08:09:07,8000.0,8053.5,Put CEX 1,CEX,-4964067.052,,9287.878887115832
2026-10-07 08:09:07,8000.0,8053.5,Put DEX 1,DEX,-1872.481,,9287.878887115832
2026-10-07 08:09:07,8000.0,8053.5,Call GEX 2,GEX,802641.852,,9287.878887115832
2026-10-07 08:09:07,8000.0,8053.5,Put VEX 1,VEX,-12418074.003,,9287.878887115832
2026-10-07 08:09:07,8050.0,8104.0,Call DEX 3,DEX,229.234,,9287.878887115832
2026-10-07 08:09:07,8050.0,8104.0,Call GEX 5,GEX,689305.003,,9287.878887115832
2026-10-07 08:09:07,8050.0,8104.0,Put VEX 3,VEX,-1475439.975,,9287.878887115832
2026-10-07 08:09:07,8100.0,8154.25,Put VEX 2,VEX,-1721659.255,,9287.878887115832
2026-10-07 08:09:07,8150.0,8204.5,Put VEX 5,VEX,-1074564.155,,9287.878887115832
2026-10-07 08:09:07,8200.0,8255.0,Put VEX 4,VEX,-1161583.74,,9287.878887115832
2026-10-07 08:09:07,9000.0,9060.25,Put DEX 2,DEX,-64.89,,9287.878887115832
2026-10-07 08:09:07,10000.0,10067.0,Put DEX 5,DEX,-39.827,,9287.878887115832
2026-10-07 08:09:57,6000.0,6040.0,Put DEX 3,DEX,-44.817,,9287.958232254594
2026-10-07 08:09:57,6500.0,6543.25,Put DEX 4,DEX,-42.23,,9287.958232254594
2026-10-07 08:09:57,7000.0,7046.5,Call CEX 3,CEX,1103918.606,,9287.958232254594
2026-10-07 08:09:57,7000.0,7046.5,Call DEX 1,DEX,423.157,,9287.958232254594
2026-10-07 08:09:57,7000.0,7046.5,Put GEX 1,GEX,-820546.248,,9287.958232254594
2026-10-07 08:09:57,7000.0,7046.5,Call VEX 1,VEX,9138960.825,,9287.958232254594
2026-10-07 08:09:57,7400.0,7449.25,Put GEX 5,GEX,-203187.185,,9287.958232254594
2026-10-07 08:09:57,7400.0,7449.25,Call VEX 5,VEX,1800074.073,,9287.958232254594
2026-10-07 08:09:57,7500.0,7550.0,Put GEX 2,GEX,-388062.648,,9287.958232254594
2026-10-07 08:09:57,7500.0,7550.0,Call VEX 3,VEX,2474527.007,,9287.958232254594
2026-10-07 08:09:57,7600.0,7650.5,Call DEX 5,DEX,184.881,,9287.958232254594
2026-10-07 08:09:57,7600.0,7650.5,Put GEX 4,GEX,-300867.71,,9287.958232254594
2026-10-07 08:09:57,7600.0,7650.5,Call VEX 4,VEX,2258560.141,,9287.958232254594
2026-10-07 08:09:57,7650.0,7701.0,Put GEX 3,GEX,-348296.025,,9287.958232254594
2026-10-07 08:09:57,7700.0,7751.25,Call CEX 2,CEX,1233834.096,,9287.958232254594
2026-10-07 08:09:57,7700.0,7751.25,Call DEX 2,DEX,331.712,,9287.958232254594
2026-10-07 08:09:57,7700.0,7751.25,Call VEX 2,VEX,2648057.318,,9287.958232254594
2026-10-07 08:09:57,7725.0,7776.5,Call CEX 4,CEX,1019706.817,,9287.958232254594
2026-10-07 08:09:57,7740.0,7791.5,Call CEX 5,CEX,1010054.475,,9287.958232254594
2026-10-07 08:09:57,7750.0,7801.5,Call CEX 1,CEX,3075346.963,,9287.958232254594
2026-10-07 08:09:57,7795.0,7846.75,Put CEX 5,CEX,-1551668.89,,9287.958232254594
2026-10-07 08:09:57,7800.0,7852.0,Put CEX 2,CEX,-2548845.432,,9287.958232254594
2026-10-07 08:09:57,7800.0,7852.0,Call DEX 4,DEX,200.733,,9287.958232254594
2026-10-07 08:09:57,7800.0,7852.0,Call GEX 2,GEX,796677.505,,9287.958232254594
2026-10-07 08:09:57,7825.0,7877.0,Put CEX 4,CEX,-2094016.398,,9287.958232254594
2026-10-07 08:09:57,7850.0,7902.25,Put CEX 3,CEX,-2228704.378,,9287.958232254594
2026-10-07 08:09:57,7850.0,7902.25,Call GEX 4,GEX,716476.099,,9287.958232254594
2026-10-07 08:09:57,7900.0,7952.5,Call GEX 1,GEX,871578.459,,9287.958232254594
2026-10-07 08:09:57,8000.0,8053.25,Put CEX 1,CEX,-4996841.025,,9287.958232254594
2026-10-07 08:09:57,8000.0,8053.25,Put DEX 1,DEX,-1864.664,,9287.958232254594
2026-10-07 08:09:57,8000.0,8053.25,Call GEX 3,GEX,782968.432,,9287.958232254594
2026-10-07 08:09:57,8000.0,8053.25,Put VEX 1,VEX,-12459062.498,,9287.958232254594
2026-10-07 08:09:57,8050.0,8103.5,Call DEX 3,DEX,229.132,,9287.958232254594
2026-10-07 08:09:57,8050.0,8103.5,Call GEX 5,GEX,689517.571,,9287.958232254594
2026-10-07 08:09:57,8050.0,8103.5,Put VEX 3,VEX,-1475023.759,,9287.958232254594
2026-10-07 08:09:57,8100.0,8154.0,Put VEX 2,VEX,-1721519.58,,9287.958232254594
2026-10-07 08:09:57,8150.0,8204.25,Put VEX 5,VEX,-1073960.613,,9287.958232254594
2026-10-07 08:09:57,8200.0,8254.5,Put VEX 4,VEX,-1161360.285,,9287.958232254594
2026-10-07 08:09:57,9000.0,9059.75,Put DEX 2,DEX,-64.861,,9287.958232254594
2026-10-07 08:09:57,10000.0,10066.5,Put DEX 5,DEX,-39.827,,9287.958232254594
2026-10-07 08:10:45,6000.0,6040.0,Put DEX 3,DEX,-44.821,,9288.393262201063
2026-10-07 08:10:45,6500.0,6543.5,Put DEX 4,DEX,-42.233,,9288.393262201063
2026-10-07 08:10:45,7000.0,7046.75,Call CEX 3,CEX,1104893.113,,9288.393262201063
2026-10-07 08:10:45,7000.0,7046.75,Call DEX 1,DEX,421.595,,9288.393262201063
2026-10-07 08:10:45,7000.0,7046.75,Put GEX 1,GEX,-818743.758,,9288.393262201063
2026-10-07 08:10:45,7000.0,7046.75,Call VEX 1,VEX,9159212.43,,9288.393262201063
2026-10-07 08:10:45,7400.0,7449.5,Put GEX 5,GEX,-203200.833,,9288.393262201063
2026-10-07 08:10:45,7400.0,7449.5,Call VEX 5,VEX,1800647.519,,9288.393262201063
2026-10-07 08:10:45,7500.0,7550.0,Put GEX 2,GEX,-384402.962,,9288.393262201063
2026-10-07 08:10:45,7500.0,7550.0,Call VEX 3,VEX,2486303.297,,9288.393262201063
2026-10-07 08:10:45,7600.0,7650.75,Call DEX 5,DEX,183.974,,9288.393262201063
2026-10-07 08:10:45,7600.0,7650.75,Put GEX 4,GEX,-299818.763,,9288.393262201063
2026-10-07 08:10:45,7600.0,7650.75,Call VEX 4,VEX,2258316.105,,9288.393262201063
2026-10-07 08:10:45,7650.0,7701.0,Put GEX 3,GEX,-349009.333,,9288.393262201063
2026-10-07 08:10:45,7700.0,7751.5,Call CEX 2,CEX,1236426.214,,9288.393262201063
2026-10-07 08:10:45,7700.0,7751.5,Call DEX 2,DEX,330.159,,9288.393262201063
2026-10-07 08:10:45,7700.0,7751.5,Call VEX 2,VEX,2640657.369,,9288.393262201063
2026-10-07 08:10:45,7725.0,7776.5,Call CEX 5,CEX,1014249.484,,9288.393262201063
2026-10-07 08:10:45,7740.0,7791.75,Call CEX 4,CEX,1027575.857,,9288.393262201063
2026-10-07 08:10:45,7750.0,7801.75,Call CEX 1,CEX,3070581.081,,9288.393262201063
2026-10-07 08:10:45,7795.0,7847.0,Put CEX 5,CEX,-1572582.415,,9288.393262201063
2026-10-07 08:10:45,7800.0,7852.0,Put CEX 2,CEX,-2567842.51,,9288.393262201063
2026-10-07 08:10:45,7800.0,7852.0,Call DEX 4,DEX,198.965,,9288.393262201063
2026-10-07 08:10:45,7800.0,7852.0,Call GEX 2,GEX,787008.722,,9288.393262201063
2026-10-07 08:10:45,7825.0,7877.25,Put CEX 4,CEX,-2035215.438,,9288.393262201063
2026-10-07 08:10:45,7850.0,7902.5,Put CEX 3,CEX,-2200018.217,,9288.393262201063
2026-10-07 08:10:45,7850.0,7902.5,Call GEX 4,GEX,715096.067,,9288.393262201063
2026-10-07 08:10:45,7900.0,7952.75,Call GEX 1,GEX,870108.358,,9288.393262201063
2026-10-07 08:10:45,8000.0,8053.5,Put CEX 1,CEX,-4985263.127,,9288.393262201063
2026-10-07 08:10:45,8000.0,8053.5,Put DEX 1,DEX,-1870.65,,9288.393262201063
2026-10-07 08:10:45,8000.0,8053.5,Call GEX 3,GEX,785444.699,,9288.393262201063
2026-10-07 08:10:45,8000.0,8053.5,Put VEX 1,VEX,-12462141.335,,9288.393262201063
2026-10-07 08:10:45,8050.0,8103.75,Call DEX 3,DEX,228.857,,9288.393262201063
2026-10-07 08:10:45,8050.0,8103.75,Call GEX 5,GEX,688510.261,,9288.393262201063
2026-10-07 08:10:45,8050.0,8103.75,Put VEX 3,VEX,-1475872.424,,9288.393262201063
2026-10-07 08:10:45,8100.0,8154.0,Put VEX 2,VEX,-1722673.226,,9288.393262201063
2026-10-07 08:10:45,8150.0,8204.5,Put VEX 5,VEX,-1074331.077,,9288.393262201063
2026-10-07 08:10:45,8200.0,8254.75,Put VEX 4,VEX,-1161720.729,,9288.393262201063
2026-10-07 08:10:45,9000.0,9060.0,Put DEX 2,DEX,-64.937,,9288.393262201063
2026-10-07 08:10:45,10000.0,10066.75,Put DEX 5,DEX,-39.853,,9288.393262201063
2026-10-07 08:11:34,6000.0,6040.0,Put DEX 3,DEX,-44.655,,9290.06949794174
2026-10-07 08:11:34,6500.0,6543.5,Put DEX 4,DEX,-42.016,,9290.06949794174
2026-10-07 08:11:34,7000.0,7046.75,Call CEX 3,CEX,1104315.255,,9290.06949794174
2026-10-07 08:11:34,7000.0,7046.75,Call DEX 1,DEX,423.451,,9290.06949794174
2026-10-07 08:11:34,7000.0,7046.75,Put GEX 1,GEX,-816248.271,,9290.06949794174
2026-10-07 08:11:34,7000.0,7046.75,Call VEX 1,VEX,9156922.206,,9290.06949794174
2026-10-07 08:11:34,7400.0,7449.5,Put GEX 5,GEX,-202045.984,,9290.06949794174
2026-10-07 08:11:34,7400.0,7449.5,Call VEX 5,VEX,1799145.151,,9290.06949794174
2026-10-07 08:11:34,7500.0,7550.0,Put GEX 2,GEX,-379047.371,,9290.06949794174
2026-10-07 08:11:34,7500.0,7550.0,Call VEX 3,VEX,2494948.563,,9290.06949794174
2026-10-07 08:11:34,7600.0,7650.75,Call DEX 5,DEX,185.955,,9290.06949794174
2026-10-07 08:11:34,7600.0,7650.75,Put GEX 4,GEX,-297365.486,,9290.06949794174
2026-10-07 08:11:34,7600.0,7650.75,Call VEX 4,VEX,2264135.955,,9290.06949794174
2026-10-07 08:11:34,7650.0,7701.0,Put GEX 3,GEX,-345918.95,,9290.06949794174
2026-10-07 08:11:34,7700.0,7751.5,Call CEX 2,CEX,1206264.991,,9290.06949794174
2026-10-07 08:11:34,7700.0,7751.5,Call DEX 2,DEX,335.302,,9290.06949794174
2026-10-07 08:11:34,7700.0,7751.5,Call VEX 2,VEX,2666600.588,,9290.06949794174
2026-10-07 08:11:34,7725.0,7776.5,Call CEX 5,CEX,992479.304,,9290.06949794174
2026-10-07 08:11:34,7740.0,7791.75,Call CEX 4,CEX,1016765.39,,9290.06949794174
2026-10-07 08:11:34,7750.0,7801.75,Call CEX 1,CEX,3171077.241,,9290.06949794174
2026-10-07 08:11:34,7795.0,7847.0,Put CEX 5,CEX,-1550996.881,,9290.06949794174
2026-10-07 08:11:34,7800.0,7852.0,Put CEX 2,CEX,-2544218.158,,9290.06949794174
2026-10-07 08:11:34,7800.0,7852.0,Call DEX 4,DEX,204.949,,9290.06949794174
2026-10-07 08:11:34,7800.0,7852.0,Call GEX 3,GEX,785641.713,,9290.06949794174
2026-10-07 08:11:34,7825.0,7877.25,Put CEX 4,CEX,-2050732.212,,9290.06949794174
2026-10-07 08:11:34,7850.0,7902.5,Put CEX 3,CEX,-2193464.701,,9290.06949794174
2026-10-07 08:11:34,7850.0,7902.5,Call GEX 4,GEX,726571.972,,9290.06949794174
2026-10-07 08:11:34,7900.0,7952.75,Call GEX 1,GEX,881392.824,,9290.06949794174
2026-10-07 08:11:34,8000.0,8053.5,Put CEX 1,CEX,-4976908.458,,9290.06949794174
2026-10-07 08:11:34,8000.0,8053.5,Put DEX 1,DEX,-1863.071,,9290.06949794174
2026-10-07 08:11:34,8000.0,8053.5,Call GEX 2,GEX,806351.573,,9290.06949794174
2026-10-07 08:11:34,8000.0,8053.5,Put VEX 1,VEX,-12378094.221,,9290.06949794174
2026-10-07 08:11:34,8050.0,8103.75,Call DEX 3,DEX,230.521,,9290.06949794174
2026-10-07 08:11:34,8050.0,8103.75,Call GEX 5,GEX,692599.235,,9290.06949794174
2026-10-07 08:11:34,8050.0,8103.75,Put VEX 3,VEX,-1473902.814,,9290.06949794174
2026-10-07 08:11:34,8100.0,8154.0,Put VEX 2,VEX,-1716379.39,,9290.06949794174
2026-10-07 08:11:34,8150.0,8204.5,Put VEX 5,VEX,-1072275.057,,9290.06949794174
2026-10-07 08:11:34,8200.0,8254.75,Put VEX 4,VEX,-1161141.157,,9290.06949794174
2026-10-07 08:11:34,9000.0,9060.0,Put DEX 2,DEX,-64.87,,9290.06949794174
2026-10-07 08:11:34,10000.0,10066.75,Put DEX 5,DEX,-39.876,,9290.06949794174
2026-10-07 08:12:23,6000.0,6040.25,Put DEX 3,DEX,-44.553,,9289.493185331568
2026-10-07 08:12:23,6500.0,6543.75,Put DEX 4,DEX,-41.976,,9289.493185331568
2026-10-07 08:12:23,7000.0,7047.0,Call CEX 3,CEX,1101700.983,,9289.493185331568
2026-10-07 08:12:23,7000.0,7047.0,Call DEX 1,DEX,427.31,,9289.493185331568
2026-10-07 08:12:23,7000.0,7047.0,Put GEX 1,GEX,-821609.318,,9289.493185331568
2026-10-07 08:12:23,7000.0,7047.0,Call VEX 1,VEX,9100466.498,,9289.493185331568
2026-10-07 08:12:23,7400.0,7449.75,Put GEX 5,GEX,-201952.551,,9289.493185331568
2026-10-07 08:12:23,7400.0,7449.75,Call VEX 5,VEX,1797308.713,,9289.493185331568
2026-10-07 08:12:23,7500.0,7550.25,Put GEX 2,GEX,-379629.229,,9289.493185331568
2026-10-07 08:12:23,7500.0,7550.25,Call VEX 3,VEX,2490501.593,,9289.493185331568
2026-10-07 08:12:23,7600.0,7651.0,Call DEX 5,DEX,186.888,,9289.493185331568
2026-10-07 08:12:23,7600.0,7651.0,Put GEX 4,GEX,-296264.553,,9289.493185331568
2026-10-07 08:12:23,7600.0,7651.0,Call VEX 4,VEX,2265884.687,,9289.493185331568
2026-10-07 08:12:23,7650.0,7701.25,Put GEX 3,GEX,-344019.628,,9289.493185331568
2026-10-07 08:12:23,7700.0,7751.75,Call CEX 2,CEX,1206751.077,,9289.493185331568
2026-10-07 08:12:23,7700.0,7751.75,Call DEX 2,DEX,336.515,,9289.493185331568
2026-10-07 08:12:23,7700.0,7751.75,Call VEX 2,VEX,2673397.216,,9289.493185331568
2026-10-07 08:12:23,7725.0,7776.75,Call CEX 5,CEX,994817.471,,9289.493185331568
2026-10-07 08:12:23,7740.0,7792.0,Call CEX 4,CEX,1011287.464,,9289.493185331568
2026-10-07 08:12:23,7750.0,7802.0,Call CEX 1,CEX,3187799.102,,9289.493185331568
2026-10-07 08:12:23,7795.0,7847.25,Put CEX 5,CEX,-1548518.854,,9289.493185331568
2026-10-07 08:12:23,7800.0,7852.5,Put CEX 2,CEX,-2546275.408,,9289.493185331568
2026-10-07 08:12:23,7800.0,7852.5,Call DEX 4,DEX,205.644,,9289.493185331568
2026-10-07 08:12:23,7800.0,7852.5,Call GEX 3,GEX,791367.699,,9289.493185331568
2026-10-07 08:12:23,7825.0,7877.5,Put CEX 4,CEX,-2071211.527,,9289.493185331568
2026-10-07 08:12:23,7850.0,7902.75,Put CEX 3,CEX,-2209769.823,,9289.493185331568
2026-10-07 08:12:23,7850.0,7902.75,Call GEX 4,GEX,728408.881,,9289.493185331568
2026-10-07 08:12:23,7900.0,7953.0,Call GEX 1,GEX,884416.627,,9289.493185331568
2026-10-07 08:12:23,8000.0,8053.75,Put CEX 1,CEX,-5022797.937,,9289.493185331568
2026-10-07 08:12:23,8000.0,8053.75,Put DEX 1,DEX,-1860.484,,9289.493185331568
2026-10-07 08:12:23,8000.0,8053.75,Call GEX 2,GEX,817498.6,,9289.493185331568
2026-10-07 08:12:23,8000.0,8053.75,Put VEX 1,VEX,-12382414.324,,9289.493185331568
2026-10-07 08:12:23,8050.0,8104.0,Call DEX 3,DEX,230.259,,9289.493185331568
2026-10-07 08:12:23,8050.0,8104.0,Call GEX 5,GEX,693672.496,,9289.493185331568
2026-10-07 08:12:23,8050.0,8104.0,Put VEX 3,VEX,-1474084.903,,9289.493185331568
2026-10-07 08:12:23,8100.0,8154.5,Put VEX 2,VEX,-1716914.851,,9289.493185331568
2026-10-07 08:12:23,8150.0,8204.75,Put VEX 5,VEX,-1073195.739,,9289.493185331568
2026-10-07 08:12:23,8200.0,8255.0,Put VEX 4,VEX,-1161256.103,,9289.493185331568
2026-10-07 08:12:23,9000.0,9060.5,Put DEX 2,DEX,-64.807,,9289.493185331568
2026-10-07 08:12:23,10000.0,10067.25,Put DEX 5,DEX,-39.816,,9289.493185331568
2026-10-07 08:13:12,6000.0,6040.0,Put DEX 3,DEX,-44.569,,9289.675170075772
2026-10-07 08:13:12,6500.0,6543.25,Put DEX 4,DEX,-42.008,,9289.675170075772
2026-10-07 08:13:12,7000.0,7046.5,Call CEX 3,CEX,1107134.802,,9289.675170075772
2026-10-07 08:13:12,7000.0,7046.5,Call DEX 1,DEX,431.798,,9289.675170075772
2026-10-07 08:13:12,7000.0,7046.5,Put GEX 1,GEX,-820020.199,,9289.675170075772
2026-10-07 08:13:12,7000.0,7046.5,Call VEX 1,VEX,9127525.561,,9289.675170075772
2026-10-07 08:13:12,7400.0,7449.25,Put GEX 5,GEX,-202714.596,,9289.675170075772
2026-10-07 08:13:12,7400.0,7449.25,Call VEX 5,VEX,1800595.628,,9289.675170075772
2026-10-07 08:13:12,7500.0,7549.75,Put GEX 2,GEX,-385275.021,,9289.675170075772
2026-10-07 08:13:12,7500.0,7549.75,Call VEX 3,VEX,2480312.743,,9289.675170075772
2026-10-07 08:13:12,7600.0,7650.5,Call DEX 5,DEX,185.821,,9289.675170075772
2026-10-07 08:13:12,7600.0,7650.5,Put GEX 4,GEX,-298694.398,,9289.675170075772
2026-10-07 08:13:12,7600.0,7650.5,Call VEX 4,VEX,2261819.191,,9289.675170075772
2026-10-07 08:13:12,7650.0,7700.75,Put GEX 3,GEX,-346270.36,,9289.675170075772
2026-10-07 08:13:12,7700.0,7751.25,Call CEX 2,CEX,1206322.257,,9289.675170075772
2026-10-07 08:13:12,7700.0,7751.25,Call DEX 2,DEX,333.763,,9289.675170075772
2026-10-07 08:13:12,7700.0,7751.25,Call VEX 2,VEX,2658082.309,,9289.675170075772
2026-10-07 08:13:12,7725.0,7776.25,Call CEX 4,CEX,1000150.915,,9289.675170075772
2026-10-07 08:13:12,7740.0,7791.5,Call CEX 5,CEX,998931.972,,9289.675170075772
2026-10-07 08:13:12,7750.0,7801.5,Call CEX 1,CEX,3151542.207,,9289.675170075772
2026-10-07 08:13:12,7795.0,7846.75,Put CEX 5,CEX,-1564405.079,,9289.675170075772
2026-10-07 08:13:12,7800.0,7851.75,Put CEX 2,CEX,-2559485.348,,9289.675170075772
2026-10-07 08:13:12,7800.0,7851.75,Call DEX 4,DEX,202.283,,9289.675170075772
2026-10-07 08:13:12,7800.0,7851.75,Call GEX 2,GEX,799809.919,,9289.675170075772
2026-10-07 08:13:12,7825.0,7877.0,Put CEX 4,CEX,-2081390.204,,9289.675170075772
2026-10-07 08:13:12,7850.0,7902.25,Put CEX 3,CEX,-2240383.431,,9289.675170075772
2026-10-07 08:13:12,7850.0,7902.25,Call GEX 4,GEX,721024.928,,9289.675170075772
2026-10-07 08:13:12,7900.0,7952.5,Call GEX 1,GEX,877436.776,,9289.675170075772
2026-10-07 08:13:12,8000.0,8053.25,Put CEX 1,CEX,-5032040.525,,9289.675170075772
2026-10-07 08:13:12,8000.0,8053.25,Put DEX 1,DEX,-1863.265,,9289.675170075772
2026-10-07 08:13:12,8000.0,8053.25,Call GEX 3,GEX,794012.233,,9289.675170075772
2026-10-07 08:13:12,8000.0,8053.25,Put VEX 1,VEX,-12435835.831,,9289.675170075772
2026-10-07 08:13:12,8050.0,8103.5,Call DEX 3,DEX,229.465,,9289.675170075772
2026-10-07 08:13:12,8050.0,8103.5,Call GEX 5,GEX,691600.102,,9289.675170075772
2026-10-07 08:13:12,8050.0,8103.5,Put VEX 3,VEX,-1476166.759,,9289.675170075772
2026-10-07 08:13:12,8100.0,8153.75,Put VEX 2,VEX,-1718669.155,,9289.675170075772
2026-10-07 08:13:12,8150.0,8204.25,Put VEX 5,VEX,-1074049.296,,9289.675170075772
2026-10-07 08:13:12,8200.0,8254.5,Put VEX 4,VEX,-1161440.915,,9289.675170075772
2026-10-07 08:13:12,9000.0,9059.75,Put DEX 2,DEX,-57.111,,9289.675170075772
2026-10-07 08:13:12,10000.0,10066.5,Put DEX 5,DEX,-39.804,,9289.675170075772
2026-10-07 08:14:00,6000.0,6040.25,Put DEX 3,DEX,-44.011,,9294.67601970938
2026-10-07 08:14:00,6500.0,6543.75,Put DEX 4,DEX,-41.412,,9294.67601970938
2026-10-07 08:14:00,7000.0,7047.0,Call CEX 4,CEX,1086430.44,,9294.67601970938
2026-10-07 08:14:00,7000.0,7047.0,Call DEX 1,DEX,430.838,,9294.67601970938
2026-10-07 08:14:00,7000.0,7047.0,Put GEX 1,GEX,-803793.975,,9294.67601970938
2026-10-07 08:14:00,7000.0,7047.0,Call VEX 1,VEX,9138042.027,,9294.67601970938
2026-10-07 08:14:00,7400.0,7449.75,Call VEX 5,VEX,1859069.187,,9294.67601970938
2026-10-07 08:14:00,7500.0,7550.25,Put GEX 2,GEX,-365262.676,,9294.67601970938
2026-10-07 08:14:00,7500.0,7550.25,Call VEX 3,VEX,2515630.795,,9294.67601970938
2026-10-07 08:14:00,7550.0,7600.75,Put GEX 5,GEX,-184198.079,,9294.67601970938
2026-10-07 08:14:00,7600.0,7651.0,Call DEX 5,DEX,194.662,,9294.67601970938
2026-10-07 08:14:00,7600.0,7651.0,Put GEX 4,GEX,-289765.245,,9294.67601970938
2026-10-07 08:14:00,7600.0,7651.0,Call VEX 4,VEX,2281772.241,,9294.67601970938
2026-10-07 08:14:00,7650.0,7701.25,Put GEX 3,GEX,-338627.698,,9294.67601970938
2026-10-07 08:14:00,7700.0,7751.75,Call CEX 2,CEX,1285077.183,,9294.67601970938
2026-10-07 08:14:00,7700.0,7751.75,Call DEX 2,DEX,352.293,,9294.67601970938
2026-10-07 08:14:00,7700.0,7751.75,Call VEX 2,VEX,2735909.702,,9294.67601970938
2026-10-07 08:14:00,7725.0,7776.75,Call CEX 3,CEX,1207990.731,,9294.67601970938
2026-10-07 08:14:00,7740.0,7792.0,Call CEX 5,CEX,989473.57,,9294.67601970938
2026-10-07 08:14:00,7750.0,7802.0,Call CEX 1,CEX,3303071.512,,9294.67601970938
2026-10-07 08:14:00,7800.0,7852.25,Put CEX 2,CEX,-2429961.718,,9294.67601970938
2026-10-07 08:14:00,7800.0,7852.25,Call DEX 4,DEX,220.119,,9294.67601970938
2026-10-07 08:14:00,7800.0,7852.25,Call GEX 4,GEX,759956.465,,9294.67601970938
2026-10-07 08:14:00,7820.0,7872.5,Put CEX 5,CEX,-1468581.629,,9294.67601970938
2026-10-07 08:14:00,7825.0,7877.5,Put CEX 4,CEX,-2072708.519,,9294.67601970938
2026-10-07 08:14:00,7850.0,7902.75,Put CEX 3,CEX,-2162925.021,,9294.67601970938
2026-10-07 08:14:00,7850.0,7902.75,Call GEX 3,GEX,769025.233,,9294.67601970938
2026-10-07 08:14:00,7900.0,7953.0,Call GEX 2,GEX,904058.676,,9294.67601970938
2026-10-07 08:14:00,8000.0,8053.75,Put CEX 1,CEX,-4920636.068,,9294.67601970938
2026-10-07 08:14:00,8000.0,8053.75,Put DEX 1,DEX,-1851.561,,9294.67601970938
2026-10-07 08:14:00,8000.0,8053.75,Call GEX 1,GEX,909388.774,,9294.67601970938
2026-10-07 08:14:00,8000.0,8053.75,Put VEX 1,VEX,-12122955.13,,9294.67601970938
2026-10-07 08:14:00,8050.0,8104.0,Call DEX 3,DEX,234.816,,9294.67601970938
2026-10-07 08:14:00,8050.0,8104.0,Call GEX 5,GEX,700619.961,,9294.67601970938
2026-10-07 08:14:00,8050.0,8104.0,Put VEX 3,VEX,-1464072.753,,9294.67601970938
2026-10-07 08:14:00,8100.0,8154.5,Put VEX 2,VEX,-1704417.068,,9294.67601970938
2026-10-07 08:14:00,8150.0,8204.75,Put VEX 5,VEX,-1067728.482,,9294.67601970938
2026-10-07 08:14:00,8200.0,8255.0,Put VEX 4,VEX,-1160579.532,,9294.67601970938
2026-10-07 08:14:00,9000.0,9060.5,Put DEX 2,DEX,-65.011,,9294.67601970938
2026-10-07 08:14:00,10000.0,10067.25,Put DEX 5,DEX,-39.898,,9294.67601970938
2026-10-07 08:14:49,6000.0,6039.75,Put DEX 3,DEX,-44.048,,9290.99746980408
2026-10-07 08:14:49,6500.0,6543.0,Put DEX 4,DEX,-41.457,,9290.99746980408
2026-10-07 08:14:49,7000.0,7046.25,Call CEX 3,CEX,1087387.59,,9290.99746980408
2026-10-07 08:14:49,7000.0,7046.25,Call DEX 1,DEX,432.132,,9290.99746980408
2026-10-07 08:14:49,7000.0,7046.25,Put GEX 1,GEX,-810488.257,,9290.99746980408
2026-10-07 08:14:49,7000.0,7046.25,Call VEX 1,VEX,9086008.973,,9290.99746980408
2026-10-07 08:14:49,7400.0,7449.0,Put GEX 5,GEX,-199464.684,,9290.99746980408
2026-10-07 08:14:49,7400.0,7449.0,Call VEX 5,VEX,1796813.586,,9290.99746980408
2026-10-07 08:14:49,7500.0,7549.5,Put GEX 2,GEX,-380065.912,,9290.99746980408
2026-10-07 08:14:49,7500.0,7549.5,Call VEX 3,VEX,2471189.097,,9290.99746980408
2026-10-07 08:14:49,7600.0,7650.25,Call DEX 5,DEX,192.967,,9290.99746980408
2026-10-07 08:14:49,7600.0,7650.25,Put GEX 4,GEX,-294002.136,,9290.99746980408
2026-10-07 08:14:49,7600.0,7650.25,Call VEX 4,VEX,2273420.805,,9290.99746980408
2026-10-07 08:14:49,7650.0,7700.5,Put GEX 3,GEX,-336868.179,,9290.99746980408
2026-10-07 08:14:49,7700.0,7751.0,Call CEX 2,CEX,1171619.585,,9290.99746980408
2026-10-07 08:14:49,7700.0,7751.0,Call DEX 2,DEX,349.429,,9290.99746980408
2026-10-07 08:14:49,7700.0,7751.0,Call VEX 2,VEX,2737745.262,,9290.99746980408
2026-10-07 08:14:49,7725.0,7776.0,Call CEX 5,CEX,930814.058,,9290.99746980408
2026-10-07 08:14:49,7750.0,7801.25,Call CEX 1,CEX,3209602.414,,9290.99746980408
2026-10-07 08:14:49,7760.0,7811.25,Call CEX 4,CEX,1020405.116,,9290.99746980408
2026-10-07 08:14:49,7800.0,7851.5,Put CEX 3,CEX,-2415800.662,,9290.99746980408
2026-10-07 08:14:49,7800.0,7851.5,Call DEX 4,DEX,220.331,,9290.99746980408
2026-10-07 08:14:49,7800.0,7851.5,Call GEX 3,GEX,819254.985,,9290.99746980408
2026-10-07 08:14:49,7820.0,7871.75,Put CEX 5,CEX,-1519753.491,,9290.99746980408
2026-10-07 08:14:49,7825.0,7876.75,Put CEX 4,CEX,-2233486.166,,9290.99746980408
2026-10-07 08:14:49,7850.0,7902.0,Put CEX 2,CEX,-2443141.699,,9290.99746980408
2026-10-07 08:14:49,7850.0,7902.0,Call GEX 4,GEX,759927.416,,9290.99746980408
2026-10-07 08:14:49,7900.0,7952.25,Call GEX 1,GEX,902373.353,,9290.99746980408
2026-10-07 08:14:49,8000.0,8053.0,Put CEX 1,CEX,-5055135.889,,9290.99746980408
2026-10-07 08:14:49,8000.0,8053.0,Put DEX 1,DEX,-1823.936,,9290.99746980408
2026-10-07 08:14:49,8000.0,8053.0,Call GEX 2,GEX,820240.17,,9290.99746980408
2026-10-07 08:14:49,8000.0,8053.0,Put VEX 1,VEX,-12308536.694,,9290.99746980408
2026-10-07 08:14:49,8050.0,8103.25,Call DEX 3,DEX,234.086,,9290.99746980408
2026-10-07 08:14:49,8050.0,8103.25,Call GEX 5,GEX,702042.992,,9290.99746980408
2026-10-07 08:14:49,8050.0,8103.25,Put VEX 3,VEX,-1465707.936,,9290.99746980408
2026-10-07 08:14:49,8100.0,8153.5,Put VEX 2,VEX,-1705645.634,,9290.99746980408
2026-10-07 08:14:49,8150.0,8204.0,Put VEX 5,VEX,-1068285.475,,9290.99746980408
2026-10-07 08:14:49,8200.0,8254.25,Put VEX 4,VEX,-1160453.634,,9290.99746980408
2026-10-07 08:14:49,9000.0,9059.5,Put DEX 2,DEX,-64.874,,9290.99746980408
2026-10-07 08:14:49,10000.0,10066.0,Put DEX 5,DEX,-39.848,,9290.99746980408
2026-10-07 08:15:37,6400.0,6443.0,Put DEX 5,DEX,-38.449,,9290.84577737321
2026-10-07 08:15:37,6500.0,6543.75,Put DEX 3,DEX,-41.468,,9290.84577737321
2026-10-07 08:15:37,7000.0,7047.0,Call CEX 3,CEX,1095076.156,,9290.84577737321
2026-10-07 08:15:37,7000.0,7047.0,Call DEX 1,DEX,439.48,,9290.84577737321
2026-10-07 08:15:37,7000.0,7047.0,Put GEX 1,GEX,-813172.636,,9290.84577737321
2026-10-07 08:15:37,7000.0,7047.0,Call VEX 1,VEX,9071217.34,,9290.84577737321
2026-10-07 08:15:37,7400.0,7449.75,Put GEX 5,GEX,-199308.503,,9290.84577737321
2026-10-07 08:15:37,7400.0,7449.75,Call VEX 5,VEX,1795985.002,,9290.84577737321
2026-10-07 08:15:37,7500.0,7550.5,Put GEX 2,GEX,-374498.02,,9290.84577737321
2026-10-07 08:15:37,7500.0,7550.5,Call VEX 3,VEX,2487945.819,,9290.84577737321
2026-10-07 08:15:37,7600.0,7651.25,Call DEX 5,DEX,191.898,,9290.84577737321
2026-10-07 08:15:37,7600.0,7651.25,Put GEX 4,GEX,-292021.074,,9290.84577737321
2026-10-07 08:15:37,7600.0,7651.25,Call VEX 4,VEX,2274092.071,,9290.84577737321
2026-10-07 08:15:37,7650.0,7701.5,Put GEX 3,GEX,-337778.091,,9290.84577737321
2026-10-07 08:15:37,7700.0,7751.75,Call CEX 2,CEX,1131657.582,,9290.84577737321
2026-10-07 08:15:37,7700.0,7751.75,Call DEX 2,DEX,347.513,,9290.84577737321
2026-10-07 08:15:37,7700.0,7751.75,Call VEX 2,VEX,2727332.669,,9290.84577737321
2026-10-07 08:15:37,7740.0,7792.0,Call CEX 5,CEX,957749.643,,9290.84577737321
2026-10-07 08:15:37,7750.0,7802.25,Call CEX 1,CEX,3297584.774,,9290.84577737321
2026-10-07 08:15:37,7760.0,7812.25,Call CEX 4,CEX,994253.225,,9290.84577737321
2026-10-07 08:15:37,7800.0,7852.5,Put CEX 2,CEX,-2476229.371,,9290.84577737321
2026-10-07 08:15:37,7800.0,7852.5,Call DEX 4,DEX,217.508,,9290.84577737321
2026-10-07 08:15:37,7800.0,7852.5,Call GEX 3,GEX,795653.562,,9290.84577737321
2026-10-07 08:15:37,7820.0,7872.75,Put CEX 5,CEX,-1475444.211,,9290.84577737321
2026-10-07 08:15:37,7825.0,7877.75,Put CEX 4,CEX,-2125230.616,,9290.84577737321
2026-10-07 08:15:37,7850.0,7902.75,Put CEX 3,CEX,-2339457.433,,9290.84577737321
2026-10-07 08:15:37,7850.0,7902.75,Call GEX 4,GEX,760248.22,,9290.84577737321
2026-10-07 08:15:37,7900.0,7953.25,Call GEX 1,GEX,901385.483,,9290.84577737321
2026-10-07 08:15:37,8000.0,8053.75,Put CEX 1,CEX,-5055352.29,,9290.84577737321
2026-10-07 08:15:37,8000.0,8053.75,Put DEX 1,DEX,-1835.964,,9290.84577737321
2026-10-07 08:15:37,8000.0,8053.75,Call GEX 2,GEX,835440.51,,9290.84577737321
2026-10-07 08:15:37,8000.0,8053.75,Put VEX 1,VEX,-12287348.395,,9290.84577737321
2026-10-07 08:15:37,8050.0,8104.25,Call DEX 3,DEX,233.381,,9290.84577737321
2026-10-07 08:15:37,8050.0,8104.25,Call GEX 5,GEX,700671.713,,9290.84577737321
2026-10-07 08:15:37,8050.0,8104.25,Put VEX 3,VEX,-1466981.572,,9290.84577737321
2026-10-07 08:15:37,8100.0,8154.5,Put VEX 2,VEX,-1707608.192,,9290.84577737321
2026-10-07 08:15:37,8150.0,8204.75,Put VEX 5,VEX,-1069466.179,,9290.84577737321
2026-10-07 08:15:37,8200.0,8255.25,Put VEX 4,VEX,-1160659.717,,9290.84577737321
2026-10-07 08:15:37,9000.0,9060.5,Put DEX 2,DEX,-57.075,,9290.84577737321
2026-10-07 08:15:37,10000.0,10067.25,Put DEX 4,DEX,-39.874,,9290.84577737321
2026-10-07 08:16:38,6000.0,6040.25,Put DEX 3,DEX,-44.071,,9292.036184627052
2026-10-07 08:16:38,6500.0,6543.5,Put DEX 4,DEX,-41.471,,9292.036184627052
2026-10-07 08:16:38,7000.0,7047.0,Call CEX 3,CEX,1085262.029,,9292.036184627052
2026-10-07 08:16:38,7000.0,7047.0,Call DEX 1,DEX,430.844,,9292.036184627052
2026-10-07 08:16:38,7000.0,7047.0,Put GEX 1,GEX,-809221.787,,9292.036184627052
2026-10-07 08:16:38,7000.0,7047.0,Call VEX 1,VEX,9101610.253,,9292.036184627052
2026-10-07 08:16:38,7400.0,7449.75,Put GEX 5,GEX,-199366.722,,9292.036184627052
2026-10-07 08:16:38,7400.0,7449.75,Call VEX 5,VEX,1795630.567,,9292.036184627052
2026-10-07 08:16:38,7500.0,7550.25,Put GEX 2,GEX,-380073.12,,9292.036184627052
2026-10-07 08:16:38,7500.0,7550.25,Call VEX 3,VEX,2468705.628,,9292.036184627052
2026-10-07 08:16:38,7600.0,7651.0,Call DEX 5,DEX,192.307,,9292.036184627052
2026-10-07 08:16:38,7600.0,7651.0,Put GEX 4,GEX,-292762.361,,9292.036184627052
2026-10-07 08:16:38,7600.0,7651.0,Call VEX 4,VEX,2271977.518,,9292.036184627052
2026-10-07 08:16:38,7650.0,7701.25,Put GEX 3,GEX,-337006.0,,9292.036184627052
2026-10-07 08:16:38,7700.0,7751.75,Call CEX 2,CEX,1123756.761,,9292.036184627052
2026-10-07 08:16:38,7700.0,7751.75,Call DEX 2,DEX,348.423,,9292.036184627052
2026-10-07 08:16:38,7700.0,7751.75,Call VEX 2,VEX,2727131.896,,9292.036184627052
2026-10-07 08:16:38,7725.0,7776.75,Call CEX 5,CEX,933588.205,,9292.036184627052
2026-10-07 08:16:38,7750.0,7802.0,Call CEX 1,CEX,3269034.371,,9292.036184627052
2026-10-07 08:16:38,7760.0,7812.0,Call CEX 4,CEX,1014179.607,,9292.036184627052
2026-10-07 08:16:38,7800.0,7852.25,Put CEX 2,CEX,-2464677.739,,9292.036184627052
2026-10-07 08:16:38,7800.0,7852.25,Call DEX 4,DEX,218.127,,9292.036184627052
2026-10-07 08:16:38,7800.0,7852.25,Call GEX 3,GEX,809033.944,,9292.036184627052
2026-10-07 08:16:38,7820.0,7872.5,Put CEX 5,CEX,-1500894.03,,9292.036184627052
2026-10-07 08:16:38,7825.0,7877.5,Put CEX 4,CEX,-2180047.047,,9292.036184627052
2026-10-07 08:16:38,7850.0,7902.75,Put CEX 3,CEX,-2418276.45,,9292.036184627052
2026-10-07 08:16:38,7850.0,7902.75,Call GEX 4,GEX,757566.962,,9292.036184627052
2026-10-07 08:16:38,7900.0,7953.0,Call GEX 1,GEX,901474.211,,9292.036184627052
2026-10-07 08:16:38,8000.0,8053.75,Put CEX 1,CEX,-5033768.511,,9292.036184627052
2026-10-07 08:16:38,8000.0,8053.75,Put DEX 1,DEX,-1830.923,,9292.036184627052
2026-10-07 08:16:38,8000.0,8053.75,Call GEX 2,GEX,816707.039,,9292.036184627052
2026-10-07 08:16:38,8000.0,8053.75,Put VEX 1,VEX,-12301218.571,,9292.036184627052
2026-10-07 08:16:38,8050.0,8104.0,Call DEX 3,DEX,233.742,,9292.036184627052
2026-10-07 08:16:38,8050.0,8104.0,Call GEX 5,GEX,700421.455,,9292.036184627052
2026-10-07 08:16:38,8050.0,8104.0,Put VEX 3,VEX,-1465775.428,,9292.036184627052
2026-10-07 08:16:38,8100.0,8154.25,Put VEX 2,VEX,-1707343.021,,9292.036184627052
2026-10-07 08:16:38,8150.0,8204.75,Put VEX 5,VEX,-1068694.862,,9292.036184627052
2026-10-07 08:16:38,8200.0,8255.0,Put VEX 4,VEX,-1160529.639,,9292.036184627052
2026-10-07 08:16:38,9000.0,9060.5,Put DEX 2,DEX,-57.129,,9292.036184627052
2026-10-07 08:16:38,10000.0,10067.0,Put DEX 5,DEX,-39.909,,9292.036184627052
2026-10-07 08:17:27,6000.0,6039.75,Put DEX 3,DEX,-43.919,,9291.55992342504
2026-10-07 08:17:27,6500.0,6543.0,Put DEX 4,DEX,-41.31,,9291.55992342504
2026-10-07 08:17:27,7000.0,7046.25,Call CEX 3,CEX,1082350.613,,9291.55992342504
2026-10-07 08:17:27,7000.0,7046.25,Call DEX 1,DEX,435.253,,9291.55992342504
2026-10-07 08:17:27,7000.0,7046.25,Put GEX 1,GEX,-810798.388,,9291.55992342504
2026-10-07 08:17:27,7000.0,7046.25,Call VEX 1,VEX,9057259.601,,9291.55992342504
2026-10-07 08:17:27,7400.0,7449.0,Put GEX 5,GEX,-198015.748,,9291.55992342504
2026-10-07 08:17:27,7400.0,7449.0,Call VEX 5,VEX,1793873.82,,9291.55992342504
2026-10-07 08:17:27,7500.0,7549.75,Put GEX 2,GEX,-380548.272,,9291.55992342504
2026-10-07 08:17:27,7500.0,7549.75,Call VEX 3,VEX,2459835.149,,9291.55992342504
2026-10-07 08:17:27,7600.0,7650.25,Call DEX 5,DEX,195.401,,9291.55992342504
2026-10-07 08:17:27,7600.0,7650.25,Put GEX 4,GEX,-291989.823,,9291.55992342504
2026-10-07 08:17:27,7600.0,7650.25,Call VEX 4,VEX,2273390.905,,9291.55992342504
2026-10-07 08:17:27,7650.0,7700.75,Put GEX 3,GEX,-334366.788,,9291.55992342504
2026-10-07 08:17:27,7700.0,7751.0,Call CEX 2,CEX,1122749.001,,9291.55992342504
2026-10-07 08:17:27,7700.0,7751.0,Call DEX 2,DEX,354.661,,9291.55992342504
2026-10-07 08:17:27,7700.0,7751.0,Call VEX 2,VEX,2758908.888,,9291.55992342504
2026-10-07 08:17:27,7725.0,7776.25,Call CEX 5,CEX,917767.8,,9291.55992342504
2026-10-07 08:17:27,7750.0,7801.25,Call CEX 1,CEX,3261726.542,,9291.55992342504
2026-10-07 08:17:27,7760.0,7811.5,Call CEX 4,CEX,1066460.626,,9291.55992342504
2026-10-07 08:17:27,7800.0,7851.75,Put CEX 3,CEX,-2390022.243,,9291.55992342504
2026-10-07 08:17:27,7800.0,7851.75,Call DEX 4,DEX,225.194,,9291.55992342504
2026-10-07 08:17:27,7800.0,7851.75,Call GEX 3,GEX,813408.118,,9291.55992342504
2026-10-07 08:17:27,7820.0,7871.75,Put CEX 5,CEX,-1542023.976,,9291.55992342504
2026-10-07 08:17:27,7825.0,7876.75,Put CEX 4,CEX,-2242189.993,,9291.55992342504
2026-10-07 08:17:27,7850.0,7902.0,Put CEX 2,CEX,-2435075.297,,9291.55992342504
2026-10-07 08:17:27,7850.0,7902.0,Call GEX 4,GEX,771096.534,,9291.55992342504
2026-10-07 08:17:27,7900.0,7952.25,Call GEX 1,GEX,913002.67,,9291.55992342504
2026-10-07 08:17:27,8000.0,8053.0,Put CEX 1,CEX,-5077775.075,,9291.55992342504
2026-10-07 08:17:27,8000.0,8053.0,Put DEX 1,DEX,-1811.381,,9291.55992342504
2026-10-07 08:17:27,8000.0,8053.0,Call GEX 2,GEX,823356.894,,9291.55992342504
2026-10-07 08:17:27,8000.0,8053.0,Put VEX 1,VEX,-12282514.17,,9291.55992342504
2026-10-07 08:17:27,8050.0,8103.25,Call DEX 3,DEX,235.326,,9291.55992342504
2026-10-07 08:17:27,8050.0,8103.25,Call GEX 5,GEX,705397.707,,9291.55992342504
2026-10-07 08:17:27,8050.0,8103.25,Put VEX 3,VEX,-1463445.934,,9291.55992342504
2026-10-07 08:17:27,8100.0,8153.75,Put VEX 2,VEX,-1703131.42,,9291.55992342504
2026-10-07 08:17:27,8150.0,8204.0,Put VEX 5,VEX,-1066831.278,,9291.55992342504
2026-10-07 08:17:27,8200.0,8254.25,Put VEX 4,VEX,-1160285.13,,9291.55992342504
2026-10-07 08:17:27,9000.0,9059.5,Put DEX 2,DEX,-64.789,,9291.55992342504
2026-10-07 08:17:27,10000.0,10066.25,Put DEX 5,DEX,-39.882,,9291.55992342504
2026-10-07 08:18:16,6000.0,6039.75,Put DEX 3,DEX,-44.032,,9291.864845609402
2026-10-07 08:18:16,6500.0,6543.25,Put DEX 4,DEX,-41.442,,9291.864845609402
2026-10-07 08:18:16,7000.0,7046.5,Call CEX 3,CEX,1082161.581,,9291.864845609402
2026-10-07 08:18:16,7000.0,7046.5,Call DEX 1,DEX,435.017,,9291.864845609402
2026-10-07 08:18:16,7000.0,7046.5,Put GEX 1,GEX,-813772.77,,9291.864845609402
2026-10-07 08:18:16,7000.0,7046.5,Call VEX 1,VEX,9044459.615,,9291.864845609402
2026-10-07 08:18:16,7400.0,7449.25,Put GEX 5,GEX,-198455.928,,9291.864845609402
2026-10-07 08:18:16,7400.0,7449.25,Call VEX 5,VEX,1792818.383,,9291.864845609402
2026-10-07 08:18:16,7500.0,7549.75,Put GEX 2,GEX,-381210.558,,9291.864845609402
2026-10-07 08:18:16,7500.0,7549.75,Call VEX 3,VEX,2457093.448,,9291.864845609402
2026-10-07 08:18:16,7600.0,7650.5,Call DEX 5,DEX,194.747,,9291.864845609402
2026-10-07 08:18:16,7600.0,7650.5,Put GEX 4,GEX,-291725.578,,9291.864845609402
2026-10-07 08:18:16,7600.0,7650.5,Call VEX 4,VEX,2271488.408,,9291.864845609402
2026-10-07 08:18:16,7650.0,7700.75,Put GEX 3,GEX,-333910.684,,9291.864845609402
2026-10-07 08:18:16,7700.0,7751.25,Call CEX 2,CEX,1122924.67,,9291.864845609402
2026-10-07 08:18:16,7700.0,7751.25,Call DEX 2,DEX,352.62,,9291.864845609402
2026-10-07 08:18:16,7700.0,7751.25,Call VEX 2,VEX,2747499.948,,9291.864845609402
2026-10-07 08:18:16,7725.0,7776.25,Call CEX 5,CEX,928355.246,,9291.864845609402
2026-10-07 08:18:16,7750.0,7801.5,Call CEX 1,CEX,3251701.224,,9291.864845609402
2026-10-07 08:18:16,7760.0,7811.5,Call CEX 4,CEX,1049764.03,,9291.864845609402
2026-10-07 08:18:16,7800.0,7851.75,Put CEX 3,CEX,-2429493.729,,9291.864845609402
2026-10-07 08:18:16,7800.0,7851.75,Call DEX 4,DEX,221.904,,9291.864845609402
2026-10-07 08:18:16,7800.0,7851.75,Call GEX 3,GEX,820876.437,,9291.864845609402
2026-10-07 08:18:16,7820.0,7872.0,Put CEX 5,CEX,-1518905.136,,9291.864845609402
2026-10-07 08:18:16,7825.0,7877.0,Put CEX 4,CEX,-2235933.741,,9291.864845609402
2026-10-07 08:18:16,7850.0,7902.25,Put CEX 2,CEX,-2444716.421,,9291.864845609402
2026-10-07 08:18:16,7850.0,7902.25,Call GEX 4,GEX,765991.797,,9291.864845609402
2026-10-07 08:18:16,7900.0,7952.5,Call GEX 1,GEX,911925.34,,9291.864845609402
2026-10-07 08:18:16,8000.0,8053.25,Put CEX 1,CEX,-5058535.077,,9291.864845609402
2026-10-07 08:18:16,8000.0,8053.25,Put DEX 1,DEX,-1819.734,,9291.864845609402
2026-10-07 08:18:16,8000.0,8053.25,Call GEX 2,GEX,830500.614,,9291.864845609402
2026-10-07 08:18:16,8000.0,8053.25,Put VEX 1,VEX,-12290388.505,,9291.864845609402
2026-10-07 08:18:16,8050.0,8103.5,Call DEX 3,DEX,234.353,,9291.864845609402
2026-10-07 08:18:16,8050.0,8103.5,Call GEX 5,GEX,703622.338,,9291.864845609402
2026-10-07 08:18:16,8050.0,8103.5,Put VEX 3,VEX,-1465302.77,,9291.864845609402
2026-10-07 08:18:16,8100.0,8153.75,Put VEX 2,VEX,-1705193.396,,9291.864845609402
2026-10-07 08:18:16,8150.0,8204.25,Put VEX 5,VEX,-1067904.268,,9291.864845609402
2026-10-07 08:18:16,8200.0,8254.5,Put VEX 4,VEX,-1160309.45,,9291.864845609402
2026-10-07 08:18:16,9000.0,9059.75,Put DEX 2,DEX,-64.737,,9291.864845609402
2026-10-07 08:18:16,10000.0,10066.5,Put DEX 5,DEX,-39.847,,9291.864845609402
2026-10-07 08:19:05,6400.0,6442.5,Put DEX 5,DEX,-38.627,,9291.659541610295
2026-10-07 08:19:05,6500.0,6543.25,Put DEX 3,DEX,-41.796,,9291.659541610295
2026-10-07 08:19:05,7000.0,7046.5,Call CEX 3,CEX,1086913.719,,9291.659541610295
2026-10-07 08:19:05,7000.0,7046.5,Call DEX 1,DEX,433.886,,9291.659541610295
2026-10-07 08:19:05,7000.0,7046.5,Put GEX 1,GEX,-811199.587,,9291.659541610295
2026-10-07 08:19:05,7000.0,7046.5,Call VEX 1,VEX,9113802.07,,9291.659541610295
2026-10-07 08:19:05,7400.0,7449.25,Put GEX 5,GEX,-199702.712,,9291.659541610295
2026-10-07 08:19:05,7400.0,7449.25,Call VEX 5,VEX,1795517.474,,9291.659541610295
2026-10-07 08:19:05,7500.0,7550.0,Put GEX 2,GEX,-393069.1,,9291.659541610295
2026-10-07 08:19:05,7500.0,7550.0,Call VEX 3,VEX,2430200.792,,9291.659541610295
2026-10-07 08:19:05,7600.0,7650.5,Put GEX 4,GEX,-297575.472,,9291.659541610295
2026-10-07 08:19:05,7600.0,7650.5,Call VEX 4,VEX,2257730.682,,9291.659541610295
2026-10-07 08:19:05,7650.0,7701.0,Put GEX 3,GEX,-340157.554,,9291.659541610295
2026-10-07 08:19:05,7700.0,7751.25,Call CEX 2,CEX,1180073.357,,9291.659541610295
2026-10-07 08:19:05,7700.0,7751.25,Call DEX 2,DEX,344.405,,9291.659541610295
2026-10-07 08:19:05,7700.0,7751.25,Call VEX 2,VEX,2709263.047,,9291.659541610295
2026-10-07 08:19:05,7725.0,7776.5,Call CEX 4,CEX,1058096.547,,9291.659541610295
2026-10-07 08:19:05,7750.0,7801.5,Call CEX 1,CEX,3299854.447,,9291.659541610295
2026-10-07 08:19:05,7760.0,7811.75,Call CEX 5,CEX,968456.492,,9291.659541610295
2026-10-07 08:19:05,7795.0,7847.0,Put CEX 5,CEX,-1507252.48,,9291.659541610295
2026-10-07 08:19:05,7800.0,7852.0,Put CEX 2,CEX,-2523587.402,,9291.659541610295
2026-10-07 08:19:05,7800.0,7852.0,Call DEX 4,DEX,213.145,,9291.659541610295
2026-10-07 08:19:05,7800.0,7852.0,Call GEX 2,GEX,810917.595,,9291.659541610295
2026-10-07 08:19:05,7825.0,7877.0,Put CEX 4,CEX,-2166734.541,,9291.659541610295
2026-10-07 08:19:05,7850.0,7902.25,Put CEX 3,CEX,-2293908.369,,9291.659541610295
2026-10-07 08:19:05,7850.0,7902.25,Call GEX 4,GEX,741667.249,,9291.659541610295
2026-10-07 08:19:05,7900.0,7952.5,Call DEX 5,DEX,188.187,,9291.659541610295
2026-10-07 08:19:05,7900.0,7952.5,Call GEX 1,GEX,896917.781,,9291.659541610295
2026-10-07 08:19:05,8000.0,8053.25,Put CEX 1,CEX,-5036302.863,,9291.659541610295
2026-10-07 08:19:05,8000.0,8053.25,Put DEX 1,DEX,-1834.338,,9291.659541610295
2026-10-07 08:19:05,8000.0,8053.25,Call GEX 3,GEX,806039.143,,9291.659541610295
2026-10-07 08:19:05,8000.0,8053.25,Put VEX 1,VEX,-12352028.259,,9291.659541610295
2026-10-07 08:19:05,8050.0,8103.5,Call DEX 3,DEX,232.639,,9291.659541610295
2026-10-07 08:19:05,8050.0,8103.5,Call GEX 5,GEX,697801.044,,9291.659541610295
2026-10-07 08:19:05,8050.0,8103.5,Put VEX 3,VEX,-1468966.232,,9291.659541610295
2026-10-07 08:19:05,8100.0,8154.0,Put VEX 2,VEX,-1709711.644,,9291.659541610295
2026-10-07 08:19:05,8150.0,8204.25,Put VEX 5,VEX,-1070381.008,,9291.659541610295
2026-10-07 08:19:05,8200.0,8254.5,Put VEX 4,VEX,-1160789.976,,9291.659541610295
2026-10-07 08:19:05,9000.0,9060.0,Put DEX 2,DEX,-57.026,,9291.659541610295
2026-10-07 08:19:05,10000.0,10066.5,Put DEX 4,DEX,-39.823,,9291.659541610295
2026-10-07 08:19:54,6400.0,6442.5,Put DEX 5,DEX,-38.692,,9292.40531414606
2026-10-07 08:19:54,6500.0,6543.25,Put DEX 3,DEX,-41.879,,9292.40531414606
2026-10-07 08:19:54,7000.0,7046.5,Call CEX 3,CEX,1103272.787,,9292.40531414606
2026-10-07 08:19:54,7000.0,7046.5,Call DEX 1,DEX,430.362,,9292.40531414606
2026-10-07 08:19:54,7000.0,7046.5,Put GEX 1,GEX,-805978.146,,9292.40531414606
2026-10-07 08:19:54,7000.0,7046.5,Call VEX 1,VEX,9196293.151,,9292.40531414606
2026-10-07 08:19:54,7400.0,7449.25,Put GEX 5,GEX,-199931.235,,9292.40531414606
2026-10-07 08:19:54,7400.0,7449.25,Call VEX 5,VEX,1796039.804,,9292.40531414606
2026-10-07 08:19:54,7500.0,7549.75,Put GEX 2,GEX,-380772.876,,9292.40531414606
2026-10-07 08:19:54,7500.0,7549.75,Call VEX 3,VEX,2469692.721,,9292.40531414606
2026-10-07 08:19:54,7600.0,7650.5,Call DEX 5,DEX,189.221,,9292.40531414606
2026-10-07 08:19:54,7600.0,7650.5,Put GEX 4,GEX,-295671.623,,9292.40531414606
2026-10-07 08:19:54,7600.0,7650.5,Call VEX 4,VEX,2260239.262,,9292.40531414606
2026-10-07 08:19:54,7650.0,7700.75,Put GEX 3,GEX,-340826.737,,9292.40531414606
2026-10-07 08:19:54,7700.0,7751.25,Call CEX 2,CEX,1171383.034,,9292.40531414606
2026-10-07 08:19:54,7700.0,7751.25,Call DEX 2,DEX,341.466,,9292.40531414606
2026-10-07 08:19:54,7700.0,7751.25,Call VEX 2,VEX,2689917.973,,9292.40531414606
2026-10-07 08:19:54,7725.0,7776.25,Call CEX 4,CEX,972064.395,,9292.40531414606
2026-10-07 08:19:54,7740.0,7791.5,Call CEX 5,CEX,964946.774,,9292.40531414606
2026-10-07 08:19:54,7750.0,7801.5,Call CEX 1,CEX,3295152.648,,9292.40531414606
2026-10-07 08:19:54,7795.0,7846.75,Put CEX 5,CEX,-1546771.022,,9292.40531414606
2026-10-07 08:19:54,7800.0,7851.75,Put CEX 2,CEX,-2556079.708,,9292.40531414606
2026-10-07 08:19:54,7800.0,7851.75,Call DEX 4,DEX,209.792,,9292.40531414606
2026-10-07 08:19:54,7800.0,7851.75,Call GEX 2,GEX,801849.779,,9292.40531414606
2026-10-07 08:19:54,7825.0,7877.0,Put CEX 4,CEX,-2135199.353,,9292.40531414606
2026-10-07 08:19:54,7850.0,7902.25,Put CEX 3,CEX,-2268912.563,,9292.40531414606
2026-10-07 08:19:54,7850.0,7902.25,Call GEX 4,GEX,735279.412,,9292.40531414606
2026-10-07 08:19:54,7900.0,7952.5,Call GEX 1,GEX,890962.724,,9292.40531414606
2026-10-07 08:19:54,8000.0,8053.25,Put CEX 1,CEX,-5019836.298,,9292.40531414606
2026-10-07 08:19:54,8000.0,8053.25,Put DEX 1,DEX,-1843.64,,9292.40531414606
2026-10-07 08:19:54,8000.0,8053.25,Call GEX 3,GEX,801603.534,,9292.40531414606
2026-10-07 08:19:54,8000.0,8053.25,Put VEX 1,VEX,-12364893.522,,9292.40531414606
2026-10-07 08:19:54,8050.0,8103.5,Call DEX 3,DEX,232.157,,9292.40531414606
2026-10-07 08:19:54,8050.0,8103.5,Call GEX 5,GEX,695234.976,,9292.40531414606
2026-10-07 08:19:54,8050.0,8103.5,Put VEX 3,VEX,-1469982.471,,9292.40531414606
2026-10-07 08:19:54,8100.0,8153.75,Put VEX 2,VEX,-1710787.259,,9292.40531414606
2026-10-07 08:19:54,8150.0,8204.25,Put VEX 5,VEX,-1070641.917,,9292.40531414606
2026-10-07 08:19:54,8200.0,8254.5,Put VEX 4,VEX,-1160582.375,,9292.40531414606
2026-10-07 08:19:54,9000.0,9059.75,Put DEX 2,DEX,-57.053,,9292.40531414606
2026-10-07 08:19:54,10000.0,10066.5,Put DEX 4,DEX,-39.867,,9292.40531414606
2026-10-07 08:20:42,6400.0,6442.25,Put DEX 5,DEX,-38.622,,9291.689041709657
2026-10-07 08:20:42,6500.0,6542.75,Put DEX 3,DEX,-41.846,,9291.689041709657
2026-10-07 08:20:42,7000.0,7046.25,Call CEX 3,CEX,1085743.042,,9291.689041709657
2026-10-07 08:20:42,7000.0,7046.25,Call DEX 1,DEX,428.486,,9291.689041709657
2026-10-07 08:20:42,7000.0,7046.25,Put GEX 1,GEX,-813354.886,,9291.689041709657
2026-10-07 08:20:42,7000.0,7046.25,Call VEX 1,VEX,9095190.33,,9291.689041709657
2026-10-07 08:20:42,7400.0,7448.75,Put GEX 5,GEX,-199247.525,,9291.689041709657
2026-10-07 08:20:42,7400.0,7448.75,Call VEX 5,VEX,1793647.074,,9291.689041709657
2026-10-07 08:20:42,7500.0,7549.5,Put GEX 2,GEX,-389721.114,,9291.689041709657
2026-10-07 08:20:42,7500.0,7549.5,Call VEX 3,VEX,2441593.207,,9291.689041709657
2026-10-07 08:20:42,7600.0,7650.0,Call DEX 5,DEX,194.956,,9291.689041709657
2026-10-07 08:20:42,7600.0,7650.0,Put GEX 4,GEX,-293556.689,,9291.689041709657
2026-10-07 08:20:42,7600.0,7650.0,Call VEX 4,VEX,2264488.028,,9291.689041709657
2026-10-07 08:20:42,7650.0,7700.5,Put GEX 3,GEX,-337443.424,,9291.689041709657
2026-10-07 08:20:42,7675.0,7725.5,Call CEX 5,CEX,970224.532,,9291.689041709657
2026-10-07 08:20:42,7700.0,7750.75,Call CEX 2,CEX,1167083.924,,9291.689041709657
2026-10-07 08:20:42,7700.0,7750.75,Call DEX 2,DEX,345.162,,9291.689041709657
2026-10-07 08:20:42,7700.0,7750.75,Call VEX 2,VEX,2708158.648,,9291.689041709657
2026-10-07 08:20:42,7750.0,7801.0,Call CEX 1,CEX,3287830.289,,9291.689041709657
2026-10-07 08:20:42,7760.0,7811.25,Call CEX 4,CEX,987785.675,,9291.689041709657
2026-10-07 08:20:42,7795.0,7846.5,Put CEX 5,CEX,-1503201.285,,9291.689041709657
2026-10-07 08:20:42,7800.0,7851.5,Put CEX 2,CEX,-2518431.96,,9291.689041709657
2026-10-07 08:20:42,7800.0,7851.5,Call DEX 4,DEX,214.052,,9291.689041709657
2026-10-07 08:20:42,7800.0,7851.5,Call GEX 2,GEX,814353.629,,9291.689041709657
2026-10-07 08:20:42,7825.0,7876.5,Put CEX 4,CEX,-2177502.512,,9291.689041709657
2026-10-07 08:20:42,7850.0,7901.75,Put CEX 3,CEX,-2292332.638,,9291.689041709657
2026-10-07 08:20:42,7850.0,7901.75,Call GEX 4,GEX,743469.447,,9291.689041709657
2026-10-07 08:20:42,7900.0,7952.0,Call GEX 1,GEX,899844.639,,9291.689041709657
2026-10-07 08:20:42,8000.0,8052.75,Put CEX 1,CEX,-5055549.188,,9291.689041709657
2026-10-07 08:20:42,8000.0,8052.75,Put DEX 1,DEX,-1829.292,,9291.689041709657
2026-10-07 08:20:42,8000.0,8052.75,Call GEX 3,GEX,805405.081,,9291.689041709657
2026-10-07 08:20:42,8000.0,8052.75,Put VEX 1,VEX,-12371034.12,,9291.689041709657
2026-10-07 08:20:42,8050.0,8103.0,Call DEX 3,DEX,232.926,,9291.689041709657
2026-10-07 08:20:42,8050.0,8103.0,Call GEX 5,GEX,697961.151,,9291.689041709657
2026-10-07 08:20:42,8050.0,8103.0,Put VEX 3,VEX,-1467958.017,,9291.689041709657
2026-10-07 08:20:42,8100.0,8153.5,Put VEX 2,VEX,-1708832.997,,9291.689041709657
2026-10-07 08:20:42,8150.0,8203.75,Put VEX 5,VEX,-1069661.516,,9291.689041709657
2026-10-07 08:20:42,8200.0,8254.0,Put VEX 4,VEX,-1160366.539,,9291.689041709657
2026-10-07 08:20:42,9000.0,9059.25,Put DEX 2,DEX,-57.029,,9291.689041709657
2026-10-07 08:20:42,10000.0,10066.0,Put DEX 4,DEX,-39.828,,9291.689041709657
2026-10-07 08:21:31,6000.0,6040.0,Put DEX 3,DEX,-44.361,,9291.17183668849
2026-10-07 08:21:31,6500.0,6543.25,Put DEX 4,DEX,-41.807,,9291.17183668849
2026-10-07 08:21:31,7000.0,7046.5,Call CEX 3,CEX,1084232.983,,9291.17183668849
2026-10-07 08:21:31,7000.0,7046.5,Call DEX 1,DEX,430.749,,9291.17183668849
2026-10-07 08:21:31,7000.0,7046.5,Put GEX 1,GEX,-816508.521,,9291.17183668849
2026-10-07 08:21:31,7000.0,7046.5,Call VEX 1,VEX,9062017.456,,9291.17183668849
2026-10-07 08:21:31,7400.0,7449.25,Put GEX 5,GEX,-199453.95,,9291.17183668849
2026-10-07 08:21:31,7400.0,7449.25,Call VEX 5,VEX,1794721.306,,9291.17183668849
2026-10-07 08:21:31,7500.0,7550.0,Put GEX 2,GEX,-380838.55,,9291.17183668849
2026-10-07 08:21:31,7500.0,7550.0,Call VEX 3,VEX,2464318.5,,9291.17183668849
2026-10-07 08:21:31,7600.0,7650.5,Call DEX 5,DEX,191.39,,9291.17183668849
2026-10-07 08:21:31,7600.0,7650.5,Put GEX 4,GEX,-292513.86,,9291.17183668849
2026-10-07 08:21:31,7600.0,7650.5,Call VEX 4,VEX,2266832.573,,9291.17183668849
2026-10-07 08:21:31,7650.0,7701.0,Put GEX 3,GEX,-336788.907,,9291.17183668849
2026-10-07 08:21:31,7700.0,7751.25,Call CEX 2,CEX,1176774.457,,9291.17183668849
2026-10-07 08:21:31,7700.0,7751.25,Call DEX 2,DEX,346.309,,9291.17183668849
2026-10-07 08:21:31,7700.0,7751.25,Call VEX 2,VEX,2717646.784,,9291.17183668849
2026-10-07 08:21:31,7740.0,7791.5,Call CEX 5,CEX,945772.993,,9291.17183668849
2026-10-07 08:21:31,7750.0,7801.5,Call CEX 1,CEX,3321639.752,,9291.17183668849
2026-10-07 08:21:31,7760.0,7811.75,Call CEX 4,CEX,1006470.911,,9291.17183668849
2026-10-07 08:21:31,7795.0,7847.0,Put CEX 5,CEX,-1492771.332,,9291.17183668849
2026-10-07 08:21:31,7800.0,7852.0,Put CEX 2,CEX,-2511948.614,,9291.17183668849
2026-10-07 08:21:31,7800.0,7852.0,Call DEX 4,DEX,215.931,,9291.17183668849
2026-10-07 08:21:31,7800.0,7852.0,Call GEX 3,GEX,804693.577,,9291.17183668849
2026-10-07 08:21:31,7825.0,7877.0,Put CEX 4,CEX,-2181990.947,,9291.17183668849
2026-10-07 08:21:31,7850.0,7902.25,Put CEX 3,CEX,-2297182.579,,9291.17183668849
2026-10-07 08:21:31,7850.0,7902.25,Call GEX 4,GEX,746050.935,,9291.17183668849
2026-10-07 08:21:31,7900.0,7952.5,Call GEX 1,GEX,901513.146,,9291.17183668849
2026-10-07 08:21:31,8000.0,8053.25,Put CEX 1,CEX,-5043581.502,,9291.17183668849
2026-10-07 08:21:31,8000.0,8053.25,Put DEX 1,DEX,-1829.428,,9291.17183668849
2026-10-07 08:21:31,8000.0,8053.25,Call GEX 2,GEX,819600.187,,9291.17183668849
2026-10-07 08:21:31,8000.0,8053.25,Put VEX 1,VEX,-12328614.835,,9291.17183668849
2026-10-07 08:21:31,8050.0,8103.5,Call DEX 3,DEX,233.305,,9291.17183668849
2026-10-07 08:21:31,8050.0,8103.5,Call GEX 5,GEX,699250.36,,9291.17183668849
2026-10-07 08:21:31,8050.0,8103.5,Put VEX 3,VEX,-1467169.435,,9291.17183668849
2026-10-07 08:21:31,8100.0,8154.0,Put VEX 2,VEX,-1708128.941,,9291.17183668849
2026-10-07 08:21:31,8150.0,8204.25,Put VEX 5,VEX,-1069617.869,,9291.17183668849
2026-10-07 08:21:31,8200.0,8254.5,Put VEX 4,VEX,-1160751.91,,9291.17183668849
2026-10-07 08:21:31,9000.0,9060.0,Put DEX 2,DEX,-64.771,,9291.17183668849
2026-10-07 08:21:31,10000.0,10066.5,Put DEX 5,DEX,-39.808,,9291.17183668849
2026-10-07 08:22:19,6400.0,6442.5,Put DEX 5,DEX,-39.02,,9291.01591814269
2026-10-07 08:22:19,6500.0,6543.25,Put DEX 3,DEX,-42.025,,9291.01591814269
2026-10-07 08:22:19,7000.0,7046.5,Call CEX 3,CEX,1099551.261,,9291.01591814269
2026-10-07 08:22:19,7000.0,7046.5,Call DEX 1,DEX,432.791,,9291.01591814269
2026-10-07 08:22:19,7000.0,7046.5,Put GEX 1,GEX,-819906.185,,9291.01591814269
2026-10-07 08:22:19,7000.0,7046.5,Call VEX 1,VEX,9097488.447,,9291.01591814269
2026-10-07 08:22:19,7400.0,7449.25,Put GEX 5,GEX,-200596.099,,9291.01591814269
2026-10-07 08:22:19,7400.0,7449.25,Call VEX 5,VEX,1795571.548,,9291.01591814269
2026-10-07 08:22:19,7500.0,7550.0,Put GEX 2,GEX,-380603.353,,9291.01591814269
2026-10-07 08:22:19,7500.0,7550.0,Call VEX 3,VEX,2477764.456,,9291.01591814269
2026-10-07 08:22:19,7600.0,7650.5,Call DEX 5,DEX,187.332,,9291.01591814269
2026-10-07 08:22:19,7600.0,7650.5,Put GEX 4,GEX,-296031.674,,9291.01591814269
2026-10-07 08:22:19,7600.0,7650.5,Call VEX 4,VEX,2258546.496,,9291.01591814269
2026-10-07 08:22:19,7650.0,7701.0,Put GEX 3,GEX,-342948.833,,9291.01591814269
2026-10-07 08:22:19,7700.0,7751.25,Call CEX 2,CEX,1176611.927,,9291.01591814269
2026-10-07 08:22:19,7700.0,7751.25,Call DEX 2,DEX,337.248,,9291.01591814269
2026-10-07 08:22:19,7700.0,7751.25,Call VEX 2,VEX,2669884.186,,9291.01591814269
2026-10-07 08:22:19,7725.0,7776.5,Call CEX 5,CEX,987756.323,,9291.01591814269
2026-10-07 08:22:19,7740.0,7791.5,Call CEX 4,CEX,993463.138,,9291.01591814269
2026-10-07 08:22:19,7750.0,7801.5,Call CEX 1,CEX,3270012.741,,9291.01591814269
2026-10-07 08:22:19,7795.0,7847.0,Put CEX 5,CEX,-1583773.769,,9291.01591814269
2026-10-07 08:22:19,7800.0,7852.0,Put CEX 2,CEX,-2591228.724,,9291.01591814269
2026-10-07 08:22:19,7800.0,7852.0,Call DEX 4,DEX,205.234,,9291.01591814269
2026-10-07 08:22:19,7800.0,7852.0,Call GEX 3,GEX,802311.315,,9291.01591814269
2026-10-07 08:22:19,7825.0,7877.0,Put CEX 4,CEX,-2127890.679,,9291.01591814269
2026-10-07 08:22:19,7850.0,7902.25,Put CEX 3,CEX,-2279878.517,,9291.01591814269
2026-10-07 08:22:19,7850.0,7902.25,Call GEX 4,GEX,727545.479,,9291.01591814269
2026-10-07 08:22:19,7900.0,7952.5,Call GEX 1,GEX,884325.682,,9291.01591814269
2026-10-07 08:22:19,8000.0,8053.25,Put CEX 1,CEX,-5016376.736,,9291.01591814269
2026-10-07 08:22:19,8000.0,8053.25,Put DEX 1,DEX,-1851.334,,9291.01591814269
2026-10-07 08:22:19,8000.0,8053.25,Call GEX 2,GEX,805437.91,,9291.01591814269
2026-10-07 08:22:19,8000.0,8053.25,Put VEX 1,VEX,-12414139.136,,9291.01591814269
2026-10-07 08:22:19,8050.0,8103.5,Call DEX 3,DEX,230.665,,9291.01591814269
2026-10-07 08:22:19,8050.0,8103.5,Call GEX 5,GEX,693436.127,,9291.01591814269
2026-10-07 08:22:19,8050.0,8103.5,Put VEX 3,VEX,-1474539.354,,9291.01591814269
2026-10-07 08:22:19,8100.0,8154.0,Put VEX 2,VEX,-1714610.925,,9291.01591814269
2026-10-07 08:22:19,8150.0,8204.25,Put VEX 5,VEX,-1073290.532,,9291.01591814269
2026-10-07 08:22:19,8200.0,8254.5,Put VEX 4,VEX,-1161594.148,,9291.01591814269
2026-10-07 08:22:19,9000.0,9060.0,Put DEX 2,DEX,-56.994,,9291.01591814269
2026-10-07 08:22:19,10000.0,10066.5,Put DEX 4,DEX,-39.785,,9291.01591814269
2026-10-07 08:23:09,6400.0,6443.75,Put DEX 5,DEX,-38.849,,9292.60784749956
2026-10-07 08:23:09,6500.0,6544.5,Put DEX 3,DEX,-41.982,,9292.60784749956
2026-10-07 08:23:09,7000.0,7047.75,Call CEX 4,CEX,1102827.435,,9292.60784749956
2026-10-07 08:23:09,7000.0,7047.75,Call DEX 1,DEX,428.684,,9292.60784749956
2026-10-07 08:23:09,7000.0,7047.75,Put GEX 1,GEX,-808033.804,,9292.60784749956
2026-10-07 08:23:09,7000.0,7047.75,Call VEX 1,VEX,9197336.285,,9292.60784749956
2026-10-07 08:23:09,7400.0,7450.5,Put GEX 5,GEX,-200359.7,,9292.60784749956
2026-10-07 08:23:09,7400.0,7450.5,Call VEX 5,VEX,1797028.252,,9292.60784749956
2026-10-07 08:23:09,7500.0,7551.25,Put GEX 2,GEX,-371165.324,,9292.60784749956
2026-10-07 08:23:09,7500.0,7551.25,Call VEX 3,VEX,2502147.963,,9292.60784749956
2026-10-07 08:23:09,7600.0,7652.0,Put GEX 4,GEX,-291909.88,,9292.60784749956
2026-10-07 08:23:09,7600.0,7652.0,Call VEX 4,VEX,2264801.056,,9292.60784749956
2026-10-07 08:23:09,7650.0,7702.25,Put GEX 3,GEX,-343367.259,,9292.60784749956
2026-10-07 08:23:09,7700.0,7752.5,Call CEX 2,CEX,1344026.124,,9292.60784749956
2026-10-07 08:23:09,7700.0,7752.5,Call DEX 2,DEX,340.906,,9292.60784749956
2026-10-07 08:23:09,7700.0,7752.5,Call VEX 2,VEX,2671467.57,,9292.60784749956
2026-10-07 08:23:09,7725.0,7777.75,Call CEX 3,CEX,1294070.868,,9292.60784749956
2026-10-07 08:23:09,7740.0,7792.75,Call CEX 5,CEX,1039316.526,,9292.60784749956
2026-10-07 08:23:09,7750.0,7803.0,Call CEX 1,CEX,3292531.775,,9292.60784749956
2026-10-07 08:23:09,7795.0,7848.25,Put CEX 4,CEX,-1617391.426,,9292.60784749956
2026-10-07 08:23:09,7800.0,7853.25,Put CEX 2,CEX,-2600503.812,,9292.60784749956
2026-10-07 08:23:09,7800.0,7853.25,Call DEX 4,DEX,204.784,,9292.60784749956
2026-10-07 08:23:09,7800.0,7853.25,Call GEX 3,GEX,759726.354,,9292.60784749956
2026-10-07 08:23:09,7825.0,7878.5,Put CEX 5,CEX,-1313159.811,,9292.60784749956
2026-10-07 08:23:09,7850.0,7903.5,Put CEX 3,CEX,-1939794.377,,9292.60784749956
2026-10-07 08:23:09,7850.0,7903.5,Call GEX 4,GEX,742624.254,,9292.60784749956
2026-10-07 08:23:09,7900.0,7954.0,Call DEX 5,DEX,190.958,,9292.60784749956
2026-10-07 08:23:09,7900.0,7954.0,Call GEX 1,GEX,886393.749,,9292.60784749956
2026-10-07 08:23:09,8000.0,8054.75,Put CEX 1,CEX,-4917397.638,,9292.60784749956
2026-10-07 08:23:09,8000.0,8054.75,Put DEX 1,DEX,-1870.95,,9292.60784749956
2026-10-07 08:23:09,8000.0,8054.75,Call GEX 2,GEX,836378.298,,9292.60784749956
2026-10-07 08:23:09,8000.0,8054.75,Put VEX 1,VEX,-12270251.676,,9292.60784749956
2026-10-07 08:23:09,8050.0,8105.0,Call DEX 3,DEX,231.748,,9292.60784749956
2026-10-07 08:23:09,8050.0,8105.0,Call GEX 5,GEX,691879.044,,9292.60784749956
2026-10-07 08:23:09,8050.0,8105.0,Put VEX 3,VEX,-1471674.116,,9292.60784749956
2026-10-07 08:23:09,8100.0,8155.25,Put VEX 2,VEX,-1712892.882,,9292.60784749956
2026-10-07 08:23:09,8150.0,8205.75,Put VEX 5,VEX,-1071543.803,,9292.60784749956
2026-10-07 08:23:09,8200.0,8256.0,Put VEX 4,VEX,-1161047.589,,9292.60784749956
2026-10-07 08:23:09,9000.0,9061.5,Put DEX 2,DEX,-57.298,,9292.60784749956
2026-10-07 08:23:09,10000.0,10068.25,Put DEX 4,DEX,-39.926,,9292.60784749956
2026-10-07 08:23:57,6000.0,6040.0,Put DEX 3,DEX,-44.637,,9290.86787231476
2026-10-07 08:23:57,6500.0,6543.25,Put DEX 4,DEX,-41.969,,9290.86787231476
2026-10-07 08:23:57,7000.0,7046.75,Call CEX 3,CEX,1097903.087,,9290.86787231476
2026-10-07 08:23:57,7000.0,7046.75,Call DEX 1,DEX,433.273,,9290.86787231476
2026-10-07 08:23:57,7000.0,7046.75,Put GEX 1,GEX,-815660.035,,9290.86787231476
2026-10-07 08:23:57,7000.0,7046.75,Call VEX 1,VEX,9114029.523,,9290.86787231476
2026-10-07 08:23:57,7400.0,7449.25,Put GEX 5,GEX,-200234.466,,9290.86787231476
2026-10-07 08:23:57,7400.0,7449.25,Call VEX 5,VEX,1795408.346,,9290.86787231476
2026-10-07 08:23:57,7500.0,7550.0,Put GEX 2,GEX,-379070.038,,9290.86787231476
2026-10-07 08:23:57,7500.0,7550.0,Call VEX 3,VEX,2475852.463,,9290.86787231476
2026-10-07 08:23:57,7600.0,7650.75,Call DEX 5,DEX,189.282,,9290.86787231476
2026-10-07 08:23:57,7600.0,7650.75,Put GEX 4,GEX,-294362.551,,9290.86787231476
2026-10-07 08:23:57,7600.0,7650.75,Call VEX 4,VEX,2262679.699,,9290.86787231476
2026-10-07 08:23:57,7650.0,7701.0,Put GEX 3,GEX,-340114.32,,9290.86787231476
2026-10-07 08:23:57,7700.0,7751.25,Call CEX 2,CEX,1181791.996,,9290.86787231476
2026-10-07 08:23:57,7700.0,7751.25,Call DEX 2,DEX,341.944,,9290.86787231476
2026-10-07 08:23:57,7700.0,7751.25,Call VEX 2,VEX,2695100.131,,9290.86787231476
2026-10-07 08:23:57,7725.0,7776.5,Call CEX 5,CEX,969225.86,,9290.86787231476
2026-10-07 08:23:57,7740.0,7791.5,Call CEX 4,CEX,999130.301,,9290.86787231476
2026-10-07 08:23:57,7750.0,7801.75,Call CEX 1,CEX,3339542.942,,9290.86787231476
2026-10-07 08:23:57,7795.0,7847.0,Put CEX 5,CEX,-1554088.308,,9290.86787231476
2026-10-07 08:23:57,7800.0,7852.0,Put CEX 2,CEX,-2570909.628,,9290.86787231476
2026-10-07 08:23:57,7800.0,7852.0,Call DEX 4,DEX,210.916,,9290.86787231476
2026-10-07 08:23:57,7800.0,7852.0,Call GEX 3,GEX,798785.659,,9290.86787231476
2026-10-07 08:23:57,7825.0,7877.25,Put CEX 4,CEX,-2139210.128,,9290.86787231476
2026-10-07 08:23:57,7850.0,7902.25,Put CEX 3,CEX,-2272531.267,,9290.86787231476
2026-10-07 08:23:57,7850.0,7902.25,Call GEX 4,GEX,738649.464,,9290.86787231476
2026-10-07 08:23:57,7900.0,7952.75,Call GEX 1,GEX,894294.594,,9290.86787231476
2026-10-07 08:23:57,8000.0,8053.25,Put CEX 1,CEX,-5018046.065,,9290.86787231476
2026-10-07 08:23:57,8000.0,8053.25,Put DEX 1,DEX,-1842.373,,9290.86787231476
2026-10-07 08:23:57,8000.0,8053.25,Call GEX 2,GEX,816633.73,,9290.86787231476
2026-10-07 08:23:57,8000.0,8053.25,Put VEX 1,VEX,-12347727.008,,9290.86787231476
2026-10-07 08:23:57,8050.0,8103.75,Call DEX 3,DEX,232.163,,9290.86787231476
2026-10-07 08:23:57,8050.0,8103.75,Call GEX 5,GEX,696184.761,,9290.86787231476
2026-10-07 08:23:57,8050.0,8103.75,Put VEX 3,VEX,-1469787.59,,9290.86787231476
2026-10-07 08:23:57,8100.0,8154.0,Put VEX 2,VEX,-1711393.367,,9290.86787231476
2026-10-07 08:23:57,8150.0,8204.25,Put VEX 5,VEX,-1071111.927,,9290.86787231476
2026-10-07 08:23:57,8200.0,8254.75,Put VEX 4,VEX,-1160627.257,,9290.86787231476
2026-10-07 08:23:57,9000.0,9060.0,Put DEX 2,DEX,-57.023,,9290.86787231476
2026-10-07 08:23:57,10000.0,10066.75,Put DEX 5,DEX,-39.818,,9290.86787231476
2026-10-07 08:24:45,6400.0,6442.25,Put DEX 5,DEX,-38.994,,9291.331941488106
2026-10-07 08:24:45,6500.0,6543.0,Put DEX 3,DEX,-42.068,,9291.331941488106
2026-10-07 08:24:45,7000.0,7046.25,Call CEX 3,CEX,1103368.753,,9291.331941488106
2026-10-07 08:24:45,7000.0,7046.25,Call DEX 1,DEX,430.829,,9291.331941488106
2026-10-07 08:24:45,7000.0,7046.25,Put GEX 1,GEX,-813382.851,,9291.331941488106
2026-10-07 08:24:45,7000.0,7046.25,Call VEX 1,VEX,9144737.492,,9291.331941488106
2026-10-07 08:24:45,7400.0,7449.0,Put GEX 5,GEX,-200493.129,,9291.331941488106
2026-10-07 08:24:45,7400.0,7449.0,Call VEX 5,VEX,1795456.658,,9291.331941488106
2026-10-07 08:24:45,7500.0,7549.5,Put GEX 2,GEX,-382004.542,,9291.331941488106
2026-10-07 08:24:45,7500.0,7549.5,Call VEX 3,VEX,2471211.11,,9291.331941488106
2026-10-07 08:24:45,7600.0,7650.25,Call DEX 5,DEX,188.136,,9291.331941488106
2026-10-07 08:24:45,7600.0,7650.25,Put GEX 4,GEX,-295412.982,,9291.331941488106
2026-10-07 08:24:45,7600.0,7650.25,Call VEX 4,VEX,2260574.932,,9291.331941488106
2026-10-07 08:24:45,7650.0,7700.5,Put GEX 3,GEX,-341773.613,,9291.331941488106
2026-10-07 08:24:45,7700.0,7751.0,Call CEX 2,CEX,1182063.016,,9291.331941488106
2026-10-07 08:24:45,7700.0,7751.0,Call DEX 2,DEX,339.384,,9291.331941488106
2026-10-07 08:24:45,7700.0,7751.0,Call VEX 2,VEX,2681537.98,,9291.331941488106
2026-10-07 08:24:45,7725.0,7776.0,Call CEX 5,CEX,977725.82,,9291.331941488106
2026-10-07 08:24:45,7740.0,7791.25,Call CEX 4,CEX,993965.539,,9291.331941488106
2026-10-07 08:24:45,7750.0,7801.25,Call CEX 1,CEX,3322945.376,,9291.331941488106
2026-10-07 08:24:45,7795.0,7846.5,Put CEX 5,CEX,-1578474.007,,9291.331941488106
2026-10-07 08:24:45,7800.0,7851.5,Put CEX 2,CEX,-2589844.131,,9291.331941488106
2026-10-07 08:24:45,7800.0,7851.5,Call DEX 4,DEX,208.065,,9291.331941488106
2026-10-07 08:24:45,7800.0,7851.5,Call GEX 3,GEX,800244.591,,9291.331941488106
2026-10-07 08:24:45,7825.0,7876.75,Put CEX 4,CEX,-2138991.065,,9291.331941488106
2026-10-07 08:24:45,7850.0,7902.0,Put CEX 3,CEX,-2271527.718,,9291.331941488106
2026-10-07 08:24:45,7850.0,7902.0,Call GEX 4,GEX,733377.964,,9291.331941488106
2026-10-07 08:24:45,7900.0,7952.25,Call GEX 1,GEX,887707.007,,9291.331941488106
2026-10-07 08:24:45,8000.0,8053.0,Put CEX 1,CEX,-5020268.128,,9291.331941488106
2026-10-07 08:24:45,8000.0,8053.0,Put DEX 1,DEX,-1847.209,,9291.331941488106
2026-10-07 08:24:45,8000.0,8053.0,Call GEX 2,GEX,809874.742,,9291.331941488106
2026-10-07 08:24:45,8000.0,8053.0,Put VEX 1,VEX,-12384733.339,,9291.331941488106
2026-10-07 08:24:45,8050.0,8103.25,Call DEX 3,DEX,231.553,,9291.331941488106
2026-10-07 08:24:45,8050.0,8103.25,Call GEX 5,GEX,694283.18,,9291.331941488106
2026-10-07 08:24:45,8050.0,8103.25,Put VEX 3,VEX,-1471252.174,,9291.331941488106
2026-10-07 08:24:45,8100.0,8153.5,Put VEX 2,VEX,-1712592.754,,9291.331941488106
2026-10-07 08:24:45,8150.0,8204.0,Put VEX 5,VEX,-1071812.623,,9291.331941488106
2026-10-07 08:24:45,8200.0,8254.25,Put VEX 4,VEX,-1160660.792,,9291.331941488106
2026-10-07 08:24:45,9000.0,9059.5,Put DEX 2,DEX,-57.057,,9291.331941488106
2026-10-07 08:24:45,10000.0,10066.25,Put DEX 4,DEX,-39.831,,9291.331941488106
2026-10-07 08:25:34,6000.0,6040.0,Put DEX 3,DEX,-44.643,,9290.810894146483
2026-10-07 08:25:34,6500.0,6543.25,Put DEX 4,DEX,-41.981,,9290.810894146483
2026-10-07 08:25:34,7000.0,7046.75,Call CEX 3,CEX,1097656.504,,9290.810894146483
2026-10-07 08:25:34,7000.0,7046.75,Call DEX 1,DEX,433.929,,9290.810894146483
2026-10-07 08:25:34,7000.0,7046.75,Put GEX 1,GEX,-816619.743,,9290.810894146483
2026-10-07 08:25:34,7000.0,7046.75,Call VEX 1,VEX,9105344.022,,9290.810894146483
2026-10-07 08:25:34,7400.0,7449.25,Put GEX 5,GEX,-200097.482,,9290.810894146483
2026-10-07 08:25:34,7400.0,7449.25,Call VEX 5,VEX,1796157.577,,9290.810894146483
2026-10-07 08:25:34,7500.0,7550.0,Put GEX 2,GEX,-378598.696,,9290.810894146483
2026-10-07 08:25:34,7500.0,7550.0,Call VEX 3,VEX,2477547.53,,9290.810894146483
2026-10-07 08:25:34,7600.0,7650.75,Call DEX 5,DEX,189.291,,9290.810894146483
2026-10-07 08:25:34,7600.0,7650.75,Put GEX 4,GEX,-294211.883,,9290.810894146483
2026-10-07 08:25:34,7600.0,7650.75,Call VEX 4,VEX,2264099.327,,9290.810894146483
2026-10-07 08:25:34,7650.0,7701.0,Put GEX 3,GEX,-340497.63,,9290.810894146483
2026-10-07 08:25:34,7700.0,7751.25,Call CEX 2,CEX,1185619.927,,9290.810894146483
2026-10-07 08:25:34,7700.0,7751.25,Call DEX 2,DEX,341.764,,9290.810894146483
2026-10-07 08:25:34,7700.0,7751.25,Call VEX 2,VEX,2695423.559,,9290.810894146483
2026-10-07 08:25:34,7740.0,7791.5,Call CEX 4,CEX,1006970.588,,9290.810894146483
2026-10-07 08:25:34,7750.0,7801.75,Call CEX 1,CEX,3357793.405,,9290.810894146483
2026-10-07 08:25:34,7760.0,7811.75,Call CEX 5,CEX,963272.416,,9290.810894146483
2026-10-07 08:25:34,7795.0,7847.0,Put CEX 5,CEX,-1566998.641,,9290.810894146483
2026-10-07 08:25:34,7800.0,7852.0,Put CEX 2,CEX,-2580365.264,,9290.810894146483
2026-10-07 08:25:34,7800.0,7852.0,Call DEX 4,DEX,210.941,,9290.810894146483
2026-10-07 08:25:34,7800.0,7852.0,Call GEX 3,GEX,794354.252,,9290.810894146483
2026-10-07 08:25:34,7825.0,7877.25,Put CEX 4,CEX,-2118875.266,,9290.810894146483
2026-10-07 08:25:34,7850.0,7902.25,Put CEX 3,CEX,-2259413.474,,9290.810894146483
2026-10-07 08:25:34,7850.0,7902.25,Call GEX 4,GEX,739380.935,,9290.810894146483
2026-10-07 08:25:34,7900.0,7952.75,Call GEX 1,GEX,892179.666,,9290.810894146483
2026-10-07 08:25:34,8000.0,8053.25,Put CEX 1,CEX,-5010728.612,,9290.810894146483
2026-10-07 08:25:34,8000.0,8053.25,Put DEX 1,DEX,-1843.451,,9290.810894146483
2026-10-07 08:25:34,8000.0,8053.25,Call GEX 2,GEX,820972.032,,9290.810894146483
2026-10-07 08:25:34,8000.0,8053.25,Put VEX 1,VEX,-12334323.389,,9290.810894146483
2026-10-07 08:25:34,8050.0,8103.75,Call DEX 3,DEX,232.278,,9290.810894146483
2026-10-07 08:25:34,8050.0,8103.75,Call GEX 5,GEX,696399.225,,9290.810894146483
2026-10-07 08:25:34,8050.0,8103.75,Put VEX 3,VEX,-1470106.541,,9290.810894146483
2026-10-07 08:25:34,8100.0,8154.0,Put VEX 2,VEX,-1711133.73,,9290.810894146483
2026-10-07 08:25:34,8150.0,8204.25,Put VEX 5,VEX,-1071049.08,,9290.810894146483
2026-10-07 08:25:34,8200.0,8254.75,Put VEX 4,VEX,-1162953.532,,9290.810894146483
2026-10-07 08:25:34,9000.0,9060.0,Put DEX 2,DEX,-57.028,,9290.810894146483
2026-10-07 08:25:34,10000.0,10066.75,Put DEX 5,DEX,-39.808,,9290.810894146483
2026-10-07 08:26:24,6000.0,6039.25,Put DEX 3,DEX,-44.642,,9290.205778933514
2026-10-07 08:26:24,6500.0,6542.5,Put DEX 4,DEX,-42.058,,9290.205778933514
2026-10-07 08:26:24,7000.0,7045.75,Call CEX 3,CEX,1095910.439,,9290.205778933514
2026-10-07 08:26:24,7000.0,7045.75,Call DEX 1,DEX,434.765,,9290.205778933514
2026-10-07 08:26:24,7000.0,7045.75,Put GEX 1,GEX,-820077.779,,9290.205778933514
2026-10-07 08:26:24,7000.0,7045.75,Call VEX 1,VEX,9077682.644,,9290.205778933514
2026-10-07 08:26:24,7400.0,7448.5,Put GEX 5,GEX,-200454.426,,9290.205778933514
2026-10-07 08:26:24,7400.0,7448.5,Call VEX 5,VEX,1793909.719,,9290.205778933514
2026-10-07 08:26:24,7500.0,7549.25,Put GEX 2,GEX,-394302.017,,9290.205778933514
2026-10-07 08:26:24,7500.0,7549.25,Call VEX 3,VEX,2432746.428,,9290.205778933514
2026-10-07 08:26:24,7600.0,7649.75,Call DEX 5,DEX,190.147,,9290.205778933514
2026-10-07 08:26:24,7600.0,7649.75,Put GEX 4,GEX,-297369.485,,9290.205778933514
2026-10-07 08:26:24,7600.0,7649.75,Call VEX 4,VEX,2257325.011,,9290.205778933514
2026-10-07 08:26:24,7650.0,7700.0,Put GEX 3,GEX,-340139.103,,9290.205778933514
2026-10-07 08:26:24,7700.0,7750.5,Call CEX 2,CEX,1169462.083,,9290.205778933514
2026-10-07 08:26:24,7700.0,7750.5,Call DEX 2,DEX,343.661,,9290.205778933514
2026-10-07 08:26:24,7700.0,7750.5,Call VEX 2,VEX,2698439.486,,9290.205778933514
2026-10-07 08:26:24,7725.0,7775.5,Call CEX 5,CEX,982866.841,,9290.205778933514
2026-10-07 08:26:24,7750.0,7800.75,Call CEX 1,CEX,3139361.205,,9290.205778933514
2026-10-07 08:26:24,7760.0,7810.75,Call CEX 4,CEX,993903.843,,9290.205778933514
2026-10-07 08:26:24,7795.0,7846.0,Put CEX 5,CEX,-1535806.385,,9290.205778933514
2026-10-07 08:26:24,7800.0,7851.0,Put CEX 2,CEX,-2539692.483,,9290.205778933514
2026-10-07 08:26:24,7800.0,7851.0,Call DEX 4,DEX,211.934,,9290.205778933514
2026-10-07 08:26:24,7800.0,7851.0,Call GEX 2,GEX,836441.062,,9290.205778933514
2026-10-07 08:26:24,7825.0,7876.25,Put CEX 4,CEX,-2214805.775,,9290.205778933514
2026-10-07 08:26:24,7850.0,7901.5,Put CEX 3,CEX,-2362113.599,,9290.205778933514
2026-10-07 08:26:24,7850.0,7901.5,Call GEX 4,GEX,739225.877,,9290.205778933514
2026-10-07 08:26:24,7900.0,7951.75,Call GEX 1,GEX,893548.552,,9290.205778933514
2026-10-07 08:26:24,8000.0,8052.5,Put CEX 1,CEX,-5066411.971,,9290.205778933514
2026-10-07 08:26:24,8000.0,8052.5,Put DEX 1,DEX,-1829.477,,9290.205778933514
2026-10-07 08:26:24,8000.0,8052.5,Call GEX 3,GEX,800924.651,,9290.205778933514
2026-10-07 08:26:24,8000.0,8052.5,Put VEX 1,VEX,-12405483.219,,9290.205778933514
2026-10-07 08:26:24,8050.0,8102.75,Call DEX 3,DEX,231.894,,9290.205778933514
2026-10-07 08:26:24,8050.0,8102.75,Call GEX 5,GEX,697000.556,,9290.205778933514
2026-10-07 08:26:24,8050.0,8102.75,Put VEX 3,VEX,-1469777.479,,9290.205778933514
2026-10-07 08:26:24,8100.0,8153.0,Put VEX 2,VEX,-1711270.536,,9290.205778933514
2026-10-07 08:26:24,8150.0,8203.5,Put VEX 5,VEX,-1071300.663,,9290.205778933514
2026-10-07 08:26:24,8200.0,8253.75,Put VEX 4,VEX,-1162924.57,,9290.205778933514
2026-10-07 08:26:24,9000.0,9059.0,Put DEX 2,DEX,-56.91,,9290.205778933514
2026-10-07 08:26:24,10000.0,10065.5,Put DEX 5,DEX,-39.765,,9290.205778933514
2026-10-07 08:27:12,6000.0,6039.75,Put DEX 3,DEX,-44.614,,9291.039669868398
2026-10-07 08:27:12,6500.0,6543.0,Put DEX 4,DEX,-41.916,,9291.039669868398
2026-10-07 08:27:12,7000.0,7046.5,Call CEX 3,CEX,1093524.699,,9291.039669868398
2026-10-07 08:27:12,7000.0,7046.5,Call DEX 1,DEX,426.647,,9291.039669868398
2026-10-07 08:27:12,7000.0,7046.5,Put GEX 1,GEX,-813241.079,,9291.039669868398
2026-10-07 08:27:12,7000.0,7046.5,Call VEX 1,VEX,9123703.458,,9291.039669868398
2026-10-07 08:27:12,7400.0,7449.0,Put GEX 5,GEX,-199732.02,,9291.039669868398
2026-10-07 08:27:12,7400.0,7449.0,Call VEX 5,VEX,1795732.553,,9291.039669868398
2026-10-07 08:27:12,7500.0,7549.75,Put GEX 2,GEX,-378836.048,,9291.039669868398
2026-10-07 08:27:12,7500.0,7549.75,Call VEX 3,VEX,2471034.008,,9291.039669868398
2026-10-07 08:27:12,7600.0,7650.5,Call DEX 5,DEX,190.023,,9291.039669868398
2026-10-07 08:27:12,7600.0,7650.5,Put GEX 4,GEX,-293799.087,,9291.039669868398
2026-10-07 08:27:12,7600.0,7650.5,Call VEX 4,VEX,2264402.936,,9291.039669868398
2026-10-07 08:27:12,7650.0,7700.75,Put GEX 3,GEX,-339479.795,,9291.039669868398
2026-10-07 08:27:12,7700.0,7751.0,Call CEX 2,CEX,1188314.019,,9291.039669868398
2026-10-07 08:27:12,7700.0,7751.0,Call DEX 2,DEX,344.048,,9291.039669868398
2026-10-07 08:27:12,7700.0,7751.0,Call VEX 2,VEX,2707404.514,,9291.039669868398
2026-10-07 08:27:12,7740.0,7791.25,Call CEX 5,CEX,991205.919,,9291.039669868398
2026-10-07 08:27:12,7750.0,7801.5,Call CEX 1,CEX,3380589.283,,9291.039669868398
2026-10-07 08:27:12,7760.0,7811.5,Call CEX 4,CEX,1004542.863,,9291.039669868398
2026-10-07 08:27:12,7795.0,7846.75,Put CEX 5,CEX,-1554522.414,,9291.039669868398
2026-10-07 08:27:12,7800.0,7851.75,Put CEX 2,CEX,-2569150.52,,9291.039669868398
2026-10-07 08:27:12,7800.0,7851.75,Call DEX 4,DEX,213.668,,9291.039669868398
2026-10-07 08:27:12,7800.0,7851.75,Call GEX 3,GEX,798631.129,,9291.039669868398
2026-10-07 08:27:12,7825.0,7877.0,Put CEX 4,CEX,-2159046.32,,9291.039669868398
2026-10-07 08:27:12,7850.0,7902.0,Put CEX 3,CEX,-2292686.403,,9291.039669868398
2026-10-07 08:27:12,7850.0,7902.0,Call GEX 4,GEX,743236.159,,9291.039669868398
2026-10-07 08:27:12,7900.0,7952.5,Call GEX 1,GEX,895918.564,,9291.039669868398
2026-10-07 08:27:12,8000.0,8053.0,Put CEX 1,CEX,-5033895.805,,9291.039669868398
2026-10-07 08:27:12,8000.0,8053.0,Put DEX 1,DEX,-1836.675,,9291.039669868398
2026-10-07 08:27:12,8000.0,8053.0,Call GEX 2,GEX,830300.667,,9291.039669868398
2026-10-07 08:27:12,8000.0,8053.0,Put VEX 1,VEX,-12332016.899,,9291.039669868398
2026-10-07 08:27:12,8050.0,8103.5,Call DEX 3,DEX,233.077,,9291.039669868398
2026-10-07 08:27:12,8050.0,8103.5,Call GEX 5,GEX,697620.272,,9291.039669868398
2026-10-07 08:27:12,8050.0,8103.5,Put VEX 3,VEX,-1467806.586,,9291.039669868398
2026-10-07 08:27:12,8100.0,8153.75,Put VEX 2,VEX,-1708443.964,,9291.039669868398
2026-10-07 08:27:12,8150.0,8204.0,Put VEX 5,VEX,-1069769.367,,9291.039669868398
2026-10-07 08:27:12,8200.0,8254.25,Put VEX 4,VEX,-1162834.331,,9291.039669868398
2026-10-07 08:27:12,9000.0,9059.75,Put DEX 2,DEX,-64.811,,9291.039669868398
2026-10-07 08:27:12,10000.0,10066.25,Put DEX 5,DEX,-39.833,,9291.039669868398
