timestamp,strikePrice,Theo ES,Rank,Greek,Value,cum_gam,cum_vec
2026-08-25 06:46:47,6000.0,6011.25,Put DEX 5,DEX,-22.231,,9281.306077297137
2026-08-25 06:46:47,6800.0,6812.75,Put DEX 3,DEX,-26.54,,9281.306077297137
2026-08-25 06:46:47,7000.0,7013.25,Call CEX 3,CEX,1083580.348,,9281.306077297137
2026-08-25 06:46:47,7000.0,7013.25,Call DEX 1,DEX,798.352,,9281.306077297137
2026-08-25 06:46:47,7000.0,7013.25,Put GEX 1,GEX,-709724.786,,9281.306077297137
2026-08-25 06:46:47,7000.0,7013.25,Call VEX 1,VEX,6350241.926,,9281.306077297137
2026-08-25 06:46:47,7160.0,7173.5,Put DEX 4,DEX,-22.805,,9281.306077297137
2026-08-25 06:46:47,7200.0,7213.5,Put GEX 5,GEX,-197377.338,,9281.306077297137
2026-08-25 06:46:47,7300.0,7313.75,Call DEX 2,DEX,259.187,,9281.306077297137
2026-08-25 06:46:47,7400.0,7414.0,Put GEX 3,GEX,-285375.972,,9281.306077297137
2026-08-25 06:46:47,7400.0,7414.0,Call VEX 3,VEX,2364927.544,,9281.306077297137
2026-08-25 06:46:47,7450.0,7464.0,Call DEX 3,DEX,244.186,,9281.306077297137
2026-08-25 06:46:47,7450.0,7464.0,Call VEX 4,VEX,1945478.493,,9281.306077297137
2026-08-25 06:46:47,7500.0,7514.0,Call CEX 4,CEX,1061879.413,,9281.306077297137
2026-08-25 06:46:47,7500.0,7514.0,Call DEX 4,DEX,232.223,,9281.306077297137
2026-08-25 06:46:47,7500.0,7514.0,Put GEX 2,GEX,-438792.4,,9281.306077297137
2026-08-25 06:46:47,7500.0,7514.0,Call VEX 2,VEX,3142303.894,,9281.306077297137
2026-08-25 06:46:47,7550.0,7564.25,Put GEX 4,GEX,-210022.987,,9281.306077297137
2026-08-25 06:46:47,7600.0,7614.25,Call CEX 2,CEX,1237576.597,,9281.306077297137
2026-08-25 06:46:47,7600.0,7614.25,Call DEX 5,DEX,221.524,,9281.306077297137
2026-08-25 06:46:47,7600.0,7614.25,Call VEX 5,VEX,1930441.677,,9281.306077297137
2026-08-25 06:46:47,7650.0,7664.5,Call CEX 1,CEX,1531653.494,,9281.306077297137
2026-08-25 06:46:47,7665.0,7679.5,Call CEX 5,CEX,1046691.651,,9281.306077297137
2026-08-25 06:46:47,7690.0,7704.5,Call GEX 4,GEX,335689.02,,9281.306077297137
2026-08-25 06:46:47,7700.0,7714.5,Put CEX 2,CEX,-1791933.849,,9281.306077297137
2026-08-25 06:46:47,7700.0,7714.5,Put DEX 2,DEX,-40.311,,9281.306077297137
2026-08-25 06:46:47,7710.0,7724.5,Put CEX 5,CEX,-946582.982,,9281.306077297137
2026-08-25 06:46:47,7725.0,7739.5,Put CEX 3,CEX,-1410618.439,,9281.306077297137
2026-08-25 06:46:47,7750.0,7764.5,Put CEX 4,CEX,-1304999.101,,9281.306077297137
2026-08-25 06:46:47,7750.0,7764.5,Call GEX 3,GEX,388590.286,,9281.306077297137
2026-08-25 06:46:47,7750.0,7764.5,Put VEX 5,VEX,-587243.248,,9281.306077297137
2026-08-25 06:46:47,7800.0,7814.75,Call GEX 2,GEX,529040.438,,9281.306077297137
2026-08-25 06:46:47,7800.0,7814.75,Put VEX 3,VEX,-1129873.52,,9281.306077297137
2026-08-25 06:46:47,7850.0,7864.75,Call GEX 5,GEX,322885.663,,9281.306077297137
2026-08-25 06:46:47,7900.0,7914.75,Call GEX 1,GEX,619782.616,,9281.306077297137
2026-08-25 06:46:47,7900.0,7914.75,Put VEX 2,VEX,-1242641.896,,9281.306077297137
2026-08-25 06:46:47,8000.0,8015.0,Put CEX 1,CEX,-3215653.94,,9281.306077297137
2026-08-25 06:46:47,8000.0,8015.0,Put DEX 1,DEX,-2049.576,,9281.306077297137
2026-08-25 06:46:47,8000.0,8015.0,Put VEX 1,VEX,-11781918.443,,9281.306077297137
2026-08-25 06:46:47,8200.0,8215.5,Put VEX 4,VEX,-752945.588,,9281.306077297137
2026-08-25 06:47:36,6800.0,6812.5,Put DEX 4,DEX,-26.464,,9279.863513306807
2026-08-25 06:47:36,7000.0,7012.75,Call CEX 5,CEX,1049856.844,,9279.863513306807
2026-08-25 06:47:36,7000.0,7012.75,Put DEX 2,DEX,-113.373,,9279.863513306807
2026-08-25 06:47:36,7000.0,7012.75,Put GEX 1,GEX,-750006.466,,9279.863513306807
2026-08-25 06:47:36,7000.0,7012.75,Call VEX 1,VEX,6002802.819,,9279.863513306807
2026-08-25 06:47:36,7160.0,7173.0,Put DEX 5,DEX,-22.769,,9279.863513306807
2026-08-25 06:47:36,7200.0,7213.25,Put GEX 5,GEX,-204022.821,,9279.863513306807
2026-08-25 06:47:36,7300.0,7313.25,Call DEX 1,DEX,262.673,,9279.863513306807
2026-08-25 06:47:36,7400.0,7413.5,Call DEX 5,DEX,222.627,,9279.863513306807
2026-08-25 06:47:36,7400.0,7413.5,Put GEX 3,GEX,-286014.101,,9279.863513306807
2026-08-25 06:47:36,7400.0,7413.5,Call VEX 3,VEX,2353342.199,,9279.863513306807
2026-08-25 06:47:36,7450.0,7463.5,Call DEX 2,DEX,241.766,,9279.863513306807
2026-08-25 06:47:36,7450.0,7463.5,Call VEX 5,VEX,1937549.208,,9279.863513306807
2026-08-25 06:47:36,7500.0,7513.75,Call CEX 4,CEX,1057091.39,,9279.863513306807
2026-08-25 06:47:36,7500.0,7513.75,Call DEX 3,DEX,236.827,,9279.863513306807
2026-08-25 06:47:36,7500.0,7513.75,Put GEX 2,GEX,-436742.127,,9279.863513306807
2026-08-25 06:47:36,7500.0,7513.75,Call VEX 2,VEX,3147444.007,,9279.863513306807
2026-08-25 06:47:36,7550.0,7563.75,Put GEX 4,GEX,-205895.117,,9279.863513306807
2026-08-25 06:47:36,7600.0,7613.75,Call CEX 2,CEX,1214345.859,,9279.863513306807
2026-08-25 06:47:36,7600.0,7613.75,Call DEX 4,DEX,223.179,,9279.863513306807
2026-08-25 06:47:36,7600.0,7613.75,Call VEX 4,VEX,1945150.632,,9279.863513306807
2026-08-25 06:47:36,7650.0,7664.0,Call CEX 1,CEX,1435679.267,,9279.863513306807
2026-08-25 06:47:36,7665.0,7679.0,Call CEX 3,CEX,1125025.457,,9279.863513306807
2026-08-25 06:47:36,7690.0,7704.0,Call GEX 4,GEX,373043.895,,9279.863513306807
2026-08-25 06:47:36,7700.0,7714.0,Put CEX 2,CEX,-1754392.25,,9279.863513306807
2026-08-25 06:47:36,7700.0,7714.0,Put DEX 3,DEX,-37.423,,9279.863513306807
2026-08-25 06:47:36,7710.0,7724.0,Put CEX 5,CEX,-944279.877,,9279.863513306807
2026-08-25 06:47:36,7725.0,7739.0,Put CEX 3,CEX,-1414816.39,,9279.863513306807
2026-08-25 06:47:36,7750.0,7764.25,Put CEX 4,CEX,-1349139.498,,9279.863513306807
2026-08-25 06:47:36,7750.0,7764.25,Call GEX 3,GEX,393530.837,,9279.863513306807
2026-08-25 06:47:36,7750.0,7764.25,Put VEX 5,VEX,-582551.256,,9279.863513306807
2026-08-25 06:47:36,7800.0,7814.25,Call GEX 2,GEX,536157.431,,9279.863513306807
2026-08-25 06:47:36,7800.0,7814.25,Put VEX 3,VEX,-1124725.965,,9279.863513306807
2026-08-25 06:47:36,7850.0,7864.25,Call GEX 5,GEX,324355.348,,9279.863513306807
2026-08-25 06:47:36,7900.0,7914.5,Call GEX 1,GEX,622706.109,,9279.863513306807
2026-08-25 06:47:36,7900.0,7914.5,Put VEX 2,VEX,-1240320.612,,9279.863513306807
2026-08-25 06:47:36,8000.0,8014.5,Put CEX 1,CEX,-3220171.928,,9279.863513306807
2026-08-25 06:47:36,8000.0,8014.5,Put DEX 1,DEX,-2035.692,,9279.863513306807
2026-08-25 06:47:36,8000.0,8014.5,Put VEX 1,VEX,-11766979.998,,9279.863513306807
2026-08-25 06:47:36,8200.0,8215.0,Put VEX 4,VEX,-752928.234,,9279.863513306807
2026-08-25 06:48:24,6800.0,6813.0,Put DEX 4,DEX,-26.516,,9279.15720327594
2026-08-25 06:48:24,7000.0,7013.5,Call CEX 5,CEX,1050206.855,,9279.15720327594
2026-08-25 06:48:24,7000.0,7013.5,Put DEX 2,DEX,-106.115,,9279.15720327594
2026-08-25 06:48:24,7000.0,7013.5,Put GEX 1,GEX,-749798.631,,9279.15720327594
2026-08-25 06:48:24,7000.0,7013.5,Call VEX 1,VEX,6006726.274,,9279.15720327594
2026-08-25 06:48:24,7160.0,7173.75,Put DEX 5,DEX,-22.774,,9279.15720327594
2026-08-25 06:48:24,7200.0,7213.75,Put GEX 5,GEX,-203540.162,,9279.15720327594
2026-08-25 06:48:24,7300.0,7314.0,Call DEX 1,DEX,261.804,,9279.15720327594
2026-08-25 06:48:24,7400.0,7414.25,Call DEX 5,DEX,221.304,,9279.15720327594
2026-08-25 06:48:24,7400.0,7414.25,Put GEX 3,GEX,-284892.696,,9279.15720327594
2026-08-25 06:48:24,7400.0,7414.25,Call VEX 3,VEX,2356975.335,,9279.15720327594
2026-08-25 06:48:24,7450.0,7464.25,Call DEX 2,DEX,241.0,,9279.15720327594
2026-08-25 06:48:24,7450.0,7464.25,Call VEX 4,VEX,1940694.422,,9279.15720327594
2026-08-25 06:48:24,7500.0,7514.5,Call CEX 4,CEX,1060282.229,,9279.15720327594
2026-08-25 06:48:24,7500.0,7514.5,Call DEX 3,DEX,235.251,,9279.15720327594
2026-08-25 06:48:24,7500.0,7514.5,Put GEX 2,GEX,-436412.651,,9279.15720327594
2026-08-25 06:48:24,7500.0,7514.5,Call VEX 2,VEX,3147632.293,,9279.15720327594
2026-08-25 06:48:24,7550.0,7564.5,Put GEX 4,GEX,-206802.299,,9279.15720327594
2026-08-25 06:48:24,7600.0,7614.5,Call CEX 2,CEX,1204815.389,,9279.15720327594
2026-08-25 06:48:24,7600.0,7614.5,Call DEX 4,DEX,224.046,,9279.15720327594
2026-08-25 06:48:24,7600.0,7614.5,Call VEX 5,VEX,1940094.514,,9279.15720327594
2026-08-25 06:48:24,7650.0,7664.75,Call CEX 1,CEX,1505649.279,,9279.15720327594
2026-08-25 06:48:24,7665.0,7679.75,Call CEX 3,CEX,1104122.971,,9279.15720327594
2026-08-25 06:48:24,7690.0,7704.75,Call GEX 4,GEX,360224.464,,9279.15720327594
2026-08-25 06:48:24,7700.0,7714.75,Put CEX 2,CEX,-1775485.467,,9279.15720327594
2026-08-25 06:48:24,7700.0,7714.75,Put DEX 3,DEX,-38.225,,9279.15720327594
2026-08-25 06:48:24,7710.0,7724.75,Put CEX 5,CEX,-945544.08,,9279.15720327594
2026-08-25 06:48:24,7725.0,7739.75,Put CEX 3,CEX,-1400801.736,,9279.15720327594
2026-08-25 06:48:24,7750.0,7764.75,Put CEX 4,CEX,-1333526.314,,9279.15720327594
2026-08-25 06:48:24,7750.0,7764.75,Call GEX 3,GEX,390151.199,,9279.15720327594
2026-08-25 06:48:24,7750.0,7764.75,Put VEX 5,VEX,-583329.869,,9279.15720327594
2026-08-25 06:48:24,7800.0,7815.0,Call GEX 2,GEX,533299.265,,9279.15720327594
2026-08-25 06:48:24,7800.0,7815.0,Put VEX 3,VEX,-1125962.432,,9279.15720327594
2026-08-25 06:48:24,7850.0,7865.0,Call GEX 5,GEX,324038.89,,9279.15720327594
2026-08-25 06:48:24,7900.0,7915.25,Call GEX 1,GEX,622058.08,,9279.15720327594
2026-08-25 06:48:24,7900.0,7915.25,Put VEX 2,VEX,-1240966.733,,9279.15720327594
2026-08-25 06:48:24,8000.0,8015.25,Put CEX 1,CEX,-3219608.757,,9279.15720327594
2026-08-25 06:48:24,8000.0,8015.25,Put DEX 1,DEX,-2042.769,,9279.15720327594
2026-08-25 06:48:24,8000.0,8015.25,Put VEX 1,VEX,-11774112.045,,9279.15720327594
2026-08-25 06:48:24,8200.0,8215.75,Put VEX 4,VEX,-753237.106,,9279.15720327594
2026-08-25 06:49:10,6000.0,6012.25,Put DEX 5,DEX,-22.029,,9279.727688673243
2026-08-25 06:49:10,6800.0,6814.0,Put DEX 3,DEX,-26.408,,9279.727688673243
2026-08-25 06:49:10,7000.0,7014.25,Call CEX 4,CEX,1074208.936,,9279.727688673243
2026-08-25 06:49:10,7000.0,7014.25,Call DEX 1,DEX,802.916,,9279.727688673243
2026-08-25 06:49:10,7000.0,7014.25,Put GEX 1,GEX,-713037.177,,9279.727688673243
2026-08-25 06:49:10,7000.0,7014.25,Call VEX 1,VEX,6267870.146,,9279.727688673243
2026-08-25 06:49:10,7160.0,7174.75,Put DEX 4,DEX,-22.657,,9279.727688673243
2026-08-25 06:49:10,7200.0,7214.75,Put GEX 5,GEX,-198416.803,,9279.727688673243
2026-08-25 06:49:10,7300.0,7315.0,Call DEX 2,DEX,260.992,,9279.727688673243
2026-08-25 06:49:10,7400.0,7415.25,Put GEX 3,GEX,-280705.122,,9279.727688673243
2026-08-25 06:49:10,7400.0,7415.25,Call VEX 3,VEX,2359564.817,,9279.727688673243
2026-08-25 06:49:10,7450.0,7465.25,Call DEX 3,DEX,246.196,,9279.727688673243
2026-08-25 06:49:10,7450.0,7465.25,Call VEX 5,VEX,1945693.705,,9279.727688673243
2026-08-25 06:49:10,7500.0,7515.25,Call CEX 5,CEX,1059610.278,,9279.727688673243
2026-08-25 06:49:10,7500.0,7515.25,Call DEX 4,DEX,236.734,,9279.727688673243
2026-08-25 06:49:10,7500.0,7515.25,Put GEX 2,GEX,-434528.99,,9279.727688673243
2026-08-25 06:49:10,7500.0,7515.25,Call VEX 2,VEX,3154529.597,,9279.727688673243
2026-08-25 06:49:10,7550.0,7565.5,Put GEX 4,GEX,-206398.156,,9279.727688673243
2026-08-25 06:49:10,7600.0,7615.5,Call CEX 2,CEX,1208648.471,,9279.727688673243
2026-08-25 06:49:10,7600.0,7615.5,Call DEX 5,DEX,227.253,,9279.727688673243
2026-08-25 06:49:10,7600.0,7615.5,Call VEX 4,VEX,1957783.96,,9279.727688673243
2026-08-25 06:49:10,7650.0,7665.75,Call CEX 1,CEX,1532340.054,,9279.727688673243
2026-08-25 06:49:10,7665.0,7680.75,Call CEX 3,CEX,1156459.888,,9279.727688673243
2026-08-25 06:49:10,7690.0,7705.75,Call GEX 4,GEX,358251.304,,9279.727688673243
2026-08-25 06:49:10,7700.0,7715.75,Put CEX 2,CEX,-1675600.273,,9279.727688673243
2026-08-25 06:49:10,7700.0,7715.75,Put DEX 2,DEX,-31.972,,9279.727688673243
2026-08-25 06:49:10,7710.0,7725.75,Put CEX 5,CEX,-953987.725,,9279.727688673243
2026-08-25 06:49:10,7725.0,7740.75,Put CEX 3,CEX,-1427522.573,,9279.727688673243
2026-08-25 06:49:10,7750.0,7765.75,Put CEX 4,CEX,-1308332.261,,9279.727688673243
2026-08-25 06:49:10,7750.0,7765.75,Call GEX 3,GEX,393357.29,,9279.727688673243
2026-08-25 06:49:10,7800.0,7816.0,Call GEX 2,GEX,537037.567,,9279.727688673243
2026-08-25 06:49:10,7800.0,7816.0,Put VEX 3,VEX,-1107656.088,,9279.727688673243
2026-08-25 06:49:10,7850.0,7866.0,Call GEX 5,GEX,327526.372,,9279.727688673243
2026-08-25 06:49:10,7900.0,7916.25,Call GEX 1,GEX,629597.545,,9279.727688673243
2026-08-25 06:49:10,7900.0,7916.25,Put VEX 2,VEX,-1243026.544,,9279.727688673243
2026-08-25 06:49:10,8000.0,8016.25,Put CEX 1,CEX,-3230322.371,,9279.727688673243
2026-08-25 06:49:10,8000.0,8016.25,Put DEX 1,DEX,-2035.986,,9279.727688673243
2026-08-25 06:49:10,8000.0,8016.25,Put VEX 1,VEX,-11798904.906,,9279.727688673243
2026-08-25 06:49:10,8100.0,8116.5,Put VEX 5,VEX,-567489.015,,9279.727688673243
2026-08-25 06:49:10,8200.0,8216.75,Put VEX 4,VEX,-756266.158,,9279.727688673243
2026-08-25 06:49:57,6800.0,6812.5,Put DEX 4,DEX,-26.417,,9278.976852594564
2026-08-25 06:49:57,7000.0,7013.0,Call CEX 5,CEX,1047846.025,,9278.976852594564
2026-08-25 06:49:57,7000.0,7013.0,Put DEX 2,DEX,-111.818,,9278.976852594564
2026-08-25 06:49:57,7000.0,7013.0,Put GEX 1,GEX,-746909.692,,9278.976852594564
2026-08-25 06:49:57,7000.0,7013.0,Call VEX 1,VEX,5989460.786,,9278.976852594564
2026-08-25 06:49:57,7160.0,7173.25,Put DEX 5,DEX,-23.011,,9278.976852594564
2026-08-25 06:49:57,7200.0,7213.25,Put GEX 5,GEX,-203213.915,,9278.976852594564
2026-08-25 06:49:57,7300.0,7313.5,Call DEX 1,DEX,264.019,,9278.976852594564
2026-08-25 06:49:57,7400.0,7413.75,Call DEX 5,DEX,223.543,,9278.976852594564
2026-08-25 06:49:57,7400.0,7413.75,Put GEX 3,GEX,-283336.608,,9278.976852594564
2026-08-25 06:49:57,7400.0,7413.75,Call VEX 3,VEX,2353842.287,,9278.976852594564
2026-08-25 06:49:57,7450.0,7463.75,Call DEX 3,DEX,230.544,,9278.976852594564
2026-08-25 06:49:57,7450.0,7463.75,Call VEX 5,VEX,1933676.095,,9278.976852594564
2026-08-25 06:49:57,7500.0,7513.75,Call CEX 4,CEX,1056356.198,,9278.976852594564
2026-08-25 06:49:57,7500.0,7513.75,Call DEX 2,DEX,239.543,,9278.976852594564
2026-08-25 06:49:57,7500.0,7513.75,Put GEX 2,GEX,-433549.647,,9278.976852594564
2026-08-25 06:49:57,7500.0,7513.75,Call VEX 2,VEX,3154557.54,,9278.976852594564
2026-08-25 06:49:57,7550.0,7564.0,Put GEX 4,GEX,-203729.889,,9278.976852594564
2026-08-25 06:49:57,7600.0,7614.0,Call CEX 2,CEX,1184767.797,,9278.976852594564
2026-08-25 06:49:57,7600.0,7614.0,Call DEX 4,DEX,227.669,,9278.976852594564
2026-08-25 06:49:57,7600.0,7614.0,Call VEX 4,VEX,1965912.891,,9278.976852594564
2026-08-25 06:49:57,7650.0,7664.0,Call CEX 3,CEX,1160140.282,,9278.976852594564
2026-08-25 06:49:57,7665.0,7679.25,Call CEX 1,CEX,1197455.43,,9278.976852594564
2026-08-25 06:49:57,7690.0,7704.25,Call GEX 4,GEX,398095.547,,9278.976852594564
2026-08-25 06:49:57,7700.0,7714.25,Put CEX 2,CEX,-1651856.725,,9278.976852594564
2026-08-25 06:49:57,7700.0,7714.25,Put DEX 3,DEX,-30.324,,9278.976852594564
2026-08-25 06:49:57,7710.0,7724.25,Put CEX 5,CEX,-950148.05,,9278.976852594564
2026-08-25 06:49:57,7725.0,7739.25,Put CEX 3,CEX,-1431897.516,,9278.976852594564
2026-08-25 06:49:57,7750.0,7764.25,Put CEX 4,CEX,-1357104.409,,9278.976852594564
2026-08-25 06:49:57,7750.0,7764.25,Call GEX 3,GEX,399354.964,,9278.976852594564
2026-08-25 06:49:57,7800.0,7814.5,Call GEX 2,GEX,544490.665,,9278.976852594564
2026-08-25 06:49:57,7800.0,7814.5,Put VEX 3,VEX,-1104943.183,,9278.976852594564
2026-08-25 06:49:57,7850.0,7864.5,Call GEX 5,GEX,328641.007,,9278.976852594564
2026-08-25 06:49:57,7900.0,7914.5,Call GEX 1,GEX,631833.927,,9278.976852594564
2026-08-25 06:49:57,7900.0,7914.5,Put VEX 2,VEX,-1242279.482,,9278.976852594564
2026-08-25 06:49:57,8000.0,8014.75,Put CEX 1,CEX,-3237682.107,,9278.976852594564
2026-08-25 06:49:57,8000.0,8014.75,Put DEX 1,DEX,-2022.783,,9278.976852594564
2026-08-25 06:49:57,8000.0,8014.75,Put VEX 1,VEX,-11787763.984,,9278.976852594564
2026-08-25 06:49:57,8100.0,8115.0,Put VEX 5,VEX,-568203.313,,9278.976852594564
2026-08-25 06:49:57,8200.0,8215.25,Put VEX 4,VEX,-757158.695,,9278.976852594564
2026-08-25 06:50:44,6800.0,6812.5,Put DEX 4,DEX,-26.533,,9281.68057496027
2026-08-25 06:50:44,7000.0,7013.0,Call CEX 5,CEX,1051845.744,,9281.68057496027
2026-08-25 06:50:44,7000.0,7013.0,Put DEX 2,DEX,-106.868,,9281.68057496027
2026-08-25 06:50:44,7000.0,7013.0,Put GEX 1,GEX,-750119.354,,9281.68057496027
2026-08-25 06:50:44,7000.0,7013.0,Call VEX 1,VEX,6015584.646,,9281.68057496027
2026-08-25 06:50:44,7160.0,7173.25,Put DEX 5,DEX,-22.799,,9281.68057496027
2026-08-25 06:50:44,7200.0,7213.25,Put GEX 5,GEX,-203625.738,,9281.68057496027
2026-08-25 06:50:44,7300.0,7313.5,Call DEX 1,DEX,261.261,,9281.68057496027
2026-08-25 06:50:44,7400.0,7413.75,Call DEX 5,DEX,220.921,,9281.68057496027
2026-08-25 06:50:44,7400.0,7413.75,Put GEX 3,GEX,-284167.073,,9281.68057496027
2026-08-25 06:50:44,7400.0,7413.75,Call VEX 3,VEX,2357054.642,,9281.68057496027
2026-08-25 06:50:44,7450.0,7463.75,Call DEX 2,DEX,245.913,,9281.68057496027
2026-08-25 06:50:44,7450.0,7463.75,Call VEX 4,VEX,1942592.74,,9281.68057496027
2026-08-25 06:50:44,7500.0,7514.0,Call CEX 4,CEX,1061475.786,,9281.68057496027
2026-08-25 06:50:44,7500.0,7514.0,Call DEX 3,DEX,234.619,,9281.68057496027
2026-08-25 06:50:44,7500.0,7514.0,Put GEX 2,GEX,-434356.446,,9281.68057496027
2026-08-25 06:50:44,7500.0,7514.0,Call VEX 2,VEX,3145957.247,,9281.68057496027
2026-08-25 06:50:44,7550.0,7564.0,Put GEX 4,GEX,-205889.022,,9281.68057496027
2026-08-25 06:50:44,7600.0,7614.0,Call CEX 2,CEX,1209437.873,,9281.68057496027
2026-08-25 06:50:44,7600.0,7614.0,Call DEX 4,DEX,224.103,,9281.68057496027
2026-08-25 06:50:44,7600.0,7614.0,Call VEX 5,VEX,1940958.165,,9281.68057496027
2026-08-25 06:50:44,7650.0,7664.25,Call CEX 1,CEX,1534286.534,,9281.68057496027
2026-08-25 06:50:44,7665.0,7679.25,Call CEX 3,CEX,1108292.026,,9281.68057496027
2026-08-25 06:50:44,7690.0,7704.25,Call GEX 4,GEX,352478.766,,9281.68057496027
2026-08-25 06:50:44,7700.0,7714.25,Put CEX 2,CEX,-1779050.707,,9281.68057496027
2026-08-25 06:50:44,7700.0,7714.25,Put DEX 3,DEX,-37.671,,9281.68057496027
2026-08-25 06:50:44,7710.0,7724.25,Put CEX 5,CEX,-950816.667,,9281.68057496027
2026-08-25 06:50:44,7725.0,7739.25,Put CEX 3,CEX,-1399722.122,,9281.68057496027
2026-08-25 06:50:44,7750.0,7764.5,Put CEX 4,CEX,-1316782.377,,9281.68057496027
2026-08-25 06:50:44,7750.0,7764.5,Call GEX 3,GEX,393736.802,,9281.68057496027
2026-08-25 06:50:44,7750.0,7764.5,Put VEX 5,VEX,-579496.763,,9281.68057496027
2026-08-25 06:50:44,7800.0,7814.5,Call GEX 2,GEX,535475.846,,9281.68057496027
2026-08-25 06:50:44,7800.0,7814.5,Put VEX 3,VEX,-1123626.886,,9281.68057496027
2026-08-25 06:50:44,7850.0,7864.5,Call GEX 5,GEX,324962.722,,9281.68057496027
2026-08-25 06:50:44,7900.0,7914.75,Call GEX 1,GEX,623540.243,,9281.68057496027
2026-08-25 06:50:44,7900.0,7914.75,Put VEX 2,VEX,-1242586.868,,9281.68057496027
2026-08-25 06:50:44,8000.0,8014.75,Put CEX 1,CEX,-3218680.03,,9281.68057496027
2026-08-25 06:50:44,8000.0,8014.75,Put DEX 1,DEX,-2039.188,,9281.68057496027
2026-08-25 06:50:44,8000.0,8014.75,Put VEX 1,VEX,-11776653.168,,9281.68057496027
2026-08-25 06:50:44,8200.0,8215.25,Put VEX 4,VEX,-755103.021,,9281.68057496027
2026-08-25 06:51:33,6000.0,6011.75,Put DEX 5,DEX,-22.108,,9284.556766556549
2026-08-25 06:51:33,6800.0,6813.25,Put DEX 3,DEX,-26.592,,9284.556766556549
2026-08-25 06:51:33,7000.0,7013.75,Call CEX 3,CEX,1093284.366,,9284.556766556549
2026-08-25 06:51:33,7000.0,7013.75,Call DEX 1,DEX,795.073,,9284.556766556549
2026-08-25 06:51:33,7000.0,7013.75,Put GEX 1,GEX,-698869.658,,9284.556766556549
2026-08-25 06:51:33,7000.0,7013.75,Call VEX 1,VEX,6447171.184,,9284.556766556549
2026-08-25 06:51:33,7160.0,7174.0,Put DEX 4,DEX,-22.872,,9284.556766556549
2026-08-25 06:51:33,7200.0,7214.0,Put GEX 5,GEX,-191744.761,,9284.556766556549
2026-08-25 06:51:33,7300.0,7314.25,Call DEX 2,DEX,259.971,,9284.556766556549
2026-08-25 06:51:33,7400.0,7414.5,Put GEX 3,GEX,-283398.392,,9284.556766556549
2026-08-25 06:51:33,7400.0,7414.5,Call VEX 3,VEX,2363164.994,,9284.556766556549
2026-08-25 06:51:33,7450.0,7464.5,Call DEX 3,DEX,255.281,,9284.556766556549
2026-08-25 06:51:33,7450.0,7464.5,Call VEX 4,VEX,1955314.388,,9284.556766556549
2026-08-25 06:51:33,7500.0,7514.75,Call CEX 4,CEX,1071761.949,,9284.556766556549
2026-08-25 06:51:33,7500.0,7514.75,Call DEX 4,DEX,233.442,,9284.556766556549
2026-08-25 06:51:33,7500.0,7514.75,Put GEX 2,GEX,-435900.212,,9284.556766556549
2026-08-25 06:51:33,7500.0,7514.75,Call VEX 2,VEX,3137898.974,,9284.556766556549
2026-08-25 06:51:33,7550.0,7564.75,Put GEX 4,GEX,-208931.651,,9284.556766556549
2026-08-25 06:51:33,7600.0,7614.75,Call CEX 2,CEX,1308106.232,,9284.556766556549
2026-08-25 06:51:33,7600.0,7614.75,Call DEX 5,DEX,225.024,,9284.556766556549
2026-08-25 06:51:33,7600.0,7614.75,Call VEX 5,VEX,1916945.575,,9284.556766556549
2026-08-25 06:51:33,7650.0,7665.0,Call CEX 1,CEX,1539666.133,,9284.556766556549
2026-08-25 06:51:33,7665.0,7680.0,Call CEX 5,CEX,1002814.862,,9284.556766556549
2026-08-25 06:51:33,7690.0,7705.0,Put CEX 5,CEX,-1013804.145,,9284.556766556549
2026-08-25 06:51:33,7690.0,7705.0,Call GEX 5,GEX,321639.707,,9284.556766556549
2026-08-25 06:51:33,7700.0,7715.0,Put CEX 2,CEX,-1868241.73,,9284.556766556549
2026-08-25 06:51:33,7700.0,7715.0,Put DEX 2,DEX,-43.888,,9284.556766556549
2026-08-25 06:51:33,7725.0,7740.0,Put CEX 3,CEX,-1371348.946,,9284.556766556549
2026-08-25 06:51:33,7750.0,7765.25,Put CEX 4,CEX,-1249173.92,,9284.556766556549
2026-08-25 06:51:33,7750.0,7765.25,Call GEX 3,GEX,390784.097,,9284.556766556549
2026-08-25 06:51:33,7750.0,7765.25,Put VEX 5,VEX,-595193.38,,9284.556766556549
2026-08-25 06:51:33,7800.0,7815.25,Call GEX 2,GEX,528388.881,,9284.556766556549
2026-08-25 06:51:33,7800.0,7815.25,Put VEX 3,VEX,-1137575.076,,9284.556766556549
2026-08-25 06:51:33,7850.0,7865.25,Call GEX 4,GEX,322107.367,,9284.556766556549
2026-08-25 06:51:33,7900.0,7915.5,Call GEX 1,GEX,616112.894,,9284.556766556549
2026-08-25 06:51:33,7900.0,7915.5,Put VEX 2,VEX,-1241614.962,,9284.556766556549
2026-08-25 06:51:33,8000.0,8015.75,Put CEX 1,CEX,-3200378.413,,9284.556766556549
2026-08-25 06:51:33,8000.0,8015.75,Put DEX 1,DEX,-2055.942,,9284.556766556549
2026-08-25 06:51:33,8000.0,8015.75,Put VEX 1,VEX,-11764368.96,,9284.556766556549
2026-08-25 06:51:33,8200.0,8216.0,Put VEX 4,VEX,-751143.561,,9284.556766556549
2026-08-25 06:52:20,6800.0,6812.5,Put DEX 4,DEX,-26.581,,9279.58452828094
2026-08-25 06:52:20,7000.0,7012.75,Call CEX 5,CEX,1053277.741,,9279.58452828094
2026-08-25 06:52:20,7000.0,7012.75,Put DEX 2,DEX,-107.45,,9279.58452828094
2026-08-25 06:52:20,7000.0,7012.75,Put GEX 1,GEX,-752538.146,,9279.58452828094
2026-08-25 06:52:20,7000.0,7012.75,Call VEX 1,VEX,6018502.497,,9279.58452828094
2026-08-25 06:52:20,7160.0,7173.0,Put DEX 5,DEX,-22.857,,9279.58452828094
2026-08-25 06:52:20,7200.0,7213.0,Put GEX 5,GEX,-203670.475,,9279.58452828094
2026-08-25 06:52:20,7300.0,7313.25,Call DEX 1,DEX,262.308,,9279.58452828094
2026-08-25 06:52:20,7400.0,7413.5,Call DEX 4,DEX,221.769,,9279.58452828094
2026-08-25 06:52:20,7400.0,7413.5,Put GEX 3,GEX,-286575.82,,9279.58452828094
2026-08-25 06:52:20,7400.0,7413.5,Call VEX 3,VEX,2351910.75,,9279.58452828094
2026-08-25 06:52:20,7450.0,7463.5,Call DEX 3,DEX,228.162,,9279.58452828094
2026-08-25 06:52:20,7450.0,7463.5,Call VEX 5,VEX,1931088.709,,9279.58452828094
2026-08-25 06:52:20,7500.0,7513.75,Call CEX 4,CEX,1057893.16,,9279.58452828094
2026-08-25 06:52:20,7500.0,7513.75,Call DEX 2,DEX,235.016,,9279.58452828094
2026-08-25 06:52:20,7500.0,7513.75,Put GEX 2,GEX,-436878.938,,9279.58452828094
2026-08-25 06:52:20,7500.0,7513.75,Call VEX 2,VEX,3139880.062,,9279.58452828094
2026-08-25 06:52:20,7550.0,7563.75,Put GEX 4,GEX,-205663.354,,9279.58452828094
2026-08-25 06:52:20,7600.0,7613.75,Call CEX 1,CEX,1202873.157,,9279.58452828094
2026-08-25 06:52:20,7600.0,7613.75,Call DEX 5,DEX,221.412,,9279.58452828094
2026-08-25 06:52:20,7600.0,7613.75,Call VEX 4,VEX,1933552.395,,9279.58452828094
2026-08-25 06:52:20,7650.0,7664.0,Call CEX 3,CEX,1141170.557,,9279.58452828094
2026-08-25 06:52:20,7665.0,7679.0,Call CEX 2,CEX,1148476.18,,9279.58452828094
2026-08-25 06:52:20,7690.0,7704.0,Put CEX 5,CEX,-974331.521,,9279.58452828094
2026-08-25 06:52:20,7690.0,7704.0,Call GEX 3,GEX,394053.929,,9279.58452828094
2026-08-25 06:52:20,7700.0,7714.0,Put CEX 2,CEX,-1819948.19,,9279.58452828094
2026-08-25 06:52:20,7700.0,7714.0,Put DEX 3,DEX,-40.071,,9279.58452828094
2026-08-25 06:52:20,7725.0,7739.0,Put CEX 3,CEX,-1366857.619,,9279.58452828094
2026-08-25 06:52:20,7750.0,7764.0,Put CEX 4,CEX,-1323094.187,,9279.58452828094
2026-08-25 06:52:20,7750.0,7764.0,Call GEX 4,GEX,389625.3,,9279.58452828094
2026-08-25 06:52:20,7750.0,7764.0,Put VEX 5,VEX,-587430.01,,9279.58452828094
2026-08-25 06:52:20,7800.0,7814.25,Call GEX 2,GEX,533493.52,,9279.58452828094
2026-08-25 06:52:20,7800.0,7814.25,Put VEX 3,VEX,-1129307.78,,9279.58452828094
2026-08-25 06:52:20,7850.0,7864.25,Call GEX 5,GEX,322360.291,,9279.58452828094
2026-08-25 06:52:20,7900.0,7914.5,Call GEX 1,GEX,619061.343,,9279.58452828094
2026-08-25 06:52:20,7900.0,7914.5,Put VEX 2,VEX,-1237928.601,,9279.58452828094
2026-08-25 06:52:20,8000.0,8014.5,Put CEX 1,CEX,-3229108.179,,9279.58452828094
2026-08-25 06:52:20,8000.0,8014.5,Put DEX 1,DEX,-2034.856,,9279.58452828094
2026-08-25 06:52:20,8000.0,8014.5,Put VEX 1,VEX,-11769001.138,,9279.58452828094
2026-08-25 06:52:20,8200.0,8215.0,Put VEX 4,VEX,-751240.511,,9279.58452828094
2026-08-25 06:53:06,6000.0,6011.5,Put DEX 5,DEX,-22.153,,9284.106609267466
2026-08-25 06:53:06,6800.0,6813.0,Put DEX 3,DEX,-25.175,,9284.106609267466
2026-08-25 06:53:06,7000.0,7013.5,Call CEX 3,CEX,1089853.42,,9284.106609267466
2026-08-25 06:53:06,7000.0,7013.5,Call DEX 1,DEX,795.585,,9284.106609267466
2026-08-25 06:53:06,7000.0,7013.5,Put GEX 1,GEX,-706604.496,,9284.106609267466
2026-08-25 06:53:06,7000.0,7013.5,Call VEX 1,VEX,6405629.681,,9284.106609267466
2026-08-25 06:53:06,7160.0,7173.75,Put DEX 4,DEX,-22.867,,9284.106609267466
2026-08-25 06:53:06,7200.0,7214.0,Put GEX 5,GEX,-200718.264,,9284.106609267466
2026-08-25 06:53:06,7300.0,7314.0,Call DEX 2,DEX,259.925,,9284.106609267466
2026-08-25 06:53:06,7400.0,7414.25,Call DEX 5,DEX,222.021,,9284.106609267466
2026-08-25 06:53:06,7400.0,7414.25,Put GEX 3,GEX,-286905.334,,9284.106609267466
2026-08-25 06:53:06,7400.0,7414.25,Call VEX 3,VEX,2364175.994,,9284.106609267466
2026-08-25 06:53:06,7450.0,7464.25,Call DEX 3,DEX,236.851,,9284.106609267466
2026-08-25 06:53:06,7450.0,7464.25,Call VEX 4,VEX,1940955.335,,9284.106609267466
2026-08-25 06:53:06,7500.0,7514.5,Call CEX 4,CEX,1066367.316,,9284.106609267466
2026-08-25 06:53:06,7500.0,7514.5,Call DEX 4,DEX,227.803,,9284.106609267466
2026-08-25 06:53:06,7500.0,7514.5,Put GEX 2,GEX,-441269.813,,9284.106609267466
2026-08-25 06:53:06,7500.0,7514.5,Call VEX 2,VEX,3127714.51,,9284.106609267466
2026-08-25 06:53:06,7550.0,7564.5,Put GEX 4,GEX,-211563.786,,9284.106609267466
2026-08-25 06:53:06,7600.0,7614.75,Call CEX 2,CEX,1208778.181,,9284.106609267466
2026-08-25 06:53:06,7600.0,7614.75,Call VEX 5,VEX,1891992.354,,9284.106609267466
2026-08-25 06:53:06,7650.0,7664.75,Call CEX 1,CEX,1514074.78,,9284.106609267466
2026-08-25 06:53:06,7665.0,7679.75,Call CEX 5,CEX,987609.47,,9284.106609267466
2026-08-25 06:53:06,7690.0,7704.75,Put CEX 5,CEX,-1186075.713,,9284.106609267466
2026-08-25 06:53:06,7690.0,7704.75,Call GEX 4,GEX,342204.829,,9284.106609267466
2026-08-25 06:53:06,7700.0,7714.75,Put CEX 2,CEX,-1927221.572,,9284.106609267466
2026-08-25 06:53:06,7700.0,7714.75,Put DEX 2,DEX,-48.773,,9284.106609267466
2026-08-25 06:53:06,7725.0,7740.0,Put CEX 3,CEX,-1329542.553,,9284.106609267466
2026-08-25 06:53:06,7750.0,7765.0,Put CEX 4,CEX,-1296628.593,,9284.106609267466
2026-08-25 06:53:06,7750.0,7765.0,Call GEX 3,GEX,376672.646,,9284.106609267466
2026-08-25 06:53:06,7750.0,7765.0,Put VEX 5,VEX,-613081.99,,9284.106609267466
2026-08-25 06:53:06,7800.0,7815.0,Call GEX 2,GEX,518905.039,,9284.106609267466
2026-08-25 06:53:06,7800.0,7815.0,Put VEX 3,VEX,-1150424.432,,9284.106609267466
2026-08-25 06:53:06,7850.0,7865.25,Call GEX 5,GEX,317192.185,,9284.106609267466
2026-08-25 06:53:06,7900.0,7915.25,Call GEX 1,GEX,609188.558,,9284.106609267466
2026-08-25 06:53:06,7900.0,7915.25,Put VEX 2,VEX,-1237709.642,,9284.106609267466
2026-08-25 06:53:06,8000.0,8015.5,Put CEX 1,CEX,-3209378.945,,9284.106609267466
2026-08-25 06:53:06,8000.0,8015.5,Put DEX 1,DEX,-2057.134,,9284.106609267466
2026-08-25 06:53:06,8000.0,8015.5,Put VEX 1,VEX,-11761768.349,,9284.106609267466
2026-08-25 06:53:06,8200.0,8215.75,Put VEX 4,VEX,-747819.957,,9284.106609267466
2026-08-25 06:53:54,6800.0,6812.75,Put DEX 4,DEX,-26.628,,9281.76155101769
2026-08-25 06:53:54,7000.0,7013.0,Call CEX 5,CEX,1054193.663,,9281.76155101769
2026-08-25 06:53:54,7000.0,7013.0,Put DEX 2,DEX,-108.542,,9281.76155101769
2026-08-25 06:53:54,7000.0,7013.0,Put GEX 1,GEX,-753855.854,,9281.76155101769
2026-08-25 06:53:54,7000.0,7013.0,Call VEX 1,VEX,6026777.686,,9281.76155101769
2026-08-25 06:53:54,7160.0,7173.25,Put DEX 5,DEX,-22.924,,9281.76155101769
2026-08-25 06:53:54,7200.0,7213.5,Put GEX 5,GEX,-203115.946,,9281.76155101769
2026-08-25 06:53:54,7300.0,7313.5,Call DEX 1,DEX,260.587,,9281.76155101769
2026-08-25 06:53:54,7400.0,7413.75,Call DEX 4,DEX,219.394,,9281.76155101769
2026-08-25 06:53:54,7400.0,7413.75,Put GEX 3,GEX,-287215.478,,9281.76155101769
2026-08-25 06:53:54,7400.0,7413.75,Call VEX 3,VEX,2359042.065,,9281.76155101769
2026-08-25 06:53:54,7450.0,7463.75,Call DEX 2,DEX,238.893,,9281.76155101769
2026-08-25 06:53:54,7450.0,7463.75,Call VEX 4,VEX,1936410.157,,9281.76155101769
2026-08-25 06:53:54,7500.0,7514.0,Call CEX 4,CEX,1063984.21,,9281.76155101769
2026-08-25 06:53:54,7500.0,7514.0,Call DEX 3,DEX,231.195,,9281.76155101769
2026-08-25 06:53:54,7500.0,7514.0,Put GEX 2,GEX,-438395.555,,9281.76155101769
2026-08-25 06:53:54,7500.0,7514.0,Call VEX 2,VEX,3133692.272,,9281.76155101769
2026-08-25 06:53:54,7550.0,7564.0,Put GEX 4,GEX,-208391.034,,9281.76155101769
2026-08-25 06:53:54,7600.0,7614.25,Call CEX 2,CEX,1203095.844,,9281.76155101769
2026-08-25 06:53:54,7600.0,7614.25,Call DEX 5,DEX,217.535,,9281.76155101769
2026-08-25 06:53:54,7600.0,7614.25,Call VEX 5,VEX,1912624.029,,9281.76155101769
2026-08-25 06:53:54,7650.0,7664.25,Call CEX 1,CEX,1477097.684,,9281.76155101769
2026-08-25 06:53:54,7665.0,7679.25,Call CEX 3,CEX,1072411.723,,9281.76155101769
2026-08-25 06:53:54,7690.0,7704.25,Put CEX 5,CEX,-1102728.142,,9281.76155101769
2026-08-25 06:53:54,7690.0,7704.25,Call GEX 4,GEX,364020.729,,9281.76155101769
2026-08-25 06:53:54,7700.0,7714.25,Put CEX 2,CEX,-1892617.62,,9281.76155101769
2026-08-25 06:53:54,7700.0,7714.25,Put DEX 3,DEX,-44.988,,9281.76155101769
2026-08-25 06:53:54,7725.0,7739.25,Put CEX 3,CEX,-1365082.171,,9281.76155101769
2026-08-25 06:53:54,7750.0,7764.5,Put CEX 4,CEX,-1311700.253,,9281.76155101769
2026-08-25 06:53:54,7750.0,7764.5,Call GEX 3,GEX,383085.658,,9281.76155101769
2026-08-25 06:53:54,7750.0,7764.5,Put VEX 5,VEX,-602178.498,,9281.76155101769
2026-08-25 06:53:54,7800.0,7814.5,Call GEX 2,GEX,527502.529,,9281.76155101769
2026-08-25 06:53:54,7800.0,7814.5,Put VEX 3,VEX,-1141525.571,,9281.76155101769
2026-08-25 06:53:54,7850.0,7864.5,Call GEX 5,GEX,319913.425,,9281.76155101769
2026-08-25 06:53:54,7900.0,7914.75,Call GEX 1,GEX,614255.845,,9281.76155101769
2026-08-25 06:53:54,7900.0,7914.75,Put VEX 2,VEX,-1238750.887,,9281.76155101769
2026-08-25 06:53:54,8000.0,8015.0,Put CEX 1,CEX,-3217681.425,,9281.76155101769
2026-08-25 06:53:54,8000.0,8015.0,Put DEX 1,DEX,-2048.887,,9281.76155101769
2026-08-25 06:53:54,8000.0,8015.0,Put VEX 1,VEX,-11761322.346,,9281.76155101769
2026-08-25 06:53:54,8200.0,8215.25,Put VEX 4,VEX,-749321.892,,9281.76155101769
2026-08-25 06:54:40,6800.0,6812.5,Put DEX 4,DEX,-26.597,,9280.490357081728
2026-08-25 06:54:40,7000.0,7013.0,Call CEX 5,CEX,1053494.484,,9280.490357081728
2026-08-25 06:54:40,7000.0,7013.0,Put DEX 2,DEX,-115.219,,9280.490357081728
2026-08-25 06:54:40,7000.0,7013.0,Put GEX 1,GEX,-753319.249,,9280.490357081728
2026-08-25 06:54:40,7000.0,7013.0,Call VEX 1,VEX,6018205.297,,9280.490357081728
2026-08-25 06:54:40,7160.0,7173.25,Put DEX 5,DEX,-22.869,,9280.490357081728
2026-08-25 06:54:40,7200.0,7213.25,Put GEX 5,GEX,-203639.203,,9280.490357081728
2026-08-25 06:54:40,7300.0,7313.5,Call DEX 1,DEX,262.791,,9280.490357081728
2026-08-25 06:54:40,7400.0,7413.5,Call DEX 5,DEX,221.373,,9280.490357081728
2026-08-25 06:54:40,7400.0,7413.5,Put GEX 3,GEX,-287029.316,,9280.490357081728
2026-08-25 06:54:40,7400.0,7413.5,Call VEX 3,VEX,2353779.52,,9280.490357081728
2026-08-25 06:54:40,7450.0,7463.75,Call DEX 2,DEX,240.907,,9280.490357081728
2026-08-25 06:54:40,7450.0,7463.75,Call VEX 4,VEX,1934926.778,,9280.490357081728
2026-08-25 06:54:40,7500.0,7513.75,Call CEX 4,CEX,1062247.593,,9280.490357081728
2026-08-25 06:54:40,7500.0,7513.75,Call DEX 3,DEX,234.134,,9280.490357081728
2026-08-25 06:54:40,7500.0,7513.75,Put GEX 2,GEX,-435537.26,,9280.490357081728
2026-08-25 06:54:40,7500.0,7513.75,Call VEX 2,VEX,3139758.245,,9280.490357081728
2026-08-25 06:54:40,7550.0,7564.0,Put GEX 4,GEX,-205586.861,,9280.490357081728
2026-08-25 06:54:40,7600.0,7614.0,Call CEX 2,CEX,1205472.519,,9280.490357081728
2026-08-25 06:54:40,7600.0,7614.0,Call DEX 4,DEX,222.455,,9280.490357081728
2026-08-25 06:54:40,7600.0,7614.0,Call VEX 5,VEX,1928920.856,,9280.490357081728
2026-08-25 06:54:40,7650.0,7664.0,Call CEX 1,CEX,1423601.06,,9280.490357081728
2026-08-25 06:54:40,7665.0,7679.0,Call CEX 3,CEX,1132068.858,,9280.490357081728
2026-08-25 06:54:40,7690.0,7704.25,Put CEX 5,CEX,-1019940.918,,9280.490357081728
2026-08-25 06:54:40,7690.0,7704.25,Call GEX 4,GEX,383275.565,,9280.490357081728
2026-08-25 06:54:40,7700.0,7714.25,Put CEX 2,CEX,-1858562.696,,9280.490357081728
2026-08-25 06:54:40,7700.0,7714.25,Put DEX 3,DEX,-41.535,,9280.490357081728
2026-08-25 06:54:40,7725.0,7739.25,Put CEX 3,CEX,-1367033.207,,9280.490357081728
2026-08-25 06:54:40,7750.0,7764.25,Put CEX 4,CEX,-1312740.339,,9280.490357081728
2026-08-25 06:54:40,7750.0,7764.25,Call GEX 3,GEX,390798.018,,9280.490357081728
2026-08-25 06:54:40,7750.0,7764.25,Put VEX 5,VEX,-591221.544,,9280.490357081728
2026-08-25 06:54:40,7800.0,7814.25,Call GEX 2,GEX,534239.798,,9280.490357081728
2026-08-25 06:54:40,7800.0,7814.25,Put VEX 3,VEX,-1133539.523,,9280.490357081728
2026-08-25 06:54:40,7850.0,7864.5,Call GEX 5,GEX,322434.489,,9280.490357081728
2026-08-25 06:54:40,7900.0,7914.5,Call GEX 1,GEX,618378.549,,9280.490357081728
2026-08-25 06:54:40,7900.0,7914.5,Put VEX 2,VEX,-1238975.766,,9280.490357081728
2026-08-25 06:54:40,8000.0,8014.75,Put CEX 1,CEX,-3221521.239,,9280.490357081728
2026-08-25 06:54:40,8000.0,8014.75,Put DEX 1,DEX,-2037.776,,9280.490357081728
2026-08-25 06:54:40,8000.0,8014.75,Put VEX 1,VEX,-11761137.262,,9280.490357081728
2026-08-25 06:54:40,8200.0,8215.0,Put VEX 4,VEX,-750747.484,,9280.490357081728
2026-08-25 06:55:27,6800.0,6813.0,Put DEX 4,DEX,-25.224,,9282.729931353808
2026-08-25 06:55:27,7000.0,7013.5,Call CEX 4,CEX,1055805.009,,9282.729931353808
2026-08-25 06:55:27,7000.0,7013.5,Put DEX 2,DEX,-109.462,,9282.729931353808
2026-08-25 06:55:27,7000.0,7013.5,Put GEX 1,GEX,-757287.006,,9282.729931353808
2026-08-25 06:55:27,7000.0,7013.5,Call VEX 1,VEX,6030591.618,,9282.729931353808
2026-08-25 06:55:27,7160.0,7173.75,Put DEX 5,DEX,-22.915,,9282.729931353808
2026-08-25 06:55:27,7200.0,7213.75,Put GEX 5,GEX,-203112.979,,9282.729931353808
2026-08-25 06:55:27,7300.0,7314.0,Call DEX 1,DEX,260.587,,9282.729931353808
2026-08-25 06:55:27,7400.0,7414.25,Call DEX 4,DEX,222.404,,9282.729931353808
2026-08-25 06:55:27,7400.0,7414.25,Put GEX 3,GEX,-286722.778,,9282.729931353808
2026-08-25 06:55:27,7400.0,7414.25,Call VEX 3,VEX,2362620.286,,9282.729931353808
2026-08-25 06:55:27,7450.0,7464.25,Call DEX 2,DEX,242.193,,9282.729931353808
2026-08-25 06:55:27,7450.0,7464.25,Call VEX 4,VEX,1941229.707,,9282.729931353808
2026-08-25 06:55:27,7500.0,7514.5,Call CEX 3,CEX,1066526.133,,9282.729931353808
2026-08-25 06:55:27,7500.0,7514.5,Call DEX 3,DEX,228.106,,9282.729931353808
2026-08-25 06:55:27,7500.0,7514.5,Put GEX 2,GEX,-439072.316,,9282.729931353808
2026-08-25 06:55:27,7500.0,7514.5,Call VEX 2,VEX,3126856.25,,9282.729931353808
2026-08-25 06:55:27,7550.0,7564.5,Put GEX 4,GEX,-210337.473,,9282.729931353808
2026-08-25 06:55:27,7600.0,7614.5,Call CEX 2,CEX,1213594.488,,9282.729931353808
2026-08-25 06:55:27,7600.0,7614.5,Call DEX 5,DEX,216.091,,9282.729931353808
2026-08-25 06:55:27,7600.0,7614.5,Call VEX 5,VEX,1896953.515,,9282.729931353808
2026-08-25 06:55:27,7650.0,7664.75,Call CEX 1,CEX,1526276.915,,9282.729931353808
2026-08-25 06:55:27,7665.0,7679.75,Call CEX 5,CEX,987200.046,,9282.729931353808
2026-08-25 06:55:27,7690.0,7704.75,Put CEX 5,CEX,-1215722.396,,9282.729931353808
2026-08-25 06:55:27,7690.0,7704.75,Call GEX 4,GEX,339472.533,,9282.729931353808
2026-08-25 06:55:27,7700.0,7714.75,Put CEX 2,CEX,-1950640.686,,9282.729931353808
2026-08-25 06:55:27,7700.0,7714.75,Put DEX 3,DEX,-49.553,,9282.729931353808
2026-08-25 06:55:27,7725.0,7739.75,Put CEX 3,CEX,-1325023.568,,9282.729931353808
2026-08-25 06:55:27,7750.0,7764.75,Put CEX 4,CEX,-1279751.822,,9282.729931353808
2026-08-25 06:55:27,7750.0,7764.75,Call GEX 3,GEX,381788.457,,9282.729931353808
2026-08-25 06:55:27,7750.0,7764.75,Put VEX 5,VEX,-614365.501,,9282.729931353808
2026-08-25 06:55:27,7800.0,7815.0,Call GEX 2,GEX,524133.391,,9282.729931353808
2026-08-25 06:55:27,7800.0,7815.0,Put VEX 3,VEX,-1152712.509,,9282.729931353808
2026-08-25 06:55:27,7850.0,7865.0,Call GEX 5,GEX,318058.202,,9282.729931353808
2026-08-25 06:55:27,7900.0,7915.25,Call GEX 1,GEX,609662.913,,9282.729931353808
2026-08-25 06:55:27,7900.0,7915.25,Put VEX 2,VEX,-1238504.458,,9282.729931353808
2026-08-25 06:55:27,8000.0,8015.25,Put CEX 1,CEX,-3201112.449,,9282.729931353808
2026-08-25 06:55:27,8000.0,8015.25,Put DEX 1,DEX,-2055.997,,9282.729931353808
2026-08-25 06:55:27,8000.0,8015.25,Put VEX 1,VEX,-11740779.357,,9282.729931353808
2026-08-25 06:55:27,8200.0,8215.75,Put VEX 4,VEX,-744544.093,,9282.729931353808
2026-08-25 06:56:15,6800.0,6813.5,Put DEX 4,DEX,-26.846,,9282.011611168058
2026-08-25 06:56:15,7000.0,7013.75,Call CEX 4,CEX,1058105.771,,9282.011611168058
2026-08-25 06:56:15,7000.0,7013.75,Put DEX 2,DEX,-111.168,,9282.011611168058
2026-08-25 06:56:15,7000.0,7013.75,Put GEX 1,GEX,-761030.16,,9282.011611168058
2026-08-25 06:56:15,7000.0,7013.75,Call VEX 1,VEX,6042593.352,,9282.011611168058
2026-08-25 06:56:15,7160.0,7174.0,Put DEX 5,DEX,-23.139,,9282.011611168058
2026-08-25 06:56:15,7200.0,7214.25,Put GEX 5,GEX,-206273.635,,9282.011611168058
2026-08-25 06:56:15,7300.0,7314.5,Call DEX 1,DEX,260.049,,9282.011611168058
2026-08-25 06:56:15,7400.0,7414.5,Call CEX 5,CEX,916268.613,,9282.011611168058
2026-08-25 06:56:15,7400.0,7414.5,Call DEX 4,DEX,216.55,,9282.011611168058
2026-08-25 06:56:15,7400.0,7414.5,Put GEX 3,GEX,-290902.729,,9282.011611168058
2026-08-25 06:56:15,7400.0,7414.5,Call VEX 3,VEX,2359386.426,,9282.011611168058
2026-08-25 06:56:15,7450.0,7464.75,Call DEX 2,DEX,240.761,,9282.011611168058
2026-08-25 06:56:15,7450.0,7464.75,Call VEX 4,VEX,1940177.337,,9282.011611168058
2026-08-25 06:56:15,7500.0,7514.75,Call CEX 3,CEX,1070538.812,,9282.011611168058
2026-08-25 06:56:15,7500.0,7514.75,Call DEX 3,DEX,224.438,,9282.011611168058
2026-08-25 06:56:15,7500.0,7514.75,Put GEX 2,GEX,-439552.058,,9282.011611168058
2026-08-25 06:56:15,7500.0,7514.75,Call VEX 2,VEX,3116186.846,,9282.011611168058
2026-08-25 06:56:15,7550.0,7564.75,Put GEX 4,GEX,-210861.234,,9282.011611168058
2026-08-25 06:56:15,7600.0,7615.0,Call CEX 2,CEX,1247264.391,,9282.011611168058
2026-08-25 06:56:15,7600.0,7615.0,Call DEX 5,DEX,210.659,,9282.011611168058
2026-08-25 06:56:15,7600.0,7615.0,Call VEX 5,VEX,1870000.076,,9282.011611168058
2026-08-25 06:56:15,7650.0,7665.0,Call CEX 1,CEX,1496806.773,,9282.011611168058
2026-08-25 06:56:15,7690.0,7705.25,Put CEX 3,CEX,-1370789.912,,9282.011611168058
2026-08-25 06:56:15,7690.0,7705.25,Call GEX 4,GEX,317034.633,,9282.011611168058
2026-08-25 06:56:15,7700.0,7715.25,Put CEX 2,CEX,-2000690.476,,9282.011611168058
2026-08-25 06:56:15,7700.0,7715.25,Put DEX 3,DEX,-56.62,,9282.011611168058
2026-08-25 06:56:15,7725.0,7740.25,Put CEX 4,CEX,-1293995.521,,9282.011611168058
2026-08-25 06:56:15,7750.0,7765.25,Put CEX 5,CEX,-1277094.626,,9282.011611168058
2026-08-25 06:56:15,7750.0,7765.25,Call GEX 3,GEX,381430.954,,9282.011611168058
2026-08-25 06:56:15,7750.0,7765.25,Put VEX 5,VEX,-636730.738,,9282.011611168058
2026-08-25 06:56:15,7800.0,7815.25,Call GEX 2,GEX,519235.586,,9282.011611168058
2026-08-25 06:56:15,7800.0,7815.25,Put VEX 3,VEX,-1172111.222,,9282.011611168058
2026-08-25 06:56:15,7850.0,7865.5,Call GEX 5,GEX,314174.43,,9282.011611168058
2026-08-25 06:56:15,7900.0,7915.5,Call GEX 1,GEX,600592.011,,9282.011611168058
2026-08-25 06:56:15,7900.0,7915.5,Put VEX 2,VEX,-1235821.523,,9282.011611168058
2026-08-25 06:56:15,8000.0,8015.75,Put CEX 1,CEX,-3188915.737,,9282.011611168058
2026-08-25 06:56:15,8000.0,8015.75,Put DEX 1,DEX,-2064.323,,9282.011611168058
2026-08-25 06:56:15,8000.0,8015.75,Put VEX 1,VEX,-11716502.898,,9282.011611168058
2026-08-25 06:56:15,8200.0,8216.25,Put VEX 4,VEX,-739737.713,,9282.011611168058
2026-08-25 06:57:02,6000.0,6011.25,Put DEX 5,DEX,-22.376,,9280.99482375682
2026-08-25 06:57:02,6800.0,6812.75,Put DEX 3,DEX,-26.879,,9280.99482375682
2026-08-25 06:57:02,7000.0,7013.0,Call CEX 3,CEX,1079036.978,,9280.99482375682
2026-08-25 06:57:02,7000.0,7013.0,Call DEX 1,DEX,796.898,,9280.99482375682
2026-08-25 06:57:02,7000.0,7013.0,Put GEX 1,GEX,-731209.989,,9280.99482375682
2026-08-25 06:57:02,7000.0,7013.0,Call VEX 1,VEX,6268020.751,,9280.99482375682
2026-08-25 06:57:02,7160.0,7173.25,Put DEX 4,DEX,-23.115,,9280.99482375682
2026-08-25 06:57:02,7200.0,7213.5,Put GEX 5,GEX,-206212.595,,9280.99482375682
2026-08-25 06:57:02,7300.0,7313.75,Call DEX 2,DEX,257.56,,9280.99482375682
2026-08-25 06:57:02,7400.0,7413.75,Call CEX 5,CEX,917291.495,,9280.99482375682
2026-08-25 06:57:02,7400.0,7413.75,Call DEX 5,DEX,219.977,,9280.99482375682
2026-08-25 06:57:02,7400.0,7413.75,Put GEX 3,GEX,-289692.872,,9280.99482375682
2026-08-25 06:57:02,7400.0,7413.75,Call VEX 3,VEX,2362084.473,,9280.99482375682
2026-08-25 06:57:02,7450.0,7464.0,Call DEX 3,DEX,240.357,,9280.99482375682
2026-08-25 06:57:02,7450.0,7464.0,Call VEX 4,VEX,1940260.623,,9280.99482375682
2026-08-25 06:57:02,7500.0,7514.0,Call CEX 4,CEX,1068407.976,,9280.99482375682
2026-08-25 06:57:02,7500.0,7514.0,Call DEX 4,DEX,224.438,,9280.99482375682
2026-08-25 06:57:02,7500.0,7514.0,Put GEX 2,GEX,-440628.544,,9280.99482375682
2026-08-25 06:57:02,7500.0,7514.0,Call VEX 2,VEX,3114942.504,,9280.99482375682
2026-08-25 06:57:02,7550.0,7564.0,Put GEX 4,GEX,-211060.942,,9280.99482375682
2026-08-25 06:57:02,7600.0,7614.25,Call CEX 2,CEX,1231156.381,,9280.99482375682
2026-08-25 06:57:02,7600.0,7614.25,Call VEX 5,VEX,1873232.566,,9280.99482375682
2026-08-25 06:57:02,7650.0,7664.25,Call CEX 1,CEX,1507231.331,,9280.99482375682
2026-08-25 06:57:02,7690.0,7704.25,Put CEX 3,CEX,-1343136.939,,9280.99482375682
2026-08-25 06:57:02,7690.0,7704.25,Call GEX 4,GEX,324005.06,,9280.99482375682
2026-08-25 06:57:02,7700.0,7714.25,Put CEX 2,CEX,-1991653.94,,9280.99482375682
2026-08-25 06:57:02,7700.0,7714.25,Put DEX 2,DEX,-55.011,,9280.99482375682
2026-08-25 06:57:02,7725.0,7739.5,Put CEX 4,CEX,-1296368.558,,9280.99482375682
2026-08-25 06:57:02,7750.0,7764.5,Put CEX 5,CEX,-1285469.897,,9280.99482375682
2026-08-25 06:57:02,7750.0,7764.5,Call GEX 3,GEX,380076.581,,9280.99482375682
2026-08-25 06:57:02,7750.0,7764.5,Put VEX 5,VEX,-632081.394,,9280.99482375682
2026-08-25 06:57:02,7800.0,7814.5,Call GEX 2,GEX,519313.514,,9280.99482375682
2026-08-25 06:57:02,7800.0,7814.5,Put VEX 3,VEX,-1167550.776,,9280.99482375682
2026-08-25 06:57:02,7850.0,7864.75,Call GEX 5,GEX,314566.045,,9280.99482375682
2026-08-25 06:57:02,7900.0,7914.75,Call GEX 1,GEX,601682.209,,9280.99482375682
2026-08-25 06:57:02,7900.0,7914.75,Put VEX 2,VEX,-1235346.049,,9280.99482375682
2026-08-25 06:57:02,8000.0,8015.0,Put CEX 1,CEX,-3194875.317,,9280.99482375682
2026-08-25 06:57:02,8000.0,8015.0,Put DEX 1,DEX,-2065.237,,9280.99482375682
2026-08-25 06:57:02,8000.0,8015.0,Put VEX 1,VEX,-11725271.793,,9280.99482375682
2026-08-25 06:57:02,8200.0,8215.25,Put VEX 4,VEX,-740811.125,,9280.99482375682
2026-08-25 06:57:49,6000.0,6011.25,Put DEX 5,DEX,-22.416,,9280.774299314697
2026-08-25 06:57:49,6800.0,6813.0,Put DEX 3,DEX,-26.908,,9280.774299314697
2026-08-25 06:57:49,7000.0,7013.25,Call CEX 4,CEX,1070653.754,,9280.774299314697
2026-08-25 06:57:49,7000.0,7013.25,Call DEX 1,DEX,798.035,,9280.774299314697
2026-08-25 06:57:49,7000.0,7013.25,Put GEX 1,GEX,-747323.841,,9280.774299314697
2026-08-25 06:57:49,7000.0,7013.25,Call VEX 1,VEX,6167628.126,,9280.774299314697
2026-08-25 06:57:49,7160.0,7173.5,Put DEX 4,DEX,-23.177,,9280.774299314697
2026-08-25 06:57:49,7200.0,7213.75,Put GEX 5,GEX,-206106.063,,9280.774299314697
2026-08-25 06:57:49,7300.0,7313.75,Call DEX 2,DEX,258.837,,9280.774299314697
2026-08-25 06:57:49,7400.0,7414.0,Call CEX 5,CEX,921156.811,,9280.774299314697
2026-08-25 06:57:49,7400.0,7414.0,Call DEX 5,DEX,216.038,,9280.774299314697
2026-08-25 06:57:49,7400.0,7414.0,Put GEX 3,GEX,-291423.165,,9280.774299314697
2026-08-25 06:57:49,7400.0,7414.0,Call VEX 3,VEX,2363602.318,,9280.774299314697
2026-08-25 06:57:49,7450.0,7464.0,Call DEX 3,DEX,234.685,,9280.774299314697
2026-08-25 06:57:49,7450.0,7464.0,Call VEX 4,VEX,1937027.381,,9280.774299314697
2026-08-25 06:57:49,7500.0,7514.25,Call CEX 3,CEX,1071299.906,,9280.774299314697
2026-08-25 06:57:49,7500.0,7514.25,Call DEX 4,DEX,222.802,,9280.774299314697
2026-08-25 06:57:49,7500.0,7514.25,Put GEX 2,GEX,-441158.105,,9280.774299314697
2026-08-25 06:57:49,7500.0,7514.25,Call VEX 2,VEX,3110039.181,,9280.774299314697
2026-08-25 06:57:49,7550.0,7564.25,Put GEX 4,GEX,-211245.16,,9280.774299314697
2026-08-25 06:57:49,7600.0,7614.5,Call CEX 2,CEX,1247330.709,,9280.774299314697
2026-08-25 06:57:49,7600.0,7614.5,Call VEX 5,VEX,1862856.116,,9280.774299314697
2026-08-25 06:57:49,7650.0,7664.5,Call CEX 1,CEX,1490795.541,,9280.774299314697
2026-08-25 06:57:49,7690.0,7704.5,Put CEX 3,CEX,-1405493.606,,9280.774299314697
2026-08-25 06:57:49,7690.0,7704.5,Call GEX 4,GEX,318436.543,,9280.774299314697
2026-08-25 06:57:49,7700.0,7714.5,Put CEX 2,CEX,-2006862.052,,9280.774299314697
2026-08-25 06:57:49,7700.0,7714.5,Put DEX 2,DEX,-57.826,,9280.774299314697
2026-08-25 06:57:49,7725.0,7739.75,Put CEX 4,CEX,-1302743.807,,9280.774299314697
2026-08-25 06:57:49,7750.0,7764.75,Put CEX 5,CEX,-1295212.148,,9280.774299314697
2026-08-25 06:57:49,7750.0,7764.75,Call GEX 3,GEX,379003.896,,9280.774299314697
2026-08-25 06:57:49,7750.0,7764.75,Put VEX 5,VEX,-641881.579,,9280.774299314697
2026-08-25 06:57:49,7800.0,7814.75,Call GEX 2,GEX,516981.91,,9280.774299314697
2026-08-25 06:57:49,7800.0,7814.75,Put VEX 3,VEX,-1175501.956,,9280.774299314697
2026-08-25 06:57:49,7850.0,7864.75,Call GEX 5,GEX,312914.776,,9280.774299314697
2026-08-25 06:57:49,7900.0,7915.0,Call GEX 1,GEX,598628.891,,9280.774299314697
2026-08-25 06:57:49,7900.0,7915.0,Put VEX 2,VEX,-1234759.251,,9280.774299314697
2026-08-25 06:57:49,8000.0,8015.25,Put CEX 1,CEX,-3189774.773,,9280.774299314697
2026-08-25 06:57:49,8000.0,8015.25,Put DEX 1,DEX,-2066.475,,9280.774299314697
2026-08-25 06:57:49,8000.0,8015.25,Put VEX 1,VEX,-11718601.75,,9280.774299314697
2026-08-25 06:57:49,8200.0,8215.5,Put VEX 4,VEX,-739264.097,,9280.774299314697
2026-08-25 06:58:35,6000.0,6011.75,Put DEX 5,DEX,-22.527,,9281.115809760076
2026-08-25 06:58:35,6800.0,6813.25,Put DEX 3,DEX,-25.529,,9281.115809760076
2026-08-25 06:58:35,7000.0,7013.75,Call CEX 3,CEX,1085936.051,,9281.115809760076
2026-08-25 06:58:35,7000.0,7013.75,Call DEX 1,DEX,793.951,,9281.115809760076
2026-08-25 06:58:35,7000.0,7013.75,Put GEX 1,GEX,-731946.747,,9281.115809760076
2026-08-25 06:58:35,7000.0,7013.75,Call VEX 1,VEX,6313272.621,,9281.115809760076
2026-08-25 06:58:35,7160.0,7174.0,Put DEX 4,DEX,-23.16,,9281.115809760076
2026-08-25 06:58:35,7200.0,7214.0,Put GEX 5,GEX,-201982.565,,9281.115809760076
2026-08-25 06:58:35,7300.0,7314.25,Call DEX 2,DEX,257.657,,9281.115809760076
2026-08-25 06:58:35,7300.0,7314.25,Call VEX 5,VEX,1869198.135,,9281.115809760076
2026-08-25 06:58:35,7400.0,7414.5,Call CEX 5,CEX,926204.578,,9281.115809760076
2026-08-25 06:58:35,7400.0,7414.5,Call DEX 5,DEX,218.09,,9281.115809760076
2026-08-25 06:58:35,7400.0,7414.5,Put GEX 3,GEX,-290382.726,,9281.115809760076
2026-08-25 06:58:35,7400.0,7414.5,Call VEX 3,VEX,2368413.662,,9281.115809760076
2026-08-25 06:58:35,7450.0,7464.5,Call DEX 3,DEX,250.508,,9281.115809760076
2026-08-25 06:58:35,7450.0,7464.5,Call VEX 4,VEX,1943249.777,,9281.115809760076
2026-08-25 06:58:35,7500.0,7514.5,Call CEX 4,CEX,1074882.017,,9281.115809760076
2026-08-25 06:58:35,7500.0,7514.5,Call DEX 4,DEX,223.55,,9281.115809760076
2026-08-25 06:58:35,7500.0,7514.5,Put GEX 2,GEX,-442669.61,,9281.115809760076
2026-08-25 06:58:35,7500.0,7514.5,Call VEX 2,VEX,3103004.653,,9281.115809760076
2026-08-25 06:58:35,7550.0,7564.75,Put GEX 4,GEX,-214014.891,,9281.115809760076
2026-08-25 06:58:35,7600.0,7614.75,Call CEX 2,CEX,1248277.334,,9281.115809760076
2026-08-25 06:58:35,7650.0,7665.0,Call CEX 1,CEX,1478896.704,,9281.115809760076
2026-08-25 06:58:35,7690.0,7705.0,Put CEX 3,CEX,-1463781.716,,9281.115809760076
2026-08-25 06:58:35,7690.0,7705.0,Call GEX 5,GEX,294945.532,,9281.115809760076
2026-08-25 06:58:35,7700.0,7715.0,Put CEX 2,CEX,-2035803.103,,9281.115809760076
2026-08-25 06:58:35,7700.0,7715.0,Put DEX 2,DEX,-61.489,,9281.115809760076
2026-08-25 06:58:35,7725.0,7740.0,Put CEX 4,CEX,-1280961.204,,9281.115809760076
2026-08-25 06:58:35,7750.0,7765.0,Put CEX 5,CEX,-1252319.198,,9281.115809760076
2026-08-25 06:58:35,7750.0,7765.0,Call GEX 3,GEX,377608.226,,9281.115809760076
2026-08-25 06:58:35,7750.0,7765.0,Put VEX 5,VEX,-650337.096,,9281.115809760076
2026-08-25 06:58:35,7800.0,7815.25,Call GEX 2,GEX,513066.562,,9281.115809760076
2026-08-25 06:58:35,7800.0,7815.25,Put VEX 3,VEX,-1182994.739,,9281.115809760076
2026-08-25 06:58:35,7850.0,7865.25,Call GEX 4,GEX,311407.933,,9281.115809760076
2026-08-25 06:58:35,7900.0,7915.5,Call GEX 1,GEX,594686.679,,9281.115809760076
2026-08-25 06:58:35,7900.0,7915.5,Put VEX 2,VEX,-1234018.847,,9281.115809760076
2026-08-25 06:58:35,8000.0,8015.5,Put CEX 1,CEX,-3172465.568,,9281.115809760076
2026-08-25 06:58:35,8000.0,8015.5,Put DEX 1,DEX,-2076.074,,9281.115809760076
2026-08-25 06:58:35,8000.0,8015.5,Put VEX 1,VEX,-11700006.658,,9281.115809760076
2026-08-25 06:58:35,8200.0,8216.0,Put VEX 4,VEX,-736145.064,,9281.115809760076
2026-08-25 06:59:22,6000.0,6010.75,Put DEX 5,DEX,-22.524,,9278.33836284649
2026-08-25 06:59:22,6800.0,6812.25,Put DEX 3,DEX,-26.968,,9278.33836284649
2026-08-25 06:59:22,7000.0,7012.75,Call CEX 4,CEX,1064545.797,,9278.33836284649
2026-08-25 06:59:22,7000.0,7012.75,Call DEX 1,DEX,798.43,,9278.33836284649
2026-08-25 06:59:22,7000.0,7012.75,Put GEX 1,GEX,-761174.474,,9278.33836284649
2026-08-25 06:59:22,7000.0,7012.75,Call VEX 1,VEX,6085080.148,,9278.33836284649
2026-08-25 06:59:22,7160.0,7173.0,Put DEX 4,DEX,-23.186,,9278.33836284649
2026-08-25 06:59:22,7200.0,7213.0,Put GEX 5,GEX,-206193.67,,9278.33836284649
2026-08-25 06:59:22,7300.0,7313.25,Call DEX 2,DEX,259.023,,9278.33836284649
2026-08-25 06:59:22,7400.0,7413.25,Call CEX 5,CEX,922056.328,,9278.33836284649
2026-08-25 06:59:22,7400.0,7413.25,Call DEX 5,DEX,214.727,,9278.33836284649
2026-08-25 06:59:22,7400.0,7413.25,Put GEX 3,GEX,-292172.078,,9278.33836284649
2026-08-25 06:59:22,7400.0,7413.25,Call VEX 3,VEX,2362691.642,,9278.33836284649
2026-08-25 06:59:22,7450.0,7463.5,Call DEX 3,DEX,234.128,,9278.33836284649
2026-08-25 06:59:22,7450.0,7463.5,Call VEX 4,VEX,1933163.059,,9278.33836284649
2026-08-25 06:59:22,7500.0,7513.5,Call CEX 3,CEX,1070208.242,,9278.33836284649
2026-08-25 06:59:22,7500.0,7513.5,Call DEX 4,DEX,221.607,,9278.33836284649
2026-08-25 06:59:22,7500.0,7513.5,Put GEX 2,GEX,-442247.898,,9278.33836284649
2026-08-25 06:59:22,7500.0,7513.5,Call VEX 2,VEX,3103837.264,,9278.33836284649
2026-08-25 06:59:22,7550.0,7563.75,Put GEX 4,GEX,-211916.88,,9278.33836284649
2026-08-25 06:59:22,7600.0,7613.75,Call CEX 2,CEX,1246114.628,,9278.33836284649
2026-08-25 06:59:22,7600.0,7613.75,Call VEX 5,VEX,1852970.459,,9278.33836284649
2026-08-25 06:59:22,7650.0,7663.75,Call CEX 1,CEX,1478769.232,,9278.33836284649
2026-08-25 06:59:22,7690.0,7704.0,Put CEX 3,CEX,-1465681.115,,9278.33836284649
2026-08-25 06:59:22,7690.0,7704.0,Call GEX 4,GEX,313502.597,,9278.33836284649
2026-08-25 06:59:22,7700.0,7714.0,Put CEX 2,CEX,-2023271.223,,9278.33836284649
2026-08-25 06:59:22,7700.0,7714.0,Put DEX 2,DEX,-60.402,,9278.33836284649
2026-08-25 06:59:22,7725.0,7739.0,Put CEX 5,CEX,-1291036.766,,9278.33836284649
2026-08-25 06:59:22,7750.0,7764.0,Put CEX 4,CEX,-1301893.684,,9278.33836284649
2026-08-25 06:59:22,7750.0,7764.0,Call GEX 3,GEX,377962.079,,9278.33836284649
2026-08-25 06:59:22,7750.0,7764.0,Put VEX 5,VEX,-650419.989,,9278.33836284649
2026-08-25 06:59:22,7800.0,7814.0,Call GEX 2,GEX,515731.686,,9278.33836284649
2026-08-25 06:59:22,7800.0,7814.0,Put VEX 3,VEX,-1182340.525,,9278.33836284649
2026-08-25 06:59:22,7850.0,7864.25,Call GEX 5,GEX,311148.735,,9278.33836284649
2026-08-25 06:59:22,7900.0,7914.25,Call GEX 1,GEX,595251.458,,9278.33836284649
2026-08-25 06:59:22,7900.0,7914.25,Put VEX 2,VEX,-1232932.241,,9278.33836284649
2026-08-25 06:59:22,8000.0,8014.5,Put CEX 1,CEX,-3183393.956,,9278.33836284649
2026-08-25 06:59:22,8000.0,8014.5,Put DEX 1,DEX,-2068.904,,9278.33836284649
2026-08-25 06:59:22,8000.0,8014.5,Put VEX 1,VEX,-11704042.891,,9278.33836284649
2026-08-25 06:59:22,8200.0,8214.75,Put VEX 4,VEX,-735880.476,,9278.33836284649
2026-08-25 07:00:10,6000.0,6011.5,Put DEX 5,DEX,-22.56,,9280.540890042215
2026-08-25 07:00:10,6800.0,6813.0,Put DEX 3,DEX,-25.485,,9280.540890042215
2026-08-25 07:00:10,7000.0,7013.25,Call CEX 3,CEX,1099111.31,,9280.540890042215
2026-08-25 07:00:10,7000.0,7013.25,Call DEX 1,DEX,796.02,,9280.540890042215
2026-08-25 07:00:10,7000.0,7013.25,Put GEX 1,GEX,-712422.616,,9280.540890042215
2026-08-25 07:00:10,7000.0,7013.25,Call VEX 1,VEX,6456738.261,,9280.540890042215
2026-08-25 07:00:10,7160.0,7173.5,Put DEX 4,DEX,-23.209,,9280.540890042215
2026-08-25 07:00:10,7200.0,7213.75,Put GEX 5,GEX,-193148.584,,9280.540890042215
2026-08-25 07:00:10,7300.0,7314.0,Call DEX 2,DEX,256.324,,9280.540890042215
2026-08-25 07:00:10,7300.0,7314.0,Call VEX 5,VEX,1882268.901,,9280.540890042215
2026-08-25 07:00:10,7400.0,7414.0,Call CEX 5,CEX,928612.023,,9280.540890042215
2026-08-25 07:00:10,7400.0,7414.0,Call DEX 4,DEX,218.631,,9280.540890042215
2026-08-25 07:00:10,7400.0,7414.0,Put GEX 3,GEX,-290774.685,,9280.540890042215
2026-08-25 07:00:10,7400.0,7414.0,Call VEX 3,VEX,2370216.2,,9280.540890042215
2026-08-25 07:00:10,7450.0,7464.25,Call DEX 3,DEX,236.755,,9280.540890042215
2026-08-25 07:00:10,7450.0,7464.25,Call VEX 4,VEX,1939917.617,,9280.540890042215
2026-08-25 07:00:10,7500.0,7514.25,Call CEX 4,CEX,1073789.011,,9280.540890042215
2026-08-25 07:00:10,7500.0,7514.25,Call DEX 5,DEX,218.591,,9280.540890042215
2026-08-25 07:00:10,7500.0,7514.25,Put GEX 2,GEX,-447051.409,,9280.540890042215
2026-08-25 07:00:10,7500.0,7514.25,Call VEX 2,VEX,3097716.145,,9280.540890042215
2026-08-25 07:00:10,7550.0,7564.25,Put GEX 4,GEX,-216911.052,,9280.540890042215
2026-08-25 07:00:10,7600.0,7614.5,Call CEX 2,CEX,1250620.216,,9280.540890042215
2026-08-25 07:00:10,7650.0,7664.5,Call CEX 1,CEX,1473516.433,,9280.540890042215
2026-08-25 07:00:10,7690.0,7704.5,Put CEX 3,CEX,-1512684.856,,9280.540890042215
2026-08-25 07:00:10,7690.0,7704.5,Call GEX 5,GEX,293243.547,,9280.540890042215
2026-08-25 07:00:10,7700.0,7714.75,Put CEX 2,CEX,-2044925.885,,9280.540890042215
2026-08-25 07:00:10,7700.0,7714.75,Put DEX 2,DEX,-63.472,,9280.540890042215
2026-08-25 07:00:10,7725.0,7739.75,Put CEX 5,CEX,-1254734.045,,9280.540890042215
2026-08-25 07:00:10,7750.0,7764.75,Put CEX 4,CEX,-1262729.506,,9280.540890042215
2026-08-25 07:00:10,7750.0,7764.75,Call GEX 3,GEX,371397.237,,9280.540890042215
2026-08-25 07:00:10,7750.0,7764.75,Put VEX 5,VEX,-656413.426,,9280.540890042215
2026-08-25 07:00:10,7800.0,7814.75,Call GEX 2,GEX,507238.491,,9280.540890042215
2026-08-25 07:00:10,7800.0,7814.75,Put VEX 3,VEX,-1186775.231,,9280.540890042215
2026-08-25 07:00:10,7850.0,7865.0,Call GEX 4,GEX,309228.385,,9280.540890042215
2026-08-25 07:00:10,7900.0,7915.0,Call GEX 1,GEX,591759.816,,9280.540890042215
2026-08-25 07:00:10,7900.0,7915.0,Put VEX 2,VEX,-1233189.4,,9280.540890042215
2026-08-25 07:00:10,8000.0,8015.25,Put CEX 1,CEX,-3172187.644,,9280.540890042215
2026-08-25 07:00:10,8000.0,8015.25,Put DEX 1,DEX,-2082.688,,9280.540890042215
2026-08-25 07:00:10,8000.0,8015.25,Put VEX 1,VEX,-11699824.026,,9280.540890042215
2026-08-25 07:00:10,8200.0,8215.5,Put VEX 4,VEX,-735812.06,,9280.540890042215
2026-08-25 07:00:57,6800.0,6812.75,Put DEX 3,DEX,-25.52,,9281.61851429229
2026-08-25 07:00:57,7000.0,7013.0,Call CEX 4,CEX,1117351.083,,9281.61851429229
2026-08-25 07:00:57,7000.0,7013.0,Call DEX 1,DEX,783.359,,9281.61851429229
2026-08-25 07:00:57,7000.0,7013.0,Put GEX 1,GEX,-688585.29,,9281.61851429229
2026-08-25 07:00:57,7000.0,7013.0,Call VEX 1,VEX,6646723.6,,9281.61851429229
2026-08-25 07:00:57,7160.0,7173.5,Put DEX 4,DEX,-22.784,,9281.61851429229
2026-08-25 07:00:57,7300.0,7313.75,Call DEX 2,DEX,254.63,,9281.61851429229
2026-08-25 07:00:57,7300.0,7313.75,Call VEX 5,VEX,1898730.549,,9281.61851429229
2026-08-25 07:00:57,7400.0,7413.75,Call CEX 5,CEX,942905.072,,9281.61851429229
2026-08-25 07:00:57,7400.0,7413.75,Call DEX 5,DEX,217.753,,9281.61851429229
2026-08-25 07:00:57,7400.0,7413.75,Put GEX 3,GEX,-290468.228,,9281.61851429229
2026-08-25 07:00:57,7400.0,7413.75,Call VEX 3,VEX,2377920.524,,9281.61851429229
2026-08-25 07:00:57,7450.0,7464.0,Call DEX 3,DEX,253.631,,9281.61851429229
2026-08-25 07:00:57,7450.0,7464.0,Call VEX 4,VEX,1964349.554,,9281.61851429229
2026-08-25 07:00:57,7500.0,7514.0,Call CEX 3,CEX,1124371.648,,9281.61851429229
2026-08-25 07:00:57,7500.0,7514.0,Call DEX 4,DEX,220.355,,9281.61851429229
2026-08-25 07:00:57,7500.0,7514.0,Put GEX 2,GEX,-446036.096,,9281.61851429229
2026-08-25 07:00:57,7500.0,7514.0,Call VEX 2,VEX,3095293.115,,9281.61851429229
2026-08-25 07:00:57,7550.0,7564.25,Put GEX 4,GEX,-215417.304,,9281.61851429229
2026-08-25 07:00:57,7600.0,7614.25,Call CEX 2,CEX,1315293.865,,9281.61851429229
2026-08-25 07:00:57,7600.0,7614.25,Put GEX 5,GEX,-193265.006,,9281.61851429229
2026-08-25 07:00:57,7650.0,7664.25,Call CEX 1,CEX,1453004.134,,9281.61851429229
2026-08-25 07:00:57,7690.0,7704.5,Put CEX 3,CEX,-1550299.831,,9281.61851429229
2026-08-25 07:00:57,7690.0,7704.5,Call GEX 5,GEX,279351.297,,9281.61851429229
2026-08-25 07:00:57,7700.0,7714.5,Put CEX 2,CEX,-2056123.89,,9281.61851429229
2026-08-25 07:00:57,7700.0,7714.5,Put DEX 2,DEX,-65.821,,9281.61851429229
2026-08-25 07:00:57,7725.0,7739.5,Put CEX 4,CEX,-1241006.972,,9281.61851429229
2026-08-25 07:00:57,7750.0,7764.5,Put CEX 5,CEX,-1225566.203,,9281.61851429229
2026-08-25 07:00:57,7750.0,7764.5,Call GEX 3,GEX,369827.679,,9281.61851429229
2026-08-25 07:00:57,7750.0,7764.5,Put VEX 5,VEX,-661619.017,,9281.61851429229
2026-08-25 07:00:57,7780.0,7794.5,Put DEX 5,DEX,-22.634,,9281.61851429229
2026-08-25 07:00:57,7800.0,7814.5,Call GEX 2,GEX,503839.292,,9281.61851429229
2026-08-25 07:00:57,7800.0,7814.5,Put VEX 3,VEX,-1193057.493,,9281.61851429229
2026-08-25 07:00:57,7850.0,7864.75,Call GEX 4,GEX,308553.998,,9281.61851429229
2026-08-25 07:00:57,7900.0,7914.75,Call GEX 1,GEX,588978.071,,9281.61851429229
2026-08-25 07:00:57,7900.0,7914.75,Put VEX 2,VEX,-1232636.139,,9281.61851429229
2026-08-25 07:00:57,8000.0,8015.0,Put CEX 1,CEX,-3163769.455,,9281.61851429229
2026-08-25 07:00:57,8000.0,8015.0,Put DEX 1,DEX,-2086.101,,9281.61851429229
2026-08-25 07:00:57,8000.0,8015.0,Put VEX 1,VEX,-11688344.562,,9281.61851429229
2026-08-25 07:00:57,8200.0,8215.25,Put VEX 4,VEX,-735742.773,,9281.61851429229
2026-08-25 07:01:46,6000.0,6011.25,Put DEX 5,DEX,-22.537,,9281.1299867971
2026-08-25 07:01:46,6800.0,6812.75,Put DEX 3,DEX,-25.501,,9281.1299867971
2026-08-25 07:01:46,7000.0,7013.0,Call CEX 3,CEX,1091893.749,,9281.1299867971
2026-08-25 07:01:46,7000.0,7013.0,Call DEX 1,DEX,792.24,,9281.1299867971
2026-08-25 07:01:46,7000.0,7013.0,Put GEX 1,GEX,-723681.623,,9281.1299867971
2026-08-25 07:01:46,7000.0,7013.0,Call VEX 1,VEX,6379782.002,,9281.1299867971
2026-08-25 07:01:46,7160.0,7173.25,Put DEX 4,DEX,-23.15,,9281.1299867971
2026-08-25 07:01:46,7200.0,7213.5,Put GEX 5,GEX,-205936.621,,9281.1299867971
2026-08-25 07:01:46,7300.0,7313.5,Call DEX 2,DEX,257.582,,9281.1299867971
2026-08-25 07:01:46,7300.0,7313.5,Call VEX 5,VEX,1869559.872,,9281.1299867971
2026-08-25 07:01:46,7400.0,7413.75,Call CEX 5,CEX,929670.913,,9281.1299867971
2026-08-25 07:01:46,7400.0,7413.75,Call DEX 5,DEX,219.413,,9281.1299867971
2026-08-25 07:01:46,7400.0,7413.75,Put GEX 3,GEX,-291930.24,,9281.1299867971
2026-08-25 07:01:46,7400.0,7413.75,Call VEX 3,VEX,2366472.734,,9281.1299867971
2026-08-25 07:01:46,7450.0,7464.0,Call DEX 3,DEX,250.648,,9281.1299867971
2026-08-25 07:01:46,7450.0,7464.0,Call VEX 4,VEX,1941788.991,,9281.1299867971
2026-08-25 07:01:46,7500.0,7514.0,Call CEX 4,CEX,1077415.378,,9281.1299867971
2026-08-25 07:01:46,7500.0,7514.0,Call DEX 4,DEX,223.784,,9281.1299867971
2026-08-25 07:01:46,7500.0,7514.0,Put GEX 2,GEX,-443589.65,,9281.1299867971
2026-08-25 07:01:46,7500.0,7514.0,Call VEX 2,VEX,3102472.613,,9281.1299867971
2026-08-25 07:01:46,7550.0,7564.0,Put GEX 4,GEX,-214260.434,,9281.1299867971
2026-08-25 07:01:46,7600.0,7614.25,Call CEX 2,CEX,1254162.793,,9281.1299867971
2026-08-25 07:01:46,7650.0,7664.25,Call CEX 1,CEX,1477752.191,,9281.1299867971
2026-08-25 07:01:46,7690.0,7704.25,Put CEX 3,CEX,-1518507.418,,9281.1299867971
2026-08-25 07:01:46,7690.0,7704.25,Call GEX 5,GEX,293334.827,,9281.1299867971
2026-08-25 07:01:46,7700.0,7714.25,Put CEX 2,CEX,-2052965.995,,9281.1299867971
2026-08-25 07:01:46,7700.0,7714.25,Put DEX 2,DEX,-63.395,,9281.1299867971
2026-08-25 07:01:46,7725.0,7739.5,Put CEX 4,CEX,-1290036.619,,9281.1299867971
2026-08-25 07:01:46,7750.0,7764.5,Put CEX 5,CEX,-1260553.739,,9281.1299867971
2026-08-25 07:01:46,7750.0,7764.5,Call GEX 3,GEX,376768.092,,9281.1299867971
2026-08-25 07:01:46,7750.0,7764.5,Put VEX 5,VEX,-657314.888,,9281.1299867971
2026-08-25 07:01:46,7800.0,7814.5,Call GEX 2,GEX,512394.496,,9281.1299867971
2026-08-25 07:01:46,7800.0,7814.5,Put VEX 3,VEX,-1189663.246,,9281.1299867971
2026-08-25 07:01:46,7850.0,7864.75,Call GEX 4,GEX,310287.075,,9281.1299867971
2026-08-25 07:01:46,7900.0,7914.75,Call GEX 1,GEX,591878.355,,9281.1299867971
2026-08-25 07:01:46,7900.0,7914.75,Put VEX 2,VEX,-1232293.338,,9281.1299867971
2026-08-25 07:01:46,8000.0,8015.0,Put CEX 1,CEX,-3167368.916,,9281.1299867971
2026-08-25 07:01:46,8000.0,8015.0,Put DEX 1,DEX,-2080.614,,9281.1299867971
2026-08-25 07:01:46,8000.0,8015.0,Put VEX 1,VEX,-11688920.3,,9281.1299867971
2026-08-25 07:01:46,8200.0,8215.25,Put VEX 4,VEX,-734441.292,,9281.1299867971
2026-08-25 07:02:33,6000.0,6011.5,Put DEX 5,DEX,-22.509,,9279.05660049671
2026-08-25 07:02:33,6800.0,6813.25,Put DEX 3,DEX,-26.836,,9279.05660049671
2026-08-25 07:02:33,7000.0,7013.5,Call CEX 3,CEX,1084301.013,,9279.05660049671
2026-08-25 07:02:33,7000.0,7013.5,Call DEX 1,DEX,795.138,,9279.05660049671
2026-08-25 07:02:33,7000.0,7013.5,Put GEX 1,GEX,-726726.644,,9279.05660049671
2026-08-25 07:02:33,7000.0,7013.5,Call VEX 1,VEX,6317705.774,,9279.05660049671
2026-08-25 07:02:33,7160.0,7173.75,Put DEX 4,DEX,-23.107,,9279.05660049671
2026-08-25 07:02:33,7200.0,7214.0,Put GEX 5,GEX,-200877.948,,9279.05660049671
2026-08-25 07:02:33,7300.0,7314.25,Call DEX 2,DEX,256.429,,9279.05660049671
2026-08-25 07:02:33,7300.0,7314.25,Call VEX 5,VEX,1868019.254,,9279.05660049671
2026-08-25 07:02:33,7400.0,7414.25,Call CEX 5,CEX,924280.148,,9279.05660049671
2026-08-25 07:02:33,7400.0,7414.25,Call DEX 5,DEX,218.163,,9279.05660049671
2026-08-25 07:02:33,7400.0,7414.25,Put GEX 3,GEX,-290715.054,,9279.05660049671
2026-08-25 07:02:33,7400.0,7414.25,Call VEX 3,VEX,2365743.014,,9279.05660049671
2026-08-25 07:02:33,7450.0,7464.5,Call DEX 3,DEX,238.774,,9279.05660049671
2026-08-25 07:02:33,7450.0,7464.5,Call VEX 4,VEX,1940348.075,,9279.05660049671
2026-08-25 07:02:33,7500.0,7514.5,Call CEX 4,CEX,1073936.554,,9279.05660049671
2026-08-25 07:02:33,7500.0,7514.5,Call DEX 4,DEX,221.664,,9279.05660049671
2026-08-25 07:02:33,7500.0,7514.5,Put GEX 2,GEX,-444875.807,,9279.05660049671
2026-08-25 07:02:33,7500.0,7514.5,Call VEX 2,VEX,3106457.578,,9279.05660049671
2026-08-25 07:02:33,7550.0,7564.5,Put GEX 4,GEX,-214164.229,,9279.05660049671
2026-08-25 07:02:33,7600.0,7614.75,Call CEX 2,CEX,1224169.895,,9279.05660049671
2026-08-25 07:02:33,7650.0,7664.75,Call CEX 1,CEX,1503665.15,,9279.05660049671
2026-08-25 07:02:33,7690.0,7705.0,Put CEX 3,CEX,-1460354.261,,9279.05660049671
2026-08-25 07:02:33,7690.0,7705.0,Call GEX 5,GEX,308121.911,,9279.05660049671
2026-08-25 07:02:33,7700.0,7715.0,Put CEX 2,CEX,-2039568.76,,9279.05660049671
2026-08-25 07:02:33,7700.0,7715.0,Put DEX 2,DEX,-59.795,,9279.05660049671
2026-08-25 07:02:33,7725.0,7740.0,Put CEX 4,CEX,-1301712.128,,9279.05660049671
2026-08-25 07:02:33,7750.0,7765.0,Put CEX 5,CEX,-1273446.249,,9279.05660049671
2026-08-25 07:02:33,7750.0,7765.0,Call GEX 3,GEX,377693.99,,9279.05660049671
2026-08-25 07:02:33,7750.0,7765.0,Put VEX 5,VEX,-646609.178,,9279.05660049671
2026-08-25 07:02:33,7800.0,7815.0,Call GEX 2,GEX,515312.223,,9279.05660049671
2026-08-25 07:02:33,7800.0,7815.0,Put VEX 3,VEX,-1180308.039,,9279.05660049671
2026-08-25 07:02:33,7850.0,7865.25,Call GEX 4,GEX,312124.479,,9279.05660049671
2026-08-25 07:02:33,7900.0,7915.25,Call GEX 1,GEX,595338.386,,9279.05660049671
2026-08-25 07:02:33,7900.0,7915.25,Put VEX 2,VEX,-1233495.03,,9279.05660049671
2026-08-25 07:02:33,8000.0,8015.5,Put CEX 1,CEX,-3175044.485,,9279.05660049671
2026-08-25 07:02:33,8000.0,8015.5,Put DEX 1,DEX,-2079.284,,9279.05660049671
2026-08-25 07:02:33,8000.0,8015.5,Put VEX 1,VEX,-11696027.667,,9279.05660049671
2026-08-25 07:02:33,8200.0,8216.0,Put VEX 4,VEX,-737587.786,,9279.05660049671
2026-08-25 07:03:19,6800.0,6813.25,Put DEX 3,DEX,-25.466,,9279.953489991836
2026-08-25 07:03:19,7000.0,7013.5,Call CEX 3,CEX,1106574.447,,9279.953489991836
2026-08-25 07:03:19,7000.0,7013.5,Call DEX 1,DEX,787.42,,9279.953489991836
2026-08-25 07:03:19,7000.0,7013.5,Put GEX 1,GEX,-700375.111,,9279.953489991836
2026-08-25 07:03:19,7000.0,7013.5,Call VEX 1,VEX,6544158.661,,9279.953489991836
2026-08-25 07:03:19,7160.0,7173.75,Put DEX 4,DEX,-23.158,,9279.953489991836
2026-08-25 07:03:19,7200.0,7214.0,Put GEX 5,GEX,-195131.664,,9279.953489991836
2026-08-25 07:03:19,7300.0,7314.0,Call DEX 2,DEX,256.542,,9279.953489991836
2026-08-25 07:03:19,7300.0,7314.0,Call VEX 5,VEX,1879143.733,,9279.953489991836
2026-08-25 07:03:19,7400.0,7414.25,Call CEX 5,CEX,932647.184,,9279.953489991836
2026-08-25 07:03:19,7400.0,7414.25,Call DEX 5,DEX,218.385,,9279.953489991836
2026-08-25 07:03:19,7400.0,7414.25,Put GEX 3,GEX,-291744.627,,9279.953489991836
2026-08-25 07:03:19,7400.0,7414.25,Call VEX 3,VEX,2369993.728,,9279.953489991836
2026-08-25 07:03:19,7450.0,7464.5,Call DEX 3,DEX,249.301,,9279.953489991836
2026-08-25 07:03:19,7450.0,7464.5,Call VEX 4,VEX,1941720.443,,9279.953489991836
2026-08-25 07:03:19,7500.0,7514.5,Call CEX 4,CEX,1078454.592,,9279.953489991836
2026-08-25 07:03:19,7500.0,7514.5,Call DEX 4,DEX,221.464,,9279.953489991836
2026-08-25 07:03:19,7500.0,7514.5,Put GEX 2,GEX,-447589.137,,9279.953489991836
2026-08-25 07:03:19,7500.0,7514.5,Call VEX 2,VEX,3096934.812,,9279.953489991836
2026-08-25 07:03:19,7550.0,7564.5,Put GEX 4,GEX,-217971.451,,9279.953489991836
2026-08-25 07:03:19,7600.0,7614.75,Call CEX 2,CEX,1256644.594,,9279.953489991836
2026-08-25 07:03:19,7650.0,7664.75,Call CEX 1,CEX,1453932.474,,9279.953489991836
2026-08-25 07:03:19,7690.0,7704.75,Put CEX 3,CEX,-1557711.823,,9279.953489991836
2026-08-25 07:03:19,7690.0,7704.75,Call GEX 5,GEX,278495.285,,9279.953489991836
2026-08-25 07:03:19,7700.0,7715.0,Put CEX 2,CEX,-2068531.761,,9279.953489991836
2026-08-25 07:03:19,7700.0,7715.0,Put DEX 2,DEX,-66.32,,9279.953489991836
2026-08-25 07:03:19,7725.0,7740.0,Put CEX 4,CEX,-1294215.185,,9279.953489991836
2026-08-25 07:03:19,7750.0,7765.0,Put CEX 5,CEX,-1266803.779,,9279.953489991836
2026-08-25 07:03:19,7750.0,7765.0,Call GEX 3,GEX,372066.709,,9279.953489991836
2026-08-25 07:03:19,7750.0,7765.0,Put VEX 5,VEX,-667179.608,,9279.953489991836
2026-08-25 07:03:19,7780.0,7795.0,Put DEX 5,DEX,-22.833,,9279.953489991836
2026-08-25 07:03:19,7800.0,7815.0,Call GEX 2,GEX,505485.119,,9279.953489991836
2026-08-25 07:03:19,7800.0,7815.0,Put VEX 3,VEX,-1197850.98,,9279.953489991836
2026-08-25 07:03:19,7850.0,7865.25,Call GEX 4,GEX,308028.289,,9279.953489991836
2026-08-25 07:03:19,7900.0,7915.25,Call GEX 1,GEX,588061.458,,9279.953489991836
2026-08-25 07:03:19,7900.0,7915.25,Put VEX 2,VEX,-1231567.083,,9279.953489991836
2026-08-25 07:03:19,8000.0,8015.5,Put CEX 1,CEX,-3159331.547,,9279.953489991836
2026-08-25 07:03:19,8000.0,8015.5,Put DEX 1,DEX,-2092.15,,9279.953489991836
2026-08-25 07:03:19,8000.0,8015.5,Put VEX 1,VEX,-11675115.645,,9279.953489991836
2026-08-25 07:03:19,8200.0,8215.75,Put VEX 4,VEX,-730666.381,,9279.953489991836
2026-08-25 07:04:06,6800.0,6812.75,Put DEX 4,DEX,-25.47,,9282.17876058106
2026-08-25 07:04:06,7000.0,7013.25,Call CEX 4,CEX,1060224.406,,9282.17876058106
2026-08-25 07:04:06,7000.0,7013.25,Put DEX 2,DEX,-112.601,,9282.17876058106
2026-08-25 07:04:06,7000.0,7013.25,Put GEX 1,GEX,-764517.018,,9282.17876058106
2026-08-25 07:04:06,7000.0,7013.25,Call VEX 1,VEX,6052342.969,,9282.17876058106
2026-08-25 07:04:06,7160.0,7173.5,Put DEX 5,DEX,-23.182,,9282.17876058106
2026-08-25 07:04:06,7200.0,7213.5,Put GEX 5,GEX,-206036.324,,9282.17876058106
2026-08-25 07:04:06,7300.0,7313.75,Call DEX 1,DEX,258.104,,9282.17876058106
2026-08-25 07:04:06,7300.0,7313.75,Call VEX 5,VEX,1854248.661,,9282.17876058106
2026-08-25 07:04:06,7400.0,7414.0,Call CEX 5,CEX,932127.994,,9282.17876058106
2026-08-25 07:04:06,7400.0,7414.0,Call DEX 4,DEX,220.025,,9282.17876058106
2026-08-25 07:04:06,7400.0,7414.0,Put GEX 3,GEX,-292682.273,,9282.17876058106
2026-08-25 07:04:06,7400.0,7414.0,Call VEX 3,VEX,2366138.435,,9282.17876058106
2026-08-25 07:04:06,7450.0,7464.0,Call DEX 2,DEX,238.178,,9282.17876058106
2026-08-25 07:04:06,7450.0,7464.0,Call VEX 4,VEX,1940449.369,,9282.17876058106
2026-08-25 07:04:06,7500.0,7514.0,Call CEX 3,CEX,1080480.057,,9282.17876058106
2026-08-25 07:04:06,7500.0,7514.0,Call DEX 3,DEX,222.94,,9282.17876058106
2026-08-25 07:04:06,7500.0,7514.0,Put GEX 2,GEX,-443681.504,,9282.17876058106
2026-08-25 07:04:06,7500.0,7514.0,Call VEX 2,VEX,3100659.902,,9282.17876058106
2026-08-25 07:04:06,7550.0,7564.25,Put GEX 4,GEX,-214176.772,,9282.17876058106
2026-08-25 07:04:06,7600.0,7614.25,Call CEX 2,CEX,1241827.429,,9282.17876058106
2026-08-25 07:04:06,7600.0,7614.25,Call DEX 5,DEX,204.18,,9282.17876058106
2026-08-25 07:04:06,7650.0,7664.5,Call CEX 1,CEX,1462367.856,,9282.17876058106
2026-08-25 07:04:06,7690.0,7704.5,Put CEX 3,CEX,-1560916.891,,9282.17876058106
2026-08-25 07:04:06,7690.0,7704.5,Call GEX 5,GEX,283098.33,,9282.17876058106
2026-08-25 07:04:06,7700.0,7714.5,Put CEX 2,CEX,-2065801.758,,9282.17876058106
2026-08-25 07:04:06,7700.0,7714.5,Put DEX 3,DEX,-65.918,,9282.17876058106
2026-08-25 07:04:06,7725.0,7739.5,Put CEX 4,CEX,-1280677.66,,9282.17876058106
2026-08-25 07:04:06,7750.0,7764.5,Put CEX 5,CEX,-1274558.889,,9282.17876058106
2026-08-25 07:04:06,7750.0,7764.5,Call GEX 3,GEX,377419.879,,9282.17876058106
2026-08-25 07:04:06,7750.0,7764.5,Put VEX 5,VEX,-667062.487,,9282.17876058106
2026-08-25 07:04:06,7800.0,7814.75,Call GEX 2,GEX,511736.841,,9282.17876058106
2026-08-25 07:04:06,7800.0,7814.75,Put VEX 3,VEX,-1196896.477,,9282.17876058106
2026-08-25 07:04:06,7850.0,7864.75,Call GEX 4,GEX,309140.019,,9282.17876058106
2026-08-25 07:04:06,7900.0,7914.75,Call GEX 1,GEX,589172.335,,9282.17876058106
2026-08-25 07:04:06,7900.0,7914.75,Put VEX 2,VEX,-1231646.647,,9282.17876058106
2026-08-25 07:04:06,8000.0,8015.0,Put CEX 1,CEX,-3162509.005,,9282.17876058106
2026-08-25 07:04:06,8000.0,8015.0,Put DEX 1,DEX,-2082.294,,9282.17876058106
2026-08-25 07:04:06,8000.0,8015.0,Put VEX 1,VEX,-11674662.157,,9282.17876058106
2026-08-25 07:04:06,8200.0,8215.5,Put VEX 4,VEX,-731069.82,,9282.17876058106
2026-08-25 07:04:52,6800.0,6813.0,Put DEX 3,DEX,-27.033,,9279.17486599016
2026-08-25 07:04:52,7000.0,7013.5,Call CEX 3,CEX,1095011.46,,9279.17486599016
2026-08-25 07:04:52,7000.0,7013.5,Call DEX 1,DEX,790.493,,9279.17486599016
2026-08-25 07:04:52,7000.0,7013.5,Put GEX 1,GEX,-721630.876,,9279.17486599016
2026-08-25 07:04:52,7000.0,7013.5,Call VEX 1,VEX,6410566.988,,9279.17486599016
2026-08-25 07:04:52,7160.0,7173.75,Put DEX 5,DEX,-23.357,,9279.17486599016
2026-08-25 07:04:52,7200.0,7213.75,Put GEX 5,GEX,-206629.184,,9279.17486599016
2026-08-25 07:04:52,7300.0,7314.0,Call DEX 2,DEX,256.405,,9279.17486599016
2026-08-25 07:04:52,7300.0,7314.0,Call VEX 5,VEX,1867075.136,,9279.17486599016
2026-08-25 07:04:52,7400.0,7414.25,Call CEX 5,CEX,935620.377,,9279.17486599016
2026-08-25 07:04:52,7400.0,7414.25,Call DEX 5,DEX,216.333,,9279.17486599016
2026-08-25 07:04:52,7400.0,7414.25,Put GEX 3,GEX,-295296.775,,9279.17486599016
2026-08-25 07:04:52,7400.0,7414.25,Call VEX 3,VEX,2368969.41,,9279.17486599016
2026-08-25 07:04:52,7450.0,7464.25,Call DEX 3,DEX,236.073,,9279.17486599016
2026-08-25 07:04:52,7450.0,7464.25,Call VEX 4,VEX,1937804.605,,9279.17486599016
2026-08-25 07:04:52,7500.0,7514.25,Call CEX 4,CEX,1080839.364,,9279.17486599016
2026-08-25 07:04:52,7500.0,7514.25,Call DEX 4,DEX,219.154,,9279.17486599016
2026-08-25 07:04:52,7500.0,7514.25,Put GEX 2,GEX,-446913.298,,9279.17486599016
2026-08-25 07:04:52,7500.0,7514.25,Call VEX 2,VEX,3088870.841,,9279.17486599016
2026-08-25 07:04:52,7550.0,7564.5,Put GEX 4,GEX,-216912.046,,9279.17486599016
2026-08-25 07:04:52,7600.0,7614.5,Call CEX 2,CEX,1259014.288,,9279.17486599016
2026-08-25 07:04:52,7650.0,7664.75,Call CEX 1,CEX,1420616.422,,9279.17486599016
2026-08-25 07:04:52,7690.0,7704.75,Put CEX 3,CEX,-1615469.6,,9279.17486599016
2026-08-25 07:04:52,7690.0,7704.75,Call GEX 5,GEX,268334.961,,9279.17486599016
2026-08-25 07:04:52,7700.0,7714.75,Put CEX 2,CEX,-2073813.656,,9279.17486599016
2026-08-25 07:04:52,7700.0,7714.75,Put DEX 2,DEX,-70.179,,9279.17486599016
2026-08-25 07:04:52,7725.0,7739.75,Put CEX 5,CEX,-1266935.226,,9279.17486599016
2026-08-25 07:04:52,7750.0,7764.75,Put CEX 4,CEX,-1278191.256,,9279.17486599016
2026-08-25 07:04:52,7750.0,7764.75,Call GEX 3,GEX,373169.822,,9279.17486599016
2026-08-25 07:04:52,7750.0,7764.75,Put VEX 5,VEX,-680078.026,,9279.17486599016
2026-08-25 07:04:52,7780.0,7795.0,Put DEX 4,DEX,-23.401,,9279.17486599016
2026-08-25 07:04:52,7800.0,7815.0,Call GEX 2,GEX,505671.416,,9279.17486599016
2026-08-25 07:04:52,7800.0,7815.0,Put VEX 3,VEX,-1207391.48,,9279.17486599016
2026-08-25 07:04:52,7850.0,7865.0,Call GEX 4,GEX,306208.427,,9279.17486599016
2026-08-25 07:04:52,7900.0,7915.0,Call GEX 1,GEX,583425.348,,9279.17486599016
2026-08-25 07:04:52,7900.0,7915.0,Put VEX 2,VEX,-1230023.787,,9279.17486599016
2026-08-25 07:04:52,8000.0,8015.25,Put CEX 1,CEX,-3152568.724,,9279.17486599016
2026-08-25 07:04:52,8000.0,8015.25,Put DEX 1,DEX,-2092.004,,9279.17486599016
2026-08-25 07:04:52,8000.0,8015.25,Put VEX 1,VEX,-11656124.402,,9279.17486599016
2026-08-25 07:04:52,8200.0,8215.75,Put VEX 4,VEX,-729885.577,,9279.17486599016
2026-08-25 07:05:40,6800.0,6813.0,Put DEX 3,DEX,-26.953,,9278.46958073495
2026-08-25 07:05:40,7000.0,7013.5,Call CEX 3,CEX,1105052.775,,9278.46958073495
2026-08-25 07:05:40,7000.0,7013.5,Call DEX 1,DEX,787.453,,9278.46958073495
2026-08-25 07:05:40,7000.0,7013.5,Put GEX 1,GEX,-703132.912,,9278.46958073495
2026-08-25 07:05:40,7000.0,7013.5,Call VEX 1,VEX,6531735.532,,9278.46958073495
2026-08-25 07:05:40,7160.0,7173.75,Put DEX 5,DEX,-23.283,,9278.46958073495
2026-08-25 07:05:40,7200.0,7213.75,Put GEX 5,GEX,-196573.279,,9278.46958073495
2026-08-25 07:05:40,7300.0,7314.0,Call DEX 2,DEX,255.222,,9278.46958073495
2026-08-25 07:05:40,7300.0,7314.0,Call VEX 5,VEX,1874084.855,,9278.46958073495
2026-08-25 07:05:40,7400.0,7414.25,Call CEX 5,CEX,906221.911,,9278.46958073495
2026-08-25 07:05:40,7400.0,7414.25,Call DEX 5,DEX,216.123,,9278.46958073495
2026-08-25 07:05:40,7400.0,7414.25,Put GEX 3,GEX,-292707.696,,9278.46958073495
2026-08-25 07:05:40,7400.0,7414.25,Call VEX 3,VEX,2370800.36,,9278.46958073495
2026-08-25 07:05:40,7450.0,7464.25,Call DEX 3,DEX,248.396,,9278.46958073495
2026-08-25 07:05:40,7450.0,7464.25,Call VEX 4,VEX,1951179.429,,9278.46958073495
2026-08-25 07:05:40,7500.0,7514.25,Call CEX 4,CEX,1087830.01,,9278.46958073495
2026-08-25 07:05:40,7500.0,7514.25,Call DEX 4,DEX,219.909,,9278.46958073495
2026-08-25 07:05:40,7500.0,7514.25,Put GEX 2,GEX,-445803.701,,9278.46958073495
2026-08-25 07:05:40,7500.0,7514.25,Call VEX 2,VEX,3095006.198,,9278.46958073495
2026-08-25 07:05:40,7550.0,7564.5,Put GEX 4,GEX,-217641.567,,9278.46958073495
2026-08-25 07:05:40,7600.0,7614.5,Call CEX 2,CEX,1354025.911,,9278.46958073495
2026-08-25 07:05:40,7650.0,7664.75,Call CEX 1,CEX,1436592.386,,9278.46958073495
2026-08-25 07:05:40,7690.0,7704.75,Put CEX 3,CEX,-1605304.704,,9278.46958073495
2026-08-25 07:05:40,7690.0,7704.75,Call GEX 5,GEX,268258.748,,9278.46958073495
2026-08-25 07:05:40,7700.0,7714.75,Put CEX 2,CEX,-2074778.25,,9278.46958073495
2026-08-25 07:05:40,7700.0,7714.75,Put DEX 2,DEX,-69.039,,9278.46958073495
2026-08-25 07:05:40,7725.0,7739.75,Put CEX 4,CEX,-1234458.024,,9278.46958073495
2026-08-25 07:05:40,7750.0,7764.75,Put CEX 5,CEX,-1226831.373,,9278.46958073495
2026-08-25 07:05:40,7750.0,7764.75,Call GEX 3,GEX,374783.669,,9278.46958073495
2026-08-25 07:05:40,7750.0,7764.75,Put VEX 5,VEX,-672130.656,,9278.46958073495
2026-08-25 07:05:40,7780.0,7795.0,Put DEX 4,DEX,-23.304,,9278.46958073495
2026-08-25 07:05:40,7800.0,7815.0,Call GEX 2,GEX,506158.386,,9278.46958073495
2026-08-25 07:05:40,7800.0,7815.0,Put VEX 3,VEX,-1202381.579,,9278.46958073495
2026-08-25 07:05:40,7850.0,7865.0,Call GEX 4,GEX,307315.669,,9278.46958073495
2026-08-25 07:05:40,7900.0,7915.0,Call GEX 1,GEX,585479.644,,9278.46958073495
2026-08-25 07:05:40,7900.0,7915.0,Put VEX 2,VEX,-1231855.962,,9278.46958073495
2026-08-25 07:05:40,8000.0,8015.25,Put CEX 1,CEX,-3152253.911,,9278.46958073495
2026-08-25 07:05:40,8000.0,8015.25,Put DEX 1,DEX,-2092.904,,9278.46958073495
2026-08-25 07:05:40,8000.0,8015.25,Put VEX 1,VEX,-11669191.606,,9278.46958073495
2026-08-25 07:05:40,8200.0,8215.75,Put VEX 4,VEX,-729728.281,,9278.46958073495
2026-08-25 07:06:27,6800.0,6812.75,Put DEX 3,DEX,-27.001,,9278.789400955176
2026-08-25 07:06:27,7000.0,7013.25,Call CEX 3,CEX,1089959.824,,9278.789400955176
2026-08-25 07:06:27,7000.0,7013.25,Call DEX 1,DEX,792.576,,9278.789400955176
2026-08-25 07:06:27,7000.0,7013.25,Put GEX 1,GEX,-724574.999,,9278.789400955176
2026-08-25 07:06:27,7000.0,7013.25,Call VEX 1,VEX,6365179.55,,9278.789400955176
2026-08-25 07:06:27,7160.0,7173.5,Put DEX 4,DEX,-23.267,,9278.789400955176
2026-08-25 07:06:27,7200.0,7213.5,Put GEX 5,GEX,-206688.208,,9278.789400955176
2026-08-25 07:06:27,7300.0,7313.75,Call DEX 2,DEX,256.626,,9278.789400955176
2026-08-25 07:06:27,7300.0,7313.75,Call VEX 5,VEX,1860548.164,,9278.789400955176
2026-08-25 07:06:27,7400.0,7414.0,Call CEX 5,CEX,900505.39,,9278.789400955176
2026-08-25 07:06:27,7400.0,7414.0,Call DEX 5,DEX,217.201,,9278.789400955176
2026-08-25 07:06:27,7400.0,7414.0,Put GEX 3,GEX,-294244.322,,9278.789400955176
2026-08-25 07:06:27,7400.0,7414.0,Call VEX 3,VEX,2365079.735,,9278.789400955176
2026-08-25 07:06:27,7450.0,7464.0,Call DEX 3,DEX,237.324,,9278.789400955176
2026-08-25 07:06:27,7450.0,7464.0,Call VEX 4,VEX,1938524.917,,9278.789400955176
2026-08-25 07:06:27,7500.0,7514.0,Call CEX 4,CEX,1079768.156,,9278.789400955176
2026-08-25 07:06:27,7500.0,7514.0,Call DEX 4,DEX,217.983,,9278.789400955176
2026-08-25 07:06:27,7500.0,7514.0,Put GEX 2,GEX,-445719.29,,9278.789400955176
2026-08-25 07:06:27,7500.0,7514.0,Call VEX 2,VEX,3095429.389,,9278.789400955176
2026-08-25 07:06:27,7550.0,7564.25,Put GEX 4,GEX,-215270.096,,9278.789400955176
2026-08-25 07:06:27,7600.0,7614.25,Call CEX 2,CEX,1261351.868,,9278.789400955176
2026-08-25 07:06:27,7650.0,7664.5,Call CEX 1,CEX,1461700.004,,9278.789400955176
2026-08-25 07:06:27,7690.0,7704.5,Put CEX 3,CEX,-1606726.193,,9278.789400955176
2026-08-25 07:06:27,7690.0,7704.5,Call GEX 5,GEX,284430.277,,9278.789400955176
2026-08-25 07:06:27,7700.0,7714.5,Put CEX 2,CEX,-2067946.701,,9278.789400955176
2026-08-25 07:06:27,7700.0,7714.5,Put DEX 2,DEX,-67.663,,9278.789400955176
2026-08-25 07:06:27,7725.0,7739.5,Put CEX 5,CEX,-1230865.29,,9278.789400955176
2026-08-25 07:06:27,7750.0,7764.5,Put CEX 4,CEX,-1236462.08,,9278.789400955176
2026-08-25 07:06:27,7750.0,7764.5,Call GEX 3,GEX,372981.427,,9278.789400955176
2026-08-25 07:06:27,7750.0,7764.5,Put VEX 5,VEX,-669175.814,,9278.789400955176
2026-08-25 07:06:27,7780.0,7794.75,Put DEX 5,DEX,-23.1,,9278.789400955176
2026-08-25 07:06:27,7800.0,7814.75,Call GEX 2,GEX,508395.877,,9278.789400955176
2026-08-25 07:06:27,7800.0,7814.75,Put VEX 3,VEX,-1200346.786,,9278.789400955176
2026-08-25 07:06:27,7850.0,7864.75,Call GEX 4,GEX,307268.031,,9278.789400955176
2026-08-25 07:06:27,7900.0,7914.75,Call GEX 1,GEX,585909.155,,9278.789400955176
2026-08-25 07:06:27,7900.0,7914.75,Put VEX 2,VEX,-1228778.636,,9278.789400955176
2026-08-25 07:06:27,8000.0,8015.0,Put CEX 1,CEX,-3156923.694,,9278.789400955176
2026-08-25 07:06:27,8000.0,8015.0,Put DEX 1,DEX,-2086.266,,9278.789400955176
2026-08-25 07:06:27,8000.0,8015.0,Put VEX 1,VEX,-11663743.656,,9278.789400955176
2026-08-25 07:06:27,8200.0,8215.5,Put VEX 4,VEX,-729485.718,,9278.789400955176
2026-08-25 07:07:13,6800.0,6812.75,Put DEX 3,DEX,-27.058,5953.184326111659,9280.22584624456
2026-08-25 07:07:13,7000.0,7013.0,Call CEX 3,CEX,1100496.513,5953.184326111659,9280.22584624456
2026-08-25 07:07:13,7000.0,7013.0,Call DEX 1,DEX,788.626,5953.184326111659,9280.22584624456
2026-08-25 07:07:13,7000.0,7013.0,Put GEX 1,GEX,-715141.864,5953.184326111659,9280.22584624456
2026-08-25 07:07:13,7000.0,7013.0,Call VEX 1,VEX,6466375.692,5953.184326111659,9280.22584624456
2026-08-25 07:07:13,7160.0,7173.25,Put DEX 5,DEX,-23.349,5953.184326111659,9280.22584624456
2026-08-25 07:07:13,7200.0,7213.5,Put GEX 5,GEX,-205907.253,5953.184326111659,9280.22584624456
2026-08-25 07:07:13,7300.0,7313.5,Call DEX 2,DEX,255.245,5953.184326111659,9280.22584624456
2026-08-25 07:07:13,7300.0,7313.5,Call VEX 5,VEX,1870490.521,5953.184326111659,9280.22584624456
2026-08-25 07:07:13,7400.0,7413.75,Call CEX 5,CEX,901777.551,5953.184326111659,9280.22584624456
2026-08-25 07:07:13,7400.0,7413.75,Call DEX 4,DEX,215.924,5953.184326111659,9280.22584624456
2026-08-25 07:07:13,7400.0,7413.75,Put GEX 3,GEX,-294678.94,5953.184326111659,9280.22584624456
2026-08-25 07:07:13,7400.0,7413.75,Call VEX 3,VEX,2366769.478,5953.184326111659,9280.22584624456
2026-08-25 07:07:13,7450.0,7463.75,Call DEX 3,DEX,235.475,5953.184326111659,9280.22584624456
2026-08-25 07:07:13,7450.0,7463.75,Call VEX 4,VEX,1937744.072,5953.184326111659,9280.22584624456
2026-08-25 07:07:13,7500.0,7514.0,Call CEX 4,CEX,1080878.155,5953.184326111659,9280.22584624456
2026-08-25 07:07:13,7500.0,7514.0,Call DEX 5,DEX,214.845,5953.184326111659,9280.22584624456
2026-08-25 07:07:13,7500.0,7514.0,Put GEX 2,GEX,-448802.478,5953.184326111659,9280.22584624456
2026-08-25 07:07:13,7500.0,7514.0,Call VEX 2,VEX,3085951.404,5953.184326111659,9280.22584624456
2026-08-25 07:07:13,7550.0,7564.0,Put GEX 4,GEX,-218129.918,5953.184326111659,9280.22584624456
2026-08-25 07:07:13,7600.0,7614.25,Call CEX 2,CEX,1261589.162,5953.184326111659,9280.22584624456
2026-08-25 07:07:13,7650.0,7664.25,Call CEX 1,CEX,1416613.716,5953.184326111659,9280.22584624456
2026-08-25 07:07:13,7690.0,7704.25,Put CEX 3,CEX,-1660622.517,5953.184326111659,9280.22584624456
2026-08-25 07:07:13,7690.0,7704.25,Call GEX 5,GEX,265248.661,5953.184326111659,9280.22584624456
2026-08-25 07:07:13,7700.0,7714.25,Put CEX 2,CEX,-2070835.292,5953.184326111659,9280.22584624456
2026-08-25 07:07:13,7700.0,7714.25,Put DEX 2,DEX,-72.338,5953.184326111659,9280.22584624456
2026-08-25 07:07:13,7725.0,7739.25,Put CEX 5,CEX,-1229824.223,5953.184326111659,9280.22584624456
2026-08-25 07:07:13,7750.0,7764.5,Put CEX 4,CEX,-1235388.742,5953.184326111659,9280.22584624456
2026-08-25 07:07:13,7750.0,7764.5,Call GEX 3,GEX,367571.454,5953.184326111659,9280.22584624456
2026-08-25 07:07:13,7750.0,7764.5,Put VEX 5,VEX,-683629.037,5953.184326111659,9280.22584624456
2026-08-25 07:07:13,7780.0,7794.5,Put DEX 4,DEX,-23.763,5953.184326111659,9280.22584624456
2026-08-25 07:07:13,7800.0,7814.5,Call GEX 2,GEX,501841.862,5953.184326111659,9280.22584624456
2026-08-25 07:07:13,7800.0,7814.5,Put VEX 3,VEX,-1211936.827,5953.184326111659,9280.22584624456
2026-08-25 07:07:13,7850.0,7864.5,Call GEX 4,GEX,304357.151,5953.184326111659,9280.22584624456
2026-08-25 07:07:13,7900.0,7914.75,Call GEX 1,GEX,580777.517,5953.184326111659,9280.22584624456
2026-08-25 07:07:13,7900.0,7914.75,Put VEX 2,VEX,-1227962.923,5953.184326111659,9280.22584624456
2026-08-25 07:07:13,8000.0,8014.75,Put CEX 1,CEX,-3140857.309,5953.184326111659,9280.22584624456
2026-08-25 07:07:13,8000.0,8014.75,Put DEX 1,DEX,-2097.414,5953.184326111659,9280.22584624456
2026-08-25 07:07:13,8000.0,8014.75,Put VEX 1,VEX,-11647883.794,5953.184326111659,9280.22584624456
2026-08-25 07:07:13,8200.0,8215.25,Put VEX 4,VEX,-725590.675,5953.184326111659,9280.22584624456
2026-08-25 07:08:00,6800.0,6813.5,Put DEX 3,DEX,-27.109,6301.769945269421,9277.85001885113
2026-08-25 07:08:00,7000.0,7014.0,Call CEX 3,CEX,1107126.928,6301.769945269421,9277.85001885113
2026-08-25 07:08:00,7000.0,7014.0,Call DEX 1,DEX,785.793,6301.769945269421,9277.85001885113
2026-08-25 07:08:00,7000.0,7014.0,Put GEX 1,GEX,-708104.621,6301.769945269421,9277.85001885113
2026-08-25 07:08:00,7000.0,7014.0,Call VEX 1,VEX,6534640.676,6301.769945269421,9277.85001885113
2026-08-25 07:08:00,7160.0,7174.25,Put DEX 5,DEX,-23.324,6301.769945269421,9277.85001885113
2026-08-25 07:08:00,7200.0,7214.5,Put GEX 5,GEX,-198518.841,6301.769945269421,9277.85001885113
2026-08-25 07:08:00,7300.0,7314.5,Call DEX 2,DEX,255.431,6301.769945269421,9277.85001885113
2026-08-25 07:08:00,7300.0,7314.5,Call VEX 5,VEX,1878899.046,6301.769945269421,9277.85001885113
2026-08-25 07:08:00,7400.0,7414.75,Call CEX 5,CEX,911351.863,6301.769945269421,9277.85001885113
2026-08-25 07:08:00,7400.0,7414.75,Call DEX 5,DEX,214.453,6301.769945269421,9277.85001885113
2026-08-25 07:08:00,7400.0,7414.75,Put GEX 3,GEX,-295932.805,6301.769945269421,9277.85001885113
2026-08-25 07:08:00,7400.0,7414.75,Call VEX 3,VEX,2371731.652,6301.769945269421,9277.85001885113
2026-08-25 07:08:00,7450.0,7465.0,Call DEX 3,DEX,246.423,6301.769945269421,9277.85001885113
2026-08-25 07:08:00,7450.0,7465.0,Call VEX 4,VEX,1946979.954,6301.769945269421,9277.85001885113
2026-08-25 07:08:00,7500.0,7515.0,Call CEX 4,CEX,1090435.607,6301.769945269421,9277.85001885113
2026-08-25 07:08:00,7500.0,7515.0,Call DEX 4,DEX,215.903,6301.769945269421,9277.85001885113
2026-08-25 07:08:00,7500.0,7515.0,Put GEX 2,GEX,-448037.055,6301.769945269421,9277.85001885113
2026-08-25 07:08:00,7500.0,7515.0,Call VEX 2,VEX,3081579.755,6301.769945269421,9277.85001885113
2026-08-25 07:08:00,7550.0,7565.0,Put GEX 4,GEX,-219731.389,6301.769945269421,9277.85001885113
2026-08-25 07:08:00,7600.0,7615.25,Call CEX 2,CEX,1317988.585,6301.769945269421,9277.85001885113
2026-08-25 07:08:00,7650.0,7665.25,Call CEX 1,CEX,1365163.478,6301.769945269421,9277.85001885113
2026-08-25 07:08:00,7690.0,7705.25,Put CEX 3,CEX,-1696437.544,6301.769945269421,9277.85001885113
2026-08-25 07:08:00,7690.0,7705.25,Call GEX 5,GEX,245210.292,6301.769945269421,9277.85001885113
2026-08-25 07:08:00,7700.0,7715.5,Put CEX 2,CEX,-2059481.699,6301.769945269421,9277.85001885113
2026-08-25 07:08:00,7700.0,7715.5,Put DEX 2,DEX,-76.405,6301.769945269421,9277.85001885113
2026-08-25 07:08:00,7725.0,7740.5,Put CEX 4,CEX,-1196890.841,6301.769945269421,9277.85001885113
2026-08-25 07:08:00,7750.0,7765.5,Put CEX 5,CEX,-1184690.503,6301.769945269421,9277.85001885113
2026-08-25 07:08:00,7750.0,7765.5,Call GEX 3,GEX,368355.539,6301.769945269421,9277.85001885113
2026-08-25 07:08:00,7750.0,7765.5,Put VEX 5,VEX,-691747.067,6301.769945269421,9277.85001885113
2026-08-25 07:08:00,7780.0,7795.5,Put DEX 4,DEX,-24.395,6301.769945269421,9277.85001885113
2026-08-25 07:08:00,7800.0,7815.5,Call GEX 2,GEX,499016.565,6301.769945269421,9277.85001885113
2026-08-25 07:08:00,7800.0,7815.5,Put VEX 3,VEX,-1220638.065,6301.769945269421,9277.85001885113
2026-08-25 07:08:00,7850.0,7865.75,Call GEX 4,GEX,303036.211,6301.769945269421,9277.85001885113
2026-08-25 07:08:00,7900.0,7915.75,Call GEX 1,GEX,576262.068,6301.769945269421,9277.85001885113
2026-08-25 07:08:00,7900.0,7915.75,Put VEX 2,VEX,-1226936.126,6301.769945269421,9277.85001885113
2026-08-25 07:08:00,8000.0,8016.0,Put CEX 1,CEX,-3126157.814,6301.769945269421,9277.85001885113
2026-08-25 07:08:00,8000.0,8016.0,Put DEX 1,DEX,-2103.303,6301.769945269421,9277.85001885113
2026-08-25 07:08:00,8000.0,8016.0,Put VEX 1,VEX,-11636103.376,6301.769945269421,9277.85001885113
2026-08-25 07:08:00,8200.0,8216.5,Put VEX 4,VEX,-724092.042,6301.769945269421,9277.85001885113
2026-08-25 07:08:47,6800.0,6813.75,Put DEX 3,DEX,-27.093,6105.512913245082,9278.906278805756
2026-08-25 07:08:47,7000.0,7014.0,Call CEX 3,CEX,1094969.615,6105.512913245082,9278.906278805756
2026-08-25 07:08:47,7000.0,7014.0,Call DEX 1,DEX,790.13,6105.512913245082,9278.906278805756
2026-08-25 07:08:47,7000.0,7014.0,Put GEX 1,GEX,-724427.089,6105.512913245082,9278.906278805756
2026-08-25 07:08:47,7000.0,7014.0,Call VEX 1,VEX,6403855.344,6105.512913245082,9278.906278805756
2026-08-25 07:08:47,7160.0,7174.25,Put DEX 5,DEX,-23.371,6105.512913245082,9278.906278805756
2026-08-25 07:08:47,7200.0,7214.5,Put GEX 5,GEX,-201080.226,6105.512913245082,9278.906278805756
2026-08-25 07:08:47,7300.0,7314.75,Call DEX 2,DEX,255.816,6105.512913245082,9278.906278805756
2026-08-25 07:08:47,7300.0,7314.75,Call VEX 5,VEX,1878237.401,6105.512913245082,9278.906278805756
2026-08-25 07:08:47,7400.0,7414.75,Call CEX 5,CEX,907737.979,6105.512913245082,9278.906278805756
2026-08-25 07:08:47,7400.0,7414.75,Call DEX 5,DEX,215.405,6105.512913245082,9278.906278805756
2026-08-25 07:08:47,7400.0,7414.75,Put GEX 3,GEX,-294429.16,6105.512913245082,9278.906278805756
2026-08-25 07:08:47,7400.0,7414.75,Call VEX 3,VEX,2369915.239,6105.512913245082,9278.906278805756
2026-08-25 07:08:47,7450.0,7465.0,Call DEX 3,DEX,247.463,6105.512913245082,9278.906278805756
2026-08-25 07:08:47,7450.0,7465.0,Call VEX 4,VEX,1947616.685,6105.512913245082,9278.906278805756
2026-08-25 07:08:47,7500.0,7515.0,Call CEX 4,CEX,1090967.756,6105.512913245082,9278.906278805756
2026-08-25 07:08:47,7500.0,7515.0,Call DEX 4,DEX,217.265,6105.512913245082,9278.906278805756
2026-08-25 07:08:47,7500.0,7515.0,Put GEX 2,GEX,-447022.793,6105.512913245082,9278.906278805756
2026-08-25 07:08:47,7500.0,7515.0,Call VEX 2,VEX,3086447.749,6105.512913245082,9278.906278805756
2026-08-25 07:08:47,7550.0,7565.25,Put GEX 4,GEX,-218274.628,6105.512913245082,9278.906278805756
2026-08-25 07:08:47,7600.0,7615.25,Call CEX 2,CEX,1264731.322,6105.512913245082,9278.906278805756
2026-08-25 07:08:47,7650.0,7665.25,Call CEX 1,CEX,1400056.832,6105.512913245082,9278.906278805756
2026-08-25 07:08:47,7690.0,7705.5,Put CEX 3,CEX,-1687728.792,6105.512913245082,9278.906278805756
2026-08-25 07:08:47,7690.0,7705.5,Call GEX 5,GEX,254570.772,6105.512913245082,9278.906278805756
2026-08-25 07:08:47,7700.0,7715.5,Put CEX 2,CEX,-2071090.106,6105.512913245082,9278.906278805756
2026-08-25 07:08:47,7700.0,7715.5,Put DEX 2,DEX,-74.455,6105.512913245082,9278.906278805756
2026-08-25 07:08:47,7725.0,7740.5,Put CEX 4,CEX,-1201257.848,6105.512913245082,9278.906278805756
2026-08-25 07:08:47,7750.0,7765.5,Put CEX 5,CEX,-1180690.003,6105.512913245082,9278.906278805756
2026-08-25 07:08:47,7750.0,7765.5,Call GEX 3,GEX,371426.19,6105.512913245082,9278.906278805756
2026-08-25 07:08:47,7750.0,7765.5,Put VEX 5,VEX,-685096.715,6105.512913245082,9278.906278805756
2026-08-25 07:08:47,7780.0,7795.5,Put DEX 4,DEX,-24.098,6105.512913245082,9278.906278805756
2026-08-25 07:08:47,7800.0,7815.75,Call GEX 2,GEX,501972.598,6105.512913245082,9278.906278805756
2026-08-25 07:08:47,7800.0,7815.75,Put VEX 3,VEX,-1215371.171,6105.512913245082,9278.906278805756
2026-08-25 07:08:47,7850.0,7865.75,Call GEX 4,GEX,304340.942,6105.512913245082,9278.906278805756
2026-08-25 07:08:47,7900.0,7915.75,Call GEX 1,GEX,578508.918,6105.512913245082,9278.906278805756
2026-08-25 07:08:47,7900.0,7915.75,Put VEX 2,VEX,-1226912.649,6105.512913245082,9278.906278805756
2026-08-25 07:08:47,8000.0,8016.0,Put CEX 1,CEX,-3130497.685,6105.512913245082,9278.906278805756
2026-08-25 07:08:47,8000.0,8016.0,Put DEX 1,DEX,-2100.133,6105.512913245082,9278.906278805756
2026-08-25 07:08:47,8000.0,8016.0,Put VEX 1,VEX,-11640856.295,6105.512913245082,9278.906278805756
2026-08-25 07:08:47,8200.0,8216.5,Put VEX 4,VEX,-724904.946,6105.512913245082,9278.906278805756
2026-08-25 07:09:34,6800.0,6812.75,Put DEX 3,DEX,-27.048,5984.137836051232,9276.745755066408
2026-08-25 07:09:34,7000.0,7013.25,Call CEX 3,CEX,1095250.828,5984.137836051232,9276.745755066408
2026-08-25 07:09:34,7000.0,7013.25,Call DEX 1,DEX,790.035,5984.137836051232,9276.745755066408
2026-08-25 07:09:34,7000.0,7013.25,Put GEX 1,GEX,-722670.241,5984.137836051232,9276.745755066408
2026-08-25 07:09:34,7000.0,7013.25,Call VEX 1,VEX,6412432.591,5984.137836051232,9276.745755066408
2026-08-25 07:09:34,7160.0,7173.5,Put DEX 5,DEX,-23.377,5984.137836051232,9276.745755066408
2026-08-25 07:09:34,7200.0,7213.5,Put GEX 5,GEX,-206834.724,5984.137836051232,9276.745755066408
2026-08-25 07:09:34,7300.0,7313.75,Call DEX 2,DEX,255.529,5984.137836051232,9276.745755066408
2026-08-25 07:09:34,7300.0,7313.75,Call VEX 5,VEX,1865407.891,5984.137836051232,9276.745755066408
2026-08-25 07:09:34,7400.0,7414.0,Call CEX 5,CEX,862521.092,5984.137836051232,9276.745755066408
2026-08-25 07:09:34,7400.0,7414.0,Call DEX 5,DEX,212.478,5984.137836051232,9276.745755066408
2026-08-25 07:09:34,7400.0,7414.0,Put GEX 3,GEX,-295376.3,5984.137836051232,9276.745755066408
2026-08-25 07:09:34,7400.0,7414.0,Call VEX 3,VEX,2363064.249,5984.137836051232,9276.745755066408
2026-08-25 07:09:34,7450.0,7464.0,Call DEX 3,DEX,235.55,5984.137836051232,9276.745755066408
2026-08-25 07:09:34,7450.0,7464.0,Call VEX 4,VEX,1936252.607,5984.137836051232,9276.745755066408
2026-08-25 07:09:34,7500.0,7514.0,Call CEX 4,CEX,1082479.661,5984.137836051232,9276.745755066408
2026-08-25 07:09:34,7500.0,7514.0,Call DEX 4,DEX,214.836,5984.137836051232,9276.745755066408
2026-08-25 07:09:34,7500.0,7514.0,Put GEX 2,GEX,-448805.85,5984.137836051232,9276.745755066408
2026-08-25 07:09:34,7500.0,7514.0,Call VEX 2,VEX,3084613.051,5984.137836051232,9276.745755066408
2026-08-25 07:09:34,7550.0,7564.25,Put GEX 4,GEX,-217757.198,5984.137836051232,9276.745755066408
2026-08-25 07:09:34,7600.0,7614.25,Call CEX 2,CEX,1265706.051,5984.137836051232,9276.745755066408
2026-08-25 07:09:34,7650.0,7664.25,Call CEX 1,CEX,1420285.903,5984.137836051232,9276.745755066408
2026-08-25 07:09:34,7690.0,7704.5,Put CEX 3,CEX,-1684904.085,5984.137836051232,9276.745755066408
2026-08-25 07:09:34,7690.0,7704.5,Call GEX 5,GEX,264137.721,5984.137836051232,9276.745755066408
2026-08-25 07:09:34,7700.0,7714.5,Put CEX 2,CEX,-2069614.934,5984.137836051232,9276.745755066408
2026-08-25 07:09:34,7700.0,7714.5,Put DEX 2,DEX,-73.555,5984.137836051232,9276.745755066408
2026-08-25 07:09:34,7725.0,7739.5,Put CEX 5,CEX,-1236399.476,5984.137836051232,9276.745755066408
2026-08-25 07:09:34,7750.0,7764.5,Put CEX 4,CEX,-1237409.973,5984.137836051232,9276.745755066408
2026-08-25 07:09:34,7750.0,7764.5,Call GEX 3,GEX,369096.758,5984.137836051232,9276.745755066408
2026-08-25 07:09:34,7750.0,7764.5,Put VEX 5,VEX,-687798.892,5984.137836051232,9276.745755066408
2026-08-25 07:09:34,7780.0,7794.5,Put DEX 4,DEX,-24.014,5984.137836051232,9276.745755066408
2026-08-25 07:09:34,7800.0,7814.75,Call GEX 2,GEX,502419.911,5984.137836051232,9276.745755066408
2026-08-25 07:09:34,7800.0,7814.75,Put VEX 3,VEX,-1215384.488,5984.137836051232,9276.745755066408
2026-08-25 07:09:34,7850.0,7864.75,Call GEX 4,GEX,303686.709,5984.137836051232,9276.745755066408
2026-08-25 07:09:34,7900.0,7914.75,Call GEX 1,GEX,578894.407,5984.137836051232,9276.745755066408
2026-08-25 07:09:34,7900.0,7914.75,Put VEX 2,VEX,-1226170.992,5984.137836051232,9276.745755066408
2026-08-25 07:09:34,8000.0,8015.0,Put CEX 1,CEX,-3136930.582,5984.137836051232,9276.745755066408
2026-08-25 07:09:34,8000.0,8015.0,Put DEX 1,DEX,-2096.935,5984.137836051232,9276.745755066408
2026-08-25 07:09:34,8000.0,8015.0,Put VEX 1,VEX,-11633404.634,5984.137836051232,9276.745755066408
2026-08-25 07:09:34,8200.0,8215.5,Put VEX 4,VEX,-724823.086,5984.137836051232,9276.745755066408
2026-08-25 07:10:22,6800.0,6813.0,Put DEX 3,DEX,-26.984,,9274.314607287844
2026-08-25 07:10:22,7000.0,7013.25,Call CEX 3,CEX,1102745.079,,9274.314607287844
2026-08-25 07:10:22,7000.0,7013.25,Call DEX 1,DEX,788.092,,9274.314607287844
2026-08-25 07:10:22,7000.0,7013.25,Put GEX 1,GEX,-709906.387,,9274.314607287844
2026-08-25 07:10:22,7000.0,7013.25,Call VEX 1,VEX,6496233.844,,9274.314607287844
2026-08-25 07:10:22,7160.0,7173.75,Put DEX 5,DEX,-23.311,,9274.314607287844
2026-08-25 07:10:22,7200.0,7213.75,Put GEX 5,GEX,-206519.255,,9274.314607287844
2026-08-25 07:10:22,7300.0,7314.0,Call DEX 2,DEX,256.242,,9274.314607287844
2026-08-25 07:10:22,7300.0,7314.0,Call VEX 5,VEX,1863124.789,,9274.314607287844
2026-08-25 07:10:22,7400.0,7414.0,Call CEX 5,CEX,898645.208,,9274.314607287844
2026-08-25 07:10:22,7400.0,7414.0,Call DEX 5,DEX,213.337,,9274.314607287844
2026-08-25 07:10:22,7400.0,7414.0,Put GEX 3,GEX,-295371.993,,9274.314607287844
2026-08-25 07:10:22,7400.0,7414.0,Call VEX 3,VEX,2361440.306,,9274.314607287844
2026-08-25 07:10:22,7450.0,7464.25,Call DEX 3,DEX,237.27,,9274.314607287844
2026-08-25 07:10:22,7450.0,7464.25,Call VEX 4,VEX,1936266.943,,9274.314607287844
2026-08-25 07:10:22,7500.0,7514.25,Call CEX 4,CEX,1082174.281,,9274.314607287844
2026-08-25 07:10:22,7500.0,7514.25,Call DEX 4,DEX,217.699,,9274.314607287844
2026-08-25 07:10:22,7500.0,7514.25,Put GEX 2,GEX,-446952.355,,9274.314607287844
2026-08-25 07:10:22,7500.0,7514.25,Call VEX 2,VEX,3092773.671,,9274.314607287844
2026-08-25 07:10:22,7550.0,7564.5,Put GEX 4,GEX,-215995.886,,9274.314607287844
2026-08-25 07:10:22,7600.0,7614.5,Call CEX 2,CEX,1233680.13,,9274.314607287844
2026-08-25 07:10:22,7650.0,7664.5,Call CEX 1,CEX,1456270.957,,9274.314607287844
2026-08-25 07:10:22,7690.0,7704.75,Put CEX 3,CEX,-1667509.622,,9274.314607287844
2026-08-25 07:10:22,7690.0,7704.75,Call GEX 5,GEX,275844.025,,9274.314607287844
2026-08-25 07:10:22,7700.0,7714.75,Put CEX 2,CEX,-2071304.091,,9274.314607287844
2026-08-25 07:10:22,7700.0,7714.75,Put DEX 2,DEX,-70.745,,9274.314607287844
2026-08-25 07:10:22,7725.0,7739.75,Put CEX 5,CEX,-1235970.036,,9274.314607287844
2026-08-25 07:10:22,7750.0,7764.75,Put CEX 4,CEX,-1239075.251,,9274.314607287844
2026-08-25 07:10:22,7750.0,7764.75,Call GEX 3,GEX,369774.234,,9274.314607287844
2026-08-25 07:10:22,7750.0,7764.75,Put VEX 5,VEX,-678782.33,,9274.314607287844
2026-08-25 07:10:22,7780.0,7794.75,Put DEX 4,DEX,-23.539,,9274.314607287844
2026-08-25 07:10:22,7800.0,7814.75,Call GEX 2,GEX,504365.683,,9274.314607287844
2026-08-25 07:10:22,7800.0,7814.75,Put VEX 3,VEX,-1207840.181,,9274.314607287844
2026-08-25 07:10:22,7850.0,7865.0,Call GEX 4,GEX,305321.024,,9274.314607287844
2026-08-25 07:10:22,7900.0,7915.0,Call GEX 1,GEX,582196.259,,9274.314607287844
2026-08-25 07:10:22,7900.0,7915.0,Put VEX 2,VEX,-1227296.918,,9274.314607287844
2026-08-25 07:10:22,8000.0,8015.25,Put CEX 1,CEX,-3142636.86,,9274.314607287844
2026-08-25 07:10:22,8000.0,8015.25,Put DEX 1,DEX,-2093.566,,9274.314607287844
2026-08-25 07:10:22,8000.0,8015.25,Put VEX 1,VEX,-11639092.655,,9274.314607287844
2026-08-25 07:10:22,8200.0,8215.5,Put VEX 4,VEX,-725730.774,,9274.314607287844
2026-08-25 07:11:10,6800.0,6812.5,Put DEX 4,DEX,-26.871,,9275.48136198596
2026-08-25 07:11:10,7000.0,7013.0,Call CEX 4,CEX,1060119.686,,9275.48136198596
2026-08-25 07:11:10,7000.0,7013.0,Put DEX 2,DEX,-112.74,,9275.48136198596
2026-08-25 07:11:10,7000.0,7013.0,Put GEX 1,GEX,-764972.456,,9275.48136198596
2026-08-25 07:11:10,7000.0,7013.0,Call VEX 1,VEX,6050297.079,,9275.48136198596
2026-08-25 07:11:10,7160.0,7173.25,Put DEX 5,DEX,-23.268,,9275.48136198596
2026-08-25 07:11:10,7200.0,7213.25,Put GEX 5,GEX,-207001.493,,9275.48136198596
2026-08-25 07:11:10,7300.0,7313.5,Call DEX 1,DEX,258.644,,9275.48136198596
2026-08-25 07:11:10,7300.0,7313.5,Call VEX 5,VEX,1837739.82,,9275.48136198596
2026-08-25 07:11:10,7400.0,7413.75,Call CEX 5,CEX,895714.626,,9275.48136198596
2026-08-25 07:11:10,7400.0,7413.75,Call DEX 4,DEX,218.959,,9275.48136198596
2026-08-25 07:11:10,7400.0,7413.75,Put GEX 3,GEX,-294345.953,,9275.48136198596
2026-08-25 07:11:10,7400.0,7413.75,Call VEX 3,VEX,2358992.915,,9275.48136198596
2026-08-25 07:11:10,7450.0,7463.75,Call DEX 2,DEX,234.057,,9275.48136198596
2026-08-25 07:11:10,7450.0,7463.75,Call VEX 4,VEX,1935223.156,,9275.48136198596
2026-08-25 07:11:10,7500.0,7514.0,Call CEX 3,CEX,1083279.174,,9275.48136198596
2026-08-25 07:11:10,7500.0,7514.0,Call DEX 3,DEX,220.172,,9275.48136198596
2026-08-25 07:11:10,7500.0,7514.0,Put GEX 2,GEX,-444490.747,,9275.48136198596
2026-08-25 07:11:10,7500.0,7514.0,Call VEX 2,VEX,3100163.216,,9275.48136198596
2026-08-25 07:11:10,7550.0,7564.0,Put GEX 4,GEX,-213583.118,,9275.48136198596
2026-08-25 07:11:10,7600.0,7614.0,Call CEX 2,CEX,1235936.012,,9275.48136198596
2026-08-25 07:11:10,7600.0,7614.0,Call DEX 5,DEX,204.675,,9275.48136198596
2026-08-25 07:11:10,7650.0,7664.25,Call CEX 1,CEX,1485589.537,,9275.48136198596
2026-08-25 07:11:10,7690.0,7704.25,Put CEX 3,CEX,-1632376.312,,9275.48136198596
2026-08-25 07:11:10,7690.0,7704.25,Call GEX 5,GEX,295277.688,,9275.48136198596
2026-08-25 07:11:10,7700.0,7714.25,Put CEX 2,CEX,-2072886.079,,9275.48136198596
2026-08-25 07:11:10,7700.0,7714.25,Put DEX 3,DEX,-67.187,,9275.48136198596
2026-08-25 07:11:10,7725.0,7739.25,Put CEX 5,CEX,-1249390.542,,9275.48136198596
2026-08-25 07:11:10,7750.0,7764.25,Put CEX 4,CEX,-1258704.391,,9275.48136198596
2026-08-25 07:11:10,7750.0,7764.25,Call GEX 3,GEX,374533.873,,9275.48136198596
2026-08-25 07:11:10,7750.0,7764.25,Put VEX 5,VEX,-669637.754,,9275.48136198596
2026-08-25 07:11:10,7800.0,7814.5,Call GEX 2,GEX,511748.357,,9275.48136198596
2026-08-25 07:11:10,7800.0,7814.5,Put VEX 3,VEX,-1200129.405,,9275.48136198596
2026-08-25 07:11:10,7850.0,7864.5,Call GEX 4,GEX,307607.526,,9275.48136198596
2026-08-25 07:11:10,7900.0,7914.5,Call GEX 1,GEX,586666.041,,9275.48136198596
2026-08-25 07:11:10,7900.0,7914.5,Put VEX 2,VEX,-1228253.911,,9275.48136198596
2026-08-25 07:11:10,8000.0,8014.75,Put CEX 1,CEX,-3148959.963,,9275.48136198596
2026-08-25 07:11:10,8000.0,8014.75,Put DEX 1,DEX,-2084.908,,9275.48136198596
2026-08-25 07:11:10,8000.0,8014.75,Put VEX 1,VEX,-11647925.462,,9275.48136198596
2026-08-25 07:11:10,8200.0,8215.25,Put VEX 4,VEX,-727721.791,,9275.48136198596
2026-08-25 07:11:56,6800.0,6812.0,Put DEX 4,DEX,-27.024,,9275.841363764714
2026-08-25 07:11:56,7000.0,7012.25,Call CEX 4,CEX,1061593.499,,9275.841363764714
2026-08-25 07:11:56,7000.0,7012.25,Put DEX 2,DEX,-120.503,,9275.841363764714
2026-08-25 07:11:56,7000.0,7012.25,Put GEX 1,GEX,-767668.375,,9275.841363764714
2026-08-25 07:11:56,7000.0,7012.25,Call VEX 1,VEX,6050052.372,,9275.841363764714
2026-08-25 07:11:56,7160.0,7172.5,Put DEX 5,DEX,-23.323,,9275.841363764714
2026-08-25 07:11:56,7200.0,7212.75,Put GEX 5,GEX,-207338.715,,9275.841363764714
2026-08-25 07:11:56,7300.0,7312.75,Call DEX 1,DEX,258.273,,9275.841363764714
2026-08-25 07:11:56,7300.0,7312.75,Call VEX 5,VEX,1843584.592,,9275.841363764714
2026-08-25 07:11:56,7400.0,7413.0,Call CEX 5,CEX,901378.297,,9275.841363764714
2026-08-25 07:11:56,7400.0,7413.0,Call DEX 4,DEX,215.055,,9275.841363764714
2026-08-25 07:11:56,7400.0,7413.0,Put GEX 3,GEX,-295969.521,,9275.841363764714
2026-08-25 07:11:56,7400.0,7413.0,Call VEX 3,VEX,2361897.427,,9275.841363764714
2026-08-25 07:11:56,7450.0,7463.0,Call DEX 2,DEX,233.494,,9275.841363764714
2026-08-25 07:11:56,7450.0,7463.0,Call VEX 4,VEX,1930530.116,,9275.841363764714
2026-08-25 07:11:56,7500.0,7513.25,Call CEX 3,CEX,1080689.757,,9275.841363764714
2026-08-25 07:11:56,7500.0,7513.25,Call DEX 3,DEX,219.473,,9275.841363764714
2026-08-25 07:11:56,7500.0,7513.25,Put GEX 2,GEX,-445068.541,,9275.841363764714
2026-08-25 07:11:56,7500.0,7513.25,Call VEX 2,VEX,3095363.536,,9275.841363764714
2026-08-25 07:11:56,7550.0,7563.25,Put GEX 4,GEX,-211625.472,,9275.841363764714
2026-08-25 07:11:56,7600.0,7613.25,Call CEX 2,CEX,1235272.887,,9275.841363764714
2026-08-25 07:11:56,7600.0,7613.25,Call DEX 5,DEX,203.799,,9275.841363764714
2026-08-25 07:11:56,7650.0,7663.5,Call CEX 1,CEX,1473698.315,,9275.841363764714
2026-08-25 07:11:56,7690.0,7703.5,Put CEX 3,CEX,-1656563.803,,9275.841363764714
2026-08-25 07:11:56,7690.0,7703.5,Call GEX 5,GEX,290191.093,,9275.841363764714
2026-08-25 07:11:56,7700.0,7713.5,Put CEX 2,CEX,-2074040.785,,9275.841363764714
2026-08-25 07:11:56,7700.0,7713.5,Put DEX 3,DEX,-68.714,,9275.841363764714
2026-08-25 07:11:56,7725.0,7738.5,Put CEX 5,CEX,-1253640.374,,9275.841363764714
2026-08-25 07:11:56,7750.0,7763.75,Put CEX 4,CEX,-1268689.333,,9275.841363764714
2026-08-25 07:11:56,7750.0,7763.75,Call GEX 3,GEX,375214.679,,9275.841363764714
2026-08-25 07:11:56,7750.0,7763.75,Put VEX 5,VEX,-675550.028,,9275.841363764714
2026-08-25 07:11:56,7800.0,7813.75,Call GEX 2,GEX,510821.514,,9275.841363764714
2026-08-25 07:11:56,7800.0,7813.75,Put VEX 3,VEX,-1204937.542,,9275.841363764714
2026-08-25 07:11:56,7850.0,7863.75,Call GEX 4,GEX,306948.431,,9275.841363764714
2026-08-25 07:11:56,7900.0,7914.0,Call GEX 1,GEX,585127.38,,9275.841363764714
2026-08-25 07:11:56,7900.0,7914.0,Put VEX 2,VEX,-1227674.905,,9275.841363764714
2026-08-25 07:11:56,8000.0,8014.0,Put CEX 1,CEX,-3148828.717,,9275.841363764714
2026-08-25 07:11:56,8000.0,8014.0,Put DEX 1,DEX,-2084.394,,9275.841363764714
2026-08-25 07:11:56,8000.0,8014.0,Put VEX 1,VEX,-11638782.726,,9275.841363764714
2026-08-25 07:11:56,8200.0,8214.5,Put VEX 4,VEX,-726059.219,,9275.841363764714
2026-08-25 07:12:43,6800.0,6812.25,Put DEX 4,DEX,-27.003,,9272.89884335718
2026-08-25 07:12:43,7000.0,7012.5,Call CEX 4,CEX,1061800.965,,9272.89884335718
2026-08-25 07:12:43,7000.0,7012.5,Put DEX 2,DEX,-113.183,,9272.89884335718
2026-08-25 07:12:43,7000.0,7012.5,Put GEX 1,GEX,-767086.585,,9272.89884335718
2026-08-25 07:12:43,7000.0,7012.5,Call VEX 1,VEX,6053669.077,,9272.89884335718
2026-08-25 07:12:43,7160.0,7172.75,Put DEX 5,DEX,-23.297,,9272.89884335718
2026-08-25 07:12:43,7200.0,7213.0,Put GEX 5,GEX,-207266.407,,9272.89884335718
2026-08-25 07:12:43,7300.0,7313.0,Call DEX 1,DEX,257.754,,9272.89884335718
2026-08-25 07:12:43,7300.0,7313.0,Call VEX 5,VEX,1847734.775,,9272.89884335718
2026-08-25 07:12:43,7400.0,7413.25,Call CEX 5,CEX,901284.696,,9272.89884335718
2026-08-25 07:12:43,7400.0,7413.25,Call DEX 4,DEX,214.738,,9272.89884335718
2026-08-25 07:12:43,7400.0,7413.25,Put GEX 3,GEX,-296572.128,,9272.89884335718
2026-08-25 07:12:43,7400.0,7413.25,Call VEX 3,VEX,2360454.849,,9272.89884335718
2026-08-25 07:12:43,7450.0,7463.25,Call DEX 2,DEX,234.107,,9272.89884335718
2026-08-25 07:12:43,7450.0,7463.25,Call VEX 4,VEX,1931484.384,,9272.89884335718
2026-08-25 07:12:43,7500.0,7513.5,Call CEX 3,CEX,1083028.023,,9272.89884335718
2026-08-25 07:12:43,7500.0,7513.5,Call DEX 3,DEX,220.168,,9272.89884335718
2026-08-25 07:12:43,7500.0,7513.5,Put GEX 2,GEX,-445362.105,,9272.89884335718
2026-08-25 07:12:43,7500.0,7513.5,Call VEX 2,VEX,3097679.113,,9272.89884335718
2026-08-25 07:12:43,7550.0,7563.5,Put GEX 4,GEX,-211394.973,,9272.89884335718
2026-08-25 07:12:43,7600.0,7613.5,Call CEX 2,CEX,1236333.82,,9272.89884335718
2026-08-25 07:12:43,7600.0,7613.5,Call DEX 5,DEX,203.653,,9272.89884335718
2026-08-25 07:12:43,7650.0,7663.75,Call CEX 1,CEX,1476374.212,,9272.89884335718
2026-08-25 07:12:43,7690.0,7703.75,Put CEX 3,CEX,-1661741.964,,9272.89884335718
2026-08-25 07:12:43,7690.0,7703.75,Call GEX 5,GEX,290496.474,,9272.89884335718
2026-08-25 07:12:43,7700.0,7713.75,Put CEX 2,CEX,-2070887.055,,9272.89884335718
2026-08-25 07:12:43,7700.0,7713.75,Put DEX 3,DEX,-68.809,,9272.89884335718
2026-08-25 07:12:43,7725.0,7738.75,Put CEX 5,CEX,-1254301.276,,9272.89884335718
2026-08-25 07:12:43,7750.0,7764.0,Put CEX 4,CEX,-1267086.038,,9272.89884335718
2026-08-25 07:12:43,7750.0,7764.0,Call GEX 3,GEX,373897.446,,9272.89884335718
2026-08-25 07:12:43,7750.0,7764.0,Put VEX 5,VEX,-675446.343,,9272.89884335718
2026-08-25 07:12:43,7800.0,7814.0,Call GEX 2,GEX,509469.775,,9272.89884335718
2026-08-25 07:12:43,7800.0,7814.0,Put VEX 3,VEX,-1205293.638,,9272.89884335718
2026-08-25 07:12:43,7850.0,7864.0,Call GEX 4,GEX,306559.625,,9272.89884335718
2026-08-25 07:12:43,7900.0,7914.25,Call GEX 1,GEX,584495.406,,9272.89884335718
2026-08-25 07:12:43,7900.0,7914.25,Put VEX 2,VEX,-1227094.794,,9272.89884335718
2026-08-25 07:12:43,8000.0,8014.25,Put CEX 1,CEX,-3147298.76,,9272.89884335718
2026-08-25 07:12:43,8000.0,8014.25,Put DEX 1,DEX,-2087.552,,9272.89884335718
2026-08-25 07:12:43,8000.0,8014.25,Put VEX 1,VEX,-11633877.286,,9272.89884335718
2026-08-25 07:12:43,8200.0,8214.75,Put VEX 4,VEX,-725873.866,,9272.89884335718
2026-08-25 07:13:30,6800.0,6812.75,Put DEX 4,DEX,-26.944,,9273.713365439226
2026-08-25 07:13:30,7000.0,7013.0,Call CEX 4,CEX,1060588.598,,9273.713365439226
2026-08-25 07:13:30,7000.0,7013.0,Put DEX 2,DEX,-112.534,,9273.713365439226
2026-08-25 07:13:30,7000.0,7013.0,Put GEX 1,GEX,-765733.082,,9273.713365439226
2026-08-25 07:13:30,7000.0,7013.0,Call VEX 1,VEX,6048975.87,,9273.713365439226
2026-08-25 07:13:30,7200.0,7213.5,Put GEX 5,GEX,-206857.293,,9273.713365439226
2026-08-25 07:13:30,7300.0,7313.75,Call DEX 1,DEX,258.766,,9273.713365439226
2026-08-25 07:13:30,7300.0,7313.75,Call VEX 5,VEX,1835730.446,,9273.713365439226
2026-08-25 07:13:30,7400.0,7413.75,Call CEX 5,CEX,900826.0,,9273.713365439226
2026-08-25 07:13:30,7400.0,7413.75,Call DEX 4,DEX,214.802,,9273.713365439226
2026-08-25 07:13:30,7400.0,7413.75,Put GEX 3,GEX,-296083.671,,9273.713365439226
2026-08-25 07:13:30,7400.0,7413.75,Call VEX 3,VEX,2360538.553,,9273.713365439226
2026-08-25 07:13:30,7450.0,7464.0,Call DEX 2,DEX,234.147,,9273.713365439226
2026-08-25 07:13:30,7450.0,7464.0,Call VEX 4,VEX,1935017.291,,9273.713365439226
2026-08-25 07:13:30,7500.0,7514.0,Call CEX 3,CEX,1082627.296,,9273.713365439226
2026-08-25 07:13:30,7500.0,7514.0,Call DEX 3,DEX,220.43,,9273.713365439226
2026-08-25 07:13:30,7500.0,7514.0,Put GEX 2,GEX,-445675.736,,9273.713365439226
2026-08-25 07:13:30,7500.0,7514.0,Call VEX 2,VEX,3099519.824,,9273.713365439226
2026-08-25 07:13:30,7550.0,7564.25,Put GEX 4,GEX,-212357.746,,9273.713365439226
2026-08-25 07:13:30,7600.0,7614.25,Call CEX 2,CEX,1220597.486,,9273.713365439226
2026-08-25 07:13:30,7600.0,7614.25,Call DEX 5,DEX,204.346,,9273.713365439226
2026-08-25 07:13:30,7650.0,7664.25,Call CEX 1,CEX,1485767.485,,9273.713365439226
2026-08-25 07:13:30,7690.0,7704.5,Put CEX 3,CEX,-1667145.233,,9273.713365439226
2026-08-25 07:13:30,7690.0,7704.5,Call GEX 5,GEX,292077.732,,9273.713365439226
2026-08-25 07:13:30,7700.0,7714.5,Put CEX 2,CEX,-2075560.632,,9273.713365439226
2026-08-25 07:13:30,7700.0,7714.5,Put DEX 3,DEX,-68.597,,9273.713365439226
2026-08-25 07:13:30,7725.0,7739.5,Put CEX 5,CEX,-1250734.366,,9273.713365439226
2026-08-25 07:13:30,7750.0,7764.5,Put CEX 4,CEX,-1258100.94,,9273.713365439226
2026-08-25 07:13:30,7750.0,7764.5,Call GEX 3,GEX,374278.732,,9273.713365439226
2026-08-25 07:13:30,7750.0,7764.5,Put VEX 5,VEX,-674025.928,,9273.713365439226
2026-08-25 07:13:30,7780.0,7794.5,Put DEX 5,DEX,-23.289,,9273.713365439226
2026-08-25 07:13:30,7800.0,7814.5,Call GEX 2,GEX,509067.618,,9273.713365439226
2026-08-25 07:13:30,7800.0,7814.5,Put VEX 3,VEX,-1204150.552,,9273.713365439226
2026-08-25 07:13:30,7850.0,7864.75,Call GEX 4,GEX,306911.911,,9273.713365439226
2026-08-25 07:13:30,7900.0,7914.75,Call GEX 1,GEX,584742.753,,9273.713365439226
2026-08-25 07:13:30,7900.0,7914.75,Put VEX 2,VEX,-1227046.124,,9273.713365439226
2026-08-25 07:13:30,8000.0,8015.0,Put CEX 1,CEX,-3145419.218,,9273.713365439226
2026-08-25 07:13:30,8000.0,8015.0,Put DEX 1,DEX,-2085.718,,9273.713365439226
2026-08-25 07:13:30,8000.0,8015.0,Put VEX 1,VEX,-11634251.106,,9273.713365439226
2026-08-25 07:13:30,8200.0,8215.25,Put VEX 4,VEX,-725832.508,,9273.713365439226
2026-08-25 07:14:17,6800.0,6812.75,Put DEX 3,DEX,-27.007,4915.735071490605,9274.449256077443
2026-08-25 07:14:17,7000.0,7013.25,Call CEX 4,CEX,1081410.251,4915.735071490605,9274.449256077443
2026-08-25 07:14:17,7000.0,7013.25,Call DEX 1,DEX,794.441,4915.735071490605,9274.449256077443
2026-08-25 07:14:17,7000.0,7013.25,Put GEX 1,GEX,-738435.159,4915.735071490605,9274.449256077443
2026-08-25 07:14:17,7000.0,7013.25,Call VEX 1,VEX,6270748.799,4915.735071490605,9274.449256077443
2026-08-25 07:14:17,7160.0,7173.5,Put DEX 5,DEX,-23.323,4915.735071490605,9274.449256077443
2026-08-25 07:14:17,7200.0,7213.5,Put GEX 5,GEX,-206992.036,4915.735071490605,9274.449256077443
2026-08-25 07:14:17,7300.0,7313.75,Call DEX 2,DEX,256.526,4915.735071490605,9274.449256077443
2026-08-25 07:14:17,7300.0,7313.75,Call VEX 5,VEX,1861700.128,4915.735071490605,9274.449256077443
2026-08-25 07:14:17,7400.0,7414.0,Call CEX 5,CEX,903762.37,4915.735071490605,9274.449256077443
2026-08-25 07:14:17,7400.0,7414.0,Call DEX 5,DEX,213.272,4915.735071490605,9274.449256077443
2026-08-25 07:14:17,7400.0,7414.0,Put GEX 3,GEX,-295745.863,4915.735071490605,9274.449256077443
2026-08-25 07:14:17,7400.0,7414.0,Call VEX 3,VEX,2365475.242,4915.735071490605,9274.449256077443
2026-08-25 07:14:17,7450.0,7464.0,Call DEX 3,DEX,237.248,4915.735071490605,9274.449256077443
2026-08-25 07:14:17,7450.0,7464.0,Call VEX 4,VEX,1936595.732,4915.735071490605,9274.449256077443
2026-08-25 07:14:17,7500.0,7514.0,Call CEX 3,CEX,1085217.943,4915.735071490605,9274.449256077443
2026-08-25 07:14:17,7500.0,7514.0,Call DEX 4,DEX,217.571,4915.735071490605,9274.449256077443
2026-08-25 07:14:17,7500.0,7514.0,Put GEX 2,GEX,-448520.191,4915.735071490605,9274.449256077443
2026-08-25 07:14:17,7500.0,7514.0,Call VEX 2,VEX,3091623.872,4915.735071490605,9274.449256077443
2026-08-25 07:14:17,7550.0,7564.25,Put GEX 4,GEX,-215064.68,4915.735071490605,9274.449256077443
2026-08-25 07:14:17,7600.0,7614.25,Call CEX 2,CEX,1240673.844,4915.735071490605,9274.449256077443
2026-08-25 07:14:17,7650.0,7664.25,Call CEX 1,CEX,1468769.449,4915.735071490605,9274.449256077443
2026-08-25 07:14:17,7690.0,7704.5,Put CEX 3,CEX,-1695506.598,4915.735071490605,9274.449256077443
2026-08-25 07:14:17,7690.0,7704.5,Call GEX 5,GEX,273590.4,4915.735071490605,9274.449256077443
2026-08-25 07:14:17,7700.0,7714.5,Put CEX 2,CEX,-2087903.131,4915.735071490605,9274.449256077443
2026-08-25 07:14:17,7700.0,7714.5,Put DEX 2,DEX,-71.592,4915.735071490605,9274.449256077443
2026-08-25 07:14:17,7725.0,7739.5,Put CEX 4,CEX,-1244099.892,4915.735071490605,9274.449256077443
2026-08-25 07:14:17,7750.0,7764.5,Put CEX 5,CEX,-1243830.902,4915.735071490605,9274.449256077443
2026-08-25 07:14:17,7750.0,7764.5,Call GEX 3,GEX,371820.956,4915.735071490605,9274.449256077443
2026-08-25 07:14:17,7750.0,7764.5,Put VEX 5,VEX,-682431.9,4915.735071490605,9274.449256077443
2026-08-25 07:14:17,7780.0,7794.5,Put DEX 4,DEX,-23.717,4915.735071490605,9274.449256077443
2026-08-25 07:14:17,7800.0,7814.75,Call GEX 2,GEX,505792.508,4915.735071490605,9274.449256077443
2026-08-25 07:14:17,7800.0,7814.75,Put VEX 3,VEX,-1212159.047,4915.735071490605,9274.449256077443
2026-08-25 07:14:17,7850.0,7864.75,Call GEX 4,GEX,305230.061,4915.735071490605,9274.449256077443
2026-08-25 07:14:17,7900.0,7914.75,Call GEX 1,GEX,581578.846,4915.735071490605,9274.449256077443
2026-08-25 07:14:17,7900.0,7914.75,Put VEX 2,VEX,-1227326.26,4915.735071490605,9274.449256077443
2026-08-25 07:14:17,8000.0,8015.0,Put CEX 1,CEX,-3137843.495,4915.735071490605,9274.449256077443
2026-08-25 07:14:17,8000.0,8015.0,Put DEX 1,DEX,-2098.642,4915.735071490605,9274.449256077443
2026-08-25 07:14:17,8000.0,8015.0,Put VEX 1,VEX,-11627377.993,4915.735071490605,9274.449256077443
2026-08-25 07:14:17,8200.0,8215.5,Put VEX 4,VEX,-724942.883,4915.735071490605,9274.449256077443
2026-08-25 07:15:04,6800.0,6813.25,Put DEX 3,DEX,-25.59,6304.406266560757,9278.427992961686
2026-08-25 07:15:04,7000.0,7013.75,Call CEX 3,CEX,1102938.89,6304.406266560757,9278.427992961686
2026-08-25 07:15:04,7000.0,7013.75,Call DEX 1,DEX,787.465,6304.406266560757,9278.427992961686
2026-08-25 07:15:04,7000.0,7013.75,Put GEX 1,GEX,-715031.703,6304.406266560757,9278.427992961686
2026-08-25 07:15:04,7000.0,7013.75,Call VEX 1,VEX,6484321.526,6304.406266560757,9278.427992961686
2026-08-25 07:15:04,7160.0,7174.0,Put DEX 5,DEX,-23.377,6304.406266560757,9278.427992961686
2026-08-25 07:15:04,7200.0,7214.0,Put GEX 5,GEX,-199427.621,6304.406266560757,9278.427992961686
2026-08-25 07:15:04,7300.0,7314.25,Call DEX 2,DEX,255.69,6304.406266560757,9278.427992961686
2026-08-25 07:15:04,7300.0,7314.25,Call VEX 5,VEX,1879009.336,6304.406266560757,9278.427992961686
2026-08-25 07:15:04,7400.0,7414.5,Call CEX 5,CEX,915328.068,6304.406266560757,9278.427992961686
2026-08-25 07:15:04,7400.0,7414.5,Call DEX 5,DEX,214.781,6304.406266560757,9278.427992961686
2026-08-25 07:15:04,7400.0,7414.5,Put GEX 3,GEX,-296165.893,6304.406266560757,9278.427992961686
2026-08-25 07:15:04,7400.0,7414.5,Call VEX 3,VEX,2373333.179,6304.406266560757,9278.427992961686
2026-08-25 07:15:04,7450.0,7464.5,Call DEX 3,DEX,247.035,6304.406266560757,9278.427992961686
2026-08-25 07:15:04,7450.0,7464.5,Call VEX 4,VEX,1948245.573,6304.406266560757,9278.427992961686
2026-08-25 07:15:04,7500.0,7514.75,Call CEX 4,CEX,1098445.879,6304.406266560757,9278.427992961686
2026-08-25 07:15:04,7500.0,7514.75,Call DEX 4,DEX,216.186,6304.406266560757,9278.427992961686
2026-08-25 07:15:04,7500.0,7514.75,Put GEX 2,GEX,-449904.428,6304.406266560757,9278.427992961686
2026-08-25 07:15:04,7500.0,7514.75,Call VEX 2,VEX,3082723.295,6304.406266560757,9278.427992961686
2026-08-25 07:15:04,7550.0,7564.75,Put GEX 4,GEX,-218671.125,6304.406266560757,9278.427992961686
2026-08-25 07:15:04,7600.0,7615.0,Call CEX 2,CEX,1299954.747,6304.406266560757,9278.427992961686
2026-08-25 07:15:04,7650.0,7665.0,Call CEX 1,CEX,1392167.663,6304.406266560757,9278.427992961686
2026-08-25 07:15:04,7690.0,7705.0,Put CEX 3,CEX,-1740444.519,6304.406266560757,9278.427992961686
2026-08-25 07:15:04,7690.0,7705.0,Call GEX 5,GEX,241382.308,6304.406266560757,9278.427992961686
2026-08-25 07:15:04,7700.0,7715.0,Put CEX 2,CEX,-2079243.243,6304.406266560757,9278.427992961686
2026-08-25 07:15:04,7700.0,7715.0,Put DEX 2,DEX,-77.965,6304.406266560757,9278.427992961686
2026-08-25 07:15:04,7725.0,7740.25,Put CEX 4,CEX,-1204556.807,6304.406266560757,9278.427992961686
2026-08-25 07:15:04,7750.0,7765.25,Put CEX 5,CEX,-1174818.876,6304.406266560757,9278.427992961686
2026-08-25 07:15:04,7750.0,7765.25,Call GEX 3,GEX,370474.361,6304.406266560757,9278.427992961686
2026-08-25 07:15:04,7750.0,7765.25,Put VEX 5,VEX,-696655.64,6304.406266560757,9278.427992961686
2026-08-25 07:15:04,7780.0,7795.25,Put DEX 4,DEX,-24.76,6304.406266560757,9278.427992961686
2026-08-25 07:15:04,7800.0,7815.25,Call GEX 2,GEX,499232.934,6304.406266560757,9278.427992961686
2026-08-25 07:15:04,7800.0,7815.25,Put VEX 3,VEX,-1225507.877,6304.406266560757,9278.427992961686
2026-08-25 07:15:04,7850.0,7865.25,Call GEX 4,GEX,302690.93,6304.406266560757,9278.427992961686
2026-08-25 07:15:04,7900.0,7915.5,Call GEX 1,GEX,574655.236,6304.406266560757,9278.427992961686
2026-08-25 07:15:04,7900.0,7915.5,Put VEX 2,VEX,-1226076.525,6304.406266560757,9278.427992961686
2026-08-25 07:15:04,8000.0,8015.75,Put CEX 1,CEX,-3121024.326,6304.406266560757,9278.427992961686
2026-08-25 07:15:04,8000.0,8015.75,Put DEX 1,DEX,-2112.013,6304.406266560757,9278.427992961686
2026-08-25 07:15:04,8000.0,8015.75,Put VEX 1,VEX,-11620582.976,6304.406266560757,9278.427992961686
2026-08-25 07:15:04,8200.0,8216.0,Put VEX 4,VEX,-722719.774,6304.406266560757,9278.427992961686
2026-08-25 07:15:51,6800.0,6813.5,Put DEX 3,DEX,-27.009,6258.4988822907,9277.260324874736
2026-08-25 07:15:51,7000.0,7014.0,Call CEX 4,CEX,1094947.091,6258.4988822907,9277.260324874736
2026-08-25 07:15:51,7000.0,7014.0,Call DEX 1,DEX,790.262,6258.4988822907,9277.260324874736
2026-08-25 07:15:51,7000.0,7014.0,Put GEX 1,GEX,-723043.189,6258.4988822907,9277.260324874736
2026-08-25 07:15:51,7000.0,7014.0,Call VEX 1,VEX,6406725.419,6258.4988822907,9277.260324874736
2026-08-25 07:15:51,7160.0,7174.25,Put DEX 5,DEX,-23.376,6258.4988822907,9277.260324874736
2026-08-25 07:15:51,7200.0,7214.5,Put GEX 5,GEX,-199429.625,6258.4988822907,9277.260324874736
2026-08-25 07:15:51,7300.0,7314.5,Call DEX 2,DEX,255.234,6258.4988822907,9277.260324874736
2026-08-25 07:15:51,7300.0,7314.5,Call VEX 5,VEX,1880843.233,6258.4988822907,9277.260324874736
2026-08-25 07:15:51,7400.0,7414.75,Call CEX 5,CEX,911214.944,6258.4988822907,9277.260324874736
2026-08-25 07:15:51,7400.0,7414.75,Call DEX 5,DEX,215.87,6258.4988822907,9277.260324874736
2026-08-25 07:15:51,7400.0,7414.75,Put GEX 3,GEX,-296559.802,6258.4988822907,9277.260324874736
2026-08-25 07:15:51,7400.0,7414.75,Call VEX 3,VEX,2369163.092,6258.4988822907,9277.260324874736
2026-08-25 07:15:51,7450.0,7465.0,Call DEX 3,DEX,247.398,6258.4988822907,9277.260324874736
2026-08-25 07:15:51,7450.0,7465.0,Call VEX 4,VEX,1942622.654,6258.4988822907,9277.260324874736
2026-08-25 07:15:51,7500.0,7515.0,Call CEX 3,CEX,1096299.642,6258.4988822907,9277.260324874736
2026-08-25 07:15:51,7500.0,7515.0,Call DEX 4,DEX,217.787,6258.4988822907,9277.260324874736
2026-08-25 07:15:51,7500.0,7515.0,Put GEX 2,GEX,-449550.087,6258.4988822907,9277.260324874736
2026-08-25 07:15:51,7500.0,7515.0,Call VEX 2,VEX,3086889.751,6258.4988822907,9277.260324874736
2026-08-25 07:15:51,7550.0,7565.0,Put GEX 4,GEX,-217780.022,6258.4988822907,9277.260324874736
2026-08-25 07:15:51,7600.0,7615.25,Call CEX 2,CEX,1242419.253,6258.4988822907,9277.260324874736
2026-08-25 07:15:51,7650.0,7665.25,Call CEX 1,CEX,1421455.056,6258.4988822907,9277.260324874736
2026-08-25 07:15:51,7690.0,7705.25,Put CEX 3,CEX,-1738613.885,6258.4988822907,9277.260324874736
2026-08-25 07:15:51,7690.0,7705.25,Call GEX 5,GEX,249787.059,6258.4988822907,9277.260324874736
2026-08-25 07:15:51,7700.0,7715.5,Put CEX 2,CEX,-2082952.713,6258.4988822907,9277.260324874736
2026-08-25 07:15:51,7700.0,7715.5,Put DEX 2,DEX,-76.649,6258.4988822907,9277.260324874736
2026-08-25 07:15:51,7725.0,7740.5,Put CEX 4,CEX,-1222882.449,6258.4988822907,9277.260324874736
2026-08-25 07:15:51,7750.0,7765.5,Put CEX 5,CEX,-1207549.603,6258.4988822907,9277.260324874736
2026-08-25 07:15:51,7750.0,7765.5,Call GEX 3,GEX,367621.867,6258.4988822907,9277.260324874736
2026-08-25 07:15:51,7750.0,7765.5,Put VEX 5,VEX,-694986.65,6258.4988822907,9277.260324874736
2026-08-25 07:15:51,7780.0,7795.5,Put DEX 4,DEX,-24.551,6258.4988822907,9277.260324874736
2026-08-25 07:15:51,7800.0,7815.5,Call GEX 2,GEX,498199.988,6258.4988822907,9277.260324874736
2026-08-25 07:15:51,7800.0,7815.5,Put VEX 3,VEX,-1223212.869,6258.4988822907,9277.260324874736
2026-08-25 07:15:51,7850.0,7865.75,Call GEX 4,GEX,302657.759,6258.4988822907,9277.260324874736
2026-08-25 07:15:51,7900.0,7915.75,Call GEX 1,GEX,575701.781,6258.4988822907,9277.260324874736
2026-08-25 07:15:51,7900.0,7915.75,Put VEX 2,VEX,-1225869.84,6258.4988822907,9277.260324874736
2026-08-25 07:15:51,8000.0,8016.0,Put CEX 1,CEX,-3125110.058,6258.4988822907,9277.260324874736
2026-08-25 07:15:51,8000.0,8016.0,Put DEX 1,DEX,-2106.046,6258.4988822907,9277.260324874736
2026-08-25 07:15:51,8000.0,8016.0,Put VEX 1,VEX,-11615515.214,6258.4988822907,9277.260324874736
2026-08-25 07:15:51,8200.0,8216.5,Put VEX 4,VEX,-722320.006,6258.4988822907,9277.260324874736
2026-08-25 07:16:35,6800.0,6813.0,Put DEX 3,DEX,-27.009,6258.4988822907,9277.260324874736
2026-08-25 07:16:35,7000.0,7013.25,Call CEX 4,CEX,1094947.091,6258.4988822907,9277.260324874736
2026-08-25 07:16:35,7000.0,7013.25,Call DEX 1,DEX,790.262,6258.4988822907,9277.260324874736
2026-08-25 07:16:35,7000.0,7013.25,Put GEX 1,GEX,-723043.189,6258.4988822907,9277.260324874736
2026-08-25 07:16:35,7000.0,7013.25,Call VEX 1,VEX,6406725.419,6258.4988822907,9277.260324874736
2026-08-25 07:16:35,7160.0,7173.5,Put DEX 5,DEX,-23.376,6258.4988822907,9277.260324874736
2026-08-25 07:16:35,7200.0,7213.75,Put GEX 5,GEX,-199429.625,6258.4988822907,9277.260324874736
2026-08-25 07:16:35,7300.0,7313.75,Call DEX 2,DEX,255.234,6258.4988822907,9277.260324874736
2026-08-25 07:16:35,7300.0,7313.75,Call VEX 5,VEX,1880843.233,6258.4988822907,9277.260324874736
2026-08-25 07:16:35,7400.0,7414.0,Call CEX 5,CEX,911214.944,6258.4988822907,9277.260324874736
2026-08-25 07:16:35,7400.0,7414.0,Call DEX 5,DEX,215.87,6258.4988822907,9277.260324874736
2026-08-25 07:16:35,7400.0,7414.0,Put GEX 3,GEX,-296559.802,6258.4988822907,9277.260324874736
2026-08-25 07:16:35,7400.0,7414.0,Call VEX 3,VEX,2369163.092,6258.4988822907,9277.260324874736
2026-08-25 07:16:35,7450.0,7464.25,Call DEX 3,DEX,247.398,6258.4988822907,9277.260324874736
2026-08-25 07:16:35,7450.0,7464.25,Call VEX 4,VEX,1942622.654,6258.4988822907,9277.260324874736
2026-08-25 07:16:35,7500.0,7514.25,Call CEX 3,CEX,1096299.642,6258.4988822907,9277.260324874736
2026-08-25 07:16:35,7500.0,7514.25,Call DEX 4,DEX,217.787,6258.4988822907,9277.260324874736
2026-08-25 07:16:35,7500.0,7514.25,Put GEX 2,GEX,-449550.087,6258.4988822907,9277.260324874736
2026-08-25 07:16:35,7500.0,7514.25,Call VEX 2,VEX,3086889.751,6258.4988822907,9277.260324874736
2026-08-25 07:16:35,7550.0,7564.25,Put GEX 4,GEX,-217780.022,6258.4988822907,9277.260324874736
2026-08-25 07:16:35,7600.0,7614.5,Call CEX 2,CEX,1242419.253,6258.4988822907,9277.260324874736
2026-08-25 07:16:35,7650.0,7664.5,Call CEX 1,CEX,1421455.056,6258.4988822907,9277.260324874736
2026-08-25 07:16:35,7690.0,7704.5,Put CEX 3,CEX,-1738613.885,6258.4988822907,9277.260324874736
2026-08-25 07:16:35,7690.0,7704.5,Call GEX 5,GEX,249787.059,6258.4988822907,9277.260324874736
2026-08-25 07:16:35,7700.0,7714.5,Put CEX 2,CEX,-2082952.713,6258.4988822907,9277.260324874736
2026-08-25 07:16:35,7700.0,7714.5,Put DEX 2,DEX,-76.649,6258.4988822907,9277.260324874736
2026-08-25 07:16:35,7725.0,7739.75,Put CEX 4,CEX,-1222882.449,6258.4988822907,9277.260324874736
2026-08-25 07:16:35,7750.0,7764.75,Put CEX 5,CEX,-1207549.603,6258.4988822907,9277.260324874736
2026-08-25 07:16:35,7750.0,7764.75,Call GEX 3,GEX,367621.867,6258.4988822907,9277.260324874736
2026-08-25 07:16:35,7750.0,7764.75,Put VEX 5,VEX,-694986.65,6258.4988822907,9277.260324874736
2026-08-25 07:16:35,7780.0,7794.75,Put DEX 4,DEX,-24.551,6258.4988822907,9277.260324874736
2026-08-25 07:16:35,7800.0,7814.75,Call GEX 2,GEX,498199.988,6258.4988822907,9277.260324874736
2026-08-25 07:16:35,7800.0,7814.75,Put VEX 3,VEX,-1223212.869,6258.4988822907,9277.260324874736
2026-08-25 07:16:35,7850.0,7865.0,Call GEX 4,GEX,302657.759,6258.4988822907,9277.260324874736
2026-08-25 07:16:35,7900.0,7915.0,Call GEX 1,GEX,575701.781,6258.4988822907,9277.260324874736
2026-08-25 07:16:35,7900.0,7915.0,Put VEX 2,VEX,-1225869.84,6258.4988822907,9277.260324874736
2026-08-25 07:16:35,8000.0,8015.25,Put CEX 1,CEX,-3125110.058,6258.4988822907,9277.260324874736
2026-08-25 07:16:35,8000.0,8015.25,Put DEX 1,DEX,-2106.046,6258.4988822907,9277.260324874736
2026-08-25 07:16:35,8000.0,8015.25,Put VEX 1,VEX,-11615515.214,6258.4988822907,9277.260324874736
2026-08-25 07:16:35,8200.0,8215.5,Put VEX 4,VEX,-722320.006,6258.4988822907,9277.260324874736
2026-08-25 07:17:23,6800.0,6813.0,Put DEX 3,DEX,-26.913,5504.754152106243,9277.210475183729
2026-08-25 07:17:23,7000.0,7013.5,Call CEX 3,CEX,1107743.781,5504.754152106243,9277.210475183729
2026-08-25 07:17:23,7000.0,7013.5,Call DEX 1,DEX,786.342,5504.754152106243,9277.210475183729
2026-08-25 07:17:23,7000.0,7013.5,Put GEX 1,GEX,-702670.53,5504.754152106243,9277.210475183729
2026-08-25 07:17:23,7000.0,7013.5,Call VEX 1,VEX,6549771.704,5504.754152106243,9277.210475183729
2026-08-25 07:17:23,7160.0,7173.75,Put DEX 5,DEX,-23.302,5504.754152106243,9277.210475183729
2026-08-25 07:17:23,7200.0,7213.75,Put GEX 5,GEX,-206181.011,5504.754152106243,9277.210475183729
2026-08-25 07:17:23,7300.0,7314.0,Call DEX 2,DEX,256.486,5504.754152106243,9277.210475183729
2026-08-25 07:17:23,7300.0,7314.0,Call VEX 5,VEX,1870811.2,5504.754152106243,9277.210475183729
2026-08-25 07:17:23,7400.0,7414.25,Call CEX 5,CEX,909535.893,5504.754152106243,9277.210475183729
2026-08-25 07:17:23,7400.0,7414.25,Call DEX 4,DEX,216.427,5504.754152106243,9277.210475183729
2026-08-25 07:17:23,7400.0,7414.25,Put GEX 3,GEX,-295227.881,5504.754152106243,9277.210475183729
2026-08-25 07:17:23,7400.0,7414.25,Call VEX 3,VEX,2369173.336,5504.754152106243,9277.210475183729
2026-08-25 07:17:23,7450.0,7464.25,Call DEX 3,DEX,236.497,5504.754152106243,9277.210475183729
2026-08-25 07:17:23,7450.0,7464.25,Call VEX 4,VEX,1938199.816,5504.754152106243,9277.210475183729
2026-08-25 07:17:23,7500.0,7514.25,Call CEX 4,CEX,1090939.364,5504.754152106243,9277.210475183729
2026-08-25 07:17:23,7500.0,7514.25,Call DEX 5,DEX,215.633,5504.754152106243,9277.210475183729
2026-08-25 07:17:23,7500.0,7514.25,Put GEX 2,GEX,-449845.131,5504.754152106243,9277.210475183729
2026-08-25 07:17:23,7500.0,7514.25,Call VEX 2,VEX,3088816.278,5504.754152106243,9277.210475183729
2026-08-25 07:17:23,7550.0,7564.5,Put GEX 4,GEX,-216705.067,5504.754152106243,9277.210475183729
2026-08-25 07:17:23,7600.0,7614.5,Call CEX 2,CEX,1207372.941,5504.754152106243,9277.210475183729
2026-08-25 07:17:23,7650.0,7664.75,Call CEX 1,CEX,1459363.394,5504.754152106243,9277.210475183729
2026-08-25 07:17:23,7690.0,7704.75,Put CEX 3,CEX,-1726739.054,5504.754152106243,9277.210475183729
2026-08-25 07:17:23,7690.0,7704.75,Call GEX 5,GEX,264117.405,5504.754152106243,9277.210475183729
2026-08-25 07:17:23,7700.0,7714.75,Put CEX 2,CEX,-2098568.635,5504.754152106243,9277.210475183729
2026-08-25 07:17:23,7700.0,7714.75,Put DEX 2,DEX,-73.935,5504.754152106243,9277.210475183729
2026-08-25 07:17:23,7725.0,7739.75,Put CEX 5,CEX,-1248177.074,5504.754152106243,9277.210475183729
2026-08-25 07:17:23,7750.0,7764.75,Put CEX 4,CEX,-1271133.944,5504.754152106243,9277.210475183729
2026-08-25 07:17:23,7750.0,7764.75,Call GEX 3,GEX,371124.691,5504.754152106243,9277.210475183729
2026-08-25 07:17:23,7750.0,7764.75,Put VEX 5,VEX,-691504.242,5504.754152106243,9277.210475183729
2026-08-25 07:17:23,7780.0,7795.0,Put DEX 4,DEX,-24.204,5504.754152106243,9277.210475183729
2026-08-25 07:17:23,7800.0,7815.0,Call GEX 2,GEX,502757.553,5504.754152106243,9277.210475183729
2026-08-25 07:17:23,7800.0,7815.0,Put VEX 3,VEX,-1218301.579,5504.754152106243,9277.210475183729
2026-08-25 07:17:23,7850.0,7865.0,Call GEX 4,GEX,304021.75,5504.754152106243,9277.210475183729
2026-08-25 07:17:23,7900.0,7915.25,Call GEX 1,GEX,578268.799,5504.754152106243,9277.210475183729
2026-08-25 07:17:23,7900.0,7915.25,Put VEX 2,VEX,-1225166.476,5504.754152106243,9277.210475183729
2026-08-25 07:17:23,8000.0,8015.25,Put CEX 1,CEX,-3133721.822,5504.754152106243,9277.210475183729
2026-08-25 07:17:23,8000.0,8015.25,Put DEX 1,DEX,-2102.721,5504.754152106243,9277.210475183729
2026-08-25 07:17:23,8000.0,8015.25,Put VEX 1,VEX,-11629323.442,5504.754152106243,9277.210475183729
2026-08-25 07:17:23,8200.0,8215.75,Put VEX 4,VEX,-723779.84,5504.754152106243,9277.210475183729
2026-08-25 07:18:09,6800.0,6813.5,Put DEX 3,DEX,-26.904,6003.456436902298,9277.327746877369
2026-08-25 07:18:09,7000.0,7014.0,Call CEX 3,CEX,1100279.631,6003.456436902298,9277.327746877369
2026-08-25 07:18:09,7000.0,7014.0,Call DEX 1,DEX,788.93,6003.456436902298,9277.327746877369
2026-08-25 07:18:09,7000.0,7014.0,Put GEX 1,GEX,-713361.015,6003.456436902298,9277.327746877369
2026-08-25 07:18:09,7000.0,7014.0,Call VEX 1,VEX,6469192.615,6003.456436902298,9277.327746877369
2026-08-25 07:18:09,7160.0,7174.25,Put DEX 5,DEX,-23.292,6003.456436902298,9277.327746877369
2026-08-25 07:18:09,7200.0,7214.25,Put GEX 5,GEX,-199128.724,6003.456436902298,9277.327746877369
2026-08-25 07:18:09,7300.0,7314.5,Call DEX 2,DEX,255.949,6003.456436902298,9277.327746877369
2026-08-25 07:18:09,7300.0,7314.5,Call VEX 5,VEX,1873917.709,6003.456436902298,9277.327746877369
2026-08-25 07:18:09,7400.0,7414.75,Call CEX 5,CEX,867912.336,6003.456436902298,9277.327746877369
2026-08-25 07:18:09,7400.0,7414.75,Call DEX 5,DEX,216.037,6003.456436902298,9277.327746877369
2026-08-25 07:18:09,7400.0,7414.75,Put GEX 3,GEX,-293832.631,6003.456436902298,9277.327746877369
2026-08-25 07:18:09,7400.0,7414.75,Call VEX 3,VEX,2367490.957,6003.456436902298,9277.327746877369
2026-08-25 07:18:09,7450.0,7464.75,Call DEX 3,DEX,248.392,6003.456436902298,9277.327746877369
2026-08-25 07:18:09,7450.0,7464.75,Call VEX 4,VEX,1942491.34,6003.456436902298,9277.327746877369
2026-08-25 07:18:09,7500.0,7515.0,Call CEX 4,CEX,1097247.369,6003.456436902298,9277.327746877369
2026-08-25 07:18:09,7500.0,7515.0,Call DEX 4,DEX,219.25,6003.456436902298,9277.327746877369
2026-08-25 07:18:09,7500.0,7515.0,Put GEX 2,GEX,-449208.7,6003.456436902298,9277.327746877369
2026-08-25 07:18:09,7500.0,7515.0,Call VEX 2,VEX,3090991.331,6003.456436902298,9277.327746877369
2026-08-25 07:18:09,7550.0,7565.0,Put GEX 4,GEX,-217934.823,6003.456436902298,9277.327746877369
2026-08-25 07:18:09,7600.0,7615.25,Call CEX 2,CEX,1207802.246,6003.456436902298,9277.327746877369
2026-08-25 07:18:09,7650.0,7665.25,Call CEX 1,CEX,1458199.018,6003.456436902298,9277.327746877369
2026-08-25 07:18:09,7690.0,7705.25,Put CEX 3,CEX,-1732665.705,6003.456436902298,9277.327746877369
2026-08-25 07:18:09,7690.0,7705.25,Call GEX 5,GEX,257492.283,6003.456436902298,9277.327746877369
2026-08-25 07:18:09,7700.0,7715.25,Put CEX 2,CEX,-2103644.019,6003.456436902298,9277.327746877369
2026-08-25 07:18:09,7700.0,7715.25,Put DEX 2,DEX,-74.399,6003.456436902298,9277.327746877369
2026-08-25 07:18:09,7725.0,7740.5,Put CEX 5,CEX,-1228460.836,6003.456436902298,9277.327746877369
2026-08-25 07:18:09,7750.0,7765.5,Put CEX 4,CEX,-1237143.807,6003.456436902298,9277.327746877369
2026-08-25 07:18:09,7750.0,7765.5,Call GEX 3,GEX,371256.121,6003.456436902298,9277.327746877369
2026-08-25 07:18:09,7750.0,7765.5,Put VEX 5,VEX,-690298.122,6003.456436902298,9277.327746877369
2026-08-25 07:18:09,7780.0,7795.5,Put DEX 4,DEX,-24.24,6003.456436902298,9277.327746877369
2026-08-25 07:18:09,7800.0,7815.5,Call GEX 2,GEX,501778.585,6003.456436902298,9277.327746877369
2026-08-25 07:18:09,7800.0,7815.5,Put VEX 3,VEX,-1218075.56,6003.456436902298,9277.327746877369
2026-08-25 07:18:09,7850.0,7865.75,Call GEX 4,GEX,304170.603,6003.456436902298,9277.327746877369
2026-08-25 07:18:09,7900.0,7915.75,Call GEX 1,GEX,577926.228,6003.456436902298,9277.327746877369
2026-08-25 07:18:09,7900.0,7915.75,Put VEX 2,VEX,-1225416.633,6003.456436902298,9277.327746877369
2026-08-25 07:18:09,8000.0,8016.0,Put CEX 1,CEX,-3128489.604,6003.456436902298,9277.327746877369
2026-08-25 07:18:09,8000.0,8016.0,Put DEX 1,DEX,-2107.739,6003.456436902298,9277.327746877369
2026-08-25 07:18:09,8000.0,8016.0,Put VEX 1,VEX,-11624679.924,6003.456436902298,9277.327746877369
2026-08-25 07:18:09,8200.0,8216.25,Put VEX 4,VEX,-721800.72,6003.456436902298,9277.327746877369
2026-08-25 07:18:56,6800.0,6813.5,Put DEX 3,DEX,-26.832,,9275.544690550008
2026-08-25 07:18:56,7000.0,7013.75,Call CEX 4,CEX,1088206.438,,9275.544690550008
2026-08-25 07:18:56,7000.0,7013.75,Call DEX 1,DEX,793.803,,9275.544690550008
2026-08-25 07:18:56,7000.0,7013.75,Put GEX 1,GEX,-724027.214,,9275.544690550008
2026-08-25 07:18:56,7000.0,7013.75,Call VEX 1,VEX,6351307.995,,9275.544690550008
2026-08-25 07:18:56,7160.0,7174.0,Put DEX 5,DEX,-23.201,,9275.544690550008
2026-08-25 07:18:56,7200.0,7214.25,Put GEX 5,GEX,-206284.674,,9275.544690550008
2026-08-25 07:18:56,7300.0,7314.5,Call DEX 2,DEX,256.933,,9275.544690550008
2026-08-25 07:18:56,7300.0,7314.5,Call VEX 5,VEX,1862804.061,,9275.544690550008
2026-08-25 07:18:56,7400.0,7414.5,Call CEX 5,CEX,863609.388,,9275.544690550008
2026-08-25 07:18:56,7400.0,7414.5,Call DEX 5,DEX,217.909,,9275.544690550008
2026-08-25 07:18:56,7400.0,7414.5,Put GEX 3,GEX,-292246.586,,9275.544690550008
2026-08-25 07:18:56,7400.0,7414.5,Call VEX 3,VEX,2364142.949,,9275.544690550008
2026-08-25 07:18:56,7450.0,7464.75,Call DEX 3,DEX,251.157,,9275.544690550008
2026-08-25 07:18:56,7450.0,7464.75,Call VEX 4,VEX,1946196.589,,9275.544690550008
2026-08-25 07:18:56,7500.0,7514.75,Call CEX 3,CEX,1097594.24,,9275.544690550008
2026-08-25 07:18:56,7500.0,7514.75,Call DEX 4,DEX,223.705,,9275.544690550008
2026-08-25 07:18:56,7500.0,7514.75,Put GEX 2,GEX,-445649.183,,9275.544690550008
2026-08-25 07:18:56,7500.0,7514.75,Call VEX 2,VEX,3105563.866,,9275.544690550008
2026-08-25 07:18:56,7550.0,7565.0,Put GEX 4,GEX,-214798.744,,9275.544690550008
2026-08-25 07:18:56,7600.0,7615.0,Call CEX 2,CEX,1211021.184,,9275.544690550008
2026-08-25 07:18:56,7650.0,7665.0,Call CEX 1,CEX,1519083.823,,9275.544690550008
2026-08-25 07:18:56,7690.0,7705.25,Put CEX 3,CEX,-1681483.203,,9275.544690550008
2026-08-25 07:18:56,7690.0,7705.25,Call GEX 5,GEX,285163.807,,9275.544690550008
2026-08-25 07:18:56,7700.0,7715.25,Put CEX 2,CEX,-2109376.691,,9275.544690550008
2026-08-25 07:18:56,7700.0,7715.25,Put DEX 2,DEX,-68.171,,9275.544690550008
2026-08-25 07:18:56,7725.0,7740.25,Put CEX 4,CEX,-1271522.788,,9275.544690550008
2026-08-25 07:18:56,7750.0,7765.25,Put CEX 5,CEX,-1241963.084,,9275.544690550008
2026-08-25 07:18:56,7750.0,7765.25,Call GEX 3,GEX,379113.852,,9275.544690550008
2026-08-25 07:18:56,7750.0,7765.25,Put VEX 5,VEX,-670759.035,,9275.544690550008
2026-08-25 07:18:56,7780.0,7795.25,Put DEX 4,DEX,-23.35,,9275.544690550008
2026-08-25 07:18:56,7800.0,7815.25,Call GEX 2,GEX,508193.609,,9275.544690550008
2026-08-25 07:18:56,7800.0,7815.25,Put VEX 3,VEX,-1203126.175,,9275.544690550008
2026-08-25 07:18:56,7850.0,7865.5,Call GEX 4,GEX,307900.019,,9275.544690550008
2026-08-25 07:18:56,7900.0,7915.5,Call GEX 1,GEX,585414.007,,9275.544690550008
2026-08-25 07:18:56,7900.0,7915.5,Put VEX 2,VEX,-1227667.002,,9275.544690550008
2026-08-25 07:18:56,8000.0,8015.75,Put CEX 1,CEX,-3136121.257,,9275.544690550008
2026-08-25 07:18:56,8000.0,8015.75,Put DEX 1,DEX,-2097.349,,9275.544690550008
2026-08-25 07:18:56,8000.0,8015.75,Put VEX 1,VEX,-11630100.07,,9275.544690550008
2026-08-25 07:18:56,8200.0,8216.25,Put VEX 4,VEX,-723563.425,,9275.544690550008
2026-08-25 07:19:43,6800.0,6812.5,Put DEX 4,DEX,-26.781,,9274.07533358142
2026-08-25 07:19:43,7000.0,7013.0,Call CEX 4,CEX,1058285.754,,9274.07533358142
2026-08-25 07:19:43,7000.0,7013.0,Put DEX 2,DEX,-118.087,,9274.07533358142
2026-08-25 07:19:43,7000.0,7013.0,Put GEX 1,GEX,-762794.52,,9274.07533358142
2026-08-25 07:19:43,7000.0,7013.0,Call VEX 1,VEX,6032094.233,,9274.07533358142
2026-08-25 07:19:43,7160.0,7173.25,Put DEX 5,DEX,-23.152,,9274.07533358142
2026-08-25 07:19:43,7200.0,7213.25,Put GEX 5,GEX,-208020.937,,9274.07533358142
2026-08-25 07:19:43,7300.0,7313.5,Call DEX 1,DEX,261.646,,9274.07533358142
2026-08-25 07:19:43,7400.0,7413.75,Call CEX 5,CEX,928270.337,,9274.07533358142
2026-08-25 07:19:43,7400.0,7413.75,Call DEX 4,DEX,217.766,,9274.07533358142
2026-08-25 07:19:43,7400.0,7413.75,Put GEX 3,GEX,-294791.194,,9274.07533358142
2026-08-25 07:19:43,7400.0,7413.75,Call VEX 3,VEX,2355183.424,,9274.07533358142
2026-08-25 07:19:43,7450.0,7463.75,Call DEX 2,DEX,237.361,,9274.07533358142
2026-08-25 07:19:43,7450.0,7463.75,Call VEX 4,VEX,1929793.991,,9274.07533358142
2026-08-25 07:19:43,7500.0,7513.75,Call CEX 3,CEX,1087027.412,,9274.07533358142
2026-08-25 07:19:43,7500.0,7513.75,Call DEX 3,DEX,225.769,,9274.07533358142
2026-08-25 07:19:43,7500.0,7513.75,Put GEX 2,GEX,-442363.311,,9274.07533358142
2026-08-25 07:19:43,7500.0,7513.75,Call VEX 2,VEX,3113653.356,,9274.07533358142
2026-08-25 07:19:43,7550.0,7564.0,Put GEX 4,GEX,-208652.805,,9274.07533358142
2026-08-25 07:19:43,7600.0,7614.0,Call CEX 2,CEX,1167871.202,,9274.07533358142
2026-08-25 07:19:43,7600.0,7614.0,Call DEX 5,DEX,210.373,,9274.07533358142
2026-08-25 07:19:43,7600.0,7614.0,Call VEX 5,VEX,1860292.164,,9274.07533358142
2026-08-25 07:19:43,7650.0,7664.25,Call CEX 1,CEX,1504074.604,,9274.07533358142
2026-08-25 07:19:43,7690.0,7704.25,Put CEX 3,CEX,-1612607.868,,9274.07533358142
2026-08-25 07:19:43,7690.0,7704.25,Call GEX 4,GEX,324200.377,,9274.07533358142
2026-08-25 07:19:43,7700.0,7714.25,Put CEX 2,CEX,-2092440.325,,9274.07533358142
2026-08-25 07:19:43,7700.0,7714.25,Put DEX 3,DEX,-62.216,,9274.07533358142
2026-08-25 07:19:43,7725.0,7739.25,Put CEX 5,CEX,-1315060.046,,9274.07533358142
2026-08-25 07:19:43,7750.0,7764.25,Put CEX 4,CEX,-1322953.377,,9274.07533358142
2026-08-25 07:19:43,7750.0,7764.25,Call GEX 3,GEX,383409.389,,9274.07533358142
2026-08-25 07:19:43,7750.0,7764.25,Put VEX 5,VEX,-657868.568,,9274.07533358142
2026-08-25 07:19:43,7800.0,7814.5,Call GEX 2,GEX,518481.182,,9274.07533358142
2026-08-25 07:19:43,7800.0,7814.5,Put VEX 3,VEX,-1190485.397,,9274.07533358142
2026-08-25 07:19:43,7850.0,7864.5,Call GEX 5,GEX,310844.784,,9274.07533358142
2026-08-25 07:19:43,7900.0,7914.5,Call GEX 1,GEX,591304.983,,9274.07533358142
2026-08-25 07:19:43,7900.0,7914.5,Put VEX 2,VEX,-1226162.354,,9274.07533358142
2026-08-25 07:19:43,8000.0,8014.75,Put CEX 1,CEX,-3158229.663,,9274.07533358142
2026-08-25 07:19:43,8000.0,8014.75,Put DEX 1,DEX,-2076.371,,9274.07533358142
2026-08-25 07:19:43,8000.0,8014.75,Put VEX 1,VEX,-11648237.84,,9274.07533358142
2026-08-25 07:19:43,8200.0,8215.25,Put VEX 4,VEX,-726335.51,,9274.07533358142
2026-08-25 07:20:30,6800.0,6812.75,Put DEX 3,DEX,-26.818,,9275.50591178914
2026-08-25 07:20:30,7000.0,7013.25,Call CEX 4,CEX,1080536.845,,9275.50591178914
2026-08-25 07:20:30,7000.0,7013.25,Call DEX 1,DEX,795.791,,9275.50591178914
2026-08-25 07:20:30,7000.0,7013.25,Put GEX 1,GEX,-737291.921,,9275.50591178914
2026-08-25 07:20:30,7000.0,7013.25,Call VEX 1,VEX,6260184.703,,9275.50591178914
2026-08-25 07:20:30,7160.0,7173.5,Put DEX 5,DEX,-23.199,,9275.50591178914
2026-08-25 07:20:30,7200.0,7213.5,Put GEX 5,GEX,-206326.42,,9275.50591178914
2026-08-25 07:20:30,7300.0,7313.75,Call DEX 2,DEX,257.751,,9275.50591178914
2026-08-25 07:20:30,7300.0,7313.75,Call VEX 5,VEX,1853332.917,,9275.50591178914
2026-08-25 07:20:30,7400.0,7414.0,Call CEX 5,CEX,897839.538,,9275.50591178914
2026-08-25 07:20:30,7400.0,7414.0,Call DEX 5,DEX,214.745,,9275.50591178914
2026-08-25 07:20:30,7400.0,7414.0,Put GEX 3,GEX,-293479.108,,9275.50591178914
2026-08-25 07:20:30,7400.0,7414.0,Call VEX 3,VEX,2359858.1,,9275.50591178914
2026-08-25 07:20:30,7450.0,7464.0,Call DEX 3,DEX,238.92,,9275.50591178914
2026-08-25 07:20:30,7450.0,7464.0,Call VEX 4,VEX,1938525.098,,9275.50591178914
2026-08-25 07:20:30,7500.0,7514.25,Call CEX 3,CEX,1090885.955,,9275.50591178914
2026-08-25 07:20:30,7500.0,7514.25,Call DEX 4,DEX,220.644,,9275.50591178914
2026-08-25 07:20:30,7500.0,7514.25,Put GEX 2,GEX,-445934.657,,9275.50591178914
2026-08-25 07:20:30,7500.0,7514.25,Call VEX 2,VEX,3102886.64,,9275.50591178914
2026-08-25 07:20:30,7550.0,7564.25,Put GEX 4,GEX,-213241.145,,9275.50591178914
2026-08-25 07:20:30,7600.0,7614.25,Call CEX 2,CEX,1212771.627,,9275.50591178914
2026-08-25 07:20:30,7650.0,7664.5,Call CEX 1,CEX,1525633.691,,9275.50591178914
2026-08-25 07:20:30,7690.0,7704.5,Put CEX 3,CEX,-1677199.852,,9275.50591178914
2026-08-25 07:20:30,7690.0,7704.5,Call GEX 5,GEX,289598.727,,9275.50591178914
2026-08-25 07:20:30,7700.0,7714.5,Put CEX 2,CEX,-2114284.154,,9275.50591178914
2026-08-25 07:20:30,7700.0,7714.5,Put DEX 2,DEX,-67.582,,9275.50591178914
2026-08-25 07:20:30,7725.0,7739.5,Put CEX 4,CEX,-1294919.367,,9275.50591178914
2026-08-25 07:20:30,7750.0,7764.75,Put CEX 5,CEX,-1289375.053,,9275.50591178914
2026-08-25 07:20:30,7750.0,7764.75,Call GEX 3,GEX,375884.246,,9275.50591178914
2026-08-25 07:20:30,7750.0,7764.75,Put VEX 5,VEX,-671820.241,,9275.50591178914
2026-08-25 07:20:30,7780.0,7794.75,Put DEX 4,DEX,-23.252,,9275.50591178914
2026-08-25 07:20:30,7800.0,7814.75,Call GEX 2,GEX,508634.48,,9275.50591178914
2026-08-25 07:20:30,7800.0,7814.75,Put VEX 3,VEX,-1201834.579,,9275.50591178914
2026-08-25 07:20:30,7850.0,7864.75,Call GEX 4,GEX,307407.487,,9275.50591178914
2026-08-25 07:20:30,7900.0,7915.0,Call GEX 1,GEX,585590.842,,9275.50591178914
2026-08-25 07:20:30,7900.0,7915.0,Put VEX 2,VEX,-1226740.709,,9275.50591178914
2026-08-25 07:20:30,8000.0,8015.0,Put CEX 1,CEX,-3144683.321,,9275.50591178914
2026-08-25 07:20:30,8000.0,8015.0,Put DEX 1,DEX,-2094.518,,9275.50591178914
2026-08-25 07:20:30,8000.0,8015.0,Put VEX 1,VEX,-11639969.838,,9275.50591178914
2026-08-25 07:20:30,8200.0,8215.5,Put VEX 4,VEX,-724189.707,,9275.50591178914
2026-08-25 07:21:18,6800.0,6812.75,Put DEX 3,DEX,-26.848,,9276.544935758808
2026-08-25 07:21:18,7000.0,7013.0,Call CEX 4,CEX,1066727.637,,9276.544935758808
2026-08-25 07:21:18,7000.0,7013.0,Call DEX 1,DEX,798.428,,9276.544935758808
2026-08-25 07:21:18,7000.0,7013.0,Put GEX 1,GEX,-758910.809,,9276.544935758808
2026-08-25 07:21:18,7000.0,7013.0,Call VEX 1,VEX,6102762.39,,9276.544935758808
2026-08-25 07:21:18,7160.0,7173.5,Put DEX 5,DEX,-23.242,,9276.544935758808
2026-08-25 07:21:18,7200.0,7213.5,Put GEX 5,GEX,-206584.572,,9276.544935758808
2026-08-25 07:21:18,7300.0,7313.75,Call DEX 2,DEX,257.993,,9276.544935758808
2026-08-25 07:21:18,7300.0,7313.75,Call VEX 5,VEX,1847014.079,,9276.544935758808
2026-08-25 07:21:18,7400.0,7413.75,Call CEX 5,CEX,899826.605,,9276.544935758808
2026-08-25 07:21:18,7400.0,7413.75,Call DEX 5,DEX,214.919,,9276.544935758808
2026-08-25 07:21:18,7400.0,7413.75,Put GEX 3,GEX,-294391.929,,9276.544935758808
2026-08-25 07:21:18,7400.0,7413.75,Call VEX 3,VEX,2360570.048,,9276.544935758808
2026-08-25 07:21:18,7450.0,7464.0,Call DEX 3,DEX,233.333,,9276.544935758808
2026-08-25 07:21:18,7450.0,7464.0,Call VEX 4,VEX,1935168.98,,9276.544935758808
2026-08-25 07:21:18,7500.0,7514.0,Call CEX 3,CEX,1090335.313,,9276.544935758808
2026-08-25 07:21:18,7500.0,7514.0,Call DEX 4,DEX,219.65,,9276.544935758808
2026-08-25 07:21:18,7500.0,7514.0,Put GEX 2,GEX,-446827.783,,9276.544935758808
2026-08-25 07:21:18,7500.0,7514.0,Call VEX 2,VEX,3097909.533,,9276.544935758808
2026-08-25 07:21:18,7550.0,7564.25,Put GEX 4,GEX,-213210.099,,9276.544935758808
2026-08-25 07:21:18,7600.0,7614.25,Call CEX 2,CEX,1214087.376,,9276.544935758808
2026-08-25 07:21:18,7650.0,7664.25,Call CEX 1,CEX,1509340.716,,9276.544935758808
2026-08-25 07:21:18,7690.0,7704.5,Put CEX 3,CEX,-1709337.479,,9276.544935758808
2026-08-25 07:21:18,7690.0,7704.5,Call GEX 5,GEX,287179.153,,9276.544935758808
2026-08-25 07:21:18,7700.0,7714.5,Put CEX 2,CEX,-2109359.157,,9276.544935758808
2026-08-25 07:21:18,7700.0,7714.5,Put DEX 2,DEX,-69.459,,9276.544935758808
2026-08-25 07:21:18,7725.0,7739.5,Put CEX 5,CEX,-1303407.367,,9276.544935758808
2026-08-25 07:21:18,7750.0,7764.5,Put CEX 4,CEX,-1305133.649,,9276.544935758808
2026-08-25 07:21:18,7750.0,7764.5,Call GEX 3,GEX,376908.641,,9276.544935758808
2026-08-25 07:21:18,7750.0,7764.5,Put VEX 5,VEX,-678858.652,,9276.544935758808
2026-08-25 07:21:18,7780.0,7794.5,Put DEX 4,DEX,-23.496,,9276.544935758808
2026-08-25 07:21:18,7800.0,7814.5,Call GEX 2,GEX,508125.358,,9276.544935758808
2026-08-25 07:21:18,7800.0,7814.5,Put VEX 3,VEX,-1206837.732,,9276.544935758808
2026-08-25 07:21:18,7850.0,7864.75,Call GEX 4,GEX,306188.153,,9276.544935758808
2026-08-25 07:21:18,7900.0,7914.75,Call GEX 1,GEX,583328.61,,9276.544935758808
2026-08-25 07:21:18,7900.0,7914.75,Put VEX 2,VEX,-1225764.189,,9276.544935758808
2026-08-25 07:21:18,8000.0,8015.0,Put CEX 1,CEX,-3144744.355,,9276.544935758808
2026-08-25 07:21:18,8000.0,8015.0,Put DEX 1,DEX,-2093.948,,9276.544935758808
2026-08-25 07:21:18,8000.0,8015.0,Put VEX 1,VEX,-11634493.414,,9276.544935758808
2026-08-25 07:21:18,8200.0,8215.25,Put VEX 4,VEX,-725545.296,,9276.544935758808
2026-08-25 07:22:05,6800.0,6812.75,Put DEX 3,DEX,-25.514,6149.7495197044245,9277.126492567744
2026-08-25 07:22:05,7000.0,7013.0,Call CEX 4,CEX,1089916.107,6149.7495197044245,9277.126492567744
2026-08-25 07:22:05,7000.0,7013.0,Call DEX 1,DEX,792.051,6149.7495197044245,9277.126492567744
2026-08-25 07:22:05,7000.0,7013.0,Put GEX 1,GEX,-730486.423,6149.7495197044245,9277.126492567744
2026-08-25 07:22:05,7000.0,7013.0,Call VEX 1,VEX,6347993.019,6149.7495197044245,9277.126492567744
2026-08-25 07:22:05,7160.0,7173.5,Put DEX 5,DEX,-23.346,6149.7495197044245,9277.126492567744
2026-08-25 07:22:05,7200.0,7213.5,Put GEX 5,GEX,-206973.681,6149.7495197044245,9277.126492567744
2026-08-25 07:22:05,7300.0,7313.75,Call DEX 2,DEX,257.067,6149.7495197044245,9277.126492567744
2026-08-25 07:22:05,7300.0,7313.75,Call VEX 5,VEX,1864170.453,6149.7495197044245,9277.126492567744
2026-08-25 07:22:05,7400.0,7413.75,Call CEX 5,CEX,868494.415,6149.7495197044245,9277.126492567744
2026-08-25 07:22:05,7400.0,7413.75,Call DEX 5,DEX,216.305,6149.7495197044245,9277.126492567744
2026-08-25 07:22:05,7400.0,7413.75,Put GEX 3,GEX,-295374.071,6149.7495197044245,9277.126492567744
2026-08-25 07:22:05,7400.0,7413.75,Call VEX 3,VEX,2365323.914,6149.7495197044245,9277.126492567744
2026-08-25 07:22:05,7450.0,7464.0,Call DEX 3,DEX,235.694,6149.7495197044245,9277.126492567744
2026-08-25 07:22:05,7450.0,7464.0,Call VEX 4,VEX,1937914.674,6149.7495197044245,9277.126492567744
2026-08-25 07:22:05,7500.0,7514.0,Call CEX 3,CEX,1098209.989,6149.7495197044245,9277.126492567744
2026-08-25 07:22:05,7500.0,7514.0,Call DEX 4,DEX,218.338,6149.7495197044245,9277.126492567744
2026-08-25 07:22:05,7500.0,7514.0,Put GEX 2,GEX,-448806.736,6149.7495197044245,9277.126492567744
2026-08-25 07:22:05,7500.0,7514.0,Call VEX 2,VEX,3085861.763,6149.7495197044245,9277.126492567744
2026-08-25 07:22:05,7550.0,7564.25,Put GEX 4,GEX,-216443.197,6149.7495197044245,9277.126492567744
2026-08-25 07:22:05,7600.0,7614.25,Call CEX 2,CEX,1213798.073,6149.7495197044245,9277.126492567744
2026-08-25 07:22:05,7650.0,7664.25,Call CEX 1,CEX,1457428.032,6149.7495197044245,9277.126492567744
2026-08-25 07:22:05,7690.0,7704.5,Put CEX 3,CEX,-1762369.249,6149.7495197044245,9277.126492567744
2026-08-25 07:22:05,7690.0,7704.5,Call GEX 5,GEX,253653.854,6149.7495197044245,9277.126492567744
2026-08-25 07:22:05,7700.0,7714.5,Put CEX 2,CEX,-2108533.126,6149.7495197044245,9277.126492567744
2026-08-25 07:22:05,7700.0,7714.5,Put DEX 2,DEX,-76.049,6149.7495197044245,9277.126492567744
2026-08-25 07:22:05,7725.0,7739.5,Put CEX 4,CEX,-1244485.595,6149.7495197044245,9277.126492567744
2026-08-25 07:22:05,7750.0,7764.5,Put CEX 5,CEX,-1231156.294,6149.7495197044245,9277.126492567744
2026-08-25 07:22:05,7750.0,7764.5,Call GEX 3,GEX,369393.813,6149.7495197044245,9277.126492567744
2026-08-25 07:22:05,7750.0,7764.5,Put VEX 5,VEX,-694834.472,6149.7495197044245,9277.126492567744
2026-08-25 07:22:05,7780.0,7794.5,Put DEX 4,DEX,-24.53,6149.7495197044245,9277.126492567744
2026-08-25 07:22:05,7800.0,7814.5,Call GEX 2,GEX,500918.257,6149.7495197044245,9277.126492567744
2026-08-25 07:22:05,7800.0,7814.5,Put VEX 3,VEX,-1222079.73,6149.7495197044245,9277.126492567744
2026-08-25 07:22:05,7850.0,7864.75,Call GEX 4,GEX,303089.34,6149.7495197044245,9277.126492567744
2026-08-25 07:22:05,7900.0,7914.75,Call GEX 1,GEX,575730.125,6149.7495197044245,9277.126492567744
2026-08-25 07:22:05,7900.0,7914.75,Put VEX 2,VEX,-1223616.563,6149.7495197044245,9277.126492567744
2026-08-25 07:22:05,8000.0,8015.0,Put CEX 1,CEX,-3128071.77,6149.7495197044245,9277.126492567744
2026-08-25 07:22:05,8000.0,8015.0,Put DEX 1,DEX,-2104.399,6149.7495197044245,9277.126492567744
2026-08-25 07:22:05,8000.0,8015.0,Put VEX 1,VEX,-11623155.714,6149.7495197044245,9277.126492567744
2026-08-25 07:22:05,8200.0,8215.25,Put VEX 4,VEX,-720197.144,6149.7495197044245,9277.126492567744
2026-08-25 07:22:51,6800.0,6813.0,Put DEX 3,DEX,-25.548,6202.17286957547,9276.307622699876
2026-08-25 07:22:51,7000.0,7013.25,Call CEX 4,CEX,1088724.328,6202.17286957547,9276.307622699876
2026-08-25 07:22:51,7000.0,7013.25,Call DEX 1,DEX,791.849,6202.17286957547,9276.307622699876
2026-08-25 07:22:51,7000.0,7013.25,Put GEX 1,GEX,-734695.755,6202.17286957547,9276.307622699876
2026-08-25 07:22:51,7000.0,7013.25,Call VEX 1,VEX,6331219.332,6202.17286957547,9276.307622699876
2026-08-25 07:22:51,7160.0,7173.5,Put DEX 5,DEX,-23.371,6202.17286957547,9276.307622699876
2026-08-25 07:22:51,7200.0,7213.75,Put GEX 5,GEX,-206959.726,6202.17286957547,9276.307622699876
2026-08-25 07:22:51,7300.0,7314.0,Call DEX 2,DEX,255.708,6202.17286957547,9276.307622699876
2026-08-25 07:22:51,7300.0,7314.0,Call VEX 5,VEX,1864001.676,6202.17286957547,9276.307622699876
2026-08-25 07:22:51,7400.0,7414.0,Call CEX 5,CEX,909587.797,6202.17286957547,9276.307622699876
2026-08-25 07:22:51,7400.0,7414.0,Call DEX 5,DEX,215.944,6202.17286957547,9276.307622699876
2026-08-25 07:22:51,7400.0,7414.0,Put GEX 3,GEX,-295964.101,6202.17286957547,9276.307622699876
2026-08-25 07:22:51,7400.0,7414.0,Call VEX 3,VEX,2365681.928,6202.17286957547,9276.307622699876
2026-08-25 07:22:51,7450.0,7464.25,Call DEX 3,DEX,234.934,6202.17286957547,9276.307622699876
2026-08-25 07:22:51,7450.0,7464.25,Call VEX 4,VEX,1937741.558,6202.17286957547,9276.307622699876
2026-08-25 07:22:51,7500.0,7514.25,Call CEX 3,CEX,1097939.28,6202.17286957547,9276.307622699876
2026-08-25 07:22:51,7500.0,7514.25,Call DEX 4,DEX,217.57,6202.17286957547,9276.307622699876
2026-08-25 07:22:51,7500.0,7514.25,Put GEX 2,GEX,-448381.83,6202.17286957547,9276.307622699876
2026-08-25 07:22:51,7500.0,7514.25,Call VEX 2,VEX,3082323.473,6202.17286957547,9276.307622699876
2026-08-25 07:22:51,7550.0,7564.25,Put GEX 4,GEX,-216048.562,6202.17286957547,9276.307622699876
2026-08-25 07:22:51,7600.0,7614.5,Call CEX 2,CEX,1215230.64,6202.17286957547,9276.307622699876
2026-08-25 07:22:51,7650.0,7664.5,Call CEX 1,CEX,1454018.507,6202.17286957547,9276.307622699876
2026-08-25 07:22:51,7690.0,7704.75,Put CEX 3,CEX,-1768809.447,6202.17286957547,9276.307622699876
2026-08-25 07:22:51,7690.0,7704.75,Call GEX 5,GEX,250358.468,6202.17286957547,9276.307622699876
2026-08-25 07:22:51,7700.0,7714.75,Put CEX 2,CEX,-2103737.388,6202.17286957547,9276.307622699876
2026-08-25 07:22:51,7700.0,7714.75,Put DEX 2,DEX,-76.866,6202.17286957547,9276.307622699876
2026-08-25 07:22:51,7725.0,7739.75,Put CEX 4,CEX,-1241782.226,6202.17286957547,9276.307622699876
2026-08-25 07:22:51,7750.0,7764.75,Put CEX 5,CEX,-1222841.53,6202.17286957547,9276.307622699876
2026-08-25 07:22:51,7750.0,7764.75,Call GEX 3,GEX,372069.714,6202.17286957547,9276.307622699876
2026-08-25 07:22:51,7750.0,7764.75,Put VEX 5,VEX,-696737.453,6202.17286957547,9276.307622699876
2026-08-25 07:22:51,7780.0,7794.75,Put DEX 4,DEX,-24.653,6202.17286957547,9276.307622699876
2026-08-25 07:22:51,7800.0,7814.75,Call GEX 2,GEX,502218.55,6202.17286957547,9276.307622699876
2026-08-25 07:22:51,7800.0,7814.75,Put VEX 2,VEX,-1224400.464,6202.17286957547,9276.307622699876
2026-08-25 07:22:51,7850.0,7865.0,Call GEX 4,GEX,302848.821,6202.17286957547,9276.307622699876
2026-08-25 07:22:51,7900.0,7915.0,Call GEX 1,GEX,574925.463,6202.17286957547,9276.307622699876
2026-08-25 07:22:51,7900.0,7915.0,Put VEX 3,VEX,-1223337.805,6202.17286957547,9276.307622699876
2026-08-25 07:22:51,8000.0,8015.25,Put CEX 1,CEX,-3128511.078,6202.17286957547,9276.307622699876
2026-08-25 07:22:51,8000.0,8015.25,Put DEX 1,DEX,-2105.463,6202.17286957547,9276.307622699876
2026-08-25 07:22:51,8000.0,8015.25,Put VEX 1,VEX,-11618474.727,6202.17286957547,9276.307622699876
2026-08-25 07:22:51,8200.0,8215.5,Put VEX 4,VEX,-719645.114,6202.17286957547,9276.307622699876
2026-08-25 07:23:39,6800.0,6813.0,Put DEX 3,DEX,-25.552,6500.920759601556,9277.90752725254
2026-08-25 07:23:39,7000.0,7013.25,Call CEX 3,CEX,1104797.155,6500.920759601556,9277.90752725254
2026-08-25 07:23:39,7000.0,7013.25,Call DEX 1,DEX,786.095,6500.920759601556,9277.90752725254
2026-08-25 07:23:39,7000.0,7013.25,Put GEX 1,GEX,-718249.594,6500.920759601556,9277.90752725254
2026-08-25 07:23:39,7000.0,7013.25,Call VEX 1,VEX,6490326.59,6500.920759601556,9277.90752725254
2026-08-25 07:23:39,7160.0,7173.5,Put DEX 5,DEX,-23.397,6500.920759601556,9277.90752725254
2026-08-25 07:23:39,7200.0,7213.75,Put GEX 5,GEX,-207553.602,6500.920759601556,9277.90752725254
2026-08-25 07:23:39,7300.0,7313.75,Call DEX 2,DEX,255.311,6500.920759601556,9277.90752725254
2026-08-25 07:23:39,7300.0,7313.75,Call VEX 5,VEX,1876740.893,6500.920759601556,9277.90752725254
2026-08-25 07:23:39,7400.0,7414.0,Call CEX 5,CEX,920071.594,6500.920759601556,9277.90752725254
2026-08-25 07:23:39,7400.0,7414.0,Call DEX 4,DEX,215.339,6500.920759601556,9277.90752725254
2026-08-25 07:23:39,7400.0,7414.0,Put GEX 3,GEX,-297753.016,6500.920759601556,9277.90752725254
2026-08-25 07:23:39,7400.0,7414.0,Call VEX 3,VEX,2370685.722,6500.920759601556,9277.90752725254
2026-08-25 07:23:39,7450.0,7464.25,Call DEX 3,DEX,233.154,6500.920759601556,9277.90752725254
2026-08-25 07:23:39,7450.0,7464.25,Call VEX 4,VEX,1936173.48,6500.920759601556,9277.90752725254
2026-08-25 07:23:39,7500.0,7514.25,Call CEX 4,CEX,1098467.345,6500.920759601556,9277.90752725254
2026-08-25 07:23:39,7500.0,7514.25,Call DEX 5,DEX,210.053,6500.920759601556,9277.90752725254
2026-08-25 07:23:39,7500.0,7514.25,Put GEX 2,GEX,-452415.357,6500.920759601556,9277.90752725254
2026-08-25 07:23:39,7500.0,7514.25,Call VEX 2,VEX,3069559.431,6500.920759601556,9277.90752725254
2026-08-25 07:23:39,7550.0,7564.25,Put GEX 4,GEX,-220808.934,6500.920759601556,9277.90752725254
2026-08-25 07:23:39,7600.0,7614.5,Call CEX 2,CEX,1288365.045,6500.920759601556,9277.90752725254
2026-08-25 07:23:39,7650.0,7664.5,Call CEX 1,CEX,1373214.76,6500.920759601556,9277.90752725254
2026-08-25 07:23:39,7690.0,7704.5,Put CEX 3,CEX,-1786024.702,6500.920759601556,9277.90752725254
2026-08-25 07:23:39,7690.0,7704.5,Call GEX 5,GEX,225976.612,6500.920759601556,9277.90752725254
2026-08-25 07:23:39,7700.0,7714.5,Put CEX 2,CEX,-2084312.692,6500.920759601556,9277.90752725254
2026-08-25 07:23:39,7700.0,7714.5,Put DEX 2,DEX,-82.387,6500.920759601556,9277.90752725254
2026-08-25 07:23:39,7725.0,7739.75,Put CEX 4,CEX,-1249088.895,6500.920759601556,9277.90752725254
2026-08-25 07:23:39,7750.0,7764.75,Put CEX 5,CEX,-1239122.632,6500.920759601556,9277.90752725254
2026-08-25 07:23:39,7750.0,7764.75,Call GEX 3,GEX,365316.913,6500.920759601556,9277.90752725254
2026-08-25 07:23:39,7750.0,7764.75,Put VEX 5,VEX,-714880.561,6500.920759601556,9277.90752725254
2026-08-25 07:23:39,7780.0,7794.75,Put DEX 4,DEX,-25.418,6500.920759601556,9277.90752725254
2026-08-25 07:23:39,7800.0,7814.75,Call GEX 2,GEX,495162.044,6500.920759601556,9277.90752725254
2026-08-25 07:23:39,7800.0,7814.75,Put VEX 2,VEX,-1237822.446,6500.920759601556,9277.90752725254
2026-08-25 07:23:39,7850.0,7865.0,Call GEX 4,GEX,299278.785,6500.920759601556,9277.90752725254
2026-08-25 07:23:39,7900.0,7915.0,Call GEX 1,GEX,568834.611,6500.920759601556,9277.90752725254
2026-08-25 07:23:39,7900.0,7915.0,Put VEX 3,VEX,-1222518.918,6500.920759601556,9277.90752725254
2026-08-25 07:23:39,8000.0,8015.25,Put CEX 1,CEX,-3116763.798,6500.920759601556,9277.90752725254
2026-08-25 07:23:39,8000.0,8015.25,Put DEX 1,DEX,-2112.794,6500.920759601556,9277.90752725254
2026-08-25 07:23:39,8000.0,8015.25,Put VEX 1,VEX,-11602263.723,6500.920759601556,9277.90752725254
2026-08-25 07:23:39,8200.0,8215.5,Put VEX 4,VEX,-716330.267,6500.920759601556,9277.90752725254
2026-08-25 07:24:27,6800.0,6813.25,Put DEX 4,DEX,-25.733,6652.301840103763,9278.04643372948
2026-08-25 07:24:27,7000.0,7013.75,Call CEX 3,CEX,1110995.597,6652.301840103763,9278.04643372948
2026-08-25 07:24:27,7000.0,7013.75,Call DEX 1,DEX,783.675,6652.301840103763,9278.04643372948
2026-08-25 07:24:27,7000.0,7013.75,Put GEX 1,GEX,-711666.034,6652.301840103763,9278.04643372948
2026-08-25 07:24:27,7000.0,7013.75,Call VEX 1,VEX,6550904.311,6652.301840103763,9278.04643372948
2026-08-25 07:24:27,7160.0,7174.0,Put DEX 5,DEX,-23.431,6652.301840103763,9278.04643372948
2026-08-25 07:24:27,7300.0,7314.25,Call DEX 2,DEX,254.328,6652.301840103763,9278.04643372948
2026-08-25 07:24:27,7300.0,7314.25,Call VEX 5,VEX,1884054.116,6652.301840103763,9278.04643372948
2026-08-25 07:24:27,7400.0,7414.5,Call CEX 5,CEX,918865.952,6652.301840103763,9278.04643372948
2026-08-25 07:24:27,7400.0,7414.5,Call DEX 4,DEX,213.597,6652.301840103763,9278.04643372948
2026-08-25 07:24:27,7400.0,7414.5,Put GEX 3,GEX,-299173.874,6652.301840103763,9278.04643372948
2026-08-25 07:24:27,7400.0,7414.5,Call VEX 3,VEX,2370338.317,6652.301840103763,9278.04643372948
2026-08-25 07:24:27,7450.0,7464.5,Call DEX 3,DEX,231.953,6652.301840103763,9278.04643372948
2026-08-25 07:24:27,7450.0,7464.5,Call VEX 4,VEX,1934340.323,6652.301840103763,9278.04643372948
2026-08-25 07:24:27,7500.0,7514.5,Call CEX 4,CEX,1099850.665,6652.301840103763,9278.04643372948
2026-08-25 07:24:27,7500.0,7514.5,Call DEX 5,DEX,208.308,6652.301840103763,9278.04643372948
2026-08-25 07:24:27,7500.0,7514.5,Put GEX 2,GEX,-454851.985,6652.301840103763,9278.04643372948
2026-08-25 07:24:27,7500.0,7514.5,Call VEX 2,VEX,3064614.652,6652.301840103763,9278.04643372948
2026-08-25 07:24:27,7550.0,7564.75,Put GEX 4,GEX,-223576.484,6652.301840103763,9278.04643372948
2026-08-25 07:24:27,7600.0,7614.75,Call CEX 2,CEX,1304770.489,6652.301840103763,9278.04643372948
2026-08-25 07:24:27,7600.0,7614.75,Put GEX 5,GEX,-204980.918,6652.301840103763,9278.04643372948
2026-08-25 07:24:27,7650.0,7665.0,Call CEX 1,CEX,1334439.958,6652.301840103763,9278.04643372948
2026-08-25 07:24:27,7690.0,7705.0,Put CEX 3,CEX,-1789397.474,6652.301840103763,9278.04643372948
2026-08-25 07:24:27,7690.0,7705.0,Call GEX 5,GEX,214922.109,6652.301840103763,9278.04643372948
2026-08-25 07:24:27,7700.0,7715.0,Put CEX 2,CEX,-2093741.242,6652.301840103763,9278.04643372948
2026-08-25 07:24:27,7700.0,7715.0,Put DEX 2,DEX,-84.802,6652.301840103763,9278.04643372948
2026-08-25 07:24:27,7725.0,7740.0,Put CEX 4,CEX,-1248769.589,6652.301840103763,9278.04643372948
2026-08-25 07:24:27,7750.0,7765.0,Put CEX 5,CEX,-1233676.589,6652.301840103763,9278.04643372948
2026-08-25 07:24:27,7750.0,7765.0,Call GEX 3,GEX,361572.715,6652.301840103763,9278.04643372948
2026-08-25 07:24:27,7750.0,7765.0,Put VEX 4,VEX,-721867.648,6652.301840103763,9278.04643372948
2026-08-25 07:24:27,7780.0,7795.25,Put DEX 3,DEX,-25.83,6652.301840103763,9278.04643372948
2026-08-25 07:24:27,7800.0,7815.25,Call GEX 2,GEX,489924.495,6652.301840103763,9278.04643372948
2026-08-25 07:24:27,7800.0,7815.25,Put VEX 2,VEX,-1243941.425,6652.301840103763,9278.04643372948
2026-08-25 07:24:27,7850.0,7865.25,Call GEX 4,GEX,297373.371,6652.301840103763,9278.04643372948
2026-08-25 07:24:27,7900.0,7915.5,Call GEX 1,GEX,565159.029,6652.301840103763,9278.04643372948
2026-08-25 07:24:27,7900.0,7915.5,Put VEX 3,VEX,-1220917.439,6652.301840103763,9278.04643372948
2026-08-25 07:24:27,8000.0,8015.5,Put CEX 1,CEX,-3111375.861,6652.301840103763,9278.04643372948
2026-08-25 07:24:27,8000.0,8015.5,Put DEX 1,DEX,-2119.389,6652.301840103763,9278.04643372948
2026-08-25 07:24:27,8000.0,8015.5,Put VEX 1,VEX,-11592731.197,6652.301840103763,9278.04643372948
2026-08-25 07:24:27,8200.0,8216.0,Put VEX 5,VEX,-714759.791,6652.301840103763,9278.04643372948
2026-08-25 07:25:14,6800.0,6812.5,Put DEX 3,DEX,-27.075,6259.159449863841,9274.360899257264
2026-08-25 07:25:14,7000.0,7013.0,Call CEX 4,CEX,1086912.776,6259.159449863841,9274.360899257264
2026-08-25 07:25:14,7000.0,7013.0,Call DEX 1,DEX,792.254,6259.159449863841,9274.360899257264
2026-08-25 07:25:14,7000.0,7013.0,Put GEX 1,GEX,-741079.814,6259.159449863841,9274.360899257264
2026-08-25 07:25:14,7000.0,7013.0,Call VEX 1,VEX,6296720.765,6259.159449863841,9274.360899257264
2026-08-25 07:25:14,7160.0,7173.25,Put DEX 5,DEX,-23.408,6259.159449863841,9274.360899257264
2026-08-25 07:25:14,7200.0,7213.25,Put GEX 5,GEX,-210333.821,6259.159449863841,9274.360899257264
2026-08-25 07:25:14,7300.0,7313.5,Call DEX 2,DEX,255.645,6259.159449863841,9274.360899257264
2026-08-25 07:25:14,7300.0,7313.5,Call VEX 5,VEX,1863431.434,6259.159449863841,9274.360899257264
2026-08-25 07:25:14,7400.0,7413.75,Call CEX 5,CEX,908525.828,6259.159449863841,9274.360899257264
2026-08-25 07:25:14,7400.0,7413.75,Call DEX 5,DEX,211.261,6259.159449863841,9274.360899257264
2026-08-25 07:25:14,7400.0,7413.75,Put GEX 3,GEX,-297201.184,6259.159449863841,9274.360899257264
2026-08-25 07:25:14,7400.0,7413.75,Call VEX 3,VEX,2364280.895,6259.159449863841,9274.360899257264
2026-08-25 07:25:14,7450.0,7463.75,Call DEX 3,DEX,235.647,6259.159449863841,9274.360899257264
2026-08-25 07:25:14,7450.0,7463.75,Call VEX 4,VEX,1933761.024,6259.159449863841,9274.360899257264
2026-08-25 07:25:14,7500.0,7514.0,Call CEX 3,CEX,1095068.35,6259.159449863841,9274.360899257264
2026-08-25 07:25:14,7500.0,7514.0,Call DEX 4,DEX,214.154,6259.159449863841,9274.360899257264
2026-08-25 07:25:14,7500.0,7514.0,Put GEX 2,GEX,-450089.686,6259.159449863841,9274.360899257264
2026-08-25 07:25:14,7500.0,7514.0,Call VEX 2,VEX,3080278.714,6259.159449863841,9274.360899257264
2026-08-25 07:25:14,7550.0,7564.0,Put GEX 4,GEX,-218407.253,6259.159449863841,9274.360899257264
2026-08-25 07:25:14,7600.0,7614.0,Call CEX 2,CEX,1256072.935,6259.159449863841,9274.360899257264
2026-08-25 07:25:14,7650.0,7664.25,Call CEX 1,CEX,1460845.012,6259.159449863841,9274.360899257264
2026-08-25 07:25:14,7690.0,7704.25,Put CEX 3,CEX,-1781252.322,6259.159449863841,9274.360899257264
2026-08-25 07:25:14,7690.0,7704.25,Call GEX 5,GEX,251411.639,6259.159449863841,9274.360899257264
2026-08-25 07:25:14,7700.0,7714.25,Put CEX 2,CEX,-2106256.27,6259.159449863841,9274.360899257264
2026-08-25 07:25:14,7700.0,7714.25,Put DEX 2,DEX,-77.175,6259.159449863841,9274.360899257264
2026-08-25 07:25:14,7725.0,7739.25,Put CEX 4,CEX,-1261768.958,6259.159449863841,9274.360899257264
2026-08-25 07:25:14,7750.0,7764.25,Put CEX 5,CEX,-1252142.655,6259.159449863841,9274.360899257264
2026-08-25 07:25:14,7750.0,7764.25,Call GEX 3,GEX,368751.816,6259.159449863841,9274.360899257264
2026-08-25 07:25:14,7750.0,7764.25,Put VEX 5,VEX,-699264.214,6259.159449863841,9274.360899257264
2026-08-25 07:25:14,7780.0,7794.5,Put DEX 4,DEX,-24.635,6259.159449863841,9274.360899257264
2026-08-25 07:25:14,7800.0,7814.5,Call GEX 2,GEX,500731.976,6259.159449863841,9274.360899257264
2026-08-25 07:25:14,7800.0,7814.5,Put VEX 2,VEX,-1225152.613,6259.159449863841,9274.360899257264
2026-08-25 07:25:14,7850.0,7864.5,Call GEX 4,GEX,301564.677,6259.159449863841,9274.360899257264
2026-08-25 07:25:14,7900.0,7914.75,Call GEX 1,GEX,573526.751,6259.159449863841,9274.360899257264
2026-08-25 07:25:14,7900.0,7914.75,Put VEX 3,VEX,-1221684.092,6259.159449863841,9274.360899257264
2026-08-25 07:25:14,8000.0,8014.75,Put CEX 1,CEX,-3127150.133,6259.159449863841,9274.360899257264
2026-08-25 07:25:14,8000.0,8014.75,Put DEX 1,DEX,-2106.107,6259.159449863841,9274.360899257264
2026-08-25 07:25:14,8000.0,8014.75,Put VEX 1,VEX,-11603820.795,6259.159449863841,9274.360899257264
2026-08-25 07:25:14,8200.0,8215.25,Put VEX 4,VEX,-717846.625,6259.159449863841,9274.360899257264
2026-08-25 07:26:03,6800.0,6812.25,Put DEX 4,DEX,-27.076,6080.137911384763,9274.25203130452
2026-08-25 07:26:03,7000.0,7012.5,Call CEX 4,CEX,1065694.066,6080.137911384763,9274.25203130452
2026-08-25 07:26:03,7000.0,7012.5,Put DEX 2,DEX,-114.953,6080.137911384763,9274.25203130452
2026-08-25 07:26:03,7000.0,7012.5,Put GEX 1,GEX,-770891.31,6080.137911384763,9274.25203130452
2026-08-25 07:26:03,7000.0,7012.5,Call VEX 1,VEX,6068886.008,6080.137911384763,9274.25203130452
2026-08-25 07:26:03,7200.0,7212.75,Put GEX 5,GEX,-210776.341,6080.137911384763,9274.25203130452
2026-08-25 07:26:03,7300.0,7313.0,Call DEX 1,DEX,255.856,6080.137911384763,9274.25203130452
2026-08-25 07:26:03,7300.0,7313.0,Call VEX 5,VEX,1861671.078,6080.137911384763,9274.25203130452
2026-08-25 07:26:03,7400.0,7413.25,Call CEX 5,CEX,908537.236,6080.137911384763,9274.25203130452
2026-08-25 07:26:03,7400.0,7413.25,Call DEX 4,DEX,211.855,6080.137911384763,9274.25203130452
2026-08-25 07:26:03,7400.0,7413.25,Put GEX 3,GEX,-297649.376,6080.137911384763,9274.25203130452
2026-08-25 07:26:03,7400.0,7413.25,Call VEX 3,VEX,2362940.658,6080.137911384763,9274.25203130452
2026-08-25 07:26:03,7450.0,7463.25,Call DEX 2,DEX,230.869,6080.137911384763,9274.25203130452
2026-08-25 07:26:03,7450.0,7463.25,Call VEX 4,VEX,1930508.113,6080.137911384763,9274.25203130452
2026-08-25 07:26:03,7500.0,7513.5,Call CEX 3,CEX,1094582.045,6080.137911384763,9274.25203130452
2026-08-25 07:26:03,7500.0,7513.5,Call DEX 3,DEX,214.544,6080.137911384763,9274.25203130452
2026-08-25 07:26:03,7500.0,7513.5,Put GEX 2,GEX,-450169.953,6080.137911384763,9274.25203130452
2026-08-25 07:26:03,7500.0,7513.5,Call VEX 2,VEX,3079532.614,6080.137911384763,9274.25203130452
2026-08-25 07:26:03,7550.0,7563.5,Put GEX 4,GEX,-217981.215,6080.137911384763,9274.25203130452
2026-08-25 07:26:03,7600.0,7613.5,Call CEX 2,CEX,1253635.954,6080.137911384763,9274.25203130452
2026-08-25 07:26:03,7600.0,7613.5,Call DEX 5,DEX,197.989,6080.137911384763,9274.25203130452
2026-08-25 07:26:03,7650.0,7663.75,Call CEX 1,CEX,1458004.315,6080.137911384763,9274.25203130452
2026-08-25 07:26:03,7690.0,7703.75,Put CEX 3,CEX,-1779012.639,6080.137911384763,9274.25203130452
2026-08-25 07:26:03,7690.0,7703.75,Call GEX 5,GEX,256389.124,6080.137911384763,9274.25203130452
2026-08-25 07:26:03,7700.0,7713.75,Put CEX 2,CEX,-2096687.455,6080.137911384763,9274.25203130452
2026-08-25 07:26:03,7700.0,7713.75,Put DEX 3,DEX,-76.877,6080.137911384763,9274.25203130452
2026-08-25 07:26:03,7725.0,7738.75,Put CEX 5,CEX,-1229069.892,6080.137911384763,9274.25203130452
2026-08-25 07:26:03,7750.0,7763.75,Put CEX 4,CEX,-1283485.036,6080.137911384763,9274.25203130452
2026-08-25 07:26:03,7750.0,7763.75,Call GEX 3,GEX,368525.846,6080.137911384763,9274.25203130452
2026-08-25 07:26:03,7750.0,7763.75,Put VEX 5,VEX,-701400.936,6080.137911384763,9274.25203130452
2026-08-25 07:26:03,7780.0,7794.0,Put DEX 5,DEX,-24.59,6080.137911384763,9274.25203130452
2026-08-25 07:26:03,7800.0,7814.0,Call GEX 2,GEX,501332.869,6080.137911384763,9274.25203130452
2026-08-25 07:26:03,7800.0,7814.0,Put VEX 2,VEX,-1225425.628,6080.137911384763,9274.25203130452
2026-08-25 07:26:03,7850.0,7864.0,Call GEX 4,GEX,301508.946,6080.137911384763,9274.25203130452
2026-08-25 07:26:03,7900.0,7914.0,Call GEX 1,GEX,573614.709,6080.137911384763,9274.25203130452
2026-08-25 07:26:03,7900.0,7914.0,Put VEX 3,VEX,-1221294.679,6080.137911384763,9274.25203130452
2026-08-25 07:26:03,8000.0,8014.25,Put CEX 1,CEX,-3131734.383,6080.137911384763,9274.25203130452
2026-08-25 07:26:03,8000.0,8014.25,Put DEX 1,DEX,-2103.597,6080.137911384763,9274.25203130452
2026-08-25 07:26:03,8000.0,8014.25,Put VEX 1,VEX,-11605979.143,6080.137911384763,9274.25203130452
2026-08-25 07:26:03,8200.0,8214.75,Put VEX 4,VEX,-718175.122,6080.137911384763,9274.25203130452
2026-08-25 07:26:50,6800.0,6812.75,Put DEX 3,DEX,-27.125,6351.006852177354,9276.148601700112
2026-08-25 07:26:50,7000.0,7013.25,Call CEX 4,CEX,1089204.686,6351.006852177354,9276.148601700112
2026-08-25 07:26:50,7000.0,7013.25,Call DEX 1,DEX,791.22,6351.006852177354,9276.148601700112
2026-08-25 07:26:50,7000.0,7013.25,Put GEX 1,GEX,-739630.249,6351.006852177354,9276.148601700112
2026-08-25 07:26:50,7000.0,7013.25,Call VEX 1,VEX,6318709.263,6351.006852177354,9276.148601700112
2026-08-25 07:26:50,7160.0,7173.5,Put DEX 5,DEX,-23.451,6351.006852177354,9276.148601700112
2026-08-25 07:26:50,7200.0,7213.5,Put GEX 5,GEX,-211123.132,6351.006852177354,9276.148601700112
2026-08-25 07:26:50,7300.0,7313.75,Call DEX 2,DEX,255.865,6351.006852177354,9276.148601700112
2026-08-25 07:26:50,7300.0,7313.75,Call VEX 5,VEX,1866893.53,6351.006852177354,9276.148601700112
2026-08-25 07:26:50,7400.0,7414.0,Call CEX 5,CEX,913340.274,6351.006852177354,9276.148601700112
2026-08-25 07:26:50,7400.0,7414.0,Call DEX 4,DEX,214.352,6351.006852177354,9276.148601700112
2026-08-25 07:26:50,7400.0,7414.0,Put GEX 3,GEX,-297996.278,6351.006852177354,9276.148601700112
2026-08-25 07:26:50,7400.0,7414.0,Call VEX 3,VEX,2366074.07,6351.006852177354,9276.148601700112
2026-08-25 07:26:50,7450.0,7464.0,Call DEX 3,DEX,229.368,6351.006852177354,9276.148601700112
2026-08-25 07:26:50,7450.0,7464.0,Call VEX 4,VEX,1932314.967,6351.006852177354,9276.148601700112
2026-08-25 07:26:50,7500.0,7514.0,Call CEX 3,CEX,1098361.602,6351.006852177354,9276.148601700112
2026-08-25 07:26:50,7500.0,7514.0,Call DEX 5,DEX,212.266,6351.006852177354,9276.148601700112
2026-08-25 07:26:50,7500.0,7514.0,Put GEX 2,GEX,-451516.258,6351.006852177354,9276.148601700112
2026-08-25 07:26:50,7500.0,7514.0,Call VEX 2,VEX,3074259.586,6351.006852177354,9276.148601700112
2026-08-25 07:26:50,7550.0,7564.25,Put GEX 4,GEX,-219447.513,6351.006852177354,9276.148601700112
2026-08-25 07:26:50,7600.0,7614.25,Call CEX 2,CEX,1256795.262,6351.006852177354,9276.148601700112
2026-08-25 07:26:50,7650.0,7664.5,Call CEX 1,CEX,1431076.129,6351.006852177354,9276.148601700112
2026-08-25 07:26:50,7690.0,7704.5,Put CEX 3,CEX,-1792614.739,6351.006852177354,9276.148601700112
2026-08-25 07:26:50,7690.0,7704.5,Call GEX 5,GEX,240001.916,6351.006852177354,9276.148601700112
2026-08-25 07:26:50,7700.0,7714.5,Put CEX 2,CEX,-2094149.301,6351.006852177354,9276.148601700112
2026-08-25 07:26:50,7700.0,7714.5,Put DEX 2,DEX,-79.851,6351.006852177354,9276.148601700112
2026-08-25 07:26:50,7725.0,7739.5,Put CEX 5,CEX,-1246467.102,6351.006852177354,9276.148601700112
2026-08-25 07:26:50,7750.0,7764.5,Put CEX 4,CEX,-1266114.046,6351.006852177354,9276.148601700112
2026-08-25 07:26:50,7750.0,7764.5,Call GEX 3,GEX,366123.217,6351.006852177354,9276.148601700112
2026-08-25 07:26:50,7750.0,7764.5,Put VEX 5,VEX,-708654.952,6351.006852177354,9276.148601700112
2026-08-25 07:26:50,7780.0,7794.75,Put DEX 4,DEX,-25.046,6351.006852177354,9276.148601700112
2026-08-25 07:26:50,7800.0,7814.75,Call GEX 2,GEX,497079.777,6351.006852177354,9276.148601700112
2026-08-25 07:26:50,7800.0,7814.75,Put VEX 2,VEX,-1232578.048,6351.006852177354,9276.148601700112
2026-08-25 07:26:50,7850.0,7864.75,Call GEX 4,GEX,300077.431,6351.006852177354,9276.148601700112
2026-08-25 07:26:50,7900.0,7914.75,Call GEX 1,GEX,570753.913,6351.006852177354,9276.148601700112
2026-08-25 07:26:50,7900.0,7914.75,Put VEX 3,VEX,-1221772.504,6351.006852177354,9276.148601700112
2026-08-25 07:26:50,8000.0,8015.0,Put CEX 1,CEX,-3124018.236,6351.006852177354,9276.148601700112
2026-08-25 07:26:50,8000.0,8015.0,Put DEX 1,DEX,-2109.035,6351.006852177354,9276.148601700112
2026-08-25 07:26:50,8000.0,8015.0,Put VEX 1,VEX,-11603550.004,6351.006852177354,9276.148601700112
2026-08-25 07:26:50,8200.0,8215.5,Put VEX 4,VEX,-716688.226,6351.006852177354,9276.148601700112
2026-08-25 07:27:38,6800.0,6813.25,Put DEX 3,DEX,-25.626,6501.075412651088,9278.871493146878
2026-08-25 07:27:38,7000.0,7013.75,Call CEX 3,CEX,1112979.792,6501.075412651088,9278.871493146878
2026-08-25 07:27:38,7000.0,7013.75,Call DEX 1,DEX,783.555,6501.075412651088,9278.871493146878
2026-08-25 07:27:38,7000.0,7013.75,Put GEX 1,GEX,-706643.329,6501.075412651088,9278.871493146878
2026-08-25 07:27:38,7000.0,7013.75,Call VEX 1,VEX,6573389.88,6501.075412651088,9278.871493146878
2026-08-25 07:27:38,7160.0,7174.0,Put DEX 5,DEX,-23.383,6501.075412651088,9278.871493146878
2026-08-25 07:27:38,7300.0,7314.25,Call DEX 2,DEX,254.254,6501.075412651088,9278.871493146878
2026-08-25 07:27:38,7300.0,7314.25,Call VEX 5,VEX,1886517.799,6501.075412651088,9278.871493146878
2026-08-25 07:27:38,7400.0,7414.5,Call CEX 5,CEX,916334.438,6501.075412651088,9278.871493146878
2026-08-25 07:27:38,7400.0,7414.5,Call DEX 5,DEX,212.533,6501.075412651088,9278.871493146878
2026-08-25 07:27:38,7400.0,7414.5,Put GEX 3,GEX,-296206.861,6501.075412651088,9278.871493146878
2026-08-25 07:27:38,7400.0,7414.5,Call VEX 3,VEX,2370116.583,6501.075412651088,9278.871493146878
2026-08-25 07:27:38,7450.0,7464.5,Call DEX 3,DEX,245.591,6501.075412651088,9278.871493146878
2026-08-25 07:27:38,7450.0,7464.5,Call VEX 4,VEX,1943820.843,6501.075412651088,9278.871493146878
2026-08-25 07:27:38,7500.0,7514.75,Call CEX 4,CEX,1106480.732,6501.075412651088,9278.871493146878
2026-08-25 07:27:38,7500.0,7514.75,Call DEX 4,DEX,213.822,6501.075412651088,9278.871493146878
2026-08-25 07:27:38,7500.0,7514.75,Put GEX 2,GEX,-452051.347,6501.075412651088,9278.871493146878
2026-08-25 07:27:38,7500.0,7514.75,Call VEX 2,VEX,3073310.799,6501.075412651088,9278.871493146878
2026-08-25 07:27:38,7550.0,7564.75,Put GEX 4,GEX,-222552.661,6501.075412651088,9278.871493146878
2026-08-25 07:27:38,7600.0,7614.75,Call CEX 2,CEX,1259000.664,6501.075412651088,9278.871493146878
2026-08-25 07:27:38,7600.0,7614.75,Put GEX 5,GEX,-199903.29,6501.075412651088,9278.871493146878
2026-08-25 07:27:38,7650.0,7665.0,Call CEX 1,CEX,1404421.818,6501.075412651088,9278.871493146878
2026-08-25 07:27:38,7690.0,7705.0,Put CEX 3,CEX,-1805226.826,6501.075412651088,9278.871493146878
2026-08-25 07:27:38,7690.0,7705.0,Call GEX 5,GEX,228083.228,6501.075412651088,9278.871493146878
2026-08-25 07:27:38,7700.0,7715.0,Put CEX 2,CEX,-2098109.59,6501.075412651088,9278.871493146878
2026-08-25 07:27:38,7700.0,7715.0,Put DEX 2,DEX,-81.652,6501.075412651088,9278.871493146878
2026-08-25 07:27:38,7725.0,7740.0,Put CEX 4,CEX,-1230259.203,6501.075412651088,9278.871493146878
2026-08-25 07:27:38,7750.0,7765.0,Put CEX 5,CEX,-1187581.99,6501.075412651088,9278.871493146878
2026-08-25 07:27:38,7750.0,7765.0,Call GEX 3,GEX,367770.096,6501.075412651088,9278.871493146878
2026-08-25 07:27:38,7750.0,7765.0,Put VEX 5,VEX,-706885.658,6501.075412651088,9278.871493146878
2026-08-25 07:27:38,7780.0,7795.25,Put DEX 4,DEX,-25.33,6501.075412651088,9278.871493146878
2026-08-25 07:27:38,7800.0,7815.25,Call GEX 2,GEX,493700.322,6501.075412651088,9278.871493146878
2026-08-25 07:27:38,7800.0,7815.25,Put VEX 2,VEX,-1234050.2,6501.075412651088,9278.871493146878
2026-08-25 07:27:38,7850.0,7865.25,Call GEX 4,GEX,299718.564,6501.075412651088,9278.871493146878
2026-08-25 07:27:38,7900.0,7915.5,Call GEX 1,GEX,568900.427,6501.075412651088,9278.871493146878
2026-08-25 07:27:38,7900.0,7915.5,Put VEX 3,VEX,-1221877.28,6501.075412651088,9278.871493146878
2026-08-25 07:27:38,8000.0,8015.5,Put CEX 1,CEX,-3111632.435,6501.075412651088,9278.871493146878
2026-08-25 07:27:38,8000.0,8015.5,Put DEX 1,DEX,-2119.278,6501.075412651088,9278.871493146878
2026-08-25 07:27:38,8000.0,8015.5,Put VEX 1,VEX,-11598507.945,6501.075412651088,9278.871493146878
2026-08-25 07:27:38,8200.0,8216.0,Put VEX 4,VEX,-716117.444,6501.075412651088,9278.871493146878
2026-08-25 07:28:26,6800.0,6813.25,Put DEX 3,DEX,-27.101,6453.135816072844,9277.465451572378
2026-08-25 07:28:26,7000.0,7013.5,Call CEX 4,CEX,1104663.748,6453.135816072844,9277.465451572378
2026-08-25 07:28:26,7000.0,7013.5,Call DEX 1,DEX,786.68,6453.135816072844,9277.465451572378
2026-08-25 07:28:26,7000.0,7013.5,Put GEX 1,GEX,-718498.786,6453.135816072844,9277.465451572378
2026-08-25 07:28:26,7000.0,7013.5,Call VEX 1,VEX,6482564.894,6453.135816072844,9277.465451572378
2026-08-25 07:28:26,7160.0,7173.75,Put DEX 5,DEX,-23.391,6453.135816072844,9277.465451572378
2026-08-25 07:28:26,7200.0,7214.0,Put GEX 5,GEX,-203232.579,6453.135816072844,9277.465451572378
2026-08-25 07:28:26,7300.0,7314.0,Call DEX 2,DEX,255.143,6453.135816072844,9277.465451572378
2026-08-25 07:28:26,7300.0,7314.0,Call VEX 5,VEX,1878692.707,6453.135816072844,9277.465451572378
2026-08-25 07:28:26,7400.0,7414.25,Call CEX 5,CEX,915710.652,6453.135816072844,9277.465451572378
2026-08-25 07:28:26,7400.0,7414.25,Call DEX 5,DEX,213.452,6453.135816072844,9277.465451572378
2026-08-25 07:28:26,7400.0,7414.25,Put GEX 3,GEX,-296507.362,6453.135816072844,9277.465451572378
2026-08-25 07:28:26,7400.0,7414.25,Call VEX 3,VEX,2368511.787,6453.135816072844,9277.465451572378
2026-08-25 07:28:26,7450.0,7464.5,Call DEX 3,DEX,246.307,6453.135816072844,9277.465451572378
2026-08-25 07:28:26,7450.0,7464.5,Call VEX 4,VEX,1941545.838,6453.135816072844,9277.465451572378
2026-08-25 07:28:26,7500.0,7514.5,Call CEX 3,CEX,1105320.032,6453.135816072844,9277.465451572378
2026-08-25 07:28:26,7500.0,7514.5,Call DEX 4,DEX,214.625,6453.135816072844,9277.465451572378
2026-08-25 07:28:26,7500.0,7514.5,Put GEX 2,GEX,-450489.783,6453.135816072844,9277.465451572378
2026-08-25 07:28:26,7500.0,7514.5,Call VEX 2,VEX,3074240.036,6453.135816072844,9277.465451572378
2026-08-25 07:28:26,7550.0,7564.5,Put GEX 4,GEX,-220952.539,6453.135816072844,9277.465451572378
2026-08-25 07:28:26,7600.0,7614.75,Call CEX 2,CEX,1260326.188,6453.135816072844,9277.465451572378
2026-08-25 07:28:26,7650.0,7664.75,Call CEX 1,CEX,1417175.648,6453.135816072844,9277.465451572378
2026-08-25 07:28:26,7690.0,7704.75,Put CEX 3,CEX,-1807519.936,6453.135816072844,9277.465451572378
2026-08-25 07:28:26,7690.0,7704.75,Call GEX 5,GEX,230112.931,6453.135816072844,9277.465451572378
2026-08-25 07:28:26,7700.0,7715.0,Put CEX 2,CEX,-2101266.397,6453.135816072844,9277.465451572378
2026-08-25 07:28:26,7700.0,7715.0,Put DEX 2,DEX,-81.247,6453.135816072844,9277.465451572378
2026-08-25 07:28:26,7725.0,7740.0,Put CEX 4,CEX,-1214954.893,6453.135816072844,9277.465451572378
2026-08-25 07:28:26,7750.0,7765.0,Put CEX 5,CEX,-1200565.252,6453.135816072844,9277.465451572378
2026-08-25 07:28:26,7750.0,7765.0,Call GEX 3,GEX,368928.957,6453.135816072844,9277.465451572378
2026-08-25 07:28:26,7750.0,7765.0,Put VEX 5,VEX,-706236.627,6453.135816072844,9277.465451572378
2026-08-25 07:28:26,7780.0,7795.0,Put DEX 4,DEX,-25.285,6453.135816072844,9277.465451572378
2026-08-25 07:28:26,7800.0,7815.0,Call GEX 2,GEX,495761.193,6453.135816072844,9277.465451572378
2026-08-25 07:28:26,7800.0,7815.0,Put VEX 2,VEX,-1233551.176,6453.135816072844,9277.465451572378
2026-08-25 07:28:26,7850.0,7865.25,Call GEX 4,GEX,300255.65,6453.135816072844,9277.465451572378
2026-08-25 07:28:26,7900.0,7915.25,Call GEX 1,GEX,569720.058,6453.135816072844,9277.465451572378
2026-08-25 07:28:26,7900.0,7915.25,Put VEX 3,VEX,-1222066.562,6453.135816072844,9277.465451572378
2026-08-25 07:28:26,8000.0,8015.5,Put CEX 1,CEX,-3113078.655,6453.135816072844,9277.465451572378
2026-08-25 07:28:26,8000.0,8015.5,Put DEX 1,DEX,-2115.186,6453.135816072844,9277.465451572378
2026-08-25 07:28:26,8000.0,8015.5,Put VEX 1,VEX,-11597583.379,6453.135816072844,9277.465451572378
2026-08-25 07:28:26,8200.0,8215.75,Put VEX 4,VEX,-716047.951,6453.135816072844,9277.465451572378
2026-08-25 07:29:14,6800.0,6813.0,Put DEX 3,DEX,-25.719,6594.753644430222,9279.256565318212
2026-08-25 07:29:14,7000.0,7013.5,Call CEX 4,CEX,1101619.988,6594.753644430222,9279.256565318212
2026-08-25 07:29:14,7000.0,7013.5,Call DEX 1,DEX,787.128,6594.753644430222,9279.256565318212
2026-08-25 07:29:14,7000.0,7013.5,Put GEX 1,GEX,-727198.415,6594.753644430222,9279.256565318212
2026-08-25 07:29:14,7000.0,7013.5,Call VEX 1,VEX,6439166.15,6594.753644430222,9279.256565318212
2026-08-25 07:29:14,7160.0,7173.75,Put DEX 5,DEX,-23.441,6594.753644430222,9279.256565318212
2026-08-25 07:29:14,7200.0,7213.75,Put GEX 5,GEX,-209747.572,6594.753644430222,9279.256565318212
2026-08-25 07:29:14,7300.0,7314.0,Call DEX 2,DEX,255.178,6594.753644430222,9279.256565318212
2026-08-25 07:29:14,7300.0,7314.0,Call VEX 5,VEX,1876837.785,6594.753644430222,9279.256565318212
2026-08-25 07:29:14,7400.0,7414.25,Call CEX 5,CEX,920867.816,6594.753644430222,9279.256565318212
2026-08-25 07:29:14,7400.0,7414.25,Call DEX 4,DEX,215.136,6594.753644430222,9279.256565318212
2026-08-25 07:29:14,7400.0,7414.25,Put GEX 3,GEX,-297512.114,6594.753644430222,9279.256565318212
2026-08-25 07:29:14,7400.0,7414.25,Call VEX 3,VEX,2369530.221,6594.753644430222,9279.256565318212
2026-08-25 07:29:14,7450.0,7464.25,Call DEX 3,DEX,232.874,6594.753644430222,9279.256565318212
2026-08-25 07:29:14,7450.0,7464.25,Call VEX 4,VEX,1936001.22,6594.753644430222,9279.256565318212
2026-08-25 07:29:14,7500.0,7514.5,Call CEX 3,CEX,1101640.724,6594.753644430222,9279.256565318212
2026-08-25 07:29:14,7500.0,7514.5,Call DEX 5,DEX,209.428,6594.753644430222,9279.256565318212
2026-08-25 07:29:14,7500.0,7514.5,Put GEX 2,GEX,-452436.227,6594.753644430222,9279.256565318212
2026-08-25 07:29:14,7500.0,7514.5,Call VEX 2,VEX,3066887.795,6594.753644430222,9279.256565318212
2026-08-25 07:29:14,7550.0,7564.5,Put GEX 4,GEX,-221322.768,6594.753644430222,9279.256565318212
2026-08-25 07:29:14,7600.0,7614.5,Call CEX 2,CEX,1279298.971,6594.753644430222,9279.256565318212
2026-08-25 07:29:14,7650.0,7664.75,Call CEX 1,CEX,1382777.972,6594.753644430222,9279.256565318212
2026-08-25 07:29:14,7690.0,7704.75,Put CEX 3,CEX,-1810285.017,6594.753644430222,9279.256565318212
2026-08-25 07:29:14,7690.0,7704.75,Call GEX 5,GEX,220708.05,6594.753644430222,9279.256565318212
2026-08-25 07:29:14,7700.0,7714.75,Put CEX 2,CEX,-2104161.035,6594.753644430222,9279.256565318212
2026-08-25 07:29:14,7700.0,7714.75,Put DEX 2,DEX,-83.607,6594.753644430222,9279.256565318212
2026-08-25 07:29:14,7725.0,7739.75,Put CEX 4,CEX,-1231471.692,6594.753644430222,9279.256565318212
2026-08-25 07:29:14,7750.0,7764.75,Put CEX 5,CEX,-1227437.811,6594.753644430222,9279.256565318212
2026-08-25 07:29:14,7750.0,7764.75,Call GEX 3,GEX,366524.767,6594.753644430222,9279.256565318212
2026-08-25 07:29:14,7750.0,7764.75,Put VEX 4,VEX,-717006.566,6594.753644430222,9279.256565318212
2026-08-25 07:29:14,7780.0,7795.0,Put DEX 4,DEX,-25.638,6594.753644430222,9279.256565318212
2026-08-25 07:29:14,7800.0,7815.0,Call GEX 2,GEX,493995.459,6594.753644430222,9279.256565318212
2026-08-25 07:29:14,7800.0,7815.0,Put VEX 2,VEX,-1240196.493,6594.753644430222,9279.256565318212
2026-08-25 07:29:14,7850.0,7865.0,Call GEX 4,GEX,298582.567,6594.753644430222,9279.256565318212
2026-08-25 07:29:14,7900.0,7915.25,Call GEX 1,GEX,566681.59,6594.753644430222,9279.256565318212
2026-08-25 07:29:14,7900.0,7915.25,Put VEX 3,VEX,-1220590.787,6594.753644430222,9279.256565318212
2026-08-25 07:29:14,8000.0,8015.25,Put CEX 1,CEX,-3111522.445,6594.753644430222,9279.256565318212
2026-08-25 07:29:14,8000.0,8015.25,Put DEX 1,DEX,-2115.508,6594.753644430222,9279.256565318212
2026-08-25 07:29:14,8000.0,8015.25,Put VEX 1,VEX,-11592592.77,6594.753644430222,9279.256565318212
2026-08-25 07:29:14,8200.0,8215.75,Put VEX 5,VEX,-714992.779,6594.753644430222,9279.256565318212
2026-08-25 07:30:01,6800.0,6813.25,Put DEX 4,DEX,-25.84,6827.5878577604735,9278.32470716154
2026-08-25 07:30:01,7000.0,7013.5,Call CEX 3,CEX,1111550.912,6827.5878577604735,9278.32470716154
2026-08-25 07:30:01,7000.0,7013.5,Call DEX 1,DEX,788.561,6827.5878577604735,9278.32470716154
2026-08-25 07:30:01,7000.0,7013.5,Put GEX 1,GEX,-717739.003,6827.5878577604735,9278.32470716154
2026-08-25 07:30:01,7000.0,7013.5,Call VEX 1,VEX,6537167.476,6827.5878577604735,9278.32470716154
2026-08-25 07:30:01,7160.0,7173.75,Put DEX 5,DEX,-23.549,6827.5878577604735,9278.32470716154
2026-08-25 07:30:01,7300.0,7314.0,Call DEX 2,DEX,253.427,6827.5878577604735,9278.32470716154
2026-08-25 07:30:01,7300.0,7314.0,Call VEX 5,VEX,1887095.539,6827.5878577604735,9278.32470716154
2026-08-25 07:30:01,7400.0,7414.25,Call CEX 5,CEX,926388.371,6827.5878577604735,9278.32470716154
2026-08-25 07:30:01,7400.0,7414.25,Call DEX 4,DEX,212.971,6827.5878577604735,9278.32470716154
2026-08-25 07:30:01,7400.0,7414.25,Put GEX 3,GEX,-299498.481,6827.5878577604735,9278.32470716154
2026-08-25 07:30:01,7400.0,7414.25,Call VEX 3,VEX,2371384.667,6827.5878577604735,9278.32470716154
2026-08-25 07:30:01,7450.0,7464.5,Call DEX 3,DEX,243.224,6827.5878577604735,9278.32470716154
2026-08-25 07:30:01,7450.0,7464.5,Call VEX 4,VEX,1941016.443,6827.5878577604735,9278.32470716154
2026-08-25 07:30:01,7500.0,7514.5,Call CEX 4,CEX,1108651.594,6827.5878577604735,9278.32470716154
2026-08-25 07:30:01,7500.0,7514.5,Call DEX 5,DEX,209.11,6827.5878577604735,9278.32470716154
2026-08-25 07:30:01,7500.0,7514.5,Put GEX 2,GEX,-454064.079,6827.5878577604735,9278.32470716154
2026-08-25 07:30:01,7500.0,7514.5,Call VEX 2,VEX,3055906.286,6827.5878577604735,9278.32470716154
2026-08-25 07:30:01,7550.0,7564.5,Put GEX 4,GEX,-224234.048,6827.5878577604735,9278.32470716154
2026-08-25 07:30:01,7600.0,7614.75,Call CEX 1,CEX,1296715.501,6827.5878577604735,9278.32470716154
2026-08-25 07:30:01,7600.0,7614.75,Put GEX 5,GEX,-207319.746,6827.5878577604735,9278.32470716154
2026-08-25 07:30:01,7650.0,7664.75,Call CEX 2,CEX,1269070.512,6827.5878577604735,9278.32470716154
2026-08-25 07:30:01,7665.0,7679.75,Call GEX 5,GEX,202955.481,6827.5878577604735,9278.32470716154
2026-08-25 07:30:01,7690.0,7704.75,Put CEX 3,CEX,-1803443.576,6827.5878577604735,9278.32470716154
2026-08-25 07:30:01,7700.0,7714.75,Put CEX 2,CEX,-2073792.024,6827.5878577604735,9278.32470716154
2026-08-25 07:30:01,7700.0,7714.75,Put DEX 2,DEX,-89.731,6827.5878577604735,9278.32470716154
2026-08-25 07:30:01,7725.0,7740.0,Put CEX 4,CEX,-1183346.099,6827.5878577604735,9278.32470716154
2026-08-25 07:30:01,7750.0,7765.0,Put CEX 5,CEX,-1182264.189,6827.5878577604735,9278.32470716154
2026-08-25 07:30:01,7750.0,7765.0,Call GEX 3,GEX,364245.872,6827.5878577604735,9278.32470716154
2026-08-25 07:30:01,7750.0,7765.0,Put VEX 4,VEX,-731803.647,6827.5878577604735,9278.32470716154
2026-08-25 07:30:01,7780.0,7795.0,Put DEX 3,DEX,-26.535,6827.5878577604735,9278.32470716154
2026-08-25 07:30:01,7800.0,7815.0,Call GEX 2,GEX,487272.947,6827.5878577604735,9278.32470716154
2026-08-25 07:30:01,7800.0,7815.0,Put VEX 2,VEX,-1253855.305,6827.5878577604735,9278.32470716154
2026-08-25 07:30:01,7850.0,7865.25,Call GEX 4,GEX,295354.479,6827.5878577604735,9278.32470716154
2026-08-25 07:30:01,7900.0,7915.25,Call GEX 1,GEX,560127.141,6827.5878577604735,9278.32470716154
2026-08-25 07:30:01,7900.0,7915.25,Put VEX 3,VEX,-1219368.731,6827.5878577604735,9278.32470716154
2026-08-25 07:30:01,8000.0,8015.5,Put CEX 1,CEX,-3095581.948,6827.5878577604735,9278.32470716154
2026-08-25 07:30:01,8000.0,8015.5,Put DEX 1,DEX,-2128.288,6827.5878577604735,9278.32470716154
2026-08-25 07:30:01,8000.0,8015.5,Put VEX 1,VEX,-11564016.596,6827.5878577604735,9278.32470716154
2026-08-25 07:30:01,8200.0,8215.75,Put VEX 5,VEX,-711239.596,6827.5878577604735,9278.32470716154
2026-08-25 07:30:49,7000.0,7017.25,Call CEX 2,CEX,1590958.13,7222.824726019102,9685.804722580437
2026-08-25 07:30:49,7000.0,7017.25,Call DEX 1,DEX,3337.874,7222.824726019102,9685.804722580437
2026-08-25 07:30:49,7000.0,7017.25,Put GEX 2,GEX,-426286.14,7222.824726019102,9685.804722580437
2026-08-25 07:30:49,7000.0,7017.25,Call VEX 1,VEX,8872050.169,7222.824726019102,9685.804722580437
2026-08-25 07:30:49,7110.0,7127.5,Put DEX 5,DEX,-21.597,7222.824726019102,9685.804722580437
2026-08-25 07:30:49,7160.0,7177.75,Put DEX 4,DEX,-23.477,7222.824726019102,9685.804722580437
2026-08-25 07:30:49,7300.0,7318.0,Call DEX 2,DEX,241.377,7222.824726019102,9685.804722580437
2026-08-25 07:30:49,7300.0,7318.0,Call VEX 4,VEX,1984563.801,7222.824726019102,9685.804722580437
2026-08-25 07:30:49,7400.0,7418.25,Call CEX 4,CEX,1005762.091,7222.824726019102,9685.804722580437
2026-08-25 07:30:49,7400.0,7418.25,Call DEX 3,DEX,228.388,7222.824726019102,9685.804722580437
2026-08-25 07:30:49,7400.0,7418.25,Put GEX 3,GEX,-305388.644,7222.824726019102,9685.804722580437
2026-08-25 07:30:49,7400.0,7418.25,Call VEX 3,VEX,2411767.612,7222.824726019102,9685.804722580437
2026-08-25 07:30:49,7450.0,7468.5,Call DEX 4,DEX,226.411,7222.824726019102,9685.804722580437
2026-08-25 07:30:49,7450.0,7468.5,Call VEX 5,VEX,1943027.364,7222.824726019102,9685.804722580437
2026-08-25 07:30:49,7500.0,7518.5,Call CEX 3,CEX,1268264.241,7222.824726019102,9685.804722580437
2026-08-25 07:30:49,7500.0,7518.5,Call DEX 5,DEX,179.502,7222.824726019102,9685.804722580437
2026-08-25 07:30:49,7500.0,7518.5,Put GEX 1,GEX,-486621.465,7222.824726019102,9685.804722580437
2026-08-25 07:30:49,7500.0,7518.5,Call VEX 2,VEX,2954607.487,7222.824726019102,9685.804722580437
2026-08-25 07:30:49,7550.0,7568.75,Call CEX 5,CEX,1000819.963,7222.824726019102,9685.804722580437
2026-08-25 07:30:49,7550.0,7568.75,Put GEX 5,GEX,-262341.879,7222.824726019102,9685.804722580437
2026-08-25 07:30:49,7600.0,7618.75,Call CEX 1,CEX,1794446.548,7222.824726019102,9685.804722580437
2026-08-25 07:30:49,7600.0,7618.75,Put GEX 4,GEX,-305058.78,7222.824726019102,9685.804722580437
2026-08-25 07:30:49,7665.0,7684.0,Put CEX 4,CEX,-1099312.858,7222.824726019102,9685.804722580437
2026-08-25 07:30:49,7690.0,7709.0,Put CEX 3,CEX,-1486931.783,7222.824726019102,9685.804722580437
2026-08-25 07:30:49,7700.0,7719.0,Put CEX 2,CEX,-1799191.972,7222.824726019102,9685.804722580437
2026-08-25 07:30:49,7700.0,7719.0,Put DEX 2,DEX,-117.734,7222.824726019102,9685.804722580437
2026-08-25 07:30:49,7725.0,7744.0,Put CEX 5,CEX,-1019258.845,7222.824726019102,9685.804722580437
2026-08-25 07:30:49,7750.0,7769.25,Call GEX 3,GEX,356571.19,7222.824726019102,9685.804722580437
2026-08-25 07:30:49,7750.0,7769.25,Put VEX 4,VEX,-807689.139,7222.824726019102,9685.804722580437
2026-08-25 07:30:49,7780.0,7799.25,Put DEX 3,DEX,-27.499,7222.824726019102,9685.804722580437
2026-08-25 07:30:49,7800.0,7819.25,Call GEX 2,GEX,447883.792,7222.824726019102,9685.804722580437
2026-08-25 07:30:49,7800.0,7819.25,Put VEX 2,VEX,-1313448.572,7222.824726019102,9685.804722580437
2026-08-25 07:30:49,7850.0,7869.5,Call GEX 4,GEX,275086.913,7222.824726019102,9685.804722580437
2026-08-25 07:30:49,7900.0,7919.5,Call GEX 1,GEX,511875.451,7222.824726019102,9685.804722580437
2026-08-25 07:30:49,7900.0,7919.5,Put VEX 3,VEX,-1195711.089,7222.824726019102,9685.804722580437
2026-08-25 07:30:49,7950.0,7969.75,Call GEX 5,GEX,183015.811,7222.824726019102,9685.804722580437
2026-08-25 07:30:49,8000.0,8019.75,Put CEX 1,CEX,-2971289.435,7222.824726019102,9685.804722580437
2026-08-25 07:30:49,8000.0,8019.75,Put DEX 1,DEX,-2214.328,7222.824726019102,9685.804722580437
2026-08-25 07:30:49,8000.0,8019.75,Put VEX 1,VEX,-11376339.219,7222.824726019102,9685.804722580437
2026-08-25 07:30:49,8200.0,8220.25,Put VEX 5,VEX,-686023.42,7222.824726019102,9685.804722580437
2026-08-25 07:31:40,7000.0,7014.5,Call CEX 3,CEX,1131344.736,7001.070438566096,9279.596197073955
2026-08-25 07:31:40,7000.0,7014.5,Call DEX 1,DEX,773.546,7001.070438566096,9279.596197073955
2026-08-25 07:31:40,7000.0,7014.5,Put GEX 1,GEX,-705854.062,7001.070438566096,9279.596197073955
2026-08-25 07:31:40,7000.0,7014.5,Call VEX 1,VEX,6707425.083,7001.070438566096,9279.596197073955
2026-08-25 07:31:40,7110.0,7124.75,Put DEX 5,DEX,-22.123,7001.070438566096,9279.596197073955
2026-08-25 07:31:40,7160.0,7174.75,Put DEX 4,DEX,-23.789,7001.070438566096,9279.596197073955
2026-08-25 07:31:40,7300.0,7315.0,Call DEX 2,DEX,249.69,7001.070438566096,9279.596197073955
2026-08-25 07:31:40,7300.0,7315.0,Call VEX 5,VEX,1913494.063,7001.070438566096,9279.596197073955
2026-08-25 07:31:40,7400.0,7415.25,Call CEX 5,CEX,948362.12,7001.070438566096,9279.596197073955
2026-08-25 07:31:40,7400.0,7415.25,Call DEX 3,DEX,249.354,7001.070438566096,9279.596197073955
2026-08-25 07:31:40,7400.0,7415.25,Put GEX 3,GEX,-300943.073,7001.070438566096,9279.596197073955
2026-08-25 07:31:40,7400.0,7415.25,Call VEX 3,VEX,2381700.579,7001.070438566096,9279.596197073955
2026-08-25 07:31:40,7450.0,7465.5,Call DEX 4,DEX,243.507,7001.070438566096,9279.596197073955
2026-08-25 07:31:40,7450.0,7465.5,Call VEX 4,VEX,1951538.053,7001.070438566096,9279.596197073955
2026-08-25 07:31:40,7500.0,7515.5,Call CEX 2,CEX,1166404.572,7001.070438566096,9279.596197073955
2026-08-25 07:31:40,7500.0,7515.5,Call DEX 5,DEX,205.963,7001.070438566096,9279.596197073955
2026-08-25 07:31:40,7500.0,7515.5,Put GEX 2,GEX,-455432.847,7001.070438566096,9279.596197073955
2026-08-25 07:31:40,7500.0,7515.5,Call VEX 2,VEX,3032654.036,7001.070438566096,9279.596197073955
2026-08-25 07:31:40,7550.0,7565.5,Put GEX 4,GEX,-227499.304,7001.070438566096,9279.596197073955
2026-08-25 07:31:40,7600.0,7615.75,Call CEX 1,CEX,1595111.765,7001.070438566096,9279.596197073955
2026-08-25 07:31:40,7600.0,7615.75,Put GEX 5,GEX,-215658.38,7001.070438566096,9279.596197073955
2026-08-25 07:31:40,7650.0,7665.75,Call CEX 4,CEX,951889.48,7001.070438566096,9279.596197073955
2026-08-25 07:31:40,7690.0,7706.0,Put CEX 3,CEX,-1761844.538,7001.070438566096,9279.596197073955
2026-08-25 07:31:40,7700.0,7716.0,Put CEX 2,CEX,-1789007.077,7001.070438566096,9279.596197073955
2026-08-25 07:31:40,7700.0,7716.0,Put DEX 2,DEX,-92.362,7001.070438566096,9279.596197073955
2026-08-25 07:31:40,7725.0,7741.0,Put CEX 4,CEX,-1044071.324,7001.070438566096,9279.596197073955
2026-08-25 07:31:40,7750.0,7766.0,Put CEX 5,CEX,-991941.035,7001.070438566096,9279.596197073955
2026-08-25 07:31:40,7750.0,7766.0,Call GEX 3,GEX,377200.259,7001.070438566096,9279.596197073955
2026-08-25 07:31:40,7750.0,7766.0,Put VEX 4,VEX,-743694.969,7001.070438566096,9279.596197073955
2026-08-25 07:31:40,7780.0,7796.0,Put DEX 3,DEX,-27.609,7001.070438566096,9279.596197073955
2026-08-25 07:31:40,7800.0,7816.0,Call GEX 2,GEX,480158.646,7001.070438566096,9279.596197073955
2026-08-25 07:31:40,7800.0,7816.0,Put VEX 2,VEX,-1274474.748,7001.070438566096,9279.596197073955
2026-08-25 07:31:40,7850.0,7866.25,Call GEX 4,GEX,292470.334,7001.070438566096,9279.596197073955
2026-08-25 07:31:40,7900.0,7916.25,Call GEX 1,GEX,548528.088,7001.070438566096,9279.596197073955
2026-08-25 07:31:40,7900.0,7916.25,Put VEX 3,VEX,-1217504.789,7001.070438566096,9279.596197073955
2026-08-25 07:31:40,7950.0,7966.5,Call GEX 5,GEX,193018.34,7001.070438566096,9279.596197073955
2026-08-25 07:31:40,8000.0,8016.5,Put CEX 1,CEX,-3052176.73,7001.070438566096,9279.596197073955
2026-08-25 07:31:40,8000.0,8016.5,Put DEX 1,DEX,-2144.846,7001.070438566096,9279.596197073955
2026-08-25 07:31:40,8000.0,8016.5,Put VEX 1,VEX,-11521511.965,7001.070438566096,9279.596197073955
2026-08-25 07:31:40,8200.0,8217.0,Put VEX 5,VEX,-701464.344,7001.070438566096,9279.596197073955
2026-08-25 07:32:28,6800.0,6813.0,Put DEX 3,DEX,-27.248,6926.894047514789,9274.36666992965
2026-08-25 07:32:28,7000.0,7013.5,Call CEX 3,CEX,1150714.551,6926.894047514789,9274.36666992965
2026-08-25 07:32:28,7000.0,7013.5,Call DEX 1,DEX,786.421,6926.894047514789,9274.36666992965
2026-08-25 07:32:28,7000.0,7013.5,Put GEX 1,GEX,-694664.64,6926.894047514789,9274.36666992965
2026-08-25 07:32:28,7000.0,7013.5,Call VEX 1,VEX,6735453.533,6926.894047514789,9274.36666992965
2026-08-25 07:32:28,7160.0,7173.75,Put DEX 5,DEX,-23.689,6926.894047514789,9274.36666992965
2026-08-25 07:32:28,7300.0,7314.0,Call DEX 2,DEX,254.893,6926.894047514789,9274.36666992965
2026-08-25 07:32:28,7300.0,7314.0,Call VEX 5,VEX,1903202.991,6926.894047514789,9274.36666992965
2026-08-25 07:32:28,7400.0,7414.25,Call CEX 5,CEX,1014911.922,6926.894047514789,9274.36666992965
2026-08-25 07:32:28,7400.0,7414.25,Call DEX 3,DEX,249.382,6926.894047514789,9274.36666992965
2026-08-25 07:32:28,7400.0,7414.25,Put GEX 3,GEX,-284327.453,6926.894047514789,9274.36666992965
2026-08-25 07:32:28,7400.0,7414.25,Call VEX 3,VEX,2419858.961,6926.894047514789,9274.36666992965
2026-08-25 07:32:28,7450.0,7464.25,Call DEX 4,DEX,245.862,6926.894047514789,9274.36666992965
2026-08-25 07:32:28,7450.0,7464.25,Call VEX 4,VEX,1962587.956,6926.894047514789,9274.36666992965
2026-08-25 07:32:28,7500.0,7514.25,Call CEX 4,CEX,1143463.908,6926.894047514789,9274.36666992965
2026-08-25 07:32:28,7500.0,7514.25,Call DEX 5,DEX,211.943,6926.894047514789,9274.36666992965
2026-08-25 07:32:28,7500.0,7514.25,Put GEX 2,GEX,-453678.852,6926.894047514789,9274.36666992965
2026-08-25 07:32:28,7500.0,7514.25,Call VEX 2,VEX,3050726.691,6926.894047514789,9274.36666992965
2026-08-25 07:32:28,7550.0,7564.5,Put GEX 4,GEX,-225906.054,6926.894047514789,9274.36666992965
2026-08-25 07:32:28,7600.0,7614.5,Call CEX 1,CEX,1470330.952,6926.894047514789,9274.36666992965
2026-08-25 07:32:28,7600.0,7614.5,Put GEX 5,GEX,-210873.492,6926.894047514789,9274.36666992965
2026-08-25 07:32:28,7650.0,7664.5,Call CEX 2,CEX,1173696.208,6926.894047514789,9274.36666992965
2026-08-25 07:32:28,7690.0,7704.75,Put CEX 3,CEX,-1809267.046,6926.894047514789,9274.36666992965
2026-08-25 07:32:28,7700.0,7714.75,Put CEX 2,CEX,-2030144.823,6926.894047514789,9274.36666992965
2026-08-25 07:32:28,7700.0,7714.75,Put DEX 2,DEX,-92.936,6926.894047514789,9274.36666992965
2026-08-25 07:32:28,7725.0,7739.75,Put CEX 5,CEX,-1095209.488,6926.894047514789,9274.36666992965
2026-08-25 07:32:28,7750.0,7764.75,Put CEX 4,CEX,-1115960.065,6926.894047514789,9274.36666992965
2026-08-25 07:32:28,7750.0,7764.75,Call GEX 3,GEX,363250.27,6926.894047514789,9274.36666992965
2026-08-25 07:32:28,7750.0,7764.75,Put VEX 4,VEX,-736188.541,6926.894047514789,9274.36666992965
2026-08-25 07:32:28,7780.0,7794.75,Put DEX 4,DEX,-25.942,6926.894047514789,9274.36666992965
2026-08-25 07:32:28,7800.0,7815.0,Call GEX 2,GEX,483864.471,6926.894047514789,9274.36666992965
2026-08-25 07:32:28,7800.0,7815.0,Put VEX 2,VEX,-1257021.849,6926.894047514789,9274.36666992965
2026-08-25 07:32:28,7850.0,7865.0,Call GEX 4,GEX,295502.402,6926.894047514789,9274.36666992965
2026-08-25 07:32:28,7900.0,7915.0,Call GEX 1,GEX,556725.344,6926.894047514789,9274.36666992965
2026-08-25 07:32:28,7900.0,7915.0,Put VEX 3,VEX,-1220513.236,6926.894047514789,9274.36666992965
2026-08-25 07:32:28,7950.0,7965.25,Call GEX 5,GEX,195960.826,6926.894047514789,9274.36666992965
2026-08-25 07:32:28,8000.0,8015.25,Put CEX 1,CEX,-3059728.875,6926.894047514789,9274.36666992965
2026-08-25 07:32:28,8000.0,8015.25,Put DEX 1,DEX,-2121.188,6926.894047514789,9274.36666992965
2026-08-25 07:32:28,8000.0,8015.25,Put VEX 1,VEX,-11556645.461,6926.894047514789,9274.36666992965
2026-08-25 07:32:28,8200.0,8215.75,Put VEX 5,VEX,-707681.235,6926.894047514789,9274.36666992965
2026-08-25 07:33:17,6800.0,6813.25,Put DEX 3,DEX,-27.307,6900.123757139196,9275.442929326471
2026-08-25 07:33:17,7000.0,7013.75,Call CEX 3,CEX,1122813.515,6900.123757139196,9275.442929326471
2026-08-25 07:33:17,7000.0,7013.75,Call DEX 1,DEX,779.332,6900.123757139196,9275.442929326471
2026-08-25 07:33:17,7000.0,7013.75,Put GEX 1,GEX,-707488.914,6900.123757139196,9275.442929326471
2026-08-25 07:33:17,7000.0,7013.75,Call VEX 1,VEX,6632610.943,6900.123757139196,9275.442929326471
2026-08-25 07:33:17,7160.0,7174.0,Put DEX 5,DEX,-23.673,6900.123757139196,9275.442929326471
2026-08-25 07:33:17,7300.0,7314.25,Call DEX 2,DEX,250.983,6900.123757139196,9275.442929326471
2026-08-25 07:33:17,7300.0,7314.25,Call VEX 5,VEX,1895875.697,6900.123757139196,9275.442929326471
2026-08-25 07:33:17,7400.0,7414.5,Call CEX 5,CEX,961252.998,6900.123757139196,9275.442929326471
2026-08-25 07:33:17,7400.0,7414.5,Call DEX 4,DEX,209.503,6900.123757139196,9275.442929326471
2026-08-25 07:33:17,7400.0,7414.5,Put GEX 3,GEX,-301082.078,6900.123757139196,9275.442929326471
2026-08-25 07:33:17,7400.0,7414.5,Call VEX 3,VEX,2373812.038,6900.123757139196,9275.442929326471
2026-08-25 07:33:17,7450.0,7464.5,Call DEX 3,DEX,242.296,6900.123757139196,9275.442929326471
2026-08-25 07:33:17,7450.0,7464.5,Call VEX 4,VEX,1941360.269,6900.123757139196,9275.442929326471
2026-08-25 07:33:17,7500.0,7514.75,Call CEX 4,CEX,1111106.378,6900.123757139196,9275.442929326471
2026-08-25 07:33:17,7500.0,7514.75,Call DEX 5,DEX,206.99,6900.123757139196,9275.442929326471
2026-08-25 07:33:17,7500.0,7514.75,Put GEX 2,GEX,-454404.763,6900.123757139196,9275.442929326471
2026-08-25 07:33:17,7500.0,7514.75,Call VEX 2,VEX,3049409.747,6900.123757139196,9275.442929326471
2026-08-25 07:33:17,7550.0,7564.75,Put GEX 4,GEX,-224758.528,6900.123757139196,9275.442929326471
2026-08-25 07:33:17,7600.0,7615.0,Call CEX 1,CEX,1422851.268,6900.123757139196,9275.442929326471
2026-08-25 07:33:17,7600.0,7615.0,Put GEX 5,GEX,-208944.792,6900.123757139196,9275.442929326471
2026-08-25 07:33:17,7650.0,7665.0,Call CEX 2,CEX,1205833.841,6900.123757139196,9275.442929326471
2026-08-25 07:33:17,7690.0,7705.0,Put CEX 3,CEX,-1819232.791,6900.123757139196,9275.442929326471
2026-08-25 07:33:17,7700.0,7715.0,Put CEX 2,CEX,-2083832.0,6900.123757139196,9275.442929326471
2026-08-25 07:33:17,7700.0,7715.0,Put DEX 2,DEX,-90.578,6900.123757139196,9275.442929326471
2026-08-25 07:33:17,7725.0,7740.25,Put CEX 5,CEX,-1161765.689,6900.123757139196,9275.442929326471
2026-08-25 07:33:17,7750.0,7765.25,Put CEX 4,CEX,-1192325.009,6900.123757139196,9275.442929326471
2026-08-25 07:33:17,7750.0,7765.25,Call GEX 3,GEX,363344.074,6900.123757139196,9275.442929326471
2026-08-25 07:33:17,7750.0,7765.25,Put VEX 4,VEX,-735185.435,6900.123757139196,9275.442929326471
2026-08-25 07:33:17,7780.0,7795.25,Put DEX 4,DEX,-26.615,6900.123757139196,9275.442929326471
2026-08-25 07:33:17,7800.0,7815.25,Call GEX 2,GEX,486625.897,6900.123757139196,9275.442929326471
2026-08-25 07:33:17,7800.0,7815.25,Put VEX 2,VEX,-1256708.792,6900.123757139196,9275.442929326471
2026-08-25 07:33:17,7850.0,7865.25,Call GEX 4,GEX,294656.341,6900.123757139196,9275.442929326471
2026-08-25 07:33:17,7900.0,7915.5,Call GEX 1,GEX,558673.23,6900.123757139196,9275.442929326471
2026-08-25 07:33:17,7900.0,7915.5,Put VEX 3,VEX,-1219944.942,6900.123757139196,9275.442929326471
2026-08-25 07:33:17,7950.0,7965.5,Call GEX 5,GEX,196552.827,6900.123757139196,9275.442929326471
2026-08-25 07:33:17,8000.0,8015.75,Put CEX 1,CEX,-3092843.978,6900.123757139196,9275.442929326471
2026-08-25 07:33:17,8000.0,8015.75,Put DEX 1,DEX,-2129.641,6900.123757139196,9275.442929326471
2026-08-25 07:33:17,8000.0,8015.75,Put VEX 1,VEX,-11562600.121,6900.123757139196,9275.442929326471
2026-08-25 07:33:17,8200.0,8216.0,Put VEX 5,VEX,-707759.143,6900.123757139196,9275.442929326471
2026-08-25 07:34:04,6800.0,6813.0,Put DEX 3,DEX,-27.285,6901.82164101622,9276.08557403054
2026-08-25 07:34:04,7000.0,7013.5,Call CEX 3,CEX,1114576.653,6901.82164101622,9276.08557403054
2026-08-25 07:34:04,7000.0,7013.5,Call DEX 1,DEX,781.934,6901.82164101622,9276.08557403054
2026-08-25 07:34:04,7000.0,7013.5,Put GEX 1,GEX,-718952.984,6901.82164101622,9276.08557403054
2026-08-25 07:34:04,7000.0,7013.5,Call VEX 1,VEX,6546239.841,6901.82164101622,9276.08557403054
2026-08-25 07:34:04,7160.0,7173.75,Put DEX 5,DEX,-23.652,6901.82164101622,9276.08557403054
2026-08-25 07:34:04,7300.0,7314.0,Call DEX 2,DEX,251.621,6901.82164101622,9276.08557403054
2026-08-25 07:34:04,7300.0,7314.0,Call VEX 5,VEX,1889135.972,6901.82164101622,9276.08557403054
2026-08-25 07:34:04,7400.0,7414.25,Call CEX 5,CEX,928443.153,6901.82164101622,9276.08557403054
2026-08-25 07:34:04,7400.0,7414.25,Call DEX 4,DEX,209.801,6901.82164101622,9276.08557403054
2026-08-25 07:34:04,7400.0,7414.25,Put GEX 3,GEX,-300623.629,6901.82164101622,9276.08557403054
2026-08-25 07:34:04,7400.0,7414.25,Call VEX 3,VEX,2372189.431,6901.82164101622,9276.08557403054
2026-08-25 07:34:04,7450.0,7464.25,Call DEX 3,DEX,242.472,6901.82164101622,9276.08557403054
2026-08-25 07:34:04,7450.0,7464.25,Call VEX 4,VEX,1939674.764,6901.82164101622,9276.08557403054
2026-08-25 07:34:04,7500.0,7514.5,Call CEX 4,CEX,1110559.517,6901.82164101622,9276.08557403054
2026-08-25 07:34:04,7500.0,7514.5,Call DEX 5,DEX,207.083,6901.82164101622,9276.08557403054
2026-08-25 07:34:04,7500.0,7514.5,Put GEX 2,GEX,-454110.481,6901.82164101622,9276.08557403054
2026-08-25 07:34:04,7500.0,7514.5,Call VEX 2,VEX,3049183.024,6901.82164101622,9276.08557403054
2026-08-25 07:34:04,7550.0,7564.5,Put GEX 4,GEX,-223989.124,6901.82164101622,9276.08557403054
2026-08-25 07:34:04,7600.0,7614.5,Call CEX 1,CEX,1365507.371,6901.82164101622,9276.08557403054
2026-08-25 07:34:04,7600.0,7614.5,Put GEX 5,GEX,-212176.203,6901.82164101622,9276.08557403054
2026-08-25 07:34:04,7650.0,7664.75,Call CEX 2,CEX,1223575.886,6901.82164101622,9276.08557403054
2026-08-25 07:34:04,7690.0,7704.75,Put CEX 3,CEX,-1820965.426,6901.82164101622,9276.08557403054
2026-08-25 07:34:04,7700.0,7714.75,Put CEX 2,CEX,-2085634.855,6901.82164101622,9276.08557403054
2026-08-25 07:34:04,7700.0,7714.75,Put DEX 2,DEX,-90.382,6901.82164101622,9276.08557403054
2026-08-25 07:34:04,7725.0,7739.75,Put CEX 5,CEX,-1195168.284,6901.82164101622,9276.08557403054
2026-08-25 07:34:04,7750.0,7764.75,Put CEX 4,CEX,-1213402.155,6901.82164101622,9276.08557403054
2026-08-25 07:34:04,7750.0,7764.75,Call GEX 3,GEX,360730.934,6901.82164101622,9276.08557403054
2026-08-25 07:34:04,7750.0,7764.75,Put VEX 4,VEX,-736394.315,6901.82164101622,9276.08557403054
2026-08-25 07:34:04,7780.0,7795.0,Put DEX 4,DEX,-26.524,6901.82164101622,9276.08557403054
2026-08-25 07:34:04,7800.0,7815.0,Call GEX 2,GEX,486635.578,6901.82164101622,9276.08557403054
2026-08-25 07:34:04,7800.0,7815.0,Put VEX 2,VEX,-1256638.544,6901.82164101622,9276.08557403054
2026-08-25 07:34:04,7850.0,7865.0,Call GEX 4,GEX,294425.97,6901.82164101622,9276.08557403054
2026-08-25 07:34:04,7900.0,7915.25,Call GEX 1,GEX,558563.473,6901.82164101622,9276.08557403054
2026-08-25 07:34:04,7900.0,7915.25,Put VEX 3,VEX,-1219685.734,6901.82164101622,9276.08557403054
2026-08-25 07:34:04,7950.0,7965.25,Call GEX 5,GEX,196572.059,6901.82164101622,9276.08557403054
2026-08-25 07:34:04,8000.0,8015.25,Put CEX 1,CEX,-3094401.596,6901.82164101622,9276.08557403054
2026-08-25 07:34:04,8000.0,8015.25,Put DEX 1,DEX,-2126.097,6901.82164101622,9276.08557403054
2026-08-25 07:34:04,8000.0,8015.25,Put VEX 1,VEX,-11563475.24,6901.82164101622,9276.08557403054
2026-08-25 07:34:04,8200.0,8215.75,Put VEX 5,VEX,-708034.51,6901.82164101622,9276.08557403054
2026-08-25 07:34:52,6800.0,6812.75,Put DEX 4,DEX,-25.898,6976.8767245495865,9276.13115042582
2026-08-25 07:34:52,7000.0,7013.0,Call CEX 2,CEX,1119099.768,6976.8767245495865,9276.13115042582
2026-08-25 07:34:52,7000.0,7013.0,Call DEX 1,DEX,779.608,6976.8767245495865,9276.13115042582
2026-08-25 07:34:52,7000.0,7013.0,Put GEX 1,GEX,-715293.545,6976.8767245495865,9276.13115042582
2026-08-25 07:34:52,7000.0,7013.0,Call VEX 1,VEX,6591880.742,6976.8767245495865,9276.13115042582
2026-08-25 07:34:52,7160.0,7173.25,Put DEX 5,DEX,-23.719,6976.8767245495865,9276.13115042582
2026-08-25 07:34:52,7300.0,7313.5,Call DEX 2,DEX,251.683,6976.8767245495865,9276.13115042582
2026-08-25 07:34:52,7300.0,7313.5,Call VEX 5,VEX,1896650.084,6976.8767245495865,9276.13115042582
2026-08-25 07:34:52,7400.0,7413.75,Call CEX 5,CEX,968020.923,6976.8767245495865,9276.13115042582
2026-08-25 07:34:52,7400.0,7413.75,Call DEX 4,DEX,208.806,6976.8767245495865,9276.13115042582
2026-08-25 07:34:52,7400.0,7413.75,Put GEX 3,GEX,-302918.49,6976.8767245495865,9276.13115042582
2026-08-25 07:34:52,7400.0,7413.75,Call VEX 3,VEX,2375451.177,6976.8767245495865,9276.13115042582
2026-08-25 07:34:52,7450.0,7464.0,Call DEX 3,DEX,240.654,6976.8767245495865,9276.13115042582
2026-08-25 07:34:52,7450.0,7464.0,Call VEX 4,VEX,1938746.995,6976.8767245495865,9276.13115042582
2026-08-25 07:34:52,7500.0,7514.0,Call CEX 3,CEX,1113687.816,6976.8767245495865,9276.13115042582
2026-08-25 07:34:52,7500.0,7514.0,Call DEX 5,DEX,203.483,6976.8767245495865,9276.13115042582
2026-08-25 07:34:52,7500.0,7514.0,Put GEX 2,GEX,-456841.644,6976.8767245495865,9276.13115042582
2026-08-25 07:34:52,7500.0,7514.0,Call VEX 2,VEX,3036711.749,6976.8767245495865,9276.13115042582
2026-08-25 07:34:52,7550.0,7564.0,Put GEX 4,GEX,-226126.135,6976.8767245495865,9276.13115042582
2026-08-25 07:34:52,7600.0,7614.25,Call CEX 1,CEX,1406589.233,6976.8767245495865,9276.13115042582
2026-08-25 07:34:52,7600.0,7614.25,Put GEX 5,GEX,-217516.268,6976.8767245495865,9276.13115042582
2026-08-25 07:34:52,7650.0,7664.25,Call CEX 4,CEX,1113130.704,6976.8767245495865,9276.13115042582
2026-08-25 07:34:52,7665.0,7679.25,Call GEX 5,GEX,196809.075,6976.8767245495865,9276.13115042582
2026-08-25 07:34:52,7690.0,7704.25,Put CEX 3,CEX,-1810594.562,6976.8767245495865,9276.13115042582
2026-08-25 07:34:52,7700.0,7714.25,Put CEX 2,CEX,-2088408.192,6976.8767245495865,9276.13115042582
2026-08-25 07:34:52,7700.0,7714.25,Put DEX 2,DEX,-94.473,6976.8767245495865,9276.13115042582
2026-08-25 07:34:52,7725.0,7739.5,Put CEX 5,CEX,-1195929.776,6976.8767245495865,9276.13115042582
2026-08-25 07:34:52,7750.0,7764.5,Put CEX 4,CEX,-1215724.782,6976.8767245495865,9276.13115042582
2026-08-25 07:34:52,7750.0,7764.5,Call GEX 3,GEX,359289.644,6976.8767245495865,9276.13115042582
2026-08-25 07:34:52,7750.0,7764.5,Put VEX 4,VEX,-749443.244,6976.8767245495865,9276.13115042582
2026-08-25 07:34:52,7780.0,7794.5,Put DEX 3,DEX,-27.1,6976.8767245495865,9276.13115042582
2026-08-25 07:34:52,7800.0,7814.5,Call GEX 2,GEX,483898.271,6976.8767245495865,9276.13115042582
2026-08-25 07:34:52,7800.0,7814.5,Put VEX 2,VEX,-1267302.482,6976.8767245495865,9276.13115042582
2026-08-25 07:34:52,7850.0,7864.75,Call GEX 4,GEX,292553.888,6976.8767245495865,9276.13115042582
2026-08-25 07:34:52,7900.0,7914.75,Call GEX 1,GEX,554897.013,6976.8767245495865,9276.13115042582
2026-08-25 07:34:52,7900.0,7914.75,Put VEX 3,VEX,-1220675.872,6976.8767245495865,9276.13115042582
2026-08-25 07:34:52,8000.0,8015.0,Put CEX 1,CEX,-3085668.229,6976.8767245495865,9276.13115042582
2026-08-25 07:34:52,8000.0,8015.0,Put DEX 1,DEX,-2131.793,6976.8767245495865,9276.13115042582
2026-08-25 07:34:52,8000.0,8015.0,Put VEX 1,VEX,-11546465.5,6976.8767245495865,9276.13115042582
2026-08-25 07:34:52,8200.0,8215.25,Put VEX 5,VEX,-706090.046,6976.8767245495865,9276.13115042582
2026-08-25 07:35:40,6000.0,6011.25,Put DEX 5,DEX,-22.86,7000.8490690691815,9274.40211584237
2026-08-25 07:35:40,7000.0,7013.25,Call CEX 2,CEX,1136630.565,7000.8490690691815,9274.40211584237
2026-08-25 07:35:40,7000.0,7013.25,Call DEX 1,DEX,772.058,7000.8490690691815,9274.40211584237
2026-08-25 07:35:40,7000.0,7013.25,Put GEX 1,GEX,-694472.819,7000.8490690691815,9274.40211584237
2026-08-25 07:35:40,7000.0,7013.25,Call VEX 1,VEX,6770243.982,7000.8490690691815,9274.40211584237
2026-08-25 07:35:40,7160.0,7173.5,Put DEX 4,DEX,-23.714,7000.8490690691815,9274.40211584237
2026-08-25 07:35:40,7300.0,7313.75,Call DEX 2,DEX,248.802,7000.8490690691815,9274.40211584237
2026-08-25 07:35:40,7300.0,7313.75,Call VEX 5,VEX,1912085.715,7000.8490690691815,9274.40211584237
2026-08-25 07:35:40,7400.0,7414.0,Call CEX 5,CEX,968897.596,7000.8490690691815,9274.40211584237
2026-08-25 07:35:40,7400.0,7414.0,Call DEX 4,DEX,206.956,7000.8490690691815,9274.40211584237
2026-08-25 07:35:40,7400.0,7414.0,Put GEX 3,GEX,-304467.64,7000.8490690691815,9274.40211584237
2026-08-25 07:35:40,7400.0,7414.0,Call VEX 3,VEX,2377396.022,7000.8490690691815,9274.40211584237
2026-08-25 07:35:40,7450.0,7464.0,Call DEX 3,DEX,238.689,7000.8490690691815,9274.40211584237
2026-08-25 07:35:40,7450.0,7464.0,Call VEX 4,VEX,1934849.21,7000.8490690691815,9274.40211584237
2026-08-25 07:35:40,7500.0,7514.0,Call CEX 3,CEX,1113551.472,7000.8490690691815,9274.40211584237
2026-08-25 07:35:40,7500.0,7514.0,Call DEX 5,DEX,200.82,7000.8490690691815,9274.40211584237
2026-08-25 07:35:40,7500.0,7514.0,Put GEX 2,GEX,-461610.589,7000.8490690691815,9274.40211584237
2026-08-25 07:35:40,7500.0,7514.0,Call VEX 2,VEX,3027954.846,7000.8490690691815,9274.40211584237
2026-08-25 07:35:40,7550.0,7564.25,Put GEX 4,GEX,-230089.477,7000.8490690691815,9274.40211584237
2026-08-25 07:35:40,7600.0,7614.25,Call CEX 1,CEX,1419547.944,7000.8490690691815,9274.40211584237
2026-08-25 07:35:40,7600.0,7614.25,Put GEX 5,GEX,-229560.372,7000.8490690691815,9274.40211584237
2026-08-25 07:35:40,7650.0,7664.5,Call CEX 4,CEX,1038196.827,7000.8490690691815,9274.40211584237
2026-08-25 07:35:40,7665.0,7679.5,Call GEX 5,GEX,203521.249,7000.8490690691815,9274.40211584237
2026-08-25 07:35:40,7690.0,7704.5,Put CEX 3,CEX,-1794551.447,7000.8490690691815,9274.40211584237
2026-08-25 07:35:40,7700.0,7714.5,Put CEX 2,CEX,-2080401.469,7000.8490690691815,9274.40211584237
2026-08-25 07:35:40,7700.0,7714.5,Put DEX 2,DEX,-97.381,7000.8490690691815,9274.40211584237
2026-08-25 07:35:40,7725.0,7739.5,Put CEX 5,CEX,-1206814.369,7000.8490690691815,9274.40211584237
2026-08-25 07:35:40,7750.0,7764.5,Put CEX 4,CEX,-1237802.639,7000.8490690691815,9274.40211584237
2026-08-25 07:35:40,7750.0,7764.5,Call GEX 3,GEX,350718.867,7000.8490690691815,9274.40211584237
2026-08-25 07:35:40,7750.0,7764.5,Put VEX 4,VEX,-760096.03,7000.8490690691815,9274.40211584237
2026-08-25 07:35:40,7780.0,7794.5,Put DEX 3,DEX,-27.565,7000.8490690691815,9274.40211584237
2026-08-25 07:35:40,7800.0,7814.75,Call GEX 2,GEX,474495.147,7000.8490690691815,9274.40211584237
2026-08-25 07:35:40,7800.0,7814.75,Put VEX 2,VEX,-1274895.667,7000.8490690691815,9274.40211584237
2026-08-25 07:35:40,7850.0,7864.75,Call GEX 4,GEX,289752.985,7000.8490690691815,9274.40211584237
2026-08-25 07:35:40,7900.0,7914.75,Call GEX 1,GEX,550223.522,7000.8490690691815,9274.40211584237
2026-08-25 07:35:40,7900.0,7914.75,Put VEX 3,VEX,-1217929.986,7000.8490690691815,9274.40211584237
2026-08-25 07:35:40,8000.0,8015.0,Put CEX 1,CEX,-3086177.883,7000.8490690691815,9274.40211584237
2026-08-25 07:35:40,8000.0,8015.0,Put DEX 1,DEX,-2142.758,7000.8490690691815,9274.40211584237
2026-08-25 07:35:40,8000.0,8015.0,Put VEX 1,VEX,-11546336.616,7000.8490690691815,9274.40211584237
2026-08-25 07:35:40,8200.0,8215.5,Put VEX 5,VEX,-704488.727,7000.8490690691815,9274.40211584237
2026-08-25 07:36:28,6800.0,6813.0,Put DEX 3,DEX,-27.245,7000.227089711046,9274.951333730263
2026-08-25 07:36:28,7000.0,7013.25,Call CEX 2,CEX,1128508.579,7000.227089711046,9274.951333730263
2026-08-25 07:36:28,7000.0,7013.25,Call DEX 1,DEX,776.066,7000.227089711046,9274.951333730263
2026-08-25 07:36:28,7000.0,7013.25,Put GEX 1,GEX,-701618.115,7000.227089711046,9274.951333730263
2026-08-25 07:36:28,7000.0,7013.25,Call VEX 1,VEX,6692795.239,7000.227089711046,9274.951333730263
2026-08-25 07:36:28,7160.0,7173.75,Put DEX 5,DEX,-23.689,7000.227089711046,9274.951333730263
2026-08-25 07:36:28,7300.0,7314.0,Call DEX 2,DEX,249.836,7000.227089711046,9274.951333730263
2026-08-25 07:36:28,7300.0,7314.0,Call VEX 5,VEX,1900345.122,7000.227089711046,9274.951333730263
2026-08-25 07:36:28,7400.0,7414.25,Call CEX 5,CEX,964147.053,7000.227089711046,9274.951333730263
2026-08-25 07:36:28,7400.0,7414.25,Call DEX 4,DEX,208.476,7000.227089711046,9274.951333730263
2026-08-25 07:36:28,7400.0,7414.25,Put GEX 3,GEX,-301607.9,7000.227089711046,9274.951333730263
2026-08-25 07:36:28,7400.0,7414.25,Call VEX 3,VEX,2373856.312,7000.227089711046,9274.951333730263
2026-08-25 07:36:28,7450.0,7464.25,Call DEX 3,DEX,240.083,7000.227089711046,9274.951333730263
2026-08-25 07:36:28,7450.0,7464.25,Call VEX 4,VEX,1941413.78,7000.227089711046,9274.951333730263
2026-08-25 07:36:28,7500.0,7514.25,Call CEX 4,CEX,1117080.814,7000.227089711046,9274.951333730263
2026-08-25 07:36:28,7500.0,7514.25,Call DEX 5,DEX,203.541,7000.227089711046,9274.951333730263
2026-08-25 07:36:28,7500.0,7514.25,Put GEX 2,GEX,-457981.831,7000.227089711046,9274.951333730263
2026-08-25 07:36:28,7500.0,7514.25,Call VEX 2,VEX,3038659.197,7000.227089711046,9274.951333730263
2026-08-25 07:36:28,7550.0,7564.5,Put GEX 4,GEX,-228719.639,7000.227089711046,9274.951333730263
2026-08-25 07:36:28,7600.0,7614.5,Call CEX 1,CEX,1463375.786,7000.227089711046,9274.951333730263
2026-08-25 07:36:28,7600.0,7614.5,Put GEX 5,GEX,-217144.317,7000.227089711046,9274.951333730263
2026-08-25 07:36:28,7650.0,7664.5,Call CEX 3,CEX,1121420.349,7000.227089711046,9274.951333730263
2026-08-25 07:36:28,7690.0,7704.75,Put CEX 3,CEX,-1816074.282,7000.227089711046,9274.951333730263
2026-08-25 07:36:28,7700.0,7714.75,Put CEX 2,CEX,-2086077.65,7000.227089711046,9274.951333730263
2026-08-25 07:36:28,7700.0,7714.75,Put DEX 2,DEX,-95.127,7000.227089711046,9274.951333730263
2026-08-25 07:36:28,7725.0,7739.75,Put CEX 5,CEX,-1172078.229,7000.227089711046,9274.951333730263
2026-08-25 07:36:28,7750.0,7764.75,Put CEX 4,CEX,-1179671.445,7000.227089711046,9274.951333730263
2026-08-25 07:36:28,7750.0,7764.75,Call GEX 3,GEX,357837.646,7000.227089711046,9274.951333730263
2026-08-25 07:36:28,7750.0,7764.75,Put VEX 4,VEX,-748441.882,7000.227089711046,9274.951333730263
2026-08-25 07:36:28,7780.0,7794.75,Put DEX 4,DEX,-27.208,7000.227089711046,9274.951333730263
2026-08-25 07:36:28,7800.0,7815.0,Call GEX 2,GEX,479382.058,7000.227089711046,9274.951333730263
2026-08-25 07:36:28,7800.0,7815.0,Put VEX 2,VEX,-1267564.721,7000.227089711046,9274.951333730263
2026-08-25 07:36:28,7850.0,7865.0,Call GEX 4,GEX,292180.611,7000.227089711046,9274.951333730263
2026-08-25 07:36:28,7900.0,7915.0,Call GEX 1,GEX,553765.859,7000.227089711046,9274.951333730263
2026-08-25 07:36:28,7900.0,7915.0,Put VEX 3,VEX,-1220084.81,7000.227089711046,9274.951333730263
2026-08-25 07:36:28,7950.0,7965.25,Call GEX 5,GEX,194605.362,7000.227089711046,9274.951333730263
2026-08-25 07:36:28,8000.0,8015.25,Put CEX 1,CEX,-3082144.426,7000.227089711046,9274.951333730263
2026-08-25 07:36:28,8000.0,8015.25,Put DEX 1,DEX,-2137.581,7000.227089711046,9274.951333730263
2026-08-25 07:36:28,8000.0,8015.25,Put VEX 1,VEX,-11544762.861,7000.227089711046,9274.951333730263
2026-08-25 07:36:28,8200.0,8215.75,Put VEX 5,VEX,-705622.291,7000.227089711046,9274.951333730263
2026-08-25 07:37:16,6800.0,6812.75,Put DEX 3,DEX,-27.222,6752.799509006,9271.073374351145
2026-08-25 07:37:16,7000.0,7013.0,Call CEX 4,CEX,1101445.647,6752.799509006,9271.073374351145
2026-08-25 07:37:16,7000.0,7013.0,Call DEX 1,DEX,786.966,6752.799509006,9271.073374351145
2026-08-25 07:37:16,7000.0,7013.0,Put GEX 1,GEX,-735570.625,6752.799509006,9271.073374351145
2026-08-25 07:37:16,7000.0,7013.0,Call VEX 1,VEX,6406014.283,6752.799509006,9271.073374351145
2026-08-25 07:37:16,7160.0,7173.5,Put DEX 5,DEX,-23.599,6752.799509006,9271.073374351145
2026-08-25 07:37:16,7200.0,7213.5,Put GEX 5,GEX,-212448.111,6752.799509006,9271.073374351145
2026-08-25 07:37:16,7300.0,7313.75,Call DEX 2,DEX,253.426,6752.799509006,9271.073374351145
2026-08-25 07:37:16,7300.0,7313.75,Call VEX 5,VEX,1872587.57,6752.799509006,9271.073374351145
2026-08-25 07:37:16,7400.0,7413.75,Call CEX 5,CEX,915300.348,6752.799509006,9271.073374351145
2026-08-25 07:37:16,7400.0,7413.75,Call DEX 4,DEX,208.031,6752.799509006,9271.073374351145
2026-08-25 07:37:16,7400.0,7413.75,Put GEX 3,GEX,-299631.058,6752.799509006,9271.073374351145
2026-08-25 07:37:16,7400.0,7413.75,Call VEX 3,VEX,2362591.277,6752.799509006,9271.073374351145
2026-08-25 07:37:16,7450.0,7464.0,Call DEX 3,DEX,231.738,6752.799509006,9271.073374351145
2026-08-25 07:37:16,7450.0,7464.0,Call VEX 4,VEX,1930191.047,6752.799509006,9271.073374351145
2026-08-25 07:37:16,7500.0,7514.0,Call CEX 3,CEX,1106507.474,6752.799509006,9271.073374351145
2026-08-25 07:37:16,7500.0,7514.0,Call DEX 5,DEX,206.731,6752.799509006,9271.073374351145
2026-08-25 07:37:16,7500.0,7514.0,Put GEX 2,GEX,-453375.225,6752.799509006,9271.073374351145
2026-08-25 07:37:16,7500.0,7514.0,Call VEX 2,VEX,3054712.778,6752.799509006,9271.073374351145
2026-08-25 07:37:16,7550.0,7564.0,Put GEX 4,GEX,-221579.226,6752.799509006,9271.073374351145
2026-08-25 07:37:16,7600.0,7614.25,Call CEX 1,CEX,1342773.352,6752.799509006,9271.073374351145
2026-08-25 07:37:16,7650.0,7664.25,Call CEX 2,CEX,1325650.299,6752.799509006,9271.073374351145
2026-08-25 07:37:16,7665.0,7679.25,Call GEX 5,GEX,223887.706,6752.799509006,9271.073374351145
2026-08-25 07:37:16,7690.0,7704.5,Put CEX 3,CEX,-1833951.131,6752.799509006,9271.073374351145
2026-08-25 07:37:16,7700.0,7714.5,Put CEX 2,CEX,-2124944.127,6752.799509006,9271.073374351145
2026-08-25 07:37:16,7700.0,7714.5,Put DEX 2,DEX,-87.133,6752.799509006,9271.073374351145
2026-08-25 07:37:16,7725.0,7739.5,Put CEX 5,CEX,-1251211.465,6752.799509006,9271.073374351145
2026-08-25 07:37:16,7750.0,7764.5,Put CEX 4,CEX,-1259577.937,6752.799509006,9271.073374351145
2026-08-25 07:37:16,7750.0,7764.5,Call GEX 3,GEX,363124.585,6752.799509006,9271.073374351145
2026-08-25 07:37:16,7750.0,7764.5,Put VEX 4,VEX,-730327.859,6752.799509006,9271.073374351145
2026-08-25 07:37:16,7780.0,7794.5,Put DEX 4,DEX,-26.063,6752.799509006,9271.073374351145
2026-08-25 07:37:16,7800.0,7814.5,Call GEX 2,GEX,491099.497,6752.799509006,9271.073374351145
2026-08-25 07:37:16,7800.0,7814.5,Put VEX 2,VEX,-1251375.316,6752.799509006,9271.073374351145
2026-08-25 07:37:16,7850.0,7864.75,Call GEX 4,GEX,296489.684,6752.799509006,9271.073374351145
2026-08-25 07:37:16,7900.0,7914.75,Call GEX 1,GEX,562293.515,6752.799509006,9271.073374351145
2026-08-25 07:37:16,7900.0,7914.75,Put VEX 3,VEX,-1220508.168,6752.799509006,9271.073374351145
2026-08-25 07:37:16,8000.0,8015.0,Put CEX 1,CEX,-3107118.146,6752.799509006,9271.073374351145
2026-08-25 07:37:16,8000.0,8015.0,Put DEX 1,DEX,-2119.367,6752.799509006,9271.073374351145
2026-08-25 07:37:16,8000.0,8015.0,Put VEX 1,VEX,-11570186.966,6752.799509006,9271.073374351145
2026-08-25 07:37:16,8200.0,8215.25,Put VEX 5,VEX,-709155.57,6752.799509006,9271.073374351145
2026-08-25 07:38:03,6800.0,6812.75,Put DEX 3,DEX,-27.225,6801.063233327139,9271.44185968028
2026-08-25 07:38:03,7000.0,7013.25,Call CEX 3,CEX,1097991.101,6801.063233327139,9271.44185968028
2026-08-25 07:38:03,7000.0,7013.25,Call DEX 1,DEX,787.928,6801.063233327139,9271.44185968028
2026-08-25 07:38:03,7000.0,7013.25,Put GEX 1,GEX,-740790.484,6801.063233327139,9271.44185968028
2026-08-25 07:38:03,7000.0,7013.25,Call VEX 1,VEX,6368236.306,6801.063233327139,9271.44185968028
2026-08-25 07:38:03,7160.0,7173.5,Put DEX 5,DEX,-23.618,6801.063233327139,9271.44185968028
2026-08-25 07:38:03,7200.0,7213.75,Put GEX 5,GEX,-212493.159,6801.063233327139,9271.44185968028
2026-08-25 07:38:03,7300.0,7313.75,Call DEX 2,DEX,253.535,6801.063233327139,9271.44185968028
2026-08-25 07:38:03,7300.0,7313.75,Call VEX 5,VEX,1870789.062,6801.063233327139,9271.44185968028
2026-08-25 07:38:03,7400.0,7414.0,Call CEX 5,CEX,918130.156,6801.063233327139,9271.44185968028
2026-08-25 07:38:03,7400.0,7414.0,Call DEX 4,DEX,212.219,6801.063233327139,9271.44185968028
2026-08-25 07:38:03,7400.0,7414.0,Put GEX 3,GEX,-299455.773,6801.063233327139,9271.44185968028
2026-08-25 07:38:03,7400.0,7414.0,Call VEX 3,VEX,2363319.826,6801.063233327139,9271.44185968028
2026-08-25 07:38:03,7450.0,7464.0,Call DEX 3,DEX,244.538,6801.063233327139,9271.44185968028
2026-08-25 07:38:03,7450.0,7464.0,Call VEX 4,VEX,1936177.689,6801.063233327139,9271.44185968028
2026-08-25 07:38:03,7500.0,7514.25,Call CEX 4,CEX,1007087.953,6801.063233327139,9271.44185968028
2026-08-25 07:38:03,7500.0,7514.25,Call DEX 5,DEX,210.622,6801.063233327139,9271.44185968028
2026-08-25 07:38:03,7500.0,7514.25,Put GEX 2,GEX,-449008.298,6801.063233327139,9271.44185968028
2026-08-25 07:38:03,7500.0,7514.25,Call VEX 2,VEX,3052102.894,6801.063233327139,9271.44185968028
2026-08-25 07:38:03,7550.0,7564.25,Put GEX 4,GEX,-221326.3,6801.063233327139,9271.44185968028
2026-08-25 07:38:03,7600.0,7614.5,Call CEX 1,CEX,1328365.511,6801.063233327139,9271.44185968028
2026-08-25 07:38:03,7650.0,7664.5,Call CEX 2,CEX,1315438.356,6801.063233327139,9271.44185968028
2026-08-25 07:38:03,7665.0,7679.5,Call GEX 5,GEX,211019.087,6801.063233327139,9271.44185968028
2026-08-25 07:38:03,7690.0,7704.5,Put CEX 3,CEX,-1839444.658,6801.063233327139,9271.44185968028
2026-08-25 07:38:03,7700.0,7714.5,Put CEX 2,CEX,-2120439.486,6801.063233327139,9271.44185968028
2026-08-25 07:38:03,7700.0,7714.5,Put DEX 2,DEX,-87.801,6801.063233327139,9271.44185968028
2026-08-25 07:38:03,7725.0,7739.5,Put CEX 4,CEX,-1262821.215,6801.063233327139,9271.44185968028
2026-08-25 07:38:03,7750.0,7764.75,Put CEX 5,CEX,-1241575.129,6801.063233327139,9271.44185968028
2026-08-25 07:38:03,7750.0,7764.75,Call GEX 3,GEX,364239.784,6801.063233327139,9271.44185968028
2026-08-25 07:38:03,7750.0,7764.75,Put VEX 4,VEX,-730864.226,6801.063233327139,9271.44185968028
2026-08-25 07:38:03,7780.0,7794.75,Put DEX 4,DEX,-26.087,6801.063233327139,9271.44185968028
2026-08-25 07:38:03,7800.0,7814.75,Call GEX 2,GEX,491590.822,6801.063233327139,9271.44185968028
2026-08-25 07:38:03,7800.0,7814.75,Put VEX 2,VEX,-1251221.193,6801.063233327139,9271.44185968028
2026-08-25 07:38:03,7850.0,7864.75,Call GEX 4,GEX,296476.654,6801.063233327139,9271.44185968028
2026-08-25 07:38:03,7900.0,7915.0,Call GEX 1,GEX,562112.932,6801.063233327139,9271.44185968028
2026-08-25 07:38:03,7900.0,7915.0,Put VEX 3,VEX,-1221161.447,6801.063233327139,9271.44185968028
2026-08-25 07:38:03,8000.0,8015.25,Put CEX 1,CEX,-3103161.733,6801.063233327139,9271.44185968028
2026-08-25 07:38:03,8000.0,8015.25,Put DEX 1,DEX,-2118.602,6801.063233327139,9271.44185968028
2026-08-25 07:38:03,8000.0,8015.25,Put VEX 1,VEX,-11568506.926,6801.063233327139,9271.44185968028
2026-08-25 07:38:03,8200.0,8215.5,Put VEX 5,VEX,-708865.775,6801.063233327139,9271.44185968028
2026-08-25 07:38:51,6800.0,6813.0,Put DEX 3,DEX,-27.207,6752.718904413088,9270.760127225712
2026-08-25 07:38:51,7000.0,7013.25,Call CEX 3,CEX,1102221.653,6752.718904413088,9270.760127225712
2026-08-25 07:38:51,7000.0,7013.25,Call DEX 1,DEX,787.046,6752.718904413088,9270.760127225712
2026-08-25 07:38:51,7000.0,7013.25,Put GEX 1,GEX,-734345.613,6752.718904413088,9270.760127225712
2026-08-25 07:38:51,7000.0,7013.25,Call VEX 1,VEX,6412423.768,6752.718904413088,9270.760127225712
2026-08-25 07:38:51,7160.0,7173.75,Put DEX 5,DEX,-23.58,6752.718904413088,9270.760127225712
2026-08-25 07:38:51,7200.0,7213.75,Put GEX 5,GEX,-212210.442,6752.718904413088,9270.760127225712
2026-08-25 07:38:51,7300.0,7314.0,Call DEX 2,DEX,253.427,6752.718904413088,9270.760127225712
2026-08-25 07:38:51,7300.0,7314.0,Call VEX 5,VEX,1873659.895,6752.718904413088,9270.760127225712
2026-08-25 07:38:51,7400.0,7414.0,Call CEX 5,CEX,916725.903,6752.718904413088,9270.760127225712
2026-08-25 07:38:51,7400.0,7414.0,Call DEX 4,DEX,212.136,6752.718904413088,9270.760127225712
2026-08-25 07:38:51,7400.0,7414.0,Put GEX 3,GEX,-299200.315,6752.718904413088,9270.760127225712
2026-08-25 07:38:51,7400.0,7414.0,Call VEX 3,VEX,2363844.339,6752.718904413088,9270.760127225712
2026-08-25 07:38:51,7450.0,7464.25,Call DEX 3,DEX,244.705,6752.718904413088,9270.760127225712
2026-08-25 07:38:51,7450.0,7464.25,Call VEX 4,VEX,1937795.306,6752.718904413088,9270.760127225712
2026-08-25 07:38:51,7500.0,7514.25,Call CEX 4,CEX,1008505.187,6752.718904413088,9270.760127225712
2026-08-25 07:38:51,7500.0,7514.25,Call DEX 5,DEX,210.934,6752.718904413088,9270.760127225712
2026-08-25 07:38:51,7500.0,7514.25,Put GEX 2,GEX,-448721.62,6752.718904413088,9270.760127225712
2026-08-25 07:38:51,7500.0,7514.25,Call VEX 2,VEX,3054205.675,6752.718904413088,9270.760127225712
2026-08-25 07:38:51,7550.0,7564.5,Put GEX 4,GEX,-222095.736,6752.718904413088,9270.760127225712
2026-08-25 07:38:51,7600.0,7614.5,Call CEX 2,CEX,1312937.117,6752.718904413088,9270.760127225712
2026-08-25 07:38:51,7650.0,7664.5,Call CEX 1,CEX,1345433.303,6752.718904413088,9270.760127225712
2026-08-25 07:38:51,7665.0,7679.5,Call GEX 5,GEX,210228.447,6752.718904413088,9270.760127225712
2026-08-25 07:38:51,7690.0,7704.75,Put CEX 3,CEX,-1846218.156,6752.718904413088,9270.760127225712
2026-08-25 07:38:51,7700.0,7714.75,Put CEX 2,CEX,-2133033.447,6752.718904413088,9270.760127225712
2026-08-25 07:38:51,7700.0,7714.75,Put DEX 2,DEX,-86.681,6752.718904413088,9270.760127225712
2026-08-25 07:38:51,7725.0,7739.75,Put CEX 4,CEX,-1261034.284,6752.718904413088,9270.760127225712
2026-08-25 07:38:51,7750.0,7764.75,Put CEX 5,CEX,-1235039.175,6752.718904413088,9270.760127225712
2026-08-25 07:38:51,7750.0,7764.75,Call GEX 3,GEX,364832.58,6752.718904413088,9270.760127225712
2026-08-25 07:38:51,7750.0,7764.75,Put VEX 4,VEX,-726841.412,6752.718904413088,9270.760127225712
2026-08-25 07:38:51,7780.0,7794.75,Put DEX 4,DEX,-25.989,6752.718904413088,9270.760127225712
2026-08-25 07:38:51,7800.0,7814.75,Call GEX 2,GEX,492106.314,6752.718904413088,9270.760127225712
2026-08-25 07:38:51,7800.0,7814.75,Put VEX 2,VEX,-1249246.911,6752.718904413088,9270.760127225712
2026-08-25 07:38:51,7850.0,7865.0,Call GEX 4,GEX,297167.442,6752.718904413088,9270.760127225712
2026-08-25 07:38:51,7900.0,7915.0,Call GEX 1,GEX,563134.871,6752.718904413088,9270.760127225712
2026-08-25 07:38:51,7900.0,7915.0,Put VEX 3,VEX,-1221063.155,6752.718904413088,9270.760127225712
2026-08-25 07:38:51,8000.0,8015.25,Put CEX 1,CEX,-3103516.788,6752.718904413088,9270.760127225712
2026-08-25 07:38:51,8000.0,8015.25,Put DEX 1,DEX,-2119.595,6752.718904413088,9270.760127225712
2026-08-25 07:38:51,8000.0,8015.25,Put VEX 1,VEX,-11569677.324,6752.718904413088,9270.760127225712
2026-08-25 07:38:51,8200.0,8215.75,Put VEX 5,VEX,-709050.626,6752.718904413088,9270.760127225712
2026-08-25 07:39:39,6800.0,6813.5,Put DEX 3,DEX,-27.091,6604.25898446665,9273.72543629186
2026-08-25 07:39:39,7000.0,7013.75,Call CEX 3,CEX,1091741.491,6604.25898446665,9273.72543629186
2026-08-25 07:39:39,7000.0,7013.75,Call DEX 1,DEX,790.514,6604.25898446665,9273.72543629186
2026-08-25 07:39:39,7000.0,7013.75,Put GEX 1,GEX,-739428.6,6604.25898446665,9273.72543629186
2026-08-25 07:39:39,7000.0,7013.75,Call VEX 1,VEX,6328869.562,6604.25898446665,9273.72543629186
2026-08-25 07:39:39,7160.0,7174.25,Put DEX 5,DEX,-23.452,6604.25898446665,9273.72543629186
2026-08-25 07:39:39,7200.0,7214.25,Put GEX 5,GEX,-211018.231,6604.25898446665,9273.72543629186
2026-08-25 07:39:39,7300.0,7314.5,Call DEX 2,DEX,254.389,6604.25898446665,9273.72543629186
2026-08-25 07:39:39,7300.0,7314.5,Call VEX 5,VEX,1869780.075,6604.25898446665,9273.72543629186
2026-08-25 07:39:39,7400.0,7414.75,Call CEX 5,CEX,914465.671,6604.25898446665,9273.72543629186
2026-08-25 07:39:39,7400.0,7414.75,Call DEX 5,DEX,213.768,6604.25898446665,9273.72543629186
2026-08-25 07:39:39,7400.0,7414.75,Put GEX 3,GEX,-296304.3,6604.25898446665,9273.72543629186
2026-08-25 07:39:39,7400.0,7414.75,Call VEX 3,VEX,2363097.134,6604.25898446665,9273.72543629186
2026-08-25 07:39:39,7450.0,7464.75,Call DEX 3,DEX,246.304,6604.25898446665,9273.72543629186
2026-08-25 07:39:39,7450.0,7464.75,Call VEX 4,VEX,1944442.857,6604.25898446665,9273.72543629186
2026-08-25 07:39:39,7500.0,7514.75,Call CEX 4,CEX,1012184.02,6604.25898446665,9273.72543629186
2026-08-25 07:39:39,7500.0,7514.75,Call DEX 4,DEX,214.478,6604.25898446665,9273.72543629186
2026-08-25 07:39:39,7500.0,7514.75,Put GEX 2,GEX,-447410.807,6604.25898446665,9273.72543629186
2026-08-25 07:39:39,7500.0,7514.75,Call VEX 2,VEX,3067747.974,6604.25898446665,9273.72543629186
2026-08-25 07:39:39,7550.0,7565.0,Put GEX 4,GEX,-220869.255,6604.25898446665,9273.72543629186
2026-08-25 07:39:39,7600.0,7615.0,Call CEX 2,CEX,1350860.856,6604.25898446665,9273.72543629186
2026-08-25 07:39:39,7650.0,7665.25,Call CEX 1,CEX,1423822.074,6604.25898446665,9273.72543629186
2026-08-25 07:39:39,7690.0,7705.25,Put CEX 3,CEX,-1855680.588,6604.25898446665,9273.72543629186
2026-08-25 07:39:39,7690.0,7705.25,Call GEX 5,GEX,220869.79,6604.25898446665,9273.72543629186
2026-08-25 07:39:39,7700.0,7715.25,Put CEX 2,CEX,-2134470.818,6604.25898446665,9273.72543629186
2026-08-25 07:39:39,7700.0,7715.25,Put DEX 2,DEX,-82.931,6604.25898446665,9273.72543629186
2026-08-25 07:39:39,7725.0,7740.25,Put CEX 4,CEX,-1240926.866,6604.25898446665,9273.72543629186
2026-08-25 07:39:39,7750.0,7765.25,Put CEX 5,CEX,-1203291.687,6604.25898446665,9273.72543629186
2026-08-25 07:39:39,7750.0,7765.25,Call GEX 3,GEX,366700.369,6604.25898446665,9273.72543629186
2026-08-25 07:39:39,7750.0,7765.25,Put VEX 5,VEX,-711718.521,6604.25898446665,9273.72543629186
2026-08-25 07:39:39,7780.0,7795.5,Put DEX 4,DEX,-25.408,6604.25898446665,9273.72543629186
2026-08-25 07:39:39,7800.0,7815.5,Call GEX 2,GEX,493897.336,6604.25898446665,9273.72543629186
2026-08-25 07:39:39,7800.0,7815.5,Put VEX 2,VEX,-1237921.867,6604.25898446665,9273.72543629186
2026-08-25 07:39:39,7850.0,7865.5,Call GEX 4,GEX,299286.006,6604.25898446665,9273.72543629186
2026-08-25 07:39:39,7900.0,7915.75,Call GEX 1,GEX,567502.218,6604.25898446665,9273.72543629186
2026-08-25 07:39:39,7900.0,7915.75,Put VEX 3,VEX,-1222320.469,6604.25898446665,9273.72543629186
2026-08-25 07:39:39,8000.0,8015.75,Put CEX 1,CEX,-3112354.682,6604.25898446665,9273.72543629186
2026-08-25 07:39:39,8000.0,8015.75,Put DEX 1,DEX,-2114.721,6604.25898446665,9273.72543629186
2026-08-25 07:39:39,8000.0,8015.75,Put VEX 1,VEX,-11589059.903,6604.25898446665,9273.72543629186
2026-08-25 07:39:39,8200.0,8216.25,Put VEX 4,VEX,-711819.468,6604.25898446665,9273.72543629186
2026-08-25 07:40:27,6800.0,6813.0,Put DEX 3,DEX,-27.025,6354.297794093705,9272.68048268243
2026-08-25 07:40:27,7000.0,7013.25,Call CEX 3,CEX,1085522.092,6354.297794093705,9272.68048268243
2026-08-25 07:40:27,7000.0,7013.25,Call DEX 1,DEX,792.762,6354.297794093705,9272.68048268243
2026-08-25 07:40:27,7000.0,7013.25,Put GEX 1,GEX,-745427.204,6354.297794093705,9272.68048268243
2026-08-25 07:40:27,7000.0,7013.25,Call VEX 1,VEX,6267359.701,6354.297794093705,9272.68048268243
2026-08-25 07:40:27,7160.0,7173.75,Put DEX 5,DEX,-23.438,6354.297794093705,9272.68048268243
2026-08-25 07:40:27,7200.0,7213.75,Put GEX 5,GEX,-211191.763,6354.297794093705,9272.68048268243
2026-08-25 07:40:27,7300.0,7314.0,Call DEX 2,DEX,254.889,6354.297794093705,9272.68048268243
2026-08-25 07:40:27,7300.0,7314.0,Call VEX 5,VEX,1861480.35,6354.297794093705,9272.68048268243
2026-08-25 07:40:27,7400.0,7414.25,Call CEX 5,CEX,909891.156,6354.297794093705,9272.68048268243
2026-08-25 07:40:27,7400.0,7414.25,Call DEX 5,DEX,210.624,6354.297794093705,9272.68048268243
2026-08-25 07:40:27,7400.0,7414.25,Put GEX 3,GEX,-297280.337,6354.297794093705,9272.68048268243
2026-08-25 07:40:27,7400.0,7414.25,Call VEX 3,VEX,2359781.526,6354.297794093705,9272.68048268243
2026-08-25 07:40:27,7450.0,7464.25,Call DEX 3,DEX,234.68,6354.297794093705,9272.68048268243
2026-08-25 07:40:27,7450.0,7464.25,Call VEX 4,VEX,1929595.047,6354.297794093705,9272.68048268243
2026-08-25 07:40:27,7500.0,7514.25,Call CEX 4,CEX,1003856.973,6354.297794093705,9272.68048268243
2026-08-25 07:40:27,7500.0,7514.25,Call DEX 4,DEX,211.954,6354.297794093705,9272.68048268243
2026-08-25 07:40:27,7500.0,7514.25,Put GEX 2,GEX,-448259.93,6354.297794093705,9272.68048268243
2026-08-25 07:40:27,7500.0,7514.25,Call VEX 2,VEX,3066074.823,6354.297794093705,9272.68048268243
2026-08-25 07:40:27,7550.0,7564.5,Put GEX 4,GEX,-219141.172,6354.297794093705,9272.68048268243
2026-08-25 07:40:27,7600.0,7614.5,Call CEX 2,CEX,1298292.393,6354.297794093705,9272.68048268243
2026-08-25 07:40:27,7650.0,7664.5,Call CEX 1,CEX,1457388.607,6354.297794093705,9272.68048268243
2026-08-25 07:40:27,7665.0,7679.75,Call GEX 5,GEX,234573.705,6354.297794093705,9272.68048268243
2026-08-25 07:40:27,7690.0,7704.75,Put CEX 3,CEX,-1848839.026,6354.297794093705,9272.68048268243
2026-08-25 07:40:27,7700.0,7714.75,Put CEX 2,CEX,-2154326.426,6354.297794093705,9272.68048268243
2026-08-25 07:40:27,7700.0,7714.75,Put DEX 2,DEX,-80.94,6354.297794093705,9272.68048268243
2026-08-25 07:40:27,7725.0,7739.75,Put CEX 4,CEX,-1294967.76,6354.297794093705,9272.68048268243
2026-08-25 07:40:27,7750.0,7764.75,Put CEX 5,CEX,-1287238.844,6354.297794093705,9272.68048268243
2026-08-25 07:40:27,7750.0,7764.75,Call GEX 3,GEX,366447.165,6354.297794093705,9272.68048268243
2026-08-25 07:40:27,7750.0,7764.75,Put VEX 5,VEX,-713409.43,6354.297794093705,9272.68048268243
2026-08-25 07:40:27,7780.0,7794.75,Put DEX 4,DEX,-25.163,6354.297794093705,9272.68048268243
2026-08-25 07:40:27,7800.0,7815.0,Call GEX 2,GEX,497141.781,6354.297794093705,9272.68048268243
2026-08-25 07:40:27,7800.0,7815.0,Put VEX 2,VEX,-1236460.992,6354.297794093705,9272.68048268243
2026-08-25 07:40:27,7850.0,7865.0,Call GEX 4,GEX,299372.626,6354.297794093705,9272.68048268243
2026-08-25 07:40:27,7900.0,7915.0,Call GEX 1,GEX,569114.13,6354.297794093705,9272.68048268243
2026-08-25 07:40:27,7900.0,7915.0,Put VEX 3,VEX,-1221507.968,6354.297794093705,9272.68048268243
2026-08-25 07:40:27,8000.0,8015.25,Put CEX 1,CEX,-3122868.16,6354.297794093705,9272.68048268243
2026-08-25 07:40:27,8000.0,8015.25,Put DEX 1,DEX,-2109.457,6354.297794093705,9272.68048268243
2026-08-25 07:40:27,8000.0,8015.25,Put VEX 1,VEX,-11594226.125,6354.297794093705,9272.68048268243
2026-08-25 07:40:27,8200.0,8215.75,Put VEX 4,VEX,-714575.636,6354.297794093705,9272.68048268243
2026-08-25 07:41:15,6800.0,6813.0,Put DEX 3,DEX,-27.164,6800.222930883631,9275.192501640033
2026-08-25 07:41:15,7000.0,7013.5,Call CEX 3,CEX,1116493.911,6800.222930883631,9275.192501640033
2026-08-25 07:41:15,7000.0,7013.5,Call DEX 1,DEX,782.216,6800.222930883631,9275.192501640033
2026-08-25 07:41:15,7000.0,7013.5,Put GEX 1,GEX,-706825.348,6800.222930883631,9275.192501640033
2026-08-25 07:41:15,7000.0,7013.5,Call VEX 1,VEX,6589580.754,6800.222930883631,9275.192501640033
2026-08-25 07:41:15,7160.0,7173.75,Put DEX 5,DEX,-23.562,6800.222930883631,9275.192501640033
2026-08-25 07:41:15,7300.0,7314.0,Call DEX 2,DEX,252.819,6800.222930883631,9275.192501640033
2026-08-25 07:41:15,7300.0,7314.0,Call VEX 5,VEX,1889371.863,6800.222930883631,9275.192501640033
2026-08-25 07:41:15,7400.0,7414.25,Call CEX 5,CEX,922440.17,6800.222930883631,9275.192501640033
2026-08-25 07:41:15,7400.0,7414.25,Call DEX 4,DEX,210.948,6800.222930883631,9275.192501640033
2026-08-25 07:41:15,7400.0,7414.25,Put GEX 3,GEX,-298294.045,6800.222930883631,9275.192501640033
2026-08-25 07:41:15,7400.0,7414.25,Call VEX 3,VEX,2368073.458,6800.222930883631,9275.192501640033
2026-08-25 07:41:15,7450.0,7464.25,Call DEX 3,DEX,243.241,6800.222930883631,9275.192501640033
2026-08-25 07:41:15,7450.0,7464.25,Call VEX 4,VEX,1939253.682,6800.222930883631,9275.192501640033
2026-08-25 07:41:15,7500.0,7514.5,Call CEX 4,CEX,1012026.011,6800.222930883631,9275.192501640033
2026-08-25 07:41:15,7500.0,7514.5,Call DEX 5,DEX,209.351,6800.222930883631,9275.192501640033
2026-08-25 07:41:15,7500.0,7514.5,Put GEX 2,GEX,-451222.896,6800.222930883631,9275.192501640033
2026-08-25 07:41:15,7500.0,7514.5,Call VEX 2,VEX,3050560.159,6800.222930883631,9275.192501640033
2026-08-25 07:41:15,7550.0,7564.5,Put GEX 4,GEX,-224550.827,6800.222930883631,9275.192501640033
2026-08-25 07:41:15,7600.0,7614.5,Call CEX 2,CEX,1317878.653,6800.222930883631,9275.192501640033
2026-08-25 07:41:15,7600.0,7614.5,Put GEX 5,GEX,-206205.802,6800.222930883631,9275.192501640033
2026-08-25 07:41:15,7650.0,7664.75,Call CEX 1,CEX,1323062.454,6800.222930883631,9275.192501640033
2026-08-25 07:41:15,7665.0,7679.75,Call GEX 5,GEX,212321.095,6800.222930883631,9275.192501640033
2026-08-25 07:41:15,7690.0,7704.75,Put CEX 3,CEX,-1853053.16,6800.222930883631,9275.192501640033
2026-08-25 07:41:15,7700.0,7714.75,Put CEX 2,CEX,-2130407.746,6800.222930883631,9275.192501640033
2026-08-25 07:41:15,7700.0,7714.75,Put DEX 2,DEX,-88.55,6800.222930883631,9275.192501640033
2026-08-25 07:41:15,7725.0,7739.75,Put CEX 4,CEX,-1264395.515,6800.222930883631,9275.192501640033
2026-08-25 07:41:15,7750.0,7765.0,Put CEX 5,CEX,-1232310.644,6800.222930883631,9275.192501640033
2026-08-25 07:41:15,7750.0,7765.0,Call GEX 3,GEX,362426.325,6800.222930883631,9275.192501640033
2026-08-25 07:41:15,7750.0,7765.0,Put VEX 4,VEX,-732280.5,6800.222930883631,9275.192501640033
2026-08-25 07:41:15,7780.0,7795.0,Put DEX 4,DEX,-26.344,6800.222930883631,9275.192501640033
2026-08-25 07:41:15,7800.0,7815.0,Call GEX 2,GEX,488816.589,6800.222930883631,9275.192501640033
2026-08-25 07:41:15,7800.0,7815.0,Put VEX 2,VEX,-1253312.014,6800.222930883631,9275.192501640033
2026-08-25 07:41:15,7850.0,7865.0,Call GEX 4,GEX,296358.856,6800.222930883631,9275.192501640033
2026-08-25 07:41:15,7900.0,7915.25,Call GEX 1,GEX,560974.834,6800.222930883631,9275.192501640033
2026-08-25 07:41:15,7900.0,7915.25,Put VEX 3,VEX,-1220334.895,6800.222930883631,9275.192501640033
2026-08-25 07:41:15,8000.0,8015.5,Put CEX 1,CEX,-3098594.715,6800.222930883631,9275.192501640033
2026-08-25 07:41:15,8000.0,8015.5,Put DEX 1,DEX,-2127.365,6800.222930883631,9275.192501640033
2026-08-25 07:41:15,8000.0,8015.5,Put VEX 1,VEX,-11565754.118,6800.222930883631,9275.192501640033
2026-08-25 07:41:15,8200.0,8215.75,Put VEX 5,VEX,-710752.536,6800.222930883631,9275.192501640033
2026-08-25 07:42:03,6800.0,6813.0,Put DEX 3,DEX,-27.285,6903.795974810856,9276.31846572459
2026-08-25 07:42:03,7000.0,7013.25,Call CEX 3,CEX,1108547.19,6903.795974810856,9276.31846572459
2026-08-25 07:42:03,7000.0,7013.25,Call DEX 1,DEX,784.101,6903.795974810856,9276.31846572459
2026-08-25 07:42:03,7000.0,7013.25,Put GEX 1,GEX,-727156.106,6903.795974810856,9276.31846572459
2026-08-25 07:42:03,7000.0,7013.25,Call VEX 1,VEX,6482105.461,6903.795974810856,9276.31846572459
2026-08-25 07:42:03,7160.0,7173.5,Put DEX 5,DEX,-23.657,6903.795974810856,9276.31846572459
2026-08-25 07:42:03,7200.0,7213.75,Put GEX 5,GEX,-212496.674,6903.795974810856,9276.31846572459
2026-08-25 07:42:03,7300.0,7313.75,Call DEX 2,DEX,253.394,6903.795974810856,9276.31846572459
2026-08-25 07:42:03,7300.0,7313.75,Call VEX 5,VEX,1882532.747,6903.795974810856,9276.31846572459
2026-08-25 07:42:03,7400.0,7414.0,Call CEX 5,CEX,929469.343,6903.795974810856,9276.31846572459
2026-08-25 07:42:03,7400.0,7414.0,Call DEX 4,DEX,210.988,6903.795974810856,9276.31846572459
2026-08-25 07:42:03,7400.0,7414.0,Put GEX 3,GEX,-301781.816,6903.795974810856,9276.31846572459
2026-08-25 07:42:03,7400.0,7414.0,Call VEX 3,VEX,2369271.001,6903.795974810856,9276.31846572459
2026-08-25 07:42:03,7450.0,7464.0,Call DEX 3,DEX,224.207,6903.795974810856,9276.31846572459
2026-08-25 07:42:03,7450.0,7464.0,Call VEX 4,VEX,1927370.711,6903.795974810856,9276.31846572459
2026-08-25 07:42:03,7500.0,7514.25,Call CEX 4,CEX,1009780.803,6903.795974810856,9276.31846572459
2026-08-25 07:42:03,7500.0,7514.25,Call DEX 5,DEX,202.89,6903.795974810856,9276.31846572459
2026-08-25 07:42:03,7500.0,7514.25,Put GEX 2,GEX,-454194.914,6903.795974810856,9276.31846572459
2026-08-25 07:42:03,7500.0,7514.25,Call VEX 2,VEX,3038524.947,6903.795974810856,9276.31846572459
2026-08-25 07:42:03,7550.0,7564.25,Put GEX 4,GEX,-225975.517,6903.795974810856,9276.31846572459
2026-08-25 07:42:03,7600.0,7614.5,Call CEX 1,CEX,1352083.084,6903.795974810856,9276.31846572459
2026-08-25 07:42:03,7650.0,7664.5,Call CEX 2,CEX,1214866.423,6903.795974810856,9276.31846572459
2026-08-25 07:42:03,7665.0,7679.5,Call GEX 5,GEX,230528.049,6903.795974810856,9276.31846572459
2026-08-25 07:42:03,7690.0,7704.5,Put CEX 3,CEX,-1830134.372,6903.795974810856,9276.31846572459
2026-08-25 07:42:03,7700.0,7714.5,Put CEX 2,CEX,-2137831.355,6903.795974810856,9276.31846572459
2026-08-25 07:42:03,7700.0,7714.5,Put DEX 2,DEX,-93.015,6903.795974810856,9276.31846572459
2026-08-25 07:42:03,7725.0,7739.75,Put CEX 5,CEX,-1235116.128,6903.795974810856,9276.31846572459
2026-08-25 07:42:03,7750.0,7764.75,Put CEX 4,CEX,-1281659.417,6903.795974810856,9276.31846572459
2026-08-25 07:42:03,7750.0,7764.75,Call GEX 3,GEX,355612.894,6903.795974810856,9276.31846572459
2026-08-25 07:42:03,7750.0,7764.75,Put VEX 4,VEX,-751831.089,6903.795974810856,9276.31846572459
2026-08-25 07:42:03,7780.0,7794.75,Put DEX 4,DEX,-27.033,6903.795974810856,9276.31846572459
2026-08-25 07:42:03,7800.0,7814.75,Call GEX 2,GEX,483872.396,6903.795974810856,9276.31846572459
2026-08-25 07:42:03,7800.0,7814.75,Put VEX 2,VEX,-1265645.483,6903.795974810856,9276.31846572459
2026-08-25 07:42:03,7850.0,7865.0,Call GEX 4,GEX,292279.135,6903.795974810856,9276.31846572459
2026-08-25 07:42:03,7900.0,7915.0,Call GEX 1,GEX,555282.802,6903.795974810856,9276.31846572459
2026-08-25 07:42:03,7900.0,7915.0,Put VEX 3,VEX,-1218395.108,6903.795974810856,9276.31846572459
2026-08-25 07:42:03,8000.0,8015.25,Put CEX 1,CEX,-3105834.662,6903.795974810856,9276.31846572459
2026-08-25 07:42:03,8000.0,8015.25,Put DEX 1,DEX,-2127.741,6903.795974810856,9276.31846572459
2026-08-25 07:42:03,8000.0,8015.25,Put VEX 1,VEX,-11556796.017,6903.795974810856,9276.31846572459
2026-08-25 07:42:03,8200.0,8215.5,Put VEX 5,VEX,-705830.601,6903.795974810856,9276.31846572459
2026-08-25 07:42:50,6800.0,6813.0,Put DEX 4,DEX,-25.906,7000.021900285761,9277.68183341669
2026-08-25 07:42:50,7000.0,7013.25,Call CEX 3,CEX,1097306.942,7000.021900285761,9277.68183341669
2026-08-25 07:42:50,7000.0,7013.25,Call DEX 1,DEX,787.08,7000.021900285761,9277.68183341669
2026-08-25 07:42:50,7000.0,7013.25,Put GEX 1,GEX,-749080.18,7000.021900285761,9277.68183341669
2026-08-25 07:42:50,7000.0,7013.25,Call VEX 1,VEX,6341623.766,7000.021900285761,9277.68183341669
2026-08-25 07:42:50,7160.0,7173.5,Put DEX 5,DEX,-23.723,7000.021900285761,9277.68183341669
2026-08-25 07:42:50,7200.0,7213.75,Put GEX 5,GEX,-212309.582,7000.021900285761,9277.68183341669
2026-08-25 07:42:50,7300.0,7313.75,Call DEX 2,DEX,253.166,7000.021900285761,9277.68183341669
2026-08-25 07:42:50,7300.0,7313.75,Call VEX 5,VEX,1881320.507,7000.021900285761,9277.68183341669
2026-08-25 07:42:50,7400.0,7414.0,Call CEX 5,CEX,931574.047,7000.021900285761,9277.68183341669
2026-08-25 07:42:50,7400.0,7414.0,Call DEX 4,DEX,211.239,7000.021900285761,9277.68183341669
2026-08-25 07:42:50,7400.0,7414.0,Put GEX 3,GEX,-302000.213,7000.021900285761,9277.68183341669
2026-08-25 07:42:50,7400.0,7414.0,Call VEX 3,VEX,2369655.68,7000.021900285761,9277.68183341669
2026-08-25 07:42:50,7450.0,7464.25,Call DEX 3,DEX,241.685,7000.021900285761,9277.68183341669
2026-08-25 07:42:50,7450.0,7464.25,Call VEX 4,VEX,1937891.132,7000.021900285761,9277.68183341669
2026-08-25 07:42:50,7500.0,7514.25,Call CEX 4,CEX,1016872.782,7000.021900285761,9277.68183341669
2026-08-25 07:42:50,7500.0,7514.25,Call DEX 5,DEX,204.664,7000.021900285761,9277.68183341669
2026-08-25 07:42:50,7500.0,7514.25,Put GEX 2,GEX,-452238.778,7000.021900285761,9277.68183341669
2026-08-25 07:42:50,7500.0,7514.25,Call VEX 2,VEX,3034665.962,7000.021900285761,9277.68183341669
2026-08-25 07:42:50,7550.0,7564.25,Put GEX 4,GEX,-225100.535,7000.021900285761,9277.68183341669
2026-08-25 07:42:50,7600.0,7614.5,Call CEX 1,CEX,1352927.395,7000.021900285761,9277.68183341669
2026-08-25 07:42:50,7650.0,7664.5,Call CEX 2,CEX,1138238.608,7000.021900285761,9277.68183341669
2026-08-25 07:42:50,7665.0,7679.5,Call GEX 5,GEX,211622.547,7000.021900285761,9277.68183341669
2026-08-25 07:42:50,7690.0,7704.5,Put CEX 3,CEX,-1824445.624,7000.021900285761,9277.68183341669
2026-08-25 07:42:50,7700.0,7714.75,Put CEX 2,CEX,-2114256.105,7000.021900285761,9277.68183341669
2026-08-25 07:42:50,7700.0,7714.75,Put DEX 2,DEX,-96.162,7000.021900285761,9277.68183341669
2026-08-25 07:42:50,7725.0,7739.75,Put CEX 5,CEX,-1217121.098,7000.021900285761,9277.68183341669
2026-08-25 07:42:50,7750.0,7764.75,Put CEX 4,CEX,-1240400.748,7000.021900285761,9277.68183341669
2026-08-25 07:42:50,7750.0,7764.75,Call GEX 3,GEX,360642.747,7000.021900285761,9277.68183341669
2026-08-25 07:42:50,7750.0,7764.75,Put VEX 4,VEX,-757129.386,7000.021900285761,9277.68183341669
2026-08-25 07:42:50,7780.0,7794.75,Put DEX 3,DEX,-27.433,7000.021900285761,9277.68183341669
2026-08-25 07:42:50,7800.0,7814.75,Call GEX 2,GEX,483921.353,7000.021900285761,9277.68183341669
2026-08-25 07:42:50,7800.0,7814.75,Put VEX 2,VEX,-1272271.733,7000.021900285761,9277.68183341669
2026-08-25 07:42:50,7850.0,7865.0,Call GEX 4,GEX,292187.454,7000.021900285761,9277.68183341669
2026-08-25 07:42:50,7900.0,7915.0,Call GEX 1,GEX,551799.54,7000.021900285761,9277.68183341669
2026-08-25 07:42:50,7900.0,7915.0,Put VEX 3,VEX,-1216402.552,7000.021900285761,9277.68183341669
2026-08-25 07:42:50,8000.0,8015.25,Put CEX 1,CEX,-3081957.596,7000.021900285761,9277.68183341669
2026-08-25 07:42:50,8000.0,8015.25,Put DEX 1,DEX,-2132.096,7000.021900285761,9277.68183341669
2026-08-25 07:42:50,8000.0,8015.25,Put VEX 1,VEX,-11528809.965,7000.021900285761,9277.68183341669
2026-08-25 07:42:50,8200.0,8215.5,Put VEX 5,VEX,-703858.198,7000.021900285761,9277.68183341669
2026-08-25 07:43:38,6800.0,6813.0,Put DEX 4,DEX,-25.979,7000.546965725222,9273.446958849565
2026-08-25 07:43:38,7000.0,7013.5,Call CEX 2,CEX,1099283.29,7000.546965725222,9273.446958849565
2026-08-25 07:43:38,7000.0,7013.5,Call DEX 1,DEX,785.821,7000.546965725222,9273.446958849565
2026-08-25 07:43:38,7000.0,7013.5,Put GEX 1,GEX,-750084.276,7000.546965725222,9273.446958849565
2026-08-25 07:43:38,7000.0,7013.5,Call VEX 1,VEX,6354332.474,7000.546965725222,9273.446958849565
2026-08-25 07:43:38,7160.0,7173.75,Put DEX 5,DEX,-23.807,7000.546965725222,9273.446958849565
2026-08-25 07:43:38,7200.0,7214.0,Put GEX 5,GEX,-212382.14,7000.546965725222,9273.446958849565
2026-08-25 07:43:38,7300.0,7314.0,Call DEX 2,DEX,252.378,7000.546965725222,9273.446958849565
2026-08-25 07:43:38,7300.0,7314.0,Call VEX 5,VEX,1878320.365,7000.546965725222,9273.446958849565
2026-08-25 07:43:38,7400.0,7414.25,Call CEX 5,CEX,930946.089,7000.546965725222,9273.446958849565
2026-08-25 07:43:38,7400.0,7414.25,Call DEX 4,DEX,208.46,7000.546965725222,9273.446958849565
2026-08-25 07:43:38,7400.0,7414.25,Put GEX 3,GEX,-304297.54,7000.546965725222,9273.446958849565
2026-08-25 07:43:38,7400.0,7414.25,Call VEX 3,VEX,2367955.853,7000.546965725222,9273.446958849565
2026-08-25 07:43:38,7450.0,7464.25,Call DEX 3,DEX,240.722,7000.546965725222,9273.446958849565
2026-08-25 07:43:38,7450.0,7464.25,Call VEX 4,VEX,1937255.115,7000.546965725222,9273.446958849565
2026-08-25 07:43:38,7500.0,7514.5,Call CEX 4,CEX,1016752.801,7000.546965725222,9273.446958849565
2026-08-25 07:43:38,7500.0,7514.5,Call DEX 5,DEX,203.056,7000.546965725222,9273.446958849565
2026-08-25 07:43:38,7500.0,7514.5,Put GEX 2,GEX,-452759.105,7000.546965725222,9273.446958849565
2026-08-25 07:43:38,7500.0,7514.5,Call VEX 2,VEX,3028344.798,7000.546965725222,9273.446958849565
2026-08-25 07:43:38,7550.0,7564.5,Put GEX 4,GEX,-225600.579,7000.546965725222,9273.446958849565
2026-08-25 07:43:38,7600.0,7614.75,Call CEX 1,CEX,1369504.038,7000.546965725222,9273.446958849565
2026-08-25 07:43:38,7650.0,7664.75,Call CEX 3,CEX,1079288.141,7000.546965725222,9273.446958849565
2026-08-25 07:43:38,7665.0,7679.75,Call GEX 5,GEX,210651.995,7000.546965725222,9273.446958849565
2026-08-25 07:43:38,7690.0,7704.75,Put CEX 3,CEX,-1816408.079,7000.546965725222,9273.446958849565
2026-08-25 07:43:38,7700.0,7714.75,Put CEX 2,CEX,-2098015.686,7000.546965725222,9273.446958849565
2026-08-25 07:43:38,7700.0,7714.75,Put DEX 2,DEX,-98.09,7000.546965725222,9273.446958849565
2026-08-25 07:43:38,7725.0,7740.0,Put CEX 5,CEX,-1217922.156,7000.546965725222,9273.446958849565
2026-08-25 07:43:38,7750.0,7765.0,Put CEX 4,CEX,-1239699.264,7000.546965725222,9273.446958849565
2026-08-25 07:43:38,7750.0,7765.0,Call GEX 3,GEX,361137.228,7000.546965725222,9273.446958849565
2026-08-25 07:43:38,7750.0,7765.0,Put VEX 4,VEX,-762706.188,7000.546965725222,9273.446958849565
2026-08-25 07:43:38,7780.0,7795.0,Put DEX 3,DEX,-27.756,7000.546965725222,9273.446958849565
2026-08-25 07:43:38,7800.0,7815.0,Call GEX 2,GEX,482948.345,7000.546965725222,9273.446958849565
2026-08-25 07:43:38,7800.0,7815.0,Put VEX 2,VEX,-1277679.316,7000.546965725222,9273.446958849565
2026-08-25 07:43:38,7850.0,7865.25,Call GEX 4,GEX,290855.853,7000.546965725222,9273.446958849565
2026-08-25 07:43:38,7900.0,7915.25,Call GEX 1,GEX,549892.048,7000.546965725222,9273.446958849565
2026-08-25 07:43:38,7900.0,7915.25,Put VEX 3,VEX,-1216651.894,7000.546965725222,9273.446958849565
2026-08-25 07:43:38,8000.0,8015.5,Put CEX 1,CEX,-3077880.336,7000.546965725222,9273.446958849565
2026-08-25 07:43:38,8000.0,8015.5,Put DEX 1,DEX,-2134.714,7000.546965725222,9273.446958849565
2026-08-25 07:43:38,8000.0,8015.5,Put VEX 1,VEX,-11523556.156,7000.546965725222,9273.446958849565
2026-08-25 07:43:38,8200.0,8215.75,Put VEX 5,VEX,-703333.924,7000.546965725222,9273.446958849565
2026-08-25 07:44:25,6800.0,6812.5,Put DEX 4,DEX,-25.986,7001.196385404662,9273.045594224634
2026-08-25 07:44:25,7000.0,7012.75,Call CEX 2,CEX,1109200.109,7001.196385404662,9273.045594224634
2026-08-25 07:44:25,7000.0,7012.75,Call DEX 1,DEX,782.591,7001.196385404662,9273.045594224634
2026-08-25 07:44:25,7000.0,7012.75,Put GEX 1,GEX,-740352.529,7001.196385404662,9273.045594224634
2026-08-25 07:44:25,7000.0,7012.75,Call VEX 1,VEX,6449281.119,7001.196385404662,9273.045594224634
2026-08-25 07:44:25,7160.0,7173.25,Put DEX 5,DEX,-23.763,7001.196385404662,9273.045594224634
2026-08-25 07:44:25,7300.0,7313.5,Call DEX 2,DEX,250.819,7001.196385404662,9273.045594224634
2026-08-25 07:44:25,7300.0,7313.5,Call VEX 5,VEX,1885506.105,7001.196385404662,9273.045594224634
2026-08-25 07:44:25,7400.0,7413.5,Call CEX 5,CEX,935460.485,7001.196385404662,9273.045594224634
2026-08-25 07:44:25,7400.0,7413.5,Call DEX 4,DEX,208.032,7001.196385404662,9273.045594224634
2026-08-25 07:44:25,7400.0,7413.5,Put GEX 3,GEX,-305331.257,7001.196385404662,9273.045594224634
2026-08-25 07:44:25,7400.0,7413.5,Call VEX 3,VEX,2370577.501,7001.196385404662,9273.045594224634
2026-08-25 07:44:25,7450.0,7463.75,Call DEX 3,DEX,239.959,7001.196385404662,9273.045594224634
2026-08-25 07:44:25,7450.0,7463.75,Call VEX 4,VEX,1931719.232,7001.196385404662,9273.045594224634
2026-08-25 07:44:25,7500.0,7513.75,Call CEX 4,CEX,1014554.111,7001.196385404662,9273.045594224634
2026-08-25 07:44:25,7500.0,7513.75,Call DEX 5,DEX,201.567,7001.196385404662,9273.045594224634
2026-08-25 07:44:25,7500.0,7513.75,Put GEX 2,GEX,-455729.429,7001.196385404662,9273.045594224634
2026-08-25 07:44:25,7500.0,7513.75,Call VEX 2,VEX,3022286.402,7001.196385404662,9273.045594224634
2026-08-25 07:44:25,7550.0,7563.75,Put GEX 4,GEX,-227243.974,7001.196385404662,9273.045594224634
2026-08-25 07:44:25,7600.0,7614.0,Call CEX 1,CEX,1385875.189,7001.196385404662,9273.045594224634
2026-08-25 07:44:25,7600.0,7614.0,Put GEX 5,GEX,-217893.355,7001.196385404662,9273.045594224634
2026-08-25 07:44:25,7650.0,7664.0,Call CEX 3,CEX,1027668.942,7001.196385404662,9273.045594224634
2026-08-25 07:44:25,7665.0,7679.0,Call GEX 5,GEX,218932.091,7001.196385404662,9273.045594224634
2026-08-25 07:44:25,7690.0,7704.0,Put CEX 3,CEX,-1797111.006,7001.196385404662,9273.045594224634
2026-08-25 07:44:25,7700.0,7714.25,Put CEX 2,CEX,-2088925.194,7001.196385404662,9273.045594224634
2026-08-25 07:44:25,7700.0,7714.25,Put DEX 2,DEX,-100.077,7001.196385404662,9273.045594224634
2026-08-25 07:44:25,7725.0,7739.25,Put CEX 5,CEX,-1225590.905,7001.196385404662,9273.045594224634
2026-08-25 07:44:25,7750.0,7764.25,Put CEX 4,CEX,-1257622.71,7001.196385404662,9273.045594224634
2026-08-25 07:44:25,7750.0,7764.25,Call GEX 3,GEX,355870.282,7001.196385404662,9273.045594224634
2026-08-25 07:44:25,7750.0,7764.25,Put VEX 4,VEX,-770838.091,7001.196385404662,9273.045594224634
2026-08-25 07:44:25,7780.0,7794.25,Put DEX 3,DEX,-28.056,7001.196385404662,9273.045594224634
2026-08-25 07:44:25,7800.0,7814.25,Call GEX 2,GEX,478398.798,7001.196385404662,9273.045594224634
2026-08-25 07:44:25,7800.0,7814.25,Put VEX 2,VEX,-1283240.561,7001.196385404662,9273.045594224634
2026-08-25 07:44:25,7850.0,7864.5,Call GEX 4,GEX,289108.013,7001.196385404662,9273.045594224634
2026-08-25 07:44:25,7900.0,7914.5,Call GEX 1,GEX,547207.914,7001.196385404662,9273.045594224634
2026-08-25 07:44:25,7900.0,7914.5,Put VEX 3,VEX,-1215560.411,7001.196385404662,9273.045594224634
2026-08-25 07:44:25,8000.0,8014.75,Put CEX 1,CEX,-3075287.983,7001.196385404662,9273.045594224634
2026-08-25 07:44:25,8000.0,8014.75,Put DEX 1,DEX,-2139.015,7001.196385404662,9273.045594224634
2026-08-25 07:44:25,8000.0,8014.75,Put VEX 1,VEX,-11514462.582,7001.196385404662,9273.045594224634
2026-08-25 07:44:25,8200.0,8215.0,Put VEX 5,VEX,-701783.688,7001.196385404662,9273.045594224634
2026-08-25 07:45:13,6800.0,6813.5,Put DEX 4,DEX,-27.498,7001.484120946438,9274.46102854026
2026-08-25 07:45:13,7000.0,7014.0,Call CEX 2,CEX,1127181.652,7001.484120946438,9274.46102854026
2026-08-25 07:45:13,7000.0,7014.0,Call DEX 1,DEX,794.854,7001.484120946438,9274.46102854026
2026-08-25 07:45:13,7000.0,7014.0,Put GEX 1,GEX,-743216.493,7001.484120946438,9274.46102854026
2026-08-25 07:45:13,7000.0,7014.0,Call VEX 1,VEX,6427632.25,7001.484120946438,9274.46102854026
2026-08-25 07:45:13,7160.0,7174.25,Put DEX 5,DEX,-23.761,7001.484120946438,9274.46102854026
2026-08-25 07:45:13,7200.0,7214.25,Put GEX 5,GEX,-212472.565,7001.484120946438,9274.46102854026
2026-08-25 07:45:13,7300.0,7314.5,Call DEX 2,DEX,251.434,7001.484120946438,9274.46102854026
2026-08-25 07:45:13,7300.0,7314.5,Call VEX 5,VEX,1882751.335,7001.484120946438,9274.46102854026
2026-08-25 07:45:13,7400.0,7414.75,Call CEX 5,CEX,939335.134,7001.484120946438,9274.46102854026
2026-08-25 07:45:13,7400.0,7414.75,Call DEX 4,DEX,208.852,7001.484120946438,9274.46102854026
2026-08-25 07:45:13,7400.0,7414.75,Put GEX 3,GEX,-304919.615,7001.484120946438,9274.46102854026
2026-08-25 07:45:13,7400.0,7414.75,Call VEX 3,VEX,2370663.777,7001.484120946438,9274.46102854026
2026-08-25 07:45:13,7450.0,7464.75,Call DEX 3,DEX,245.309,7001.484120946438,9274.46102854026
2026-08-25 07:45:13,7450.0,7464.75,Call VEX 4,VEX,1948080.878,7001.484120946438,9274.46102854026
2026-08-25 07:45:13,7500.0,7515.0,Call CEX 3,CEX,1044942.033,7001.484120946438,9274.46102854026
2026-08-25 07:45:13,7500.0,7515.0,Call DEX 5,DEX,206.591,7001.484120946438,9274.46102854026
2026-08-25 07:45:13,7500.0,7515.0,Put GEX 2,GEX,-449874.286,7001.484120946438,9274.46102854026
2026-08-25 07:45:13,7500.0,7515.0,Call VEX 2,VEX,3031744.115,7001.484120946438,9274.46102854026
2026-08-25 07:45:13,7550.0,7565.0,Put GEX 4,GEX,-225897.525,7001.484120946438,9274.46102854026
2026-08-25 07:45:13,7600.0,7615.0,Call CEX 1,CEX,1489124.194,7001.484120946438,9274.46102854026
2026-08-25 07:45:13,7650.0,7665.25,Call CEX 4,CEX,1013122.051,7001.484120946438,9274.46102854026
2026-08-25 07:45:13,7690.0,7705.25,Put CEX 3,CEX,-1800463.676,7001.484120946438,9274.46102854026
2026-08-25 07:45:13,7700.0,7715.25,Put CEX 2,CEX,-2044916.97,7001.484120946438,9274.46102854026
2026-08-25 07:45:13,7700.0,7715.25,Put DEX 2,DEX,-101.13,7001.484120946438,9274.46102854026
2026-08-25 07:45:13,7725.0,7740.25,Put CEX 4,CEX,-1164975.312,7001.484120946438,9274.46102854026
2026-08-25 07:45:13,7750.0,7765.5,Put CEX 5,CEX,-1151505.613,7001.484120946438,9274.46102854026
2026-08-25 07:45:13,7750.0,7765.5,Call GEX 3,GEX,364380.065,7001.484120946438,9274.46102854026
2026-08-25 07:45:13,7750.0,7765.5,Put VEX 4,VEX,-764696.92,7001.484120946438,9274.46102854026
2026-08-25 07:45:13,7780.0,7795.5,Put DEX 3,DEX,-27.635,7001.484120946438,9274.46102854026
2026-08-25 07:45:13,7800.0,7815.5,Call GEX 2,GEX,484275.275,7001.484120946438,9274.46102854026
2026-08-25 07:45:13,7800.0,7815.5,Put VEX 2,VEX,-1277258.157,7001.484120946438,9274.46102854026
2026-08-25 07:45:13,7850.0,7865.5,Call GEX 4,GEX,292208.233,7001.484120946438,9274.46102854026
2026-08-25 07:45:13,7900.0,7915.75,Call GEX 1,GEX,546811.352,7001.484120946438,9274.46102854026
2026-08-25 07:45:13,7900.0,7915.75,Put VEX 3,VEX,-1215760.547,7001.484120946438,9274.46102854026
2026-08-25 07:45:13,7950.0,7965.75,Call GEX 5,GEX,192342.034,7001.484120946438,9274.46102854026
2026-08-25 07:45:13,8000.0,8015.75,Put CEX 1,CEX,-3039369.411,7001.484120946438,9274.46102854026
2026-08-25 07:45:13,8000.0,8015.75,Put DEX 1,DEX,-2127.232,7001.484120946438,9274.46102854026
2026-08-25 07:45:13,8000.0,8015.75,Put VEX 1,VEX,-11501211.555,7001.484120946438,9274.46102854026
2026-08-25 07:45:13,8200.0,8216.25,Put VEX 5,VEX,-700203.111,7001.484120946438,9274.46102854026
2026-08-25 07:46:03,6800.0,6812.75,Put DEX 4,DEX,-27.499,7002.17010558661,9274.948033451565
2026-08-25 07:46:03,7000.0,7013.25,Call CEX 2,CEX,1133584.79,7002.17010558661,9274.948033451565
2026-08-25 07:46:03,7000.0,7013.25,Call DEX 1,DEX,773.863,7002.17010558661,9274.948033451565
2026-08-25 07:46:03,7000.0,7013.25,Put GEX 1,GEX,-706265.787,7002.17010558661,9274.948033451565
2026-08-25 07:46:03,7000.0,7013.25,Call VEX 1,VEX,6709714.939,7002.17010558661,9274.948033451565
2026-08-25 07:46:03,7160.0,7173.5,Put DEX 5,DEX,-23.749,7002.17010558661,9274.948033451565
2026-08-25 07:46:03,7300.0,7313.75,Call DEX 2,DEX,249.648,7002.17010558661,9274.948033451565
2026-08-25 07:46:03,7300.0,7313.75,Call VEX 5,VEX,1907930.748,7002.17010558661,9274.948033451565
2026-08-25 07:46:03,7400.0,7414.0,Call CEX 5,CEX,938382.035,7002.17010558661,9274.948033451565
2026-08-25 07:46:03,7400.0,7414.0,Call DEX 4,DEX,206.58,7002.17010558661,9274.948033451565
2026-08-25 07:46:03,7400.0,7414.0,Put GEX 3,GEX,-305030.923,7002.17010558661,9274.948033451565
2026-08-25 07:46:03,7400.0,7414.0,Call VEX 3,VEX,2374004.882,7002.17010558661,9274.948033451565
2026-08-25 07:46:03,7450.0,7464.0,Call DEX 3,DEX,237.685,7002.17010558661,9274.948033451565
2026-08-25 07:46:03,7450.0,7464.0,Call VEX 4,VEX,1940244.436,7002.17010558661,9274.948033451565
2026-08-25 07:46:03,7500.0,7514.25,Call CEX 3,CEX,1022477.766,7002.17010558661,9274.948033451565
2026-08-25 07:46:03,7500.0,7514.25,Call DEX 5,DEX,199.419,7002.17010558661,9274.948033451565
2026-08-25 07:46:03,7500.0,7514.25,Put GEX 2,GEX,-458335.08,7002.17010558661,9274.948033451565
2026-08-25 07:46:03,7500.0,7514.25,Call VEX 2,VEX,3019242.257,7002.17010558661,9274.948033451565
2026-08-25 07:46:03,7550.0,7564.25,Put GEX 4,GEX,-231106.728,7002.17010558661,9274.948033451565
2026-08-25 07:46:03,7600.0,7614.5,Call CEX 1,CEX,1460593.512,7002.17010558661,9274.948033451565
2026-08-25 07:46:03,7600.0,7614.5,Put GEX 5,GEX,-223343.737,7002.17010558661,9274.948033451565
2026-08-25 07:46:03,7650.0,7664.5,Call CEX 4,CEX,970793.417,7002.17010558661,9274.948033451565
2026-08-25 07:46:03,7665.0,7679.5,Call GEX 5,GEX,195659.232,7002.17010558661,9274.948033451565
2026-08-25 07:46:03,7690.0,7704.5,Put CEX 3,CEX,-1783312.262,7002.17010558661,9274.948033451565
2026-08-25 07:46:03,7700.0,7714.5,Put CEX 2,CEX,-2059428.219,7002.17010558661,9274.948033451565
2026-08-25 07:46:03,7700.0,7714.5,Put DEX 2,DEX,-102.448,7002.17010558661,9274.948033451565
2026-08-25 07:46:03,7725.0,7739.5,Put CEX 5,CEX,-1156901.942,7002.17010558661,9274.948033451565
2026-08-25 07:46:03,7750.0,7764.75,Put CEX 4,CEX,-1185875.16,7002.17010558661,9274.948033451565
2026-08-25 07:46:03,7750.0,7764.75,Call GEX 3,GEX,357374.072,7002.17010558661,9274.948033451565
2026-08-25 07:46:03,7750.0,7764.75,Put VEX 4,VEX,-770959.191,7002.17010558661,9274.948033451565
2026-08-25 07:46:03,7780.0,7794.75,Put DEX 3,DEX,-28.415,7002.17010558661,9274.948033451565
2026-08-25 07:46:03,7800.0,7814.75,Call GEX 2,GEX,474769.574,7002.17010558661,9274.948033451565
2026-08-25 07:46:03,7800.0,7814.75,Put VEX 2,VEX,-1286447.774,7002.17010558661,9274.948033451565
2026-08-25 07:46:03,7850.0,7864.75,Call GEX 4,GEX,288553.428,7002.17010558661,9274.948033451565
2026-08-25 07:46:03,7900.0,7915.0,Call GEX 1,GEX,544580.279,7002.17010558661,9274.948033451565
2026-08-25 07:46:03,7900.0,7915.0,Put VEX 3,VEX,-1214619.067,7002.17010558661,9274.948033451565
2026-08-25 07:46:03,8000.0,8015.25,Put CEX 1,CEX,-3062013.489,7002.17010558661,9274.948033451565
2026-08-25 07:46:03,8000.0,8015.25,Put DEX 1,DEX,-2150.841,7002.17010558661,9274.948033451565
2026-08-25 07:46:03,8000.0,8015.25,Put VEX 1,VEX,-11505599.199,7002.17010558661,9274.948033451565
2026-08-25 07:46:03,8200.0,8215.5,Put VEX 5,VEX,-699275.67,7002.17010558661,9274.948033451565
2026-08-25 07:46:50,6800.0,6813.25,Put DEX 4,DEX,-27.4,7000.277648627801,9272.418861107672
2026-08-25 07:46:50,7000.0,7013.75,Call CEX 3,CEX,1103707.075,7000.277648627801,9272.418861107672
2026-08-25 07:46:50,7000.0,7013.75,Call DEX 1,DEX,785.027,7000.277648627801,9272.418861107672
2026-08-25 07:46:50,7000.0,7013.75,Put GEX 1,GEX,-743175.598,7000.277648627801,9272.418861107672
2026-08-25 07:46:50,7000.0,7013.75,Call VEX 1,VEX,6400124.841,7000.277648627801,9272.418861107672
2026-08-25 07:46:50,7160.0,7174.0,Put DEX 5,DEX,-23.751,7000.277648627801,9272.418861107672
2026-08-25 07:46:50,7200.0,7214.0,Put GEX 5,GEX,-212379.466,7000.277648627801,9272.418861107672
2026-08-25 07:46:50,7300.0,7314.25,Call DEX 2,DEX,252.384,7000.277648627801,9272.418861107672
2026-08-25 07:46:50,7300.0,7314.25,Call VEX 5,VEX,1873520.804,7000.277648627801,9272.418861107672
2026-08-25 07:46:50,7400.0,7414.5,Call CEX 5,CEX,931615.613,7000.277648627801,9272.418861107672
2026-08-25 07:46:50,7400.0,7414.5,Call DEX 4,DEX,209.633,7000.277648627801,9272.418861107672
2026-08-25 07:46:50,7400.0,7414.5,Put GEX 3,GEX,-303208.551,7000.277648627801,9272.418861107672
2026-08-25 07:46:50,7400.0,7414.5,Call VEX 3,VEX,2367063.354,7000.277648627801,9272.418861107672
2026-08-25 07:46:50,7450.0,7464.5,Call DEX 3,DEX,241.688,7000.277648627801,9272.418861107672
2026-08-25 07:46:50,7450.0,7464.5,Call VEX 4,VEX,1938088.41,7000.277648627801,9272.418861107672
2026-08-25 07:46:50,7500.0,7514.75,Call CEX 4,CEX,1077610.906,7000.277648627801,9272.418861107672
2026-08-25 07:46:50,7500.0,7514.75,Call DEX 5,DEX,205.264,7000.277648627801,9272.418861107672
2026-08-25 07:46:50,7500.0,7514.75,Put GEX 2,GEX,-453120.428,7000.277648627801,9272.418861107672
2026-08-25 07:46:50,7500.0,7514.75,Call VEX 2,VEX,3039212.254,7000.277648627801,9272.418861107672
2026-08-25 07:46:50,7550.0,7564.75,Put GEX 4,GEX,-225444.301,7000.277648627801,9272.418861107672
2026-08-25 07:46:50,7600.0,7615.0,Call CEX 1,CEX,1361100.161,7000.277648627801,9272.418861107672
2026-08-25 07:46:50,7650.0,7665.0,Call CEX 2,CEX,1153923.114,7000.277648627801,9272.418861107672
2026-08-25 07:46:50,7665.0,7680.0,Call GEX 5,GEX,214528.544,7000.277648627801,9272.418861107672
2026-08-25 07:46:50,7690.0,7705.0,Put CEX 3,CEX,-1824662.967,7000.277648627801,9272.418861107672
2026-08-25 07:46:50,7700.0,7715.0,Put CEX 2,CEX,-2093066.47,7000.277648627801,9272.418861107672
2026-08-25 07:46:50,7700.0,7715.0,Put DEX 2,DEX,-97.2,7000.277648627801,9272.418861107672
2026-08-25 07:46:50,7725.0,7740.25,Put CEX 5,CEX,-1216810.007,7000.277648627801,9272.418861107672
2026-08-25 07:46:50,7750.0,7765.25,Put CEX 4,CEX,-1224054.455,7000.277648627801,9272.418861107672
2026-08-25 07:46:50,7750.0,7765.25,Call GEX 3,GEX,364109.067,7000.277648627801,9272.418861107672
2026-08-25 07:46:50,7750.0,7765.25,Put VEX 4,VEX,-758110.634,7000.277648627801,9272.418861107672
2026-08-25 07:46:50,7780.0,7795.25,Put DEX 3,DEX,-27.645,7000.277648627801,9272.418861107672
2026-08-25 07:46:50,7800.0,7815.25,Call GEX 2,GEX,484626.937,7000.277648627801,9272.418861107672
2026-08-25 07:46:50,7800.0,7815.25,Put VEX 2,VEX,-1274806.36,7000.277648627801,9272.418861107672
2026-08-25 07:46:50,7850.0,7865.5,Call GEX 4,GEX,291776.205,7000.277648627801,9272.418861107672
2026-08-25 07:46:50,7900.0,7915.5,Call GEX 1,GEX,550622.93,7000.277648627801,9272.418861107672
2026-08-25 07:46:50,7900.0,7915.5,Put VEX 3,VEX,-1215186.602,7000.277648627801,9272.418861107672
2026-08-25 07:46:50,8000.0,8015.75,Put CEX 1,CEX,-3079437.491,7000.277648627801,9272.418861107672
2026-08-25 07:46:50,8000.0,8015.75,Put DEX 1,DEX,-2133.574,7000.277648627801,9272.418861107672
2026-08-25 07:46:50,8000.0,8015.75,Put VEX 1,VEX,-11526051.003,7000.277648627801,9272.418861107672
2026-08-25 07:46:50,8200.0,8216.0,Put VEX 5,VEX,-701371.141,7000.277648627801,9272.418861107672
2026-08-25 07:47:39,6800.0,6812.75,Put DEX 4,DEX,-27.472,7001.5558653206745,9274.914838633897
2026-08-25 07:47:39,7000.0,7013.25,Call CEX 2,CEX,1119541.507,7001.5558653206745,9274.914838633897
2026-08-25 07:47:39,7000.0,7013.25,Call DEX 1,DEX,779.365,7001.5558653206745,9274.914838633897
2026-08-25 07:47:39,7000.0,7013.25,Put GEX 1,GEX,-723517.73,7001.5558653206745,9274.914838633897
2026-08-25 07:47:39,7000.0,7013.25,Call VEX 1,VEX,6565703.334,7001.5558653206745,9274.914838633897
2026-08-25 07:47:39,7160.0,7173.5,Put DEX 5,DEX,-23.739,7001.5558653206745,9274.914838633897
2026-08-25 07:47:39,7300.0,7313.75,Call DEX 2,DEX,249.985,7001.5558653206745,9274.914838633897
2026-08-25 07:47:39,7300.0,7313.75,Call VEX 5,VEX,1898141.052,7001.5558653206745,9274.914838633897
2026-08-25 07:47:39,7400.0,7414.0,Call CEX 5,CEX,940099.974,7001.5558653206745,9274.914838633897
2026-08-25 07:47:39,7400.0,7414.0,Call DEX 4,DEX,207.587,7001.5558653206745,9274.914838633897
2026-08-25 07:47:39,7400.0,7414.0,Put GEX 3,GEX,-304922.963,7001.5558653206745,9274.914838633897
2026-08-25 07:47:39,7400.0,7414.0,Call VEX 3,VEX,2373599.743,7001.5558653206745,9274.914838633897
2026-08-25 07:47:39,7450.0,7464.0,Call DEX 3,DEX,239.048,7001.5558653206745,9274.914838633897
2026-08-25 07:47:39,7450.0,7464.0,Call VEX 4,VEX,1934940.988,7001.5558653206745,9274.914838633897
2026-08-25 07:47:39,7500.0,7514.0,Call CEX 3,CEX,1076649.392,7001.5558653206745,9274.914838633897
2026-08-25 07:47:39,7500.0,7514.0,Call DEX 5,DEX,200.55,7001.5558653206745,9274.914838633897
2026-08-25 07:47:39,7500.0,7514.0,Put GEX 2,GEX,-459287.262,7001.5558653206745,9274.914838633897
2026-08-25 07:47:39,7500.0,7514.0,Call VEX 2,VEX,3023202.341,7001.5558653206745,9274.914838633897
2026-08-25 07:47:39,7550.0,7564.25,Put GEX 4,GEX,-229780.395,7001.5558653206745,9274.914838633897
2026-08-25 07:47:39,7600.0,7614.25,Call CEX 1,CEX,1361997.293,7001.5558653206745,9274.914838633897
2026-08-25 07:47:39,7600.0,7614.25,Put GEX 5,GEX,-219488.271,7001.5558653206745,9274.914838633897
2026-08-25 07:47:39,7650.0,7664.25,Call CEX 4,CEX,1033193.633,7001.5558653206745,9274.914838633897
2026-08-25 07:47:39,7665.0,7679.5,Call GEX 5,GEX,218786.548,7001.5558653206745,9274.914838633897
2026-08-25 07:47:39,7690.0,7704.5,Put CEX 3,CEX,-1798541.931,7001.5558653206745,9274.914838633897
2026-08-25 07:47:39,7700.0,7714.5,Put CEX 2,CEX,-2099870.077,7001.5558653206745,9274.914838633897
2026-08-25 07:47:39,7700.0,7714.5,Put DEX 2,DEX,-101.476,7001.5558653206745,9274.914838633897
2026-08-25 07:47:39,7725.0,7739.5,Put CEX 5,CEX,-1226991.302,7001.5558653206745,9274.914838633897
2026-08-25 07:47:39,7750.0,7764.5,Put CEX 4,CEX,-1248841.256,7001.5558653206745,9274.914838633897
2026-08-25 07:47:39,7750.0,7764.5,Call GEX 3,GEX,355265.826,7001.5558653206745,9274.914838633897
2026-08-25 07:47:39,7750.0,7764.5,Put VEX 4,VEX,-773464.635,7001.5558653206745,9274.914838633897
2026-08-25 07:47:39,7780.0,7794.5,Put DEX 3,DEX,-28.306,7001.5558653206745,9274.914838633897
2026-08-25 07:47:39,7800.0,7814.75,Call GEX 2,GEX,476844.787,7001.5558653206745,9274.914838633897
2026-08-25 07:47:39,7800.0,7814.75,Put VEX 2,VEX,-1284812.631,7001.5558653206745,9274.914838633897
2026-08-25 07:47:39,7850.0,7864.75,Call GEX 4,GEX,288549.449,7001.5558653206745,9274.914838633897
2026-08-25 07:47:39,7900.0,7914.75,Call GEX 1,GEX,545379.928,7001.5558653206745,9274.914838633897
2026-08-25 07:47:39,7900.0,7914.75,Put VEX 3,VEX,-1213765.966,7001.5558653206745,9274.914838633897
2026-08-25 07:47:39,8000.0,8015.0,Put CEX 1,CEX,-3072039.932,7001.5558653206745,9274.914838633897
2026-08-25 07:47:39,8000.0,8015.0,Put DEX 1,DEX,-2146.301,7001.5558653206745,9274.914838633897
2026-08-25 07:47:39,8000.0,8015.0,Put VEX 1,VEX,-11515650.808,7001.5558653206745,9274.914838633897
2026-08-25 07:47:39,8200.0,8215.5,Put VEX 5,VEX,-699566.136,7001.5558653206745,9274.914838633897
2026-08-25 07:48:27,6800.0,6812.75,Put DEX 4,DEX,-27.456,7000.4622357556445,9273.148120953769
2026-08-25 07:48:27,7000.0,7013.0,Call CEX 2,CEX,1109821.661,7000.4622357556445,9273.148120953769
2026-08-25 07:48:27,7000.0,7013.0,Call DEX 1,DEX,783.044,7000.4622357556445,9273.148120953769
2026-08-25 07:48:27,7000.0,7013.0,Put GEX 1,GEX,-736308.444,7000.4622357556445,9273.148120953769
2026-08-25 07:48:27,7000.0,7013.0,Call VEX 1,VEX,6461611.816,7000.4622357556445,9273.148120953769
2026-08-25 07:48:27,7160.0,7173.5,Put DEX 5,DEX,-23.771,7000.4622357556445,9273.148120953769
2026-08-25 07:48:27,7300.0,7313.75,Call DEX 2,DEX,251.007,7000.4622357556445,9273.148120953769
2026-08-25 07:48:27,7300.0,7313.75,Call VEX 5,VEX,1886073.291,7000.4622357556445,9273.148120953769
2026-08-25 07:48:27,7400.0,7413.75,Call CEX 5,CEX,935715.488,7000.4622357556445,9273.148120953769
2026-08-25 07:48:27,7400.0,7413.75,Call DEX 4,DEX,208.139,7000.4622357556445,9273.148120953769
2026-08-25 07:48:27,7400.0,7413.75,Put GEX 3,GEX,-305444.506,7000.4622357556445,9273.148120953769
2026-08-25 07:48:27,7400.0,7413.75,Call VEX 3,VEX,2370344.634,7000.4622357556445,9273.148120953769
2026-08-25 07:48:27,7450.0,7464.0,Call DEX 3,DEX,228.17,7000.4622357556445,9273.148120953769
2026-08-25 07:48:27,7450.0,7464.0,Call VEX 4,VEX,1927678.894,7000.4622357556445,9273.148120953769
2026-08-25 07:48:27,7500.0,7514.0,Call CEX 4,CEX,1071193.351,7000.4622357556445,9273.148120953769
2026-08-25 07:48:27,7500.0,7514.0,Call DEX 5,DEX,199.251,7000.4622357556445,9273.148120953769
2026-08-25 07:48:27,7500.0,7514.0,Put GEX 2,GEX,-458115.141,7000.4622357556445,9273.148120953769
2026-08-25 07:48:27,7500.0,7514.0,Call VEX 2,VEX,3027836.506,7000.4622357556445,9273.148120953769
2026-08-25 07:48:27,7550.0,7564.25,Put GEX 4,GEX,-226708.83,7000.4622357556445,9273.148120953769
2026-08-25 07:48:27,7600.0,7614.25,Call CEX 1,CEX,1364691.862,7000.4622357556445,9273.148120953769
2026-08-25 07:48:27,7600.0,7614.25,Put GEX 5,GEX,-210731.504,7000.4622357556445,9273.148120953769
2026-08-25 07:48:27,7650.0,7664.25,Call CEX 3,CEX,1107271.572,7000.4622357556445,9273.148120953769
2026-08-25 07:48:27,7665.0,7679.25,Call GEX 5,GEX,239836.543,7000.4622357556445,9273.148120953769
2026-08-25 07:48:27,7690.0,7704.5,Put CEX 3,CEX,-1807059.371,7000.4622357556445,9273.148120953769
2026-08-25 07:48:27,7700.0,7714.5,Put CEX 2,CEX,-2108613.924,7000.4622357556445,9273.148120953769
2026-08-25 07:48:27,7700.0,7714.5,Put DEX 2,DEX,-99.118,7000.4622357556445,9273.148120953769
2026-08-25 07:48:27,7725.0,7739.5,Put CEX 5,CEX,-1241761.057,7000.4622357556445,9273.148120953769
2026-08-25 07:48:27,7750.0,7764.5,Put CEX 4,CEX,-1275537.467,7000.4622357556445,9273.148120953769
2026-08-25 07:48:27,7750.0,7764.5,Call GEX 3,GEX,357472.117,7000.4622357556445,9273.148120953769
2026-08-25 07:48:27,7750.0,7764.5,Put VEX 4,VEX,-768987.279,7000.4622357556445,9273.148120953769
2026-08-25 07:48:27,7780.0,7794.5,Put DEX 3,DEX,-28.006,7000.4622357556445,9273.148120953769
2026-08-25 07:48:27,7800.0,7814.5,Call GEX 2,GEX,480227.054,7000.4622357556445,9273.148120953769
2026-08-25 07:48:27,7800.0,7814.5,Put VEX 2,VEX,-1280798.529,7000.4622357556445,9273.148120953769
2026-08-25 07:48:27,7850.0,7864.75,Call GEX 4,GEX,289529.876,7000.4622357556445,9273.148120953769
2026-08-25 07:48:27,7900.0,7914.75,Call GEX 1,GEX,547765.503,7000.4622357556445,9273.148120953769
2026-08-25 07:48:27,7900.0,7914.75,Put VEX 3,VEX,-1213903.178,7000.4622357556445,9273.148120953769
2026-08-25 07:48:27,8000.0,8015.0,Put CEX 1,CEX,-3079741.172,7000.4622357556445,9273.148120953769
2026-08-25 07:48:27,8000.0,8015.0,Put DEX 1,DEX,-2137.923,7000.4622357556445,9273.148120953769
2026-08-25 07:48:27,8000.0,8015.0,Put VEX 1,VEX,-11517307.608,7000.4622357556445,9273.148120953769
2026-08-25 07:48:27,8200.0,8215.25,Put VEX 5,VEX,-699946.67,7000.4622357556445,9273.148120953769
2026-08-25 07:49:14,6800.0,6812.75,Put DEX 4,DEX,-27.472,7001.238632377893,9275.272998812776
2026-08-25 07:49:14,7000.0,7013.25,Call CEX 2,CEX,1125422.721,7001.238632377893,9275.272998812776
2026-08-25 07:49:14,7000.0,7013.25,Call DEX 1,DEX,777.656,7001.238632377893,9275.272998812776
2026-08-25 07:49:14,7000.0,7013.25,Put GEX 1,GEX,-715154.073,7001.238632377893,9275.272998812776
2026-08-25 07:49:14,7000.0,7013.25,Call VEX 1,VEX,6626909.642,7001.238632377893,9275.272998812776
2026-08-25 07:49:14,7160.0,7173.5,Put DEX 5,DEX,-23.732,7001.238632377893,9275.272998812776
2026-08-25 07:49:14,7300.0,7313.75,Call DEX 2,DEX,251.171,7001.238632377893,9275.272998812776
2026-08-25 07:49:14,7300.0,7313.75,Call VEX 5,VEX,1895067.114,7001.238632377893,9275.272998812776
2026-08-25 07:49:14,7400.0,7414.0,Call CEX 5,CEX,937983.404,7001.238632377893,9275.272998812776
2026-08-25 07:49:14,7400.0,7414.0,Call DEX 4,DEX,207.561,7001.238632377893,9275.272998812776
2026-08-25 07:49:14,7400.0,7414.0,Put GEX 3,GEX,-305432.348,7001.238632377893,9275.272998812776
2026-08-25 07:49:14,7400.0,7414.0,Call VEX 3,VEX,2372195.208,7001.238632377893,9275.272998812776
2026-08-25 07:49:14,7450.0,7464.0,Call DEX 3,DEX,239.362,7001.238632377893,9275.272998812776
2026-08-25 07:49:14,7450.0,7464.0,Call VEX 4,VEX,1927891.361,7001.238632377893,9275.272998812776
2026-08-25 07:49:14,7500.0,7514.0,Call CEX 3,CEX,1073193.845,7001.238632377893,9275.272998812776
2026-08-25 07:49:14,7500.0,7514.0,Call DEX 5,DEX,200.826,7001.238632377893,9275.272998812776
2026-08-25 07:49:14,7500.0,7514.0,Put GEX 2,GEX,-460200.864,7001.238632377893,9275.272998812776
2026-08-25 07:49:14,7500.0,7514.0,Call VEX 2,VEX,3021736.526,7001.238632377893,9275.272998812776
2026-08-25 07:49:14,7550.0,7564.25,Put GEX 4,GEX,-229177.839,7001.238632377893,9275.272998812776
2026-08-25 07:49:14,7600.0,7614.25,Call CEX 1,CEX,1365552.417,7001.238632377893,9275.272998812776
2026-08-25 07:49:14,7600.0,7614.25,Put GEX 5,GEX,-216944.477,7001.238632377893,9275.272998812776
2026-08-25 07:49:14,7650.0,7664.25,Call CEX 4,CEX,1048568.107,7001.238632377893,9275.272998812776
2026-08-25 07:49:14,7665.0,7679.5,Call GEX 5,GEX,229377.426,7001.238632377893,9275.272998812776
2026-08-25 07:49:14,7690.0,7704.5,Put CEX 3,CEX,-1794157.503,7001.238632377893,9275.272998812776
2026-08-25 07:49:14,7700.0,7714.5,Put CEX 2,CEX,-2110407.704,7001.238632377893,9275.272998812776
2026-08-25 07:49:14,7700.0,7714.5,Put DEX 2,DEX,-101.388,7001.238632377893,9275.272998812776
2026-08-25 07:49:14,7725.0,7739.5,Put CEX 5,CEX,-1237102.297,7001.238632377893,9275.272998812776
2026-08-25 07:49:14,7750.0,7764.5,Put CEX 4,CEX,-1264873.903,7001.238632377893,9275.272998812776
2026-08-25 07:49:14,7750.0,7764.5,Call GEX 3,GEX,355772.246,7001.238632377893,9275.272998812776
2026-08-25 07:49:14,7750.0,7764.5,Put VEX 4,VEX,-774853.037,7001.238632377893,9275.272998812776
2026-08-25 07:49:14,7780.0,7794.5,Put DEX 3,DEX,-28.353,7001.238632377893,9275.272998812776
2026-08-25 07:49:14,7800.0,7814.75,Call GEX 2,GEX,477297.92,7001.238632377893,9275.272998812776
2026-08-25 07:49:14,7800.0,7814.75,Put VEX 2,VEX,-1285506.938,7001.238632377893,9275.272998812776
2026-08-25 07:49:14,7850.0,7864.75,Call GEX 4,GEX,288513.091,7001.238632377893,9275.272998812776
2026-08-25 07:49:14,7900.0,7914.75,Call GEX 1,GEX,545510.886,7001.238632377893,9275.272998812776
2026-08-25 07:49:14,7900.0,7914.75,Put VEX 3,VEX,-1213879.462,7001.238632377893,9275.272998812776
2026-08-25 07:49:14,8000.0,8015.0,Put CEX 1,CEX,-3074276.333,7001.238632377893,9275.272998812776
2026-08-25 07:49:14,8000.0,8015.0,Put DEX 1,DEX,-2145.77,7001.238632377893,9275.272998812776
2026-08-25 07:49:14,8000.0,8015.0,Put VEX 1,VEX,-11513948.231,7001.238632377893,9275.272998812776
2026-08-25 07:49:14,8200.0,8215.5,Put VEX 5,VEX,-699293.24,7001.238632377893,9275.272998812776
2026-08-25 07:50:00,6800.0,6813.0,Put DEX 4,DEX,-27.467,7001.5129832870825,9274.405982390545
2026-08-25 07:50:00,7000.0,7013.5,Call CEX 3,CEX,1121169.744,7001.5129832870825,9274.405982390545
2026-08-25 07:50:00,7000.0,7013.5,Call DEX 1,DEX,779.103,7001.5129832870825,9274.405982390545
2026-08-25 07:50:00,7000.0,7013.5,Put GEX 1,GEX,-720886.509,7001.5129832870825,9274.405982390545
2026-08-25 07:50:00,7000.0,7013.5,Call VEX 1,VEX,6582371.782,7001.5129832870825,9274.405982390545
2026-08-25 07:50:00,7160.0,7173.75,Put DEX 5,DEX,-23.7,7001.5129832870825,9274.405982390545
2026-08-25 07:50:00,7300.0,7314.0,Call DEX 2,DEX,251.202,7001.5129832870825,9274.405982390545
2026-08-25 07:50:00,7300.0,7314.0,Call VEX 5,VEX,1895966.475,7001.5129832870825,9274.405982390545
2026-08-25 07:50:00,7400.0,7414.25,Call CEX 5,CEX,939514.022,7001.5129832870825,9274.405982390545
2026-08-25 07:50:00,7400.0,7414.25,Call DEX 4,DEX,207.489,7001.5129832870825,9274.405982390545
2026-08-25 07:50:00,7400.0,7414.25,Put GEX 3,GEX,-304512.091,7001.5129832870825,9274.405982390545
2026-08-25 07:50:00,7400.0,7414.25,Call VEX 3,VEX,2372967.707,7001.5129832870825,9274.405982390545
2026-08-25 07:50:00,7450.0,7464.25,Call DEX 3,DEX,239.163,7001.5129832870825,9274.405982390545
2026-08-25 07:50:00,7450.0,7464.25,Call VEX 4,VEX,1937612.497,7001.5129832870825,9274.405982390545
2026-08-25 07:50:00,7500.0,7514.5,Call CEX 2,CEX,1132145.956,7001.5129832870825,9274.405982390545
2026-08-25 07:50:00,7500.0,7514.5,Call DEX 5,DEX,200.914,7001.5129832870825,9274.405982390545
2026-08-25 07:50:00,7500.0,7514.5,Put GEX 2,GEX,-459834.89,7001.5129832870825,9274.405982390545
2026-08-25 07:50:00,7500.0,7514.5,Call VEX 2,VEX,3027987.985,7001.5129832870825,9274.405982390545
2026-08-25 07:50:00,7550.0,7564.5,Put GEX 4,GEX,-229626.63,7001.5129832870825,9274.405982390545
2026-08-25 07:50:00,7600.0,7614.75,Call CEX 1,CEX,1367454.194,7001.5129832870825,9274.405982390545
2026-08-25 07:50:00,7600.0,7614.75,Put GEX 5,GEX,-220145.659,7001.5129832870825,9274.405982390545
2026-08-25 07:50:00,7650.0,7664.75,Call CEX 4,CEX,1057310.8,7001.5129832870825,9274.405982390545
2026-08-25 07:50:00,7665.0,7679.75,Call GEX 5,GEX,217695.033,7001.5129832870825,9274.405982390545
2026-08-25 07:50:00,7690.0,7704.75,Put CEX 3,CEX,-1809011.996,7001.5129832870825,9274.405982390545
2026-08-25 07:50:00,7700.0,7714.75,Put CEX 2,CEX,-2100958.425,7001.5129832870825,9274.405982390545
2026-08-25 07:50:00,7700.0,7714.75,Put DEX 2,DEX,-101.337,7001.5129832870825,9274.405982390545
2026-08-25 07:50:00,7725.0,7740.0,Put CEX 5,CEX,-1219167.149,7001.5129832870825,9274.405982390545
2026-08-25 07:50:00,7750.0,7765.0,Put CEX 4,CEX,-1229949.535,7001.5129832870825,9274.405982390545
2026-08-25 07:50:00,7750.0,7765.0,Call GEX 3,GEX,356796.501,7001.5129832870825,9274.405982390545
2026-08-25 07:50:00,7750.0,7765.0,Put VEX 4,VEX,-771093.607,7001.5129832870825,9274.405982390545
2026-08-25 07:50:00,7780.0,7795.0,Put DEX 3,DEX,-28.34,7001.5129832870825,9274.405982390545
2026-08-25 07:50:00,7800.0,7815.0,Call GEX 2,GEX,476933.332,7001.5129832870825,9274.405982390545
2026-08-25 07:50:00,7800.0,7815.0,Put VEX 2,VEX,-1284149.859,7001.5129832870825,9274.405982390545
2026-08-25 07:50:00,7850.0,7865.25,Call GEX 4,GEX,288881.585,7001.5129832870825,9274.405982390545
2026-08-25 07:50:00,7900.0,7915.25,Call GEX 1,GEX,545526.446,7001.5129832870825,9274.405982390545
2026-08-25 07:50:00,7900.0,7915.25,Put VEX 3,VEX,-1213475.679,7001.5129832870825,9274.405982390545
2026-08-25 07:50:00,8000.0,8015.5,Put CEX 1,CEX,-3066534.189,7001.5129832870825,9274.405982390545
2026-08-25 07:50:00,8000.0,8015.5,Put DEX 1,DEX,-2146.757,7001.5129832870825,9274.405982390545
2026-08-25 07:50:00,8000.0,8015.5,Put VEX 1,VEX,-11502272.313,7001.5129832870825,9274.405982390545
2026-08-25 07:50:00,8200.0,8215.75,Put VEX 5,VEX,-699025.922,7001.5129832870825,9274.405982390545
2026-08-25 07:50:47,6800.0,6813.25,Put DEX 4,DEX,-26.087,7002.648208605312,9275.418244203798
2026-08-25 07:50:47,7000.0,7013.5,Call CEX 3,CEX,1109684.08,7002.648208605312,9275.418244203798
2026-08-25 07:50:47,7000.0,7013.5,Call DEX 1,DEX,782.233,7002.648208605312,9275.418244203798
2026-08-25 07:50:47,7000.0,7013.5,Put GEX 1,GEX,-743160.711,7002.648208605312,9275.418244203798
2026-08-25 07:50:47,7000.0,7013.5,Call VEX 1,VEX,6445143.718,7002.648208605312,9275.418244203798
2026-08-25 07:50:47,7160.0,7174.0,Put DEX 5,DEX,-23.794,7002.648208605312,9275.418244203798
2026-08-25 07:50:47,7300.0,7314.25,Call DEX 2,DEX,251.945,7002.648208605312,9275.418244203798
2026-08-25 07:50:47,7300.0,7314.25,Call VEX 5,VEX,1884629.867,7002.648208605312,9275.418244203798
2026-08-25 07:50:47,7400.0,7414.5,Call CEX 4,CEX,948449.273,7002.648208605312,9275.418244203798
2026-08-25 07:50:47,7400.0,7414.5,Call DEX 4,DEX,208.946,7002.648208605312,9275.418244203798
2026-08-25 07:50:47,7400.0,7414.5,Put GEX 3,GEX,-306517.425,7002.648208605312,9275.418244203798
2026-08-25 07:50:47,7400.0,7414.5,Call VEX 3,VEX,2374321.263,7002.648208605312,9275.418244203798
2026-08-25 07:50:47,7450.0,7464.5,Call DEX 3,DEX,239.011,7002.648208605312,9275.418244203798
2026-08-25 07:50:47,7450.0,7464.5,Call VEX 4,VEX,1939364.979,7002.648208605312,9275.418244203798
2026-08-25 07:50:47,7500.0,7514.5,Call CEX 2,CEX,1135478.043,7002.648208605312,9275.418244203798
2026-08-25 07:50:47,7500.0,7514.5,Call DEX 5,DEX,199.372,7002.648208605312,9275.418244203798
2026-08-25 07:50:47,7500.0,7514.5,Put GEX 2,GEX,-458304.57,7002.648208605312,9275.418244203798
2026-08-25 07:50:47,7500.0,7514.5,Call VEX 2,VEX,3022950.199,7002.648208605312,9275.418244203798
2026-08-25 07:50:47,7550.0,7564.75,Put GEX 4,GEX,-229243.497,7002.648208605312,9275.418244203798
2026-08-25 07:50:47,7600.0,7614.75,Call CEX 1,CEX,1367892.962,7002.648208605312,9275.418244203798
2026-08-25 07:50:47,7600.0,7614.75,Put GEX 5,GEX,-221944.495,7002.648208605312,9275.418244203798
2026-08-25 07:50:47,7650.0,7664.75,Call CEX 5,CEX,939974.645,7002.648208605312,9275.418244203798
2026-08-25 07:50:47,7665.0,7680.0,Call GEX 5,GEX,208184.038,7002.648208605312,9275.418244203798
2026-08-25 07:50:47,7690.0,7705.0,Put CEX 3,CEX,-1773744.806,7002.648208605312,9275.418244203798
2026-08-25 07:50:47,7700.0,7715.0,Put CEX 2,CEX,-2070066.166,7002.648208605312,9275.418244203798
2026-08-25 07:50:47,7700.0,7715.0,Put DEX 2,DEX,-105.191,7002.648208605312,9275.418244203798
2026-08-25 07:50:47,7725.0,7740.0,Put CEX 5,CEX,-1207956.837,7002.648208605312,9275.418244203798
2026-08-25 07:50:47,7750.0,7765.0,Put CEX 4,CEX,-1224122.738,7002.648208605312,9275.418244203798
2026-08-25 07:50:47,7750.0,7765.0,Call GEX 3,GEX,357548.396,7002.648208605312,9275.418244203798
2026-08-25 07:50:47,7750.0,7765.0,Put VEX 4,VEX,-782625.099,7002.648208605312,9275.418244203798
2026-08-25 07:50:47,7780.0,7795.0,Put DEX 3,DEX,-28.932,7002.648208605312,9275.418244203798
2026-08-25 07:50:47,7800.0,7815.25,Call GEX 2,GEX,476193.951,7002.648208605312,9275.418244203798
2026-08-25 07:50:47,7800.0,7815.25,Put VEX 2,VEX,-1292687.272,7002.648208605312,9275.418244203798
2026-08-25 07:50:47,7850.0,7865.25,Call GEX 4,GEX,287522.625,7002.648208605312,9275.418244203798
2026-08-25 07:50:47,7900.0,7915.25,Call GEX 1,GEX,542024.276,7002.648208605312,9275.418244203798
2026-08-25 07:50:47,7900.0,7915.25,Put VEX 3,VEX,-1212807.904,7002.648208605312,9275.418244203798
2026-08-25 07:50:47,8000.0,8015.5,Put CEX 1,CEX,-3058368.649,7002.648208605312,9275.418244203798
2026-08-25 07:50:47,8000.0,8015.5,Put DEX 1,DEX,-2146.91,7002.648208605312,9275.418244203798
2026-08-25 07:50:47,8000.0,8015.5,Put VEX 1,VEX,-11492429.105,7002.648208605312,9275.418244203798
2026-08-25 07:50:47,8200.0,8216.0,Put VEX 5,VEX,-695069.61,7002.648208605312,9275.418244203798
2026-08-25 07:51:34,6800.0,6813.0,Put DEX 4,DEX,-27.509,7002.445512098909,9274.95023099538
2026-08-25 07:51:34,7000.0,7013.5,Call CEX 2,CEX,1126576.25,7002.445512098909,9274.95023099538
2026-08-25 07:51:34,7000.0,7013.5,Call DEX 1,DEX,776.495,7002.445512098909,9274.95023099538
2026-08-25 07:51:34,7000.0,7013.5,Put GEX 1,GEX,-717956.587,7002.445512098909,9274.95023099538
2026-08-25 07:51:34,7000.0,7013.5,Call VEX 1,VEX,6629694.541,7002.445512098909,9274.95023099538
2026-08-25 07:51:34,7160.0,7173.75,Put DEX 5,DEX,-23.749,7002.445512098909,9274.95023099538
2026-08-25 07:51:34,7300.0,7314.0,Call DEX 2,DEX,250.286,7002.445512098909,9274.95023099538
2026-08-25 07:51:34,7300.0,7314.0,Call VEX 5,VEX,1900684.041,7002.445512098909,9274.95023099538
2026-08-25 07:51:34,7400.0,7414.25,Call CEX 5,CEX,942839.69,7002.445512098909,9274.95023099538
2026-08-25 07:51:34,7400.0,7414.25,Call DEX 4,DEX,206.447,7002.445512098909,9274.95023099538
2026-08-25 07:51:34,7400.0,7414.25,Put GEX 3,GEX,-306056.264,7002.445512098909,9274.95023099538
2026-08-25 07:51:34,7400.0,7414.25,Call VEX 3,VEX,2374024.628,7002.445512098909,9274.95023099538
2026-08-25 07:51:34,7450.0,7464.25,Call DEX 3,DEX,237.826,7002.445512098909,9274.95023099538
2026-08-25 07:51:34,7450.0,7464.25,Call VEX 4,VEX,1937093.382,7002.445512098909,9274.95023099538
2026-08-25 07:51:34,7500.0,7514.5,Call CEX 3,CEX,1126191.65,7002.445512098909,9274.95023099538
2026-08-25 07:51:34,7500.0,7514.5,Call DEX 5,DEX,194.743,7002.445512098909,9274.95023099538
2026-08-25 07:51:34,7500.0,7514.5,Put GEX 2,GEX,-463808.146,7002.445512098909,9274.95023099538
2026-08-25 07:51:34,7500.0,7514.5,Call VEX 2,VEX,3015531.021,7002.445512098909,9274.95023099538
2026-08-25 07:51:34,7550.0,7564.5,Put GEX 4,GEX,-231345.457,7002.445512098909,9274.95023099538
2026-08-25 07:51:34,7600.0,7614.5,Call CEX 1,CEX,1369809.031,7002.445512098909,9274.95023099538
2026-08-25 07:51:34,7600.0,7614.5,Put GEX 5,GEX,-223512.571,7002.445512098909,9274.95023099538
2026-08-25 07:51:34,7650.0,7664.75,Call CEX 4,CEX,966267.641,7002.445512098909,9274.95023099538
2026-08-25 07:51:34,7665.0,7679.75,Call GEX 5,GEX,218717.011,7002.445512098909,9274.95023099538
2026-08-25 07:51:34,7690.0,7704.75,Put CEX 3,CEX,-1765398.322,7002.445512098909,9274.95023099538
2026-08-25 07:51:34,7700.0,7714.75,Put CEX 2,CEX,-2084103.136,7002.445512098909,9274.95023099538
2026-08-25 07:51:34,7700.0,7714.75,Put DEX 2,DEX,-104.694,7002.445512098909,9274.95023099538
2026-08-25 07:51:34,7725.0,7739.75,Put CEX 5,CEX,-1219666.337,7002.445512098909,9274.95023099538
2026-08-25 07:51:34,7750.0,7765.0,Put CEX 4,CEX,-1235828.024,7002.445512098909,9274.95023099538
2026-08-25 07:51:34,7750.0,7765.0,Call GEX 3,GEX,355315.8,7002.445512098909,9274.95023099538
2026-08-25 07:51:34,7750.0,7765.0,Put VEX 4,VEX,-781909.551,7002.445512098909,9274.95023099538
2026-08-25 07:51:34,7780.0,7795.0,Put DEX 3,DEX,-28.814,7002.445512098909,9274.95023099538
2026-08-25 07:51:34,7800.0,7815.0,Call GEX 2,GEX,473343.604,7002.445512098909,9274.95023099538
2026-08-25 07:51:34,7800.0,7815.0,Put VEX 2,VEX,-1293390.561,7002.445512098909,9274.95023099538
2026-08-25 07:51:34,7850.0,7865.0,Call GEX 4,GEX,286457.989,7002.445512098909,9274.95023099538
2026-08-25 07:51:34,7900.0,7915.25,Call GEX 1,GEX,541851.637,7002.445512098909,9274.95023099538
2026-08-25 07:51:34,7900.0,7915.25,Put VEX 3,VEX,-1212579.857,7002.445512098909,9274.95023099538
2026-08-25 07:51:34,8000.0,8015.5,Put CEX 1,CEX,-3073027.416,7002.445512098909,9274.95023099538
2026-08-25 07:51:34,8000.0,8015.5,Put DEX 1,DEX,-2151.458,7002.445512098909,9274.95023099538
2026-08-25 07:51:34,8000.0,8015.5,Put VEX 1,VEX,-11498972.483,7002.445512098909,9274.95023099538
2026-08-25 07:51:34,8200.0,8215.75,Put VEX 5,VEX,-695836.827,7002.445512098909,9274.95023099538
2026-08-25 07:52:21,6800.0,6812.75,Put DEX 4,DEX,-27.311,7000.5466286917535,9271.815231354043
2026-08-25 07:52:21,7000.0,7013.25,Call CEX 4,CEX,1085855.397,7000.5466286917535,9271.815231354043
2026-08-25 07:52:21,7000.0,7013.25,Call DEX 1,DEX,789.971,7000.5466286917535,9271.815231354043
2026-08-25 07:52:21,7000.0,7013.25,Put GEX 1,GEX,-766254.985,7000.5466286917535,9271.815231354043
2026-08-25 07:52:21,7000.0,7013.25,Call VEX 1,VEX,6212125.873,7000.5466286917535,9271.815231354043
2026-08-25 07:52:21,7160.0,7173.5,Put DEX 5,DEX,-23.692,7000.5466286917535,9271.815231354043
2026-08-25 07:52:21,7200.0,7213.5,Put GEX 5,GEX,-212347.186,7000.5466286917535,9271.815231354043
2026-08-25 07:52:21,7300.0,7313.75,Call DEX 2,DEX,251.694,7000.5466286917535,9271.815231354043
2026-08-25 07:52:21,7300.0,7313.75,Call VEX 5,VEX,1883362.485,7000.5466286917535,9271.815231354043
2026-08-25 07:52:21,7400.0,7414.0,Call CEX 5,CEX,932063.69,7000.5466286917535,9271.815231354043
2026-08-25 07:52:21,7400.0,7414.0,Call DEX 4,DEX,209.856,7000.5466286917535,9271.815231354043
2026-08-25 07:52:21,7400.0,7414.0,Put GEX 3,GEX,-303711.796,7000.5466286917535,9271.815231354043
2026-08-25 07:52:21,7400.0,7414.0,Call VEX 3,VEX,2366874.204,7000.5466286917535,9271.815231354043
2026-08-25 07:52:21,7450.0,7464.0,Call DEX 3,DEX,242.106,7000.5466286917535,9271.815231354043
2026-08-25 07:52:21,7450.0,7464.0,Call VEX 4,VEX,1935011.295,7000.5466286917535,9271.815231354043
2026-08-25 07:52:21,7500.0,7514.25,Call CEX 3,CEX,1130845.678,7000.5466286917535,9271.815231354043
2026-08-25 07:52:21,7500.0,7514.25,Call DEX 5,DEX,205.893,7000.5466286917535,9271.815231354043
2026-08-25 07:52:21,7500.0,7514.25,Put GEX 2,GEX,-456687.609,7000.5466286917535,9271.815231354043
2026-08-25 07:52:21,7500.0,7514.25,Call VEX 2,VEX,3041553.107,7000.5466286917535,9271.815231354043
2026-08-25 07:52:21,7550.0,7564.25,Put GEX 4,GEX,-225250.822,7000.5466286917535,9271.815231354043
2026-08-25 07:52:21,7600.0,7614.5,Call CEX 1,CEX,1339392.147,7000.5466286917535,9271.815231354043
2026-08-25 07:52:21,7650.0,7664.5,Call CEX 2,CEX,1201822.852,7000.5466286917535,9271.815231354043
2026-08-25 07:52:21,7665.0,7679.5,Call GEX 5,GEX,232186.881,7000.5466286917535,9271.815231354043
2026-08-25 07:52:21,7690.0,7704.5,Put CEX 3,CEX,-1840664.016,7000.5466286917535,9271.815231354043
2026-08-25 07:52:21,7700.0,7714.5,Put CEX 2,CEX,-2133304.214,7000.5466286917535,9271.815231354043
2026-08-25 07:52:21,7700.0,7714.5,Put DEX 2,DEX,-97.156,7000.5466286917535,9271.815231354043
2026-08-25 07:52:21,7725.0,7739.5,Put CEX 5,CEX,-1236269.908,7000.5466286917535,9271.815231354043
2026-08-25 07:52:21,7750.0,7764.75,Put CEX 4,CEX,-1258074.655,7000.5466286917535,9271.815231354043
2026-08-25 07:52:21,7750.0,7764.75,Call GEX 3,GEX,359205.484,7000.5466286917535,9271.815231354043
2026-08-25 07:52:21,7750.0,7764.75,Put VEX 4,VEX,-760985.413,7000.5466286917535,9271.815231354043
2026-08-25 07:52:21,7780.0,7794.75,Put DEX 3,DEX,-27.667,7000.5466286917535,9271.815231354043
2026-08-25 07:52:21,7800.0,7814.75,Call GEX 2,GEX,481901.007,7000.5466286917535,9271.815231354043
2026-08-25 07:52:21,7800.0,7814.75,Put VEX 2,VEX,-1274717.985,7000.5466286917535,9271.815231354043
2026-08-25 07:52:21,7850.0,7864.75,Call GEX 4,GEX,290960.842,7000.5466286917535,9271.815231354043
2026-08-25 07:52:21,7900.0,7915.0,Call GEX 1,GEX,550058.211,7000.5466286917535,9271.815231354043
2026-08-25 07:52:21,7900.0,7915.0,Put VEX 3,VEX,-1214514.148,7000.5466286917535,9271.815231354043
2026-08-25 07:52:21,8000.0,8015.25,Put CEX 1,CEX,-3078347.814,7000.5466286917535,9271.815231354043
2026-08-25 07:52:21,8000.0,8015.25,Put DEX 1,DEX,-2137.248,7000.5466286917535,9271.815231354043
2026-08-25 07:52:21,8000.0,8015.25,Put VEX 1,VEX,-11514084.948,7000.5466286917535,9271.815231354043
2026-08-25 07:52:21,8200.0,8215.5,Put VEX 5,VEX,-699394.154,7000.5466286917535,9271.815231354043
2026-08-25 07:53:08,6800.0,6813.5,Put DEX 4,DEX,-27.207,6926.987089458896,9272.155058940229
2026-08-25 07:53:08,7000.0,7014.0,Call CEX 3,CEX,1113653.881,6926.987089458896,9272.155058940229
2026-08-25 07:53:08,7000.0,7014.0,Call DEX 1,DEX,783.296,6926.987089458896,9272.155058940229
2026-08-25 07:53:08,7000.0,7014.0,Put GEX 1,GEX,-724218.384,6926.987089458896,9272.155058940229
2026-08-25 07:53:08,7000.0,7014.0,Call VEX 1,VEX,6512860.457,6926.987089458896,9272.155058940229
2026-08-25 07:53:08,7160.0,7174.25,Put DEX 5,DEX,-23.59,6926.987089458896,9272.155058940229
2026-08-25 07:53:08,7300.0,7314.5,Call DEX 2,DEX,251.22,6926.987089458896,9272.155058940229
2026-08-25 07:53:08,7300.0,7314.5,Call VEX 5,VEX,1887099.67,6926.987089458896,9272.155058940229
2026-08-25 07:53:08,7400.0,7414.75,Call CEX 5,CEX,924158.143,6926.987089458896,9272.155058940229
2026-08-25 07:53:08,7400.0,7414.75,Call DEX 5,DEX,206.16,6926.987089458896,9272.155058940229
2026-08-25 07:53:08,7400.0,7414.75,Put GEX 3,GEX,-301579.567,6926.987089458896,9272.155058940229
2026-08-25 07:53:08,7400.0,7414.75,Call VEX 3,VEX,2364642.394,6926.987089458896,9272.155058940229
2026-08-25 07:53:08,7450.0,7464.75,Call DEX 3,DEX,242.421,6926.987089458896,9272.155058940229
2026-08-25 07:53:08,7450.0,7464.75,Call VEX 4,VEX,1937450.624,6926.987089458896,9272.155058940229
2026-08-25 07:53:08,7500.0,7515.0,Call CEX 4,CEX,1023509.889,6926.987089458896,9272.155058940229
2026-08-25 07:53:08,7500.0,7515.0,Call DEX 4,DEX,207.256,6926.987089458896,9272.155058940229
2026-08-25 07:53:08,7500.0,7515.0,Put GEX 2,GEX,-453359.017,6926.987089458896,9272.155058940229
2026-08-25 07:53:08,7500.0,7515.0,Call VEX 2,VEX,3043099.871,6926.987089458896,9272.155058940229
2026-08-25 07:53:08,7550.0,7565.0,Put GEX 4,GEX,-224063.846,6926.987089458896,9272.155058940229
2026-08-25 07:53:08,7600.0,7615.25,Call CEX 1,CEX,1303965.787,6926.987089458896,9272.155058940229
2026-08-25 07:53:08,7600.0,7615.25,Put GEX 5,GEX,-207410.641,6926.987089458896,9272.155058940229
2026-08-25 07:53:08,7650.0,7665.25,Call CEX 2,CEX,1287535.31,6926.987089458896,9272.155058940229
2026-08-25 07:53:08,7665.0,7680.25,Call GEX 5,GEX,226285.055,6926.987089458896,9272.155058940229
2026-08-25 07:53:08,7690.0,7705.25,Put CEX 3,CEX,-1869101.67,6926.987089458896,9272.155058940229
2026-08-25 07:53:08,7700.0,7715.25,Put CEX 2,CEX,-2145937.242,6926.987089458896,9272.155058940229
2026-08-25 07:53:08,7700.0,7715.25,Put DEX 2,DEX,-94.077,6926.987089458896,9272.155058940229
2026-08-25 07:53:08,7725.0,7740.5,Put CEX 5,CEX,-1230402.372,6926.987089458896,9272.155058940229
2026-08-25 07:53:08,7750.0,7765.5,Put CEX 4,CEX,-1232419.588,6926.987089458896,9272.155058940229
2026-08-25 07:53:08,7750.0,7765.5,Call GEX 3,GEX,362885.725,6926.987089458896,9272.155058940229
2026-08-25 07:53:08,7750.0,7765.5,Put VEX 4,VEX,-748014.296,6926.987089458896,9272.155058940229
2026-08-25 07:53:08,7780.0,7795.5,Put DEX 3,DEX,-27.254,6926.987089458896,9272.155058940229
2026-08-25 07:53:08,7800.0,7815.5,Call GEX 2,GEX,484913.961,6926.987089458896,9272.155058940229
2026-08-25 07:53:08,7800.0,7815.5,Put VEX 2,VEX,-1267287.777,6926.987089458896,9272.155058940229
2026-08-25 07:53:08,7850.0,7865.75,Call GEX 4,GEX,292999.493,6926.987089458896,9272.155058940229
2026-08-25 07:53:08,7900.0,7915.75,Call GEX 1,GEX,553740.675,6926.987089458896,9272.155058940229
2026-08-25 07:53:08,7900.0,7915.75,Put VEX 3,VEX,-1215689.352,6926.987089458896,9272.155058940229
2026-08-25 07:53:08,8000.0,8016.0,Put CEX 1,CEX,-3082774.064,6926.987089458896,9272.155058940229
2026-08-25 07:53:08,8000.0,8016.0,Put DEX 1,DEX,-2136.636,6926.987089458896,9272.155058940229
2026-08-25 07:53:08,8000.0,8016.0,Put VEX 1,VEX,-11525389.769,6926.987089458896,9272.155058940229
2026-08-25 07:53:08,8200.0,8216.25,Put VEX 5,VEX,-702252.107,6926.987089458896,9272.155058940229
2026-08-25 07:53:55,6800.0,6813.5,Put DEX 3,DEX,-27.118,6830.118228344244,9272.239061993369
2026-08-25 07:53:55,7000.0,7014.0,Call CEX 3,CEX,1113927.337,6830.118228344244,9272.239061993369
2026-08-25 07:53:55,7000.0,7014.0,Call DEX 1,DEX,784.222,6830.118228344244,9272.239061993369
2026-08-25 07:53:55,7000.0,7014.0,Put GEX 1,GEX,-715518.169,6830.118228344244,9272.239061993369
2026-08-25 07:53:55,7000.0,7014.0,Call VEX 1,VEX,6535052.895,6830.118228344244,9272.239061993369
2026-08-25 07:53:55,7160.0,7174.25,Put DEX 5,DEX,-23.497,6830.118228344244,9272.239061993369
2026-08-25 07:53:55,7300.0,7314.5,Call DEX 2,DEX,251.947,6830.118228344244,9272.239061993369
2026-08-25 07:53:55,7300.0,7314.5,Call VEX 5,VEX,1886050.628,6830.118228344244,9272.239061993369
2026-08-25 07:53:55,7400.0,7414.75,Call CEX 5,CEX,879447.523,6830.118228344244,9272.239061993369
2026-08-25 07:53:55,7400.0,7414.75,Call DEX 4,DEX,211.407,6830.118228344244,9272.239061993369
2026-08-25 07:53:55,7400.0,7414.75,Put GEX 3,GEX,-297508.278,6830.118228344244,9272.239061993369
2026-08-25 07:53:55,7400.0,7414.75,Call VEX 3,VEX,2364327.381,6830.118228344244,9272.239061993369
2026-08-25 07:53:55,7450.0,7464.75,Call DEX 3,DEX,243.738,6830.118228344244,9272.239061993369
2026-08-25 07:53:55,7450.0,7464.75,Call VEX 4,VEX,1940834.045,6830.118228344244,9272.239061993369
2026-08-25 07:53:55,7500.0,7515.0,Call CEX 4,CEX,1026070.714,6830.118228344244,9272.239061993369
2026-08-25 07:53:55,7500.0,7515.0,Call DEX 5,DEX,209.843,6830.118228344244,9272.239061993369
2026-08-25 07:53:55,7500.0,7515.0,Put GEX 2,GEX,-451986.858,6830.118228344244,9272.239061993369
2026-08-25 07:53:55,7500.0,7515.0,Call VEX 2,VEX,3053567.171,6830.118228344244,9272.239061993369
2026-08-25 07:53:55,7550.0,7565.0,Put GEX 4,GEX,-223225.194,6830.118228344244,9272.239061993369
2026-08-25 07:53:55,7600.0,7615.25,Call CEX 2,CEX,1306413.104,6830.118228344244,9272.239061993369
2026-08-25 07:53:55,7600.0,7615.25,Put GEX 5,GEX,-206272.808,6830.118228344244,9272.239061993369
2026-08-25 07:53:55,7650.0,7665.25,Call CEX 1,CEX,1378879.207,6830.118228344244,9272.239061993369
2026-08-25 07:53:55,7665.0,7680.25,Call GEX 5,GEX,218554.733,6830.118228344244,9272.239061993369
2026-08-25 07:53:55,7690.0,7705.25,Put CEX 3,CEX,-1900545.012,6830.118228344244,9272.239061993369
2026-08-25 07:53:55,7700.0,7715.25,Put CEX 2,CEX,-2158717.069,6830.118228344244,9272.239061993369
2026-08-25 07:53:55,7700.0,7715.25,Put DEX 2,DEX,-89.943,6830.118228344244,9272.239061993369
2026-08-25 07:53:55,7725.0,7740.5,Put CEX 5,CEX,-1225792.997,6830.118228344244,9272.239061993369
2026-08-25 07:53:55,7750.0,7765.5,Put CEX 4,CEX,-1226558.433,6830.118228344244,9272.239061993369
2026-08-25 07:53:55,7750.0,7765.5,Call GEX 3,GEX,364488.932,6830.118228344244,9272.239061993369
2026-08-25 07:53:55,7750.0,7765.5,Put VEX 4,VEX,-734551.054,6830.118228344244,9272.239061993369
2026-08-25 07:53:55,7780.0,7795.5,Put DEX 4,DEX,-26.658,6830.118228344244,9272.239061993369
2026-08-25 07:53:55,7800.0,7815.5,Call GEX 2,GEX,487823.874,6830.118228344244,9272.239061993369
2026-08-25 07:53:55,7800.0,7815.5,Put VEX 2,VEX,-1255343.769,6830.118228344244,9272.239061993369
2026-08-25 07:53:55,7850.0,7865.75,Call GEX 4,GEX,295313.049,6830.118228344244,9272.239061993369
2026-08-25 07:53:55,7900.0,7915.75,Call GEX 1,GEX,558449.393,6830.118228344244,9272.239061993369
2026-08-25 07:53:55,7900.0,7915.75,Put VEX 3,VEX,-1216883.096,6830.118228344244,9272.239061993369
2026-08-25 07:53:55,8000.0,8016.0,Put CEX 1,CEX,-3089318.309,6830.118228344244,9272.239061993369
2026-08-25 07:53:55,8000.0,8016.0,Put DEX 1,DEX,-2133.034,6830.118228344244,9272.239061993369
2026-08-25 07:53:55,8000.0,8016.0,Put VEX 1,VEX,-11540587.827,6830.118228344244,9272.239061993369
2026-08-25 07:53:55,8200.0,8216.25,Put VEX 5,VEX,-706248.642,6830.118228344244,9272.239061993369
2026-08-25 07:54:42,6800.0,6813.0,Put DEX 3,DEX,-27.113,6800.667326127833,9271.938708322095
2026-08-25 07:54:42,7000.0,7013.5,Call CEX 3,CEX,1109124.613,6800.667326127833,9271.938708322095
2026-08-25 07:54:42,7000.0,7013.5,Call DEX 1,DEX,786.081,6800.667326127833,9271.938708322095
2026-08-25 07:54:42,7000.0,7013.5,Put GEX 1,GEX,-722097.2,6800.667326127833,9271.938708322095
2026-08-25 07:54:42,7000.0,7013.5,Call VEX 1,VEX,6482544.56,6800.667326127833,9271.938708322095
2026-08-25 07:54:42,7160.0,7173.75,Put DEX 5,DEX,-23.49,6800.667326127833,9271.938708322095
2026-08-25 07:54:42,7200.0,7213.75,Put GEX 5,GEX,-204355.351,6800.667326127833,9271.938708322095
2026-08-25 07:54:42,7300.0,7314.0,Call DEX 2,DEX,253.002,6800.667326127833,9271.938708322095
2026-08-25 07:54:42,7300.0,7314.0,Call VEX 5,VEX,1875511.681,6800.667326127833,9271.938708322095
2026-08-25 07:54:42,7400.0,7414.25,Call CEX 5,CEX,879780.652,6800.667326127833,9271.938708322095
2026-08-25 07:54:42,7400.0,7414.25,Call DEX 4,DEX,212.299,6800.667326127833,9271.938708322095
2026-08-25 07:54:42,7400.0,7414.25,Put GEX 3,GEX,-298567.372,6800.667326127833,9271.938708322095
2026-08-25 07:54:42,7400.0,7414.25,Call VEX 3,VEX,2363154.943,6800.667326127833,9271.938708322095
2026-08-25 07:54:42,7450.0,7464.25,Call DEX 3,DEX,232.144,6800.667326127833,9271.938708322095
2026-08-25 07:54:42,7450.0,7464.25,Call VEX 4,VEX,1932287.963,6800.667326127833,9271.938708322095
2026-08-25 07:54:42,7500.0,7514.5,Call CEX 4,CEX,1018725.679,6800.667326127833,9271.938708322095
2026-08-25 07:54:42,7500.0,7514.5,Call DEX 5,DEX,211.212,6800.667326127833,9271.938708322095
2026-08-25 07:54:42,7500.0,7514.5,Put GEX 2,GEX,-452500.957,6800.667326127833,9271.938708322095
2026-08-25 07:54:42,7500.0,7514.5,Call VEX 2,VEX,3053895.009,6800.667326127833,9271.938708322095
2026-08-25 07:54:42,7550.0,7564.5,Put GEX 4,GEX,-221951.601,6800.667326127833,9271.938708322095
2026-08-25 07:54:42,7600.0,7614.5,Call CEX 2,CEX,1308610.21,6800.667326127833,9271.938708322095
2026-08-25 07:54:42,7650.0,7664.75,Call CEX 1,CEX,1401634.542,6800.667326127833,9271.938708322095
2026-08-25 07:54:42,7665.0,7679.75,Call GEX 5,GEX,239206.906,6800.667326127833,9271.938708322095
2026-08-25 07:54:42,7690.0,7704.75,Put CEX 3,CEX,-1898899.248,6800.667326127833,9271.938708322095
2026-08-25 07:54:42,7700.0,7714.75,Put CEX 2,CEX,-2176491.508,6800.667326127833,9271.938708322095
2026-08-25 07:54:42,7700.0,7714.75,Put DEX 2,DEX,-88.873,6800.667326127833,9271.938708322095
2026-08-25 07:54:42,7725.0,7739.75,Put CEX 5,CEX,-1260779.602,6800.667326127833,9271.938708322095
2026-08-25 07:54:42,7750.0,7765.0,Put CEX 4,CEX,-1281307.714,6800.667326127833,9271.938708322095
2026-08-25 07:54:42,7750.0,7765.0,Call GEX 3,GEX,361950.03,6800.667326127833,9271.938708322095
2026-08-25 07:54:42,7750.0,7765.0,Put VEX 4,VEX,-736303.1,6800.667326127833,9271.938708322095
2026-08-25 07:54:42,7780.0,7795.0,Put DEX 4,DEX,-26.521,6800.667326127833,9271.938708322095
2026-08-25 07:54:42,7800.0,7815.0,Call GEX 2,GEX,488228.437,6800.667326127833,9271.938708322095
2026-08-25 07:54:42,7800.0,7815.0,Put VEX 2,VEX,-1254703.294,6800.667326127833,9271.938708322095
2026-08-25 07:54:42,7850.0,7865.0,Call GEX 4,GEX,295286.568,6800.667326127833,9271.938708322095
2026-08-25 07:54:42,7900.0,7915.25,Call GEX 1,GEX,559300.509,6800.667326127833,9271.938708322095
2026-08-25 07:54:42,7900.0,7915.25,Put VEX 3,VEX,-1216697.8,6800.667326127833,9271.938708322095
2026-08-25 07:54:42,8000.0,8015.5,Put CEX 1,CEX,-3100714.401,6800.667326127833,9271.938708322095
2026-08-25 07:54:42,8000.0,8015.5,Put DEX 1,DEX,-2129.107,6800.667326127833,9271.938708322095
2026-08-25 07:54:42,8000.0,8015.5,Put VEX 1,VEX,-11552886.374,6800.667326127833,9271.938708322095
2026-08-25 07:54:42,8200.0,8215.75,Put VEX 5,VEX,-706510.471,6800.667326127833,9271.938708322095
2026-08-25 07:55:29,6800.0,6813.5,Put DEX 4,DEX,-27.153,6903.399998288635,9274.371701242126
2026-08-25 07:55:29,7000.0,7013.75,Call CEX 3,CEX,1115243.517,6903.399998288635,9274.371701242126
2026-08-25 07:55:29,7000.0,7013.75,Call DEX 1,DEX,783.162,6903.399998288635,9274.371701242126
2026-08-25 07:55:29,7000.0,7013.75,Put GEX 1,GEX,-716026.723,6903.399998288635,9274.371701242126
2026-08-25 07:55:29,7000.0,7013.75,Call VEX 1,VEX,6546268.223,6903.399998288635,9274.371701242126
2026-08-25 07:55:29,7160.0,7174.0,Put DEX 5,DEX,-23.556,6903.399998288635,9274.371701242126
2026-08-25 07:55:29,7300.0,7314.5,Call DEX 2,DEX,251.749,6903.399998288635,9274.371701242126
2026-08-25 07:55:29,7300.0,7314.5,Call VEX 5,VEX,1896451.359,6903.399998288635,9274.371701242126
2026-08-25 07:55:29,7400.0,7414.5,Call CEX 5,CEX,885998.591,6903.399998288635,9274.371701242126
2026-08-25 07:55:29,7400.0,7414.5,Call DEX 4,DEX,210.06,6903.399998288635,9274.371701242126
2026-08-25 07:55:29,7400.0,7414.5,Put GEX 3,GEX,-299122.948,6903.399998288635,9274.371701242126
2026-08-25 07:55:29,7400.0,7414.5,Call VEX 3,VEX,2367699.886,6903.399998288635,9274.371701242126
2026-08-25 07:55:29,7450.0,7464.75,Call DEX 3,DEX,241.739,6903.399998288635,9274.371701242126
2026-08-25 07:55:29,7450.0,7464.75,Call VEX 4,VEX,1939516.183,6903.399998288635,9274.371701242126
2026-08-25 07:55:29,7500.0,7514.75,Call CEX 4,CEX,1026592.666,6903.399998288635,9274.371701242126
2026-08-25 07:55:29,7500.0,7514.75,Call DEX 5,DEX,206.908,6903.399998288635,9274.371701242126
2026-08-25 07:55:29,7500.0,7514.75,Put GEX 2,GEX,-454470.663,6903.399998288635,9274.371701242126
2026-08-25 07:55:29,7500.0,7514.75,Call VEX 2,VEX,3043574.227,6903.399998288635,9274.371701242126
2026-08-25 07:55:29,7550.0,7565.0,Put GEX 4,GEX,-224789.009,6903.399998288635,9274.371701242126
2026-08-25 07:55:29,7600.0,7615.0,Call CEX 1,CEX,1308836.017,6903.399998288635,9274.371701242126
2026-08-25 07:55:29,7600.0,7615.0,Put GEX 5,GEX,-209428.583,6903.399998288635,9274.371701242126
2026-08-25 07:55:29,7650.0,7665.0,Call CEX 2,CEX,1296713.762,6903.399998288635,9274.371701242126
2026-08-25 07:55:29,7665.0,7680.0,Call GEX 5,GEX,224791.598,6903.399998288635,9274.371701242126
2026-08-25 07:55:29,7690.0,7705.25,Put CEX 3,CEX,-1884302.468,6903.399998288635,9274.371701242126
2026-08-25 07:55:29,7700.0,7715.25,Put CEX 2,CEX,-2159523.751,6903.399998288635,9274.371701242126
2026-08-25 07:55:29,7700.0,7715.25,Put DEX 2,DEX,-93.587,6903.399998288635,9274.371701242126
2026-08-25 07:55:29,7725.0,7740.25,Put CEX 4,CEX,-1267697.685,6903.399998288635,9274.371701242126
2026-08-25 07:55:29,7750.0,7765.25,Put CEX 5,CEX,-1245605.614,6903.399998288635,9274.371701242126
2026-08-25 07:55:29,7750.0,7765.25,Call GEX 3,GEX,360136.78,6903.399998288635,9274.371701242126
2026-08-25 07:55:29,7750.0,7765.25,Put VEX 4,VEX,-746979.464,6903.399998288635,9274.371701242126
2026-08-25 07:55:29,7780.0,7795.25,Put DEX 3,DEX,-27.245,6903.399998288635,9274.371701242126
2026-08-25 07:55:29,7800.0,7815.5,Call GEX 2,GEX,484116.506,6903.399998288635,9274.371701242126
2026-08-25 07:55:29,7800.0,7815.5,Put VEX 2,VEX,-1264272.746,6903.399998288635,9274.371701242126
2026-08-25 07:55:29,7850.0,7865.5,Call GEX 4,GEX,293183.42,6903.399998288635,9274.371701242126
2026-08-25 07:55:29,7900.0,7915.5,Call GEX 1,GEX,554558.759,6903.399998288635,9274.371701242126
2026-08-25 07:55:29,7900.0,7915.5,Put VEX 3,VEX,-1216102.876,6903.399998288635,9274.371701242126
2026-08-25 07:55:29,8000.0,8015.75,Put CEX 1,CEX,-3080996.814,6903.399998288635,9274.371701242126
2026-08-25 07:55:29,8000.0,8015.75,Put DEX 1,DEX,-2139.328,6903.399998288635,9274.371701242126
2026-08-25 07:55:29,8000.0,8015.75,Put VEX 1,VEX,-11535691.485,6903.399998288635,9274.371701242126
2026-08-25 07:55:29,8200.0,8216.25,Put VEX 5,VEX,-705048.406,6903.399998288635,9274.371701242126
2026-08-25 07:56:17,6800.0,6813.5,Put DEX 3,DEX,-27.123,6901.743627090879,9273.22623828648
2026-08-25 07:56:17,7000.0,7014.0,Call CEX 3,CEX,1118678.513,6901.743627090879,9273.22623828648
2026-08-25 07:56:17,7000.0,7014.0,Call DEX 1,DEX,782.204,6901.743627090879,9273.22623828648
2026-08-25 07:56:17,7000.0,7014.0,Put GEX 1,GEX,-710217.971,6901.743627090879,9273.22623828648
2026-08-25 07:56:17,7000.0,7014.0,Call VEX 1,VEX,6583320.149,6901.743627090879,9273.22623828648
2026-08-25 07:56:17,7160.0,7174.25,Put DEX 5,DEX,-23.515,6901.743627090879,9273.22623828648
2026-08-25 07:56:17,7300.0,7314.5,Call DEX 2,DEX,251.638,6901.743627090879,9273.22623828648
2026-08-25 07:56:17,7300.0,7314.5,Call VEX 5,VEX,1890895.54,6901.743627090879,9273.22623828648
2026-08-25 07:56:17,7400.0,7414.75,Call CEX 5,CEX,967541.822,6901.743627090879,9273.22623828648
2026-08-25 07:56:17,7400.0,7414.75,Call DEX 4,DEX,210.585,6901.743627090879,9273.22623828648
2026-08-25 07:56:17,7400.0,7414.75,Put GEX 3,GEX,-300041.321,6901.743627090879,9273.22623828648
2026-08-25 07:56:17,7400.0,7414.75,Call VEX 3,VEX,2370147.577,6901.743627090879,9273.22623828648
2026-08-25 07:56:17,7450.0,7465.0,Call DEX 3,DEX,242.749,6901.743627090879,9273.22623828648
2026-08-25 07:56:17,7450.0,7465.0,Call VEX 4,VEX,1941019.451,6901.743627090879,9273.22623828648
2026-08-25 07:56:17,7500.0,7515.0,Call CEX 4,CEX,1028338.768,6901.743627090879,9273.22623828648
2026-08-25 07:56:17,7500.0,7515.0,Call DEX 5,DEX,208.48,6901.743627090879,9273.22623828648
2026-08-25 07:56:17,7500.0,7515.0,Put GEX 2,GEX,-453169.191,6901.743627090879,9273.22623828648
2026-08-25 07:56:17,7500.0,7515.0,Call VEX 2,VEX,3049301.946,6901.743627090879,9273.22623828648
2026-08-25 07:56:17,7550.0,7565.0,Put GEX 4,GEX,-224352.343,6901.743627090879,9273.22623828648
2026-08-25 07:56:17,7600.0,7615.25,Call CEX 2,CEX,1310940.538,6901.743627090879,9273.22623828648
2026-08-25 07:56:17,7600.0,7615.25,Put GEX 5,GEX,-210758.661,6901.743627090879,9273.22623828648
2026-08-25 07:56:17,7650.0,7665.25,Call CEX 1,CEX,1341075.775,6901.743627090879,9273.22623828648
2026-08-25 07:56:17,7665.0,7680.25,Call GEX 5,GEX,221059.343,6901.743627090879,9273.22623828648
2026-08-25 07:56:17,7690.0,7705.25,Put CEX 3,CEX,-1893893.244,6901.743627090879,9273.22623828648
2026-08-25 07:56:17,7700.0,7715.5,Put CEX 2,CEX,-2149198.792,6901.743627090879,9273.22623828648
2026-08-25 07:56:17,7700.0,7715.5,Put DEX 2,DEX,-92.196,6901.743627090879,9273.22623828648
2026-08-25 07:56:17,7725.0,7740.5,Put CEX 4,CEX,-1231685.446,6901.743627090879,9273.22623828648
2026-08-25 07:56:17,7750.0,7765.5,Put CEX 5,CEX,-1231640.057,6901.743627090879,9273.22623828648
2026-08-25 07:56:17,7750.0,7765.5,Call GEX 3,GEX,361285.302,6901.743627090879,9273.22623828648
2026-08-25 07:56:17,7750.0,7765.5,Put VEX 4,VEX,-742118.468,6901.743627090879,9273.22623828648
2026-08-25 07:56:17,7780.0,7795.5,Put DEX 4,DEX,-27.013,6901.743627090879,9273.22623828648
2026-08-25 07:56:17,7800.0,7815.5,Call GEX 2,GEX,484551.852,6901.743627090879,9273.22623828648
2026-08-25 07:56:17,7800.0,7815.5,Put VEX 2,VEX,-1260281.957,6901.743627090879,9273.22623828648
2026-08-25 07:56:17,7850.0,7865.75,Call GEX 4,GEX,293829.738,6901.743627090879,9273.22623828648
2026-08-25 07:56:17,7900.0,7915.75,Call GEX 1,GEX,555661.601,6901.743627090879,9273.22623828648
2026-08-25 07:56:17,7900.0,7915.75,Put VEX 3,VEX,-1215663.482,6901.743627090879,9273.22623828648
2026-08-25 07:56:17,8000.0,8016.0,Put CEX 1,CEX,-3084503.038,6901.743627090879,9273.22623828648
2026-08-25 07:56:17,8000.0,8016.0,Put DEX 1,DEX,-2137.325,6901.743627090879,9273.22623828648
2026-08-25 07:56:17,8000.0,8016.0,Put VEX 1,VEX,-11538650.628,6901.743627090879,9273.22623828648
2026-08-25 07:56:17,8200.0,8216.5,Put VEX 5,VEX,-705134.156,6901.743627090879,9273.22623828648
2026-08-25 07:57:04,6800.0,6813.25,Put DEX 4,DEX,-25.72,7000.252242863796,9274.98176185218
2026-08-25 07:57:04,7000.0,7013.5,Call CEX 3,CEX,1122179.942,7000.252242863796,9274.98176185218
2026-08-25 07:57:04,7000.0,7013.5,Call DEX 1,DEX,780.076,7000.252242863796,9274.98176185218
2026-08-25 07:57:04,7000.0,7013.5,Put GEX 1,GEX,-708480.717,7000.252242863796,9274.98176185218
2026-08-25 07:57:04,7000.0,7013.5,Call VEX 1,VEX,6617017.864,7000.252242863796,9274.98176185218
2026-08-25 07:57:04,7160.0,7174.0,Put DEX 5,DEX,-23.534,7000.252242863796,9274.98176185218
2026-08-25 07:57:04,7300.0,7314.25,Call DEX 2,DEX,251.912,7000.252242863796,9274.98176185218
2026-08-25 07:57:04,7300.0,7314.25,Call VEX 5,VEX,1895751.143,7000.252242863796,9274.98176185218
2026-08-25 07:57:04,7400.0,7414.5,Call CEX 5,CEX,936756.451,7000.252242863796,9274.98176185218
2026-08-25 07:57:04,7400.0,7414.5,Call DEX 4,DEX,208.638,7000.252242863796,9274.98176185218
2026-08-25 07:57:04,7400.0,7414.5,Put GEX 3,GEX,-301740.511,7000.252242863796,9274.98176185218
2026-08-25 07:57:04,7400.0,7414.5,Call VEX 3,VEX,2371429.009,7000.252242863796,9274.98176185218
2026-08-25 07:57:04,7450.0,7464.5,Call DEX 3,DEX,240.894,7000.252242863796,9274.98176185218
2026-08-25 07:57:04,7450.0,7464.5,Call VEX 4,VEX,1938380.179,7000.252242863796,9274.98176185218
2026-08-25 07:57:04,7500.0,7514.5,Call CEX 4,CEX,1028474.664,7000.252242863796,9274.98176185218
2026-08-25 07:57:04,7500.0,7514.5,Call DEX 5,DEX,204.642,7000.252242863796,9274.98176185218
2026-08-25 07:57:04,7500.0,7514.5,Put GEX 2,GEX,-457194.585,7000.252242863796,9274.98176185218
2026-08-25 07:57:04,7500.0,7514.5,Call VEX 2,VEX,3035460.262,7000.252242863796,9274.98176185218
2026-08-25 07:57:04,7550.0,7564.75,Put GEX 4,GEX,-226987.013,7000.252242863796,9274.98176185218
2026-08-25 07:57:04,7600.0,7614.75,Call CEX 1,CEX,1311260.76,7000.252242863796,9274.98176185218
2026-08-25 07:57:04,7600.0,7614.75,Put GEX 5,GEX,-216258.985,7000.252242863796,9274.98176185218
2026-08-25 07:57:04,7650.0,7664.75,Call CEX 2,CEX,1221831.294,7000.252242863796,9274.98176185218
2026-08-25 07:57:04,7665.0,7680.0,Call GEX 5,GEX,226164.1,7000.252242863796,9274.98176185218
2026-08-25 07:57:04,7690.0,7705.0,Put CEX 3,CEX,-1862346.198,7000.252242863796,9274.98176185218
2026-08-25 07:57:04,7700.0,7715.0,Put CEX 2,CEX,-2121883.541,7000.252242863796,9274.98176185218
2026-08-25 07:57:04,7700.0,7715.0,Put DEX 2,DEX,-97.209,7000.252242863796,9274.98176185218
2026-08-25 07:57:04,7725.0,7740.0,Put CEX 5,CEX,-1241699.755,7000.252242863796,9274.98176185218
2026-08-25 07:57:04,7750.0,7765.0,Put CEX 4,CEX,-1244643.577,7000.252242863796,9274.98176185218
2026-08-25 07:57:04,7750.0,7765.0,Call GEX 3,GEX,356055.592,7000.252242863796,9274.98176185218
2026-08-25 07:57:04,7750.0,7765.0,Put VEX 4,VEX,-758169.684,7000.252242863796,9274.98176185218
2026-08-25 07:57:04,7780.0,7795.0,Put DEX 3,DEX,-27.739,7000.252242863796,9274.98176185218
2026-08-25 07:57:04,7800.0,7815.25,Call GEX 2,GEX,478653.498,7000.252242863796,9274.98176185218
2026-08-25 07:57:04,7800.0,7815.25,Put VEX 2,VEX,-1272734.268,7000.252242863796,9274.98176185218
2026-08-25 07:57:04,7850.0,7865.25,Call GEX 4,GEX,290919.373,7000.252242863796,9274.98176185218
2026-08-25 07:57:04,7900.0,7915.25,Call GEX 1,GEX,550399.578,7000.252242863796,9274.98176185218
2026-08-25 07:57:04,7900.0,7915.25,Put VEX 3,VEX,-1215292.636,7000.252242863796,9274.98176185218
2026-08-25 07:57:04,8000.0,8015.5,Put CEX 1,CEX,-3078480.144,7000.252242863796,9274.98176185218
2026-08-25 07:57:04,8000.0,8015.5,Put DEX 1,DEX,-2145.393,7000.252242863796,9274.98176185218
2026-08-25 07:57:04,8000.0,8015.5,Put VEX 1,VEX,-11527632.158,7000.252242863796,9274.98176185218
2026-08-25 07:57:04,8200.0,8216.0,Put VEX 5,VEX,-700952.273,7000.252242863796,9274.98176185218
2026-08-25 07:57:51,6800.0,6814.5,Put DEX 4,DEX,-25.616,7000.178578604468,9274.872640487822
2026-08-25 07:57:51,7000.0,7014.75,Call CEX 3,CEX,1142506.364,7000.178578604468,9274.872640487822
2026-08-25 07:57:51,7000.0,7014.75,Call DEX 1,DEX,798.107,7000.178578604468,9274.872640487822
2026-08-25 07:57:51,7000.0,7014.75,Put GEX 1,GEX,-695856.233,7000.178578604468,9274.872640487822
2026-08-25 07:57:51,7000.0,7014.75,Call VEX 1,VEX,6705055.057,7000.178578604468,9274.872640487822
2026-08-25 07:57:51,7160.0,7175.25,Put DEX 5,DEX,-23.06,7000.178578604468,9274.872640487822
2026-08-25 07:57:51,7300.0,7315.5,Call DEX 2,DEX,251.24,7000.178578604468,9274.872640487822
2026-08-25 07:57:51,7300.0,7315.5,Call VEX 5,VEX,1902872.565,7000.178578604468,9274.872640487822
2026-08-25 07:57:51,7400.0,7415.75,Call CEX 5,CEX,940134.779,7000.178578604468,9274.872640487822
2026-08-25 07:57:51,7400.0,7415.75,Call DEX 3,DEX,250.644,7000.178578604468,9274.872640487822
2026-08-25 07:57:51,7400.0,7415.75,Put GEX 3,GEX,-299625.186,7000.178578604468,9274.872640487822
2026-08-25 07:57:51,7400.0,7415.75,Call VEX 3,VEX,2371259.054,7000.178578604468,9274.872640487822
2026-08-25 07:57:51,7450.0,7465.75,Call DEX 4,DEX,246.476,7000.178578604468,9274.872640487822
2026-08-25 07:57:51,7450.0,7465.75,Call VEX 4,VEX,1952202.618,7000.178578604468,9274.872640487822
2026-08-25 07:57:51,7500.0,7516.0,Call CEX 4,CEX,1083177.139,7000.178578604468,9274.872640487822
2026-08-25 07:57:51,7500.0,7516.0,Call DEX 5,DEX,211.441,7000.178578604468,9274.872640487822
2026-08-25 07:57:51,7500.0,7516.0,Put GEX 2,GEX,-452737.403,7000.178578604468,9274.872640487822
2026-08-25 07:57:51,7500.0,7516.0,Call VEX 2,VEX,3046133.54,7000.178578604468,9274.872640487822
2026-08-25 07:57:51,7550.0,7566.0,Put GEX 4,GEX,-225479.237,7000.178578604468,9274.872640487822
2026-08-25 07:57:51,7600.0,7616.25,Call CEX 1,CEX,1513878.656,7000.178578604468,9274.872640487822
2026-08-25 07:57:51,7600.0,7616.25,Put GEX 5,GEX,-211182.085,7000.178578604468,9274.872640487822
2026-08-25 07:57:51,7650.0,7666.25,Call CEX 2,CEX,1243200.594,7000.178578604468,9274.872640487822
2026-08-25 07:57:51,7690.0,7706.25,Put CEX 2,CEX,-1834966.921,7000.178578604468,9274.872640487822
2026-08-25 07:57:51,7700.0,7716.25,Put CEX 3,CEX,-1814374.979,7000.178578604468,9274.872640487822
2026-08-25 07:57:51,7700.0,7716.25,Put DEX 2,DEX,-88.975,7000.178578604468,9274.872640487822
2026-08-25 07:57:51,7725.0,7741.5,Put CEX 4,CEX,-1087329.509,7000.178578604468,9274.872640487822
2026-08-25 07:57:51,7750.0,7766.5,Put CEX 5,CEX,-1043836.028,7000.178578604468,9274.872640487822
2026-08-25 07:57:51,7750.0,7766.5,Call GEX 3,GEX,370378.766,7000.178578604468,9274.872640487822
2026-08-25 07:57:51,7750.0,7766.5,Put VEX 4,VEX,-739323.193,7000.178578604468,9274.872640487822
2026-08-25 07:57:51,7780.0,7796.5,Put DEX 3,DEX,-27.254,7000.178578604468,9274.872640487822
2026-08-25 07:57:51,7800.0,7816.5,Call GEX 2,GEX,480919.582,7000.178578604468,9274.872640487822
2026-08-25 07:57:51,7800.0,7816.5,Put VEX 2,VEX,-1264954.065,7000.178578604468,9274.872640487822
2026-08-25 07:57:51,7850.0,7866.75,Call GEX 4,GEX,293782.663,7000.178578604468,9274.872640487822
2026-08-25 07:57:51,7900.0,7916.75,Call GEX 1,GEX,551445.351,7000.178578604468,9274.872640487822
2026-08-25 07:57:51,7900.0,7916.75,Put VEX 3,VEX,-1216265.931,7000.178578604468,9274.872640487822
2026-08-25 07:57:51,7950.0,7967.0,Call GEX 5,GEX,194209.919,7000.178578604468,9274.872640487822
2026-08-25 07:57:51,8000.0,8017.0,Put CEX 1,CEX,-3059164.622,7000.178578604468,9274.872640487822
2026-08-25 07:57:51,8000.0,8017.0,Put DEX 1,DEX,-2148.068,7000.178578604468,9274.872640487822
2026-08-25 07:57:51,8000.0,8017.0,Put VEX 1,VEX,-11517311.646,7000.178578604468,9274.872640487822
2026-08-25 07:57:51,8200.0,8217.5,Put VEX 5,VEX,-702996.358,7000.178578604468,9274.872640487822
2026-08-25 07:58:38,6800.0,6813.5,Put DEX 3,DEX,-27.147,6900.54709753847,9274.464097592654
2026-08-25 07:58:38,7000.0,7014.0,Call CEX 3,CEX,1120391.269,6900.54709753847,9274.464097592654
2026-08-25 07:58:38,7000.0,7014.0,Call DEX 1,DEX,781.597,6900.54709753847,9274.464097592654
2026-08-25 07:58:38,7000.0,7014.0,Put GEX 1,GEX,-707874.126,6900.54709753847,9274.464097592654
2026-08-25 07:58:38,7000.0,7014.0,Call VEX 1,VEX,6600357.81,6900.54709753847,9274.464097592654
2026-08-25 07:58:38,7160.0,7174.25,Put DEX 5,DEX,-23.514,6900.54709753847,9274.464097592654
2026-08-25 07:58:38,7300.0,7314.5,Call DEX 2,DEX,251.125,6900.54709753847,9274.464097592654
2026-08-25 07:58:38,7300.0,7314.5,Call VEX 5,VEX,1891360.817,6900.54709753847,9274.464097592654
2026-08-25 07:58:38,7400.0,7414.75,Call CEX 5,CEX,884634.062,6900.54709753847,9274.464097592654
2026-08-25 07:58:38,7400.0,7414.75,Call DEX 4,DEX,210.379,6900.54709753847,9274.464097592654
2026-08-25 07:58:38,7400.0,7414.75,Put GEX 3,GEX,-298013.186,6900.54709753847,9274.464097592654
2026-08-25 07:58:38,7400.0,7414.75,Call VEX 3,VEX,2366832.489,6900.54709753847,9274.464097592654
2026-08-25 07:58:38,7450.0,7464.75,Call DEX 3,DEX,242.565,6900.54709753847,9274.464097592654
2026-08-25 07:58:38,7450.0,7464.75,Call VEX 4,VEX,1942923.757,6900.54709753847,9274.464097592654
2026-08-25 07:58:38,7500.0,7515.0,Call CEX 4,CEX,1029117.121,6900.54709753847,9274.464097592654
2026-08-25 07:58:38,7500.0,7515.0,Call DEX 5,DEX,208.179,6900.54709753847,9274.464097592654
2026-08-25 07:58:38,7500.0,7515.0,Put GEX 2,GEX,-453422.624,6900.54709753847,9274.464097592654
2026-08-25 07:58:38,7500.0,7515.0,Call VEX 2,VEX,3048255.99,6900.54709753847,9274.464097592654
2026-08-25 07:58:38,7550.0,7565.0,Put GEX 4,GEX,-224920.888,6900.54709753847,9274.464097592654
2026-08-25 07:58:38,7600.0,7615.25,Call CEX 2,CEX,1272762.463,6900.54709753847,9274.464097592654
2026-08-25 07:58:38,7600.0,7615.25,Put GEX 5,GEX,-207967.995,6900.54709753847,9274.464097592654
2026-08-25 07:58:38,7650.0,7665.25,Call CEX 1,CEX,1362316.981,6900.54709753847,9274.464097592654
2026-08-25 07:58:38,7665.0,7680.25,Call GEX 5,GEX,217603.281,6900.54709753847,9274.464097592654
2026-08-25 07:58:38,7690.0,7705.25,Put CEX 3,CEX,-1903677.091,6900.54709753847,9274.464097592654
2026-08-25 07:58:38,7700.0,7715.25,Put CEX 2,CEX,-2147096.49,6900.54709753847,9274.464097592654
2026-08-25 07:58:38,7700.0,7715.25,Put DEX 2,DEX,-92.178,6900.54709753847,9274.464097592654
2026-08-25 07:58:38,7725.0,7740.5,Put CEX 4,CEX,-1226473.584,6900.54709753847,9274.464097592654
2026-08-25 07:58:38,7750.0,7765.5,Put CEX 5,CEX,-1220143.46,6900.54709753847,9274.464097592654
2026-08-25 07:58:38,7750.0,7765.5,Call GEX 3,GEX,361961.202,6900.54709753847,9274.464097592654
2026-08-25 07:58:38,7750.0,7765.5,Put VEX 4,VEX,-740910.915,6900.54709753847,9274.464097592654
2026-08-25 07:58:38,7780.0,7795.5,Put DEX 4,DEX,-27.01,6900.54709753847,9274.464097592654
2026-08-25 07:58:38,7800.0,7815.5,Call GEX 2,GEX,484762.359,6900.54709753847,9274.464097592654
2026-08-25 07:58:38,7800.0,7815.5,Put VEX 2,VEX,-1259699.207,6900.54709753847,9274.464097592654
2026-08-25 07:58:38,7850.0,7865.75,Call GEX 4,GEX,294783.954,6900.54709753847,9274.464097592654
2026-08-25 07:58:38,7900.0,7915.75,Call GEX 1,GEX,556128.59,6900.54709753847,9274.464097592654
2026-08-25 07:58:38,7900.0,7915.75,Put VEX 3,VEX,-1216454.292,6900.54709753847,9274.464097592654
2026-08-25 07:58:38,8000.0,8016.0,Put CEX 1,CEX,-3084914.663,6900.54709753847,9274.464097592654
2026-08-25 07:58:38,8000.0,8016.0,Put DEX 1,DEX,-2139.595,6900.54709753847,9274.464097592654
2026-08-25 07:58:38,8000.0,8016.0,Put VEX 1,VEX,-11544131.543,6900.54709753847,9274.464097592654
2026-08-25 07:58:38,8200.0,8216.25,Put VEX 5,VEX,-705618.622,6900.54709753847,9274.464097592654
2026-08-25 07:59:26,6800.0,6814.0,Put DEX 3,DEX,-27.071,6804.011757205587,9273.084730683364
2026-08-25 07:59:26,7000.0,7014.5,Call CEX 3,CEX,1115254.002,6804.011757205587,9273.084730683364
2026-08-25 07:59:26,7000.0,7014.5,Call DEX 1,DEX,784.171,6804.011757205587,9273.084730683364
2026-08-25 07:59:26,7000.0,7014.5,Put GEX 1,GEX,-711092.424,6804.011757205587,9273.084730683364
2026-08-25 07:59:26,7000.0,7014.5,Call VEX 1,VEX,6553203.731,6804.011757205587,9273.084730683364
2026-08-25 07:59:26,7160.0,7174.75,Put DEX 5,DEX,-23.464,6804.011757205587,9273.084730683364
2026-08-25 07:59:26,7200.0,7215.0,Put GEX 5,GEX,-199692.461,6804.011757205587,9273.084730683364
2026-08-25 07:59:26,7300.0,7315.0,Call DEX 2,DEX,251.975,6804.011757205587,9273.084730683364
2026-08-25 07:59:26,7300.0,7315.0,Call VEX 5,VEX,1885905.211,6804.011757205587,9273.084730683364
2026-08-25 07:59:26,7400.0,7415.25,Call CEX 5,CEX,878048.403,6804.011757205587,9273.084730683364
2026-08-25 07:59:26,7400.0,7415.25,Call DEX 4,DEX,212.258,6804.011757205587,9273.084730683364
2026-08-25 07:59:26,7400.0,7415.25,Put GEX 3,GEX,-297418.457,6804.011757205587,9273.084730683364
2026-08-25 07:59:26,7400.0,7415.25,Call VEX 3,VEX,2362313.021,6804.011757205587,9273.084730683364
2026-08-25 07:59:26,7450.0,7465.5,Call DEX 3,DEX,249.777,6804.011757205587,9273.084730683364
2026-08-25 07:59:26,7450.0,7465.5,Call VEX 4,VEX,1945166.948,6804.011757205587,9273.084730683364
2026-08-25 07:59:26,7500.0,7515.5,Call CEX 4,CEX,1038402.774,6804.011757205587,9273.084730683364
2026-08-25 07:59:26,7500.0,7515.5,Call DEX 5,DEX,212.243,6804.011757205587,9273.084730683364
2026-08-25 07:59:26,7500.0,7515.5,Put GEX 2,GEX,-451401.732,6804.011757205587,9273.084730683364
2026-08-25 07:59:26,7500.0,7515.5,Call VEX 2,VEX,3056977.285,6804.011757205587,9273.084730683364
2026-08-25 07:59:26,7550.0,7565.5,Put GEX 4,GEX,-222264.474,6804.011757205587,9273.084730683364
2026-08-25 07:59:26,7600.0,7615.75,Call CEX 2,CEX,1401857.054,6804.011757205587,9273.084730683364
2026-08-25 07:59:26,7650.0,7665.75,Call CEX 1,CEX,1415848.796,6804.011757205587,9273.084730683364
2026-08-25 07:59:26,7665.0,7680.75,Call GEX 5,GEX,205938.621,6804.011757205587,9273.084730683364
2026-08-25 07:59:26,7690.0,7706.0,Put CEX 3,CEX,-1921026.018,6804.011757205587,9273.084730683364
2026-08-25 07:59:26,7700.0,7716.0,Put CEX 2,CEX,-2142946.549,6804.011757205587,9273.084730683364
2026-08-25 07:59:26,7700.0,7716.0,Put DEX 2,DEX,-89.863,6804.011757205587,9273.084730683364
2026-08-25 07:59:26,7725.0,7741.0,Put CEX 4,CEX,-1244750.399,6804.011757205587,9273.084730683364
2026-08-25 07:59:26,7750.0,7766.0,Put CEX 5,CEX,-1210039.135,6804.011757205587,9273.084730683364
2026-08-25 07:59:26,7750.0,7766.0,Call GEX 3,GEX,369750.923,6804.011757205587,9273.084730683364
2026-08-25 07:59:26,7750.0,7766.0,Put VEX 4,VEX,-730978.301,6804.011757205587,9273.084730683364
2026-08-25 07:59:26,7780.0,7796.0,Put DEX 4,DEX,-26.553,6804.011757205587,9273.084730683364
2026-08-25 07:59:26,7800.0,7816.25,Call GEX 2,GEX,488209.154,6804.011757205587,9273.084730683364
2026-08-25 07:59:26,7800.0,7816.25,Put VEX 2,VEX,-1252293.977,6804.011757205587,9273.084730683364
2026-08-25 07:59:26,7850.0,7866.25,Call GEX 4,GEX,296560.776,6804.011757205587,9273.084730683364
2026-08-25 07:59:26,7900.0,7916.25,Call GEX 1,GEX,559312.528,6804.011757205587,9273.084730683364
2026-08-25 07:59:26,7900.0,7916.25,Put VEX 3,VEX,-1217997.825,6804.011757205587,9273.084730683364
2026-08-25 07:59:26,8000.0,8016.5,Put CEX 1,CEX,-3088832.091,6804.011757205587,9273.084730683364
2026-08-25 07:59:26,8000.0,8016.5,Put DEX 1,DEX,-2133.376,6804.011757205587,9273.084730683364
2026-08-25 07:59:26,8000.0,8016.5,Put VEX 1,VEX,-11547560.334,6804.011757205587,9273.084730683364
2026-08-25 07:59:26,8200.0,8217.0,Put VEX 5,VEX,-706332.809,6804.011757205587,9273.084730683364
2026-08-25 08:00:15,6800.0,6813.5,Put DEX 4,DEX,-25.621,6851.470909056013,9274.30053209262
2026-08-25 08:00:15,7000.0,7014.0,Call CEX 3,CEX,1117631.492,6851.470909056013,9274.30053209262
2026-08-25 08:00:15,7000.0,7014.0,Call DEX 1,DEX,782.889,6851.470909056013,9274.30053209262
2026-08-25 08:00:15,7000.0,7014.0,Put GEX 1,GEX,-708827.925,6851.470909056013,9274.30053209262
2026-08-25 08:00:15,7000.0,7014.0,Call VEX 1,VEX,6577673.524,6851.470909056013,9274.30053209262
2026-08-25 08:00:15,7160.0,7174.25,Put DEX 5,DEX,-23.483,6851.470909056013,9274.30053209262
2026-08-25 08:00:15,7200.0,7214.25,Put GEX 5,GEX,-200301.068,6851.470909056013,9274.30053209262
2026-08-25 08:00:15,7300.0,7314.5,Call DEX 2,DEX,252.51,6851.470909056013,9274.30053209262
2026-08-25 08:00:15,7300.0,7314.5,Call VEX 5,VEX,1886824.144,6851.470909056013,9274.30053209262
2026-08-25 08:00:15,7400.0,7414.75,Call CEX 5,CEX,879399.478,6851.470909056013,9274.30053209262
2026-08-25 08:00:15,7400.0,7414.75,Call DEX 4,DEX,211.112,6851.470909056013,9274.30053209262
2026-08-25 08:00:15,7400.0,7414.75,Put GEX 3,GEX,-297378.029,6851.470909056013,9274.30053209262
2026-08-25 08:00:15,7400.0,7414.75,Call VEX 3,VEX,2363092.395,6851.470909056013,9274.30053209262
2026-08-25 08:00:15,7450.0,7464.75,Call DEX 3,DEX,243.252,6851.470909056013,9274.30053209262
2026-08-25 08:00:15,7450.0,7464.75,Call VEX 4,VEX,1943628.887,6851.470909056013,9274.30053209262
2026-08-25 08:00:15,7500.0,7515.0,Call CEX 4,CEX,1031456.159,6851.470909056013,9274.30053209262
2026-08-25 08:00:15,7500.0,7515.0,Call DEX 5,DEX,209.163,6851.470909056013,9274.30053209262
2026-08-25 08:00:15,7500.0,7515.0,Put GEX 2,GEX,-452381.353,6851.470909056013,9274.30053209262
2026-08-25 08:00:15,7500.0,7515.0,Call VEX 2,VEX,3051643.267,6851.470909056013,9274.30053209262
2026-08-25 08:00:15,7550.0,7565.0,Put GEX 4,GEX,-223656.052,6851.470909056013,9274.30053209262
2026-08-25 08:00:15,7600.0,7615.0,Call CEX 2,CEX,1387586.079,6851.470909056013,9274.30053209262
2026-08-25 08:00:15,7650.0,7665.25,Call CEX 1,CEX,1390547.302,6851.470909056013,9274.30053209262
2026-08-25 08:00:15,7665.0,7680.25,Call GEX 5,GEX,211063.514,6851.470909056013,9274.30053209262
2026-08-25 08:00:15,7690.0,7705.25,Put CEX 3,CEX,-1917408.134,6851.470909056013,9274.30053209262
2026-08-25 08:00:15,7700.0,7715.25,Put CEX 2,CEX,-2145463.122,6851.470909056013,9274.30053209262
2026-08-25 08:00:15,7700.0,7715.25,Put DEX 2,DEX,-91.498,6851.470909056013,9274.30053209262
2026-08-25 08:00:15,7725.0,7740.25,Put CEX 4,CEX,-1255004.484,6851.470909056013,9274.30053209262
2026-08-25 08:00:15,7750.0,7765.5,Put CEX 5,CEX,-1236107.136,6851.470909056013,9274.30053209262
2026-08-25 08:00:15,7750.0,7765.5,Call GEX 3,GEX,368011.063,6851.470909056013,9274.30053209262
2026-08-25 08:00:15,7750.0,7765.5,Put VEX 4,VEX,-737956.216,6851.470909056013,9274.30053209262
2026-08-25 08:00:15,7780.0,7795.5,Put DEX 3,DEX,-26.827,6851.470909056013,9274.30053209262
2026-08-25 08:00:15,7800.0,7815.5,Call GEX 2,GEX,487102.175,6851.470909056013,9274.30053209262
2026-08-25 08:00:15,7800.0,7815.5,Put VEX 2,VEX,-1257628.133,6851.470909056013,9274.30053209262
2026-08-25 08:00:15,7850.0,7865.5,Call GEX 4,GEX,295730.654,6851.470909056013,9274.30053209262
2026-08-25 08:00:15,7900.0,7915.75,Call GEX 1,GEX,557276.097,6851.470909056013,9274.30053209262
2026-08-25 08:00:15,7900.0,7915.75,Put VEX 3,VEX,-1216900.061,6851.470909056013,9274.30053209262
2026-08-25 08:00:15,8000.0,8016.0,Put CEX 1,CEX,-3086431.767,6851.470909056013,9274.30053209262
2026-08-25 08:00:15,8000.0,8016.0,Put DEX 1,DEX,-2136.952,6851.470909056013,9274.30053209262
2026-08-25 08:00:15,8000.0,8016.0,Put VEX 1,VEX,-11545723.179,6851.470909056013,9274.30053209262
2026-08-25 08:00:15,8200.0,8216.25,Put VEX 5,VEX,-705856.852,6851.470909056013,9274.30053209262
2026-08-25 08:01:05,6800.0,6813.25,Put DEX 4,DEX,-25.761,7000.155011796801,9275.610605876716
2026-08-25 08:01:05,7000.0,7013.75,Call CEX 3,CEX,1124201.78,7000.155011796801,9275.610605876716
2026-08-25 08:01:05,7000.0,7013.75,Call DEX 1,DEX,779.332,7000.155011796801,9275.610605876716
2026-08-25 08:01:05,7000.0,7013.75,Put GEX 1,GEX,-706167.287,7000.155011796801,9275.610605876716
2026-08-25 08:01:05,7000.0,7013.75,Call VEX 1,VEX,6635387.896,7000.155011796801,9275.610605876716
2026-08-25 08:01:05,7160.0,7174.0,Put DEX 5,DEX,-23.579,7000.155011796801,9275.610605876716
2026-08-25 08:01:05,7300.0,7314.25,Call DEX 2,DEX,251.368,7000.155011796801,9275.610605876716
2026-08-25 08:01:05,7300.0,7314.25,Call VEX 5,VEX,1896415.537,7000.155011796801,9275.610605876716
2026-08-25 08:01:05,7400.0,7414.5,Call CEX 5,CEX,890574.183,7000.155011796801,9275.610605876716
2026-08-25 08:01:05,7400.0,7414.5,Call DEX 4,DEX,209.139,7000.155011796801,9275.610605876716
2026-08-25 08:01:05,7400.0,7414.5,Put GEX 3,GEX,-300436.783,7000.155011796801,9275.610605876716
2026-08-25 08:01:05,7400.0,7414.5,Call VEX 3,VEX,2368994.909,7000.155011796801,9275.610605876716
2026-08-25 08:01:05,7450.0,7464.5,Call DEX 3,DEX,235.781,7000.155011796801,9275.610605876716
2026-08-25 08:01:05,7450.0,7464.5,Call VEX 4,VEX,1934754.762,7000.155011796801,9275.610605876716
2026-08-25 08:01:05,7500.0,7514.5,Call CEX 4,CEX,1025921.916,7000.155011796801,9275.610605876716
2026-08-25 08:01:05,7500.0,7514.5,Call DEX 5,DEX,200.593,7000.155011796801,9275.610605876716
2026-08-25 08:01:05,7500.0,7514.5,Put GEX 2,GEX,-458400.677,7000.155011796801,9275.610605876716
2026-08-25 08:01:05,7500.0,7514.5,Call VEX 2,VEX,3031830.404,7000.155011796801,9275.610605876716
2026-08-25 08:01:05,7550.0,7564.75,Put GEX 4,GEX,-227842.58,7000.155011796801,9275.610605876716
2026-08-25 08:01:05,7600.0,7614.75,Call CEX 1,CEX,1320412.47,7000.155011796801,9275.610605876716
2026-08-25 08:01:05,7600.0,7614.75,Put GEX 5,GEX,-214393.031,7000.155011796801,9275.610605876716
2026-08-25 08:01:05,7650.0,7665.0,Call CEX 2,CEX,1242946.269,7000.155011796801,9275.610605876716
2026-08-25 08:01:05,7665.0,7680.0,Call GEX 5,GEX,227646.828,7000.155011796801,9275.610605876716
2026-08-25 08:01:05,7690.0,7705.0,Put CEX 3,CEX,-1868327.249,7000.155011796801,9275.610605876716
2026-08-25 08:01:05,7700.0,7715.0,Put CEX 2,CEX,-2127353.849,7000.155011796801,9275.610605876716
2026-08-25 08:01:05,7700.0,7715.0,Put DEX 2,DEX,-97.513,7000.155011796801,9275.610605876716
2026-08-25 08:01:05,7725.0,7740.0,Put CEX 5,CEX,-1243081.828,7000.155011796801,9275.610605876716
2026-08-25 08:01:05,7750.0,7765.0,Put CEX 4,CEX,-1292180.029,7000.155011796801,9275.610605876716
2026-08-25 08:01:05,7750.0,7765.0,Call GEX 3,GEX,360186.436,7000.155011796801,9275.610605876716
2026-08-25 08:01:05,7750.0,7765.0,Put VEX 4,VEX,-760867.115,7000.155011796801,9275.610605876716
2026-08-25 08:01:05,7780.0,7795.25,Put DEX 3,DEX,-27.829,7000.155011796801,9275.610605876716
2026-08-25 08:01:05,7800.0,7815.25,Call GEX 2,GEX,479574.479,7000.155011796801,9275.610605876716
2026-08-25 08:01:05,7800.0,7815.25,Put VEX 2,VEX,-1273785.477,7000.155011796801,9275.610605876716
2026-08-25 08:01:05,7850.0,7865.25,Call GEX 4,GEX,291636.885,7000.155011796801,9275.610605876716
2026-08-25 08:01:05,7900.0,7915.5,Call GEX 1,GEX,550324.1,7000.155011796801,9275.610605876716
2026-08-25 08:01:05,7900.0,7915.5,Put VEX 3,VEX,-1215164.223,7000.155011796801,9275.610605876716
2026-08-25 08:01:05,8000.0,8015.5,Put CEX 1,CEX,-3086965.052,7000.155011796801,9275.610605876716
2026-08-25 08:01:05,8000.0,8015.5,Put DEX 1,DEX,-2143.626,7000.155011796801,9275.610605876716
2026-08-25 08:01:05,8000.0,8015.5,Put VEX 1,VEX,-11518457.939,7000.155011796801,9275.610605876716
2026-08-25 08:01:05,8200.0,8216.0,Put VEX 5,VEX,-702505.256,7000.155011796801,9275.610605876716
2026-08-25 08:01:52,6800.0,6813.75,Put DEX 3,DEX,-27.151,6853.530337245834,9272.74223879879
2026-08-25 08:01:52,7000.0,7014.25,Call CEX 3,CEX,1146372.191,6853.530337245834,9272.74223879879
2026-08-25 08:01:52,7000.0,7014.25,Call DEX 1,DEX,791.73,6853.530337245834,9272.74223879879
2026-08-25 08:01:52,7000.0,7014.25,Put GEX 1,GEX,-701959.19,6853.530337245834,9272.74223879879
2026-08-25 08:01:52,7000.0,7014.25,Call VEX 1,VEX,6644732.674,6853.530337245834,9272.74223879879
2026-08-25 08:01:52,7160.0,7174.5,Put DEX 5,DEX,-23.516,6853.530337245834,9272.74223879879
2026-08-25 08:01:52,7300.0,7315.0,Call DEX 2,DEX,251.302,6853.530337245834,9272.74223879879
2026-08-25 08:01:52,7300.0,7315.0,Call VEX 5,VEX,1895948.913,6853.530337245834,9272.74223879879
2026-08-25 08:01:52,7400.0,7415.0,Call CEX 5,CEX,919826.444,6853.530337245834,9272.74223879879
2026-08-25 08:01:52,7400.0,7415.0,Call DEX 3,DEX,250.57,6853.530337245834,9272.74223879879
2026-08-25 08:01:52,7400.0,7415.0,Put GEX 3,GEX,-283138.28,6853.530337245834,9272.74223879879
2026-08-25 08:01:52,7400.0,7415.0,Call VEX 3,VEX,2403244.274,6853.530337245834,9272.74223879879
2026-08-25 08:01:52,7450.0,7465.25,Call DEX 4,DEX,247.192,6853.530337245834,9272.74223879879
2026-08-25 08:01:52,7450.0,7465.25,Call VEX 4,VEX,1961065.642,6853.530337245834,9272.74223879879
2026-08-25 08:01:52,7500.0,7515.25,Call CEX 4,CEX,1067103.072,6853.530337245834,9272.74223879879
2026-08-25 08:01:52,7500.0,7515.25,Call DEX 5,DEX,214.54,6853.530337245834,9272.74223879879
2026-08-25 08:01:52,7500.0,7515.25,Put GEX 2,GEX,-450590.822,6853.530337245834,9272.74223879879
2026-08-25 08:01:52,7500.0,7515.25,Call VEX 2,VEX,3052769.256,6853.530337245834,9272.74223879879
2026-08-25 08:01:52,7550.0,7565.5,Put GEX 4,GEX,-223235.742,6853.530337245834,9272.74223879879
2026-08-25 08:01:52,7600.0,7615.5,Call CEX 1,CEX,1463375.836,6853.530337245834,9272.74223879879
2026-08-25 08:01:52,7600.0,7615.5,Put GEX 5,GEX,-197947.142,6853.530337245834,9272.74223879879
2026-08-25 08:01:52,7650.0,7665.5,Call CEX 2,CEX,1358652.45,6853.530337245834,9272.74223879879
2026-08-25 08:01:52,7690.0,7705.75,Put CEX 3,CEX,-1897000.057,6853.530337245834,9272.74223879879
2026-08-25 08:01:52,7700.0,7715.75,Put CEX 2,CEX,-2045318.494,6853.530337245834,9272.74223879879
2026-08-25 08:01:52,7700.0,7715.75,Put DEX 2,DEX,-93.098,6853.530337245834,9272.74223879879
2026-08-25 08:01:52,7725.0,7740.75,Put CEX 5,CEX,-1097773.244,6853.530337245834,9272.74223879879
2026-08-25 08:01:52,7750.0,7765.75,Put CEX 4,CEX,-1123761.84,6853.530337245834,9272.74223879879
2026-08-25 08:01:52,7750.0,7765.75,Call GEX 3,GEX,374625.792,6853.530337245834,9272.74223879879
2026-08-25 08:01:52,7750.0,7765.75,Put VEX 4,VEX,-735522.838,6853.530337245834,9272.74223879879
2026-08-25 08:01:52,7780.0,7795.75,Put DEX 4,DEX,-26.659,6853.530337245834,9272.74223879879
2026-08-25 08:01:52,7800.0,7816.0,Call GEX 2,GEX,489816.956,6853.530337245834,9272.74223879879
2026-08-25 08:01:52,7800.0,7816.0,Put VEX 2,VEX,-1254887.113,6853.530337245834,9272.74223879879
2026-08-25 08:01:52,7850.0,7866.0,Call GEX 4,GEX,295791.15,6853.530337245834,9272.74223879879
2026-08-25 08:01:52,7900.0,7916.0,Call GEX 1,GEX,556258.495,6853.530337245834,9272.74223879879
2026-08-25 08:01:52,7900.0,7916.0,Put VEX 3,VEX,-1217476.464,6853.530337245834,9272.74223879879
2026-08-25 08:01:52,7950.0,7966.25,Call GEX 5,GEX,195541.712,6853.530337245834,9272.74223879879
2026-08-25 08:01:52,8000.0,8016.25,Put CEX 1,CEX,-3056329.974,6853.530337245834,9272.74223879879
2026-08-25 08:01:52,8000.0,8016.25,Put DEX 1,DEX,-2131.063,6853.530337245834,9272.74223879879
2026-08-25 08:01:52,8000.0,8016.25,Put VEX 1,VEX,-11525891.033,6853.530337245834,9272.74223879879
2026-08-25 08:01:52,8200.0,8216.75,Put VEX 5,VEX,-705104.056,6853.530337245834,9272.74223879879
2026-08-25 08:02:39,6800.0,6813.75,Put DEX 4,DEX,-25.763,7000.451616540885,9276.13135012926
2026-08-25 08:02:39,7000.0,7014.0,Call CEX 3,CEX,1140564.34,7000.451616540885,9276.13135012926
2026-08-25 08:02:39,7000.0,7014.0,Call DEX 1,DEX,798.239,7000.451616540885,9276.13135012926
2026-08-25 08:02:39,7000.0,7014.0,Put GEX 1,GEX,-699271.055,7000.451616540885,9276.13135012926
2026-08-25 08:02:39,7000.0,7014.0,Call VEX 1,VEX,6688847.69,7000.451616540885,9276.13135012926
2026-08-25 08:02:39,7160.0,7174.5,Put DEX 5,DEX,-23.538,7000.451616540885,9276.13135012926
2026-08-25 08:02:39,7300.0,7314.75,Call DEX 2,DEX,251.319,7000.451616540885,9276.13135012926
2026-08-25 08:02:39,7300.0,7314.75,Call VEX 5,VEX,1896752.723,7000.451616540885,9276.13135012926
2026-08-25 08:02:39,7400.0,7415.0,Call CEX 5,CEX,891553.836,7000.451616540885,9276.13135012926
2026-08-25 08:02:39,7400.0,7415.0,Call DEX 4,DEX,210.379,7000.451616540885,9276.13135012926
2026-08-25 08:02:39,7400.0,7415.0,Put GEX 3,GEX,-299710.55,7000.451616540885,9276.13135012926
2026-08-25 08:02:39,7400.0,7415.0,Call VEX 3,VEX,2369002.554,7000.451616540885,9276.13135012926
2026-08-25 08:02:39,7450.0,7465.0,Call DEX 3,DEX,240.319,7000.451616540885,9276.13135012926
2026-08-25 08:02:39,7450.0,7465.0,Call VEX 4,VEX,1941214.759,7000.451616540885,9276.13135012926
2026-08-25 08:02:39,7500.0,7515.0,Call CEX 4,CEX,1035403.176,7000.451616540885,9276.13135012926
2026-08-25 08:02:39,7500.0,7515.0,Call DEX 5,DEX,203.716,7000.451616540885,9276.13135012926
2026-08-25 08:02:39,7500.0,7515.0,Put GEX 2,GEX,-456872.319,7000.451616540885,9276.13135012926
2026-08-25 08:02:39,7500.0,7515.0,Call VEX 2,VEX,3033849.022,7000.451616540885,9276.13135012926
2026-08-25 08:02:39,7550.0,7565.25,Put GEX 4,GEX,-228203.875,7000.451616540885,9276.13135012926
2026-08-25 08:02:39,7600.0,7615.25,Call CEX 1,CEX,1395016.671,7000.451616540885,9276.13135012926
2026-08-25 08:02:39,7600.0,7615.25,Put GEX 5,GEX,-210793.639,7000.451616540885,9276.13135012926
2026-08-25 08:02:39,7650.0,7665.5,Call CEX 2,CEX,1232186.895,7000.451616540885,9276.13135012926
2026-08-25 08:02:39,7665.0,7680.5,Call GEX 5,GEX,214381.104,7000.451616540885,9276.13135012926
2026-08-25 08:02:39,7690.0,7705.5,Put CEX 3,CEX,-1855261.671,7000.451616540885,9276.13135012926
2026-08-25 08:02:39,7700.0,7715.5,Put CEX 2,CEX,-2106090.105,7000.451616540885,9276.13135012926
2026-08-25 08:02:39,7700.0,7715.5,Put DEX 2,DEX,-98.555,7000.451616540885,9276.13135012926
2026-08-25 08:02:39,7725.0,7740.5,Put CEX 5,CEX,-1197402.151,7000.451616540885,9276.13135012926
2026-08-25 08:02:39,7750.0,7765.5,Put CEX 4,CEX,-1226389.563,7000.451616540885,9276.13135012926
2026-08-25 08:02:39,7750.0,7765.5,Call GEX 3,GEX,363017.45,7000.451616540885,9276.13135012926
2026-08-25 08:02:39,7750.0,7765.5,Put VEX 4,VEX,-758770.894,7000.451616540885,9276.13135012926
2026-08-25 08:02:39,7780.0,7795.75,Put DEX 3,DEX,-27.947,7000.451616540885,9276.13135012926
2026-08-25 08:02:39,7800.0,7815.75,Call GEX 2,GEX,479746.559,7000.451616540885,9276.13135012926
2026-08-25 08:02:39,7800.0,7815.75,Put VEX 2,VEX,-1273429.183,7000.451616540885,9276.13135012926
2026-08-25 08:02:39,7850.0,7865.75,Call GEX 4,GEX,291566.394,7000.451616540885,9276.13135012926
2026-08-25 08:02:39,7900.0,7916.0,Call GEX 1,GEX,549774.802,7000.451616540885,9276.13135012926
2026-08-25 08:02:39,7900.0,7916.0,Put VEX 3,VEX,-1215732.27,7000.451616540885,9276.13135012926
2026-08-25 08:02:39,8000.0,8016.0,Put CEX 1,CEX,-3062711.764,7000.451616540885,9276.13135012926
2026-08-25 08:02:39,8000.0,8016.0,Put DEX 1,DEX,-2149.851,7000.451616540885,9276.13135012926
2026-08-25 08:02:39,8000.0,8016.0,Put VEX 1,VEX,-11503849.449,7000.451616540885,9276.13135012926
2026-08-25 08:02:39,8200.0,8216.5,Put VEX 5,VEX,-701789.235,7000.451616540885,9276.13135012926
2026-08-25 08:03:26,6800.0,6813.5,Put DEX 4,DEX,-27.211,6950.537629460222,9273.920604725045
2026-08-25 08:03:26,7000.0,7013.75,Call CEX 3,CEX,1116632.218,6950.537629460222,9273.920604725045
2026-08-25 08:03:26,7000.0,7013.75,Call DEX 1,DEX,782.539,6950.537629460222,9273.920604725045
2026-08-25 08:03:26,7000.0,7013.75,Put GEX 1,GEX,-715750.202,6950.537629460222,9273.920604725045
2026-08-25 08:03:26,7000.0,7013.75,Call VEX 1,VEX,6554094.18,6950.537629460222,9273.920604725045
2026-08-25 08:03:26,7160.0,7174.0,Put DEX 5,DEX,-23.569,6950.537629460222,9273.920604725045
2026-08-25 08:03:26,7300.0,7314.25,Call DEX 2,DEX,252.301,6950.537629460222,9273.920604725045
2026-08-25 08:03:26,7300.0,7314.25,Call VEX 5,VEX,1889233.152,6950.537629460222,9273.920604725045
2026-08-25 08:03:26,7400.0,7414.5,Call CEX 5,CEX,884555.341,6950.537629460222,9273.920604725045
2026-08-25 08:03:26,7400.0,7414.5,Call DEX 4,DEX,209.811,6950.537629460222,9273.920604725045
2026-08-25 08:03:26,7400.0,7414.5,Put GEX 3,GEX,-299865.807,6950.537629460222,9273.920604725045
2026-08-25 08:03:26,7400.0,7414.5,Call VEX 3,VEX,2364843.504,6950.537629460222,9273.920604725045
2026-08-25 08:03:26,7450.0,7464.75,Call DEX 3,DEX,242.277,6950.537629460222,9273.920604725045
2026-08-25 08:03:26,7450.0,7464.75,Call VEX 4,VEX,1937389.353,6950.537629460222,9273.920604725045
2026-08-25 08:03:26,7500.0,7514.75,Call CEX 4,CEX,1033041.483,6950.537629460222,9273.920604725045
2026-08-25 08:03:26,7500.0,7514.75,Call DEX 5,DEX,206.34,6950.537629460222,9273.920604725045
2026-08-25 08:03:26,7500.0,7514.75,Put GEX 2,GEX,-454763.38,6950.537629460222,9273.920604725045
2026-08-25 08:03:26,7500.0,7514.75,Call VEX 2,VEX,3040572.515,6950.537629460222,9273.920604725045
2026-08-25 08:03:26,7550.0,7564.75,Put GEX 4,GEX,-225480.656,6950.537629460222,9273.920604725045
2026-08-25 08:03:26,7600.0,7615.0,Call CEX 2,CEX,1281493.776,6950.537629460222,9273.920604725045
2026-08-25 08:03:26,7600.0,7615.0,Put GEX 5,GEX,-207876.762,6950.537629460222,9273.920604725045
2026-08-25 08:03:26,7650.0,7665.0,Call CEX 1,CEX,1335926.035,6950.537629460222,9273.920604725045
2026-08-25 08:03:26,7665.0,7680.0,Call GEX 5,GEX,237840.543,6950.537629460222,9273.920604725045
2026-08-25 08:03:26,7690.0,7705.25,Put CEX 3,CEX,-1886888.64,6950.537629460222,9273.920604725045
2026-08-25 08:03:26,7700.0,7715.25,Put CEX 2,CEX,-2140714.025,6950.537629460222,9273.920604725045
2026-08-25 08:03:26,7700.0,7715.25,Put DEX 2,DEX,-95.372,6950.537629460222,9273.920604725045
2026-08-25 08:03:26,7725.0,7740.25,Put CEX 5,CEX,-1245638.959,6950.537629460222,9273.920604725045
2026-08-25 08:03:26,7750.0,7765.25,Put CEX 4,CEX,-1288086.458,6950.537629460222,9273.920604725045
2026-08-25 08:03:26,7750.0,7765.25,Call GEX 3,GEX,362666.253,6950.537629460222,9273.920604725045
2026-08-25 08:03:26,7750.0,7765.25,Put VEX 4,VEX,-753178.685,6950.537629460222,9273.920604725045
2026-08-25 08:03:26,7780.0,7795.25,Put DEX 3,DEX,-27.454,6950.537629460222,9273.920604725045
2026-08-25 08:03:26,7800.0,7815.25,Call GEX 2,GEX,482251.92,6950.537629460222,9273.920604725045
2026-08-25 08:03:26,7800.0,7815.25,Put VEX 2,VEX,-1268687.727,6950.537629460222,9273.920604725045
2026-08-25 08:03:26,7850.0,7865.5,Call GEX 4,GEX,292447.784,6950.537629460222,9273.920604725045
2026-08-25 08:03:26,7900.0,7915.5,Call GEX 1,GEX,553122.784,6950.537629460222,9273.920604725045
2026-08-25 08:03:26,7900.0,7915.5,Put VEX 3,VEX,-1216298.271,6950.537629460222,9273.920604725045
2026-08-25 08:03:26,8000.0,8015.75,Put CEX 1,CEX,-3080612.239,6950.537629460222,9273.920604725045
2026-08-25 08:03:26,8000.0,8015.75,Put DEX 1,DEX,-2142.4,6950.537629460222,9273.920604725045
2026-08-25 08:03:26,8000.0,8015.75,Put VEX 1,VEX,-11521744.981,6950.537629460222,9273.920604725045
2026-08-25 08:03:26,8200.0,8216.25,Put VEX 5,VEX,-702819.674,6950.537629460222,9273.920604725045
2026-08-25 08:04:13,6800.0,6813.5,Put DEX 4,DEX,-25.875,7001.531934096346,9276.595359164628
2026-08-25 08:04:13,7000.0,7013.75,Call CEX 3,CEX,1128017.647,7001.531934096346,9276.595359164628
2026-08-25 08:04:13,7000.0,7013.75,Call DEX 1,DEX,777.883,7001.531934096346,9276.595359164628
2026-08-25 08:04:13,7000.0,7013.75,Put GEX 1,GEX,-711809.276,7001.531934096346,9276.595359164628
2026-08-25 08:04:13,7000.0,7013.75,Call VEX 1,VEX,6637912.851,7001.531934096346,9276.595359164628
2026-08-25 08:04:13,7160.0,7174.25,Put DEX 5,DEX,-23.613,7001.531934096346,9276.595359164628
2026-08-25 08:04:13,7300.0,7314.5,Call DEX 2,DEX,251.415,7001.531934096346,9276.595359164628
2026-08-25 08:04:13,7300.0,7314.5,Call VEX 5,VEX,1899803.61,7001.531934096346,9276.595359164628
2026-08-25 08:04:13,7400.0,7414.75,Call CEX 5,CEX,899039.347,7001.531934096346,9276.595359164628
2026-08-25 08:04:13,7400.0,7414.75,Call DEX 4,DEX,209.793,7001.531934096346,9276.595359164628
2026-08-25 08:04:13,7400.0,7414.75,Put GEX 3,GEX,-301475.765,7001.531934096346,9276.595359164628
2026-08-25 08:04:13,7400.0,7414.75,Call VEX 3,VEX,2370540.427,7001.531934096346,9276.595359164628
2026-08-25 08:04:13,7450.0,7464.75,Call DEX 3,DEX,245.045,7001.531934096346,9276.595359164628
2026-08-25 08:04:13,7450.0,7464.75,Call VEX 4,VEX,1945553.806,7001.531934096346,9276.595359164628
2026-08-25 08:04:13,7500.0,7514.75,Call CEX 4,CEX,1058077.721,7001.531934096346,9276.595359164628
2026-08-25 08:04:13,7500.0,7514.75,Call DEX 5,DEX,208.118,7001.531934096346,9276.595359164628
2026-08-25 08:04:13,7500.0,7514.75,Put GEX 2,GEX,-455918.216,7001.531934096346,9276.595359164628
2026-08-25 08:04:13,7500.0,7514.75,Call VEX 2,VEX,3027846.902,7001.531934096346,9276.595359164628
2026-08-25 08:04:13,7550.0,7565.0,Put GEX 4,GEX,-226451.563,7001.531934096346,9276.595359164628
2026-08-25 08:04:13,7600.0,7615.0,Call CEX 1,CEX,1469407.519,7001.531934096346,9276.595359164628
2026-08-25 08:04:13,7600.0,7615.0,Put GEX 5,GEX,-211046.906,7001.531934096346,9276.595359164628
2026-08-25 08:04:13,7650.0,7665.25,Call CEX 2,CEX,1143668.998,7001.531934096346,9276.595359164628
2026-08-25 08:04:13,7665.0,7680.25,Call GEX 5,GEX,204568.522,7001.531934096346,9276.595359164628
2026-08-25 08:04:13,7690.0,7705.25,Put CEX 3,CEX,-1807028.576,7001.531934096346,9276.595359164628
2026-08-25 08:04:13,7700.0,7715.25,Put CEX 2,CEX,-2023496.29,7001.531934096346,9276.595359164628
2026-08-25 08:04:13,7700.0,7715.25,Put DEX 2,DEX,-102.181,7001.531934096346,9276.595359164628
2026-08-25 08:04:13,7725.0,7740.25,Put CEX 4,CEX,-1177497.136,7001.531934096346,9276.595359164628
2026-08-25 08:04:13,7750.0,7765.25,Put CEX 5,CEX,-1128166.286,7001.531934096346,9276.595359164628
2026-08-25 08:04:13,7750.0,7765.25,Call GEX 3,GEX,364611.015,7001.531934096346,9276.595359164628
2026-08-25 08:04:13,7750.0,7765.25,Put VEX 4,VEX,-762475.468,7001.531934096346,9276.595359164628
2026-08-25 08:04:13,7780.0,7795.5,Put DEX 3,DEX,-28.463,7001.531934096346,9276.595359164628
2026-08-25 08:04:13,7800.0,7815.5,Call GEX 2,GEX,478679.168,7001.531934096346,9276.595359164628
2026-08-25 08:04:13,7800.0,7815.5,Put VEX 2,VEX,-1280617.718,7001.531934096346,9276.595359164628
2026-08-25 08:04:13,7850.0,7865.5,Call GEX 4,GEX,290479.571,7001.531934096346,9276.595359164628
2026-08-25 08:04:13,7900.0,7915.75,Call GEX 1,GEX,546235.914,7001.531934096346,9276.595359164628
2026-08-25 08:04:13,7900.0,7915.75,Put VEX 3,VEX,-1214483.298,7001.531934096346,9276.595359164628
2026-08-25 08:04:13,8000.0,8015.75,Put CEX 1,CEX,-3057511.047,7001.531934096346,9276.595359164628
2026-08-25 08:04:13,8000.0,8015.75,Put DEX 1,DEX,-2150.682,7001.531934096346,9276.595359164628
2026-08-25 08:04:13,8000.0,8015.75,Put VEX 1,VEX,-11498033.041,7001.531934096346,9276.595359164628
2026-08-25 08:04:13,8200.0,8216.25,Put VEX 5,VEX,-699743.062,7001.531934096346,9276.595359164628
2026-08-25 08:05:01,6800.0,6813.0,Put DEX 4,DEX,-27.273,7000.459661330433,9274.850395050158
2026-08-25 08:05:01,7000.0,7013.5,Call CEX 3,CEX,1109350.963,7000.459661330433,9274.850395050158
2026-08-25 08:05:01,7000.0,7013.5,Call DEX 1,DEX,784.842,7000.459661330433,9274.850395050158
2026-08-25 08:05:01,7000.0,7013.5,Put GEX 1,GEX,-736171.726,7000.459661330433,9274.850395050158
2026-08-25 08:05:01,7000.0,7013.5,Call VEX 1,VEX,6440519.902,7000.459661330433,9274.850395050158
2026-08-25 08:05:01,7160.0,7173.75,Put DEX 5,DEX,-23.638,7000.459661330433,9274.850395050158
2026-08-25 08:05:01,7200.0,7213.75,Put GEX 5,GEX,-211053.751,7000.459661330433,9274.850395050158
2026-08-25 08:05:01,7300.0,7314.0,Call DEX 2,DEX,251.468,7000.459661330433,9274.850395050158
2026-08-25 08:05:01,7300.0,7314.0,Call VEX 5,VEX,1890795.21,7000.459661330433,9274.850395050158
2026-08-25 08:05:01,7400.0,7414.25,Call CEX 5,CEX,890289.788,7000.459661330433,9274.850395050158
2026-08-25 08:05:01,7400.0,7414.25,Call DEX 4,DEX,210.403,7000.459661330433,9274.850395050158
2026-08-25 08:05:01,7400.0,7414.25,Put GEX 3,GEX,-302712.893,7000.459661330433,9274.850395050158
2026-08-25 08:05:01,7400.0,7414.25,Call VEX 3,VEX,2364822.964,7000.459661330433,9274.850395050158
2026-08-25 08:05:01,7450.0,7464.25,Call DEX 3,DEX,241.885,7000.459661330433,9274.850395050158
2026-08-25 08:05:01,7450.0,7464.25,Call VEX 4,VEX,1936088.452,7000.459661330433,9274.850395050158
2026-08-25 08:05:01,7500.0,7514.5,Call CEX 4,CEX,1033175.313,7000.459661330433,9274.850395050158
2026-08-25 08:05:01,7500.0,7514.5,Call DEX 5,DEX,205.264,7000.459661330433,9274.850395050158
2026-08-25 08:05:01,7500.0,7514.5,Put GEX 2,GEX,-453701.985,7000.459661330433,9274.850395050158
2026-08-25 08:05:01,7500.0,7514.5,Call VEX 2,VEX,3034891.558,7000.459661330433,9274.850395050158
2026-08-25 08:05:01,7550.0,7564.5,Put GEX 4,GEX,-224284.502,7000.459661330433,9274.850395050158
2026-08-25 08:05:01,7600.0,7614.5,Call CEX 1,CEX,1283742.46,7000.459661330433,9274.850395050158
2026-08-25 08:05:01,7650.0,7664.75,Call CEX 2,CEX,1261771.455,7000.459661330433,9274.850395050158
2026-08-25 08:05:01,7665.0,7679.75,Call GEX 5,GEX,237834.268,7000.459661330433,9274.850395050158
2026-08-25 08:05:01,7690.0,7704.75,Put CEX 3,CEX,-1853424.222,7000.459661330433,9274.850395050158
2026-08-25 08:05:01,7700.0,7714.75,Put CEX 2,CEX,-2122988.704,7000.459661330433,9274.850395050158
2026-08-25 08:05:01,7700.0,7714.75,Put DEX 2,DEX,-98.427,7000.459661330433,9274.850395050158
2026-08-25 08:05:01,7725.0,7739.75,Put CEX 5,CEX,-1256325.313,7000.459661330433,9274.850395050158
2026-08-25 08:05:01,7750.0,7765.0,Put CEX 4,CEX,-1258738.499,7000.459661330433,9274.850395050158
2026-08-25 08:05:01,7750.0,7765.0,Call GEX 3,GEX,358717.591,7000.459661330433,9274.850395050158
2026-08-25 08:05:01,7750.0,7765.0,Put VEX 4,VEX,-762134.786,7000.459661330433,9274.850395050158
2026-08-25 08:05:01,7780.0,7795.0,Put DEX 3,DEX,-27.895,7000.459661330433,9274.850395050158
2026-08-25 08:05:01,7800.0,7815.0,Call GEX 2,GEX,480813.774,7000.459661330433,9274.850395050158
2026-08-25 08:05:01,7800.0,7815.0,Put VEX 2,VEX,-1275748.583,7000.459661330433,9274.850395050158
2026-08-25 08:05:01,7850.0,7865.0,Call GEX 4,GEX,290813.704,7000.459661330433,9274.850395050158
2026-08-25 08:05:01,7900.0,7915.25,Call GEX 1,GEX,549424.638,7000.459661330433,9274.850395050158
2026-08-25 08:05:01,7900.0,7915.25,Put VEX 3,VEX,-1214092.383,7000.459661330433,9274.850395050158
2026-08-25 08:05:01,8000.0,8015.25,Put CEX 1,CEX,-3078372.687,7000.459661330433,9274.850395050158
2026-08-25 08:05:01,8000.0,8015.25,Put DEX 1,DEX,-2144.369,7000.459661330433,9274.850395050158
2026-08-25 08:05:01,8000.0,8015.25,Put VEX 1,VEX,-11512593.244,7000.459661330433,9274.850395050158
2026-08-25 08:05:01,8200.0,8215.75,Put VEX 5,VEX,-700089.099,7000.459661330433,9274.850395050158
2026-08-25 08:05:48,6800.0,6813.75,Put DEX 4,DEX,-27.246,7000.264757232265,9274.11525372089
2026-08-25 08:05:48,7000.0,7014.25,Call CEX 3,CEX,1116861.247,7000.264757232265,9274.11525372089
2026-08-25 08:05:48,7000.0,7014.25,Call DEX 1,DEX,782.689,7000.264757232265,9274.11525372089
2026-08-25 08:05:48,7000.0,7014.25,Put GEX 1,GEX,-724509.519,7000.264757232265,9274.11525372089
2026-08-25 08:05:48,7000.0,7014.25,Call VEX 1,VEX,6522658.486,7000.264757232265,9274.11525372089
2026-08-25 08:05:48,7160.0,7174.5,Put DEX 5,DEX,-23.544,7000.264757232265,9274.11525372089
2026-08-25 08:05:48,7300.0,7315.0,Call DEX 2,DEX,250.859,7000.264757232265,9274.11525372089
2026-08-25 08:05:48,7300.0,7315.0,Call VEX 5,VEX,1895646.499,7000.264757232265,9274.11525372089
2026-08-25 08:05:48,7400.0,7415.0,Call CEX 5,CEX,890251.252,7000.264757232265,9274.11525372089
2026-08-25 08:05:48,7400.0,7415.0,Call DEX 4,DEX,209.172,7000.264757232265,9274.11525372089
2026-08-25 08:05:48,7400.0,7415.0,Put GEX 3,GEX,-300053.674,7000.264757232265,9274.11525372089
2026-08-25 08:05:48,7400.0,7415.0,Call VEX 3,VEX,2367387.225,7000.264757232265,9274.11525372089
2026-08-25 08:05:48,7450.0,7465.25,Call DEX 3,DEX,246.537,7000.264757232265,9274.11525372089
2026-08-25 08:05:48,7450.0,7465.25,Call VEX 4,VEX,1942508.233,7000.264757232265,9274.11525372089
2026-08-25 08:05:48,7500.0,7515.25,Call CEX 4,CEX,1045372.23,7000.264757232265,9274.11525372089
2026-08-25 08:05:48,7500.0,7515.25,Call DEX 5,DEX,207.026,7000.264757232265,9274.11525372089
2026-08-25 08:05:48,7500.0,7515.25,Put GEX 2,GEX,-454227.873,7000.264757232265,9274.11525372089
2026-08-25 08:05:48,7500.0,7515.25,Call VEX 2,VEX,3039423.958,7000.264757232265,9274.11525372089
2026-08-25 08:05:48,7550.0,7565.5,Put GEX 4,GEX,-224457.784,7000.264757232265,9274.11525372089
2026-08-25 08:05:48,7600.0,7615.5,Call CEX 1,CEX,1389570.69,7000.264757232265,9274.11525372089
2026-08-25 08:05:48,7600.0,7615.5,Put GEX 5,GEX,-206434.955,7000.264757232265,9274.11525372089
2026-08-25 08:05:48,7650.0,7665.5,Call CEX 2,CEX,1277391.017,7000.264757232265,9274.11525372089
2026-08-25 08:05:48,7665.0,7680.5,Call GEX 5,GEX,214347.195,7000.264757232265,9274.11525372089
2026-08-25 08:05:48,7690.0,7705.75,Put CEX 3,CEX,-1870375.441,7000.264757232265,9274.11525372089
2026-08-25 08:05:48,7700.0,7715.75,Put CEX 2,CEX,-2113895.626,7000.264757232265,9274.11525372089
2026-08-25 08:05:48,7700.0,7715.75,Put DEX 2,DEX,-97.794,7000.264757232265,9274.11525372089
2026-08-25 08:05:48,7725.0,7740.75,Put CEX 4,CEX,-1199851.109,7000.264757232265,9274.11525372089
2026-08-25 08:05:48,7750.0,7765.75,Put CEX 5,CEX,-1143356.662,7000.264757232265,9274.11525372089
2026-08-25 08:05:48,7750.0,7765.75,Call GEX 3,GEX,364716.722,7000.264757232265,9274.11525372089
2026-08-25 08:05:48,7750.0,7765.75,Put VEX 4,VEX,-752546.783,7000.264757232265,9274.11525372089
2026-08-25 08:05:48,7780.0,7795.75,Put DEX 3,DEX,-27.865,7000.264757232265,9274.11525372089
2026-08-25 08:05:48,7800.0,7816.0,Call GEX 2,GEX,480459.796,7000.264757232265,9274.11525372089
2026-08-25 08:05:48,7800.0,7816.0,Put VEX 2,VEX,-1272191.319,7000.264757232265,9274.11525372089
2026-08-25 08:05:48,7850.0,7866.0,Call GEX 4,GEX,292108.835,7000.264757232265,9274.11525372089
2026-08-25 08:05:48,7900.0,7916.0,Call GEX 1,GEX,551067.18,7000.264757232265,9274.11525372089
2026-08-25 08:05:48,7900.0,7916.0,Put VEX 3,VEX,-1216575.512,7000.264757232265,9274.11525372089
2026-08-25 08:05:48,8000.0,8016.25,Put CEX 1,CEX,-3070880.203,7000.264757232265,9274.11525372089
2026-08-25 08:05:48,8000.0,8016.25,Put DEX 1,DEX,-2146.847,7000.264757232265,9274.11525372089
2026-08-25 08:05:48,8000.0,8016.25,Put VEX 1,VEX,-11507509.646,7000.264757232265,9274.11525372089
2026-08-25 08:05:48,8200.0,8216.75,Put VEX 5,VEX,-700076.092,7000.264757232265,9274.11525372089
2026-08-25 08:06:36,6800.0,6813.0,Put DEX 4,DEX,-27.263,7000.388002208424,9275.42038067189
2026-08-25 08:06:36,7000.0,7013.5,Call CEX 3,CEX,1126636.177,7000.388002208424,9275.42038067189
2026-08-25 08:06:36,7000.0,7013.5,Call DEX 1,DEX,778.543,7000.388002208424,9275.42038067189
2026-08-25 08:06:36,7000.0,7013.5,Put GEX 1,GEX,-706358.995,7000.388002208424,9275.42038067189
2026-08-25 08:06:36,7000.0,7013.5,Call VEX 1,VEX,6647445.808,7000.388002208424,9275.42038067189
2026-08-25 08:06:36,7160.0,7173.75,Put DEX 5,DEX,-23.586,7000.388002208424,9275.42038067189
2026-08-25 08:06:36,7300.0,7314.0,Call DEX 2,DEX,251.651,7000.388002208424,9275.42038067189
2026-08-25 08:06:36,7300.0,7314.0,Call VEX 5,VEX,1892497.264,7000.388002208424,9275.42038067189
2026-08-25 08:06:36,7400.0,7414.25,Call CEX 5,CEX,892863.976,7000.388002208424,9275.42038067189
2026-08-25 08:06:36,7400.0,7414.25,Call DEX 4,DEX,209.533,7000.388002208424,9275.42038067189
2026-08-25 08:06:36,7400.0,7414.25,Put GEX 3,GEX,-301554.378,7000.388002208424,9275.42038067189
2026-08-25 08:06:36,7400.0,7414.25,Call VEX 3,VEX,2368368.507,7000.388002208424,9275.42038067189
2026-08-25 08:06:36,7450.0,7464.25,Call DEX 3,DEX,241.163,7000.388002208424,9275.42038067189
2026-08-25 08:06:36,7450.0,7464.25,Call VEX 4,VEX,1937506.557,7000.388002208424,9275.42038067189
2026-08-25 08:06:36,7500.0,7514.5,Call CEX 4,CEX,1036454.712,7000.388002208424,9275.42038067189
2026-08-25 08:06:36,7500.0,7514.5,Call DEX 5,DEX,205.023,7000.388002208424,9275.42038067189
2026-08-25 08:06:36,7500.0,7514.5,Put GEX 2,GEX,-456196.595,7000.388002208424,9275.42038067189
2026-08-25 08:06:36,7500.0,7514.5,Call VEX 2,VEX,3035545.824,7000.388002208424,9275.42038067189
2026-08-25 08:06:36,7550.0,7564.5,Put GEX 4,GEX,-226508.5,7000.388002208424,9275.42038067189
2026-08-25 08:06:36,7600.0,7614.75,Call CEX 1,CEX,1287465.856,7000.388002208424,9275.42038067189
2026-08-25 08:06:36,7600.0,7614.75,Put GEX 5,GEX,-213495.63,7000.388002208424,9275.42038067189
2026-08-25 08:06:36,7650.0,7664.75,Call CEX 2,CEX,1275904.752,7000.388002208424,9275.42038067189
2026-08-25 08:06:36,7665.0,7679.75,Call GEX 5,GEX,236979.009,7000.388002208424,9275.42038067189
2026-08-25 08:06:36,7690.0,7704.75,Put CEX 3,CEX,-1869634.932,7000.388002208424,9275.42038067189
2026-08-25 08:06:36,7700.0,7714.75,Put CEX 2,CEX,-2124711.271,7000.388002208424,9275.42038067189
2026-08-25 08:06:36,7700.0,7714.75,Put DEX 2,DEX,-97.934,7000.388002208424,9275.42038067189
2026-08-25 08:06:36,7725.0,7740.0,Put CEX 5,CEX,-1257336.83,7000.388002208424,9275.42038067189
2026-08-25 08:06:36,7750.0,7765.0,Put CEX 4,CEX,-1259292.847,7000.388002208424,9275.42038067189
2026-08-25 08:06:36,7750.0,7765.0,Call GEX 3,GEX,355595.503,7000.388002208424,9275.42038067189
2026-08-25 08:06:36,7750.0,7765.0,Put VEX 4,VEX,-760325.667,7000.388002208424,9275.42038067189
2026-08-25 08:06:36,7780.0,7795.0,Put DEX 3,DEX,-27.868,7000.388002208424,9275.42038067189
2026-08-25 08:06:36,7800.0,7815.0,Call GEX 2,GEX,478835.904,7000.388002208424,9275.42038067189
2026-08-25 08:06:36,7800.0,7815.0,Put VEX 2,VEX,-1273285.769,7000.388002208424,9275.42038067189
2026-08-25 08:06:36,7850.0,7865.25,Call GEX 4,GEX,290489.565,7000.388002208424,9275.42038067189
2026-08-25 08:06:36,7900.0,7915.25,Call GEX 1,GEX,549618.791,7000.388002208424,9275.42038067189
2026-08-25 08:06:36,7900.0,7915.25,Put VEX 3,VEX,-1214239.537,7000.388002208424,9275.42038067189
2026-08-25 08:06:36,8000.0,8015.5,Put CEX 1,CEX,-3078447.252,7000.388002208424,9275.42038067189
2026-08-25 08:06:36,8000.0,8015.5,Put DEX 1,DEX,-2144.824,7000.388002208424,9275.42038067189
2026-08-25 08:06:36,8000.0,8015.5,Put VEX 1,VEX,-11517524.027,7000.388002208424,9275.42038067189
2026-08-25 08:06:36,8200.0,8215.75,Put VEX 5,VEX,-699323.916,7000.388002208424,9275.42038067189
2026-08-25 08:07:23,6800.0,6813.0,Put DEX 4,DEX,-27.145,6975.528636639215,9272.527827017697
2026-08-25 08:07:23,7000.0,7013.25,Call CEX 3,CEX,1124573.659,6975.528636639215,9272.527827017697
2026-08-25 08:07:23,7000.0,7013.25,Call DEX 1,DEX,779.794,6975.528636639215,9272.527827017697
2026-08-25 08:07:23,7000.0,7013.25,Put GEX 1,GEX,-705041.282,6975.528636639215,9272.527827017697
2026-08-25 08:07:23,7000.0,7013.25,Call VEX 1,VEX,6634877.952,6975.528636639215,9272.527827017697
2026-08-25 08:07:23,7160.0,7173.75,Put DEX 5,DEX,-23.529,6975.528636639215,9272.527827017697
2026-08-25 08:07:23,7300.0,7314.0,Call DEX 2,DEX,250.935,6975.528636639215,9272.527827017697
2026-08-25 08:07:23,7300.0,7314.0,Call VEX 5,VEX,1894309.626,6975.528636639215,9272.527827017697
2026-08-25 08:07:23,7400.0,7414.25,Call CEX 5,CEX,886969.87,6975.528636639215,9272.527827017697
2026-08-25 08:07:23,7400.0,7414.25,Call DEX 4,DEX,209.361,6975.528636639215,9272.527827017697
2026-08-25 08:07:23,7400.0,7414.25,Put GEX 3,GEX,-299704.154,6975.528636639215,9272.527827017697
2026-08-25 08:07:23,7400.0,7414.25,Call VEX 3,VEX,2365989.024,6975.528636639215,9272.527827017697
2026-08-25 08:07:23,7450.0,7464.25,Call DEX 3,DEX,241.791,6975.528636639215,9272.527827017697
2026-08-25 08:07:23,7450.0,7464.25,Call VEX 4,VEX,1938810.289,6975.528636639215,9272.527827017697
2026-08-25 08:07:23,7500.0,7514.25,Call CEX 4,CEX,1036054.69,6975.528636639215,9272.527827017697
2026-08-25 08:07:23,7500.0,7514.25,Call DEX 5,DEX,206.124,6975.528636639215,9272.527827017697
2026-08-25 08:07:23,7500.0,7514.25,Put GEX 2,GEX,-456519.266,6975.528636639215,9272.527827017697
2026-08-25 08:07:23,7500.0,7514.25,Call VEX 2,VEX,3039159.03,6975.528636639215,9272.527827017697
2026-08-25 08:07:23,7550.0,7564.5,Put GEX 4,GEX,-226941.537,6975.528636639215,9272.527827017697
2026-08-25 08:07:23,7600.0,7614.5,Call CEX 2,CEX,1289765.261,6975.528636639215,9272.527827017697
2026-08-25 08:07:23,7600.0,7614.5,Put GEX 5,GEX,-211992.385,6975.528636639215,9272.527827017697
2026-08-25 08:07:23,7650.0,7664.5,Call CEX 1,CEX,1347041.03,6975.528636639215,9272.527827017697
2026-08-25 08:07:23,7665.0,7679.75,Call GEX 5,GEX,236581.298,6975.528636639215,9272.527827017697
2026-08-25 08:07:23,7690.0,7704.75,Put CEX 3,CEX,-1892480.609,6975.528636639215,9272.527827017697
2026-08-25 08:07:23,7700.0,7714.75,Put CEX 2,CEX,-2136393.927,6975.528636639215,9272.527827017697
2026-08-25 08:07:23,7700.0,7714.75,Put DEX 2,DEX,-95.597,6975.528636639215,9272.527827017697
2026-08-25 08:07:23,7725.0,7739.75,Put CEX 4,CEX,-1253473.881,6975.528636639215,9272.527827017697
2026-08-25 08:07:23,7750.0,7764.75,Put CEX 5,CEX,-1248041.889,6975.528636639215,9272.527827017697
2026-08-25 08:07:23,7750.0,7764.75,Call GEX 3,GEX,358329.729,6975.528636639215,9272.527827017697
2026-08-25 08:07:23,7750.0,7764.75,Put VEX 4,VEX,-752321.918,6975.528636639215,9272.527827017697
2026-08-25 08:07:23,7780.0,7794.75,Put DEX 3,DEX,-27.454,6975.528636639215,9272.527827017697
2026-08-25 08:07:23,7800.0,7815.0,Call GEX 2,GEX,480244.966,6975.528636639215,9272.527827017697
2026-08-25 08:07:23,7800.0,7815.0,Put VEX 2,VEX,-1269223.022,6975.528636639215,9272.527827017697
2026-08-25 08:07:23,7850.0,7865.0,Call GEX 4,GEX,291802.262,6975.528636639215,9272.527827017697
2026-08-25 08:07:23,7900.0,7915.0,Call GEX 1,GEX,552267.964,6975.528636639215,9272.527827017697
2026-08-25 08:07:23,7900.0,7915.0,Put VEX 3,VEX,-1215278.653,6975.528636639215,9272.527827017697
2026-08-25 08:07:23,8000.0,8015.25,Put CEX 1,CEX,-3082970.795,6975.528636639215,9272.527827017697
2026-08-25 08:07:23,8000.0,8015.25,Put DEX 1,DEX,-2143.316,6975.528636639215,9272.527827017697
2026-08-25 08:07:23,8000.0,8015.25,Put VEX 1,VEX,-11518897.596,6975.528636639215,9272.527827017697
2026-08-25 08:07:23,8200.0,8215.75,Put VEX 5,VEX,-702397.319,6975.528636639215,9272.527827017697
2026-08-25 08:08:11,6800.0,6813.25,Put DEX 4,DEX,-27.156,6853.273309619313,9271.954418722542
2026-08-25 08:08:11,7000.0,7013.75,Call CEX 3,CEX,1113107.991,6853.273309619313,9271.954418722542
2026-08-25 08:08:11,7000.0,7013.75,Call DEX 1,DEX,784.283,6853.273309619313,9271.954418722542
2026-08-25 08:08:11,7000.0,7013.75,Put GEX 1,GEX,-719608.995,6853.273309619313,9271.954418722542
2026-08-25 08:08:11,7000.0,7013.75,Call VEX 1,VEX,6516040.053,6853.273309619313,9271.954418722542
2026-08-25 08:08:11,7160.0,7174.0,Put DEX 5,DEX,-23.508,6853.273309619313,9271.954418722542
2026-08-25 08:08:11,7300.0,7314.25,Call DEX 2,DEX,251.977,6853.273309619313,9271.954418722542
2026-08-25 08:08:11,7300.0,7314.25,Call VEX 5,VEX,1887031.734,6853.273309619313,9271.954418722542
2026-08-25 08:08:11,7400.0,7414.5,Call CEX 5,CEX,886180.06,6853.273309619313,9271.954418722542
2026-08-25 08:08:11,7400.0,7414.5,Call DEX 4,DEX,210.788,6853.273309619313,9271.954418722542
2026-08-25 08:08:11,7400.0,7414.5,Put GEX 3,GEX,-299530.756,6853.273309619313,9271.954418722542
2026-08-25 08:08:11,7400.0,7414.5,Call VEX 3,VEX,2364765.307,6853.273309619313,9271.954418722542
2026-08-25 08:08:11,7450.0,7464.5,Call DEX 3,DEX,230.12,6853.273309619313,9271.954418722542
2026-08-25 08:08:11,7450.0,7464.5,Call VEX 4,VEX,1930192.715,6853.273309619313,9271.954418722542
2026-08-25 08:08:11,7500.0,7514.5,Call CEX 4,CEX,1027400.661,6853.273309619313,9271.954418722542
2026-08-25 08:08:11,7500.0,7514.5,Call DEX 5,DEX,204.483,6853.273309619313,9271.954418722542
2026-08-25 08:08:11,7500.0,7514.5,Put GEX 2,GEX,-455205.021,6853.273309619313,9271.954418722542
2026-08-25 08:08:11,7500.0,7514.5,Call VEX 2,VEX,3041718.982,6853.273309619313,9271.954418722542
2026-08-25 08:08:11,7550.0,7564.75,Put GEX 4,GEX,-224008.133,6853.273309619313,9271.954418722542
2026-08-25 08:08:11,7600.0,7614.75,Call CEX 2,CEX,1291769.723,6853.273309619313,9271.954418722542
2026-08-25 08:08:11,7600.0,7614.75,Put GEX 5,GEX,-202201.517,6853.273309619313,9271.954418722542
2026-08-25 08:08:11,7650.0,7665.0,Call CEX 1,CEX,1405007.983,6853.273309619313,9271.954418722542
2026-08-25 08:08:11,7665.0,7680.0,Call GEX 5,GEX,261127.038,6853.273309619313,9271.954418722542
2026-08-25 08:08:11,7690.0,7705.0,Put CEX 3,CEX,-1908919.534,6853.273309619313,9271.954418722542
2026-08-25 08:08:11,7700.0,7715.0,Put CEX 2,CEX,-2171351.814,6853.273309619313,9271.954418722542
2026-08-25 08:08:11,7700.0,7715.0,Put DEX 2,DEX,-93.264,6853.273309619313,9271.954418722542
2026-08-25 08:08:11,7725.0,7740.0,Put CEX 5,CEX,-1285469.842,6853.273309619313,9271.954418722542
2026-08-25 08:08:11,7750.0,7765.0,Put CEX 4,CEX,-1352681.915,6853.273309619313,9271.954418722542
2026-08-25 08:08:11,7750.0,7765.0,Call GEX 3,GEX,361813.3,6853.273309619313,9271.954418722542
2026-08-25 08:08:11,7750.0,7765.0,Put VEX 4,VEX,-752676.851,6853.273309619313,9271.954418722542
2026-08-25 08:08:11,7780.0,7795.25,Put DEX 3,DEX,-27.228,6853.273309619313,9271.954418722542
2026-08-25 08:08:11,7800.0,7815.25,Call GEX 2,GEX,484923.694,6853.273309619313,9271.954418722542
2026-08-25 08:08:11,7800.0,7815.25,Put VEX 2,VEX,-1265209.517,6853.273309619313,9271.954418722542
2026-08-25 08:08:11,7850.0,7865.25,Call GEX 4,GEX,293272.699,6853.273309619313,9271.954418722542
2026-08-25 08:08:11,7900.0,7915.5,Call GEX 1,GEX,555186.317,6853.273309619313,9271.954418722542
2026-08-25 08:08:11,7900.0,7915.5,Put VEX 3,VEX,-1215874.356,6853.273309619313,9271.954418722542
2026-08-25 08:08:11,8000.0,8015.5,Put CEX 1,CEX,-3089250.64,6853.273309619313,9271.954418722542
2026-08-25 08:08:11,8000.0,8015.5,Put DEX 1,DEX,-2140.317,6853.273309619313,9271.954418722542
2026-08-25 08:08:11,8000.0,8015.5,Put VEX 1,VEX,-11530011.889,6853.273309619313,9271.954418722542
2026-08-25 08:08:11,8200.0,8216.0,Put VEX 5,VEX,-703559.261,6853.273309619313,9271.954418722542
2026-08-25 08:08:58,6800.0,6813.25,Put DEX 4,DEX,-27.183,6950.398852084735,9273.336423807492
2026-08-25 08:08:58,7000.0,7013.5,Call CEX 3,CEX,1127167.15,6950.398852084735,9273.336423807492
2026-08-25 08:08:58,7000.0,7013.5,Call DEX 1,DEX,779.314,6950.398852084735,9273.336423807492
2026-08-25 08:08:58,7000.0,7013.5,Put GEX 1,GEX,-703217.98,6950.398852084735,9273.336423807492
2026-08-25 08:08:58,7000.0,7013.5,Call VEX 1,VEX,6649574.548,6950.398852084735,9273.336423807492
2026-08-25 08:08:58,7160.0,7174.0,Put DEX 5,DEX,-23.554,6950.398852084735,9273.336423807492
2026-08-25 08:08:58,7300.0,7314.25,Call DEX 2,DEX,250.755,6950.398852084735,9273.336423807492
2026-08-25 08:08:58,7300.0,7314.25,Call VEX 5,VEX,1895860.743,6950.398852084735,9273.336423807492
2026-08-25 08:08:58,7400.0,7414.5,Call CEX 5,CEX,890663.268,6950.398852084735,9273.336423807492
2026-08-25 08:08:58,7400.0,7414.5,Call DEX 4,DEX,211.255,6950.398852084735,9273.336423807492
2026-08-25 08:08:58,7400.0,7414.5,Put GEX 3,GEX,-298852.852,6950.398852084735,9273.336423807492
2026-08-25 08:08:58,7400.0,7414.5,Call VEX 3,VEX,2367855.667,6950.398852084735,9273.336423807492
2026-08-25 08:08:58,7450.0,7464.5,Call DEX 3,DEX,241.812,6950.398852084735,9273.336423807492
2026-08-25 08:08:58,7450.0,7464.5,Call VEX 4,VEX,1939119.443,6950.398852084735,9273.336423807492
2026-08-25 08:08:58,7500.0,7514.5,Call CEX 4,CEX,1034999.454,6950.398852084735,9273.336423807492
2026-08-25 08:08:58,7500.0,7514.5,Call DEX 5,DEX,206.11,6950.398852084735,9273.336423807492
2026-08-25 08:08:58,7500.0,7514.5,Put GEX 2,GEX,-455281.088,6950.398852084735,9273.336423807492
2026-08-25 08:08:58,7500.0,7514.5,Call VEX 2,VEX,3038453.524,6950.398852084735,9273.336423807492
2026-08-25 08:08:58,7550.0,7564.75,Put GEX 4,GEX,-226369.09,6950.398852084735,9273.336423807492
2026-08-25 08:08:58,7600.0,7614.75,Call CEX 2,CEX,1293087.609,6950.398852084735,9273.336423807492
2026-08-25 08:08:58,7600.0,7614.75,Put GEX 5,GEX,-209200.365,6950.398852084735,9273.336423807492
2026-08-25 08:08:58,7650.0,7664.75,Call CEX 1,CEX,1359920.832,6950.398852084735,9273.336423807492
2026-08-25 08:08:58,7665.0,7680.0,Call GEX 5,GEX,243986.674,6950.398852084735,9273.336423807492
2026-08-25 08:08:58,7690.0,7705.0,Put CEX 3,CEX,-1894311.484,6950.398852084735,9273.336423807492
2026-08-25 08:08:58,7700.0,7715.0,Put CEX 2,CEX,-2159872.211,6950.398852084735,9273.336423807492
2026-08-25 08:08:58,7700.0,7715.0,Put DEX 2,DEX,-95.516,6950.398852084735,9273.336423807492
2026-08-25 08:08:58,7725.0,7740.0,Put CEX 5,CEX,-1264618.442,6950.398852084735,9273.336423807492
2026-08-25 08:08:58,7750.0,7765.0,Put CEX 4,CEX,-1315914.009,6950.398852084735,9273.336423807492
2026-08-25 08:08:58,7750.0,7765.0,Call GEX 3,GEX,360046.038,6950.398852084735,9273.336423807492
2026-08-25 08:08:58,7750.0,7765.0,Put VEX 4,VEX,-755979.219,6950.398852084735,9273.336423807492
2026-08-25 08:08:58,7780.0,7795.0,Put DEX 3,DEX,-27.57,6950.398852084735,9273.336423807492
2026-08-25 08:08:58,7800.0,7815.25,Call GEX 2,GEX,481893.528,6950.398852084735,9273.336423807492
2026-08-25 08:08:58,7800.0,7815.25,Put VEX 2,VEX,-1268912.349,6950.398852084735,9273.336423807492
2026-08-25 08:08:58,7850.0,7865.25,Call GEX 4,GEX,292202.921,6950.398852084735,9273.336423807492
2026-08-25 08:08:58,7900.0,7915.25,Call GEX 1,GEX,552577.527,6950.398852084735,9273.336423807492
2026-08-25 08:08:58,7900.0,7915.25,Put VEX 3,VEX,-1215080.493,6950.398852084735,9273.336423807492
2026-08-25 08:08:58,8000.0,8015.5,Put CEX 1,CEX,-3080544.491,6950.398852084735,9273.336423807492
2026-08-25 08:08:58,8000.0,8015.5,Put DEX 1,DEX,-2146.252,6950.398852084735,9273.336423807492
2026-08-25 08:08:58,8000.0,8015.5,Put VEX 1,VEX,-11526134.415,6950.398852084735,9273.336423807492
2026-08-25 08:08:58,8200.0,8216.0,Put VEX 5,VEX,-702500.269,6950.398852084735,9273.336423807492
2026-08-25 08:09:46,6800.0,6813.5,Put DEX 4,DEX,-27.188,6902.7695612832285,9272.144031648437
2026-08-25 08:09:46,7000.0,7013.75,Call CEX 3,CEX,1117320.604,6902.7695612832285,9272.144031648437
2026-08-25 08:09:46,7000.0,7013.75,Call DEX 1,DEX,783.306,6902.7695612832285,9272.144031648437
2026-08-25 08:09:46,7000.0,7013.75,Put GEX 1,GEX,-715876.679,6902.7695612832285,9272.144031648437
2026-08-25 08:09:46,7000.0,7013.75,Call VEX 1,VEX,6547675.358,6902.7695612832285,9272.144031648437
2026-08-25 08:09:46,7160.0,7174.0,Put DEX 5,DEX,-23.554,6902.7695612832285,9272.144031648437
2026-08-25 08:09:46,7300.0,7314.25,Call DEX 2,DEX,252.128,6902.7695612832285,9272.144031648437
2026-08-25 08:09:46,7300.0,7314.25,Call VEX 5,VEX,1883442.14,6902.7695612832285,9272.144031648437
2026-08-25 08:09:46,7400.0,7414.5,Call CEX 5,CEX,884512.426,6902.7695612832285,9272.144031648437
2026-08-25 08:09:46,7400.0,7414.5,Call DEX 4,DEX,210.719,6902.7695612832285,9272.144031648437
2026-08-25 08:09:46,7400.0,7414.5,Put GEX 3,GEX,-298736.715,6902.7695612832285,9272.144031648437
2026-08-25 08:09:46,7400.0,7414.5,Call VEX 3,VEX,2362890.844,6902.7695612832285,9272.144031648437
2026-08-25 08:09:46,7450.0,7464.75,Call DEX 3,DEX,242.8,6902.7695612832285,9272.144031648437
2026-08-25 08:09:46,7450.0,7464.75,Call VEX 4,VEX,1940128.138,6902.7695612832285,9272.144031648437
2026-08-25 08:09:46,7500.0,7514.75,Call CEX 4,CEX,1036441.661,6902.7695612832285,9272.144031648437
2026-08-25 08:09:46,7500.0,7514.75,Call DEX 5,DEX,207.711,6902.7695612832285,9272.144031648437
2026-08-25 08:09:46,7500.0,7514.75,Put GEX 2,GEX,-452851.916,6902.7695612832285,9272.144031648437
2026-08-25 08:09:46,7500.0,7514.75,Call VEX 2,VEX,3043803.062,6902.7695612832285,9272.144031648437
2026-08-25 08:09:46,7550.0,7564.75,Put GEX 4,GEX,-224095.529,6902.7695612832285,9272.144031648437
2026-08-25 08:09:46,7600.0,7615.0,Call CEX 2,CEX,1295248.629,6902.7695612832285,9272.144031648437
2026-08-25 08:09:46,7600.0,7615.0,Put GEX 5,GEX,-204656.729,6902.7695612832285,9272.144031648437
2026-08-25 08:09:46,7650.0,7665.0,Call CEX 1,CEX,1404419.355,6902.7695612832285,9272.144031648437
2026-08-25 08:09:46,7665.0,7680.0,Call GEX 5,GEX,239442.581,6902.7695612832285,9272.144031648437
2026-08-25 08:09:46,7690.0,7705.25,Put CEX 3,CEX,-1907359.003,6902.7695612832285,9272.144031648437
2026-08-25 08:09:46,7700.0,7715.25,Put CEX 2,CEX,-2151184.309,6902.7695612832285,9272.144031648437
2026-08-25 08:09:46,7700.0,7715.25,Put DEX 2,DEX,-94.094,6902.7695612832285,9272.144031648437
2026-08-25 08:09:46,7725.0,7740.25,Put CEX 5,CEX,-1258042.109,6902.7695612832285,9272.144031648437
2026-08-25 08:09:46,7750.0,7765.25,Put CEX 4,CEX,-1296484.029,6902.7695612832285,9272.144031648437
2026-08-25 08:09:46,7750.0,7765.25,Call GEX 3,GEX,364786.437,6902.7695612832285,9272.144031648437
2026-08-25 08:09:46,7750.0,7765.25,Put VEX 4,VEX,-749728.547,6902.7695612832285,9272.144031648437
2026-08-25 08:09:46,7780.0,7795.25,Put DEX 3,DEX,-27.335,6902.7695612832285,9272.144031648437
2026-08-25 08:09:46,7800.0,7815.25,Call GEX 2,GEX,485916.563,6902.7695612832285,9272.144031648437
2026-08-25 08:09:46,7800.0,7815.25,Put VEX 2,VEX,-1264921.472,6902.7695612832285,9272.144031648437
2026-08-25 08:09:46,7850.0,7865.5,Call GEX 4,GEX,293646.912,6902.7695612832285,9272.144031648437
2026-08-25 08:09:46,7900.0,7915.5,Call GEX 1,GEX,554359.607,6902.7695612832285,9272.144031648437
2026-08-25 08:09:46,7900.0,7915.5,Put VEX 3,VEX,-1215204.621,6902.7695612832285,9272.144031648437
2026-08-25 08:09:46,8000.0,8015.75,Put CEX 1,CEX,-3083267.677,6902.7695612832285,9272.144031648437
2026-08-25 08:09:46,8000.0,8015.75,Put DEX 1,DEX,-2140.51,6902.7695612832285,9272.144031648437
2026-08-25 08:09:46,8000.0,8015.75,Put VEX 1,VEX,-11529078.558,6902.7695612832285,9272.144031648437
2026-08-25 08:09:46,8200.0,8216.25,Put VEX 5,VEX,-703170.797,6902.7695612832285,9272.144031648437
2026-08-25 08:10:33,6800.0,6813.0,Put DEX 4,DEX,-27.175,6900.83552841698,9272.082150697735
2026-08-25 08:10:33,7000.0,7013.5,Call CEX 3,CEX,1085677.565,6900.83552841698,9272.082150697735
2026-08-25 08:10:33,7000.0,7013.5,Call DEX 1,DEX,791.724,6900.83552841698,9272.082150697735
2026-08-25 08:10:33,7000.0,7013.5,Put GEX 1,GEX,-759575.935,6900.83552841698,9272.082150697735
2026-08-25 08:10:33,7000.0,7013.5,Call VEX 1,VEX,6218719.259,6900.83552841698,9272.082150697735
2026-08-25 08:10:33,7160.0,7173.75,Put DEX 5,DEX,-23.571,6900.83552841698,9272.082150697735
2026-08-25 08:10:33,7200.0,7213.75,Put GEX 5,GEX,-213366.779,6900.83552841698,9272.082150697735
2026-08-25 08:10:33,7300.0,7314.0,Call DEX 2,DEX,254.405,6900.83552841698,9272.082150697735
2026-08-25 08:10:33,7300.0,7314.0,Call VEX 5,VEX,1868075.643,6900.83552841698,9272.082150697735
2026-08-25 08:10:33,7400.0,7414.25,Call CEX 5,CEX,887024.775,6900.83552841698,9272.082150697735
2026-08-25 08:10:33,7400.0,7414.25,Call DEX 4,DEX,211.566,6900.83552841698,9272.082150697735
2026-08-25 08:10:33,7400.0,7414.25,Put GEX 3,GEX,-299796.02,6900.83552841698,9272.082150697735
2026-08-25 08:10:33,7400.0,7414.25,Call VEX 3,VEX,2362062.446,6900.83552841698,9272.082150697735
2026-08-25 08:10:33,7450.0,7464.25,Call DEX 3,DEX,231.304,6900.83552841698,9272.082150697735
2026-08-25 08:10:33,7450.0,7464.25,Call VEX 4,VEX,1931516.271,6900.83552841698,9272.082150697735
2026-08-25 08:10:33,7500.0,7514.25,Call CEX 4,CEX,1031860.649,6900.83552841698,9272.082150697735
2026-08-25 08:10:33,7500.0,7514.25,Call DEX 5,DEX,208.862,6900.83552841698,9272.082150697735
2026-08-25 08:10:33,7500.0,7514.25,Put GEX 2,GEX,-452026.871,6900.83552841698,9272.082150697735
2026-08-25 08:10:33,7500.0,7514.25,Call VEX 2,VEX,3044332.215,6900.83552841698,9272.082150697735
2026-08-25 08:10:33,7550.0,7564.5,Put GEX 4,GEX,-221670.549,6900.83552841698,9272.082150697735
2026-08-25 08:10:33,7600.0,7614.5,Call CEX 2,CEX,1296498.43,6900.83552841698,9272.082150697735
2026-08-25 08:10:33,7650.0,7664.75,Call CEX 1,CEX,1409298.35,6900.83552841698,9272.082150697735
2026-08-25 08:10:33,7665.0,7679.75,Call GEX 5,GEX,264148.816,6900.83552841698,9272.082150697735
2026-08-25 08:10:33,7690.0,7704.75,Put CEX 3,CEX,-1907190.49,6900.83552841698,9272.082150697735
2026-08-25 08:10:33,7700.0,7714.75,Put CEX 2,CEX,-2179989.309,6900.83552841698,9272.082150697735
2026-08-25 08:10:33,7700.0,7714.75,Put DEX 2,DEX,-94.116,6900.83552841698,9272.082150697735
2026-08-25 08:10:33,7725.0,7739.75,Put CEX 5,CEX,-1285948.723,6900.83552841698,9272.082150697735
2026-08-25 08:10:33,7750.0,7764.75,Put CEX 4,CEX,-1347121.31,6900.83552841698,9272.082150697735
2026-08-25 08:10:33,7750.0,7764.75,Call GEX 3,GEX,364424.819,6900.83552841698,9272.082150697735
2026-08-25 08:10:33,7750.0,7764.75,Put VEX 4,VEX,-754612.848,6900.83552841698,9272.082150697735
2026-08-25 08:10:33,7780.0,7795.0,Put DEX 3,DEX,-27.376,6900.83552841698,9272.082150697735
2026-08-25 08:10:33,7800.0,7815.0,Call GEX 2,GEX,486709.87,6900.83552841698,9272.082150697735
2026-08-25 08:10:33,7800.0,7815.0,Put VEX 2,VEX,-1266838.596,6900.83552841698,9272.082150697735
2026-08-25 08:10:33,7850.0,7865.0,Call GEX 4,GEX,293153.584,6900.83552841698,9272.082150697735
2026-08-25 08:10:33,7900.0,7915.25,Call GEX 1,GEX,554758.367,6900.83552841698,9272.082150697735
2026-08-25 08:10:33,7900.0,7915.25,Put VEX 3,VEX,-1216167.332,6900.83552841698,9272.082150697735
2026-08-25 08:10:33,8000.0,8015.25,Put CEX 1,CEX,-3085354.742,6900.83552841698,9272.082150697735
2026-08-25 08:10:33,8000.0,8015.25,Put DEX 1,DEX,-2135.278,6900.83552841698,9272.082150697735
2026-08-25 08:10:33,8000.0,8015.25,Put VEX 1,VEX,-11519193.26,6900.83552841698,9272.082150697735
2026-08-25 08:10:33,8200.0,8215.75,Put VEX 5,VEX,-702015.28,6900.83552841698,9272.082150697735
2026-08-25 08:11:20,6800.0,6813.25,Put DEX 4,DEX,-27.167,6904.287005890718,9271.90051716191
2026-08-25 08:11:20,7000.0,7013.75,Call CEX 3,CEX,1101679.374,6904.287005890718,9271.90051716191
2026-08-25 08:11:20,7000.0,7013.75,Call DEX 1,DEX,788.028,6904.287005890718,9271.90051716191
2026-08-25 08:11:20,7000.0,7013.75,Put GEX 1,GEX,-736498.5,6904.287005890718,9271.90051716191
2026-08-25 08:11:20,7000.0,7013.75,Call VEX 1,VEX,6389556.134,6904.287005890718,9271.90051716191
2026-08-25 08:11:20,7160.0,7174.0,Put DEX 5,DEX,-23.539,6904.287005890718,9271.90051716191
2026-08-25 08:11:20,7300.0,7314.25,Call DEX 2,DEX,252.348,6904.287005890718,9271.90051716191
2026-08-25 08:11:20,7300.0,7314.25,Call VEX 5,VEX,1882957.127,6904.287005890718,9271.90051716191
2026-08-25 08:11:20,7400.0,7414.5,Call CEX 5,CEX,881686.396,6904.287005890718,9271.90051716191
2026-08-25 08:11:20,7400.0,7414.5,Call DEX 4,DEX,210.64,6904.287005890718,9271.90051716191
2026-08-25 08:11:20,7400.0,7414.5,Put GEX 3,GEX,-298266.814,6904.287005890718,9271.90051716191
2026-08-25 08:11:20,7400.0,7414.5,Call VEX 3,VEX,2361913.124,6904.287005890718,9271.90051716191
2026-08-25 08:11:20,7450.0,7464.5,Call DEX 3,DEX,242.553,6904.287005890718,9271.90051716191
2026-08-25 08:11:20,7450.0,7464.5,Call VEX 4,VEX,1937513.203,6904.287005890718,9271.90051716191
2026-08-25 08:11:20,7500.0,7514.75,Call CEX 4,CEX,1037322.122,6904.287005890718,9271.90051716191
2026-08-25 08:11:20,7500.0,7514.75,Call DEX 5,DEX,208.89,6904.287005890718,9271.90051716191
2026-08-25 08:11:20,7500.0,7514.75,Put GEX 2,GEX,-452524.987,6904.287005890718,9271.90051716191
2026-08-25 08:11:20,7500.0,7514.75,Call VEX 2,VEX,3047018.119,6904.287005890718,9271.90051716191
2026-08-25 08:11:20,7550.0,7564.75,Put GEX 4,GEX,-223658.996,6904.287005890718,9271.90051716191
2026-08-25 08:11:20,7600.0,7615.0,Call CEX 2,CEX,1298737.51,6904.287005890718,9271.90051716191
2026-08-25 08:11:20,7600.0,7615.0,Put GEX 5,GEX,-206298.673,6904.287005890718,9271.90051716191
2026-08-25 08:11:20,7650.0,7665.0,Call CEX 1,CEX,1417963.606,6904.287005890718,9271.90051716191
2026-08-25 08:11:20,7665.0,7680.0,Call GEX 5,GEX,243837.439,6904.287005890718,9271.90051716191
2026-08-25 08:11:20,7690.0,7705.0,Put CEX 3,CEX,-1917325.395,6904.287005890718,9271.90051716191
2026-08-25 08:11:20,7700.0,7715.0,Put CEX 2,CEX,-2168346.745,6904.287005890718,9271.90051716191
2026-08-25 08:11:20,7700.0,7715.0,Put DEX 2,DEX,-93.994,6904.287005890718,9271.90051716191
2026-08-25 08:11:20,7725.0,7740.25,Put CEX 5,CEX,-1269128.619,6904.287005890718,9271.90051716191
2026-08-25 08:11:20,7750.0,7765.25,Put CEX 4,CEX,-1311439.283,6904.287005890718,9271.90051716191
2026-08-25 08:11:20,7750.0,7765.25,Call GEX 3,GEX,363555.039,6904.287005890718,9271.90051716191
2026-08-25 08:11:20,7750.0,7765.25,Put VEX 4,VEX,-750376.556,6904.287005890718,9271.90051716191
2026-08-25 08:11:20,7780.0,7795.25,Put DEX 3,DEX,-27.331,6904.287005890718,9271.90051716191
2026-08-25 08:11:20,7800.0,7815.25,Call GEX 2,GEX,483830.435,6904.287005890718,9271.90051716191
2026-08-25 08:11:20,7800.0,7815.25,Put VEX 2,VEX,-1265866.103,6904.287005890718,9271.90051716191
2026-08-25 08:11:20,7850.0,7865.5,Call GEX 4,GEX,293221.381,6904.287005890718,9271.90051716191
2026-08-25 08:11:20,7900.0,7915.5,Call GEX 1,GEX,554644.85,6904.287005890718,9271.90051716191
2026-08-25 08:11:20,7900.0,7915.5,Put VEX 3,VEX,-1216219.459,6904.287005890718,9271.90051716191
2026-08-25 08:11:20,8000.0,8015.75,Put CEX 1,CEX,-3082763.094,6904.287005890718,9271.90051716191
2026-08-25 08:11:20,8000.0,8015.75,Put DEX 1,DEX,-2138.632,6904.287005890718,9271.90051716191
2026-08-25 08:11:20,8000.0,8015.75,Put VEX 1,VEX,-11517390.456,6904.287005890718,9271.90051716191
2026-08-25 08:11:20,8200.0,8216.0,Put VEX 5,VEX,-702977.282,6904.287005890718,9271.90051716191
2026-08-25 08:12:07,6800.0,6813.5,Put DEX 3,DEX,-27.088,6875.18802135681,9273.247020924466
2026-08-25 08:12:07,7000.0,7014.0,Call CEX 3,CEX,1119577.133,6875.18802135681,9273.247020924466
2026-08-25 08:12:07,7000.0,7014.0,Call DEX 1,DEX,782.593,6875.18802135681,9273.247020924466
2026-08-25 08:12:07,7000.0,7014.0,Put GEX 1,GEX,-706912.635,6875.18802135681,9273.247020924466
2026-08-25 08:12:07,7000.0,7014.0,Call VEX 1,VEX,6590764.467,6875.18802135681,9273.247020924466
2026-08-25 08:12:07,7160.0,7174.25,Put DEX 5,DEX,-23.478,6875.18802135681,9273.247020924466
2026-08-25 08:12:07,7300.0,7314.5,Call DEX 2,DEX,251.234,6875.18802135681,9273.247020924466
2026-08-25 08:12:07,7300.0,7314.5,Call VEX 5,VEX,1891231.421,6875.18802135681,9273.247020924466
2026-08-25 08:12:07,7400.0,7414.75,Call CEX 5,CEX,884039.108,6875.18802135681,9273.247020924466
2026-08-25 08:12:07,7400.0,7414.75,Call DEX 4,DEX,211.067,6875.18802135681,9273.247020924466
2026-08-25 08:12:07,7400.0,7414.75,Put GEX 3,GEX,-296974.964,6875.18802135681,9273.247020924466
2026-08-25 08:12:07,7400.0,7414.75,Call VEX 3,VEX,2364176.041,6875.18802135681,9273.247020924466
2026-08-25 08:12:07,7450.0,7464.75,Call DEX 3,DEX,243.021,6875.18802135681,9273.247020924466
2026-08-25 08:12:07,7450.0,7464.75,Call VEX 4,VEX,1944440.983,6875.18802135681,9273.247020924466
2026-08-25 08:12:07,7500.0,7515.0,Call CEX 4,CEX,1044465.619,6875.18802135681,9273.247020924466
2026-08-25 08:12:07,7500.0,7515.0,Call DEX 5,DEX,210.535,6875.18802135681,9273.247020924466
2026-08-25 08:12:07,7500.0,7515.0,Put GEX 2,GEX,-454004.209,6875.18802135681,9273.247020924466
2026-08-25 08:12:07,7500.0,7515.0,Call VEX 2,VEX,3050461.045,6875.18802135681,9273.247020924466
2026-08-25 08:12:07,7550.0,7565.0,Put GEX 4,GEX,-225017.059,6875.18802135681,9273.247020924466
2026-08-25 08:12:07,7600.0,7615.25,Call CEX 2,CEX,1346695.906,6875.18802135681,9273.247020924466
2026-08-25 08:12:07,7600.0,7615.25,Put GEX 5,GEX,-201321.958,6875.18802135681,9273.247020924466
2026-08-25 08:12:07,7650.0,7665.25,Call CEX 1,CEX,1460971.968,6875.18802135681,9273.247020924466
2026-08-25 08:12:07,7665.0,7680.25,Call GEX 5,GEX,224095.374,6875.18802135681,9273.247020924466
2026-08-25 08:12:07,7690.0,7705.25,Put CEX 3,CEX,-1940250.247,6875.18802135681,9273.247020924466
2026-08-25 08:12:07,7700.0,7715.25,Put CEX 2,CEX,-2154716.861,6875.18802135681,9273.247020924466
2026-08-25 08:12:07,7700.0,7715.25,Put DEX 2,DEX,-92.266,6875.18802135681,9273.247020924466
2026-08-25 08:12:07,7725.0,7740.5,Put CEX 4,CEX,-1241488.474,6875.18802135681,9273.247020924466
2026-08-25 08:12:07,7750.0,7765.5,Put CEX 5,CEX,-1217590.64,6875.18802135681,9273.247020924466
2026-08-25 08:12:07,7750.0,7765.5,Call GEX 3,GEX,368501.929,6875.18802135681,9273.247020924466
2026-08-25 08:12:07,7750.0,7765.5,Put VEX 4,VEX,-737083.297,6875.18802135681,9273.247020924466
2026-08-25 08:12:07,7780.0,7795.5,Put DEX 4,DEX,-27.013,6875.18802135681,9273.247020924466
2026-08-25 08:12:07,7800.0,7815.5,Call GEX 2,GEX,485323.268,6875.18802135681,9273.247020924466
2026-08-25 08:12:07,7800.0,7815.5,Put VEX 2,VEX,-1258273.394,6875.18802135681,9273.247020924466
2026-08-25 08:12:07,7850.0,7865.75,Call GEX 4,GEX,295195.411,6875.18802135681,9273.247020924466
2026-08-25 08:12:07,7900.0,7915.75,Call GEX 1,GEX,556747.03,6875.18802135681,9273.247020924466
2026-08-25 08:12:07,7900.0,7915.75,Put VEX 3,VEX,-1216658.175,6875.18802135681,9273.247020924466
2026-08-25 08:12:07,8000.0,8016.0,Put CEX 1,CEX,-3080658.966,6875.18802135681,9273.247020924466
2026-08-25 08:12:07,8000.0,8016.0,Put DEX 1,DEX,-2142.108,6875.18802135681,9273.247020924466
2026-08-25 08:12:07,8000.0,8016.0,Put VEX 1,VEX,-11528639.897,6875.18802135681,9273.247020924466
2026-08-25 08:12:07,8200.0,8216.25,Put VEX 5,VEX,-703691.224,6875.18802135681,9273.247020924466
2026-08-25 08:12:54,6800.0,6813.25,Put DEX 4,DEX,-27.151,6846.174292432183,9273.23031091335
2026-08-25 08:12:54,7000.0,7013.5,Call CEX 3,CEX,1116147.913,6846.174292432183,9273.23031091335
2026-08-25 08:12:54,7000.0,7013.5,Call DEX 1,DEX,783.815,6846.174292432183,9273.23031091335
2026-08-25 08:12:54,7000.0,7013.5,Put GEX 1,GEX,-715363.89,6846.174292432183,9273.23031091335
2026-08-25 08:12:54,7000.0,7013.5,Call VEX 1,VEX,6543382.638,6846.174292432183,9273.23031091335
2026-08-25 08:12:54,7160.0,7174.0,Put DEX 5,DEX,-23.513,6846.174292432183,9273.23031091335
2026-08-25 08:12:54,7200.0,7214.0,Put GEX 5,GEX,-205383.749,6846.174292432183,9273.23031091335
2026-08-25 08:12:54,7300.0,7314.25,Call DEX 2,DEX,252.257,6846.174292432183,9273.23031091335
2026-08-25 08:12:54,7300.0,7314.25,Call VEX 5,VEX,1879368.66,6846.174292432183,9273.23031091335
2026-08-25 08:12:54,7400.0,7414.25,Call CEX 5,CEX,882867.846,6846.174292432183,9273.23031091335
2026-08-25 08:12:54,7400.0,7414.25,Call DEX 4,DEX,211.715,6846.174292432183,9273.23031091335
2026-08-25 08:12:54,7400.0,7414.25,Put GEX 3,GEX,-298268.84,6846.174292432183,9273.23031091335
2026-08-25 08:12:54,7400.0,7414.25,Call VEX 3,VEX,2361190.318,6846.174292432183,9273.23031091335
2026-08-25 08:12:54,7450.0,7464.5,Call DEX 3,DEX,243.7,6846.174292432183,9273.23031091335
2026-08-25 08:12:54,7450.0,7464.5,Call VEX 4,VEX,1938776.034,6846.174292432183,9273.23031091335
2026-08-25 08:12:54,7500.0,7514.5,Call CEX 4,CEX,1040215.658,6846.174292432183,9273.23031091335
2026-08-25 08:12:54,7500.0,7514.5,Call DEX 5,DEX,209.36,6846.174292432183,9273.23031091335
2026-08-25 08:12:54,7500.0,7514.5,Put GEX 2,GEX,-452097.705,6846.174292432183,9273.23031091335
2026-08-25 08:12:54,7500.0,7514.5,Call VEX 2,VEX,3049163.363,6846.174292432183,9273.23031091335
2026-08-25 08:12:54,7550.0,7564.75,Put GEX 4,GEX,-222930.967,6846.174292432183,9273.23031091335
2026-08-25 08:12:54,7600.0,7614.75,Call CEX 2,CEX,1251179.446,6846.174292432183,9273.23031091335
2026-08-25 08:12:54,7650.0,7664.75,Call CEX 1,CEX,1455676.625,6846.174292432183,9273.23031091335
2026-08-25 08:12:54,7665.0,7679.75,Call GEX 5,GEX,245727.553,6846.174292432183,9273.23031091335
2026-08-25 08:12:54,7690.0,7705.0,Put CEX 3,CEX,-1949579.065,6846.174292432183,9273.23031091335
2026-08-25 08:12:54,7700.0,7715.0,Put CEX 2,CEX,-2197782.948,6846.174292432183,9273.23031091335
2026-08-25 08:12:54,7700.0,7715.0,Put DEX 2,DEX,-92.77,6846.174292432183,9273.23031091335
2026-08-25 08:12:54,7725.0,7740.0,Put CEX 5,CEX,-1272330.627,6846.174292432183,9273.23031091335
2026-08-25 08:12:54,7750.0,7765.0,Put CEX 4,CEX,-1314606.024,6846.174292432183,9273.23031091335
2026-08-25 08:12:54,7750.0,7765.0,Call GEX 3,GEX,366349.68,6846.174292432183,9273.23031091335
2026-08-25 08:12:54,7750.0,7765.0,Put VEX 4,VEX,-747369.976,6846.174292432183,9273.23031091335
2026-08-25 08:12:54,7780.0,7795.0,Put DEX 3,DEX,-27.166,6846.174292432183,9273.23031091335
2026-08-25 08:12:54,7800.0,7815.25,Call GEX 2,GEX,487735.453,6846.174292432183,9273.23031091335
2026-08-25 08:12:54,7800.0,7815.25,Put VEX 2,VEX,-1263099.63,6846.174292432183,9273.23031091335
2026-08-25 08:12:54,7850.0,7865.25,Call GEX 4,GEX,294736.347,6846.174292432183,9273.23031091335
2026-08-25 08:12:54,7900.0,7915.25,Call GEX 1,GEX,556159.052,6846.174292432183,9273.23031091335
2026-08-25 08:12:54,7900.0,7915.25,Put VEX 3,VEX,-1215986.469,6846.174292432183,9273.23031091335
2026-08-25 08:12:54,8000.0,8015.5,Put CEX 1,CEX,-3086665.106,6846.174292432183,9273.23031091335
2026-08-25 08:12:54,8000.0,8015.5,Put DEX 1,DEX,-2137.191,6846.174292432183,9273.23031091335
2026-08-25 08:12:54,8000.0,8015.5,Put VEX 1,VEX,-11529127.375,6846.174292432183,9273.23031091335
2026-08-25 08:12:54,8200.0,8216.0,Put VEX 5,VEX,-703456.115,6846.174292432183,9273.23031091335
2026-08-25 08:13:42,6800.0,6813.5,Put DEX 4,DEX,-27.175,6952.302757061626,9273.407706539829
2026-08-25 08:13:42,7000.0,7014.0,Call CEX 3,CEX,1114712.449,6952.302757061626,9273.407706539829
2026-08-25 08:13:42,7000.0,7014.0,Call DEX 1,DEX,783.841,6952.302757061626,9273.407706539829
2026-08-25 08:13:42,7000.0,7014.0,Put GEX 1,GEX,-719316.777,6952.302757061626,9273.407706539829
2026-08-25 08:13:42,7000.0,7014.0,Call VEX 1,VEX,6525759.075,6952.302757061626,9273.407706539829
2026-08-25 08:13:42,7160.0,7174.25,Put DEX 5,DEX,-23.554,6952.302757061626,9273.407706539829
2026-08-25 08:13:42,7300.0,7314.5,Call DEX 2,DEX,252.578,6952.302757061626,9273.407706539829
2026-08-25 08:13:42,7300.0,7314.5,Call VEX 5,VEX,1886022.893,6952.302757061626,9273.407706539829
2026-08-25 08:13:42,7400.0,7414.75,Call CEX 5,CEX,885160.253,6952.302757061626,9273.407706539829
2026-08-25 08:13:42,7400.0,7414.75,Call DEX 4,DEX,211.163,6952.302757061626,9273.407706539829
2026-08-25 08:13:42,7400.0,7414.75,Put GEX 3,GEX,-298590.737,6952.302757061626,9273.407706539829
2026-08-25 08:13:42,7400.0,7414.75,Call VEX 3,VEX,2362396.104,6952.302757061626,9273.407706539829
2026-08-25 08:13:42,7450.0,7464.75,Call DEX 3,DEX,242.237,6952.302757061626,9273.407706539829
2026-08-25 08:13:42,7450.0,7464.75,Call VEX 4,VEX,1941817.316,6952.302757061626,9273.407706539829
2026-08-25 08:13:42,7500.0,7515.0,Call CEX 4,CEX,1042894.637,6952.302757061626,9273.407706539829
2026-08-25 08:13:42,7500.0,7515.0,Call DEX 5,DEX,207.326,6952.302757061626,9273.407706539829
2026-08-25 08:13:42,7500.0,7515.0,Put GEX 2,GEX,-453010.919,6952.302757061626,9273.407706539829
2026-08-25 08:13:42,7500.0,7515.0,Call VEX 2,VEX,3044039.445,6952.302757061626,9273.407706539829
2026-08-25 08:13:42,7550.0,7565.0,Put GEX 4,GEX,-225095.94,6952.302757061626,9273.407706539829
2026-08-25 08:13:42,7600.0,7615.0,Call CEX 2,CEX,1319523.745,6952.302757061626,9273.407706539829
2026-08-25 08:13:42,7600.0,7615.0,Put GEX 5,GEX,-204818.751,6952.302757061626,9273.407706539829
2026-08-25 08:13:42,7650.0,7665.25,Call CEX 1,CEX,1378856.355,6952.302757061626,9273.407706539829
2026-08-25 08:13:42,7665.0,7680.25,Call GEX 5,GEX,227707.987,6952.302757061626,9273.407706539829
2026-08-25 08:13:42,7690.0,7705.25,Put CEX 3,CEX,-1929112.431,6952.302757061626,9273.407706539829
2026-08-25 08:13:42,7700.0,7715.25,Put CEX 2,CEX,-2151545.314,6952.302757061626,9273.407706539829
2026-08-25 08:13:42,7700.0,7715.25,Put DEX 2,DEX,-96.069,6952.302757061626,9273.407706539829
2026-08-25 08:13:42,7725.0,7740.25,Put CEX 4,CEX,-1298029.436,6952.302757061626,9273.407706539829
2026-08-25 08:13:42,7750.0,7765.5,Put CEX 5,CEX,-1271550.254,6952.302757061626,9273.407706539829
2026-08-25 08:13:42,7750.0,7765.5,Call GEX 3,GEX,365823.541,6952.302757061626,9273.407706539829
2026-08-25 08:13:42,7750.0,7765.5,Put VEX 4,VEX,-753494.436,6952.302757061626,9273.407706539829
2026-08-25 08:13:42,7780.0,7795.5,Put DEX 3,DEX,-27.664,6952.302757061626,9273.407706539829
2026-08-25 08:13:42,7800.0,7815.5,Call GEX 2,GEX,484017.016,6952.302757061626,9273.407706539829
2026-08-25 08:13:42,7800.0,7815.5,Put VEX 2,VEX,-1269157.57,6952.302757061626,9273.407706539829
2026-08-25 08:13:42,7850.0,7865.5,Call GEX 4,GEX,293355.303,6952.302757061626,9273.407706539829
2026-08-25 08:13:42,7900.0,7915.75,Call GEX 1,GEX,552604.737,6952.302757061626,9273.407706539829
2026-08-25 08:13:42,7900.0,7915.75,Put VEX 3,VEX,-1215338.845,6952.302757061626,9273.407706539829
2026-08-25 08:13:42,8000.0,8016.0,Put CEX 1,CEX,-3074894.132,6952.302757061626,9273.407706539829
2026-08-25 08:13:42,8000.0,8016.0,Put DEX 1,DEX,-2143.242,6952.302757061626,9273.407706539829
2026-08-25 08:13:42,8000.0,8016.0,Put VEX 1,VEX,-11515628.916,6952.302757061626,9273.407706539829
2026-08-25 08:13:42,8200.0,8216.25,Put VEX 5,VEX,-701971.488,6952.302757061626,9273.407706539829
2026-08-25 08:14:30,6800.0,6813.5,Put DEX 4,DEX,-27.184,6993.925692911163,9271.547099400415
2026-08-25 08:14:30,7000.0,7014.0,Call CEX 3,CEX,1108311.072,6993.925692911163,9271.547099400415
2026-08-25 08:14:30,7000.0,7014.0,Call DEX 1,DEX,785.459,6993.925692911163,9271.547099400415
2026-08-25 08:14:30,7000.0,7014.0,Put GEX 1,GEX,-729077.498,6993.925692911163,9271.547099400415
2026-08-25 08:14:30,7000.0,7014.0,Call VEX 1,VEX,6457246.036,6993.925692911163,9271.547099400415
2026-08-25 08:14:30,7160.0,7174.25,Put DEX 5,DEX,-23.575,6993.925692911163,9271.547099400415
2026-08-25 08:14:30,7300.0,7314.5,Call DEX 2,DEX,252.395,6993.925692911163,9271.547099400415
2026-08-25 08:14:30,7300.0,7314.5,Call VEX 5,VEX,1878232.442,6993.925692911163,9271.547099400415
2026-08-25 08:14:30,7400.0,7414.75,Call CEX 5,CEX,889078.232,6993.925692911163,9271.547099400415
2026-08-25 08:14:30,7400.0,7414.75,Call DEX 4,DEX,210.703,6993.925692911163,9271.547099400415
2026-08-25 08:14:30,7400.0,7414.75,Put GEX 3,GEX,-300370.357,6993.925692911163,9271.547099400415
2026-08-25 08:14:30,7400.0,7414.75,Call VEX 3,VEX,2362839.57,6993.925692911163,9271.547099400415
2026-08-25 08:14:30,7450.0,7464.75,Call DEX 3,DEX,242.379,6993.925692911163,9271.547099400415
2026-08-25 08:14:30,7450.0,7464.75,Call VEX 4,VEX,1939591.284,6993.925692911163,9271.547099400415
2026-08-25 08:14:30,7500.0,7515.0,Call CEX 4,CEX,1042779.278,6993.925692911163,9271.547099400415
2026-08-25 08:14:30,7500.0,7515.0,Call DEX 5,DEX,206.911,6993.925692911163,9271.547099400415
2026-08-25 08:14:30,7500.0,7515.0,Put GEX 2,GEX,-453840.881,6993.925692911163,9271.547099400415
2026-08-25 08:14:30,7500.0,7515.0,Call VEX 2,VEX,3042251.543,6993.925692911163,9271.547099400415
2026-08-25 08:14:30,7550.0,7565.0,Put GEX 4,GEX,-224994.748,6993.925692911163,9271.547099400415
2026-08-25 08:14:30,7600.0,7615.25,Call CEX 2,CEX,1305180.441,6993.925692911163,9271.547099400415
2026-08-25 08:14:30,7600.0,7615.25,Put GEX 5,GEX,-210630.486,6993.925692911163,9271.547099400415
2026-08-25 08:14:30,7650.0,7665.25,Call CEX 1,CEX,1357084.642,6993.925692911163,9271.547099400415
2026-08-25 08:14:30,7665.0,7680.25,Call GEX 5,GEX,236498.777,6993.925692911163,9271.547099400415
2026-08-25 08:14:30,7690.0,7705.25,Put CEX 3,CEX,-1922470.788,6993.925692911163,9271.547099400415
2026-08-25 08:14:30,7700.0,7715.25,Put CEX 2,CEX,-2168967.051,6993.925692911163,9271.547099400415
2026-08-25 08:14:30,7700.0,7715.25,Put DEX 2,DEX,-96.827,6993.925692911163,9271.547099400415
2026-08-25 08:14:30,7725.0,7740.5,Put CEX 5,CEX,-1257194.551,6993.925692911163,9271.547099400415
2026-08-25 08:14:30,7750.0,7765.5,Put CEX 4,CEX,-1295523.182,6993.925692911163,9271.547099400415
2026-08-25 08:14:30,7750.0,7765.5,Call GEX 3,GEX,362703.926,6993.925692911163,9271.547099400415
2026-08-25 08:14:30,7750.0,7765.5,Put VEX 4,VEX,-757221.373,6993.925692911163,9271.547099400415
2026-08-25 08:14:30,7780.0,7795.5,Put DEX 3,DEX,-27.716,6993.925692911163,9271.547099400415
2026-08-25 08:14:30,7800.0,7815.5,Call GEX 2,GEX,481462.661,6993.925692911163,9271.547099400415
2026-08-25 08:14:30,7800.0,7815.5,Put VEX 2,VEX,-1271245.383,6993.925692911163,9271.547099400415
2026-08-25 08:14:30,7850.0,7865.75,Call GEX 4,GEX,292376.625,6993.925692911163,9271.547099400415
2026-08-25 08:14:30,7900.0,7915.75,Call GEX 1,GEX,551171.024,6993.925692911163,9271.547099400415
2026-08-25 08:14:30,7900.0,7915.75,Put VEX 3,VEX,-1214428.361,6993.925692911163,9271.547099400415
2026-08-25 08:14:30,8000.0,8016.0,Put CEX 1,CEX,-3076907.881,6993.925692911163,9271.547099400415
2026-08-25 08:14:30,8000.0,8016.0,Put DEX 1,DEX,-2141.94,6993.925692911163,9271.547099400415
2026-08-25 08:14:30,8000.0,8016.0,Put VEX 1,VEX,-11508921.57,6993.925692911163,9271.547099400415
2026-08-25 08:14:30,8200.0,8216.25,Put VEX 5,VEX,-700545.969,6993.925692911163,9271.547099400415
2026-08-25 08:15:17,6800.0,6813.0,Put DEX 4,DEX,-27.162,6903.018812638755,9270.345916007844
2026-08-25 08:15:17,7000.0,7013.5,Call CEX 3,CEX,1087970.888,6903.018812638755,9270.345916007844
2026-08-25 08:15:17,7000.0,7013.5,Call DEX 1,DEX,791.529,6903.018812638755,9270.345916007844
2026-08-25 08:15:17,7000.0,7013.5,Put GEX 1,GEX,-756265.039,6903.018812638755,9270.345916007844
2026-08-25 08:15:17,7000.0,7013.5,Call VEX 1,VEX,6240043.701,6903.018812638755,9270.345916007844
2026-08-25 08:15:17,7160.0,7173.75,Put DEX 5,DEX,-23.538,6903.018812638755,9270.345916007844
2026-08-25 08:15:17,7200.0,7214.0,Put GEX 5,GEX,-213090.304,6903.018812638755,9270.345916007844
2026-08-25 08:15:17,7300.0,7314.0,Call DEX 2,DEX,253.162,6903.018812638755,9270.345916007844
2026-08-25 08:15:17,7300.0,7314.0,Call VEX 5,VEX,1868455.778,6903.018812638755,9270.345916007844
2026-08-25 08:15:17,7400.0,7414.25,Call CEX 5,CEX,881251.707,6903.018812638755,9270.345916007844
2026-08-25 08:15:17,7400.0,7414.25,Call DEX 4,DEX,212.01,6903.018812638755,9270.345916007844
2026-08-25 08:15:17,7400.0,7414.25,Put GEX 3,GEX,-299604.863,6903.018812638755,9270.345916007844
2026-08-25 08:15:17,7400.0,7414.25,Call VEX 3,VEX,2358254.717,6903.018812638755,9270.345916007844
2026-08-25 08:15:17,7450.0,7464.25,Call DEX 3,DEX,244.342,6903.018812638755,9270.345916007844
2026-08-25 08:15:17,7450.0,7464.25,Call VEX 4,VEX,1933102.238,6903.018812638755,9270.345916007844
2026-08-25 08:15:17,7500.0,7514.5,Call CEX 4,CEX,1037811.208,6903.018812638755,9270.345916007844
2026-08-25 08:15:17,7500.0,7514.5,Call DEX 5,DEX,209.362,6903.018812638755,9270.345916007844
2026-08-25 08:15:17,7500.0,7514.5,Put GEX 2,GEX,-452596.381,6903.018812638755,9270.345916007844
2026-08-25 08:15:17,7500.0,7514.5,Call VEX 2,VEX,3046444.221,6903.018812638755,9270.345916007844
2026-08-25 08:15:17,7550.0,7564.5,Put GEX 4,GEX,-222271.691,6903.018812638755,9270.345916007844
2026-08-25 08:15:17,7600.0,7614.75,Call CEX 2,CEX,1307318.581,6903.018812638755,9270.345916007844
2026-08-25 08:15:17,7650.0,7664.75,Call CEX 1,CEX,1442535.021,6903.018812638755,9270.345916007844
2026-08-25 08:15:17,7665.0,7679.75,Call GEX 5,GEX,253436.617,6903.018812638755,9270.345916007844
2026-08-25 08:15:17,7690.0,7704.75,Put CEX 3,CEX,-1943320.985,6903.018812638755,9270.345916007844
2026-08-25 08:15:17,7700.0,7714.75,Put CEX 2,CEX,-2191659.217,6903.018812638755,9270.345916007844
2026-08-25 08:15:17,7700.0,7714.75,Put DEX 2,DEX,-93.886,6903.018812638755,9270.345916007844
2026-08-25 08:15:17,7725.0,7740.0,Put CEX 5,CEX,-1315096.413,6903.018812638755,9270.345916007844
2026-08-25 08:15:17,7750.0,7765.0,Put CEX 4,CEX,-1335545.828,6903.018812638755,9270.345916007844
2026-08-25 08:15:17,7750.0,7765.0,Call GEX 3,GEX,364613.805,6903.018812638755,9270.345916007844
2026-08-25 08:15:17,7750.0,7765.0,Put VEX 4,VEX,-751985.139,6903.018812638755,9270.345916007844
2026-08-25 08:15:17,7780.0,7795.0,Put DEX 3,DEX,-27.291,6903.018812638755,9270.345916007844
2026-08-25 08:15:17,7800.0,7815.0,Call GEX 2,GEX,485990.398,6903.018812638755,9270.345916007844
2026-08-25 08:15:17,7800.0,7815.0,Put VEX 2,VEX,-1266104.194,6903.018812638755,9270.345916007844
2026-08-25 08:15:17,7850.0,7865.25,Call GEX 4,GEX,293614.983,6903.018812638755,9270.345916007844
2026-08-25 08:15:17,7900.0,7915.25,Call GEX 1,GEX,553999.623,6903.018812638755,9270.345916007844
2026-08-25 08:15:17,7900.0,7915.25,Put VEX 3,VEX,-1214222.329,6903.018812638755,9270.345916007844
2026-08-25 08:15:17,8000.0,8015.5,Put CEX 1,CEX,-3088865.345,6903.018812638755,9270.345916007844
2026-08-25 08:15:17,8000.0,8015.5,Put DEX 1,DEX,-2134.825,6903.018812638755,9270.345916007844
2026-08-25 08:15:17,8000.0,8015.5,Put VEX 1,VEX,-11520991.462,6903.018812638755,9270.345916007844
2026-08-25 08:15:17,8200.0,8215.75,Put VEX 5,VEX,-701615.826,6903.018812638755,9270.345916007844
2026-08-25 08:16:07,6800.0,6813.25,Put DEX 4,DEX,-27.122,6902.397955234503,9272.03535337536
2026-08-25 08:16:07,7000.0,7013.5,Call CEX 3,CEX,1119327.711,6902.397955234503,9272.03535337536
2026-08-25 08:16:07,7000.0,7013.5,Call DEX 1,DEX,783.056,6902.397955234503,9272.03535337536
2026-08-25 08:16:07,7000.0,7013.5,Put GEX 1,GEX,-711193.765,6902.397955234503,9272.03535337536
2026-08-25 08:16:07,7000.0,7013.5,Call VEX 1,VEX,6573699.755,6902.397955234503,9272.03535337536
2026-08-25 08:16:07,7160.0,7173.75,Put DEX 5,DEX,-23.486,6902.397955234503,9272.03535337536
2026-08-25 08:16:07,7300.0,7314.25,Call DEX 2,DEX,252.2,6902.397955234503,9272.03535337536
2026-08-25 08:16:07,7300.0,7314.25,Call VEX 5,VEX,1880782.341,6902.397955234503,9272.03535337536
2026-08-25 08:16:07,7400.0,7414.25,Call CEX 5,CEX,882058.363,6902.397955234503,9272.03535337536
2026-08-25 08:16:07,7400.0,7414.25,Call DEX 4,DEX,211.246,6902.397955234503,9272.03535337536
2026-08-25 08:16:07,7400.0,7414.25,Put GEX 3,GEX,-298328.437,6902.397955234503,9272.03535337536
2026-08-25 08:16:07,7400.0,7414.25,Call VEX 3,VEX,2362031.766,6902.397955234503,9272.03535337536
2026-08-25 08:16:07,7450.0,7464.5,Call DEX 3,DEX,243.475,6902.397955234503,9272.03535337536
2026-08-25 08:16:07,7450.0,7464.5,Call VEX 4,VEX,1939310.868,6902.397955234503,9272.03535337536
2026-08-25 08:16:07,7500.0,7514.5,Call CEX 4,CEX,1042015.48,6902.397955234503,9272.03535337536
2026-08-25 08:16:07,7500.0,7514.5,Call DEX 5,DEX,209.168,6902.397955234503,9272.03535337536
2026-08-25 08:16:07,7500.0,7514.5,Put GEX 2,GEX,-454409.981,6902.397955234503,9272.03535337536
2026-08-25 08:16:07,7500.0,7514.5,Call VEX 2,VEX,3048614.87,6902.397955234503,9272.03535337536
2026-08-25 08:16:07,7550.0,7564.5,Put GEX 4,GEX,-225252.839,6902.397955234503,9272.03535337536
2026-08-25 08:16:07,7600.0,7614.75,Call CEX 2,CEX,1257910.667,6902.397955234503,9272.03535337536
2026-08-25 08:16:07,7600.0,7614.75,Put GEX 5,GEX,-205752.609,6902.397955234503,9272.03535337536
2026-08-25 08:16:07,7650.0,7664.75,Call CEX 1,CEX,1459273.537,6902.397955234503,9272.03535337536
2026-08-25 08:16:07,7665.0,7679.75,Call GEX 5,GEX,231145.727,6902.397955234503,9272.03535337536
2026-08-25 08:16:07,7690.0,7705.0,Put CEX 3,CEX,-1962930.317,6902.397955234503,9272.03535337536
2026-08-25 08:16:07,7700.0,7715.0,Put CEX 2,CEX,-2191362.641,6902.397955234503,9272.03535337536
2026-08-25 08:16:07,7700.0,7715.0,Put DEX 2,DEX,-92.896,6902.397955234503,9272.03535337536
2026-08-25 08:16:07,7725.0,7740.0,Put CEX 4,CEX,-1320877.146,6902.397955234503,9272.03535337536
2026-08-25 08:16:07,7750.0,7765.0,Put CEX 5,CEX,-1294776.245,6902.397955234503,9272.03535337536
2026-08-25 08:16:07,7750.0,7765.0,Call GEX 3,GEX,363562.59,6902.397955234503,9272.03535337536
2026-08-25 08:16:07,7750.0,7765.0,Put VEX 4,VEX,-745041.553,6902.397955234503,9272.03535337536
2026-08-25 08:16:07,7780.0,7795.0,Put DEX 3,DEX,-27.137,6902.397955234503,9272.03535337536
2026-08-25 08:16:07,7800.0,7815.0,Call GEX 2,GEX,483713.185,6902.397955234503,9272.03535337536
2026-08-25 08:16:07,7800.0,7815.0,Put VEX 2,VEX,-1261909.433,6902.397955234503,9272.03535337536
2026-08-25 08:16:07,7850.0,7865.25,Call GEX 4,GEX,294166.371,6902.397955234503,9272.03535337536
2026-08-25 08:16:07,7900.0,7915.25,Call GEX 1,GEX,555176.146,6902.397955234503,9272.03535337536
2026-08-25 08:16:07,7900.0,7915.25,Put VEX 3,VEX,-1215047.415,6902.397955234503,9272.03535337536
2026-08-25 08:16:07,8000.0,8015.5,Put CEX 1,CEX,-3087799.8,6902.397955234503,9272.03535337536
2026-08-25 08:16:07,8000.0,8015.5,Put DEX 1,DEX,-2142.376,6902.397955234503,9272.03535337536
2026-08-25 08:16:07,8000.0,8015.5,Put VEX 1,VEX,-11522002.212,6902.397955234503,9272.03535337536
2026-08-25 08:16:07,8200.0,8216.0,Put VEX 5,VEX,-702664.167,6902.397955234503,9272.03535337536
2026-08-25 08:16:55,6800.0,6813.0,Put DEX 3,DEX,-27.03,6752.781343839321,9269.792317895342
2026-08-25 08:16:55,7000.0,7013.25,Call CEX 3,CEX,1095380.93,6752.781343839321,9269.792317895342
2026-08-25 08:16:55,7000.0,7013.25,Call DEX 1,DEX,791.046,6752.781343839321,9269.792317895342
2026-08-25 08:16:55,7000.0,7013.25,Put GEX 1,GEX,-737688.956,6752.781343839321,9269.792317895342
2026-08-25 08:16:55,7000.0,7013.25,Call VEX 1,VEX,6336600.629,6752.781343839321,9269.792317895342
2026-08-25 08:16:55,7160.0,7173.75,Put DEX 5,DEX,-23.427,6752.781343839321,9269.792317895342
2026-08-25 08:16:55,7200.0,7213.75,Put GEX 5,GEX,-211955.986,6752.781343839321,9269.792317895342
2026-08-25 08:16:55,7300.0,7314.0,Call DEX 2,DEX,253.674,6752.781343839321,9269.792317895342
2026-08-25 08:16:55,7300.0,7314.0,Call VEX 5,VEX,1870345.011,6752.781343839321,9269.792317895342
2026-08-25 08:16:55,7400.0,7414.0,Call CEX 5,CEX,878826.999,6752.781343839321,9269.792317895342
2026-08-25 08:16:55,7400.0,7414.0,Call DEX 5,DEX,209.018,6752.781343839321,9269.792317895342
2026-08-25 08:16:55,7400.0,7414.0,Put GEX 3,GEX,-298314.823,6752.781343839321,9269.792317895342
2026-08-25 08:16:55,7400.0,7414.0,Call VEX 3,VEX,2358942.286,6752.781343839321,9269.792317895342
2026-08-25 08:16:55,7450.0,7464.25,Call DEX 3,DEX,245.532,6752.781343839321,9269.792317895342
2026-08-25 08:16:55,7450.0,7464.25,Call VEX 4,VEX,1933032.792,6752.781343839321,9269.792317895342
2026-08-25 08:16:55,7500.0,7514.25,Call CEX 4,CEX,1038031.032,6752.781343839321,9269.792317895342
2026-08-25 08:16:55,7500.0,7514.25,Call DEX 4,DEX,212.286,6752.781343839321,9269.792317895342
2026-08-25 08:16:55,7500.0,7514.25,Put GEX 2,GEX,-451831.686,6752.781343839321,9269.792317895342
2026-08-25 08:16:55,7500.0,7514.25,Call VEX 2,VEX,3056123.203,6752.781343839321,9269.792317895342
2026-08-25 08:16:55,7550.0,7564.5,Put GEX 4,GEX,-221544.671,6752.781343839321,9269.792317895342
2026-08-25 08:16:55,7600.0,7614.5,Call CEX 2,CEX,1259601.789,6752.781343839321,9269.792317895342
2026-08-25 08:16:55,7650.0,7664.5,Call CEX 1,CEX,1539019.751,6752.781343839321,9269.792317895342
2026-08-25 08:16:55,7665.0,7679.5,Call GEX 5,GEX,256687.146,6752.781343839321,9269.792317895342
2026-08-25 08:16:55,7690.0,7704.75,Put CEX 3,CEX,-1986697.476,6752.781343839321,9269.792317895342
2026-08-25 08:16:55,7700.0,7714.75,Put CEX 2,CEX,-2230620.57,6752.781343839321,9269.792317895342
2026-08-25 08:16:55,7700.0,7714.75,Put DEX 2,DEX,-89.186,6752.781343839321,9269.792317895342
2026-08-25 08:16:55,7725.0,7739.75,Put CEX 4,CEX,-1352811.414,6752.781343839321,9269.792317895342
2026-08-25 08:16:55,7750.0,7764.75,Put CEX 5,CEX,-1350091.043,6752.781343839321,9269.792317895342
2026-08-25 08:16:55,7750.0,7764.75,Call GEX 3,GEX,366054.497,6752.781343839321,9269.792317895342
2026-08-25 08:16:55,7750.0,7764.75,Put VEX 4,VEX,-738657.943,6752.781343839321,9269.792317895342
2026-08-25 08:16:55,7780.0,7794.75,Put DEX 4,DEX,-26.59,6752.781343839321,9269.792317895342
2026-08-25 08:16:55,7800.0,7814.75,Call GEX 2,GEX,489286.377,6752.781343839321,9269.792317895342
2026-08-25 08:16:55,7800.0,7814.75,Put VEX 2,VEX,-1254548.873,6752.781343839321,9269.792317895342
2026-08-25 08:16:55,7850.0,7865.0,Call GEX 4,GEX,296078.791,6752.781343839321,9269.792317895342
2026-08-25 08:16:55,7900.0,7915.0,Call GEX 1,GEX,559200.517,6752.781343839321,9269.792317895342
2026-08-25 08:16:55,7900.0,7915.0,Put VEX 3,VEX,-1215573.867,6752.781343839321,9269.792317895342
2026-08-25 08:16:55,8000.0,8015.25,Put CEX 1,CEX,-3099610.246,6752.781343839321,9269.792317895342
2026-08-25 08:16:55,8000.0,8015.25,Put DEX 1,DEX,-2132.834,6752.781343839321,9269.792317895342
2026-08-25 08:16:55,8000.0,8015.25,Put VEX 1,VEX,-11540088.465,6752.781343839321,9269.792317895342
2026-08-25 08:16:55,8200.0,8215.75,Put VEX 5,VEX,-703975.52,6752.781343839321,9269.792317895342
2026-08-25 08:17:42,6800.0,6813.25,Put DEX 3,DEX,-26.967,6753.002021483004,9269.14448165268
2026-08-25 08:17:42,7000.0,7013.5,Call CEX 3,CEX,1086156.722,6753.002021483004,9269.14448165268
2026-08-25 08:17:42,7000.0,7013.5,Call DEX 1,DEX,793.63,6753.002021483004,9269.14448165268
2026-08-25 08:17:42,7000.0,7013.5,Put GEX 1,GEX,-749984.81,6753.002021483004,9269.14448165268
2026-08-25 08:17:42,7000.0,7013.5,Call VEX 1,VEX,6237874.773,6753.002021483004,9269.14448165268
2026-08-25 08:17:42,7160.0,7174.0,Put DEX 5,DEX,-23.4,6753.002021483004,9269.14448165268
2026-08-25 08:17:42,7200.0,7214.0,Put GEX 5,GEX,-211666.555,6753.002021483004,9269.14448165268
2026-08-25 08:17:42,7300.0,7314.25,Call DEX 2,DEX,254.294,6753.002021483004,9269.14448165268
2026-08-25 08:17:42,7300.0,7314.25,Call VEX 5,VEX,1865196.861,6753.002021483004,9269.14448165268
2026-08-25 08:17:42,7400.0,7414.5,Call CEX 5,CEX,875665.962,6753.002021483004,9269.14448165268
2026-08-25 08:17:42,7400.0,7414.5,Call DEX 5,DEX,209.855,6753.002021483004,9269.14448165268
2026-08-25 08:17:42,7400.0,7414.5,Put GEX 3,GEX,-297423.796,6753.002021483004,9269.14448165268
2026-08-25 08:17:42,7400.0,7414.5,Call VEX 3,VEX,2356503.503,6753.002021483004,9269.14448165268
2026-08-25 08:17:42,7450.0,7464.5,Call DEX 3,DEX,246.277,6753.002021483004,9269.14448165268
2026-08-25 08:17:42,7450.0,7464.5,Call VEX 4,VEX,1936989.481,6753.002021483004,9269.14448165268
2026-08-25 08:17:42,7500.0,7514.5,Call CEX 4,CEX,1040383.488,6753.002021483004,9269.14448165268
2026-08-25 08:17:42,7500.0,7514.5,Call DEX 4,DEX,213.63,6753.002021483004,9269.14448165268
2026-08-25 08:17:42,7500.0,7514.5,Put GEX 2,GEX,-451100.375,6753.002021483004,9269.14448165268
2026-08-25 08:17:42,7500.0,7514.5,Call VEX 2,VEX,3060781.588,6753.002021483004,9269.14448165268
2026-08-25 08:17:42,7550.0,7564.75,Put GEX 4,GEX,-220996.086,6753.002021483004,9269.14448165268
2026-08-25 08:17:42,7600.0,7614.75,Call CEX 2,CEX,1262238.45,6753.002021483004,9269.14448165268
2026-08-25 08:17:42,7650.0,7664.75,Call CEX 1,CEX,1563027.829,6753.002021483004,9269.14448165268
2026-08-25 08:17:42,7665.0,7680.0,Call GEX 5,GEX,243396.452,6753.002021483004,9269.14448165268
2026-08-25 08:17:42,7690.0,7705.0,Put CEX 3,CEX,-2001184.121,6753.002021483004,9269.14448165268
2026-08-25 08:17:42,7700.0,7715.0,Put CEX 2,CEX,-2231479.29,6753.002021483004,9269.14448165268
2026-08-25 08:17:42,7700.0,7715.0,Put DEX 2,DEX,-88.077,6753.002021483004,9269.14448165268
2026-08-25 08:17:42,7725.0,7740.0,Put CEX 4,CEX,-1345545.357,6753.002021483004,9269.14448165268
2026-08-25 08:17:42,7750.0,7765.0,Put CEX 5,CEX,-1329218.037,6753.002021483004,9269.14448165268
2026-08-25 08:17:42,7750.0,7765.0,Call GEX 3,GEX,367856.295,6753.002021483004,9269.14448165268
2026-08-25 08:17:42,7750.0,7765.0,Put VEX 4,VEX,-732901.261,6753.002021483004,9269.14448165268
2026-08-25 08:17:42,7780.0,7795.0,Put DEX 4,DEX,-26.377,6753.002021483004,9269.14448165268
2026-08-25 08:17:42,7800.0,7815.25,Call GEX 2,GEX,490262.176,6753.002021483004,9269.14448165268
2026-08-25 08:17:42,7800.0,7815.25,Put VEX 2,VEX,-1251250.063,6753.002021483004,9269.14448165268
2026-08-25 08:17:42,7850.0,7865.25,Call GEX 4,GEX,296962.002,6753.002021483004,9269.14448165268
2026-08-25 08:17:42,7900.0,7915.25,Call GEX 1,GEX,560614.044,6753.002021483004,9269.14448165268
2026-08-25 08:17:42,7900.0,7915.25,Put VEX 3,VEX,-1215898.557,6753.002021483004,9269.14448165268
2026-08-25 08:17:42,8000.0,8015.5,Put CEX 1,CEX,-3100281.202,6753.002021483004,9269.14448165268
2026-08-25 08:17:42,8000.0,8015.5,Put DEX 1,DEX,-2130.276,6753.002021483004,9269.14448165268
2026-08-25 08:17:42,8000.0,8015.5,Put VEX 1,VEX,-11540195.379,6753.002021483004,9269.14448165268
2026-08-25 08:17:42,8200.0,8216.0,Put VEX 5,VEX,-704903.963,6753.002021483004,9269.14448165268
2026-08-25 08:18:29,6800.0,6812.75,Put DEX 3,DEX,-26.99,6702.931773744665,9269.63663398541
2026-08-25 08:18:29,7000.0,7013.25,Call CEX 3,CEX,1094847.662,6702.931773744665,9269.63663398541
2026-08-25 08:18:29,7000.0,7013.25,Call DEX 1,DEX,791.828,6702.931773744665,9269.63663398541
2026-08-25 08:18:29,7000.0,7013.25,Put GEX 1,GEX,-740197.345,6702.931773744665,9269.63663398541
2026-08-25 08:18:29,7000.0,7013.25,Call VEX 1,VEX,6316117.283,6702.931773744665,9269.63663398541
2026-08-25 08:18:29,7160.0,7173.5,Put DEX 5,DEX,-23.421,6702.931773744665,9269.63663398541
2026-08-25 08:18:29,7200.0,7213.5,Put GEX 5,GEX,-208071.527,6702.931773744665,9269.63663398541
2026-08-25 08:18:29,7300.0,7313.75,Call DEX 2,DEX,253.546,6702.931773744665,9269.63663398541
2026-08-25 08:18:29,7300.0,7313.75,Call VEX 5,VEX,1873091.632,6702.931773744665,9269.63663398541
2026-08-25 08:18:29,7400.0,7414.0,Call CEX 5,CEX,879211.306,6702.931773744665,9269.63663398541
2026-08-25 08:18:29,7400.0,7414.0,Call DEX 4,DEX,209.375,6702.931773744665,9269.63663398541
2026-08-25 08:18:29,7400.0,7414.0,Put GEX 3,GEX,-298214.751,6702.931773744665,9269.63663398541
2026-08-25 08:18:29,7400.0,7414.0,Call VEX 3,VEX,2359112.116,6702.931773744665,9269.63663398541
2026-08-25 08:18:29,7450.0,7464.0,Call DEX 3,DEX,233.107,6702.931773744665,9269.63663398541
2026-08-25 08:18:29,7450.0,7464.0,Call VEX 4,VEX,1930045.24,6702.931773744665,9269.63663398541
2026-08-25 08:18:29,7500.0,7514.0,Call CEX 4,CEX,1036974.921,6702.931773744665,9269.63663398541
2026-08-25 08:18:29,7500.0,7514.0,Call DEX 5,DEX,209.209,6702.931773744665,9269.63663398541
2026-08-25 08:18:29,7500.0,7514.0,Put GEX 2,GEX,-452017.142,6702.931773744665,9269.63663398541
2026-08-25 08:18:29,7500.0,7514.0,Call VEX 2,VEX,3057189.1,6702.931773744665,9269.63663398541
2026-08-25 08:18:29,7550.0,7564.25,Put GEX 4,GEX,-221324.5,6702.931773744665,9269.63663398541
2026-08-25 08:18:29,7600.0,7614.25,Call CEX 2,CEX,1263196.749,6702.931773744665,9269.63663398541
2026-08-25 08:18:29,7650.0,7664.25,Call CEX 1,CEX,1567607.196,6702.931773744665,9269.63663398541
2026-08-25 08:18:29,7665.0,7679.5,Call GEX 5,GEX,268406.362,6702.931773744665,9269.63663398541
2026-08-25 08:18:29,7690.0,7704.5,Put CEX 3,CEX,-1991906.655,6702.931773744665,9269.63663398541
2026-08-25 08:18:29,7700.0,7714.5,Put CEX 2,CEX,-2228837.376,6702.931773744665,9269.63663398541
2026-08-25 08:18:29,7700.0,7714.5,Put DEX 2,DEX,-88.688,6702.931773744665,9269.63663398541
2026-08-25 08:18:29,7725.0,7739.5,Put CEX 4,CEX,-1364503.397,6702.931773744665,9269.63663398541
2026-08-25 08:18:29,7750.0,7764.5,Put CEX 5,CEX,-1363645.661,6702.931773744665,9269.63663398541
2026-08-25 08:18:29,7750.0,7764.5,Call GEX 3,GEX,366039.497,6702.931773744665,9269.63663398541
2026-08-25 08:18:29,7750.0,7764.5,Put VEX 4,VEX,-737565.491,6702.931773744665,9269.63663398541
2026-08-25 08:18:29,7780.0,7794.5,Put DEX 4,DEX,-26.561,6702.931773744665,9269.63663398541
2026-08-25 08:18:29,7800.0,7814.75,Call GEX 2,GEX,489214.777,6702.931773744665,9269.63663398541
2026-08-25 08:18:29,7800.0,7814.75,Put VEX 2,VEX,-1253805.662,6702.931773744665,9269.63663398541
2026-08-25 08:18:29,7850.0,7864.75,Call GEX 4,GEX,296083.261,6702.931773744665,9269.63663398541
2026-08-25 08:18:29,7900.0,7914.75,Call GEX 1,GEX,559475.956,6702.931773744665,9269.63663398541
2026-08-25 08:18:29,7900.0,7914.75,Put VEX 3,VEX,-1214958.811,6702.931773744665,9269.63663398541
2026-08-25 08:18:29,8000.0,8015.0,Put CEX 1,CEX,-3102129.389,6702.931773744665,9269.63663398541
2026-08-25 08:18:29,8000.0,8015.0,Put DEX 1,DEX,-2131.854,6702.931773744665,9269.63663398541
2026-08-25 08:18:29,8000.0,8015.0,Put VEX 1,VEX,-11540180.36,6702.931773744665,9269.63663398541
2026-08-25 08:18:29,8200.0,8215.5,Put VEX 5,VEX,-704651.525,6702.931773744665,9269.63663398541
2026-08-25 08:19:17,6800.0,6813.0,Put DEX 3,DEX,-27.066,6801.849789744329,9272.548407607715
2026-08-25 08:19:17,7000.0,7013.5,Call CEX 3,CEX,1112397.296,6801.849789744329,9272.548407607715
2026-08-25 08:19:17,7000.0,7013.5,Call DEX 1,DEX,802.455,6801.849789744329,9272.548407607715
2026-08-25 08:19:17,7000.0,7013.5,Put GEX 1,GEX,-743346.518,6801.849789744329,9272.548407607715
2026-08-25 08:19:17,7000.0,7013.5,Call VEX 1,VEX,6317581.241,6801.849789744329,9272.548407607715
2026-08-25 08:19:17,7160.0,7173.75,Put DEX 5,DEX,-23.476,6801.849789744329,9272.548407607715
2026-08-25 08:19:17,7200.0,7213.75,Put GEX 5,GEX,-212688.87,6801.849789744329,9272.548407607715
2026-08-25 08:19:17,7300.0,7314.0,Call DEX 2,DEX,254.473,6801.849789744329,9272.548407607715
2026-08-25 08:19:17,7300.0,7314.0,Call VEX 5,VEX,1867934.767,6801.849789744329,9272.548407607715
2026-08-25 08:19:17,7400.0,7414.25,Call CEX 5,CEX,883418.722,6801.849789744329,9272.548407607715
2026-08-25 08:19:17,7400.0,7414.25,Call DEX 4,DEX,213.149,6801.849789744329,9272.548407607715
2026-08-25 08:19:17,7400.0,7414.25,Put GEX 3,GEX,-299057.349,6801.849789744329,9272.548407607715
2026-08-25 08:19:17,7400.0,7414.25,Call VEX 3,VEX,2359091.364,6801.849789744329,9272.548407607715
2026-08-25 08:19:17,7450.0,7464.25,Call DEX 3,DEX,237.729,6801.849789744329,9272.548407607715
2026-08-25 08:19:17,7450.0,7464.25,Call VEX 4,VEX,1932833.235,6801.849789744329,9272.548407607715
2026-08-25 08:19:17,7500.0,7514.5,Call CEX 4,CEX,1049378.643,6801.849789744329,9272.548407607715
2026-08-25 08:19:17,7500.0,7514.5,Call DEX 5,DEX,210.833,6801.849789744329,9272.548407607715
2026-08-25 08:19:17,7500.0,7514.5,Put GEX 2,GEX,-450851.025,6801.849789744329,9272.548407607715
2026-08-25 08:19:17,7500.0,7514.5,Call VEX 2,VEX,3054927.58,6801.849789744329,9272.548407607715
2026-08-25 08:19:17,7550.0,7564.5,Put GEX 4,GEX,-221639.446,6801.849789744329,9272.548407607715
2026-08-25 08:19:17,7600.0,7614.5,Call CEX 2,CEX,1263695.243,6801.849789744329,9272.548407607715
2026-08-25 08:19:17,7650.0,7664.75,Call CEX 1,CEX,1517256.506,6801.849789744329,9272.548407607715
2026-08-25 08:19:17,7665.0,7679.75,Call GEX 5,GEX,273356.195,6801.849789744329,9272.548407607715
2026-08-25 08:19:17,7690.0,7704.75,Put CEX 3,CEX,-1963460.234,6801.849789744329,9272.548407607715
2026-08-25 08:19:17,7700.0,7714.75,Put CEX 2,CEX,-2213945.621,6801.849789744329,9272.548407607715
2026-08-25 08:19:17,7700.0,7714.75,Put DEX 2,DEX,-91.528,6801.849789744329,9272.548407607715
2026-08-25 08:19:17,7725.0,7739.75,Put CEX 5,CEX,-1341092.836,6801.849789744329,9272.548407607715
2026-08-25 08:19:17,7750.0,7764.75,Put CEX 4,CEX,-1370868.043,6801.849789744329,9272.548407607715
2026-08-25 08:19:17,7750.0,7764.75,Call GEX 3,GEX,362892.132,6801.849789744329,9272.548407607715
2026-08-25 08:19:17,7750.0,7764.75,Put VEX 4,VEX,-746457.543,6801.849789744329,9272.548407607715
2026-08-25 08:19:17,7780.0,7795.0,Put DEX 4,DEX,-26.984,6801.849789744329,9272.548407607715
2026-08-25 08:19:17,7800.0,7815.0,Call GEX 2,GEX,487612.199,6801.849789744329,9272.548407607715
2026-08-25 08:19:17,7800.0,7815.0,Put VEX 2,VEX,-1258600.752,6801.849789744329,9272.548407607715
2026-08-25 08:19:17,7850.0,7865.0,Call GEX 4,GEX,294297.996,6801.849789744329,9272.548407607715
2026-08-25 08:19:17,7900.0,7915.25,Call GEX 1,GEX,555821.373,6801.849789744329,9272.548407607715
2026-08-25 08:19:17,7900.0,7915.25,Put VEX 3,VEX,-1213000.755,6801.849789744329,9272.548407607715
2026-08-25 08:19:17,8000.0,8015.25,Put CEX 1,CEX,-3058118.901,6801.849789744329,9272.548407607715
2026-08-25 08:19:17,8000.0,8015.25,Put DEX 1,DEX,-2122.545,6801.849789744329,9272.548407607715
2026-08-25 08:19:17,8000.0,8015.25,Put VEX 1,VEX,-11514738.449,6801.849789744329,9272.548407607715
2026-08-25 08:19:17,8200.0,8215.75,Put VEX 5,VEX,-703457.185,6801.849789744329,9272.548407607715
2026-08-25 08:20:05,6800.0,6814.0,Put DEX 3,DEX,-26.909,6650.717277709143,9271.892093446544
2026-08-25 08:20:05,7000.0,7014.25,Call CEX 3,CEX,1106626.848,6650.717277709143,9271.892093446544
2026-08-25 08:20:05,7000.0,7014.25,Call DEX 1,DEX,789.003,6650.717277709143,9271.892093446544
2026-08-25 08:20:05,7000.0,7014.25,Put GEX 1,GEX,-719286.227,6650.717277709143,9271.892093446544
2026-08-25 08:20:05,7000.0,7014.25,Call VEX 1,VEX,6451812.918,6650.717277709143,9271.892093446544
2026-08-25 08:20:05,7160.0,7174.75,Put DEX 5,DEX,-23.345,6650.717277709143,9271.892093446544
2026-08-25 08:20:05,7200.0,7214.75,Put GEX 5,GEX,-203406.316,6650.717277709143,9271.892093446544
2026-08-25 08:20:05,7300.0,7315.0,Call DEX 2,DEX,253.706,6650.717277709143,9271.892093446544
2026-08-25 08:20:05,7300.0,7315.0,Call VEX 5,VEX,1874172.824,6650.717277709143,9271.892093446544
2026-08-25 08:20:05,7400.0,7415.0,Call CEX 5,CEX,875860.33,6650.717277709143,9271.892093446544
2026-08-25 08:20:05,7400.0,7415.0,Call DEX 5,DEX,213.828,6650.717277709143,9271.892093446544
2026-08-25 08:20:05,7400.0,7415.0,Put GEX 3,GEX,-295068.374,6650.717277709143,9271.892093446544
2026-08-25 08:20:05,7400.0,7415.0,Call VEX 3,VEX,2357373.29,6650.717277709143,9271.892093446544
2026-08-25 08:20:05,7450.0,7465.25,Call DEX 3,DEX,245.977,6650.717277709143,9271.892093446544
2026-08-25 08:20:05,7450.0,7465.25,Call VEX 4,VEX,1940707.191,6650.717277709143,9271.892093446544
2026-08-25 08:20:05,7500.0,7515.25,Call CEX 4,CEX,1045399.981,6650.717277709143,9271.892093446544
2026-08-25 08:20:05,7500.0,7515.25,Call DEX 4,DEX,213.923,6650.717277709143,9271.892093446544
2026-08-25 08:20:05,7500.0,7515.25,Put GEX 2,GEX,-450487.984,6650.717277709143,9271.892093446544
2026-08-25 08:20:05,7500.0,7515.25,Call VEX 2,VEX,3064562.089,6650.717277709143,9271.892093446544
2026-08-25 08:20:05,7550.0,7565.5,Put GEX 4,GEX,-221645.33,6650.717277709143,9271.892093446544
2026-08-25 08:20:05,7600.0,7615.5,Call CEX 2,CEX,1266571.407,6650.717277709143,9271.892093446544
2026-08-25 08:20:05,7650.0,7665.75,Call CEX 1,CEX,1601324.338,6650.717277709143,9271.892093446544
2026-08-25 08:20:05,7665.0,7680.75,Call GEX 5,GEX,234594.89,6650.717277709143,9271.892093446544
2026-08-25 08:20:05,7690.0,7705.75,Put CEX 3,CEX,-2022066.721,6650.717277709143,9271.892093446544
2026-08-25 08:20:05,7700.0,7715.75,Put CEX 2,CEX,-2229118.677,6650.717277709143,9271.892093446544
2026-08-25 08:20:05,7700.0,7715.75,Put DEX 2,DEX,-86.974,6650.717277709143,9271.892093446544
2026-08-25 08:20:05,7725.0,7740.75,Put CEX 4,CEX,-1322631.646,6650.717277709143,9271.892093446544
2026-08-25 08:20:05,7750.0,7765.75,Put CEX 5,CEX,-1286624.497,6650.717277709143,9271.892093446544
2026-08-25 08:20:05,7750.0,7765.75,Call GEX 3,GEX,370633.695,6650.717277709143,9271.892093446544
2026-08-25 08:20:05,7750.0,7765.75,Put VEX 4,VEX,-725163.912,6650.717277709143,9271.892093446544
2026-08-25 08:20:05,7780.0,7796.0,Put DEX 4,DEX,-26.247,6650.717277709143,9271.892093446544
2026-08-25 08:20:05,7800.0,7816.0,Call GEX 2,GEX,490057.165,6650.717277709143,9271.892093446544
2026-08-25 08:20:05,7800.0,7816.0,Put VEX 2,VEX,-1246881.038,6650.717277709143,9271.892093446544
2026-08-25 08:20:05,7850.0,7866.0,Call GEX 4,GEX,298014.968,6650.717277709143,9271.892093446544
2026-08-25 08:20:05,7900.0,7916.25,Call GEX 1,GEX,561988.825,6650.717277709143,9271.892093446544
2026-08-25 08:20:05,7900.0,7916.25,Put VEX 3,VEX,-1216107.6,6650.717277709143,9271.892093446544
2026-08-25 08:20:05,8000.0,8016.25,Put CEX 1,CEX,-3098952.443,6650.717277709143,9271.892093446544
2026-08-25 08:20:05,8000.0,8016.25,Put DEX 1,DEX,-2134.071,6650.717277709143,9271.892093446544
2026-08-25 08:20:05,8000.0,8016.25,Put VEX 1,VEX,-11544009.109,6650.717277709143,9271.892093446544
2026-08-25 08:20:05,8200.0,8216.75,Put VEX 5,VEX,-705783.797,6650.717277709143,9271.892093446544
2026-08-25 08:20:52,6800.0,6813.0,Put DEX 4,DEX,-26.716,6276.1019643189575,9268.471808995602
2026-08-25 08:20:52,7000.0,7013.5,Call CEX 3,CEX,1065450.423,6276.1019643189575,9268.471808995602
2026-08-25 08:20:52,7000.0,7013.5,Put DEX 2,DEX,-111.063,6276.1019643189575,9268.471808995602
2026-08-25 08:20:52,7000.0,7013.5,Put GEX 1,GEX,-767163.204,6276.1019643189575,9268.471808995602
2026-08-25 08:20:52,7000.0,7013.5,Call VEX 1,VEX,6035193.036,6276.1019643189575,9268.471808995602
2026-08-25 08:20:52,7200.0,7213.75,Put GEX 5,GEX,-210484.289,6276.1019643189575,9268.471808995602
2026-08-25 08:20:52,7300.0,7314.0,Call DEX 1,DEX,257.069,6276.1019643189575,9268.471808995602
2026-08-25 08:20:52,7300.0,7314.0,Call VEX 5,VEX,1843546.928,6276.1019643189575,9268.471808995602
2026-08-25 08:20:52,7400.0,7414.25,Call DEX 4,DEX,213.634,6276.1019643189575,9268.471808995602
2026-08-25 08:20:52,7400.0,7414.25,Put GEX 3,GEX,-294888.202,6276.1019643189575,9268.471808995602
2026-08-25 08:20:52,7400.0,7414.25,Call VEX 3,VEX,2350107.568,6276.1019643189575,9268.471808995602
2026-08-25 08:20:52,7450.0,7464.25,Call DEX 2,DEX,237.38,6276.1019643189575,9268.471808995602
2026-08-25 08:20:52,7450.0,7464.25,Call VEX 4,VEX,1931016.602,6276.1019643189575,9268.471808995602
2026-08-25 08:20:52,7500.0,7514.5,Call CEX 4,CEX,1037556.446,6276.1019643189575,9268.471808995602
2026-08-25 08:20:52,7500.0,7514.5,Call DEX 3,DEX,216.432,6276.1019643189575,9268.471808995602
2026-08-25 08:20:52,7500.0,7514.5,Put GEX 2,GEX,-447927.101,6276.1019643189575,9268.471808995602
2026-08-25 08:20:52,7500.0,7514.5,Call VEX 2,VEX,3078899.228,6276.1019643189575,9268.471808995602
2026-08-25 08:20:52,7550.0,7564.5,Put GEX 4,GEX,-216537.109,6276.1019643189575,9268.471808995602
2026-08-25 08:20:52,7600.0,7614.5,Call CEX 2,CEX,1209596.339,6276.1019643189575,9268.471808995602
2026-08-25 08:20:52,7600.0,7614.5,Call DEX 5,DEX,198.004,6276.1019643189575,9268.471808995602
2026-08-25 08:20:52,7650.0,7664.75,Call CEX 1,CEX,1672559.893,6276.1019643189575,9268.471808995602
2026-08-25 08:20:52,7655.0,7669.75,Call CEX 5,CEX,930694.668,6276.1019643189575,9268.471808995602
2026-08-25 08:20:52,7665.0,7679.75,Call GEX 5,GEX,260856.239,6276.1019643189575,9268.471808995602
2026-08-25 08:20:52,7690.0,7704.75,Put CEX 3,CEX,-2042970.15,6276.1019643189575,9268.471808995602
2026-08-25 08:20:52,7700.0,7714.75,Put CEX 2,CEX,-2278914.69,6276.1019643189575,9268.471808995602
2026-08-25 08:20:52,7700.0,7714.75,Put DEX 3,DEX,-80.324,6276.1019643189575,9268.471808995602
2026-08-25 08:20:52,7725.0,7739.75,Put CEX 4,CEX,-1378230.001,6276.1019643189575,9268.471808995602
2026-08-25 08:20:52,7750.0,7764.75,Put CEX 5,CEX,-1376513.147,6276.1019643189575,9268.471808995602
2026-08-25 08:20:52,7750.0,7764.75,Call GEX 3,GEX,371222.05,6276.1019643189575,9268.471808995602
2026-08-25 08:20:52,7750.0,7764.75,Put VEX 4,VEX,-711860.651,6276.1019643189575,9268.471808995602
2026-08-25 08:20:52,7780.0,7795.0,Put DEX 5,DEX,-25.219,6276.1019643189575,9268.471808995602
2026-08-25 08:20:52,7800.0,7815.0,Call GEX 2,GEX,498326.694,6276.1019643189575,9268.471808995602
2026-08-25 08:20:52,7800.0,7815.0,Put VEX 2,VEX,-1233067.375,6276.1019643189575,9268.471808995602
2026-08-25 08:20:52,7850.0,7865.0,Call GEX 4,GEX,300691.07,6276.1019643189575,9268.471808995602
2026-08-25 08:20:52,7900.0,7915.25,Call GEX 1,GEX,569068.549,6276.1019643189575,9268.471808995602
2026-08-25 08:20:52,7900.0,7915.25,Put VEX 3,VEX,-1217134.299,6276.1019643189575,9268.471808995602
2026-08-25 08:20:52,8000.0,8015.25,Put CEX 1,CEX,-3117666.852,6276.1019643189575,9268.471808995602
2026-08-25 08:20:52,8000.0,8015.25,Put DEX 1,DEX,-2117.407,6276.1019643189575,9268.471808995602
2026-08-25 08:20:52,8000.0,8015.25,Put VEX 1,VEX,-11561122.119,6276.1019643189575,9268.471808995602
2026-08-25 08:20:52,8200.0,8215.75,Put VEX 5,VEX,-708744.451,6276.1019643189575,9268.471808995602
2026-08-25 08:21:41,6800.0,6813.0,Put DEX 4,DEX,-26.686,6201.267562775006,9270.43349774417
2026-08-25 08:21:41,7000.0,7013.25,Call CEX 3,CEX,1063933.49,6201.267562775006,9270.43349774417
2026-08-25 08:21:41,7000.0,7013.25,Put DEX 2,DEX,-110.278,6201.267562775006,9270.43349774417
2026-08-25 08:21:41,7000.0,7013.25,Put GEX 1,GEX,-765476.207,6201.267562775006,9270.43349774417
2026-08-25 08:21:41,7000.0,7013.25,Call VEX 1,VEX,6029039.162,6201.267562775006,9270.43349774417
2026-08-25 08:21:41,7200.0,7213.75,Put GEX 5,GEX,-209777.656,6201.267562775006,9270.43349774417
2026-08-25 08:21:41,7300.0,7313.75,Call DEX 1,DEX,257.276,6201.267562775006,9270.43349774417
2026-08-25 08:21:41,7300.0,7313.75,Call VEX 5,VEX,1845951.805,6201.267562775006,9270.43349774417
2026-08-25 08:21:41,7400.0,7414.0,Call DEX 4,DEX,213.788,6201.267562775006,9270.43349774417
2026-08-25 08:21:41,7400.0,7414.0,Put GEX 3,GEX,-293674.071,6201.267562775006,9270.43349774417
2026-08-25 08:21:41,7400.0,7414.0,Call VEX 3,VEX,2350521.969,6201.267562775006,9270.43349774417
2026-08-25 08:21:41,7450.0,7464.0,Call DEX 2,DEX,237.411,6201.267562775006,9270.43349774417
2026-08-25 08:21:41,7450.0,7464.0,Call VEX 4,VEX,1931163.068,6201.267562775006,9270.43349774417
2026-08-25 08:21:41,7500.0,7514.25,Call CEX 4,CEX,1037677.211,6201.267562775006,9270.43349774417
2026-08-25 08:21:41,7500.0,7514.25,Call DEX 3,DEX,216.886,6201.267562775006,9270.43349774417
2026-08-25 08:21:41,7500.0,7514.25,Put GEX 2,GEX,-448206.524,6201.267562775006,9270.43349774417
2026-08-25 08:21:41,7500.0,7514.25,Call VEX 2,VEX,3080361.705,6201.267562775006,9270.43349774417
2026-08-25 08:21:41,7550.0,7564.25,Put GEX 4,GEX,-217026.765,6201.267562775006,9270.43349774417
2026-08-25 08:21:41,7600.0,7614.5,Call CEX 2,CEX,1211317.741,6201.267562775006,9270.43349774417
2026-08-25 08:21:41,7600.0,7614.5,Call DEX 5,DEX,199.211,6201.267562775006,9270.43349774417
2026-08-25 08:21:41,7650.0,7664.5,Call CEX 1,CEX,1680043.599,6201.267562775006,9270.43349774417
2026-08-25 08:21:41,7655.0,7669.5,Call CEX 5,CEX,948333.74,6201.267562775006,9270.43349774417
2026-08-25 08:21:41,7665.0,7679.5,Call GEX 5,GEX,264610.072,6201.267562775006,9270.43349774417
2026-08-25 08:21:41,7690.0,7704.5,Put CEX 3,CEX,-2047191.561,6201.267562775006,9270.43349774417
2026-08-25 08:21:41,7700.0,7714.5,Put CEX 2,CEX,-2271697.078,6201.267562775006,9270.43349774417
2026-08-25 08:21:41,7700.0,7714.5,Put DEX 3,DEX,-79.212,6201.267562775006,9270.43349774417
2026-08-25 08:21:41,7725.0,7739.75,Put CEX 4,CEX,-1382778.946,6201.267562775006,9270.43349774417
2026-08-25 08:21:41,7750.0,7764.75,Put CEX 5,CEX,-1377852.753,6201.267562775006,9270.43349774417
2026-08-25 08:21:41,7750.0,7764.75,Call GEX 3,GEX,372660.687,6201.267562775006,9270.43349774417
2026-08-25 08:21:41,7750.0,7764.75,Put VEX 5,VEX,-708385.339,6201.267562775006,9270.43349774417
2026-08-25 08:21:41,7780.0,7794.75,Put DEX 5,DEX,-25.133,6201.267562775006,9270.43349774417
2026-08-25 08:21:41,7800.0,7814.75,Call GEX 2,GEX,498982.871,6201.267562775006,9270.43349774417
2026-08-25 08:21:41,7800.0,7814.75,Put VEX 2,VEX,-1230733.302,6201.267562775006,9270.43349774417
2026-08-25 08:21:41,7850.0,7864.75,Call GEX 4,GEX,301562.225,6201.267562775006,9270.43349774417
2026-08-25 08:21:41,7900.0,7915.0,Call GEX 1,GEX,570381.294,6201.267562775006,9270.43349774417
2026-08-25 08:21:41,7900.0,7915.0,Put VEX 3,VEX,-1217384.257,6201.267562775006,9270.43349774417
2026-08-25 08:21:41,8000.0,8015.25,Put CEX 1,CEX,-3122176.006,6201.267562775006,9270.43349774417
2026-08-25 08:21:41,8000.0,8015.25,Put DEX 1,DEX,-2117.655,6201.267562775006,9270.43349774417
2026-08-25 08:21:41,8000.0,8015.25,Put VEX 1,VEX,-11569480.161,6201.267562775006,9270.43349774417
2026-08-25 08:21:41,8200.0,8215.5,Put VEX 4,VEX,-710448.737,6201.267562775006,9270.43349774417
