timestamp,strikePrice,Theo ES,Rank,Greek,Value,cum_gam,cum_vec
2026-08-28 07:24:56,7000.0,7010.0,Call CEX 1,CEX,745912.03,,9006.179939622289
2026-08-28 07:24:56,7000.0,7010.0,Put DEX 2,DEX,-92.601,,9006.179939622289
2026-08-28 07:24:56,7000.0,7010.0,Put GEX 1,GEX,-372484.854,,9006.179939622289
2026-08-28 07:24:56,7000.0,7010.0,Call VEX 1,VEX,2918985.836,,9006.179939622289
2026-08-28 07:24:56,7200.0,7210.25,Put DEX 4,DEX,-22.055,,9006.179939622289
2026-08-28 07:24:56,7300.0,7310.5,Put DEX 3,DEX,-31.103,,9006.179939622289
2026-08-28 07:24:56,7300.0,7310.5,Put GEX 5,GEX,-138049.727,,9006.179939622289
2026-08-28 07:24:56,7400.0,7410.5,Call DEX 3,DEX,261.923,,9006.179939622289
2026-08-28 07:24:56,7400.0,7410.5,Put GEX 3,GEX,-227611.254,,9006.179939622289
2026-08-28 07:24:56,7450.0,7460.75,Call CEX 5,CEX,360452.041,,9006.179939622289
2026-08-28 07:24:56,7450.0,7460.75,Call DEX 2,DEX,301.473,,9006.179939622289
2026-08-28 07:24:56,7450.0,7460.75,Call VEX 5,VEX,1387513.814,,9006.179939622289
2026-08-28 07:24:56,7500.0,7510.75,Call CEX 2,CEX,597486.053,,9006.179939622289
2026-08-28 07:24:56,7500.0,7510.75,Call DEX 1,DEX,304.241,,9006.179939622289
2026-08-28 07:24:56,7500.0,7510.75,Put GEX 2,GEX,-361611.427,,9006.179939622289
2026-08-28 07:24:56,7500.0,7510.75,Call VEX 2,VEX,2638852.551,,9006.179939622289
2026-08-28 07:24:56,7550.0,7560.75,Call CEX 3,CEX,435191.437,,9006.179939622289
2026-08-28 07:24:56,7550.0,7560.75,Call DEX 5,DEX,177.022,,9006.179939622289
2026-08-28 07:24:56,7550.0,7560.75,Put GEX 4,GEX,-194654.396,,9006.179939622289
2026-08-28 07:24:56,7550.0,7560.75,Call VEX 4,VEX,1551995.756,,9006.179939622289
2026-08-28 07:24:56,7600.0,7611.0,Call CEX 4,CEX,425992.21,,9006.179939622289
2026-08-28 07:24:56,7600.0,7611.0,Call DEX 4,DEX,252.987,,9006.179939622289
2026-08-28 07:24:56,7600.0,7611.0,Call VEX 3,VEX,1935456.445,,9006.179939622289
2026-08-28 07:24:56,7750.0,7761.0,Put CEX 5,CEX,-203254.114,,9006.179939622289
2026-08-28 07:24:56,7750.0,7761.0,Call GEX 3,GEX,413404.148,,9006.179939622289
2026-08-28 07:24:56,7800.0,7811.25,Put CEX 2,CEX,-435506.002,,9006.179939622289
2026-08-28 07:24:56,7800.0,7811.25,Call GEX 1,GEX,585266.571,,9006.179939622289
2026-08-28 07:24:56,7800.0,7811.25,Put VEX 3,VEX,-583406.303,,9006.179939622289
2026-08-28 07:24:56,7825.0,7836.25,Call GEX 5,GEX,196903.971,,9006.179939622289
2026-08-28 07:24:56,7850.0,7861.25,Put CEX 4,CEX,-242182.337,,9006.179939622289
2026-08-28 07:24:56,7850.0,7861.25,Call GEX 4,GEX,365521.101,,9006.179939622289
2026-08-28 07:24:56,7850.0,7861.25,Put VEX 4,VEX,-408118.092,,9006.179939622289
2026-08-28 07:24:56,7900.0,7911.25,Put CEX 3,CEX,-432745.135,,9006.179939622289
2026-08-28 07:24:56,7900.0,7911.25,Call GEX 2,GEX,530006.803,,9006.179939622289
2026-08-28 07:24:56,7900.0,7911.25,Put VEX 2,VEX,-852837.921,,9006.179939622289
2026-08-28 07:24:56,7950.0,7961.5,Put VEX 5,VEX,-370067.716,,9006.179939622289
2026-08-28 07:24:56,8000.0,8011.5,Put CEX 1,CEX,-2796965.968,,9006.179939622289
2026-08-28 07:24:56,8000.0,8011.5,Put DEX 1,DEX,-1586.77,,9006.179939622289
2026-08-28 07:24:56,8000.0,8011.5,Put VEX 1,VEX,-8061071.623,,9006.179939622289
2026-08-28 07:24:56,8200.0,8211.75,Put DEX 5,DEX,-22.054,,9006.179939622289
2026-08-28 07:25:46,7000.0,7010.0,Call CEX 1,CEX,742077.052,,9006.404235310114
2026-08-28 07:25:46,7000.0,7010.0,Put DEX 2,DEX,-91.701,,9006.404235310114
2026-08-28 07:25:46,7000.0,7010.0,Put GEX 1,GEX,-369420.279,,9006.404235310114
2026-08-28 07:25:46,7000.0,7010.0,Call VEX 1,VEX,2903851.526,,9006.404235310114
2026-08-28 07:25:46,7300.0,7310.5,Put DEX 4,DEX,-30.728,,9006.404235310114
2026-08-28 07:25:46,7400.0,7410.75,Put DEX 3,DEX,-35.863,,9006.404235310114
2026-08-28 07:25:46,7400.0,7410.75,Put GEX 3,GEX,-247028.86,,9006.404235310114
2026-08-28 07:25:46,7450.0,7460.75,Call CEX 5,CEX,353746.407,,9006.404235310114
2026-08-28 07:25:46,7450.0,7460.75,Call DEX 2,DEX,304.442,,9006.404235310114
2026-08-28 07:25:46,7450.0,7460.75,Put GEX 5,GEX,-144809.291,,9006.404235310114
2026-08-28 07:25:46,7450.0,7460.75,Call VEX 5,VEX,1358455.682,,9006.404235310114
2026-08-28 07:25:46,7500.0,7510.75,Call CEX 2,CEX,595504.146,,9006.404235310114
2026-08-28 07:25:46,7500.0,7510.75,Call DEX 1,DEX,308.775,,9006.404235310114
2026-08-28 07:25:46,7500.0,7510.75,Put GEX 2,GEX,-363937.968,,9006.404235310114
2026-08-28 07:25:46,7500.0,7510.75,Call VEX 2,VEX,2628094.878,,9006.404235310114
2026-08-28 07:25:46,7550.0,7561.0,Call CEX 3,CEX,434380.64,,9006.404235310114
2026-08-28 07:25:46,7550.0,7561.0,Call DEX 4,DEX,180.042,,9006.404235310114
2026-08-28 07:25:46,7550.0,7561.0,Put GEX 4,GEX,-193981.4,,9006.404235310114
2026-08-28 07:25:46,7550.0,7561.0,Call VEX 4,VEX,1551775.214,,9006.404235310114
2026-08-28 07:25:46,7600.0,7611.0,Call CEX 4,CEX,430829.713,,9006.404235310114
2026-08-28 07:25:46,7600.0,7611.0,Call DEX 3,DEX,258.779,,9006.404235310114
2026-08-28 07:25:46,7600.0,7611.0,Call VEX 3,VEX,1948660.63,,9006.404235310114
2026-08-28 07:25:46,7750.0,7761.25,Put CEX 5,CEX,-193092.796,,9006.404235310114
2026-08-28 07:25:46,7750.0,7761.25,Call DEX 5,DEX,112.592,,9006.404235310114
2026-08-28 07:25:46,7750.0,7761.25,Call GEX 3,GEX,419158.24,,9006.404235310114
2026-08-28 07:25:46,7800.0,7811.25,Put CEX 3,CEX,-430545.471,,9006.404235310114
2026-08-28 07:25:46,7800.0,7811.25,Call GEX 1,GEX,593259.81,,9006.404235310114
2026-08-28 07:25:46,7800.0,7811.25,Put VEX 3,VEX,-561307.422,,9006.404235310114
2026-08-28 07:25:46,7825.0,7836.25,Call GEX 5,GEX,200643.555,,9006.404235310114
2026-08-28 07:25:46,7850.0,7861.25,Put CEX 4,CEX,-243630.647,,9006.404235310114
2026-08-28 07:25:46,7850.0,7861.25,Call GEX 4,GEX,371689.12,,9006.404235310114
2026-08-28 07:25:46,7850.0,7861.25,Put VEX 4,VEX,-405376.382,,9006.404235310114
2026-08-28 07:25:46,7900.0,7911.5,Put CEX 2,CEX,-436968.525,,9006.404235310114
2026-08-28 07:25:46,7900.0,7911.5,Call GEX 2,GEX,539442.832,,9006.404235310114
2026-08-28 07:25:46,7900.0,7911.5,Put VEX 2,VEX,-854558.635,,9006.404235310114
2026-08-28 07:25:46,7950.0,7961.5,Put VEX 5,VEX,-370884.94,,9006.404235310114
2026-08-28 07:25:46,8000.0,8011.5,Put CEX 1,CEX,-2806788.331,,9006.404235310114
2026-08-28 07:25:46,8000.0,8011.5,Put DEX 1,DEX,-1581.34,,9006.404235310114
2026-08-28 07:25:46,8000.0,8011.5,Put VEX 1,VEX,-8077325.015,,9006.404235310114
2026-08-28 07:25:46,8200.0,8211.75,Put DEX 5,DEX,-21.97,,9006.404235310114
2026-08-28 07:26:34,7000.0,7009.5,Call CEX 1,CEX,743875.896,,8995.49710469786
2026-08-28 07:26:34,7000.0,7009.5,Put DEX 2,DEX,-92.193,,8995.49710469786
2026-08-28 07:26:34,7000.0,7009.5,Put GEX 1,GEX,-372542.73,,8995.49710469786
2026-08-28 07:26:34,7000.0,7009.5,Call VEX 1,VEX,2910517.396,,8995.49710469786
2026-08-28 07:26:34,7200.0,7210.0,Put DEX 5,DEX,-22.11,,8995.49710469786
2026-08-28 07:26:34,7300.0,7310.0,Put DEX 3,DEX,-31.202,,8995.49710469786
2026-08-28 07:26:34,7300.0,7310.0,Put GEX 5,GEX,-138922.626,,8995.49710469786
2026-08-28 07:26:34,7400.0,7410.25,Call DEX 3,DEX,259.132,,8995.49710469786
2026-08-28 07:26:34,7400.0,7410.25,Put GEX 3,GEX,-204392.454,,8995.49710469786
2026-08-28 07:26:34,7450.0,7460.25,Call CEX 5,CEX,367488.925,,8995.49710469786
2026-08-28 07:26:34,7450.0,7460.25,Call DEX 2,DEX,299.06,,8995.49710469786
2026-08-28 07:26:34,7450.0,7460.25,Call VEX 5,VEX,1415044.356,,8995.49710469786
2026-08-28 07:26:34,7500.0,7510.25,Call CEX 2,CEX,599661.258,,8995.49710469786
2026-08-28 07:26:34,7500.0,7510.25,Call DEX 1,DEX,300.746,,8995.49710469786
2026-08-28 07:26:34,7500.0,7510.25,Put GEX 2,GEX,-359569.906,,8995.49710469786
2026-08-28 07:26:34,7500.0,7510.25,Call VEX 2,VEX,2651507.55,,8995.49710469786
2026-08-28 07:26:34,7550.0,7560.25,Call CEX 3,CEX,435536.717,,8995.49710469786
2026-08-28 07:26:34,7550.0,7560.25,Call DEX 5,DEX,174.716,,8995.49710469786
2026-08-28 07:26:34,7550.0,7560.25,Put GEX 4,GEX,-197195.619,,8995.49710469786
2026-08-28 07:26:34,7550.0,7560.25,Call VEX 4,VEX,1552321.862,,8995.49710469786
2026-08-28 07:26:34,7600.0,7610.5,Call CEX 4,CEX,423030.832,,8995.49710469786
2026-08-28 07:26:34,7600.0,7610.5,Call DEX 4,DEX,250.711,,8995.49710469786
2026-08-28 07:26:34,7600.0,7610.5,Call VEX 3,VEX,1925295.279,,8995.49710469786
2026-08-28 07:26:34,7750.0,7760.75,Put CEX 5,CEX,-215216.469,,8995.49710469786
2026-08-28 07:26:34,7750.0,7760.75,Call GEX 3,GEX,414721.135,,8995.49710469786
2026-08-28 07:26:34,7800.0,7810.75,Put CEX 2,CEX,-443070.962,,8995.49710469786
2026-08-28 07:26:34,7800.0,7810.75,Call GEX 1,GEX,579630.146,,8995.49710469786
2026-08-28 07:26:34,7800.0,7810.75,Put VEX 3,VEX,-609357.556,,8995.49710469786
2026-08-28 07:26:34,7825.0,7835.75,Call GEX 5,GEX,193790.319,,8995.49710469786
2026-08-28 07:26:34,7850.0,7860.75,Put CEX 4,CEX,-240470.824,,8995.49710469786
2026-08-28 07:26:34,7850.0,7860.75,Call GEX 4,GEX,360080.292,,8995.49710469786
2026-08-28 07:26:34,7850.0,7860.75,Put VEX 4,VEX,-411559.227,,8995.49710469786
2026-08-28 07:26:34,7900.0,7910.75,Put CEX 3,CEX,-425530.962,,8995.49710469786
2026-08-28 07:26:34,7900.0,7910.75,Call GEX 2,GEX,519475.816,,8995.49710469786
2026-08-28 07:26:34,7900.0,7910.75,Put VEX 2,VEX,-849209.451,,8995.49710469786
2026-08-28 07:26:34,7950.0,7961.0,Put VEX 5,VEX,-366504.783,,8995.49710469786
2026-08-28 07:26:34,8000.0,8011.0,Put CEX 1,CEX,-2775266.666,,8995.49710469786
2026-08-28 07:26:34,8000.0,8011.0,Put DEX 1,DEX,-1600.521,,8995.49710469786
2026-08-28 07:26:34,8000.0,8011.0,Put VEX 1,VEX,-8017084.28,,8995.49710469786
2026-08-28 07:26:34,8200.0,8211.25,Put DEX 4,DEX,-22.331,,8995.49710469786
2026-08-28 07:27:20,7000.0,7009.25,Call CEX 1,CEX,742716.968,,8993.236924905967
2026-08-28 07:27:20,7000.0,7009.25,Put DEX 2,DEX,-91.882,,8993.236924905967
2026-08-28 07:27:20,7000.0,7009.25,Put GEX 2,GEX,-370401.461,,8993.236924905967
2026-08-28 07:27:20,7000.0,7009.25,Call VEX 1,VEX,2906280.134,,8993.236924905967
2026-08-28 07:27:20,7300.0,7309.75,Put DEX 4,DEX,-30.884,,8993.236924905967
2026-08-28 07:27:20,7400.0,7409.75,Put DEX 3,DEX,-44.146,,8993.236924905967
2026-08-28 07:27:20,7400.0,7409.75,Put GEX 3,GEX,-249164.071,,8993.236924905967
2026-08-28 07:27:20,7450.0,7459.75,Call CEX 5,CEX,336629.897,,8993.236924905967
2026-08-28 07:27:20,7450.0,7459.75,Call DEX 2,DEX,308.457,,8993.236924905967
2026-08-28 07:27:20,7450.0,7459.75,Put GEX 5,GEX,-170060.476,,8993.236924905967
2026-08-28 07:27:20,7450.0,7459.75,Call VEX 5,VEX,1283438.456,,8993.236924905967
2026-08-28 07:27:20,7500.0,7510.0,Call CEX 2,CEX,588633.921,,8993.236924905967
2026-08-28 07:27:20,7500.0,7510.0,Call DEX 1,DEX,310.391,,8993.236924905967
2026-08-28 07:27:20,7500.0,7510.0,Put GEX 1,GEX,-376049.975,,8993.236924905967
2026-08-28 07:27:20,7500.0,7510.0,Call VEX 2,VEX,2599282.324,,8993.236924905967
2026-08-28 07:27:20,7550.0,7560.0,Call CEX 3,CEX,433978.336,,8993.236924905967
2026-08-28 07:27:20,7550.0,7560.0,Call DEX 4,DEX,180.677,,8993.236924905967
2026-08-28 07:27:20,7550.0,7560.0,Put GEX 4,GEX,-196163.688,,8993.236924905967
2026-08-28 07:27:20,7550.0,7560.0,Call VEX 4,VEX,1548204.45,,8993.236924905967
2026-08-28 07:27:20,7600.0,7610.0,Call CEX 4,CEX,427854.67,,8993.236924905967
2026-08-28 07:27:20,7600.0,7610.0,Call DEX 3,DEX,257.206,,8993.236924905967
2026-08-28 07:27:20,7600.0,7610.0,Call VEX 3,VEX,1944004.769,,8993.236924905967
2026-08-28 07:27:20,7750.0,7760.25,Put CEX 5,CEX,-200396.887,,8993.236924905967
2026-08-28 07:27:20,7750.0,7760.25,Call DEX 5,DEX,110.625,,8993.236924905967
2026-08-28 07:27:20,7750.0,7760.25,Call GEX 3,GEX,426404.689,,8993.236924905967
2026-08-28 07:27:20,7800.0,7810.25,Put CEX 2,CEX,-435956.422,,8993.236924905967
2026-08-28 07:27:20,7800.0,7810.25,Call GEX 1,GEX,599839.77,,8993.236924905967
2026-08-28 07:27:20,7800.0,7810.25,Put VEX 3,VEX,-578115.88,,8993.236924905967
2026-08-28 07:27:20,7825.0,7835.25,Call GEX 5,GEX,200219.824,,8993.236924905967
2026-08-28 07:27:20,7850.0,7860.5,Put CEX 4,CEX,-243150.04,,8993.236924905967
2026-08-28 07:27:20,7850.0,7860.5,Call GEX 4,GEX,370218.214,,8993.236924905967
2026-08-28 07:27:20,7850.0,7860.5,Put VEX 4,VEX,-408621.977,,8993.236924905967
2026-08-28 07:27:20,7900.0,7910.5,Put CEX 3,CEX,-432823.374,,8993.236924905967
2026-08-28 07:27:20,7900.0,7910.5,Call GEX 2,GEX,534091.472,,8993.236924905967
2026-08-28 07:27:20,7900.0,7910.5,Put VEX 2,VEX,-853307.44,,8993.236924905967
2026-08-28 07:27:20,7950.0,7960.5,Put VEX 5,VEX,-367979.151,,8993.236924905967
2026-08-28 07:27:20,8000.0,8010.5,Put CEX 1,CEX,-2791601.154,,8993.236924905967
2026-08-28 07:27:20,8000.0,8010.5,Put DEX 1,DEX,-1576.85,,8993.236924905967
2026-08-28 07:27:20,8000.0,8010.5,Put VEX 1,VEX,-8042653.46,,8993.236924905967
2026-08-28 07:27:20,8200.0,8210.75,Put DEX 5,DEX,-22.026,,8993.236924905967
2026-08-28 07:28:08,7000.0,7008.75,Call CEX 1,CEX,747673.576,,8993.878293638187
2026-08-28 07:28:08,7000.0,7008.75,Put DEX 2,DEX,-93.045,,8993.878293638187
2026-08-28 07:28:08,7000.0,7008.75,Put GEX 1,GEX,-375547.34,,8993.878293638187
2026-08-28 07:28:08,7000.0,7008.75,Call VEX 1,VEX,2925009.191,,8993.878293638187
2026-08-28 07:28:08,7200.0,7209.0,Put DEX 5,DEX,-22.361,,8993.878293638187
2026-08-28 07:28:08,7300.0,7309.0,Put DEX 4,DEX,-31.652,,8993.878293638187
2026-08-28 07:28:08,7400.0,7409.25,Put DEX 3,DEX,-45.631,,8993.878293638187
2026-08-28 07:28:08,7400.0,7409.25,Put GEX 3,GEX,-254278.729,,8993.878293638187
2026-08-28 07:28:08,7450.0,7459.25,Call CEX 5,CEX,351294.056,,8993.878293638187
2026-08-28 07:28:08,7450.0,7459.25,Call DEX 2,DEX,303.051,,8993.878293638187
2026-08-28 07:28:08,7450.0,7459.25,Put GEX 5,GEX,-156390.162,,8993.878293638187
2026-08-28 07:28:08,7450.0,7459.25,Call VEX 5,VEX,1343023.139,,8993.878293638187
2026-08-28 07:28:08,7500.0,7509.25,Call CEX 2,CEX,594821.974,,8993.878293638187
2026-08-28 07:28:08,7500.0,7509.25,Call DEX 1,DEX,306.693,,8993.878293638187
2026-08-28 07:28:08,7500.0,7509.25,Put GEX 2,GEX,-372063.678,,8993.878293638187
2026-08-28 07:28:08,7500.0,7509.25,Call VEX 2,VEX,2623211.968,,8993.878293638187
2026-08-28 07:28:08,7550.0,7559.25,Call CEX 3,CEX,435204.777,,8993.878293638187
2026-08-28 07:28:08,7550.0,7559.25,Call DEX 4,DEX,173.019,,8993.878293638187
2026-08-28 07:28:08,7550.0,7559.25,Put GEX 4,GEX,-200075.378,,8993.878293638187
2026-08-28 07:28:08,7550.0,7559.25,Call VEX 4,VEX,1548041.539,,8993.878293638187
2026-08-28 07:28:08,7600.0,7609.5,Call CEX 4,CEX,419137.523,,8993.878293638187
2026-08-28 07:28:08,7600.0,7609.5,Call DEX 3,DEX,249.123,,8993.878293638187
2026-08-28 07:28:08,7600.0,7609.5,Call VEX 3,VEX,1917010.825,,8993.878293638187
2026-08-28 07:28:08,7750.0,7759.5,Put CEX 5,CEX,-226767.287,,8993.878293638187
2026-08-28 07:28:08,7750.0,7759.5,Call DEX 5,DEX,102.466,,8993.878293638187
2026-08-28 07:28:08,7750.0,7759.5,Call GEX 3,GEX,427378.162,,8993.878293638187
2026-08-28 07:28:08,7800.0,7809.5,Put CEX 2,CEX,-450133.455,,8993.878293638187
2026-08-28 07:28:08,7800.0,7809.5,Call GEX 1,GEX,587734.407,,8993.878293638187
2026-08-28 07:28:08,7800.0,7809.5,Put VEX 3,VEX,-634480.064,,8993.878293638187
2026-08-28 07:28:08,7825.0,7834.75,Call GEX 5,GEX,193019.324,,8993.878293638187
2026-08-28 07:28:08,7850.0,7859.75,Put CEX 4,CEX,-239950.161,,8993.878293638187
2026-08-28 07:28:08,7850.0,7859.75,Call GEX 4,GEX,357413.25,,8993.878293638187
2026-08-28 07:28:08,7850.0,7859.75,Put VEX 4,VEX,-416507.727,,8993.878293638187
2026-08-28 07:28:08,7900.0,7909.75,Put CEX 3,CEX,-420560.769,,8993.878293638187
2026-08-28 07:28:08,7900.0,7909.75,Call GEX 2,GEX,511351.993,,8993.878293638187
2026-08-28 07:28:08,7900.0,7909.75,Put VEX 2,VEX,-847520.965,,8993.878293638187
2026-08-28 07:28:08,7950.0,7959.75,Put VEX 5,VEX,-363933.523,,8993.878293638187
2026-08-28 07:28:08,8000.0,8009.75,Put CEX 1,CEX,-2749600.076,,8993.878293638187
2026-08-28 07:28:08,8000.0,8009.75,Put DEX 1,DEX,-1594.182,,8993.878293638187
2026-08-28 07:28:08,8000.0,8009.75,Put VEX 1,VEX,-7953649.664,,8993.878293638187
2026-08-28 07:28:55,7000.0,7010.0,Call CEX 1,CEX,750661.545,,8992.580018664368
2026-08-28 07:28:55,7000.0,7010.0,Put DEX 2,DEX,-93.557,,8992.580018664368
2026-08-28 07:28:55,7000.0,7010.0,Put GEX 1,GEX,-376451.865,,8992.580018664368
2026-08-28 07:28:55,7000.0,7010.0,Call VEX 1,VEX,2935378.656,,8992.580018664368
2026-08-28 07:28:55,7300.0,7310.25,Put DEX 4,DEX,-31.45,,8992.580018664368
2026-08-28 07:28:55,7400.0,7410.5,Put DEX 3,DEX,-45.25,,8992.580018664368
2026-08-28 07:28:55,7400.0,7410.5,Put GEX 3,GEX,-253201.783,,8992.580018664368
2026-08-28 07:28:55,7450.0,7460.5,Call CEX 5,CEX,354704.412,,8992.580018664368
2026-08-28 07:28:55,7450.0,7460.5,Call DEX 2,DEX,302.521,,8992.580018664368
2026-08-28 07:28:55,7450.0,7460.5,Put GEX 5,GEX,-150343.586,,8992.580018664368
2026-08-28 07:28:55,7450.0,7460.5,Call VEX 5,VEX,1358465.642,,8992.580018664368
2026-08-28 07:28:55,7500.0,7510.5,Call CEX 2,CEX,593857.895,,8992.580018664368
2026-08-28 07:28:55,7500.0,7510.5,Call DEX 1,DEX,303.147,,8992.580018664368
2026-08-28 07:28:55,7500.0,7510.5,Put GEX 2,GEX,-370131.259,,8992.580018664368
2026-08-28 07:28:55,7500.0,7510.5,Call VEX 2,VEX,2626346.908,,8992.580018664368
2026-08-28 07:28:55,7550.0,7560.75,Call CEX 3,CEX,435743.986,,8992.580018664368
2026-08-28 07:28:55,7550.0,7560.75,Call DEX 4,DEX,175.08,,8992.580018664368
2026-08-28 07:28:55,7550.0,7560.75,Put GEX 4,GEX,-198202.583,,8992.580018664368
2026-08-28 07:28:55,7550.0,7560.75,Call VEX 4,VEX,1549964.317,,8992.580018664368
2026-08-28 07:28:55,7600.0,7610.75,Call CEX 4,CEX,420150.423,,8992.580018664368
2026-08-28 07:28:55,7600.0,7610.75,Call DEX 3,DEX,250.257,,8992.580018664368
2026-08-28 07:28:55,7600.0,7610.75,Call VEX 3,VEX,1920505.791,,8992.580018664368
2026-08-28 07:28:55,7750.0,7761.0,Put CEX 5,CEX,-222398.187,,8992.580018664368
2026-08-28 07:28:55,7750.0,7761.0,Call DEX 5,DEX,103.795,,8992.580018664368
2026-08-28 07:28:55,7750.0,7761.0,Call GEX 3,GEX,423892.863,,8992.580018664368
2026-08-28 07:28:55,7800.0,7811.0,Put CEX 2,CEX,-448000.001,,8992.580018664368
2026-08-28 07:28:55,7800.0,7811.0,Call GEX 1,GEX,588176.498,,8992.580018664368
2026-08-28 07:28:55,7800.0,7811.0,Put VEX 3,VEX,-625492.633,,8992.580018664368
2026-08-28 07:28:55,7825.0,7836.0,Call GEX 5,GEX,194157.673,,8992.580018664368
2026-08-28 07:28:55,7850.0,7861.0,Put CEX 4,CEX,-241161.789,,8992.580018664368
2026-08-28 07:28:55,7850.0,7861.0,Call GEX 4,GEX,359697.147,,8992.580018664368
2026-08-28 07:28:55,7850.0,7861.0,Put VEX 4,VEX,-415736.281,,8992.580018664368
2026-08-28 07:28:55,7900.0,7911.25,Put CEX 3,CEX,-424845.835,,8992.580018664368
2026-08-28 07:28:55,7900.0,7911.25,Call GEX 2,GEX,516300.776,,8992.580018664368
2026-08-28 07:28:55,7900.0,7911.25,Put VEX 2,VEX,-850999.666,,8992.580018664368
2026-08-28 07:28:55,7950.0,7961.25,Put VEX 5,VEX,-364998.116,,8992.580018664368
2026-08-28 07:28:55,8000.0,8011.25,Put CEX 1,CEX,-2759171.122,,8992.580018664368
2026-08-28 07:28:55,8000.0,8011.25,Put DEX 1,DEX,-1594.933,,8992.580018664368
2026-08-28 07:28:55,8000.0,8011.25,Put VEX 1,VEX,-7976321.51,,8992.580018664368
2026-08-28 07:28:55,8200.0,8211.5,Put DEX 5,DEX,-22.367,,8992.580018664368
2026-08-28 07:29:42,7000.0,7010.75,Call CEX 1,CEX,749902.827,,8996.886285590537
2026-08-28 07:29:42,7000.0,7010.75,Put DEX 2,DEX,-93.417,,8996.886285590537
2026-08-28 07:29:42,7000.0,7010.75,Put GEX 1,GEX,-375831.303,,8996.886285590537
2026-08-28 07:29:42,7000.0,7010.75,Call VEX 1,VEX,2933189.938,,8996.886285590537
2026-08-28 07:29:42,7200.0,7211.0,Put DEX 5,DEX,-22.125,,8996.886285590537
2026-08-28 07:29:42,7300.0,7311.0,Put DEX 3,DEX,-31.227,,8996.886285590537
2026-08-28 07:29:42,7300.0,7311.0,Put GEX 5,GEX,-139196.513,,8996.886285590537
2026-08-28 07:29:42,7400.0,7411.25,Call DEX 3,DEX,257.751,,8996.886285590537
2026-08-28 07:29:42,7400.0,7411.25,Put GEX 4,GEX,-194074.485,,8996.886285590537
2026-08-28 07:29:42,7450.0,7461.25,Call CEX 5,CEX,371061.282,,8996.886285590537
2026-08-28 07:29:42,7450.0,7461.25,Call DEX 2,DEX,297.659,,8996.886285590537
2026-08-28 07:29:42,7450.0,7461.25,Call VEX 5,VEX,1430862.733,,8996.886285590537
2026-08-28 07:29:42,7500.0,7511.5,Call CEX 2,CEX,601255.149,,8996.886285590537
2026-08-28 07:29:42,7500.0,7511.5,Call DEX 1,DEX,299.04,,8996.886285590537
2026-08-28 07:29:42,7500.0,7511.5,Put GEX 2,GEX,-356793.699,,8996.886285590537
2026-08-28 07:29:42,7500.0,7511.5,Call VEX 2,VEX,2659989.902,,8996.886285590537
2026-08-28 07:29:42,7550.0,7561.5,Call CEX 3,CEX,436361.937,,8996.886285590537
2026-08-28 07:29:42,7550.0,7561.5,Call DEX 5,DEX,174.848,,8996.886285590537
2026-08-28 07:29:42,7550.0,7561.5,Put GEX 3,GEX,-196348.144,,8996.886285590537
2026-08-28 07:29:42,7550.0,7561.5,Call VEX 4,VEX,1554125.255,,8996.886285590537
2026-08-28 07:29:42,7600.0,7611.5,Call CEX 4,CEX,424277.119,,8996.886285590537
2026-08-28 07:29:42,7600.0,7611.5,Call DEX 4,DEX,257.058,,8996.886285590537
2026-08-28 07:29:42,7600.0,7611.5,Call VEX 3,VEX,1923901.798,,8996.886285590537
2026-08-28 07:29:42,7750.0,7761.75,Put CEX 5,CEX,-218610.566,,8996.886285590537
2026-08-28 07:29:42,7750.0,7761.75,Call GEX 3,GEX,408491.493,,8996.886285590537
2026-08-28 07:29:42,7800.0,7812.0,Put CEX 2,CEX,-445588.595,,8996.886285590537
2026-08-28 07:29:42,7800.0,7812.0,Call GEX 1,GEX,576598.596,,8996.886285590537
2026-08-28 07:29:42,7800.0,7812.0,Put VEX 3,VEX,-617471.061,,8996.886285590537
2026-08-28 07:29:42,7825.0,7837.0,Call GEX 5,GEX,192988.558,,8996.886285590537
2026-08-28 07:29:42,7850.0,7862.0,Put CEX 4,CEX,-241281.309,,8996.886285590537
2026-08-28 07:29:42,7850.0,7862.0,Call GEX 4,GEX,359403.232,,8996.886285590537
2026-08-28 07:29:42,7850.0,7862.0,Put VEX 4,VEX,-413833.943,,8996.886285590537
2026-08-28 07:29:42,7900.0,7912.0,Put CEX 3,CEX,-425524.86,,8996.886285590537
2026-08-28 07:29:42,7900.0,7912.0,Call GEX 2,GEX,517835.281,,8996.886285590537
2026-08-28 07:29:42,7900.0,7912.0,Put VEX 2,VEX,-850705.057,,8996.886285590537
2026-08-28 07:29:42,7950.0,7962.0,Put VEX 5,VEX,-366165.35,,8996.886285590537
2026-08-28 07:29:42,8000.0,8012.25,Put CEX 1,CEX,-2764688.361,,8996.886285590537
2026-08-28 07:29:42,8000.0,8012.25,Put DEX 1,DEX,-1608.807,,8996.886285590537
2026-08-28 07:29:42,8000.0,8012.25,Put VEX 1,VEX,-7990122.116,,8996.886285590537
2026-08-28 07:29:42,8200.0,8212.5,Put DEX 4,DEX,-22.492,,8996.886285590537
2026-08-28 07:30:30,7000.0,7009.75,Call CEX 1,CEX,742678.118,,8989.813027419143
2026-08-28 07:30:30,7000.0,7009.75,Put DEX 2,DEX,-91.828,,8989.813027419143
2026-08-28 07:30:30,7000.0,7009.75,Put GEX 2,GEX,-369918.526,,8989.813027419143
2026-08-28 07:30:30,7000.0,7009.75,Call VEX 1,VEX,2905742.036,,8989.813027419143
2026-08-28 07:30:30,7300.0,7310.0,Put DEX 5,DEX,-30.925,,8989.813027419143
2026-08-28 07:30:30,7400.0,7410.25,Put DEX 4,DEX,-43.976,,8989.813027419143
2026-08-28 07:30:30,7400.0,7410.25,Put GEX 4,GEX,-249451.21,,8989.813027419143
2026-08-28 07:30:30,7400.0,7410.25,Call VEX 5,VEX,937573.177,,8989.813027419143
2026-08-28 07:30:30,7450.0,7460.25,Call CEX 5,CEX,253675.814,,8989.813027419143
2026-08-28 07:30:30,7450.0,7460.25,Put DEX 3,DEX,-52.202,,8989.813027419143
2026-08-28 07:30:30,7450.0,7460.25,Put GEX 3,GEX,-285671.049,,8989.813027419143
2026-08-28 07:30:30,7500.0,7510.25,Call CEX 2,CEX,571929.71,,8989.813027419143
2026-08-28 07:30:30,7500.0,7510.25,Call DEX 1,DEX,315.731,,8989.813027419143
2026-08-28 07:30:30,7500.0,7510.25,Put GEX 1,GEX,-405902.302,,8989.813027419143
2026-08-28 07:30:30,7500.0,7510.25,Call VEX 2,VEX,2520794.024,,8989.813027419143
2026-08-28 07:30:30,7550.0,7560.5,Call CEX 3,CEX,432650.471,,8989.813027419143
2026-08-28 07:30:30,7550.0,7560.5,Call DEX 3,DEX,182.885,,8989.813027419143
2026-08-28 07:30:30,7550.0,7560.5,Put GEX 5,GEX,-200367.404,,8989.813027419143
2026-08-28 07:30:30,7550.0,7560.5,Call VEX 4,VEX,1539585.995,,8989.813027419143
2026-08-28 07:30:30,7600.0,7610.5,Call CEX 4,CEX,428687.746,,8989.813027419143
2026-08-28 07:30:30,7600.0,7610.5,Call DEX 2,DEX,263.235,,8989.813027419143
2026-08-28 07:30:30,7600.0,7610.5,Call VEX 3,VEX,1950671.351,,8989.813027419143
2026-08-28 07:30:30,7650.0,7660.5,Call DEX 5,DEX,96.223,,8989.813027419143
2026-08-28 07:30:30,7750.0,7760.75,Put CEX 5,CEX,-198142.982,,8989.813027419143
2026-08-28 07:30:30,7750.0,7760.75,Call DEX 4,DEX,111.993,,8989.813027419143
2026-08-28 07:30:30,7750.0,7760.75,Call GEX 3,GEX,447170.549,,8989.813027419143
2026-08-28 07:30:30,7800.0,7810.75,Put CEX 2,CEX,-436340.662,,8989.813027419143
2026-08-28 07:30:30,7800.0,7810.75,Call GEX 1,GEX,620246.071,,8989.813027419143
2026-08-28 07:30:30,7800.0,7810.75,Put VEX 3,VEX,-572905.158,,8989.813027419143
2026-08-28 07:30:30,7825.0,7835.75,Call GEX 5,GEX,204250.501,,8989.813027419143
2026-08-28 07:30:30,7850.0,7860.75,Put CEX 4,CEX,-244103.539,,8989.813027419143
2026-08-28 07:30:30,7850.0,7860.75,Call GEX 4,GEX,375727.656,,8989.813027419143
2026-08-28 07:30:30,7850.0,7860.75,Put VEX 4,VEX,-409462.489,,8989.813027419143
2026-08-28 07:30:30,7900.0,7911.0,Put CEX 3,CEX,-432939.348,,8989.813027419143
2026-08-28 07:30:30,7900.0,7911.0,Call GEX 2,GEX,538105.821,,8989.813027419143
2026-08-28 07:30:30,7900.0,7911.0,Put VEX 2,VEX,-853342.138,,8989.813027419143
2026-08-28 07:30:30,7950.0,7961.0,Put VEX 5,VEX,-367184.466,,8989.813027419143
2026-08-28 07:30:30,8000.0,8011.0,Put CEX 1,CEX,-2776267.28,,8989.813027419143
2026-08-28 07:30:30,8000.0,8011.0,Put DEX 1,DEX,-1564.297,,8989.813027419143
2026-08-28 07:30:30,8000.0,8011.0,Put VEX 1,VEX,-7992826.194,,8989.813027419143
2026-08-28 07:31:20,7000.0,7010.0,Call CEX 1,CEX,743308.069,,8994.063692679465
2026-08-28 07:31:20,7000.0,7010.0,Put DEX 2,DEX,-91.988,,8994.063692679465
2026-08-28 07:31:20,7000.0,7010.0,Put GEX 1,GEX,-371369.68,,8994.063692679465
2026-08-28 07:31:20,7000.0,7010.0,Call VEX 1,VEX,2907787.552,,8994.063692679465
2026-08-28 07:31:20,7300.0,7310.5,Put DEX 4,DEX,-30.856,,8994.063692679465
2026-08-28 07:31:20,7400.0,7410.5,Put DEX 3,DEX,-36.188,,8994.063692679465
2026-08-28 07:31:20,7400.0,7410.5,Put GEX 3,GEX,-249138.443,,8994.063692679465
2026-08-28 07:31:20,7450.0,7460.5,Call CEX 5,CEX,353537.323,,8994.063692679465
2026-08-28 07:31:20,7450.0,7460.5,Call DEX 2,DEX,303.982,,8994.063692679465
2026-08-28 07:31:20,7450.0,7460.5,Put GEX 5,GEX,-146836.569,,8994.063692679465
2026-08-28 07:31:20,7450.0,7460.5,Call VEX 5,VEX,1357716.638,,8994.063692679465
2026-08-28 07:31:20,7500.0,7510.75,Call CEX 2,CEX,594923.617,,8994.063692679465
2026-08-28 07:31:20,7500.0,7510.75,Call DEX 1,DEX,306.627,,8994.063692679465
2026-08-28 07:31:20,7500.0,7510.75,Put GEX 2,GEX,-366295.632,,8994.063692679465
2026-08-28 07:31:20,7500.0,7510.75,Call VEX 2,VEX,2629352.687,,8994.063692679465
2026-08-28 07:31:20,7550.0,7560.75,Call CEX 3,CEX,434395.597,,8994.063692679465
2026-08-28 07:31:20,7550.0,7560.75,Call DEX 4,DEX,178.336,,8994.063692679465
2026-08-28 07:31:20,7550.0,7560.75,Put GEX 4,GEX,-196438.443,,8994.063692679465
2026-08-28 07:31:20,7550.0,7560.75,Call VEX 4,VEX,1551106.497,,8994.063692679465
2026-08-28 07:31:20,7600.0,7610.75,Call CEX 4,CEX,426864.124,,8994.063692679465
2026-08-28 07:31:20,7600.0,7610.75,Call DEX 3,DEX,255.614,,8994.063692679465
2026-08-28 07:31:20,7600.0,7610.75,Call VEX 3,VEX,1940159.19,,8994.063692679465
2026-08-28 07:31:20,7750.0,7761.0,Put CEX 5,CEX,-209149.809,,8994.063692679465
2026-08-28 07:31:20,7750.0,7761.0,Call DEX 5,DEX,108.248,,8994.063692679465
2026-08-28 07:31:20,7750.0,7761.0,Call GEX 3,GEX,423267.436,,8994.063692679465
2026-08-28 07:31:20,7800.0,7811.0,Put CEX 2,CEX,-441513.665,,8994.063692679465
2026-08-28 07:31:20,7800.0,7811.0,Call GEX 1,GEX,592491.97,,8994.063692679465
2026-08-28 07:31:20,7800.0,7811.0,Put VEX 3,VEX,-596159.994,,8994.063692679465
2026-08-28 07:31:20,7825.0,7836.25,Call GEX 5,GEX,197658.456,,8994.063692679465
2026-08-28 07:31:20,7850.0,7861.25,Put CEX 4,CEX,-242054.472,,8994.063692679465
2026-08-28 07:31:20,7850.0,7861.25,Call GEX 4,GEX,366076.898,,8994.063692679465
2026-08-28 07:31:20,7850.0,7861.25,Put VEX 4,VEX,-411078.688,,8994.063692679465
2026-08-28 07:31:20,7900.0,7911.25,Put CEX 3,CEX,-427815.584,,8994.063692679465
2026-08-28 07:31:20,7900.0,7911.25,Call GEX 2,GEX,526182.596,,8994.063692679465
2026-08-28 07:31:20,7900.0,7911.25,Put VEX 2,VEX,-850318.536,,8994.063692679465
2026-08-28 07:31:20,7950.0,7961.25,Put VEX 5,VEX,-366545.939,,8994.063692679465
2026-08-28 07:31:20,8000.0,8011.25,Put CEX 1,CEX,-2774795.548,,8994.063692679465
2026-08-28 07:31:20,8000.0,8011.25,Put DEX 1,DEX,-1594.714,,8994.063692679465
2026-08-28 07:31:20,8000.0,8011.25,Put VEX 1,VEX,-8001939.119,,8994.063692679465
2026-08-28 07:31:20,8200.0,8211.75,Put DEX 5,DEX,-22.393,,8994.063692679465
2026-08-28 07:32:08,7000.0,7009.75,Call CEX 1,CEX,742967.123,,8993.709825465201
2026-08-28 07:32:08,7000.0,7009.75,Put DEX 2,DEX,-91.873,,8993.709825465201
2026-08-28 07:32:08,7000.0,7009.75,Put GEX 1,GEX,-370727.953,,8993.709825465201
2026-08-28 07:32:08,7000.0,7009.75,Call VEX 1,VEX,2906319.807,,8993.709825465201
2026-08-28 07:32:08,7300.0,7310.25,Put DEX 4,DEX,-30.725,,8993.709825465201
2026-08-28 07:32:08,7400.0,7410.5,Put DEX 3,DEX,-35.902,,8993.709825465201
2026-08-28 07:32:08,7400.0,7410.5,Put GEX 3,GEX,-247961.884,,8993.709825465201
2026-08-28 07:32:08,7450.0,7460.5,Call CEX 5,CEX,355772.308,,8993.709825465201
2026-08-28 07:32:08,7450.0,7460.5,Call DEX 2,DEX,303.574,,8993.709825465201
2026-08-28 07:32:08,7450.0,7460.5,Put GEX 5,GEX,-142853.459,,8993.709825465201
2026-08-28 07:32:08,7450.0,7460.5,Call VEX 5,VEX,1367666.753,,8993.709825465201
2026-08-28 07:32:08,7500.0,7510.5,Call CEX 2,CEX,594975.178,,8993.709825465201
2026-08-28 07:32:08,7500.0,7510.5,Call DEX 1,DEX,307.555,,8993.709825465201
2026-08-28 07:32:08,7500.0,7510.5,Put GEX 2,GEX,-364757.396,,8993.709825465201
2026-08-28 07:32:08,7500.0,7510.5,Call VEX 2,VEX,2630539.913,,8993.709825465201
2026-08-28 07:32:08,7550.0,7560.5,Call CEX 3,CEX,434405.356,,8993.709825465201
2026-08-28 07:32:08,7550.0,7560.5,Call DEX 4,DEX,179.102,,8993.709825465201
2026-08-28 07:32:08,7550.0,7560.5,Put GEX 4,GEX,-195269.295,,8993.709825465201
2026-08-28 07:32:08,7550.0,7560.5,Call VEX 4,VEX,1552183.268,,8993.709825465201
2026-08-28 07:32:08,7600.0,7610.75,Call CEX 4,CEX,428702.759,,8993.709825465201
2026-08-28 07:32:08,7600.0,7610.75,Call DEX 3,DEX,257.495,,8993.709825465201
2026-08-28 07:32:08,7600.0,7610.75,Call VEX 3,VEX,1945297.899,,8993.709825465201
2026-08-28 07:32:08,7750.0,7761.0,Put CEX 5,CEX,-204726.567,,8993.709825465201
2026-08-28 07:32:08,7750.0,7761.0,Call DEX 5,DEX,109.614,,8993.709825465201
2026-08-28 07:32:08,7750.0,7761.0,Call GEX 3,GEX,420906.006,,8993.709825465201
2026-08-28 07:32:08,7800.0,7811.0,Put CEX 2,CEX,-439590.383,,8993.709825465201
2026-08-28 07:32:08,7800.0,7811.0,Call GEX 1,GEX,591476.485,,8993.709825465201
2026-08-28 07:32:08,7800.0,7811.0,Put VEX 3,VEX,-587241.123,,8993.709825465201
2026-08-28 07:32:08,7825.0,7836.0,Call GEX 5,GEX,198760.531,,8993.709825465201
2026-08-28 07:32:08,7850.0,7861.0,Put CEX 4,CEX,-242426.126,,8993.709825465201
2026-08-28 07:32:08,7850.0,7861.0,Call GEX 4,GEX,368067.44,,8993.709825465201
2026-08-28 07:32:08,7850.0,7861.0,Put VEX 4,VEX,-409533.631,,8993.709825465201
2026-08-28 07:32:08,7900.0,7911.0,Put CEX 3,CEX,-430369.579,,8993.709825465201
2026-08-28 07:32:08,7900.0,7911.0,Call GEX 2,GEX,530244.728,,8993.709825465201
2026-08-28 07:32:08,7900.0,7911.0,Put VEX 2,VEX,-851565.73,,8993.709825465201
2026-08-28 07:32:08,7950.0,7961.25,Put VEX 5,VEX,-367135.186,,8993.709825465201
2026-08-28 07:32:08,8000.0,8011.25,Put CEX 1,CEX,-2782733.937,,8993.709825465201
2026-08-28 07:32:08,8000.0,8011.25,Put DEX 1,DEX,-1593.215,,8993.709825465201
2026-08-28 07:32:08,8000.0,8011.25,Put VEX 1,VEX,-8021372.944,,8993.709825465201
2026-08-28 07:32:08,8200.0,8211.5,Put DEX 5,DEX,-22.347,,8993.709825465201
2026-08-28 07:32:55,7000.0,7010.75,Call CEX 1,CEX,742430.008,,8995.231501207214
2026-08-28 07:32:55,7000.0,7010.75,Put DEX 2,DEX,-91.733,,8995.231501207214
2026-08-28 07:32:55,7000.0,7010.75,Put GEX 1,GEX,-369935.28,,8995.231501207214
2026-08-28 07:32:55,7000.0,7010.75,Call VEX 1,VEX,2904258.3,,8995.231501207214
2026-08-28 07:32:55,7200.0,7211.0,Put DEX 5,DEX,-21.654,,8995.231501207214
2026-08-28 07:32:55,7300.0,7311.25,Put DEX 3,DEX,-30.493,,8995.231501207214
2026-08-28 07:32:55,7300.0,7311.25,Put GEX 5,GEX,-136588.677,,8995.231501207214
2026-08-28 07:32:55,7400.0,7411.25,Call DEX 3,DEX,260.248,,8995.231501207214
2026-08-28 07:32:55,7400.0,7411.25,Put GEX 3,GEX,-197077.61,,8995.231501207214
2026-08-28 07:32:55,7450.0,7461.5,Call CEX 5,CEX,364082.414,,8995.231501207214
2026-08-28 07:32:55,7450.0,7461.5,Call DEX 2,DEX,301.247,,8995.231501207214
2026-08-28 07:32:55,7450.0,7461.5,Call VEX 5,VEX,1405989.822,,8995.231501207214
2026-08-28 07:32:55,7500.0,7511.5,Call CEX 2,CEX,599143.412,,8995.231501207214
2026-08-28 07:32:55,7500.0,7511.5,Call DEX 1,DEX,306.357,,8995.231501207214
2026-08-28 07:32:55,7500.0,7511.5,Put GEX 2,GEX,-356951.454,,8995.231501207214
2026-08-28 07:32:55,7500.0,7511.5,Call VEX 2,VEX,2648267.592,,8995.231501207214
2026-08-28 07:32:55,7550.0,7561.5,Call CEX 3,CEX,434069.123,,8995.231501207214
2026-08-28 07:32:55,7550.0,7561.5,Call DEX 5,DEX,180.406,,8995.231501207214
2026-08-28 07:32:55,7550.0,7561.5,Put GEX 4,GEX,-192686.202,,8995.231501207214
2026-08-28 07:32:55,7550.0,7561.5,Call VEX 4,VEX,1554049.31,,8995.231501207214
2026-08-28 07:32:55,7600.0,7611.5,Call CEX 4,CEX,429466.153,,8995.231501207214
2026-08-28 07:32:55,7600.0,7611.5,Call DEX 4,DEX,256.071,,8995.231501207214
2026-08-28 07:32:55,7600.0,7611.5,Call VEX 3,VEX,1947250.411,,8995.231501207214
2026-08-28 07:32:55,7750.0,7761.75,Put CEX 5,CEX,-198817.648,,8995.231501207214
2026-08-28 07:32:55,7750.0,7761.75,Call GEX 3,GEX,410165.272,,8995.231501207214
2026-08-28 07:32:55,7800.0,7812.0,Put CEX 2,CEX,-435726.174,,8995.231501207214
2026-08-28 07:32:55,7800.0,7812.0,Call GEX 1,GEX,586726.747,,8995.231501207214
2026-08-28 07:32:55,7800.0,7812.0,Put VEX 3,VEX,-574454.352,,8995.231501207214
2026-08-28 07:32:55,7825.0,7837.0,Call GEX 5,GEX,199001.439,,8995.231501207214
2026-08-28 07:32:55,7850.0,7862.0,Put CEX 4,CEX,-243231.086,,8995.231501207214
2026-08-28 07:32:55,7850.0,7862.0,Call GEX 4,GEX,369433.183,,8995.231501207214
2026-08-28 07:32:55,7850.0,7862.0,Put VEX 4,VEX,-407433.006,,8995.231501207214
2026-08-28 07:32:55,7900.0,7912.0,Put CEX 3,CEX,-434402.593,,8995.231501207214
2026-08-28 07:32:55,7900.0,7912.0,Call GEX 2,GEX,535322.416,,8995.231501207214
2026-08-28 07:32:55,7900.0,7912.0,Put VEX 2,VEX,-854109.231,,8995.231501207214
2026-08-28 07:32:55,7950.0,7962.25,Put VEX 5,VEX,-368194.324,,8995.231501207214
2026-08-28 07:32:55,8000.0,8012.25,Put CEX 1,CEX,-2791388.514,,8995.231501207214
2026-08-28 07:32:55,8000.0,8012.25,Put DEX 1,DEX,-1599.964,,8995.231501207214
2026-08-28 07:32:55,8000.0,8012.25,Put VEX 1,VEX,-8042841.771,,8995.231501207214
2026-08-28 07:32:55,8200.0,8212.5,Put DEX 4,DEX,-22.424,,8995.231501207214
2026-08-28 07:33:44,7000.0,7009.75,Call CEX 1,CEX,741906.373,,9032.377399562576
2026-08-28 07:33:44,7000.0,7009.75,Put DEX 2,DEX,-91.572,,9032.377399562576
2026-08-28 07:33:44,7000.0,7009.75,Put GEX 1,GEX,-368877.691,,9032.377399562576
2026-08-28 07:33:44,7000.0,7009.75,Call VEX 1,VEX,2902155.978,,9032.377399562576
2026-08-28 07:33:44,7200.0,7210.0,Put DEX 5,DEX,-21.601,,9032.377399562576
2026-08-28 07:33:44,7300.0,7310.25,Put DEX 3,DEX,-30.427,,9032.377399562576
2026-08-28 07:33:44,7300.0,7310.25,Put GEX 5,GEX,-136037.475,,9032.377399562576
2026-08-28 07:33:44,7400.0,7410.25,Call DEX 3,DEX,259.134,,9032.377399562576
2026-08-28 07:33:44,7400.0,7410.25,Put GEX 4,GEX,-185287.387,,9032.377399562576
2026-08-28 07:33:44,7450.0,7460.25,Call CEX 5,CEX,367312.895,,9032.377399562576
2026-08-28 07:33:44,7450.0,7460.25,Call DEX 2,DEX,300.558,,9032.377399562576
2026-08-28 07:33:44,7450.0,7460.25,Call VEX 5,VEX,1419294.228,,9032.377399562576
2026-08-28 07:33:44,7500.0,7510.5,Call CEX 2,CEX,600987.109,,9032.377399562576
2026-08-28 07:33:44,7500.0,7510.5,Call DEX 1,DEX,306.422,,9032.377399562576
2026-08-28 07:33:44,7500.0,7510.5,Put GEX 2,GEX,-352957.75,,9032.377399562576
2026-08-28 07:33:44,7500.0,7510.5,Call VEX 2,VEX,2654617.952,,9032.377399562576
2026-08-28 07:33:44,7550.0,7560.5,Call CEX 3,CEX,434323.031,,9032.377399562576
2026-08-28 07:33:44,7550.0,7560.5,Call DEX 5,DEX,179.59,,9032.377399562576
2026-08-28 07:33:44,7550.0,7560.5,Put GEX 3,GEX,-192370.68,,9032.377399562576
2026-08-28 07:33:44,7550.0,7560.5,Call VEX 4,VEX,1554863.005,,9032.377399562576
2026-08-28 07:33:44,7600.0,7610.5,Call CEX 4,CEX,431618.174,,9032.377399562576
2026-08-28 07:33:44,7600.0,7610.5,Call DEX 4,DEX,257.722,,9032.377399562576
2026-08-28 07:33:44,7600.0,7610.5,Call VEX 3,VEX,1951754.841,,9032.377399562576
2026-08-28 07:33:44,7750.0,7760.75,Put CEX 5,CEX,-191087.804,,9032.377399562576
2026-08-28 07:33:44,7750.0,7760.75,Call GEX 3,GEX,411280.823,,9032.377399562576
2026-08-28 07:33:44,7800.0,7810.75,Put CEX 3,CEX,-431463.262,,9032.377399562576
2026-08-28 07:33:44,7800.0,7810.75,Call GEX 1,GEX,588824.494,,9032.377399562576
2026-08-28 07:33:44,7800.0,7810.75,Put VEX 3,VEX,-557701.813,,9032.377399562576
2026-08-28 07:33:44,7825.0,7836.0,Call GEX 5,GEX,200875.555,,9032.377399562576
2026-08-28 07:33:44,7850.0,7861.0,Put CEX 4,CEX,-243489.143,,9032.377399562576
2026-08-28 07:33:44,7850.0,7861.0,Call GEX 4,GEX,372840.509,,9032.377399562576
2026-08-28 07:33:44,7850.0,7861.0,Put VEX 4,VEX,-404580.142,,9032.377399562576
2026-08-28 07:33:44,7900.0,7911.0,Put CEX 2,CEX,-434655.629,,9032.377399562576
2026-08-28 07:33:44,7900.0,7911.0,Call GEX 2,GEX,539730.973,,9032.377399562576
2026-08-28 07:33:44,7900.0,7911.0,Put VEX 2,VEX,-852022.234,,9032.377399562576
2026-08-28 07:33:44,7950.0,7961.0,Put VEX 5,VEX,-368539.801,,9032.377399562576
2026-08-28 07:33:44,8000.0,8011.0,Put CEX 1,CEX,-2802287.819,,9032.377399562576
2026-08-28 07:33:44,8000.0,8011.0,Put DEX 1,DEX,-1600.393,,9032.377399562576
2026-08-28 07:33:44,8000.0,8011.0,Put VEX 1,VEX,-8060829.421,,9032.377399562576
2026-08-28 07:33:44,8200.0,8211.5,Put DEX 4,DEX,-22.457,,9032.377399562576
2026-08-28 07:34:32,7000.0,7010.0,Call CEX 1,CEX,734313.574,,9044.955432114712
2026-08-28 07:34:32,7000.0,7010.0,Put DEX 2,DEX,-89.884,,9044.955432114712
2026-08-28 07:34:32,7000.0,7010.0,Put GEX 1,GEX,-362584.315,,9044.955432114712
2026-08-28 07:34:32,7000.0,7010.0,Call VEX 1,VEX,2873031.962,,9044.955432114712
2026-08-28 07:34:32,7200.0,7210.25,Put DEX 5,DEX,-21.272,,9044.955432114712
2026-08-28 07:34:32,7300.0,7310.5,Put DEX 3,DEX,-29.85,,9044.955432114712
2026-08-28 07:34:32,7400.0,7410.5,Call DEX 4,DEX,265.078,,9044.955432114712
2026-08-28 07:34:32,7400.0,7410.5,Put GEX 3,GEX,-222184.679,,9044.955432114712
2026-08-28 07:34:32,7450.0,7460.75,Call CEX 5,CEX,353600.722,,9044.955432114712
2026-08-28 07:34:32,7450.0,7460.75,Call DEX 2,DEX,306.225,,9044.955432114712
2026-08-28 07:34:32,7450.0,7460.75,Put GEX 5,GEX,-136664.815,,9044.955432114712
2026-08-28 07:34:32,7450.0,7460.75,Call VEX 5,VEX,1363590.113,,9044.955432114712
2026-08-28 07:34:32,7500.0,7510.75,Call CEX 2,CEX,596431.754,,9044.955432114712
2026-08-28 07:34:32,7500.0,7510.75,Call DEX 1,DEX,314.915,,9044.955432114712
2026-08-28 07:34:32,7500.0,7510.75,Put GEX 2,GEX,-356777.849,,9044.955432114712
2026-08-28 07:34:32,7500.0,7510.75,Call VEX 2,VEX,2629040.543,,9044.955432114712
2026-08-28 07:34:32,7550.0,7560.75,Call CEX 4,CEX,432655.011,,9044.955432114712
2026-08-28 07:34:32,7550.0,7560.75,Call DEX 5,DEX,185.274,,9044.955432114712
2026-08-28 07:34:32,7550.0,7560.75,Put GEX 4,GEX,-188752.776,,9044.955432114712
2026-08-28 07:34:32,7550.0,7560.75,Call VEX 4,VEX,1552661.51,,9044.955432114712
2026-08-28 07:34:32,7600.0,7611.0,Call CEX 3,CEX,440968.319,,9044.955432114712
2026-08-28 07:34:32,7600.0,7611.0,Call DEX 3,DEX,266.983,,9044.955432114712
2026-08-28 07:34:32,7600.0,7611.0,Call VEX 3,VEX,1977885.957,,9044.955432114712
2026-08-28 07:34:32,7750.0,7761.25,Put CEX 5,CEX,-164245.49,,9044.955432114712
2026-08-28 07:34:32,7750.0,7761.25,Call GEX 3,GEX,414292.529,,9044.955432114712
2026-08-28 07:34:32,7800.0,7811.25,Put CEX 3,CEX,-415730.302,,9044.955432114712
2026-08-28 07:34:32,7800.0,7811.25,Call GEX 1,GEX,602972.73,,9044.955432114712
2026-08-28 07:34:32,7800.0,7811.25,Put VEX 3,VEX,-499763.011,,9044.955432114712
2026-08-28 07:34:32,7825.0,7836.25,Call GEX 5,GEX,208650.479,,9044.955432114712
2026-08-28 07:34:32,7850.0,7861.25,Put CEX 4,CEX,-246065.03,,9044.955432114712
2026-08-28 07:34:32,7850.0,7861.25,Call GEX 4,GEX,386185.302,,9044.955432114712
2026-08-28 07:34:32,7850.0,7861.25,Put VEX 4,VEX,-395804.049,,9044.955432114712
2026-08-28 07:34:32,7900.0,7911.25,Put CEX 2,CEX,-446755.169,,9044.955432114712
2026-08-28 07:34:32,7900.0,7911.25,Call GEX 2,GEX,563569.168,,9044.955432114712
2026-08-28 07:34:32,7900.0,7911.25,Put VEX 2,VEX,-856710.082,,9044.955432114712
2026-08-28 07:34:32,7950.0,7961.5,Put VEX 5,VEX,-372361.838,,9044.955432114712
2026-08-28 07:34:32,8000.0,8011.5,Put CEX 1,CEX,-2838119.226,,9044.955432114712
2026-08-28 07:34:32,8000.0,8011.5,Put DEX 1,DEX,-1578.04,,9044.955432114712
2026-08-28 07:34:32,8000.0,8011.5,Put VEX 1,VEX,-8134172.381,,9044.955432114712
2026-08-28 07:34:32,8200.0,8211.75,Put DEX 4,DEX,-22.198,,9044.955432114712
2026-08-28 07:35:19,7000.0,7011.0,Call CEX 1,CEX,734044.649,,9041.63689492634
2026-08-28 07:35:19,7000.0,7011.0,Put DEX 2,DEX,-89.839,,9041.63689492634
2026-08-28 07:35:19,7000.0,7011.0,Put GEX 1,GEX,-362086.931,,9041.63689492634
2026-08-28 07:35:19,7000.0,7011.0,Call VEX 1,VEX,2872248.356,,9041.63689492634
2026-08-28 07:35:19,7300.0,7311.25,Put DEX 4,DEX,-29.815,,9041.63689492634
2026-08-28 07:35:19,7400.0,7411.5,Put DEX 3,DEX,-33.983,,9041.63689492634
2026-08-28 07:35:19,7400.0,7411.5,Put GEX 3,GEX,-241299.113,,9041.63689492634
2026-08-28 07:35:19,7450.0,7461.5,Call CEX 5,CEX,350375.081,,9041.63689492634
2026-08-28 07:35:19,7450.0,7461.5,Call DEX 2,DEX,307.088,,9041.63689492634
2026-08-28 07:35:19,7450.0,7461.5,Put GEX 5,GEX,-140618.015,,9041.63689492634
2026-08-28 07:35:19,7450.0,7461.5,Call VEX 5,VEX,1349854.415,,9041.63689492634
2026-08-28 07:35:19,7500.0,7511.75,Call CEX 2,CEX,593271.133,,9041.63689492634
2026-08-28 07:35:19,7500.0,7511.75,Call DEX 1,DEX,311.991,,9041.63689492634
2026-08-28 07:35:19,7500.0,7511.75,Put GEX 2,GEX,-360347.274,,9041.63689492634
2026-08-28 07:35:19,7500.0,7511.75,Call VEX 2,VEX,2616366.816,,9041.63689492634
2026-08-28 07:35:19,7550.0,7561.75,Call CEX 4,CEX,431331.253,,9041.63689492634
2026-08-28 07:35:19,7550.0,7561.75,Call DEX 4,DEX,184.4,,9041.63689492634
2026-08-28 07:35:19,7550.0,7561.75,Put GEX 4,GEX,-188938.233,,9041.63689492634
2026-08-28 07:35:19,7550.0,7561.75,Call VEX 4,VEX,1550064.227,,9041.63689492634
2026-08-28 07:35:19,7600.0,7611.75,Call CEX 3,CEX,441101.972,,9041.63689492634
2026-08-28 07:35:19,7600.0,7611.75,Call DEX 3,DEX,268.731,,9041.63689492634
2026-08-28 07:35:19,7600.0,7611.75,Call VEX 3,VEX,1978343.856,,9041.63689492634
2026-08-28 07:35:19,7750.0,7762.0,Put CEX 5,CEX,-160199.7,,9041.63689492634
2026-08-28 07:35:19,7750.0,7762.0,Call DEX 5,DEX,122.834,,9041.63689492634
2026-08-28 07:35:19,7750.0,7762.0,Call GEX 3,GEX,419686.019,,9041.63689492634
2026-08-28 07:35:19,7800.0,7812.25,Put CEX 3,CEX,-413383.234,,9041.63689492634
2026-08-28 07:35:19,7800.0,7812.25,Call GEX 1,GEX,606211.161,,9041.63689492634
2026-08-28 07:35:19,7800.0,7812.25,Put VEX 3,VEX,-490787.137,,9041.63689492634
2026-08-28 07:35:19,7825.0,7837.25,Call GEX 5,GEX,210567.065,,9041.63689492634
2026-08-28 07:35:19,7850.0,7862.25,Put CEX 4,CEX,-246260.28,,9041.63689492634
2026-08-28 07:35:19,7850.0,7862.25,Call GEX 4,GEX,388774.951,,9041.63689492634
2026-08-28 07:35:19,7850.0,7862.25,Put VEX 4,VEX,-394347.899,,9041.63689492634
2026-08-28 07:35:19,7900.0,7912.25,Put CEX 2,CEX,-448498.742,,9041.63689492634
2026-08-28 07:35:19,7900.0,7912.25,Call GEX 2,GEX,567455.433,,9041.63689492634
2026-08-28 07:35:19,7900.0,7912.25,Put VEX 2,VEX,-857073.215,,9041.63689492634
2026-08-28 07:35:19,7950.0,7962.5,Put VEX 5,VEX,-372462.232,,9041.63689492634
2026-08-28 07:35:19,8000.0,8012.5,Put CEX 1,CEX,-2839766.253,,9041.63689492634
2026-08-28 07:35:19,8000.0,8012.5,Put DEX 1,DEX,-1574.525,,9041.63689492634
2026-08-28 07:35:19,8000.0,8012.5,Put VEX 1,VEX,-8131596.049,,9041.63689492634
2026-08-28 07:35:19,8200.0,8212.75,Put DEX 5,DEX,-22.118,,9041.63689492634
2026-08-28 07:36:08,7000.0,7010.5,Call CEX 1,CEX,734463.952,,9045.401794496762
2026-08-28 07:36:08,7000.0,7010.5,Put DEX 2,DEX,-89.958,,9045.401794496762
2026-08-28 07:36:08,7000.0,7010.5,Put GEX 1,GEX,-362730.965,,9045.401794496762
2026-08-28 07:36:08,7000.0,7010.5,Call VEX 1,VEX,2873866.254,,9045.401794496762
2026-08-28 07:36:08,7200.0,7211.0,Put DEX 5,DEX,-21.361,,9045.401794496762
2026-08-28 07:36:08,7300.0,7311.0,Put DEX 3,DEX,-30.009,,9045.401794496762
2026-08-28 07:36:08,7400.0,7411.25,Call DEX 4,DEX,264.453,,9045.401794496762
2026-08-28 07:36:08,7400.0,7411.25,Put GEX 3,GEX,-216964.106,,9045.401794496762
2026-08-28 07:36:08,7450.0,7461.25,Call CEX 5,CEX,354720.425,,9045.401794496762
2026-08-28 07:36:08,7450.0,7461.25,Call DEX 2,DEX,305.615,,9045.401794496762
2026-08-28 07:36:08,7450.0,7461.25,Put GEX 5,GEX,-135694.241,,9045.401794496762
2026-08-28 07:36:08,7450.0,7461.25,Call VEX 5,VEX,1368092.301,,9045.401794496762
2026-08-28 07:36:08,7500.0,7511.25,Call CEX 2,CEX,596389.928,,9045.401794496762
2026-08-28 07:36:08,7500.0,7511.25,Call DEX 1,DEX,314.225,,9045.401794496762
2026-08-28 07:36:08,7500.0,7511.25,Put GEX 2,GEX,-356787.871,,9045.401794496762
2026-08-28 07:36:08,7500.0,7511.25,Call VEX 2,VEX,2628795.999,,9045.401794496762
2026-08-28 07:36:08,7550.0,7561.5,Call CEX 4,CEX,432168.466,,9045.401794496762
2026-08-28 07:36:08,7550.0,7561.5,Call DEX 5,DEX,183.194,,9045.401794496762
2026-08-28 07:36:08,7550.0,7561.5,Put GEX 4,GEX,-189319.776,,9045.401794496762
2026-08-28 07:36:08,7550.0,7561.5,Call VEX 4,VEX,1551510.928,,9045.401794496762
2026-08-28 07:36:08,7600.0,7611.5,Call CEX 3,CEX,441032.873,,9045.401794496762
2026-08-28 07:36:08,7600.0,7611.5,Call DEX 3,DEX,267.793,,9045.401794496762
2026-08-28 07:36:08,7600.0,7611.5,Call VEX 3,VEX,1976219.125,,9045.401794496762
2026-08-28 07:36:08,7750.0,7761.75,Put CEX 5,CEX,-164421.334,,9045.401794496762
2026-08-28 07:36:08,7750.0,7761.75,Call GEX 3,GEX,414501.223,,9045.401794496762
2026-08-28 07:36:08,7800.0,7811.75,Put CEX 3,CEX,-414883.492,,9045.401794496762
2026-08-28 07:36:08,7800.0,7811.75,Call GEX 1,GEX,601774.201,,9045.401794496762
2026-08-28 07:36:08,7800.0,7811.75,Put VEX 3,VEX,-499307.896,,9045.401794496762
2026-08-28 07:36:08,7825.0,7836.75,Call GEX 5,GEX,208180.748,,9045.401794496762
2026-08-28 07:36:08,7850.0,7861.75,Put CEX 4,CEX,-245687.003,,9045.401794496762
2026-08-28 07:36:08,7850.0,7861.75,Call GEX 4,GEX,385396.531,,9045.401794496762
2026-08-28 07:36:08,7850.0,7861.75,Put VEX 4,VEX,-395341.417,,9045.401794496762
2026-08-28 07:36:08,7900.0,7912.0,Put CEX 2,CEX,-445144.109,,9045.401794496762
2026-08-28 07:36:08,7900.0,7912.0,Call GEX 2,GEX,561919.019,,9045.401794496762
2026-08-28 07:36:08,7900.0,7912.0,Put VEX 2,VEX,-854656.083,,9045.401794496762
2026-08-28 07:36:08,7950.0,7962.0,Put VEX 5,VEX,-372297.713,,9045.401794496762
2026-08-28 07:36:08,8000.0,8012.0,Put CEX 1,CEX,-2837216.836,,9045.401794496762
2026-08-28 07:36:08,8000.0,8012.0,Put DEX 1,DEX,-1577.077,,9045.401794496762
2026-08-28 07:36:08,8000.0,8012.0,Put VEX 1,VEX,-8132774.163,,9045.401794496762
2026-08-28 07:36:08,8200.0,8212.5,Put DEX 4,DEX,-22.106,,9045.401794496762
2026-08-28 07:36:54,7000.0,7010.0,Call CEX 1,CEX,733832.271,,9045.870838437077
2026-08-28 07:36:54,7000.0,7010.0,Put DEX 2,DEX,-89.786,,9045.870838437077
2026-08-28 07:36:54,7000.0,7010.0,Put GEX 2,GEX,-361416.211,,9045.870838437077
2026-08-28 07:36:54,7000.0,7010.0,Call VEX 1,VEX,2871551.139,,9045.870838437077
2026-08-28 07:36:54,7300.0,7310.5,Put DEX 4,DEX,-29.935,,9045.870838437077
2026-08-28 07:36:54,7400.0,7410.5,Put DEX 3,DEX,-41.998,,9045.870838437077
2026-08-28 07:36:54,7400.0,7410.5,Put GEX 3,GEX,-241259.626,,9045.870838437077
2026-08-28 07:36:54,7450.0,7460.75,Call CEX 5,CEX,338765.824,,9045.870838437077
2026-08-28 07:36:54,7450.0,7460.75,Call DEX 2,DEX,310.233,,9045.870838437077
2026-08-28 07:36:54,7450.0,7460.75,Put GEX 5,GEX,-156277.878,,9045.870838437077
2026-08-28 07:36:54,7450.0,7460.75,Call VEX 5,VEX,1298593.248,,9045.870838437077
2026-08-28 07:36:54,7500.0,7510.75,Call CEX 2,CEX,589482.291,,9045.870838437077
2026-08-28 07:36:54,7500.0,7510.75,Call DEX 1,DEX,314.724,,9045.870838437077
2026-08-28 07:36:54,7500.0,7510.75,Put GEX 1,GEX,-366165.114,,9045.870838437077
2026-08-28 07:36:54,7500.0,7510.75,Call VEX 2,VEX,2597120.731,,9045.870838437077
2026-08-28 07:36:54,7550.0,7560.75,Call CEX 4,CEX,431471.898,,9045.870838437077
2026-08-28 07:36:54,7550.0,7560.75,Call DEX 4,DEX,187.71,,9045.870838437077
2026-08-28 07:36:54,7550.0,7560.75,Put GEX 4,GEX,-189022.872,,9045.870838437077
2026-08-28 07:36:54,7550.0,7560.75,Call VEX 4,VEX,1547749.208,,9045.870838437077
2026-08-28 07:36:54,7600.0,7611.0,Call CEX 3,CEX,442179.071,,9045.870838437077
2026-08-28 07:36:54,7600.0,7611.0,Call DEX 3,DEX,270.788,,9045.870838437077
2026-08-28 07:36:54,7600.0,7611.0,Call VEX 3,VEX,1980492.083,,9045.870838437077
2026-08-28 07:36:54,7750.0,7761.0,Call DEX 5,DEX,124.634,,9045.870838437077
2026-08-28 07:36:54,7750.0,7761.0,Call GEX 3,GEX,422988.24,,9045.870838437077
2026-08-28 07:36:54,7800.0,7811.25,Put CEX 3,CEX,-407536.428,,9045.870838437077
2026-08-28 07:36:54,7800.0,7811.25,Call GEX 1,GEX,612517.571,,9045.870838437077
2026-08-28 07:36:54,7800.0,7811.25,Put VEX 3,VEX,-474654.177,,9045.870838437077
2026-08-28 07:36:54,7825.0,7836.25,Put CEX 5,CEX,-155113.867,,9045.870838437077
2026-08-28 07:36:54,7825.0,7836.25,Call GEX 5,GEX,212155.998,,9045.870838437077
2026-08-28 07:36:54,7850.0,7861.25,Put CEX 4,CEX,-246070.153,,9045.870838437077
2026-08-28 07:36:54,7850.0,7861.25,Call GEX 4,GEX,390963.717,,9045.870838437077
2026-08-28 07:36:54,7850.0,7861.25,Put VEX 4,VEX,-391107.835,,9045.870838437077
2026-08-28 07:36:54,7900.0,7911.25,Put CEX 2,CEX,-450514.148,,9045.870838437077
2026-08-28 07:36:54,7900.0,7911.25,Call GEX 2,GEX,572237.09,,9045.870838437077
2026-08-28 07:36:54,7900.0,7911.25,Put VEX 2,VEX,-856341.844,,9045.870838437077
2026-08-28 07:36:54,7950.0,7961.5,Put VEX 5,VEX,-373157.785,,9045.870838437077
2026-08-28 07:36:54,8000.0,8011.5,Put CEX 1,CEX,-2850021.358,,9045.870838437077
2026-08-28 07:36:54,8000.0,8011.5,Put DEX 1,DEX,-1559.653,,9045.870838437077
2026-08-28 07:36:54,8000.0,8011.5,Put VEX 1,VEX,-8155946.144,,9045.870838437077
2026-08-28 07:36:54,8200.0,8211.75,Put DEX 5,DEX,-21.8,,9045.870838437077
2026-08-28 07:37:43,7000.0,7010.75,Call CEX 1,CEX,732900.367,,9043.716563423905
2026-08-28 07:37:43,7000.0,7010.75,Put DEX 2,DEX,-89.623,,9043.716563423905
2026-08-28 07:37:43,7000.0,7010.75,Put GEX 2,GEX,-360446.641,,9043.716563423905
2026-08-28 07:37:43,7000.0,7010.75,Call VEX 1,VEX,2868954.901,,9043.716563423905
2026-08-28 07:37:43,7300.0,7311.25,Put DEX 4,DEX,-29.696,,9043.716563423905
2026-08-28 07:37:43,7400.0,7411.25,Put DEX 3,DEX,-41.387,,9043.716563423905
2026-08-28 07:37:43,7400.0,7411.25,Put GEX 3,GEX,-239551.197,,9043.716563423905
2026-08-28 07:37:43,7450.0,7461.25,Call CEX 5,CEX,335577.186,,9043.716563423905
2026-08-28 07:37:43,7450.0,7461.25,Call DEX 2,DEX,311.508,,9043.716563423905
2026-08-28 07:37:43,7450.0,7461.25,Put GEX 5,GEX,-158726.103,,9043.716563423905
2026-08-28 07:37:43,7450.0,7461.25,Call VEX 5,VEX,1285556.666,,9043.716563423905
2026-08-28 07:37:43,7500.0,7511.5,Call CEX 2,CEX,589150.217,,9043.716563423905
2026-08-28 07:37:43,7500.0,7511.5,Call DEX 1,DEX,320.657,,9043.716563423905
2026-08-28 07:37:43,7500.0,7511.5,Put GEX 1,GEX,-366074.595,,9043.716563423905
2026-08-28 07:37:43,7500.0,7511.5,Call VEX 2,VEX,2593065.14,,9043.716563423905
2026-08-28 07:37:43,7550.0,7561.5,Call CEX 4,CEX,430720.747,,9043.716563423905
2026-08-28 07:37:43,7550.0,7561.5,Call DEX 4,DEX,189.149,,9043.716563423905
2026-08-28 07:37:43,7550.0,7561.5,Put GEX 4,GEX,-188022.144,,9043.716563423905
2026-08-28 07:37:43,7550.0,7561.5,Call VEX 4,VEX,1547152.694,,9043.716563423905
2026-08-28 07:37:43,7600.0,7611.5,Call CEX 3,CEX,445051.274,,9043.716563423905
2026-08-28 07:37:43,7600.0,7611.5,Call DEX 3,DEX,273.096,,9043.716563423905
2026-08-28 07:37:43,7600.0,7611.5,Call VEX 3,VEX,1988646.46,,9043.716563423905
2026-08-28 07:37:43,7750.0,7761.75,Call DEX 5,DEX,126.684,,9043.716563423905
2026-08-28 07:37:43,7750.0,7761.75,Call GEX 3,GEX,421820.846,,9043.716563423905
2026-08-28 07:37:43,7800.0,7812.0,Put CEX 3,CEX,-403506.906,,9043.716563423905
2026-08-28 07:37:43,7800.0,7812.0,Call GEX 1,GEX,615337.432,,9043.716563423905
2026-08-28 07:37:43,7800.0,7812.0,Put VEX 3,VEX,-459797.239,,9043.716563423905
2026-08-28 07:37:43,7825.0,7837.0,Put CEX 5,CEX,-154951.687,,9043.716563423905
2026-08-28 07:37:43,7825.0,7837.0,Call GEX 5,GEX,213963.902,,9043.716563423905
2026-08-28 07:37:43,7850.0,7862.0,Put CEX 4,CEX,-246928.068,,9043.716563423905
2026-08-28 07:37:43,7850.0,7862.0,Call GEX 4,GEX,394557.161,,9043.716563423905
2026-08-28 07:37:43,7850.0,7862.0,Put VEX 4,VEX,-388855.713,,9043.716563423905
2026-08-28 07:37:43,7900.0,7912.0,Put CEX 2,CEX,-453149.691,,9043.716563423905
2026-08-28 07:37:43,7900.0,7912.0,Call GEX 2,GEX,578129.072,,9043.716563423905
2026-08-28 07:37:43,7900.0,7912.0,Put VEX 2,VEX,-856991.299,,9043.716563423905
2026-08-28 07:37:43,7950.0,7962.0,Put VEX 5,VEX,-373765.796,,9043.716563423905
2026-08-28 07:37:43,8000.0,8012.25,Put CEX 1,CEX,-2860029.911,,9043.716563423905
2026-08-28 07:37:43,8000.0,8012.25,Put DEX 1,DEX,-1556.853,,9043.716563423905
2026-08-28 07:37:43,8000.0,8012.25,Put VEX 1,VEX,-8175633.808,,9043.716563423905
2026-08-28 07:37:43,8200.0,8212.5,Put DEX 5,DEX,-21.749,,9043.716563423905
2026-08-28 07:38:30,7000.0,7010.25,Call CEX 1,CEX,726583.082,,9054.522777953183
2026-08-28 07:38:30,7000.0,7010.25,Put DEX 2,DEX,-88.319,,9054.522777953183
2026-08-28 07:38:30,7000.0,7010.25,Put GEX 1,GEX,-356905.41,,9054.522777953183
2026-08-28 07:38:30,7000.0,7010.25,Call VEX 1,VEX,2844498.445,,9054.522777953183
2026-08-28 07:38:30,7200.0,7210.5,Put DEX 5,DEX,-20.994,,9054.522777953183
2026-08-28 07:38:30,7300.0,7310.75,Put DEX 3,DEX,-29.323,,9054.522777953183
2026-08-28 07:38:30,7300.0,7310.75,Put GEX 5,GEX,-131331.482,,9054.522777953183
2026-08-28 07:38:30,7400.0,7411.0,Call DEX 4,DEX,261.37,,9054.522777953183
2026-08-28 07:38:30,7400.0,7411.0,Put GEX 4,GEX,-176082.256,,9054.522777953183
2026-08-28 07:38:30,7450.0,7461.0,Call CEX 5,CEX,361566.495,,9054.522777953183
2026-08-28 07:38:30,7450.0,7461.0,Call DEX 2,DEX,304.69,,9054.522777953183
2026-08-28 07:38:30,7450.0,7461.0,Call VEX 5,VEX,1399653.876,,9054.522777953183
2026-08-28 07:38:30,7500.0,7511.0,Call CEX 2,CEX,601150.927,,9054.522777953183
2026-08-28 07:38:30,7500.0,7511.0,Call DEX 1,DEX,319.927,,9054.522777953183
2026-08-28 07:38:30,7500.0,7511.0,Put GEX 2,GEX,-345582.314,,9054.522777953183
2026-08-28 07:38:30,7500.0,7511.0,Call VEX 2,VEX,2644476.378,,9054.522777953183
2026-08-28 07:38:30,7550.0,7561.25,Call CEX 4,CEX,431975.377,,9054.522777953183
2026-08-28 07:38:30,7550.0,7561.25,Call DEX 5,DEX,187.091,,9054.522777953183
2026-08-28 07:38:30,7550.0,7561.25,Put GEX 3,GEX,-183958.118,,9054.522777953183
2026-08-28 07:38:30,7550.0,7561.25,Call VEX 4,VEX,1554341.032,,9054.522777953183
2026-08-28 07:38:30,7600.0,7611.25,Call CEX 3,CEX,446762.394,,9054.522777953183
2026-08-28 07:38:30,7600.0,7611.25,Call DEX 3,DEX,271.175,,9054.522777953183
2026-08-28 07:38:30,7600.0,7611.25,Call VEX 3,VEX,1990870.499,,9054.522777953183
2026-08-28 07:38:30,7750.0,7761.5,Call GEX 3,GEX,400875.579,,9054.522777953183
2026-08-28 07:38:30,7800.0,7811.5,Put CEX 3,CEX,-398991.263,,9054.522777953183
2026-08-28 07:38:30,7800.0,7811.5,Call GEX 1,GEX,596879.101,,9054.522777953183
2026-08-28 07:38:30,7800.0,7811.5,Put VEX 3,VEX,-447607.025,,9054.522777953183
2026-08-28 07:38:30,7825.0,7836.5,Put CEX 5,CEX,-154479.064,,9054.522777953183
2026-08-28 07:38:30,7825.0,7836.5,Call GEX 5,GEX,212132.125,,9054.522777953183
2026-08-28 07:38:30,7850.0,7861.5,Put CEX 4,CEX,-246812.623,,9054.522777953183
2026-08-28 07:38:30,7850.0,7861.5,Call GEX 4,GEX,393478.975,,9054.522777953183
2026-08-28 07:38:30,7850.0,7861.5,Put VEX 4,VEX,-385360.38,,9054.522777953183
2026-08-28 07:38:30,7900.0,7911.75,Put CEX 2,CEX,-456517.091,,9054.522777953183
2026-08-28 07:38:30,7900.0,7911.75,Call GEX 2,GEX,581139.522,,9054.522777953183
2026-08-28 07:38:30,7900.0,7911.75,Put VEX 2,VEX,-857834.982,,9054.522777953183
2026-08-28 07:38:30,7950.0,7961.75,Put VEX 5,VEX,-375404.926,,9054.522777953183
2026-08-28 07:38:30,8000.0,8011.75,Put CEX 1,CEX,-2877243.158,,9054.522777953183
2026-08-28 07:38:30,8000.0,8011.75,Put DEX 1,DEX,-1568.715,,9054.522777953183
2026-08-28 07:38:30,8000.0,8011.75,Put VEX 1,VEX,-8224468.467,,9054.522777953183
2026-08-28 07:38:30,8200.0,8212.0,Put DEX 4,DEX,-21.917,,9054.522777953183
2026-08-28 07:39:18,7000.0,7010.75,Call CEX 1,CEX,726295.043,,9046.526125207103
2026-08-28 07:39:18,7000.0,7010.75,Put DEX 2,DEX,-88.242,,9046.526125207103
2026-08-28 07:39:18,7000.0,7010.75,Put GEX 2,GEX,-356311.346,,9046.526125207103
2026-08-28 07:39:18,7000.0,7010.75,Call VEX 1,VEX,2843412.778,,9046.526125207103
2026-08-28 07:39:18,7300.0,7311.25,Put DEX 4,DEX,-29.292,,9046.526125207103
2026-08-28 07:39:18,7400.0,7411.5,Put DEX 3,DEX,-40.766,,9046.526125207103
2026-08-28 07:39:18,7400.0,7411.5,Put GEX 3,GEX,-237758.849,,9046.526125207103
2026-08-28 07:39:18,7450.0,7461.5,Call CEX 5,CEX,329307.917,,9046.526125207103
2026-08-28 07:39:18,7450.0,7461.5,Call DEX 2,DEX,313.578,,9046.526125207103
2026-08-28 07:39:18,7450.0,7461.5,Put GEX 5,GEX,-164409.006,,9046.526125207103
2026-08-28 07:39:18,7450.0,7461.5,Call VEX 5,VEX,1259841.421,,9046.526125207103
2026-08-28 07:39:18,7500.0,7511.5,Call CEX 2,CEX,585986.515,,9046.526125207103
2026-08-28 07:39:18,7500.0,7511.5,Call DEX 1,DEX,320.287,,9046.526125207103
2026-08-28 07:39:18,7500.0,7511.5,Put GEX 1,GEX,-368287.273,,9046.526125207103
2026-08-28 07:39:18,7500.0,7511.5,Call VEX 2,VEX,2579849.765,,9046.526125207103
2026-08-28 07:39:18,7550.0,7561.75,Call CEX 4,CEX,429230.586,,9046.526125207103
2026-08-28 07:39:18,7550.0,7561.75,Call DEX 4,DEX,189.731,,9046.526125207103
2026-08-28 07:39:18,7550.0,7561.75,Put GEX 4,GEX,-187612.782,,9046.526125207103
2026-08-28 07:39:18,7550.0,7561.75,Call VEX 4,VEX,1544464.106,,9046.526125207103
2026-08-28 07:39:18,7600.0,7611.75,Call CEX 3,CEX,447107.346,,9046.526125207103
2026-08-28 07:39:18,7600.0,7611.75,Call DEX 3,DEX,276.713,,9046.526125207103
2026-08-28 07:39:18,7600.0,7611.75,Call VEX 3,VEX,1995088.406,,9046.526125207103
2026-08-28 07:39:18,7750.0,7762.0,Call DEX 5,DEX,129.583,,9046.526125207103
2026-08-28 07:39:18,7750.0,7762.0,Call GEX 3,GEX,422924.992,,9046.526125207103
2026-08-28 07:39:18,7800.0,7812.0,Put CEX 3,CEX,-397801.009,,9046.526125207103
2026-08-28 07:39:18,7800.0,7812.0,Call GEX 1,GEX,619312.021,,9046.526125207103
2026-08-28 07:39:18,7800.0,7812.0,Put VEX 3,VEX,-438660.788,,9046.526125207103
2026-08-28 07:39:18,7825.0,7837.0,Call GEX 5,GEX,216674.27,,9046.526125207103
2026-08-28 07:39:18,7850.0,7862.25,Put CEX 4,CEX,-247671.164,,9046.526125207103
2026-08-28 07:39:18,7850.0,7862.25,Call GEX 4,GEX,399363.948,,9046.526125207103
2026-08-28 07:39:18,7850.0,7862.25,Put VEX 4,VEX,-385186.107,,9046.526125207103
2026-08-28 07:39:18,7900.0,7912.25,Put CEX 2,CEX,-457977.537,,9046.526125207103
2026-08-28 07:39:18,7900.0,7912.25,Call GEX 2,GEX,587180.66,,9046.526125207103
2026-08-28 07:39:18,7900.0,7912.25,Put VEX 2,VEX,-858468.797,,9046.526125207103
2026-08-28 07:39:18,7950.0,7962.25,Put CEX 5,CEX,-154734.935,,9046.526125207103
2026-08-28 07:39:18,7950.0,7962.25,Put VEX 5,VEX,-375691.292,,9046.526125207103
2026-08-28 07:39:18,8000.0,8012.25,Put CEX 1,CEX,-2877203.865,,9046.526125207103
2026-08-28 07:39:18,8000.0,8012.25,Put DEX 1,DEX,-1549.371,,9046.526125207103
2026-08-28 07:39:18,8000.0,8012.25,Put VEX 1,VEX,-8209810.007,,9046.526125207103
2026-08-28 07:39:18,8200.0,8212.75,Put DEX 5,DEX,-21.592,,9046.526125207103
2026-08-28 07:40:05,7000.0,7010.25,Call CEX 1,CEX,726393.651,,9048.98734325344
2026-08-28 07:40:05,7000.0,7010.25,Put DEX 2,DEX,-88.368,,9048.98734325344
2026-08-28 07:40:05,7000.0,7010.25,Put GEX 2,GEX,-357090.71,,9048.98734325344
2026-08-28 07:40:05,7000.0,7010.25,Call VEX 1,VEX,2844780.725,,9048.98734325344
2026-08-28 07:40:05,7300.0,7310.75,Put DEX 4,DEX,-29.433,,9048.98734325344
2026-08-28 07:40:05,7400.0,7411.0,Put DEX 3,DEX,-41.088,,9048.98734325344
2026-08-28 07:40:05,7400.0,7411.0,Put GEX 3,GEX,-238949.858,,9048.98734325344
2026-08-28 07:40:05,7450.0,7461.0,Call CEX 5,CEX,336120.032,,9048.98734325344
2026-08-28 07:40:05,7450.0,7461.0,Call DEX 2,DEX,311.721,,9048.98734325344
2026-08-28 07:40:05,7450.0,7461.0,Put GEX 5,GEX,-156577.548,,9048.98734325344
2026-08-28 07:40:05,7450.0,7461.0,Call VEX 5,VEX,1288929.713,,9048.98734325344
2026-08-28 07:40:05,7500.0,7511.0,Call CEX 2,CEX,588033.198,,9048.98734325344
2026-08-28 07:40:05,7500.0,7511.0,Call DEX 1,DEX,318.178,,9048.98734325344
2026-08-28 07:40:05,7500.0,7511.0,Put GEX 1,GEX,-366328.194,,9048.98734325344
2026-08-28 07:40:05,7500.0,7511.0,Call VEX 2,VEX,2589707.401,,9048.98734325344
2026-08-28 07:40:05,7550.0,7561.25,Call CEX 4,CEX,430450.892,,9048.98734325344
2026-08-28 07:40:05,7550.0,7561.25,Call DEX 4,DEX,189.878,,9048.98734325344
2026-08-28 07:40:05,7550.0,7561.25,Put GEX 4,GEX,-187377.895,,9048.98734325344
2026-08-28 07:40:05,7550.0,7561.25,Call VEX 4,VEX,1546926.499,,9048.98734325344
2026-08-28 07:40:05,7600.0,7611.25,Call CEX 3,CEX,445341.537,,9048.98734325344
2026-08-28 07:40:05,7600.0,7611.25,Call DEX 3,DEX,275.914,,9048.98734325344
2026-08-28 07:40:05,7600.0,7611.25,Call VEX 3,VEX,1989686.837,,9048.98734325344
2026-08-28 07:40:05,7750.0,7761.5,Call DEX 5,DEX,127.624,,9048.98734325344
2026-08-28 07:40:05,7750.0,7761.5,Call GEX 3,GEX,423665.857,,9048.98734325344
2026-08-28 07:40:05,7800.0,7811.5,Put CEX 3,CEX,-402602.034,,9048.98734325344
2026-08-28 07:40:05,7800.0,7811.5,Call GEX 1,GEX,617179.244,,9048.98734325344
2026-08-28 07:40:05,7800.0,7811.5,Put VEX 3,VEX,-454019.371,,9048.98734325344
2026-08-28 07:40:05,7825.0,7836.5,Put CEX 5,CEX,-154909.352,,9048.98734325344
2026-08-28 07:40:05,7825.0,7836.5,Call GEX 5,GEX,214919.424,,9048.98734325344
2026-08-28 07:40:05,7850.0,7861.75,Put CEX 4,CEX,-246868.979,,9048.98734325344
2026-08-28 07:40:05,7850.0,7861.75,Call GEX 4,GEX,396051.473,,9048.98734325344
2026-08-28 07:40:05,7850.0,7861.75,Put VEX 4,VEX,-387651.121,,9048.98734325344
2026-08-28 07:40:05,7900.0,7911.75,Put CEX 2,CEX,-453387.189,,9048.98734325344
2026-08-28 07:40:05,7900.0,7911.75,Call GEX 2,GEX,580012.596,,9048.98734325344
2026-08-28 07:40:05,7900.0,7911.75,Put VEX 2,VEX,-856078.568,,9048.98734325344
2026-08-28 07:40:05,7950.0,7961.75,Put VEX 5,VEX,-374438.986,,9048.98734325344
2026-08-28 07:40:05,8000.0,8011.75,Put CEX 1,CEX,-2864817.137,,9048.98734325344
2026-08-28 07:40:05,8000.0,8011.75,Put DEX 1,DEX,-1556.942,,9048.98734325344
2026-08-28 07:40:05,8000.0,8011.75,Put VEX 1,VEX,-8185569.566,,9048.98734325344
2026-08-28 07:40:05,8200.0,8212.25,Put DEX 5,DEX,-21.667,,9048.98734325344
2026-08-28 07:40:52,7000.0,7010.5,Call CEX 1,CEX,725616.647,,9044.4413907296
2026-08-28 07:40:52,7000.0,7010.5,Put DEX 2,DEX,-88.147,,9044.4413907296
2026-08-28 07:40:52,7000.0,7010.5,Put GEX 2,GEX,-355662.385,,9044.4413907296
2026-08-28 07:40:52,7000.0,7010.5,Call VEX 1,VEX,2841770.199,,9044.4413907296
2026-08-28 07:40:52,7300.0,7311.0,Put DEX 4,DEX,-29.17,,9044.4413907296
2026-08-28 07:40:52,7400.0,7411.0,Put DEX 3,DEX,-40.604,,9044.4413907296
2026-08-28 07:40:52,7400.0,7411.0,Put GEX 3,GEX,-237086.473,,9044.4413907296
2026-08-28 07:40:52,7450.0,7461.0,Call CEX 5,CEX,328762.435,,9044.4413907296
2026-08-28 07:40:52,7450.0,7461.0,Call DEX 2,DEX,314.033,,9044.4413907296
2026-08-28 07:40:52,7450.0,7461.0,Put GEX 5,GEX,-164411.295,,9044.4413907296
2026-08-28 07:40:52,7450.0,7461.0,Call VEX 5,VEX,1257092.94,,9044.4413907296
2026-08-28 07:40:52,7500.0,7511.25,Call CEX 2,CEX,585539.955,,9044.4413907296
2026-08-28 07:40:52,7500.0,7511.25,Call DEX 1,DEX,321.632,,9044.4413907296
2026-08-28 07:40:52,7500.0,7511.25,Put GEX 1,GEX,-367968.398,,9044.4413907296
2026-08-28 07:40:52,7500.0,7511.25,Call VEX 2,VEX,2577070.461,,9044.4413907296
2026-08-28 07:40:52,7550.0,7561.25,Call CEX 4,CEX,428585.883,,9044.4413907296
2026-08-28 07:40:52,7550.0,7561.25,Call DEX 4,DEX,190.686,,9044.4413907296
2026-08-28 07:40:52,7550.0,7561.25,Put GEX 4,GEX,-187050.023,,9044.4413907296
2026-08-28 07:40:52,7550.0,7561.25,Call VEX 4,VEX,1543315.351,,9044.4413907296
2026-08-28 07:40:52,7600.0,7611.25,Call CEX 3,CEX,448072.54,,9044.4413907296
2026-08-28 07:40:52,7600.0,7611.25,Call DEX 3,DEX,278.483,,9044.4413907296
2026-08-28 07:40:52,7600.0,7611.25,Call VEX 3,VEX,1998312.528,,9044.4413907296
2026-08-28 07:40:52,7750.0,7761.5,Call DEX 5,DEX,131.066,,9044.4413907296
2026-08-28 07:40:52,7750.0,7761.5,Call GEX 3,GEX,424638.295,,9044.4413907296
2026-08-28 07:40:52,7800.0,7811.5,Put CEX 3,CEX,-395625.89,,9044.4413907296
2026-08-28 07:40:52,7800.0,7811.5,Call GEX 1,GEX,622206.599,,9044.4413907296
2026-08-28 07:40:52,7800.0,7811.5,Put VEX 3,VEX,-428772.16,,9044.4413907296
2026-08-28 07:40:52,7825.0,7836.75,Call GEX 5,GEX,218418.533,,9044.4413907296
2026-08-28 07:40:52,7850.0,7861.75,Put CEX 4,CEX,-247171.744,,9044.4413907296
2026-08-28 07:40:52,7850.0,7861.75,Call GEX 4,GEX,401496.856,,9044.4413907296
2026-08-28 07:40:52,7850.0,7861.75,Put VEX 4,VEX,-382906.367,,9044.4413907296
2026-08-28 07:40:52,7900.0,7911.75,Put CEX 2,CEX,-457987.829,,9044.4413907296
2026-08-28 07:40:52,7900.0,7911.75,Call GEX 2,GEX,590282.713,,9044.4413907296
2026-08-28 07:40:52,7900.0,7911.75,Put VEX 2,VEX,-856892.135,,9044.4413907296
2026-08-28 07:40:52,7950.0,7961.75,Put CEX 5,CEX,-155021.605,,9044.4413907296
2026-08-28 07:40:52,7950.0,7961.75,Put VEX 5,VEX,-375847.645,,9044.4413907296
2026-08-28 07:40:52,8000.0,8012.0,Put CEX 1,CEX,-2879548.197,,9044.4413907296
2026-08-28 07:40:52,8000.0,8012.0,Put DEX 1,DEX,-1548.742,,9044.4413907296
2026-08-28 07:40:52,8000.0,8012.0,Put VEX 1,VEX,-8208093.616,,9044.4413907296
2026-08-28 07:40:52,8200.0,8212.25,Put DEX 5,DEX,-21.602,,9044.4413907296
2026-08-28 07:41:40,7000.0,7010.25,Call CEX 1,CEX,721835.998,,9043.617794471143
2026-08-28 07:41:40,7000.0,7010.25,Put DEX 2,DEX,-87.336,,9043.617794471143
2026-08-28 07:41:40,7000.0,7010.25,Put GEX 2,GEX,-352836.206,,9043.617794471143
2026-08-28 07:41:40,7000.0,7010.25,Call VEX 1,VEX,2827187.111,,9043.617794471143
2026-08-28 07:41:40,7300.0,7310.75,Put DEX 4,DEX,-28.848,,9043.617794471143
2026-08-28 07:41:40,7400.0,7411.0,Put DEX 3,DEX,-39.931,,9043.617794471143
2026-08-28 07:41:40,7400.0,7411.0,Put GEX 3,GEX,-236213.619,,9043.617794471143
2026-08-28 07:41:40,7450.0,7461.0,Call CEX 5,CEX,279801.907,,9043.617794471143
2026-08-28 07:41:40,7450.0,7461.0,Call DEX 2,DEX,322.447,,9043.617794471143
2026-08-28 07:41:40,7450.0,7461.0,Put GEX 4,GEX,-227043.567,,9043.617794471143
2026-08-28 07:41:40,7500.0,7511.0,Call CEX 2,CEX,571183.692,,9043.617794471143
2026-08-28 07:41:40,7500.0,7511.0,Call DEX 1,DEX,329.75,,9043.617794471143
2026-08-28 07:41:40,7500.0,7511.0,Put GEX 1,GEX,-389554.964,,9043.617794471143
2026-08-28 07:41:40,7500.0,7511.0,Call VEX 2,VEX,2510503.578,,9043.617794471143
2026-08-28 07:41:40,7550.0,7561.25,Call CEX 4,CEX,426419.294,,9043.617794471143
2026-08-28 07:41:40,7550.0,7561.25,Call DEX 4,DEX,194.417,,9043.617794471143
2026-08-28 07:41:40,7550.0,7561.25,Put GEX 5,GEX,-188637.859,,9043.617794471143
2026-08-28 07:41:40,7550.0,7561.25,Call VEX 4,VEX,1535422.433,,9043.617794471143
2026-08-28 07:41:40,7600.0,7611.25,Call CEX 3,CEX,449452.544,,9043.617794471143
2026-08-28 07:41:40,7600.0,7611.25,Call DEX 3,DEX,284.58,,9043.617794471143
2026-08-28 07:41:40,7600.0,7611.25,Call VEX 3,VEX,2003700.458,,9043.617794471143
2026-08-28 07:41:40,7700.0,7711.5,Call VEX 5,VEX,1047735.209,,9043.617794471143
2026-08-28 07:41:40,7750.0,7761.5,Call DEX 5,DEX,134.436,,9043.617794471143
2026-08-28 07:41:40,7750.0,7761.5,Call GEX 3,GEX,433694.968,,9043.617794471143
2026-08-28 07:41:40,7800.0,7811.5,Put CEX 3,CEX,-389295.343,,9043.617794471143
2026-08-28 07:41:40,7800.0,7811.5,Call GEX 1,GEX,636070.868,,9043.617794471143
2026-08-28 07:41:40,7800.0,7811.5,Put VEX 3,VEX,-405031.738,,9043.617794471143
2026-08-28 07:41:40,7825.0,7836.5,Call GEX 5,GEX,223097.408,,9043.617794471143
2026-08-28 07:41:40,7850.0,7861.75,Put CEX 4,CEX,-248365.493,,9043.617794471143
2026-08-28 07:41:40,7850.0,7861.75,Call GEX 4,GEX,408714.64,,9043.617794471143
2026-08-28 07:41:40,7850.0,7861.75,Put VEX 4,VEX,-379565.244,,9043.617794471143
2026-08-28 07:41:40,7900.0,7911.75,Put CEX 2,CEX,-462412.423,,9043.617794471143
2026-08-28 07:41:40,7900.0,7911.75,Call GEX 2,GEX,601262.986,,9043.617794471143
2026-08-28 07:41:40,7900.0,7911.75,Put VEX 2,VEX,-858079.175,,9043.617794471143
2026-08-28 07:41:40,7950.0,7961.75,Put CEX 5,CEX,-155696.53,,9043.617794471143
2026-08-28 07:41:40,7950.0,7961.75,Put VEX 5,VEX,-376234.276,,9043.617794471143
2026-08-28 07:41:40,8000.0,8011.75,Put CEX 1,CEX,-2887168.989,,9043.617794471143
2026-08-28 07:41:40,8000.0,8011.75,Put DEX 1,DEX,-1533.131,,9043.617794471143
2026-08-28 07:41:40,8000.0,8011.75,Put VEX 1,VEX,-8216772.709,,9043.617794471143
2026-08-28 07:41:40,8200.0,8212.25,Put DEX 5,DEX,-21.374,,9043.617794471143
2026-08-28 07:42:27,7000.0,7009.5,Call CEX 1,CEX,722128.309,,9045.581553645878
2026-08-28 07:42:27,7000.0,7009.5,Put DEX 2,DEX,-87.406,,9045.581553645878
2026-08-28 07:42:27,7000.0,7009.5,Put GEX 2,GEX,-353383.445,,9045.581553645878
2026-08-28 07:42:27,7000.0,7009.5,Call VEX 1,VEX,2828138.381,,9045.581553645878
2026-08-28 07:42:27,7300.0,7310.0,Put DEX 4,DEX,-28.935,,9045.581553645878
2026-08-28 07:42:27,7400.0,7410.25,Put DEX 3,DEX,-40.027,,9045.581553645878
2026-08-28 07:42:27,7400.0,7410.25,Put GEX 3,GEX,-236138.277,,9045.581553645878
2026-08-28 07:42:27,7450.0,7460.25,Call CEX 5,CEX,319417.866,,9045.581553645878
2026-08-28 07:42:27,7450.0,7460.25,Call DEX 2,DEX,316.409,,9045.581553645878
2026-08-28 07:42:27,7450.0,7460.25,Put GEX 5,GEX,-175218.867,,9045.581553645878
2026-08-28 07:42:27,7450.0,7460.25,Call VEX 5,VEX,1217170.966,,9045.581553645878
2026-08-28 07:42:27,7500.0,7510.25,Call CEX 2,CEX,581608.88,,9045.581553645878
2026-08-28 07:42:27,7500.0,7510.25,Call DEX 1,DEX,324.881,,9045.581553645878
2026-08-28 07:42:27,7500.0,7510.25,Put GEX 1,GEX,-372996.49,,9045.581553645878
2026-08-28 07:42:27,7500.0,7510.25,Call VEX 2,VEX,2559155.132,,9045.581553645878
2026-08-28 07:42:27,7550.0,7560.25,Call CEX 4,CEX,427830.207,,9045.581553645878
2026-08-28 07:42:27,7550.0,7560.25,Call DEX 4,DEX,192.353,,9045.581553645878
2026-08-28 07:42:27,7550.0,7560.25,Put GEX 4,GEX,-187145.507,,9045.581553645878
2026-08-28 07:42:27,7550.0,7560.25,Call VEX 4,VEX,1541451.827,,9045.581553645878
2026-08-28 07:42:27,7600.0,7610.5,Call CEX 3,CEX,447944.353,,9045.581553645878
2026-08-28 07:42:27,7600.0,7610.5,Call DEX 3,DEX,281.408,,9045.581553645878
2026-08-28 07:42:27,7600.0,7610.5,Call VEX 3,VEX,1999056.092,,9045.581553645878
2026-08-28 07:42:27,7750.0,7760.75,Call DEX 5,DEX,132.947,,9045.581553645878
2026-08-28 07:42:27,7750.0,7760.75,Call GEX 3,GEX,429870.555,,9045.581553645878
2026-08-28 07:42:27,7800.0,7810.75,Put CEX 3,CEX,-392335.551,,9045.581553645878
2026-08-28 07:42:27,7800.0,7810.75,Call GEX 1,GEX,628902.423,,9045.581553645878
2026-08-28 07:42:27,7800.0,7810.75,Put VEX 3,VEX,-415647.457,,9045.581553645878
2026-08-28 07:42:27,7825.0,7835.75,Call GEX 5,GEX,220570.443,,9045.581553645878
2026-08-28 07:42:27,7850.0,7860.75,Put CEX 4,CEX,-247104.57,,9045.581553645878
2026-08-28 07:42:27,7850.0,7860.75,Call GEX 4,GEX,404606.796,,9045.581553645878
2026-08-28 07:42:27,7850.0,7860.75,Put VEX 4,VEX,-380378.509,,9045.581553645878
2026-08-28 07:42:27,7900.0,7910.75,Put CEX 2,CEX,-458734.298,,9045.581553645878
2026-08-28 07:42:27,7900.0,7910.75,Call GEX 2,GEX,594798.221,,9045.581553645878
2026-08-28 07:42:27,7900.0,7910.75,Put VEX 2,VEX,-855513.095,,9045.581553645878
2026-08-28 07:42:27,7950.0,7961.0,Put CEX 5,CEX,-155340.458,,9045.581553645878
2026-08-28 07:42:27,7950.0,7961.0,Put VEX 5,VEX,-375921.51,,9045.581553645878
2026-08-28 07:42:27,8000.0,8011.0,Put CEX 1,CEX,-2884836.447,,9045.581553645878
2026-08-28 07:42:27,8000.0,8011.0,Put DEX 1,DEX,-1544.311,,9045.581553645878
2026-08-28 07:42:27,8000.0,8011.0,Put VEX 1,VEX,-8216365.933,,9045.581553645878
2026-08-28 07:42:27,8200.0,8211.25,Put DEX 5,DEX,-21.598,,9045.581553645878
2026-08-28 07:43:15,7000.0,7010.0,Call CEX 1,CEX,718336.988,,9043.52993313076
2026-08-28 07:43:15,7000.0,7010.0,Put DEX 2,DEX,-86.583,,9043.52993313076
2026-08-28 07:43:15,7000.0,7010.0,Put GEX 2,GEX,-350517.288,,9043.52993313076
2026-08-28 07:43:15,7000.0,7010.0,Call VEX 1,VEX,2813413.431,,9043.52993313076
2026-08-28 07:43:15,7300.0,7310.25,Put DEX 4,DEX,-28.601,,9043.52993313076
2026-08-28 07:43:15,7400.0,7410.5,Put DEX 3,DEX,-39.384,,9043.52993313076
2026-08-28 07:43:15,7400.0,7410.5,Put GEX 3,GEX,-234257.993,,9043.52993313076
2026-08-28 07:43:15,7450.0,7460.5,Call CEX 5,CEX,311076.252,,9043.52993313076
2026-08-28 07:43:15,7450.0,7460.5,Call DEX 2,DEX,318.582,,9043.52993313076
2026-08-28 07:43:15,7450.0,7460.5,Put GEX 5,GEX,-183040.647,,9043.52993313076
2026-08-28 07:43:15,7450.0,7460.5,Call VEX 5,VEX,1183120.206,,9043.52993313076
2026-08-28 07:43:15,7500.0,7510.75,Call CEX 2,CEX,578866.04,,9043.52993313076
2026-08-28 07:43:15,7500.0,7510.75,Call DEX 1,DEX,328.197,,9043.52993313076
2026-08-28 07:43:15,7500.0,7510.75,Put GEX 1,GEX,-374908.781,,9043.52993313076
2026-08-28 07:43:15,7500.0,7510.75,Call VEX 2,VEX,2545258.71,,9043.52993313076
2026-08-28 07:43:15,7550.0,7560.75,Call CEX 4,CEX,426295.621,,9043.52993313076
2026-08-28 07:43:15,7550.0,7560.75,Call DEX 4,DEX,195.017,,9043.52993313076
2026-08-28 07:43:15,7550.0,7560.75,Put GEX 4,GEX,-186740.258,,9043.52993313076
2026-08-28 07:43:15,7550.0,7560.75,Call VEX 4,VEX,1537656.863,,9043.52993313076
2026-08-28 07:43:15,7600.0,7610.75,Call CEX 3,CEX,451535.773,,9043.52993313076
2026-08-28 07:43:15,7600.0,7610.75,Call DEX 3,DEX,285.138,,9043.52993313076
2026-08-28 07:43:15,7600.0,7610.75,Call VEX 3,VEX,2008686.504,,9043.52993313076
2026-08-28 07:43:15,7750.0,7761.0,Call DEX 5,DEX,136.336,,9043.52993313076
2026-08-28 07:43:15,7750.0,7761.0,Call GEX 3,GEX,430107.378,,9043.52993313076
2026-08-28 07:43:15,7800.0,7811.0,Put CEX 3,CEX,-385064.13,,9043.52993313076
2026-08-28 07:43:15,7800.0,7811.0,Call GEX 1,GEX,633524.269,,9043.52993313076
2026-08-28 07:43:15,7800.0,7811.0,Put VEX 3,VEX,-390247.091,,9043.52993313076
2026-08-28 07:43:15,7825.0,7836.0,Call GEX 5,GEX,224004.729,,9043.52993313076
2026-08-28 07:43:15,7850.0,7861.25,Put CEX 4,CEX,-248169.589,,9043.52993313076
2026-08-28 07:43:15,7850.0,7861.25,Call GEX 4,GEX,410915.946,,9043.52993313076
2026-08-28 07:43:15,7850.0,7861.25,Put VEX 5,VEX,-376220.989,,9043.52993313076
2026-08-28 07:43:15,7900.0,7911.25,Put CEX 2,CEX,-464192.761,,9043.52993313076
2026-08-28 07:43:15,7900.0,7911.25,Call GEX 2,GEX,605916.791,,9043.52993313076
2026-08-28 07:43:15,7900.0,7911.25,Put VEX 2,VEX,-857122.188,,9043.52993313076
2026-08-28 07:43:15,7950.0,7961.25,Put CEX 5,CEX,-156184.138,,9043.52993313076
2026-08-28 07:43:15,7950.0,7961.25,Put VEX 4,VEX,-376617.958,,9043.52993313076
2026-08-28 07:43:15,8000.0,8011.25,Put CEX 1,CEX,-2898831.583,,9043.52993313076
2026-08-28 07:43:15,8000.0,8011.25,Put DEX 1,DEX,-1536.902,,9043.52993313076
2026-08-28 07:43:15,8000.0,8011.25,Put VEX 1,VEX,-8241417.83,,9043.52993313076
2026-08-28 07:43:15,8200.0,8211.75,Put DEX 5,DEX,-21.468,,9043.52993313076
2026-08-28 07:44:03,7000.0,7010.25,Call CEX 1,CEX,718307.015,,9045.75011706611
2026-08-28 07:44:03,7000.0,7010.25,Put DEX 2,DEX,-86.579,,9045.75011706611
2026-08-28 07:44:03,7000.0,7010.25,Put GEX 2,GEX,-350535.294,,9045.75011706611
2026-08-28 07:44:03,7000.0,7010.25,Call VEX 1,VEX,2813255.834,,9045.75011706611
2026-08-28 07:44:03,7300.0,7310.75,Put DEX 4,DEX,-28.579,,9045.75011706611
2026-08-28 07:44:03,7400.0,7410.75,Put DEX 3,DEX,-39.374,,9045.75011706611
2026-08-28 07:44:03,7400.0,7410.75,Put GEX 3,GEX,-233825.337,,9045.75011706611
2026-08-28 07:44:03,7450.0,7461.0,Call CEX 5,CEX,318140.38,,9045.75011706611
2026-08-28 07:44:03,7450.0,7461.0,Call DEX 2,DEX,317.35,,9045.75011706611
2026-08-28 07:44:03,7450.0,7461.0,Put GEX 5,GEX,-173506.918,,9045.75011706611
2026-08-28 07:44:03,7450.0,7461.0,Call VEX 5,VEX,1213987.768,,9045.75011706611
2026-08-28 07:44:03,7500.0,7511.0,Call CEX 2,CEX,580357.788,,9045.75011706611
2026-08-28 07:44:03,7500.0,7511.0,Call DEX 1,DEX,327.648,,9045.75011706611
2026-08-28 07:44:03,7500.0,7511.0,Put GEX 1,GEX,-372365.87,,9045.75011706611
2026-08-28 07:44:03,7500.0,7511.0,Call VEX 2,VEX,2552284.42,,9045.75011706611
2026-08-28 07:44:03,7550.0,7561.0,Call CEX 4,CEX,426191.917,,9045.75011706611
2026-08-28 07:44:03,7550.0,7561.0,Call DEX 4,DEX,194.359,,9045.75011706611
2026-08-28 07:44:03,7550.0,7561.0,Put GEX 4,GEX,-185498.661,,9045.75011706611
2026-08-28 07:44:03,7550.0,7561.0,Call VEX 4,VEX,1539529.24,,9045.75011706611
2026-08-28 07:44:03,7600.0,7611.0,Call CEX 3,CEX,451779.543,,9045.75011706611
2026-08-28 07:44:03,7600.0,7611.0,Call DEX 3,DEX,284.446,,9045.75011706611
2026-08-28 07:44:03,7600.0,7611.0,Call VEX 3,VEX,2008786.08,,9045.75011706611
2026-08-28 07:44:03,7750.0,7761.25,Call DEX 5,DEX,136.16,,9045.75011706611
2026-08-28 07:44:03,7750.0,7761.25,Call GEX 3,GEX,426601.179,,9045.75011706611
2026-08-28 07:44:03,7800.0,7811.5,Put CEX 3,CEX,-384996.616,,9045.75011706611
2026-08-28 07:44:03,7800.0,7811.5,Call GEX 1,GEX,631149.675,,9045.75011706611
2026-08-28 07:44:03,7800.0,7811.5,Put VEX 3,VEX,-390865.978,,9045.75011706611
2026-08-28 07:44:03,7825.0,7836.5,Call GEX 5,GEX,223478.34,,9045.75011706611
2026-08-28 07:44:03,7850.0,7861.5,Put CEX 4,CEX,-248161.723,,9045.75011706611
2026-08-28 07:44:03,7850.0,7861.5,Call GEX 4,GEX,410230.715,,9045.75011706611
2026-08-28 07:44:03,7850.0,7861.5,Put VEX 5,VEX,-376200.809,,9045.75011706611
2026-08-28 07:44:03,7900.0,7911.5,Put CEX 2,CEX,-464421.774,,9045.75011706611
2026-08-28 07:44:03,7900.0,7911.5,Call GEX 2,GEX,605412.232,,9045.75011706611
2026-08-28 07:44:03,7900.0,7911.5,Put VEX 2,VEX,-857189.496,,9045.75011706611
2026-08-28 07:44:03,7950.0,7961.75,Put CEX 5,CEX,-156257.745,,9045.75011706611
2026-08-28 07:44:03,7950.0,7961.75,Put VEX 4,VEX,-376750.291,,9045.75011706611
2026-08-28 07:44:03,8000.0,8011.75,Put CEX 1,CEX,-2901024.447,,9045.75011706611
2026-08-28 07:44:03,8000.0,8011.75,Put DEX 1,DEX,-1539.171,,9045.75011706611
2026-08-28 07:44:03,8000.0,8011.75,Put VEX 1,VEX,-8249398.105,,9045.75011706611
2026-08-28 07:44:03,8200.0,8212.0,Put DEX 5,DEX,-21.429,,9045.75011706611
2026-08-28 07:44:50,7000.0,7010.5,Call CEX 1,CEX,710621.105,,9047.890154815906
2026-08-28 07:44:50,7000.0,7010.5,Put DEX 2,DEX,-84.976,,9047.890154815906
2026-08-28 07:44:50,7000.0,7010.5,Put GEX 2,GEX,-344630.335,,9047.890154815906
2026-08-28 07:44:50,7000.0,7010.5,Call VEX 1,VEX,2784097.551,,9047.890154815906
2026-08-28 07:44:50,7300.0,7311.0,Put DEX 4,DEX,-28.069,,9047.890154815906
2026-08-28 07:44:50,7400.0,7411.25,Put DEX 3,DEX,-38.35,,9047.890154815906
2026-08-28 07:44:50,7400.0,7411.25,Put GEX 3,GEX,-229988.328,,9047.890154815906
2026-08-28 07:44:50,7450.0,7461.25,Call CEX 5,CEX,311127.128,,9047.890154815906
2026-08-28 07:44:50,7450.0,7461.25,Call DEX 2,DEX,319.858,,9047.890154815906
2026-08-28 07:44:50,7450.0,7461.25,Put GEX 5,GEX,-177665.749,,9047.890154815906
2026-08-28 07:44:50,7450.0,7461.25,Call VEX 5,VEX,1185033.554,,9047.890154815906
2026-08-28 07:44:50,7500.0,7511.5,Call CEX 2,CEX,578432.627,,9047.890154815906
2026-08-28 07:44:50,7500.0,7511.5,Call DEX 1,DEX,332.254,,9047.890154815906
2026-08-28 07:44:50,7500.0,7511.5,Put GEX 1,GEX,-370754.742,,9047.890154815906
2026-08-28 07:44:50,7500.0,7511.5,Call VEX 2,VEX,2538980.277,,9047.890154815906
2026-08-28 07:44:50,7550.0,7561.5,Call CEX 4,CEX,425179.608,,9047.890154815906
2026-08-28 07:44:50,7550.0,7561.5,Call DEX 4,DEX,197.874,,9047.890154815906
2026-08-28 07:44:50,7550.0,7561.5,Put GEX 4,GEX,-183547.726,,9047.890154815906
2026-08-28 07:44:50,7550.0,7561.5,Call VEX 4,VEX,1535692.896,,9047.890154815906
2026-08-28 07:44:50,7600.0,7611.5,Call CEX 3,CEX,447142.696,,9047.890154815906
2026-08-28 07:44:50,7600.0,7611.5,Call DEX 3,DEX,272.067,,9047.890154815906
2026-08-28 07:44:50,7600.0,7611.5,Call VEX 3,VEX,1998744.624,,9047.890154815906
2026-08-28 07:44:50,7750.0,7761.75,Call DEX 5,DEX,143.406,,9047.890154815906
2026-08-28 07:44:50,7750.0,7761.75,Call GEX 4,GEX,418780.358,,9047.890154815906
2026-08-28 07:44:50,7800.0,7811.75,Put CEX 3,CEX,-363034.98,,9047.890154815906
2026-08-28 07:44:50,7800.0,7811.75,Call GEX 2,GEX,631063.5,,9047.890154815906
2026-08-28 07:44:50,7825.0,7836.75,Call GEX 5,GEX,228913.259,,9047.890154815906
2026-08-28 07:44:50,7850.0,7862.0,Put CEX 4,CEX,-249463.967,,9047.890154815906
2026-08-28 07:44:50,7850.0,7862.0,Call GEX 3,GEX,421316.509,,9047.890154815906
2026-08-28 07:44:50,7850.0,7862.0,Put VEX 4,VEX,-363811.087,,9047.890154815906
2026-08-28 07:44:50,7900.0,7912.0,Put CEX 2,CEX,-480676.294,,9047.890154815906
2026-08-28 07:44:50,7900.0,7912.0,Call GEX 1,GEX,632591.46,,9047.890154815906
2026-08-28 07:44:50,7900.0,7912.0,Put VEX 2,VEX,-862654.077,,9047.890154815906
2026-08-28 07:44:50,7950.0,7962.0,Put CEX 5,CEX,-161306.433,,9047.890154815906
2026-08-28 07:44:50,7950.0,7962.0,Put VEX 3,VEX,-381643.646,,9047.890154815906
2026-08-28 07:44:50,8000.0,8012.25,Put CEX 1,CEX,-2940227.372,,9047.890154815906
2026-08-28 07:44:50,8000.0,8012.25,Put DEX 1,DEX,-1517.966,,9047.890154815906
2026-08-28 07:44:50,8000.0,8012.25,Put VEX 1,VEX,-8328294.149,,9047.890154815906
2026-08-28 07:44:50,8200.0,8212.5,Put DEX 5,DEX,-21.042,,9047.890154815906
2026-08-28 07:44:50,8200.0,8212.5,Put VEX 5,VEX,-334906.749,,9047.890154815906
2026-08-28 07:45:38,7000.0,7010.0,Call CEX 1,CEX,710977.865,,9045.187193117448
2026-08-28 07:45:38,7000.0,7010.0,Put DEX 2,DEX,-84.958,,9045.187193117448
2026-08-28 07:45:38,7000.0,7010.0,Put GEX 2,GEX,-344412.678,,9045.187193117448
2026-08-28 07:45:38,7000.0,7010.0,Call VEX 1,VEX,2784331.548,,9045.187193117448
2026-08-28 07:45:38,7300.0,7310.25,Put DEX 4,DEX,-28.214,,9045.187193117448
2026-08-28 07:45:38,7400.0,7410.5,Put DEX 3,DEX,-38.534,,9045.187193117448
2026-08-28 07:45:38,7400.0,7410.5,Put GEX 3,GEX,-230002.394,,9045.187193117448
2026-08-28 07:45:38,7450.0,7460.5,Call CEX 5,CEX,306238.948,,9045.187193117448
2026-08-28 07:45:38,7450.0,7460.5,Call DEX 2,DEX,320.642,,9045.187193117448
2026-08-28 07:45:38,7450.0,7460.5,Put GEX 4,GEX,-184587.982,,9045.187193117448
2026-08-28 07:45:38,7450.0,7460.5,Call VEX 5,VEX,1162623.867,,9045.187193117448
2026-08-28 07:45:38,7500.0,7510.5,Call CEX 2,CEX,576978.968,,9045.187193117448
2026-08-28 07:45:38,7500.0,7510.5,Call DEX 1,DEX,333.119,,9045.187193117448
2026-08-28 07:45:38,7500.0,7510.5,Put GEX 1,GEX,-374042.894,,9045.187193117448
2026-08-28 07:45:38,7500.0,7510.5,Call VEX 2,VEX,2529674.661,,9045.187193117448
2026-08-28 07:45:38,7550.0,7560.75,Call CEX 4,CEX,425634.469,,9045.187193117448
2026-08-28 07:45:38,7550.0,7560.75,Call DEX 4,DEX,198.288,,9045.187193117448
2026-08-28 07:45:38,7550.0,7560.75,Put GEX 5,GEX,-184000.957,,9045.187193117448
2026-08-28 07:45:38,7550.0,7560.75,Call VEX 4,VEX,1534759.495,,9045.187193117448
2026-08-28 07:45:38,7600.0,7610.75,Call CEX 3,CEX,456995.36,,9045.187193117448
2026-08-28 07:45:38,7600.0,7610.75,Call DEX 3,DEX,291.221,,9045.187193117448
2026-08-28 07:45:38,7600.0,7610.75,Call VEX 3,VEX,2019804.623,,9045.187193117448
2026-08-28 07:45:38,7750.0,7761.0,Call DEX 5,DEX,144.157,,9045.187193117448
2026-08-28 07:45:38,7750.0,7761.0,Call GEX 4,GEX,420839.554,,9045.187193117448
2026-08-28 07:45:38,7800.0,7811.0,Put CEX 3,CEX,-359315.006,,9045.187193117448
2026-08-28 07:45:38,7800.0,7811.0,Call GEX 2,GEX,632858.547,,9045.187193117448
2026-08-28 07:45:38,7825.0,7836.0,Call GEX 5,GEX,229788.092,,9045.187193117448
2026-08-28 07:45:38,7850.0,7861.0,Put CEX 4,CEX,-250371.193,,9045.187193117448
2026-08-28 07:45:38,7850.0,7861.0,Call GEX 3,GEX,423023.115,,9045.187193117448
2026-08-28 07:45:38,7850.0,7861.0,Put VEX 4,VEX,-362778.161,,9045.187193117448
2026-08-28 07:45:38,7900.0,7911.25,Put CEX 2,CEX,-486612.647,,9045.187193117448
2026-08-28 07:45:38,7900.0,7911.25,Call GEX 1,GEX,638785.987,,9045.187193117448
2026-08-28 07:45:38,7900.0,7911.25,Put VEX 2,VEX,-867269.514,,9045.187193117448
2026-08-28 07:45:38,7950.0,7961.25,Put CEX 5,CEX,-162451.585,,9045.187193117448
2026-08-28 07:45:38,7950.0,7961.25,Put VEX 3,VEX,-382894.758,,9045.187193117448
2026-08-28 07:45:38,8000.0,8011.25,Put CEX 1,CEX,-2949595.162,,9045.187193117448
2026-08-28 07:45:38,8000.0,8011.25,Put DEX 1,DEX,-1510.88,,9045.187193117448
2026-08-28 07:45:38,8000.0,8011.25,Put VEX 1,VEX,-8345267.659,,9045.187193117448
2026-08-28 07:45:38,8200.0,8211.5,Put DEX 5,DEX,-20.777,,9045.187193117448
2026-08-28 07:45:38,8200.0,8211.5,Put VEX 5,VEX,-341248.324,,9045.187193117448
2026-08-28 07:46:27,7000.0,7010.25,Call CEX 1,CEX,717422.332,,9040.426078360428
2026-08-28 07:46:27,7000.0,7010.25,Put DEX 2,DEX,-86.234,,9040.426078360428
2026-08-28 07:46:27,7000.0,7010.25,Put GEX 2,GEX,-348213.428,,9040.426078360428
2026-08-28 07:46:27,7000.0,7010.25,Call VEX 1,VEX,2808933.763,,9040.426078360428
2026-08-28 07:46:27,7300.0,7310.5,Put DEX 4,DEX,-28.306,,9040.426078360428
2026-08-28 07:46:27,7400.0,7410.75,Put DEX 3,DEX,-38.828,,9040.426078360428
2026-08-28 07:46:27,7400.0,7410.75,Put GEX 3,GEX,-231487.38,,9040.426078360428
2026-08-28 07:46:27,7450.0,7460.75,Call CEX 5,CEX,290608.064,,9040.426078360428
2026-08-28 07:46:27,7450.0,7460.75,Call DEX 2,DEX,322.437,,9040.426078360428
2026-08-28 07:46:27,7450.0,7460.75,Put GEX 4,GEX,-206741.128,,9040.426078360428
2026-08-28 07:46:27,7500.0,7511.0,Call CEX 2,CEX,574625.195,,9040.426078360428
2026-08-28 07:46:27,7500.0,7511.0,Call DEX 1,DEX,332.746,,9040.426078360428
2026-08-28 07:46:27,7500.0,7511.0,Put GEX 1,GEX,-379770.635,,9040.426078360428
2026-08-28 07:46:27,7500.0,7511.0,Call VEX 2,VEX,2519961.501,,9040.426078360428
2026-08-28 07:46:27,7550.0,7561.0,Call CEX 4,CEX,426024.37,,9040.426078360428
2026-08-28 07:46:27,7550.0,7561.0,Call DEX 4,DEX,197.648,,9040.426078360428
2026-08-28 07:46:27,7550.0,7561.0,Put GEX 5,GEX,-185948.731,,9040.426078360428
2026-08-28 07:46:27,7550.0,7561.0,Call VEX 4,VEX,1533733.345,,9040.426078360428
2026-08-28 07:46:27,7600.0,7611.0,Call CEX 3,CEX,454484.461,,9040.426078360428
2026-08-28 07:46:27,7600.0,7611.0,Call DEX 3,DEX,289.834,,9040.426078360428
2026-08-28 07:46:27,7600.0,7611.0,Call VEX 3,VEX,2013593.148,,9040.426078360428
2026-08-28 07:46:27,7700.0,7711.25,Call VEX 5,VEX,1103390.581,,9040.426078360428
2026-08-28 07:46:27,7750.0,7761.25,Call DEX 5,DEX,141.852,,9040.426078360428
2026-08-28 07:46:27,7750.0,7761.25,Call GEX 3,GEX,426041.102,,9040.426078360428
2026-08-28 07:46:27,7800.0,7811.25,Put CEX 3,CEX,-366194.342,,9040.426078360428
2026-08-28 07:46:27,7800.0,7811.25,Call GEX 1,GEX,634384.926,,9040.426078360428
2026-08-28 07:46:27,7800.0,7811.25,Put VEX 5,VEX,-340292.683,,9040.426078360428
2026-08-28 07:46:27,7825.0,7836.5,Call GEX 5,GEX,228211.566,,9040.426078360428
2026-08-28 07:46:27,7850.0,7861.5,Put CEX 4,CEX,-250268.75,,9040.426078360428
2026-08-28 07:46:27,7850.0,7861.5,Call GEX 4,GEX,419707.08,,9040.426078360428
2026-08-28 07:46:27,7850.0,7861.5,Put VEX 4,VEX,-366972.374,,9040.426078360428
2026-08-28 07:46:27,7900.0,7911.5,Put CEX 2,CEX,-482925.597,,9040.426078360428
2026-08-28 07:46:27,7900.0,7911.5,Call GEX 2,GEX,630993.273,,9040.426078360428
2026-08-28 07:46:27,7900.0,7911.5,Put VEX 2,VEX,-867116.128,,9040.426078360428
2026-08-28 07:46:27,7950.0,7961.5,Put CEX 5,CEX,-161440.019,,9040.426078360428
2026-08-28 07:46:27,7950.0,7961.5,Put VEX 3,VEX,-382068.931,,9040.426078360428
2026-08-28 07:46:27,8000.0,8011.75,Put CEX 1,CEX,-2937559.632,,9040.426078360428
2026-08-28 07:46:27,8000.0,8011.75,Put DEX 1,DEX,-1512.532,,9040.426078360428
2026-08-28 07:46:27,8000.0,8011.75,Put VEX 1,VEX,-8321510.243,,9040.426078360428
2026-08-28 07:46:27,8200.0,8212.0,Put DEX 5,DEX,-20.851,,9040.426078360428
2026-08-28 07:47:14,7000.0,7009.5,Call CEX 1,CEX,716586.092,,9036.178137927513
2026-08-28 07:47:14,7000.0,7009.5,Put DEX 2,DEX,-86.019,,9036.178137927513
2026-08-28 07:47:14,7000.0,7009.5,Put GEX 2,GEX,-346517.524,,9036.178137927513
2026-08-28 07:47:14,7000.0,7009.5,Call VEX 1,VEX,2805950.564,,9036.178137927513
2026-08-28 07:47:14,7300.0,7309.75,Put DEX 4,DEX,-28.102,,9036.178137927513
2026-08-28 07:47:14,7400.0,7410.0,Put DEX 3,DEX,-38.085,,9036.178137927513
2026-08-28 07:47:14,7400.0,7410.0,Put GEX 4,GEX,-229617.867,,9036.178137927513
2026-08-28 07:47:14,7450.0,7460.0,Call CEX 5,CEX,260843.491,,9036.178137927513
2026-08-28 07:47:14,7450.0,7460.0,Call DEX 2,DEX,326.495,,9036.178137927513
2026-08-28 07:47:14,7450.0,7460.0,Put GEX 3,GEX,-241704.478,,9036.178137927513
2026-08-28 07:47:14,7500.0,7510.0,Call CEX 2,CEX,567930.136,,9036.178137927513
2026-08-28 07:47:14,7500.0,7510.0,Call DEX 1,DEX,337.512,,9036.178137927513
2026-08-28 07:47:14,7500.0,7510.0,Put GEX 1,GEX,-387125.393,,9036.178137927513
2026-08-28 07:47:14,7500.0,7510.0,Call VEX 2,VEX,2487650.692,,9036.178137927513
2026-08-28 07:47:14,7550.0,7560.25,Call CEX 4,CEX,424153.426,,9036.178137927513
2026-08-28 07:47:14,7550.0,7560.25,Call DEX 4,DEX,200.886,,9036.178137927513
2026-08-28 07:47:14,7550.0,7560.25,Put GEX 5,GEX,-186705.679,,9036.178137927513
2026-08-28 07:47:14,7550.0,7560.25,Call VEX 4,VEX,1526688.616,,9036.178137927513
2026-08-28 07:47:14,7600.0,7610.25,Call CEX 3,CEX,452164.18,,9036.178137927513
2026-08-28 07:47:14,7600.0,7610.25,Call DEX 3,DEX,295.14,,9036.178137927513
2026-08-28 07:47:14,7600.0,7610.25,Call VEX 3,VEX,2008817.446,,9036.178137927513
2026-08-28 07:47:14,7700.0,7710.25,Call VEX 5,VEX,1138063.346,,9036.178137927513
2026-08-28 07:47:14,7750.0,7760.5,Call DEX 5,DEX,146.295,,9036.178137927513
2026-08-28 07:47:14,7750.0,7760.5,Call GEX 3,GEX,428894.838,,9036.178137927513
2026-08-28 07:47:14,7800.0,7810.5,Put CEX 3,CEX,-354610.195,,9036.178137927513
2026-08-28 07:47:14,7800.0,7810.5,Call GEX 2,GEX,642299.045,,9036.178137927513
2026-08-28 07:47:14,7825.0,7835.5,Call GEX 5,GEX,232869.304,,9036.178137927513
2026-08-28 07:47:14,7850.0,7860.5,Put CEX 4,CEX,-250876.543,,9036.178137927513
2026-08-28 07:47:14,7850.0,7860.5,Call GEX 4,GEX,427759.373,,9036.178137927513
2026-08-28 07:47:14,7850.0,7860.5,Put VEX 4,VEX,-360029.976,,9036.178137927513
2026-08-28 07:47:14,7900.0,7910.5,Put CEX 2,CEX,-489702.352,,9036.178137927513
2026-08-28 07:47:14,7900.0,7910.5,Call GEX 1,GEX,646257.234,,9036.178137927513
2026-08-28 07:47:14,7900.0,7910.5,Put VEX 2,VEX,-867566.73,,9036.178137927513
2026-08-28 07:47:14,7950.0,7960.75,Put CEX 5,CEX,-162926.485,,9036.178137927513
2026-08-28 07:47:14,7950.0,7960.75,Put VEX 3,VEX,-383084.173,,9036.178137927513
2026-08-28 07:47:14,8000.0,8010.75,Put CEX 1,CEX,-2954444.724,,9036.178137927513
2026-08-28 07:47:14,8000.0,8010.75,Put DEX 1,DEX,-1498.744,,9036.178137927513
2026-08-28 07:47:14,8000.0,8010.75,Put VEX 1,VEX,-8348184.86,,9036.178137927513
2026-08-28 07:47:14,8200.0,8211.0,Put DEX 5,DEX,-20.643,,9036.178137927513
2026-08-28 07:47:14,8200.0,8211.0,Put VEX 5,VEX,-342163.144,,9036.178137927513
2026-08-28 07:48:01,7000.0,7010.5,Call CEX 1,CEX,713184.622,,9039.25125259048
2026-08-28 07:48:01,7000.0,7010.5,Put DEX 2,DEX,-85.429,,9039.25125259048
2026-08-28 07:48:01,7000.0,7010.5,Put GEX 2,GEX,-345064.706,,9039.25125259048
2026-08-28 07:48:01,7000.0,7010.5,Call VEX 1,VEX,2793858.691,,9039.25125259048
2026-08-28 07:48:01,7300.0,7310.75,Put DEX 4,DEX,-28.028,,9039.25125259048
2026-08-28 07:48:01,7400.0,7411.0,Put DEX 3,DEX,-38.273,,9039.25125259048
2026-08-28 07:48:01,7400.0,7411.0,Put GEX 3,GEX,-228854.576,,9039.25125259048
2026-08-28 07:48:01,7450.0,7461.0,Call CEX 5,CEX,306409.281,,9039.25125259048
2026-08-28 07:48:01,7450.0,7461.0,Call DEX 2,DEX,320.919,,9039.25125259048
2026-08-28 07:48:01,7450.0,7461.0,Put GEX 4,GEX,-182816.321,,9039.25125259048
2026-08-28 07:48:01,7450.0,7461.0,Call VEX 5,VEX,1164005.028,,9039.25125259048
2026-08-28 07:48:01,7500.0,7511.25,Call CEX 2,CEX,578470.964,,9039.25125259048
2026-08-28 07:48:01,7500.0,7511.25,Call DEX 1,DEX,333.201,,9039.25125259048
2026-08-28 07:48:01,7500.0,7511.25,Put GEX 1,GEX,-369949.814,,9039.25125259048
2026-08-28 07:48:01,7500.0,7511.25,Call VEX 2,VEX,2535845.323,,9039.25125259048
2026-08-28 07:48:01,7550.0,7561.25,Call CEX 4,CEX,425552.359,,9039.25125259048
2026-08-28 07:48:01,7550.0,7561.25,Call DEX 4,DEX,198.643,,9039.25125259048
2026-08-28 07:48:01,7550.0,7561.25,Put GEX 5,GEX,-182438.764,,9039.25125259048
2026-08-28 07:48:01,7550.0,7561.25,Call VEX 4,VEX,1535370.606,,9039.25125259048
2026-08-28 07:48:01,7600.0,7611.25,Call CEX 3,CEX,458517.172,,9039.25125259048
2026-08-28 07:48:01,7600.0,7611.25,Call DEX 3,DEX,292.046,,9039.25125259048
2026-08-28 07:48:01,7600.0,7611.25,Call VEX 3,VEX,2022763.909,,9039.25125259048
2026-08-28 07:48:01,7750.0,7761.5,Call DEX 5,DEX,145.809,,9039.25125259048
2026-08-28 07:48:01,7750.0,7761.5,Call GEX 4,GEX,415393.61,,9039.25125259048
2026-08-28 07:48:01,7800.0,7811.5,Put CEX 3,CEX,-353110.134,,9039.25125259048
2026-08-28 07:48:01,7800.0,7811.5,Call GEX 2,GEX,629742.345,,9039.25125259048
2026-08-28 07:48:01,7825.0,7836.75,Call GEX 5,GEX,230358.288,,9039.25125259048
2026-08-28 07:48:01,7850.0,7861.75,Put CEX 4,CEX,-250833.472,,9039.25125259048
2026-08-28 07:48:01,7850.0,7861.75,Call GEX 3,GEX,425168.566,,9039.25125259048
2026-08-28 07:48:01,7850.0,7861.75,Put VEX 4,VEX,-359284.203,,9039.25125259048
2026-08-28 07:48:01,7900.0,7911.75,Put CEX 2,CEX,-491898.066,,9039.25125259048
2026-08-28 07:48:01,7900.0,7911.75,Call GEX 1,GEX,645736.142,,9039.25125259048
2026-08-28 07:48:01,7900.0,7911.75,Put VEX 2,VEX,-868821.623,,9039.25125259048
2026-08-28 07:48:01,7950.0,7961.75,Put CEX 5,CEX,-164364.267,,9039.25125259048
2026-08-28 07:48:01,7950.0,7961.75,Put VEX 3,VEX,-384538.764,,9039.25125259048
2026-08-28 07:48:01,8000.0,8012.0,Put CEX 1,CEX,-2964806.831,,9039.25125259048
2026-08-28 07:48:01,8000.0,8012.0,Put DEX 1,DEX,-1501.15,,9039.25125259048
2026-08-28 07:48:01,8000.0,8012.0,Put VEX 1,VEX,-8379232.958,,9039.25125259048
2026-08-28 07:48:01,8200.0,8212.25,Put DEX 5,DEX,-20.609,,9039.25125259048
2026-08-28 07:48:01,8200.0,8212.25,Put VEX 5,VEX,-344022.292,,9039.25125259048
2026-08-28 07:48:50,7000.0,7009.5,Call CEX 1,CEX,712798.854,,9033.579629380389
2026-08-28 07:48:50,7000.0,7009.5,Put DEX 2,DEX,-85.338,,9033.579629380389
2026-08-28 07:48:50,7000.0,7009.5,Put GEX 2,GEX,-344369.023,,9033.579629380389
2026-08-28 07:48:50,7000.0,7009.5,Call VEX 1,VEX,2792502.465,,9033.579629380389
2026-08-28 07:48:50,7300.0,7310.0,Put DEX 4,DEX,-27.959,,9033.579629380389
2026-08-28 07:48:50,7400.0,7410.25,Put DEX 3,DEX,-37.907,,9033.579629380389
2026-08-28 07:48:50,7400.0,7410.25,Put GEX 3,GEX,-228587.429,,9033.579629380389
2026-08-28 07:48:50,7450.0,7460.25,Call CEX 5,CEX,274743.868,,9033.579629380389
2026-08-28 07:48:50,7450.0,7460.25,Call DEX 2,DEX,325.467,,9033.579629380389
2026-08-28 07:48:50,7450.0,7460.25,Put GEX 4,GEX,-222247.174,,9033.579629380389
2026-08-28 07:48:50,7500.0,7510.25,Call CEX 2,CEX,571391.98,,9033.579629380389
2026-08-28 07:48:50,7500.0,7510.25,Call DEX 1,DEX,336.923,,9033.579629380389
2026-08-28 07:48:50,7500.0,7510.25,Put GEX 1,GEX,-379879.94,,9033.579629380389
2026-08-28 07:48:50,7500.0,7510.25,Call VEX 2,VEX,2503107.365,,9033.579629380389
2026-08-28 07:48:50,7550.0,7560.25,Call CEX 4,CEX,423734.298,,9033.579629380389
2026-08-28 07:48:50,7550.0,7560.25,Call DEX 4,DEX,200.951,,9033.579629380389
2026-08-28 07:48:50,7550.0,7560.25,Put GEX 5,GEX,-184320.056,,9033.579629380389
2026-08-28 07:48:50,7550.0,7560.25,Call VEX 4,VEX,1528474.589,,9033.579629380389
2026-08-28 07:48:50,7600.0,7610.5,Call CEX 3,CEX,449722.117,,9033.579629380389
2026-08-28 07:48:50,7600.0,7610.5,Call DEX 3,DEX,276.519,,9033.579629380389
2026-08-28 07:48:50,7600.0,7610.5,Call VEX 3,VEX,2004536.239,,9033.579629380389
2026-08-28 07:48:50,7700.0,7710.5,Call VEX 5,VEX,1147828.864,,9033.579629380389
2026-08-28 07:48:50,7750.0,7760.75,Call DEX 5,DEX,147.769,,9033.579629380389
2026-08-28 07:48:50,7750.0,7760.75,Call GEX 4,GEX,424613.235,,9033.579629380389
2026-08-28 07:48:50,7800.0,7810.75,Put CEX 3,CEX,-349572.4,,9033.579629380389
2026-08-28 07:48:50,7800.0,7810.75,Call GEX 2,GEX,639192.694,,9033.579629380389
2026-08-28 07:48:50,7825.0,7835.75,Call GEX 5,GEX,233504.572,,9033.579629380389
2026-08-28 07:48:50,7850.0,7860.75,Put CEX 4,CEX,-250998.739,,9033.579629380389
2026-08-28 07:48:50,7850.0,7860.75,Call GEX 3,GEX,429585.217,,9033.579629380389
2026-08-28 07:48:50,7850.0,7860.75,Put VEX 4,VEX,-356923.657,,9033.579629380389
2026-08-28 07:48:50,7900.0,7910.75,Put CEX 2,CEX,-493181.059,,9033.579629380389
2026-08-28 07:48:50,7900.0,7910.75,Call GEX 1,GEX,651541.639,,9033.579629380389
2026-08-28 07:48:50,7900.0,7910.75,Put VEX 2,VEX,-867859.622,,9033.579629380389
2026-08-28 07:48:50,7950.0,7961.0,Put CEX 5,CEX,-164698.595,,9033.579629380389
2026-08-28 07:48:50,7950.0,7961.0,Put VEX 3,VEX,-384543.308,,9033.579629380389
2026-08-28 07:48:50,8000.0,8011.0,Put CEX 1,CEX,-2969292.226,,9033.579629380389
2026-08-28 07:48:50,8000.0,8011.0,Put DEX 1,DEX,-1494.046,,9033.579629380389
2026-08-28 07:48:50,8000.0,8011.0,Put VEX 1,VEX,-8381943.73,,9033.579629380389
2026-08-28 07:48:50,8200.0,8211.25,Put DEX 5,DEX,-20.458,,9033.579629380389
2026-08-28 07:48:50,8200.0,8211.25,Put VEX 5,VEX,-345520.13,,9033.579629380389
2026-08-28 07:49:38,7000.0,7010.25,Call CEX 1,CEX,709844.647,,9035.995957571486
2026-08-28 07:49:38,7000.0,7010.25,Put DEX 2,DEX,-84.772,,9035.995957571486
2026-08-28 07:49:38,7000.0,7010.25,Put GEX 2,GEX,-343056.063,,9035.995957571486
2026-08-28 07:49:38,7000.0,7010.25,Call VEX 1,VEX,2781075.257,,9035.995957571486
2026-08-28 07:49:38,7300.0,7310.75,Put DEX 4,DEX,-27.957,,9035.995957571486
2026-08-28 07:49:38,7400.0,7410.75,Put DEX 3,DEX,-37.917,,9035.995957571486
2026-08-28 07:49:38,7400.0,7410.75,Put GEX 3,GEX,-228070.805,,9035.995957571486
2026-08-28 07:49:38,7450.0,7461.0,Call CEX 5,CEX,302932.395,,9035.995957571486
2026-08-28 07:49:38,7450.0,7461.0,Call DEX 2,DEX,321.872,,9035.995957571486
2026-08-28 07:49:38,7450.0,7461.0,Put GEX 4,GEX,-186090.474,,9035.995957571486
2026-08-28 07:49:38,7450.0,7461.0,Call VEX 5,VEX,1149112.647,,9035.995957571486
2026-08-28 07:49:38,7500.0,7511.0,Call CEX 2,CEX,577422.241,,9035.995957571486
2026-08-28 07:49:38,7500.0,7511.0,Call DEX 1,DEX,334.706,,9035.995957571486
2026-08-28 07:49:38,7500.0,7511.0,Put GEX 1,GEX,-370307.734,,9035.995957571486
2026-08-28 07:49:38,7500.0,7511.0,Call VEX 2,VEX,2530708.506,,9035.995957571486
2026-08-28 07:49:38,7550.0,7561.0,Call CEX 4,CEX,424121.317,,9035.995957571486
2026-08-28 07:49:38,7550.0,7561.0,Call DEX 4,DEX,199.954,,9035.995957571486
2026-08-28 07:49:38,7550.0,7561.0,Put GEX 5,GEX,-182215.645,,9035.995957571486
2026-08-28 07:49:38,7550.0,7561.0,Call VEX 4,VEX,1532659.509,,9035.995957571486
2026-08-28 07:49:38,7600.0,7611.25,Call CEX 3,CEX,457980.229,,9035.995957571486
2026-08-28 07:49:38,7600.0,7611.25,Call DEX 3,DEX,294.147,,9035.995957571486
2026-08-28 07:49:38,7600.0,7611.25,Call VEX 3,VEX,2022303.843,,9035.995957571486
2026-08-28 07:49:38,7750.0,7761.5,Call DEX 5,DEX,147.314,,9035.995957571486
2026-08-28 07:49:38,7750.0,7761.5,Call GEX 4,GEX,417878.435,,9035.995957571486
2026-08-28 07:49:38,7800.0,7811.5,Put CEX 3,CEX,-350285.803,,9035.995957571486
2026-08-28 07:49:38,7800.0,7811.5,Call GEX 2,GEX,632787.153,,9035.995957571486
2026-08-28 07:49:38,7825.0,7836.5,Call GEX 5,GEX,232130.737,,9035.995957571486
2026-08-28 07:49:38,7850.0,7861.5,Put CEX 4,CEX,-250892.373,,9035.995957571486
2026-08-28 07:49:38,7850.0,7861.5,Call GEX 3,GEX,427879.536,,9035.995957571486
2026-08-28 07:49:38,7850.0,7861.5,Put VEX 4,VEX,-357129.594,,9035.995957571486
2026-08-28 07:49:38,7900.0,7911.5,Put CEX 2,CEX,-493766.327,,9035.995957571486
2026-08-28 07:49:38,7900.0,7911.5,Call GEX 1,GEX,650437.986,,9035.995957571486
2026-08-28 07:49:38,7900.0,7911.5,Put VEX 2,VEX,-868694.811,,9035.995957571486
2026-08-28 07:49:38,7950.0,7961.75,Put CEX 5,CEX,-165012.543,,9035.995957571486
2026-08-28 07:49:38,7950.0,7961.75,Put VEX 3,VEX,-384958.203,,9035.995957571486
2026-08-28 07:49:38,8000.0,8011.75,Put CEX 1,CEX,-2971960.453,,9035.995957571486
2026-08-28 07:49:38,8000.0,8011.75,Put DEX 1,DEX,-1497.966,,9035.995957571486
2026-08-28 07:49:38,8000.0,8011.75,Put VEX 1,VEX,-8391522.97,,9035.995957571486
2026-08-28 07:49:38,8200.0,8212.0,Put DEX 5,DEX,-20.517,,9035.995957571486
2026-08-28 07:49:38,8200.0,8212.0,Put VEX 5,VEX,-346514.039,,9035.995957571486
2026-08-28 07:50:25,7000.0,7010.25,Call CEX 1,CEX,709199.303,,9036.812613737764
2026-08-28 07:50:25,7000.0,7010.25,Put DEX 2,DEX,-84.576,,9036.812613737764
2026-08-28 07:50:25,7000.0,7010.25,Put GEX 2,GEX,-341963.14,,9036.812613737764
2026-08-28 07:50:25,7000.0,7010.25,Call VEX 1,VEX,2778356.3,,9036.812613737764
2026-08-28 07:50:25,7300.0,7310.5,Put DEX 4,DEX,-27.723,,9036.812613737764
2026-08-28 07:50:25,7400.0,7410.75,Put DEX 3,DEX,-37.562,,9036.812613737764
2026-08-28 07:50:25,7400.0,7410.75,Put GEX 3,GEX,-226602.246,,9036.812613737764
2026-08-28 07:50:25,7450.0,7460.75,Call CEX 5,CEX,300372.559,,9036.812613737764
2026-08-28 07:50:25,7450.0,7460.75,Call DEX 2,DEX,322.647,,9036.812613737764
2026-08-28 07:50:25,7450.0,7460.75,Put GEX 4,GEX,-187207.46,,9036.812613737764
2026-08-28 07:50:25,7500.0,7510.75,Call CEX 2,CEX,575552.427,,9036.812613737764
2026-08-28 07:50:25,7500.0,7510.75,Call DEX 1,DEX,336.952,,9036.812613737764
2026-08-28 07:50:25,7500.0,7510.75,Put GEX 1,GEX,-371428.191,,9036.812613737764
2026-08-28 07:50:25,7500.0,7510.75,Call VEX 2,VEX,2520630.224,,9036.812613737764
2026-08-28 07:50:25,7550.0,7561.0,Call CEX 4,CEX,423874.456,,9036.812613737764
2026-08-28 07:50:25,7550.0,7561.0,Call DEX 4,DEX,201.229,,9036.812613737764
2026-08-28 07:50:25,7550.0,7561.0,Put GEX 5,GEX,-181616.889,,9036.812613737764
2026-08-28 07:50:25,7550.0,7561.0,Call VEX 4,VEX,1531072.493,,9036.812613737764
2026-08-28 07:50:25,7600.0,7611.0,Call CEX 3,CEX,459273.408,,9036.812613737764
2026-08-28 07:50:25,7600.0,7611.0,Call DEX 3,DEX,295.841,,9036.812613737764
2026-08-28 07:50:25,7600.0,7611.0,Call VEX 3,VEX,2025962.691,,9036.812613737764
2026-08-28 07:50:25,7700.0,7711.25,Call VEX 5,VEX,1161589.161,,9036.812613737764
2026-08-28 07:50:25,7750.0,7761.25,Call DEX 5,DEX,149.774,,9036.812613737764
2026-08-28 07:50:25,7750.0,7761.25,Call GEX 4,GEX,415197.83,,9036.812613737764
2026-08-28 07:50:25,7800.0,7811.25,Put CEX 3,CEX,-342957.582,,9036.812613737764
2026-08-28 07:50:25,7800.0,7811.25,Call GEX 2,GEX,633609.665,,9036.812613737764
2026-08-28 07:50:25,7825.0,7836.25,Call GEX 5,GEX,233981.477,,9036.812613737764
2026-08-28 07:50:25,7850.0,7861.25,Put CEX 4,CEX,-250728.683,,9036.812613737764
2026-08-28 07:50:25,7850.0,7861.25,Call GEX 3,GEX,431560.677,,9036.812613737764
2026-08-28 07:50:25,7850.0,7861.25,Put VEX 4,VEX,-352329.059,,9036.812613737764
2026-08-28 07:50:25,7900.0,7911.5,Put CEX 2,CEX,-497495.771,,9036.812613737764
2026-08-28 07:50:25,7900.0,7911.5,Call GEX 1,GEX,658817.475,,9036.812613737764
2026-08-28 07:50:25,7900.0,7911.5,Put VEX 2,VEX,-868208.991,,9036.812613737764
2026-08-28 07:50:25,7950.0,7961.5,Put CEX 5,CEX,-166046.562,,9036.812613737764
2026-08-28 07:50:25,7950.0,7961.5,Put VEX 3,VEX,-385658.265,,9036.812613737764
2026-08-28 07:50:25,8000.0,8011.5,Put CEX 1,CEX,-2981739.23,,9036.812613737764
2026-08-28 07:50:25,8000.0,8011.5,Put DEX 1,DEX,-1491.263,,9036.812613737764
2026-08-28 07:50:25,8000.0,8011.5,Put VEX 1,VEX,-8406929.565,,9036.812613737764
2026-08-28 07:50:25,8200.0,8211.75,Put DEX 5,DEX,-20.349,,9036.812613737764
2026-08-28 07:50:25,8200.0,8211.75,Put VEX 5,VEX,-350040.401,,9036.812613737764
2026-08-28 07:51:14,7000.0,7010.0,Call CEX 1,CEX,708315.296,,9041.289282261258
2026-08-28 07:51:14,7000.0,7010.0,Put DEX 2,DEX,-84.351,,9041.289282261258
2026-08-28 07:51:14,7000.0,7010.0,Put GEX 2,GEX,-340201.361,,9041.289282261258
2026-08-28 07:51:14,7000.0,7010.0,Call VEX 1,VEX,2775213.073,,9041.289282261258
2026-08-28 07:51:14,7300.0,7310.5,Put DEX 5,DEX,-27.528,,9041.289282261258
2026-08-28 07:51:14,7400.0,7410.75,Put DEX 4,DEX,-37.175,,9041.289282261258
2026-08-28 07:51:14,7400.0,7410.75,Put GEX 4,GEX,-225957.738,,9041.289282261258
2026-08-28 07:51:14,7450.0,7460.75,Call CEX 5,CEX,243399.557,,9041.289282261258
2026-08-28 07:51:14,7450.0,7460.75,Put DEX 3,DEX,-46.861,,9041.289282261258
2026-08-28 07:51:14,7450.0,7460.75,Put GEX 3,GEX,-255792.306,,9041.289282261258
2026-08-28 07:51:14,7500.0,7510.75,Call CEX 2,CEX,560161.953,,9041.289282261258
2026-08-28 07:51:14,7500.0,7510.75,Call DEX 1,DEX,342.88,,9041.289282261258
2026-08-28 07:51:14,7500.0,7510.75,Put GEX 1,GEX,-389782.737,,9041.289282261258
2026-08-28 07:51:14,7500.0,7510.75,Call VEX 2,VEX,2448986.207,,9041.289282261258
2026-08-28 07:51:14,7550.0,7561.0,Call CEX 4,CEX,420441.008,,9041.289282261258
2026-08-28 07:51:14,7550.0,7561.0,Call DEX 3,DEX,204.89,,9041.289282261258
2026-08-28 07:51:14,7550.0,7561.0,Put GEX 5,GEX,-183880.522,,9041.289282261258
2026-08-28 07:51:14,7550.0,7561.0,Call VEX 4,VEX,1517339.74,,9041.289282261258
2026-08-28 07:51:14,7600.0,7611.0,Call CEX 3,CEX,455222.148,,9041.289282261258
2026-08-28 07:51:14,7600.0,7611.0,Call DEX 2,DEX,283.204,,9041.289282261258
2026-08-28 07:51:14,7600.0,7611.0,Call VEX 3,VEX,2013866.219,,9041.289282261258
2026-08-28 07:51:14,7700.0,7711.0,Call VEX 5,VEX,1190629.946,,9041.289282261258
2026-08-28 07:51:14,7750.0,7761.25,Call DEX 4,DEX,154.556,,9041.289282261258
2026-08-28 07:51:14,7750.0,7761.25,Call GEX 4,GEX,423523.027,,9041.289282261258
2026-08-28 07:51:14,7800.0,7811.25,Put CEX 3,CEX,-329174.221,,9041.289282261258
2026-08-28 07:51:14,7800.0,7811.25,Call DEX 5,DEX,121.577,,9041.289282261258
2026-08-28 07:51:14,7800.0,7811.25,Call GEX 2,GEX,645892.421,,9041.289282261258
2026-08-28 07:51:14,7825.0,7836.25,Call GEX 5,GEX,239695.644,,9041.289282261258
2026-08-28 07:51:14,7850.0,7861.25,Put CEX 4,CEX,-251093.388,,9041.289282261258
2026-08-28 07:51:14,7850.0,7861.25,Call GEX 3,GEX,442415.028,,9041.289282261258
2026-08-28 07:51:14,7850.0,7861.25,Put VEX 5,VEX,-344017.901,,9041.289282261258
2026-08-28 07:51:14,7900.0,7911.5,Put CEX 2,CEX,-506139.418,,9041.289282261258
2026-08-28 07:51:14,7900.0,7911.5,Call GEX 1,GEX,678512.371,,9041.289282261258
2026-08-28 07:51:14,7900.0,7911.5,Put VEX 2,VEX,-868306.742,,9041.289282261258
2026-08-28 07:51:14,7950.0,7961.5,Put CEX 5,CEX,-168976.464,,9041.289282261258
2026-08-28 07:51:14,7950.0,7961.5,Put VEX 3,VEX,-387285.17,,9041.289282261258
2026-08-28 07:51:14,8000.0,8011.5,Put CEX 1,CEX,-3000107.942,,9041.289282261258
2026-08-28 07:51:14,8000.0,8011.5,Put DEX 1,DEX,-1465.921,,9041.289282261258
2026-08-28 07:51:14,8000.0,8011.5,Put VEX 1,VEX,-8428865.456,,9041.289282261258
2026-08-28 07:51:14,8200.0,8211.75,Put VEX 4,VEX,-357188.809,,9041.289282261258
2026-08-28 07:52:01,7000.0,7010.0,Call CEX 1,CEX,709250.685,,9042.644528168805
2026-08-28 07:52:01,7000.0,7010.0,Put DEX 2,DEX,-84.598,,9042.644528168805
2026-08-28 07:52:01,7000.0,7010.0,Put GEX 2,GEX,-341667.206,,9042.644528168805
2026-08-28 07:52:01,7000.0,7010.0,Call VEX 1,VEX,2778737.467,,9042.644528168805
2026-08-28 07:52:01,7300.0,7310.25,Put DEX 4,DEX,-27.724,,9042.644528168805
2026-08-28 07:52:01,7400.0,7410.5,Put DEX 3,DEX,-37.603,,9042.644528168805
2026-08-28 07:52:01,7400.0,7410.5,Put GEX 3,GEX,-226287.448,,9042.644528168805
2026-08-28 07:52:01,7450.0,7460.5,Call CEX 5,CEX,298575.156,,9042.644528168805
2026-08-28 07:52:01,7450.0,7460.5,Call DEX 2,DEX,322.899,,9042.644528168805
2026-08-28 07:52:01,7450.0,7460.5,Put GEX 4,GEX,-189604.668,,9042.644528168805
2026-08-28 07:52:01,7500.0,7510.5,Call CEX 2,CEX,574082.935,,9042.644528168805
2026-08-28 07:52:01,7500.0,7510.5,Call DEX 1,DEX,337.368,,9042.644528168805
2026-08-28 07:52:01,7500.0,7510.5,Put GEX 1,GEX,-373151.92,,9042.644528168805
2026-08-28 07:52:01,7500.0,7510.5,Call VEX 2,VEX,2513022.928,,9042.644528168805
2026-08-28 07:52:01,7550.0,7560.75,Call CEX 4,CEX,423597.747,,9042.644528168805
2026-08-28 07:52:01,7550.0,7560.75,Call DEX 4,DEX,201.382,,9042.644528168805
2026-08-28 07:52:01,7550.0,7560.75,Put GEX 5,GEX,-181698.546,,9042.644528168805
2026-08-28 07:52:01,7550.0,7560.75,Call VEX 4,VEX,1529066.905,,9042.644528168805
2026-08-28 07:52:01,7600.0,7610.75,Call CEX 3,CEX,458690.667,,9042.644528168805
2026-08-28 07:52:01,7600.0,7610.75,Call DEX 3,DEX,297.247,,9042.644528168805
2026-08-28 07:52:01,7600.0,7610.75,Call VEX 3,VEX,2022836.635,,9042.644528168805
2026-08-28 07:52:01,7700.0,7711.0,Call VEX 5,VEX,1167385.523,,9042.644528168805
2026-08-28 07:52:01,7750.0,7761.0,Call DEX 5,DEX,150.803,,9042.644528168805
2026-08-28 07:52:01,7750.0,7761.0,Call GEX 4,GEX,415453.855,,9042.644528168805
2026-08-28 07:52:01,7800.0,7811.0,Put CEX 3,CEX,-337857.296,,9042.644528168805
2026-08-28 07:52:01,7800.0,7811.0,Call GEX 2,GEX,632158.81,,9042.644528168805
2026-08-28 07:52:01,7825.0,7836.0,Call GEX 5,GEX,234437.137,,9042.644528168805
2026-08-28 07:52:01,7850.0,7861.0,Put CEX 4,CEX,-250973.715,,9042.644528168805
2026-08-28 07:52:01,7850.0,7861.0,Call GEX 3,GEX,432852.807,,9042.644528168805
2026-08-28 07:52:01,7850.0,7861.0,Put VEX 5,VEX,-349755.693,,9042.644528168805
2026-08-28 07:52:01,7900.0,7911.25,Put CEX 2,CEX,-503265.73,,9042.644528168805
2026-08-28 07:52:01,7900.0,7911.25,Call GEX 1,GEX,665287.635,,9042.644528168805
2026-08-28 07:52:01,7900.0,7911.25,Put VEX 2,VEX,-871204.387,,9042.644528168805
2026-08-28 07:52:01,7950.0,7961.25,Put CEX 5,CEX,-168701.641,,9042.644528168805
2026-08-28 07:52:01,7950.0,7961.25,Put VEX 3,VEX,-387977.382,,9042.644528168805
2026-08-28 07:52:01,8000.0,8011.25,Put CEX 1,CEX,-2993731.488,,9042.644528168805
2026-08-28 07:52:01,8000.0,8011.25,Put DEX 1,DEX,-1480.429,,9042.644528168805
2026-08-28 07:52:01,8000.0,8011.25,Put VEX 1,VEX,-8429690.401,,9042.644528168805
2026-08-28 07:52:01,8200.0,8211.5,Put DEX 5,DEX,-20.098,,9042.644528168805
2026-08-28 07:52:01,8200.0,8211.5,Put VEX 4,VEX,-355175.272,,9042.644528168805
2026-08-28 07:52:48,7000.0,7009.75,Call CEX 1,CEX,708347.896,,9037.808725751223
2026-08-28 07:52:48,7000.0,7009.75,Put DEX 2,DEX,-84.34,,9037.808725751223
2026-08-28 07:52:48,7000.0,7009.75,Put GEX 2,GEX,-340069.928,,9037.808725751223
2026-08-28 07:52:48,7000.0,7009.75,Call VEX 1,VEX,2775161.901,,9037.808725751223
2026-08-28 07:52:48,7300.0,7310.25,Put DEX 4,DEX,-27.589,,9037.808725751223
2026-08-28 07:52:48,7400.0,7410.5,Put DEX 3,DEX,-37.064,,9037.808725751223
2026-08-28 07:52:48,7400.0,7410.5,Put GEX 3,GEX,-224239.346,,9037.808725751223
2026-08-28 07:52:48,7450.0,7460.5,Call CEX 5,CEX,277892.864,,9037.808725751223
2026-08-28 07:52:48,7450.0,7460.5,Call DEX 2,DEX,326.363,,9037.808725751223
2026-08-28 07:52:48,7450.0,7460.5,Put GEX 4,GEX,-212578.551,,9037.808725751223
2026-08-28 07:52:48,7500.0,7510.5,Call CEX 2,CEX,571778.036,,9037.808725751223
2026-08-28 07:52:48,7500.0,7510.5,Call DEX 1,DEX,340.322,,9037.808725751223
2026-08-28 07:52:48,7500.0,7510.5,Put GEX 1,GEX,-373521.069,,9037.808725751223
2026-08-28 07:52:48,7500.0,7510.5,Call VEX 2,VEX,2501060.295,,9037.808725751223
2026-08-28 07:52:48,7550.0,7560.5,Call CEX 4,CEX,422409.708,,9037.808725751223
2026-08-28 07:52:48,7550.0,7560.5,Call DEX 4,DEX,203.772,,9037.808725751223
2026-08-28 07:52:48,7550.0,7560.5,Put GEX 5,GEX,-180811.069,,9037.808725751223
2026-08-28 07:52:48,7550.0,7560.5,Call VEX 4,VEX,1525854.963,,9037.808725751223
2026-08-28 07:52:48,7600.0,7610.75,Call CEX 3,CEX,459321.622,,9037.808725751223
2026-08-28 07:52:48,7600.0,7610.75,Call DEX 3,DEX,300.832,,9037.808725751223
2026-08-28 07:52:48,7600.0,7610.75,Call VEX 3,VEX,2025087.125,,9037.808725751223
2026-08-28 07:52:48,7700.0,7710.75,Call VEX 5,VEX,1196303.982,,9037.808725751223
2026-08-28 07:52:48,7750.0,7761.0,Call DEX 5,DEX,154.728,,9037.808725751223
2026-08-28 07:52:48,7750.0,7761.0,Call GEX 4,GEX,415352.8,,9037.808725751223
2026-08-28 07:52:48,7800.0,7811.0,Put CEX 3,CEX,-326980.106,,9037.808725751223
2026-08-28 07:52:48,7800.0,7811.0,Call GEX 2,GEX,637147.797,,9037.808725751223
2026-08-28 07:52:48,7825.0,7836.0,Call GEX 5,GEX,238345.401,,9037.808725751223
2026-08-28 07:52:48,7850.0,7861.0,Put CEX 4,CEX,-250702.505,,9037.808725751223
2026-08-28 07:52:48,7850.0,7861.0,Call GEX 3,GEX,439570.061,,9037.808725751223
2026-08-28 07:52:48,7850.0,7861.0,Put VEX 5,VEX,-342508.76,,9037.808725751223
2026-08-28 07:52:48,7900.0,7911.0,Put CEX 2,CEX,-507818.533,,9037.808725751223
2026-08-28 07:52:48,7900.0,7911.0,Call GEX 1,GEX,678150.849,,9037.808725751223
2026-08-28 07:52:48,7900.0,7911.0,Put VEX 2,VEX,-869276.875,,9037.808725751223
2026-08-28 07:52:48,7950.0,7961.25,Put CEX 5,CEX,-169997.17,,9037.808725751223
2026-08-28 07:52:48,7950.0,7961.25,Put VEX 3,VEX,-388584.384,,9037.808725751223
2026-08-28 07:52:48,8000.0,8011.25,Put CEX 1,CEX,-3010937.885,,9037.808725751223
2026-08-28 07:52:48,8000.0,8011.25,Put DEX 1,DEX,-1469.818,,9037.808725751223
2026-08-28 07:52:48,8000.0,8011.25,Put VEX 1,VEX,-8456892.78,,9037.808725751223
2026-08-28 07:52:48,8200.0,8211.5,Put DEX 5,DEX,-19.927,,9037.808725751223
2026-08-28 07:52:48,8200.0,8211.5,Put VEX 4,VEX,-357781.88,,9037.808725751223
2026-08-28 07:53:35,7000.0,7010.0,Call CEX 1,CEX,707908.716,,9037.588406060646
2026-08-28 07:53:35,7000.0,7010.0,Put DEX 2,DEX,-84.234,,9037.588406060646
2026-08-28 07:53:35,7000.0,7010.0,Put GEX 2,GEX,-339299.154,,9037.588406060646
2026-08-28 07:53:35,7000.0,7010.0,Call VEX 1,VEX,2773602.453,,9037.588406060646
2026-08-28 07:53:35,7200.0,7210.25,Put DEX 5,DEX,-19.811,,9037.588406060646
2026-08-28 07:53:35,7300.0,7310.5,Put DEX 4,DEX,-27.395,,9037.588406060646
2026-08-28 07:53:35,7400.0,7410.5,Put DEX 3,DEX,-36.762,,9037.588406060646
2026-08-28 07:53:35,7400.0,7410.5,Put GEX 4,GEX,-223697.722,,9037.588406060646
2026-08-28 07:53:35,7450.0,7460.75,Call CEX 5,CEX,264886.747,,9037.588406060646
2026-08-28 07:53:35,7450.0,7460.75,Call DEX 2,DEX,328.001,,9037.588406060646
2026-08-28 07:53:35,7450.0,7460.75,Put GEX 3,GEX,-227619.213,,9037.588406060646
2026-08-28 07:53:35,7500.0,7510.75,Call CEX 2,CEX,565317.198,,9037.588406060646
2026-08-28 07:53:35,7500.0,7510.75,Call DEX 1,DEX,343.596,,9037.588406060646
2026-08-28 07:53:35,7500.0,7510.75,Put GEX 1,GEX,-381830.414,,9037.588406060646
2026-08-28 07:53:35,7500.0,7510.75,Call VEX 2,VEX,2471271.328,,9037.588406060646
2026-08-28 07:53:35,7550.0,7560.75,Call CEX 4,CEX,420899.356,,9037.588406060646
2026-08-28 07:53:35,7550.0,7560.75,Call DEX 4,DEX,205.371,,9037.588406060646
2026-08-28 07:53:35,7550.0,7560.75,Put GEX 5,GEX,-181712.337,,9037.588406060646
2026-08-28 07:53:35,7550.0,7560.75,Call VEX 4,VEX,1520207.911,,9037.588406060646
2026-08-28 07:53:35,7600.0,7611.0,Call CEX 3,CEX,455385.444,,9037.588406060646
2026-08-28 07:53:35,7600.0,7611.0,Call DEX 3,DEX,284.253,,9037.588406060646
2026-08-28 07:53:35,7600.0,7611.0,Call VEX 3,VEX,2016837.61,,9037.588406060646
2026-08-28 07:53:35,7700.0,7711.0,Call VEX 5,VEX,1210671.352,,9037.588406060646
2026-08-28 07:53:35,7750.0,7761.0,Call DEX 5,DEX,156.726,,9037.588406060646
2026-08-28 07:53:35,7750.0,7761.0,Call GEX 4,GEX,416231.005,,9037.588406060646
2026-08-28 07:53:35,7800.0,7811.25,Put CEX 3,CEX,-321117.78,,9037.588406060646
2026-08-28 07:53:35,7800.0,7811.25,Call GEX 2,GEX,640201.13,,9037.588406060646
2026-08-28 07:53:35,7825.0,7836.25,Call GEX 5,GEX,240289.499,,9037.588406060646
2026-08-28 07:53:35,7850.0,7861.25,Put CEX 4,CEX,-250728.903,,9037.588406060646
2026-08-28 07:53:35,7850.0,7861.25,Call GEX 3,GEX,443280.327,,9037.588406060646
2026-08-28 07:53:35,7850.0,7861.25,Put VEX 5,VEX,-338857.395,,9037.588406060646
2026-08-28 07:53:35,7900.0,7911.25,Put CEX 2,CEX,-512673.302,,9037.588406060646
2026-08-28 07:53:35,7900.0,7911.25,Call GEX 1,GEX,686936.449,,9037.588406060646
2026-08-28 07:53:35,7900.0,7911.25,Put VEX 2,VEX,-870736.937,,9037.588406060646
2026-08-28 07:53:35,7950.0,7961.5,Put CEX 5,CEX,-171869.777,,9037.588406060646
2026-08-28 07:53:35,7950.0,7961.5,Put VEX 3,VEX,-390132.631,,9037.588406060646
2026-08-28 07:53:35,8000.0,8011.5,Put CEX 1,CEX,-3020527.438,,9037.588406060646
2026-08-28 07:53:35,8000.0,8011.5,Put DEX 1,DEX,-1456.55,,9037.588406060646
2026-08-28 07:53:35,8000.0,8011.5,Put VEX 1,VEX,-8471912.267,,9037.588406060646
2026-08-28 07:53:35,8200.0,8211.75,Put VEX 4,VEX,-366771.533,,9037.588406060646
2026-08-28 07:54:22,7000.0,7010.25,Call CEX 1,CEX,706883.488,,9037.78186191312
2026-08-28 07:54:22,7000.0,7010.25,Put DEX 2,DEX,-83.95,,9037.78186191312
2026-08-28 07:54:22,7000.0,7010.25,Put GEX 2,GEX,-337498.415,,9037.78186191312
2026-08-28 07:54:22,7000.0,7010.25,Call VEX 1,VEX,2769616.316,,9037.78186191312
2026-08-28 07:54:22,7200.0,7210.5,Put DEX 5,DEX,-19.572,,9037.78186191312
2026-08-28 07:54:22,7300.0,7310.75,Put DEX 4,DEX,-27.092,,9037.78186191312
2026-08-28 07:54:22,7400.0,7411.0,Put DEX 3,DEX,-35.949,,9037.78186191312
2026-08-28 07:54:22,7400.0,7411.0,Put GEX 3,GEX,-220686.004,,9037.78186191312
2026-08-28 07:54:22,7450.0,7461.0,Call CEX 5,CEX,284711.936,,9037.78186191312
2026-08-28 07:54:22,7450.0,7461.0,Call DEX 2,DEX,326.786,,9037.78186191312
2026-08-28 07:54:22,7450.0,7461.0,Put GEX 4,GEX,-198472.529,,9037.78186191312
2026-08-28 07:54:22,7500.0,7511.0,Call CEX 2,CEX,569822.657,,9037.78186191312
2026-08-28 07:54:22,7500.0,7511.0,Call DEX 1,DEX,344.453,,9037.78186191312
2026-08-28 07:54:22,7500.0,7511.0,Put GEX 1,GEX,-370450.244,,9037.78186191312
2026-08-28 07:54:22,7500.0,7511.0,Call VEX 2,VEX,2490443.54,,9037.78186191312
2026-08-28 07:54:22,7550.0,7561.0,Call CEX 4,CEX,420239.777,,9037.78186191312
2026-08-28 07:54:22,7550.0,7561.0,Call DEX 4,DEX,206.778,,9037.78186191312
2026-08-28 07:54:22,7550.0,7561.0,Put GEX 5,GEX,-178101.686,,9037.78186191312
2026-08-28 07:54:22,7550.0,7561.0,Call VEX 4,VEX,1521473.278,,9037.78186191312
2026-08-28 07:54:22,7600.0,7611.25,Call CEX 3,CEX,462119.49,,9037.78186191312
2026-08-28 07:54:22,7600.0,7611.25,Call DEX 3,DEX,306.445,,9037.78186191312
2026-08-28 07:54:22,7600.0,7611.25,Call VEX 3,VEX,2031177.545,,9037.78186191312
2026-08-28 07:54:22,7700.0,7711.25,Call VEX 5,VEX,1240318.671,,9037.78186191312
2026-08-28 07:54:22,7750.0,7761.5,Call DEX 5,DEX,160.988,,9037.78186191312
2026-08-28 07:54:22,7750.0,7761.5,Call GEX 4,GEX,404557.272,,9037.78186191312
2026-08-28 07:54:22,7800.0,7811.5,Put CEX 3,CEX,-306443.023,,9037.78186191312
2026-08-28 07:54:22,7800.0,7811.5,Call GEX 2,GEX,635094.213,,9037.78186191312
2026-08-28 07:54:22,7850.0,7861.5,Put CEX 4,CEX,-250128.344,,9037.78186191312
2026-08-28 07:54:22,7850.0,7861.5,Call GEX 3,GEX,449610.337,,9037.78186191312
2026-08-28 07:54:22,7850.0,7861.5,Put VEX 5,VEX,-329470.26,,9037.78186191312
2026-08-28 07:54:22,7875.0,7886.5,Call GEX 5,GEX,244799.957,,9037.78186191312
2026-08-28 07:54:22,7900.0,7911.75,Put CEX 2,CEX,-520939.254,,9037.78186191312
2026-08-28 07:54:22,7900.0,7911.75,Call GEX 1,GEX,703622.465,,9037.78186191312
2026-08-28 07:54:22,7900.0,7911.75,Put VEX 2,VEX,-870303.563,,9037.78186191312
2026-08-28 07:54:22,7950.0,7961.75,Put CEX 5,CEX,-173804.823,,9037.78186191312
2026-08-28 07:54:22,7950.0,7961.75,Put VEX 3,VEX,-391035.818,,9037.78186191312
2026-08-28 07:54:22,8000.0,8011.75,Put CEX 1,CEX,-3042799.187,,9037.78186191312
2026-08-28 07:54:22,8000.0,8011.75,Put DEX 1,DEX,-1448.582,,9037.78186191312
2026-08-28 07:54:22,8000.0,8011.75,Put VEX 1,VEX,-8512052.302,,9037.78186191312
2026-08-28 07:54:22,8200.0,8212.0,Put VEX 4,VEX,-373093.952,,9037.78186191312
2026-08-28 07:55:10,7000.0,7010.75,Call CEX 1,CEX,704017.377,,9045.746364633384
2026-08-28 07:55:10,7000.0,7010.75,Put DEX 2,DEX,-83.412,,9045.746364633384
2026-08-28 07:55:10,7000.0,7010.75,Put GEX 2,GEX,-336367.322,,9045.746364633384
2026-08-28 07:55:10,7000.0,7010.75,Call VEX 1,VEX,2758479.089,,9045.746364633384
2026-08-28 07:55:10,7200.0,7211.0,Put DEX 5,DEX,-19.593,,9045.746364633384
2026-08-28 07:55:10,7300.0,7311.25,Put DEX 4,DEX,-27.064,,9045.746364633384
2026-08-28 07:55:10,7400.0,7411.5,Put DEX 3,DEX,-36.014,,9045.746364633384
2026-08-28 07:55:10,7400.0,7411.5,Put GEX 3,GEX,-221103.301,,9045.746364633384
2026-08-28 07:55:10,7450.0,7461.5,Call CEX 5,CEX,272165.438,,9045.746364633384
2026-08-28 07:55:10,7450.0,7461.5,Call DEX 2,DEX,328.2,,9045.746364633384
2026-08-28 07:55:10,7450.0,7461.5,Put GEX 4,GEX,-215341.258,,9045.746364633384
2026-08-28 07:55:10,7500.0,7511.5,Call CEX 2,CEX,570083.988,,9045.746364633384
2026-08-28 07:55:10,7500.0,7511.5,Call DEX 1,DEX,344.121,,9045.746364633384
2026-08-28 07:55:10,7500.0,7511.5,Put GEX 1,GEX,-371217.578,,9045.746364633384
2026-08-28 07:55:10,7500.0,7511.5,Call VEX 2,VEX,2490869.118,,9045.746364633384
2026-08-28 07:55:10,7550.0,7561.75,Call CEX 4,CEX,420617.795,,9045.746364633384
2026-08-28 07:55:10,7550.0,7561.75,Call DEX 4,DEX,206.503,,9045.746364633384
2026-08-28 07:55:10,7550.0,7561.75,Put GEX 5,GEX,-178647.689,,9045.746364633384
2026-08-28 07:55:10,7550.0,7561.75,Call VEX 4,VEX,1521862.225,,9045.746364633384
2026-08-28 07:55:10,7600.0,7611.75,Call CEX 3,CEX,462757.29,,9045.746364633384
2026-08-28 07:55:10,7600.0,7611.75,Call DEX 3,DEX,305.531,,9045.746364633384
2026-08-28 07:55:10,7600.0,7611.75,Call VEX 3,VEX,2031432.742,,9045.746364633384
2026-08-28 07:55:10,7700.0,7712.0,Call VEX 5,VEX,1234413.214,,9045.746364633384
2026-08-28 07:55:10,7750.0,7762.0,Call DEX 5,DEX,160.209,,9045.746364633384
2026-08-28 07:55:10,7750.0,7762.0,Call GEX 4,GEX,407820.369,,9045.746364633384
2026-08-28 07:55:10,7800.0,7812.0,Put CEX 3,CEX,-309077.701,,9045.746364633384
2026-08-28 07:55:10,7800.0,7812.0,Call GEX 2,GEX,636889.156,,9045.746364633384
2026-08-28 07:55:10,7850.0,7862.0,Put CEX 4,CEX,-250485.777,,9045.746364633384
2026-08-28 07:55:10,7850.0,7862.0,Call GEX 3,GEX,448500.647,,9045.746364633384
2026-08-28 07:55:10,7850.0,7862.0,Put VEX 5,VEX,-331338.224,,9045.746364633384
2026-08-28 07:55:10,7875.0,7887.25,Call GEX 5,GEX,244693.216,,9045.746364633384
2026-08-28 07:55:10,7900.0,7912.25,Put CEX 2,CEX,-520931.847,,9045.746364633384
2026-08-28 07:55:10,7900.0,7912.25,Call GEX 1,GEX,701603.282,,9045.746364633384
2026-08-28 07:55:10,7900.0,7912.25,Put VEX 2,VEX,-871797.494,,9045.746364633384
2026-08-28 07:55:10,7950.0,7962.25,Put CEX 5,CEX,-174838.928,,9045.746364633384
2026-08-28 07:55:10,7950.0,7962.25,Put VEX 3,VEX,-392187.371,,9045.746364633384
2026-08-28 07:55:10,8000.0,8012.25,Put CEX 1,CEX,-3041206.999,,9045.746364633384
2026-08-28 07:55:10,8000.0,8012.25,Put DEX 1,DEX,-1450.385,,9045.746364633384
2026-08-28 07:55:10,8000.0,8012.25,Put VEX 1,VEX,-8509515.097,,9045.746364633384
2026-08-28 07:55:10,8200.0,8212.75,Put VEX 4,VEX,-372670.215,,9045.746364633384
2026-08-28 07:55:58,7000.0,7009.5,Call CEX 1,CEX,700793.922,,9041.22710464942
2026-08-28 07:55:58,7000.0,7009.5,Put DEX 2,DEX,-82.776,,9041.22710464942
2026-08-28 07:55:58,7000.0,7009.5,Put GEX 2,GEX,-334484.66,,9041.22710464942
2026-08-28 07:55:58,7000.0,7009.5,Call VEX 1,VEX,2746003.649,,9041.22710464942
2026-08-28 07:55:58,7200.0,7209.75,Put DEX 5,DEX,-19.569,,9041.22710464942
2026-08-28 07:55:58,7300.0,7309.75,Put DEX 4,DEX,-27.093,,9041.22710464942
2026-08-28 07:55:58,7400.0,7410.0,Put DEX 3,DEX,-35.905,,9041.22710464942
2026-08-28 07:55:58,7400.0,7410.0,Put GEX 4,GEX,-221198.493,,9041.22710464942
2026-08-28 07:55:58,7450.0,7460.0,Call CEX 5,CEX,258034.838,,9041.22710464942
2026-08-28 07:55:58,7450.0,7460.0,Call DEX 2,DEX,329.614,,9041.22710464942
2026-08-28 07:55:58,7450.0,7460.0,Put GEX 3,GEX,-232833.746,,9041.22710464942
2026-08-28 07:55:58,7500.0,7510.0,Call CEX 2,CEX,564484.642,,9041.22710464942
2026-08-28 07:55:58,7500.0,7510.0,Call DEX 1,DEX,346.652,,9041.22710464942
2026-08-28 07:55:58,7500.0,7510.0,Put GEX 1,GEX,-379530.712,,9041.22710464942
2026-08-28 07:55:58,7500.0,7510.0,Call VEX 2,VEX,2464308.561,,9041.22710464942
2026-08-28 07:55:58,7550.0,7560.25,Call CEX 4,CEX,420493.481,,9041.22710464942
2026-08-28 07:55:58,7550.0,7560.25,Call DEX 4,DEX,207.88,,9041.22710464942
2026-08-28 07:55:58,7550.0,7560.25,Put GEX 5,GEX,-181180.559,,9041.22710464942
2026-08-28 07:55:58,7550.0,7560.25,Call VEX 4,VEX,1516830.594,,9041.22710464942
2026-08-28 07:55:58,7600.0,7610.25,Call CEX 3,CEX,460106.25,,9041.22710464942
2026-08-28 07:55:58,7600.0,7610.25,Call DEX 3,DEX,288.479,,9041.22710464942
2026-08-28 07:55:58,7600.0,7610.25,Call VEX 3,VEX,2025381.934,,9041.22710464942
2026-08-28 07:55:58,7700.0,7710.25,Call VEX 5,VEX,1244725.821,,9041.22710464942
2026-08-28 07:55:58,7750.0,7760.5,Call DEX 5,DEX,161.538,,9041.22710464942
2026-08-28 07:55:58,7750.0,7760.5,Call GEX 4,GEX,414818.742,,9041.22710464942
2026-08-28 07:55:58,7800.0,7810.5,Put CEX 3,CEX,-306451.445,,9041.22710464942
2026-08-28 07:55:58,7800.0,7810.5,Call GEX 2,GEX,643861.773,,9041.22710464942
2026-08-28 07:55:58,7850.0,7860.5,Put CEX 4,CEX,-250368.554,,9041.22710464942
2026-08-28 07:55:58,7850.0,7860.5,Call GEX 3,GEX,451480.798,,9041.22710464942
2026-08-28 07:55:58,7850.0,7860.5,Put VEX 5,VEX,-329257.768,,9041.22710464942
2026-08-28 07:55:58,7875.0,7885.5,Call GEX 5,GEX,246126.391,,9041.22710464942
2026-08-28 07:55:58,7900.0,7910.75,Put CEX 2,CEX,-521674.496,,9041.22710464942
2026-08-28 07:55:58,7900.0,7910.75,Call GEX 1,GEX,705504.664,,9041.22710464942
2026-08-28 07:55:58,7900.0,7910.75,Put VEX 2,VEX,-870449.275,,9041.22710464942
2026-08-28 07:55:58,7950.0,7960.75,Put CEX 5,CEX,-175079.006,,9041.22710464942
2026-08-28 07:55:58,7950.0,7960.75,Put VEX 3,VEX,-392102.336,,9041.22710464942
2026-08-28 07:55:58,8000.0,8010.75,Put CEX 1,CEX,-3044484.667,,9041.22710464942
2026-08-28 07:55:58,8000.0,8010.75,Put DEX 1,DEX,-1444.539,,9041.22710464942
2026-08-28 07:55:58,8000.0,8010.75,Put VEX 1,VEX,-8507131.482,,9041.22710464942
2026-08-28 07:55:58,8200.0,8211.0,Put VEX 4,VEX,-373639.635,,9041.22710464942
2026-08-28 07:56:45,7000.0,7009.25,Call CEX 1,CEX,700047.316,,9038.76104118938
2026-08-28 07:56:45,7000.0,7009.25,Put DEX 2,DEX,-82.6,,9038.76104118938
2026-08-28 07:56:45,7000.0,7009.25,Put GEX 2,GEX,-333164.679,,9038.76104118938
2026-08-28 07:56:45,7000.0,7009.25,Call VEX 1,VEX,2743381.691,,9038.76104118938
2026-08-28 07:56:45,7300.0,7309.5,Put DEX 5,DEX,-26.847,,9038.76104118938
2026-08-28 07:56:45,7400.0,7409.75,Put DEX 4,DEX,-36.043,,9038.76104118938
2026-08-28 07:56:45,7400.0,7409.75,Put GEX 4,GEX,-220744.837,,9038.76104118938
2026-08-28 07:56:45,7450.0,7459.75,Call CEX 5,CEX,242158.973,,9038.76104118938
2026-08-28 07:56:45,7450.0,7459.75,Put DEX 3,DEX,-44.864,,9038.76104118938
2026-08-28 07:56:45,7450.0,7459.75,Put GEX 3,GEX,-249374.177,,9038.76104118938
2026-08-28 07:56:45,7500.0,7509.75,Call CEX 2,CEX,541076.373,,9038.76104118938
2026-08-28 07:56:45,7500.0,7509.75,Call DEX 1,DEX,355.21,,9038.76104118938
2026-08-28 07:56:45,7500.0,7509.75,Put GEX 1,GEX,-411935.657,,9038.76104118938
2026-08-28 07:56:45,7500.0,7509.75,Call VEX 2,VEX,2358169.307,,9038.76104118938
2026-08-28 07:56:45,7550.0,7560.0,Call CEX 4,CEX,416206.908,,9038.76104118938
2026-08-28 07:56:45,7550.0,7560.0,Call DEX 3,DEX,210.814,,9038.76104118938
2026-08-28 07:56:45,7550.0,7560.0,Put GEX 5,GEX,-186961.574,,9038.76104118938
2026-08-28 07:56:45,7550.0,7560.0,Call VEX 4,VEX,1497874.668,,9038.76104118938
2026-08-28 07:56:45,7600.0,7610.0,Call CEX 3,CEX,459524.273,,9038.76104118938
2026-08-28 07:56:45,7600.0,7610.0,Call DEX 2,DEX,289.984,,9038.76104118938
2026-08-28 07:56:45,7600.0,7610.0,Call VEX 3,VEX,2024534.508,,9038.76104118938
2026-08-28 07:56:45,7700.0,7710.0,Call VEX 5,VEX,1271055.324,,9038.76104118938
2026-08-28 07:56:45,7750.0,7760.25,Call DEX 4,DEX,165.215,,9038.76104118938
2026-08-28 07:56:45,7750.0,7760.25,Call GEX 4,GEX,420680.254,,9038.76104118938
2026-08-28 07:56:45,7800.0,7810.25,Put CEX 3,CEX,-295814.07,,9038.76104118938
2026-08-28 07:56:45,7800.0,7810.25,Call DEX 5,DEX,133.992,,9038.76104118938
2026-08-28 07:56:45,7800.0,7810.25,Call GEX 2,GEX,654510.287,,9038.76104118938
2026-08-28 07:56:45,7850.0,7860.25,Put CEX 4,CEX,-250121.584,,9038.76104118938
2026-08-28 07:56:45,7850.0,7860.25,Call GEX 3,GEX,459023.731,,9038.76104118938
2026-08-28 07:56:45,7850.0,7860.25,Put VEX 5,VEX,-322608.826,,9038.76104118938
2026-08-28 07:56:45,7875.0,7885.25,Call GEX 5,GEX,251021.168,,9038.76104118938
2026-08-28 07:56:45,7900.0,7910.25,Put CEX 2,CEX,-527231.531,,9038.76104118938
2026-08-28 07:56:45,7900.0,7910.25,Call GEX 1,GEX,719878.486,,9038.76104118938
2026-08-28 07:56:45,7900.0,7910.25,Put VEX 2,VEX,-869771.957,,9038.76104118938
2026-08-28 07:56:45,7950.0,7960.5,Put CEX 5,CEX,-177091.907,,9038.76104118938
2026-08-28 07:56:45,7950.0,7960.5,Put VEX 3,VEX,-393367.05,,9038.76104118938
2026-08-28 07:56:45,8000.0,8010.5,Put CEX 1,CEX,-3051192.405,,9038.76104118938
2026-08-28 07:56:45,8000.0,8010.5,Put DEX 1,DEX,-1426.046,,9038.76104118938
2026-08-28 07:56:45,8000.0,8010.5,Put VEX 1,VEX,-8505496.164,,9038.76104118938
2026-08-28 07:56:45,8200.0,8210.75,Put VEX 4,VEX,-378502.343,,9038.76104118938
