timestamp,strikePrice,Theo ES,Rank,Greek,Value,cum_gam,cum_vec
2026-08-18 09:37:54,7000.0,7018.25,Call CEX 5,CEX,1314768.447,7403.622333424254,9248.983470351584
2026-08-18 09:37:54,7000.0,7018.25,Call DEX 1,DEX,558.15,7403.622333424254,9248.983470351584
2026-08-18 09:37:54,7000.0,7018.25,Put GEX 1,GEX,-672978.54,7403.622333424254,9248.983470351584
2026-08-18 09:37:54,7000.0,7018.25,Call VEX 1,VEX,6807587.121,7403.622333424254,9248.983470351584
2026-08-18 09:37:54,7300.0,7319.0,Call VEX 5,VEX,2001850.904,7403.622333424254,9248.983470351584
2026-08-18 09:37:54,7400.0,7419.25,Call VEX 4,VEX,2469888.192,7403.622333424254,9248.983470351584
2026-08-18 09:37:54,7450.0,7469.25,Call DEX 5,DEX,261.933,7403.622333424254,9248.983470351584
2026-08-18 09:37:54,7500.0,7519.5,Call CEX 4,CEX,1691611.956,7403.622333424254,9248.983470351584
2026-08-18 09:37:54,7500.0,7519.5,Call DEX 2,DEX,545.614,7403.622333424254,9248.983470351584
2026-08-18 09:37:54,7500.0,7519.5,Put GEX 4,GEX,-397501.76,7403.622333424254,9248.983470351584
2026-08-18 09:37:54,7500.0,7519.5,Call VEX 2,VEX,3625759.068,7403.622333424254,9248.983470351584
2026-08-18 09:37:54,7550.0,7569.5,Call DEX 4,DEX,290.159,7403.622333424254,9248.983470351584
2026-08-18 09:37:54,7600.0,7619.75,Call CEX 3,CEX,1926937.39,7403.622333424254,9248.983470351584
2026-08-18 09:37:54,7600.0,7619.75,Call DEX 3,DEX,446.169,7403.622333424254,9248.983470351584
2026-08-18 09:37:54,7600.0,7619.75,Call VEX 3,VEX,2640605.407,7403.622333424254,9248.983470351584
2026-08-18 09:37:54,7635.0,7654.75,Call CEX 1,CEX,2764331.057,7403.622333424254,9248.983470351584
2026-08-18 09:37:54,7650.0,7669.75,Call CEX 2,CEX,2068126.852,7403.622333424254,9248.983470351584
2026-08-18 09:37:54,7700.0,7720.0,Put GEX 3,GEX,-444484.772,7403.622333424254,9248.983470351584
2026-08-18 09:37:54,7710.0,7730.0,Put GEX 5,GEX,-375590.887,7403.622333424254,9248.983470351584
2026-08-18 09:37:54,7720.0,7740.0,Put CEX 5,CEX,-1241645.182,7403.622333424254,9248.983470351584
2026-08-18 09:37:54,7720.0,7740.0,Put DEX 3,DEX,-45.542,7403.622333424254,9248.983470351584
2026-08-18 09:37:54,7720.0,7740.0,Put GEX 2,GEX,-446775.472,7403.622333424254,9248.983470351584
2026-08-18 09:37:54,7725.0,7745.0,Put CEX 4,CEX,-1696879.93,7403.622333424254,9248.983470351584
2026-08-18 09:37:54,7735.0,7755.0,Put DEX 4,DEX,-39.443,7403.622333424254,9248.983470351584
2026-08-18 09:37:54,7750.0,7770.0,Put CEX 2,CEX,-1925448.719,7403.622333424254,9248.983470351584
2026-08-18 09:37:54,7750.0,7770.0,Call GEX 4,GEX,290251.589,7403.622333424254,9248.983470351584
2026-08-18 09:37:54,7750.0,7770.0,Put VEX 5,VEX,-614625.599,7403.622333424254,9248.983470351584
2026-08-18 09:37:54,7775.0,7795.25,Call GEX 5,GEX,288060.632,7403.622333424254,9248.983470351584
2026-08-18 09:37:54,7800.0,7820.25,Put CEX 3,CEX,-1892314.247,7403.622333424254,9248.983470351584
2026-08-18 09:37:54,7800.0,7820.25,Put DEX 5,DEX,-36.113,7403.622333424254,9248.983470351584
2026-08-18 09:37:54,7800.0,7820.25,Call GEX 2,GEX,560715.974,7403.622333424254,9248.983470351584
2026-08-18 09:37:54,7800.0,7820.25,Put VEX 2,VEX,-1252039.325,7403.622333424254,9248.983470351584
2026-08-18 09:37:54,7850.0,7870.25,Call GEX 3,GEX,322203.806,7403.622333424254,9248.983470351584
2026-08-18 09:37:54,7900.0,7920.5,Call GEX 1,GEX,723170.679,7403.622333424254,9248.983470351584
2026-08-18 09:37:54,7900.0,7920.5,Put VEX 3,VEX,-1242148.353,7403.622333424254,9248.983470351584
2026-08-18 09:37:54,8000.0,8020.75,Put CEX 1,CEX,-4999195.235,7403.622333424254,9248.983470351584
2026-08-18 09:37:54,8000.0,8020.75,Put DEX 1,DEX,-2584.609,7403.622333424254,9248.983470351584
2026-08-18 09:37:54,8000.0,8020.75,Put VEX 1,VEX,-11979439.61,7403.622333424254,9248.983470351584
2026-08-18 09:37:54,8200.0,8221.25,Put VEX 4,VEX,-801033.666,7403.622333424254,9248.983470351584
2026-08-18 09:37:54,8500.0,8522.0,Put DEX 2,DEX,-102.259,7403.622333424254,9248.983470351584
2026-08-18 09:38:43,7000.0,7018.0,Call CEX 5,CEX,1309815.672,7403.050841825502,9248.528037116585
2026-08-18 09:38:43,7000.0,7018.0,Call DEX 1,DEX,561.362,7403.050841825502,9248.528037116585
2026-08-18 09:38:43,7000.0,7018.0,Put GEX 1,GEX,-674177.301,7403.050841825502,9248.528037116585
2026-08-18 09:38:43,7000.0,7018.0,Call VEX 1,VEX,6764593.493,7403.050841825502,9248.528037116585
2026-08-18 09:38:43,7300.0,7318.75,Call VEX 5,VEX,1992525.076,7403.050841825502,9248.528037116585
2026-08-18 09:38:43,7400.0,7419.0,Call VEX 4,VEX,2461067.493,7403.050841825502,9248.528037116585
2026-08-18 09:38:43,7450.0,7469.25,Call DEX 5,DEX,267.646,7403.050841825502,9248.528037116585
2026-08-18 09:38:43,7500.0,7519.25,Call CEX 4,CEX,1568196.77,7403.050841825502,9248.528037116585
2026-08-18 09:38:43,7500.0,7519.25,Call DEX 2,DEX,551.519,7403.050841825502,9248.528037116585
2026-08-18 09:38:43,7500.0,7519.25,Put GEX 3,GEX,-422460.442,7403.050841825502,9248.528037116585
2026-08-18 09:38:43,7500.0,7519.25,Call VEX 2,VEX,3565598.943,7403.050841825502,9248.528037116585
2026-08-18 09:38:43,7550.0,7569.5,Call DEX 4,DEX,292.861,7403.050841825502,9248.528037116585
2026-08-18 09:38:43,7600.0,7619.5,Call CEX 3,CEX,1913418.5,7403.050841825502,9248.528037116585
2026-08-18 09:38:43,7600.0,7619.5,Call DEX 3,DEX,451.264,7403.050841825502,9248.528037116585
2026-08-18 09:38:43,7600.0,7619.5,Call VEX 3,VEX,2652367.217,7403.050841825502,9248.528037116585
2026-08-18 09:38:43,7635.0,7654.75,Call CEX 1,CEX,2572921.907,7403.050841825502,9248.528037116585
2026-08-18 09:38:43,7650.0,7669.75,Call CEX 2,CEX,1982133.246,7403.050841825502,9248.528037116585
2026-08-18 09:38:43,7700.0,7719.75,Put GEX 4,GEX,-422412.8,7403.050841825502,9248.528037116585
2026-08-18 09:38:43,7710.0,7729.75,Put GEX 5,GEX,-380066.802,7403.050841825502,9248.528037116585
2026-08-18 09:38:43,7720.0,7740.0,Put CEX 5,CEX,-1243075.621,7403.050841825502,9248.528037116585
2026-08-18 09:38:43,7720.0,7740.0,Put DEX 4,DEX,-43.82,7403.050841825502,9248.528037116585
2026-08-18 09:38:43,7720.0,7740.0,Put GEX 2,GEX,-470006.822,7403.050841825502,9248.528037116585
2026-08-18 09:38:43,7725.0,7745.0,Put CEX 2,CEX,-1956035.355,7403.050841825502,9248.528037116585
2026-08-18 09:38:43,7735.0,7755.0,Put DEX 3,DEX,-48.69,7403.050841825502,9248.528037116585
2026-08-18 09:38:43,7750.0,7770.0,Put CEX 3,CEX,-1915784.646,7403.050841825502,9248.528037116585
2026-08-18 09:38:43,7750.0,7770.0,Call GEX 5,GEX,294666.833,7403.050841825502,9248.528037116585
2026-08-18 09:38:43,7775.0,7795.0,Call GEX 4,GEX,295578.842,7403.050841825502,9248.528037116585
2026-08-18 09:38:43,7800.0,7820.0,Put CEX 4,CEX,-1913003.114,7403.050841825502,9248.528037116585
2026-08-18 09:38:43,7800.0,7820.0,Put DEX 5,DEX,-32.549,7403.050841825502,9248.528037116585
2026-08-18 09:38:43,7800.0,7820.0,Call GEX 2,GEX,568931.208,7403.050841825502,9248.528037116585
2026-08-18 09:38:43,7800.0,7820.0,Put VEX 2,VEX,-1243149.719,7403.050841825502,9248.528037116585
2026-08-18 09:38:43,7850.0,7870.25,Call GEX 3,GEX,325531.939,7403.050841825502,9248.528037116585
2026-08-18 09:38:43,7900.0,7920.25,Call GEX 1,GEX,728976.939,7403.050841825502,9248.528037116585
2026-08-18 09:38:43,7900.0,7920.25,Put VEX 3,VEX,-1239529.501,7403.050841825502,9248.528037116585
2026-08-18 09:38:43,8000.0,8020.5,Put CEX 1,CEX,-5059380.476,7403.050841825502,9248.528037116585
2026-08-18 09:38:43,8000.0,8020.5,Put DEX 1,DEX,-2575.249,7403.050841825502,9248.528037116585
2026-08-18 09:38:43,8000.0,8020.5,Put VEX 1,VEX,-11995383.774,7403.050841825502,9248.528037116585
2026-08-18 09:38:43,8100.0,8120.75,Put VEX 5,VEX,-610057.48,7403.050841825502,9248.528037116585
2026-08-18 09:38:43,8200.0,8221.25,Put VEX 4,VEX,-804490.563,7403.050841825502,9248.528037116585
2026-08-18 09:38:43,8500.0,8522.0,Put DEX 2,DEX,-102.147,7403.050841825502,9248.528037116585
2026-08-18 09:39:36,7000.0,7017.75,Call CEX 4,CEX,1306252.34,7465.615432757386,9248.390134395344
2026-08-18 09:39:36,7000.0,7017.75,Call DEX 1,DEX,563.402,7465.615432757386,9248.390134395344
2026-08-18 09:39:36,7000.0,7017.75,Put GEX 1,GEX,-679497.423,7465.615432757386,9248.390134395344
2026-08-18 09:39:36,7000.0,7017.75,Call VEX 1,VEX,6720459.934,7465.615432757386,9248.390134395344
2026-08-18 09:39:36,7300.0,7318.5,Call VEX 5,VEX,1990237.275,7465.615432757386,9248.390134395344
2026-08-18 09:39:36,7400.0,7418.75,Call DEX 5,DEX,260.001,7465.615432757386,9248.390134395344
2026-08-18 09:39:36,7400.0,7418.75,Call VEX 4,VEX,2455505.563,7465.615432757386,9248.390134395344
2026-08-18 09:39:36,7450.0,7468.75,Call DEX 4,DEX,262.999,7465.615432757386,9248.390134395344
2026-08-18 09:39:36,7500.0,7519.0,Call CEX 5,CEX,1276059.086,7465.615432757386,9248.390134395344
2026-08-18 09:39:36,7500.0,7519.0,Put GEX 2,GEX,-495161.036,7465.615432757386,9248.390134395344
2026-08-18 09:39:36,7500.0,7519.0,Call VEX 2,VEX,3411340.817,7465.615432757386,9248.390134395344
2026-08-18 09:39:36,7550.0,7569.0,Call DEX 3,DEX,291.875,7465.615432757386,9248.390134395344
2026-08-18 09:39:36,7600.0,7619.25,Call CEX 3,CEX,1825551.854,7465.615432757386,9248.390134395344
2026-08-18 09:39:36,7600.0,7619.25,Call DEX 2,DEX,453.264,7465.615432757386,9248.390134395344
2026-08-18 09:39:36,7600.0,7619.25,Call VEX 3,VEX,2643225.322,7465.615432757386,9248.390134395344
2026-08-18 09:39:36,7635.0,7654.25,Call CEX 1,CEX,2570358.745,7465.615432757386,9248.390134395344
2026-08-18 09:39:36,7650.0,7669.25,Call CEX 2,CEX,1957424.75,7465.615432757386,9248.390134395344
2026-08-18 09:39:36,7700.0,7719.5,Put GEX 4,GEX,-393891.149,7465.615432757386,9248.390134395344
2026-08-18 09:39:36,7710.0,7729.5,Put GEX 5,GEX,-361980.595,7465.615432757386,9248.390134395344
2026-08-18 09:39:36,7720.0,7739.5,Put DEX 4,DEX,-43.146,7465.615432757386,9248.390134395344
2026-08-18 09:39:36,7720.0,7739.5,Put GEX 3,GEX,-461265.204,7465.615432757386,9248.390134395344
2026-08-18 09:39:36,7725.0,7744.5,Put CEX 4,CEX,-2066174.865,7465.615432757386,9248.390134395344
2026-08-18 09:39:36,7735.0,7754.5,Put DEX 3,DEX,-47.65,7465.615432757386,9248.390134395344
2026-08-18 09:39:36,7750.0,7769.5,Put CEX 2,CEX,-2817619.511,7465.615432757386,9248.390134395344
2026-08-18 09:39:36,7750.0,7769.5,Put VEX 5,VEX,-618020.377,7465.615432757386,9248.390134395344
2026-08-18 09:39:36,7775.0,7794.5,Put CEX 5,CEX,-1334749.231,7465.615432757386,9248.390134395344
2026-08-18 09:39:36,7775.0,7794.5,Call GEX 4,GEX,281349.427,7465.615432757386,9248.390134395344
2026-08-18 09:39:36,7800.0,7819.75,Put CEX 3,CEX,-2151914.179,7465.615432757386,9248.390134395344
2026-08-18 09:39:36,7800.0,7819.75,Put DEX 5,DEX,-42.571,7465.615432757386,9248.390134395344
2026-08-18 09:39:36,7800.0,7819.75,Call GEX 2,GEX,558560.829,7465.615432757386,9248.390134395344
2026-08-18 09:39:36,7800.0,7819.75,Put VEX 2,VEX,-1253429.57,7465.615432757386,9248.390134395344
2026-08-18 09:39:36,7850.0,7869.75,Call GEX 3,GEX,325343.176,7465.615432757386,9248.390134395344
2026-08-18 09:39:36,7900.0,7920.0,Call GEX 1,GEX,730156.91,7465.615432757386,9248.390134395344
2026-08-18 09:39:36,7900.0,7920.0,Put VEX 3,VEX,-1238822.829,7465.615432757386,9248.390134395344
2026-08-18 09:39:36,7950.0,7970.0,Call GEX 5,GEX,252793.923,7465.615432757386,9248.390134395344
2026-08-18 09:39:36,8000.0,8020.25,Put CEX 1,CEX,-5393529.921,7465.615432757386,9248.390134395344
2026-08-18 09:39:36,8000.0,8020.25,Put DEX 1,DEX,-2565.155,7465.615432757386,9248.390134395344
2026-08-18 09:39:36,8000.0,8020.25,Put VEX 1,VEX,-12163588.228,7465.615432757386,9248.390134395344
2026-08-18 09:39:36,8200.0,8220.75,Put VEX 4,VEX,-804887.074,7465.615432757386,9248.390134395344
2026-08-18 09:39:36,8500.0,8521.5,Put DEX 2,DEX,-101.666,7465.615432757386,9248.390134395344
2026-08-18 09:40:34,7000.0,7017.25,Call CEX 4,CEX,1305420.065,7489.459135444927,9248.93211272449
2026-08-18 09:40:34,7000.0,7017.25,Call DEX 1,DEX,563.412,7489.459135444927,9248.93211272449
2026-08-18 09:40:34,7000.0,7017.25,Put GEX 1,GEX,-679145.005,7489.459135444927,9248.93211272449
2026-08-18 09:40:34,7000.0,7017.25,Call VEX 1,VEX,6720732.89,7489.459135444927,9248.93211272449
2026-08-18 09:40:34,7300.0,7318.0,Call VEX 5,VEX,1984328.931,7489.459135444927,9248.93211272449
2026-08-18 09:40:34,7400.0,7418.25,Call DEX 5,DEX,260.472,7489.459135444927,9248.93211272449
2026-08-18 09:40:34,7400.0,7418.25,Call VEX 4,VEX,2436210.805,7489.459135444927,9248.93211272449
2026-08-18 09:40:34,7450.0,7468.5,Call DEX 4,DEX,263.86,7489.459135444927,9248.93211272449
2026-08-18 09:40:34,7500.0,7518.5,Call CEX 5,CEX,1261761.168,7489.459135444927,9248.93211272449
2026-08-18 09:40:34,7500.0,7518.5,Put GEX 2,GEX,-498034.133,7489.459135444927,9248.93211272449
2026-08-18 09:40:34,7500.0,7518.5,Call VEX 2,VEX,3404226.935,7489.459135444927,9248.93211272449
2026-08-18 09:40:34,7550.0,7568.75,Call DEX 3,DEX,293.733,7489.459135444927,9248.93211272449
2026-08-18 09:40:34,7600.0,7618.75,Call CEX 3,CEX,1776111.489,7489.459135444927,9248.93211272449
2026-08-18 09:40:34,7600.0,7618.75,Call DEX 2,DEX,444.272,7489.459135444927,9248.93211272449
2026-08-18 09:40:34,7600.0,7618.75,Call VEX 3,VEX,2633661.156,7489.459135444927,9248.93211272449
2026-08-18 09:40:34,7635.0,7654.0,Call CEX 1,CEX,2575039.64,7489.459135444927,9248.93211272449
2026-08-18 09:40:34,7650.0,7669.0,Call CEX 2,CEX,1938716.301,7489.459135444927,9248.93211272449
2026-08-18 09:40:34,7700.0,7719.0,Put GEX 4,GEX,-370469.938,7489.459135444927,9248.93211272449
2026-08-18 09:40:34,7710.0,7729.0,Put GEX 5,GEX,-346814.011,7489.459135444927,9248.93211272449
2026-08-18 09:40:34,7720.0,7739.25,Put DEX 4,DEX,-42.727,7489.459135444927,9248.93211272449
2026-08-18 09:40:34,7720.0,7739.25,Put GEX 3,GEX,-452282.355,7489.459135444927,9248.93211272449
2026-08-18 09:40:34,7725.0,7744.25,Put CEX 4,CEX,-2082922.255,7489.459135444927,9248.93211272449
2026-08-18 09:40:34,7735.0,7754.25,Put DEX 3,DEX,-47.104,7489.459135444927,9248.93211272449
2026-08-18 09:40:34,7750.0,7769.25,Put CEX 2,CEX,-3146081.515,7489.459135444927,9248.93211272449
2026-08-18 09:40:34,7750.0,7769.25,Put VEX 5,VEX,-627047.758,7489.459135444927,9248.93211272449
2026-08-18 09:40:34,7775.0,7794.25,Put CEX 5,CEX,-1604007.592,7489.459135444927,9248.93211272449
2026-08-18 09:40:34,7775.0,7794.25,Call GEX 4,GEX,269779.953,7489.459135444927,9248.93211272449
2026-08-18 09:40:34,7800.0,7819.25,Put CEX 3,CEX,-2333708.983,7489.459135444927,9248.93211272449
2026-08-18 09:40:34,7800.0,7819.25,Put DEX 5,DEX,-41.701,7489.459135444927,9248.93211272449
2026-08-18 09:40:34,7800.0,7819.25,Call GEX 2,GEX,549684.724,7489.459135444927,9248.93211272449
2026-08-18 09:40:34,7800.0,7819.25,Put VEX 2,VEX,-1259335.748,7489.459135444927,9248.93211272449
2026-08-18 09:40:34,7850.0,7869.5,Call GEX 3,GEX,325435.682,7489.459135444927,9248.93211272449
2026-08-18 09:40:34,7900.0,7919.5,Call GEX 1,GEX,730300.571,7489.459135444927,9248.93211272449
2026-08-18 09:40:34,7900.0,7919.5,Put VEX 3,VEX,-1238792.575,7489.459135444927,9248.93211272449
2026-08-18 09:40:34,7950.0,7969.75,Call GEX 5,GEX,252741.493,7489.459135444927,9248.93211272449
2026-08-18 09:40:34,8000.0,8019.75,Put CEX 1,CEX,-5587358.553,7489.459135444927,9248.93211272449
2026-08-18 09:40:34,8000.0,8019.75,Put DEX 1,DEX,-2558.157,7489.459135444927,9248.93211272449
2026-08-18 09:40:34,8000.0,8019.75,Put VEX 1,VEX,-12255518.22,7489.459135444927,9248.93211272449
2026-08-18 09:40:34,8200.0,8220.25,Put VEX 4,VEX,-805547.647,7489.459135444927,9248.93211272449
2026-08-18 09:40:34,8500.0,8521.0,Put DEX 2,DEX,-101.329,7489.459135444927,9248.93211272449
2026-08-18 09:41:27,7000.0,7018.0,Call CEX 5,CEX,1303368.304,7450.824671816118,9249.26337834595
2026-08-18 09:41:27,7000.0,7018.0,Call DEX 1,DEX,564.726,7450.824671816118,9249.26337834595
2026-08-18 09:41:27,7000.0,7018.0,Put GEX 1,GEX,-682595.218,7450.824671816118,9249.26337834595
2026-08-18 09:41:27,7000.0,7018.0,Call VEX 1,VEX,6692633.355,7450.824671816118,9249.26337834595
2026-08-18 09:41:27,7300.0,7318.75,Call VEX 5,VEX,1977869.049,7450.824671816118,9249.26337834595
2026-08-18 09:41:27,7400.0,7419.0,Call VEX 4,VEX,2448483.807,7450.824671816118,9249.26337834595
2026-08-18 09:41:27,7450.0,7469.0,Call DEX 5,DEX,264.8,7450.824671816118,9249.26337834595
2026-08-18 09:41:27,7500.0,7519.25,Call CEX 4,CEX,1403008.52,7450.824671816118,9249.26337834595
2026-08-18 09:41:27,7500.0,7519.25,Call DEX 2,DEX,554.932,7450.824671816118,9249.26337834595
2026-08-18 09:41:27,7500.0,7519.25,Put GEX 3,GEX,-457837.58,7450.824671816118,9249.26337834595
2026-08-18 09:41:27,7500.0,7519.25,Call VEX 2,VEX,3479827.515,7450.824671816118,9249.26337834595
2026-08-18 09:41:27,7550.0,7569.25,Call DEX 4,DEX,295.715,7450.824671816118,9249.26337834595
2026-08-18 09:41:27,7600.0,7619.5,Call CEX 3,CEX,1854242.872,7450.824671816118,9249.26337834595
2026-08-18 09:41:27,7600.0,7619.5,Call DEX 3,DEX,454.042,7450.824671816118,9249.26337834595
2026-08-18 09:41:27,7600.0,7619.5,Call VEX 3,VEX,2646114.438,7450.824671816118,9249.26337834595
2026-08-18 09:41:27,7635.0,7654.5,Call CEX 1,CEX,2587640.251,7450.824671816118,9249.26337834595
2026-08-18 09:41:27,7650.0,7669.5,Call CEX 2,CEX,1979306.932,7450.824671816118,9249.26337834595
2026-08-18 09:41:27,7700.0,7719.75,Put GEX 4,GEX,-404344.882,7450.824671816118,9249.26337834595
2026-08-18 09:41:27,7710.0,7729.75,Put GEX 5,GEX,-370178.398,7450.824671816118,9249.26337834595
2026-08-18 09:41:27,7720.0,7739.75,Put CEX 5,CEX,-1232748.137,7450.824671816118,9249.26337834595
2026-08-18 09:41:27,7720.0,7739.75,Put DEX 4,DEX,-43.176,7450.824671816118,9249.26337834595
2026-08-18 09:41:27,7720.0,7739.75,Put GEX 2,GEX,-467800.673,7450.824671816118,9249.26337834595
2026-08-18 09:41:27,7725.0,7744.75,Put CEX 3,CEX,-2056425.807,7450.824671816118,9249.26337834595
2026-08-18 09:41:27,7735.0,7754.75,Put DEX 3,DEX,-47.793,7450.824671816118,9249.26337834595
2026-08-18 09:41:27,7750.0,7770.0,Put CEX 2,CEX,-2705789.259,7450.824671816118,9249.26337834595
2026-08-18 09:41:27,7750.0,7770.0,Put VEX 5,VEX,-612824.054,7450.824671816118,9249.26337834595
2026-08-18 09:41:27,7775.0,7795.0,Call GEX 4,GEX,288470.03,7450.824671816118,9249.26337834595
2026-08-18 09:41:27,7800.0,7820.0,Put CEX 4,CEX,-2015429.113,7450.824671816118,9249.26337834595
2026-08-18 09:41:27,7800.0,7820.0,Put DEX 5,DEX,-42.611,7450.824671816118,9249.26337834595
2026-08-18 09:41:27,7800.0,7820.0,Call GEX 2,GEX,567498.323,7450.824671816118,9249.26337834595
2026-08-18 09:41:27,7800.0,7820.0,Put VEX 2,VEX,-1247342.786,7450.824671816118,9249.26337834595
2026-08-18 09:41:27,7850.0,7870.25,Call GEX 3,GEX,327007.365,7450.824671816118,9249.26337834595
2026-08-18 09:41:27,7900.0,7920.25,Call GEX 1,GEX,731476.209,7450.824671816118,9249.26337834595
2026-08-18 09:41:27,7900.0,7920.25,Put VEX 3,VEX,-1239354.071,7450.824671816118,9249.26337834595
2026-08-18 09:41:27,7950.0,7970.5,Call GEX 5,GEX,253239.368,7450.824671816118,9249.26337834595
2026-08-18 09:41:27,8000.0,8020.5,Put CEX 1,CEX,-5270234.253,7450.824671816118,9249.26337834595
2026-08-18 09:41:27,8000.0,8020.5,Put DEX 1,DEX,-2567.177,7450.824671816118,9249.26337834595
2026-08-18 09:41:27,8000.0,8020.5,Put VEX 1,VEX,-12095488.44,7450.824671816118,9249.26337834595
2026-08-18 09:41:27,8200.0,8221.0,Put VEX 4,VEX,-805259.606,7450.824671816118,9249.26337834595
2026-08-18 09:41:27,8500.0,8521.75,Put DEX 2,DEX,-101.835,7450.824671816118,9249.26337834595
2026-08-18 09:42:15,7000.0,7017.5,Call CEX 4,CEX,1303003.171,7454.208051310936,9248.837605062368
2026-08-18 09:42:15,7000.0,7017.5,Call DEX 1,DEX,564.763,7454.208051310936,9248.837605062368
2026-08-18 09:42:15,7000.0,7017.5,Put GEX 1,GEX,-683161.984,7454.208051310936,9248.837605062368
2026-08-18 09:42:15,7000.0,7017.5,Call VEX 1,VEX,6688032.754,7454.208051310936,9248.837605062368
2026-08-18 09:42:15,7300.0,7318.25,Call VEX 5,VEX,1979631.011,7454.208051310936,9248.837605062368
2026-08-18 09:42:15,7400.0,7418.5,Call DEX 5,DEX,260.714,7454.208051310936,9248.837605062368
2026-08-18 09:42:15,7400.0,7418.5,Call VEX 4,VEX,2447841.342,7454.208051310936,9248.837605062368
2026-08-18 09:42:15,7450.0,7468.75,Call DEX 4,DEX,263.742,7454.208051310936,9248.837605062368
2026-08-18 09:42:15,7500.0,7518.75,Call CEX 5,CEX,1275392.746,7454.208051310936,9248.837605062368
2026-08-18 09:42:15,7500.0,7518.75,Put GEX 2,GEX,-492877.585,7454.208051310936,9248.837605062368
2026-08-18 09:42:15,7500.0,7518.75,Call VEX 2,VEX,3410831.239,7454.208051310936,9248.837605062368
2026-08-18 09:42:15,7550.0,7569.0,Call DEX 3,DEX,294.944,7454.208051310936,9248.837605062368
2026-08-18 09:42:15,7600.0,7619.0,Call CEX 3,CEX,1839651.156,7454.208051310936,9248.837605062368
2026-08-18 09:42:15,7600.0,7619.0,Call DEX 2,DEX,454.001,7454.208051310936,9248.837605062368
2026-08-18 09:42:15,7600.0,7619.0,Call VEX 3,VEX,2646049.59,7454.208051310936,9248.837605062368
2026-08-18 09:42:15,7635.0,7654.0,Call CEX 1,CEX,2595199.695,7454.208051310936,9248.837605062368
2026-08-18 09:42:15,7650.0,7669.25,Call CEX 2,CEX,1981721.803,7454.208051310936,9248.837605062368
2026-08-18 09:42:15,7700.0,7719.25,Put GEX 4,GEX,-405359.814,7454.208051310936,9248.837605062368
2026-08-18 09:42:15,7710.0,7729.25,Put GEX 5,GEX,-370756.562,7454.208051310936,9248.837605062368
2026-08-18 09:42:15,7720.0,7739.25,Put DEX 4,DEX,-43.215,7454.208051310936,9248.837605062368
2026-08-18 09:42:15,7720.0,7739.25,Put GEX 3,GEX,-467817.745,7454.208051310936,9248.837605062368
2026-08-18 09:42:15,7725.0,7744.25,Put CEX 4,CEX,-2059410.413,7454.208051310936,9248.837605062368
2026-08-18 09:42:15,7735.0,7754.25,Put DEX 3,DEX,-47.675,7454.208051310936,9248.837605062368
2026-08-18 09:42:15,7750.0,7769.5,Put CEX 2,CEX,-2716106.434,7454.208051310936,9248.837605062368
2026-08-18 09:42:15,7750.0,7769.5,Put VEX 5,VEX,-612784.157,7454.208051310936,9248.837605062368
2026-08-18 09:42:15,7775.0,7794.5,Put CEX 5,CEX,-1248838.14,7454.208051310936,9248.837605062368
2026-08-18 09:42:15,7775.0,7794.5,Call GEX 4,GEX,286460.555,7454.208051310936,9248.837605062368
2026-08-18 09:42:15,7800.0,7819.5,Put CEX 3,CEX,-2090823.447,7454.208051310936,9248.837605062368
2026-08-18 09:42:15,7800.0,7819.5,Put DEX 5,DEX,-42.67,7454.208051310936,9248.837605062368
2026-08-18 09:42:15,7800.0,7819.5,Call GEX 2,GEX,561947.78,7454.208051310936,9248.837605062368
2026-08-18 09:42:15,7800.0,7819.5,Put VEX 2,VEX,-1248987.628,7454.208051310936,9248.837605062368
2026-08-18 09:42:15,7850.0,7869.75,Call GEX 3,GEX,325857.67,7454.208051310936,9248.837605062368
2026-08-18 09:42:15,7900.0,7919.75,Call GEX 1,GEX,730443.663,7454.208051310936,9248.837605062368
2026-08-18 09:42:15,7900.0,7919.75,Put VEX 3,VEX,-1239747.117,7454.208051310936,9248.837605062368
2026-08-18 09:42:15,7950.0,7970.0,Call GEX 5,GEX,253097.589,7454.208051310936,9248.837605062368
2026-08-18 09:42:15,8000.0,8020.0,Put CEX 1,CEX,-5309208.363,7454.208051310936,9248.837605062368
2026-08-18 09:42:15,8000.0,8020.0,Put DEX 1,DEX,-2565.681,7454.208051310936,9248.837605062368
2026-08-18 09:42:15,8000.0,8020.0,Put VEX 1,VEX,-12112356.744,7454.208051310936,9248.837605062368
2026-08-18 09:42:15,8200.0,8220.5,Put VEX 4,VEX,-805516.367,7454.208051310936,9248.837605062368
2026-08-18 09:42:15,8500.0,8521.25,Put DEX 2,DEX,-101.745,7454.208051310936,9248.837605062368
2026-08-18 09:43:05,7000.0,7017.5,Call CEX 4,CEX,1309288.537,7475.769047321239,9250.46751897618
2026-08-18 09:43:05,7000.0,7017.5,Call DEX 1,DEX,561.301,7475.769047321239,9250.46751897618
2026-08-18 09:43:05,7000.0,7017.5,Put GEX 1,GEX,-678443.55,7475.769047321239,9250.46751897618
2026-08-18 09:43:05,7000.0,7017.5,Call VEX 1,VEX,6750337.527,7475.769047321239,9250.46751897618
2026-08-18 09:43:05,7300.0,7318.25,Call VEX 5,VEX,1983652.892,7475.769047321239,9250.46751897618
2026-08-18 09:43:05,7400.0,7418.5,Call DEX 5,DEX,259.552,7475.769047321239,9250.46751897618
2026-08-18 09:43:05,7400.0,7418.5,Call VEX 4,VEX,2450773.562,7475.769047321239,9250.46751897618
2026-08-18 09:43:05,7450.0,7468.5,Call DEX 4,DEX,262.121,7475.769047321239,9250.46751897618
2026-08-18 09:43:05,7500.0,7518.75,Call CEX 5,CEX,1276115.232,7475.769047321239,9250.46751897618
2026-08-18 09:43:05,7500.0,7518.75,Put GEX 2,GEX,-495816.944,7475.769047321239,9250.46751897618
2026-08-18 09:43:05,7500.0,7518.75,Call VEX 2,VEX,3406581.922,7475.769047321239,9250.46751897618
2026-08-18 09:43:05,7550.0,7568.75,Call DEX 3,DEX,290.744,7475.769047321239,9250.46751897618
2026-08-18 09:43:05,7600.0,7619.0,Call CEX 3,CEX,1812734.172,7475.769047321239,9250.46751897618
2026-08-18 09:43:05,7600.0,7619.0,Call DEX 2,DEX,449.242,7475.769047321239,9250.46751897618
2026-08-18 09:43:05,7600.0,7619.0,Call VEX 3,VEX,2635343.723,7475.769047321239,9250.46751897618
2026-08-18 09:43:05,7635.0,7654.0,Call CEX 1,CEX,2616983.224,7475.769047321239,9250.46751897618
2026-08-18 09:43:05,7650.0,7669.0,Call CEX 2,CEX,1979925.627,7475.769047321239,9250.46751897618
2026-08-18 09:43:05,7700.0,7719.25,Put GEX 4,GEX,-412283.615,7475.769047321239,9250.46751897618
2026-08-18 09:43:05,7710.0,7729.25,Put GEX 5,GEX,-367867.316,7475.769047321239,9250.46751897618
2026-08-18 09:43:05,7720.0,7739.25,Put DEX 5,DEX,-44.027,7475.769047321239,9250.46751897618
2026-08-18 09:43:05,7720.0,7739.25,Put GEX 3,GEX,-456881.536,7475.769047321239,9250.46751897618
2026-08-18 09:43:05,7725.0,7744.25,Put CEX 4,CEX,-2060648.968,7475.769047321239,9250.46751897618
2026-08-18 09:43:05,7735.0,7754.25,Put DEX 3,DEX,-48.219,7475.769047321239,9250.46751897618
2026-08-18 09:43:05,7750.0,7769.25,Put CEX 2,CEX,-2706199.697,7475.769047321239,9250.46751897618
2026-08-18 09:43:05,7750.0,7769.25,Put VEX 5,VEX,-624669.9,7475.769047321239,9250.46751897618
2026-08-18 09:43:05,7775.0,7794.25,Put CEX 5,CEX,-1328698.466,7475.769047321239,9250.46751897618
2026-08-18 09:43:05,7775.0,7794.25,Call GEX 4,GEX,278882.996,7475.769047321239,9250.46751897618
2026-08-18 09:43:05,7800.0,7819.5,Put CEX 3,CEX,-2110952.663,7475.769047321239,9250.46751897618
2026-08-18 09:43:05,7800.0,7819.5,Put DEX 4,DEX,-44.539,7475.769047321239,9250.46751897618
2026-08-18 09:43:05,7800.0,7819.5,Call GEX 2,GEX,556346.596,7475.769047321239,9250.46751897618
2026-08-18 09:43:05,7800.0,7819.5,Put VEX 2,VEX,-1255612.279,7475.769047321239,9250.46751897618
2026-08-18 09:43:05,7850.0,7869.5,Call GEX 3,GEX,324057.485,7475.769047321239,9250.46751897618
2026-08-18 09:43:05,7900.0,7919.75,Call GEX 1,GEX,727568.951,7475.769047321239,9250.46751897618
2026-08-18 09:43:05,7900.0,7919.75,Put VEX 3,VEX,-1240780.4,7475.769047321239,9250.46751897618
2026-08-18 09:43:05,7950.0,7969.75,Call GEX 5,GEX,251712.291,7475.769047321239,9250.46751897618
2026-08-18 09:43:05,8000.0,8020.0,Put CEX 1,CEX,-5343321.715,7475.769047321239,9250.46751897618
2026-08-18 09:43:05,8000.0,8020.0,Put DEX 1,DEX,-2571.639,7475.769047321239,9250.46751897618
2026-08-18 09:43:05,8000.0,8020.0,Put VEX 1,VEX,-12142411.075,7475.769047321239,9250.46751897618
2026-08-18 09:43:05,8200.0,8220.5,Put VEX 4,VEX,-803936.808,7475.769047321239,9250.46751897618
2026-08-18 09:43:05,8500.0,8521.25,Put DEX 2,DEX,-101.763,7475.769047321239,9250.46751897618
2026-08-18 09:44:01,7000.0,7017.5,Call CEX 4,CEX,1309645.618,7500.456411034303,9249.811532628906
2026-08-18 09:44:01,7000.0,7017.5,Call DEX 1,DEX,561.33,7500.456411034303,9249.811532628906
2026-08-18 09:44:01,7000.0,7017.5,Put GEX 1,GEX,-682578.284,7500.456411034303,9249.811532628906
2026-08-18 09:44:01,7000.0,7017.5,Call VEX 1,VEX,6733744.536,7500.456411034303,9249.811532628906
2026-08-18 09:44:01,7300.0,7318.25,Call VEX 5,VEX,1991057.72,7500.456411034303,9249.811532628906
2026-08-18 09:44:01,7400.0,7418.5,Call DEX 5,DEX,258.698,7500.456411034303,9249.811532628906
2026-08-18 09:44:01,7400.0,7418.5,Call VEX 4,VEX,2440985.336,7500.456411034303,9249.811532628906
2026-08-18 09:44:01,7450.0,7468.5,Call DEX 4,DEX,261.511,7500.456411034303,9249.811532628906
2026-08-18 09:44:01,7500.0,7518.75,Call CEX 5,CEX,1276582.346,7500.456411034303,9249.811532628906
2026-08-18 09:44:01,7500.0,7518.75,Put GEX 2,GEX,-499238.664,7500.456411034303,9249.811532628906
2026-08-18 09:44:01,7500.0,7518.75,Call VEX 2,VEX,3401786.326,7500.456411034303,9249.811532628906
2026-08-18 09:44:01,7550.0,7568.75,Call DEX 3,DEX,291.222,7500.456411034303,9249.811532628906
2026-08-18 09:44:01,7600.0,7619.0,Call CEX 3,CEX,1792163.092,7500.456411034303,9249.811532628906
2026-08-18 09:44:01,7600.0,7619.0,Call DEX 2,DEX,438.345,7500.456411034303,9249.811532628906
2026-08-18 09:44:01,7600.0,7619.0,Call VEX 3,VEX,2620195.758,7500.456411034303,9249.811532628906
2026-08-18 09:44:01,7635.0,7654.0,Call CEX 1,CEX,2642522.382,7500.456411034303,9249.811532628906
2026-08-18 09:44:01,7650.0,7669.0,Call CEX 2,CEX,2046183.294,7500.456411034303,9249.811532628906
2026-08-18 09:44:01,7700.0,7719.25,Put GEX 4,GEX,-391053.893,7500.456411034303,9249.811532628906
2026-08-18 09:44:01,7710.0,7729.25,Put GEX 5,GEX,-343608.701,7500.456411034303,9249.811532628906
2026-08-18 09:44:01,7720.0,7739.25,Put DEX 5,DEX,-44.659,7500.456411034303,9249.811532628906
2026-08-18 09:44:01,7720.0,7739.25,Put GEX 3,GEX,-436457.049,7500.456411034303,9249.811532628906
2026-08-18 09:44:01,7725.0,7744.25,Put CEX 4,CEX,-2110417.025,7500.456411034303,9249.811532628906
2026-08-18 09:44:01,7735.0,7754.25,Put DEX 3,DEX,-48.658,7500.456411034303,9249.811532628906
2026-08-18 09:44:01,7750.0,7769.25,Put CEX 2,CEX,-3100803.442,7500.456411034303,9249.811532628906
2026-08-18 09:44:01,7750.0,7769.25,Put VEX 5,VEX,-651997.804,7500.456411034303,9249.811532628906
2026-08-18 09:44:01,7775.0,7794.25,Put CEX 5,CEX,-1560528.91,7500.456411034303,9249.811532628906
2026-08-18 09:44:01,7775.0,7794.25,Call GEX 4,GEX,264090.903,7500.456411034303,9249.811532628906
2026-08-18 09:44:01,7800.0,7819.5,Put CEX 3,CEX,-2282139.631,7500.456411034303,9249.811532628906
2026-08-18 09:44:01,7800.0,7819.5,Put DEX 4,DEX,-46.227,7500.456411034303,9249.811532628906
2026-08-18 09:44:01,7800.0,7819.5,Call GEX 2,GEX,543343.132,7500.456411034303,9249.811532628906
2026-08-18 09:44:01,7800.0,7819.5,Put VEX 2,VEX,-1270703.05,7500.456411034303,9249.811532628906
2026-08-18 09:44:01,7850.0,7869.5,Call GEX 3,GEX,321844.151,7500.456411034303,9249.811532628906
2026-08-18 09:44:01,7900.0,7919.75,Call GEX 1,GEX,722378.781,7500.456411034303,9249.811532628906
2026-08-18 09:44:01,7900.0,7919.75,Put VEX 3,VEX,-1240688.138,7500.456411034303,9249.811532628906
2026-08-18 09:44:01,7950.0,7969.75,Call GEX 5,GEX,250168.849,7500.456411034303,9249.811532628906
2026-08-18 09:44:01,8000.0,8020.0,Put CEX 1,CEX,-5498066.408,7500.456411034303,9249.811532628906
2026-08-18 09:44:01,8000.0,8020.0,Put DEX 1,DEX,-2570.019,7500.456411034303,9249.811532628906
2026-08-18 09:44:01,8000.0,8020.0,Put VEX 1,VEX,-12221618.703,7500.456411034303,9249.811532628906
2026-08-18 09:44:01,8200.0,8220.5,Put VEX 4,VEX,-799634.368,7500.456411034303,9249.811532628906
2026-08-18 09:44:01,8500.0,8521.0,Put DEX 2,DEX,-101.438,7500.456411034303,9249.811532628906
2026-08-18 09:44:49,7000.0,7017.25,Call CEX 4,CEX,1309227.496,7495.086262613666,9249.59819636562
2026-08-18 09:44:49,7000.0,7017.25,Call DEX 1,DEX,561.611,7495.086262613666,9249.59819636562
2026-08-18 09:44:49,7000.0,7017.25,Put GEX 1,GEX,-683291.763,7495.086262613666,9249.59819636562
2026-08-18 09:44:49,7000.0,7017.25,Call VEX 1,VEX,6727369.945,7495.086262613666,9249.59819636562
2026-08-18 09:44:49,7300.0,7318.0,Call VEX 5,VEX,1989388.99,7495.086262613666,9249.59819636562
2026-08-18 09:44:49,7400.0,7418.25,Call VEX 4,VEX,2450663.839,7495.086262613666,9249.59819636562
2026-08-18 09:44:49,7450.0,7468.5,Call DEX 5,DEX,261.435,7495.086262613666,9249.59819636562
2026-08-18 09:44:49,7500.0,7518.5,Call CEX 5,CEX,1307074.28,7495.086262613666,9249.59819636562
2026-08-18 09:44:49,7500.0,7518.5,Call DEX 2,DEX,550.858,7495.086262613666,9249.59819636562
2026-08-18 09:44:49,7500.0,7518.5,Put GEX 2,GEX,-491430.603,7495.086262613666,9249.59819636562
2026-08-18 09:44:49,7500.0,7518.5,Call VEX 2,VEX,3417632.643,7495.086262613666,9249.59819636562
2026-08-18 09:44:49,7550.0,7568.75,Call DEX 4,DEX,290.906,7495.086262613666,9249.59819636562
2026-08-18 09:44:49,7600.0,7618.75,Call CEX 3,CEX,1812888.7,7495.086262613666,9249.59819636562
2026-08-18 09:44:49,7600.0,7618.75,Call DEX 3,DEX,446.037,7495.086262613666,9249.59819636562
2026-08-18 09:44:49,7600.0,7618.75,Call VEX 3,VEX,2624959.906,7495.086262613666,9249.59819636562
2026-08-18 09:44:49,7635.0,7653.75,Call CEX 1,CEX,2651728.534,7495.086262613666,9249.59819636562
2026-08-18 09:44:49,7650.0,7669.0,Call CEX 2,CEX,2035800.822,7495.086262613666,9249.59819636562
2026-08-18 09:44:49,7700.0,7719.0,Put GEX 4,GEX,-416839.586,7495.086262613666,9249.59819636562
2026-08-18 09:44:49,7710.0,7729.0,Put GEX 5,GEX,-356994.599,7495.086262613666,9249.59819636562
2026-08-18 09:44:49,7720.0,7739.0,Put DEX 5,DEX,-44.819,7495.086262613666,9249.59819636562
2026-08-18 09:44:49,7720.0,7739.0,Put GEX 3,GEX,-442459.562,7495.086262613666,9249.59819636562
2026-08-18 09:44:49,7725.0,7744.0,Put CEX 4,CEX,-2087690.814,7495.086262613666,9249.59819636562
2026-08-18 09:44:49,7735.0,7754.0,Put DEX 3,DEX,-48.819,7495.086262613666,9249.59819636562
2026-08-18 09:44:49,7750.0,7769.25,Put CEX 2,CEX,-2795460.204,7495.086262613666,9249.59819636562
2026-08-18 09:44:49,7750.0,7769.25,Put VEX 5,VEX,-640977.477,7495.086262613666,9249.59819636562
2026-08-18 09:44:49,7775.0,7794.25,Put CEX 5,CEX,-1340367.42,7495.086262613666,9249.59819636562
2026-08-18 09:44:49,7775.0,7794.25,Call GEX 4,GEX,273775.216,7495.086262613666,9249.59819636562
2026-08-18 09:44:49,7800.0,7819.25,Put CEX 3,CEX,-2144311.968,7495.086262613666,9249.59819636562
2026-08-18 09:44:49,7800.0,7819.25,Put DEX 4,DEX,-46.378,7495.086262613666,9249.59819636562
2026-08-18 09:44:49,7800.0,7819.25,Call GEX 2,GEX,548864.287,7495.086262613666,9249.59819636562
2026-08-18 09:44:49,7800.0,7819.25,Put VEX 2,VEX,-1264332.142,7495.086262613666,9249.59819636562
2026-08-18 09:44:49,7850.0,7869.5,Call GEX 3,GEX,322023.071,7495.086262613666,9249.59819636562
2026-08-18 09:44:49,7900.0,7919.5,Call GEX 1,GEX,722351.611,7495.086262613666,9249.59819636562
2026-08-18 09:44:49,7900.0,7919.5,Put VEX 3,VEX,-1240194.934,7495.086262613666,9249.59819636562
2026-08-18 09:44:49,7950.0,7969.75,Call GEX 5,GEX,250347.545,7495.086262613666,9249.59819636562
2026-08-18 09:44:49,8000.0,8019.75,Put CEX 1,CEX,-5367099.94,7495.086262613666,9249.59819636562
2026-08-18 09:44:49,8000.0,8019.75,Put DEX 1,DEX,-2573.19,7495.086262613666,9249.59819636562
2026-08-18 09:44:49,8000.0,8019.75,Put VEX 1,VEX,-12152801.525,7495.086262613666,9249.59819636562
2026-08-18 09:44:49,8200.0,8220.25,Put VEX 4,VEX,-800044.845,7495.086262613666,9249.59819636562
2026-08-18 09:44:49,8500.0,8521.0,Put DEX 2,DEX,-101.623,7495.086262613666,9249.59819636562
2026-08-18 09:45:48,7000.0,7017.75,Call CEX 4,CEX,1301047.652,7476.460029325783,9247.714198631147
2026-08-18 09:45:48,7000.0,7017.75,Call DEX 1,DEX,566.051,7476.460029325783,9247.714198631147
2026-08-18 09:45:48,7000.0,7017.75,Put GEX 1,GEX,-693455.071,7476.460029325783,9247.714198631147
2026-08-18 09:45:48,7000.0,7017.75,Call VEX 1,VEX,6632521.269,7476.460029325783,9247.714198631147
2026-08-18 09:45:48,7300.0,7318.5,Call DEX 5,DEX,255.834,7476.460029325783,9247.714198631147
2026-08-18 09:45:48,7300.0,7318.5,Call VEX 5,VEX,1973534.552,7476.460029325783,9247.714198631147
2026-08-18 09:45:48,7400.0,7418.75,Call VEX 4,VEX,2430878.675,7476.460029325783,9247.714198631147
2026-08-18 09:45:48,7450.0,7469.0,Call DEX 4,DEX,263.489,7476.460029325783,9247.714198631147
2026-08-18 09:45:48,7500.0,7519.0,Call CEX 5,CEX,1267807.817,7476.460029325783,9247.714198631147
2026-08-18 09:45:48,7500.0,7519.0,Put GEX 2,GEX,-493963.252,7476.460029325783,9247.714198631147
2026-08-18 09:45:48,7500.0,7519.0,Call VEX 2,VEX,3403420.838,7476.460029325783,9247.714198631147
2026-08-18 09:45:48,7550.0,7569.25,Call DEX 3,DEX,291.769,7476.460029325783,9247.714198631147
2026-08-18 09:45:48,7600.0,7619.25,Call CEX 3,CEX,1804544.354,7476.460029325783,9247.714198631147
2026-08-18 09:45:48,7600.0,7619.25,Call DEX 2,DEX,449.924,7476.460029325783,9247.714198631147
2026-08-18 09:45:48,7600.0,7619.25,Call VEX 3,VEX,2635425.605,7476.460029325783,9247.714198631147
2026-08-18 09:45:48,7635.0,7654.5,Call CEX 1,CEX,2637168.551,7476.460029325783,9247.714198631147
2026-08-18 09:45:48,7650.0,7669.5,Call CEX 2,CEX,1974925.534,7476.460029325783,9247.714198631147
2026-08-18 09:45:48,7700.0,7719.5,Put GEX 4,GEX,-406908.328,7476.460029325783,9247.714198631147
2026-08-18 09:45:48,7710.0,7729.75,Put GEX 5,GEX,-362776.398,7476.460029325783,9247.714198631147
2026-08-18 09:45:48,7720.0,7739.75,Put DEX 5,DEX,-43.772,7476.460029325783,9247.714198631147
2026-08-18 09:45:48,7720.0,7739.75,Put GEX 3,GEX,-452642.887,7476.460029325783,9247.714198631147
2026-08-18 09:45:48,7725.0,7744.75,Put CEX 4,CEX,-2101909.346,7476.460029325783,9247.714198631147
2026-08-18 09:45:48,7735.0,7754.75,Put DEX 3,DEX,-48.119,7476.460029325783,9247.714198631147
2026-08-18 09:45:48,7750.0,7769.75,Put CEX 2,CEX,-2844253.546,7476.460029325783,9247.714198631147
2026-08-18 09:45:48,7750.0,7769.75,Put VEX 5,VEX,-627987.102,7476.460029325783,9247.714198631147
2026-08-18 09:45:48,7775.0,7794.75,Put CEX 5,CEX,-1437685.834,7476.460029325783,9247.714198631147
2026-08-18 09:45:48,7775.0,7794.75,Call GEX 4,GEX,276137.056,7476.460029325783,9247.714198631147
2026-08-18 09:45:48,7800.0,7819.75,Put CEX 3,CEX,-2199355.967,7476.460029325783,9247.714198631147
2026-08-18 09:45:48,7800.0,7819.75,Put DEX 4,DEX,-44.138,7476.460029325783,9247.714198631147
2026-08-18 09:45:48,7800.0,7819.75,Call GEX 2,GEX,556099.905,7476.460029325783,9247.714198631147
2026-08-18 09:45:48,7800.0,7819.75,Put VEX 2,VEX,-1258417.171,7476.460029325783,9247.714198631147
2026-08-18 09:45:48,7850.0,7870.0,Call GEX 3,GEX,324645.179,7476.460029325783,9247.714198631147
2026-08-18 09:45:48,7900.0,7920.25,Call GEX 1,GEX,726964.074,7476.460029325783,9247.714198631147
2026-08-18 09:45:48,7900.0,7920.25,Put VEX 3,VEX,-1238650.192,7476.460029325783,9247.714198631147
2026-08-18 09:45:48,7950.0,7970.25,Call GEX 5,GEX,251518.656,7476.460029325783,9247.714198631147
2026-08-18 09:45:48,8000.0,8020.5,Put CEX 1,CEX,-5387367.103,7476.460029325783,9247.714198631147
2026-08-18 09:45:48,8000.0,8020.5,Put DEX 1,DEX,-2563.759,7476.460029325783,9247.714198631147
2026-08-18 09:45:48,8000.0,8020.5,Put VEX 1,VEX,-12145233.635,7476.460029325783,9247.714198631147
2026-08-18 09:45:48,8200.0,8221.0,Put VEX 4,VEX,-801552.236,7476.460029325783,9247.714198631147
2026-08-18 09:45:48,8500.0,8521.75,Put DEX 2,DEX,-101.7,7476.460029325783,9247.714198631147
2026-08-18 09:46:40,7000.0,7017.75,Call CEX 5,CEX,1317875.112,7450.766442660994,9249.702282312795
2026-08-18 09:46:40,7000.0,7017.75,Call DEX 1,DEX,556.478,7450.766442660994,9249.702282312795
2026-08-18 09:46:40,7000.0,7017.75,Put GEX 1,GEX,-668762.236,7450.766442660994,9249.702282312795
2026-08-18 09:46:40,7000.0,7017.75,Call VEX 1,VEX,6838949.319,7450.766442660994,9249.702282312795
2026-08-18 09:46:40,7300.0,7318.5,Call VEX 5,VEX,1998440.975,7450.766442660994,9249.702282312795
2026-08-18 09:46:40,7400.0,7418.75,Call VEX 4,VEX,2466632.161,7450.766442660994,9249.702282312795
2026-08-18 09:46:40,7450.0,7469.0,Call DEX 5,DEX,262.522,7450.766442660994,9249.702282312795
2026-08-18 09:46:40,7500.0,7519.0,Call CEX 4,CEX,1508241.413,7450.766442660994,9249.702282312795
2026-08-18 09:46:40,7500.0,7519.0,Call DEX 2,DEX,549.465,7450.766442660994,9249.702282312795
2026-08-18 09:46:40,7500.0,7519.0,Put GEX 4,GEX,-440313.926,7450.766442660994,9249.702282312795
2026-08-18 09:46:40,7500.0,7519.0,Call VEX 2,VEX,3523954.239,7450.766442660994,9249.702282312795
2026-08-18 09:46:40,7550.0,7569.25,Call DEX 4,DEX,292.547,7450.766442660994,9249.702282312795
2026-08-18 09:46:40,7600.0,7619.25,Call CEX 3,CEX,1900156.684,7450.766442660994,9249.702282312795
2026-08-18 09:46:40,7600.0,7619.25,Call DEX 3,DEX,447.041,7450.766442660994,9249.702282312795
2026-08-18 09:46:40,7600.0,7619.25,Call VEX 3,VEX,2631399.222,7450.766442660994,9249.702282312795
2026-08-18 09:46:40,7635.0,7654.5,Call CEX 1,CEX,2676116.698,7450.766442660994,9249.702282312795
2026-08-18 09:46:40,7650.0,7669.5,Call CEX 2,CEX,2110266.413,7450.766442660994,9249.702282312795
2026-08-18 09:46:40,7700.0,7719.5,Put GEX 2,GEX,-452305.7,7450.766442660994,9249.702282312795
2026-08-18 09:46:40,7710.0,7729.75,Put GEX 5,GEX,-377862.723,7450.766442660994,9249.702282312795
2026-08-18 09:46:40,7720.0,7739.75,Put CEX 5,CEX,-1281818.528,7450.766442660994,9249.702282312795
2026-08-18 09:46:40,7720.0,7739.75,Put DEX 4,DEX,-45.572,7450.766442660994,9249.702282312795
2026-08-18 09:46:40,7720.0,7739.75,Put GEX 3,GEX,-445837.715,7450.766442660994,9249.702282312795
2026-08-18 09:46:40,7725.0,7744.75,Put CEX 4,CEX,-1869519.3,7450.766442660994,9249.702282312795
2026-08-18 09:46:40,7735.0,7754.75,Put DEX 3,DEX,-49.538,7450.766442660994,9249.702282312795
2026-08-18 09:46:40,7750.0,7769.75,Put CEX 2,CEX,-1940769.179,7450.766442660994,9249.702282312795
2026-08-18 09:46:40,7750.0,7769.75,Call GEX 4,GEX,295066.269,7450.766442660994,9249.702282312795
2026-08-18 09:46:40,7750.0,7769.75,Put VEX 5,VEX,-616753.911,7450.766442660994,9249.702282312795
2026-08-18 09:46:40,7775.0,7794.75,Call GEX 5,GEX,287097.489,7450.766442660994,9249.702282312795
2026-08-18 09:46:40,7800.0,7820.0,Put CEX 3,CEX,-1905139.366,7450.766442660994,9249.702282312795
2026-08-18 09:46:40,7800.0,7820.0,Put DEX 5,DEX,-36.094,7450.766442660994,9249.702282312795
2026-08-18 09:46:40,7800.0,7820.0,Call GEX 2,GEX,554978.069,7450.766442660994,9249.702282312795
2026-08-18 09:46:40,7800.0,7820.0,Put VEX 2,VEX,-1254139.663,7450.766442660994,9249.702282312795
2026-08-18 09:46:40,7850.0,7870.0,Call GEX 3,GEX,321605.544,7450.766442660994,9249.702282312795
2026-08-18 09:46:40,7900.0,7920.25,Call GEX 1,GEX,721009.048,7450.766442660994,9249.702282312795
2026-08-18 09:46:40,7900.0,7920.25,Put VEX 3,VEX,-1239953.596,7450.766442660994,9249.702282312795
2026-08-18 09:46:40,8000.0,8020.5,Put CEX 1,CEX,-5197095.119,7450.766442660994,9249.702282312795
2026-08-18 09:46:40,8000.0,8020.5,Put DEX 1,DEX,-2583.606,7450.766442660994,9249.702282312795
2026-08-18 09:46:40,8000.0,8020.5,Put VEX 1,VEX,-12080290.711,7450.766442660994,9249.702282312795
2026-08-18 09:46:40,8200.0,8221.0,Put VEX 4,VEX,-799884.871,7450.766442660994,9249.702282312795
2026-08-18 09:46:40,8500.0,8521.75,Put DEX 2,DEX,-102.001,7450.766442660994,9249.702282312795
2026-08-18 09:47:40,7000.0,7017.75,Call CEX 4,CEX,1300961.745,7493.6530658259935,9246.681783970853
2026-08-18 09:47:40,7000.0,7017.75,Call DEX 1,DEX,566.383,7493.6530658259935,9246.681783970853
2026-08-18 09:47:40,7000.0,7017.75,Put GEX 1,GEX,-683371.134,7493.6530658259935,9246.681783970853
2026-08-18 09:47:40,7000.0,7017.75,Call VEX 1,VEX,6666993.701,7493.6530658259935,9246.681783970853
2026-08-18 09:47:40,7300.0,7318.5,Call VEX 5,VEX,1977069.124,7493.6530658259935,9246.681783970853
2026-08-18 09:47:40,7400.0,7418.75,Call DEX 5,DEX,261.696,7493.6530658259935,9246.681783970853
2026-08-18 09:47:40,7400.0,7418.75,Call VEX 4,VEX,2435433.983,7493.6530658259935,9246.681783970853
2026-08-18 09:47:40,7450.0,7468.75,Call DEX 4,DEX,264.641,7493.6530658259935,9246.681783970853
2026-08-18 09:47:40,7500.0,7519.0,Call CEX 5,CEX,1251528.089,7493.6530658259935,9246.681783970853
2026-08-18 09:47:40,7500.0,7519.0,Put GEX 2,GEX,-490999.743,7493.6530658259935,9246.681783970853
2026-08-18 09:47:40,7500.0,7519.0,Call VEX 2,VEX,3402906.627,7493.6530658259935,9246.681783970853
2026-08-18 09:47:40,7550.0,7569.0,Call DEX 3,DEX,294.097,7493.6530658259935,9246.681783970853
2026-08-18 09:47:40,7600.0,7619.25,Call CEX 3,CEX,1784381.483,7493.6530658259935,9246.681783970853
2026-08-18 09:47:40,7600.0,7619.25,Call DEX 2,DEX,446.456,7493.6530658259935,9246.681783970853
2026-08-18 09:47:40,7600.0,7619.25,Call VEX 3,VEX,2644700.716,7493.6530658259935,9246.681783970853
2026-08-18 09:47:40,7635.0,7654.25,Call CEX 1,CEX,2623478.475,7493.6530658259935,9246.681783970853
2026-08-18 09:47:40,7650.0,7669.25,Call CEX 2,CEX,1995514.605,7493.6530658259935,9246.681783970853
2026-08-18 09:47:40,7700.0,7719.5,Put GEX 4,GEX,-383137.637,7493.6530658259935,9246.681783970853
2026-08-18 09:47:40,7710.0,7729.5,Put GEX 5,GEX,-368186.615,7493.6530658259935,9246.681783970853
2026-08-18 09:47:40,7720.0,7739.5,Put DEX 4,DEX,-42.082,7493.6530658259935,9246.681783970853
2026-08-18 09:47:40,7720.0,7739.5,Put GEX 3,GEX,-473537.661,7493.6530658259935,9246.681783970853
2026-08-18 09:47:40,7725.0,7744.5,Put CEX 4,CEX,-2107381.169,7493.6530658259935,9246.681783970853
2026-08-18 09:47:40,7735.0,7754.5,Put DEX 3,DEX,-46.811,7493.6530658259935,9246.681783970853
2026-08-18 09:47:40,7750.0,7769.5,Put CEX 2,CEX,-2883279.873,7493.6530658259935,9246.681783970853
2026-08-18 09:47:40,7775.0,7794.75,Put CEX 5,CEX,-1392792.45,7493.6530658259935,9246.681783970853
2026-08-18 09:47:40,7775.0,7794.75,Call GEX 4,GEX,285400.106,7493.6530658259935,9246.681783970853
2026-08-18 09:47:40,7800.0,7819.75,Put CEX 3,CEX,-2177584.617,7493.6530658259935,9246.681783970853
2026-08-18 09:47:40,7800.0,7819.75,Put DEX 5,DEX,-40.36,7493.6530658259935,9246.681783970853
2026-08-18 09:47:40,7800.0,7819.75,Call GEX 2,GEX,564506.539,7493.6530658259935,9246.681783970853
2026-08-18 09:47:40,7800.0,7819.75,Put VEX 2,VEX,-1244827.943,7493.6530658259935,9246.681783970853
2026-08-18 09:47:40,7850.0,7869.75,Call GEX 3,GEX,328034.674,7493.6530658259935,9246.681783970853
2026-08-18 09:47:40,7900.0,7920.0,Call GEX 1,GEX,732997.173,7493.6530658259935,9246.681783970853
2026-08-18 09:47:40,7900.0,7920.0,Put VEX 3,VEX,-1235421.866,7493.6530658259935,9246.681783970853
2026-08-18 09:47:40,7950.0,7970.0,Call GEX 5,GEX,254297.885,7493.6530658259935,9246.681783970853
2026-08-18 09:47:40,8000.0,8020.25,Put CEX 1,CEX,-6442991.159,7493.6530658259935,9246.681783970853
2026-08-18 09:47:40,8000.0,8020.25,Put DEX 1,DEX,-2515.038,7493.6530658259935,9246.681783970853
2026-08-18 09:47:40,8000.0,8020.25,Put VEX 1,VEX,-12691595.491,7493.6530658259935,9246.681783970853
2026-08-18 09:47:40,8100.0,8120.5,Put VEX 5,VEX,-610761.53,7493.6530658259935,9246.681783970853
2026-08-18 09:47:40,8200.0,8220.75,Put VEX 4,VEX,-804977.355,7493.6530658259935,9246.681783970853
2026-08-18 09:47:40,8500.0,8521.5,Put DEX 2,DEX,-99.419,7493.6530658259935,9246.681783970853
2026-08-18 09:48:29,7000.0,7017.75,Call CEX 5,CEX,1308060.36,7403.246548960299,9248.704320730694
2026-08-18 09:48:29,7000.0,7017.75,Call DEX 1,DEX,562.802,7403.246548960299,9248.704320730694
2026-08-18 09:48:29,7000.0,7017.75,Put GEX 1,GEX,-670275.984,7403.246548960299,9248.704320730694
2026-08-18 09:48:29,7000.0,7017.75,Call VEX 1,VEX,6759987.037,7403.246548960299,9248.704320730694
2026-08-18 09:48:29,7300.0,7318.75,Call VEX 5,VEX,1988229.97,7403.246548960299,9248.704320730694
2026-08-18 09:48:29,7400.0,7419.0,Call VEX 4,VEX,2457971.362,7403.246548960299,9248.704320730694
2026-08-18 09:48:29,7450.0,7469.0,Call DEX 5,DEX,265.101,7403.246548960299,9248.704320730694
2026-08-18 09:48:29,7500.0,7519.25,Call CEX 4,CEX,1559337.885,7403.246548960299,9248.704320730694
2026-08-18 09:48:29,7500.0,7519.25,Call DEX 2,DEX,554.118,7403.246548960299,9248.704320730694
2026-08-18 09:48:29,7500.0,7519.25,Put GEX 4,GEX,-414798.704,7403.246548960299,9248.704320730694
2026-08-18 09:48:29,7500.0,7519.25,Call VEX 2,VEX,3567429.067,7403.246548960299,9248.704320730694
2026-08-18 09:48:29,7550.0,7569.25,Call DEX 4,DEX,295.358,7403.246548960299,9248.704320730694
2026-08-18 09:48:29,7600.0,7619.5,Call CEX 3,CEX,1900855.235,7403.246548960299,9248.704320730694
2026-08-18 09:48:29,7600.0,7619.5,Call DEX 3,DEX,456.123,7403.246548960299,9248.704320730694
2026-08-18 09:48:29,7600.0,7619.5,Call VEX 3,VEX,2658982.414,7403.246548960299,9248.704320730694
2026-08-18 09:48:29,7635.0,7654.5,Call CEX 1,CEX,2632787.051,7403.246548960299,9248.704320730694
2026-08-18 09:48:29,7650.0,7669.5,Call CEX 2,CEX,2024825.416,7403.246548960299,9248.704320730694
2026-08-18 09:48:29,7700.0,7719.75,Put GEX 3,GEX,-421563.135,7403.246548960299,9248.704320730694
2026-08-18 09:48:29,7710.0,7729.75,Put GEX 5,GEX,-394367.017,7403.246548960299,9248.704320730694
2026-08-18 09:48:29,7720.0,7739.75,Put CEX 5,CEX,-1238835.097,7403.246548960299,9248.704320730694
2026-08-18 09:48:29,7720.0,7739.75,Put DEX 4,DEX,-42.311,7403.246548960299,9248.704320730694
2026-08-18 09:48:29,7720.0,7739.75,Put GEX 2,GEX,-492791.807,7403.246548960299,9248.704320730694
2026-08-18 09:48:29,7725.0,7744.75,Put CEX 2,CEX,-2038520.5,7403.246548960299,9248.704320730694
2026-08-18 09:48:29,7735.0,7754.75,Put DEX 3,DEX,-47.403,7403.246548960299,9248.704320730694
2026-08-18 09:48:29,7750.0,7769.75,Put CEX 3,CEX,-1951283.343,7403.246548960299,9248.704320730694
2026-08-18 09:48:29,7750.0,7769.75,Call GEX 5,GEX,295684.307,7403.246548960299,9248.704320730694
2026-08-18 09:48:29,7775.0,7794.75,Call GEX 4,GEX,302196.542,7403.246548960299,9248.704320730694
2026-08-18 09:48:29,7800.0,7820.0,Put CEX 4,CEX,-1942110.349,7403.246548960299,9248.704320730694
2026-08-18 09:48:29,7800.0,7820.0,Put DEX 5,DEX,-29.157,7403.246548960299,9248.704320730694
2026-08-18 09:48:29,7800.0,7820.0,Call GEX 2,GEX,573399.426,7403.246548960299,9248.704320730694
2026-08-18 09:48:29,7800.0,7820.0,Put VEX 3,VEX,-1232175.096,7403.246548960299,9248.704320730694
2026-08-18 09:48:29,7850.0,7870.0,Call GEX 3,GEX,328917.522,7403.246548960299,9248.704320730694
2026-08-18 09:48:29,7900.0,7920.25,Call GEX 1,GEX,733382.132,7403.246548960299,9248.704320730694
2026-08-18 09:48:29,7900.0,7920.25,Put VEX 2,VEX,-1233487.937,7403.246548960299,9248.704320730694
2026-08-18 09:48:29,8000.0,8020.5,Put CEX 1,CEX,-5149762.814,7403.246548960299,9248.704320730694
2026-08-18 09:48:29,8000.0,8020.5,Put DEX 1,DEX,-2568.434,7403.246548960299,9248.704320730694
2026-08-18 09:48:29,8000.0,8020.5,Put VEX 1,VEX,-12037150.895,7403.246548960299,9248.704320730694
2026-08-18 09:48:29,8100.0,8120.75,Put VEX 5,VEX,-608467.574,7403.246548960299,9248.704320730694
2026-08-18 09:48:29,8200.0,8221.0,Put VEX 4,VEX,-806337.156,7403.246548960299,9248.704320730694
2026-08-18 09:48:29,8500.0,8521.75,Put DEX 2,DEX,-102.047,7403.246548960299,9248.704320730694
2026-08-18 09:49:18,6000.0,6015.5,Put DEX 5,DEX,-26.888,7383.052292429694,9248.326655371073
2026-08-18 09:49:18,7000.0,7018.25,Call DEX 1,DEX,566.923,7383.052292429694,9248.326655371073
2026-08-18 09:49:18,7000.0,7018.25,Put GEX 1,GEX,-674201.282,7383.052292429694,9248.326655371073
2026-08-18 09:49:18,7000.0,7018.25,Call VEX 1,VEX,6696737.926,7383.052292429694,9248.326655371073
2026-08-18 09:49:18,7300.0,7319.0,Call VEX 5,VEX,1979204.38,7383.052292429694,9248.326655371073
2026-08-18 09:49:18,7400.0,7419.25,Call VEX 4,VEX,2446364.619,7383.052292429694,9248.326655371073
2026-08-18 09:49:18,7450.0,7469.5,Call DEX 5,DEX,270.788,7383.052292429694,9248.326655371073
2026-08-18 09:49:18,7500.0,7519.5,Call CEX 4,CEX,1520188.54,7383.052292429694,9248.326655371073
2026-08-18 09:49:18,7500.0,7519.5,Call DEX 2,DEX,558.285,7383.052292429694,9248.326655371073
2026-08-18 09:49:18,7500.0,7519.5,Put GEX 3,GEX,-418089.903,7383.052292429694,9248.326655371073
2026-08-18 09:49:18,7500.0,7519.5,Call VEX 2,VEX,3553633.359,7383.052292429694,9248.326655371073
2026-08-18 09:49:18,7550.0,7569.75,Call DEX 4,DEX,297.215,7383.052292429694,9248.326655371073
2026-08-18 09:49:18,7600.0,7619.75,Call CEX 3,CEX,1893629.075,7383.052292429694,9248.326655371073
2026-08-18 09:49:18,7600.0,7619.75,Call DEX 3,DEX,460.591,7383.052292429694,9248.326655371073
2026-08-18 09:49:18,7600.0,7619.75,Call VEX 3,VEX,2672795.784,7383.052292429694,9248.326655371073
2026-08-18 09:49:18,7635.0,7654.75,Call CEX 1,CEX,2421273.974,7383.052292429694,9248.326655371073
2026-08-18 09:49:18,7650.0,7670.0,Call CEX 2,CEX,1922577.651,7383.052292429694,9248.326655371073
2026-08-18 09:49:18,7700.0,7720.0,Call CEX 5,CEX,1341808.494,7383.052292429694,9248.326655371073
2026-08-18 09:49:18,7700.0,7720.0,Put GEX 4,GEX,-395964.35,7383.052292429694,9248.326655371073
2026-08-18 09:49:18,7710.0,7730.0,Put GEX 5,GEX,-394193.223,7383.052292429694,9248.326655371073
2026-08-18 09:49:18,7720.0,7740.0,Put CEX 5,CEX,-1177601.313,7383.052292429694,9248.326655371073
2026-08-18 09:49:18,7720.0,7740.0,Put DEX 4,DEX,-40.755,7383.052292429694,9248.326655371073
2026-08-18 09:49:18,7720.0,7740.0,Put GEX 2,GEX,-514345.483,7383.052292429694,9248.326655371073
2026-08-18 09:49:18,7725.0,7745.0,Put CEX 2,CEX,-2070026.441,7383.052292429694,9248.326655371073
2026-08-18 09:49:18,7735.0,7755.0,Put DEX 3,DEX,-46.377,7383.052292429694,9248.326655371073
2026-08-18 09:49:18,7750.0,7770.25,Put CEX 3,CEX,-1966492.065,7383.052292429694,9248.326655371073
2026-08-18 09:49:18,7750.0,7770.25,Call GEX 5,GEX,299123.976,7383.052292429694,9248.326655371073
2026-08-18 09:49:18,7775.0,7795.25,Call GEX 4,GEX,311240.767,7383.052292429694,9248.326655371073
2026-08-18 09:49:18,7800.0,7820.25,Put CEX 4,CEX,-1958532.516,7383.052292429694,9248.326655371073
2026-08-18 09:49:18,7800.0,7820.25,Call GEX 2,GEX,584539.785,7383.052292429694,9248.326655371073
2026-08-18 09:49:18,7800.0,7820.25,Put VEX 3,VEX,-1221227.81,7383.052292429694,9248.326655371073
2026-08-18 09:49:18,7850.0,7870.5,Call GEX 3,GEX,332749.145,7383.052292429694,9248.326655371073
2026-08-18 09:49:18,7900.0,7920.5,Call GEX 1,GEX,739487.193,7383.052292429694,9248.326655371073
2026-08-18 09:49:18,7900.0,7920.5,Put VEX 2,VEX,-1231231.991,7383.052292429694,9248.326655371073
2026-08-18 09:49:18,8000.0,8020.75,Put CEX 1,CEX,-5058061.714,7383.052292429694,9248.326655371073
2026-08-18 09:49:18,8000.0,8020.75,Put DEX 1,DEX,-2562.228,7383.052292429694,9248.326655371073
2026-08-18 09:49:18,8000.0,8020.75,Put VEX 1,VEX,-11971878.3,7383.052292429694,9248.326655371073
2026-08-18 09:49:18,8100.0,8121.0,Put VEX 5,VEX,-608068.516,7383.052292429694,9248.326655371073
2026-08-18 09:49:18,8200.0,8221.25,Put VEX 4,VEX,-809783.138,7383.052292429694,9248.326655371073
2026-08-18 09:49:18,8500.0,8522.0,Put DEX 2,DEX,-102.145,7383.052292429694,9248.326655371073
2026-08-18 09:50:10,7000.0,7017.75,Call CEX 5,CEX,1297908.101,7440.1263007423795,9248.318797771552
2026-08-18 09:50:10,7000.0,7017.75,Call DEX 1,DEX,568.867,7440.1263007423795,9248.318797771552
2026-08-18 09:50:10,7000.0,7017.75,Put GEX 1,GEX,-680529.296,7440.1263007423795,9248.318797771552
2026-08-18 09:50:10,7000.0,7017.75,Call VEX 1,VEX,6646874.067,7440.1263007423795,9248.318797771552
2026-08-18 09:50:10,7300.0,7318.5,Call VEX 5,VEX,1973199.41,7440.1263007423795,9248.318797771552
2026-08-18 09:50:10,7400.0,7418.75,Call VEX 4,VEX,2428728.848,7440.1263007423795,9248.318797771552
2026-08-18 09:50:10,7450.0,7469.0,Call DEX 4,DEX,266.536,7440.1263007423795,9248.318797771552
2026-08-18 09:50:10,7500.0,7519.0,Call DEX 5,DEX,259.407,7440.1263007423795,9248.318797771552
2026-08-18 09:50:10,7500.0,7519.0,Put GEX 3,GEX,-486087.547,7440.1263007423795,9248.318797771552
2026-08-18 09:50:10,7500.0,7519.0,Call VEX 2,VEX,3412441.434,7440.1263007423795,9248.318797771552
2026-08-18 09:50:10,7550.0,7569.25,Call DEX 3,DEX,296.823,7440.1263007423795,9248.318797771552
2026-08-18 09:50:10,7600.0,7619.25,Call CEX 3,CEX,1775991.27,7440.1263007423795,9248.318797771552
2026-08-18 09:50:10,7600.0,7619.25,Call DEX 2,DEX,451.783,7440.1263007423795,9248.318797771552
2026-08-18 09:50:10,7600.0,7619.25,Call VEX 3,VEX,2657407.206,7440.1263007423795,9248.318797771552
2026-08-18 09:50:10,7635.0,7654.5,Call CEX 1,CEX,2614859.457,7440.1263007423795,9248.318797771552
2026-08-18 09:50:10,7650.0,7669.5,Call CEX 2,CEX,1899940.689,7440.1263007423795,9248.318797771552
2026-08-18 09:50:10,7700.0,7719.5,Call CEX 4,CEX,1332926.941,7440.1263007423795,9248.318797771552
2026-08-18 09:50:10,7700.0,7719.5,Put GEX 5,GEX,-369108.551,7440.1263007423795,9248.318797771552
2026-08-18 09:50:10,7710.0,7729.5,Put GEX 4,GEX,-375961.462,7440.1263007423795,9248.318797771552
2026-08-18 09:50:10,7720.0,7739.5,Put DEX 4,DEX,-40.38,7440.1263007423795,9248.318797771552
2026-08-18 09:50:10,7720.0,7739.5,Put GEX 2,GEX,-496024.683,7440.1263007423795,9248.318797771552
2026-08-18 09:50:10,7725.0,7744.5,Put CEX 4,CEX,-2087971.211,7440.1263007423795,9248.318797771552
2026-08-18 09:50:10,7735.0,7754.75,Put DEX 3,DEX,-45.667,7440.1263007423795,9248.318797771552
2026-08-18 09:50:10,7750.0,7769.75,Put CEX 2,CEX,-2906466.138,7440.1263007423795,9248.318797771552
2026-08-18 09:50:10,7775.0,7794.75,Put CEX 5,CEX,-1415949.298,7440.1263007423795,9248.318797771552
2026-08-18 09:50:10,7775.0,7794.75,Call GEX 4,GEX,292611.122,7440.1263007423795,9248.318797771552
2026-08-18 09:50:10,7800.0,7819.75,Put CEX 3,CEX,-2174517.938,7440.1263007423795,9248.318797771552
2026-08-18 09:50:10,7800.0,7819.75,Put DEX 5,DEX,-36.45,7440.1263007423795,9248.318797771552
2026-08-18 09:50:10,7800.0,7819.75,Call GEX 2,GEX,573761.713,7440.1263007423795,9248.318797771552
2026-08-18 09:50:10,7800.0,7819.75,Put VEX 3,VEX,-1230787.571,7440.1263007423795,9248.318797771552
2026-08-18 09:50:10,7850.0,7870.0,Call GEX 3,GEX,332427.23,7440.1263007423795,9248.318797771552
2026-08-18 09:50:10,7900.0,7920.0,Call GEX 1,GEX,739601.633,7440.1263007423795,9248.318797771552
2026-08-18 09:50:10,7900.0,7920.0,Put VEX 2,VEX,-1231082.959,7440.1263007423795,9248.318797771552
2026-08-18 09:50:10,7950.0,7970.25,Call GEX 5,GEX,256477.891,7440.1263007423795,9248.318797771552
2026-08-18 09:50:10,8000.0,8020.25,Put CEX 1,CEX,-5404058.703,7440.1263007423795,9248.318797771552
2026-08-18 09:50:10,8000.0,8020.25,Put DEX 1,DEX,-2550.695,7440.1263007423795,9248.318797771552
2026-08-18 09:50:10,8000.0,8020.25,Put VEX 1,VEX,-12141264.731,7440.1263007423795,9248.318797771552
2026-08-18 09:50:10,8100.0,8120.5,Put VEX 5,VEX,-608011.866,7440.1263007423795,9248.318797771552
2026-08-18 09:50:10,8200.0,8220.75,Put VEX 4,VEX,-809396.7,7440.1263007423795,9248.318797771552
2026-08-18 09:50:10,8500.0,8521.5,Put DEX 2,DEX,-101.66,7440.1263007423795,9248.318797771552
2026-08-18 09:51:03,7000.0,7017.75,Call CEX 5,CEX,1293570.504,7429.563518833596,9248.112289071163
2026-08-18 09:51:03,7000.0,7017.75,Call DEX 1,DEX,570.933,7429.563518833596,9248.112289071163
2026-08-18 09:51:03,7000.0,7017.75,Put GEX 1,GEX,-687182.743,7429.563518833596,9248.112289071163
2026-08-18 09:51:03,7000.0,7017.75,Call VEX 1,VEX,6592378.144,7429.563518833596,9248.112289071163
2026-08-18 09:51:03,7300.0,7318.5,Call VEX 5,VEX,1967836.276,7429.563518833596,9248.112289071163
2026-08-18 09:51:03,7400.0,7418.75,Call VEX 4,VEX,2427452.483,7429.563518833596,9248.112289071163
2026-08-18 09:51:03,7450.0,7468.75,Call DEX 4,DEX,266.764,7429.563518833596,9248.112289071163
2026-08-18 09:51:03,7500.0,7519.0,Call DEX 5,DEX,259.543,7429.563518833596,9248.112289071163
2026-08-18 09:51:03,7500.0,7519.0,Put GEX 3,GEX,-484638.636,7429.563518833596,9248.112289071163
2026-08-18 09:51:03,7500.0,7519.0,Call VEX 2,VEX,3414332.024,7429.563518833596,9248.112289071163
2026-08-18 09:51:03,7550.0,7569.0,Call DEX 3,DEX,296.929,7429.563518833596,9248.112289071163
2026-08-18 09:51:03,7600.0,7619.25,Call CEX 3,CEX,1775453.798,7429.563518833596,9248.112289071163
2026-08-18 09:51:03,7600.0,7619.25,Call DEX 2,DEX,452.392,7429.563518833596,9248.112289071163
2026-08-18 09:51:03,7600.0,7619.25,Call VEX 3,VEX,2658515.653,7429.563518833596,9248.112289071163
2026-08-18 09:51:03,7635.0,7654.25,Call CEX 1,CEX,2619450.774,7429.563518833596,9248.112289071163
2026-08-18 09:51:03,7650.0,7669.25,Call CEX 2,CEX,1890274.938,7429.563518833596,9248.112289071163
2026-08-18 09:51:03,7700.0,7719.5,Call CEX 4,CEX,1342231.167,7429.563518833596,9248.112289071163
2026-08-18 09:51:03,7700.0,7719.5,Put GEX 5,GEX,-358798.185,7429.563518833596,9248.112289071163
2026-08-18 09:51:03,7710.0,7729.5,Put GEX 4,GEX,-370756.238,7429.563518833596,9248.112289071163
2026-08-18 09:51:03,7720.0,7739.5,Put DEX 4,DEX,-40.202,7429.563518833596,9248.112289071163
2026-08-18 09:51:03,7720.0,7739.5,Put GEX 2,GEX,-492466.261,7429.563518833596,9248.112289071163
2026-08-18 09:51:03,7725.0,7744.5,Put CEX 4,CEX,-2087326.615,7429.563518833596,9248.112289071163
2026-08-18 09:51:03,7735.0,7754.5,Put DEX 3,DEX,-45.535,7429.563518833596,9248.112289071163
2026-08-18 09:51:03,7750.0,7769.5,Put CEX 2,CEX,-2999682.835,7429.563518833596,9248.112289071163
2026-08-18 09:51:03,7775.0,7794.75,Put CEX 5,CEX,-1480055.973,7429.563518833596,9248.112289071163
2026-08-18 09:51:03,7775.0,7794.75,Call GEX 4,GEX,290981.798,7429.563518833596,9248.112289071163
2026-08-18 09:51:03,7800.0,7819.75,Put CEX 3,CEX,-2279165.161,7429.563518833596,9248.112289071163
2026-08-18 09:51:03,7800.0,7819.75,Put DEX 5,DEX,-36.032,7429.563518833596,9248.112289071163
2026-08-18 09:51:03,7800.0,7819.75,Call GEX 2,GEX,572603.414,7429.563518833596,9248.112289071163
2026-08-18 09:51:03,7800.0,7819.75,Put VEX 2,VEX,-1233837.534,7429.563518833596,9248.112289071163
2026-08-18 09:51:03,7850.0,7869.75,Call GEX 3,GEX,334604.554,7429.563518833596,9248.112289071163
2026-08-18 09:51:03,7900.0,7920.0,Call GEX 1,GEX,740161.912,7429.563518833596,9248.112289071163
2026-08-18 09:51:03,7900.0,7920.0,Put VEX 3,VEX,-1231109.99,7429.563518833596,9248.112289071163
2026-08-18 09:51:03,7950.0,7970.0,Call GEX 5,GEX,256755.007,7429.563518833596,9248.112289071163
2026-08-18 09:51:03,8000.0,8020.25,Put CEX 1,CEX,-5449649.022,7429.563518833596,9248.112289071163
2026-08-18 09:51:03,8000.0,8020.25,Put DEX 1,DEX,-2548.333,7429.563518833596,9248.112289071163
2026-08-18 09:51:03,8000.0,8020.25,Put VEX 1,VEX,-12158820.307,7429.563518833596,9248.112289071163
2026-08-18 09:51:03,8100.0,8120.5,Put VEX 5,VEX,-608246.882,7429.563518833596,9248.112289071163
2026-08-18 09:51:03,8200.0,8220.75,Put VEX 4,VEX,-809617.657,7429.563518833596,9248.112289071163
2026-08-18 09:51:03,8500.0,8521.5,Put DEX 2,DEX,-101.593,7429.563518833596,9248.112289071163
2026-08-18 09:52:03,7000.0,7017.5,Call CEX 5,CEX,1299233.321,7444.440726445059,9248.387071535994
2026-08-18 09:52:03,7000.0,7017.5,Call DEX 1,DEX,568.498,7444.440726445059,9248.387071535994
2026-08-18 09:52:03,7000.0,7017.5,Put GEX 1,GEX,-679070.632,7444.440726445059,9248.387071535994
2026-08-18 09:52:03,7000.0,7017.5,Call VEX 1,VEX,6659004.948,7444.440726445059,9248.387071535994
2026-08-18 09:52:03,7300.0,7318.25,Call VEX 5,VEX,1970775.435,7444.440726445059,9248.387071535994
2026-08-18 09:52:03,7400.0,7418.5,Call VEX 4,VEX,2428107.861,7444.440726445059,9248.387071535994
2026-08-18 09:52:03,7450.0,7468.75,Call DEX 4,DEX,266.407,7444.440726445059,9248.387071535994
2026-08-18 09:52:03,7500.0,7518.75,Call DEX 5,DEX,259.384,7444.440726445059,9248.387071535994
2026-08-18 09:52:03,7500.0,7518.75,Put GEX 3,GEX,-486762.094,7444.440726445059,9248.387071535994
2026-08-18 09:52:03,7500.0,7518.75,Call VEX 2,VEX,3410291.0,7444.440726445059,9248.387071535994
2026-08-18 09:52:03,7550.0,7569.0,Call DEX 3,DEX,296.378,7444.440726445059,9248.387071535994
2026-08-18 09:52:03,7600.0,7619.0,Call CEX 3,CEX,1778825.211,7444.440726445059,9248.387071535994
2026-08-18 09:52:03,7600.0,7619.0,Call DEX 2,DEX,451.908,7444.440726445059,9248.387071535994
2026-08-18 09:52:03,7600.0,7619.0,Call VEX 3,VEX,2658095.732,7444.440726445059,9248.387071535994
2026-08-18 09:52:03,7635.0,7654.25,Call CEX 1,CEX,2631068.614,7444.440726445059,9248.387071535994
2026-08-18 09:52:03,7650.0,7669.25,Call CEX 2,CEX,1883085.783,7444.440726445059,9248.387071535994
2026-08-18 09:52:03,7700.0,7719.25,Call CEX 4,CEX,1346457.857,7444.440726445059,9248.387071535994
2026-08-18 09:52:03,7700.0,7719.25,Put GEX 5,GEX,-369700.404,7444.440726445059,9248.387071535994
2026-08-18 09:52:03,7710.0,7729.25,Put GEX 4,GEX,-373988.928,7444.440726445059,9248.387071535994
2026-08-18 09:52:03,7720.0,7739.5,Put DEX 4,DEX,-40.339,7444.440726445059,9248.387071535994
2026-08-18 09:52:03,7720.0,7739.5,Put GEX 2,GEX,-491143.197,7444.440726445059,9248.387071535994
2026-08-18 09:52:03,7725.0,7744.5,Put CEX 4,CEX,-2097250.754,7444.440726445059,9248.387071535994
2026-08-18 09:52:03,7735.0,7754.5,Put DEX 3,DEX,-45.621,7444.440726445059,9248.387071535994
2026-08-18 09:52:03,7750.0,7769.5,Put CEX 2,CEX,-3051470.736,7444.440726445059,9248.387071535994
2026-08-18 09:52:03,7775.0,7794.5,Put CEX 5,CEX,-1486925.799,7444.440726445059,9248.387071535994
2026-08-18 09:52:03,7775.0,7794.5,Call GEX 4,GEX,289886.077,7444.440726445059,9248.387071535994
2026-08-18 09:52:03,7800.0,7819.5,Put CEX 3,CEX,-2261927.432,7444.440726445059,9248.387071535994
2026-08-18 09:52:03,7800.0,7819.5,Put DEX 5,DEX,-36.575,7444.440726445059,9248.387071535994
2026-08-18 09:52:03,7800.0,7819.5,Call GEX 2,GEX,573029.648,7444.440726445059,9248.387071535994
2026-08-18 09:52:03,7800.0,7819.5,Put VEX 2,VEX,-1233776.228,7444.440726445059,9248.387071535994
2026-08-18 09:52:03,7850.0,7869.75,Call GEX 3,GEX,332658.632,7444.440726445059,9248.387071535994
2026-08-18 09:52:03,7900.0,7919.75,Call GEX 1,GEX,739582.17,7444.440726445059,9248.387071535994
2026-08-18 09:52:03,7900.0,7919.75,Put VEX 3,VEX,-1231121.5,7444.440726445059,9248.387071535994
2026-08-18 09:52:03,7950.0,7970.0,Call GEX 5,GEX,256441.628,7444.440726445059,9248.387071535994
2026-08-18 09:52:03,8000.0,8020.0,Put CEX 1,CEX,-5453710.048,7444.440726445059,9248.387071535994
2026-08-18 09:52:03,8000.0,8020.0,Put DEX 1,DEX,-2550.115,7444.440726445059,9248.387071535994
2026-08-18 09:52:03,8000.0,8020.0,Put VEX 1,VEX,-12166108.941,7444.440726445059,9248.387071535994
2026-08-18 09:52:03,8100.0,8120.25,Put VEX 5,VEX,-608222.766,7444.440726445059,9248.387071535994
2026-08-18 09:52:03,8200.0,8220.5,Put VEX 4,VEX,-809571.198,7444.440726445059,9248.387071535994
2026-08-18 09:52:03,8500.0,8521.25,Put DEX 2,DEX,-101.619,7444.440726445059,9248.387071535994
2026-08-18 09:52:53,7000.0,7017.5,Call CEX 4,CEX,1303445.681,7450.630614935309,9248.936173914555
2026-08-18 09:52:53,7000.0,7017.5,Call DEX 1,DEX,566.063,7450.630614935309,9248.936173914555
2026-08-18 09:52:53,7000.0,7017.5,Put GEX 1,GEX,-676513.798,7450.630614935309,9248.936173914555
2026-08-18 09:52:53,7000.0,7017.5,Call VEX 1,VEX,6699749.077,7450.630614935309,9248.936173914555
2026-08-18 09:52:53,7300.0,7318.25,Call VEX 5,VEX,1977826.236,7450.630614935309,9248.936173914555
2026-08-18 09:52:53,7400.0,7418.5,Call DEX 5,DEX,262.53,7450.630614935309,9248.936173914555
2026-08-18 09:52:53,7400.0,7418.5,Call VEX 4,VEX,2448452.824,7450.630614935309,9248.936173914555
2026-08-18 09:52:53,7450.0,7468.5,Call DEX 4,DEX,267.024,7450.630614935309,9248.936173914555
2026-08-18 09:52:53,7500.0,7518.75,Put GEX 3,GEX,-487568.367,7450.630614935309,9248.936173914555
2026-08-18 09:52:53,7500.0,7518.75,Call VEX 2,VEX,3409146.244,7450.630614935309,9248.936173914555
2026-08-18 09:52:53,7550.0,7568.75,Call DEX 3,DEX,298.507,7450.630614935309,9248.936173914555
2026-08-18 09:52:53,7600.0,7619.0,Call CEX 3,CEX,1762395.174,7450.630614935309,9248.936173914555
2026-08-18 09:52:53,7600.0,7619.0,Call DEX 2,DEX,460.792,7450.630614935309,9248.936173914555
2026-08-18 09:52:53,7600.0,7619.0,Call VEX 3,VEX,2654615.57,7450.630614935309,9248.936173914555
2026-08-18 09:52:53,7635.0,7654.0,Call CEX 1,CEX,2459048.677,7450.630614935309,9248.936173914555
2026-08-18 09:52:53,7650.0,7669.0,Call CEX 2,CEX,1910159.61,7450.630614935309,9248.936173914555
2026-08-18 09:52:53,7700.0,7719.25,Call CEX 5,CEX,1261842.73,7450.630614935309,9248.936173914555
2026-08-18 09:52:53,7700.0,7719.25,Put GEX 4,GEX,-385551.785,7450.630614935309,9248.936173914555
2026-08-18 09:52:53,7710.0,7729.25,Put GEX 5,GEX,-382907.862,7450.630614935309,9248.936173914555
2026-08-18 09:52:53,7720.0,7739.25,Put DEX 4,DEX,-41.087,7450.630614935309,9248.936173914555
2026-08-18 09:52:53,7720.0,7739.25,Put GEX 2,GEX,-490877.082,7450.630614935309,9248.936173914555
2026-08-18 09:52:53,7725.0,7744.25,Put CEX 4,CEX,-2118954.557,7450.630614935309,9248.936173914555
2026-08-18 09:52:53,7735.0,7754.25,Put DEX 3,DEX,-46.135,7450.630614935309,9248.936173914555
2026-08-18 09:52:53,7750.0,7769.25,Put CEX 2,CEX,-2808279.553,7450.630614935309,9248.936173914555
2026-08-18 09:52:53,7775.0,7794.5,Put CEX 5,CEX,-1363635.479,7450.630614935309,9248.936173914555
2026-08-18 09:52:53,7775.0,7794.5,Call GEX 4,GEX,291502.02,7450.630614935309,9248.936173914555
2026-08-18 09:52:53,7800.0,7819.5,Put CEX 3,CEX,-2190290.95,7450.630614935309,9248.936173914555
2026-08-18 09:52:53,7800.0,7819.5,Put DEX 5,DEX,-38.059,7450.630614935309,9248.936173914555
2026-08-18 09:52:53,7800.0,7819.5,Call GEX 2,GEX,567632.702,7450.630614935309,9248.936173914555
2026-08-18 09:52:53,7800.0,7819.5,Put VEX 2,VEX,-1235023.665,7450.630614935309,9248.936173914555
2026-08-18 09:52:53,7850.0,7869.5,Call GEX 3,GEX,331016.964,7450.630614935309,9248.936173914555
2026-08-18 09:52:53,7900.0,7919.75,Call GEX 1,GEX,736663.082,7450.630614935309,9248.936173914555
2026-08-18 09:52:53,7900.0,7919.75,Put VEX 3,VEX,-1232251.603,7450.630614935309,9248.936173914555
2026-08-18 09:52:53,7950.0,7969.75,Call GEX 5,GEX,255675.093,7450.630614935309,9248.936173914555
2026-08-18 09:52:53,8000.0,8020.0,Put CEX 1,CEX,-5369409.429,7450.630614935309,9248.936173914555
2026-08-18 09:52:53,8000.0,8020.0,Put DEX 1,DEX,-2555.999,7450.630614935309,9248.936173914555
2026-08-18 09:52:53,8000.0,8020.0,Put VEX 1,VEX,-12130803.672,7450.630614935309,9248.936173914555
2026-08-18 09:52:53,8100.0,8120.25,Put VEX 5,VEX,-607939.141,7450.630614935309,9248.936173914555
2026-08-18 09:52:53,8200.0,8220.5,Put VEX 4,VEX,-809243.667,7450.630614935309,9248.936173914555
2026-08-18 09:52:53,8500.0,8521.25,Put DEX 2,DEX,-101.742,7450.630614935309,9248.936173914555
2026-08-18 09:53:51,7000.0,7017.75,Call CEX 5,CEX,1298125.37,7450.297095254135,9248.421320909649
2026-08-18 09:53:51,7000.0,7017.75,Call DEX 1,DEX,568.899,7450.297095254135,9248.421320909649
2026-08-18 09:53:51,7000.0,7017.75,Put GEX 1,GEX,-683159.53,7450.297095254135,9248.421320909649
2026-08-18 09:53:51,7000.0,7017.75,Call VEX 1,VEX,6637085.657,7450.297095254135,9248.421320909649
2026-08-18 09:53:51,7300.0,7318.5,Call VEX 5,VEX,1971970.498,7450.297095254135,9248.421320909649
2026-08-18 09:53:51,7400.0,7418.75,Call VEX 4,VEX,2428333.139,7450.297095254135,9248.421320909649
2026-08-18 09:53:51,7450.0,7468.75,Call DEX 4,DEX,266.354,7450.297095254135,9248.421320909649
2026-08-18 09:53:51,7500.0,7519.0,Call DEX 5,DEX,259.719,7450.297095254135,9248.421320909649
2026-08-18 09:53:51,7500.0,7519.0,Put GEX 3,GEX,-486885.633,7450.297095254135,9248.421320909649
2026-08-18 09:53:51,7500.0,7519.0,Call VEX 2,VEX,3410185.117,7450.297095254135,9248.421320909649
2026-08-18 09:53:51,7550.0,7569.0,Call DEX 3,DEX,298.772,7450.297095254135,9248.421320909649
2026-08-18 09:53:51,7600.0,7619.25,Call CEX 3,CEX,1754617.022,7450.297095254135,9248.421320909649
2026-08-18 09:53:51,7600.0,7619.25,Call DEX 2,DEX,462.062,7450.297095254135,9248.421320909649
2026-08-18 09:53:51,7600.0,7619.25,Call VEX 3,VEX,2655981.039,7450.297095254135,9248.421320909649
2026-08-18 09:53:51,7635.0,7654.25,Call CEX 1,CEX,2656821.082,7450.297095254135,9248.421320909649
2026-08-18 09:53:51,7650.0,7669.25,Call CEX 2,CEX,1907043.367,7450.297095254135,9248.421320909649
2026-08-18 09:53:51,7700.0,7719.5,Call CEX 4,CEX,1313419.722,7450.297095254135,9248.421320909649
2026-08-18 09:53:51,7700.0,7719.5,Put GEX 5,GEX,-382171.837,7450.297095254135,9248.421320909649
2026-08-18 09:53:51,7710.0,7729.5,Put GEX 4,GEX,-386529.474,7450.297095254135,9248.421320909649
2026-08-18 09:53:51,7720.0,7739.5,Put DEX 4,DEX,-40.921,7450.297095254135,9248.421320909649
2026-08-18 09:53:51,7720.0,7739.5,Put GEX 2,GEX,-495727.538,7450.297095254135,9248.421320909649
2026-08-18 09:53:51,7725.0,7744.5,Put CEX 4,CEX,-2119805.332,7450.297095254135,9248.421320909649
2026-08-18 09:53:51,7735.0,7754.5,Put DEX 3,DEX,-46.061,7450.297095254135,9248.421320909649
2026-08-18 09:53:51,7750.0,7769.5,Put CEX 2,CEX,-2869907.738,7450.297095254135,9248.421320909649
2026-08-18 09:53:51,7775.0,7794.75,Put CEX 5,CEX,-1406382.805,7450.297095254135,9248.421320909649
2026-08-18 09:53:51,7775.0,7794.75,Call GEX 4,GEX,291899.592,7450.297095254135,9248.421320909649
2026-08-18 09:53:51,7800.0,7819.75,Put CEX 3,CEX,-2220546.719,7450.297095254135,9248.421320909649
2026-08-18 09:53:51,7800.0,7819.75,Put DEX 5,DEX,-37.69,7450.297095254135,9248.421320909649
2026-08-18 09:53:51,7800.0,7819.75,Call GEX 2,GEX,570847.833,7450.297095254135,9248.421320909649
2026-08-18 09:53:51,7800.0,7819.75,Put VEX 2,VEX,-1233737.501,7450.297095254135,9248.421320909649
2026-08-18 09:53:51,7850.0,7869.75,Call GEX 3,GEX,331715.012,7450.297095254135,9248.421320909649
2026-08-18 09:53:51,7900.0,7920.0,Call GEX 1,GEX,738584.471,7450.297095254135,9248.421320909649
2026-08-18 09:53:51,7900.0,7920.0,Put VEX 3,VEX,-1231826.803,7450.297095254135,9248.421320909649
2026-08-18 09:53:51,7950.0,7970.0,Call GEX 5,GEX,255902.798,7450.297095254135,9248.421320909649
2026-08-18 09:53:51,8000.0,8020.25,Put CEX 1,CEX,-5393587.518,7450.297095254135,9248.421320909649
2026-08-18 09:53:51,8000.0,8020.25,Put DEX 1,DEX,-2553.434,7450.297095254135,9248.421320909649
2026-08-18 09:53:51,8000.0,8020.25,Put VEX 1,VEX,-12137487.005,7450.297095254135,9248.421320909649
2026-08-18 09:53:51,8100.0,8120.5,Put VEX 5,VEX,-608015.712,7450.297095254135,9248.421320909649
2026-08-18 09:53:51,8200.0,8220.75,Put VEX 4,VEX,-809355.301,7450.297095254135,9248.421320909649
2026-08-18 09:53:51,8500.0,8521.5,Put DEX 2,DEX,-101.657,7450.297095254135,9248.421320909649
2026-08-18 09:54:43,7000.0,7017.75,Call CEX 5,CEX,1296056.472,7434.288718780784,9247.297099912012
2026-08-18 09:54:43,7000.0,7017.75,Call DEX 1,DEX,570.359,7434.288718780784,9247.297099912012
2026-08-18 09:54:43,7000.0,7017.75,Put GEX 1,GEX,-682641.692,7434.288718780784,9247.297099912012
2026-08-18 09:54:43,7000.0,7017.75,Call VEX 1,VEX,6621017.469,7434.288718780784,9247.297099912012
2026-08-18 09:54:43,7300.0,7318.5,Call DEX 5,DEX,257.51,7434.288718780784,9247.297099912012
2026-08-18 09:54:43,7300.0,7318.5,Call VEX 5,VEX,1968344.565,7434.288718780784,9247.297099912012
2026-08-18 09:54:43,7400.0,7418.75,Call VEX 4,VEX,2427484.888,7434.288718780784,9247.297099912012
2026-08-18 09:54:43,7450.0,7468.75,Call DEX 4,DEX,267.339,7434.288718780784,9247.297099912012
2026-08-18 09:54:43,7500.0,7519.0,Put GEX 3,GEX,-485331.289,7434.288718780784,9247.297099912012
2026-08-18 09:54:43,7500.0,7519.0,Call VEX 2,VEX,3404830.829,7434.288718780784,9247.297099912012
2026-08-18 09:54:43,7550.0,7569.0,Call DEX 3,DEX,297.221,7434.288718780784,9247.297099912012
2026-08-18 09:54:43,7600.0,7619.25,Call CEX 3,CEX,1720254.07,7434.288718780784,9247.297099912012
2026-08-18 09:54:43,7600.0,7619.25,Call DEX 2,DEX,454.351,7434.288718780784,9247.297099912012
2026-08-18 09:54:43,7600.0,7619.25,Call VEX 3,VEX,2659118.098,7434.288718780784,9247.297099912012
2026-08-18 09:54:43,7635.0,7654.25,Call CEX 1,CEX,2646824.908,7434.288718780784,9247.297099912012
2026-08-18 09:54:43,7650.0,7669.25,Call CEX 2,CEX,1914565.38,7434.288718780784,9247.297099912012
2026-08-18 09:54:43,7700.0,7719.5,Call CEX 4,CEX,1505630.532,7434.288718780784,9247.297099912012
2026-08-18 09:54:43,7700.0,7719.5,Put GEX 5,GEX,-372992.445,7434.288718780784,9247.297099912012
2026-08-18 09:54:43,7710.0,7729.5,Put GEX 4,GEX,-389690.334,7434.288718780784,9247.297099912012
2026-08-18 09:54:43,7720.0,7739.5,Put DEX 4,DEX,-39.881,7434.288718780784,9247.297099912012
2026-08-18 09:54:43,7720.0,7739.5,Put GEX 2,GEX,-506553.252,7434.288718780784,9247.297099912012
2026-08-18 09:54:43,7725.0,7744.5,Put CEX 4,CEX,-2103453.045,7434.288718780784,9247.297099912012
2026-08-18 09:54:43,7735.0,7754.5,Put DEX 3,DEX,-45.242,7434.288718780784,9247.297099912012
2026-08-18 09:54:43,7750.0,7769.5,Put CEX 2,CEX,-2937727.789,7434.288718780784,9247.297099912012
2026-08-18 09:54:43,7775.0,7794.5,Put CEX 5,CEX,-1399141.987,7434.288718780784,9247.297099912012
2026-08-18 09:54:43,7775.0,7794.5,Call GEX 4,GEX,297188.327,7434.288718780784,9247.297099912012
2026-08-18 09:54:43,7800.0,7819.75,Put CEX 3,CEX,-2223751.378,7434.288718780784,9247.297099912012
2026-08-18 09:54:43,7800.0,7819.75,Put DEX 5,DEX,-35.196,7434.288718780784,9247.297099912012
2026-08-18 09:54:43,7800.0,7819.75,Call GEX 2,GEX,575881.206,7434.288718780784,9247.297099912012
2026-08-18 09:54:43,7800.0,7819.75,Put VEX 3,VEX,-1226816.18,7434.288718780784,9247.297099912012
2026-08-18 09:54:43,7850.0,7869.75,Call GEX 3,GEX,333133.854,7434.288718780784,9247.297099912012
2026-08-18 09:54:43,7900.0,7920.0,Call GEX 1,GEX,741901.62,7434.288718780784,9247.297099912012
2026-08-18 09:54:43,7900.0,7920.0,Put VEX 2,VEX,-1230267.693,7434.288718780784,9247.297099912012
2026-08-18 09:54:43,7950.0,7970.0,Call GEX 5,GEX,257249.88,7434.288718780784,9247.297099912012
2026-08-18 09:54:43,8000.0,8020.25,Put CEX 1,CEX,-5396191.082,7434.288718780784,9247.297099912012
2026-08-18 09:54:43,8000.0,8020.25,Put DEX 1,DEX,-2549.227,7434.288718780784,9247.297099912012
2026-08-18 09:54:43,8000.0,8020.25,Put VEX 1,VEX,-12128325.991,7434.288718780784,9247.297099912012
2026-08-18 09:54:43,8100.0,8120.5,Put VEX 5,VEX,-608706.662,7434.288718780784,9247.297099912012
2026-08-18 09:54:43,8200.0,8220.75,Put VEX 4,VEX,-810292.447,7434.288718780784,9247.297099912012
2026-08-18 09:54:43,8500.0,8521.5,Put DEX 2,DEX,-101.675,7434.288718780784,9247.297099912012
2026-08-18 09:55:32,7000.0,7017.5,Call CEX 5,CEX,1297977.797,7450.297312598756,9249.063052506956
2026-08-18 09:55:32,7000.0,7017.5,Call DEX 1,DEX,569.405,7450.297312598756,9249.063052506956
2026-08-18 09:55:32,7000.0,7017.5,Put GEX 1,GEX,-681140.138,7450.297312598756,9249.063052506956
2026-08-18 09:55:32,7000.0,7017.5,Call VEX 1,VEX,6639227.616,7450.297312598756,9249.063052506956
2026-08-18 09:55:32,7300.0,7318.25,Call VEX 5,VEX,1971859.729,7450.297312598756,9249.063052506956
2026-08-18 09:55:32,7400.0,7418.5,Call VEX 4,VEX,2428417.525,7450.297312598756,9249.063052506956
2026-08-18 09:55:32,7450.0,7468.75,Call DEX 4,DEX,266.665,7450.297312598756,9249.063052506956
2026-08-18 09:55:32,7500.0,7519.0,Call DEX 5,DEX,259.807,7450.297312598756,9249.063052506956
2026-08-18 09:55:32,7500.0,7519.0,Put GEX 3,GEX,-486611.082,7450.297312598756,9249.063052506956
2026-08-18 09:55:32,7500.0,7519.0,Call VEX 2,VEX,3412042.463,7450.297312598756,9249.063052506956
2026-08-18 09:55:32,7550.0,7569.0,Call DEX 3,DEX,297.331,7450.297312598756,9249.063052506956
2026-08-18 09:55:32,7600.0,7619.25,Call CEX 3,CEX,1724734.628,7450.297312598756,9249.063052506956
2026-08-18 09:55:32,7600.0,7619.25,Call DEX 2,DEX,452.747,7450.297312598756,9249.063052506956
2026-08-18 09:55:32,7600.0,7619.25,Call VEX 3,VEX,2656301.143,7450.297312598756,9249.063052506956
2026-08-18 09:55:32,7635.0,7654.25,Call CEX 1,CEX,2248577.371,7450.297312598756,9249.063052506956
2026-08-18 09:55:32,7650.0,7669.25,Call CEX 2,CEX,1916478.358,7450.297312598756,9249.063052506956
2026-08-18 09:55:32,7700.0,7719.5,Call CEX 4,CEX,1438911.228,7450.297312598756,9249.063052506956
2026-08-18 09:55:32,7700.0,7719.5,Put GEX 5,GEX,-381654.748,7450.297312598756,9249.063052506956
2026-08-18 09:55:32,7710.0,7729.5,Put GEX 4,GEX,-392145.854,7450.297312598756,9249.063052506956
2026-08-18 09:55:32,7720.0,7739.5,Put DEX 4,DEX,-40.398,7450.297312598756,9249.063052506956
2026-08-18 09:55:32,7720.0,7739.5,Put GEX 2,GEX,-502796.858,7450.297312598756,9249.063052506956
2026-08-18 09:55:32,7725.0,7744.5,Put CEX 4,CEX,-2120744.507,7450.297312598756,9249.063052506956
2026-08-18 09:55:32,7735.0,7754.5,Put DEX 3,DEX,-45.652,7450.297312598756,9249.063052506956
2026-08-18 09:55:32,7750.0,7769.5,Put CEX 2,CEX,-2983955.495,7450.297312598756,9249.063052506956
2026-08-18 09:55:32,7775.0,7794.5,Put CEX 5,CEX,-1474220.274,7450.297312598756,9249.063052506956
2026-08-18 09:55:32,7775.0,7794.5,Call GEX 4,GEX,291465.402,7450.297312598756,9249.063052506956
2026-08-18 09:55:32,7800.0,7819.75,Put CEX 3,CEX,-2230738.903,7450.297312598756,9249.063052506956
2026-08-18 09:55:32,7800.0,7819.75,Put DEX 5,DEX,-36.163,7450.297312598756,9249.063052506956
2026-08-18 09:55:32,7800.0,7819.75,Call GEX 2,GEX,573430.293,7450.297312598756,9249.063052506956
2026-08-18 09:55:32,7800.0,7819.75,Put VEX 2,VEX,-1231290.873,7450.297312598756,9249.063052506956
2026-08-18 09:55:32,7850.0,7869.75,Call GEX 3,GEX,331669.684,7450.297312598756,9249.063052506956
2026-08-18 09:55:32,7900.0,7920.0,Call GEX 1,GEX,740030.465,7450.297312598756,9249.063052506956
2026-08-18 09:55:32,7900.0,7920.0,Put VEX 3,VEX,-1230604.746,7450.297312598756,9249.063052506956
2026-08-18 09:55:32,7950.0,7970.0,Call GEX 5,GEX,256648.604,7450.297312598756,9249.063052506956
2026-08-18 09:55:32,8000.0,8020.25,Put CEX 1,CEX,-5439812.892,7450.297312598756,9249.063052506956
2026-08-18 09:55:32,8000.0,8020.25,Put DEX 1,DEX,-2550.367,7450.297312598756,9249.063052506956
2026-08-18 09:55:32,8000.0,8020.25,Put VEX 1,VEX,-12155821.693,7450.297312598756,9249.063052506956
2026-08-18 09:55:32,8100.0,8120.5,Put VEX 5,VEX,-608437.383,7450.297312598756,9249.063052506956
2026-08-18 09:55:32,8200.0,8220.75,Put VEX 4,VEX,-809490.383,7450.297312598756,9249.063052506956
2026-08-18 09:55:32,8500.0,8521.5,Put DEX 2,DEX,-101.6,7450.297312598756,9249.063052506956
2026-08-18 09:56:24,7000.0,7017.5,Call CEX 4,CEX,1300461.087,7450.818063555462,9250.058547398165
2026-08-18 09:56:24,7000.0,7017.5,Call DEX 1,DEX,567.911,7450.818063555462,9250.058547398165
2026-08-18 09:56:24,7000.0,7017.5,Put GEX 1,GEX,-682913.745,7450.818063555462,9250.058547398165
2026-08-18 09:56:24,7000.0,7017.5,Call VEX 1,VEX,6652748.6,7450.818063555462,9250.058547398165
2026-08-18 09:56:24,7300.0,7318.25,Call VEX 5,VEX,1981204.04,7450.818063555462,9250.058547398165
2026-08-18 09:56:24,7400.0,7418.5,Call DEX 5,DEX,262.129,7450.818063555462,9250.058547398165
2026-08-18 09:56:24,7400.0,7418.5,Call VEX 4,VEX,2451839.067,7450.818063555462,9250.058547398165
2026-08-18 09:56:24,7450.0,7468.75,Call DEX 4,DEX,266.727,7450.818063555462,9250.058547398165
2026-08-18 09:56:24,7500.0,7518.75,Call CEX 5,CEX,1266351.839,7450.818063555462,9250.058547398165
2026-08-18 09:56:24,7500.0,7518.75,Put GEX 3,GEX,-486667.311,7450.818063555462,9250.058547398165
2026-08-18 09:56:24,7500.0,7518.75,Call VEX 2,VEX,3411117.251,7450.818063555462,9250.058547398165
2026-08-18 09:56:24,7550.0,7569.0,Call DEX 3,DEX,297.651,7450.818063555462,9250.058547398165
2026-08-18 09:56:24,7600.0,7619.0,Call CEX 3,CEX,1791630.777,7450.818063555462,9250.058547398165
2026-08-18 09:56:24,7600.0,7619.0,Call DEX 2,DEX,459.767,7450.818063555462,9250.058547398165
2026-08-18 09:56:24,7600.0,7619.0,Call VEX 3,VEX,2654371.122,7450.818063555462,9250.058547398165
2026-08-18 09:56:24,7635.0,7654.25,Call CEX 1,CEX,2498368.068,7450.818063555462,9250.058547398165
2026-08-18 09:56:24,7650.0,7669.25,Call CEX 2,CEX,1939963.279,7450.818063555462,9250.058547398165
2026-08-18 09:56:24,7700.0,7719.25,Put GEX 4,GEX,-398008.614,7450.818063555462,9250.058547398165
2026-08-18 09:56:24,7710.0,7729.25,Put GEX 5,GEX,-392553.941,7450.818063555462,9250.058547398165
2026-08-18 09:56:24,7720.0,7739.5,Put DEX 4,DEX,-41.622,7450.818063555462,9250.058547398165
2026-08-18 09:56:24,7720.0,7739.5,Put GEX 2,GEX,-491944.282,7450.818063555462,9250.058547398165
2026-08-18 09:56:24,7725.0,7744.5,Put CEX 4,CEX,-2135206.365,7450.818063555462,9250.058547398165
2026-08-18 09:56:24,7735.0,7754.5,Put DEX 3,DEX,-46.639,7450.818063555462,9250.058547398165
2026-08-18 09:56:24,7750.0,7769.5,Put CEX 2,CEX,-2741806.331,7450.818063555462,9250.058547398165
2026-08-18 09:56:24,7775.0,7794.5,Put CEX 5,CEX,-1357980.642,7450.818063555462,9250.058547398165
2026-08-18 09:56:24,7775.0,7794.5,Call GEX 4,GEX,290680.239,7450.818063555462,9250.058547398165
2026-08-18 09:56:24,7800.0,7819.5,Put CEX 3,CEX,-2147723.802,7450.818063555462,9250.058547398165
2026-08-18 09:56:24,7800.0,7819.5,Put DEX 5,DEX,-39.234,7450.818063555462,9250.058547398165
2026-08-18 09:56:24,7800.0,7819.5,Call GEX 2,GEX,568113.736,7450.818063555462,9250.058547398165
2026-08-18 09:56:24,7800.0,7819.5,Put VEX 2,VEX,-1234776.503,7450.818063555462,9250.058547398165
2026-08-18 09:56:24,7850.0,7869.75,Call GEX 3,GEX,329392.685,7450.818063555462,9250.058547398165
2026-08-18 09:56:24,7900.0,7919.75,Call GEX 1,GEX,736038.795,7450.818063555462,9250.058547398165
2026-08-18 09:56:24,7900.0,7919.75,Put VEX 3,VEX,-1233358.004,7450.818063555462,9250.058547398165
2026-08-18 09:56:24,7950.0,7970.0,Call GEX 5,GEX,254921.554,7450.818063555462,9250.058547398165
2026-08-18 09:56:24,8000.0,8020.0,Put CEX 1,CEX,-5365298.196,7450.818063555462,9250.058547398165
2026-08-18 09:56:24,8000.0,8020.0,Put DEX 1,DEX,-2558.873,7450.818063555462,9250.058547398165
2026-08-18 09:56:24,8000.0,8020.0,Put VEX 1,VEX,-12131273.718,7450.818063555462,9250.058547398165
2026-08-18 09:56:24,8100.0,8120.25,Put VEX 5,VEX,-607764.074,7450.818063555462,9250.058547398165
2026-08-18 09:56:24,8200.0,8220.5,Put VEX 4,VEX,-807029.309,7450.818063555462,9250.058547398165
2026-08-18 09:56:24,8500.0,8521.25,Put DEX 2,DEX,-101.749,7450.818063555462,9250.058547398165
2026-08-18 09:57:19,7000.0,7018.0,Call DEX 1,DEX,569.04,7402.537388429176,9249.588505643153
2026-08-18 09:57:19,7000.0,7018.0,Put GEX 1,GEX,-685245.727,7402.537388429176,9249.588505643153
2026-08-18 09:57:19,7000.0,7018.0,Call VEX 1,VEX,6629768.341,7402.537388429176,9249.588505643153
2026-08-18 09:57:19,7300.0,7318.75,Call VEX 5,VEX,1973560.188,7402.537388429176,9249.588505643153
2026-08-18 09:57:19,7400.0,7419.0,Call VEX 4,VEX,2437924.775,7402.537388429176,9249.588505643153
2026-08-18 09:57:19,7450.0,7469.0,Call DEX 5,DEX,267.267,7402.537388429176,9249.588505643153
2026-08-18 09:57:19,7500.0,7519.25,Call CEX 4,CEX,1370364.763,7402.537388429176,9249.588505643153
2026-08-18 09:57:19,7500.0,7519.25,Call DEX 2,DEX,560.088,7402.537388429176,9249.588505643153
2026-08-18 09:57:19,7500.0,7519.25,Put GEX 3,GEX,-459968.734,7402.537388429176,9249.588505643153
2026-08-18 09:57:19,7500.0,7519.25,Call VEX 2,VEX,3467780.966,7402.537388429176,9249.588505643153
2026-08-18 09:57:19,7550.0,7569.25,Call DEX 4,DEX,297.707,7402.537388429176,9249.588505643153
2026-08-18 09:57:19,7600.0,7619.5,Call CEX 3,CEX,1847190.872,7402.537388429176,9249.588505643153
2026-08-18 09:57:19,7600.0,7619.5,Call DEX 3,DEX,460.145,7402.537388429176,9249.588505643153
2026-08-18 09:57:19,7600.0,7619.5,Call VEX 3,VEX,2666323.442,7402.537388429176,9249.588505643153
2026-08-18 09:57:19,7635.0,7654.5,Call CEX 1,CEX,2502060.221,7402.537388429176,9249.588505643153
2026-08-18 09:57:19,7650.0,7669.5,Call CEX 2,CEX,1958673.986,7402.537388429176,9249.588505643153
2026-08-18 09:57:19,7700.0,7719.75,Call CEX 5,CEX,1329529.97,7402.537388429176,9249.588505643153
2026-08-18 09:57:19,7700.0,7719.75,Put GEX 4,GEX,-413520.869,7402.537388429176,9249.588505643153
2026-08-18 09:57:19,7710.0,7729.75,Put GEX 5,GEX,-411571.352,7402.537388429176,9249.588505643153
2026-08-18 09:57:19,7720.0,7739.75,Put CEX 5,CEX,-1248176.901,7402.537388429176,9249.588505643153
2026-08-18 09:57:19,7720.0,7739.75,Put DEX 4,DEX,-41.539,7402.537388429176,9249.588505643153
2026-08-18 09:57:19,7720.0,7739.75,Put GEX 2,GEX,-506125.893,7402.537388429176,9249.588505643153
2026-08-18 09:57:19,7725.0,7744.75,Put CEX 2,CEX,-2105294.344,7402.537388429176,9249.588505643153
2026-08-18 09:57:19,7725.0,7744.75,Put DEX 5,DEX,-27.394,7402.537388429176,9249.588505643153
2026-08-18 09:57:19,7735.0,7754.75,Put DEX 3,DEX,-46.901,7402.537388429176,9249.588505643153
2026-08-18 09:57:19,7750.0,7769.75,Put CEX 4,CEX,-1929829.331,7402.537388429176,9249.588505643153
2026-08-18 09:57:19,7750.0,7769.75,Call GEX 5,GEX,299716.303,7402.537388429176,9249.588505643153
2026-08-18 09:57:19,7775.0,7795.0,Call GEX 4,GEX,307607.621,7402.537388429176,9249.588505643153
2026-08-18 09:57:19,7800.0,7820.0,Put CEX 3,CEX,-1962812.212,7402.537388429176,9249.588505643153
2026-08-18 09:57:19,7800.0,7820.0,Call GEX 2,GEX,579652.671,7402.537388429176,9249.588505643153
2026-08-18 09:57:19,7800.0,7820.0,Put VEX 3,VEX,-1226226.831,7402.537388429176,9249.588505643153
2026-08-18 09:57:19,7850.0,7870.0,Call GEX 3,GEX,330600.307,7402.537388429176,9249.588505643153
2026-08-18 09:57:19,7900.0,7920.25,Call GEX 1,GEX,737738.263,7402.537388429176,9249.588505643153
2026-08-18 09:57:19,7900.0,7920.25,Put VEX 2,VEX,-1233152.871,7402.537388429176,9249.588505643153
2026-08-18 09:57:19,8000.0,8020.5,Put CEX 1,CEX,-5186628.728,7402.537388429176,9249.588505643153
2026-08-18 09:57:19,8000.0,8020.5,Put DEX 1,DEX,-2560.488,7402.537388429176,9249.588505643153
2026-08-18 09:57:19,8000.0,8020.5,Put VEX 1,VEX,-12033116.487,7402.537388429176,9249.588505643153
2026-08-18 09:57:19,8100.0,8120.75,Put VEX 5,VEX,-607948.205,7402.537388429176,9249.588505643153
2026-08-18 09:57:19,8200.0,8221.0,Put VEX 4,VEX,-807578.622,7402.537388429176,9249.588505643153
2026-08-18 09:57:19,8500.0,8521.75,Put DEX 2,DEX,-101.97,7402.537388429176,9249.588505643153
2026-08-18 09:58:13,7000.0,7017.75,Call CEX 4,CEX,1300086.648,7404.536462738601,9249.93210487079
2026-08-18 09:58:13,7000.0,7017.75,Call DEX 1,DEX,568.159,7404.536462738601,9249.93210487079
2026-08-18 09:58:13,7000.0,7017.75,Put GEX 1,GEX,-683483.031,7404.536462738601,9249.93210487079
2026-08-18 09:58:13,7000.0,7017.75,Call VEX 1,VEX,6646787.355,7404.536462738601,9249.93210487079
2026-08-18 09:58:13,7300.0,7318.5,Call VEX 5,VEX,1974699.067,7404.536462738601,9249.93210487079
2026-08-18 09:58:13,7400.0,7418.75,Call DEX 5,DEX,263.1,7404.536462738601,9249.93210487079
2026-08-18 09:58:13,7400.0,7418.75,Call VEX 4,VEX,2436559.269,7404.536462738601,9249.93210487079
2026-08-18 09:58:13,7450.0,7468.75,Call DEX 4,DEX,267.234,7404.536462738601,9249.93210487079
2026-08-18 09:58:13,7500.0,7519.0,Put GEX 3,GEX,-486068.039,7404.536462738601,9249.93210487079
2026-08-18 09:58:13,7500.0,7519.0,Call VEX 2,VEX,3411801.057,7404.536462738601,9249.93210487079
2026-08-18 09:58:13,7550.0,7569.0,Call DEX 3,DEX,299.181,7404.536462738601,9249.93210487079
2026-08-18 09:58:13,7600.0,7619.25,Call CEX 3,CEX,1869051.911,7404.536462738601,9249.93210487079
2026-08-18 09:58:13,7600.0,7619.25,Call DEX 2,DEX,460.156,7404.536462738601,9249.93210487079
2026-08-18 09:58:13,7600.0,7619.25,Call VEX 3,VEX,2660166.362,7404.536462738601,9249.93210487079
2026-08-18 09:58:13,7635.0,7654.25,Call CEX 1,CEX,2713807.024,7404.536462738601,9249.93210487079
2026-08-18 09:58:13,7650.0,7669.25,Call CEX 2,CEX,1956234.758,7404.536462738601,9249.93210487079
2026-08-18 09:58:13,7700.0,7719.5,Call CEX 5,CEX,1286978.117,7404.536462738601,9249.93210487079
2026-08-18 09:58:13,7700.0,7719.5,Put GEX 4,GEX,-410648.37,7404.536462738601,9249.93210487079
2026-08-18 09:58:13,7710.0,7729.5,Put GEX 5,GEX,-406983.884,7404.536462738601,9249.93210487079
2026-08-18 09:58:13,7720.0,7739.5,Put CEX 5,CEX,-1260321.202,7404.536462738601,9249.93210487079
2026-08-18 09:58:13,7720.0,7739.5,Put DEX 4,DEX,-41.786,7404.536462738601,9249.93210487079
2026-08-18 09:58:13,7720.0,7739.5,Put GEX 2,GEX,-501000.089,7404.536462738601,9249.93210487079
2026-08-18 09:58:13,7725.0,7744.5,Put CEX 2,CEX,-2116547.948,7404.536462738601,9249.93210487079
2026-08-18 09:58:13,7725.0,7744.5,Put DEX 5,DEX,-27.818,7404.536462738601,9249.93210487079
2026-08-18 09:58:13,7735.0,7754.5,Put DEX 3,DEX,-46.888,7404.536462738601,9249.93210487079
2026-08-18 09:58:13,7750.0,7769.5,Put CEX 4,CEX,-1934156.679,7404.536462738601,9249.93210487079
2026-08-18 09:58:13,7750.0,7769.5,Call GEX 5,GEX,303556.411,7404.536462738601,9249.93210487079
2026-08-18 09:58:13,7775.0,7794.75,Call GEX 4,GEX,306471.168,7404.536462738601,9249.93210487079
2026-08-18 09:58:13,7800.0,7819.75,Put CEX 3,CEX,-1959762.513,7404.536462738601,9249.93210487079
2026-08-18 09:58:13,7800.0,7819.75,Call GEX 2,GEX,576298.747,7404.536462738601,9249.93210487079
2026-08-18 09:58:13,7800.0,7819.75,Put VEX 3,VEX,-1227771.895,7404.536462738601,9249.93210487079
2026-08-18 09:58:13,7850.0,7869.75,Call GEX 3,GEX,329876.748,7404.536462738601,9249.93210487079
2026-08-18 09:58:13,7900.0,7920.0,Call GEX 1,GEX,736388.95,7404.536462738601,9249.93210487079
2026-08-18 09:58:13,7900.0,7920.0,Put VEX 2,VEX,-1232959.616,7404.536462738601,9249.93210487079
2026-08-18 09:58:13,8000.0,8020.25,Put CEX 1,CEX,-5215650.451,7404.536462738601,9249.93210487079
2026-08-18 09:58:13,8000.0,8020.25,Put DEX 1,DEX,-2560.976,7404.536462738601,9249.93210487079
2026-08-18 09:58:13,8000.0,8020.25,Put VEX 1,VEX,-12051410.902,7404.536462738601,9249.93210487079
2026-08-18 09:58:13,8100.0,8120.5,Put VEX 5,VEX,-608970.818,7404.536462738601,9249.93210487079
2026-08-18 09:58:13,8200.0,8220.75,Put VEX 4,VEX,-807234.458,7404.536462738601,9249.93210487079
2026-08-18 09:58:13,8500.0,8521.5,Put DEX 2,DEX,-101.884,7404.536462738601,9249.93210487079
2026-08-18 09:59:07,7000.0,7017.5,Call CEX 4,CEX,1299168.763,7450.698324911705,9249.951588952365
2026-08-18 09:59:07,7000.0,7017.5,Call DEX 1,DEX,568.688,7450.698324911705,9249.951588952365
2026-08-18 09:59:07,7000.0,7017.5,Put GEX 1,GEX,-685525.756,7450.698324911705,9249.951588952365
2026-08-18 09:59:07,7000.0,7017.5,Call VEX 1,VEX,6632034.861,7450.698324911705,9249.951588952365
2026-08-18 09:59:07,7300.0,7318.25,Call VEX 5,VEX,1974286.764,7450.698324911705,9249.951588952365
2026-08-18 09:59:07,7400.0,7418.5,Call VEX 4,VEX,2429307.253,7450.698324911705,9249.951588952365
2026-08-18 09:59:07,7450.0,7468.75,Call DEX 5,DEX,266.977,7450.698324911705,9249.951588952365
2026-08-18 09:59:07,7500.0,7518.75,Call DEX 2,DEX,560.126,7450.698324911705,9249.951588952365
2026-08-18 09:59:07,7500.0,7518.75,Put GEX 3,GEX,-482997.804,7450.698324911705,9249.951588952365
2026-08-18 09:59:07,7500.0,7518.75,Call VEX 2,VEX,3417815.926,7450.698324911705,9249.951588952365
2026-08-18 09:59:07,7550.0,7569.0,Call DEX 4,DEX,297.907,7450.698324911705,9249.951588952365
2026-08-18 09:59:07,7600.0,7619.0,Call CEX 3,CEX,1849251.475,7450.698324911705,9249.951588952365
2026-08-18 09:59:07,7600.0,7619.0,Call DEX 3,DEX,459.879,7450.698324911705,9249.951588952365
2026-08-18 09:59:07,7600.0,7619.0,Call VEX 3,VEX,2656338.473,7450.698324911705,9249.951588952365
2026-08-18 09:59:07,7635.0,7654.25,Call CEX 1,CEX,2723309.923,7450.698324911705,9249.951588952365
2026-08-18 09:59:07,7650.0,7669.25,Call CEX 2,CEX,1949887.754,7450.698324911705,9249.951588952365
2026-08-18 09:59:07,7700.0,7719.25,Call CEX 5,CEX,1280861.248,7450.698324911705,9249.951588952365
2026-08-18 09:59:07,7700.0,7719.25,Put GEX 4,GEX,-407969.844,7450.698324911705,9249.951588952365
2026-08-18 09:59:07,7710.0,7729.25,Put GEX 5,GEX,-403278.063,7450.698324911705,9249.951588952365
2026-08-18 09:59:07,7720.0,7739.5,Put CEX 5,CEX,-1259620.813,7450.698324911705,9249.951588952365
2026-08-18 09:59:07,7720.0,7739.5,Put DEX 4,DEX,-41.774,7450.698324911705,9249.951588952365
2026-08-18 09:59:07,7720.0,7739.5,Put GEX 2,GEX,-495238.461,7450.698324911705,9249.951588952365
2026-08-18 09:59:07,7725.0,7744.5,Put CEX 3,CEX,-2142528.67,7450.698324911705,9249.951588952365
2026-08-18 09:59:07,7735.0,7754.5,Put DEX 3,DEX,-46.796,7450.698324911705,9249.951588952365
2026-08-18 09:59:07,7750.0,7769.5,Put CEX 2,CEX,-2667329.628,7450.698324911705,9249.951588952365
2026-08-18 09:59:07,7750.0,7769.5,Call GEX 5,GEX,256030.988,7450.698324911705,9249.951588952365
2026-08-18 09:59:07,7775.0,7794.5,Call GEX 4,GEX,296790.299,7450.698324911705,9249.951588952365
2026-08-18 09:59:07,7800.0,7819.5,Put CEX 4,CEX,-2106185.267,7450.698324911705,9249.951588952365
2026-08-18 09:59:07,7800.0,7819.5,Put DEX 5,DEX,-39.322,7450.698324911705,9249.951588952365
2026-08-18 09:59:07,7800.0,7819.5,Call GEX 2,GEX,571665.873,7450.698324911705,9249.951588952365
2026-08-18 09:59:07,7800.0,7819.5,Put VEX 2,VEX,-1233748.482,7450.698324911705,9249.951588952365
2026-08-18 09:59:07,7850.0,7869.75,Call GEX 3,GEX,329780.161,7450.698324911705,9249.951588952365
2026-08-18 09:59:07,7900.0,7919.75,Call GEX 1,GEX,736300.756,7450.698324911705,9249.951588952365
2026-08-18 09:59:07,7900.0,7919.75,Put VEX 3,VEX,-1233564.09,7450.698324911705,9249.951588952365
2026-08-18 09:59:07,8000.0,8020.0,Put CEX 1,CEX,-5328517.016,7450.698324911705,9249.951588952365
2026-08-18 09:59:07,8000.0,8020.0,Put DEX 1,DEX,-2558.561,7450.698324911705,9249.951588952365
2026-08-18 09:59:07,8000.0,8020.0,Put VEX 1,VEX,-12107230.854,7450.698324911705,9249.951588952365
2026-08-18 09:59:07,8100.0,8120.25,Put VEX 5,VEX,-608949.779,7450.698324911705,9249.951588952365
2026-08-18 09:59:07,8200.0,8220.5,Put VEX 4,VEX,-807116.437,7450.698324911705,9249.951588952365
2026-08-18 09:59:07,8500.0,8521.25,Put DEX 2,DEX,-101.655,7450.698324911705,9249.951588952365
2026-08-18 09:59:55,7000.0,7018.0,Call DEX 1,DEX,567.887,7403.510630757682,9249.457992576052
2026-08-18 09:59:55,7000.0,7018.0,Put GEX 1,GEX,-682318.98,7403.510630757682,9249.457992576052
2026-08-18 09:59:55,7000.0,7018.0,Call VEX 1,VEX,6655505.756,7403.510630757682,9249.457992576052
2026-08-18 09:59:55,7300.0,7319.0,Call VEX 5,VEX,1974805.451,7403.510630757682,9249.457992576052
2026-08-18 09:59:55,7400.0,7419.25,Call VEX 4,VEX,2442493.046,7403.510630757682,9249.457992576052
2026-08-18 09:59:55,7450.0,7469.25,Call DEX 5,DEX,266.956,7403.510630757682,9249.457992576052
2026-08-18 09:59:55,7500.0,7519.5,Call CEX 4,CEX,1337222.661,7403.510630757682,9249.457992576052
2026-08-18 09:59:55,7500.0,7519.5,Call DEX 2,DEX,559.862,7403.510630757682,9249.457992576052
2026-08-18 09:59:55,7500.0,7519.5,Put GEX 3,GEX,-469506.664,7403.510630757682,9249.457992576052
2026-08-18 09:59:55,7500.0,7519.5,Call VEX 2,VEX,3447132.452,7403.510630757682,9249.457992576052
2026-08-18 09:59:55,7550.0,7569.5,Call DEX 4,DEX,297.458,7403.510630757682,9249.457992576052
2026-08-18 09:59:55,7600.0,7619.75,Call CEX 3,CEX,1901565.263,7403.510630757682,9249.457992576052
2026-08-18 09:59:55,7600.0,7619.75,Call DEX 3,DEX,459.539,7403.510630757682,9249.457992576052
2026-08-18 09:59:55,7600.0,7619.75,Call VEX 3,VEX,2664716.443,7403.510630757682,9249.457992576052
2026-08-18 09:59:55,7635.0,7654.75,Call CEX 1,CEX,2731362.285,7403.510630757682,9249.457992576052
2026-08-18 09:59:55,7650.0,7669.75,Call CEX 2,CEX,1971019.016,7403.510630757682,9249.457992576052
2026-08-18 09:59:55,7700.0,7720.0,Call CEX 5,CEX,1335198.686,7403.510630757682,9249.457992576052
2026-08-18 09:59:55,7700.0,7720.0,Put GEX 4,GEX,-427299.344,7403.510630757682,9249.457992576052
2026-08-18 09:59:55,7710.0,7730.0,Put GEX 5,GEX,-418141.061,7403.510630757682,9249.457992576052
2026-08-18 09:59:55,7720.0,7740.0,Put CEX 5,CEX,-1277760.099,7403.510630757682,9249.457992576052
2026-08-18 09:59:55,7720.0,7740.0,Put DEX 4,DEX,-41.94,7403.510630757682,9249.457992576052
2026-08-18 09:59:55,7720.0,7740.0,Put GEX 2,GEX,-506826.394,7403.510630757682,9249.457992576052
2026-08-18 09:59:55,7725.0,7745.0,Put CEX 2,CEX,-2096629.175,7403.510630757682,9249.457992576052
2026-08-18 09:59:55,7735.0,7755.0,Put DEX 3,DEX,-47.132,7403.510630757682,9249.457992576052
2026-08-18 09:59:55,7750.0,7770.0,Put CEX 4,CEX,-1937927.353,7403.510630757682,9249.457992576052
2026-08-18 09:59:55,7750.0,7770.0,Call GEX 5,GEX,300487.352,7403.510630757682,9249.457992576052
2026-08-18 09:59:55,7775.0,7795.0,Call GEX 4,GEX,306486.864,7403.510630757682,9249.457992576052
2026-08-18 09:59:55,7800.0,7820.25,Put CEX 3,CEX,-1958434.012,7403.510630757682,9249.457992576052
2026-08-18 09:59:55,7800.0,7820.25,Put DEX 5,DEX,-28.125,7403.510630757682,9249.457992576052
2026-08-18 09:59:55,7800.0,7820.25,Call GEX 2,GEX,577438.944,7403.510630757682,9249.457992576052
2026-08-18 09:59:55,7800.0,7820.25,Put VEX 3,VEX,-1225386.943,7403.510630757682,9249.457992576052
2026-08-18 09:59:55,7850.0,7870.25,Call GEX 3,GEX,329805.475,7403.510630757682,9249.457992576052
2026-08-18 09:59:55,7900.0,7920.5,Call GEX 1,GEX,736564.054,7403.510630757682,9249.457992576052
2026-08-18 09:59:55,7900.0,7920.5,Put VEX 2,VEX,-1233139.198,7403.510630757682,9249.457992576052
2026-08-18 09:59:55,8000.0,8020.75,Put CEX 1,CEX,-5145605.744,7403.510630757682,9249.457992576052
2026-08-18 09:59:55,8000.0,8020.75,Put DEX 1,DEX,-2562.121,7403.510630757682,9249.457992576052
2026-08-18 09:59:55,8000.0,8020.75,Put VEX 1,VEX,-12014100.538,7403.510630757682,9249.457992576052
2026-08-18 09:59:55,8100.0,8121.0,Put VEX 5,VEX,-609084.853,7403.510630757682,9249.457992576052
2026-08-18 09:59:55,8200.0,8221.25,Put VEX 4,VEX,-807748.395,7403.510630757682,9249.457992576052
2026-08-18 09:59:55,8500.0,8522.0,Put DEX 2,DEX,-101.92,7403.510630757682,9249.457992576052
2026-08-18 10:00:49,7000.0,7017.5,Call CEX 4,CEX,1307539.89,7468.422958907361,9251.99396635538
2026-08-18 10:00:49,7000.0,7017.5,Call DEX 1,DEX,564.301,7468.422958907361,9251.99396635538
2026-08-18 10:00:49,7000.0,7017.5,Put GEX 1,GEX,-675315.07,7468.422958907361,9251.99396635538
2026-08-18 10:00:49,7000.0,7017.5,Call VEX 1,VEX,6726559.417,7468.422958907361,9251.99396635538
2026-08-18 10:00:49,7300.0,7318.25,Call VEX 5,VEX,1982270.134,7468.422958907361,9251.99396635538
2026-08-18 10:00:49,7400.0,7418.5,Call DEX 5,DEX,261.121,7468.422958907361,9251.99396635538
2026-08-18 10:00:49,7400.0,7418.5,Call VEX 4,VEX,2452227.216,7468.422958907361,9251.99396635538
2026-08-18 10:00:49,7450.0,7468.75,Call DEX 4,DEX,268.978,7468.422958907361,9251.99396635538
2026-08-18 10:00:49,7500.0,7518.75,Call CEX 5,CEX,1270550.283,7468.422958907361,9251.99396635538
2026-08-18 10:00:49,7500.0,7518.75,Put GEX 2,GEX,-488357.168,7468.422958907361,9251.99396635538
2026-08-18 10:00:49,7500.0,7518.75,Call VEX 2,VEX,3409388.178,7468.422958907361,9251.99396635538
2026-08-18 10:00:49,7550.0,7569.0,Call DEX 3,DEX,296.405,7468.422958907361,9251.99396635538
2026-08-18 10:00:49,7600.0,7619.0,Call CEX 3,CEX,1843011.996,7468.422958907361,9251.99396635538
2026-08-18 10:00:49,7600.0,7619.0,Call DEX 2,DEX,456.552,7468.422958907361,9251.99396635538
2026-08-18 10:00:49,7600.0,7619.0,Call VEX 3,VEX,2645674.754,7468.422958907361,9251.99396635538
2026-08-18 10:00:49,7635.0,7654.25,Call CEX 1,CEX,2761553.107,7468.422958907361,9251.99396635538
2026-08-18 10:00:49,7650.0,7669.25,Call CEX 2,CEX,1957784.926,7468.422958907361,9251.99396635538
2026-08-18 10:00:49,7700.0,7719.25,Put GEX 4,GEX,-427750.328,7468.422958907361,9251.99396635538
2026-08-18 10:00:49,7710.0,7729.25,Put GEX 5,GEX,-398524.81,7468.422958907361,9251.99396635538
2026-08-18 10:00:49,7720.0,7739.25,Put DEX 4,DEX,-42.933,7468.422958907361,9251.99396635538
2026-08-18 10:00:49,7720.0,7739.25,Put GEX 3,GEX,-480140.9,7468.422958907361,9251.99396635538
2026-08-18 10:00:49,7725.0,7744.5,Put CEX 4,CEX,-2131418.442,7468.422958907361,9251.99396635538
2026-08-18 10:00:49,7735.0,7754.5,Put DEX 3,DEX,-47.554,7468.422958907361,9251.99396635538
2026-08-18 10:00:49,7750.0,7769.5,Put CEX 2,CEX,-2854736.773,7468.422958907361,9251.99396635538
2026-08-18 10:00:49,7775.0,7794.5,Put CEX 5,CEX,-1376862.127,7468.422958907361,9251.99396635538
2026-08-18 10:00:49,7775.0,7794.5,Call GEX 4,GEX,284906.917,7468.422958907361,9251.99396635538
2026-08-18 10:00:49,7800.0,7819.5,Put CEX 3,CEX,-2157574.122,7468.422958907361,9251.99396635538
2026-08-18 10:00:49,7800.0,7819.5,Put DEX 5,DEX,-41.584,7468.422958907361,9251.99396635538
2026-08-18 10:00:49,7800.0,7819.5,Call GEX 2,GEX,561420.97,7468.422958907361,9251.99396635538
2026-08-18 10:00:49,7800.0,7819.5,Put VEX 2,VEX,-1244280.017,7468.422958907361,9251.99396635538
2026-08-18 10:00:49,7850.0,7869.75,Call GEX 3,GEX,326588.472,7468.422958907361,9251.99396635538
2026-08-18 10:00:49,7900.0,7919.75,Call GEX 1,GEX,731949.025,7468.422958907361,9251.99396635538
2026-08-18 10:00:49,7900.0,7919.75,Put VEX 3,VEX,-1234478.561,7468.422958907361,9251.99396635538
2026-08-18 10:00:49,7950.0,7970.0,Call GEX 5,GEX,253075.297,7468.422958907361,9251.99396635538
2026-08-18 10:00:49,8000.0,8020.0,Put CEX 1,CEX,-5328800.535,7468.422958907361,9251.99396635538
2026-08-18 10:00:49,8000.0,8020.0,Put DEX 1,DEX,-2565.583,7468.422958907361,9251.99396635538
2026-08-18 10:00:49,8000.0,8020.0,Put VEX 1,VEX,-12119160.002,7468.422958907361,9251.99396635538
2026-08-18 10:00:49,8100.0,8120.25,Put VEX 5,VEX,-607605.869,7468.422958907361,9251.99396635538
2026-08-18 10:00:49,8200.0,8220.5,Put VEX 4,VEX,-805974.619,7468.422958907361,9251.99396635538
2026-08-18 10:00:49,8500.0,8521.25,Put DEX 2,DEX,-101.643,7468.422958907361,9251.99396635538
2026-08-18 10:01:48,7000.0,7017.75,Call CEX 5,CEX,1299272.439,7428.269144081333,9249.562118383536
2026-08-18 10:01:48,7000.0,7017.75,Call DEX 1,DEX,568.656,7428.269144081333,9249.562118383536
2026-08-18 10:01:48,7000.0,7017.75,Put GEX 1,GEX,-687044.985,7428.269144081333,9249.562118383536
2026-08-18 10:01:48,7000.0,7017.75,Call VEX 1,VEX,6626325.252,7428.269144081333,9249.562118383536
2026-08-18 10:01:48,7300.0,7318.5,Call VEX 5,VEX,1968905.567,7428.269144081333,9249.562118383536
2026-08-18 10:01:48,7400.0,7418.75,Call VEX 4,VEX,2427141.216,7428.269144081333,9249.562118383536
2026-08-18 10:01:48,7450.0,7468.75,Call DEX 5,DEX,266.753,7428.269144081333,9249.562118383536
2026-08-18 10:01:48,7500.0,7519.0,Call CEX 4,CEX,1417791.119,7428.269144081333,9249.562118383536
2026-08-18 10:01:48,7500.0,7519.0,Call DEX 2,DEX,557.984,7428.269144081333,9249.562118383536
2026-08-18 10:01:48,7500.0,7519.0,Put GEX 3,GEX,-448716.178,7428.269144081333,9249.562118383536
2026-08-18 10:01:48,7500.0,7519.0,Call VEX 2,VEX,3489364.159,7428.269144081333,9249.562118383536
2026-08-18 10:01:48,7550.0,7569.0,Call DEX 4,DEX,296.777,7428.269144081333,9249.562118383536
2026-08-18 10:01:48,7600.0,7619.25,Call CEX 3,CEX,1890840.94,7428.269144081333,9249.562118383536
2026-08-18 10:01:48,7600.0,7619.25,Call DEX 3,DEX,457.787,7428.269144081333,9249.562118383536
2026-08-18 10:01:48,7600.0,7619.25,Call VEX 3,VEX,2658495.569,7428.269144081333,9249.562118383536
2026-08-18 10:01:48,7635.0,7654.25,Call CEX 1,CEX,2763443.621,7428.269144081333,9249.562118383536
2026-08-18 10:01:48,7650.0,7669.25,Call CEX 2,CEX,1970370.561,7428.269144081333,9249.562118383536
2026-08-18 10:01:48,7700.0,7719.5,Put GEX 4,GEX,-424298.659,7428.269144081333,9249.562118383536
2026-08-18 10:01:48,7710.0,7729.5,Put GEX 5,GEX,-411272.186,7428.269144081333,9249.562118383536
2026-08-18 10:01:48,7720.0,7739.5,Put CEX 5,CEX,-1297522.064,7428.269144081333,9249.562118383536
2026-08-18 10:01:48,7720.0,7739.5,Put DEX 4,DEX,-42.502,7428.269144081333,9249.562118383536
2026-08-18 10:01:48,7720.0,7739.5,Put GEX 2,GEX,-489692.203,7428.269144081333,9249.562118383536
2026-08-18 10:01:48,7725.0,7744.5,Put CEX 3,CEX,-2138942.749,7428.269144081333,9249.562118383536
2026-08-18 10:01:48,7735.0,7754.5,Put DEX 3,DEX,-47.336,7428.269144081333,9249.562118383536
2026-08-18 10:01:48,7750.0,7769.5,Put CEX 2,CEX,-2398760.927,7428.269144081333,9249.562118383536
2026-08-18 10:01:48,7750.0,7769.5,Call GEX 5,GEX,275003.168,7428.269144081333,9249.562118383536
2026-08-18 10:01:48,7775.0,7794.75,Call GEX 4,GEX,303706.093,7428.269144081333,9249.562118383536
2026-08-18 10:01:48,7800.0,7819.75,Put CEX 4,CEX,-1958165.425,7428.269144081333,9249.562118383536
2026-08-18 10:01:48,7800.0,7819.75,Put DEX 5,DEX,-29.528,7428.269144081333,9249.562118383536
2026-08-18 10:01:48,7800.0,7819.75,Call GEX 2,GEX,575816.266,7428.269144081333,9249.562118383536
2026-08-18 10:01:48,7800.0,7819.75,Put VEX 3,VEX,-1232973.016,7428.269144081333,9249.562118383536
2026-08-18 10:01:48,7850.0,7869.75,Call GEX 3,GEX,328569.791,7428.269144081333,9249.562118383536
2026-08-18 10:01:48,7900.0,7920.0,Call GEX 1,GEX,734154.037,7428.269144081333,9249.562118383536
2026-08-18 10:01:48,7900.0,7920.0,Put VEX 2,VEX,-1234776.467,7428.269144081333,9249.562118383536
2026-08-18 10:01:48,8000.0,8020.25,Put CEX 1,CEX,-5246735.754,7428.269144081333,9249.562118383536
2026-08-18 10:01:48,8000.0,8020.25,Put DEX 1,DEX,-2562.551,7428.269144081333,9249.562118383536
2026-08-18 10:01:48,8000.0,8020.25,Put VEX 1,VEX,-12063412.374,7428.269144081333,9249.562118383536
2026-08-18 10:01:48,8100.0,8120.5,Put VEX 5,VEX,-607088.548,7428.269144081333,9249.562118383536
2026-08-18 10:01:48,8200.0,8220.75,Put VEX 4,VEX,-805820.942,7428.269144081333,9249.562118383536
2026-08-18 10:01:48,8500.0,8521.5,Put DEX 2,DEX,-101.822,7428.269144081333,9249.562118383536
2026-08-18 10:02:41,7000.0,7017.75,Call CEX 4,CEX,1301707.947,7429.532098123225,9249.7762163681
2026-08-18 10:02:41,7000.0,7017.75,Call DEX 1,DEX,566.955,7429.532098123225,9249.7762163681
2026-08-18 10:02:41,7000.0,7017.75,Put GEX 1,GEX,-689124.201,7429.532098123225,9249.7762163681
2026-08-18 10:02:41,7000.0,7017.75,Call VEX 1,VEX,6637746.919,7429.532098123225,9249.7762163681
2026-08-18 10:02:41,7300.0,7318.5,Call VEX 5,VEX,1981759.524,7429.532098123225,9249.7762163681
2026-08-18 10:02:41,7400.0,7418.75,Call DEX 5,DEX,260.874,7429.532098123225,9249.7762163681
2026-08-18 10:02:41,7400.0,7418.75,Call VEX 4,VEX,2454273.537,7429.532098123225,9249.7762163681
2026-08-18 10:02:41,7450.0,7468.75,Call DEX 4,DEX,265.381,7429.532098123225,9249.7762163681
2026-08-18 10:02:41,7500.0,7519.0,Call CEX 5,CEX,1280289.275,7429.532098123225,9249.7762163681
2026-08-18 10:02:41,7500.0,7519.0,Put GEX 2,GEX,-489630.471,7429.532098123225,9249.7762163681
2026-08-18 10:02:41,7500.0,7519.0,Call VEX 2,VEX,3406493.332,7429.532098123225,9249.7762163681
2026-08-18 10:02:41,7550.0,7569.0,Call DEX 3,DEX,295.078,7429.532098123225,9249.7762163681
2026-08-18 10:02:41,7600.0,7619.25,Call CEX 3,CEX,1903476.175,7429.532098123225,9249.7762163681
2026-08-18 10:02:41,7600.0,7619.25,Call DEX 2,DEX,453.902,7429.532098123225,9249.7762163681
2026-08-18 10:02:41,7600.0,7619.25,Call VEX 3,VEX,2647106.282,7429.532098123225,9249.7762163681
2026-08-18 10:02:41,7635.0,7654.25,Call CEX 1,CEX,2796331.009,7429.532098123225,9249.7762163681
2026-08-18 10:02:41,7650.0,7669.25,Call CEX 2,CEX,2097596.757,7429.532098123225,9249.7762163681
2026-08-18 10:02:41,7700.0,7719.5,Put GEX 4,GEX,-458878.305,7429.532098123225,9249.7762163681
2026-08-18 10:02:41,7710.0,7729.5,Put GEX 5,GEX,-413135.788,7429.532098123225,9249.7762163681
2026-08-18 10:02:41,7720.0,7739.5,Put CEX 5,CEX,-1327461.792,7429.532098123225,9249.7762163681
2026-08-18 10:02:41,7720.0,7739.5,Put DEX 3,DEX,-43.971,7429.532098123225,9249.7762163681
2026-08-18 10:02:41,7720.0,7739.5,Put GEX 3,GEX,-476263.462,7429.532098123225,9249.7762163681
2026-08-18 10:02:41,7725.0,7744.5,Put CEX 2,CEX,-1970982.664,7429.532098123225,9249.7762163681
2026-08-18 10:02:41,7735.0,7754.5,Put DEX 4,DEX,-38.318,7429.532098123225,9249.7762163681
2026-08-18 10:02:41,7750.0,7769.5,Put CEX 4,CEX,-1918012.485,7429.532098123225,9249.7762163681
2026-08-18 10:02:41,7750.0,7769.5,Call GEX 5,GEX,296516.681,7429.532098123225,9249.7762163681
2026-08-18 10:02:41,7775.0,7794.75,Call GEX 4,GEX,296946.428,7429.532098123225,9249.7762163681
2026-08-18 10:02:41,7800.0,7819.75,Put CEX 3,CEX,-1948388.22,7429.532098123225,9249.7762163681
2026-08-18 10:02:41,7800.0,7819.75,Put DEX 5,DEX,-32.001,7429.532098123225,9249.7762163681
2026-08-18 10:02:41,7800.0,7819.75,Call GEX 2,GEX,566382.199,7429.532098123225,9249.7762163681
2026-08-18 10:02:41,7800.0,7819.75,Put VEX 2,VEX,-1240725.94,7429.532098123225,9249.7762163681
2026-08-18 10:02:41,7850.0,7869.75,Call GEX 3,GEX,325720.214,7429.532098123225,9249.7762163681
2026-08-18 10:02:41,7900.0,7920.0,Call GEX 1,GEX,729083.83,7429.532098123225,9249.7762163681
2026-08-18 10:02:41,7900.0,7920.0,Put VEX 3,VEX,-1236773.188,7429.532098123225,9249.7762163681
2026-08-18 10:02:41,8000.0,8020.25,Put CEX 1,CEX,-5150442.431,7429.532098123225,9249.7762163681
2026-08-18 10:02:41,8000.0,8020.25,Put DEX 1,DEX,-2570.131,7429.532098123225,9249.7762163681
2026-08-18 10:02:41,8000.0,8020.25,Put VEX 1,VEX,-12024020.225,7429.532098123225,9249.7762163681
2026-08-18 10:02:41,8100.0,8120.5,Put VEX 5,VEX,-605963.637,7429.532098123225,9249.7762163681
2026-08-18 10:02:41,8200.0,8220.75,Put VEX 4,VEX,-802097.332,7429.532098123225,9249.7762163681
2026-08-18 10:02:41,8500.0,8521.5,Put DEX 2,DEX,-101.944,7429.532098123225,9249.7762163681
2026-08-18 10:03:30,7000.0,7018.0,Call CEX 4,CEX,1299413.37,7454.560451812579,9247.649956953492
2026-08-18 10:03:30,7000.0,7018.0,Call DEX 1,DEX,568.622,7454.560451812579,9247.649956953492
2026-08-18 10:03:30,7000.0,7018.0,Put GEX 1,GEX,-687092.067,7454.560451812579,9247.649956953492
2026-08-18 10:03:30,7000.0,7018.0,Call VEX 1,VEX,6625616.38,7454.560451812579,9247.649956953492
2026-08-18 10:03:30,7300.0,7318.75,Call DEX 5,DEX,257.25,7454.560451812579,9247.649956953492
2026-08-18 10:03:30,7300.0,7318.75,Call VEX 5,VEX,1969230.137,7454.560451812579,9247.649956953492
2026-08-18 10:03:30,7400.0,7419.0,Call VEX 4,VEX,2427841.254,7454.560451812579,9247.649956953492
2026-08-18 10:03:30,7450.0,7469.0,Call DEX 4,DEX,266.95,7454.560451812579,9247.649956953492
2026-08-18 10:03:30,7500.0,7519.25,Call CEX 5,CEX,1253243.97,7454.560451812579,9247.649956953492
2026-08-18 10:03:30,7500.0,7519.25,Put GEX 2,GEX,-487504.366,7454.560451812579,9247.649956953492
2026-08-18 10:03:30,7500.0,7519.25,Call VEX 2,VEX,3397642.156,7454.560451812579,9247.649956953492
2026-08-18 10:03:30,7550.0,7569.25,Call DEX 3,DEX,297.299,7454.560451812579,9247.649956953492
2026-08-18 10:03:30,7600.0,7619.5,Call CEX 3,CEX,1886791.236,7454.560451812579,9247.649956953492
2026-08-18 10:03:30,7600.0,7619.5,Call DEX 2,DEX,458.383,7454.560451812579,9247.649956953492
2026-08-18 10:03:30,7600.0,7619.5,Call VEX 3,VEX,2654620.885,7454.560451812579,9247.649956953492
2026-08-18 10:03:30,7635.0,7654.5,Call CEX 1,CEX,2782212.907,7454.560451812579,9247.649956953492
2026-08-18 10:03:30,7650.0,7669.5,Call CEX 2,CEX,1975129.237,7454.560451812579,9247.649956953492
2026-08-18 10:03:30,7700.0,7719.75,Put GEX 5,GEX,-403312.75,7454.560451812579,9247.649956953492
2026-08-18 10:03:30,7710.0,7729.75,Put GEX 4,GEX,-408038.727,7454.560451812579,9247.649956953492
2026-08-18 10:03:30,7720.0,7739.75,Put CEX 5,CEX,-1303599.001,7454.560451812579,9247.649956953492
2026-08-18 10:03:30,7720.0,7739.75,Put DEX 4,DEX,-42.459,7454.560451812579,9247.649956953492
2026-08-18 10:03:30,7720.0,7739.75,Put GEX 3,GEX,-484953.398,7454.560451812579,9247.649956953492
2026-08-18 10:03:30,7725.0,7744.75,Put CEX 2,CEX,-2151240.275,7454.560451812579,9247.649956953492
2026-08-18 10:03:30,7725.0,7744.75,Put DEX 5,DEX,-28.881,7454.560451812579,9247.649956953492
2026-08-18 10:03:30,7735.0,7754.75,Put DEX 3,DEX,-47.403,7454.560451812579,9247.649956953492
2026-08-18 10:03:30,7750.0,7769.75,Put CEX 4,CEX,-1918839.263,7454.560451812579,9247.649956953492
2026-08-18 10:03:30,7750.0,7769.75,Call GEX 4,GEX,312699.123,7454.560451812579,9247.649956953492
2026-08-18 10:03:30,7775.0,7795.0,Call GEX 5,GEX,304320.54,7454.560451812579,9247.649956953492
2026-08-18 10:03:30,7800.0,7820.0,Put CEX 3,CEX,-1974274.207,7454.560451812579,9247.649956953492
2026-08-18 10:03:30,7800.0,7820.0,Call GEX 2,GEX,567564.118,7454.560451812579,9247.649956953492
2026-08-18 10:03:30,7800.0,7820.0,Put VEX 2,VEX,-1239389.106,7454.560451812579,9247.649956953492
2026-08-18 10:03:30,7850.0,7870.0,Call GEX 3,GEX,328087.176,7454.560451812579,9247.649956953492
2026-08-18 10:03:30,7900.0,7920.25,Call GEX 1,GEX,733660.1,7454.560451812579,9247.649956953492
2026-08-18 10:03:30,7900.0,7920.25,Put VEX 3,VEX,-1234760.993,7454.560451812579,9247.649956953492
2026-08-18 10:03:30,8000.0,8020.5,Put CEX 1,CEX,-6483367.09,7454.560451812579,9247.649956953492
2026-08-18 10:03:30,8000.0,8020.5,Put DEX 1,DEX,-2511.973,7454.560451812579,9247.649956953492
2026-08-18 10:03:30,8000.0,8020.5,Put VEX 1,VEX,-12685503.226,7454.560451812579,9247.649956953492
2026-08-18 10:03:30,8100.0,8120.75,Put VEX 5,VEX,-607329.314,7454.560451812579,9247.649956953492
2026-08-18 10:03:30,8200.0,8221.0,Put VEX 4,VEX,-805164.412,7454.560451812579,9247.649956953492
2026-08-18 10:03:30,8500.0,8521.75,Put DEX 2,DEX,-99.288,7454.560451812579,9247.649956953492
2026-08-18 10:04:28,7000.0,7017.5,Call CEX 5,CEX,1301858.236,7452.960749343103,9248.100324917508
2026-08-18 10:04:28,7000.0,7017.5,Call DEX 1,DEX,567.761,7452.960749343103,9248.100324917508
2026-08-18 10:04:28,7000.0,7017.5,Put GEX 1,GEX,-681640.922,7452.960749343103,9248.100324917508
2026-08-18 10:04:28,7000.0,7017.5,Call VEX 1,VEX,6660329.963,7452.960749343103,9248.100324917508
2026-08-18 10:04:28,7300.0,7318.25,Call VEX 5,VEX,1974863.374,7452.960749343103,9248.100324917508
2026-08-18 10:04:28,7400.0,7418.5,Call DEX 5,DEX,262.901,7452.960749343103,9248.100324917508
2026-08-18 10:04:28,7400.0,7418.5,Call VEX 4,VEX,2442487.835,7452.960749343103,9248.100324917508
2026-08-18 10:04:28,7450.0,7468.75,Call DEX 4,DEX,266.999,7452.960749343103,9248.100324917508
2026-08-18 10:04:28,7500.0,7518.75,Put GEX 3,GEX,-489860.861,7452.960749343103,9248.100324917508
2026-08-18 10:04:28,7500.0,7518.75,Call VEX 2,VEX,3403604.959,7452.960749343103,9248.100324917508
2026-08-18 10:04:28,7550.0,7569.0,Call DEX 3,DEX,298.321,7452.960749343103,9248.100324917508
2026-08-18 10:04:28,7600.0,7619.0,Call CEX 3,CEX,1841205.0,7452.960749343103,9248.100324917508
2026-08-18 10:04:28,7600.0,7619.0,Call DEX 2,DEX,460.255,7452.960749343103,9248.100324917508
2026-08-18 10:04:28,7600.0,7619.0,Call VEX 3,VEX,2655062.153,7452.960749343103,9248.100324917508
2026-08-18 10:04:28,7635.0,7654.0,Call CEX 1,CEX,2776876.305,7452.960749343103,9248.100324917508
2026-08-18 10:04:28,7650.0,7669.25,Call CEX 2,CEX,1978545.265,7452.960749343103,9248.100324917508
2026-08-18 10:04:28,7700.0,7719.25,Call CEX 4,CEX,1333764.225,7452.960749343103,9248.100324917508
2026-08-18 10:04:28,7700.0,7719.25,Put GEX 4,GEX,-415644.441,7452.960749343103,9248.100324917508
2026-08-18 10:04:28,7710.0,7729.25,Put GEX 5,GEX,-413786.898,7452.960749343103,9248.100324917508
2026-08-18 10:04:28,7720.0,7739.25,Put CEX 5,CEX,-1282079.053,7452.960749343103,9248.100324917508
2026-08-18 10:04:28,7720.0,7739.25,Put DEX 4,DEX,-41.767,7452.960749343103,9248.100324917508
2026-08-18 10:04:28,7720.0,7739.25,Put GEX 2,GEX,-496584.893,7452.960749343103,9248.100324917508
2026-08-18 10:04:28,7725.0,7744.25,Put CEX 3,CEX,-2165534.297,7452.960749343103,9248.100324917508
2026-08-18 10:04:28,7735.0,7754.25,Put DEX 3,DEX,-46.731,7452.960749343103,9248.100324917508
2026-08-18 10:04:28,7750.0,7769.5,Put CEX 2,CEX,-2638365.001,7452.960749343103,9248.100324917508
2026-08-18 10:04:28,7775.0,7794.5,Call GEX 4,GEX,296853.132,7452.960749343103,9248.100324917508
2026-08-18 10:04:28,7800.0,7819.5,Put CEX 4,CEX,-2051048.991,7452.960749343103,9248.100324917508
2026-08-18 10:04:28,7800.0,7819.5,Put DEX 5,DEX,-38.784,7452.960749343103,9248.100324917508
2026-08-18 10:04:28,7800.0,7819.5,Call GEX 2,GEX,572819.564,7452.960749343103,9248.100324917508
2026-08-18 10:04:28,7800.0,7819.5,Put VEX 3,VEX,-1232074.104,7452.960749343103,9248.100324917508
2026-08-18 10:04:28,7850.0,7869.75,Call GEX 3,GEX,329413.085,7452.960749343103,9248.100324917508
2026-08-18 10:04:28,7900.0,7919.75,Call GEX 1,GEX,736084.322,7452.960749343103,9248.100324917508
2026-08-18 10:04:28,7900.0,7919.75,Put VEX 2,VEX,-1233191.931,7452.960749343103,9248.100324917508
2026-08-18 10:04:28,7950.0,7970.0,Call GEX 5,GEX,254770.464,7452.960749343103,9248.100324917508
2026-08-18 10:04:28,8000.0,8020.0,Put CEX 1,CEX,-5307524.342,7452.960749343103,9248.100324917508
2026-08-18 10:04:28,8000.0,8020.0,Put DEX 1,DEX,-2559.34,7452.960749343103,9248.100324917508
2026-08-18 10:04:28,8000.0,8020.0,Put VEX 1,VEX,-12092814.213,7452.960749343103,9248.100324917508
2026-08-18 10:04:28,8100.0,8120.25,Put VEX 5,VEX,-608285.544,7452.960749343103,9248.100324917508
2026-08-18 10:04:28,8200.0,8220.5,Put VEX 4,VEX,-805551.897,7452.960749343103,9248.100324917508
2026-08-18 10:04:28,8500.0,8521.25,Put DEX 2,DEX,-101.756,7452.960749343103,9248.100324917508
2026-08-18 10:05:19,7000.0,7018.25,Call DEX 1,DEX,567.203,7401.58577079506,9249.763151181893
2026-08-18 10:05:19,7000.0,7018.25,Put GEX 1,GEX,-682468.813,7401.58577079506,9249.763151181893
2026-08-18 10:05:19,7000.0,7018.25,Call VEX 1,VEX,6662333.694,7401.58577079506,9249.763151181893
2026-08-18 10:05:19,7300.0,7319.0,Call VEX 5,VEX,1975069.993,7401.58577079506,9249.763151181893
2026-08-18 10:05:19,7400.0,7419.25,Call VEX 4,VEX,2448849.62,7401.58577079506,9249.763151181893
2026-08-18 10:05:19,7450.0,7469.25,Call DEX 5,DEX,266.235,7401.58577079506,9249.763151181893
2026-08-18 10:05:19,7500.0,7519.5,Call CEX 4,CEX,1506400.766,7401.58577079506,9249.763151181893
2026-08-18 10:05:19,7500.0,7519.5,Call DEX 2,DEX,556.447,7401.58577079506,9249.763151181893
2026-08-18 10:05:19,7500.0,7519.5,Put GEX 5,GEX,-427651.534,7401.58577079506,9249.763151181893
2026-08-18 10:05:19,7500.0,7519.5,Call VEX 2,VEX,3533917.357,7401.58577079506,9249.763151181893
2026-08-18 10:05:19,7550.0,7569.5,Call CEX 5,CEX,1306182.171,7401.58577079506,9249.763151181893
2026-08-18 10:05:19,7550.0,7569.5,Call DEX 4,DEX,295.561,7401.58577079506,9249.763151181893
2026-08-18 10:05:19,7600.0,7619.75,Call CEX 3,CEX,1945542.685,7401.58577079506,9249.763151181893
2026-08-18 10:05:19,7600.0,7619.75,Call DEX 3,DEX,456.483,7401.58577079506,9249.763151181893
2026-08-18 10:05:19,7600.0,7619.75,Call VEX 3,VEX,2664376.491,7401.58577079506,9249.763151181893
2026-08-18 10:05:19,7635.0,7654.75,Call CEX 1,CEX,2804432.875,7401.58577079506,9249.763151181893
2026-08-18 10:05:19,7650.0,7670.0,Call CEX 2,CEX,2004579.088,7401.58577079506,9249.763151181893
2026-08-18 10:05:19,7700.0,7720.0,Put GEX 3,GEX,-459741.189,7401.58577079506,9249.763151181893
2026-08-18 10:05:19,7710.0,7730.0,Put GEX 4,GEX,-436517.796,7401.58577079506,9249.763151181893
2026-08-18 10:05:19,7720.0,7740.0,Put CEX 5,CEX,-1323777.16,7401.58577079506,9249.763151181893
2026-08-18 10:05:19,7720.0,7740.0,Put DEX 3,DEX,-43.038,7401.58577079506,9249.763151181893
2026-08-18 10:05:19,7720.0,7740.0,Put GEX 2,GEX,-496397.685,7401.58577079506,9249.763151181893
2026-08-18 10:05:19,7725.0,7745.0,Put CEX 4,CEX,-1908931.618,7401.58577079506,9249.763151181893
2026-08-18 10:05:19,7725.0,7745.0,Put DEX 5,DEX,-30.137,7401.58577079506,9249.763151181893
2026-08-18 10:05:19,7735.0,7755.0,Put DEX 4,DEX,-37.746,7401.58577079506,9249.763151181893
2026-08-18 10:05:19,7750.0,7770.25,Put CEX 3,CEX,-1912984.551,7401.58577079506,9249.763151181893
2026-08-18 10:05:19,7750.0,7770.25,Call GEX 5,GEX,292193.145,7401.58577079506,9249.763151181893
2026-08-18 10:05:19,7775.0,7795.25,Call GEX 4,GEX,302904.384,7401.58577079506,9249.763151181893
2026-08-18 10:05:19,7800.0,7820.25,Put CEX 2,CEX,-1959126.042,7401.58577079506,9249.763151181893
2026-08-18 10:05:19,7800.0,7820.25,Call GEX 2,GEX,578757.383,7401.58577079506,9249.763151181893
2026-08-18 10:05:19,7800.0,7820.25,Put VEX 3,VEX,-1231727.739,7401.58577079506,9249.763151181893
2026-08-18 10:05:19,7850.0,7870.5,Call GEX 3,GEX,328700.57,7401.58577079506,9249.763151181893
2026-08-18 10:05:19,7900.0,7920.5,Call GEX 1,GEX,734251.943,7401.58577079506,9249.763151181893
2026-08-18 10:05:19,7900.0,7920.5,Put VEX 2,VEX,-1234418.041,7401.58577079506,9249.763151181893
2026-08-18 10:05:19,8000.0,8020.75,Put CEX 1,CEX,-5025853.664,7401.58577079506,9249.763151181893
2026-08-18 10:05:19,8000.0,8020.75,Put DEX 1,DEX,-2569.232,7401.58577079506,9249.763151181893
2026-08-18 10:05:19,8000.0,8020.75,Put VEX 1,VEX,-11954083.717,7401.58577079506,9249.763151181893
2026-08-18 10:05:19,8100.0,8121.0,Put VEX 5,VEX,-605928.443,7401.58577079506,9249.763151181893
2026-08-18 10:05:19,8200.0,8221.25,Put VEX 4,VEX,-805720.7,7401.58577079506,9249.763151181893
2026-08-18 10:05:19,8500.0,8522.0,Put DEX 2,DEX,-102.132,7401.58577079506,9249.763151181893
2026-08-18 10:06:10,7000.0,7018.0,Call DEX 1,DEX,566.251,7402.607001070977,9250.4551034801
2026-08-18 10:06:10,7000.0,7018.0,Put GEX 1,GEX,-680024.227,7402.607001070977,9250.4551034801
2026-08-18 10:06:10,7000.0,7018.0,Call VEX 1,VEX,6684447.898,7402.607001070977,9250.4551034801
2026-08-18 10:06:10,7300.0,7318.75,Call VEX 5,VEX,1982258.49,7402.607001070977,9250.4551034801
2026-08-18 10:06:10,7400.0,7419.0,Call VEX 4,VEX,2454504.066,7402.607001070977,9250.4551034801
2026-08-18 10:06:10,7450.0,7469.25,Call DEX 5,DEX,269.368,7402.607001070977,9250.4551034801
2026-08-18 10:06:10,7500.0,7519.25,Call CEX 4,CEX,1550458.457,7402.607001070977,9250.4551034801
2026-08-18 10:06:10,7500.0,7519.25,Call DEX 2,DEX,556.345,7402.607001070977,9250.4551034801
2026-08-18 10:06:10,7500.0,7519.25,Put GEX 5,GEX,-417214.649,7402.607001070977,9250.4551034801
2026-08-18 10:06:10,7500.0,7519.25,Call VEX 2,VEX,3556132.313,7402.607001070977,9250.4551034801
2026-08-18 10:06:10,7550.0,7569.5,Call CEX 5,CEX,1310283.89,7402.607001070977,9250.4551034801
2026-08-18 10:06:10,7550.0,7569.5,Call DEX 4,DEX,294.989,7402.607001070977,9250.4551034801
2026-08-18 10:06:10,7600.0,7619.5,Call CEX 3,CEX,1943583.407,7402.607001070977,9250.4551034801
2026-08-18 10:06:10,7600.0,7619.5,Call DEX 3,DEX,455.784,7402.607001070977,9250.4551034801
2026-08-18 10:06:10,7600.0,7619.5,Call VEX 3,VEX,2659968.128,7402.607001070977,9250.4551034801
2026-08-18 10:06:10,7635.0,7654.75,Call CEX 1,CEX,2818609.274,7402.607001070977,9250.4551034801
2026-08-18 10:06:10,7650.0,7669.75,Call CEX 2,CEX,2008196.223,7402.607001070977,9250.4551034801
2026-08-18 10:06:10,7700.0,7719.75,Put GEX 3,GEX,-467193.821,7402.607001070977,9250.4551034801
2026-08-18 10:06:10,7710.0,7729.75,Put GEX 4,GEX,-435578.304,7402.607001070977,9250.4551034801
2026-08-18 10:06:10,7720.0,7739.75,Put CEX 5,CEX,-1329079.818,7402.607001070977,9250.4551034801
2026-08-18 10:06:10,7720.0,7739.75,Put DEX 3,DEX,-43.361,7402.607001070977,9250.4551034801
2026-08-18 10:06:10,7720.0,7739.75,Put GEX 2,GEX,-491566.976,7402.607001070977,9250.4551034801
2026-08-18 10:06:10,7725.0,7744.75,Put CEX 3,CEX,-1931051.241,7402.607001070977,9250.4551034801
2026-08-18 10:06:10,7735.0,7755.0,Put DEX 4,DEX,-37.895,7402.607001070977,9250.4551034801
2026-08-18 10:06:10,7750.0,7770.0,Put CEX 4,CEX,-1917274.598,7402.607001070977,9250.4551034801
2026-08-18 10:06:10,7750.0,7770.0,Call GEX 5,GEX,290744.655,7402.607001070977,9250.4551034801
2026-08-18 10:06:10,7775.0,7795.0,Call GEX 4,GEX,301036.711,7402.607001070977,9250.4551034801
2026-08-18 10:06:10,7800.0,7820.0,Put CEX 2,CEX,-1955745.321,7402.607001070977,9250.4551034801
2026-08-18 10:06:10,7800.0,7820.0,Put DEX 5,DEX,-30.642,7402.607001070977,9250.4551034801
2026-08-18 10:06:10,7800.0,7820.0,Call GEX 2,GEX,575087.373,7402.607001070977,9250.4551034801
2026-08-18 10:06:10,7800.0,7820.0,Put VEX 3,VEX,-1232356.723,7402.607001070977,9250.4551034801
2026-08-18 10:06:10,7850.0,7870.25,Call GEX 3,GEX,327676.262,7402.607001070977,9250.4551034801
2026-08-18 10:06:10,7900.0,7920.25,Call GEX 1,GEX,732871.163,7402.607001070977,9250.4551034801
2026-08-18 10:06:10,7900.0,7920.25,Put VEX 2,VEX,-1234197.044,7402.607001070977,9250.4551034801
2026-08-18 10:06:10,8000.0,8020.5,Put CEX 1,CEX,-5006183.948,7402.607001070977,9250.4551034801
2026-08-18 10:06:10,8000.0,8020.5,Put DEX 1,DEX,-2572.306,7402.607001070977,9250.4551034801
2026-08-18 10:06:10,8000.0,8020.5,Put VEX 1,VEX,-11951896.176,7402.607001070977,9250.4551034801
2026-08-18 10:06:10,8100.0,8120.75,Put VEX 5,VEX,-605745.553,7402.607001070977,9250.4551034801
2026-08-18 10:06:10,8200.0,8221.0,Put VEX 4,VEX,-805231.925,7402.607001070977,9250.4551034801
2026-08-18 10:06:10,8500.0,8521.75,Put DEX 2,DEX,-102.116,7402.607001070977,9250.4551034801
2026-08-18 10:07:00,7000.0,7018.0,Call DEX 1,DEX,560.639,7400.199410155661,9252.867651096569
2026-08-18 10:07:00,7000.0,7018.0,Put GEX 1,GEX,-667608.825,7400.199410155661,9252.867651096569
2026-08-18 10:07:00,7000.0,7018.0,Call VEX 1,VEX,6794995.218,7400.199410155661,9252.867651096569
2026-08-18 10:07:00,7300.0,7319.0,Call DEX 5,DEX,296.077,7400.199410155661,9252.867651096569
2026-08-18 10:07:00,7300.0,7319.0,Call VEX 5,VEX,2004713.842,7400.199410155661,9252.867651096569
2026-08-18 10:07:00,7400.0,7419.25,Call VEX 4,VEX,2470564.543,7400.199410155661,9252.867651096569
2026-08-18 10:07:00,7450.0,7469.25,Call DEX 4,DEX,340.856,7400.199410155661,9252.867651096569
2026-08-18 10:07:00,7500.0,7519.5,Call CEX 4,CEX,1736331.302,7400.199410155661,9252.867651096569
2026-08-18 10:07:00,7500.0,7519.5,Call DEX 2,DEX,549.959,7400.199410155661,9252.867651096569
2026-08-18 10:07:00,7500.0,7519.5,Put GEX 5,GEX,-374731.025,7400.199410155661,9252.867651096569
2026-08-18 10:07:00,7500.0,7519.5,Call VEX 2,VEX,3650890.627,7400.199410155661,9252.867651096569
2026-08-18 10:07:00,7550.0,7569.5,Call CEX 5,CEX,1365414.108,7400.199410155661,9252.867651096569
2026-08-18 10:07:00,7600.0,7619.75,Call CEX 3,CEX,1985678.996,7400.199410155661,9252.867651096569
2026-08-18 10:07:00,7600.0,7619.75,Call DEX 3,DEX,450.834,7400.199410155661,9252.867651096569
2026-08-18 10:07:00,7600.0,7619.75,Call VEX 3,VEX,2655048.18,7400.199410155661,9252.867651096569
2026-08-18 10:07:00,7635.0,7654.75,Call CEX 1,CEX,2850064.996,7400.199410155661,9252.867651096569
2026-08-18 10:07:00,7650.0,7669.75,Call CEX 2,CEX,2020483.211,7400.199410155661,9252.867651096569
2026-08-18 10:07:00,7700.0,7720.0,Put GEX 2,GEX,-514972.717,7400.199410155661,9252.867651096569
2026-08-18 10:07:00,7710.0,7730.0,Put GEX 3,GEX,-455775.257,7400.199410155661,9252.867651096569
2026-08-18 10:07:00,7720.0,7740.0,Put CEX 4,CEX,-1200323.256,7400.199410155661,9252.867651096569
2026-08-18 10:07:00,7720.0,7740.0,Put DEX 3,DEX,-45.263,7400.199410155661,9252.867651096569
2026-08-18 10:07:00,7720.0,7740.0,Put GEX 4,GEX,-453855.823,7400.199410155661,9252.867651096569
2026-08-18 10:07:00,7735.0,7755.0,Put DEX 4,DEX,-38.843,7400.199410155661,9252.867651096569
2026-08-18 10:07:00,7750.0,7770.0,Put CEX 3,CEX,-1928864.557,7400.199410155661,9252.867651096569
2026-08-18 10:07:00,7750.0,7770.0,Call GEX 5,GEX,281747.132,7400.199410155661,9252.867651096569
2026-08-18 10:07:00,7775.0,7795.0,Put CEX 5,CEX,-1028804.013,7400.199410155661,9252.867651096569
2026-08-18 10:07:00,7775.0,7795.0,Call GEX 4,GEX,294703.474,7400.199410155661,9252.867651096569
2026-08-18 10:07:00,7800.0,7820.25,Put CEX 2,CEX,-1933734.321,7400.199410155661,9252.867651096569
2026-08-18 10:07:00,7800.0,7820.25,Put DEX 5,DEX,-33.808,7400.199410155661,9252.867651096569
2026-08-18 10:07:00,7800.0,7820.25,Call GEX 2,GEX,570920.13,7400.199410155661,9252.867651096569
2026-08-18 10:07:00,7800.0,7820.25,Put VEX 3,VEX,-1233950.043,7400.199410155661,9252.867651096569
2026-08-18 10:07:00,7850.0,7870.25,Call GEX 3,GEX,324543.351,7400.199410155661,9252.867651096569
2026-08-18 10:07:00,7900.0,7920.5,Call GEX 1,GEX,727830.502,7400.199410155661,9252.867651096569
2026-08-18 10:07:00,7900.0,7920.5,Put VEX 2,VEX,-1235437.24,7400.199410155661,9252.867651096569
2026-08-18 10:07:00,8000.0,8020.75,Put CEX 1,CEX,-4712925.19,7400.199410155661,9252.867651096569
2026-08-18 10:07:00,8000.0,8020.75,Put DEX 1,DEX,-2586.767,7400.199410155661,9252.867651096569
2026-08-18 10:07:00,8000.0,8020.75,Put VEX 1,VEX,-11822355.134,7400.199410155661,9252.867651096569
2026-08-18 10:07:00,8100.0,8121.0,Put VEX 5,VEX,-604983.922,7400.199410155661,9252.867651096569
2026-08-18 10:07:00,8200.0,8221.25,Put VEX 4,VEX,-801658.843,7400.199410155661,9252.867651096569
2026-08-18 10:07:00,8500.0,8522.0,Put DEX 2,DEX,-102.521,7400.199410155661,9252.867651096569
2026-08-18 10:07:49,7000.0,7018.25,Call DEX 1,DEX,562.939,7402.830805199682,9252.808495095062
2026-08-18 10:07:49,7000.0,7018.25,Put GEX 1,GEX,-674284.05,7402.830805199682,9252.808495095062
2026-08-18 10:07:49,7000.0,7018.25,Call VEX 1,VEX,6745657.533,7402.830805199682,9252.808495095062
2026-08-18 10:07:49,7300.0,7319.0,Call DEX 4,DEX,297.52,7402.830805199682,9252.808495095062
2026-08-18 10:07:49,7300.0,7319.0,Call VEX 5,VEX,1991146.936,7402.830805199682,9252.808495095062
2026-08-18 10:07:49,7400.0,7419.25,Call VEX 4,VEX,2461224.728,7402.830805199682,9252.808495095062
2026-08-18 10:07:49,7500.0,7519.5,Call CEX 4,CEX,1653091.493,7402.830805199682,9252.808495095062
2026-08-18 10:07:49,7500.0,7519.5,Call DEX 2,DEX,551.713,7402.830805199682,9252.808495095062
2026-08-18 10:07:49,7500.0,7519.5,Put GEX 5,GEX,-394533.597,7402.830805199682,9252.808495095062
2026-08-18 10:07:49,7500.0,7519.5,Call VEX 2,VEX,3606585.249,7402.830805199682,9252.808495095062
2026-08-18 10:07:49,7550.0,7569.75,Call CEX 5,CEX,1317012.047,7402.830805199682,9252.808495095062
2026-08-18 10:07:49,7550.0,7569.75,Call DEX 5,DEX,294.073,7402.830805199682,9252.808495095062
2026-08-18 10:07:49,7600.0,7620.0,Call CEX 3,CEX,1946506.459,7402.830805199682,9252.808495095062
2026-08-18 10:07:49,7600.0,7620.0,Call DEX 3,DEX,451.484,7402.830805199682,9252.808495095062
2026-08-18 10:07:49,7600.0,7620.0,Call VEX 3,VEX,2648839.849,7402.830805199682,9252.808495095062
2026-08-18 10:07:49,7635.0,7655.0,Call CEX 1,CEX,2861901.21,7402.830805199682,9252.808495095062
2026-08-18 10:07:49,7650.0,7670.0,Call CEX 2,CEX,2017942.882,7402.830805199682,9252.808495095062
2026-08-18 10:07:49,7700.0,7720.25,Put GEX 2,GEX,-490143.422,7402.830805199682,9252.808495095062
2026-08-18 10:07:49,7710.0,7730.25,Put GEX 4,GEX,-432880.439,7402.830805199682,9252.808495095062
2026-08-18 10:07:49,7720.0,7740.25,Put CEX 5,CEX,-1317413.903,7402.830805199682,9252.808495095062
2026-08-18 10:07:49,7720.0,7740.25,Put DEX 3,DEX,-44.789,7402.830805199682,9252.808495095062
2026-08-18 10:07:49,7720.0,7740.25,Put GEX 3,GEX,-466566.326,7402.830805199682,9252.808495095062
2026-08-18 10:07:49,7725.0,7745.25,Put CEX 4,CEX,-1556246.375,7402.830805199682,9252.808495095062
2026-08-18 10:07:49,7735.0,7755.25,Put DEX 4,DEX,-38.924,7402.830805199682,9252.808495095062
2026-08-18 10:07:49,7750.0,7770.25,Put CEX 3,CEX,-1931524.471,7402.830805199682,9252.808495095062
2026-08-18 10:07:49,7750.0,7770.25,Call GEX 5,GEX,290766.102,7402.830805199682,9252.808495095062
2026-08-18 10:07:49,7775.0,7795.25,Call GEX 4,GEX,294894.103,7402.830805199682,9252.808495095062
2026-08-18 10:07:49,7800.0,7820.5,Put CEX 2,CEX,-1944151.216,7402.830805199682,9252.808495095062
2026-08-18 10:07:49,7800.0,7820.5,Put DEX 5,DEX,-33.501,7402.830805199682,9252.808495095062
2026-08-18 10:07:49,7800.0,7820.5,Call GEX 2,GEX,567884.884,7402.830805199682,9252.808495095062
2026-08-18 10:07:49,7800.0,7820.5,Put VEX 2,VEX,-1239978.344,7402.830805199682,9252.808495095062
2026-08-18 10:07:49,7850.0,7870.5,Call GEX 3,GEX,324931.742,7402.830805199682,9252.808495095062
2026-08-18 10:07:49,7900.0,7920.75,Call GEX 1,GEX,728109.025,7402.830805199682,9252.808495095062
2026-08-18 10:07:49,7900.0,7920.75,Put VEX 3,VEX,-1236417.85,7402.830805199682,9252.808495095062
2026-08-18 10:07:49,8000.0,8021.0,Put CEX 1,CEX,-5035151.645,7402.830805199682,9252.808495095062
2026-08-18 10:07:49,8000.0,8021.0,Put DEX 1,DEX,-2579.547,7402.830805199682,9252.808495095062
2026-08-18 10:07:49,8000.0,8021.0,Put VEX 1,VEX,-11978869.112,7402.830805199682,9252.808495095062
2026-08-18 10:07:49,8100.0,8121.25,Put VEX 5,VEX,-605947.258,7402.830805199682,9252.808495095062
2026-08-18 10:07:49,8200.0,8221.5,Put VEX 4,VEX,-802466.556,7402.830805199682,9252.808495095062
2026-08-18 10:07:49,8500.0,8522.25,Put DEX 2,DEX,-102.066,7402.830805199682,9252.808495095062
2026-08-18 10:08:43,7000.0,7018.5,Call DEX 1,DEX,563.439,7400.568909452251,9252.516008347178
2026-08-18 10:08:43,7000.0,7018.5,Put GEX 1,GEX,-675442.496,7400.568909452251,9252.516008347178
2026-08-18 10:08:43,7000.0,7018.5,Call VEX 1,VEX,6734586.213,7400.568909452251,9252.516008347178
2026-08-18 10:08:43,7300.0,7319.25,Call VEX 5,VEX,1986466.409,7400.568909452251,9252.516008347178
2026-08-18 10:08:43,7400.0,7419.5,Call VEX 4,VEX,2462251.973,7400.568909452251,9252.516008347178
2026-08-18 10:08:43,7450.0,7469.5,Call DEX 4,DEX,341.681,7400.568909452251,9252.516008347178
2026-08-18 10:08:43,7500.0,7519.75,Call CEX 4,CEX,1692176.814,7400.568909452251,9252.516008347178
2026-08-18 10:08:43,7500.0,7519.75,Call DEX 2,DEX,552.153,7400.568909452251,9252.516008347178
2026-08-18 10:08:43,7500.0,7519.75,Put GEX 5,GEX,-385502.781,7400.568909452251,9252.516008347178
2026-08-18 10:08:43,7500.0,7519.75,Call VEX 2,VEX,3626193.931,7400.568909452251,9252.516008347178
2026-08-18 10:08:43,7550.0,7569.75,Call CEX 5,CEX,1349749.112,7400.568909452251,9252.516008347178
2026-08-18 10:08:43,7550.0,7569.75,Call DEX 5,DEX,293.755,7400.568909452251,9252.516008347178
2026-08-18 10:08:43,7600.0,7620.0,Call CEX 3,CEX,1979404.579,7400.568909452251,9252.516008347178
2026-08-18 10:08:43,7600.0,7620.0,Call DEX 3,DEX,451.415,7400.568909452251,9252.516008347178
2026-08-18 10:08:43,7600.0,7620.0,Call VEX 3,VEX,2654002.491,7400.568909452251,9252.516008347178
2026-08-18 10:08:43,7635.0,7655.0,Call CEX 1,CEX,2869605.669,7400.568909452251,9252.516008347178
2026-08-18 10:08:43,7650.0,7670.0,Call CEX 2,CEX,2029007.194,7400.568909452251,9252.516008347178
2026-08-18 10:08:43,7700.0,7720.25,Put GEX 2,GEX,-522077.168,7400.568909452251,9252.516008347178
2026-08-18 10:08:43,7710.0,7730.25,Put GEX 3,GEX,-454244.51,7400.568909452251,9252.516008347178
2026-08-18 10:08:43,7720.0,7740.25,Put CEX 4,CEX,-1216612.816,7400.568909452251,9252.516008347178
2026-08-18 10:08:43,7720.0,7740.25,Put DEX 3,DEX,-45.276,7400.568909452251,9252.516008347178
2026-08-18 10:08:43,7720.0,7740.25,Put GEX 4,GEX,-453369.32,7400.568909452251,9252.516008347178
2026-08-18 10:08:43,7735.0,7755.25,Put DEX 4,DEX,-38.879,7400.568909452251,9252.516008347178
2026-08-18 10:08:43,7750.0,7770.5,Put CEX 3,CEX,-1932977.602,7400.568909452251,9252.516008347178
2026-08-18 10:08:43,7750.0,7770.5,Call GEX 5,GEX,286039.167,7400.568909452251,9252.516008347178
2026-08-18 10:08:43,7775.0,7795.5,Put CEX 5,CEX,-1031028.698,7400.568909452251,9252.516008347178
2026-08-18 10:08:43,7775.0,7795.5,Call GEX 4,GEX,295408.31,7400.568909452251,9252.516008347178
2026-08-18 10:08:43,7800.0,7820.5,Put CEX 2,CEX,-1940368.837,7400.568909452251,9252.516008347178
2026-08-18 10:08:43,7800.0,7820.5,Put DEX 5,DEX,-33.575,7400.568909452251,9252.516008347178
2026-08-18 10:08:43,7800.0,7820.5,Call GEX 2,GEX,570471.173,7400.568909452251,9252.516008347178
2026-08-18 10:08:43,7800.0,7820.5,Put VEX 2,VEX,-1236979.026,7400.568909452251,9252.516008347178
2026-08-18 10:08:43,7850.0,7870.75,Call GEX 3,GEX,325834.577,7400.568909452251,9252.516008347178
2026-08-18 10:08:43,7900.0,7920.75,Call GEX 1,GEX,728165.431,7400.568909452251,9252.516008347178
2026-08-18 10:08:43,7900.0,7920.75,Put VEX 3,VEX,-1235986.402,7400.568909452251,9252.516008347178
2026-08-18 10:08:43,8000.0,8021.0,Put CEX 1,CEX,-4801130.502,7400.568909452251,9252.516008347178
2026-08-18 10:08:43,8000.0,8021.0,Put DEX 1,DEX,-2583.632,7400.568909452251,9252.516008347178
2026-08-18 10:08:43,8000.0,8021.0,Put VEX 1,VEX,-11860298.37,7400.568909452251,9252.516008347178
2026-08-18 10:08:43,8100.0,8121.25,Put VEX 5,VEX,-605397.94,7400.568909452251,9252.516008347178
2026-08-18 10:08:43,8200.0,8221.5,Put VEX 4,VEX,-803491.749,7400.568909452251,9252.516008347178
2026-08-18 10:08:43,8500.0,8522.25,Put DEX 2,DEX,-102.341,7400.568909452251,9252.516008347178
2026-08-18 10:09:30,7000.0,7018.5,Call DEX 1,DEX,566.113,7401.237656451926,9249.848890529196
2026-08-18 10:09:30,7000.0,7018.5,Put GEX 1,GEX,-678177.645,7401.237656451926,9249.848890529196
2026-08-18 10:09:30,7000.0,7018.5,Call VEX 1,VEX,6693970.315,7401.237656451926,9249.848890529196
2026-08-18 10:09:30,7300.0,7319.25,Call VEX 5,VEX,1980022.288,7401.237656451926,9249.848890529196
2026-08-18 10:09:30,7400.0,7419.5,Call VEX 4,VEX,2459798.294,7401.237656451926,9249.848890529196
2026-08-18 10:09:30,7450.0,7469.5,Call DEX 5,DEX,266.08,7401.237656451926,9249.848890529196
2026-08-18 10:09:30,7500.0,7519.75,Call CEX 4,CEX,1607459.228,7401.237656451926,9249.848890529196
2026-08-18 10:09:30,7500.0,7519.75,Call DEX 2,DEX,554.968,7401.237656451926,9249.848890529196
2026-08-18 10:09:30,7500.0,7519.75,Put GEX 5,GEX,-402927.394,7401.237656451926,9249.848890529196
2026-08-18 10:09:30,7500.0,7519.75,Call VEX 2,VEX,3588685.792,7401.237656451926,9249.848890529196
2026-08-18 10:09:30,7550.0,7570.0,Call DEX 4,DEX,295.421,7401.237656451926,9249.848890529196
2026-08-18 10:09:30,7600.0,7620.0,Call CEX 3,CEX,1932926.084,7401.237656451926,9249.848890529196
2026-08-18 10:09:30,7600.0,7620.0,Call DEX 3,DEX,456.536,7401.237656451926,9249.848890529196
2026-08-18 10:09:30,7600.0,7620.0,Call VEX 3,VEX,2664712.297,7401.237656451926,9249.848890529196
2026-08-18 10:09:30,7635.0,7655.0,Call CEX 1,CEX,2638094.486,7401.237656451926,9249.848890529196
2026-08-18 10:09:30,7650.0,7670.25,Call CEX 2,CEX,2030841.672,7401.237656451926,9249.848890529196
2026-08-18 10:09:30,7700.0,7720.25,Call CEX 5,CEX,1340540.696,7401.237656451926,9249.848890529196
2026-08-18 10:09:30,7700.0,7720.25,Put GEX 3,GEX,-477419.235,7401.237656451926,9249.848890529196
2026-08-18 10:09:30,7710.0,7730.25,Put GEX 4,GEX,-454108.055,7401.237656451926,9249.848890529196
2026-08-18 10:09:30,7720.0,7740.25,Put CEX 5,CEX,-1331912.14,7401.237656451926,9249.848890529196
2026-08-18 10:09:30,7720.0,7740.25,Put DEX 3,DEX,-43.217,7401.237656451926,9249.848890529196
2026-08-18 10:09:30,7720.0,7740.25,Put GEX 2,GEX,-502884.373,7401.237656451926,9249.848890529196
2026-08-18 10:09:30,7725.0,7745.25,Put CEX 4,CEX,-1685202.496,7401.237656451926,9249.848890529196
2026-08-18 10:09:30,7725.0,7745.25,Put DEX 5,DEX,-30.457,7401.237656451926,9249.848890529196
2026-08-18 10:09:30,7735.0,7755.5,Put DEX 4,DEX,-37.824,7401.237656451926,9249.848890529196
2026-08-18 10:09:30,7750.0,7770.5,Put CEX 3,CEX,-1920563.71,7401.237656451926,9249.848890529196
2026-08-18 10:09:30,7750.0,7770.5,Call GEX 5,GEX,287515.186,7401.237656451926,9249.848890529196
2026-08-18 10:09:30,7775.0,7795.5,Call GEX 4,GEX,302755.334,7401.237656451926,9249.848890529196
2026-08-18 10:09:30,7800.0,7820.5,Put CEX 2,CEX,-1962696.861,7401.237656451926,9249.848890529196
2026-08-18 10:09:30,7800.0,7820.5,Call GEX 2,GEX,576304.927,7401.237656451926,9249.848890529196
2026-08-18 10:09:30,7800.0,7820.5,Put VEX 3,VEX,-1227870.82,7401.237656451926,9249.848890529196
2026-08-18 10:09:30,7850.0,7870.75,Call GEX 3,GEX,328805.677,7401.237656451926,9249.848890529196
2026-08-18 10:09:30,7900.0,7920.75,Call GEX 1,GEX,733965.636,7401.237656451926,9249.848890529196
2026-08-18 10:09:30,7900.0,7920.75,Put VEX 2,VEX,-1233631.429,7401.237656451926,9249.848890529196
2026-08-18 10:09:30,8000.0,8021.0,Put CEX 1,CEX,-4888675.684,7401.237656451926,9249.848890529196
2026-08-18 10:09:30,8000.0,8021.0,Put DEX 1,DEX,-2571.977,7401.237656451926,9249.848890529196
2026-08-18 10:09:30,8000.0,8021.0,Put VEX 1,VEX,-11891225.722,7401.237656451926,9249.848890529196
2026-08-18 10:09:30,8100.0,8121.25,Put VEX 5,VEX,-607654.866,7401.237656451926,9249.848890529196
2026-08-18 10:09:30,8200.0,8221.5,Put VEX 4,VEX,-806815.995,7401.237656451926,9249.848890529196
2026-08-18 10:09:30,8500.0,8522.5,Put DEX 2,DEX,-102.246,7401.237656451926,9249.848890529196
2026-08-18 10:10:17,7000.0,7018.0,Call CEX 5,CEX,1280898.294,7414.527108864531,9249.573708004997
2026-08-18 10:10:17,7000.0,7018.0,Call DEX 1,DEX,565.947,7414.527108864531,9249.573708004997
2026-08-18 10:10:17,7000.0,7018.0,Put GEX 1,GEX,-670739.878,7414.527108864531,9249.573708004997
2026-08-18 10:10:17,7000.0,7018.0,Call VEX 1,VEX,6703651.268,7414.527108864531,9249.573708004997
2026-08-18 10:10:17,7300.0,7318.75,Call VEX 5,VEX,1984866.793,7414.527108864531,9249.573708004997
2026-08-18 10:10:17,7400.0,7419.0,Call DEX 5,DEX,261.556,7414.527108864531,9249.573708004997
2026-08-18 10:10:17,7400.0,7419.0,Call VEX 4,VEX,2459065.489,7414.527108864531,9249.573708004997
2026-08-18 10:10:17,7450.0,7469.0,Call DEX 4,DEX,266.05,7414.527108864531,9249.573708004997
2026-08-18 10:10:17,7500.0,7519.25,Put GEX 3,GEX,-485827.744,7414.527108864531,9249.573708004997
2026-08-18 10:10:17,7500.0,7519.25,Call VEX 2,VEX,3409849.297,7414.527108864531,9249.573708004997
2026-08-18 10:10:17,7550.0,7569.25,Call DEX 3,DEX,297.331,7414.527108864531,9249.573708004997
2026-08-18 10:10:17,7600.0,7619.5,Call CEX 3,CEX,1840521.374,7414.527108864531,9249.573708004997
2026-08-18 10:10:17,7600.0,7619.5,Call DEX 2,DEX,459.315,7414.527108864531,9249.573708004997
2026-08-18 10:10:17,7600.0,7619.5,Call VEX 3,VEX,2656671.786,7414.527108864531,9249.573708004997
2026-08-18 10:10:17,7635.0,7654.5,Call CEX 1,CEX,2400575.26,7414.527108864531,9249.573708004997
2026-08-18 10:10:17,7650.0,7669.5,Call CEX 2,CEX,2020738.555,7414.527108864531,9249.573708004997
2026-08-18 10:10:17,7700.0,7719.75,Call CEX 4,CEX,1455698.94,7414.527108864531,9249.573708004997
2026-08-18 10:10:17,7700.0,7719.75,Put GEX 4,GEX,-447002.496,7414.527108864531,9249.573708004997
2026-08-18 10:10:17,7710.0,7729.75,Put GEX 5,GEX,-437335.762,7414.527108864531,9249.573708004997
2026-08-18 10:10:17,7720.0,7739.75,Put CEX 5,CEX,-1326138.848,7414.527108864531,9249.573708004997
2026-08-18 10:10:17,7720.0,7739.75,Put DEX 4,DEX,-42.062,7414.527108864531,9249.573708004997
2026-08-18 10:10:17,7720.0,7739.75,Put GEX 2,GEX,-506648.076,7414.527108864531,9249.573708004997
2026-08-18 10:10:17,7725.0,7744.75,Put CEX 2,CEX,-2120811.96,7414.527108864531,9249.573708004997
2026-08-18 10:10:17,7725.0,7744.75,Put DEX 5,DEX,-28.29,7414.527108864531,9249.573708004997
2026-08-18 10:10:17,7735.0,7754.75,Put DEX 3,DEX,-47.069,7414.527108864531,9249.573708004997
2026-08-18 10:10:17,7750.0,7769.75,Put CEX 4,CEX,-1934866.452,7414.527108864531,9249.573708004997
2026-08-18 10:10:17,7750.0,7769.75,Call GEX 5,GEX,297520.217,7414.527108864531,9249.573708004997
2026-08-18 10:10:17,7775.0,7794.75,Call GEX 4,GEX,305356.262,7414.527108864531,9249.573708004997
2026-08-18 10:10:17,7800.0,7820.0,Put CEX 3,CEX,-1981959.695,7414.527108864531,9249.573708004997
2026-08-18 10:10:17,7800.0,7820.0,Call GEX 2,GEX,573417.562,7414.527108864531,9249.573708004997
2026-08-18 10:10:17,7800.0,7820.0,Put VEX 3,VEX,-1227595.743,7414.527108864531,9249.573708004997
2026-08-18 10:10:17,7850.0,7870.0,Call GEX 3,GEX,329638.679,7414.527108864531,9249.573708004997
2026-08-18 10:10:17,7900.0,7920.25,Call GEX 1,GEX,735683.4,7414.527108864531,9249.573708004997
2026-08-18 10:10:17,7900.0,7920.25,Put VEX 2,VEX,-1232500.916,7414.527108864531,9249.573708004997
2026-08-18 10:10:17,8000.0,8020.5,Put CEX 1,CEX,-5192934.696,7414.527108864531,9249.573708004997
2026-08-18 10:10:17,8000.0,8020.5,Put DEX 1,DEX,-2563.62,7414.527108864531,9249.573708004997
2026-08-18 10:10:17,8000.0,8020.5,Put VEX 1,VEX,-12044093.406,7414.527108864531,9249.573708004997
2026-08-18 10:10:17,8100.0,8120.75,Put VEX 5,VEX,-607880.516,7414.527108864531,9249.573708004997
2026-08-18 10:10:17,8200.0,8221.0,Put VEX 4,VEX,-808003.221,7414.527108864531,9249.573708004997
2026-08-18 10:10:17,8500.0,8521.75,Put DEX 2,DEX,-101.945,7414.527108864531,9249.573708004997
2026-08-18 10:11:09,7000.0,7018.0,Call DEX 1,DEX,564.128,7401.498707150211,9250.889402669338
2026-08-18 10:11:09,7000.0,7018.0,Put GEX 1,GEX,-670463.201,7401.498707150211,9250.889402669338
2026-08-18 10:11:09,7000.0,7018.0,Call VEX 1,VEX,6747347.862,7401.498707150211,9250.889402669338
2026-08-18 10:11:09,7300.0,7318.75,Call VEX 5,VEX,1985783.404,7401.498707150211,9250.889402669338
2026-08-18 10:11:09,7400.0,7419.0,Call VEX 4,VEX,2458969.989,7401.498707150211,9250.889402669338
2026-08-18 10:11:09,7450.0,7469.0,Call DEX 5,DEX,268.992,7401.498707150211,9250.889402669338
2026-08-18 10:11:09,7500.0,7519.25,Call CEX 4,CEX,1582944.103,7401.498707150211,9250.889402669338
2026-08-18 10:11:09,7500.0,7519.25,Call DEX 2,DEX,555.975,7401.498707150211,9250.889402669338
2026-08-18 10:11:09,7500.0,7519.25,Put GEX 5,GEX,-407781.569,7401.498707150211,9250.889402669338
2026-08-18 10:11:09,7500.0,7519.25,Call VEX 2,VEX,3573842.836,7401.498707150211,9250.889402669338
2026-08-18 10:11:09,7550.0,7569.25,Call DEX 4,DEX,296.335,7401.498707150211,9250.889402669338
2026-08-18 10:11:09,7600.0,7619.5,Call CEX 3,CEX,1893730.971,7401.498707150211,9250.889402669338
2026-08-18 10:11:09,7600.0,7619.5,Call DEX 3,DEX,456.669,7401.498707150211,9250.889402669338
2026-08-18 10:11:09,7600.0,7619.5,Call VEX 3,VEX,2661020.341,7401.498707150211,9250.889402669338
2026-08-18 10:11:09,7635.0,7654.5,Call CEX 1,CEX,2417822.591,7401.498707150211,9250.889402669338
2026-08-18 10:11:09,7650.0,7669.5,Call CEX 2,CEX,1898402.331,7401.498707150211,9250.889402669338
2026-08-18 10:11:09,7700.0,7719.75,Call CEX 5,CEX,1389271.611,7401.498707150211,9250.889402669338
2026-08-18 10:11:09,7700.0,7719.75,Put GEX 3,GEX,-476242.16,7401.498707150211,9250.889402669338
2026-08-18 10:11:09,7710.0,7729.75,Put GEX 4,GEX,-456259.65,7401.498707150211,9250.889402669338
2026-08-18 10:11:09,7720.0,7739.75,Put CEX 5,CEX,-1343583.575,7401.498707150211,9250.889402669338
2026-08-18 10:11:09,7720.0,7739.75,Put DEX 3,DEX,-42.957,7401.498707150211,9250.889402669338
2026-08-18 10:11:09,7720.0,7739.75,Put GEX 2,GEX,-504822.657,7401.498707150211,9250.889402669338
2026-08-18 10:11:09,7725.0,7744.75,Put CEX 4,CEX,-1882604.782,7401.498707150211,9250.889402669338
2026-08-18 10:11:09,7725.0,7744.75,Put DEX 5,DEX,-29.89,7401.498707150211,9250.889402669338
2026-08-18 10:11:09,7735.0,7754.75,Put DEX 4,DEX,-37.626,7401.498707150211,9250.889402669338
2026-08-18 10:11:09,7750.0,7769.75,Put CEX 3,CEX,-1943253.922,7401.498707150211,9250.889402669338
2026-08-18 10:11:09,7750.0,7769.75,Call GEX 5,GEX,291176.858,7401.498707150211,9250.889402669338
2026-08-18 10:11:09,7775.0,7794.75,Call GEX 4,GEX,303071.524,7401.498707150211,9250.889402669338
2026-08-18 10:11:09,7800.0,7820.0,Put CEX 2,CEX,-1972396.963,7401.498707150211,9250.889402669338
2026-08-18 10:11:09,7800.0,7820.0,Call GEX 2,GEX,575567.555,7401.498707150211,9250.889402669338
2026-08-18 10:11:09,7800.0,7820.0,Put VEX 3,VEX,-1228517.971,7401.498707150211,9250.889402669338
2026-08-18 10:11:09,7850.0,7870.0,Call GEX 3,GEX,329062.61,7401.498707150211,9250.889402669338
2026-08-18 10:11:09,7900.0,7920.25,Call GEX 1,GEX,734711.037,7401.498707150211,9250.889402669338
2026-08-18 10:11:09,7900.0,7920.25,Put VEX 2,VEX,-1232633.809,7401.498707150211,9250.889402669338
2026-08-18 10:11:09,8000.0,8020.5,Put CEX 1,CEX,-4998993.743,7401.498707150211,9250.889402669338
2026-08-18 10:11:09,8000.0,8020.5,Put DEX 1,DEX,-2571.568,7401.498707150211,9250.889402669338
2026-08-18 10:11:09,8000.0,8020.5,Put VEX 1,VEX,-11952199.611,7401.498707150211,9250.889402669338
2026-08-18 10:11:09,8100.0,8120.75,Put VEX 5,VEX,-607547.427,7401.498707150211,9250.889402669338
2026-08-18 10:11:09,8200.0,8221.0,Put VEX 4,VEX,-807732.195,7401.498707150211,9250.889402669338
2026-08-18 10:11:09,8500.0,8521.75,Put DEX 2,DEX,-102.14,7401.498707150211,9250.889402669338
2026-08-18 10:11:59,7000.0,7018.25,Call DEX 1,DEX,565.51,7405.257688386395,9251.536645701066
2026-08-18 10:11:59,7000.0,7018.25,Put GEX 1,GEX,-677080.119,7405.257688386395,9251.536645701066
2026-08-18 10:11:59,7000.0,7018.25,Call VEX 1,VEX,6705636.731,7405.257688386395,9251.536645701066
2026-08-18 10:11:59,7300.0,7319.0,Call VEX 5,VEX,1977888.727,7405.257688386395,9251.536645701066
2026-08-18 10:11:59,7400.0,7419.25,Call VEX 4,VEX,2438009.868,7405.257688386395,9251.536645701066
2026-08-18 10:11:59,7450.0,7469.25,Call DEX 5,DEX,269.276,7405.257688386395,9251.536645701066
2026-08-18 10:11:59,7500.0,7519.5,Call CEX 4,CEX,1558963.624,7405.257688386395,9251.536645701066
2026-08-18 10:11:59,7500.0,7519.5,Call DEX 2,DEX,554.901,7405.257688386395,9251.536645701066
2026-08-18 10:11:59,7500.0,7519.5,Put GEX 5,GEX,-412211.34,7405.257688386395,9251.536645701066
2026-08-18 10:11:59,7500.0,7519.5,Call VEX 2,VEX,3562007.141,7405.257688386395,9251.536645701066
2026-08-18 10:11:59,7550.0,7569.5,Call DEX 4,DEX,297.182,7405.257688386395,9251.536645701066
2026-08-18 10:11:59,7600.0,7619.75,Call CEX 3,CEX,1847102.413,7405.257688386395,9251.536645701066
2026-08-18 10:11:59,7600.0,7619.75,Call DEX 3,DEX,457.058,7405.257688386395,9251.536645701066
2026-08-18 10:11:59,7600.0,7619.75,Call VEX 3,VEX,2654266.556,7405.257688386395,9251.536645701066
2026-08-18 10:11:59,7635.0,7654.75,Call CEX 1,CEX,2428218.522,7405.257688386395,9251.536645701066
2026-08-18 10:11:59,7650.0,7669.75,Call CEX 2,CEX,1889937.938,7405.257688386395,9251.536645701066
2026-08-18 10:11:59,7700.0,7720.0,Call CEX 5,CEX,1321832.903,7405.257688386395,9251.536645701066
2026-08-18 10:11:59,7700.0,7720.0,Put GEX 3,GEX,-454467.78,7405.257688386395,9251.536645701066
2026-08-18 10:11:59,7710.0,7730.0,Put GEX 4,GEX,-435970.886,7405.257688386395,9251.536645701066
2026-08-18 10:11:59,7720.0,7740.0,Put CEX 5,CEX,-1349546.867,7405.257688386395,9251.536645701066
2026-08-18 10:11:59,7720.0,7740.0,Put DEX 4,DEX,-42.75,7405.257688386395,9251.536645701066
2026-08-18 10:11:59,7720.0,7740.0,Put GEX 2,GEX,-493344.212,7405.257688386395,9251.536645701066
2026-08-18 10:11:59,7725.0,7745.0,Put CEX 2,CEX,-2150825.162,7405.257688386395,9251.536645701066
2026-08-18 10:11:59,7735.0,7755.0,Put DEX 3,DEX,-47.52,7405.257688386395,9251.536645701066
2026-08-18 10:11:59,7750.0,7770.0,Put CEX 4,CEX,-1925500.697,7405.257688386395,9251.536645701066
2026-08-18 10:11:59,7750.0,7770.0,Call GEX 5,GEX,297870.173,7405.257688386395,9251.536645701066
2026-08-18 10:11:59,7775.0,7795.25,Call GEX 4,GEX,302868.855,7405.257688386395,9251.536645701066
2026-08-18 10:11:59,7800.0,7820.25,Put CEX 3,CEX,-1974703.564,7405.257688386395,9251.536645701066
2026-08-18 10:11:59,7800.0,7820.25,Put DEX 5,DEX,-29.613,7405.257688386395,9251.536645701066
2026-08-18 10:11:59,7800.0,7820.25,Call GEX 2,GEX,575099.225,7405.257688386395,9251.536645701066
2026-08-18 10:11:59,7800.0,7820.25,Put VEX 3,VEX,-1231779.907,7405.257688386395,9251.536645701066
2026-08-18 10:11:59,7850.0,7870.25,Call GEX 3,GEX,328605.214,7405.257688386395,9251.536645701066
2026-08-18 10:11:59,7900.0,7920.5,Call GEX 1,GEX,734218.842,7405.257688386395,9251.536645701066
2026-08-18 10:11:59,7900.0,7920.5,Put VEX 2,VEX,-1232804.467,7405.257688386395,9251.536645701066
2026-08-18 10:11:59,8000.0,8020.75,Put CEX 1,CEX,-5232946.564,7405.257688386395,9251.536645701066
2026-08-18 10:11:59,8000.0,8020.75,Put DEX 1,DEX,-2564.507,7405.257688386395,9251.536645701066
2026-08-18 10:11:59,8000.0,8020.75,Put VEX 1,VEX,-12061004.672,7405.257688386395,9251.536645701066
2026-08-18 10:11:59,8100.0,8121.0,Put VEX 5,VEX,-607279.49,7405.257688386395,9251.536645701066
2026-08-18 10:11:59,8200.0,8221.25,Put VEX 4,VEX,-805597.006,7405.257688386395,9251.536645701066
2026-08-18 10:11:59,8500.0,8522.0,Put DEX 2,DEX,-101.791,7405.257688386395,9251.536645701066
2026-08-18 10:12:51,7000.0,7018.0,Call CEX 5,CEX,1311143.719,7403.526999320669,9250.79858269636
2026-08-18 10:12:51,7000.0,7018.0,Call DEX 1,DEX,563.115,7403.526999320669,9250.79858269636
2026-08-18 10:12:51,7000.0,7018.0,Put GEX 1,GEX,-671509.983,7403.526999320669,9250.79858269636
2026-08-18 10:12:51,7000.0,7018.0,Call VEX 1,VEX,6753294.187,7403.526999320669,9250.79858269636
2026-08-18 10:12:51,7300.0,7318.75,Call VEX 5,VEX,1984737.002,7403.526999320669,9250.79858269636
2026-08-18 10:12:51,7400.0,7419.0,Call VEX 4,VEX,2457895.304,7403.526999320669,9250.79858269636
2026-08-18 10:12:51,7450.0,7469.0,Call DEX 5,DEX,265.545,7403.526999320669,9250.79858269636
2026-08-18 10:12:51,7500.0,7519.25,Call CEX 4,CEX,1452818.948,7403.526999320669,9250.79858269636
2026-08-18 10:12:51,7500.0,7519.25,Call DEX 2,DEX,555.908,7403.526999320669,9250.79858269636
2026-08-18 10:12:51,7500.0,7519.25,Put GEX 5,GEX,-436129.775,7403.526999320669,9250.79858269636
2026-08-18 10:12:51,7500.0,7519.25,Call VEX 2,VEX,3514990.452,7403.526999320669,9250.79858269636
2026-08-18 10:12:51,7550.0,7569.25,Call DEX 4,DEX,295.486,7403.526999320669,9250.79858269636
2026-08-18 10:12:51,7600.0,7619.5,Call CEX 3,CEX,1872421.242,7403.526999320669,9250.79858269636
2026-08-18 10:12:51,7600.0,7619.5,Call DEX 3,DEX,456.135,7403.526999320669,9250.79858269636
2026-08-18 10:12:51,7600.0,7619.5,Call VEX 3,VEX,2654176.463,7403.526999320669,9250.79858269636
2026-08-18 10:12:51,7635.0,7654.5,Call CEX 1,CEX,2443389.383,7403.526999320669,9250.79858269636
2026-08-18 10:12:51,7650.0,7669.75,Call CEX 2,CEX,1976518.699,7403.526999320669,9250.79858269636
2026-08-18 10:12:51,7700.0,7719.75,Put GEX 3,GEX,-479239.709,7403.526999320669,9250.79858269636
2026-08-18 10:12:51,7710.0,7729.75,Put GEX 4,GEX,-451471.472,7403.526999320669,9250.79858269636
2026-08-18 10:12:51,7720.0,7739.75,Put CEX 5,CEX,-1355400.765,7403.526999320669,9250.79858269636
2026-08-18 10:12:51,7720.0,7739.75,Put DEX 3,DEX,-43.461,7403.526999320669,9250.79858269636
2026-08-18 10:12:51,7720.0,7739.75,Put GEX 2,GEX,-493262.235,7403.526999320669,9250.79858269636
2026-08-18 10:12:51,7725.0,7744.75,Put CEX 4,CEX,-1899681.547,7403.526999320669,9250.79858269636
2026-08-18 10:12:51,7725.0,7744.75,Put DEX 5,DEX,-30.759,7403.526999320669,9250.79858269636
2026-08-18 10:12:51,7735.0,7754.75,Put DEX 4,DEX,-37.969,7403.526999320669,9250.79858269636
2026-08-18 10:12:51,7750.0,7770.0,Put CEX 3,CEX,-1929256.529,7403.526999320669,9250.79858269636
2026-08-18 10:12:51,7750.0,7770.0,Call GEX 5,GEX,292538.76,7403.526999320669,9250.79858269636
2026-08-18 10:12:51,7775.0,7795.0,Call GEX 4,GEX,300865.118,7403.526999320669,9250.79858269636
2026-08-18 10:12:51,7800.0,7820.0,Put CEX 2,CEX,-1967533.326,7403.526999320669,9250.79858269636
2026-08-18 10:12:51,7800.0,7820.0,Call GEX 2,GEX,570701.234,7403.526999320669,9250.79858269636
2026-08-18 10:12:51,7800.0,7820.0,Put VEX 3,VEX,-1232017.513,7403.526999320669,9250.79858269636
2026-08-18 10:12:51,7850.0,7870.25,Call GEX 3,GEX,327203.731,7403.526999320669,9250.79858269636
2026-08-18 10:12:51,7900.0,7920.25,Call GEX 1,GEX,732176.637,7403.526999320669,9250.79858269636
2026-08-18 10:12:51,7900.0,7920.25,Put VEX 2,VEX,-1234266.953,7403.526999320669,9250.79858269636
2026-08-18 10:12:51,8000.0,8020.5,Put CEX 1,CEX,-5083627.287,7403.526999320669,9250.79858269636
2026-08-18 10:12:51,8000.0,8020.5,Put DEX 1,DEX,-2568.572,7403.526999320669,9250.79858269636
2026-08-18 10:12:51,8000.0,8020.5,Put VEX 1,VEX,-11986405.379,7403.526999320669,9250.79858269636
2026-08-18 10:12:51,8100.0,8120.75,Put VEX 5,VEX,-605974.877,7403.526999320669,9250.79858269636
2026-08-18 10:12:51,8200.0,8221.0,Put VEX 4,VEX,-805795.35,7403.526999320669,9250.79858269636
2026-08-18 10:12:51,8500.0,8521.75,Put DEX 2,DEX,-101.995,7403.526999320669,9250.79858269636
2026-08-18 10:13:40,7000.0,7018.0,Call DEX 1,DEX,565.972,7450.814741986671,9249.46673142133
2026-08-18 10:13:40,7000.0,7018.0,Put GEX 1,GEX,-677540.285,7450.814741986671,9249.46673142133
2026-08-18 10:13:40,7000.0,7018.0,Call VEX 1,VEX,6697194.54,7450.814741986671,9249.46673142133
2026-08-18 10:13:40,7300.0,7318.75,Call VEX 5,VEX,1978807.47,7450.814741986671,9249.46673142133
2026-08-18 10:13:40,7400.0,7419.0,Call VEX 4,VEX,2434574.144,7450.814741986671,9249.46673142133
2026-08-18 10:13:40,7450.0,7469.0,Call DEX 5,DEX,266.511,7450.814741986671,9249.46673142133
2026-08-18 10:13:40,7500.0,7519.25,Call CEX 5,CEX,1363469.242,7450.814741986671,9249.46673142133
2026-08-18 10:13:40,7500.0,7519.25,Call DEX 2,DEX,559.025,7450.814741986671,9249.46673142133
2026-08-18 10:13:40,7500.0,7519.25,Put GEX 3,GEX,-452820.43,7450.814741986671,9249.46673142133
2026-08-18 10:13:40,7500.0,7519.25,Call VEX 2,VEX,3476918.679,7450.814741986671,9249.46673142133
2026-08-18 10:13:40,7550.0,7569.25,Call DEX 4,DEX,297.696,7450.814741986671,9249.46673142133
2026-08-18 10:13:40,7600.0,7619.5,Call CEX 3,CEX,1810012.738,7450.814741986671,9249.46673142133
2026-08-18 10:13:40,7600.0,7619.5,Call DEX 3,DEX,459.443,7450.814741986671,9249.46673142133
2026-08-18 10:13:40,7600.0,7619.5,Call VEX 3,VEX,2652901.169,7450.814741986671,9249.46673142133
2026-08-18 10:13:40,7635.0,7654.5,Call CEX 1,CEX,2435600.919,7450.814741986671,9249.46673142133
2026-08-18 10:13:40,7650.0,7669.5,Call CEX 2,CEX,1890056.627,7450.814741986671,9249.46673142133
2026-08-18 10:13:40,7700.0,7719.75,Call CEX 4,CEX,1445080.28,7450.814741986671,9249.46673142133
2026-08-18 10:13:40,7700.0,7719.75,Put GEX 4,GEX,-448767.358,7450.814741986671,9249.46673142133
2026-08-18 10:13:40,7710.0,7729.75,Put GEX 5,GEX,-435448.385,7450.814741986671,9249.46673142133
2026-08-18 10:13:40,7720.0,7739.75,Put CEX 5,CEX,-1344255.751,7450.814741986671,9249.46673142133
2026-08-18 10:13:40,7720.0,7739.75,Put DEX 4,DEX,-42.245,7450.814741986671,9249.46673142133
2026-08-18 10:13:40,7720.0,7739.75,Put GEX 2,GEX,-500118.115,7450.814741986671,9249.46673142133
2026-08-18 10:13:40,7725.0,7744.75,Put CEX 3,CEX,-2193128.064,7450.814741986671,9249.46673142133
2026-08-18 10:13:40,7725.0,7744.75,Put DEX 5,DEX,-28.446,7450.814741986671,9249.46673142133
2026-08-18 10:13:40,7735.0,7754.75,Put DEX 3,DEX,-47.185,7450.814741986671,9249.46673142133
2026-08-18 10:13:40,7750.0,7769.75,Put CEX 2,CEX,-2465484.579,7450.814741986671,9249.46673142133
2026-08-18 10:13:40,7750.0,7769.75,Call GEX 5,GEX,265510.553,7450.814741986671,9249.46673142133
2026-08-18 10:13:40,7775.0,7795.0,Call GEX 4,GEX,305477.59,7450.814741986671,9249.46673142133
2026-08-18 10:13:40,7800.0,7820.0,Put CEX 4,CEX,-1982010.569,7450.814741986671,9249.46673142133
2026-08-18 10:13:40,7800.0,7820.0,Call GEX 2,GEX,575654.995,7450.814741986671,9249.46673142133
2026-08-18 10:13:40,7800.0,7820.0,Put VEX 3,VEX,-1229781.689,7450.814741986671,9249.46673142133
2026-08-18 10:13:40,7850.0,7870.0,Call GEX 3,GEX,328964.895,7450.814741986671,9249.46673142133
2026-08-18 10:13:40,7900.0,7920.25,Call GEX 1,GEX,735421.552,7450.814741986671,9249.46673142133
2026-08-18 10:13:40,7900.0,7920.25,Put VEX 2,VEX,-1232549.403,7450.814741986671,9249.46673142133
2026-08-18 10:13:40,8000.0,8020.5,Put CEX 1,CEX,-5312869.362,7450.814741986671,9249.46673142133
2026-08-18 10:13:40,8000.0,8020.5,Put DEX 1,DEX,-2560.812,7450.814741986671,9249.46673142133
2026-08-18 10:13:40,8000.0,8020.5,Put VEX 1,VEX,-12096226.358,7450.814741986671,9249.46673142133
2026-08-18 10:13:40,8100.0,8120.75,Put VEX 5,VEX,-610539.823,7450.814741986671,9249.46673142133
2026-08-18 10:13:40,8200.0,8221.0,Put VEX 4,VEX,-806710.663,7450.814741986671,9249.46673142133
2026-08-18 10:13:40,8500.0,8521.75,Put DEX 2,DEX,-101.719,7450.814741986671,9249.46673142133
2026-08-18 10:14:28,7000.0,7018.0,Call DEX 1,DEX,565.231,7404.279942514647,9250.16947677202
2026-08-18 10:14:28,7000.0,7018.0,Put GEX 1,GEX,-676057.027,7404.279942514647,9250.16947677202
2026-08-18 10:14:28,7000.0,7018.0,Call VEX 1,VEX,6712006.323,7404.279942514647,9250.16947677202
2026-08-18 10:14:28,7300.0,7318.75,Call VEX 5,VEX,1979690.679,7404.279942514647,9250.16947677202
2026-08-18 10:14:28,7400.0,7419.0,Call VEX 4,VEX,2451534.402,7404.279942514647,9250.16947677202
2026-08-18 10:14:28,7450.0,7469.25,Call DEX 5,DEX,265.976,7404.279942514647,9250.16947677202
2026-08-18 10:14:28,7500.0,7519.25,Call CEX 4,CEX,1486636.121,7404.279942514647,9250.16947677202
2026-08-18 10:14:28,7500.0,7519.25,Call DEX 2,DEX,556.694,7404.279942514647,9250.16947677202
2026-08-18 10:14:28,7500.0,7519.25,Put GEX 5,GEX,-424680.49,7404.279942514647,9250.16947677202
2026-08-18 10:14:28,7500.0,7519.25,Call VEX 2,VEX,3536054.494,7404.279942514647,9250.16947677202
2026-08-18 10:14:28,7550.0,7569.5,Call DEX 4,DEX,297.296,7404.279942514647,9250.16947677202
2026-08-18 10:14:28,7600.0,7619.5,Call CEX 3,CEX,1861341.403,7404.279942514647,9250.16947677202
2026-08-18 10:14:28,7600.0,7619.5,Call DEX 3,DEX,457.81,7404.279942514647,9250.16947677202
2026-08-18 10:14:28,7600.0,7619.5,Call VEX 3,VEX,2658382.558,7404.279942514647,9250.16947677202
2026-08-18 10:14:28,7635.0,7654.5,Call CEX 1,CEX,2450141.442,7404.279942514647,9250.16947677202
2026-08-18 10:14:28,7650.0,7669.75,Call CEX 2,CEX,1906396.664,7404.279942514647,9250.16947677202
2026-08-18 10:14:28,7700.0,7719.75,Call CEX 5,CEX,1401085.314,7404.279942514647,9250.16947677202
2026-08-18 10:14:28,7700.0,7719.75,Put GEX 3,GEX,-469789.897,7404.279942514647,9250.16947677202
2026-08-18 10:14:28,7710.0,7729.75,Put GEX 4,GEX,-451338.037,7404.279942514647,9250.16947677202
2026-08-18 10:14:28,7720.0,7739.75,Put CEX 5,CEX,-1360542.122,7404.279942514647,9250.16947677202
2026-08-18 10:14:28,7720.0,7739.75,Put DEX 4,DEX,-42.83,7404.279942514647,9250.16947677202
2026-08-18 10:14:28,7720.0,7739.75,Put GEX 2,GEX,-498774.591,7404.279942514647,9250.16947677202
2026-08-18 10:14:28,7725.0,7744.75,Put CEX 2,CEX,-2067955.101,7404.279942514647,9250.16947677202
2026-08-18 10:14:28,7725.0,7744.75,Put DEX 5,DEX,-29.576,7404.279942514647,9250.16947677202
2026-08-18 10:14:28,7735.0,7754.75,Put DEX 3,DEX,-47.711,7404.279942514647,9250.16947677202
2026-08-18 10:14:28,7750.0,7770.0,Put CEX 4,CEX,-1928018.057,7404.279942514647,9250.16947677202
2026-08-18 10:14:28,7750.0,7770.0,Call GEX 5,GEX,295579.328,7404.279942514647,9250.16947677202
2026-08-18 10:14:28,7775.0,7795.0,Call GEX 4,GEX,303261.172,7404.279942514647,9250.16947677202
2026-08-18 10:14:28,7800.0,7820.0,Put CEX 3,CEX,-1974768.379,7404.279942514647,9250.16947677202
2026-08-18 10:14:28,7800.0,7820.0,Call GEX 2,GEX,573724.09,7404.279942514647,9250.16947677202
2026-08-18 10:14:28,7800.0,7820.0,Put VEX 3,VEX,-1228927.872,7404.279942514647,9250.16947677202
2026-08-18 10:14:28,7850.0,7870.25,Call GEX 3,GEX,328407.952,7404.279942514647,9250.16947677202
2026-08-18 10:14:28,7900.0,7920.25,Call GEX 1,GEX,734176.744,7404.279942514647,9250.16947677202
2026-08-18 10:14:28,7900.0,7920.25,Put VEX 2,VEX,-1233431.155,7404.279942514647,9250.16947677202
2026-08-18 10:14:28,8000.0,8020.5,Put CEX 1,CEX,-5160018.731,7404.279942514647,9250.16947677202
2026-08-18 10:14:28,8000.0,8020.5,Put DEX 1,DEX,-2567.059,7404.279942514647,9250.16947677202
2026-08-18 10:14:28,8000.0,8020.5,Put VEX 1,VEX,-12024739.324,7404.279942514647,9250.16947677202
2026-08-18 10:14:28,8100.0,8120.75,Put VEX 5,VEX,-610382.344,7404.279942514647,9250.16947677202
2026-08-18 10:14:28,8200.0,8221.0,Put VEX 4,VEX,-806335.352,7404.279942514647,9250.16947677202
2026-08-18 10:14:28,8500.0,8521.75,Put DEX 2,DEX,-101.936,7404.279942514647,9250.16947677202
2026-08-18 10:15:20,7000.0,7018.0,Call DEX 1,DEX,565.091,7403.873859058761,9250.891651599051
2026-08-18 10:15:20,7000.0,7018.0,Put GEX 1,GEX,-677772.912,7403.873859058761,9250.891651599051
2026-08-18 10:15:20,7000.0,7018.0,Call VEX 1,VEX,6708475.878,7403.873859058761,9250.891651599051
2026-08-18 10:15:20,7300.0,7318.75,Call VEX 5,VEX,1983845.389,7403.873859058761,9250.891651599051
2026-08-18 10:15:20,7400.0,7419.0,Call VEX 4,VEX,2452073.699,7403.873859058761,9250.891651599051
2026-08-18 10:15:20,7450.0,7469.25,Call DEX 5,DEX,268.865,7403.873859058761,9250.891651599051
2026-08-18 10:15:20,7500.0,7519.25,Call CEX 4,CEX,1581882.062,7403.873859058761,9250.891651599051
2026-08-18 10:15:20,7500.0,7519.25,Call DEX 2,DEX,553.621,7403.873859058761,9250.891651599051
2026-08-18 10:15:20,7500.0,7519.25,Put GEX 5,GEX,-399156.969,7403.873859058761,9250.891651599051
2026-08-18 10:15:20,7500.0,7519.25,Call VEX 2,VEX,3585089.865,7403.873859058761,9250.891651599051
2026-08-18 10:15:20,7550.0,7569.5,Call DEX 4,DEX,296.326,7403.873859058761,9250.891651599051
2026-08-18 10:15:20,7600.0,7619.5,Call CEX 3,CEX,1875657.499,7403.873859058761,9250.891651599051
2026-08-18 10:15:20,7600.0,7619.5,Call DEX 3,DEX,456.33,7403.873859058761,9250.891651599051
2026-08-18 10:15:20,7600.0,7619.5,Call VEX 3,VEX,2654844.965,7403.873859058761,9250.891651599051
2026-08-18 10:15:20,7635.0,7654.75,Call CEX 1,CEX,2463320.266,7403.873859058761,9250.891651599051
2026-08-18 10:15:20,7650.0,7669.75,Call CEX 2,CEX,1907738.928,7403.873859058761,9250.891651599051
2026-08-18 10:15:20,7700.0,7719.75,Call CEX 5,CEX,1341990.121,7403.873859058761,9250.891651599051
2026-08-18 10:15:20,7700.0,7719.75,Put GEX 3,GEX,-473127.811,7403.873859058761,9250.891651599051
2026-08-18 10:15:20,7710.0,7729.75,Put GEX 4,GEX,-448092.209,7403.873859058761,9250.891651599051
2026-08-18 10:15:20,7720.0,7740.0,Put CEX 5,CEX,-1368990.159,7403.873859058761,9250.891651599051
2026-08-18 10:15:20,7720.0,7740.0,Put DEX 4,DEX,-43.12,7403.873859058761,9250.891651599051
2026-08-18 10:15:20,7720.0,7740.0,Put GEX 2,GEX,-494067.698,7403.873859058761,9250.891651599051
2026-08-18 10:15:20,7725.0,7745.0,Put CEX 2,CEX,-2058611.424,7403.873859058761,9250.891651599051
2026-08-18 10:15:20,7735.0,7755.0,Put DEX 3,DEX,-47.974,7403.873859058761,9250.891651599051
2026-08-18 10:15:20,7750.0,7770.0,Put CEX 4,CEX,-1934631.824,7403.873859058761,9250.891651599051
2026-08-18 10:15:20,7750.0,7770.0,Call GEX 5,GEX,295313.574,7403.873859058761,9250.891651599051
2026-08-18 10:15:20,7775.0,7795.0,Call GEX 4,GEX,301656.629,7403.873859058761,9250.891651599051
2026-08-18 10:15:20,7800.0,7820.0,Put CEX 3,CEX,-1973494.784,7403.873859058761,9250.891651599051
2026-08-18 10:15:20,7800.0,7820.0,Put DEX 5,DEX,-30.219,7403.873859058761,9250.891651599051
2026-08-18 10:15:20,7800.0,7820.0,Call GEX 2,GEX,573388.669,7403.873859058761,9250.891651599051
2026-08-18 10:15:20,7800.0,7820.0,Put VEX 3,VEX,-1231501.999,7403.873859058761,9250.891651599051
2026-08-18 10:15:20,7850.0,7870.25,Call GEX 3,GEX,327609.195,7403.873859058761,9250.891651599051
2026-08-18 10:15:20,7900.0,7920.25,Call GEX 1,GEX,733029.934,7403.873859058761,9250.891651599051
2026-08-18 10:15:20,7900.0,7920.25,Put VEX 2,VEX,-1233417.473,7403.873859058761,9250.891651599051
2026-08-18 10:15:20,8000.0,8020.5,Put CEX 1,CEX,-5170959.989,7403.873859058761,9250.891651599051
2026-08-18 10:15:20,8000.0,8020.5,Put DEX 1,DEX,-2568.784,7403.873859058761,9250.891651599051
2026-08-18 10:15:20,8000.0,8020.5,Put VEX 1,VEX,-12028852.889,7403.873859058761,9250.891651599051
2026-08-18 10:15:20,8100.0,8121.0,Put VEX 5,VEX,-609452.25,7403.873859058761,9250.891651599051
2026-08-18 10:15:20,8200.0,8221.25,Put VEX 4,VEX,-805358.156,7403.873859058761,9250.891651599051
2026-08-18 10:15:20,8500.0,8522.0,Put DEX 2,DEX,-101.993,7403.873859058761,9250.891651599051
2026-08-18 10:16:11,7000.0,7018.25,Call DEX 1,DEX,564.437,7402.33266511197,9253.451485714088
2026-08-18 10:16:11,7000.0,7018.25,Put GEX 1,GEX,-680781.005,7402.33266511197,9253.451485714088
2026-08-18 10:16:11,7000.0,7018.25,Call VEX 1,VEX,6704717.494,7402.33266511197,9253.451485714088
2026-08-18 10:16:11,7300.0,7319.0,Call DEX 4,DEX,297.391,7402.33266511197,9253.451485714088
2026-08-18 10:16:11,7300.0,7319.0,Call VEX 5,VEX,2007773.487,7402.33266511197,9253.451485714088
2026-08-18 10:16:11,7400.0,7419.25,Call VEX 4,VEX,2448849.459,7402.33266511197,9253.451485714088
2026-08-18 10:16:11,7500.0,7519.5,Call CEX 4,CEX,1645475.415,7402.33266511197,9253.451485714088
2026-08-18 10:16:11,7500.0,7519.5,Call DEX 2,DEX,553.014,7402.33266511197,9253.451485714088
2026-08-18 10:16:11,7500.0,7519.5,Put GEX 5,GEX,-390209.732,7402.33266511197,9253.451485714088
2026-08-18 10:16:11,7500.0,7519.5,Call VEX 2,VEX,3605820.842,7402.33266511197,9253.451485714088
2026-08-18 10:16:11,7550.0,7569.75,Call CEX 5,CEX,1343447.155,7402.33266511197,9253.451485714088
2026-08-18 10:16:11,7550.0,7569.75,Call DEX 5,DEX,294.373,7402.33266511197,9253.451485714088
2026-08-18 10:16:11,7600.0,7620.0,Call CEX 3,CEX,1911176.889,7402.33266511197,9253.451485714088
2026-08-18 10:16:11,7600.0,7620.0,Call DEX 3,DEX,453.113,7402.33266511197,9253.451485714088
2026-08-18 10:16:11,7600.0,7620.0,Call VEX 3,VEX,2653666.3,7402.33266511197,9253.451485714088
2026-08-18 10:16:11,7635.0,7655.0,Call CEX 1,CEX,2491716.486,7402.33266511197,9253.451485714088
2026-08-18 10:16:11,7650.0,7670.0,Call CEX 2,CEX,1923069.63,7402.33266511197,9253.451485714088
2026-08-18 10:16:11,7700.0,7720.25,Put GEX 2,GEX,-509374.761,7402.33266511197,9253.451485714088
2026-08-18 10:16:11,7710.0,7730.25,Put GEX 4,GEX,-450718.881,7402.33266511197,9253.451485714088
2026-08-18 10:16:11,7720.0,7740.25,Put CEX 5,CEX,-1356971.207,7402.33266511197,9253.451485714088
2026-08-18 10:16:11,7720.0,7740.25,Put DEX 3,DEX,-44.432,7402.33266511197,9253.451485714088
2026-08-18 10:16:11,7720.0,7740.25,Put GEX 3,GEX,-476147.563,7402.33266511197,9253.451485714088
2026-08-18 10:16:11,7725.0,7745.25,Put CEX 4,CEX,-1672638.207,7402.33266511197,9253.451485714088
2026-08-18 10:16:11,7735.0,7755.25,Put DEX 4,DEX,-38.742,7402.33266511197,9253.451485714088
2026-08-18 10:16:11,7750.0,7770.25,Put CEX 3,CEX,-1946134.912,7402.33266511197,9253.451485714088
2026-08-18 10:16:11,7750.0,7770.25,Call GEX 5,GEX,292426.485,7402.33266511197,9253.451485714088
2026-08-18 10:16:11,7775.0,7795.25,Call GEX 4,GEX,297671.885,7402.33266511197,9253.451485714088
2026-08-18 10:16:11,7800.0,7820.5,Put CEX 2,CEX,-1956408.128,7402.33266511197,9253.451485714088
2026-08-18 10:16:11,7800.0,7820.5,Put DEX 5,DEX,-33.208,7402.33266511197,9253.451485714088
2026-08-18 10:16:11,7800.0,7820.5,Call GEX 2,GEX,572692.899,7402.33266511197,9253.451485714088
2026-08-18 10:16:11,7800.0,7820.5,Put VEX 3,VEX,-1234615.755,7402.33266511197,9253.451485714088
2026-08-18 10:16:11,7850.0,7870.5,Call GEX 3,GEX,325489.861,7402.33266511197,9253.451485714088
2026-08-18 10:16:11,7900.0,7920.75,Call GEX 1,GEX,730338.73,7402.33266511197,9253.451485714088
2026-08-18 10:16:11,7900.0,7920.75,Put VEX 2,VEX,-1234868.172,7402.33266511197,9253.451485714088
2026-08-18 10:16:11,8000.0,8021.0,Put CEX 1,CEX,-4994355.01,7402.33266511197,9253.451485714088
2026-08-18 10:16:11,8000.0,8021.0,Put DEX 1,DEX,-2576.504,7402.33266511197,9253.451485714088
2026-08-18 10:16:11,8000.0,8021.0,Put VEX 1,VEX,-11946146.26,7402.33266511197,9253.451485714088
2026-08-18 10:16:11,8100.0,8121.25,Put VEX 5,VEX,-605284.226,7402.33266511197,9253.451485714088
2026-08-18 10:16:11,8200.0,8221.5,Put VEX 4,VEX,-802385.127,7402.33266511197,9253.451485714088
2026-08-18 10:16:11,8500.0,8522.25,Put DEX 2,DEX,-102.159,7402.33266511197,9253.451485714088
2026-08-18 10:17:06,7000.0,7018.0,Call DEX 1,DEX,559.299,7403.29944796505,9253.157818001497
2026-08-18 10:17:06,7000.0,7018.0,Put GEX 1,GEX,-673315.615,7403.29944796505,9253.157818001497
2026-08-18 10:17:06,7000.0,7018.0,Call VEX 1,VEX,6792500.395,7403.29944796505,9253.157818001497
2026-08-18 10:17:06,7300.0,7318.75,Call DEX 4,DEX,296.25,7403.29944796505,9253.157818001497
2026-08-18 10:17:06,7300.0,7318.75,Call VEX 5,VEX,2002192.861,7403.29944796505,9253.157818001497
2026-08-18 10:17:06,7400.0,7419.0,Call VEX 4,VEX,2467500.894,7403.29944796505,9253.157818001497
2026-08-18 10:17:06,7500.0,7519.25,Call CEX 4,CEX,1660485.59,7403.29944796505,9253.157818001497
2026-08-18 10:17:06,7500.0,7519.25,Call DEX 2,DEX,550.288,7403.29944796505,9253.157818001497
2026-08-18 10:17:06,7500.0,7519.25,Put GEX 5,GEX,-393379.083,7403.29944796505,9253.157818001497
2026-08-18 10:17:06,7500.0,7519.25,Call VEX 2,VEX,3605284.287,7403.29944796505,9253.157818001497
2026-08-18 10:17:06,7550.0,7569.5,Call CEX 5,CEX,1355455.951,7403.29944796505,9253.157818001497
2026-08-18 10:17:06,7550.0,7569.5,Call DEX 5,DEX,292.649,7403.29944796505,9253.157818001497
2026-08-18 10:17:06,7600.0,7619.5,Call CEX 3,CEX,1930265.297,7403.29944796505,9253.157818001497
2026-08-18 10:17:06,7600.0,7619.5,Call DEX 3,DEX,449.008,7403.29944796505,9253.157818001497
2026-08-18 10:17:06,7600.0,7619.5,Call VEX 3,VEX,2641538.666,7403.29944796505,9253.157818001497
2026-08-18 10:17:06,7635.0,7654.5,Call CEX 1,CEX,2768592.568,7403.29944796505,9253.157818001497
2026-08-18 10:17:06,7650.0,7669.75,Call CEX 2,CEX,2076207.879,7403.29944796505,9253.157818001497
2026-08-18 10:17:06,7700.0,7719.75,Put GEX 2,GEX,-541593.241,7403.29944796505,9253.157818001497
2026-08-18 10:17:06,7710.0,7729.75,Put CEX 5,CEX,-1051784.716,7403.29944796505,9253.157818001497
2026-08-18 10:17:06,7710.0,7729.75,Put GEX 3,GEX,-448592.023,7403.29944796505,9253.157818001497
2026-08-18 10:17:06,7720.0,7739.75,Put CEX 4,CEX,-1158737.116,7403.29944796505,9253.157818001497
2026-08-18 10:17:06,7720.0,7739.75,Put DEX 3,DEX,-46.297,7403.29944796505,9253.157818001497
2026-08-18 10:17:06,7720.0,7739.75,Put GEX 4,GEX,-424730.621,7403.29944796505,9253.157818001497
2026-08-18 10:17:06,7735.0,7754.75,Put DEX 4,DEX,-39.481,7403.29944796505,9253.157818001497
2026-08-18 10:17:06,7750.0,7770.0,Put CEX 2,CEX,-1957400.51,7403.29944796505,9253.157818001497
2026-08-18 10:17:06,7750.0,7770.0,Call GEX 4,GEX,288333.567,7403.29944796505,9253.157818001497
2026-08-18 10:17:06,7750.0,7770.0,Put VEX 5,VEX,-607650.594,7403.29944796505,9253.157818001497
2026-08-18 10:17:06,7775.0,7795.0,Call GEX 5,GEX,287397.988,7403.29944796505,9253.157818001497
2026-08-18 10:17:06,7800.0,7820.0,Put CEX 3,CEX,-1938991.922,7403.29944796505,9253.157818001497
2026-08-18 10:17:06,7800.0,7820.0,Put DEX 5,DEX,-36.083,7403.29944796505,9253.157818001497
2026-08-18 10:17:06,7800.0,7820.0,Call GEX 2,GEX,561505.826,7403.29944796505,9253.157818001497
2026-08-18 10:17:06,7800.0,7820.0,Put VEX 2,VEX,-1241415.218,7403.29944796505,9253.157818001497
2026-08-18 10:17:06,7850.0,7870.25,Call GEX 3,GEX,322156.35,7403.29944796505,9253.157818001497
2026-08-18 10:17:06,7900.0,7920.25,Call GEX 1,GEX,723515.468,7403.29944796505,9253.157818001497
2026-08-18 10:17:06,7900.0,7920.25,Put VEX 3,VEX,-1235214.713,7403.29944796505,9253.157818001497
2026-08-18 10:17:06,8000.0,8020.5,Put CEX 1,CEX,-4852255.02,7403.29944796505,9253.157818001497
2026-08-18 10:17:06,8000.0,8020.5,Put DEX 1,DEX,-2588.302,7403.29944796505,9253.157818001497
2026-08-18 10:17:06,8000.0,8020.5,Put VEX 1,VEX,-11889388.108,7403.29944796505,9253.157818001497
2026-08-18 10:17:06,8200.0,8221.0,Put VEX 4,VEX,-800302.412,7403.29944796505,9253.157818001497
2026-08-18 10:17:06,8500.0,8521.75,Put DEX 2,DEX,-102.273,7403.29944796505,9253.157818001497
2026-08-18 10:18:04,7000.0,7018.0,Call DEX 1,DEX,561.377,7403.739025775433,9253.002791040384
2026-08-18 10:18:04,7000.0,7018.0,Put GEX 1,GEX,-678626.041,7403.739025775433,9253.002791040384
2026-08-18 10:18:04,7000.0,7018.0,Call VEX 1,VEX,6749366.775,7403.739025775433,9253.002791040384
2026-08-18 10:18:04,7300.0,7319.0,Call DEX 4,DEX,296.836,7403.739025775433,9253.002791040384
2026-08-18 10:18:04,7300.0,7319.0,Call VEX 5,VEX,1994947.037,7403.739025775433,9253.002791040384
2026-08-18 10:18:04,7400.0,7419.25,Call VEX 4,VEX,2459273.926,7403.739025775433,9253.002791040384
2026-08-18 10:18:04,7500.0,7519.5,Call CEX 4,CEX,1659466.251,7403.739025775433,9253.002791040384
2026-08-18 10:18:04,7500.0,7519.5,Call DEX 2,DEX,551.065,7403.739025775433,9253.002791040384
2026-08-18 10:18:04,7500.0,7519.5,Put GEX 5,GEX,-390375.659,7403.739025775433,9253.002791040384
2026-08-18 10:18:04,7500.0,7519.5,Call VEX 2,VEX,3607549.186,7403.739025775433,9253.002791040384
2026-08-18 10:18:04,7550.0,7569.5,Call CEX 5,CEX,1348175.026,7403.739025775433,9253.002791040384
2026-08-18 10:18:04,7550.0,7569.5,Call DEX 5,DEX,293.133,7403.739025775433,9253.002791040384
2026-08-18 10:18:04,7600.0,7619.75,Call CEX 3,CEX,1979351.473,7403.739025775433,9253.002791040384
2026-08-18 10:18:04,7600.0,7619.75,Call DEX 3,DEX,449.668,7403.739025775433,9253.002791040384
2026-08-18 10:18:04,7600.0,7619.75,Call VEX 3,VEX,2644611.315,7403.739025775433,9253.002791040384
2026-08-18 10:18:04,7635.0,7654.75,Call CEX 1,CEX,2776561.981,7403.739025775433,9253.002791040384
2026-08-18 10:18:04,7650.0,7669.75,Call CEX 2,CEX,2078720.999,7403.739025775433,9253.002791040384
2026-08-18 10:18:04,7700.0,7720.0,Put GEX 2,GEX,-545712.071,7403.739025775433,9253.002791040384
2026-08-18 10:18:04,7710.0,7730.0,Put CEX 5,CEX,-1054262.458,7403.739025775433,9253.002791040384
2026-08-18 10:18:04,7710.0,7730.0,Put GEX 3,GEX,-452282.754,7403.739025775433,9253.002791040384
2026-08-18 10:18:04,7720.0,7740.0,Put CEX 4,CEX,-1227063.258,7403.739025775433,9253.002791040384
2026-08-18 10:18:04,7720.0,7740.0,Put DEX 3,DEX,-46.062,7403.739025775433,9253.002791040384
2026-08-18 10:18:04,7720.0,7740.0,Put GEX 4,GEX,-435377.792,7403.739025775433,9253.002791040384
2026-08-18 10:18:04,7735.0,7755.0,Put DEX 4,DEX,-39.543,7403.739025775433,9253.002791040384
2026-08-18 10:18:04,7750.0,7770.0,Put CEX 2,CEX,-1960137.284,7403.739025775433,9253.002791040384
2026-08-18 10:18:04,7750.0,7770.0,Call GEX 4,GEX,292478.17,7403.739025775433,9253.002791040384
2026-08-18 10:18:04,7750.0,7770.0,Put VEX 5,VEX,-607218.506,7403.739025775433,9253.002791040384
2026-08-18 10:18:04,7775.0,7795.0,Call GEX 5,GEX,288356.805,7403.739025775433,9253.002791040384
2026-08-18 10:18:04,7800.0,7820.25,Put CEX 3,CEX,-1937109.147,7403.739025775433,9253.002791040384
2026-08-18 10:18:04,7800.0,7820.25,Put DEX 5,DEX,-36.06,7403.739025775433,9253.002791040384
2026-08-18 10:18:04,7800.0,7820.25,Call GEX 2,GEX,563040.112,7403.739025775433,9253.002791040384
2026-08-18 10:18:04,7800.0,7820.25,Put VEX 2,VEX,-1240245.336,7403.739025775433,9253.002791040384
2026-08-18 10:18:04,7850.0,7870.25,Call GEX 3,GEX,322112.223,7403.739025775433,9253.002791040384
2026-08-18 10:18:04,7900.0,7920.5,Call GEX 1,GEX,722547.028,7403.739025775433,9253.002791040384
2026-08-18 10:18:04,7900.0,7920.5,Put VEX 3,VEX,-1232539.211,7403.739025775433,9253.002791040384
2026-08-18 10:18:04,8000.0,8020.75,Put CEX 1,CEX,-5026531.14,7403.739025775433,9253.002791040384
2026-08-18 10:18:04,8000.0,8020.75,Put DEX 1,DEX,-2582.982,7403.739025775433,9253.002791040384
2026-08-18 10:18:04,8000.0,8020.75,Put VEX 1,VEX,-11970611.57,7403.739025775433,9253.002791040384
2026-08-18 10:18:04,8200.0,8221.25,Put VEX 4,VEX,-799847.291,7403.739025775433,9253.002791040384
2026-08-18 10:18:04,8500.0,8522.0,Put DEX 2,DEX,-102.108,7403.739025775433,9253.002791040384
2026-08-18 10:19:02,7000.0,7018.0,Call CEX 5,CEX,1313413.472,7454.456722499868,9252.810216491658
2026-08-18 10:19:02,7000.0,7018.0,Call DEX 1,DEX,561.63,7454.456722499868,9252.810216491658
2026-08-18 10:19:02,7000.0,7018.0,Put GEX 1,GEX,-680267.899,7454.456722499868,9252.810216491658
2026-08-18 10:19:02,7000.0,7018.0,Call VEX 1,VEX,6739892.385,7454.456722499868,9252.810216491658
2026-08-18 10:19:02,7300.0,7318.75,Call DEX 4,DEX,297.666,7454.456722499868,9252.810216491658
2026-08-18 10:19:02,7300.0,7318.75,Call VEX 5,VEX,2001235.896,7454.456722499868,9252.810216491658
2026-08-18 10:19:02,7400.0,7419.0,Call VEX 4,VEX,2446082.922,7454.456722499868,9252.810216491658
2026-08-18 10:19:02,7500.0,7519.25,Call CEX 4,CEX,1478485.868,7454.456722499868,9252.810216491658
2026-08-18 10:19:02,7500.0,7519.25,Call DEX 2,DEX,553.018,7454.456722499868,9252.810216491658
2026-08-18 10:19:02,7500.0,7519.25,Put GEX 4,GEX,-438826.29,7454.456722499868,9252.810216491658
2026-08-18 10:19:02,7500.0,7519.25,Call VEX 2,VEX,3508737.128,7454.456722499868,9252.810216491658
2026-08-18 10:19:02,7550.0,7569.25,Call DEX 5,DEX,293.684,7454.456722499868,9252.810216491658
2026-08-18 10:19:02,7600.0,7619.5,Call CEX 3,CEX,1940616.546,7454.456722499868,9252.810216491658
2026-08-18 10:19:02,7600.0,7619.5,Call DEX 3,DEX,450.138,7454.456722499868,9252.810216491658
2026-08-18 10:19:02,7600.0,7619.5,Call VEX 3,VEX,2636608.902,7454.456722499868,9252.810216491658
2026-08-18 10:19:02,7635.0,7654.5,Call CEX 1,CEX,3011042.437,7454.456722499868,9252.810216491658
2026-08-18 10:19:02,7650.0,7669.5,Call CEX 2,CEX,2072578.496,7454.456722499868,9252.810216491658
2026-08-18 10:19:02,7700.0,7719.75,Put GEX 2,GEX,-504155.049,7454.456722499868,9252.810216491658
2026-08-18 10:19:02,7710.0,7729.75,Put GEX 5,GEX,-422137.249,7454.456722499868,9252.810216491658
2026-08-18 10:19:02,7720.0,7739.75,Put CEX 5,CEX,-1381146.34,7454.456722499868,9252.810216491658
2026-08-18 10:19:02,7720.0,7739.75,Put DEX 4,DEX,-45.49,7454.456722499868,9252.810216491658
2026-08-18 10:19:02,7720.0,7739.75,Put GEX 3,GEX,-451338.674,7454.456722499868,9252.810216491658
2026-08-18 10:19:02,7725.0,7744.75,Put CEX 2,CEX,-1969853.242,7454.456722499868,9252.810216491658
2026-08-18 10:19:02,7735.0,7754.75,Put DEX 3,DEX,-49.478,7454.456722499868,9252.810216491658
2026-08-18 10:19:02,7750.0,7769.75,Put CEX 4,CEX,-1912433.262,7454.456722499868,9252.810216491658
2026-08-18 10:19:02,7750.0,7769.75,Call GEX 4,GEX,295948.019,7454.456722499868,9252.810216491658
2026-08-18 10:19:02,7750.0,7769.75,Put VEX 5,VEX,-609536.937,7454.456722499868,9252.810216491658
2026-08-18 10:19:02,7775.0,7795.0,Call GEX 5,GEX,287469.104,7454.456722499868,9252.810216491658
2026-08-18 10:19:02,7800.0,7820.0,Put CEX 3,CEX,-1941647.856,7454.456722499868,9252.810216491658
2026-08-18 10:19:02,7800.0,7820.0,Put DEX 5,DEX,-36.265,7454.456722499868,9252.810216491658
2026-08-18 10:19:02,7800.0,7820.0,Call GEX 2,GEX,557695.972,7454.456722499868,9252.810216491658
2026-08-18 10:19:02,7800.0,7820.0,Put VEX 2,VEX,-1244046.868,7454.456722499868,9252.810216491658
2026-08-18 10:19:02,7850.0,7870.0,Call GEX 3,GEX,321135.232,7454.456722499868,9252.810216491658
2026-08-18 10:19:02,7900.0,7920.25,Call GEX 1,GEX,721481.522,7454.456722499868,9252.810216491658
2026-08-18 10:19:02,7900.0,7920.25,Put VEX 3,VEX,-1232084.548,7454.456722499868,9252.810216491658
2026-08-18 10:19:02,8000.0,8020.5,Put CEX 1,CEX,-5198443.219,7454.456722499868,9252.810216491658
2026-08-18 10:19:02,8000.0,8020.5,Put DEX 1,DEX,-2578.801,7454.456722499868,9252.810216491658
2026-08-18 10:19:02,8000.0,8020.5,Put VEX 1,VEX,-12055032.083,7454.456722499868,9252.810216491658
2026-08-18 10:19:02,8200.0,8221.0,Put VEX 4,VEX,-797950.996,7454.456722499868,9252.810216491658
2026-08-18 10:19:02,8500.0,8521.75,Put DEX 2,DEX,-101.849,7454.456722499868,9252.810216491658
2026-08-18 10:19:54,7000.0,7018.25,Call DEX 1,DEX,562.226,7434.750509801553,9252.746612535951
2026-08-18 10:19:54,7000.0,7018.25,Put GEX 1,GEX,-680558.96,7434.750509801553,9252.746612535951
2026-08-18 10:19:54,7000.0,7018.25,Call VEX 1,VEX,6730741.712,7434.750509801553,9252.746612535951
2026-08-18 10:19:54,7300.0,7319.0,Call DEX 4,DEX,299.029,7434.750509801553,9252.746612535951
2026-08-18 10:19:54,7300.0,7319.0,Call VEX 5,VEX,1981337.154,7434.750509801553,9252.746612535951
2026-08-18 10:19:54,7400.0,7419.25,Call VEX 4,VEX,2454699.984,7434.750509801553,9252.746612535951
2026-08-18 10:19:54,7500.0,7519.5,Call CEX 4,CEX,1628539.454,7434.750509801553,9252.746612535951
2026-08-18 10:19:54,7500.0,7519.5,Call DEX 2,DEX,549.252,7434.750509801553,9252.746612535951
2026-08-18 10:19:54,7500.0,7519.5,Put GEX 5,GEX,-398838.819,7434.750509801553,9252.746612535951
2026-08-18 10:19:54,7500.0,7519.5,Call VEX 2,VEX,3589905.314,7434.750509801553,9252.746612535951
2026-08-18 10:19:54,7550.0,7569.5,Call CEX 5,CEX,1336461.488,7434.750509801553,9252.746612535951
2026-08-18 10:19:54,7550.0,7569.5,Call DEX 5,DEX,293.115,7434.750509801553,9252.746612535951
2026-08-18 10:19:54,7600.0,7619.75,Call CEX 3,CEX,1967385.859,7434.750509801553,9252.746612535951
2026-08-18 10:19:54,7600.0,7619.75,Call DEX 3,DEX,449.318,7434.750509801553,9252.746612535951
2026-08-18 10:19:54,7600.0,7619.75,Call VEX 3,VEX,2640061.362,7434.750509801553,9252.746612535951
2026-08-18 10:19:54,7635.0,7654.75,Call CEX 1,CEX,3023482.398,7434.750509801553,9252.746612535951
2026-08-18 10:19:54,7650.0,7669.75,Call CEX 2,CEX,2085172.934,7434.750509801553,9252.746612535951
2026-08-18 10:19:54,7700.0,7720.0,Put GEX 2,GEX,-523570.79,7434.750509801553,9252.746612535951
2026-08-18 10:19:54,7710.0,7730.0,Put GEX 4,GEX,-437148.644,7434.750509801553,9252.746612535951
2026-08-18 10:19:54,7720.0,7740.0,Put CEX 5,CEX,-1328749.88,7434.750509801553,9252.746612535951
2026-08-18 10:19:54,7720.0,7740.0,Put DEX 3,DEX,-45.923,7434.750509801553,9252.746612535951
2026-08-18 10:19:54,7720.0,7740.0,Put GEX 3,GEX,-445291.183,7434.750509801553,9252.746612535951
2026-08-18 10:19:54,7725.0,7745.0,Put CEX 4,CEX,-1566446.765,7434.750509801553,9252.746612535951
2026-08-18 10:19:54,7735.0,7755.0,Put DEX 4,DEX,-39.775,7434.750509801553,9252.746612535951
2026-08-18 10:19:54,7750.0,7770.0,Put CEX 3,CEX,-1913684.034,7434.750509801553,9252.746612535951
2026-08-18 10:19:54,7750.0,7770.0,Call GEX 4,GEX,291527.376,7434.750509801553,9252.746612535951
2026-08-18 10:19:54,7750.0,7770.0,Put VEX 5,VEX,-609806.87,7434.750509801553,9252.746612535951
2026-08-18 10:19:54,7775.0,7795.25,Call GEX 5,GEX,287000.026,7434.750509801553,9252.746612535951
2026-08-18 10:19:54,7800.0,7820.25,Put CEX 2,CEX,-1938128.549,7434.750509801553,9252.746612535951
2026-08-18 10:19:54,7800.0,7820.25,Put DEX 5,DEX,-36.739,7434.750509801553,9252.746612535951
2026-08-18 10:19:54,7800.0,7820.25,Call GEX 2,GEX,559882.814,7434.750509801553,9252.746612535951
2026-08-18 10:19:54,7800.0,7820.25,Put VEX 2,VEX,-1242286.268,7434.750509801553,9252.746612535951
2026-08-18 10:19:54,7850.0,7870.5,Call GEX 3,GEX,320876.242,7434.750509801553,9252.746612535951
2026-08-18 10:19:54,7900.0,7920.5,Call GEX 1,GEX,721515.75,7434.750509801553,9252.746612535951
2026-08-18 10:19:54,7900.0,7920.5,Put VEX 3,VEX,-1232606.88,7434.750509801553,9252.746612535951
2026-08-18 10:19:54,8000.0,8020.75,Put CEX 1,CEX,-5128922.784,7434.750509801553,9252.746612535951
2026-08-18 10:19:54,8000.0,8020.75,Put DEX 1,DEX,-2580.147,7434.750509801553,9252.746612535951
2026-08-18 10:19:54,8000.0,8020.75,Put VEX 1,VEX,-12021336.659,7434.750509801553,9252.746612535951
2026-08-18 10:19:54,8200.0,8221.25,Put VEX 4,VEX,-797627.493,7434.750509801553,9252.746612535951
2026-08-18 10:19:54,8500.0,8522.0,Put DEX 2,DEX,-101.922,7434.750509801553,9252.746612535951
2026-08-18 10:20:40,7000.0,7018.5,Call DEX 1,DEX,561.715,7404.271210394715,9252.171190307332
2026-08-18 10:20:40,7000.0,7018.5,Put GEX 1,GEX,-679948.95,7404.271210394715,9252.171190307332
2026-08-18 10:20:40,7000.0,7018.5,Call VEX 1,VEX,6740060.159,7404.271210394715,9252.171190307332
2026-08-18 10:20:40,7300.0,7319.25,Call VEX 5,VEX,1988270.259,7404.271210394715,9252.171190307332
2026-08-18 10:20:40,7400.0,7419.5,Call VEX 4,VEX,2455065.835,7404.271210394715,9252.171190307332
2026-08-18 10:20:40,7450.0,7469.5,Call DEX 4,DEX,341.044,7404.271210394715,9252.171190307332
2026-08-18 10:20:40,7500.0,7519.75,Call CEX 4,CEX,1675272.311,7404.271210394715,9252.171190307332
2026-08-18 10:20:40,7500.0,7519.75,Call DEX 2,DEX,548.489,7404.271210394715,9252.171190307332
2026-08-18 10:20:40,7500.0,7519.75,Put GEX 5,GEX,-387805.061,7404.271210394715,9252.171190307332
2026-08-18 10:20:40,7500.0,7519.75,Call VEX 2,VEX,3613992.522,7404.271210394715,9252.171190307332
2026-08-18 10:20:40,7550.0,7570.0,Call CEX 5,CEX,1365840.098,7404.271210394715,9252.171190307332
2026-08-18 10:20:40,7550.0,7570.0,Call DEX 5,DEX,294.335,7404.271210394715,9252.171190307332
2026-08-18 10:20:40,7600.0,7620.0,Call CEX 3,CEX,1994731.353,7404.271210394715,9252.171190307332
2026-08-18 10:20:40,7600.0,7620.0,Call DEX 3,DEX,449.477,7404.271210394715,9252.171190307332
2026-08-18 10:20:40,7600.0,7620.0,Call VEX 3,VEX,2645654.168,7404.271210394715,9252.171190307332
2026-08-18 10:20:40,7635.0,7655.0,Call CEX 1,CEX,3030993.921,7404.271210394715,9252.171190307332
2026-08-18 10:20:40,7650.0,7670.25,Call CEX 2,CEX,2159946.956,7404.271210394715,9252.171190307332
2026-08-18 10:20:40,7700.0,7720.25,Put GEX 2,GEX,-554062.343,7404.271210394715,9252.171190307332
2026-08-18 10:20:40,7710.0,7730.25,Put CEX 4,CEX,-1105454.243,7404.271210394715,9252.171190307332
2026-08-18 10:20:40,7710.0,7730.25,Put GEX 3,GEX,-463368.704,7404.271210394715,9252.171190307332
2026-08-18 10:20:40,7715.0,7735.25,Put CEX 5,CEX,-1057413.487,7404.271210394715,9252.171190307332
2026-08-18 10:20:40,7720.0,7740.25,Put DEX 3,DEX,-46.651,7404.271210394715,9252.171190307332
2026-08-18 10:20:40,7720.0,7740.25,Put GEX 4,GEX,-400973.262,7404.271210394715,9252.171190307332
2026-08-18 10:20:40,7735.0,7755.25,Put DEX 4,DEX,-39.606,7404.271210394715,9252.171190307332
2026-08-18 10:20:40,7750.0,7770.5,Put CEX 3,CEX,-1915432.295,7404.271210394715,9252.171190307332
2026-08-18 10:20:40,7750.0,7770.5,Call GEX 5,GEX,286772.57,7404.271210394715,9252.171190307332
2026-08-18 10:20:40,7750.0,7770.5,Put VEX 5,VEX,-607750.991,7404.271210394715,9252.171190307332
2026-08-18 10:20:40,7775.0,7795.5,Call GEX 4,GEX,287847.974,7404.271210394715,9252.171190307332
2026-08-18 10:20:40,7800.0,7820.5,Put CEX 2,CEX,-1934345.516,7404.271210394715,9252.171190307332
2026-08-18 10:20:40,7800.0,7820.5,Put DEX 5,DEX,-36.736,7404.271210394715,9252.171190307332
2026-08-18 10:20:40,7800.0,7820.5,Call GEX 2,GEX,561107.23,7404.271210394715,9252.171190307332
2026-08-18 10:20:40,7800.0,7820.5,Put VEX 2,VEX,-1237804.16,7404.271210394715,9252.171190307332
2026-08-18 10:20:40,7850.0,7870.75,Call GEX 3,GEX,321172.853,7404.271210394715,9252.171190307332
2026-08-18 10:20:40,7900.0,7920.75,Call GEX 1,GEX,721721.413,7404.271210394715,9252.171190307332
2026-08-18 10:20:40,7900.0,7920.75,Put VEX 3,VEX,-1232789.812,7404.271210394715,9252.171190307332
2026-08-18 10:20:40,8000.0,8021.0,Put CEX 1,CEX,-4909316.251,7404.271210394715,9252.171190307332
2026-08-18 10:20:40,8000.0,8021.0,Put DEX 1,DEX,-2587.155,7404.271210394715,9252.171190307332
2026-08-18 10:20:40,8000.0,8021.0,Put VEX 1,VEX,-11912597.852,7404.271210394715,9252.171190307332
2026-08-18 10:20:40,8200.0,8221.5,Put VEX 4,VEX,-797936.558,7404.271210394715,9252.171190307332
2026-08-18 10:20:40,8500.0,8522.5,Put DEX 2,DEX,-102.202,7404.271210394715,9252.171190307332
2026-08-18 10:21:29,7000.0,7018.0,Call CEX 5,CEX,1309465.946,7454.752373071307,9250.707599070856
2026-08-18 10:21:29,7000.0,7018.0,Call DEX 1,DEX,564.126,7454.752373071307,9250.707599070856
2026-08-18 10:21:29,7000.0,7018.0,Put GEX 1,GEX,-683035.54,7454.752373071307,9250.707599070856
2026-08-18 10:21:29,7000.0,7018.0,Call VEX 1,VEX,6697208.75,7454.752373071307,9250.707599070856
2026-08-18 10:21:29,7300.0,7319.0,Call VEX 5,VEX,1988505.021,7454.752373071307,9250.707599070856
2026-08-18 10:21:29,7400.0,7419.25,Call VEX 4,VEX,2456598.802,7454.752373071307,9250.707599070856
2026-08-18 10:21:29,7450.0,7469.25,Call DEX 5,DEX,264.46,7454.752373071307,9250.707599070856
2026-08-18 10:21:29,7500.0,7519.5,Call DEX 2,DEX,555.184,7454.752373071307,9250.707599070856
2026-08-18 10:21:29,7500.0,7519.5,Put GEX 3,GEX,-486400.966,7454.752373071307,9250.707599070856
2026-08-18 10:21:29,7500.0,7519.5,Call VEX 2,VEX,3407475.174,7454.752373071307,9250.707599070856
2026-08-18 10:21:29,7550.0,7569.5,Call CEX 4,CEX,1311851.714,7454.752373071307,9250.707599070856
2026-08-18 10:21:29,7550.0,7569.5,Call DEX 4,DEX,293.467,7454.752373071307,9250.707599070856
2026-08-18 10:21:29,7600.0,7619.75,Call CEX 3,CEX,1940914.981,7454.752373071307,9250.707599070856
2026-08-18 10:21:29,7600.0,7619.75,Call DEX 3,DEX,451.817,7454.752373071307,9250.707599070856
2026-08-18 10:21:29,7600.0,7619.75,Call VEX 3,VEX,2643071.066,7454.752373071307,9250.707599070856
2026-08-18 10:21:29,7635.0,7654.75,Call CEX 1,CEX,3031537.669,7454.752373071307,9250.707599070856
2026-08-18 10:21:29,7650.0,7669.75,Call CEX 2,CEX,2090842.021,7454.752373071307,9250.707599070856
2026-08-18 10:21:29,7700.0,7720.0,Put GEX 2,GEX,-512660.808,7454.752373071307,9250.707599070856
2026-08-18 10:21:29,7710.0,7730.0,Put GEX 5,GEX,-442306.866,7454.752373071307,9250.707599070856
2026-08-18 10:21:29,7720.0,7740.0,Put CEX 5,CEX,-1369263.605,7454.752373071307,9250.707599070856
2026-08-18 10:21:29,7720.0,7740.0,Put DEX 3,DEX,-45.31,7454.752373071307,9250.707599070856
2026-08-18 10:21:29,7720.0,7740.0,Put GEX 4,GEX,-457467.524,7454.752373071307,9250.707599070856
2026-08-18 10:21:29,7725.0,7745.0,Put CEX 4,CEX,-1838299.012,7454.752373071307,9250.707599070856
2026-08-18 10:21:29,7735.0,7755.0,Put DEX 4,DEX,-39.25,7454.752373071307,9250.707599070856
2026-08-18 10:21:29,7750.0,7770.0,Put CEX 3,CEX,-1913976.152,7454.752373071307,9250.707599070856
2026-08-18 10:21:29,7750.0,7770.0,Call GEX 4,GEX,294121.188,7454.752373071307,9250.707599070856
2026-08-18 10:21:29,7775.0,7795.0,Call GEX 5,GEX,289144.206,7454.752373071307,9250.707599070856
2026-08-18 10:21:29,7800.0,7820.25,Put CEX 2,CEX,-1946410.244,7454.752373071307,9250.707599070856
2026-08-18 10:21:29,7800.0,7820.25,Put DEX 5,DEX,-35.435,7454.752373071307,9250.707599070856
2026-08-18 10:21:29,7800.0,7820.25,Call GEX 2,GEX,558762.037,7454.752373071307,9250.707599070856
2026-08-18 10:21:29,7800.0,7820.25,Put VEX 2,VEX,-1238735.113,7454.752373071307,9250.707599070856
2026-08-18 10:21:29,7850.0,7870.25,Call GEX 3,GEX,321666.266,7454.752373071307,9250.707599070856
2026-08-18 10:21:29,7900.0,7920.5,Call GEX 1,GEX,722828.486,7454.752373071307,9250.707599070856
2026-08-18 10:21:29,7900.0,7920.5,Put VEX 3,VEX,-1232296.264,7454.752373071307,9250.707599070856
2026-08-18 10:21:29,8000.0,8020.75,Put CEX 1,CEX,-5194312.41,7454.752373071307,9250.707599070856
2026-08-18 10:21:29,8000.0,8020.75,Put DEX 1,DEX,-2579.064,7454.752373071307,9250.707599070856
2026-08-18 10:21:29,8000.0,8020.75,Put VEX 1,VEX,-12052518.386,7454.752373071307,9250.707599070856
2026-08-18 10:21:29,8100.0,8121.0,Put VEX 5,VEX,-603165.598,7454.752373071307,9250.707599070856
2026-08-18 10:21:29,8200.0,8221.25,Put VEX 4,VEX,-799387.465,7454.752373071307,9250.707599070856
2026-08-18 10:21:29,8500.0,8522.0,Put DEX 2,DEX,-101.874,7454.752373071307,9250.707599070856
2026-08-18 10:22:18,7000.0,7018.0,Call CEX 5,CEX,1312617.353,7446.711532861964,9250.526344263351
2026-08-18 10:22:18,7000.0,7018.0,Call DEX 1,DEX,562.8,7446.711532861964,9250.526344263351
2026-08-18 10:22:18,7000.0,7018.0,Put GEX 1,GEX,-676609.947,7446.711532861964,9250.526344263351
2026-08-18 10:22:18,7000.0,7018.0,Call VEX 1,VEX,6739524.283,7446.711532861964,9250.526344263351
2026-08-18 10:22:18,7300.0,7318.75,Call VEX 5,VEX,1982042.172,7446.711532861964,9250.526344263351
2026-08-18 10:22:18,7400.0,7419.0,Call VEX 4,VEX,2447117.046,7446.711532861964,9250.526344263351
2026-08-18 10:22:18,7450.0,7469.25,Call DEX 5,DEX,264.401,7446.711532861964,9250.526344263351
2026-08-18 10:22:18,7500.0,7519.25,Call CEX 4,CEX,1541968.075,7446.711532861964,9250.526344263351
2026-08-18 10:22:18,7500.0,7519.25,Call DEX 2,DEX,552.775,7446.711532861964,9250.526344263351
2026-08-18 10:22:18,7500.0,7519.25,Put GEX 5,GEX,-411619.584,7446.711532861964,9250.526344263351
2026-08-18 10:22:18,7500.0,7519.25,Call VEX 2,VEX,3556725.816,7446.711532861964,9250.526344263351
2026-08-18 10:22:18,7550.0,7569.5,Call DEX 4,DEX,294.785,7446.711532861964,9250.526344263351
2026-08-18 10:22:18,7600.0,7619.5,Call CEX 3,CEX,1942264.707,7446.711532861964,9250.526344263351
2026-08-18 10:22:18,7600.0,7619.5,Call DEX 3,DEX,454.321,7446.711532861964,9250.526344263351
2026-08-18 10:22:18,7600.0,7619.5,Call VEX 3,VEX,2645772.923,7446.711532861964,9250.526344263351
2026-08-18 10:22:18,7635.0,7654.75,Call CEX 1,CEX,3025350.462,7446.711532861964,9250.526344263351
2026-08-18 10:22:18,7650.0,7669.75,Call CEX 2,CEX,2097200.849,7446.711532861964,9250.526344263351
2026-08-18 10:22:18,7700.0,7719.75,Put GEX 2,GEX,-502565.235,7446.711532861964,9250.526344263351
2026-08-18 10:22:18,7710.0,7729.75,Put GEX 4,GEX,-452813.816,7446.711532861964,9250.526344263351
2026-08-18 10:22:18,7720.0,7740.0,Put CEX 5,CEX,-1389786.144,7446.711532861964,9250.526344263351
2026-08-18 10:22:18,7720.0,7740.0,Put DEX 3,DEX,-44.609,7446.711532861964,9250.526344263351
2026-08-18 10:22:18,7720.0,7740.0,Put GEX 3,GEX,-475379.304,7446.711532861964,9250.526344263351
2026-08-18 10:22:18,7725.0,7745.0,Put CEX 3,CEX,-1911482.396,7446.711532861964,9250.526344263351
2026-08-18 10:22:18,7735.0,7755.0,Put DEX 4,DEX,-38.766,7446.711532861964,9250.526344263351
2026-08-18 10:22:18,7750.0,7770.0,Put CEX 4,CEX,-1910260.341,7446.711532861964,9250.526344263351
2026-08-18 10:22:18,7750.0,7770.0,Call GEX 4,GEX,294446.042,7446.711532861964,9250.526344263351
2026-08-18 10:22:18,7775.0,7795.0,Call GEX 5,GEX,293101.066,7446.711532861964,9250.526344263351
2026-08-18 10:22:18,7800.0,7820.0,Put CEX 2,CEX,-1959384.447,7446.711532861964,9250.526344263351
2026-08-18 10:22:18,7800.0,7820.0,Put DEX 5,DEX,-33.422,7446.711532861964,9250.526344263351
2026-08-18 10:22:18,7800.0,7820.0,Call GEX 2,GEX,561920.613,7446.711532861964,9250.526344263351
2026-08-18 10:22:18,7800.0,7820.0,Put VEX 2,VEX,-1234966.635,7446.711532861964,9250.526344263351
2026-08-18 10:22:18,7850.0,7870.25,Call GEX 3,GEX,324207.487,7446.711532861964,9250.526344263351
2026-08-18 10:22:18,7900.0,7920.25,Call GEX 1,GEX,725962.112,7446.711532861964,9250.526344263351
2026-08-18 10:22:18,7900.0,7920.25,Put VEX 3,VEX,-1230912.76,7446.711532861964,9250.526344263351
2026-08-18 10:22:18,8000.0,8020.5,Put CEX 1,CEX,-5149775.341,7446.711532861964,9250.526344263351
2026-08-18 10:22:18,8000.0,8020.5,Put DEX 1,DEX,-2576.493,7446.711532861964,9250.526344263351
2026-08-18 10:22:18,8000.0,8020.5,Put VEX 1,VEX,-12024279.359,7446.711532861964,9250.526344263351
2026-08-18 10:22:18,8100.0,8120.75,Put VEX 5,VEX,-604139.705,7446.711532861964,9250.526344263351
2026-08-18 10:22:18,8200.0,8221.0,Put VEX 4,VEX,-801409.422,7446.711532861964,9250.526344263351
2026-08-18 10:22:18,8500.0,8522.0,Put DEX 2,DEX,-101.908,7446.711532861964,9250.526344263351
2026-08-18 10:23:06,7000.0,7018.5,Call DEX 1,DEX,561.653,7404.886651918066,9252.710547608389
2026-08-18 10:23:06,7000.0,7018.5,Put GEX 1,GEX,-675757.194,7404.886651918066,9252.710547608389
2026-08-18 10:23:06,7000.0,7018.5,Call VEX 1,VEX,6755674.694,7404.886651918066,9252.710547608389
2026-08-18 10:23:06,7300.0,7319.25,Call VEX 5,VEX,1989400.774,7404.886651918066,9252.710547608389
2026-08-18 10:23:06,7400.0,7419.5,Call VEX 4,VEX,2457797.455,7404.886651918066,9252.710547608389
2026-08-18 10:23:06,7450.0,7469.5,Call DEX 5,DEX,267.359,7404.886651918066,9252.710547608389
2026-08-18 10:23:06,7500.0,7519.75,Call CEX 4,CEX,1629673.785,7404.886651918066,9252.710547608389
2026-08-18 10:23:06,7500.0,7519.75,Call DEX 2,DEX,551.313,7404.886651918066,9252.710547608389
2026-08-18 10:23:06,7500.0,7519.75,Put GEX 5,GEX,-396853.698,7404.886651918066,9252.710547608389
2026-08-18 10:23:06,7500.0,7519.75,Call VEX 2,VEX,3590363.925,7404.886651918066,9252.710547608389
2026-08-18 10:23:06,7550.0,7569.75,Call CEX 5,CEX,1344912.407,7404.886651918066,9252.710547608389
2026-08-18 10:23:06,7550.0,7569.75,Call DEX 4,DEX,293.638,7404.886651918066,9252.710547608389
2026-08-18 10:23:06,7600.0,7620.0,Call CEX 3,CEX,1982917.533,7404.886651918066,9252.710547608389
2026-08-18 10:23:06,7600.0,7620.0,Call DEX 3,DEX,450.753,7404.886651918066,9252.710547608389
2026-08-18 10:23:06,7600.0,7620.0,Call VEX 3,VEX,2645224.029,7404.886651918066,9252.710547608389
2026-08-18 10:23:06,7635.0,7655.0,Call CEX 1,CEX,3054785.506,7404.886651918066,9252.710547608389
2026-08-18 10:23:06,7650.0,7670.0,Call CEX 2,CEX,2107457.828,7404.886651918066,9252.710547608389
2026-08-18 10:23:06,7700.0,7720.25,Put GEX 2,GEX,-532795.686,7404.886651918066,9252.710547608389
2026-08-18 10:23:06,7710.0,7730.25,Put GEX 3,GEX,-452827.271,7404.886651918066,9252.710547608389
2026-08-18 10:23:06,7715.0,7735.25,Put CEX 5,CEX,-1053702.053,7404.886651918066,9252.710547608389
2026-08-18 10:23:06,7720.0,7740.25,Put CEX 4,CEX,-1324017.112,7404.886651918066,9252.710547608389
2026-08-18 10:23:06,7720.0,7740.25,Put DEX 3,DEX,-45.717,7404.886651918066,9252.710547608389
2026-08-18 10:23:06,7720.0,7740.25,Put GEX 4,GEX,-451655.079,7404.886651918066,9252.710547608389
2026-08-18 10:23:06,7735.0,7755.25,Put DEX 4,DEX,-39.458,7404.886651918066,9252.710547608389
2026-08-18 10:23:06,7750.0,7770.25,Put CEX 3,CEX,-1919349.827,7404.886651918066,9252.710547608389
2026-08-18 10:23:06,7750.0,7770.25,Call GEX 4,GEX,290737.234,7404.886651918066,9252.710547608389
2026-08-18 10:23:06,7750.0,7770.25,Put VEX 5,VEX,-604832.87,7404.886651918066,9252.710547608389
2026-08-18 10:23:06,7775.0,7795.5,Call GEX 5,GEX,288932.771,7404.886651918066,9252.710547608389
2026-08-18 10:23:06,7800.0,7820.5,Put CEX 2,CEX,-1939861.277,7404.886651918066,9252.710547608389
2026-08-18 10:23:06,7800.0,7820.5,Put DEX 5,DEX,-36.236,7404.886651918066,9252.710547608389
2026-08-18 10:23:06,7800.0,7820.5,Call GEX 2,GEX,561564.175,7404.886651918066,9252.710547608389
2026-08-18 10:23:06,7800.0,7820.5,Put VEX 2,VEX,-1236101.816,7404.886651918066,9252.710547608389
2026-08-18 10:23:06,7850.0,7870.75,Call GEX 3,GEX,322413.208,7404.886651918066,9252.710547608389
2026-08-18 10:23:06,7900.0,7920.75,Call GEX 1,GEX,722783.263,7404.886651918066,9252.710547608389
2026-08-18 10:23:06,7900.0,7920.75,Put VEX 3,VEX,-1231703.767,7404.886651918066,9252.710547608389
2026-08-18 10:23:06,8000.0,8021.0,Put CEX 1,CEX,-4997287.889,7404.886651918066,9252.710547608389
2026-08-18 10:23:06,8000.0,8021.0,Put DEX 1,DEX,-2584.921,7404.886651918066,9252.710547608389
2026-08-18 10:23:06,8000.0,8021.0,Put VEX 1,VEX,-11952998.232,7404.886651918066,9252.710547608389
2026-08-18 10:23:06,8200.0,8221.5,Put VEX 4,VEX,-799955.048,7404.886651918066,9252.710547608389
2026-08-18 10:23:06,8500.0,8522.25,Put DEX 2,DEX,-102.13,7404.886651918066,9252.710547608389
2026-08-18 10:23:56,7000.0,7018.0,Call DEX 1,DEX,561.024,7450.166454938891,9253.775866162903
2026-08-18 10:23:56,7000.0,7018.0,Put GEX 1,GEX,-675941.294,7450.166454938891,9253.775866162903
2026-08-18 10:23:56,7000.0,7018.0,Call VEX 1,VEX,6761444.673,7450.166454938891,9253.775866162903
2026-08-18 10:23:56,7300.0,7318.75,Call DEX 4,DEX,297.068,7450.166454938891,9253.775866162903
2026-08-18 10:23:56,7300.0,7318.75,Call VEX 5,VEX,2009279.596,7450.166454938891,9253.775866162903
2026-08-18 10:23:56,7400.0,7419.0,Call VEX 4,VEX,2460585.872,7450.166454938891,9253.775866162903
2026-08-18 10:23:56,7500.0,7519.25,Call CEX 4,CEX,1634707.294,7450.166454938891,9253.775866162903
2026-08-18 10:23:56,7500.0,7519.25,Call DEX 2,DEX,548.574,7450.166454938891,9253.775866162903
2026-08-18 10:23:56,7500.0,7519.25,Put GEX 5,GEX,-398604.934,7450.166454938891,9253.775866162903
2026-08-18 10:23:56,7500.0,7519.25,Call VEX 2,VEX,3591019.891,7450.166454938891,9253.775866162903
2026-08-18 10:23:56,7550.0,7569.5,Call CEX 5,CEX,1348570.03,7450.166454938891,9253.775866162903
2026-08-18 10:23:56,7550.0,7569.5,Call DEX 5,DEX,292.732,7450.166454938891,9253.775866162903
2026-08-18 10:23:56,7600.0,7619.75,Call CEX 3,CEX,1987638.325,7450.166454938891,9253.775866162903
2026-08-18 10:23:56,7600.0,7619.75,Call DEX 3,DEX,448.64,7450.166454938891,9253.775866162903
2026-08-18 10:23:56,7600.0,7619.75,Call VEX 3,VEX,2641223.565,7450.166454938891,9253.775866162903
2026-08-18 10:23:56,7635.0,7654.75,Call CEX 1,CEX,3077908.128,7450.166454938891,9253.775866162903
2026-08-18 10:23:56,7650.0,7669.75,Call CEX 2,CEX,2175697.196,7450.166454938891,9253.775866162903
2026-08-18 10:23:56,7700.0,7720.0,Put GEX 2,GEX,-536144.542,7450.166454938891,9253.775866162903
2026-08-18 10:23:56,7710.0,7730.0,Put GEX 4,GEX,-438601.568,7450.166454938891,9253.775866162903
2026-08-18 10:23:56,7720.0,7740.0,Put CEX 5,CEX,-1325440.063,7450.166454938891,9253.775866162903
2026-08-18 10:23:56,7720.0,7740.0,Put DEX 3,DEX,-46.151,7450.166454938891,9253.775866162903
2026-08-18 10:23:56,7720.0,7740.0,Put GEX 3,GEX,-440675.559,7450.166454938891,9253.775866162903
2026-08-18 10:23:56,7725.0,7745.0,Put CEX 4,CEX,-1709356.758,7450.166454938891,9253.775866162903
2026-08-18 10:23:56,7735.0,7755.0,Put DEX 4,DEX,-39.865,7450.166454938891,9253.775866162903
2026-08-18 10:23:56,7750.0,7770.0,Put CEX 3,CEX,-1924441.216,7450.166454938891,9253.775866162903
2026-08-18 10:23:56,7750.0,7770.0,Call GEX 4,GEX,291470.534,7450.166454938891,9253.775866162903
2026-08-18 10:23:56,7750.0,7770.0,Put VEX 5,VEX,-613141.227,7450.166454938891,9253.775866162903
2026-08-18 10:23:56,7775.0,7795.0,Call GEX 5,GEX,286035.543,7450.166454938891,9253.775866162903
2026-08-18 10:23:56,7800.0,7820.25,Put CEX 2,CEX,-1938459.421,7450.166454938891,9253.775866162903
2026-08-18 10:23:56,7800.0,7820.25,Put DEX 5,DEX,-37.507,7450.166454938891,9253.775866162903
2026-08-18 10:23:56,7800.0,7820.25,Call GEX 2,GEX,558186.91,7450.166454938891,9253.775866162903
2026-08-18 10:23:56,7800.0,7820.25,Put VEX 2,VEX,-1240931.81,7450.166454938891,9253.775866162903
2026-08-18 10:23:56,7850.0,7870.25,Call GEX 3,GEX,320399.823,7450.166454938891,9253.775866162903
2026-08-18 10:23:56,7900.0,7920.5,Call GEX 1,GEX,720909.423,7450.166454938891,9253.775866162903
2026-08-18 10:23:56,7900.0,7920.5,Put VEX 3,VEX,-1231917.726,7450.166454938891,9253.775866162903
2026-08-18 10:23:56,8000.0,8020.75,Put CEX 1,CEX,-5102120.864,7450.166454938891,9253.775866162903
2026-08-18 10:23:56,8000.0,8020.75,Put DEX 1,DEX,-2583.767,7450.166454938891,9253.775866162903
2026-08-18 10:23:56,8000.0,8020.75,Put VEX 1,VEX,-12012056.791,7450.166454938891,9253.775866162903
2026-08-18 10:23:56,8200.0,8221.25,Put VEX 4,VEX,-798308.121,7450.166454938891,9253.775866162903
2026-08-18 10:23:56,8500.0,8522.0,Put DEX 2,DEX,-102.025,7450.166454938891,9253.775866162903
2026-08-18 10:24:45,7000.0,7018.25,Call DEX 1,DEX,560.018,7450.192246124244,9254.019365066886
2026-08-18 10:24:45,7000.0,7018.25,Put GEX 1,GEX,-674955.637,7450.192246124244,9254.019365066886
2026-08-18 10:24:45,7000.0,7018.25,Call VEX 1,VEX,6780610.379,7450.192246124244,9254.019365066886
2026-08-18 10:24:45,7300.0,7319.0,Call DEX 4,DEX,296.41,7450.192246124244,9254.019365066886
2026-08-18 10:24:45,7300.0,7319.0,Call VEX 5,VEX,2016026.972,7450.192246124244,9254.019365066886
2026-08-18 10:24:45,7400.0,7419.25,Call VEX 4,VEX,2459630.871,7450.192246124244,9254.019365066886
2026-08-18 10:24:45,7500.0,7519.5,Call CEX 4,CEX,1637375.743,7450.192246124244,9254.019365066886
2026-08-18 10:24:45,7500.0,7519.5,Call DEX 2,DEX,548.815,7450.192246124244,9254.019365066886
2026-08-18 10:24:45,7500.0,7519.5,Put GEX 5,GEX,-394552.716,7450.192246124244,9254.019365066886
2026-08-18 10:24:45,7500.0,7519.5,Call VEX 2,VEX,3598218.099,7450.192246124244,9254.019365066886
2026-08-18 10:24:45,7550.0,7569.75,Call CEX 5,CEX,1338651.016,7450.192246124244,9254.019365066886
2026-08-18 10:24:45,7550.0,7569.75,Call DEX 5,DEX,292.588,7450.192246124244,9254.019365066886
2026-08-18 10:24:45,7600.0,7619.75,Call CEX 3,CEX,1974171.501,7450.192246124244,9254.019365066886
2026-08-18 10:24:45,7600.0,7619.75,Call DEX 3,DEX,448.312,7450.192246124244,9254.019365066886
2026-08-18 10:24:45,7600.0,7619.75,Call VEX 3,VEX,2634089.477,7450.192246124244,9254.019365066886
2026-08-18 10:24:45,7635.0,7654.75,Call CEX 1,CEX,3097395.032,7450.192246124244,9254.019365066886
2026-08-18 10:24:45,7650.0,7670.0,Call CEX 2,CEX,2241035.992,7450.192246124244,9254.019365066886
2026-08-18 10:24:45,7700.0,7720.0,Put GEX 2,GEX,-541976.188,7450.192246124244,9254.019365066886
2026-08-18 10:24:45,7710.0,7730.0,Put GEX 3,GEX,-431113.804,7450.192246124244,9254.019365066886
2026-08-18 10:24:45,7720.0,7740.0,Put CEX 5,CEX,-1274494.781,7450.192246124244,9254.019365066886
2026-08-18 10:24:45,7720.0,7740.0,Put DEX 3,DEX,-46.605,7450.192246124244,9254.019365066886
2026-08-18 10:24:45,7720.0,7740.0,Put GEX 4,GEX,-426647.053,7450.192246124244,9254.019365066886
2026-08-18 10:24:45,7725.0,7745.0,Put CEX 4,CEX,-1376931.48,7450.192246124244,9254.019365066886
2026-08-18 10:24:45,7735.0,7755.25,Put DEX 4,DEX,-40.18,7450.192246124244,9254.019365066886
2026-08-18 10:24:45,7750.0,7770.25,Put CEX 3,CEX,-1927849.214,7450.192246124244,9254.019365066886
2026-08-18 10:24:45,7750.0,7770.25,Call GEX 4,GEX,291679.595,7450.192246124244,9254.019365066886
2026-08-18 10:24:45,7750.0,7770.25,Put VEX 5,VEX,-618229.48,7450.192246124244,9254.019365066886
2026-08-18 10:24:45,7775.0,7795.25,Call GEX 5,GEX,283985.283,7450.192246124244,9254.019365066886
2026-08-18 10:24:45,7800.0,7820.25,Put CEX 2,CEX,-1937789.05,7450.192246124244,9254.019365066886
2026-08-18 10:24:45,7800.0,7820.25,Put DEX 5,DEX,-38.03,7450.192246124244,9254.019365066886
2026-08-18 10:24:45,7800.0,7820.25,Call GEX 2,GEX,555017.229,7450.192246124244,9254.019365066886
2026-08-18 10:24:45,7800.0,7820.25,Put VEX 2,VEX,-1244490.454,7450.192246124244,9254.019365066886
2026-08-18 10:24:45,7850.0,7870.5,Call GEX 3,GEX,319633.474,7450.192246124244,9254.019365066886
2026-08-18 10:24:45,7900.0,7920.5,Call GEX 1,GEX,719300.485,7450.192246124244,9254.019365066886
2026-08-18 10:24:45,7900.0,7920.5,Put VEX 3,VEX,-1233065.934,7450.192246124244,9254.019365066886
2026-08-18 10:24:45,8000.0,8020.75,Put CEX 1,CEX,-5075530.531,7450.192246124244,9254.019365066886
2026-08-18 10:24:45,8000.0,8020.75,Put DEX 1,DEX,-2588.187,7450.192246124244,9254.019365066886
2026-08-18 10:24:45,8000.0,8020.75,Put VEX 1,VEX,-12001896.674,7450.192246124244,9254.019365066886
2026-08-18 10:24:45,8200.0,8221.25,Put VEX 4,VEX,-796541.256,7450.192246124244,9254.019365066886
2026-08-18 10:24:45,8500.0,8522.0,Put DEX 2,DEX,-101.994,7450.192246124244,9254.019365066886
2026-08-18 10:25:34,7000.0,7018.0,Call DEX 1,DEX,560.66,7454.18983342041,9252.59670546892
2026-08-18 10:25:34,7000.0,7018.0,Put GEX 1,GEX,-680171.859,7454.18983342041,9252.59670546892
2026-08-18 10:25:34,7000.0,7018.0,Call VEX 1,VEX,6752334.945,7454.18983342041,9252.59670546892
2026-08-18 10:25:34,7300.0,7318.75,Call DEX 4,DEX,297.302,7454.18983342041,9252.59670546892
2026-08-18 10:25:34,7300.0,7318.75,Call VEX 5,VEX,1997798.804,7454.18983342041,9252.59670546892
2026-08-18 10:25:34,7400.0,7419.0,Call VEX 4,VEX,2458017.649,7454.18983342041,9252.59670546892
2026-08-18 10:25:34,7500.0,7519.25,Call CEX 4,CEX,1469632.898,7454.18983342041,9252.59670546892
2026-08-18 10:25:34,7500.0,7519.25,Call DEX 2,DEX,551.259,7454.18983342041,9252.59670546892
2026-08-18 10:25:34,7500.0,7519.25,Put GEX 3,GEX,-439613.74,7454.18983342041,9252.59670546892
2026-08-18 10:25:34,7500.0,7519.25,Call VEX 2,VEX,3506089.787,7454.18983342041,9252.59670546892
2026-08-18 10:25:34,7550.0,7569.25,Call CEX 5,CEX,1321179.35,7454.18983342041,9252.59670546892
2026-08-18 10:25:34,7550.0,7569.25,Call DEX 5,DEX,292.702,7454.18983342041,9252.59670546892
2026-08-18 10:25:34,7600.0,7619.5,Call CEX 3,CEX,1972805.675,7454.18983342041,9252.59670546892
2026-08-18 10:25:34,7600.0,7619.5,Call DEX 3,DEX,447.557,7454.18983342041,9252.59670546892
2026-08-18 10:25:34,7600.0,7619.5,Call VEX 3,VEX,2631050.755,7454.18983342041,9252.59670546892
2026-08-18 10:25:34,7635.0,7654.5,Call CEX 1,CEX,3117255.702,7454.18983342041,9252.59670546892
2026-08-18 10:25:34,7650.0,7669.75,Call CEX 2,CEX,2244882.95,7454.18983342041,9252.59670546892
2026-08-18 10:25:34,7700.0,7719.75,Put GEX 2,GEX,-540915.076,7454.18983342041,9252.59670546892
2026-08-18 10:25:34,7710.0,7729.75,Put GEX 5,GEX,-421871.392,7454.18983342041,9252.59670546892
2026-08-18 10:25:34,7720.0,7739.75,Put CEX 5,CEX,-1328021.918,7454.18983342041,9252.59670546892
2026-08-18 10:25:34,7720.0,7739.75,Put DEX 3,DEX,-46.793,7454.18983342041,9252.59670546892
2026-08-18 10:25:34,7720.0,7739.75,Put GEX 4,GEX,-429341.616,7454.18983342041,9252.59670546892
2026-08-18 10:25:34,7725.0,7744.75,Put CEX 4,CEX,-1539140.532,7454.18983342041,9252.59670546892
2026-08-18 10:25:34,7735.0,7754.75,Put DEX 4,DEX,-40.176,7454.18983342041,9252.59670546892
2026-08-18 10:25:34,7750.0,7770.0,Put CEX 3,CEX,-1932301.444,7454.18983342041,9252.59670546892
2026-08-18 10:25:34,7750.0,7770.0,Call GEX 4,GEX,293810.692,7454.18983342041,9252.59670546892
2026-08-18 10:25:34,7750.0,7770.0,Put VEX 5,VEX,-624141.217,7454.18983342041,9252.59670546892
2026-08-18 10:25:34,7775.0,7795.0,Call GEX 5,GEX,282374.291,7454.18983342041,9252.59670546892
2026-08-18 10:25:34,7800.0,7820.0,Put CEX 2,CEX,-1939432.042,7454.18983342041,9252.59670546892
2026-08-18 10:25:34,7800.0,7820.0,Put DEX 5,DEX,-38.649,7454.18983342041,9252.59670546892
2026-08-18 10:25:34,7800.0,7820.0,Call GEX 2,GEX,551660.574,7454.18983342041,9252.59670546892
2026-08-18 10:25:34,7800.0,7820.0,Put VEX 2,VEX,-1248862.47,7454.18983342041,9252.59670546892
2026-08-18 10:25:34,7850.0,7870.25,Call GEX 3,GEX,319235.697,7454.18983342041,9252.59670546892
2026-08-18 10:25:34,7900.0,7920.25,Call GEX 1,GEX,718308.344,7454.18983342041,9252.59670546892
2026-08-18 10:25:34,7900.0,7920.25,Put VEX 3,VEX,-1234488.87,7454.18983342041,9252.59670546892
2026-08-18 10:25:34,8000.0,8020.5,Put CEX 1,CEX,-5097017.208,7454.18983342041,9252.59670546892
2026-08-18 10:25:34,8000.0,8020.5,Put DEX 1,DEX,-2587.035,7454.18983342041,9252.59670546892
2026-08-18 10:25:34,8000.0,8020.5,Put VEX 1,VEX,-12007523.932,7454.18983342041,9252.59670546892
2026-08-18 10:25:34,8200.0,8221.0,Put VEX 4,VEX,-796211.603,7454.18983342041,9252.59670546892
2026-08-18 10:25:34,8500.0,8521.75,Put DEX 2,DEX,-101.988,7454.18983342041,9252.59670546892
2026-08-18 10:26:24,7000.0,7018.25,Call DEX 1,DEX,556.734,7402.488874198386,9253.470429594732
2026-08-18 10:26:24,7000.0,7018.25,Put GEX 1,GEX,-677073.21,7402.488874198386,9253.470429594732
2026-08-18 10:26:24,7000.0,7018.25,Call VEX 1,VEX,6808782.241,7402.488874198386,9253.470429594732
2026-08-18 10:26:24,7400.0,7419.5,Call DEX 5,DEX,333.744,7402.488874198386,9253.470429594732
2026-08-18 10:26:24,7400.0,7419.5,Call VEX 4,VEX,2581198.439,7402.488874198386,9253.470429594732
2026-08-18 10:26:24,7450.0,7469.5,Call DEX 4,DEX,335.514,7402.488874198386,9253.470429594732
2026-08-18 10:26:24,7450.0,7469.5,Call VEX 5,VEX,2078290.481,7402.488874198386,9253.470429594732
2026-08-18 10:26:24,7500.0,7519.75,Call CEX 3,CEX,2245782.041,7402.488874198386,9253.470429594732
2026-08-18 10:26:24,7500.0,7519.75,Call DEX 2,DEX,524.528,7402.488874198386,9253.470429594732
2026-08-18 10:26:24,7500.0,7519.75,Call VEX 2,VEX,3909966.427,7402.488874198386,9253.470429594732
2026-08-18 10:26:24,7550.0,7569.75,Call CEX 5,CEX,1609164.328,7402.488874198386,9253.470429594732
2026-08-18 10:26:24,7600.0,7620.0,Call CEX 4,CEX,2131770.998,7402.488874198386,9253.470429594732
2026-08-18 10:26:24,7600.0,7620.0,Call DEX 3,DEX,428.97,7402.488874198386,9253.470429594732
2026-08-18 10:26:24,7600.0,7620.0,Call VEX 3,VEX,2636825.393,7402.488874198386,9253.470429594732
2026-08-18 10:26:24,7635.0,7655.0,Call CEX 1,CEX,3378802.408,7402.488874198386,9253.470429594732
2026-08-18 10:26:24,7650.0,7670.0,Call CEX 2,CEX,2360618.982,7402.488874198386,9253.470429594732
2026-08-18 10:26:24,7690.0,7710.25,Put GEX 5,GEX,-294568.826,7402.488874198386,9253.470429594732
2026-08-18 10:26:24,7700.0,7720.25,Put GEX 2,GEX,-676384.537,7402.488874198386,9253.470429594732
2026-08-18 10:26:24,7710.0,7730.25,Put CEX 4,CEX,-1421910.374,7402.488874198386,9253.470429594732
2026-08-18 10:26:24,7710.0,7730.25,Put GEX 3,GEX,-420728.741,7402.488874198386,9253.470429594732
2026-08-18 10:26:24,7720.0,7740.25,Put DEX 5,DEX,-34.364,7402.488874198386,9253.470429594732
2026-08-18 10:26:24,7720.0,7740.25,Put GEX 4,GEX,-299421.227,7402.488874198386,9253.470429594732
2026-08-18 10:26:24,7735.0,7755.25,Put DEX 3,DEX,-41.037,7402.488874198386,9253.470429594732
2026-08-18 10:26:24,7750.0,7770.25,Put CEX 2,CEX,-1971248.869,7402.488874198386,9253.470429594732
2026-08-18 10:26:24,7750.0,7770.25,Call GEX 5,GEX,265012.835,7402.488874198386,9253.470429594732
2026-08-18 10:26:24,7750.0,7770.25,Put VEX 5,VEX,-636407.179,7402.488874198386,9253.470429594732
2026-08-18 10:26:24,7775.0,7795.5,Put CEX 5,CEX,-1045957.615,7402.488874198386,9253.470429594732
2026-08-18 10:26:24,7775.0,7795.5,Call GEX 4,GEX,280405.014,7402.488874198386,9253.470429594732
2026-08-18 10:26:24,7800.0,7820.5,Put CEX 3,CEX,-1953931.791,7402.488874198386,9253.470429594732
2026-08-18 10:26:24,7800.0,7820.5,Put DEX 4,DEX,-40.42,7402.488874198386,9253.470429594732
2026-08-18 10:26:24,7800.0,7820.5,Call GEX 2,GEX,565614.399,7402.488874198386,9253.470429594732
2026-08-18 10:26:24,7800.0,7820.5,Put VEX 2,VEX,-1270913.866,7402.488874198386,9253.470429594732
2026-08-18 10:26:24,7850.0,7870.5,Call GEX 3,GEX,321002.316,7402.488874198386,9253.470429594732
2026-08-18 10:26:24,7900.0,7920.75,Call GEX 1,GEX,716539.651,7402.488874198386,9253.470429594732
2026-08-18 10:26:24,7900.0,7920.75,Put VEX 3,VEX,-1244827.053,7402.488874198386,9253.470429594732
2026-08-18 10:26:24,8000.0,8021.0,Put CEX 1,CEX,-4840923.824,7402.488874198386,9253.470429594732
2026-08-18 10:26:24,8000.0,8021.0,Put DEX 1,DEX,-2601.938,7402.488874198386,9253.470429594732
2026-08-18 10:26:24,8000.0,8021.0,Put VEX 1,VEX,-11895963.852,7402.488874198386,9253.470429594732
2026-08-18 10:26:24,8200.0,8221.5,Put VEX 4,VEX,-792920.851,7402.488874198386,9253.470429594732
2026-08-18 10:26:24,8500.0,8522.25,Put DEX 2,DEX,-102.365,7402.488874198386,9253.470429594732
2026-08-18 10:27:14,7000.0,7018.0,Call DEX 1,DEX,558.999,7459.255245185432,9251.52150596897
2026-08-18 10:27:14,7000.0,7018.0,Put GEX 1,GEX,-681088.053,7459.255245185432,9251.52150596897
2026-08-18 10:27:14,7000.0,7018.0,Call VEX 1,VEX,6768294.999,7459.255245185432,9251.52150596897
2026-08-18 10:27:14,7300.0,7318.75,Call DEX 4,DEX,294.982,7459.255245185432,9251.52150596897
2026-08-18 10:27:14,7300.0,7318.75,Call VEX 5,VEX,2021564.258,7459.255245185432,9251.52150596897
2026-08-18 10:27:14,7400.0,7419.0,Call VEX 4,VEX,2462600.619,7459.255245185432,9251.52150596897
2026-08-18 10:27:14,7500.0,7519.25,Call CEX 4,CEX,1532521.55,7459.255245185432,9251.52150596897
2026-08-18 10:27:14,7500.0,7519.25,Call DEX 2,DEX,547.694,7459.255245185432,9251.52150596897
2026-08-18 10:27:14,7500.0,7519.25,Put GEX 3,GEX,-426931.59,7459.255245185432,9251.52150596897
2026-08-18 10:27:14,7500.0,7519.25,Call VEX 2,VEX,3534835.588,7459.255245185432,9251.52150596897
2026-08-18 10:27:14,7550.0,7569.25,Call CEX 5,CEX,1336836.659,7459.255245185432,9251.52150596897
2026-08-18 10:27:14,7550.0,7569.25,Call DEX 5,DEX,290.251,7459.255245185432,9251.52150596897
2026-08-18 10:27:14,7600.0,7619.5,Call CEX 3,CEX,1974608.602,7459.255245185432,9251.52150596897
2026-08-18 10:27:14,7600.0,7619.5,Call DEX 3,DEX,445.149,7459.255245185432,9251.52150596897
2026-08-18 10:27:14,7600.0,7619.5,Call VEX 3,VEX,2625701.862,7459.255245185432,9251.52150596897
2026-08-18 10:27:14,7635.0,7654.5,Call CEX 1,CEX,3158949.684,7459.255245185432,9251.52150596897
2026-08-18 10:27:14,7650.0,7669.5,Call CEX 2,CEX,2258638.54,7459.255245185432,9251.52150596897
2026-08-18 10:27:14,7700.0,7719.75,Put GEX 2,GEX,-548857.7,7459.255245185432,9251.52150596897
2026-08-18 10:27:14,7710.0,7729.75,Put CEX 4,CEX,-1307442.861,7459.255245185432,9251.52150596897
2026-08-18 10:27:14,7710.0,7729.75,Put GEX 5,GEX,-404587.676,7459.255245185432,9251.52150596897
2026-08-18 10:27:14,7720.0,7739.75,Put CEX 5,CEX,-1266700.197,7459.255245185432,9251.52150596897
2026-08-18 10:27:14,7720.0,7739.75,Put DEX 3,DEX,-47.596,7459.255245185432,9251.52150596897
2026-08-18 10:27:14,7720.0,7739.75,Put GEX 4,GEX,-408344.643,7459.255245185432,9251.52150596897
2026-08-18 10:27:14,7735.0,7754.75,Put DEX 4,DEX,-40.718,7459.255245185432,9251.52150596897
2026-08-18 10:27:14,7750.0,7769.75,Put CEX 2,CEX,-1938436.482,7459.255245185432,9251.52150596897
2026-08-18 10:27:14,7750.0,7769.75,Call GEX 4,GEX,292949.65,7459.255245185432,9251.52150596897
2026-08-18 10:27:14,7750.0,7769.75,Put VEX 5,VEX,-635231.69,7459.255245185432,9251.52150596897
2026-08-18 10:27:14,7775.0,7794.75,Call GEX 5,GEX,278172.472,7459.255245185432,9251.52150596897
2026-08-18 10:27:14,7800.0,7820.0,Put CEX 3,CEX,-1930261.851,7459.255245185432,9251.52150596897
2026-08-18 10:27:14,7800.0,7820.0,Put DEX 5,DEX,-40.67,7459.255245185432,9251.52150596897
2026-08-18 10:27:14,7800.0,7820.0,Call GEX 2,GEX,547154.852,7459.255245185432,9251.52150596897
2026-08-18 10:27:14,7800.0,7820.0,Put VEX 2,VEX,-1253161.225,7459.255245185432,9251.52150596897
2026-08-18 10:27:14,7850.0,7870.0,Call GEX 3,GEX,317262.61,7459.255245185432,9251.52150596897
2026-08-18 10:27:14,7900.0,7920.25,Call GEX 1,GEX,714673.441,7459.255245185432,9251.52150596897
2026-08-18 10:27:14,7900.0,7920.25,Put VEX 3,VEX,-1236479.672,7459.255245185432,9251.52150596897
2026-08-18 10:27:14,8000.0,8020.5,Put CEX 1,CEX,-5160319.869,7459.255245185432,9251.52150596897
2026-08-18 10:27:14,8000.0,8020.5,Put DEX 1,DEX,-2589.539,7459.255245185432,9251.52150596897
2026-08-18 10:27:14,8000.0,8020.5,Put VEX 1,VEX,-12043193.63,7459.255245185432,9251.52150596897
2026-08-18 10:27:14,8200.0,8221.0,Put VEX 4,VEX,-793986.607,7459.255245185432,9251.52150596897
2026-08-18 10:27:14,8500.0,8521.75,Put DEX 2,DEX,-101.994,7459.255245185432,9251.52150596897
2026-08-18 10:28:09,7000.0,7017.75,Call DEX 1,DEX,558.501,7463.208462860531,9252.069420761662
2026-08-18 10:28:09,7000.0,7017.75,Put GEX 1,GEX,-678835.747,7463.208462860531,9252.069420761662
2026-08-18 10:28:09,7000.0,7017.75,Call VEX 1,VEX,6781652.904,7463.208462860531,9252.069420761662
2026-08-18 10:28:09,7300.0,7318.5,Call DEX 4,DEX,294.932,7463.208462860531,9252.069420761662
2026-08-18 10:28:09,7300.0,7318.5,Call VEX 5,VEX,2022894.927,7463.208462860531,9252.069420761662
2026-08-18 10:28:09,7400.0,7418.75,Call VEX 4,VEX,2458360.144,7463.208462860531,9252.069420761662
2026-08-18 10:28:09,7500.0,7519.0,Call CEX 4,CEX,1579873.974,7463.208462860531,9252.069420761662
2026-08-18 10:28:09,7500.0,7519.0,Call DEX 2,DEX,546.246,7463.208462860531,9252.069420761662
2026-08-18 10:28:09,7500.0,7519.0,Put GEX 3,GEX,-412412.582,7463.208462860531,9252.069420761662
2026-08-18 10:28:09,7500.0,7519.0,Call VEX 2,VEX,3559623.164,7463.208462860531,9252.069420761662
2026-08-18 10:28:09,7550.0,7569.25,Call CEX 5,CEX,1338614.749,7463.208462860531,9252.069420761662
2026-08-18 10:28:09,7550.0,7569.25,Call DEX 5,DEX,291.023,7463.208462860531,9252.069420761662
2026-08-18 10:28:09,7600.0,7619.25,Call CEX 3,CEX,1978518.254,7463.208462860531,9252.069420761662
2026-08-18 10:28:09,7600.0,7619.25,Call DEX 3,DEX,444.697,7463.208462860531,9252.069420761662
2026-08-18 10:28:09,7600.0,7619.25,Call VEX 3,VEX,2621998.9,7463.208462860531,9252.069420761662
2026-08-18 10:28:09,7635.0,7654.5,Call CEX 1,CEX,3174328.981,7463.208462860531,9252.069420761662
2026-08-18 10:28:09,7650.0,7669.5,Call CEX 2,CEX,2265868.93,7463.208462860531,9252.069420761662
2026-08-18 10:28:09,7700.0,7719.75,Put GEX 2,GEX,-547093.104,7463.208462860531,9252.069420761662
2026-08-18 10:28:09,7710.0,7729.75,Put CEX 5,CEX,-1331480.906,7463.208462860531,9252.069420761662
2026-08-18 10:28:09,7710.0,7729.75,Put GEX 5,GEX,-400895.506,7463.208462860531,9252.069420761662
2026-08-18 10:28:09,7720.0,7739.75,Put DEX 3,DEX,-47.689,7463.208462860531,9252.069420761662
2026-08-18 10:28:09,7720.0,7739.75,Put GEX 4,GEX,-410417.464,7463.208462860531,9252.069420761662
2026-08-18 10:28:09,7725.0,7744.75,Put CEX 4,CEX,-1632689.031,7463.208462860531,9252.069420761662
2026-08-18 10:28:09,7735.0,7754.75,Put DEX 4,DEX,-41.066,7463.208462860531,9252.069420761662
2026-08-18 10:28:09,7750.0,7769.75,Put CEX 2,CEX,-1939082.657,7463.208462860531,9252.069420761662
2026-08-18 10:28:09,7750.0,7769.75,Call GEX 4,GEX,294312.177,7463.208462860531,9252.069420761662
2026-08-18 10:28:09,7750.0,7769.75,Put VEX 5,VEX,-637203.2,7463.208462860531,9252.069420761662
2026-08-18 10:28:09,7775.0,7794.75,Call GEX 5,GEX,277401.811,7463.208462860531,9252.069420761662
2026-08-18 10:28:09,7800.0,7820.0,Put CEX 3,CEX,-1932279.508,7463.208462860531,9252.069420761662
2026-08-18 10:28:09,7800.0,7820.0,Put DEX 5,DEX,-40.962,7463.208462860531,9252.069420761662
2026-08-18 10:28:09,7800.0,7820.0,Call GEX 2,GEX,546764.366,7463.208462860531,9252.069420761662
2026-08-18 10:28:09,7800.0,7820.0,Put VEX 2,VEX,-1255332.29,7463.208462860531,9252.069420761662
2026-08-18 10:28:09,7850.0,7870.0,Call GEX 3,GEX,317112.559,7463.208462860531,9252.069420761662
2026-08-18 10:28:09,7900.0,7920.25,Call GEX 1,GEX,714030.111,7463.208462860531,9252.069420761662
2026-08-18 10:28:09,7900.0,7920.25,Put VEX 3,VEX,-1236518.032,7463.208462860531,9252.069420761662
2026-08-18 10:28:09,8000.0,8020.5,Put CEX 1,CEX,-5129425.458,7463.208462860531,9252.069420761662
2026-08-18 10:28:09,8000.0,8020.5,Put DEX 1,DEX,-2591.11,7463.208462860531,9252.069420761662
2026-08-18 10:28:09,8000.0,8020.5,Put VEX 1,VEX,-12030453.577,7463.208462860531,9252.069420761662
2026-08-18 10:28:09,8200.0,8221.0,Put VEX 4,VEX,-793438.797,7463.208462860531,9252.069420761662
2026-08-18 10:28:09,8500.0,8521.75,Put DEX 2,DEX,-101.966,7463.208462860531,9252.069420761662
2026-08-18 10:29:05,7000.0,7018.0,Call DEX 1,DEX,557.984,7454.887753120108,9251.20834266439
2026-08-18 10:29:05,7000.0,7018.0,Put GEX 1,GEX,-677824.431,7454.887753120108,9251.20834266439
2026-08-18 10:29:05,7000.0,7018.0,Call VEX 1,VEX,6792315.754,7454.887753120108,9251.20834266439
2026-08-18 10:29:05,7300.0,7318.75,Call DEX 4,DEX,295.56,7454.887753120108,9251.20834266439
2026-08-18 10:29:05,7300.0,7318.75,Call VEX 5,VEX,2014437.794,7454.887753120108,9251.20834266439
2026-08-18 10:29:05,7400.0,7419.0,Call VEX 4,VEX,2459212.258,7454.887753120108,9251.20834266439
2026-08-18 10:29:05,7500.0,7519.25,Call CEX 4,CEX,1445588.921,7454.887753120108,9251.20834266439
2026-08-18 10:29:05,7500.0,7519.25,Call DEX 2,DEX,549.464,7454.887753120108,9251.20834266439
2026-08-18 10:29:05,7500.0,7519.25,Put GEX 3,GEX,-447970.343,7454.887753120108,9251.20834266439
2026-08-18 10:29:05,7500.0,7519.25,Call VEX 2,VEX,3486839.815,7454.887753120108,9251.20834266439
2026-08-18 10:29:05,7550.0,7569.5,Call CEX 5,CEX,1337876.501,7454.887753120108,9251.20834266439
2026-08-18 10:29:05,7550.0,7569.5,Call DEX 5,DEX,290.81,7454.887753120108,9251.20834266439
2026-08-18 10:29:05,7600.0,7619.5,Call CEX 3,CEX,1982779.312,7454.887753120108,9251.20834266439
2026-08-18 10:29:05,7600.0,7619.5,Call DEX 3,DEX,446.044,7454.887753120108,9251.20834266439
2026-08-18 10:29:05,7600.0,7619.5,Call VEX 3,VEX,2624524.847,7454.887753120108,9251.20834266439
2026-08-18 10:29:05,7635.0,7654.5,Call CEX 1,CEX,3180133.138,7454.887753120108,9251.20834266439
2026-08-18 10:29:05,7650.0,7669.75,Call CEX 2,CEX,2276970.232,7454.887753120108,9251.20834266439
2026-08-18 10:29:05,7700.0,7719.75,Put GEX 2,GEX,-567384.328,7454.887753120108,9251.20834266439
2026-08-18 10:29:05,7710.0,7729.75,Put CEX 4,CEX,-1337011.87,7454.887753120108,9251.20834266439
2026-08-18 10:29:05,7710.0,7729.75,Put GEX 4,GEX,-418104.944,7454.887753120108,9251.20834266439
2026-08-18 10:29:05,7720.0,7739.75,Put CEX 5,CEX,-1186688.773,7454.887753120108,9251.20834266439
2026-08-18 10:29:05,7720.0,7739.75,Put DEX 3,DEX,-47.787,7454.887753120108,9251.20834266439
2026-08-18 10:29:05,7720.0,7739.75,Put GEX 5,GEX,-400434.402,7454.887753120108,9251.20834266439
2026-08-18 10:29:05,7735.0,7754.75,Put DEX 4,DEX,-40.702,7454.887753120108,9251.20834266439
2026-08-18 10:29:05,7750.0,7770.0,Put CEX 2,CEX,-1941874.578,7454.887753120108,9251.20834266439
2026-08-18 10:29:05,7750.0,7770.0,Call GEX 4,GEX,291743.692,7454.887753120108,9251.20834266439
2026-08-18 10:29:05,7750.0,7770.0,Put VEX 5,VEX,-634070.745,7454.887753120108,9251.20834266439
2026-08-18 10:29:05,7775.0,7795.0,Call GEX 5,GEX,278874.004,7454.887753120108,9251.20834266439
2026-08-18 10:29:05,7800.0,7820.0,Put CEX 3,CEX,-1934072.042,7454.887753120108,9251.20834266439
2026-08-18 10:29:05,7800.0,7820.0,Put DEX 5,DEX,-40.349,7454.887753120108,9251.20834266439
2026-08-18 10:29:05,7800.0,7820.0,Call GEX 2,GEX,546977.642,7454.887753120108,9251.20834266439
2026-08-18 10:29:05,7800.0,7820.0,Put VEX 2,VEX,-1251667.99,7454.887753120108,9251.20834266439
2026-08-18 10:29:05,7850.0,7870.25,Call GEX 3,GEX,317248.482,7454.887753120108,9251.20834266439
2026-08-18 10:29:05,7900.0,7920.25,Call GEX 1,GEX,714810.184,7454.887753120108,9251.20834266439
2026-08-18 10:29:05,7900.0,7920.25,Put VEX 3,VEX,-1236089.733,7454.887753120108,9251.20834266439
2026-08-18 10:29:05,8000.0,8020.5,Put CEX 1,CEX,-5082354.32,7454.887753120108,9251.20834266439
2026-08-18 10:29:05,8000.0,8020.5,Put DEX 1,DEX,-2590.883,7454.887753120108,9251.20834266439
2026-08-18 10:29:05,8000.0,8020.5,Put VEX 1,VEX,-12003083.874,7454.887753120108,9251.20834266439
2026-08-18 10:29:05,8200.0,8221.0,Put VEX 4,VEX,-794857.594,7454.887753120108,9251.20834266439
2026-08-18 10:29:05,8500.0,8521.75,Put DEX 2,DEX,-102.105,7454.887753120108,9251.20834266439
2026-08-18 10:29:54,7000.0,7018.0,Call DEX 1,DEX,557.462,7426.026256807869,9249.983771934492
2026-08-18 10:29:54,7000.0,7018.0,Put GEX 1,GEX,-672440.434,7426.026256807869,9249.983771934492
2026-08-18 10:29:54,7000.0,7018.0,Call VEX 1,VEX,6816511.747,7426.026256807869,9249.983771934492
2026-08-18 10:29:54,7300.0,7319.0,Call DEX 5,DEX,294.653,7426.026256807869,9249.983771934492
2026-08-18 10:29:54,7300.0,7319.0,Call VEX 5,VEX,2019849.812,7426.026256807869,9249.983771934492
2026-08-18 10:29:54,7400.0,7419.25,Call VEX 4,VEX,2462213.308,7426.026256807869,9249.983771934492
2026-08-18 10:29:54,7450.0,7469.25,Call DEX 4,DEX,338.705,7426.026256807869,9249.983771934492
2026-08-18 10:29:54,7500.0,7519.5,Call CEX 4,CEX,1715219.21,7426.026256807869,9249.983771934492
2026-08-18 10:29:54,7500.0,7519.5,Call DEX 2,DEX,545.609,7426.026256807869,9249.983771934492
2026-08-18 10:29:54,7500.0,7519.5,Put GEX 4,GEX,-379212.481,7426.026256807869,9249.983771934492
2026-08-18 10:29:54,7500.0,7519.5,Call VEX 2,VEX,3633160.434,7426.026256807869,9249.983771934492
2026-08-18 10:29:54,7550.0,7569.5,Call CEX 5,CEX,1380307.333,7426.026256807869,9249.983771934492
2026-08-18 10:29:54,7600.0,7619.75,Call CEX 3,CEX,2005924.72,7426.026256807869,9249.983771934492
2026-08-18 10:29:54,7600.0,7619.75,Call DEX 3,DEX,444.811,7426.026256807869,9249.983771934492
2026-08-18 10:29:54,7600.0,7619.75,Call VEX 3,VEX,2629904.46,7426.026256807869,9249.983771934492
2026-08-18 10:29:54,7635.0,7654.75,Call CEX 1,CEX,3185858.173,7426.026256807869,9249.983771934492
2026-08-18 10:29:54,7650.0,7669.75,Call CEX 2,CEX,2284084.936,7426.026256807869,9249.983771934492
2026-08-18 10:29:54,7700.0,7720.0,Put GEX 2,GEX,-587871.68,7426.026256807869,9249.983771934492
2026-08-18 10:29:54,7710.0,7730.0,Put CEX 4,CEX,-1349846.211,7426.026256807869,9249.983771934492
2026-08-18 10:29:54,7710.0,7730.0,Put GEX 3,GEX,-437609.266,7426.026256807869,9249.983771934492
2026-08-18 10:29:54,7715.0,7735.0,Put CEX 5,CEX,-1060050.462,7426.026256807869,9249.983771934492
2026-08-18 10:29:54,7720.0,7740.0,Put DEX 3,DEX,-48.269,7426.026256807869,9249.983771934492
2026-08-18 10:29:54,7720.0,7740.0,Put GEX 5,GEX,-325724.738,7426.026256807869,9249.983771934492
2026-08-18 10:29:54,7735.0,7755.0,Put DEX 4,DEX,-40.656,7426.026256807869,9249.983771934492
2026-08-18 10:29:54,7750.0,7770.0,Put CEX 2,CEX,-1941550.362,7426.026256807869,9249.983771934492
2026-08-18 10:29:54,7750.0,7770.0,Call GEX 4,GEX,286424.162,7426.026256807869,9249.983771934492
2026-08-18 10:29:54,7750.0,7770.0,Put VEX 5,VEX,-630093.466,7426.026256807869,9249.983771934492
2026-08-18 10:29:54,7775.0,7795.25,Call GEX 5,GEX,279137.841,7426.026256807869,9249.983771934492
2026-08-18 10:29:54,7800.0,7820.25,Put CEX 3,CEX,-1927778.372,7426.026256807869,9249.983771934492
2026-08-18 10:29:54,7800.0,7820.25,Put DEX 5,DEX,-40.644,7426.026256807869,9249.983771934492
2026-08-18 10:29:54,7800.0,7820.25,Call GEX 2,GEX,553193.035,7426.026256807869,9249.983771934492
2026-08-18 10:29:54,7800.0,7820.25,Put VEX 2,VEX,-1244986.791,7426.026256807869,9249.983771934492
2026-08-18 10:29:54,7850.0,7870.25,Call GEX 3,GEX,317710.111,7426.026256807869,9249.983771934492
2026-08-18 10:29:54,7900.0,7920.5,Call GEX 1,GEX,715404.363,7426.026256807869,9249.983771934492
2026-08-18 10:29:54,7900.0,7920.5,Put VEX 3,VEX,-1234436.316,7426.026256807869,9249.983771934492
2026-08-18 10:29:54,8000.0,8020.75,Put CEX 1,CEX,-4801199.195,7426.026256807869,9249.983771934492
2026-08-18 10:29:54,8000.0,8020.75,Put DEX 1,DEX,-2599.63,7426.026256807869,9249.983771934492
2026-08-18 10:29:54,8000.0,8020.75,Put VEX 1,VEX,-11872018.027,7426.026256807869,9249.983771934492
2026-08-18 10:29:54,8200.0,8221.25,Put VEX 4,VEX,-795696.87,7426.026256807869,9249.983771934492
2026-08-18 10:29:54,8500.0,8522.0,Put DEX 2,DEX,-102.383,7426.026256807869,9249.983771934492
2026-08-18 10:30:42,7000.0,7018.0,Call CEX 5,CEX,1314134.745,7478.697876188007,9248.727426188769
2026-08-18 10:30:42,7000.0,7018.0,Call DEX 1,DEX,562.03,7478.697876188007,9248.727426188769
2026-08-18 10:30:42,7000.0,7018.0,Put GEX 1,GEX,-683010.94,7478.697876188007,9248.727426188769
2026-08-18 10:30:42,7000.0,7018.0,Call VEX 1,VEX,6724121.786,7478.697876188007,9248.727426188769
2026-08-18 10:30:42,7300.0,7318.75,Call VEX 5,VEX,1986037.286,7478.697876188007,9248.727426188769
2026-08-18 10:30:42,7400.0,7419.0,Call VEX 4,VEX,2444876.932,7478.697876188007,9248.727426188769
2026-08-18 10:30:42,7450.0,7469.25,Call DEX 5,DEX,263.182,7478.697876188007,9248.727426188769
2026-08-18 10:30:42,7500.0,7519.25,Call CEX 4,CEX,1395218.493,7478.697876188007,9248.727426188769
2026-08-18 10:30:42,7500.0,7519.25,Call DEX 2,DEX,551.978,7478.697876188007,9248.727426188769
2026-08-18 10:30:42,7500.0,7519.25,Put GEX 3,GEX,-455722.028,7478.697876188007,9248.727426188769
2026-08-18 10:30:42,7500.0,7519.25,Call VEX 2,VEX,3468151.321,7478.697876188007,9248.727426188769
2026-08-18 10:30:42,7550.0,7569.5,Call DEX 4,DEX,292.71,7478.697876188007,9248.727426188769
2026-08-18 10:30:42,7600.0,7619.5,Call CEX 3,CEX,1948504.714,7478.697876188007,9248.727426188769
2026-08-18 10:30:42,7600.0,7619.5,Call DEX 3,DEX,449.612,7478.697876188007,9248.727426188769
2026-08-18 10:30:42,7600.0,7619.5,Call VEX 3,VEX,2629345.0,7478.697876188007,9248.727426188769
2026-08-18 10:30:42,7635.0,7654.75,Call CEX 1,CEX,3174498.914,7478.697876188007,9248.727426188769
2026-08-18 10:30:42,7650.0,7669.75,Call CEX 2,CEX,2210432.45,7478.697876188007,9248.727426188769
2026-08-18 10:30:42,7700.0,7719.75,Put GEX 2,GEX,-530483.801,7478.697876188007,9248.727426188769
2026-08-18 10:30:42,7710.0,7729.75,Put GEX 5,GEX,-423869.217,7478.697876188007,9248.727426188769
2026-08-18 10:30:42,7720.0,7739.75,Put CEX 5,CEX,-1414016.121,7478.697876188007,9248.727426188769
2026-08-18 10:30:42,7720.0,7739.75,Put DEX 4,DEX,-46.144,7478.697876188007,9248.727426188769
2026-08-18 10:30:42,7720.0,7739.75,Put GEX 4,GEX,-441353.34,7478.697876188007,9248.727426188769
2026-08-18 10:30:42,7725.0,7745.0,Put CEX 2,CEX,-1958279.031,7478.697876188007,9248.727426188769
2026-08-18 10:30:42,7735.0,7755.0,Put DEX 3,DEX,-49.985,7478.697876188007,9248.727426188769
2026-08-18 10:30:42,7750.0,7770.0,Put CEX 4,CEX,-1938974.038,7478.697876188007,9248.727426188769
2026-08-18 10:30:42,7750.0,7770.0,Call GEX 4,GEX,297640.204,7478.697876188007,9248.727426188769
2026-08-18 10:30:42,7750.0,7770.0,Put VEX 5,VEX,-618697.998,7478.697876188007,9248.727426188769
2026-08-18 10:30:42,7775.0,7795.0,Call GEX 5,GEX,284157.746,7478.697876188007,9248.727426188769
2026-08-18 10:30:42,7800.0,7820.0,Put CEX 3,CEX,-1953035.262,7478.697876188007,9248.727426188769
2026-08-18 10:30:42,7800.0,7820.0,Put DEX 5,DEX,-37.733,7478.697876188007,9248.727426188769
2026-08-18 10:30:42,7800.0,7820.0,Call GEX 2,GEX,552307.694,7478.697876188007,9248.727426188769
2026-08-18 10:30:42,7800.0,7820.0,Put VEX 2,VEX,-1246184.632,7478.697876188007,9248.727426188769
2026-08-18 10:30:42,7850.0,7870.25,Call GEX 3,GEX,319618.505,7478.697876188007,9248.727426188769
2026-08-18 10:30:42,7900.0,7920.25,Call GEX 1,GEX,719149.726,7478.697876188007,9248.727426188769
2026-08-18 10:30:42,7900.0,7920.25,Put VEX 3,VEX,-1233933.347,7478.697876188007,9248.727426188769
2026-08-18 10:30:42,8000.0,8020.5,Put CEX 1,CEX,-5174704.989,7478.697876188007,9248.727426188769
2026-08-18 10:30:42,8000.0,8020.5,Put DEX 1,DEX,-2583.363,7478.697876188007,9248.727426188769
2026-08-18 10:30:42,8000.0,8020.5,Put VEX 1,VEX,-12040374.624,7478.697876188007,9248.727426188769
2026-08-18 10:30:42,8200.0,8221.0,Put VEX 4,VEX,-796491.275,7478.697876188007,9248.727426188769
2026-08-18 10:30:42,8500.0,8521.75,Put DEX 2,DEX,-101.936,7478.697876188007,9248.727426188769
2026-08-18 10:31:31,7000.0,7018.25,Call DEX 1,DEX,560.691,7451.616107665304,9251.519617700911
2026-08-18 10:31:31,7000.0,7018.25,Put GEX 1,GEX,-682798.948,7451.616107665304,9251.519617700911
2026-08-18 10:31:31,7000.0,7018.25,Call VEX 1,VEX,6738786.798,7451.616107665304,9251.519617700911
2026-08-18 10:31:31,7300.0,7319.0,Call DEX 4,DEX,294.913,7451.616107665304,9251.519617700911
2026-08-18 10:31:31,7300.0,7319.0,Call VEX 5,VEX,2021856.367,7451.616107665304,9251.519617700911
2026-08-18 10:31:31,7400.0,7419.25,Call VEX 4,VEX,2464318.599,7451.616107665304,9251.519617700911
2026-08-18 10:31:31,7500.0,7519.5,Call CEX 4,CEX,1555743.242,7451.616107665304,9251.519617700911
2026-08-18 10:31:31,7500.0,7519.5,Call DEX 2,DEX,547.855,7451.616107665304,9251.519617700911
2026-08-18 10:31:31,7500.0,7519.5,Put GEX 4,GEX,-418124.909,7451.616107665304,9251.519617700911
2026-08-18 10:31:31,7500.0,7519.5,Call VEX 2,VEX,3545780.297,7451.616107665304,9251.519617700911
2026-08-18 10:31:31,7550.0,7569.75,Call CEX 5,CEX,1371184.725,7451.616107665304,9251.519617700911
2026-08-18 10:31:31,7550.0,7569.75,Call DEX 5,DEX,290.999,7451.616107665304,9251.519617700911
2026-08-18 10:31:31,7600.0,7619.75,Call CEX 3,CEX,1998562.752,7451.616107665304,9251.519617700911
2026-08-18 10:31:31,7600.0,7619.75,Call DEX 3,DEX,444.893,7451.616107665304,9251.519617700911
2026-08-18 10:31:31,7600.0,7619.75,Call VEX 3,VEX,2625226.259,7451.616107665304,9251.519617700911
2026-08-18 10:31:31,7635.0,7655.0,Call CEX 1,CEX,3216579.229,7451.616107665304,9251.519617700911
2026-08-18 10:31:31,7650.0,7670.0,Call CEX 2,CEX,2295931.506,7451.616107665304,9251.519617700911
2026-08-18 10:31:31,7700.0,7720.0,Put GEX 2,GEX,-585486.5,7451.616107665304,9251.519617700911
2026-08-18 10:31:31,7710.0,7730.0,Put CEX 4,CEX,-1390879.057,7451.616107665304,9251.519617700911
2026-08-18 10:31:31,7710.0,7730.0,Put GEX 3,GEX,-427735.988,7451.616107665304,9251.519617700911
2026-08-18 10:31:31,7715.0,7735.0,Put CEX 5,CEX,-1068709.872,7451.616107665304,9251.519617700911
2026-08-18 10:31:31,7720.0,7740.0,Put DEX 3,DEX,-48.456,7451.616107665304,9251.519617700911
2026-08-18 10:31:31,7720.0,7740.0,Put GEX 5,GEX,-339991.011,7451.616107665304,9251.519617700911
2026-08-18 10:31:31,7735.0,7755.25,Put DEX 5,DEX,-40.86,7451.616107665304,9251.519617700911
2026-08-18 10:31:31,7750.0,7770.25,Put CEX 2,CEX,-1946159.864,7451.616107665304,9251.519617700911
2026-08-18 10:31:31,7750.0,7770.25,Call GEX 4,GEX,290589.209,7451.616107665304,9251.519617700911
2026-08-18 10:31:31,7750.0,7770.25,Put VEX 5,VEX,-634851.675,7451.616107665304,9251.519617700911
2026-08-18 10:31:31,7775.0,7795.25,Call GEX 5,GEX,277924.049,7451.616107665304,9251.519617700911
2026-08-18 10:31:31,7800.0,7820.25,Put CEX 3,CEX,-1929582.422,7451.616107665304,9251.519617700911
2026-08-18 10:31:31,7800.0,7820.25,Put DEX 4,DEX,-41.186,7451.616107665304,9251.519617700911
2026-08-18 10:31:31,7800.0,7820.25,Call GEX 2,GEX,549060.382,7451.616107665304,9251.519617700911
2026-08-18 10:31:31,7800.0,7820.25,Put VEX 2,VEX,-1248571.884,7451.616107665304,9251.519617700911
2026-08-18 10:31:31,7850.0,7870.5,Call GEX 3,GEX,316917.431,7451.616107665304,9251.519617700911
2026-08-18 10:31:31,7900.0,7920.5,Call GEX 1,GEX,714343.556,7451.616107665304,9251.519617700911
2026-08-18 10:31:31,7900.0,7920.5,Put VEX 3,VEX,-1235797.996,7451.616107665304,9251.519617700911
2026-08-18 10:31:31,8000.0,8020.75,Put CEX 1,CEX,-4939574.104,7451.616107665304,9251.519617700911
2026-08-18 10:31:31,8000.0,8020.75,Put DEX 1,DEX,-2597.686,7451.616107665304,9251.519617700911
2026-08-18 10:31:31,8000.0,8020.75,Put VEX 1,VEX,-11938136.734,7451.616107665304,9251.519617700911
2026-08-18 10:31:31,8200.0,8221.25,Put VEX 4,VEX,-794597.648,7451.616107665304,9251.519617700911
2026-08-18 10:31:31,8500.0,8522.25,Put DEX 2,DEX,-102.236,7451.616107665304,9251.519617700911
2026-08-18 10:32:21,7000.0,7018.0,Call CEX 5,CEX,1315786.191,7479.883417145078,9249.15894179297
2026-08-18 10:32:21,7000.0,7018.0,Call DEX 1,DEX,561.264,7479.883417145078,9249.15894179297
2026-08-18 10:32:21,7000.0,7018.0,Put GEX 1,GEX,-680486.359,7479.883417145078,9249.15894179297
2026-08-18 10:32:21,7000.0,7018.0,Call VEX 1,VEX,6742899.422,7479.883417145078,9249.15894179297
2026-08-18 10:32:21,7300.0,7318.75,Call VEX 5,VEX,1983775.061,7479.883417145078,9249.15894179297
2026-08-18 10:32:21,7400.0,7419.0,Call VEX 4,VEX,2450193.931,7479.883417145078,9249.15894179297
2026-08-18 10:32:21,7450.0,7469.0,Call DEX 5,DEX,263.398,7479.883417145078,9249.15894179297
2026-08-18 10:32:21,7500.0,7519.25,Call CEX 4,CEX,1429230.275,7479.883417145078,9249.15894179297
2026-08-18 10:32:21,7500.0,7519.25,Call DEX 2,DEX,551.938,7479.883417145078,9249.15894179297
2026-08-18 10:32:21,7500.0,7519.25,Put GEX 3,GEX,-444974.79,7479.883417145078,9249.15894179297
2026-08-18 10:32:21,7500.0,7519.25,Call VEX 2,VEX,3487689.856,7479.883417145078,9249.15894179297
2026-08-18 10:32:21,7550.0,7569.25,Call DEX 4,DEX,292.752,7479.883417145078,9249.15894179297
2026-08-18 10:32:21,7600.0,7619.5,Call CEX 3,CEX,1927689.586,7479.883417145078,9249.15894179297
2026-08-18 10:32:21,7600.0,7619.5,Call DEX 3,DEX,449.746,7479.883417145078,9249.15894179297
2026-08-18 10:32:21,7600.0,7619.5,Call VEX 3,VEX,2628144.621,7479.883417145078,9249.15894179297
2026-08-18 10:32:21,7635.0,7654.5,Call CEX 1,CEX,3194834.301,7479.883417145078,9249.15894179297
2026-08-18 10:32:21,7650.0,7669.5,Call CEX 2,CEX,2221779.827,7479.883417145078,9249.15894179297
2026-08-18 10:32:21,7700.0,7719.75,Put GEX 2,GEX,-537193.422,7479.883417145078,9249.15894179297
2026-08-18 10:32:21,7710.0,7729.75,Put GEX 5,GEX,-427560.151,7479.883417145078,9249.15894179297
2026-08-18 10:32:21,7720.0,7739.75,Put CEX 5,CEX,-1408471.761,7479.883417145078,9249.15894179297
2026-08-18 10:32:21,7720.0,7739.75,Put DEX 4,DEX,-46.191,7479.883417145078,9249.15894179297
2026-08-18 10:32:21,7720.0,7739.75,Put GEX 4,GEX,-442581.519,7479.883417145078,9249.15894179297
2026-08-18 10:32:21,7725.0,7744.75,Put CEX 2,CEX,-1967592.355,7479.883417145078,9249.15894179297
2026-08-18 10:32:21,7735.0,7754.75,Put DEX 3,DEX,-49.98,7479.883417145078,9249.15894179297
2026-08-18 10:32:21,7750.0,7769.75,Put CEX 4,CEX,-1940482.524,7479.883417145078,9249.15894179297
2026-08-18 10:32:21,7750.0,7769.75,Call GEX 4,GEX,295298.406,7479.883417145078,9249.15894179297
2026-08-18 10:32:21,7750.0,7769.75,Put VEX 5,VEX,-617119.244,7479.883417145078,9249.15894179297
2026-08-18 10:32:21,7775.0,7795.0,Call GEX 5,GEX,284572.046,7479.883417145078,9249.15894179297
2026-08-18 10:32:21,7800.0,7820.0,Put CEX 3,CEX,-1954737.419,7479.883417145078,9249.15894179297
2026-08-18 10:32:21,7800.0,7820.0,Put DEX 5,DEX,-37.65,7479.883417145078,9249.15894179297
2026-08-18 10:32:21,7800.0,7820.0,Call GEX 2,GEX,553392.187,7479.883417145078,9249.15894179297
2026-08-18 10:32:21,7800.0,7820.0,Put VEX 2,VEX,-1245248.657,7479.883417145078,9249.15894179297
2026-08-18 10:32:21,7850.0,7870.0,Call GEX 3,GEX,319233.308,7479.883417145078,9249.15894179297
2026-08-18 10:32:21,7900.0,7920.25,Call GEX 1,GEX,719179.752,7479.883417145078,9249.15894179297
2026-08-18 10:32:21,7900.0,7920.25,Put VEX 3,VEX,-1233613.618,7479.883417145078,9249.15894179297
2026-08-18 10:32:21,8000.0,8020.5,Put CEX 1,CEX,-5225770.465,7479.883417145078,9249.15894179297
2026-08-18 10:32:21,8000.0,8020.5,Put DEX 1,DEX,-2581.579,7479.883417145078,9249.15894179297
2026-08-18 10:32:21,8000.0,8020.5,Put VEX 1,VEX,-12066700.293,7479.883417145078,9249.15894179297
2026-08-18 10:32:21,8200.0,8221.0,Put VEX 4,VEX,-796526.024,7479.883417145078,9249.15894179297
2026-08-18 10:32:21,8500.0,8521.75,Put DEX 2,DEX,-101.873,7479.883417145078,9249.15894179297
2026-08-18 10:33:20,7000.0,7018.0,Call CEX 5,CEX,1308484.31,7501.741676973524,9248.553757043162
2026-08-18 10:33:20,7000.0,7018.0,Call DEX 1,DEX,565.665,7501.741676973524,9248.553757043162
2026-08-18 10:33:20,7000.0,7018.0,Put GEX 1,GEX,-688407.076,7501.741676973524,9248.553757043162
2026-08-18 10:33:20,7000.0,7018.0,Call VEX 1,VEX,6659257.896,7501.741676973524,9248.553757043162
2026-08-18 10:33:20,7300.0,7318.75,Call VEX 5,VEX,1975935.075,7501.741676973524,9248.553757043162
2026-08-18 10:33:20,7400.0,7419.0,Call VEX 4,VEX,2427572.115,7501.741676973524,9248.553757043162
2026-08-18 10:33:20,7450.0,7469.25,Call DEX 5,DEX,263.321,7501.741676973524,9248.553757043162
2026-08-18 10:33:20,7500.0,7519.25,Call CEX 4,CEX,1325760.111,7501.741676973524,9248.553757043162
2026-08-18 10:33:20,7500.0,7519.25,Call DEX 2,DEX,554.01,7501.741676973524,9248.553757043162
2026-08-18 10:33:20,7500.0,7519.25,Put GEX 3,GEX,-464890.357,7501.741676973524,9248.553757043162
2026-08-18 10:33:20,7500.0,7519.25,Call VEX 2,VEX,3440057.915,7501.741676973524,9248.553757043162
2026-08-18 10:33:20,7550.0,7569.5,Call DEX 4,DEX,292.422,7501.741676973524,9248.553757043162
2026-08-18 10:33:20,7600.0,7619.5,Call CEX 3,CEX,1839814.192,7501.741676973524,9248.553757043162
2026-08-18 10:33:20,7600.0,7619.5,Call DEX 3,DEX,442.356,7501.741676973524,9248.553757043162
2026-08-18 10:33:20,7600.0,7619.5,Call VEX 3,VEX,2627209.573,7501.741676973524,9248.553757043162
2026-08-18 10:33:20,7635.0,7654.75,Call CEX 1,CEX,2690927.729,7501.741676973524,9248.553757043162
2026-08-18 10:33:20,7650.0,7669.75,Call CEX 2,CEX,2136892.149,7501.741676973524,9248.553757043162
2026-08-18 10:33:20,7700.0,7719.75,Put GEX 2,GEX,-513573.531,7501.741676973524,9248.553757043162
2026-08-18 10:33:20,7710.0,7729.75,Put GEX 5,GEX,-429288.753,7501.741676973524,9248.553757043162
2026-08-18 10:33:20,7720.0,7739.75,Put CEX 5,CEX,-1468349.76,7501.741676973524,9248.553757043162
2026-08-18 10:33:20,7720.0,7739.75,Put DEX 5,DEX,-45.276,7501.741676973524,9248.553757043162
2026-08-18 10:33:20,7720.0,7739.75,Put GEX 4,GEX,-457435.857,7501.741676973524,9248.553757043162
2026-08-18 10:33:20,7725.0,7744.75,Put CEX 4,CEX,-2243970.149,7501.741676973524,9248.553757043162
2026-08-18 10:33:20,7735.0,7755.0,Put DEX 3,DEX,-49.179,7501.741676973524,9248.553757043162
2026-08-18 10:33:20,7750.0,7770.0,Put CEX 2,CEX,-2927719.917,7501.741676973524,9248.553757043162
2026-08-18 10:33:20,7750.0,7770.0,Put VEX 5,VEX,-633746.323,7501.741676973524,9248.553757043162
2026-08-18 10:33:20,7775.0,7795.0,Call GEX 4,GEX,272836.147,7501.741676973524,9248.553757043162
2026-08-18 10:33:20,7800.0,7820.0,Put CEX 3,CEX,-2254146.474,7501.741676973524,9248.553757043162
2026-08-18 10:33:20,7800.0,7820.0,Put DEX 4,DEX,-47.22,7501.741676973524,9248.553757043162
2026-08-18 10:33:20,7800.0,7820.0,Call GEX 2,GEX,547872.199,7501.741676973524,9248.553757043162
2026-08-18 10:33:20,7800.0,7820.0,Put VEX 2,VEX,-1250885.331,7501.741676973524,9248.553757043162
2026-08-18 10:33:20,7850.0,7870.25,Call GEX 3,GEX,320138.033,7501.741676973524,9248.553757043162
2026-08-18 10:33:20,7900.0,7920.25,Call GEX 1,GEX,721914.467,7501.741676973524,9248.553757043162
2026-08-18 10:33:20,7900.0,7920.25,Put VEX 3,VEX,-1233266.611,7501.741676973524,9248.553757043162
2026-08-18 10:33:20,7950.0,7970.5,Call GEX 5,GEX,247880.728,7501.741676973524,9248.553757043162
2026-08-18 10:33:20,8000.0,8020.5,Put CEX 1,CEX,-5345557.265,7501.741676973524,9248.553757043162
2026-08-18 10:33:20,8000.0,8020.5,Put DEX 1,DEX,-2572.331,7501.741676973524,9248.553757043162
2026-08-18 10:33:20,8000.0,8020.5,Put VEX 1,VEX,-12113695.27,7501.741676973524,9248.553757043162
2026-08-18 10:33:20,8200.0,8221.0,Put VEX 4,VEX,-797663.679,7501.741676973524,9248.553757043162
2026-08-18 10:33:20,8500.0,8521.75,Put DEX 2,DEX,-101.738,7501.741676973524,9248.553757043162
2026-08-18 10:34:16,7000.0,7018.0,Call CEX 4,CEX,1314158.275,7502.415439146918,9250.043520548044
2026-08-18 10:34:16,7000.0,7018.0,Call DEX 1,DEX,562.371,7502.415439146918,9250.043520548044
2026-08-18 10:34:16,7000.0,7018.0,Put GEX 1,GEX,-683596.647,7502.415439146918,9250.043520548044
2026-08-18 10:34:16,7000.0,7018.0,Call VEX 1,VEX,6718552.143,7502.415439146918,9250.043520548044
2026-08-18 10:34:16,7300.0,7318.75,Call VEX 5,VEX,1983663.644,7502.415439146918,9250.043520548044
2026-08-18 10:34:16,7400.0,7419.0,Call DEX 5,DEX,259.189,7502.415439146918,9250.043520548044
2026-08-18 10:34:16,7400.0,7419.0,Call VEX 4,VEX,2445696.314,7502.415439146918,9250.043520548044
2026-08-18 10:34:16,7450.0,7469.0,Call DEX 4,DEX,262.006,7502.415439146918,9250.043520548044
2026-08-18 10:34:16,7500.0,7519.25,Put GEX 3,GEX,-492567.228,7502.415439146918,9250.043520548044
2026-08-18 10:34:16,7500.0,7519.25,Call VEX 2,VEX,3391473.933,7502.415439146918,9250.043520548044
2026-08-18 10:34:16,7550.0,7569.25,Call CEX 5,CEX,1244876.821,7502.415439146918,9250.043520548044
2026-08-18 10:34:16,7550.0,7569.25,Call DEX 3,DEX,290.53,7502.415439146918,9250.043520548044
2026-08-18 10:34:16,7600.0,7619.5,Call CEX 3,CEX,1847968.164,7502.415439146918,9250.043520548044
2026-08-18 10:34:16,7600.0,7619.5,Call DEX 2,DEX,439.641,7502.415439146918,9250.043520548044
2026-08-18 10:34:16,7600.0,7619.5,Call VEX 3,VEX,2621678.577,7502.415439146918,9250.043520548044
2026-08-18 10:34:16,7635.0,7654.5,Call CEX 1,CEX,2717119.004,7502.415439146918,9250.043520548044
2026-08-18 10:34:16,7650.0,7669.5,Call CEX 2,CEX,2143282.129,7502.415439146918,9250.043520548044
2026-08-18 10:34:16,7700.0,7719.75,Put GEX 2,GEX,-529799.407,7502.415439146918,9250.043520548044
2026-08-18 10:34:16,7710.0,7729.75,Put GEX 5,GEX,-421158.455,7502.415439146918,9250.043520548044
2026-08-18 10:34:16,7720.0,7739.75,Put CEX 5,CEX,-1471346.937,7502.415439146918,9250.043520548044
2026-08-18 10:34:16,7720.0,7739.75,Put DEX 5,DEX,-45.824,7502.415439146918,9250.043520548044
2026-08-18 10:34:16,7720.0,7739.75,Put GEX 4,GEX,-447188.308,7502.415439146918,9250.043520548044
2026-08-18 10:34:16,7725.0,7744.75,Put CEX 3,CEX,-2222913.061,7502.415439146918,9250.043520548044
2026-08-18 10:34:16,7735.0,7754.75,Put DEX 3,DEX,-49.561,7502.415439146918,9250.043520548044
2026-08-18 10:34:16,7750.0,7770.0,Put CEX 2,CEX,-2771536.218,7502.415439146918,9250.043520548044
2026-08-18 10:34:16,7750.0,7770.0,Call GEX 5,GEX,254401.068,7502.415439146918,9250.043520548044
2026-08-18 10:34:16,7750.0,7770.0,Put VEX 5,VEX,-638638.236,7502.415439146918,9250.043520548044
2026-08-18 10:34:16,7775.0,7795.0,Call GEX 4,GEX,270559.476,7502.415439146918,9250.043520548044
2026-08-18 10:34:16,7800.0,7820.0,Put CEX 4,CEX,-2215456.139,7502.415439146918,9250.043520548044
2026-08-18 10:34:16,7800.0,7820.0,Put DEX 4,DEX,-49.136,7502.415439146918,9250.043520548044
2026-08-18 10:34:16,7800.0,7820.0,Call GEX 2,GEX,544619.967,7502.415439146918,9250.043520548044
2026-08-18 10:34:16,7800.0,7820.0,Put VEX 2,VEX,-1251622.783,7502.415439146918,9250.043520548044
2026-08-18 10:34:16,7850.0,7870.25,Call GEX 3,GEX,318422.879,7502.415439146918,9250.043520548044
2026-08-18 10:34:16,7900.0,7920.25,Call GEX 1,GEX,718878.404,7502.415439146918,9250.043520548044
2026-08-18 10:34:16,7900.0,7920.25,Put VEX 3,VEX,-1233032.536,7502.415439146918,9250.043520548044
2026-08-18 10:34:16,8000.0,8020.5,Put CEX 1,CEX,-5347824.404,7502.415439146918,9250.043520548044
2026-08-18 10:34:16,8000.0,8020.5,Put DEX 1,DEX,-2579.905,7502.415439146918,9250.043520548044
2026-08-18 10:34:16,8000.0,8020.5,Put VEX 1,VEX,-12124646.828,7502.415439146918,9250.043520548044
2026-08-18 10:34:16,8200.0,8221.0,Put VEX 4,VEX,-796428.197,7502.415439146918,9250.043520548044
2026-08-18 10:34:16,8500.0,8521.75,Put DEX 2,DEX,-101.73,7502.415439146918,9250.043520548044
2026-08-18 10:35:21,7000.0,7018.0,Call CEX 5,CEX,1314802.092,7476.099965705535,9250.543950380166
2026-08-18 10:35:21,7000.0,7018.0,Call DEX 1,DEX,562.338,7476.099965705535,9250.543950380166
2026-08-18 10:35:21,7000.0,7018.0,Put GEX 1,GEX,-683824.05,7476.099965705535,9250.543950380166
2026-08-18 10:35:21,7000.0,7018.0,Call VEX 1,VEX,6720028.524,7476.099965705535,9250.543950380166
2026-08-18 10:35:21,7300.0,7318.75,Call VEX 5,VEX,1983284.944,7476.099965705535,9250.543950380166
2026-08-18 10:35:21,7400.0,7419.0,Call VEX 4,VEX,2433994.308,7476.099965705535,9250.543950380166
2026-08-18 10:35:21,7450.0,7469.0,Call DEX 5,DEX,266.984,7476.099965705535,9250.543950380166
2026-08-18 10:35:21,7500.0,7519.25,Call CEX 4,CEX,1416150.972,7476.099965705535,9250.543950380166
2026-08-18 10:35:21,7500.0,7519.25,Call DEX 2,DEX,551.736,7476.099965705535,9250.543950380166
2026-08-18 10:35:21,7500.0,7519.25,Put GEX 3,GEX,-450268.801,7476.099965705535,9250.543950380166
2026-08-18 10:35:21,7500.0,7519.25,Call VEX 2,VEX,3479046.884,7476.099965705535,9250.543950380166
2026-08-18 10:35:21,7550.0,7569.25,Call DEX 4,DEX,292.638,7476.099965705535,9250.543950380166
2026-08-18 10:35:21,7600.0,7619.5,Call CEX 3,CEX,1955324.859,7476.099965705535,9250.543950380166
2026-08-18 10:35:21,7600.0,7619.5,Call DEX 3,DEX,449.484,7476.099965705535,9250.543950380166
2026-08-18 10:35:21,7600.0,7619.5,Call VEX 3,VEX,2629835.141,7476.099965705535,9250.543950380166
2026-08-18 10:35:21,7635.0,7654.5,Call CEX 1,CEX,2737608.384,7476.099965705535,9250.543950380166
2026-08-18 10:35:21,7650.0,7669.5,Call CEX 2,CEX,2176007.1,7476.099965705535,9250.543950380166
2026-08-18 10:35:21,7700.0,7719.75,Put GEX 2,GEX,-563585.831,7476.099965705535,9250.543950380166
2026-08-18 10:35:21,7710.0,7729.75,Put GEX 4,GEX,-435389.661,7476.099965705535,9250.543950380166
2026-08-18 10:35:21,7720.0,7739.75,Put CEX 5,CEX,-1374983.328,7476.099965705535,9250.543950380166
2026-08-18 10:35:21,7720.0,7739.75,Put DEX 4,DEX,-46.612,7476.099965705535,9250.543950380166
2026-08-18 10:35:21,7720.0,7739.75,Put GEX 5,GEX,-433486.354,7476.099965705535,9250.543950380166
2026-08-18 10:35:21,7725.0,7744.75,Put CEX 4,CEX,-1754819.851,7476.099965705535,9250.543950380166
2026-08-18 10:35:21,7735.0,7754.75,Put DEX 3,DEX,-50.285,7476.099965705535,9250.543950380166
2026-08-18 10:35:21,7750.0,7769.75,Put CEX 3,CEX,-1948495.269,7476.099965705535,9250.543950380166
2026-08-18 10:35:21,7750.0,7769.75,Call GEX 4,GEX,297166.84,7476.099965705535,9250.543950380166
2026-08-18 10:35:21,7750.0,7769.75,Put VEX 5,VEX,-621091.668,7476.099965705535,9250.543950380166
2026-08-18 10:35:21,7775.0,7795.0,Call GEX 5,GEX,283782.75,7476.099965705535,9250.543950380166
2026-08-18 10:35:21,7800.0,7820.0,Put CEX 2,CEX,-1955531.872,7476.099965705535,9250.543950380166
2026-08-18 10:35:21,7800.0,7820.0,Put DEX 5,DEX,-38.427,7476.099965705535,9250.543950380166
2026-08-18 10:35:21,7800.0,7820.0,Call GEX 2,GEX,553063.909,7476.099965705535,9250.543950380166
2026-08-18 10:35:21,7800.0,7820.0,Put VEX 2,VEX,-1246262.477,7476.099965705535,9250.543950380166
2026-08-18 10:35:21,7850.0,7870.0,Call GEX 3,GEX,318762.415,7476.099965705535,9250.543950380166
2026-08-18 10:35:21,7900.0,7920.25,Call GEX 1,GEX,718688.969,7476.099965705535,9250.543950380166
2026-08-18 10:35:21,7900.0,7920.25,Put VEX 3,VEX,-1233654.181,7476.099965705535,9250.543950380166
2026-08-18 10:35:21,8000.0,8020.5,Put CEX 1,CEX,-5164198.904,7476.099965705535,9250.543950380166
2026-08-18 10:35:21,8000.0,8020.5,Put DEX 1,DEX,-2584.16,7476.099965705535,9250.543950380166
2026-08-18 10:35:21,8000.0,8020.5,Put VEX 1,VEX,-12032828.599,7476.099965705535,9250.543950380166
2026-08-18 10:35:21,8200.0,8221.0,Put VEX 4,VEX,-792729.508,7476.099965705535,9250.543950380166
2026-08-18 10:35:21,8500.0,8521.75,Put DEX 2,DEX,-101.963,7476.099965705535,9250.543950380166
2026-08-18 10:36:22,7000.0,7018.0,Call DEX 1,DEX,556.445,7452.817448168495,9252.189857002972
2026-08-18 10:36:22,7000.0,7018.0,Put GEX 1,GEX,-672217.321,7452.817448168495,9252.189857002972
2026-08-18 10:36:22,7000.0,7018.0,Call VEX 1,VEX,6828525.096,7452.817448168495,9252.189857002972
2026-08-18 10:36:22,7300.0,7318.75,Call DEX 4,DEX,293.859,7452.817448168495,9252.189857002972
2026-08-18 10:36:22,7300.0,7318.75,Call VEX 5,VEX,2031382.959,7452.817448168495,9252.189857002972
2026-08-18 10:36:22,7400.0,7419.0,Call VEX 4,VEX,2473448.963,7452.817448168495,9252.189857002972
2026-08-18 10:36:22,7500.0,7519.25,Call CEX 4,CEX,1600582.487,7452.817448168495,9252.189857002972
2026-08-18 10:36:22,7500.0,7519.25,Call DEX 2,DEX,546.337,7452.817448168495,9252.189857002972
2026-08-18 10:36:22,7500.0,7519.25,Put GEX 4,GEX,-413002.97,7452.817448168495,9252.189857002972
2026-08-18 10:36:22,7500.0,7519.25,Call VEX 2,VEX,3565617.779,7452.817448168495,9252.189857002972
2026-08-18 10:36:22,7550.0,7569.5,Call CEX 5,CEX,1399738.153,7452.817448168495,9252.189857002972
2026-08-18 10:36:22,7550.0,7569.5,Call DEX 5,DEX,289.451,7452.817448168495,9252.189857002972
2026-08-18 10:36:22,7600.0,7619.5,Call CEX 3,CEX,2023998.207,7452.817448168495,9252.189857002972
2026-08-18 10:36:22,7600.0,7619.5,Call DEX 3,DEX,442.566,7452.817448168495,9252.189857002972
2026-08-18 10:36:22,7600.0,7619.5,Call VEX 3,VEX,2622177.372,7452.817448168495,9252.189857002972
2026-08-18 10:36:22,7635.0,7654.75,Call CEX 1,CEX,3294607.679,7452.817448168495,9252.189857002972
2026-08-18 10:36:22,7650.0,7669.75,Call CEX 2,CEX,2202046.346,7452.817448168495,9252.189857002972
2026-08-18 10:36:22,7700.0,7719.75,Put GEX 2,GEX,-627537.738,7452.817448168495,9252.189857002972
2026-08-18 10:36:22,7710.0,7729.75,Put CEX 4,CEX,-1494644.194,7452.817448168495,9252.189857002972
2026-08-18 10:36:22,7710.0,7729.75,Put GEX 3,GEX,-425563.713,7452.817448168495,9252.189857002972
2026-08-18 10:36:22,7715.0,7735.0,Put CEX 5,CEX,-1028125.089,7452.817448168495,9252.189857002972
2026-08-18 10:36:22,7720.0,7740.0,Put DEX 5,DEX,-34.35,7452.817448168495,9252.189857002972
2026-08-18 10:36:22,7720.0,7740.0,Put GEX 5,GEX,-295958.878,7452.817448168495,9252.189857002972
2026-08-18 10:36:22,7735.0,7755.0,Put DEX 4,DEX,-41.178,7452.817448168495,9252.189857002972
2026-08-18 10:36:22,7750.0,7770.0,Put CEX 2,CEX,-1957094.543,7452.817448168495,9252.189857002972
2026-08-18 10:36:22,7750.0,7770.0,Call GEX 4,GEX,287724.458,7452.817448168495,9252.189857002972
2026-08-18 10:36:22,7750.0,7770.0,Put VEX 5,VEX,-641491.514,7452.817448168495,9252.189857002972
2026-08-18 10:36:22,7775.0,7795.0,Call GEX 5,GEX,275349.69,7452.817448168495,9252.189857002972
2026-08-18 10:36:22,7800.0,7820.0,Put CEX 3,CEX,-1924792.639,7452.817448168495,9252.189857002972
2026-08-18 10:36:22,7800.0,7820.0,Put DEX 3,DEX,-42.56,7452.817448168495,9252.189857002972
2026-08-18 10:36:22,7800.0,7820.0,Call GEX 2,GEX,545267.288,7452.817448168495,9252.189857002972
2026-08-18 10:36:22,7800.0,7820.0,Put VEX 2,VEX,-1249186.106,7452.817448168495,9252.189857002972
2026-08-18 10:36:22,7850.0,7870.25,Call GEX 3,GEX,314285.828,7452.817448168495,9252.189857002972
2026-08-18 10:36:22,7900.0,7920.25,Call GEX 1,GEX,712466.866,7452.817448168495,9252.189857002972
2026-08-18 10:36:22,7900.0,7920.25,Put VEX 3,VEX,-1235593.41,7452.817448168495,9252.189857002972
2026-08-18 10:36:22,8000.0,8020.5,Put CEX 1,CEX,-4893637.596,7452.817448168495,9252.189857002972
2026-08-18 10:36:22,8000.0,8020.5,Put DEX 1,DEX,-2602.03,7452.817448168495,9252.189857002972
2026-08-18 10:36:22,8000.0,8020.5,Put VEX 1,VEX,-11922897.313,7452.817448168495,9252.189857002972
2026-08-18 10:36:22,8200.0,8221.25,Put VEX 4,VEX,-790342.322,7452.817448168495,9252.189857002972
2026-08-18 10:36:22,8500.0,8522.0,Put DEX 2,DEX,-102.252,7452.817448168495,9252.189857002972
2026-08-18 10:37:15,7000.0,7018.25,Call DEX 1,DEX,557.501,7475.774205170509,9252.293086638698
2026-08-18 10:37:15,7000.0,7018.25,Put GEX 1,GEX,-679729.992,7475.774205170509,9252.293086638698
2026-08-18 10:37:15,7000.0,7018.25,Call VEX 1,VEX,6790946.812,7475.774205170509,9252.293086638698
2026-08-18 10:37:15,7300.0,7319.0,Call DEX 4,DEX,295.317,7475.774205170509,9252.293086638698
2026-08-18 10:37:15,7300.0,7319.0,Call VEX 5,VEX,2024144.724,7475.774205170509,9252.293086638698
2026-08-18 10:37:15,7400.0,7419.25,Call VEX 4,VEX,2461725.341,7475.774205170509,9252.293086638698
2026-08-18 10:37:15,7500.0,7519.5,Call CEX 4,CEX,1607175.74,7475.774205170509,9252.293086638698
2026-08-18 10:37:15,7500.0,7519.5,Call DEX 2,DEX,546.017,7475.774205170509,9252.293086638698
2026-08-18 10:37:15,7500.0,7519.5,Put GEX 3,GEX,-411716.44,7475.774205170509,9252.293086638698
2026-08-18 10:37:15,7500.0,7519.5,Call VEX 2,VEX,3569066.841,7475.774205170509,9252.293086638698
2026-08-18 10:37:15,7550.0,7569.5,Call CEX 5,CEX,1371717.933,7475.774205170509,9252.293086638698
2026-08-18 10:37:15,7550.0,7569.5,Call DEX 5,DEX,289.598,7475.774205170509,9252.293086638698
2026-08-18 10:37:15,7600.0,7619.75,Call CEX 3,CEX,1999834.018,7475.774205170509,9252.293086638698
2026-08-18 10:37:15,7600.0,7619.75,Call DEX 3,DEX,442.439,7475.774205170509,9252.293086638698
2026-08-18 10:37:15,7600.0,7619.75,Call VEX 3,VEX,2614351.854,7475.774205170509,9252.293086638698
2026-08-18 10:37:15,7635.0,7654.75,Call CEX 1,CEX,3322126.954,7475.774205170509,9252.293086638698
2026-08-18 10:37:15,7650.0,7669.75,Call CEX 2,CEX,2270655.813,7475.774205170509,9252.293086638698
2026-08-18 10:37:15,7700.0,7720.0,Put GEX 2,GEX,-603087.948,7475.774205170509,9252.293086638698
2026-08-18 10:37:15,7710.0,7730.0,Put CEX 4,CEX,-1512686.945,7475.774205170509,9252.293086638698
2026-08-18 10:37:15,7710.0,7730.0,Put GEX 4,GEX,-401754.585,7475.774205170509,9252.293086638698
2026-08-18 10:37:15,7715.0,7735.0,Put CEX 5,CEX,-1072378.257,7475.774205170509,9252.293086638698
2026-08-18 10:37:15,7720.0,7740.0,Put DEX 3,DEX,-48.832,7475.774205170509,9252.293086638698
2026-08-18 10:37:15,7720.0,7740.0,Put GEX 5,GEX,-370237.251,7475.774205170509,9252.293086638698
2026-08-18 10:37:15,7735.0,7755.0,Put DEX 5,DEX,-41.526,7475.774205170509,9252.293086638698
2026-08-18 10:37:15,7750.0,7770.0,Put CEX 2,CEX,-1963083.101,7475.774205170509,9252.293086638698
2026-08-18 10:37:15,7750.0,7770.0,Call GEX 4,GEX,292262.74,7475.774205170509,9252.293086638698
2026-08-18 10:37:15,7750.0,7770.0,Put VEX 5,VEX,-649204.857,7475.774205170509,9252.293086638698
2026-08-18 10:37:15,7775.0,7795.25,Call GEX 5,GEX,273515.5,7475.774205170509,9252.293086638698
2026-08-18 10:37:15,7800.0,7820.25,Put CEX 3,CEX,-1929358.744,7475.774205170509,9252.293086638698
2026-08-18 10:37:15,7800.0,7820.25,Put DEX 4,DEX,-43.243,7475.774205170509,9252.293086638698
2026-08-18 10:37:15,7800.0,7820.25,Call GEX 2,GEX,541303.538,7475.774205170509,9252.293086638698
2026-08-18 10:37:15,7800.0,7820.25,Put VEX 2,VEX,-1256438.929,7475.774205170509,9252.293086638698
2026-08-18 10:37:15,7850.0,7870.25,Call GEX 3,GEX,313461.735,7475.774205170509,9252.293086638698
2026-08-18 10:37:15,7900.0,7920.5,Call GEX 1,GEX,710923.305,7475.774205170509,9252.293086638698
2026-08-18 10:37:15,7900.0,7920.5,Put VEX 3,VEX,-1236864.399,7475.774205170509,9252.293086638698
2026-08-18 10:37:15,8000.0,8020.75,Put CEX 1,CEX,-5111525.262,7475.774205170509,9252.293086638698
2026-08-18 10:37:15,8000.0,8020.75,Put DEX 1,DEX,-2597.478,7475.774205170509,9252.293086638698
2026-08-18 10:37:15,8000.0,8020.75,Put VEX 1,VEX,-12024003.365,7475.774205170509,9252.293086638698
2026-08-18 10:37:15,8200.0,8221.25,Put VEX 4,VEX,-789901.359,7475.774205170509,9252.293086638698
2026-08-18 10:37:15,8500.0,8522.0,Put DEX 2,DEX,-102.052,7475.774205170509,9252.293086638698
2026-08-18 10:38:05,7000.0,7018.0,Call DEX 1,DEX,557.953,7475.57814683268,9251.500392634356
2026-08-18 10:38:05,7000.0,7018.0,Put GEX 1,GEX,-680612.49,7475.57814683268,9251.500392634356
2026-08-18 10:38:05,7000.0,7018.0,Call VEX 1,VEX,6781767.444,7475.57814683268,9251.500392634356
2026-08-18 10:38:05,7300.0,7318.75,Call DEX 4,DEX,295.505,7475.57814683268,9251.500392634356
2026-08-18 10:38:05,7300.0,7318.75,Call VEX 5,VEX,2021724.582,7475.57814683268,9251.500392634356
2026-08-18 10:38:05,7400.0,7419.0,Call VEX 4,VEX,2460486.279,7475.57814683268,9251.500392634356
2026-08-18 10:38:05,7500.0,7519.25,Call CEX 4,CEX,1528959.166,7475.57814683268,9251.500392634356
2026-08-18 10:38:05,7500.0,7519.25,Call DEX 2,DEX,547.477,7475.57814683268,9251.500392634356
2026-08-18 10:38:05,7500.0,7519.25,Put GEX 3,GEX,-428515.806,7475.57814683268,9251.500392634356
2026-08-18 10:38:05,7500.0,7519.25,Call VEX 2,VEX,3525840.606,7475.57814683268,9251.500392634356
2026-08-18 10:38:05,7550.0,7569.5,Call CEX 5,CEX,1361857.333,7475.57814683268,9251.500392634356
2026-08-18 10:38:05,7550.0,7569.5,Call DEX 5,DEX,289.834,7475.57814683268,9251.500392634356
2026-08-18 10:38:05,7600.0,7619.5,Call CEX 3,CEX,1989548.498,7475.57814683268,9251.500392634356
2026-08-18 10:38:05,7600.0,7619.5,Call DEX 3,DEX,442.89,7475.57814683268,9251.500392634356
2026-08-18 10:38:05,7600.0,7619.5,Call VEX 3,VEX,2616170.758,7475.57814683268,9251.500392634356
2026-08-18 10:38:05,7635.0,7654.75,Call CEX 1,CEX,3331476.454,7475.57814683268,9251.500392634356
2026-08-18 10:38:05,7650.0,7669.75,Call CEX 2,CEX,2204685.884,7475.57814683268,9251.500392634356
2026-08-18 10:38:05,7700.0,7719.75,Put GEX 2,GEX,-594077.333,7475.57814683268,9251.500392634356
2026-08-18 10:38:05,7710.0,7729.75,Put CEX 4,CEX,-1498850.878,7475.57814683268,9251.500392634356
2026-08-18 10:38:05,7710.0,7729.75,Put GEX 4,GEX,-400365.751,7475.57814683268,9251.500392634356
2026-08-18 10:38:05,7720.0,7740.0,Put CEX 5,CEX,-1167169.782,7475.57814683268,9251.500392634356
2026-08-18 10:38:05,7720.0,7740.0,Put DEX 3,DEX,-48.633,7475.57814683268,9251.500392634356
2026-08-18 10:38:05,7720.0,7740.0,Put GEX 5,GEX,-383567.063,7475.57814683268,9251.500392634356
2026-08-18 10:38:05,7735.0,7755.0,Put DEX 5,DEX,-41.337,7475.57814683268,9251.500392634356
2026-08-18 10:38:05,7750.0,7770.0,Put CEX 2,CEX,-1964151.14,7475.57814683268,9251.500392634356
2026-08-18 10:38:05,7750.0,7770.0,Call GEX 4,GEX,293074.063,7475.57814683268,9251.500392634356
2026-08-18 10:38:05,7750.0,7770.0,Put VEX 5,VEX,-647897.638,7475.57814683268,9251.500392634356
2026-08-18 10:38:05,7775.0,7795.0,Call GEX 5,GEX,273880.412,7475.57814683268,9251.500392634356
2026-08-18 10:38:05,7800.0,7820.0,Put CEX 3,CEX,-1924728.763,7475.57814683268,9251.500392634356
2026-08-18 10:38:05,7800.0,7820.0,Put DEX 4,DEX,-43.213,7475.57814683268,9251.500392634356
2026-08-18 10:38:05,7800.0,7820.0,Call GEX 2,GEX,542101.245,7475.57814683268,9251.500392634356
2026-08-18 10:38:05,7800.0,7820.0,Put VEX 2,VEX,-1253605.475,7475.57814683268,9251.500392634356
2026-08-18 10:38:05,7850.0,7870.25,Call GEX 3,GEX,314046.89,7475.57814683268,9251.500392634356
2026-08-18 10:38:05,7900.0,7920.25,Call GEX 1,GEX,711304.741,7475.57814683268,9251.500392634356
2026-08-18 10:38:05,7900.0,7920.25,Put VEX 3,VEX,-1236880.962,7475.57814683268,9251.500392634356
2026-08-18 10:38:05,8000.0,8020.5,Put CEX 1,CEX,-5091826.241,7475.57814683268,9251.500392634356
2026-08-18 10:38:05,8000.0,8020.5,Put DEX 1,DEX,-2597.133,7475.57814683268,9251.500392634356
2026-08-18 10:38:05,8000.0,8020.5,Put VEX 1,VEX,-12011599.268,7475.57814683268,9251.500392634356
2026-08-18 10:38:05,8200.0,8221.25,Put VEX 4,VEX,-789954.096,7475.57814683268,9251.500392634356
2026-08-18 10:38:05,8500.0,8522.0,Put DEX 2,DEX,-102.089,7475.57814683268,9251.500392634356
2026-08-18 10:39:03,7000.0,7018.0,Call CEX 5,CEX,1324903.839,7500.41055126858,9249.049679169148
2026-08-18 10:39:03,7000.0,7018.0,Call DEX 1,DEX,556.321,7500.41055126858,9249.049679169148
2026-08-18 10:39:03,7000.0,7018.0,Put GEX 1,GEX,-668938.122,7500.41055126858,9249.049679169148
2026-08-18 10:39:03,7000.0,7018.0,Call VEX 1,VEX,6841195.467,7500.41055126858,9249.049679169148
2026-08-18 10:39:03,7300.0,7318.75,Call VEX 5,VEX,1985679.129,7500.41055126858,9249.049679169148
2026-08-18 10:39:03,7400.0,7419.0,Call VEX 4,VEX,2459553.105,7500.41055126858,9249.049679169148
2026-08-18 10:39:03,7450.0,7469.0,Call DEX 5,DEX,262.731,7500.41055126858,9249.049679169148
2026-08-18 10:39:03,7500.0,7519.25,Call CEX 4,CEX,1453064.381,7500.41055126858,9249.049679169148
2026-08-18 10:39:03,7500.0,7519.25,Call DEX 2,DEX,550.585,7500.41055126858,9249.049679169148
2026-08-18 10:39:03,7500.0,7519.25,Put GEX 3,GEX,-443017.63,7500.41055126858,9249.049679169148
2026-08-18 10:39:03,7500.0,7519.25,Call VEX 2,VEX,3495886.107,7500.41055126858,9249.049679169148
2026-08-18 10:39:03,7550.0,7569.25,Call DEX 4,DEX,291.69,7500.41055126858,9249.049679169148
2026-08-18 10:39:03,7600.0,7619.5,Call CEX 3,CEX,1873150.867,7500.41055126858,9249.049679169148
2026-08-18 10:39:03,7600.0,7619.5,Call DEX 3,DEX,447.604,7500.41055126858,9249.049679169148
2026-08-18 10:39:03,7600.0,7619.5,Call VEX 3,VEX,2622455.222,7500.41055126858,9249.049679169148
2026-08-18 10:39:03,7635.0,7654.5,Call CEX 1,CEX,2792942.121,7500.41055126858,9249.049679169148
2026-08-18 10:39:03,7650.0,7669.5,Call CEX 2,CEX,2196037.026,7500.41055126858,9249.049679169148
2026-08-18 10:39:03,7700.0,7719.75,Put GEX 2,GEX,-581970.924,7500.41055126858,9249.049679169148
2026-08-18 10:39:03,7710.0,7729.75,Put GEX 4,GEX,-432519.864,7500.41055126858,9249.049679169148
2026-08-18 10:39:03,7720.0,7739.75,Put CEX 5,CEX,-1387137.71,7500.41055126858,9249.049679169148
2026-08-18 10:39:03,7720.0,7739.75,Put DEX 4,DEX,-46.957,7500.41055126858,9249.049679169148
2026-08-18 10:39:03,7720.0,7739.75,Put GEX 5,GEX,-426490.09,7500.41055126858,9249.049679169148
2026-08-18 10:39:03,7725.0,7744.75,Put CEX 4,CEX,-1856404.034,7500.41055126858,9249.049679169148
2026-08-18 10:39:03,7735.0,7754.75,Put DEX 3,DEX,-50.344,7500.41055126858,9249.049679169148
2026-08-18 10:39:03,7750.0,7769.75,Put CEX 2,CEX,-2400914.593,7500.41055126858,9249.049679169148
2026-08-18 10:39:03,7750.0,7769.75,Call GEX 5,GEX,271175.084,7500.41055126858,9249.049679169148
2026-08-18 10:39:03,7750.0,7769.75,Put VEX 5,VEX,-638122.001,7500.41055126858,9249.049679169148
2026-08-18 10:39:03,7775.0,7795.0,Call GEX 4,GEX,280693.477,7500.41055126858,9249.049679169148
2026-08-18 10:39:03,7800.0,7820.0,Put CEX 3,CEX,-1952190.232,7500.41055126858,9249.049679169148
2026-08-18 10:39:03,7800.0,7820.0,Put DEX 5,DEX,-39.484,7500.41055126858,9249.049679169148
2026-08-18 10:39:03,7800.0,7820.0,Call GEX 2,GEX,545642.126,7500.41055126858,9249.049679169148
2026-08-18 10:39:03,7800.0,7820.0,Put VEX 2,VEX,-1247113.178,7500.41055126858,9249.049679169148
2026-08-18 10:39:03,7850.0,7870.0,Call GEX 3,GEX,315994.242,7500.41055126858,9249.049679169148
2026-08-18 10:39:03,7900.0,7920.25,Call GEX 1,GEX,715291.567,7500.41055126858,9249.049679169148
2026-08-18 10:39:03,7900.0,7920.25,Put VEX 3,VEX,-1233899.24,7500.41055126858,9249.049679169148
2026-08-18 10:39:03,8000.0,8020.5,Put CEX 1,CEX,-5213275.366,7500.41055126858,9249.049679169148
2026-08-18 10:39:03,8000.0,8020.5,Put DEX 1,DEX,-2587.375,7500.41055126858,9249.049679169148
2026-08-18 10:39:03,8000.0,8020.5,Put VEX 1,VEX,-12063106.602,7500.41055126858,9249.049679169148
2026-08-18 10:39:03,8200.0,8221.0,Put VEX 4,VEX,-793806.367,7500.41055126858,9249.049679169148
2026-08-18 10:39:03,8500.0,8521.75,Put DEX 2,DEX,-101.878,7500.41055126858,9249.049679169148
2026-08-18 10:39:58,7000.0,7018.25,Call CEX 5,CEX,1313134.298,7500.699807848717,9249.233540317964
2026-08-18 10:39:58,7000.0,7018.25,Call DEX 1,DEX,563.581,7500.699807848717,9249.233540317964
2026-08-18 10:39:58,7000.0,7018.25,Put GEX 1,GEX,-682705.942,7500.699807848717,9249.233540317964
2026-08-18 10:39:58,7000.0,7018.25,Call VEX 1,VEX,6706097.33,7500.699807848717,9249.233540317964
2026-08-18 10:39:58,7300.0,7319.0,Call VEX 5,VEX,1980194.068,7500.699807848717,9249.233540317964
2026-08-18 10:39:58,7400.0,7419.25,Call VEX 4,VEX,2445589.849,7500.699807848717,9249.233540317964
2026-08-18 10:39:58,7450.0,7469.5,Call DEX 5,DEX,264.185,7500.699807848717,9249.233540317964
2026-08-18 10:39:58,7500.0,7519.5,Call CEX 4,CEX,1390506.87,7500.699807848717,9249.233540317964
2026-08-18 10:39:58,7500.0,7519.5,Call DEX 2,DEX,553.362,7500.699807848717,9249.233540317964
2026-08-18 10:39:58,7500.0,7519.5,Put GEX 3,GEX,-452408.637,7500.699807848717,9249.233540317964
2026-08-18 10:39:58,7500.0,7519.5,Call VEX 2,VEX,3471964.909,7500.699807848717,9249.233540317964
2026-08-18 10:39:58,7550.0,7569.75,Call DEX 4,DEX,293.48,7500.699807848717,9249.233540317964
2026-08-18 10:39:58,7600.0,7619.75,Call CEX 3,CEX,1850200.677,7500.699807848717,9249.233540317964
2026-08-18 10:39:58,7600.0,7619.75,Call DEX 3,DEX,451.297,7500.699807848717,9249.233540317964
2026-08-18 10:39:58,7600.0,7619.75,Call VEX 3,VEX,2629709.478,7500.699807848717,9249.233540317964
2026-08-18 10:39:58,7635.0,7655.0,Call CEX 1,CEX,2778436.655,7500.699807848717,9249.233540317964
2026-08-18 10:39:58,7650.0,7670.0,Call CEX 2,CEX,2029751.325,7500.699807848717,9249.233540317964
2026-08-18 10:39:58,7700.0,7720.0,Put GEX 2,GEX,-547247.147,7500.699807848717,9249.233540317964
2026-08-18 10:39:58,7710.0,7730.0,Put GEX 5,GEX,-440567.407,7500.699807848717,9249.233540317964
2026-08-18 10:39:58,7720.0,7740.0,Put CEX 5,CEX,-1468632.111,7500.699807848717,9249.233540317964
2026-08-18 10:39:58,7720.0,7740.0,Put DEX 5,DEX,-45.739,7500.699807848717,9249.233540317964
2026-08-18 10:39:58,7720.0,7740.0,Put GEX 4,GEX,-449425.96,7500.699807848717,9249.233540317964
2026-08-18 10:39:58,7725.0,7745.25,Put CEX 3,CEX,-2125165.934,7500.699807848717,9249.233540317964
2026-08-18 10:39:58,7735.0,7755.25,Put DEX 3,DEX,-49.614,7500.699807848717,9249.233540317964
2026-08-18 10:39:58,7750.0,7770.25,Put CEX 2,CEX,-2647742.815,7500.699807848717,9249.233540317964
2026-08-18 10:39:58,7750.0,7770.25,Call GEX 5,GEX,260623.904,7500.699807848717,9249.233540317964
2026-08-18 10:39:58,7750.0,7770.25,Put VEX 5,VEX,-629231.019,7500.699807848717,9249.233540317964
2026-08-18 10:39:58,7775.0,7795.25,Call GEX 4,GEX,281964.092,7500.699807848717,9249.233540317964
2026-08-18 10:39:58,7800.0,7820.25,Put CEX 4,CEX,-2049197.96,7500.699807848717,9249.233540317964
2026-08-18 10:39:58,7800.0,7820.25,Put DEX 4,DEX,-48.738,7500.699807848717,9249.233540317964
2026-08-18 10:39:58,7800.0,7820.25,Call GEX 2,GEX,552375.85,7500.699807848717,9249.233540317964
2026-08-18 10:39:58,7800.0,7820.25,Put VEX 2,VEX,-1242442.203,7500.699807848717,9249.233540317964
2026-08-18 10:39:58,7850.0,7870.5,Call GEX 3,GEX,318631.032,7500.699807848717,9249.233540317964
2026-08-18 10:39:58,7900.0,7920.5,Call GEX 1,GEX,720541.566,7500.699807848717,9249.233540317964
2026-08-18 10:39:58,7900.0,7920.5,Put VEX 3,VEX,-1232283.654,7500.699807848717,9249.233540317964
2026-08-18 10:39:58,8000.0,8020.75,Put CEX 1,CEX,-5234887.519,7500.699807848717,9249.233540317964
2026-08-18 10:39:58,8000.0,8020.75,Put DEX 1,DEX,-2579.245,7500.699807848717,9249.233540317964
2026-08-18 10:39:58,8000.0,8020.75,Put VEX 1,VEX,-12060586.798,7500.699807848717,9249.233540317964
2026-08-18 10:39:58,8200.0,8221.25,Put VEX 4,VEX,-794397.297,7500.699807848717,9249.233540317964
2026-08-18 10:39:58,8500.0,8522.25,Put DEX 2,DEX,-101.82,7500.699807848717,9249.233540317964
2026-08-18 10:41:03,7000.0,7017.75,Call CEX 4,CEX,1316194.934,7503.789654649129,9250.43708821828
2026-08-18 10:41:03,7000.0,7017.75,Call DEX 1,DEX,561.789,7503.789654649129,9250.43708821828
2026-08-18 10:41:03,7000.0,7017.75,Put GEX 1,GEX,-682953.089,7503.789654649129,9250.43708821828
2026-08-18 10:41:03,7000.0,7017.75,Call VEX 1,VEX,6728311.431,7503.789654649129,9250.43708821828
2026-08-18 10:41:03,7300.0,7318.5,Call DEX 3,DEX,297.669,7503.789654649129,9250.43708821828
2026-08-18 10:41:03,7300.0,7318.5,Call VEX 5,VEX,1978040.754,7503.789654649129,9250.43708821828
2026-08-18 10:41:03,7400.0,7418.75,Call VEX 4,VEX,2424939.693,7503.789654649129,9250.43708821828
2026-08-18 10:41:03,7450.0,7469.0,Call DEX 5,DEX,257.286,7503.789654649129,9250.43708821828
2026-08-18 10:41:03,7500.0,7519.0,Call CEX 5,CEX,1250871.966,7503.789654649129,9250.43708821828
2026-08-18 10:41:03,7500.0,7519.0,Put GEX 3,GEX,-490739.779,7503.789654649129,9250.43708821828
2026-08-18 10:41:03,7500.0,7519.0,Call VEX 2,VEX,3393105.382,7503.789654649129,9250.43708821828
2026-08-18 10:41:03,7550.0,7569.25,Call DEX 4,DEX,291.637,7503.789654649129,9250.43708821828
2026-08-18 10:41:03,7600.0,7619.25,Call CEX 3,CEX,1784383.476,7503.789654649129,9250.43708821828
2026-08-18 10:41:03,7600.0,7619.25,Call DEX 2,DEX,440.004,7503.789654649129,9250.43708821828
2026-08-18 10:41:03,7600.0,7619.25,Call VEX 3,VEX,2615072.128,7503.789654649129,9250.43708821828
2026-08-18 10:41:03,7635.0,7654.5,Call CEX 1,CEX,2801680.58,7503.789654649129,9250.43708821828
2026-08-18 10:41:03,7650.0,7669.5,Call CEX 2,CEX,2002140.293,7503.789654649129,9250.43708821828
2026-08-18 10:41:03,7700.0,7719.5,Put GEX 2,GEX,-524103.907,7503.789654649129,9250.43708821828
2026-08-18 10:41:03,7710.0,7729.75,Put GEX 5,GEX,-405690.788,7503.789654649129,9250.43708821828
2026-08-18 10:41:03,7720.0,7739.75,Put DEX 5,DEX,-45.822,7503.789654649129,9250.43708821828
2026-08-18 10:41:03,7720.0,7739.75,Put GEX 4,GEX,-441736.448,7503.789654649129,9250.43708821828
2026-08-18 10:41:03,7725.0,7744.75,Put CEX 3,CEX,-2395431.603,7503.789654649129,9250.43708821828
2026-08-18 10:41:03,7735.0,7754.75,Put DEX 3,DEX,-49.516,7503.789654649129,9250.43708821828
2026-08-18 10:41:03,7750.0,7769.75,Put CEX 2,CEX,-3333516.144,7503.789654649129,9250.43708821828
2026-08-18 10:41:03,7750.0,7769.75,Put VEX 5,VEX,-656084.107,7503.789654649129,9250.43708821828
2026-08-18 10:41:03,7775.0,7794.75,Put CEX 5,CEX,-1587775.918,7503.789654649129,9250.43708821828
2026-08-18 10:41:03,7775.0,7794.75,Call GEX 4,GEX,262474.716,7503.789654649129,9250.43708821828
2026-08-18 10:41:03,7800.0,7820.0,Put CEX 4,CEX,-2386202.246,7503.789654649129,9250.43708821828
2026-08-18 10:41:03,7800.0,7820.0,Put DEX 4,DEX,-49.042,7503.789654649129,9250.43708821828
2026-08-18 10:41:03,7800.0,7820.0,Call GEX 2,GEX,534744.596,7503.789654649129,9250.43708821828
2026-08-18 10:41:03,7800.0,7820.0,Put VEX 2,VEX,-1260300.913,7503.789654649129,9250.43708821828
2026-08-18 10:41:03,7850.0,7870.0,Call GEX 3,GEX,316983.252,7503.789654649129,9250.43708821828
2026-08-18 10:41:03,7900.0,7920.25,Call GEX 1,GEX,717758.909,7503.789654649129,9250.43708821828
2026-08-18 10:41:03,7900.0,7920.25,Put VEX 3,VEX,-1232761.347,7503.789654649129,9250.43708821828
2026-08-18 10:41:03,7950.0,7970.25,Call GEX 5,GEX,245910.833,7503.789654649129,9250.43708821828
2026-08-18 10:41:03,8000.0,8020.5,Put CEX 1,CEX,-5516182.488,7503.789654649129,9250.43708821828
2026-08-18 10:41:03,8000.0,8020.5,Put DEX 1,DEX,-2574.315,7503.789654649129,9250.43708821828
2026-08-18 10:41:03,8000.0,8020.5,Put VEX 1,VEX,-12189781.937,7503.789654649129,9250.43708821828
2026-08-18 10:41:03,8200.0,8221.0,Put VEX 4,VEX,-791108.218,7503.789654649129,9250.43708821828
2026-08-18 10:41:03,8500.0,8521.75,Put DEX 2,DEX,-101.527,7503.789654649129,9250.43708821828
2026-08-18 10:42:00,7000.0,7017.75,Call DEX 1,DEX,559.334,7501.248887461282,9251.79495141246
2026-08-18 10:42:00,7000.0,7017.75,Put GEX 1,GEX,-680423.073,7501.248887461282,9251.79495141246
2026-08-18 10:42:00,7000.0,7017.75,Call VEX 1,VEX,6764360.708,7501.248887461282,9251.79495141246
2026-08-18 10:42:00,7300.0,7318.5,Call DEX 4,DEX,295.574,7501.248887461282,9251.79495141246
2026-08-18 10:42:00,7300.0,7318.5,Call VEX 5,VEX,2009246.917,7501.248887461282,9251.79495141246
2026-08-18 10:42:00,7400.0,7418.75,Call VEX 4,VEX,2453560.645,7501.248887461282,9251.79495141246
2026-08-18 10:42:00,7500.0,7519.0,Call CEX 5,CEX,1320261.422,7501.248887461282,9251.79495141246
2026-08-18 10:42:00,7500.0,7519.0,Call DEX 2,DEX,549.982,7501.248887461282,9251.79495141246
2026-08-18 10:42:00,7500.0,7519.0,Put GEX 3,GEX,-481959.631,7501.248887461282,9251.79495141246
2026-08-18 10:42:00,7500.0,7519.0,Call VEX 2,VEX,3416227.019,7501.248887461282,9251.79495141246
2026-08-18 10:42:00,7550.0,7569.0,Call CEX 4,CEX,1323107.049,7501.248887461282,9251.79495141246
2026-08-18 10:42:00,7550.0,7569.0,Call DEX 5,DEX,290.364,7501.248887461282,9251.79495141246
2026-08-18 10:42:00,7600.0,7619.25,Call CEX 3,CEX,1896647.17,7501.248887461282,9251.79495141246
2026-08-18 10:42:00,7600.0,7619.25,Call DEX 3,DEX,444.593,7501.248887461282,9251.79495141246
2026-08-18 10:42:00,7600.0,7619.25,Call VEX 3,VEX,2614118.611,7501.248887461282,9251.79495141246
2026-08-18 10:42:00,7635.0,7654.25,Call CEX 1,CEX,2853821.626,7501.248887461282,9251.79495141246
2026-08-18 10:42:00,7650.0,7669.25,Call CEX 2,CEX,2220132.271,7501.248887461282,9251.79495141246
2026-08-18 10:42:00,7700.0,7719.5,Put GEX 2,GEX,-589734.253,7501.248887461282,9251.79495141246
2026-08-18 10:42:00,7710.0,7729.5,Put CEX 5,CEX,-1474116.61,7501.248887461282,9251.79495141246
2026-08-18 10:42:00,7710.0,7729.5,Put GEX 5,GEX,-402674.629,7501.248887461282,9251.79495141246
2026-08-18 10:42:00,7720.0,7739.5,Put DEX 4,DEX,-47.934,7501.248887461282,9251.79495141246
2026-08-18 10:42:00,7720.0,7739.5,Put GEX 4,GEX,-405225.255,7501.248887461282,9251.79495141246
2026-08-18 10:42:00,7725.0,7744.5,Put CEX 4,CEX,-1776066.579,7501.248887461282,9251.79495141246
2026-08-18 10:42:00,7735.0,7754.5,Put DEX 3,DEX,-50.979,7501.248887461282,9251.79495141246
2026-08-18 10:42:00,7750.0,7769.5,Put CEX 2,CEX,-2161625.081,7501.248887461282,9251.79495141246
2026-08-18 10:42:00,7750.0,7769.5,Call GEX 4,GEX,286519.662,7501.248887461282,9251.79495141246
2026-08-18 10:42:00,7750.0,7769.5,Put VEX 5,VEX,-646798.145,7501.248887461282,9251.79495141246
2026-08-18 10:42:00,7775.0,7794.5,Call GEX 5,GEX,275732.593,7501.248887461282,9251.79495141246
2026-08-18 10:42:00,7800.0,7819.75,Put CEX 3,CEX,-1946262.545,7501.248887461282,9251.79495141246
2026-08-18 10:42:00,7800.0,7819.75,Put DEX 5,DEX,-42.044,7501.248887461282,9251.79495141246
2026-08-18 10:42:00,7800.0,7819.75,Call GEX 2,GEX,541457.627,7501.248887461282,9251.79495141246
2026-08-18 10:42:00,7800.0,7819.75,Put VEX 2,VEX,-1254236.745,7501.248887461282,9251.79495141246
2026-08-18 10:42:00,7850.0,7869.75,Call GEX 3,GEX,314335.174,7501.248887461282,9251.79495141246
2026-08-18 10:42:00,7900.0,7920.0,Call GEX 1,GEX,711977.986,7501.248887461282,9251.79495141246
2026-08-18 10:42:00,7900.0,7920.0,Put VEX 3,VEX,-1234765.223,7501.248887461282,9251.79495141246
2026-08-18 10:42:00,8000.0,8020.25,Put CEX 1,CEX,-5185480.566,7501.248887461282,9251.79495141246
2026-08-18 10:42:00,8000.0,8020.25,Put DEX 1,DEX,-2592.122,7501.248887461282,9251.79495141246
2026-08-18 10:42:00,8000.0,8020.25,Put VEX 1,VEX,-12049307.176,7501.248887461282,9251.79495141246
2026-08-18 10:42:00,8200.0,8220.75,Put VEX 4,VEX,-789401.12,7501.248887461282,9251.79495141246
2026-08-18 10:42:00,8500.0,8521.5,Put DEX 2,DEX,-101.973,7501.248887461282,9251.79495141246
2026-08-18 10:42:59,7000.0,7018.0,Call DEX 1,DEX,560.032,7475.031672049921,9250.450924872315
2026-08-18 10:42:59,7000.0,7018.0,Put GEX 1,GEX,-680442.677,7475.031672049921,9250.450924872315
2026-08-18 10:42:59,7000.0,7018.0,Call VEX 1,VEX,6755512.508,7475.031672049921,9250.450924872315
2026-08-18 10:42:59,7300.0,7318.75,Call DEX 4,DEX,295.616,7475.031672049921,9250.450924872315
2026-08-18 10:42:59,7300.0,7318.75,Call VEX 5,VEX,2002628.829,7475.031672049921,9250.450924872315
2026-08-18 10:42:59,7400.0,7419.0,Call VEX 4,VEX,2458599.764,7475.031672049921,9250.450924872315
2026-08-18 10:42:59,7500.0,7519.25,Call CEX 4,CEX,1468500.099,7475.031672049921,9250.450924872315
2026-08-18 10:42:59,7500.0,7519.25,Call DEX 2,DEX,548.647,7475.031672049921,9250.450924872315
2026-08-18 10:42:59,7500.0,7519.25,Put GEX 3,GEX,-436724.769,7475.031672049921,9250.450924872315
2026-08-18 10:42:59,7500.0,7519.25,Call VEX 2,VEX,3496095.532,7475.031672049921,9250.450924872315
2026-08-18 10:42:59,7550.0,7569.5,Call CEX 5,CEX,1349567.451,7475.031672049921,9250.450924872315
2026-08-18 10:42:59,7550.0,7569.5,Call DEX 5,DEX,290.626,7475.031672049921,9250.450924872315
2026-08-18 10:42:59,7600.0,7619.5,Call CEX 3,CEX,1925695.674,7475.031672049921,9250.450924872315
2026-08-18 10:42:59,7600.0,7619.5,Call DEX 3,DEX,445.257,7475.031672049921,9250.450924872315
2026-08-18 10:42:59,7600.0,7619.5,Call VEX 3,VEX,2618223.241,7475.031672049921,9250.450924872315
2026-08-18 10:42:59,7635.0,7654.75,Call CEX 1,CEX,2862580.83,7475.031672049921,9250.450924872315
2026-08-18 10:42:59,7650.0,7669.75,Call CEX 2,CEX,2241745.441,7475.031672049921,9250.450924872315
2026-08-18 10:42:59,7700.0,7719.75,Put GEX 2,GEX,-619306.125,7475.031672049921,9250.450924872315
2026-08-18 10:42:59,7710.0,7730.0,Put CEX 4,CEX,-1510176.481,7475.031672049921,9250.450924872315
2026-08-18 10:42:59,7710.0,7730.0,Put GEX 4,GEX,-426136.087,7475.031672049921,9250.450924872315
2026-08-18 10:42:59,7715.0,7735.0,Put CEX 5,CEX,-1127508.218,7475.031672049921,9250.450924872315
2026-08-18 10:42:59,7720.0,7740.0,Put DEX 3,DEX,-48.298,7475.031672049921,9250.450924872315
2026-08-18 10:42:59,7720.0,7740.0,Put GEX 5,GEX,-377202.233,7475.031672049921,9250.450924872315
2026-08-18 10:42:59,7735.0,7755.0,Put DEX 5,DEX,-40.944,7475.031672049921,9250.450924872315
2026-08-18 10:42:59,7750.0,7770.0,Put CEX 2,CEX,-1968784.289,7475.031672049921,9250.450924872315
2026-08-18 10:42:59,7750.0,7770.0,Call GEX 4,GEX,292839.379,7475.031672049921,9250.450924872315
2026-08-18 10:42:59,7750.0,7770.0,Put VEX 5,VEX,-638429.559,7475.031672049921,9250.450924872315
2026-08-18 10:42:59,7775.0,7795.0,Call GEX 5,GEX,276497.295,7475.031672049921,9250.450924872315
2026-08-18 10:42:59,7800.0,7820.0,Put CEX 3,CEX,-1942030.538,7475.031672049921,9250.450924872315
2026-08-18 10:42:59,7800.0,7820.0,Put DEX 4,DEX,-41.902,7475.031672049921,9250.450924872315
2026-08-18 10:42:59,7800.0,7820.0,Call GEX 2,GEX,543369.644,7475.031672049921,9250.450924872315
2026-08-18 10:42:59,7800.0,7820.0,Put VEX 2,VEX,-1249071.72,7475.031672049921,9250.450924872315
2026-08-18 10:42:59,7850.0,7870.25,Call GEX 3,GEX,314603.632,7475.031672049921,9250.450924872315
2026-08-18 10:42:59,7900.0,7920.25,Call GEX 1,GEX,711486.856,7475.031672049921,9250.450924872315
2026-08-18 10:42:59,7900.0,7920.25,Put VEX 3,VEX,-1232054.463,7475.031672049921,9250.450924872315
2026-08-18 10:42:59,8000.0,8020.75,Put CEX 1,CEX,-5033886.378,7475.031672049921,9250.450924872315
2026-08-18 10:42:59,8000.0,8020.75,Put DEX 1,DEX,-2595.116,7475.031672049921,9250.450924872315
2026-08-18 10:42:59,8000.0,8020.75,Put VEX 1,VEX,-11972847.76,7475.031672049921,9250.450924872315
2026-08-18 10:42:59,8200.0,8221.25,Put VEX 4,VEX,-788674.216,7475.031672049921,9250.450924872315
2026-08-18 10:42:59,8500.0,8522.0,Put DEX 2,DEX,-102.176,7475.031672049921,9250.450924872315
2026-08-18 10:43:59,7000.0,7018.0,Call DEX 1,DEX,559.029,7466.529187770444,9250.286803510267
2026-08-18 10:43:59,7000.0,7018.0,Put GEX 1,GEX,-677526.21,7466.529187770444,9250.286803510267
2026-08-18 10:43:59,7000.0,7018.0,Call VEX 1,VEX,6778040.01,7466.529187770444,9250.286803510267
2026-08-18 10:43:59,7300.0,7319.0,Call DEX 4,DEX,295.758,7466.529187770444,9250.286803510267
2026-08-18 10:43:59,7300.0,7319.0,Call VEX 5,VEX,1998204.237,7466.529187770444,9250.286803510267
2026-08-18 10:43:59,7400.0,7419.25,Call VEX 4,VEX,2461283.324,7466.529187770444,9250.286803510267
2026-08-18 10:43:59,7500.0,7519.5,Call CEX 4,CEX,1485262.699,7466.529187770444,9250.286803510267
2026-08-18 10:43:59,7500.0,7519.5,Call DEX 2,DEX,548.606,7466.529187770444,9250.286803510267
2026-08-18 10:43:59,7500.0,7519.5,Put GEX 4,GEX,-432829.967,7466.529187770444,9250.286803510267
2026-08-18 10:43:59,7500.0,7519.5,Call VEX 2,VEX,3505079.714,7466.529187770444,9250.286803510267
2026-08-18 10:43:59,7550.0,7569.5,Call CEX 5,CEX,1367403.581,7466.529187770444,9250.286803510267
2026-08-18 10:43:59,7550.0,7569.5,Call DEX 5,DEX,290.465,7466.529187770444,9250.286803510267
2026-08-18 10:43:59,7600.0,7619.75,Call CEX 3,CEX,1941032.803,7466.529187770444,9250.286803510267
2026-08-18 10:43:59,7600.0,7619.75,Call DEX 3,DEX,445.205,7466.529187770444,9250.286803510267
2026-08-18 10:43:59,7600.0,7619.75,Call VEX 3,VEX,2620681.07,7466.529187770444,9250.286803510267
2026-08-18 10:43:59,7635.0,7654.75,Call CEX 1,CEX,2871782.254,7466.529187770444,9250.286803510267
2026-08-18 10:43:59,7650.0,7669.75,Call CEX 2,CEX,2247624.469,7466.529187770444,9250.286803510267
2026-08-18 10:43:59,7700.0,7720.0,Put GEX 2,GEX,-638220.686,7466.529187770444,9250.286803510267
2026-08-18 10:43:59,7710.0,7730.0,Put CEX 4,CEX,-1526570.235,7466.529187770444,9250.286803510267
2026-08-18 10:43:59,7710.0,7730.0,Put GEX 3,GEX,-436680.109,7466.529187770444,9250.286803510267
2026-08-18 10:43:59,7715.0,7735.0,Put CEX 5,CEX,-1115572.051,7466.529187770444,9250.286803510267
2026-08-18 10:43:59,7720.0,7740.0,Put DEX 3,DEX,-48.466,7466.529187770444,9250.286803510267
2026-08-18 10:43:59,7720.0,7740.0,Put GEX 5,GEX,-350275.991,7466.529187770444,9250.286803510267
2026-08-18 10:43:59,7735.0,7755.0,Put DEX 5,DEX,-40.813,7466.529187770444,9250.286803510267
2026-08-18 10:43:59,7750.0,7770.0,Put CEX 2,CEX,-1968708.09,7466.529187770444,9250.286803510267
2026-08-18 10:43:59,7750.0,7770.0,Call GEX 4,GEX,291729.227,7466.529187770444,9250.286803510267
2026-08-18 10:43:59,7750.0,7770.0,Put VEX 5,VEX,-635658.045,7466.529187770444,9250.286803510267
2026-08-18 10:43:59,7775.0,7795.25,Call GEX 5,GEX,277442.715,7466.529187770444,9250.286803510267
2026-08-18 10:43:59,7800.0,7820.25,Put CEX 3,CEX,-1943742.802,7466.529187770444,9250.286803510267
2026-08-18 10:43:59,7800.0,7820.25,Put DEX 4,DEX,-41.722,7466.529187770444,9250.286803510267
2026-08-18 10:43:59,7800.0,7820.25,Call GEX 2,GEX,544633.998,7466.529187770444,9250.286803510267
2026-08-18 10:43:59,7800.0,7820.25,Put VEX 2,VEX,-1246280.287,7466.529187770444,9250.286803510267
2026-08-18 10:43:59,7850.0,7870.25,Call GEX 3,GEX,314734.299,7466.529187770444,9250.286803510267
2026-08-18 10:43:59,7900.0,7920.5,Call GEX 1,GEX,712991.622,7466.529187770444,9250.286803510267
2026-08-18 10:43:59,7900.0,7920.5,Put VEX 3,VEX,-1234133.461,7466.529187770444,9250.286803510267
2026-08-18 10:43:59,8000.0,8020.75,Put CEX 1,CEX,-5021156.867,7466.529187770444,9250.286803510267
2026-08-18 10:43:59,8000.0,8020.75,Put DEX 1,DEX,-2595.907,7466.529187770444,9250.286803510267
2026-08-18 10:43:59,8000.0,8020.75,Put VEX 1,VEX,-11969204.052,7466.529187770444,9250.286803510267
2026-08-18 10:43:59,8200.0,8221.25,Put VEX 4,VEX,-788736.778,7466.529187770444,9250.286803510267
2026-08-18 10:43:59,8500.0,8522.0,Put DEX 2,DEX,-102.192,7466.529187770444,9250.286803510267
2026-08-18 10:44:55,7000.0,7018.0,Call DEX 1,DEX,558.446,7476.986832939954,9250.995293021746
2026-08-18 10:44:55,7000.0,7018.0,Put GEX 1,GEX,-677033.181,7476.986832939954,9250.995293021746
2026-08-18 10:44:55,7000.0,7018.0,Call VEX 1,VEX,6786806.301,7476.986832939954,9250.995293021746
2026-08-18 10:44:55,7300.0,7318.75,Call DEX 4,DEX,295.044,7476.986832939954,9250.995293021746
2026-08-18 10:44:55,7300.0,7318.75,Call VEX 5,VEX,2010377.793,7476.986832939954,9250.995293021746
2026-08-18 10:44:55,7400.0,7419.0,Call VEX 4,VEX,2460754.668,7476.986832939954,9250.995293021746
2026-08-18 10:44:55,7500.0,7519.25,Call CEX 4,CEX,1533819.634,7476.986832939954,9250.995293021746
2026-08-18 10:44:55,7500.0,7519.25,Call DEX 2,DEX,548.623,7476.986832939954,9250.995293021746
2026-08-18 10:44:55,7500.0,7519.25,Put GEX 4,GEX,-419941.826,7476.986832939954,9250.995293021746
2026-08-18 10:44:55,7500.0,7519.25,Call VEX 2,VEX,3530250.373,7476.986832939954,9250.995293021746
2026-08-18 10:44:55,7550.0,7569.5,Call CEX 5,CEX,1359761.656,7476.986832939954,9250.995293021746
2026-08-18 10:44:55,7550.0,7569.5,Call DEX 5,DEX,289.776,7476.986832939954,9250.995293021746
2026-08-18 10:44:55,7600.0,7619.5,Call CEX 3,CEX,1933654.201,7476.986832939954,9250.995293021746
2026-08-18 10:44:55,7600.0,7619.5,Call DEX 3,DEX,443.849,7476.986832939954,9250.995293021746
2026-08-18 10:44:55,7600.0,7619.5,Call VEX 3,VEX,2615897.382,7476.986832939954,9250.995293021746
2026-08-18 10:44:55,7635.0,7654.75,Call CEX 1,CEX,2892909.884,7476.986832939954,9250.995293021746
2026-08-18 10:44:55,7650.0,7669.75,Call CEX 2,CEX,2253416.332,7476.986832939954,9250.995293021746
2026-08-18 10:44:55,7700.0,7719.75,Put GEX 2,GEX,-650847.002,7476.986832939954,9250.995293021746
2026-08-18 10:44:55,7710.0,7729.75,Put CEX 4,CEX,-1552719.525,7476.986832939954,9250.995293021746
2026-08-18 10:44:55,7710.0,7729.75,Put GEX 3,GEX,-423981.335,7476.986832939954,9250.995293021746
2026-08-18 10:44:55,7715.0,7734.75,Put CEX 5,CEX,-1104666.061,7476.986832939954,9250.995293021746
2026-08-18 10:44:55,7720.0,7740.0,Put DEX 3,DEX,-48.521,7476.986832939954,9250.995293021746
2026-08-18 10:44:55,7720.0,7740.0,Put GEX 5,GEX,-370011.055,7476.986832939954,9250.995293021746
2026-08-18 10:44:55,7735.0,7755.0,Put DEX 5,DEX,-41.079,7476.986832939954,9250.995293021746
2026-08-18 10:44:55,7750.0,7770.0,Put CEX 2,CEX,-1973707.159,7476.986832939954,9250.995293021746
2026-08-18 10:44:55,7750.0,7770.0,Call GEX 4,GEX,291156.147,7476.986832939954,9250.995293021746
2026-08-18 10:44:55,7750.0,7770.0,Put VEX 5,VEX,-641032.693,7476.986832939954,9250.995293021746
2026-08-18 10:44:55,7775.0,7795.0,Call GEX 5,GEX,275546.001,7476.986832939954,9250.995293021746
2026-08-18 10:44:55,7800.0,7820.0,Put CEX 3,CEX,-1940054.945,7476.986832939954,9250.995293021746
2026-08-18 10:44:55,7800.0,7820.0,Put DEX 4,DEX,-42.372,7476.986832939954,9250.995293021746
2026-08-18 10:44:55,7800.0,7820.0,Call GEX 2,GEX,541902.407,7476.986832939954,9250.995293021746
2026-08-18 10:44:55,7800.0,7820.0,Put VEX 2,VEX,-1249189.908,7476.986832939954,9250.995293021746
2026-08-18 10:44:55,7850.0,7870.25,Call GEX 3,GEX,314149.238,7476.986832939954,9250.995293021746
2026-08-18 10:44:55,7900.0,7920.25,Call GEX 1,GEX,711890.046,7476.986832939954,9250.995293021746
2026-08-18 10:44:55,7900.0,7920.25,Put VEX 3,VEX,-1234568.754,7476.986832939954,9250.995293021746
2026-08-18 10:44:55,8000.0,8020.5,Put CEX 1,CEX,-5026212.804,7476.986832939954,9250.995293021746
2026-08-18 10:44:55,8000.0,8020.5,Put DEX 1,DEX,-2597.916,7476.986832939954,9250.995293021746
2026-08-18 10:44:55,8000.0,8020.5,Put VEX 1,VEX,-11974979.199,7476.986832939954,9250.995293021746
2026-08-18 10:44:55,8200.0,8221.0,Put VEX 4,VEX,-788494.014,7476.986832939954,9250.995293021746
2026-08-18 10:44:55,8500.0,8522.0,Put DEX 2,DEX,-102.109,7476.986832939954,9250.995293021746
2026-08-18 10:45:43,7000.0,7018.0,Call DEX 1,DEX,559.676,7500.315225688193,9250.01640631202
2026-08-18 10:45:43,7000.0,7018.0,Put GEX 1,GEX,-679608.869,7500.315225688193,9250.01640631202
2026-08-18 10:45:43,7000.0,7018.0,Call VEX 1,VEX,6762292.448,7500.315225688193,9250.01640631202
2026-08-18 10:45:43,7300.0,7319.0,Call DEX 4,DEX,296.103,7500.315225688193,9250.01640631202
2026-08-18 10:45:43,7300.0,7319.0,Call VEX 5,VEX,1994453.05,7500.315225688193,9250.01640631202
2026-08-18 10:45:43,7400.0,7419.25,Call VEX 4,VEX,2456642.362,7500.315225688193,9250.01640631202
2026-08-18 10:45:43,7500.0,7519.5,Call CEX 4,CEX,1440660.953,7500.315225688193,9250.01640631202
2026-08-18 10:45:43,7500.0,7519.5,Call DEX 2,DEX,549.727,7500.315225688193,9250.01640631202
2026-08-18 10:45:43,7500.0,7519.5,Put GEX 3,GEX,-443572.495,7500.315225688193,9250.01640631202
2026-08-18 10:45:43,7500.0,7519.5,Call VEX 2,VEX,3481589.099,7500.315225688193,9250.01640631202
2026-08-18 10:45:43,7550.0,7569.5,Call CEX 5,CEX,1338537.564,7500.315225688193,9250.01640631202
2026-08-18 10:45:43,7550.0,7569.5,Call DEX 5,DEX,290.94,7500.315225688193,9250.01640631202
2026-08-18 10:45:43,7600.0,7619.75,Call CEX 3,CEX,1941220.892,7500.315225688193,9250.01640631202
2026-08-18 10:45:43,7600.0,7619.75,Call DEX 3,DEX,445.918,7500.315225688193,9250.01640631202
2026-08-18 10:45:43,7600.0,7619.75,Call VEX 3,VEX,2620101.838,7500.315225688193,9250.01640631202
2026-08-18 10:45:43,7635.0,7654.75,Call CEX 1,CEX,2894696.214,7500.315225688193,9250.01640631202
2026-08-18 10:45:43,7650.0,7669.75,Call CEX 2,CEX,2251743.994,7500.315225688193,9250.01640631202
2026-08-18 10:45:43,7700.0,7720.0,Put GEX 2,GEX,-626751.348,7500.315225688193,9250.01640631202
2026-08-18 10:45:43,7710.0,7730.0,Put CEX 5,CEX,-1517292.837,7500.315225688193,9250.01640631202
2026-08-18 10:45:43,7710.0,7730.0,Put GEX 4,GEX,-429714.723,7500.315225688193,9250.01640631202
2026-08-18 10:45:43,7720.0,7740.0,Put DEX 3,DEX,-47.801,7500.315225688193,9250.01640631202
2026-08-18 10:45:43,7720.0,7740.0,Put GEX 5,GEX,-402209.318,7500.315225688193,9250.01640631202
2026-08-18 10:45:43,7725.0,7745.0,Put CEX 4,CEX,-1685284.928,7500.315225688193,9250.01640631202
2026-08-18 10:45:43,7735.0,7755.0,Put DEX 5,DEX,-40.865,7500.315225688193,9250.01640631202
2026-08-18 10:45:43,7750.0,7770.0,Put CEX 2,CEX,-1972915.786,7500.315225688193,9250.01640631202
2026-08-18 10:45:43,7750.0,7770.0,Call GEX 4,GEX,293776.448,7500.315225688193,9250.01640631202
2026-08-18 10:45:43,7750.0,7770.0,Put VEX 5,VEX,-635768.375,7500.315225688193,9250.01640631202
2026-08-18 10:45:43,7775.0,7795.0,Call GEX 5,GEX,277661.143,7500.315225688193,9250.01640631202
2026-08-18 10:45:43,7800.0,7820.25,Put CEX 3,CEX,-1945476.914,7500.315225688193,9250.01640631202
2026-08-18 10:45:43,7800.0,7820.25,Put DEX 4,DEX,-41.62,7500.315225688193,9250.01640631202
2026-08-18 10:45:43,7800.0,7820.25,Call GEX 2,GEX,543318.171,7500.315225688193,9250.01640631202
2026-08-18 10:45:43,7800.0,7820.25,Put VEX 2,VEX,-1246962.139,7500.315225688193,9250.01640631202
2026-08-18 10:45:43,7850.0,7870.25,Call GEX 3,GEX,313434.815,7500.315225688193,9250.01640631202
2026-08-18 10:45:43,7900.0,7920.5,Call GEX 1,GEX,713137.302,7500.315225688193,9250.01640631202
2026-08-18 10:45:43,7900.0,7920.5,Put VEX 3,VEX,-1234182.097,7500.315225688193,9250.01640631202
2026-08-18 10:45:43,8000.0,8020.75,Put CEX 1,CEX,-5138931.749,7500.315225688193,9250.01640631202
2026-08-18 10:45:43,8000.0,8020.75,Put DEX 1,DEX,-2591.285,7500.315225688193,9250.01640631202
2026-08-18 10:45:43,8000.0,8020.75,Put VEX 1,VEX,-12021802.369,7500.315225688193,9250.01640631202
2026-08-18 10:45:43,8200.0,8221.25,Put VEX 4,VEX,-788820.019,7500.315225688193,9250.01640631202
2026-08-18 10:45:43,8500.0,8522.0,Put DEX 2,DEX,-102.033,7500.315225688193,9250.01640631202
2026-08-18 10:46:32,7000.0,7018.0,Call CEX 4,CEX,1315512.146,7504.762567189624,9250.294085995896
2026-08-18 10:46:32,7000.0,7018.0,Call DEX 1,DEX,560.773,7504.762567189624,9250.294085995896
2026-08-18 10:46:32,7000.0,7018.0,Put GEX 1,GEX,-683023.423,7504.762567189624,9250.294085995896
2026-08-18 10:46:32,7000.0,7018.0,Call VEX 1,VEX,6737933.864,7504.762567189624,9250.294085995896
2026-08-18 10:46:32,7300.0,7318.75,Call DEX 3,DEX,296.189,7504.762567189624,9250.294085995896
2026-08-18 10:46:32,7300.0,7318.75,Call VEX 5,VEX,1995642.104,7504.762567189624,9250.294085995896
2026-08-18 10:46:32,7400.0,7419.0,Call VEX 4,VEX,2449026.057,7504.762567189624,9250.294085995896
2026-08-18 10:46:32,7450.0,7469.25,Call DEX 5,DEX,261.043,7504.762567189624,9250.294085995896
2026-08-18 10:46:32,7500.0,7519.25,Put GEX 3,GEX,-491790.224,7504.762567189624,9250.294085995896
2026-08-18 10:46:32,7500.0,7519.25,Call VEX 2,VEX,3380767.508,7504.762567189624,9250.294085995896
2026-08-18 10:46:32,7550.0,7569.5,Call CEX 5,CEX,1253463.246,7504.762567189624,9250.294085995896
2026-08-18 10:46:32,7550.0,7569.5,Call DEX 4,DEX,289.263,7504.762567189624,9250.294085995896
2026-08-18 10:46:32,7600.0,7619.5,Call CEX 3,CEX,1849491.001,7504.762567189624,9250.294085995896
2026-08-18 10:46:32,7600.0,7619.5,Call DEX 2,DEX,443.914,7504.762567189624,9250.294085995896
2026-08-18 10:46:32,7600.0,7619.5,Call VEX 3,VEX,2609604.272,7504.762567189624,9250.294085995896
2026-08-18 10:46:32,7635.0,7654.5,Call CEX 1,CEX,2899012.672,7504.762567189624,9250.294085995896
2026-08-18 10:46:32,7650.0,7669.75,Call CEX 2,CEX,2201089.963,7504.762567189624,9250.294085995896
2026-08-18 10:46:32,7700.0,7719.75,Put GEX 2,GEX,-589408.851,7504.762567189624,9250.294085995896
2026-08-18 10:46:32,7710.0,7729.75,Put GEX 5,GEX,-403782.946,7504.762567189624,9250.294085995896
2026-08-18 10:46:32,7720.0,7739.75,Put DEX 5,DEX,-47.079,7504.762567189624,9250.294085995896
2026-08-18 10:46:32,7720.0,7739.75,Put GEX 4,GEX,-424521.442,7504.762567189624,9250.294085995896
2026-08-18 10:46:32,7725.0,7744.75,Put CEX 4,CEX,-2303901.638,7504.762567189624,9250.294085995896
2026-08-18 10:46:32,7735.0,7755.0,Put DEX 4,DEX,-50.388,7504.762567189624,9250.294085995896
2026-08-18 10:46:32,7750.0,7770.0,Put CEX 2,CEX,-3106001.966,7504.762567189624,9250.294085995896
2026-08-18 10:46:32,7750.0,7770.0,Put VEX 5,VEX,-664700.767,7504.762567189624,9250.294085995896
2026-08-18 10:46:32,7775.0,7795.0,Put CEX 5,CEX,-1528018.374,7504.762567189624,9250.294085995896
2026-08-18 10:46:32,7775.0,7795.0,Call GEX 4,GEX,259409.161,7504.762567189624,9250.294085995896
2026-08-18 10:46:32,7800.0,7820.0,Put CEX 3,CEX,-2327042.377,7504.762567189624,9250.294085995896
2026-08-18 10:46:32,7800.0,7820.0,Put DEX 3,DEX,-52.215,7504.762567189624,9250.294085995896
2026-08-18 10:46:32,7800.0,7820.0,Call GEX 2,GEX,529496.387,7504.762567189624,9250.294085995896
2026-08-18 10:46:32,7800.0,7820.0,Put VEX 2,VEX,-1261350.336,7504.762567189624,9250.294085995896
2026-08-18 10:46:32,7850.0,7870.25,Call GEX 3,GEX,312996.962,7504.762567189624,9250.294085995896
2026-08-18 10:46:32,7900.0,7920.25,Call GEX 1,GEX,712482.527,7504.762567189624,9250.294085995896
2026-08-18 10:46:32,7900.0,7920.25,Put VEX 3,VEX,-1233418.893,7504.762567189624,9250.294085995896
2026-08-18 10:46:32,7950.0,7970.5,Call GEX 5,GEX,243847.626,7504.762567189624,9250.294085995896
2026-08-18 10:46:32,8000.0,8020.5,Put CEX 1,CEX,-5345973.863,7504.762567189624,9250.294085995896
2026-08-18 10:46:32,8000.0,8020.5,Put DEX 1,DEX,-2586.627,7504.762567189624,9250.294085995896
2026-08-18 10:46:32,8000.0,8020.5,Put VEX 1,VEX,-12119652.347,7504.762567189624,9250.294085995896
2026-08-18 10:46:32,8200.0,8221.0,Put VEX 4,VEX,-788738.027,7504.762567189624,9250.294085995896
2026-08-18 10:46:32,8500.0,8521.75,Put DEX 2,DEX,-101.704,7504.762567189624,9250.294085995896
2026-08-18 10:47:27,7000.0,7018.0,Call DEX 1,DEX,557.547,7496.16627269129,9252.66019170548
2026-08-18 10:47:27,7000.0,7018.0,Put GEX 1,GEX,-677212.63,7496.16627269129,9252.66019170548
2026-08-18 10:47:27,7000.0,7018.0,Call VEX 1,VEX,6796628.538,7496.16627269129,9252.66019170548
2026-08-18 10:47:27,7300.0,7318.75,Call DEX 4,DEX,295.09,7496.16627269129,9252.66019170548
2026-08-18 10:47:27,7300.0,7318.75,Call VEX 5,VEX,2023759.134,7496.16627269129,9252.66019170548
2026-08-18 10:47:27,7400.0,7419.0,Call VEX 4,VEX,2457423.317,7496.16627269129,9252.66019170548
2026-08-18 10:47:27,7500.0,7519.25,Call CEX 4,CEX,1543325.498,7496.16627269129,9252.66019170548
2026-08-18 10:47:27,7500.0,7519.25,Call DEX 2,DEX,547.637,7496.16627269129,9252.66019170548
2026-08-18 10:47:27,7500.0,7519.25,Put GEX 3,GEX,-420905.107,7496.16627269129,9252.66019170548
2026-08-18 10:47:27,7500.0,7519.25,Call VEX 2,VEX,3530660.048,7496.16627269129,9252.66019170548
2026-08-18 10:47:27,7550.0,7569.25,Call CEX 5,CEX,1370706.293,7496.16627269129,9252.66019170548
2026-08-18 10:47:27,7550.0,7569.25,Call DEX 5,DEX,290.114,7496.16627269129,9252.66019170548
2026-08-18 10:47:27,7600.0,7619.5,Call CEX 3,CEX,2007441.401,7496.16627269129,9252.66019170548
2026-08-18 10:47:27,7600.0,7619.5,Call DEX 3,DEX,442.315,7496.16627269129,9252.66019170548
2026-08-18 10:47:27,7600.0,7619.5,Call VEX 3,VEX,2610460.957,7496.16627269129,9252.66019170548
2026-08-18 10:47:27,7635.0,7654.5,Call CEX 1,CEX,3227293.905,7496.16627269129,9252.66019170548
2026-08-18 10:47:27,7650.0,7669.5,Call CEX 2,CEX,2271513.383,7496.16627269129,9252.66019170548
2026-08-18 10:47:27,7700.0,7719.75,Put GEX 2,GEX,-667929.001,7496.16627269129,9252.66019170548
2026-08-18 10:47:27,7710.0,7729.75,Put CEX 4,CEX,-1628041.84,7496.16627269129,9252.66019170548
2026-08-18 10:47:27,7710.0,7729.75,Put GEX 4,GEX,-403984.645,7496.16627269129,9252.66019170548
2026-08-18 10:47:27,7715.0,7734.75,Put CEX 5,CEX,-1039149.58,7496.16627269129,9252.66019170548
2026-08-18 10:47:27,7720.0,7739.75,Put DEX 3,DEX,-49.355,7496.16627269129,9252.66019170548
2026-08-18 10:47:27,7720.0,7739.75,Put GEX 5,GEX,-347553.663,7496.16627269129,9252.66019170548
2026-08-18 10:47:27,7735.0,7754.75,Put DEX 5,DEX,-41.705,7496.16627269129,9252.66019170548
2026-08-18 10:47:27,7750.0,7769.75,Put CEX 2,CEX,-1982493.177,7496.16627269129,9252.66019170548
2026-08-18 10:47:27,7750.0,7769.75,Call GEX 4,GEX,293377.309,7496.16627269129,9252.66019170548
2026-08-18 10:47:27,7750.0,7769.75,Put VEX 5,VEX,-652142.845,7496.16627269129,9252.66019170548
2026-08-18 10:47:27,7775.0,7794.75,Call GEX 5,GEX,271676.533,7496.16627269129,9252.66019170548
2026-08-18 10:47:27,7800.0,7820.0,Put CEX 3,CEX,-1934764.866,7496.16627269129,9252.66019170548
2026-08-18 10:47:27,7800.0,7820.0,Put DEX 4,DEX,-44.353,7496.16627269129,9252.66019170548
2026-08-18 10:47:27,7800.0,7820.0,Call GEX 2,GEX,537289.892,7496.16627269129,9252.66019170548
2026-08-18 10:47:27,7800.0,7820.0,Put VEX 2,VEX,-1253599.833,7496.16627269129,9252.66019170548
2026-08-18 10:47:27,7850.0,7870.0,Call GEX 3,GEX,311477.884,7496.16627269129,9252.66019170548
2026-08-18 10:47:27,7900.0,7920.25,Call GEX 1,GEX,708503.213,7496.16627269129,9252.66019170548
2026-08-18 10:47:27,7900.0,7920.25,Put VEX 3,VEX,-1235011.735,7496.16627269129,9252.66019170548
2026-08-18 10:47:27,8000.0,8020.5,Put CEX 1,CEX,-5043488.778,7496.16627269129,9252.66019170548
2026-08-18 10:47:27,8000.0,8020.5,Put DEX 1,DEX,-2601.382,7496.16627269129,9252.66019170548
2026-08-18 10:47:27,8000.0,8020.5,Put VEX 1,VEX,-11981512.331,7496.16627269129,9252.66019170548
2026-08-18 10:47:27,8200.0,8221.0,Put VEX 4,VEX,-787254.916,7496.16627269129,9252.66019170548
2026-08-18 10:47:27,8500.0,8521.75,Put DEX 2,DEX,-102.155,7496.16627269129,9252.66019170548
2026-08-18 10:48:17,7000.0,7018.25,Call DEX 1,DEX,579.049,7477.059543118004,9252.615589235074
2026-08-18 10:48:17,7000.0,7018.25,Put GEX 1,GEX,-678220.248,7477.059543118004,9252.615589235074
2026-08-18 10:48:17,7000.0,7018.25,Call VEX 1,VEX,6790193.285,7477.059543118004,9252.615589235074
2026-08-18 10:48:17,7300.0,7319.0,Call DEX 4,DEX,294.896,7477.059543118004,9252.615589235074
2026-08-18 10:48:17,7300.0,7319.0,Call VEX 5,VEX,2026494.409,7477.059543118004,9252.615589235074
2026-08-18 10:48:17,7400.0,7419.25,Call VEX 4,VEX,2463136.117,7477.059543118004,9252.615589235074
2026-08-18 10:48:17,7500.0,7519.5,Call CEX 4,CEX,1636169.477,7477.059543118004,9252.615589235074
2026-08-18 10:48:17,7500.0,7519.5,Call DEX 2,DEX,545.693,7477.059543118004,9252.615589235074
2026-08-18 10:48:17,7500.0,7519.5,Put GEX 4,GEX,-397658.802,7477.059543118004,9252.615589235074
2026-08-18 10:48:17,7500.0,7519.5,Call VEX 2,VEX,3578721.89,7477.059543118004,9252.615589235074
2026-08-18 10:48:17,7550.0,7569.75,Call CEX 5,CEX,1399023.345,7477.059543118004,9252.615589235074
2026-08-18 10:48:17,7550.0,7569.75,Call DEX 5,DEX,289.418,7477.059543118004,9252.615589235074
2026-08-18 10:48:17,7600.0,7619.75,Call CEX 3,CEX,2034596.567,7477.059543118004,9252.615589235074
2026-08-18 10:48:17,7600.0,7619.75,Call DEX 3,DEX,441.19,7477.059543118004,9252.615589235074
2026-08-18 10:48:17,7600.0,7619.75,Call VEX 3,VEX,2612072.041,7477.059543118004,9252.615589235074
2026-08-18 10:48:17,7635.0,7655.0,Call CEX 1,CEX,3503692.479,7477.059543118004,9252.615589235074
2026-08-18 10:48:17,7650.0,7670.0,Call CEX 2,CEX,2288407.381,7477.059543118004,9252.615589235074
2026-08-18 10:48:17,7690.0,7710.0,Put GEX 5,GEX,-299473.207,7477.059543118004,9252.615589235074
2026-08-18 10:48:17,7700.0,7720.0,Put GEX 2,GEX,-668869.13,7477.059543118004,9252.615589235074
2026-08-18 10:48:17,7710.0,7730.25,Put CEX 4,CEX,-1644608.526,7477.059543118004,9252.615589235074
2026-08-18 10:48:17,7710.0,7730.25,Put GEX 3,GEX,-400413.095,7477.059543118004,9252.615589235074
2026-08-18 10:48:17,7715.0,7735.25,Put CEX 5,CEX,-991871.311,7477.059543118004,9252.615589235074
2026-08-18 10:48:17,7720.0,7740.25,Put DEX 5,DEX,-35.078,7477.059543118004,9252.615589235074
2026-08-18 10:48:17,7735.0,7755.25,Put DEX 4,DEX,-41.951,7477.059543118004,9252.615589235074
2026-08-18 10:48:17,7750.0,7770.25,Put CEX 2,CEX,-1983843.53,7477.059543118004,9252.615589235074
2026-08-18 10:48:17,7750.0,7770.25,Call GEX 4,GEX,291337.254,7477.059543118004,9252.615589235074
2026-08-18 10:48:17,7750.0,7770.25,Put VEX 5,VEX,-654282.262,7477.059543118004,9252.615589235074
2026-08-18 10:48:17,7775.0,7795.25,Call GEX 5,GEX,270807.074,7477.059543118004,9252.615589235074
2026-08-18 10:48:17,7800.0,7820.25,Put CEX 3,CEX,-1925003.709,7477.059543118004,9252.615589235074
2026-08-18 10:48:17,7800.0,7820.25,Put DEX 3,DEX,-45.223,7477.059543118004,9252.615589235074
2026-08-18 10:48:17,7800.0,7820.25,Call GEX 2,GEX,538185.261,7477.059543118004,9252.615589235074
2026-08-18 10:48:17,7800.0,7820.25,Put VEX 2,VEX,-1250934.99,7477.059543118004,9252.615589235074
2026-08-18 10:48:17,7850.0,7870.5,Call GEX 3,GEX,311157.356,7477.059543118004,9252.615589235074
2026-08-18 10:48:17,7900.0,7920.5,Call GEX 1,GEX,705108.21,7477.059543118004,9252.615589235074
2026-08-18 10:48:17,7900.0,7920.5,Put VEX 3,VEX,-1229595.136,7477.059543118004,9252.615589235074
2026-08-18 10:48:17,8000.0,8021.0,Put CEX 1,CEX,-4945022.448,7477.059543118004,9252.615589235074
2026-08-18 10:48:17,8000.0,8021.0,Put DEX 1,DEX,-2606.597,7477.059543118004,9252.615589235074
2026-08-18 10:48:17,8000.0,8021.0,Put VEX 1,VEX,-11935388.739,7477.059543118004,9252.615589235074
2026-08-18 10:48:17,8200.0,8221.5,Put VEX 4,VEX,-786717.265,7477.059543118004,9252.615589235074
2026-08-18 10:48:17,8500.0,8522.25,Put DEX 2,DEX,-102.245,7477.059543118004,9252.615589235074
2026-08-18 10:49:06,7000.0,7018.0,Call DEX 1,DEX,578.835,7484.68463056692,9252.38504003695
2026-08-18 10:49:06,7000.0,7018.0,Put GEX 1,GEX,-679206.298,7484.68463056692,9252.38504003695
2026-08-18 10:49:06,7000.0,7018.0,Call VEX 1,VEX,6788596.977,7484.68463056692,9252.38504003695
2026-08-18 10:49:06,7300.0,7318.75,Call DEX 4,DEX,295.004,7484.68463056692,9252.38504003695
2026-08-18 10:49:06,7300.0,7318.75,Call VEX 5,VEX,2024943.204,7484.68463056692,9252.38504003695
2026-08-18 10:49:06,7400.0,7419.0,Call VEX 4,VEX,2461863.518,7484.68463056692,9252.38504003695
2026-08-18 10:49:06,7500.0,7519.25,Call CEX 4,CEX,1547813.588,7484.68463056692,9252.38504003695
2026-08-18 10:49:06,7500.0,7519.25,Call DEX 2,DEX,547.556,7484.68463056692,9252.38504003695
2026-08-18 10:49:06,7500.0,7519.25,Put GEX 3,GEX,-420411.332,7484.68463056692,9252.38504003695
2026-08-18 10:49:06,7500.0,7519.25,Call VEX 2,VEX,3531364.031,7484.68463056692,9252.38504003695
2026-08-18 10:49:06,7550.0,7569.5,Call CEX 5,CEX,1390436.528,7484.68463056692,9252.38504003695
2026-08-18 10:49:06,7550.0,7569.5,Call DEX 5,DEX,289.762,7484.68463056692,9252.38504003695
2026-08-18 10:49:06,7600.0,7619.5,Call CEX 3,CEX,2025784.023,7484.68463056692,9252.38504003695
2026-08-18 10:49:06,7600.0,7619.5,Call DEX 3,DEX,441.806,7484.68463056692,9252.38504003695
2026-08-18 10:49:06,7600.0,7619.5,Call VEX 3,VEX,2611312.978,7484.68463056692,9252.38504003695
2026-08-18 10:49:06,7635.0,7654.5,Call CEX 1,CEX,3514736.115,7484.68463056692,9252.38504003695
2026-08-18 10:49:06,7650.0,7669.75,Call CEX 2,CEX,2292781.35,7484.68463056692,9252.38504003695
2026-08-18 10:49:06,7690.0,7709.75,Put GEX 5,GEX,-299627.132,7484.68463056692,9252.38504003695
2026-08-18 10:49:06,7700.0,7719.75,Put GEX 2,GEX,-678393.512,7484.68463056692,9252.38504003695
2026-08-18 10:49:06,7710.0,7729.75,Put CEX 4,CEX,-1657822.942,7484.68463056692,9252.38504003695
2026-08-18 10:49:06,7710.0,7729.75,Put GEX 4,GEX,-404543.541,7484.68463056692,9252.38504003695
2026-08-18 10:49:06,7720.0,7739.75,Put DEX 5,DEX,-35.01,7484.68463056692,9252.38504003695
2026-08-18 10:49:06,7735.0,7754.75,Put DEX 4,DEX,-41.907,7484.68463056692,9252.38504003695
2026-08-18 10:49:06,7750.0,7770.0,Put CEX 2,CEX,-1986615.563,7484.68463056692,9252.38504003695
2026-08-18 10:49:06,7750.0,7770.0,Call GEX 4,GEX,292541.309,7484.68463056692,9252.38504003695
2026-08-18 10:49:06,7750.0,7770.0,Put VEX 5,VEX,-653781.988,7484.68463056692,9252.38504003695
2026-08-18 10:49:06,7775.0,7795.0,Put CEX 5,CEX,-984028.713,7484.68463056692,9252.38504003695
2026-08-18 10:49:06,7775.0,7795.0,Call GEX 5,GEX,271373.432,7484.68463056692,9252.38504003695
2026-08-18 10:49:06,7800.0,7820.0,Put CEX 3,CEX,-1931926.269,7484.68463056692,9252.38504003695
2026-08-18 10:49:06,7800.0,7820.0,Put DEX 3,DEX,-44.811,7484.68463056692,9252.38504003695
2026-08-18 10:49:06,7800.0,7820.0,Call GEX 2,GEX,536937.714,7484.68463056692,9252.38504003695
2026-08-18 10:49:06,7800.0,7820.0,Put VEX 2,VEX,-1252237.482,7484.68463056692,9252.38504003695
2026-08-18 10:49:06,7850.0,7870.25,Call GEX 3,GEX,311274.076,7484.68463056692,9252.38504003695
2026-08-18 10:49:06,7900.0,7920.25,Call GEX 1,GEX,705426.729,7484.68463056692,9252.38504003695
2026-08-18 10:49:06,7900.0,7920.25,Put VEX 3,VEX,-1229682.745,7484.68463056692,9252.38504003695
2026-08-18 10:49:06,8000.0,8020.5,Put CEX 1,CEX,-4987503.731,7484.68463056692,9252.38504003695
2026-08-18 10:49:06,8000.0,8020.5,Put DEX 1,DEX,-2605.252,7484.68463056692,9252.38504003695
2026-08-18 10:49:06,8000.0,8020.5,Put VEX 1,VEX,-11956124.589,7484.68463056692,9252.38504003695
2026-08-18 10:49:06,8200.0,8221.0,Put VEX 4,VEX,-785863.472,7484.68463056692,9252.38504003695
2026-08-18 10:49:06,8500.0,8521.75,Put DEX 2,DEX,-102.163,7484.68463056692,9252.38504003695
2026-08-18 10:49:57,7000.0,7018.5,Call DEX 1,DEX,577.387,7477.657074136659,9253.400079310895
2026-08-18 10:49:57,7000.0,7018.5,Put GEX 1,GEX,-675047.438,7477.657074136659,9253.400079310895
2026-08-18 10:49:57,7000.0,7018.5,Call VEX 1,VEX,6823946.29,7477.657074136659,9253.400079310895
2026-08-18 10:49:57,7300.0,7319.25,Call DEX 4,DEX,294.389,7477.657074136659,9253.400079310895
2026-08-18 10:49:57,7300.0,7319.25,Call VEX 5,VEX,2030677.625,7477.657074136659,9253.400079310895
2026-08-18 10:49:57,7400.0,7419.5,Call VEX 4,VEX,2463951.746,7477.657074136659,9253.400079310895
2026-08-18 10:49:57,7500.0,7519.75,Call CEX 4,CEX,1662822.623,7477.657074136659,9253.400079310895
2026-08-18 10:49:57,7500.0,7519.75,Call DEX 2,DEX,544.692,7477.657074136659,9253.400079310895
2026-08-18 10:49:57,7500.0,7519.75,Put GEX 4,GEX,-391332.489,7477.657074136659,9253.400079310895
2026-08-18 10:49:57,7500.0,7519.75,Call VEX 2,VEX,3592162.793,7477.657074136659,9253.400079310895
2026-08-18 10:49:57,7550.0,7570.0,Call CEX 5,CEX,1409688.17,7477.657074136659,9253.400079310895
2026-08-18 10:49:57,7550.0,7570.0,Call DEX 5,DEX,288.934,7477.657074136659,9253.400079310895
2026-08-18 10:49:57,7600.0,7620.0,Call CEX 3,CEX,2040029.861,7477.657074136659,9253.400079310895
2026-08-18 10:49:57,7600.0,7620.0,Call DEX 3,DEX,440.605,7477.657074136659,9253.400079310895
2026-08-18 10:49:57,7600.0,7620.0,Call VEX 3,VEX,2610189.89,7477.657074136659,9253.400079310895
2026-08-18 10:49:57,7635.0,7655.0,Call CEX 1,CEX,3534842.049,7477.657074136659,9253.400079310895
2026-08-18 10:49:57,7650.0,7670.25,Call CEX 2,CEX,2300900.113,7477.657074136659,9253.400079310895
2026-08-18 10:49:57,7690.0,7710.25,Put GEX 5,GEX,-301898.373,7477.657074136659,9253.400079310895
2026-08-18 10:49:57,7700.0,7720.25,Put GEX 2,GEX,-665717.629,7477.657074136659,9253.400079310895
2026-08-18 10:49:57,7710.0,7730.25,Put CEX 4,CEX,-1661518.344,7477.657074136659,9253.400079310895
2026-08-18 10:49:57,7710.0,7730.25,Put GEX 3,GEX,-395164.716,7477.657074136659,9253.400079310895
2026-08-18 10:49:57,7720.0,7740.25,Put DEX 5,DEX,-35.204,7477.657074136659,9253.400079310895
2026-08-18 10:49:57,7735.0,7755.25,Put DEX 4,DEX,-42.242,7477.657074136659,9253.400079310895
2026-08-18 10:49:57,7750.0,7770.5,Put CEX 2,CEX,-1987899.985,7477.657074136659,9253.400079310895
2026-08-18 10:49:57,7750.0,7770.5,Call GEX 4,GEX,292042.759,7477.657074136659,9253.400079310895
2026-08-18 10:49:57,7750.0,7770.5,Put VEX 5,VEX,-656798.59,7477.657074136659,9253.400079310895
2026-08-18 10:49:57,7775.0,7795.5,Put CEX 5,CEX,-982612.431,7477.657074136659,9253.400079310895
2026-08-18 10:49:57,7775.0,7795.5,Call GEX 5,GEX,270132.965,7477.657074136659,9253.400079310895
2026-08-18 10:49:57,7800.0,7820.5,Put CEX 3,CEX,-1928595.829,7477.657074136659,9253.400079310895
2026-08-18 10:49:57,7800.0,7820.5,Put DEX 3,DEX,-45.603,7477.657074136659,9253.400079310895
2026-08-18 10:49:57,7800.0,7820.5,Call GEX 2,GEX,537969.982,7477.657074136659,9253.400079310895
2026-08-18 10:49:57,7800.0,7820.5,Put VEX 2,VEX,-1252660.073,7477.657074136659,9253.400079310895
2026-08-18 10:49:57,7850.0,7870.75,Call GEX 3,GEX,311102.471,7477.657074136659,9253.400079310895
2026-08-18 10:49:57,7900.0,7920.75,Call GEX 1,GEX,704612.005,7477.657074136659,9253.400079310895
2026-08-18 10:49:57,7900.0,7920.75,Put VEX 3,VEX,-1229333.296,7477.657074136659,9253.400079310895
2026-08-18 10:49:57,8000.0,8021.0,Put CEX 1,CEX,-5020303.934,7477.657074136659,9253.400079310895
2026-08-18 10:49:57,8000.0,8021.0,Put DEX 1,DEX,-2605.787,7477.657074136659,9253.400079310895
2026-08-18 10:49:57,8000.0,8021.0,Put VEX 1,VEX,-11976122.939,7477.657074136659,9253.400079310895
2026-08-18 10:49:57,8200.0,8221.5,Put VEX 4,VEX,-785609.495,7477.657074136659,9253.400079310895
2026-08-18 10:49:57,8500.0,8522.5,Put DEX 2,DEX,-102.191,7477.657074136659,9253.400079310895
2026-08-18 10:50:47,7000.0,7018.25,Call DEX 1,DEX,557.06,7476.903891975533,9251.824441045244
2026-08-18 10:50:47,7000.0,7018.25,Put GEX 1,GEX,-679058.279,7476.903891975533,9251.824441045244
2026-08-18 10:50:47,7000.0,7018.25,Call VEX 1,VEX,6796206.776,7476.903891975533,9251.824441045244
2026-08-18 10:50:47,7300.0,7319.0,Call DEX 4,DEX,294.187,7476.903891975533,9251.824441045244
2026-08-18 10:50:47,7300.0,7319.0,Call VEX 5,VEX,2025104.47,7476.903891975533,9251.824441045244
2026-08-18 10:50:47,7400.0,7419.25,Call VEX 4,VEX,2462763.09,7476.903891975533,9251.824441045244
2026-08-18 10:50:47,7500.0,7519.5,Call CEX 4,CEX,1633574.169,7476.903891975533,9251.824441045244
2026-08-18 10:50:47,7500.0,7519.5,Call DEX 2,DEX,545.044,7476.903891975533,9251.824441045244
2026-08-18 10:50:47,7500.0,7519.5,Put GEX 4,GEX,-398484.261,7476.903891975533,9251.824441045244
2026-08-18 10:50:47,7500.0,7519.5,Call VEX 2,VEX,3576459.888,7476.903891975533,9251.824441045244
2026-08-18 10:50:47,7550.0,7569.75,Call CEX 5,CEX,1401730.242,7476.903891975533,9251.824441045244
2026-08-18 10:50:47,7550.0,7569.75,Call DEX 5,DEX,289.542,7476.903891975533,9251.824441045244
2026-08-18 10:50:47,7600.0,7620.0,Call CEX 3,CEX,2039276.764,7476.903891975533,9251.824441045244
2026-08-18 10:50:47,7600.0,7620.0,Call DEX 3,DEX,441.08,7476.903891975533,9251.824441045244
2026-08-18 10:50:47,7600.0,7620.0,Call VEX 3,VEX,2612194.513,7476.903891975533,9251.824441045244
2026-08-18 10:50:47,7635.0,7655.0,Call CEX 1,CEX,3545915.983,7476.903891975533,9251.824441045244
2026-08-18 10:50:47,7650.0,7670.0,Call CEX 2,CEX,2308582.738,7476.903891975533,9251.824441045244
2026-08-18 10:50:47,7690.0,7710.0,Put GEX 5,GEX,-298694.017,7476.903891975533,9251.824441045244
2026-08-18 10:50:47,7700.0,7720.25,Put GEX 2,GEX,-654307.82,7476.903891975533,9251.824441045244
2026-08-18 10:50:47,7710.0,7730.25,Put CEX 4,CEX,-1663299.054,7476.903891975533,9251.824441045244
2026-08-18 10:50:47,7710.0,7730.25,Put GEX 3,GEX,-398905.896,7476.903891975533,9251.824441045244
2026-08-18 10:50:47,7715.0,7735.25,Put CEX 5,CEX,-1043611.83,7476.903891975533,9251.824441045244
2026-08-18 10:50:47,7720.0,7740.25,Put DEX 5,DEX,-35.127,7476.903891975533,9251.824441045244
2026-08-18 10:50:47,7735.0,7755.25,Put DEX 4,DEX,-42.01,7476.903891975533,9251.824441045244
2026-08-18 10:50:47,7750.0,7770.25,Put CEX 2,CEX,-1990628.017,7476.903891975533,9251.824441045244
2026-08-18 10:50:47,7750.0,7770.25,Call GEX 4,GEX,292164.117,7476.903891975533,9251.824441045244
2026-08-18 10:50:47,7750.0,7770.25,Put VEX 5,VEX,-655735.988,7476.903891975533,9251.824441045244
2026-08-18 10:50:47,7775.0,7795.25,Call GEX 5,GEX,270731.242,7476.903891975533,9251.824441045244
2026-08-18 10:50:47,7800.0,7820.5,Put CEX 3,CEX,-1926745.788,7476.903891975533,9251.824441045244
2026-08-18 10:50:47,7800.0,7820.5,Put DEX 3,DEX,-45.684,7476.903891975533,9251.824441045244
2026-08-18 10:50:47,7800.0,7820.5,Call GEX 2,GEX,538612.484,7476.903891975533,9251.824441045244
2026-08-18 10:50:47,7800.0,7820.5,Put VEX 2,VEX,-1249770.831,7476.903891975533,9251.824441045244
2026-08-18 10:50:47,7850.0,7870.5,Call GEX 3,GEX,311351.939,7476.903891975533,9251.824441045244
2026-08-18 10:50:47,7900.0,7920.75,Call GEX 1,GEX,704850.267,7476.903891975533,9251.824441045244
2026-08-18 10:50:47,7900.0,7920.75,Put VEX 3,VEX,-1229704.642,7476.903891975533,9251.824441045244
2026-08-18 10:50:47,8000.0,8021.0,Put CEX 1,CEX,-4976438.603,7476.903891975533,9251.824441045244
2026-08-18 10:50:47,8000.0,8021.0,Put DEX 1,DEX,-2606.24,7476.903891975533,9251.824441045244
2026-08-18 10:50:47,8000.0,8021.0,Put VEX 1,VEX,-11949093.753,7476.903891975533,9251.824441045244
2026-08-18 10:50:47,8200.0,8221.5,Put VEX 4,VEX,-785475.305,7476.903891975533,9251.824441045244
2026-08-18 10:50:47,8500.0,8522.25,Put DEX 2,DEX,-102.244,7476.903891975533,9251.824441045244
2026-08-18 10:51:35,7000.0,7018.75,Call DEX 1,DEX,555.811,7476.652699460733,9252.866800686825
2026-08-18 10:51:35,7000.0,7018.75,Put GEX 2,GEX,-675000.606,7476.652699460733,9252.866800686825
2026-08-18 10:51:35,7000.0,7018.75,Call VEX 1,VEX,6825144.145,7476.652699460733,9252.866800686825
2026-08-18 10:51:35,7300.0,7319.5,Call DEX 5,DEX,294.166,7476.652699460733,9252.866800686825
2026-08-18 10:51:35,7300.0,7319.5,Call VEX 5,VEX,2034363.526,7476.652699460733,9252.866800686825
2026-08-18 10:51:35,7400.0,7419.75,Call VEX 4,VEX,2467126.589,7476.652699460733,9252.866800686825
2026-08-18 10:51:35,7450.0,7469.75,Call DEX 4,DEX,338.036,7476.652699460733,9252.866800686825
2026-08-18 10:51:35,7500.0,7520.0,Call CEX 4,CEX,1669562.842,7476.652699460733,9252.866800686825
2026-08-18 10:51:35,7500.0,7520.0,Call DEX 2,DEX,543.035,7476.652699460733,9252.866800686825
2026-08-18 10:51:35,7500.0,7520.0,Put GEX 4,GEX,-388709.904,7476.652699460733,9252.866800686825
2026-08-18 10:51:35,7500.0,7520.0,Call VEX 2,VEX,3592700.053,7476.652699460733,9252.866800686825
2026-08-18 10:51:35,7550.0,7570.25,Call CEX 5,CEX,1431039.964,7476.652699460733,9252.866800686825
2026-08-18 10:51:35,7600.0,7620.25,Call CEX 3,CEX,2057007.433,7476.652699460733,9252.866800686825
2026-08-18 10:51:35,7600.0,7620.25,Call DEX 3,DEX,439.33,7476.652699460733,9252.866800686825
2026-08-18 10:51:35,7600.0,7620.25,Call VEX 3,VEX,2610241.26,7476.652699460733,9252.866800686825
2026-08-18 10:51:35,7635.0,7655.25,Call CEX 1,CEX,3570839.722,7476.652699460733,9252.866800686825
2026-08-18 10:51:35,7650.0,7670.5,Call CEX 2,CEX,2320065.42,7476.652699460733,9252.866800686825
2026-08-18 10:51:35,7690.0,7710.5,Put GEX 5,GEX,-306304.135,7476.652699460733,9252.866800686825
2026-08-18 10:51:35,7700.0,7720.5,Put GEX 1,GEX,-686123.847,7476.652699460733,9252.866800686825
2026-08-18 10:51:35,7710.0,7730.5,Put CEX 4,CEX,-1686115.039,7476.652699460733,9252.866800686825
2026-08-18 10:51:35,7710.0,7730.5,Put GEX 3,GEX,-389462.807,7476.652699460733,9252.866800686825
2026-08-18 10:51:35,7720.0,7740.5,Put DEX 5,DEX,-35.431,7476.652699460733,9252.866800686825
2026-08-18 10:51:35,7735.0,7755.75,Put DEX 4,DEX,-42.436,7476.652699460733,9252.866800686825
2026-08-18 10:51:35,7750.0,7770.75,Put CEX 2,CEX,-1992385.132,7476.652699460733,9252.866800686825
2026-08-18 10:51:35,7750.0,7770.75,Call GEX 4,GEX,290712.729,7476.652699460733,9252.866800686825
2026-08-18 10:51:35,7750.0,7770.75,Put VEX 5,VEX,-660687.013,7476.652699460733,9252.866800686825
2026-08-18 10:51:35,7775.0,7795.75,Put CEX 5,CEX,-982090.616,7476.652699460733,9252.866800686825
2026-08-18 10:51:35,7775.0,7795.75,Call GEX 5,GEX,269358.979,7476.652699460733,9252.866800686825
2026-08-18 10:51:35,7800.0,7820.75,Put CEX 3,CEX,-1916119.931,7476.652699460733,9252.866800686825
2026-08-18 10:51:35,7800.0,7820.75,Put DEX 3,DEX,-46.702,7476.652699460733,9252.866800686825
2026-08-18 10:51:35,7800.0,7820.75,Call GEX 2,GEX,537619.096,7476.652699460733,9252.866800686825
2026-08-18 10:51:35,7800.0,7820.75,Put VEX 2,VEX,-1250205.172,7476.652699460733,9252.866800686825
2026-08-18 10:51:35,7850.0,7871.0,Call GEX 3,GEX,310685.901,7476.652699460733,9252.866800686825
2026-08-18 10:51:35,7900.0,7921.0,Call GEX 1,GEX,703333.519,7476.652699460733,9252.866800686825
2026-08-18 10:51:35,7900.0,7921.0,Put VEX 3,VEX,-1229698.731,7476.652699460733,9252.866800686825
2026-08-18 10:51:35,8000.0,8021.25,Put CEX 1,CEX,-4878887.95,7476.652699460733,9252.866800686825
2026-08-18 10:51:35,8000.0,8021.25,Put DEX 1,DEX,-2610.785,7476.652699460733,9252.866800686825
2026-08-18 10:51:35,8000.0,8021.25,Put VEX 1,VEX,-11907389.31,7476.652699460733,9252.866800686825
2026-08-18 10:51:35,8200.0,8221.75,Put VEX 4,VEX,-782310.757,7476.652699460733,9252.866800686825
2026-08-18 10:51:35,8500.0,8522.75,Put DEX 2,DEX,-102.357,7476.652699460733,9252.866800686825
2026-08-18 10:52:25,7000.0,7018.5,Call DEX 1,DEX,558.721,7461.461901804696,9251.252928444836
2026-08-18 10:52:25,7000.0,7018.5,Put GEX 2,GEX,-676761.184,7461.461901804696,9251.252928444836
2026-08-18 10:52:25,7000.0,7018.5,Call VEX 1,VEX,6766133.555,7461.461901804696,9251.252928444836
2026-08-18 10:52:25,7300.0,7319.5,Call DEX 5,DEX,294.871,7461.461901804696,9251.252928444836
2026-08-18 10:52:25,7300.0,7319.5,Call VEX 5,VEX,2017913.795,7461.461901804696,9251.252928444836
2026-08-18 10:52:25,7400.0,7419.75,Call VEX 4,VEX,2459928.069,7461.461901804696,9251.252928444836
2026-08-18 10:52:25,7450.0,7469.75,Call DEX 4,DEX,339.346,7461.461901804696,9251.252928444836
2026-08-18 10:52:25,7500.0,7520.0,Call CEX 4,CEX,1660288.425,7461.461901804696,9251.252928444836
2026-08-18 10:52:25,7500.0,7520.0,Call DEX 2,DEX,545.915,7461.461901804696,9251.252928444836
2026-08-18 10:52:25,7500.0,7520.0,Put GEX 4,GEX,-390123.153,7461.461901804696,9251.252928444836
2026-08-18 10:52:25,7500.0,7520.0,Call VEX 2,VEX,3592028.204,7461.461901804696,9251.252928444836
2026-08-18 10:52:25,7550.0,7570.0,Call CEX 5,CEX,1419993.473,7461.461901804696,9251.252928444836
2026-08-18 10:52:25,7600.0,7620.25,Call CEX 3,CEX,2023998.076,7461.461901804696,9251.252928444836
2026-08-18 10:52:25,7600.0,7620.25,Call DEX 3,DEX,442.474,7461.461901804696,9251.252928444836
2026-08-18 10:52:25,7600.0,7620.25,Call VEX 3,VEX,2617801.039,7461.461901804696,9251.252928444836
2026-08-18 10:52:25,7635.0,7655.25,Call CEX 1,CEX,3012124.489,7461.461901804696,9251.252928444836
2026-08-18 10:52:25,7650.0,7670.25,Call CEX 2,CEX,2157777.364,7461.461901804696,9251.252928444836
2026-08-18 10:52:25,7690.0,7710.5,Put GEX 5,GEX,-296663.304,7461.461901804696,9251.252928444836
2026-08-18 10:52:25,7700.0,7720.5,Put GEX 1,GEX,-681897.086,7461.461901804696,9251.252928444836
2026-08-18 10:52:25,7710.0,7730.5,Put CEX 4,CEX,-1675334.514,7461.461901804696,9251.252928444836
2026-08-18 10:52:25,7710.0,7730.5,Put GEX 3,GEX,-414582.871,7461.461901804696,9251.252928444836
2026-08-18 10:52:25,7720.0,7740.5,Put DEX 5,DEX,-34.867,7461.461901804696,9251.252928444836
2026-08-18 10:52:25,7735.0,7755.5,Put DEX 4,DEX,-41.808,7461.461901804696,9251.252928444836
2026-08-18 10:52:25,7750.0,7770.5,Put CEX 2,CEX,-1994621.571,7461.461901804696,9251.252928444836
2026-08-18 10:52:25,7750.0,7770.5,Call GEX 4,GEX,291776.522,7461.461901804696,9251.252928444836
2026-08-18 10:52:25,7750.0,7770.5,Put VEX 5,VEX,-651687.752,7461.461901804696,9251.252928444836
2026-08-18 10:52:25,7775.0,7795.75,Put CEX 5,CEX,-986345.012,7461.461901804696,9251.252928444836
2026-08-18 10:52:25,7775.0,7795.75,Call GEX 5,GEX,272605.838,7461.461901804696,9251.252928444836
2026-08-18 10:52:25,7800.0,7820.75,Put CEX 3,CEX,-1925406.067,7461.461901804696,9251.252928444836
2026-08-18 10:52:25,7800.0,7820.75,Put DEX 3,DEX,-45.37,7461.461901804696,9251.252928444836
2026-08-18 10:52:25,7800.0,7820.75,Call GEX 2,GEX,542152.73,7461.461901804696,9251.252928444836
2026-08-18 10:52:25,7800.0,7820.75,Put VEX 2,VEX,-1244008.81,7461.461901804696,9251.252928444836
2026-08-18 10:52:25,7850.0,7871.0,Call GEX 3,GEX,311959.007,7461.461901804696,9251.252928444836
2026-08-18 10:52:25,7900.0,7921.0,Call GEX 1,GEX,705755.751,7461.461901804696,9251.252928444836
2026-08-18 10:52:25,7900.0,7921.0,Put VEX 3,VEX,-1227995.493,7461.461901804696,9251.252928444836
2026-08-18 10:52:25,8000.0,8021.25,Put CEX 1,CEX,-4952135.072,7461.461901804696,9251.252928444836
2026-08-18 10:52:25,8000.0,8021.25,Put DEX 1,DEX,-2602.33,7461.461901804696,9251.252928444836
2026-08-18 10:52:25,8000.0,8021.25,Put VEX 1,VEX,-11932508.665,7461.461901804696,9251.252928444836
2026-08-18 10:52:25,8200.0,8221.75,Put VEX 4,VEX,-785869.4,7461.461901804696,9251.252928444836
2026-08-18 10:52:25,8500.0,8522.5,Put DEX 2,DEX,-102.239,7461.461901804696,9251.252928444836
2026-08-18 10:53:22,7000.0,7018.25,Call DEX 1,DEX,557.611,7475.040741026167,9250.821681331929
2026-08-18 10:53:22,7000.0,7018.25,Put GEX 2,GEX,-672932.183,7475.040741026167,9250.821681331929
2026-08-18 10:53:22,7000.0,7018.25,Call VEX 1,VEX,6792368.633,7475.040741026167,9250.821681331929
2026-08-18 10:53:22,7300.0,7319.0,Call DEX 4,DEX,294.592,7475.040741026167,9250.821681331929
2026-08-18 10:53:22,7300.0,7319.0,Call VEX 5,VEX,2019026.463,7475.040741026167,9250.821681331929
2026-08-18 10:53:22,7400.0,7419.25,Call VEX 4,VEX,2461572.074,7475.040741026167,9250.821681331929
2026-08-18 10:53:22,7500.0,7519.5,Call CEX 4,CEX,1602044.702,7475.040741026167,9250.821681331929
2026-08-18 10:53:22,7500.0,7519.5,Call DEX 2,DEX,545.353,7475.040741026167,9250.821681331929
2026-08-18 10:53:22,7500.0,7519.5,Put GEX 4,GEX,-399659.501,7475.040741026167,9250.821681331929
2026-08-18 10:53:22,7500.0,7519.5,Call VEX 2,VEX,3563257.359,7475.040741026167,9250.821681331929
2026-08-18 10:53:22,7550.0,7569.75,Call CEX 5,CEX,1401932.568,7475.040741026167,9250.821681331929
2026-08-18 10:53:22,7550.0,7569.75,Call DEX 5,DEX,289.219,7475.040741026167,9250.821681331929
2026-08-18 10:53:22,7600.0,7619.75,Call CEX 3,CEX,1967830.128,7475.040741026167,9250.821681331929
2026-08-18 10:53:22,7600.0,7619.75,Call DEX 3,DEX,443.241,7475.040741026167,9250.821681331929
2026-08-18 10:53:22,7600.0,7619.75,Call VEX 3,VEX,2613650.18,7475.040741026167,9250.821681331929
2026-08-18 10:53:22,7635.0,7654.75,Call CEX 1,CEX,3018848.684,7475.040741026167,9250.821681331929
2026-08-18 10:53:22,7650.0,7670.0,Call CEX 2,CEX,2159995.761,7475.040741026167,9250.821681331929
2026-08-18 10:53:22,7700.0,7720.0,Put GEX 1,GEX,-692480.957,7475.040741026167,9250.821681331929
2026-08-18 10:53:22,7710.0,7730.0,Put CEX 4,CEX,-1680314.286,7475.040741026167,9250.821681331929
2026-08-18 10:53:22,7710.0,7730.0,Put GEX 3,GEX,-422380.201,7475.040741026167,9250.821681331929
2026-08-18 10:53:22,7720.0,7740.0,Put DEX 5,DEX,-34.777,7475.040741026167,9250.821681331929
2026-08-18 10:53:22,7720.0,7740.0,Put GEX 5,GEX,-297852.659,7475.040741026167,9250.821681331929
2026-08-18 10:53:22,7735.0,7755.25,Put DEX 4,DEX,-41.859,7475.040741026167,9250.821681331929
2026-08-18 10:53:22,7750.0,7770.25,Put CEX 2,CEX,-1993426.737,7475.040741026167,9250.821681331929
2026-08-18 10:53:22,7750.0,7770.25,Call GEX 4,GEX,291642.262,7475.040741026167,9250.821681331929
2026-08-18 10:53:22,7750.0,7770.25,Put VEX 5,VEX,-648861.599,7475.040741026167,9250.821681331929
2026-08-18 10:53:22,7775.0,7795.25,Put CEX 5,CEX,-989875.209,7475.040741026167,9250.821681331929
2026-08-18 10:53:22,7775.0,7795.25,Call GEX 5,GEX,273220.969,7475.040741026167,9250.821681331929
2026-08-18 10:53:22,7800.0,7820.25,Put CEX 3,CEX,-1935680.473,7475.040741026167,9250.821681331929
2026-08-18 10:53:22,7800.0,7820.25,Put DEX 3,DEX,-44.67,7475.040741026167,9250.821681331929
2026-08-18 10:53:22,7800.0,7820.25,Call GEX 2,GEX,540693.334,7475.040741026167,9250.821681331929
2026-08-18 10:53:22,7800.0,7820.25,Put VEX 2,VEX,-1245821.263,7475.040741026167,9250.821681331929
2026-08-18 10:53:22,7850.0,7870.5,Call GEX 3,GEX,312075.681,7475.040741026167,9250.821681331929
2026-08-18 10:53:22,7900.0,7920.5,Call GEX 1,GEX,706720.337,7475.040741026167,9250.821681331929
2026-08-18 10:53:22,7900.0,7920.5,Put VEX 3,VEX,-1228894.44,7475.040741026167,9250.821681331929
2026-08-18 10:53:22,8000.0,8020.75,Put CEX 1,CEX,-4983777.483,7475.040741026167,9250.821681331929
2026-08-18 10:53:22,8000.0,8020.75,Put DEX 1,DEX,-2604.26,7475.040741026167,9250.821681331929
2026-08-18 10:53:22,8000.0,8020.75,Put VEX 1,VEX,-11951294.629,7475.040741026167,9250.821681331929
2026-08-18 10:53:22,8200.0,8221.25,Put VEX 4,VEX,-786884.328,7475.040741026167,9250.821681331929
2026-08-18 10:53:22,8500.0,8522.0,Put DEX 2,DEX,-102.248,7475.040741026167,9250.821681331929
2026-08-18 10:54:11,7000.0,7018.0,Call DEX 1,DEX,559.584,7476.840725881426,9250.803030945166
2026-08-18 10:54:11,7000.0,7018.0,Put GEX 1,GEX,-674472.438,7476.840725881426,9250.803030945166
2026-08-18 10:54:11,7000.0,7018.0,Call VEX 1,VEX,6763866.916,7476.840725881426,9250.803030945166
2026-08-18 10:54:11,7300.0,7318.75,Call DEX 4,DEX,295.164,7476.840725881426,9250.803030945166
2026-08-18 10:54:11,7300.0,7318.75,Call VEX 5,VEX,2010960.122,7476.840725881426,9250.803030945166
2026-08-18 10:54:11,7400.0,7419.25,Call VEX 4,VEX,2454569.003,7476.840725881426,9250.803030945166
2026-08-18 10:54:11,7500.0,7519.5,Call CEX 4,CEX,1526911.937,7476.840725881426,9250.803030945166
2026-08-18 10:54:11,7500.0,7519.5,Call DEX 2,DEX,547.714,7476.840725881426,9250.803030945166
2026-08-18 10:54:11,7500.0,7519.5,Put GEX 4,GEX,-419077.593,7476.840725881426,9250.803030945166
2026-08-18 10:54:11,7500.0,7519.5,Call VEX 2,VEX,3523246.061,7476.840725881426,9250.803030945166
2026-08-18 10:54:11,7550.0,7569.5,Call CEX 5,CEX,1383201.569,7476.840725881426,9250.803030945166
2026-08-18 10:54:11,7550.0,7569.5,Call DEX 5,DEX,290.159,7476.840725881426,9250.803030945166
2026-08-18 10:54:11,7600.0,7619.75,Call CEX 3,CEX,1953914.295,7476.840725881426,9250.803030945166
2026-08-18 10:54:11,7600.0,7619.75,Call DEX 3,DEX,444.843,7476.840725881426,9250.803030945166
2026-08-18 10:54:11,7600.0,7619.75,Call VEX 3,VEX,2615568.056,7476.840725881426,9250.803030945166
2026-08-18 10:54:11,7635.0,7654.75,Call CEX 1,CEX,3023524.237,7476.840725881426,9250.803030945166
2026-08-18 10:54:11,7650.0,7669.75,Call CEX 2,CEX,2163736.818,7476.840725881426,9250.803030945166
2026-08-18 10:54:11,7700.0,7720.0,Put GEX 2,GEX,-670259.276,7476.840725881426,9250.803030945166
2026-08-18 10:54:11,7710.0,7730.0,Put CEX 4,CEX,-1638850.009,7476.840725881426,9250.803030945166
2026-08-18 10:54:11,7710.0,7730.0,Put GEX 3,GEX,-425112.899,7476.840725881426,9250.803030945166
2026-08-18 10:54:11,7715.0,7735.0,Put CEX 5,CEX,-1136630.229,7476.840725881426,9250.803030945166
2026-08-18 10:54:11,7720.0,7740.0,Put DEX 3,DEX,-48.99,7476.840725881426,9250.803030945166
2026-08-18 10:54:11,7720.0,7740.0,Put GEX 5,GEX,-329829.469,7476.840725881426,9250.803030945166
2026-08-18 10:54:11,7735.0,7755.0,Put DEX 5,DEX,-41.555,7476.840725881426,9250.803030945166
2026-08-18 10:54:11,7750.0,7770.0,Put CEX 2,CEX,-1995478.985,7476.840725881426,9250.803030945166
2026-08-18 10:54:11,7750.0,7770.0,Call GEX 4,GEX,294725.97,7476.840725881426,9250.803030945166
2026-08-18 10:54:11,7750.0,7770.0,Put VEX 5,VEX,-644647.11,7476.840725881426,9250.803030945166
2026-08-18 10:54:11,7775.0,7795.0,Call GEX 5,GEX,275012.312,7476.840725881426,9250.803030945166
2026-08-18 10:54:11,7800.0,7820.25,Put CEX 3,CEX,-1944356.497,7476.840725881426,9250.803030945166
2026-08-18 10:54:11,7800.0,7820.25,Put DEX 4,DEX,-43.641,7476.840725881426,9250.803030945166
2026-08-18 10:54:11,7800.0,7820.25,Call GEX 2,GEX,541056.149,7476.840725881426,9250.803030945166
2026-08-18 10:54:11,7800.0,7820.25,Put VEX 2,VEX,-1244882.496,7476.840725881426,9250.803030945166
2026-08-18 10:54:11,7850.0,7870.25,Call GEX 3,GEX,312895.943,7476.840725881426,9250.803030945166
2026-08-18 10:54:11,7900.0,7920.5,Call GEX 1,GEX,708083.565,7476.840725881426,9250.803030945166
2026-08-18 10:54:11,7900.0,7920.5,Put VEX 3,VEX,-1227911.529,7476.840725881426,9250.803030945166
2026-08-18 10:54:11,8000.0,8020.75,Put CEX 1,CEX,-5034545.662,7476.840725881426,9250.803030945166
2026-08-18 10:54:11,8000.0,8020.75,Put DEX 1,DEX,-2600.524,7476.840725881426,9250.803030945166
2026-08-18 10:54:11,8000.0,8020.75,Put VEX 1,VEX,-11972694.651,7476.840725881426,9250.803030945166
2026-08-18 10:54:11,8200.0,8221.25,Put VEX 4,VEX,-786720.157,7476.840725881426,9250.803030945166
2026-08-18 10:54:11,8500.0,8522.0,Put DEX 2,DEX,-102.191,7476.840725881426,9250.803030945166
2026-08-18 10:55:11,7000.0,7017.75,Call CEX 4,CEX,1291963.181,7503.4402717306275,9250.232324346856
2026-08-18 10:55:11,7000.0,7017.75,Call DEX 1,DEX,559.835,7503.4402717306275,9250.232324346856
2026-08-18 10:55:11,7000.0,7017.75,Put GEX 1,GEX,-678140.445,7503.4402717306275,9250.232324346856
2026-08-18 10:55:11,7000.0,7017.75,Call VEX 1,VEX,6746089.568,7503.4402717306275,9250.232324346856
2026-08-18 10:55:11,7300.0,7318.5,Call DEX 3,DEX,296.548,7503.4402717306275,9250.232324346856
2026-08-18 10:55:11,7300.0,7318.5,Call VEX 5,VEX,1991237.179,7503.4402717306275,9250.232324346856
2026-08-18 10:55:11,7400.0,7418.75,Call VEX 4,VEX,2425878.86,7503.4402717306275,9250.232324346856
2026-08-18 10:55:11,7450.0,7468.75,Call DEX 5,DEX,261.291,7503.4402717306275,9250.232324346856
2026-08-18 10:55:11,7500.0,7519.0,Put GEX 3,GEX,-488770.666,7503.4402717306275,9250.232324346856
2026-08-18 10:55:11,7500.0,7519.0,Call VEX 2,VEX,3377463.502,7503.4402717306275,9250.232324346856
2026-08-18 10:55:11,7550.0,7569.0,Call CEX 5,CEX,1272650.226,7503.4402717306275,9250.232324346856
2026-08-18 10:55:11,7550.0,7569.0,Call DEX 4,DEX,292.47,7503.4402717306275,9250.232324346856
2026-08-18 10:55:11,7600.0,7619.25,Call CEX 3,CEX,1863959.065,7503.4402717306275,9250.232324346856
2026-08-18 10:55:11,7600.0,7619.25,Call DEX 2,DEX,448.011,7503.4402717306275,9250.232324346856
2026-08-18 10:55:11,7600.0,7619.25,Call VEX 3,VEX,2611593.206,7503.4402717306275,9250.232324346856
2026-08-18 10:55:11,7635.0,7654.25,Call CEX 1,CEX,3020647.797,7503.4402717306275,9250.232324346856
2026-08-18 10:55:11,7650.0,7669.25,Call CEX 2,CEX,2135705.838,7503.4402717306275,9250.232324346856
2026-08-18 10:55:11,7700.0,7719.5,Put GEX 2,GEX,-618164.69,7503.4402717306275,9250.232324346856
2026-08-18 10:55:11,7710.0,7729.5,Put CEX 5,CEX,-1562302.887,7503.4402717306275,9250.232324346856
2026-08-18 10:55:11,7710.0,7729.5,Put GEX 5,GEX,-419771.88,7503.4402717306275,9250.232324346856
2026-08-18 10:55:11,7720.0,7739.5,Put DEX 5,DEX,-47.517,7503.4402717306275,9250.232324346856
2026-08-18 10:55:11,7720.0,7739.5,Put GEX 4,GEX,-421337.475,7503.4402717306275,9250.232324346856
2026-08-18 10:55:11,7725.0,7744.5,Put CEX 4,CEX,-2118272.934,7503.4402717306275,9250.232324346856
2026-08-18 10:55:11,7735.0,7754.5,Put DEX 4,DEX,-50.816,7503.4402717306275,9250.232324346856
2026-08-18 10:55:11,7750.0,7769.5,Put CEX 2,CEX,-2619127.177,7503.4402717306275,9250.232324346856
2026-08-18 10:55:11,7750.0,7769.5,Call GEX 4,GEX,272039.097,7503.4402717306275,9250.232324346856
2026-08-18 10:55:11,7750.0,7769.5,Put VEX 5,VEX,-653789.905,7503.4402717306275,9250.232324346856
2026-08-18 10:55:11,7775.0,7794.75,Call GEX 5,GEX,268255.737,7503.4402717306275,9250.232324346856
2026-08-18 10:55:11,7800.0,7819.75,Put CEX 3,CEX,-2150853.662,7503.4402717306275,9250.232324346856
2026-08-18 10:55:11,7800.0,7819.75,Put DEX 3,DEX,-53.485,7503.4402717306275,9250.232324346856
2026-08-18 10:55:11,7800.0,7819.75,Call GEX 2,GEX,536359.286,7503.4402717306275,9250.232324346856
2026-08-18 10:55:11,7800.0,7819.75,Put VEX 2,VEX,-1251859.065,7503.4402717306275,9250.232324346856
2026-08-18 10:55:11,7850.0,7869.75,Call GEX 3,GEX,313804.436,7503.4402717306275,9250.232324346856
2026-08-18 10:55:11,7900.0,7920.0,Call GEX 1,GEX,711818.308,7503.4402717306275,9250.232324346856
2026-08-18 10:55:11,7900.0,7920.0,Put VEX 3,VEX,-1231063.776,7503.4402717306275,9250.232324346856
2026-08-18 10:55:11,8000.0,8020.25,Put CEX 1,CEX,-5259486.801,7503.4402717306275,9250.232324346856
2026-08-18 10:55:11,8000.0,8020.25,Put DEX 1,DEX,-2591.538,7503.4402717306275,9250.232324346856
2026-08-18 10:55:11,8000.0,8020.25,Put VEX 1,VEX,-12070259.067,7503.4402717306275,9250.232324346856
2026-08-18 10:55:11,8200.0,8220.75,Put VEX 4,VEX,-786852.535,7503.4402717306275,9250.232324346856
2026-08-18 10:55:11,8500.0,8521.5,Put DEX 2,DEX,-101.819,7503.4402717306275,9250.232324346856
2026-08-18 10:56:05,7000.0,7018.25,Call DEX 1,DEX,554.534,7477.045468073144,9253.249461300877
2026-08-18 10:56:05,7000.0,7018.25,Put GEX 2,GEX,-670210.374,7477.045468073144,9253.249461300877
2026-08-18 10:56:05,7000.0,7018.25,Call VEX 1,VEX,6837060.343,7477.045468073144,9253.249461300877
2026-08-18 10:56:05,7300.0,7319.0,Call DEX 4,DEX,294.011,7477.045468073144,9253.249461300877
2026-08-18 10:56:05,7300.0,7319.0,Call VEX 5,VEX,2035166.86,7477.045468073144,9253.249461300877
2026-08-18 10:56:05,7400.0,7419.25,Call VEX 4,VEX,2463286.805,7477.045468073144,9253.249461300877
2026-08-18 10:56:05,7500.0,7519.5,Call CEX 4,CEX,1630104.45,7477.045468073144,9253.249461300877
2026-08-18 10:56:05,7500.0,7519.5,Call DEX 2,DEX,544.158,7477.045468073144,9253.249461300877
2026-08-18 10:56:05,7500.0,7519.5,Put GEX 3,GEX,-399891.132,7477.045468073144,9253.249461300877
2026-08-18 10:56:05,7500.0,7519.5,Call VEX 2,VEX,3568334.738,7477.045468073144,9253.249461300877
2026-08-18 10:56:05,7550.0,7569.5,Call CEX 5,CEX,1418704.869,7477.045468073144,9253.249461300877
2026-08-18 10:56:05,7550.0,7569.5,Call DEX 5,DEX,288.85,7477.045468073144,9253.249461300877
2026-08-18 10:56:05,7600.0,7619.75,Call CEX 3,CEX,1991573.745,7477.045468073144,9253.249461300877
2026-08-18 10:56:05,7600.0,7619.75,Call DEX 3,DEX,440.016,7477.045468073144,9253.249461300877
2026-08-18 10:56:05,7600.0,7619.75,Call VEX 3,VEX,2607580.715,7477.045468073144,9253.249461300877
2026-08-18 10:56:05,7635.0,7654.75,Call CEX 1,CEX,3086633.334,7477.045468073144,9253.249461300877
2026-08-18 10:56:05,7650.0,7669.75,Call CEX 2,CEX,2183464.973,7477.045468073144,9253.249461300877
2026-08-18 10:56:05,7690.0,7710.0,Put GEX 5,GEX,-310315.944,7477.045468073144,9253.249461300877
2026-08-18 10:56:05,7700.0,7720.0,Put GEX 1,GEX,-706859.772,7477.045468073144,9253.249461300877
2026-08-18 10:56:05,7710.0,7730.0,Put CEX 4,CEX,-1716852.391,7477.045468073144,9253.249461300877
2026-08-18 10:56:05,7710.0,7730.0,Put GEX 4,GEX,-382635.08,7477.045468073144,9253.249461300877
2026-08-18 10:56:05,7720.0,7740.0,Put DEX 5,DEX,-35.588,7477.045468073144,9253.249461300877
2026-08-18 10:56:05,7735.0,7755.0,Put DEX 4,DEX,-42.42,7477.045468073144,9253.249461300877
2026-08-18 10:56:05,7750.0,7770.0,Put CEX 2,CEX,-1969371.232,7477.045468073144,9253.249461300877
2026-08-18 10:56:05,7750.0,7770.0,Call GEX 4,GEX,290536.614,7477.045468073144,9253.249461300877
2026-08-18 10:56:05,7750.0,7770.0,Put VEX 5,VEX,-662647.87,7477.045468073144,9253.249461300877
2026-08-18 10:56:05,7775.0,7795.25,Put CEX 5,CEX,-987837.217,7477.045468073144,9253.249461300877
2026-08-18 10:56:05,7775.0,7795.25,Call GEX 5,GEX,268277.768,7477.045468073144,9253.249461300877
2026-08-18 10:56:05,7800.0,7820.25,Put CEX 3,CEX,-1925011.013,7477.045468073144,9253.249461300877
2026-08-18 10:56:05,7800.0,7820.25,Put DEX 3,DEX,-47.344,7477.045468073144,9253.249461300877
2026-08-18 10:56:05,7800.0,7820.25,Call GEX 2,GEX,537379.33,7477.045468073144,9253.249461300877
2026-08-18 10:56:05,7800.0,7820.25,Put VEX 2,VEX,-1250893.672,7477.045468073144,9253.249461300877
2026-08-18 10:56:05,7850.0,7870.25,Call GEX 3,GEX,310030.672,7477.045468073144,9253.249461300877
2026-08-18 10:56:05,7900.0,7920.5,Call GEX 1,GEX,705105.217,7477.045468073144,9253.249461300877
2026-08-18 10:56:05,7900.0,7920.5,Put VEX 3,VEX,-1233423.483,7477.045468073144,9253.249461300877
2026-08-18 10:56:05,8000.0,8020.75,Put CEX 1,CEX,-4866884.664,7477.045468073144,9253.249461300877
2026-08-18 10:56:05,8000.0,8020.75,Put DEX 1,DEX,-2613.379,7477.045468073144,9253.249461300877
2026-08-18 10:56:05,8000.0,8020.75,Put VEX 1,VEX,-11897163.708,7477.045468073144,9253.249461300877
2026-08-18 10:56:05,8200.0,8221.25,Put VEX 4,VEX,-785071.108,7477.045468073144,9253.249461300877
2026-08-18 10:56:05,8500.0,8522.0,Put DEX 2,DEX,-102.291,7477.045468073144,9253.249461300877
2026-08-18 10:56:56,7000.0,7018.25,Call DEX 1,DEX,556.073,7467.850634947293,9253.721906090952
2026-08-18 10:56:56,7000.0,7018.25,Put GEX 2,GEX,-676336.393,7467.850634947293,9253.721906090952
2026-08-18 10:56:56,7000.0,7018.25,Call VEX 1,VEX,6799232.489,7467.850634947293,9253.721906090952
2026-08-18 10:56:56,7300.0,7319.25,Call DEX 4,DEX,294.208,7467.850634947293,9253.721906090952
2026-08-18 10:56:56,7300.0,7319.25,Call VEX 5,VEX,2035211.293,7467.850634947293,9253.721906090952
2026-08-18 10:56:56,7400.0,7419.5,Call VEX 4,VEX,2465085.341,7467.850634947293,9253.721906090952
2026-08-18 10:56:56,7500.0,7519.75,Call CEX 4,CEX,1621152.213,7467.850634947293,9253.721906090952
2026-08-18 10:56:56,7500.0,7519.75,Call DEX 2,DEX,544.085,7467.850634947293,9253.721906090952
2026-08-18 10:56:56,7500.0,7519.75,Put GEX 3,GEX,-402602.874,7467.850634947293,9253.721906090952
2026-08-18 10:56:56,7500.0,7519.75,Call VEX 2,VEX,3563953.098,7467.850634947293,9253.721906090952
2026-08-18 10:56:56,7550.0,7569.75,Call CEX 5,CEX,1434407.628,7467.850634947293,9253.721906090952
2026-08-18 10:56:56,7550.0,7569.75,Call DEX 5,DEX,288.389,7467.850634947293,9253.721906090952
2026-08-18 10:56:56,7600.0,7620.0,Call CEX 3,CEX,1993160.84,7467.850634947293,9253.721906090952
2026-08-18 10:56:56,7600.0,7620.0,Call DEX 3,DEX,439.314,7467.850634947293,9253.721906090952
2026-08-18 10:56:56,7600.0,7620.0,Call VEX 3,VEX,2604768.662,7467.850634947293,9253.721906090952
2026-08-18 10:56:56,7635.0,7655.0,Call CEX 1,CEX,3104526.153,7467.850634947293,9253.721906090952
2026-08-18 10:56:56,7650.0,7670.0,Call CEX 2,CEX,2190999.241,7467.850634947293,9253.721906090952
2026-08-18 10:56:56,7690.0,7710.25,Put GEX 5,GEX,-311814.241,7467.850634947293,9253.721906090952
2026-08-18 10:56:56,7700.0,7720.25,Put GEX 1,GEX,-708316.341,7467.850634947293,9253.721906090952
2026-08-18 10:56:56,7710.0,7730.25,Put CEX 4,CEX,-1720258.127,7467.850634947293,9253.721906090952
2026-08-18 10:56:56,7710.0,7730.25,Put GEX 4,GEX,-374494.313,7467.850634947293,9253.721906090952
2026-08-18 10:56:56,7720.0,7740.25,Put DEX 5,DEX,-35.711,7467.850634947293,9253.721906090952
2026-08-18 10:56:56,7735.0,7755.25,Put DEX 4,DEX,-42.66,7467.850634947293,9253.721906090952
2026-08-18 10:56:56,7750.0,7770.25,Put CEX 2,CEX,-2004286.314,7467.850634947293,9253.721906090952
2026-08-18 10:56:56,7750.0,7770.25,Call GEX 4,GEX,292234.973,7467.850634947293,9253.721906090952
2026-08-18 10:56:56,7750.0,7770.25,Put VEX 5,VEX,-665457.699,7467.850634947293,9253.721906090952
2026-08-18 10:56:56,7775.0,7795.5,Put CEX 5,CEX,-988018.06,7467.850634947293,9253.721906090952
2026-08-18 10:56:56,7775.0,7795.5,Call GEX 5,GEX,267506.205,7467.850634947293,9253.721906090952
2026-08-18 10:56:56,7800.0,7820.5,Put CEX 3,CEX,-1923729.007,7467.850634947293,9253.721906090952
2026-08-18 10:56:56,7800.0,7820.5,Put DEX 3,DEX,-47.917,7467.850634947293,9253.721906090952
2026-08-18 10:56:56,7800.0,7820.5,Call GEX 2,GEX,537350.689,7467.850634947293,9253.721906090952
2026-08-18 10:56:56,7800.0,7820.5,Put VEX 2,VEX,-1251319.865,7467.850634947293,9253.721906090952
2026-08-18 10:56:56,7850.0,7870.5,Call GEX 3,GEX,309970.5,7467.850634947293,9253.721906090952
2026-08-18 10:56:56,7900.0,7920.75,Call GEX 1,GEX,703350.737,7467.850634947293,9253.721906090952
2026-08-18 10:56:56,7900.0,7920.75,Put VEX 3,VEX,-1230985.055,7467.850634947293,9253.721906090952
2026-08-18 10:56:56,8000.0,8021.0,Put CEX 1,CEX,-4881446.659,7467.850634947293,9253.721906090952
2026-08-18 10:56:56,8000.0,8021.0,Put DEX 1,DEX,-2612.228,7467.850634947293,9253.721906090952
2026-08-18 10:56:56,8000.0,8021.0,Put VEX 1,VEX,-11904023.69,7467.850634947293,9253.721906090952
2026-08-18 10:56:56,8200.0,8221.5,Put VEX 4,VEX,-781029.769,7467.850634947293,9253.721906090952
2026-08-18 10:56:56,8500.0,8522.25,Put DEX 2,DEX,-102.231,7467.850634947293,9253.721906090952
2026-08-18 10:57:55,7000.0,7018.25,Call DEX 1,DEX,556.206,7476.227652540724,9253.063262092355
2026-08-18 10:57:55,7000.0,7018.25,Put GEX 2,GEX,-677782.468,7476.227652540724,9253.063262092355
2026-08-18 10:57:55,7000.0,7018.25,Call VEX 1,VEX,6793846.598,7476.227652540724,9253.063262092355
2026-08-18 10:57:55,7300.0,7319.0,Call DEX 5,DEX,295.29,7476.227652540724,9253.063262092355
2026-08-18 10:57:55,7300.0,7319.0,Call VEX 5,VEX,2006446.27,7476.227652540724,9253.063262092355
2026-08-18 10:57:55,7400.0,7419.25,Call VEX 4,VEX,2458390.566,7476.227652540724,9253.063262092355
2026-08-18 10:57:55,7450.0,7469.25,Call DEX 4,DEX,337.934,7476.227652540724,9253.063262092355
2026-08-18 10:57:55,7500.0,7519.5,Call CEX 4,CEX,1689664.913,7476.227652540724,9253.063262092355
2026-08-18 10:57:55,7500.0,7519.5,Call DEX 2,DEX,541.722,7476.227652540724,9253.063262092355
2026-08-18 10:57:55,7500.0,7519.5,Put GEX 3,GEX,-386978.151,7476.227652540724,9253.063262092355
2026-08-18 10:57:55,7500.0,7519.5,Call VEX 2,VEX,3597390.038,7476.227652540724,9253.063262092355
2026-08-18 10:57:55,7550.0,7569.5,Call CEX 5,CEX,1445633.306,7476.227652540724,9253.063262092355
2026-08-18 10:57:55,7600.0,7619.75,Call CEX 3,CEX,1999300.414,7476.227652540724,9253.063262092355
2026-08-18 10:57:55,7600.0,7619.75,Call DEX 3,DEX,437.848,7476.227652540724,9253.063262092355
2026-08-18 10:57:55,7600.0,7619.75,Call VEX 3,VEX,2602617.579,7476.227652540724,9253.063262092355
2026-08-18 10:57:55,7635.0,7654.75,Call CEX 1,CEX,3132446.791,7476.227652540724,9253.063262092355
2026-08-18 10:57:55,7650.0,7669.75,Call CEX 2,CEX,2293189.741,7476.227652540724,9253.063262092355
2026-08-18 10:57:55,7695.0,7715.0,Put GEX 5,GEX,-320559.12,7476.227652540724,9253.063262092355
2026-08-18 10:57:55,7700.0,7720.0,Put GEX 1,GEX,-721555.437,7476.227652540724,9253.063262092355
2026-08-18 10:57:55,7710.0,7730.0,Put CEX 4,CEX,-1689931.811,7476.227652540724,9253.063262092355
2026-08-18 10:57:55,7710.0,7730.0,Put GEX 4,GEX,-350680.349,7476.227652540724,9253.063262092355
2026-08-18 10:57:55,7720.0,7740.0,Put DEX 5,DEX,-36.124,7476.227652540724,9253.063262092355
2026-08-18 10:57:55,7735.0,7755.0,Put DEX 4,DEX,-42.945,7476.227652540724,9253.063262092355
2026-08-18 10:57:55,7750.0,7770.0,Put CEX 2,CEX,-2010050.406,7476.227652540724,9253.063262092355
2026-08-18 10:57:55,7750.0,7770.0,Call GEX 4,GEX,292466.343,7476.227652540724,9253.063262092355
2026-08-18 10:57:55,7750.0,7770.0,Put VEX 5,VEX,-672768.651,7476.227652540724,9253.063262092355
2026-08-18 10:57:55,7775.0,7795.25,Put CEX 5,CEX,-986908.704,7476.227652540724,9253.063262092355
2026-08-18 10:57:55,7775.0,7795.25,Call GEX 5,GEX,265684.565,7476.227652540724,9253.063262092355
2026-08-18 10:57:55,7800.0,7820.25,Put CEX 3,CEX,-1915341.498,7476.227652540724,9253.063262092355
2026-08-18 10:57:55,7800.0,7820.25,Put DEX 3,DEX,-49.225,7476.227652540724,9253.063262092355
2026-08-18 10:57:55,7800.0,7820.25,Call GEX 2,GEX,536278.02,7476.227652540724,9253.063262092355
2026-08-18 10:57:55,7800.0,7820.25,Put VEX 2,VEX,-1252767.953,7476.227652540724,9253.063262092355
2026-08-18 10:57:55,7850.0,7870.25,Call GEX 3,GEX,308388.562,7476.227652540724,9253.063262092355
2026-08-18 10:57:55,7900.0,7920.5,Call GEX 1,GEX,701685.268,7476.227652540724,9253.063262092355
2026-08-18 10:57:55,7900.0,7920.5,Put VEX 3,VEX,-1230667.981,7476.227652540724,9253.063262092355
2026-08-18 10:57:55,8000.0,8020.75,Put CEX 1,CEX,-4880357.01,7476.227652540724,9253.063262092355
2026-08-18 10:57:55,8000.0,8020.75,Put DEX 1,DEX,-2612.254,7476.227652540724,9253.063262092355
2026-08-18 10:57:55,8000.0,8020.75,Put VEX 1,VEX,-11900487.611,7476.227652540724,9253.063262092355
2026-08-18 10:57:55,8200.0,8221.25,Put VEX 4,VEX,-780238.887,7476.227652540724,9253.063262092355
2026-08-18 10:57:55,8500.0,8522.0,Put DEX 2,DEX,-102.285,7476.227652540724,9253.063262092355
2026-08-18 10:58:43,7000.0,7018.0,Call DEX 1,DEX,554.157,7500.90998776843,9252.842217827532
2026-08-18 10:58:43,7000.0,7018.0,Put GEX 1,GEX,-675400.442,7500.90998776843,9252.842217827532
2026-08-18 10:58:43,7000.0,7018.0,Call VEX 1,VEX,6824472.547,7500.90998776843,9252.842217827532
2026-08-18 10:58:43,7300.0,7318.75,Call DEX 4,DEX,293.907,7500.90998776843,9252.842217827532
2026-08-18 10:58:43,7300.0,7318.75,Call VEX 5,VEX,2018852.053,7500.90998776843,9252.842217827532
2026-08-18 10:58:43,7400.0,7419.0,Call VEX 4,VEX,2462077.961,7500.90998776843,9252.842217827532
2026-08-18 10:58:43,7500.0,7519.25,Call CEX 4,CEX,1597426.199,7500.90998776843,9252.842217827532
2026-08-18 10:58:43,7500.0,7519.25,Call DEX 2,DEX,542.226,7500.90998776843,9252.842217827532
2026-08-18 10:58:43,7500.0,7519.25,Put GEX 3,GEX,-414852.73,7500.90998776843,9252.842217827532
2026-08-18 10:58:43,7500.0,7519.25,Call VEX 2,VEX,3543436.523,7500.90998776843,9252.842217827532
2026-08-18 10:58:43,7550.0,7569.5,Call CEX 5,CEX,1433923.317,7500.90998776843,9252.842217827532
2026-08-18 10:58:43,7550.0,7569.5,Call DEX 5,DEX,286.575,7500.90998776843,9252.842217827532
2026-08-18 10:58:43,7600.0,7619.5,Call CEX 3,CEX,1989069.432,7500.90998776843,9252.842217827532
2026-08-18 10:58:43,7600.0,7619.5,Call DEX 3,DEX,435.296,7500.90998776843,9252.842217827532
2026-08-18 10:58:43,7600.0,7619.5,Call VEX 3,VEX,2590776.069,7500.90998776843,9252.842217827532
2026-08-18 10:58:43,7635.0,7654.5,Call CEX 1,CEX,3748752.767,7500.90998776843,9252.842217827532
2026-08-18 10:58:43,7650.0,7669.75,Call CEX 2,CEX,2383706.428,7500.90998776843,9252.842217827532
2026-08-18 10:58:43,7690.0,7709.75,Put GEX 5,GEX,-324359.588,7500.90998776843,9252.842217827532
2026-08-18 10:58:43,7700.0,7719.75,Put CEX 5,CEX,-1170812.375,7500.90998776843,9252.842217827532
2026-08-18 10:58:43,7700.0,7719.75,Put GEX 2,GEX,-649775.543,7500.90998776843,9252.842217827532
2026-08-18 10:58:43,7710.0,7729.75,Put CEX 4,CEX,-1723877.913,7500.90998776843,9252.842217827532
2026-08-18 10:58:43,7710.0,7729.75,Put GEX 4,GEX,-329152.899,7500.90998776843,9252.842217827532
2026-08-18 10:58:43,7720.0,7739.75,Put DEX 5,DEX,-36.681,7500.90998776843,9252.842217827532
2026-08-18 10:58:43,7735.0,7754.75,Put DEX 4,DEX,-43.461,7500.90998776843,9252.842217827532
2026-08-18 10:58:43,7750.0,7770.0,Put CEX 2,CEX,-1934806.289,7500.90998776843,9252.842217827532
2026-08-18 10:58:43,7750.0,7770.0,Call GEX 4,GEX,290637.888,7500.90998776843,9252.842217827532
2026-08-18 10:58:43,7750.0,7770.0,Put VEX 5,VEX,-681896.275,7500.90998776843,9252.842217827532
2026-08-18 10:58:43,7775.0,7795.0,Call GEX 5,GEX,260935.894,7500.90998776843,9252.842217827532
2026-08-18 10:58:43,7800.0,7820.0,Put CEX 3,CEX,-1912546.852,7500.90998776843,9252.842217827532
2026-08-18 10:58:43,7800.0,7820.0,Put DEX 3,DEX,-50.694,7500.90998776843,9252.842217827532
2026-08-18 10:58:43,7800.0,7820.0,Call GEX 2,GEX,526377.869,7500.90998776843,9252.842217827532
2026-08-18 10:58:43,7800.0,7820.0,Put VEX 2,VEX,-1261767.818,7500.90998776843,9252.842217827532
2026-08-18 10:58:43,7850.0,7870.25,Call GEX 3,GEX,306337.303,7500.90998776843,9252.842217827532
2026-08-18 10:58:43,7900.0,7920.25,Call GEX 1,GEX,696208.029,7500.90998776843,9252.842217827532
2026-08-18 10:58:43,7900.0,7920.25,Put VEX 3,VEX,-1229911.589,7500.90998776843,9252.842217827532
2026-08-18 10:58:43,8000.0,8020.5,Put CEX 1,CEX,-4975900.611,7500.90998776843,9252.842217827532
2026-08-18 10:58:43,8000.0,8020.5,Put DEX 1,DEX,-2617.517,7500.90998776843,9252.842217827532
2026-08-18 10:58:43,8000.0,8020.5,Put VEX 1,VEX,-11954490.46,7500.90998776843,9252.842217827532
2026-08-18 10:58:43,8200.0,8221.0,Put VEX 4,VEX,-779873.677,7500.90998776843,9252.842217827532
2026-08-18 10:58:43,8500.0,8521.75,Put DEX 2,DEX,-102.151,7500.90998776843,9252.842217827532
2026-08-18 10:59:31,7000.0,7018.25,Call DEX 1,DEX,554.114,7499.370614342813,9251.583630255704
2026-08-18 10:59:31,7000.0,7018.25,Put GEX 1,GEX,-681122.785,7499.370614342813,9251.583630255704
2026-08-18 10:59:31,7000.0,7018.25,Call VEX 1,VEX,6802856.784,7499.370614342813,9251.583630255704
2026-08-18 10:59:31,7300.0,7319.0,Call VEX 5,VEX,1996061.445,7499.370614342813,9251.583630255704
2026-08-18 10:59:31,7400.0,7419.25,Call VEX 4,VEX,2463056.055,7499.370614342813,9251.583630255704
2026-08-18 10:59:31,7450.0,7469.25,Call DEX 5,DEX,261.647,7499.370614342813,9251.583630255704
2026-08-18 10:59:31,7500.0,7519.5,Call CEX 4,CEX,1656064.489,7499.370614342813,9251.583630255704
2026-08-18 10:59:31,7500.0,7519.5,Call DEX 2,DEX,539.409,7499.370614342813,9251.583630255704
2026-08-18 10:59:31,7500.0,7519.5,Put GEX 3,GEX,-401908.354,7499.370614342813,9251.583630255704
2026-08-18 10:59:31,7500.0,7519.5,Call VEX 2,VEX,3569223.205,7499.370614342813,9251.583630255704
2026-08-18 10:59:31,7550.0,7569.5,Call CEX 5,CEX,1456839.296,7499.370614342813,9251.583630255704
2026-08-18 10:59:31,7550.0,7569.5,Call DEX 4,DEX,285.245,7499.370614342813,9251.583630255704
2026-08-18 10:59:31,7600.0,7619.75,Call CEX 3,CEX,2008182.556,7499.370614342813,9251.583630255704
2026-08-18 10:59:31,7600.0,7619.75,Call DEX 3,DEX,432.964,7499.370614342813,9251.583630255704
2026-08-18 10:59:31,7600.0,7619.75,Call VEX 3,VEX,2588182.084,7499.370614342813,9251.583630255704
2026-08-18 10:59:31,7635.0,7654.75,Call CEX 1,CEX,3506538.233,7499.370614342813,9251.583630255704
2026-08-18 10:59:31,7650.0,7669.75,Call CEX 2,CEX,2393655.05,7499.370614342813,9251.583630255704
2026-08-18 10:59:31,7690.0,7710.0,Put GEX 4,GEX,-330137.61,7499.370614342813,9251.583630255704
2026-08-18 10:59:31,7695.0,7715.0,Put GEX 5,GEX,-311058.612,7499.370614342813,9251.583630255704
2026-08-18 10:59:31,7700.0,7720.0,Put CEX 5,CEX,-1433416.305,7499.370614342813,9251.583630255704
2026-08-18 10:59:31,7700.0,7720.0,Put GEX 2,GEX,-641837.998,7499.370614342813,9251.583630255704
2026-08-18 10:59:31,7710.0,7730.0,Put CEX 4,CEX,-1704635.556,7499.370614342813,9251.583630255704
2026-08-18 10:59:31,7720.0,7740.0,Put DEX 5,DEX,-37.079,7499.370614342813,9251.583630255704
2026-08-18 10:59:31,7735.0,7755.0,Put DEX 4,DEX,-43.649,7499.370614342813,9251.583630255704
2026-08-18 10:59:31,7750.0,7770.0,Put CEX 2,CEX,-1938141.875,7499.370614342813,9251.583630255704
2026-08-18 10:59:31,7750.0,7770.0,Call GEX 4,GEX,290448.15,7499.370614342813,9251.583630255704
2026-08-18 10:59:31,7750.0,7770.0,Put VEX 5,VEX,-689405.057,7499.370614342813,9251.583630255704
2026-08-18 10:59:31,7775.0,7795.25,Call GEX 5,GEX,258472.932,7499.370614342813,9251.583630255704
2026-08-18 10:59:31,7800.0,7820.25,Put CEX 3,CEX,-1901410.402,7499.370614342813,9251.583630255704
2026-08-18 10:59:31,7800.0,7820.25,Put DEX 3,DEX,-52.23,7499.370614342813,9251.583630255704
2026-08-18 10:59:31,7800.0,7820.25,Call GEX 2,GEX,527401.621,7499.370614342813,9251.583630255704
2026-08-18 10:59:31,7800.0,7820.25,Put VEX 2,VEX,-1262984.976,7499.370614342813,9251.583630255704
2026-08-18 10:59:31,7850.0,7870.25,Call GEX 3,GEX,305659.116,7499.370614342813,9251.583630255704
2026-08-18 10:59:31,7900.0,7920.5,Call GEX 1,GEX,696103.887,7499.370614342813,9251.583630255704
2026-08-18 10:59:31,7900.0,7920.5,Put VEX 3,VEX,-1234409.181,7499.370614342813,9251.583630255704
2026-08-18 10:59:31,8000.0,8020.75,Put CEX 1,CEX,-4860466.277,7499.370614342813,9251.583630255704
2026-08-18 10:59:31,8000.0,8020.75,Put DEX 1,DEX,-2620.483,7499.370614342813,9251.583630255704
2026-08-18 10:59:31,8000.0,8020.75,Put VEX 1,VEX,-11896147.328,7499.370614342813,9251.583630255704
2026-08-18 10:59:31,8200.0,8221.25,Put VEX 4,VEX,-777864.119,7499.370614342813,9251.583630255704
2026-08-18 10:59:31,8500.0,8522.0,Put DEX 2,DEX,-102.225,7499.370614342813,9251.583630255704
2026-08-18 11:00:23,7000.0,7018.0,Call DEX 1,DEX,551.36,7500.590111837641,9252.62017329498
2026-08-18 11:00:23,7000.0,7018.0,Put GEX 1,GEX,-679402.786,7500.590111837641,9252.62017329498
2026-08-18 11:00:23,7000.0,7018.0,Call VEX 1,VEX,6841564.143,7500.590111837641,9252.62017329498
2026-08-18 11:00:23,7300.0,7318.75,Call DEX 5,DEX,292.481,7500.590111837641,9252.62017329498
2026-08-18 11:00:23,7300.0,7318.75,Call VEX 5,VEX,2009246.504,7500.590111837641,9252.62017329498
2026-08-18 11:00:23,7400.0,7419.0,Call VEX 4,VEX,2469499.442,7500.590111837641,9252.62017329498
2026-08-18 11:00:23,7450.0,7469.25,Call DEX 4,DEX,334.656,7500.590111837641,9252.62017329498
2026-08-18 11:00:23,7500.0,7519.5,Call CEX 4,CEX,1681234.86,7500.590111837641,9252.62017329498
2026-08-18 11:00:23,7500.0,7519.5,Call DEX 2,DEX,537.662,7500.590111837641,9252.62017329498
2026-08-18 11:00:23,7500.0,7519.5,Put GEX 3,GEX,-398728.546,7500.590111837641,9252.62017329498
2026-08-18 11:00:23,7500.0,7519.5,Call VEX 2,VEX,3578428.985,7500.590111837641,9252.62017329498
2026-08-18 11:00:23,7550.0,7569.5,Call CEX 5,CEX,1465355.749,7500.590111837641,9252.62017329498
2026-08-18 11:00:23,7600.0,7619.75,Call CEX 3,CEX,2010696.573,7500.590111837641,9252.62017329498
2026-08-18 11:00:23,7600.0,7619.75,Call DEX 3,DEX,430.276,7500.590111837641,9252.62017329498
2026-08-18 11:00:23,7600.0,7619.75,Call VEX 3,VEX,2579455.777,7500.590111837641,9252.62017329498
2026-08-18 11:00:23,7635.0,7654.75,Call CEX 1,CEX,3235364.627,7500.590111837641,9252.62017329498
2026-08-18 11:00:23,7650.0,7669.75,Call CEX 2,CEX,2402849.238,7500.590111837641,9252.62017329498
2026-08-18 11:00:23,7690.0,7709.75,Put GEX 4,GEX,-333825.049,7500.590111837641,9252.62017329498
2026-08-18 11:00:23,7695.0,7715.0,Put GEX 5,GEX,-309536.621,7500.590111837641,9252.62017329498
2026-08-18 11:00:23,7700.0,7720.0,Put CEX 4,CEX,-1752980.643,7500.590111837641,9252.62017329498
2026-08-18 11:00:23,7700.0,7720.0,Put GEX 2,GEX,-610245.191,7500.590111837641,9252.62017329498
2026-08-18 11:00:23,7710.0,7730.0,Put CEX 5,CEX,-1680197.531,7500.590111837641,9252.62017329498
2026-08-18 11:00:23,7720.0,7740.0,Put DEX 5,DEX,-37.782,7500.590111837641,9252.62017329498
2026-08-18 11:00:23,7735.0,7755.0,Put DEX 4,DEX,-44.234,7500.590111837641,9252.62017329498
2026-08-18 11:00:23,7750.0,7770.0,Put CEX 2,CEX,-1938590.986,7500.590111837641,9252.62017329498
2026-08-18 11:00:23,7750.0,7770.0,Call GEX 4,GEX,290639.481,7500.590111837641,9252.62017329498
2026-08-18 11:00:23,7750.0,7770.0,Put VEX 5,VEX,-699375.559,7500.590111837641,9252.62017329498
2026-08-18 11:00:23,7775.0,7795.0,Call GEX 5,GEX,254975.233,7500.590111837641,9252.62017329498
2026-08-18 11:00:23,7800.0,7820.25,Put CEX 3,CEX,-1891896.794,7500.590111837641,9252.62017329498
2026-08-18 11:00:23,7800.0,7820.25,Put DEX 3,DEX,-53.933,7500.590111837641,9252.62017329498
2026-08-18 11:00:23,7800.0,7820.25,Call GEX 2,GEX,521859.148,7500.590111837641,9252.62017329498
2026-08-18 11:00:23,7800.0,7820.25,Put VEX 2,VEX,-1268797.718,7500.590111837641,9252.62017329498
2026-08-18 11:00:23,7850.0,7870.25,Call GEX 3,GEX,304126.843,7500.590111837641,9252.62017329498
2026-08-18 11:00:23,7900.0,7920.5,Call GEX 1,GEX,692735.795,7500.590111837641,9252.62017329498
2026-08-18 11:00:23,7900.0,7920.5,Put VEX 3,VEX,-1234728.368,7500.590111837641,9252.62017329498
2026-08-18 11:00:23,8000.0,8020.75,Put CEX 1,CEX,-4889180.796,7500.590111837641,9252.62017329498
2026-08-18 11:00:23,8000.0,8020.75,Put DEX 1,DEX,-2624.565,7500.590111837641,9252.62017329498
2026-08-18 11:00:23,8000.0,8020.75,Put VEX 1,VEX,-11914480.593,7500.590111837641,9252.62017329498
2026-08-18 11:00:23,8200.0,8221.25,Put VEX 4,VEX,-774522.15,7500.590111837641,9252.62017329498
2026-08-18 11:00:23,8500.0,8522.0,Put DEX 2,DEX,-102.209,7500.590111837641,9252.62017329498
2026-08-18 11:01:14,7000.0,7018.25,Call DEX 1,DEX,549.229,7501.274501035899,9252.8400183476
2026-08-18 11:01:14,7000.0,7018.25,Put GEX 1,GEX,-674989.278,7501.274501035899,9252.8400183476
2026-08-18 11:01:14,7000.0,7018.25,Call VEX 1,VEX,6879257.36,7501.274501035899,9252.8400183476
2026-08-18 11:01:14,7300.0,7319.0,Call DEX 5,DEX,291.186,7501.274501035899,9252.8400183476
2026-08-18 11:01:14,7300.0,7319.0,Call VEX 5,VEX,2027670.5,7501.274501035899,9252.8400183476
2026-08-18 11:01:14,7400.0,7419.25,Call VEX 4,VEX,2468420.567,7501.274501035899,9252.8400183476
2026-08-18 11:01:14,7450.0,7469.5,Call DEX 4,DEX,334.141,7501.274501035899,9252.8400183476
2026-08-18 11:01:14,7500.0,7519.5,Call CEX 4,CEX,1706581.319,7501.274501035899,9252.8400183476
2026-08-18 11:01:14,7500.0,7519.5,Call DEX 2,DEX,535.722,7501.274501035899,9252.8400183476
2026-08-18 11:01:14,7500.0,7519.5,Put GEX 3,GEX,-393486.475,7501.274501035899,9252.8400183476
2026-08-18 11:01:14,7500.0,7519.5,Call VEX 2,VEX,3590446.205,7501.274501035899,9252.8400183476
2026-08-18 11:01:14,7550.0,7569.75,Call CEX 5,CEX,1464566.981,7501.274501035899,9252.8400183476
2026-08-18 11:01:14,7600.0,7619.75,Call CEX 3,CEX,2048435.749,7501.274501035899,9252.8400183476
2026-08-18 11:01:14,7600.0,7619.75,Call DEX 3,DEX,428.844,7501.274501035899,9252.8400183476
2026-08-18 11:01:14,7600.0,7619.75,Call VEX 3,VEX,2575702.774,7501.274501035899,9252.8400183476
2026-08-18 11:01:14,7635.0,7654.75,Call CEX 1,CEX,3852974.268,7501.274501035899,9252.8400183476
2026-08-18 11:01:14,7650.0,7670.0,Call CEX 2,CEX,2413457.544,7501.274501035899,9252.8400183476
2026-08-18 11:01:14,7690.0,7710.0,Put GEX 4,GEX,-340749.542,7501.274501035899,9252.8400183476
2026-08-18 11:01:14,7695.0,7715.0,Put GEX 5,GEX,-322235.283,7501.274501035899,9252.8400183476
2026-08-18 11:01:14,7700.0,7720.0,Put CEX 2,CEX,-1951051.702,7501.274501035899,9252.8400183476
2026-08-18 11:01:14,7700.0,7720.0,Put GEX 2,GEX,-638140.091,7501.274501035899,9252.8400183476
2026-08-18 11:01:14,7710.0,7730.0,Put CEX 5,CEX,-1474245.88,7501.274501035899,9252.8400183476
2026-08-18 11:01:14,7720.0,7740.0,Put DEX 5,DEX,-38.015,7501.274501035899,9252.8400183476
2026-08-18 11:01:14,7735.0,7755.25,Put DEX 4,DEX,-44.444,7501.274501035899,9252.8400183476
2026-08-18 11:01:14,7750.0,7770.25,Put CEX 3,CEX,-1942193.866,7501.274501035899,9252.8400183476
2026-08-18 11:01:14,7750.0,7770.25,Call GEX 4,GEX,287550.972,7501.274501035899,9252.8400183476
2026-08-18 11:01:14,7750.0,7770.25,Put VEX 5,VEX,-704048.392,7501.274501035899,9252.8400183476
2026-08-18 11:01:14,7775.0,7795.25,Call GEX 5,GEX,252045.076,7501.274501035899,9252.8400183476
2026-08-18 11:01:14,7800.0,7820.25,Put CEX 4,CEX,-1887008.333,7501.274501035899,9252.8400183476
2026-08-18 11:01:14,7800.0,7820.25,Put DEX 3,DEX,-54.784,7501.274501035899,9252.8400183476
2026-08-18 11:01:14,7800.0,7820.25,Call GEX 2,GEX,518319.322,7501.274501035899,9252.8400183476
2026-08-18 11:01:14,7800.0,7820.25,Put VEX 2,VEX,-1269443.697,7501.274501035899,9252.8400183476
2026-08-18 11:01:14,7850.0,7870.5,Call GEX 3,GEX,302261.41,7501.274501035899,9252.8400183476
2026-08-18 11:01:14,7900.0,7920.5,Call GEX 1,GEX,689326.441,7501.274501035899,9252.8400183476
2026-08-18 11:01:14,7900.0,7920.5,Put VEX 3,VEX,-1232320.684,7501.274501035899,9252.8400183476
2026-08-18 11:01:14,8000.0,8020.75,Put CEX 1,CEX,-4891519.866,7501.274501035899,9252.8400183476
2026-08-18 11:01:14,8000.0,8020.75,Put DEX 1,DEX,-2627.685,7501.274501035899,9252.8400183476
2026-08-18 11:01:14,8000.0,8020.75,Put VEX 1,VEX,-11922937.469,7501.274501035899,9252.8400183476
2026-08-18 11:01:14,8200.0,8221.25,Put VEX 4,VEX,-774884.091,7501.274501035899,9252.8400183476
2026-08-18 11:01:14,8500.0,8522.0,Put DEX 2,DEX,-102.274,7501.274501035899,9252.8400183476
2026-08-18 11:02:02,7000.0,7018.25,Call DEX 1,DEX,550.919,7475.072957750452,9252.11788267288
2026-08-18 11:02:02,7000.0,7018.25,Put GEX 1,GEX,-679604.877,7475.072957750452,9252.11788267288
2026-08-18 11:02:02,7000.0,7018.25,Call VEX 1,VEX,6845586.731,7475.072957750452,9252.11788267288
2026-08-18 11:02:02,7300.0,7319.0,Call DEX 5,DEX,290.866,7475.072957750452,9252.11788267288
2026-08-18 11:02:02,7300.0,7319.0,Call VEX 5,VEX,2029519.672,7475.072957750452,9252.11788267288
2026-08-18 11:02:02,7400.0,7419.25,Call VEX 4,VEX,2476248.331,7475.072957750452,9252.11788267288
2026-08-18 11:02:02,7450.0,7469.5,Call DEX 4,DEX,333.633,7475.072957750452,9252.11788267288
2026-08-18 11:02:02,7500.0,7519.5,Call CEX 4,CEX,1759740.901,7475.072957750452,9252.11788267288
2026-08-18 11:02:02,7500.0,7519.5,Call DEX 2,DEX,535.886,7475.072957750452,9252.11788267288
2026-08-18 11:02:02,7500.0,7519.5,Put GEX 3,GEX,-382563.701,7475.072957750452,9252.11788267288
2026-08-18 11:02:02,7500.0,7519.5,Call VEX 2,VEX,3616242.575,7475.072957750452,9252.11788267288
2026-08-18 11:02:02,7550.0,7569.75,Call CEX 5,CEX,1495569.102,7475.072957750452,9252.11788267288
2026-08-18 11:02:02,7600.0,7619.75,Call CEX 3,CEX,2042803.077,7475.072957750452,9252.11788267288
2026-08-18 11:02:02,7600.0,7619.75,Call DEX 3,DEX,427.35,7475.072957750452,9252.11788267288
2026-08-18 11:02:02,7600.0,7619.75,Call VEX 3,VEX,2572484.183,7475.072957750452,9252.11788267288
2026-08-18 11:02:02,7635.0,7654.75,Call CEX 1,CEX,3280760.032,7475.072957750452,9252.11788267288
2026-08-18 11:02:02,7650.0,7670.0,Call CEX 2,CEX,2429184.626,7475.072957750452,9252.11788267288
2026-08-18 11:02:02,7690.0,7710.0,Put GEX 4,GEX,-351747.59,7475.072957750452,9252.11788267288
2026-08-18 11:02:02,7695.0,7715.0,Put GEX 5,GEX,-337852.568,7475.072957750452,9252.11788267288
2026-08-18 11:02:02,7700.0,7720.0,Put CEX 2,CEX,-2108171.407,7475.072957750452,9252.11788267288
2026-08-18 11:02:02,7700.0,7720.0,Put GEX 2,GEX,-672874.385,7475.072957750452,9252.11788267288
2026-08-18 11:02:02,7720.0,7740.0,Put DEX 5,DEX,-38.299,7475.072957750452,9252.11788267288
2026-08-18 11:02:02,7735.0,7755.25,Put DEX 4,DEX,-44.738,7475.072957750452,9252.11788267288
2026-08-18 11:02:02,7750.0,7770.25,Put CEX 3,CEX,-1940084.734,7475.072957750452,9252.11788267288
2026-08-18 11:02:02,7750.0,7770.25,Call GEX 4,GEX,286155.308,7475.072957750452,9252.11788267288
2026-08-18 11:02:02,7750.0,7770.25,Put VEX 5,VEX,-706444.897,7475.072957750452,9252.11788267288
2026-08-18 11:02:02,7775.0,7795.25,Put CEX 5,CEX,-974592.931,7475.072957750452,9252.11788267288
2026-08-18 11:02:02,7775.0,7795.25,Call GEX 5,GEX,251866.989,7475.072957750452,9252.11788267288
2026-08-18 11:02:02,7800.0,7820.25,Put CEX 4,CEX,-1797545.531,7475.072957750452,9252.11788267288
2026-08-18 11:02:02,7800.0,7820.25,Put DEX 3,DEX,-55.729,7475.072957750452,9252.11788267288
2026-08-18 11:02:02,7800.0,7820.25,Call GEX 2,GEX,520625.951,7475.072957750452,9252.11788267288
2026-08-18 11:02:02,7800.0,7820.25,Put VEX 2,VEX,-1266470.59,7475.072957750452,9252.11788267288
2026-08-18 11:02:02,7850.0,7870.5,Call GEX 3,GEX,301898.639,7475.072957750452,9252.11788267288
2026-08-18 11:02:02,7900.0,7920.5,Call GEX 1,GEX,690586.187,7475.072957750452,9252.11788267288
2026-08-18 11:02:02,7900.0,7920.5,Put VEX 3,VEX,-1236315.481,7475.072957750452,9252.11788267288
2026-08-18 11:02:02,8000.0,8020.75,Put CEX 1,CEX,-4656317.887,7475.072957750452,9252.11788267288
2026-08-18 11:02:02,8000.0,8020.75,Put DEX 1,DEX,-2636.286,7475.072957750452,9252.11788267288
2026-08-18 11:02:02,8000.0,8020.75,Put VEX 1,VEX,-11806181.041,7475.072957750452,9252.11788267288
2026-08-18 11:02:02,8200.0,8221.25,Put VEX 4,VEX,-775567.037,7475.072957750452,9252.11788267288
2026-08-18 11:02:02,8500.0,8522.0,Put DEX 2,DEX,-102.445,7475.072957750452,9252.11788267288
2026-08-18 11:02:49,7000.0,7018.25,Call DEX 1,DEX,553.21,7453.824653272452,9249.328569399371
2026-08-18 11:02:49,7000.0,7018.25,Put GEX 2,GEX,-679094.858,7453.824653272452,9249.328569399371
2026-08-18 11:02:49,7000.0,7018.25,Call VEX 1,VEX,6821019.427,7453.824653272452,9249.328569399371
2026-08-18 11:02:49,7300.0,7319.0,Call VEX 5,VEX,2001853.972,7453.824653272452,9249.328569399371
2026-08-18 11:02:49,7400.0,7419.25,Call DEX 5,DEX,329.922,7453.824653272452,9249.328569399371
2026-08-18 11:02:49,7400.0,7419.25,Call VEX 4,VEX,2480750.275,7453.824653272452,9249.328569399371
2026-08-18 11:02:49,7450.0,7469.5,Call DEX 4,DEX,334.652,7453.824653272452,9249.328569399371
2026-08-18 11:02:49,7500.0,7519.5,Call CEX 4,CEX,1751033.328,7453.824653272452,9249.328569399371
2026-08-18 11:02:49,7500.0,7519.5,Call DEX 2,DEX,538.732,7453.824653272452,9249.328569399371
2026-08-18 11:02:49,7500.0,7519.5,Put GEX 3,GEX,-379742.494,7453.824653272452,9249.328569399371
2026-08-18 11:02:49,7500.0,7519.5,Call VEX 2,VEX,3616472.86,7453.824653272452,9249.328569399371
2026-08-18 11:02:49,7550.0,7569.75,Call CEX 5,CEX,1502200.513,7453.824653272452,9249.328569399371
2026-08-18 11:02:49,7600.0,7619.75,Call CEX 3,CEX,2041584.543,7453.824653272452,9249.328569399371
2026-08-18 11:02:49,7600.0,7619.75,Call DEX 3,DEX,431.327,7453.824653272452,9249.328569399371
2026-08-18 11:02:49,7600.0,7619.75,Call VEX 3,VEX,2587204.3,7453.824653272452,9249.328569399371
2026-08-18 11:02:49,7635.0,7655.0,Call CEX 1,CEX,3263801.088,7453.824653272452,9249.328569399371
2026-08-18 11:02:49,7650.0,7670.0,Call CEX 2,CEX,2348787.884,7453.824653272452,9249.328569399371
2026-08-18 11:02:49,7690.0,7710.0,Put GEX 4,GEX,-348908.457,7453.824653272452,9249.328569399371
2026-08-18 11:02:49,7695.0,7715.0,Put GEX 5,GEX,-345084.289,7453.824653272452,9249.328569399371
2026-08-18 11:02:49,7700.0,7720.0,Put CEX 4,CEX,-1744159.455,7453.824653272452,9249.328569399371
2026-08-18 11:02:49,7700.0,7720.0,Put GEX 1,GEX,-742494.274,7453.824653272452,9249.328569399371
2026-08-18 11:02:49,7720.0,7740.25,Put DEX 5,DEX,-37.507,7453.824653272452,9249.328569399371
2026-08-18 11:02:49,7735.0,7755.25,Put DEX 4,DEX,-44.1,7453.824653272452,9249.328569399371
2026-08-18 11:02:49,7750.0,7770.25,Put CEX 2,CEX,-1938461.237,7453.824653272452,9249.328569399371
2026-08-18 11:02:49,7750.0,7770.25,Call GEX 4,GEX,287863.597,7453.824653272452,9249.328569399371
2026-08-18 11:02:49,7750.0,7770.25,Put VEX 5,VEX,-693405.867,7453.824653272452,9249.328569399371
2026-08-18 11:02:49,7775.0,7795.25,Put CEX 5,CEX,-980864.636,7453.824653272452,9249.328569399371
2026-08-18 11:02:49,7775.0,7795.25,Call GEX 5,GEX,257116.568,7453.824653272452,9249.328569399371
2026-08-18 11:02:49,7800.0,7820.25,Put CEX 3,CEX,-1805809.437,7453.824653272452,9249.328569399371
2026-08-18 11:02:49,7800.0,7820.25,Put DEX 3,DEX,-53.784,7453.824653272452,9249.328569399371
2026-08-18 11:02:49,7800.0,7820.25,Call GEX 2,GEX,526833.152,7453.824653272452,9249.328569399371
2026-08-18 11:02:49,7800.0,7820.25,Put VEX 2,VEX,-1257352.584,7453.824653272452,9249.328569399371
2026-08-18 11:02:49,7850.0,7870.5,Call GEX 3,GEX,303409.746,7453.824653272452,9249.328569399371
2026-08-18 11:02:49,7900.0,7920.5,Call GEX 1,GEX,694004.629,7453.824653272452,9249.328569399371
2026-08-18 11:02:49,7900.0,7920.5,Put VEX 3,VEX,-1234987.324,7453.824653272452,9249.328569399371
2026-08-18 11:02:49,8000.0,8020.75,Put CEX 1,CEX,-4503584.933,7453.824653272452,9249.328569399371
2026-08-18 11:02:49,8000.0,8020.75,Put DEX 1,DEX,-2633.217,7453.824653272452,9249.328569399371
2026-08-18 11:02:49,8000.0,8020.75,Put VEX 1,VEX,-11727371.277,7453.824653272452,9249.328569399371
2026-08-18 11:02:49,8200.0,8221.5,Put VEX 4,VEX,-776890.758,7453.824653272452,9249.328569399371
2026-08-18 11:02:49,8500.0,8522.25,Put DEX 2,DEX,-102.613,7453.824653272452,9249.328569399371
2026-08-18 11:03:45,7000.0,7018.5,Call DEX 1,DEX,552.206,7474.931496323333,9250.947416926285
2026-08-18 11:03:45,7000.0,7018.5,Put GEX 2,GEX,-678761.94,7474.931496323333,9250.947416926285
2026-08-18 11:03:45,7000.0,7018.5,Call VEX 1,VEX,6832804.748,7474.931496323333,9250.947416926285
2026-08-18 11:03:45,7300.0,7319.25,Call DEX 5,DEX,292.263,7474.931496323333,9250.947416926285
2026-08-18 11:03:45,7300.0,7319.25,Call VEX 5,VEX,2014848.339,7474.931496323333,9250.947416926285
2026-08-18 11:03:45,7400.0,7419.5,Call VEX 4,VEX,2471690.913,7474.931496323333,9250.947416926285
2026-08-18 11:03:45,7450.0,7469.5,Call DEX 4,DEX,334.196,7474.931496323333,9250.947416926285
2026-08-18 11:03:45,7500.0,7519.75,Call CEX 4,CEX,1791131.984,7474.931496323333,9250.947416926285
2026-08-18 11:03:45,7500.0,7519.75,Call DEX 2,DEX,536.412,7474.931496323333,9250.947416926285
2026-08-18 11:03:45,7500.0,7519.75,Put GEX 3,GEX,-373763.167,7474.931496323333,9250.947416926285
2026-08-18 11:03:45,7500.0,7519.75,Call VEX 2,VEX,3634216.898,7474.931496323333,9250.947416926285
2026-08-18 11:03:45,7550.0,7569.75,Call CEX 5,CEX,1507951.291,7474.931496323333,9250.947416926285
2026-08-18 11:03:45,7600.0,7620.0,Call CEX 3,CEX,2043268.463,7474.931496323333,9250.947416926285
2026-08-18 11:03:45,7600.0,7620.0,Call DEX 3,DEX,429.284,7474.931496323333,9250.947416926285
2026-08-18 11:03:45,7600.0,7620.0,Call VEX 3,VEX,2581753.316,7474.931496323333,9250.947416926285
2026-08-18 11:03:45,7635.0,7655.0,Call CEX 1,CEX,3609959.001,7474.931496323333,9250.947416926285
2026-08-18 11:03:45,7650.0,7670.0,Call CEX 2,CEX,2443515.101,7474.931496323333,9250.947416926285
2026-08-18 11:03:45,7690.0,7710.25,Put GEX 4,GEX,-350024.166,7474.931496323333,9250.947416926285
2026-08-18 11:03:45,7695.0,7715.25,Put GEX 5,GEX,-338706.062,7474.931496323333,9250.947416926285
2026-08-18 11:03:45,7700.0,7720.25,Put CEX 2,CEX,-1964174.871,7474.931496323333,9250.947416926285
2026-08-18 11:03:45,7700.0,7720.25,Put GEX 1,GEX,-706819.655,7474.931496323333,9250.947416926285
2026-08-18 11:03:45,7720.0,7740.25,Put DEX 5,DEX,-37.849,7474.931496323333,9250.947416926285
2026-08-18 11:03:45,7735.0,7755.25,Put DEX 4,DEX,-44.367,7474.931496323333,9250.947416926285
2026-08-18 11:03:45,7750.0,7770.25,Put CEX 3,CEX,-1942571.425,7474.931496323333,9250.947416926285
2026-08-18 11:03:45,7750.0,7770.25,Call GEX 4,GEX,286848.646,7474.931496323333,9250.947416926285
2026-08-18 11:03:45,7750.0,7770.25,Put VEX 5,VEX,-700394.758,7474.931496323333,9250.947416926285
2026-08-18 11:03:45,7775.0,7795.5,Put CEX 5,CEX,-980627.12,7474.931496323333,9250.947416926285
2026-08-18 11:03:45,7775.0,7795.5,Call GEX 5,GEX,255073.884,7474.931496323333,9250.947416926285
2026-08-18 11:03:45,7800.0,7820.5,Put CEX 4,CEX,-1800462.143,7474.931496323333,9250.947416926285
2026-08-18 11:03:45,7800.0,7820.5,Put DEX 3,DEX,-55.034,7474.931496323333,9250.947416926285
2026-08-18 11:03:45,7800.0,7820.5,Call GEX 2,GEX,525891.545,7474.931496323333,9250.947416926285
2026-08-18 11:03:45,7800.0,7820.5,Put VEX 2,VEX,-1260386.168,7474.931496323333,9250.947416926285
2026-08-18 11:03:45,7850.0,7870.5,Call GEX 3,GEX,302929.669,7474.931496323333,9250.947416926285
2026-08-18 11:03:45,7900.0,7920.75,Call GEX 1,GEX,692060.276,7474.931496323333,9250.947416926285
2026-08-18 11:03:45,7900.0,7920.75,Put VEX 3,VEX,-1236117.43,7474.931496323333,9250.947416926285
2026-08-18 11:03:45,8000.0,8021.0,Put CEX 1,CEX,-4555367.393,7474.931496323333,9250.947416926285
2026-08-18 11:03:45,8000.0,8021.0,Put DEX 1,DEX,-2634.209,7474.931496323333,9250.947416926285
2026-08-18 11:03:45,8000.0,8021.0,Put VEX 1,VEX,-11752286.105,7474.931496323333,9250.947416926285
2026-08-18 11:03:45,8200.0,8221.5,Put VEX 4,VEX,-775433.368,7474.931496323333,9250.947416926285
2026-08-18 11:03:45,8500.0,8522.25,Put DEX 2,DEX,-102.554,7474.931496323333,9250.947416926285
2026-08-18 11:04:34,7000.0,7018.5,Call DEX 1,DEX,551.691,7500.195706870169,9250.545608857232
2026-08-18 11:04:34,7000.0,7018.5,Put GEX 2,GEX,-676703.014,7500.195706870169,9250.545608857232
2026-08-18 11:04:34,7000.0,7018.5,Call VEX 1,VEX,6846628.171,7500.195706870169,9250.545608857232
2026-08-18 11:04:34,7300.0,7319.25,Call DEX 5,DEX,292.111,7500.195706870169,9250.545608857232
2026-08-18 11:04:34,7300.0,7319.25,Call VEX 5,VEX,2011599.677,7500.195706870169,9250.545608857232
2026-08-18 11:04:34,7400.0,7419.5,Call VEX 4,VEX,2472178.637,7500.195706870169,9250.545608857232
2026-08-18 11:04:34,7450.0,7469.75,Call DEX 4,DEX,334.597,7500.195706870169,9250.545608857232
2026-08-18 11:04:34,7500.0,7519.75,Call CEX 4,CEX,1752845.425,7500.195706870169,9250.545608857232
2026-08-18 11:04:34,7500.0,7519.75,Call DEX 2,DEX,537.566,7500.195706870169,9250.545608857232
2026-08-18 11:04:34,7500.0,7519.75,Put GEX 3,GEX,-382272.017,7500.195706870169,9250.545608857232
2026-08-18 11:04:34,7500.0,7519.75,Call VEX 2,VEX,3614157.153,7500.195706870169,9250.545608857232
2026-08-18 11:04:34,7550.0,7570.0,Call CEX 5,CEX,1499654.848,7500.195706870169,9250.545608857232
2026-08-18 11:04:34,7600.0,7620.0,Call CEX 3,CEX,2043194.155,7500.195706870169,9250.545608857232
2026-08-18 11:04:34,7600.0,7620.0,Call DEX 3,DEX,429.666,7500.195706870169,9250.545608857232
2026-08-18 11:04:34,7600.0,7620.0,Call VEX 3,VEX,2581829.394,7500.195706870169,9250.545608857232
2026-08-18 11:04:34,7635.0,7655.0,Call CEX 1,CEX,3620333.235,7500.195706870169,9250.545608857232
2026-08-18 11:04:34,7650.0,7670.25,Call CEX 2,CEX,2446941.256,7500.195706870169,9250.545608857232
2026-08-18 11:04:34,7690.0,7710.25,Put GEX 4,GEX,-347404.531,7500.195706870169,9250.545608857232
2026-08-18 11:04:34,7695.0,7715.25,Put GEX 5,GEX,-339142.907,7500.195706870169,9250.545608857232
2026-08-18 11:04:34,7700.0,7720.25,Put CEX 3,CEX,-1900004.076,7500.195706870169,9250.545608857232
2026-08-18 11:04:34,7700.0,7720.25,Put GEX 1,GEX,-706828.75,7500.195706870169,9250.545608857232
2026-08-18 11:04:34,7710.0,7730.25,Put CEX 5,CEX,-1061435.81,7500.195706870169,9250.545608857232
2026-08-18 11:04:34,7720.0,7740.25,Put DEX 5,DEX,-37.771,7500.195706870169,9250.545608857232
2026-08-18 11:04:34,7735.0,7755.5,Put DEX 4,DEX,-44.315,7500.195706870169,9250.545608857232
2026-08-18 11:04:34,7750.0,7770.5,Put CEX 2,CEX,-1945982.982,7500.195706870169,9250.545608857232
2026-08-18 11:04:34,7750.0,7770.5,Call GEX 4,GEX,286772.018,7500.195706870169,9250.545608857232
2026-08-18 11:04:34,7750.0,7770.5,Put VEX 5,VEX,-698913.333,7500.195706870169,9250.545608857232
2026-08-18 11:04:34,7775.0,7795.5,Call GEX 5,GEX,255238.669,7500.195706870169,9250.545608857232
2026-08-18 11:04:34,7800.0,7820.5,Put CEX 4,CEX,-1706911.196,7500.195706870169,9250.545608857232
2026-08-18 11:04:34,7800.0,7820.5,Put DEX 3,DEX,-54.413,7500.195706870169,9250.545608857232
2026-08-18 11:04:34,7800.0,7820.5,Call GEX 2,GEX,522085.758,7500.195706870169,9250.545608857232
2026-08-18 11:04:34,7800.0,7820.5,Put VEX 2,VEX,-1260265.891,7500.195706870169,9250.545608857232
2026-08-18 11:04:34,7850.0,7870.75,Call GEX 3,GEX,302689.381,7500.195706870169,9250.545608857232
2026-08-18 11:04:34,7900.0,7920.75,Call GEX 1,GEX,692845.774,7500.195706870169,9250.545608857232
2026-08-18 11:04:34,7900.0,7920.75,Put VEX 3,VEX,-1234955.733,7500.195706870169,9250.545608857232
2026-08-18 11:04:34,8000.0,8021.0,Put CEX 1,CEX,-4624670.248,7500.195706870169,9250.545608857232
2026-08-18 11:04:34,8000.0,8021.0,Put DEX 1,DEX,-2634.013,7500.195706870169,9250.545608857232
2026-08-18 11:04:34,8000.0,8021.0,Put VEX 1,VEX,-11787654.14,7500.195706870169,9250.545608857232
2026-08-18 11:04:34,8200.0,8221.5,Put VEX 4,VEX,-775603.306,7500.195706870169,9250.545608857232
2026-08-18 11:04:34,8500.0,8522.5,Put DEX 2,DEX,-102.491,7500.195706870169,9250.545608857232
2026-08-18 11:05:21,7000.0,7018.5,Call CEX 5,CEX,1647077.779,7452.746294737431,9251.085904765892
2026-08-18 11:05:21,7000.0,7018.5,Call DEX 1,DEX,1586.453,7452.746294737431,9251.085904765892
2026-08-18 11:05:21,7000.0,7018.5,Put GEX 2,GEX,-647166.538,7452.746294737431,9251.085904765892
2026-08-18 11:05:21,7000.0,7018.5,Call VEX 1,VEX,7063945.564,7452.746294737431,9251.085904765892
2026-08-18 11:05:21,7300.0,7319.25,Call VEX 5,VEX,2021364.755,7452.746294737431,9251.085904765892
2026-08-18 11:05:21,7400.0,7419.5,Call DEX 5,DEX,328.372,7452.746294737431,9251.085904765892
2026-08-18 11:05:21,7400.0,7419.5,Call VEX 4,VEX,2528782.306,7452.746294737431,9251.085904765892
2026-08-18 11:05:21,7450.0,7469.75,Call DEX 4,DEX,332.858,7452.746294737431,9251.085904765892
2026-08-18 11:05:21,7500.0,7520.0,Call CEX 4,CEX,1925843.112,7452.746294737431,9251.085904765892
2026-08-18 11:05:21,7500.0,7520.0,Call DEX 2,DEX,532.747,7452.746294737431,9251.085904765892
2026-08-18 11:05:21,7500.0,7520.0,Put GEX 5,GEX,-337256.919,7452.746294737431,9251.085904765892
2026-08-18 11:05:21,7500.0,7520.0,Call VEX 2,VEX,3701881.068,7452.746294737431,9251.085904765892
2026-08-18 11:05:21,7600.0,7620.25,Call CEX 3,CEX,2094127.257,7452.746294737431,9251.085904765892
2026-08-18 11:05:21,7600.0,7620.25,Call DEX 3,DEX,427.072,7452.746294737431,9251.085904765892
2026-08-18 11:05:21,7600.0,7620.25,Call VEX 3,VEX,2582874.313,7452.746294737431,9251.085904765892
2026-08-18 11:05:21,7635.0,7655.25,Call CEX 1,CEX,3322518.248,7452.746294737431,9251.085904765892
2026-08-18 11:05:21,7650.0,7670.25,Call CEX 2,CEX,2379541.667,7452.746294737431,9251.085904765892
2026-08-18 11:05:21,7690.0,7710.5,Put GEX 4,GEX,-369172.802,7452.746294737431,9251.085904765892
2026-08-18 11:05:21,7695.0,7715.5,Put GEX 3,GEX,-378693.664,7452.746294737431,9251.085904765892
2026-08-18 11:05:21,7700.0,7720.5,Put CEX 2,CEX,-2162282.394,7452.746294737431,9251.085904765892
2026-08-18 11:05:21,7700.0,7720.5,Put GEX 1,GEX,-849564.186,7452.746294737431,9251.085904765892
2026-08-18 11:05:21,7720.0,7740.5,Put DEX 5,DEX,-38.295,7452.746294737431,9251.085904765892
2026-08-18 11:05:21,7735.0,7755.5,Put DEX 4,DEX,-45.086,7452.746294737431,9251.085904765892
2026-08-18 11:05:21,7750.0,7770.5,Put CEX 3,CEX,-1914609.98,7452.746294737431,9251.085904765892
2026-08-18 11:05:21,7750.0,7770.5,Call GEX 5,GEX,287188.815,7452.746294737431,9251.085904765892
2026-08-18 11:05:21,7750.0,7770.5,Put VEX 5,VEX,-695369.112,7452.746294737431,9251.085904765892
2026-08-18 11:05:21,7775.0,7795.5,Put CEX 5,CEX,-966514.25,7452.746294737431,9251.085904765892
2026-08-18 11:05:21,7800.0,7820.75,Put CEX 4,CEX,-1638605.725,7452.746294737431,9251.085904765892
2026-08-18 11:05:21,7800.0,7820.75,Put DEX 3,DEX,-52.314,7452.746294737431,9251.085904765892
2026-08-18 11:05:21,7800.0,7820.75,Call GEX 2,GEX,545091.233,7452.746294737431,9251.085904765892
2026-08-18 11:05:21,7800.0,7820.75,Put VEX 2,VEX,-1235631.138,7452.746294737431,9251.085904765892
2026-08-18 11:05:21,7850.0,7870.75,Call GEX 4,GEX,302935.242,7452.746294737431,9251.085904765892
2026-08-18 11:05:21,7900.0,7921.0,Call GEX 1,GEX,691961.731,7452.746294737431,9251.085904765892
2026-08-18 11:05:21,7900.0,7921.0,Put VEX 3,VEX,-1235357.15,7452.746294737431,9251.085904765892
2026-08-18 11:05:21,8000.0,8021.25,Put CEX 1,CEX,-3669351.681,7452.746294737431,9251.085904765892
2026-08-18 11:05:21,8000.0,8021.25,Put DEX 1,DEX,-2640.73,7452.746294737431,9251.085904765892
2026-08-18 11:05:21,8000.0,8021.25,Call GEX 3,GEX,331834.572,7452.746294737431,9251.085904765892
2026-08-18 11:05:21,8000.0,8021.25,Put VEX 1,VEX,-11323946.585,7452.746294737431,9251.085904765892
2026-08-18 11:05:21,8200.0,8221.75,Put VEX 4,VEX,-775843.873,7452.746294737431,9251.085904765892
2026-08-18 11:05:21,8500.0,8522.5,Put DEX 2,DEX,-103.365,7452.746294737431,9251.085904765892
2026-08-18 11:06:13,7000.0,7018.25,Call DEX 1,DEX,551.201,7501.127608664835,9252.077466199846
2026-08-18 11:06:13,7000.0,7018.25,Put GEX 1,GEX,-677466.657,7501.127608664835,9252.077466199846
2026-08-18 11:06:13,7000.0,7018.25,Call VEX 1,VEX,6848845.702,7501.127608664835,9252.077466199846
2026-08-18 11:06:13,7300.0,7319.0,Call DEX 5,DEX,291.197,7501.127608664835,9252.077466199846
2026-08-18 11:06:13,7300.0,7319.0,Call VEX 5,VEX,2028851.053,7501.127608664835,9252.077466199846
2026-08-18 11:06:13,7400.0,7419.25,Call VEX 4,VEX,2469635.821,7501.127608664835,9252.077466199846
2026-08-18 11:06:13,7450.0,7469.5,Call DEX 4,DEX,333.911,7501.127608664835,9252.077466199846
2026-08-18 11:06:13,7500.0,7519.5,Call CEX 4,CEX,1748127.073,7501.127608664835,9252.077466199846
2026-08-18 11:06:13,7500.0,7519.5,Call DEX 2,DEX,534.406,7501.127608664835,9252.077466199846
2026-08-18 11:06:13,7500.0,7519.5,Put GEX 3,GEX,-385458.966,7501.127608664835,9252.077466199846
2026-08-18 11:06:13,7500.0,7519.5,Call VEX 2,VEX,3609677.305,7501.127608664835,9252.077466199846
2026-08-18 11:06:13,7550.0,7569.75,Call CEX 5,CEX,1489506.964,7501.127608664835,9252.077466199846
2026-08-18 11:06:13,7600.0,7619.75,Call CEX 3,CEX,2027428.787,7501.127608664835,9252.077466199846
2026-08-18 11:06:13,7600.0,7619.75,Call DEX 3,DEX,428.134,7501.127608664835,9252.077466199846
2026-08-18 11:06:13,7600.0,7619.75,Call VEX 3,VEX,2573543.433,7501.127608664835,9252.077466199846
2026-08-18 11:06:13,7635.0,7655.0,Call CEX 1,CEX,3349088.267,7501.127608664835,9252.077466199846
2026-08-18 11:06:13,7650.0,7670.0,Call CEX 2,CEX,2462421.664,7501.127608664835,9252.077466199846
2026-08-18 11:06:13,7690.0,7710.0,Put GEX 4,GEX,-352496.712,7501.127608664835,9252.077466199846
2026-08-18 11:06:13,7695.0,7715.0,Put GEX 5,GEX,-336975.549,7501.127608664835,9252.077466199846
2026-08-18 11:06:13,7700.0,7720.0,Put CEX 2,CEX,-2159352.389,7501.127608664835,9252.077466199846
2026-08-18 11:06:13,7700.0,7720.0,Put GEX 2,GEX,-665916.504,7501.127608664835,9252.077466199846
2026-08-18 11:06:13,7710.0,7730.0,Put CEX 5,CEX,-1313133.776,7501.127608664835,9252.077466199846
2026-08-18 11:06:13,7720.0,7740.0,Put DEX 5,DEX,-38.192,7501.127608664835,9252.077466199846
2026-08-18 11:06:13,7735.0,7755.25,Put DEX 4,DEX,-44.654,7501.127608664835,9252.077466199846
2026-08-18 11:06:13,7750.0,7770.25,Put CEX 3,CEX,-1951325.824,7501.127608664835,9252.077466199846
2026-08-18 11:06:13,7750.0,7770.25,Call GEX 4,GEX,287152.549,7501.127608664835,9252.077466199846
2026-08-18 11:06:13,7750.0,7770.25,Put VEX 5,VEX,-706771.223,7501.127608664835,9252.077466199846
2026-08-18 11:06:13,7775.0,7795.25,Call GEX 5,GEX,251517.911,7501.127608664835,9252.077466199846
2026-08-18 11:06:13,7800.0,7820.25,Put CEX 4,CEX,-1705298.774,7501.127608664835,9252.077466199846
2026-08-18 11:06:13,7800.0,7820.25,Put DEX 3,DEX,-55.519,7501.127608664835,9252.077466199846
2026-08-18 11:06:13,7800.0,7820.25,Call GEX 2,GEX,515622.28,7501.127608664835,9252.077466199846
2026-08-18 11:06:13,7800.0,7820.25,Put VEX 2,VEX,-1266803.909,7501.127608664835,9252.077466199846
2026-08-18 11:06:13,7850.0,7870.5,Call GEX 3,GEX,301824.526,7501.127608664835,9252.077466199846
2026-08-18 11:06:13,7900.0,7920.5,Call GEX 1,GEX,690211.331,7501.127608664835,9252.077466199846
2026-08-18 11:06:13,7900.0,7920.5,Put VEX 3,VEX,-1236425.977,7501.127608664835,9252.077466199846
2026-08-18 11:06:13,8000.0,8020.75,Put CEX 1,CEX,-4790940.12,7501.127608664835,9252.077466199846
2026-08-18 11:06:13,8000.0,8020.75,Put DEX 1,DEX,-2633.319,7501.127608664835,9252.077466199846
2026-08-18 11:06:13,8000.0,8020.75,Put VEX 1,VEX,-11872225.858,7501.127608664835,9252.077466199846
2026-08-18 11:06:13,8200.0,8221.25,Put VEX 4,VEX,-774343.563,7501.127608664835,9252.077466199846
2026-08-18 11:06:13,8500.0,8522.25,Put DEX 2,DEX,-102.403,7501.127608664835,9252.077466199846
2026-08-18 11:07:02,7000.0,7018.5,Call DEX 1,DEX,550.394,7500.739620105476,9251.602352752589
2026-08-18 11:07:02,7000.0,7018.5,Put GEX 1,GEX,-675728.639,7500.739620105476,9251.602352752589
2026-08-18 11:07:02,7000.0,7018.5,Call VEX 1,VEX,6862230.579,7500.739620105476,9251.602352752589
2026-08-18 11:07:02,7300.0,7319.25,Call DEX 5,DEX,291.086,7500.739620105476,9251.602352752589
2026-08-18 11:07:02,7300.0,7319.25,Call VEX 5,VEX,2028629.04,7500.739620105476,9251.602352752589
2026-08-18 11:07:02,7400.0,7419.5,Call VEX 4,VEX,2471511.353,7500.739620105476,9251.602352752589
2026-08-18 11:07:02,7450.0,7469.5,Call DEX 4,DEX,333.864,7500.739620105476,9251.602352752589
2026-08-18 11:07:02,7500.0,7519.75,Call CEX 4,CEX,1778572.771,7500.739620105476,9251.602352752589
2026-08-18 11:07:02,7500.0,7519.75,Call DEX 2,DEX,533.669,7500.739620105476,9251.602352752589
2026-08-18 11:07:02,7500.0,7519.75,Put GEX 3,GEX,-375761.405,7500.739620105476,9251.602352752589
2026-08-18 11:07:02,7500.0,7519.75,Call VEX 2,VEX,3624935.049,7500.739620105476,9251.602352752589
2026-08-18 11:07:02,7550.0,7569.75,Call CEX 5,CEX,1496143.171,7500.739620105476,9251.602352752589
2026-08-18 11:07:02,7600.0,7620.0,Call CEX 3,CEX,2037136.509,7500.739620105476,9251.602352752589
2026-08-18 11:07:02,7600.0,7620.0,Call DEX 3,DEX,427.846,7500.739620105476,9251.602352752589
2026-08-18 11:07:02,7600.0,7620.0,Call VEX 3,VEX,2575133.087,7500.739620105476,9251.602352752589
2026-08-18 11:07:02,7635.0,7655.0,Call CEX 1,CEX,3974638.595,7500.739620105476,9251.602352752589
2026-08-18 11:07:02,7650.0,7670.0,Call CEX 2,CEX,2471327.064,7500.739620105476,9251.602352752589
2026-08-18 11:07:02,7690.0,7710.25,Put GEX 4,GEX,-351120.151,7500.739620105476,9251.602352752589
2026-08-18 11:07:02,7695.0,7715.25,Put GEX 5,GEX,-334558.869,7500.739620105476,9251.602352752589
2026-08-18 11:07:02,7700.0,7720.25,Put CEX 2,CEX,-2144617.174,7500.739620105476,9251.602352752589
2026-08-18 11:07:02,7700.0,7720.25,Put GEX 2,GEX,-668420.253,7500.739620105476,9251.602352752589
2026-08-18 11:07:02,7710.0,7730.25,Put CEX 5,CEX,-1085883.816,7500.739620105476,9251.602352752589
2026-08-18 11:07:02,7720.0,7740.25,Put DEX 5,DEX,-38.206,7500.739620105476,9251.602352752589
2026-08-18 11:07:02,7735.0,7755.25,Put DEX 4,DEX,-44.693,7500.739620105476,9251.602352752589
2026-08-18 11:07:02,7750.0,7770.25,Put CEX 3,CEX,-1945993.126,7500.739620105476,9251.602352752589
2026-08-18 11:07:02,7750.0,7770.25,Call GEX 4,GEX,288856.533,7500.739620105476,9251.602352752589
2026-08-18 11:07:02,7750.0,7770.25,Put VEX 5,VEX,-704932.521,7500.739620105476,9251.602352752589
2026-08-18 11:07:02,7775.0,7795.5,Call GEX 5,GEX,252412.68,7500.739620105476,9251.602352752589
2026-08-18 11:07:02,7800.0,7820.5,Put CEX 4,CEX,-1700937.309,7500.739620105476,9251.602352752589
2026-08-18 11:07:02,7800.0,7820.5,Put DEX 3,DEX,-55.751,7500.739620105476,9251.602352752589
2026-08-18 11:07:02,7800.0,7820.5,Call GEX 2,GEX,518201.76,7500.739620105476,9251.602352752589
2026-08-18 11:07:02,7800.0,7820.5,Put VEX 2,VEX,-1264022.923,7500.739620105476,9251.602352752589
2026-08-18 11:07:02,7850.0,7870.75,Call GEX 3,GEX,301244.1,7500.739620105476,9251.602352752589
2026-08-18 11:07:02,7900.0,7920.75,Call GEX 1,GEX,689721.966,7500.739620105476,9251.602352752589
2026-08-18 11:07:02,7900.0,7920.75,Put VEX 3,VEX,-1236414.525,7500.739620105476,9251.602352752589
2026-08-18 11:07:02,8000.0,8021.0,Put CEX 1,CEX,-4766773.024,7500.739620105476,9251.602352752589
2026-08-18 11:07:02,8000.0,8021.0,Put DEX 1,DEX,-2634.489,7500.739620105476,9251.602352752589
2026-08-18 11:07:02,8000.0,8021.0,Put VEX 1,VEX,-11859647.81,7500.739620105476,9251.602352752589
2026-08-18 11:07:02,8200.0,8221.5,Put VEX 4,VEX,-774696.17,7500.739620105476,9251.602352752589
2026-08-18 11:07:02,8500.0,8522.25,Put DEX 2,DEX,-102.427,7500.739620105476,9251.602352752589
2026-08-18 11:07:51,7000.0,7018.0,Call DEX 1,DEX,550.394,7500.739620105476,9251.602352752589
2026-08-18 11:07:51,7000.0,7018.0,Put GEX 1,GEX,-675728.639,7500.739620105476,9251.602352752589
2026-08-18 11:07:51,7000.0,7018.0,Call VEX 1,VEX,6862230.579,7500.739620105476,9251.602352752589
2026-08-18 11:07:51,7300.0,7318.75,Call DEX 5,DEX,291.086,7500.739620105476,9251.602352752589
2026-08-18 11:07:51,7300.0,7318.75,Call VEX 5,VEX,2028629.04,7500.739620105476,9251.602352752589
2026-08-18 11:07:51,7400.0,7419.0,Call VEX 4,VEX,2471511.353,7500.739620105476,9251.602352752589
2026-08-18 11:07:51,7450.0,7469.25,Call DEX 4,DEX,333.864,7500.739620105476,9251.602352752589
2026-08-18 11:07:51,7500.0,7519.25,Call CEX 4,CEX,1778572.771,7500.739620105476,9251.602352752589
2026-08-18 11:07:51,7500.0,7519.25,Call DEX 2,DEX,533.669,7500.739620105476,9251.602352752589
2026-08-18 11:07:51,7500.0,7519.25,Put GEX 3,GEX,-375761.405,7500.739620105476,9251.602352752589
2026-08-18 11:07:51,7500.0,7519.25,Call VEX 2,VEX,3624935.049,7500.739620105476,9251.602352752589
2026-08-18 11:07:51,7550.0,7569.5,Call CEX 5,CEX,1496143.171,7500.739620105476,9251.602352752589
2026-08-18 11:07:51,7600.0,7619.5,Call CEX 3,CEX,2037136.509,7500.739620105476,9251.602352752589
2026-08-18 11:07:51,7600.0,7619.5,Call DEX 3,DEX,427.846,7500.739620105476,9251.602352752589
2026-08-18 11:07:51,7600.0,7619.5,Call VEX 3,VEX,2575133.087,7500.739620105476,9251.602352752589
2026-08-18 11:07:51,7635.0,7654.75,Call CEX 1,CEX,3974638.595,7500.739620105476,9251.602352752589
2026-08-18 11:07:51,7650.0,7669.75,Call CEX 2,CEX,2471327.064,7500.739620105476,9251.602352752589
2026-08-18 11:07:51,7690.0,7709.75,Put GEX 4,GEX,-351120.151,7500.739620105476,9251.602352752589
2026-08-18 11:07:51,7695.0,7714.75,Put GEX 5,GEX,-334558.869,7500.739620105476,9251.602352752589
2026-08-18 11:07:51,7700.0,7719.75,Put CEX 2,CEX,-2144617.174,7500.739620105476,9251.602352752589
2026-08-18 11:07:51,7700.0,7719.75,Put GEX 2,GEX,-668420.253,7500.739620105476,9251.602352752589
2026-08-18 11:07:51,7710.0,7730.0,Put CEX 5,CEX,-1085883.816,7500.739620105476,9251.602352752589
2026-08-18 11:07:51,7720.0,7740.0,Put DEX 5,DEX,-38.206,7500.739620105476,9251.602352752589
2026-08-18 11:07:51,7735.0,7755.0,Put DEX 4,DEX,-44.693,7500.739620105476,9251.602352752589
2026-08-18 11:07:51,7750.0,7770.0,Put CEX 3,CEX,-1945993.126,7500.739620105476,9251.602352752589
2026-08-18 11:07:51,7750.0,7770.0,Call GEX 4,GEX,288856.533,7500.739620105476,9251.602352752589
2026-08-18 11:07:51,7750.0,7770.0,Put VEX 5,VEX,-704932.521,7500.739620105476,9251.602352752589
2026-08-18 11:07:51,7775.0,7795.0,Call GEX 5,GEX,252412.68,7500.739620105476,9251.602352752589
2026-08-18 11:07:51,7800.0,7820.0,Put CEX 4,CEX,-1700937.309,7500.739620105476,9251.602352752589
2026-08-18 11:07:51,7800.0,7820.0,Put DEX 3,DEX,-55.751,7500.739620105476,9251.602352752589
2026-08-18 11:07:51,7800.0,7820.0,Call GEX 2,GEX,518201.76,7500.739620105476,9251.602352752589
2026-08-18 11:07:51,7800.0,7820.0,Put VEX 2,VEX,-1264022.923,7500.739620105476,9251.602352752589
2026-08-18 11:07:51,7850.0,7870.25,Call GEX 3,GEX,301244.1,7500.739620105476,9251.602352752589
2026-08-18 11:07:51,7900.0,7920.5,Call GEX 1,GEX,689721.966,7500.739620105476,9251.602352752589
2026-08-18 11:07:51,7900.0,7920.5,Put VEX 3,VEX,-1236414.525,7500.739620105476,9251.602352752589
2026-08-18 11:07:51,8000.0,8020.75,Put CEX 1,CEX,-4766773.024,7500.739620105476,9251.602352752589
2026-08-18 11:07:51,8000.0,8020.75,Put DEX 1,DEX,-2634.489,7500.739620105476,9251.602352752589
2026-08-18 11:07:51,8000.0,8020.75,Put VEX 1,VEX,-11859647.81,7500.739620105476,9251.602352752589
2026-08-18 11:07:51,8200.0,8221.25,Put VEX 4,VEX,-774696.17,7500.739620105476,9251.602352752589
2026-08-18 11:07:51,8500.0,8522.0,Put DEX 2,DEX,-102.427,7500.739620105476,9251.602352752589
2026-08-18 11:08:44,7000.0,7018.5,Call DEX 1,DEX,551.22,7477.988023937859,9251.305339395529
2026-08-18 11:08:44,7000.0,7018.5,Put GEX 2,GEX,-677311.924,7477.988023937859,9251.305339395529
2026-08-18 11:08:44,7000.0,7018.5,Call VEX 1,VEX,6848179.166,7477.988023937859,9251.305339395529
2026-08-18 11:08:44,7300.0,7319.25,Call VEX 5,VEX,2026088.746,7477.988023937859,9251.305339395529
2026-08-18 11:08:44,7400.0,7419.5,Call DEX 5,DEX,330.116,7477.988023937859,9251.305339395529
2026-08-18 11:08:44,7400.0,7419.5,Call VEX 4,VEX,2492613.966,7477.988023937859,9251.305339395529
2026-08-18 11:08:44,7450.0,7469.75,Call DEX 4,DEX,334.326,7477.988023937859,9251.305339395529
2026-08-18 11:08:44,7500.0,7519.75,Call CEX 4,CEX,1784959.951,7477.988023937859,9251.305339395529
2026-08-18 11:08:44,7500.0,7519.75,Call DEX 2,DEX,536.669,7477.988023937859,9251.305339395529
2026-08-18 11:08:44,7500.0,7519.75,Put GEX 3,GEX,-375297.244,7477.988023937859,9251.305339395529
2026-08-18 11:08:44,7500.0,7519.75,Call VEX 2,VEX,3626082.023,7477.988023937859,9251.305339395529
2026-08-18 11:08:44,7550.0,7570.0,Call CEX 5,CEX,1531086.131,7477.988023937859,9251.305339395529
2026-08-18 11:08:44,7600.0,7620.0,Call CEX 3,CEX,2066540.85,7477.988023937859,9251.305339395529
2026-08-18 11:08:44,7600.0,7620.0,Call DEX 3,DEX,427.986,7477.988023937859,9251.305339395529
2026-08-18 11:08:44,7600.0,7620.0,Call VEX 3,VEX,2576920.297,7477.988023937859,9251.305339395529
2026-08-18 11:08:44,7635.0,7655.25,Call CEX 1,CEX,3714961.561,7477.988023937859,9251.305339395529
2026-08-18 11:08:44,7650.0,7670.25,Call CEX 2,CEX,2494367.503,7477.988023937859,9251.305339395529
2026-08-18 11:08:44,7690.0,7710.25,Put GEX 4,GEX,-360610.881,7477.988023937859,9251.305339395529
2026-08-18 11:08:44,7695.0,7715.25,Put GEX 5,GEX,-353357.413,7477.988023937859,9251.305339395529
2026-08-18 11:08:44,7700.0,7720.25,Put CEX 2,CEX,-2219195.484,7477.988023937859,9251.305339395529
2026-08-18 11:08:44,7700.0,7720.25,Put GEX 1,GEX,-728308.483,7477.988023937859,9251.305339395529
2026-08-18 11:08:44,7720.0,7740.5,Put DEX 5,DEX,-38.255,7477.988023937859,9251.305339395529
2026-08-18 11:08:44,7735.0,7755.5,Put DEX 4,DEX,-44.715,7477.988023937859,9251.305339395529
2026-08-18 11:08:44,7750.0,7770.5,Put CEX 3,CEX,-1947610.549,7477.988023937859,9251.305339395529
2026-08-18 11:08:44,7750.0,7770.5,Call GEX 4,GEX,286861.7,7477.988023937859,9251.305339395529
2026-08-18 11:08:44,7750.0,7770.5,Put VEX 5,VEX,-704069.927,7477.988023937859,9251.305339395529
2026-08-18 11:08:44,7775.0,7795.5,Put CEX 5,CEX,-983185.586,7477.988023937859,9251.305339395529
2026-08-18 11:08:44,7775.0,7795.5,Call GEX 5,GEX,252896.621,7477.988023937859,9251.305339395529
2026-08-18 11:08:44,7800.0,7820.75,Put CEX 4,CEX,-1693796.538,7477.988023937859,9251.305339395529
2026-08-18 11:08:44,7800.0,7820.75,Put DEX 3,DEX,-55.913,7477.988023937859,9251.305339395529
2026-08-18 11:08:44,7800.0,7820.75,Call GEX 2,GEX,521070.158,7477.988023937859,9251.305339395529
2026-08-18 11:08:44,7800.0,7820.75,Put VEX 2,VEX,-1259853.61,7477.988023937859,9251.305339395529
2026-08-18 11:08:44,7850.0,7870.75,Call GEX 3,GEX,302203.727,7477.988023937859,9251.305339395529
2026-08-18 11:08:44,7900.0,7921.0,Call GEX 1,GEX,690210.795,7477.988023937859,9251.305339395529
2026-08-18 11:08:44,7900.0,7921.0,Put VEX 3,VEX,-1237491.212,7477.988023937859,9251.305339395529
2026-08-18 11:08:44,8000.0,8021.25,Put CEX 1,CEX,-4471280.18,7477.988023937859,9251.305339395529
2026-08-18 11:08:44,8000.0,8021.25,Put DEX 1,DEX,-2639.962,7477.988023937859,9251.305339395529
2026-08-18 11:08:44,8000.0,8021.25,Put VEX 1,VEX,-11712058.067,7477.988023937859,9251.305339395529
2026-08-18 11:08:44,8200.0,8221.75,Put VEX 4,VEX,-774936.591,7477.988023937859,9251.305339395529
2026-08-18 11:08:44,8500.0,8522.5,Put DEX 2,DEX,-102.72,7477.988023937859,9251.305339395529
2026-08-18 11:09:39,7000.0,7018.0,Call DEX 1,DEX,550.324,7501.337646453367,9251.899239174889
2026-08-18 11:09:39,7000.0,7018.0,Put GEX 1,GEX,-677018.193,7501.337646453367,9251.899239174889
2026-08-18 11:09:39,7000.0,7018.0,Call VEX 1,VEX,6860504.279,7501.337646453367,9251.899239174889
2026-08-18 11:09:39,7300.0,7319.0,Call DEX 4,DEX,291.351,7501.337646453367,9251.899239174889
2026-08-18 11:09:39,7300.0,7319.0,Call VEX 5,VEX,2028300.51,7501.337646453367,9251.899239174889
2026-08-18 11:09:39,7400.0,7419.25,Call VEX 4,VEX,2469102.642,7501.337646453367,9251.899239174889
2026-08-18 11:09:39,7500.0,7519.5,Call CEX 4,CEX,1761915.144,7501.337646453367,9251.899239174889
2026-08-18 11:09:39,7500.0,7519.5,Call DEX 2,DEX,533.885,7501.337646453367,9251.899239174889
2026-08-18 11:09:39,7500.0,7519.5,Put GEX 3,GEX,-380974.172,7501.337646453367,9251.899239174889
2026-08-18 11:09:39,7500.0,7519.5,Call VEX 2,VEX,3617438.437,7501.337646453367,9251.899239174889
2026-08-18 11:09:39,7550.0,7569.5,Call DEX 5,DEX,282.944,7501.337646453367,9251.899239174889
2026-08-18 11:09:39,7600.0,7619.75,Call CEX 3,CEX,2020428.639,7501.337646453367,9251.899239174889
2026-08-18 11:09:39,7600.0,7619.75,Call DEX 3,DEX,428.136,7501.337646453367,9251.899239174889
2026-08-18 11:09:39,7600.0,7619.75,Call VEX 3,VEX,2572848.988,7501.337646453367,9251.899239174889
2026-08-18 11:09:39,7635.0,7654.75,Call CEX 1,CEX,3737533.961,7501.337646453367,9251.899239174889
2026-08-18 11:09:39,7650.0,7669.75,Call CEX 2,CEX,2491646.506,7501.337646453367,9251.899239174889
2026-08-18 11:09:39,7675.0,7694.75,Call CEX 5,CEX,1510991.998,7501.337646453367,9251.899239174889
2026-08-18 11:09:39,7690.0,7710.0,Put GEX 4,GEX,-353839.149,7501.337646453367,9251.899239174889
2026-08-18 11:09:39,7695.0,7715.0,Put GEX 5,GEX,-339775.951,7501.337646453367,9251.899239174889
2026-08-18 11:09:39,7700.0,7720.0,Put CEX 2,CEX,-2228383.047,7501.337646453367,9251.899239174889
2026-08-18 11:09:39,7700.0,7720.0,Put GEX 2,GEX,-651850.206,7501.337646453367,9251.899239174889
2026-08-18 11:09:39,7710.0,7730.0,Put CEX 5,CEX,-1406028.92,7501.337646453367,9251.899239174889
2026-08-18 11:09:39,7720.0,7740.0,Put DEX 5,DEX,-38.21,7501.337646453367,9251.899239174889
2026-08-18 11:09:39,7735.0,7755.0,Put DEX 4,DEX,-44.704,7501.337646453367,9251.899239174889
2026-08-18 11:09:39,7750.0,7770.0,Put CEX 3,CEX,-1958798.213,7501.337646453367,9251.899239174889
2026-08-18 11:09:39,7750.0,7770.0,Call GEX 4,GEX,288134.993,7501.337646453367,9251.899239174889
2026-08-18 11:09:39,7750.0,7770.0,Put VEX 5,VEX,-708426.29,7501.337646453367,9251.899239174889
2026-08-18 11:09:39,7775.0,7795.0,Call GEX 5,GEX,251438.624,7501.337646453367,9251.899239174889
2026-08-18 11:09:39,7800.0,7820.25,Put CEX 4,CEX,-1715401.577,7501.337646453367,9251.899239174889
2026-08-18 11:09:39,7800.0,7820.25,Put DEX 3,DEX,-55.547,7501.337646453367,9251.899239174889
2026-08-18 11:09:39,7800.0,7820.25,Call GEX 2,GEX,514138.239,7501.337646453367,9251.899239174889
2026-08-18 11:09:39,7800.0,7820.25,Put VEX 2,VEX,-1270123.708,7501.337646453367,9251.899239174889
2026-08-18 11:09:39,7850.0,7870.25,Call GEX 3,GEX,301365.66,7501.337646453367,9251.899239174889
2026-08-18 11:09:39,7900.0,7920.5,Call GEX 1,GEX,689413.249,7501.337646453367,9251.899239174889
2026-08-18 11:09:39,7900.0,7920.5,Put VEX 3,VEX,-1237499.983,7501.337646453367,9251.899239174889
2026-08-18 11:09:39,8000.0,8020.75,Put CEX 1,CEX,-4853246.674,7501.337646453367,9251.899239174889
2026-08-18 11:09:39,8000.0,8020.75,Put DEX 1,DEX,-2631.286,7501.337646453367,9251.899239174889
2026-08-18 11:09:39,8000.0,8020.75,Put VEX 1,VEX,-11897549.351,7501.337646453367,9251.899239174889
2026-08-18 11:09:39,8200.0,8221.25,Put VEX 4,VEX,-774444.07,7501.337646453367,9251.899239174889
2026-08-18 11:09:39,8500.0,8522.0,Put DEX 2,DEX,-102.242,7501.337646453367,9251.899239174889
2026-08-18 11:10:32,7000.0,7018.25,Call DEX 1,DEX,549.775,7495.770368469854,9250.822250040545
2026-08-18 11:10:32,7000.0,7018.25,Put GEX 1,GEX,-678921.749,7495.770368469854,9250.822250040545
2026-08-18 11:10:32,7000.0,7018.25,Call VEX 1,VEX,6860547.676,7495.770368469854,9250.822250040545
2026-08-18 11:10:32,7300.0,7319.25,Call DEX 5,DEX,291.037,7495.770368469854,9250.822250040545
2026-08-18 11:10:32,7300.0,7319.25,Call VEX 5,VEX,2024104.1,7495.770368469854,9250.822250040545
2026-08-18 11:10:32,7400.0,7419.5,Call VEX 4,VEX,2475152.826,7495.770368469854,9250.822250040545
2026-08-18 11:10:32,7450.0,7469.5,Call DEX 4,DEX,332.226,7495.770368469854,9250.822250040545
2026-08-18 11:10:32,7500.0,7519.75,Call CEX 4,CEX,1768766.275,7495.770368469854,9250.822250040545
2026-08-18 11:10:32,7500.0,7519.75,Call DEX 2,DEX,534.097,7495.770368469854,9250.822250040545
2026-08-18 11:10:32,7500.0,7519.75,Put GEX 3,GEX,-383564.011,7495.770368469854,9250.822250040545
2026-08-18 11:10:32,7500.0,7519.75,Call VEX 2,VEX,3613574.531,7495.770368469854,9250.822250040545
2026-08-18 11:10:32,7550.0,7569.75,Call CEX 5,CEX,1532682.413,7495.770368469854,9250.822250040545
2026-08-18 11:10:32,7600.0,7620.0,Call CEX 3,CEX,2059916.607,7495.770368469854,9250.822250040545
2026-08-18 11:10:32,7600.0,7620.0,Call DEX 3,DEX,425.353,7495.770368469854,9250.822250040545
2026-08-18 11:10:32,7600.0,7620.0,Call VEX 3,VEX,2567925.927,7495.770368469854,9250.822250040545
2026-08-18 11:10:32,7635.0,7655.0,Call CEX 1,CEX,4070776.737,7495.770368469854,9250.822250040545
2026-08-18 11:10:32,7650.0,7670.0,Call CEX 2,CEX,2511708.86,7495.770368469854,9250.822250040545
2026-08-18 11:10:32,7690.0,7710.25,Put GEX 4,GEX,-362971.59,7495.770368469854,9250.822250040545
2026-08-18 11:10:32,7695.0,7715.25,Put GEX 5,GEX,-348851.912,7495.770368469854,9250.822250040545
2026-08-18 11:10:32,7700.0,7720.25,Put CEX 2,CEX,-2491140.004,7495.770368469854,9250.822250040545
2026-08-18 11:10:32,7700.0,7720.25,Put GEX 2,GEX,-678145.731,7495.770368469854,9250.822250040545
2026-08-18 11:10:32,7720.0,7740.25,Put DEX 5,DEX,-38.61,7495.770368469854,9250.822250040545
2026-08-18 11:10:32,7735.0,7755.25,Put DEX 4,DEX,-45.015,7495.770368469854,9250.822250040545
2026-08-18 11:10:32,7750.0,7770.25,Put CEX 3,CEX,-1952585.286,7495.770368469854,9250.822250040545
2026-08-18 11:10:32,7750.0,7770.25,Call GEX 4,GEX,287249.322,7495.770368469854,9250.822250040545
2026-08-18 11:10:32,7750.0,7770.25,Put VEX 5,VEX,-712421.013,7495.770368469854,9250.822250040545
2026-08-18 11:10:32,7775.0,7795.5,Put CEX 5,CEX,-984792.728,7495.770368469854,9250.822250040545
2026-08-18 11:10:32,7775.0,7795.5,Call GEX 5,GEX,249229.407,7495.770368469854,9250.822250040545
2026-08-18 11:10:32,7800.0,7820.5,Put CEX 4,CEX,-1701533.461,7495.770368469854,9250.822250040545
2026-08-18 11:10:32,7800.0,7820.5,Put DEX 3,DEX,-57.287,7495.770368469854,9250.822250040545
2026-08-18 11:10:32,7800.0,7820.5,Call GEX 2,GEX,515329.648,7495.770368469854,9250.822250040545
2026-08-18 11:10:32,7800.0,7820.5,Put VEX 2,VEX,-1265227.454,7495.770368469854,9250.822250040545
2026-08-18 11:10:32,7850.0,7870.5,Call GEX 3,GEX,300764.659,7495.770368469854,9250.822250040545
2026-08-18 11:10:32,7900.0,7920.75,Call GEX 1,GEX,688336.176,7495.770368469854,9250.822250040545
2026-08-18 11:10:32,7900.0,7920.75,Put VEX 3,VEX,-1237592.79,7495.770368469854,9250.822250040545
2026-08-18 11:10:32,8000.0,8021.0,Put CEX 1,CEX,-4620614.782,7495.770368469854,9250.822250040545
2026-08-18 11:10:32,8000.0,8021.0,Put DEX 1,DEX,-2638.345,7495.770368469854,9250.822250040545
2026-08-18 11:10:32,8000.0,8021.0,Put VEX 1,VEX,-11786626.974,7495.770368469854,9250.822250040545
2026-08-18 11:10:32,8200.0,8221.5,Put VEX 4,VEX,-773916.27,7495.770368469854,9250.822250040545
2026-08-18 11:10:32,8500.0,8522.25,Put DEX 2,DEX,-102.487,7495.770368469854,9250.822250040545
2026-08-18 11:11:24,7000.0,7018.25,Call DEX 1,DEX,549.656,7502.196247883654,9250.647453961208
2026-08-18 11:11:24,7000.0,7018.25,Put GEX 1,GEX,-679034.319,7502.196247883654,9250.647453961208
2026-08-18 11:11:24,7000.0,7018.25,Call VEX 1,VEX,6858964.804,7502.196247883654,9250.647453961208
2026-08-18 11:11:24,7300.0,7319.0,Call DEX 4,DEX,290.646,7502.196247883654,9250.647453961208
2026-08-18 11:11:24,7300.0,7319.0,Call VEX 5,VEX,2025446.254,7502.196247883654,9250.647453961208
2026-08-18 11:11:24,7400.0,7419.25,Call VEX 4,VEX,2470740.385,7502.196247883654,9250.647453961208
2026-08-18 11:11:24,7500.0,7519.5,Call CEX 4,CEX,1732870.819,7502.196247883654,9250.647453961208
2026-08-18 11:11:24,7500.0,7519.5,Call DEX 2,DEX,533.247,7502.196247883654,9250.647453961208
2026-08-18 11:11:24,7500.0,7519.5,Put GEX 3,GEX,-395055.98,7502.196247883654,9250.647453961208
2026-08-18 11:11:24,7500.0,7519.5,Call VEX 2,VEX,3595218.339,7502.196247883654,9250.647453961208
2026-08-18 11:11:24,7550.0,7569.75,Call DEX 5,DEX,281.536,7502.196247883654,9250.647453961208
2026-08-18 11:11:24,7600.0,7619.75,Call CEX 3,CEX,2042177.886,7502.196247883654,9250.647453961208
2026-08-18 11:11:24,7600.0,7619.75,Call DEX 3,DEX,425.817,7502.196247883654,9250.647453961208
2026-08-18 11:11:24,7600.0,7619.75,Call VEX 3,VEX,2567393.649,7502.196247883654,9250.647453961208
2026-08-18 11:11:24,7635.0,7655.0,Call CEX 1,CEX,4084427.886,7502.196247883654,9250.647453961208
2026-08-18 11:11:24,7650.0,7670.0,Call CEX 2,CEX,2511895.447,7502.196247883654,9250.647453961208
2026-08-18 11:11:24,7675.0,7695.0,Call CEX 5,CEX,1526123.096,7502.196247883654,9250.647453961208
2026-08-18 11:11:24,7690.0,7710.0,Put GEX 4,GEX,-359243.454,7502.196247883654,9250.647453961208
2026-08-18 11:11:24,7695.0,7715.0,Put GEX 5,GEX,-341310.18,7502.196247883654,9250.647453961208
2026-08-18 11:11:24,7700.0,7720.0,Put CEX 2,CEX,-2416268.572,7502.196247883654,9250.647453961208
2026-08-18 11:11:24,7700.0,7720.0,Put GEX 2,GEX,-649589.734,7502.196247883654,9250.647453961208
2026-08-18 11:11:24,7710.0,7730.25,Put CEX 5,CEX,-1421217.495,7502.196247883654,9250.647453961208
2026-08-18 11:11:24,7720.0,7740.25,Put DEX 5,DEX,-38.595,7502.196247883654,9250.647453961208
2026-08-18 11:11:24,7735.0,7755.25,Put DEX 4,DEX,-44.853,7502.196247883654,9250.647453961208
2026-08-18 11:11:24,7750.0,7770.25,Put CEX 3,CEX,-1957546.97,7502.196247883654,9250.647453961208
2026-08-18 11:11:24,7750.0,7770.25,Call GEX 4,GEX,286570.622,7502.196247883654,9250.647453961208
2026-08-18 11:11:24,7750.0,7770.25,Put VEX 5,VEX,-711994.301,7502.196247883654,9250.647453961208
2026-08-18 11:11:24,7775.0,7795.25,Call GEX 5,GEX,248667.585,7502.196247883654,9250.647453961208
2026-08-18 11:11:24,7800.0,7820.25,Put CEX 4,CEX,-1704170.129,7502.196247883654,9250.647453961208
2026-08-18 11:11:24,7800.0,7820.25,Put DEX 3,DEX,-56.631,7502.196247883654,9250.647453961208
2026-08-18 11:11:24,7800.0,7820.25,Call GEX 2,GEX,511351.238,7502.196247883654,9250.647453961208
2026-08-18 11:11:24,7800.0,7820.25,Put VEX 2,VEX,-1267524.384,7502.196247883654,9250.647453961208
2026-08-18 11:11:24,7850.0,7870.5,Call GEX 3,GEX,299451.026,7502.196247883654,9250.647453961208
2026-08-18 11:11:24,7900.0,7920.75,Call GEX 1,GEX,688058.625,7502.196247883654,9250.647453961208
2026-08-18 11:11:24,7900.0,7920.75,Put VEX 3,VEX,-1237159.865,7502.196247883654,9250.647453961208
2026-08-18 11:11:24,8000.0,8021.0,Put CEX 1,CEX,-4822745.848,7502.196247883654,9250.647453961208
2026-08-18 11:11:24,8000.0,8021.0,Put DEX 1,DEX,-2633.472,7502.196247883654,9250.647453961208
2026-08-18 11:11:24,8000.0,8021.0,Put VEX 1,VEX,-11883274.503,7502.196247883654,9250.647453961208
2026-08-18 11:11:24,8200.0,8221.5,Put VEX 4,VEX,-773567.636,7502.196247883654,9250.647453961208
2026-08-18 11:11:24,8500.0,8522.25,Put DEX 2,DEX,-102.342,7502.196247883654,9250.647453961208
2026-08-18 11:12:20,7000.0,7018.5,Call DEX 1,DEX,550.843,7497.875923789996,9249.874918236794
2026-08-18 11:12:20,7000.0,7018.5,Put GEX 2,GEX,-680413.327,7497.875923789996,9249.874918236794
2026-08-18 11:12:20,7000.0,7018.5,Call VEX 1,VEX,6842391.4,7497.875923789996,9249.874918236794
2026-08-18 11:12:20,7300.0,7319.25,Call DEX 5,DEX,291.467,7497.875923789996,9249.874918236794
2026-08-18 11:12:20,7300.0,7319.25,Call VEX 5,VEX,2008502.052,7497.875923789996,9249.874918236794
2026-08-18 11:12:20,7400.0,7419.5,Call VEX 4,VEX,2476685.255,7497.875923789996,9249.874918236794
2026-08-18 11:12:20,7450.0,7469.75,Call DEX 4,DEX,332.606,7497.875923789996,9249.874918236794
2026-08-18 11:12:20,7500.0,7520.0,Call CEX 4,CEX,1824546.148,7497.875923789996,9249.874918236794
2026-08-18 11:12:20,7500.0,7520.0,Call DEX 2,DEX,534.655,7497.875923789996,9249.874918236794
2026-08-18 11:12:20,7500.0,7520.0,Put GEX 3,GEX,-369038.288,7497.875923789996,9249.874918236794
2026-08-18 11:12:20,7500.0,7520.0,Call VEX 2,VEX,3645211.81,7497.875923789996,9249.874918236794
2026-08-18 11:12:20,7550.0,7570.0,Call CEX 5,CEX,1542296.477,7497.875923789996,9249.874918236794
2026-08-18 11:12:20,7600.0,7620.25,Call CEX 3,CEX,2059608.388,7497.875923789996,9249.874918236794
2026-08-18 11:12:20,7600.0,7620.25,Call DEX 3,DEX,426.585,7497.875923789996,9249.874918236794
2026-08-18 11:12:20,7600.0,7620.25,Call VEX 3,VEX,2573354.545,7497.875923789996,9249.874918236794
2026-08-18 11:12:20,7635.0,7655.25,Call CEX 1,CEX,4092099.113,7497.875923789996,9249.874918236794
2026-08-18 11:12:20,7650.0,7670.25,Call CEX 2,CEX,2524976.677,7497.875923789996,9249.874918236794
2026-08-18 11:12:20,7690.0,7710.5,Put GEX 4,GEX,-360739.579,7497.875923789996,9249.874918236794
2026-08-18 11:12:20,7695.0,7715.5,Put GEX 5,GEX,-347899.273,7497.875923789996,9249.874918236794
2026-08-18 11:12:20,7700.0,7720.5,Put CEX 2,CEX,-2327493.969,7497.875923789996,9249.874918236794
2026-08-18 11:12:20,7700.0,7720.5,Put GEX 1,GEX,-693620.697,7497.875923789996,9249.874918236794
2026-08-18 11:12:20,7720.0,7740.5,Put DEX 5,DEX,-38.363,7497.875923789996,9249.874918236794
2026-08-18 11:12:20,7735.0,7755.5,Put DEX 4,DEX,-44.788,7497.875923789996,9249.874918236794
2026-08-18 11:12:20,7750.0,7770.5,Put CEX 3,CEX,-1955997.075,7497.875923789996,9249.874918236794
2026-08-18 11:12:20,7750.0,7770.5,Call GEX 4,GEX,286408.782,7497.875923789996,9249.874918236794
2026-08-18 11:12:20,7750.0,7770.5,Put VEX 5,VEX,-707028.869,7497.875923789996,9249.874918236794
2026-08-18 11:12:20,7775.0,7795.5,Put CEX 5,CEX,-988592.693,7497.875923789996,9249.874918236794
2026-08-18 11:12:20,7775.0,7795.5,Call GEX 5,GEX,251895.87,7497.875923789996,9249.874918236794
2026-08-18 11:12:20,7800.0,7820.75,Put CEX 4,CEX,-1694502.774,7497.875923789996,9249.874918236794
2026-08-18 11:12:20,7800.0,7820.75,Put DEX 3,DEX,-56.49,7497.875923789996,9249.874918236794
2026-08-18 11:12:20,7800.0,7820.75,Call GEX 2,GEX,519329.548,7497.875923789996,9249.874918236794
2026-08-18 11:12:20,7800.0,7820.75,Put VEX 2,VEX,-1259706.919,7497.875923789996,9249.874918236794
2026-08-18 11:12:20,7850.0,7870.75,Call GEX 3,GEX,301489.166,7497.875923789996,9249.874918236794
2026-08-18 11:12:20,7900.0,7921.0,Call GEX 1,GEX,689425.352,7497.875923789996,9249.874918236794
2026-08-18 11:12:20,7900.0,7921.0,Put VEX 3,VEX,-1237031.663,7497.875923789996,9249.874918236794
2026-08-18 11:12:20,8000.0,8021.25,Put CEX 1,CEX,-4638090.926,7497.875923789996,9249.874918236794
2026-08-18 11:12:20,8000.0,8021.25,Put DEX 1,DEX,-2636.145,7497.875923789996,9249.874918236794
2026-08-18 11:12:20,8000.0,8021.25,Put VEX 1,VEX,-11793735.813,7497.875923789996,9249.874918236794
2026-08-18 11:12:20,8200.0,8221.75,Put VEX 4,VEX,-774280.98,7497.875923789996,9249.874918236794
2026-08-18 11:12:20,8500.0,8522.5,Put DEX 2,DEX,-102.555,7497.875923789996,9249.874918236794
2026-08-18 11:13:17,7000.0,7018.25,Call DEX 1,DEX,552.178,7479.703892298392,9249.649674450464
2026-08-18 11:13:17,7000.0,7018.25,Put GEX 2,GEX,-680871.447,7479.703892298392,9249.649674450464
2026-08-18 11:13:17,7000.0,7018.25,Call VEX 1,VEX,6825676.369,7479.703892298392,9249.649674450464
2026-08-18 11:13:17,7300.0,7319.25,Call VEX 5,VEX,2004325.619,7479.703892298392,9249.649674450464
2026-08-18 11:13:17,7400.0,7419.5,Call DEX 5,DEX,328.774,7479.703892298392,9249.649674450464
2026-08-18 11:13:17,7400.0,7419.5,Call VEX 4,VEX,2490697.805,7479.703892298392,9249.649674450464
2026-08-18 11:13:17,7450.0,7469.5,Call DEX 4,DEX,333.374,7479.703892298392,9249.649674450464
2026-08-18 11:13:17,7500.0,7519.75,Call CEX 4,CEX,1782383.85,7479.703892298392,9249.649674450464
2026-08-18 11:13:17,7500.0,7519.75,Call DEX 2,DEX,536.047,7479.703892298392,9249.649674450464
2026-08-18 11:13:17,7500.0,7519.75,Put GEX 3,GEX,-378322.294,7479.703892298392,9249.649674450464
2026-08-18 11:13:17,7500.0,7519.75,Call VEX 2,VEX,3625138.597,7479.703892298392,9249.649674450464
2026-08-18 11:13:17,7550.0,7569.75,Call CEX 5,CEX,1545195.859,7479.703892298392,9249.649674450464
2026-08-18 11:13:17,7600.0,7620.0,Call CEX 3,CEX,2067830.725,7479.703892298392,9249.649674450464
2026-08-18 11:13:17,7600.0,7620.0,Call DEX 3,DEX,428.155,7479.703892298392,9249.649674450464
2026-08-18 11:13:17,7600.0,7620.0,Call VEX 3,VEX,2577855.77,7479.703892298392,9249.649674450464
2026-08-18 11:13:17,7635.0,7655.0,Call CEX 1,CEX,3465782.405,7479.703892298392,9249.649674450464
2026-08-18 11:13:17,7650.0,7670.0,Call CEX 2,CEX,2536917.898,7479.703892298392,9249.649674450464
2026-08-18 11:13:17,7690.0,7710.25,Put GEX 4,GEX,-363941.167,7479.703892298392,9249.649674450464
2026-08-18 11:13:17,7695.0,7715.25,Put GEX 5,GEX,-361823.084,7479.703892298392,9249.649674450464
2026-08-18 11:13:17,7700.0,7720.25,Put CEX 2,CEX,-2229348.607,7479.703892298392,9249.649674450464
2026-08-18 11:13:17,7700.0,7720.25,Put GEX 1,GEX,-750463.219,7479.703892298392,9249.649674450464
2026-08-18 11:13:17,7720.0,7740.25,Put DEX 5,DEX,-38.051,7479.703892298392,9249.649674450464
2026-08-18 11:13:17,7735.0,7755.25,Put DEX 4,DEX,-44.562,7479.703892298392,9249.649674450464
2026-08-18 11:13:17,7750.0,7770.25,Put CEX 3,CEX,-1956276.058,7479.703892298392,9249.649674450464
2026-08-18 11:13:17,7750.0,7770.25,Call GEX 4,GEX,284920.095,7479.703892298392,9249.649674450464
2026-08-18 11:13:17,7750.0,7770.25,Put VEX 5,VEX,-701984.18,7479.703892298392,9249.649674450464
2026-08-18 11:13:17,7775.0,7795.5,Put CEX 5,CEX,-992205.492,7479.703892298392,9249.649674450464
2026-08-18 11:13:17,7775.0,7795.5,Call GEX 5,GEX,252606.38,7479.703892298392,9249.649674450464
2026-08-18 11:13:17,7800.0,7820.5,Put CEX 4,CEX,-1694355.404,7479.703892298392,9249.649674450464
2026-08-18 11:13:17,7800.0,7820.5,Put DEX 3,DEX,-55.711,7479.703892298392,9249.649674450464
2026-08-18 11:13:17,7800.0,7820.5,Call GEX 2,GEX,522409.256,7479.703892298392,9249.649674450464
2026-08-18 11:13:17,7800.0,7820.5,Put VEX 2,VEX,-1254976.478,7479.703892298392,9249.649674450464
2026-08-18 11:13:17,7850.0,7870.5,Call GEX 3,GEX,302078.932,7479.703892298392,9249.649674450464
2026-08-18 11:13:17,7900.0,7920.75,Call GEX 1,GEX,690646.848,7479.703892298392,9249.649674450464
2026-08-18 11:13:17,7900.0,7920.75,Put VEX 3,VEX,-1236967.661,7479.703892298392,9249.649674450464
2026-08-18 11:13:17,8000.0,8021.0,Put CEX 1,CEX,-4496126.514,7479.703892298392,9249.649674450464
2026-08-18 11:13:17,8000.0,8021.0,Put DEX 1,DEX,-2636.491,7479.703892298392,9249.649674450464
2026-08-18 11:13:17,8000.0,8021.0,Put VEX 1,VEX,-11723684.424,7479.703892298392,9249.649674450464
2026-08-18 11:13:17,8200.0,8221.5,Put VEX 4,VEX,-776196.221,7479.703892298392,9249.649674450464
2026-08-18 11:13:17,8500.0,8522.25,Put DEX 2,DEX,-102.658,7479.703892298392,9249.649674450464
2026-08-18 11:14:11,7000.0,7018.5,Call DEX 1,DEX,553.007,7494.531957106557,9248.271407457976
2026-08-18 11:14:11,7000.0,7018.5,Put GEX 2,GEX,-667543.839,7494.531957106557,9248.271407457976
2026-08-18 11:14:11,7000.0,7018.5,Call VEX 1,VEX,6859562.624,7494.531957106557,9248.271407457976
2026-08-18 11:14:11,7300.0,7319.25,Call VEX 5,VEX,2004739.846,7494.531957106557,9248.271407457976
2026-08-18 11:14:11,7400.0,7419.5,Call VEX 4,VEX,2473772.956,7494.531957106557,9248.271407457976
2026-08-18 11:14:11,7450.0,7469.75,Call DEX 4,DEX,335.541,7494.531957106557,9248.271407457976
2026-08-18 11:14:11,7500.0,7519.75,Call CEX 4,CEX,1683050.165,7494.531957106557,9248.271407457976
2026-08-18 11:14:11,7500.0,7519.75,Call DEX 2,DEX,539.428,7494.531957106557,9248.271407457976
2026-08-18 11:14:11,7500.0,7519.75,Put GEX 3,GEX,-392291.435,7494.531957106557,9248.271407457976
2026-08-18 11:14:11,7500.0,7519.75,Call VEX 2,VEX,3585277.259,7494.531957106557,9248.271407457976
2026-08-18 11:14:11,7550.0,7570.0,Call CEX 5,CEX,1504544.258,7494.531957106557,9248.271407457976
2026-08-18 11:14:11,7550.0,7570.0,Call DEX 5,DEX,285.376,7494.531957106557,9248.271407457976
2026-08-18 11:14:11,7600.0,7620.0,Call CEX 3,CEX,2055202.553,7494.531957106557,9248.271407457976
2026-08-18 11:14:11,7600.0,7620.0,Call DEX 3,DEX,436.289,7494.531957106557,9248.271407457976
2026-08-18 11:14:11,7600.0,7620.0,Call VEX 3,VEX,2598718.527,7494.531957106557,9248.271407457976
2026-08-18 11:14:11,7635.0,7655.25,Call CEX 1,CEX,3404763.787,7494.531957106557,9248.271407457976
2026-08-18 11:14:11,7650.0,7670.25,Call CEX 2,CEX,2339187.879,7494.531957106557,9248.271407457976
2026-08-18 11:14:11,7695.0,7715.25,Put GEX 5,GEX,-327269.679,7494.531957106557,9248.271407457976
2026-08-18 11:14:11,7700.0,7720.25,Put GEX 1,GEX,-746632.794,7494.531957106557,9248.271407457976
2026-08-18 11:14:11,7710.0,7730.25,Put CEX 3,CEX,-1780698.65,7494.531957106557,9248.271407457976
2026-08-18 11:14:11,7710.0,7730.25,Put GEX 4,GEX,-340487.102,7494.531957106557,9248.271407457976
2026-08-18 11:14:11,7720.0,7740.5,Put DEX 5,DEX,-36.302,7494.531957106557,9248.271407457976
2026-08-18 11:14:11,7735.0,7755.5,Put DEX 4,DEX,-43.035,7494.531957106557,9248.271407457976
2026-08-18 11:14:11,7750.0,7770.5,Put CEX 2,CEX,-1957027.552,7494.531957106557,9248.271407457976
2026-08-18 11:14:11,7750.0,7770.5,Call GEX 4,GEX,284782.751,7494.531957106557,9248.271407457976
2026-08-18 11:14:11,7750.0,7770.5,Put VEX 5,VEX,-671306.739,7494.531957106557,9248.271407457976
2026-08-18 11:14:11,7775.0,7795.5,Put CEX 5,CEX,-1009789.116,7494.531957106557,9248.271407457976
2026-08-18 11:14:11,7775.0,7795.5,Call GEX 5,GEX,263565.494,7494.531957106557,9248.271407457976
2026-08-18 11:14:11,7800.0,7820.5,Put CEX 4,CEX,-1731078.571,7494.531957106557,9248.271407457976
2026-08-18 11:14:11,7800.0,7820.5,Put DEX 3,DEX,-49.972,7494.531957106557,9248.271407457976
2026-08-18 11:14:11,7800.0,7820.5,Call GEX 2,GEX,527121.154,7494.531957106557,9248.271407457976
2026-08-18 11:14:11,7800.0,7820.5,Put VEX 2,VEX,-1242721.028,7494.531957106557,9248.271407457976
2026-08-18 11:14:11,7850.0,7870.75,Call GEX 3,GEX,306039.646,7494.531957106557,9248.271407457976
2026-08-18 11:14:11,7900.0,7920.75,Call GEX 1,GEX,699596.53,7494.531957106557,9248.271407457976
2026-08-18 11:14:11,7900.0,7920.75,Put VEX 3,VEX,-1232258.629,7494.531957106557,9248.271407457976
2026-08-18 11:14:11,8000.0,8021.0,Put CEX 1,CEX,-4612809.505,7494.531957106557,9248.271407457976
2026-08-18 11:14:11,8000.0,8021.0,Put DEX 1,DEX,-2625.906,7494.531957106557,9248.271407457976
2026-08-18 11:14:11,8000.0,8021.0,Put VEX 1,VEX,-11779431.511,7494.531957106557,9248.271407457976
2026-08-18 11:14:11,8200.0,8221.75,Put VEX 4,VEX,-783423.52,7494.531957106557,9248.271407457976
2026-08-18 11:14:11,8500.0,8522.5,Put DEX 2,DEX,-102.544,7494.531957106557,9248.271407457976
2026-08-18 11:15:01,7000.0,7018.5,Call DEX 1,DEX,557.327,7477.699946413386,9248.881912450224
2026-08-18 11:15:01,7000.0,7018.5,Put GEX 1,GEX,-674125.774,7477.699946413386,9248.881912450224
2026-08-18 11:15:01,7000.0,7018.5,Call VEX 1,VEX,6789464.003,7477.699946413386,9248.881912450224
2026-08-18 11:15:01,7300.0,7319.25,Call VEX 5,VEX,1990435.629,7477.699946413386,9248.881912450224
2026-08-18 11:15:01,7400.0,7419.5,Call VEX 4,VEX,2457655.299,7477.699946413386,9248.881912450224
2026-08-18 11:15:01,7450.0,7469.75,Call DEX 5,DEX,264.471,7477.699946413386,9248.881912450224
2026-08-18 11:15:01,7500.0,7519.75,Call CEX 4,CEX,1627529.865,7477.699946413386,9248.881912450224
2026-08-18 11:15:01,7500.0,7519.75,Call DEX 2,DEX,544.569,7477.699946413386,9248.881912450224
2026-08-18 11:15:01,7500.0,7519.75,Put GEX 4,GEX,-396958.103,7477.699946413386,9248.881912450224
2026-08-18 11:15:01,7500.0,7519.75,Call VEX 2,VEX,3566331.529,7477.699946413386,9248.881912450224
2026-08-18 11:15:01,7550.0,7570.0,Call CEX 5,CEX,1470756.097,7477.699946413386,9248.881912450224
2026-08-18 11:15:01,7550.0,7570.0,Call DEX 4,DEX,288.614,7477.699946413386,9248.881912450224
2026-08-18 11:15:01,7600.0,7620.0,Call CEX 3,CEX,1978051.716,7477.699946413386,9248.881912450224
2026-08-18 11:15:01,7600.0,7620.0,Call DEX 3,DEX,434.19,7477.699946413386,9248.881912450224
2026-08-18 11:15:01,7600.0,7620.0,Call VEX 3,VEX,2604188.944,7477.699946413386,9248.881912450224
2026-08-18 11:15:01,7635.0,7655.25,Call CEX 1,CEX,3374471.46,7477.699946413386,9248.881912450224
2026-08-18 11:15:01,7650.0,7670.25,Call CEX 2,CEX,2094848.499,7477.699946413386,9248.881912450224
2026-08-18 11:15:01,7700.0,7720.25,Put GEX 2,GEX,-670414.665,7477.699946413386,9248.881912450224
2026-08-18 11:15:01,7710.0,7730.25,Put CEX 3,CEX,-1840757.004,7477.699946413386,9248.881912450224
2026-08-18 11:15:01,7710.0,7730.25,Put GEX 3,GEX,-405222.791,7477.699946413386,9248.881912450224
2026-08-18 11:15:01,7715.0,7735.25,Put CEX 5,CEX,-1263705.091,7477.699946413386,9248.881912450224
2026-08-18 11:15:01,7720.0,7740.25,Put DEX 3,DEX,-49.357,7477.699946413386,9248.881912450224
2026-08-18 11:15:01,7720.0,7740.25,Put GEX 5,GEX,-353111.593,7477.699946413386,9248.881912450224
2026-08-18 11:15:01,7735.0,7755.5,Put DEX 5,DEX,-42.004,7477.699946413386,9248.881912450224
2026-08-18 11:15:01,7750.0,7770.5,Put CEX 2,CEX,-2043078.669,7477.699946413386,9248.881912450224
2026-08-18 11:15:01,7750.0,7770.5,Call GEX 4,GEX,292856.818,7477.699946413386,9248.881912450224
2026-08-18 11:15:01,7750.0,7770.5,Put VEX 5,VEX,-652577.151,7477.699946413386,9248.881912450224
2026-08-18 11:15:01,7775.0,7795.5,Call GEX 5,GEX,271877.005,7477.699946413386,9248.881912450224
2026-08-18 11:15:01,7800.0,7820.5,Put CEX 4,CEX,-1761257.576,7477.699946413386,9248.881912450224
2026-08-18 11:15:01,7800.0,7820.5,Put DEX 4,DEX,-46.046,7477.699946413386,9248.881912450224
2026-08-18 11:15:01,7800.0,7820.5,Call GEX 2,GEX,536400.919,7477.699946413386,9248.881912450224
2026-08-18 11:15:01,7800.0,7820.5,Put VEX 2,VEX,-1236073.801,7477.699946413386,9248.881912450224
2026-08-18 11:15:01,7850.0,7870.75,Call GEX 3,GEX,309533.929,7477.699946413386,9248.881912450224
2026-08-18 11:15:01,7900.0,7920.75,Call GEX 1,GEX,706166.012,7477.699946413386,9248.881912450224
2026-08-18 11:15:01,7900.0,7920.75,Put VEX 3,VEX,-1228935.909,7477.699946413386,9248.881912450224
2026-08-18 11:15:01,8000.0,8021.0,Put CEX 1,CEX,-4922026.866,7477.699946413386,9248.881912450224
2026-08-18 11:15:01,8000.0,8021.0,Put DEX 1,DEX,-2607.233,7477.699946413386,9248.881912450224
2026-08-18 11:15:01,8000.0,8021.0,Put VEX 1,VEX,-11892072.693,7477.699946413386,9248.881912450224
2026-08-18 11:15:01,8200.0,8221.5,Put VEX 4,VEX,-785595.947,7477.699946413386,9248.881912450224
2026-08-18 11:15:01,8500.0,8522.5,Put DEX 2,DEX,-102.29,7477.699946413386,9248.881912450224
2026-08-18 11:15:51,7000.0,7018.25,Call CEX 2,CEX,2863861.21,7474.396763045302,9248.036876453922
2026-08-18 11:15:51,7000.0,7018.25,Call DEX 1,DEX,1563.552,7474.396763045302,9248.036876453922
2026-08-18 11:15:51,7000.0,7018.25,Put GEX 2,GEX,-556166.563,7474.396763045302,9248.036876453922
2026-08-18 11:15:51,7000.0,7018.25,Call VEX 1,VEX,7593005.101,7474.396763045302,9248.036876453922
2026-08-18 11:15:51,7300.0,7319.0,Call VEX 5,VEX,1983401.581,7474.396763045302,9248.036876453922
2026-08-18 11:15:51,7400.0,7419.25,Call VEX 4,VEX,2455006.884,7474.396763045302,9248.036876453922
2026-08-18 11:15:51,7450.0,7469.5,Call DEX 5,DEX,265.756,7474.396763045302,9248.036876453922
2026-08-18 11:15:51,7500.0,7519.5,Call CEX 5,CEX,1569557.999,7474.396763045302,9248.036876453922
2026-08-18 11:15:51,7500.0,7519.5,Call DEX 2,DEX,549.306,7474.396763045302,9248.036876453922
2026-08-18 11:15:51,7500.0,7519.5,Put GEX 5,GEX,-404563.958,7474.396763045302,9248.036876453922
2026-08-18 11:15:51,7500.0,7519.5,Call VEX 2,VEX,3544598.93,7474.396763045302,9248.036876453922
2026-08-18 11:15:51,7550.0,7569.75,Call DEX 4,DEX,290.852,7474.396763045302,9248.036876453922
2026-08-18 11:15:51,7600.0,7619.75,Call CEX 4,CEX,2017254.391,7474.396763045302,9248.036876453922
2026-08-18 11:15:51,7600.0,7619.75,Call DEX 3,DEX,445.951,7474.396763045302,9248.036876453922
2026-08-18 11:15:51,7600.0,7619.75,Call VEX 3,VEX,2624098.941,7474.396763045302,9248.036876453922
2026-08-18 11:15:51,7635.0,7654.75,Call CEX 1,CEX,3356857.37,7474.396763045302,9248.036876453922
2026-08-18 11:15:51,7650.0,7670.0,Call CEX 3,CEX,2095784.5,7474.396763045302,9248.036876453922
2026-08-18 11:15:51,7700.0,7720.0,Put GEX 1,GEX,-662483.73,7474.396763045302,9248.036876453922
2026-08-18 11:15:51,7710.0,7730.0,Put CEX 4,CEX,-1768487.163,7474.396763045302,9248.036876453922
2026-08-18 11:15:51,7710.0,7730.0,Put GEX 3,GEX,-441711.333,7474.396763045302,9248.036876453922
2026-08-18 11:15:51,7720.0,7740.0,Put CEX 5,CEX,-1391735.959,7474.396763045302,9248.036876453922
2026-08-18 11:15:51,7720.0,7740.0,Put DEX 3,DEX,-48.111,7474.396763045302,9248.036876453922
2026-08-18 11:15:51,7720.0,7740.0,Put GEX 4,GEX,-406782.043,7474.396763045302,9248.036876453922
2026-08-18 11:15:51,7735.0,7755.25,Put DEX 5,DEX,-41.242,7474.396763045302,9248.036876453922
2026-08-18 11:15:51,7750.0,7770.25,Put CEX 2,CEX,-2045663.415,7474.396763045302,9248.036876453922
2026-08-18 11:15:51,7750.0,7770.25,Call GEX 4,GEX,292329.141,7474.396763045302,9248.036876453922
2026-08-18 11:15:51,7750.0,7770.25,Put VEX 5,VEX,-638178.975,7474.396763045302,9248.036876453922
2026-08-18 11:15:51,7775.0,7795.25,Call GEX 5,GEX,276622.573,7474.396763045302,9248.036876453922
2026-08-18 11:15:51,7800.0,7820.25,Put CEX 3,CEX,-1781559.71,7474.396763045302,9248.036876453922
2026-08-18 11:15:51,7800.0,7820.25,Put DEX 4,DEX,-43.405,7474.396763045302,9248.036876453922
2026-08-18 11:15:51,7800.0,7820.25,Call GEX 2,GEX,538725.302,7474.396763045302,9248.036876453922
2026-08-18 11:15:51,7800.0,7820.25,Put VEX 2,VEX,-1231225.575,7474.396763045302,9248.036876453922
2026-08-18 11:15:51,7850.0,7870.5,Call GEX 3,GEX,312615.442,7474.396763045302,9248.036876453922
2026-08-18 11:15:51,7900.0,7920.5,Call GEX 1,GEX,710242.001,7474.396763045302,9248.036876453922
2026-08-18 11:15:51,7900.0,7920.5,Put VEX 3,VEX,-1226684.886,7474.396763045302,9248.036876453922
2026-08-18 11:15:51,8000.0,8020.75,Put CEX 1,CEX,-4874602.637,7474.396763045302,9248.036876453922
2026-08-18 11:15:51,8000.0,8020.75,Put DEX 1,DEX,-2602.623,7474.396763045302,9248.036876453922
2026-08-18 11:15:51,8000.0,8020.75,Put VEX 1,VEX,-11882392.231,7474.396763045302,9248.036876453922
2026-08-18 11:15:51,8200.0,8221.25,Put VEX 4,VEX,-787607.277,7474.396763045302,9248.036876453922
2026-08-18 11:15:51,8500.0,8522.0,Put DEX 2,DEX,-102.265,7474.396763045302,9248.036876453922
2026-08-18 11:16:47,7000.0,7018.5,Call DEX 1,DEX,560.248,7477.853354590989,9248.721832009103
2026-08-18 11:16:47,7000.0,7018.5,Put GEX 1,GEX,-672057.576,7477.853354590989,9248.721832009103
2026-08-18 11:16:47,7000.0,7018.5,Call VEX 1,VEX,6741655.215,7477.853354590989,9248.721832009103
2026-08-18 11:16:47,7300.0,7319.25,Call VEX 5,VEX,1985054.607,7477.853354590989,9248.721832009103
2026-08-18 11:16:47,7400.0,7419.5,Call VEX 4,VEX,2455397.767,7477.853354590989,9248.721832009103
2026-08-18 11:16:47,7450.0,7469.75,Call DEX 5,DEX,265.805,7477.853354590989,9248.721832009103
2026-08-18 11:16:47,7500.0,7519.75,Call CEX 4,CEX,1515142.193,7477.853354590989,9248.721832009103
2026-08-18 11:16:47,7500.0,7519.75,Call DEX 2,DEX,548.807,7477.853354590989,9248.721832009103
2026-08-18 11:16:47,7500.0,7519.75,Put GEX 4,GEX,-419268.743,7477.853354590989,9248.721832009103
2026-08-18 11:16:47,7500.0,7519.75,Call VEX 2,VEX,3513371.007,7477.853354590989,9248.721832009103
2026-08-18 11:16:47,7550.0,7570.0,Call CEX 5,CEX,1424646.904,7477.853354590989,9248.721832009103
2026-08-18 11:16:47,7550.0,7570.0,Call DEX 4,DEX,290.967,7477.853354590989,9248.721832009103
2026-08-18 11:16:47,7600.0,7620.0,Call CEX 3,CEX,1978928.26,7477.853354590989,9248.721832009103
2026-08-18 11:16:47,7600.0,7620.0,Call DEX 3,DEX,446.159,7477.853354590989,9248.721832009103
2026-08-18 11:16:47,7600.0,7620.0,Call VEX 3,VEX,2615759.456,7477.853354590989,9248.721832009103
2026-08-18 11:16:47,7635.0,7655.25,Call CEX 1,CEX,3381484.451,7477.853354590989,9248.721832009103
2026-08-18 11:16:47,7650.0,7670.25,Call CEX 2,CEX,2108565.481,7477.853354590989,9248.721832009103
2026-08-18 11:16:47,7700.0,7720.25,Put GEX 2,GEX,-663691.644,7477.853354590989,9248.721832009103
2026-08-18 11:16:47,7710.0,7730.25,Put CEX 4,CEX,-1785154.945,7477.853354590989,9248.721832009103
2026-08-18 11:16:47,7710.0,7730.25,Put GEX 3,GEX,-429566.775,7477.853354590989,9248.721832009103
2026-08-18 11:16:47,7715.0,7735.25,Put CEX 5,CEX,-1311266.174,7477.853354590989,9248.721832009103
2026-08-18 11:16:47,7720.0,7740.25,Put DEX 3,DEX,-48.506,7477.853354590989,9248.721832009103
2026-08-18 11:16:47,7720.0,7740.25,Put GEX 5,GEX,-387647.186,7477.853354590989,9248.721832009103
2026-08-18 11:16:47,7735.0,7755.5,Put DEX 5,DEX,-41.468,7477.853354590989,9248.721832009103
2026-08-18 11:16:47,7750.0,7770.5,Put CEX 2,CEX,-2048682.641,7477.853354590989,9248.721832009103
2026-08-18 11:16:47,7750.0,7770.5,Call GEX 4,GEX,293427.942,7477.853354590989,9248.721832009103
2026-08-18 11:16:47,7750.0,7770.5,Put VEX 5,VEX,-641785.02,7477.853354590989,9248.721832009103
2026-08-18 11:16:47,7775.0,7795.5,Call GEX 5,GEX,275635.299,7477.853354590989,9248.721832009103
2026-08-18 11:16:47,7800.0,7820.5,Put CEX 3,CEX,-1984676.424,7477.853354590989,9248.721832009103
2026-08-18 11:16:47,7800.0,7820.5,Put DEX 4,DEX,-43.742,7477.853354590989,9248.721832009103
2026-08-18 11:16:47,7800.0,7820.5,Call GEX 2,GEX,540180.598,7477.853354590989,9248.721832009103
2026-08-18 11:16:47,7800.0,7820.5,Put VEX 2,VEX,-1237209.794,7477.853354590989,9248.721832009103
2026-08-18 11:16:47,7850.0,7870.75,Call GEX 3,GEX,312319.818,7477.853354590989,9248.721832009103
2026-08-18 11:16:47,7900.0,7920.75,Call GEX 1,GEX,709316.987,7477.853354590989,9248.721832009103
2026-08-18 11:16:47,7900.0,7920.75,Put VEX 3,VEX,-1227449.356,7477.853354590989,9248.721832009103
2026-08-18 11:16:47,8000.0,8021.0,Put CEX 1,CEX,-4947770.6,7477.853354590989,9248.721832009103
2026-08-18 11:16:47,8000.0,8021.0,Put DEX 1,DEX,-2602.414,7477.853354590989,9248.721832009103
2026-08-18 11:16:47,8000.0,8021.0,Put VEX 1,VEX,-11916154.801,7477.853354590989,9248.721832009103
2026-08-18 11:16:47,8200.0,8221.75,Put VEX 4,VEX,-786779.639,7477.853354590989,9248.721832009103
2026-08-18 11:16:47,8500.0,8522.5,Put DEX 2,DEX,-102.184,7477.853354590989,9248.721832009103
2026-08-18 11:17:36,7000.0,7018.25,Call DEX 1,DEX,559.619,7453.013609088046,9249.19938152132
2026-08-18 11:17:36,7000.0,7018.25,Put GEX 2,GEX,-670110.227,7453.013609088046,9249.19938152132
2026-08-18 11:17:36,7000.0,7018.25,Call VEX 1,VEX,6757279.091,7453.013609088046,9249.19938152132
2026-08-18 11:17:36,7300.0,7319.25,Call VEX 5,VEX,1987764.556,7453.013609088046,9249.19938152132
2026-08-18 11:17:36,7400.0,7419.5,Call VEX 4,VEX,2460064.363,7453.013609088046,9249.19938152132
2026-08-18 11:17:36,7450.0,7469.5,Call DEX 4,DEX,339.189,7453.013609088046,9249.19938152132
2026-08-18 11:17:36,7500.0,7519.75,Call CEX 4,CEX,1679754.686,7453.013609088046,9249.19938152132
2026-08-18 11:17:36,7500.0,7519.75,Call DEX 2,DEX,545.344,7453.013609088046,9249.19938152132
2026-08-18 11:17:36,7500.0,7519.75,Put GEX 4,GEX,-378600.125,7453.013609088046,9249.19938152132
2026-08-18 11:17:36,7500.0,7519.75,Call VEX 2,VEX,3598546.531,7453.013609088046,9249.19938152132
2026-08-18 11:17:36,7550.0,7569.75,Call CEX 5,CEX,1401901.645,7453.013609088046,9249.19938152132
2026-08-18 11:17:36,7550.0,7569.75,Call DEX 5,DEX,291.231,7453.013609088046,9249.19938152132
2026-08-18 11:17:36,7600.0,7620.0,Call CEX 3,CEX,2034663.601,7453.013609088046,9249.19938152132
2026-08-18 11:17:36,7600.0,7620.0,Call DEX 3,DEX,444.7,7453.013609088046,9249.19938152132
2026-08-18 11:17:36,7600.0,7620.0,Call VEX 3,VEX,2620213.788,7453.013609088046,9249.19938152132
2026-08-18 11:17:36,7635.0,7655.0,Call CEX 1,CEX,3401382.788,7453.013609088046,9249.19938152132
2026-08-18 11:17:36,7650.0,7670.0,Call CEX 2,CEX,2123367.983,7453.013609088046,9249.19938152132
2026-08-18 11:17:36,7700.0,7720.25,Put GEX 1,GEX,-720751.137,7453.013609088046,9249.19938152132
2026-08-18 11:17:36,7710.0,7730.25,Put CEX 3,CEX,-1879275.697,7453.013609088046,9249.19938152132
2026-08-18 11:17:36,7710.0,7730.25,Put GEX 3,GEX,-446206.719,7453.013609088046,9249.19938152132
2026-08-18 11:17:36,7720.0,7740.25,Put DEX 5,DEX,-34.588,7453.013609088046,9249.19938152132
2026-08-18 11:17:36,7720.0,7740.25,Put GEX 5,GEX,-307433.05,7453.013609088046,9249.19938152132
2026-08-18 11:17:36,7735.0,7755.25,Put DEX 4,DEX,-41.626,7453.013609088046,9249.19938152132
2026-08-18 11:17:36,7750.0,7770.25,Put CEX 2,CEX,-2048155.127,7453.013609088046,9249.19938152132
2026-08-18 11:17:36,7750.0,7770.25,Call GEX 4,GEX,288909.676,7453.013609088046,9249.19938152132
2026-08-18 11:17:36,7750.0,7770.25,Put VEX 5,VEX,-642881.77,7453.013609088046,9249.19938152132
2026-08-18 11:17:36,7775.0,7795.5,Put CEX 5,CEX,-1029376.405,7453.013609088046,9249.19938152132
2026-08-18 11:17:36,7775.0,7795.5,Call GEX 5,GEX,274757.7,7453.013609088046,9249.19938152132
2026-08-18 11:17:36,7800.0,7820.5,Put CEX 4,CEX,-1770348.543,7453.013609088046,9249.19938152132
2026-08-18 11:17:36,7800.0,7820.5,Put DEX 3,DEX,-44.678,7453.013609088046,9249.19938152132
2026-08-18 11:17:36,7800.0,7820.5,Call GEX 2,GEX,540407.627,7453.013609088046,9249.19938152132
2026-08-18 11:17:36,7800.0,7820.5,Put VEX 2,VEX,-1229713.608,7453.013609088046,9249.19938152132
2026-08-18 11:17:36,7850.0,7870.5,Call GEX 3,GEX,312028.651,7453.013609088046,9249.19938152132
2026-08-18 11:17:36,7900.0,7920.75,Call GEX 1,GEX,708660.399,7453.013609088046,9249.19938152132
2026-08-18 11:17:36,7900.0,7920.75,Put VEX 3,VEX,-1227355.297,7453.013609088046,9249.19938152132
2026-08-18 11:17:36,8000.0,8021.0,Put CEX 1,CEX,-4657692.644,7453.013609088046,9249.19938152132
2026-08-18 11:17:36,8000.0,8021.0,Put DEX 1,DEX,-2610.786,7453.013609088046,9249.19938152132
2026-08-18 11:17:36,8000.0,8021.0,Put VEX 1,VEX,-11776612.524,7453.013609088046,9249.19938152132
2026-08-18 11:17:36,8200.0,8221.5,Put VEX 4,VEX,-787391.901,7453.013609088046,9249.19938152132
2026-08-18 11:17:36,8500.0,8522.25,Put DEX 2,DEX,-102.496,7453.013609088046,9249.19938152132
2026-08-18 11:18:36,7000.0,7018.5,Call DEX 1,DEX,556.656,7474.201532066922,9249.007159549014
2026-08-18 11:18:36,7000.0,7018.5,Put GEX 2,GEX,-657956.719,7474.201532066922,9249.007159549014
2026-08-18 11:18:36,7000.0,7018.5,Call VEX 1,VEX,6830262.293,7474.201532066922,9249.007159549014
2026-08-18 11:18:36,7300.0,7319.5,Call VEX 5,VEX,1995062.497,7474.201532066922,9249.007159549014
2026-08-18 11:18:36,7400.0,7419.75,Call VEX 4,VEX,2464633.662,7474.201532066922,9249.007159549014
2026-08-18 11:18:36,7450.0,7469.75,Call DEX 5,DEX,264.775,7474.201532066922,9249.007159549014
2026-08-18 11:18:36,7500.0,7520.0,Call CEX 4,CEX,1599180.266,7474.201532066922,9249.007159549014
2026-08-18 11:18:36,7500.0,7520.0,Call DEX 2,DEX,546.685,7474.201532066922,9249.007159549014
2026-08-18 11:18:36,7500.0,7520.0,Put GEX 4,GEX,-400928.39,7474.201532066922,9249.007159549014
2026-08-18 11:18:36,7500.0,7520.0,Call VEX 2,VEX,3556978.276,7474.201532066922,9249.007159549014
2026-08-18 11:18:36,7550.0,7570.0,Call CEX 5,CEX,1374505.782,7474.201532066922,9249.007159549014
2026-08-18 11:18:36,7550.0,7570.0,Call DEX 4,DEX,290.458,7474.201532066922,9249.007159549014
2026-08-18 11:18:36,7600.0,7620.25,Call CEX 3,CEX,2012043.944,7474.201532066922,9249.007159549014
2026-08-18 11:18:36,7600.0,7620.25,Call DEX 3,DEX,446.138,7474.201532066922,9249.007159549014
2026-08-18 11:18:36,7600.0,7620.25,Call VEX 3,VEX,2619204.263,7474.201532066922,9249.007159549014
2026-08-18 11:18:36,7635.0,7655.25,Call CEX 1,CEX,3404982.024,7474.201532066922,9249.007159549014
2026-08-18 11:18:36,7650.0,7670.25,Call CEX 2,CEX,2126428.588,7474.201532066922,9249.007159549014
2026-08-18 11:18:36,7700.0,7720.5,Put GEX 1,GEX,-711838.692,7474.201532066922,9249.007159549014
2026-08-18 11:18:36,7710.0,7730.5,Put CEX 3,CEX,-1840406.633,7474.201532066922,9249.007159549014
2026-08-18 11:18:36,7710.0,7730.5,Put GEX 3,GEX,-457708.176,7474.201532066922,9249.007159549014
2026-08-18 11:18:36,7715.0,7735.5,Put CEX 5,CEX,-1220864.735,7474.201532066922,9249.007159549014
2026-08-18 11:18:36,7720.0,7740.5,Put DEX 5,DEX,-34.183,7474.201532066922,9249.007159549014
2026-08-18 11:18:36,7720.0,7740.5,Put GEX 5,GEX,-305372.359,7474.201532066922,9249.007159549014
2026-08-18 11:18:36,7735.0,7755.5,Put DEX 4,DEX,-41.348,7474.201532066922,9249.007159549014
2026-08-18 11:18:36,7750.0,7770.5,Put CEX 2,CEX,-2050286.561,7474.201532066922,9249.007159549014
2026-08-18 11:18:36,7750.0,7770.5,Call GEX 4,GEX,288397.194,7474.201532066922,9249.007159549014
2026-08-18 11:18:36,7750.0,7770.5,Put VEX 5,VEX,-637228.443,7474.201532066922,9249.007159549014
2026-08-18 11:18:36,7775.0,7795.75,Call GEX 5,GEX,275640.624,7474.201532066922,9249.007159549014
2026-08-18 11:18:36,7800.0,7820.75,Put CEX 4,CEX,-1779554.414,7474.201532066922,9249.007159549014
2026-08-18 11:18:36,7800.0,7820.75,Put DEX 3,DEX,-43.304,7474.201532066922,9249.007159549014
2026-08-18 11:18:36,7800.0,7820.75,Call GEX 2,GEX,536375.594,7474.201532066922,9249.007159549014
2026-08-18 11:18:36,7800.0,7820.75,Put VEX 2,VEX,-1228555.047,7474.201532066922,9249.007159549014
2026-08-18 11:18:36,7850.0,7870.75,Call GEX 3,GEX,311719.277,7474.201532066922,9249.007159549014
2026-08-18 11:18:36,7900.0,7921.0,Call GEX 1,GEX,709261.008,7474.201532066922,9249.007159549014
2026-08-18 11:18:36,7900.0,7921.0,Put VEX 3,VEX,-1226422.133,7474.201532066922,9249.007159549014
2026-08-18 11:18:36,8000.0,8021.25,Put CEX 1,CEX,-4800976.367,7474.201532066922,9249.007159549014
2026-08-18 11:18:36,8000.0,8021.25,Put DEX 1,DEX,-2610.883,7474.201532066922,9249.007159549014
2026-08-18 11:18:36,8000.0,8021.25,Put VEX 1,VEX,-11863259.8,7474.201532066922,9249.007159549014
2026-08-18 11:18:36,8200.0,8221.75,Put VEX 4,VEX,-789735.501,7474.201532066922,9249.007159549014
2026-08-18 11:18:36,8500.0,8522.5,Put DEX 2,DEX,-102.352,7474.201532066922,9249.007159549014
2026-08-18 11:19:26,7000.0,7018.5,Call DEX 1,DEX,561.755,7452.720204322419,9248.063549890929
2026-08-18 11:19:26,7000.0,7018.5,Put GEX 2,GEX,-668302.285,7452.720204322419,9248.063549890929
2026-08-18 11:19:26,7000.0,7018.5,Call VEX 1,VEX,6737839.403,7452.720204322419,9248.063549890929
2026-08-18 11:19:26,7300.0,7319.25,Call VEX 5,VEX,1984958.524,7452.720204322419,9248.063549890929
2026-08-18 11:19:26,7400.0,7419.5,Call VEX 4,VEX,2459005.563,7452.720204322419,9248.063549890929
2026-08-18 11:19:26,7450.0,7469.5,Call DEX 5,DEX,260.859,7452.720204322419,9248.063549890929
2026-08-18 11:19:26,7500.0,7519.75,Call CEX 4,CEX,1611523.994,7452.720204322419,9248.063549890929
2026-08-18 11:19:26,7500.0,7519.75,Call DEX 2,DEX,549.434,7452.720204322419,9248.063549890929
2026-08-18 11:19:26,7500.0,7519.75,Put GEX 4,GEX,-394526.076,7452.720204322419,9248.063549890929
2026-08-18 11:19:26,7500.0,7519.75,Call VEX 2,VEX,3558484.508,7452.720204322419,9248.063549890929
2026-08-18 11:19:26,7550.0,7570.0,Call CEX 5,CEX,1439351.942,7452.720204322419,9248.063549890929
2026-08-18 11:19:26,7550.0,7570.0,Call DEX 4,DEX,292.015,7452.720204322419,9248.063549890929
2026-08-18 11:19:26,7600.0,7620.0,Call CEX 3,CEX,2061254.284,7452.720204322419,9248.063549890929
2026-08-18 11:19:26,7600.0,7620.0,Call DEX 3,DEX,449.901,7452.720204322419,9248.063549890929
2026-08-18 11:19:26,7600.0,7620.0,Call VEX 3,VEX,2626007.781,7452.720204322419,9248.063549890929
2026-08-18 11:19:26,7635.0,7655.0,Call CEX 1,CEX,2594067.196,7452.720204322419,9248.063549890929
2026-08-18 11:19:26,7650.0,7670.25,Call CEX 2,CEX,2152937.535,7452.720204322419,9248.063549890929
2026-08-18 11:19:26,7700.0,7720.25,Put GEX 1,GEX,-687840.321,7452.720204322419,9248.063549890929
2026-08-18 11:19:26,7710.0,7730.25,Put CEX 4,CEX,-1737533.527,7452.720204322419,9248.063549890929
2026-08-18 11:19:26,7710.0,7730.25,Put GEX 3,GEX,-498716.148,7452.720204322419,9248.063549890929
2026-08-18 11:19:26,7715.0,7735.25,Put CEX 5,CEX,-1264960.047,7452.720204322419,9248.063549890929
2026-08-18 11:19:26,7720.0,7740.25,Put DEX 5,DEX,-33.606,7452.720204322419,9248.063549890929
2026-08-18 11:19:26,7720.0,7740.25,Put GEX 5,GEX,-318148.809,7452.720204322419,9248.063549890929
2026-08-18 11:19:26,7735.0,7755.25,Put DEX 3,DEX,-41.531,7452.720204322419,9248.063549890929
2026-08-18 11:19:26,7750.0,7770.5,Put CEX 2,CEX,-2028670.633,7452.720204322419,9248.063549890929
2026-08-18 11:19:26,7750.0,7770.5,Call GEX 4,GEX,293050.694,7452.720204322419,9248.063549890929
2026-08-18 11:19:26,7750.0,7770.5,Put VEX 5,VEX,-619715.219,7452.720204322419,9248.063549890929
2026-08-18 11:19:26,7775.0,7795.5,Call GEX 5,GEX,282581.747,7452.720204322419,9248.063549890929
2026-08-18 11:19:26,7800.0,7820.5,Put CEX 3,CEX,-1759175.231,7452.720204322419,9248.063549890929
2026-08-18 11:19:26,7800.0,7820.5,Put DEX 4,DEX,-36.692,7452.720204322419,9248.063549890929
2026-08-18 11:19:26,7800.0,7820.5,Call GEX 2,GEX,550687.145,7452.720204322419,9248.063549890929
2026-08-18 11:19:26,7800.0,7820.5,Put VEX 3,VEX,-1213912.444,7452.720204322419,9248.063549890929
2026-08-18 11:19:26,7850.0,7870.75,Call GEX 3,GEX,314501.749,7452.720204322419,9248.063549890929
2026-08-18 11:19:26,7900.0,7920.75,Call GEX 1,GEX,714092.517,7452.720204322419,9248.063549890929
2026-08-18 11:19:26,7900.0,7920.75,Put VEX 2,VEX,-1224007.448,7452.720204322419,9248.063549890929
2026-08-18 11:19:26,8000.0,8021.0,Put CEX 1,CEX,-5189196.601,7452.720204322419,9248.063549890929
2026-08-18 11:19:26,8000.0,8021.0,Put DEX 1,DEX,-2589.417,7452.720204322419,9248.063549890929
2026-08-18 11:19:26,8000.0,8021.0,Put VEX 1,VEX,-12020483.505,7452.720204322419,9248.063549890929
2026-08-18 11:19:26,8200.0,8221.5,Put VEX 4,VEX,-792002.971,7452.720204322419,9248.063549890929
2026-08-18 11:19:26,8500.0,8522.5,Put DEX 2,DEX,-101.439,7452.720204322419,9248.063549890929
2026-08-18 11:20:17,7000.0,7018.25,Call DEX 1,DEX,562.333,7451.617949927432,9247.088229188292
2026-08-18 11:20:17,7000.0,7018.25,Put GEX 1,GEX,-668785.323,7451.617949927432,9247.088229188292
2026-08-18 11:20:17,7000.0,7018.25,Call VEX 1,VEX,6729905.409,7451.617949927432,9247.088229188292
2026-08-18 11:20:17,7300.0,7319.0,Call VEX 5,VEX,1975409.845,7451.617949927432,9247.088229188292
2026-08-18 11:20:17,7400.0,7419.25,Call VEX 4,VEX,2451883.166,7451.617949927432,9247.088229188292
2026-08-18 11:20:17,7450.0,7469.5,Call DEX 5,DEX,263.601,7451.617949927432,9247.088229188292
2026-08-18 11:20:17,7500.0,7519.5,Call CEX 4,CEX,1521577.154,7451.617949927432,9247.088229188292
2026-08-18 11:20:17,7500.0,7519.5,Call DEX 2,DEX,551.91,7451.617949927432,9247.088229188292
2026-08-18 11:20:17,7500.0,7519.5,Put GEX 4,GEX,-411595.157,7451.617949927432,9247.088229188292
2026-08-18 11:20:17,7500.0,7519.5,Call VEX 2,VEX,3523545.58,7451.617949927432,9247.088229188292
2026-08-18 11:20:17,7550.0,7569.75,Call CEX 5,CEX,1348189.245,7451.617949927432,9247.088229188292
2026-08-18 11:20:17,7550.0,7569.75,Call DEX 4,DEX,293.662,7451.617949927432,9247.088229188292
2026-08-18 11:20:17,7600.0,7620.0,Call CEX 3,CEX,2009293.449,7451.617949927432,9247.088229188292
2026-08-18 11:20:17,7600.0,7620.0,Call DEX 3,DEX,451.629,7451.617949927432,9247.088229188292
2026-08-18 11:20:17,7600.0,7620.0,Call VEX 3,VEX,2630475.435,7451.617949927432,9247.088229188292
2026-08-18 11:20:17,7635.0,7655.0,Call CEX 1,CEX,2592896.564,7451.617949927432,9247.088229188292
2026-08-18 11:20:17,7650.0,7670.0,Call CEX 2,CEX,2137732.084,7451.617949927432,9247.088229188292
2026-08-18 11:20:17,7700.0,7720.25,Put GEX 2,GEX,-661923.313,7451.617949927432,9247.088229188292
2026-08-18 11:20:17,7710.0,7730.25,Put CEX 4,CEX,-1631021.761,7451.617949927432,9247.088229188292
2026-08-18 11:20:17,7710.0,7730.25,Put GEX 3,GEX,-489057.607,7451.617949927432,9247.088229188292
2026-08-18 11:20:17,7715.0,7735.25,Put CEX 5,CEX,-1372105.618,7451.617949927432,9247.088229188292
2026-08-18 11:20:17,7720.0,7740.25,Put DEX 3,DEX,-47.337,7451.617949927432,9247.088229188292
2026-08-18 11:20:17,7720.0,7740.25,Put GEX 5,GEX,-399970.901,7451.617949927432,9247.088229188292
2026-08-18 11:20:17,7735.0,7755.25,Put DEX 4,DEX,-40.42,7451.617949927432,9247.088229188292
2026-08-18 11:20:17,7750.0,7770.25,Put CEX 2,CEX,-2050948.235,7451.617949927432,9247.088229188292
2026-08-18 11:20:17,7750.0,7770.25,Call GEX 4,GEX,291123.414,7451.617949927432,9247.088229188292
2026-08-18 11:20:17,7750.0,7770.25,Put VEX 5,VEX,-617986.667,7451.617949927432,9247.088229188292
2026-08-18 11:20:17,7775.0,7795.25,Call GEX 5,GEX,284022.995,7451.617949927432,9247.088229188292
2026-08-18 11:20:17,7800.0,7820.5,Put CEX 3,CEX,-1797658.155,7451.617949927432,9247.088229188292
2026-08-18 11:20:17,7800.0,7820.5,Put DEX 5,DEX,-40.298,7451.617949927432,9247.088229188292
2026-08-18 11:20:17,7800.0,7820.5,Call GEX 2,GEX,546711.671,7451.617949927432,9247.088229188292
2026-08-18 11:20:17,7800.0,7820.5,Put VEX 3,VEX,-1219214.661,7451.617949927432,9247.088229188292
2026-08-18 11:20:17,7850.0,7870.5,Call GEX 3,GEX,315026.044,7451.617949927432,9247.088229188292
2026-08-18 11:20:17,7900.0,7920.75,Call GEX 1,GEX,715445.837,7451.617949927432,9247.088229188292
2026-08-18 11:20:17,7900.0,7920.75,Put VEX 2,VEX,-1223899.938,7451.617949927432,9247.088229188292
2026-08-18 11:20:17,8000.0,8021.0,Put CEX 1,CEX,-4847709.505,7451.617949927432,9247.088229188292
2026-08-18 11:20:17,8000.0,8021.0,Put DEX 1,DEX,-2596.106,7451.617949927432,9247.088229188292
2026-08-18 11:20:17,8000.0,8021.0,Put VEX 1,VEX,-11858834.808,7451.617949927432,9247.088229188292
2026-08-18 11:20:17,8200.0,8221.5,Put VEX 4,VEX,-792931.969,7451.617949927432,9247.088229188292
2026-08-18 11:20:17,8500.0,8522.25,Put DEX 2,DEX,-102.29,7451.617949927432,9247.088229188292
2026-08-18 11:21:14,7000.0,7018.0,Call CEX 5,CEX,1265579.723,7500.51055108929,9247.8861295737
2026-08-18 11:21:14,7000.0,7018.0,Call DEX 1,DEX,562.084,7500.51055108929,9247.8861295737
2026-08-18 11:21:14,7000.0,7018.0,Put GEX 1,GEX,-669770.808,7500.51055108929,9247.8861295737
2026-08-18 11:21:14,7000.0,7018.0,Call VEX 1,VEX,6731775.495,7500.51055108929,9247.8861295737
2026-08-18 11:21:14,7300.0,7318.75,Call VEX 5,VEX,1971419.821,7500.51055108929,9247.8861295737
2026-08-18 11:21:14,7400.0,7419.0,Call DEX 5,DEX,260.249,7500.51055108929,9247.8861295737
2026-08-18 11:21:14,7400.0,7419.0,Call VEX 4,VEX,2434697.587,7500.51055108929,9247.8861295737
2026-08-18 11:21:14,7450.0,7469.0,Call DEX 4,DEX,267.809,7500.51055108929,9247.8861295737
2026-08-18 11:21:14,7500.0,7519.25,Put GEX 3,GEX,-482011.654,7500.51055108929,9247.8861295737
2026-08-18 11:21:14,7500.0,7519.25,Call VEX 2,VEX,3377335.951,7500.51055108929,9247.8861295737
2026-08-18 11:21:14,7550.0,7569.25,Call CEX 4,CEX,1273669.012,7500.51055108929,9247.8861295737
2026-08-18 11:21:14,7550.0,7569.25,Call DEX 3,DEX,294.39,7500.51055108929,9247.8861295737
2026-08-18 11:21:14,7600.0,7619.5,Call CEX 3,CEX,1908555.601,7500.51055108929,9247.8861295737
2026-08-18 11:21:14,7600.0,7619.5,Call DEX 2,DEX,452.082,7500.51055108929,9247.8861295737
2026-08-18 11:21:14,7600.0,7619.5,Call VEX 3,VEX,2620232.677,7500.51055108929,9247.8861295737
2026-08-18 11:21:14,7635.0,7654.5,Call CEX 1,CEX,2608229.346,7500.51055108929,9247.8861295737
2026-08-18 11:21:14,7650.0,7669.5,Call CEX 2,CEX,2119898.661,7500.51055108929,9247.8861295737
2026-08-18 11:21:14,7700.0,7719.75,Put GEX 2,GEX,-637315.056,7500.51055108929,9247.8861295737
2026-08-18 11:21:14,7710.0,7729.75,Put CEX 5,CEX,-1637287.523,7500.51055108929,9247.8861295737
2026-08-18 11:21:14,7710.0,7729.75,Put GEX 4,GEX,-465987.746,7500.51055108929,9247.8861295737
2026-08-18 11:21:14,7720.0,7739.75,Put DEX 4,DEX,-46.759,7500.51055108929,9247.8861295737
2026-08-18 11:21:14,7720.0,7739.75,Put GEX 5,GEX,-441396.695,7500.51055108929,9247.8861295737
2026-08-18 11:21:14,7725.0,7744.75,Put CEX 2,CEX,-2195216.886,7500.51055108929,9247.8861295737
2026-08-18 11:21:14,7735.0,7754.75,Put DEX 3,DEX,-50.38,7500.51055108929,9247.8861295737
2026-08-18 11:21:14,7750.0,7769.75,Put CEX 3,CEX,-2056256.607,7500.51055108929,9247.8861295737
2026-08-18 11:21:14,7750.0,7769.75,Call GEX 4,GEX,297890.381,7500.51055108929,9247.8861295737
2026-08-18 11:21:14,7750.0,7769.75,Put VEX 5,VEX,-621660.992,7500.51055108929,9247.8861295737
2026-08-18 11:21:14,7775.0,7795.0,Call GEX 5,GEX,282718.022,7500.51055108929,9247.8861295737
2026-08-18 11:21:14,7800.0,7820.0,Put CEX 4,CEX,-1819724.496,7500.51055108929,9247.8861295737
2026-08-18 11:21:14,7800.0,7820.0,Put DEX 5,DEX,-39.663,7500.51055108929,9247.8861295737
2026-08-18 11:21:14,7800.0,7820.0,Call GEX 2,GEX,541084.641,7500.51055108929,9247.8861295737
2026-08-18 11:21:14,7800.0,7820.0,Put VEX 2,VEX,-1229382.336,7500.51055108929,9247.8861295737
2026-08-18 11:21:14,7850.0,7870.0,Call GEX 3,GEX,314733.417,7500.51055108929,9247.8861295737
2026-08-18 11:21:14,7900.0,7920.25,Call GEX 1,GEX,714677.449,7500.51055108929,9247.8861295737
2026-08-18 11:21:14,7900.0,7920.25,Put VEX 3,VEX,-1224214.316,7500.51055108929,9247.8861295737
2026-08-18 11:21:14,8000.0,8020.5,Put CEX 1,CEX,-5092348.996,7500.51055108929,9247.8861295737
2026-08-18 11:21:14,8000.0,8020.5,Put DEX 1,DEX,-2589.656,7500.51055108929,9247.8861295737
2026-08-18 11:21:14,8000.0,8020.5,Put VEX 1,VEX,-11974877.16,7500.51055108929,9247.8861295737
2026-08-18 11:21:14,8200.0,8221.0,Put VEX 4,VEX,-792227.784,7500.51055108929,9247.8861295737
2026-08-18 11:21:14,8500.0,8521.75,Put DEX 2,DEX,-102.035,7500.51055108929,9247.8861295737
2026-08-18 11:22:05,7000.0,7018.5,Call DEX 1,DEX,562.144,7483.627673558482,9247.404517677369
2026-08-18 11:22:05,7000.0,7018.5,Put GEX 1,GEX,-670337.728,7483.627673558482,9247.404517677369
2026-08-18 11:22:05,7000.0,7018.5,Call VEX 1,VEX,6726185.463,7483.627673558482,9247.404517677369
2026-08-18 11:22:05,7300.0,7319.25,Call VEX 5,VEX,1975581.356,7483.627673558482,9247.404517677369
2026-08-18 11:22:05,7400.0,7419.5,Call VEX 4,VEX,2447314.02,7483.627673558482,9247.404517677369
2026-08-18 11:22:05,7450.0,7469.5,Call DEX 5,DEX,267.707,7483.627673558482,9247.404517677369
2026-08-18 11:22:05,7500.0,7519.75,Call CEX 4,CEX,1476866.808,7483.627673558482,9247.404517677369
2026-08-18 11:22:05,7500.0,7519.75,Call DEX 2,DEX,552.886,7483.627673558482,9247.404517677369
2026-08-18 11:22:05,7500.0,7519.75,Put GEX 5,GEX,-421470.233,7483.627673558482,9247.404517677369
2026-08-18 11:22:05,7500.0,7519.75,Call VEX 2,VEX,3505131.931,7483.627673558482,9247.404517677369
2026-08-18 11:22:05,7550.0,7569.75,Call CEX 5,CEX,1315875.862,7483.627673558482,9247.404517677369
2026-08-18 11:22:05,7550.0,7569.75,Call DEX 4,DEX,293.804,7483.627673558482,9247.404517677369
2026-08-18 11:22:05,7600.0,7620.0,Call CEX 3,CEX,1955541.89,7483.627673558482,9247.404517677369
2026-08-18 11:22:05,7600.0,7620.0,Call DEX 3,DEX,451.83,7483.627673558482,9247.404517677369
2026-08-18 11:22:05,7600.0,7620.0,Call VEX 3,VEX,2625426.265,7483.627673558482,9247.404517677369
2026-08-18 11:22:05,7635.0,7655.0,Call CEX 1,CEX,2617857.311,7483.627673558482,9247.404517677369
2026-08-18 11:22:05,7650.0,7670.25,Call CEX 2,CEX,2133824.339,7483.627673558482,9247.404517677369
2026-08-18 11:22:05,7700.0,7720.25,Put GEX 2,GEX,-643278.017,7483.627673558482,9247.404517677369
2026-08-18 11:22:05,7710.0,7730.25,Put CEX 5,CEX,-1637053.141,7483.627673558482,9247.404517677369
2026-08-18 11:22:05,7710.0,7730.25,Put GEX 3,GEX,-475512.451,7483.627673558482,9247.404517677369
2026-08-18 11:22:05,7720.0,7740.25,Put DEX 3,DEX,-46.657,7483.627673558482,9247.404517677369
2026-08-18 11:22:05,7720.0,7740.25,Put GEX 4,GEX,-441908.671,7483.627673558482,9247.404517677369
2026-08-18 11:22:05,7725.0,7745.25,Put CEX 3,CEX,-1996099.172,7483.627673558482,9247.404517677369
2026-08-18 11:22:05,7735.0,7755.25,Put DEX 4,DEX,-40.303,7483.627673558482,9247.404517677369
2026-08-18 11:22:05,7750.0,7770.5,Put CEX 2,CEX,-2056773.681,7483.627673558482,9247.404517677369
2026-08-18 11:22:05,7750.0,7770.5,Call GEX 4,GEX,293896.71,7483.627673558482,9247.404517677369
2026-08-18 11:22:05,7750.0,7770.5,Put VEX 5,VEX,-619362.104,7483.627673558482,9247.404517677369
2026-08-18 11:22:05,7775.0,7795.5,Call GEX 5,GEX,283087.209,7483.627673558482,9247.404517677369
2026-08-18 11:22:05,7800.0,7820.5,Put CEX 4,CEX,-1929050.228,7483.627673558482,9247.404517677369
2026-08-18 11:22:05,7800.0,7820.5,Put DEX 5,DEX,-39.823,7483.627673558482,9247.404517677369
2026-08-18 11:22:05,7800.0,7820.5,Call GEX 2,GEX,544517.384,7483.627673558482,9247.404517677369
2026-08-18 11:22:05,7800.0,7820.5,Put VEX 2,VEX,-1226478.816,7483.627673558482,9247.404517677369
2026-08-18 11:22:05,7850.0,7870.75,Call GEX 3,GEX,314140.011,7483.627673558482,9247.404517677369
2026-08-18 11:22:05,7900.0,7920.75,Call GEX 1,GEX,714779.484,7483.627673558482,9247.404517677369
2026-08-18 11:22:05,7900.0,7920.75,Put VEX 3,VEX,-1223960.272,7483.627673558482,9247.404517677369
2026-08-18 11:22:05,8000.0,8021.0,Put CEX 1,CEX,-5080963.752,7483.627673558482,9247.404517677369
2026-08-18 11:22:05,8000.0,8021.0,Put DEX 1,DEX,-2589.565,7483.627673558482,9247.404517677369
2026-08-18 11:22:05,8000.0,8021.0,Put VEX 1,VEX,-11970742.584,7483.627673558482,9247.404517677369
2026-08-18 11:22:05,8200.0,8221.5,Put VEX 4,VEX,-792913.94,7483.627673558482,9247.404517677369
2026-08-18 11:22:05,8500.0,8522.25,Put DEX 2,DEX,-101.991,7483.627673558482,9247.404517677369
2026-08-18 11:22:59,7000.0,7018.25,Call DEX 1,DEX,565.411,7484.504703656713,9249.612677504188
2026-08-18 11:22:59,7000.0,7018.25,Put GEX 1,GEX,-673036.828,7484.504703656713,9249.612677504188
2026-08-18 11:22:59,7000.0,7018.25,Call VEX 1,VEX,6678028.532,7484.504703656713,9249.612677504188
2026-08-18 11:22:59,7300.0,7319.0,Call VEX 5,VEX,1969701.646,7484.504703656713,9249.612677504188
2026-08-18 11:22:59,7400.0,7419.25,Call VEX 4,VEX,2420444.146,7484.504703656713,9249.612677504188
2026-08-18 11:22:59,7450.0,7469.25,Call DEX 5,DEX,265.227,7484.504703656713,9249.612677504188
2026-08-18 11:22:59,7500.0,7519.5,Call CEX 5,CEX,1355069.875,7484.504703656713,9249.612677504188
2026-08-18 11:22:59,7500.0,7519.5,Call DEX 2,DEX,556.586,7484.504703656713,9249.612677504188
2026-08-18 11:22:59,7500.0,7519.5,Put GEX 5,GEX,-449245.743,7484.504703656713,9249.612677504188
2026-08-18 11:22:59,7500.0,7519.5,Call VEX 2,VEX,3442048.012,7484.504703656713,9249.612677504188
2026-08-18 11:22:59,7550.0,7569.5,Call DEX 4,DEX,295.599,7484.504703656713,9249.612677504188
2026-08-18 11:22:59,7600.0,7619.75,Call CEX 3,CEX,1928949.677,7484.504703656713,9249.612677504188
2026-08-18 11:22:59,7600.0,7619.75,Call DEX 3,DEX,455.154,7484.504703656713,9249.612677504188
2026-08-18 11:22:59,7600.0,7619.75,Call VEX 3,VEX,2631412.16,7484.504703656713,9249.612677504188
2026-08-18 11:22:59,7635.0,7654.75,Call CEX 1,CEX,2608446.902,7484.504703656713,9249.612677504188
2026-08-18 11:22:59,7650.0,7669.75,Call CEX 2,CEX,2132316.6,7484.504703656713,9249.612677504188
2026-08-18 11:22:59,7700.0,7720.0,Call CEX 4,CEX,1600349.489,7484.504703656713,9249.612677504188
2026-08-18 11:22:59,7700.0,7720.0,Put GEX 2,GEX,-594890.436,7484.504703656713,9249.612677504188
2026-08-18 11:22:59,7710.0,7730.0,Put GEX 3,GEX,-476071.419,7484.504703656713,9249.612677504188
2026-08-18 11:22:59,7720.0,7740.0,Put CEX 5,CEX,-1765507.34,7484.504703656713,9249.612677504188
2026-08-18 11:22:59,7720.0,7740.0,Put DEX 4,DEX,-45.278,7484.504703656713,9249.612677504188
2026-08-18 11:22:59,7720.0,7740.0,Put GEX 4,GEX,-470206.288,7484.504703656713,9249.612677504188
2026-08-18 11:22:59,7725.0,7745.0,Put CEX 2,CEX,-2570122.589,7484.504703656713,9249.612677504188
2026-08-18 11:22:59,7735.0,7755.0,Put DEX 3,DEX,-49.508,7484.504703656713,9249.612677504188
2026-08-18 11:22:59,7750.0,7770.0,Put CEX 3,CEX,-2054754.509,7484.504703656713,9249.612677504188
2026-08-18 11:22:59,7750.0,7770.0,Call GEX 4,GEX,297676.272,7484.504703656713,9249.612677504188
2026-08-18 11:22:59,7775.0,7795.25,Call GEX 5,GEX,288794.61,7484.504703656713,9249.612677504188
2026-08-18 11:22:59,7800.0,7820.25,Put CEX 4,CEX,-1945273.261,7484.504703656713,9249.612677504188
2026-08-18 11:22:59,7800.0,7820.25,Put DEX 5,DEX,-37.562,7484.504703656713,9249.612677504188
2026-08-18 11:22:59,7800.0,7820.25,Call GEX 2,GEX,550538.324,7484.504703656713,9249.612677504188
2026-08-18 11:22:59,7800.0,7820.25,Put VEX 3,VEX,-1221402.258,7484.504703656713,9249.612677504188
2026-08-18 11:22:59,7850.0,7870.25,Call GEX 3,GEX,316598.505,7484.504703656713,9249.612677504188
2026-08-18 11:22:59,7900.0,7920.5,Call GEX 1,GEX,719098.203,7484.504703656713,9249.612677504188
2026-08-18 11:22:59,7900.0,7920.5,Put VEX 2,VEX,-1222419.866,7484.504703656713,9249.612677504188
2026-08-18 11:22:59,8000.0,8020.75,Put CEX 1,CEX,-5128469.328,7484.504703656713,9249.612677504188
2026-08-18 11:22:59,8000.0,8020.75,Put DEX 1,DEX,-2581.744,7484.504703656713,9249.612677504188
2026-08-18 11:22:59,8000.0,8020.75,Put VEX 1,VEX,-11983481.868,7484.504703656713,9249.612677504188
2026-08-18 11:22:59,8100.0,8121.0,Put VEX 5,VEX,-606552.878,7484.504703656713,9249.612677504188
2026-08-18 11:22:59,8200.0,8221.25,Put VEX 4,VEX,-794324.057,7484.504703656713,9249.612677504188
2026-08-18 11:22:59,8500.0,8522.0,Put DEX 2,DEX,-101.943,7484.504703656713,9249.612677504188
2026-08-18 11:23:54,7000.0,7018.25,Call CEX 5,CEX,1264088.657,7478.752130163476,9250.956379575411
2026-08-18 11:23:54,7000.0,7018.25,Call DEX 1,DEX,562.873,7478.752130163476,9250.956379575411
2026-08-18 11:23:54,7000.0,7018.25,Put GEX 1,GEX,-673627.804,7478.752130163476,9250.956379575411
2026-08-18 11:23:54,7000.0,7018.25,Call VEX 1,VEX,6705984.551,7478.752130163476,9250.956379575411
2026-08-18 11:23:54,7300.0,7319.0,Call VEX 5,VEX,1973979.665,7478.752130163476,9250.956379575411
2026-08-18 11:23:54,7400.0,7419.25,Call VEX 4,VEX,2443572.743,7478.752130163476,9250.956379575411
2026-08-18 11:23:54,7450.0,7469.5,Call DEX 5,DEX,267.396,7478.752130163476,9250.956379575411
2026-08-18 11:23:54,7500.0,7519.5,Call CEX 4,CEX,1538493.291,7478.752130163476,9250.956379575411
2026-08-18 11:23:54,7500.0,7519.5,Call DEX 2,DEX,552.429,7478.752130163476,9250.956379575411
2026-08-18 11:23:54,7500.0,7519.5,Put GEX 5,GEX,-406230.716,7478.752130163476,9250.956379575411
2026-08-18 11:23:54,7500.0,7519.5,Call VEX 2,VEX,3534611.571,7478.752130163476,9250.956379575411
2026-08-18 11:23:54,7550.0,7569.75,Call DEX 4,DEX,293.926,7478.752130163476,9250.956379575411
2026-08-18 11:23:54,7600.0,7619.75,Call CEX 3,CEX,1963322.242,7478.752130163476,9250.956379575411
2026-08-18 11:23:54,7600.0,7619.75,Call DEX 3,DEX,449.643,7478.752130163476,9250.956379575411
2026-08-18 11:23:54,7600.0,7619.75,Call VEX 3,VEX,2624682.993,7478.752130163476,9250.956379575411
2026-08-18 11:23:54,7635.0,7655.0,Call CEX 1,CEX,2654327.276,7478.752130163476,9250.956379575411
2026-08-18 11:23:54,7650.0,7670.0,Call CEX 2,CEX,2135335.155,7478.752130163476,9250.956379575411
2026-08-18 11:23:54,7700.0,7720.0,Put GEX 2,GEX,-649618.935,7478.752130163476,9250.956379575411
2026-08-18 11:23:54,7710.0,7730.0,Put CEX 5,CEX,-1725822.327,7478.752130163476,9250.956379575411
2026-08-18 11:23:54,7710.0,7730.0,Put GEX 3,GEX,-459144.789,7478.752130163476,9250.956379575411
2026-08-18 11:23:54,7720.0,7740.25,Put DEX 4,DEX,-47.072,7478.752130163476,9250.956379575411
2026-08-18 11:23:54,7720.0,7740.25,Put GEX 4,GEX,-430753.837,7478.752130163476,9250.956379575411
2026-08-18 11:23:54,7725.0,7745.25,Put CEX 2,CEX,-2089200.064,7478.752130163476,9250.956379575411
2026-08-18 11:23:54,7735.0,7755.25,Put DEX 3,DEX,-50.839,7478.752130163476,9250.956379575411
2026-08-18 11:23:54,7750.0,7770.25,Put CEX 3,CEX,-2063863.743,7478.752130163476,9250.956379575411
2026-08-18 11:23:54,7750.0,7770.25,Call GEX 4,GEX,295134.908,7478.752130163476,9250.956379575411
2026-08-18 11:23:54,7750.0,7770.25,Put VEX 5,VEX,-626295.614,7478.752130163476,9250.956379575411
2026-08-18 11:23:54,7775.0,7795.25,Call GEX 5,GEX,280999.622,7478.752130163476,9250.956379575411
2026-08-18 11:23:54,7800.0,7820.25,Put CEX 4,CEX,-1926867.153,7478.752130163476,9250.956379575411
2026-08-18 11:23:54,7800.0,7820.25,Put DEX 5,DEX,-41.157,7478.752130163476,9250.956379575411
2026-08-18 11:23:54,7800.0,7820.25,Call GEX 2,GEX,546419.95,7478.752130163476,9250.956379575411
2026-08-18 11:23:54,7800.0,7820.25,Put VEX 2,VEX,-1228828.256,7478.752130163476,9250.956379575411
2026-08-18 11:23:54,7850.0,7870.5,Call GEX 3,GEX,313658.112,7478.752130163476,9250.956379575411
2026-08-18 11:23:54,7900.0,7920.5,Call GEX 1,GEX,713767.01,7478.752130163476,9250.956379575411
2026-08-18 11:23:54,7900.0,7920.5,Put VEX 3,VEX,-1225509.054,7478.752130163476,9250.956379575411
2026-08-18 11:23:54,8000.0,8020.75,Put CEX 1,CEX,-5118122.184,7478.752130163476,9250.956379575411
2026-08-18 11:23:54,8000.0,8020.75,Put DEX 1,DEX,-2588.628,7478.752130163476,9250.956379575411
2026-08-18 11:23:54,8000.0,8020.75,Put VEX 1,VEX,-11989389.53,7478.752130163476,9250.956379575411
2026-08-18 11:23:54,8200.0,8221.5,Put VEX 4,VEX,-792191.177,7478.752130163476,9250.956379575411
2026-08-18 11:23:54,8500.0,8522.25,Put DEX 2,DEX,-101.944,7478.752130163476,9250.956379575411
2026-08-18 11:24:43,7000.0,7018.25,Call DEX 1,DEX,560.526,7452.28883990685,9251.974795976332
2026-08-18 11:24:43,7000.0,7018.25,Put GEX 2,GEX,-668561.467,7452.28883990685,9251.974795976332
2026-08-18 11:24:43,7000.0,7018.25,Call VEX 1,VEX,6751868.07,7452.28883990685,9251.974795976332
2026-08-18 11:24:43,7300.0,7319.25,Call VEX 5,VEX,1979898.517,7452.28883990685,9251.974795976332
2026-08-18 11:24:43,7400.0,7419.5,Call VEX 4,VEX,2454771.119,7452.28883990685,9251.974795976332
2026-08-18 11:24:43,7450.0,7469.5,Call DEX 5,DEX,266.311,7452.28883990685,9251.974795976332
2026-08-18 11:24:43,7500.0,7519.75,Call CEX 4,CEX,1592805.036,7452.28883990685,9251.974795976332
2026-08-18 11:24:43,7500.0,7519.75,Call DEX 2,DEX,550.209,7452.28883990685,9251.974795976332
2026-08-18 11:24:43,7500.0,7519.75,Put GEX 4,GEX,-396393.551,7452.28883990685,9251.974795976332
2026-08-18 11:24:43,7500.0,7519.75,Call VEX 2,VEX,3555263.054,7452.28883990685,9251.974795976332
2026-08-18 11:24:43,7550.0,7569.75,Call CEX 5,CEX,1271519.676,7452.28883990685,9251.974795976332
2026-08-18 11:24:43,7550.0,7569.75,Call DEX 4,DEX,292.946,7452.28883990685,9251.974795976332
2026-08-18 11:24:43,7600.0,7620.0,Call CEX 3,CEX,2015665.561,7452.28883990685,9251.974795976332
2026-08-18 11:24:43,7600.0,7620.0,Call DEX 3,DEX,447.779,7452.28883990685,9251.974795976332
2026-08-18 11:24:43,7600.0,7620.0,Call VEX 3,VEX,2621631.22,7452.28883990685,9251.974795976332
2026-08-18 11:24:43,7635.0,7655.0,Call CEX 1,CEX,2682260.274,7452.28883990685,9251.974795976332
2026-08-18 11:24:43,7650.0,7670.0,Call CEX 2,CEX,2172456.99,7452.28883990685,9251.974795976332
2026-08-18 11:24:43,7700.0,7720.25,Put GEX 1,GEX,-735831.596,7452.28883990685,9251.974795976332
2026-08-18 11:24:43,7710.0,7730.25,Put CEX 4,CEX,-1915048.016,7452.28883990685,9251.974795976332
2026-08-18 11:24:43,7710.0,7730.25,Put GEX 3,GEX,-473316.118,7452.28883990685,9251.974795976332
2026-08-18 11:24:43,7715.0,7735.25,Put CEX 5,CEX,-1132012.873,7452.28883990685,9251.974795976332
2026-08-18 11:24:43,7720.0,7740.25,Put DEX 5,DEX,-34.021,7452.28883990685,9251.974795976332
2026-08-18 11:24:43,7720.0,7740.25,Put GEX 5,GEX,-306385.565,7452.28883990685,9251.974795976332
2026-08-18 11:24:43,7735.0,7755.25,Put DEX 4,DEX,-41.108,7452.28883990685,9251.974795976332
2026-08-18 11:24:43,7750.0,7770.25,Put CEX 2,CEX,-2067771.95,7452.28883990685,9251.974795976332
2026-08-18 11:24:43,7750.0,7770.25,Call GEX 4,GEX,290417.96,7452.28883990685,9251.974795976332
2026-08-18 11:24:43,7750.0,7770.25,Put VEX 5,VEX,-634204.47,7452.28883990685,9251.974795976332
2026-08-18 11:24:43,7775.0,7795.5,Call GEX 5,GEX,277975.541,7452.28883990685,9251.974795976332
2026-08-18 11:24:43,7800.0,7820.5,Put CEX 3,CEX,-1920318.07,7452.28883990685,9251.974795976332
2026-08-18 11:24:43,7800.0,7820.5,Put DEX 3,DEX,-42.338,7452.28883990685,9251.974795976332
2026-08-18 11:24:43,7800.0,7820.5,Call GEX 2,GEX,542194.401,7452.28883990685,9251.974795976332
2026-08-18 11:24:43,7800.0,7820.5,Put VEX 2,VEX,-1231913.796,7452.28883990685,9251.974795976332
2026-08-18 11:24:43,7850.0,7870.5,Call GEX 3,GEX,312813.512,7452.28883990685,9251.974795976332
2026-08-18 11:24:43,7900.0,7920.75,Call GEX 1,GEX,713399.568,7452.28883990685,9251.974795976332
2026-08-18 11:24:43,7900.0,7920.75,Put VEX 3,VEX,-1228986.548,7452.28883990685,9251.974795976332
2026-08-18 11:24:43,8000.0,8021.0,Put CEX 1,CEX,-4880885.287,7452.28883990685,9251.974795976332
2026-08-18 11:24:43,8000.0,8021.0,Put DEX 1,DEX,-2599.645,7452.28883990685,9251.974795976332
2026-08-18 11:24:43,8000.0,8021.0,Put VEX 1,VEX,-11881779.766,7452.28883990685,9251.974795976332
2026-08-18 11:24:43,8200.0,8221.5,Put VEX 4,VEX,-793548.171,7452.28883990685,9251.974795976332
2026-08-18 11:24:43,8500.0,8522.25,Put DEX 2,DEX,-102.233,7452.28883990685,9251.974795976332
2026-08-18 11:25:41,7000.0,7018.0,Call CEX 5,CEX,1264512.509,7502.015443670033,9251.257129730377
2026-08-18 11:25:41,7000.0,7018.0,Call DEX 1,DEX,562.8,7502.015443670033,9251.257129730377
2026-08-18 11:25:41,7000.0,7018.0,Put GEX 2,GEX,-674621.491,7502.015443670033,9251.257129730377
2026-08-18 11:25:41,7000.0,7018.0,Call VEX 1,VEX,6703883.468,7502.015443670033,9251.257129730377
2026-08-18 11:25:41,7300.0,7318.75,Call VEX 5,VEX,1974314.783,7502.015443670033,9251.257129730377
2026-08-18 11:25:41,7400.0,7419.0,Call DEX 5,DEX,259.541,7502.015443670033,9251.257129730377
2026-08-18 11:25:41,7400.0,7419.0,Call VEX 4,VEX,2437013.812,7502.015443670033,9251.257129730377
2026-08-18 11:25:41,7450.0,7469.25,Call DEX 4,DEX,263.492,7502.015443670033,9251.257129730377
2026-08-18 11:25:41,7500.0,7519.25,Put GEX 3,GEX,-483839.98,7502.015443670033,9251.257129730377
2026-08-18 11:25:41,7500.0,7519.25,Call VEX 2,VEX,3371713.722,7502.015443670033,9251.257129730377
2026-08-18 11:25:41,7550.0,7569.5,Call DEX 3,DEX,294.446,7502.015443670033,9251.257129730377
2026-08-18 11:25:41,7600.0,7619.5,Call CEX 3,CEX,1924581.672,7502.015443670033,9251.257129730377
2026-08-18 11:25:41,7600.0,7619.5,Call DEX 2,DEX,450.047,7502.015443670033,9251.257129730377
2026-08-18 11:25:41,7600.0,7619.5,Call VEX 3,VEX,2615126.089,7502.015443670033,9251.257129730377
2026-08-18 11:25:41,7635.0,7654.75,Call CEX 1,CEX,2686925.679,7502.015443670033,9251.257129730377
2026-08-18 11:25:41,7650.0,7669.75,Call CEX 2,CEX,2142646.376,7502.015443670033,9251.257129730377
2026-08-18 11:25:41,7690.0,7709.75,Call CEX 4,CEX,1265400.296,7502.015443670033,9251.257129730377
2026-08-18 11:25:41,7700.0,7719.75,Put GEX 1,GEX,-681387.508,7502.015443670033,9251.257129730377
2026-08-18 11:25:41,7710.0,7729.75,Put CEX 5,CEX,-1838623.032,7502.015443670033,9251.257129730377
2026-08-18 11:25:41,7710.0,7729.75,Put GEX 4,GEX,-456770.164,7502.015443670033,9251.257129730377
2026-08-18 11:25:41,7720.0,7739.75,Put DEX 4,DEX,-47.581,7502.015443670033,9251.257129730377
2026-08-18 11:25:41,7720.0,7739.75,Put GEX 5,GEX,-420877.645,7502.015443670033,9251.257129730377
2026-08-18 11:25:41,7725.0,7744.75,Put CEX 3,CEX,-2199787.005,7502.015443670033,9251.257129730377
2026-08-18 11:25:41,7735.0,7755.0,Put DEX 3,DEX,-50.965,7502.015443670033,9251.257129730377
2026-08-18 11:25:41,7750.0,7770.0,Put CEX 2,CEX,-2624701.819,7502.015443670033,9251.257129730377
2026-08-18 11:25:41,7750.0,7770.0,Call GEX 5,GEX,275435.001,7502.015443670033,9251.257129730377
2026-08-18 11:25:41,7750.0,7770.0,Put VEX 5,VEX,-644456.125,7502.015443670033,9251.257129730377
2026-08-18 11:25:41,7775.0,7795.0,Call GEX 4,GEX,277354.785,7502.015443670033,9251.257129730377
2026-08-18 11:25:41,7800.0,7820.0,Put CEX 4,CEX,-1928999.467,7502.015443670033,9251.257129730377
2026-08-18 11:25:41,7800.0,7820.0,Put DEX 5,DEX,-41.56,7502.015443670033,9251.257129730377
2026-08-18 11:25:41,7800.0,7820.0,Call GEX 2,GEX,537411.672,7502.015443670033,9251.257129730377
2026-08-18 11:25:41,7800.0,7820.0,Put VEX 2,VEX,-1233987.088,7502.015443670033,9251.257129730377
2026-08-18 11:25:41,7850.0,7870.25,Call GEX 3,GEX,312898.085,7502.015443670033,9251.257129730377
2026-08-18 11:25:41,7900.0,7920.25,Call GEX 1,GEX,714032.119,7502.015443670033,9251.257129730377
2026-08-18 11:25:41,7900.0,7920.25,Put VEX 3,VEX,-1228722.184,7502.015443670033,9251.257129730377
2026-08-18 11:25:41,8000.0,8020.5,Put CEX 1,CEX,-5117037.876,7502.015443670033,9251.257129730377
2026-08-18 11:25:41,8000.0,8020.5,Put DEX 1,DEX,-2591.211,7502.015443670033,9251.257129730377
2026-08-18 11:25:41,8000.0,8020.5,Put VEX 1,VEX,-11989837.08,7502.015443670033,9251.257129730377
2026-08-18 11:25:41,8200.0,8221.0,Put VEX 4,VEX,-793476.514,7502.015443670033,9251.257129730377
2026-08-18 11:25:41,8500.0,8521.75,Put DEX 2,DEX,-101.929,7502.015443670033,9251.257129730377
2026-08-18 11:26:33,7000.0,7018.25,Call DEX 1,DEX,559.882,7464.914646571029,9252.599843817725
2026-08-18 11:26:33,7000.0,7018.25,Put GEX 2,GEX,-669417.343,7464.914646571029,9252.599843817725
2026-08-18 11:26:33,7000.0,7018.25,Call VEX 1,VEX,6756331.485,7464.914646571029,9252.599843817725
2026-08-18 11:26:33,7300.0,7319.0,Call VEX 5,VEX,1981352.921,7464.914646571029,9252.599843817725
2026-08-18 11:26:33,7400.0,7419.25,Call VEX 4,VEX,2454799.17,7464.914646571029,9252.599843817725
2026-08-18 11:26:33,7450.0,7469.5,Call DEX 5,DEX,265.471,7464.914646571029,9252.599843817725
2026-08-18 11:26:33,7500.0,7519.5,Call CEX 4,CEX,1593412.322,7464.914646571029,9252.599843817725
2026-08-18 11:26:33,7500.0,7519.5,Call DEX 2,DEX,548.66,7464.914646571029,9252.599843817725
2026-08-18 11:26:33,7500.0,7519.5,Put GEX 4,GEX,-399855.803,7464.914646571029,9252.599843817725
2026-08-18 11:26:33,7500.0,7519.5,Call VEX 2,VEX,3550241.729,7464.914646571029,9252.599843817725
2026-08-18 11:26:33,7550.0,7569.75,Call CEX 5,CEX,1289345.879,7464.914646571029,9252.599843817725
2026-08-18 11:26:33,7550.0,7569.75,Call DEX 4,DEX,291.681,7464.914646571029,9252.599843817725
2026-08-18 11:26:33,7600.0,7619.75,Call CEX 3,CEX,2037990.643,7464.914646571029,9252.599843817725
2026-08-18 11:26:33,7600.0,7619.75,Call DEX 3,DEX,445.897,7464.914646571029,9252.599843817725
2026-08-18 11:26:33,7600.0,7619.75,Call VEX 3,VEX,2615536.638,7464.914646571029,9252.599843817725
2026-08-18 11:26:33,7635.0,7655.0,Call CEX 1,CEX,2729539.171,7464.914646571029,9252.599843817725
2026-08-18 11:26:33,7650.0,7670.0,Call CEX 2,CEX,2197926.841,7464.914646571029,9252.599843817725
2026-08-18 11:26:33,7695.0,7715.0,Put GEX 5,GEX,-313179.499,7464.914646571029,9252.599843817725
2026-08-18 11:26:33,7700.0,7720.0,Put GEX 1,GEX,-777133.294,7464.914646571029,9252.599843817725
2026-08-18 11:26:33,7710.0,7730.0,Put CEX 2,CEX,-2012687.126,7464.914646571029,9252.599843817725
2026-08-18 11:26:33,7710.0,7730.0,Put GEX 3,GEX,-446416.398,7464.914646571029,9252.599843817725
2026-08-18 11:26:33,7720.0,7740.0,Put DEX 5,DEX,-34.691,7464.914646571029,9252.599843817725
2026-08-18 11:26:33,7735.0,7755.25,Put DEX 4,DEX,-41.876,7464.914646571029,9252.599843817725
2026-08-18 11:26:33,7750.0,7770.25,Put CEX 3,CEX,-1985876.052,7464.914646571029,9252.599843817725
2026-08-18 11:26:33,7750.0,7770.25,Call GEX 4,GEX,288713.051,7464.914646571029,9252.599843817725
2026-08-18 11:26:33,7750.0,7770.25,Put VEX 5,VEX,-644723.069,7464.914646571029,9252.599843817725
2026-08-18 11:26:33,7775.0,7795.25,Put CEX 5,CEX,-1044610.653,7464.914646571029,9252.599843817725
2026-08-18 11:26:33,7775.0,7795.25,Call GEX 5,GEX,274362.5,7464.914646571029,9252.599843817725
2026-08-18 11:26:33,7800.0,7820.25,Put CEX 4,CEX,-1902534.937,7464.914646571029,9252.599843817725
2026-08-18 11:26:33,7800.0,7820.25,Put DEX 3,DEX,-44.748,7464.914646571029,9252.599843817725
2026-08-18 11:26:33,7800.0,7820.25,Call GEX 2,GEX,539619.533,7464.914646571029,9252.599843817725
2026-08-18 11:26:33,7800.0,7820.25,Put VEX 2,VEX,-1232874.834,7464.914646571029,9252.599843817725
2026-08-18 11:26:33,7850.0,7870.5,Call GEX 3,GEX,311330.133,7464.914646571029,9252.599843817725
2026-08-18 11:26:33,7900.0,7920.5,Call GEX 1,GEX,710146.361,7464.914646571029,9252.599843817725
2026-08-18 11:26:33,7900.0,7920.5,Put VEX 3,VEX,-1230315.682,7464.914646571029,9252.599843817725
2026-08-18 11:26:33,8000.0,8020.75,Put CEX 1,CEX,-4818273.688,7464.914646571029,9252.599843817725
2026-08-18 11:26:33,8000.0,8020.75,Put DEX 1,DEX,-2605.374,7464.914646571029,9252.599843817725
2026-08-18 11:26:33,8000.0,8020.75,Put VEX 1,VEX,-11855434.862,7464.914646571029,9252.599843817725
2026-08-18 11:26:33,8200.0,8221.25,Put VEX 4,VEX,-792446.749,7464.914646571029,9252.599843817725
2026-08-18 11:26:33,8500.0,8522.25,Put DEX 2,DEX,-102.316,7464.914646571029,9252.599843817725
2026-08-18 11:27:22,7000.0,7018.25,Call DEX 1,DEX,564.407,7453.745525921798,9249.294794893372
2026-08-18 11:27:22,7000.0,7018.25,Put GEX 2,GEX,-678276.044,7453.745525921798,9249.294794893372
2026-08-18 11:27:22,7000.0,7018.25,Call VEX 1,VEX,6669695.574,7453.745525921798,9249.294794893372
2026-08-18 11:27:22,7300.0,7319.25,Call VEX 5,VEX,1974989.49,7453.745525921798,9249.294794893372
2026-08-18 11:27:22,7400.0,7419.5,Call VEX 4,VEX,2444122.197,7453.745525921798,9249.294794893372
2026-08-18 11:27:22,7450.0,7469.5,Call DEX 5,DEX,263.471,7453.745525921798,9249.294794893372
2026-08-18 11:27:22,7500.0,7519.75,Call CEX 4,CEX,1575772.017,7453.745525921798,9249.294794893372
2026-08-18 11:27:22,7500.0,7519.75,Call DEX 2,DEX,550.404,7453.745525921798,9249.294794893372
2026-08-18 11:27:22,7500.0,7519.75,Put GEX 4,GEX,-399268.693,7453.745525921798,9249.294794893372
2026-08-18 11:27:22,7500.0,7519.75,Call VEX 2,VEX,3549783.989,7453.745525921798,9249.294794893372
2026-08-18 11:27:22,7550.0,7569.75,Call DEX 4,DEX,293.118,7453.745525921798,9249.294794893372
2026-08-18 11:27:22,7600.0,7620.0,Call CEX 3,CEX,2016601.854,7453.745525921798,9249.294794893372
2026-08-18 11:27:22,7600.0,7620.0,Call DEX 3,DEX,450.036,7453.745525921798,9249.294794893372
2026-08-18 11:27:22,7600.0,7620.0,Call VEX 3,VEX,2625313.613,7453.745525921798,9249.294794893372
2026-08-18 11:27:22,7635.0,7655.0,Call CEX 1,CEX,2713209.025,7453.745525921798,9249.294794893372
2026-08-18 11:27:22,7650.0,7670.0,Call CEX 2,CEX,2194382.936,7453.745525921798,9249.294794893372
2026-08-18 11:27:22,7690.0,7710.25,Call CEX 5,CEX,1277102.52,7453.745525921798,9249.294794893372
2026-08-18 11:27:22,7700.0,7720.25,Put GEX 1,GEX,-743627.057,7453.745525921798,9249.294794893372
2026-08-18 11:27:22,7710.0,7730.25,Put CEX 3,CEX,-1907731.362,7453.745525921798,9249.294794893372
2026-08-18 11:27:22,7710.0,7730.25,Put GEX 3,GEX,-491154.683,7453.745525921798,9249.294794893372
2026-08-18 11:27:22,7715.0,7735.25,Put CEX 5,CEX,-1319926.478,7453.745525921798,9249.294794893372
2026-08-18 11:27:22,7720.0,7740.25,Put DEX 5,DEX,-33.707,7453.745525921798,9249.294794893372
2026-08-18 11:27:22,7720.0,7740.25,Put GEX 5,GEX,-306824.513,7453.745525921798,9249.294794893372
2026-08-18 11:27:22,7735.0,7755.25,Put DEX 4,DEX,-40.971,7453.745525921798,9249.294794893372
2026-08-18 11:27:22,7750.0,7770.25,Put CEX 2,CEX,-1985095.592,7453.745525921798,9249.294794893372
2026-08-18 11:27:22,7750.0,7770.25,Call GEX 4,GEX,290466.903,7453.745525921798,9249.294794893372
2026-08-18 11:27:22,7750.0,7770.25,Put VEX 5,VEX,-628460.942,7453.745525921798,9249.294794893372
2026-08-18 11:27:22,7775.0,7795.5,Call GEX 5,GEX,280057.451,7453.745525921798,9249.294794893372
2026-08-18 11:27:22,7800.0,7820.5,Put CEX 4,CEX,-1801001.311,7453.745525921798,9249.294794893372
2026-08-18 11:27:22,7800.0,7820.5,Put DEX 3,DEX,-42.072,7453.745525921798,9249.294794893372
2026-08-18 11:27:22,7800.0,7820.5,Call GEX 2,GEX,541530.006,7453.745525921798,9249.294794893372
2026-08-18 11:27:22,7800.0,7820.5,Put VEX 3,VEX,-1224006.624,7453.745525921798,9249.294794893372
2026-08-18 11:27:22,7850.0,7870.5,Call GEX 3,GEX,313268.811,7453.745525921798,9249.294794893372
2026-08-18 11:27:22,7900.0,7920.75,Call GEX 1,GEX,713060.671,7453.745525921798,9249.294794893372
2026-08-18 11:27:22,7900.0,7920.75,Put VEX 2,VEX,-1226361.292,7453.745525921798,9249.294794893372
2026-08-18 11:27:22,8000.0,8021.0,Put CEX 1,CEX,-4906525.148,7453.745525921798,9249.294794893372
2026-08-18 11:27:22,8000.0,8021.0,Put DEX 1,DEX,-2596.352,7453.745525921798,9249.294794893372
2026-08-18 11:27:22,8000.0,8021.0,Put VEX 1,VEX,-11882616.066,7453.745525921798,9249.294794893372
2026-08-18 11:27:22,8200.0,8221.5,Put VEX 4,VEX,-794123.786,7453.745525921798,9249.294794893372
2026-08-18 11:27:22,8500.0,8522.25,Put DEX 2,DEX,-102.19,7453.745525921798,9249.294794893372
2026-08-18 11:28:11,7000.0,7018.5,Call DEX 1,DEX,560.018,7452.379707376895,9249.603782487284
2026-08-18 11:28:11,7000.0,7018.5,Put GEX 2,GEX,-665854.232,7452.379707376895,9249.603782487284
2026-08-18 11:28:11,7000.0,7018.5,Call VEX 1,VEX,6769018.228,7452.379707376895,9249.603782487284
2026-08-18 11:28:11,7300.0,7319.25,Call VEX 5,VEX,1981524.879,7452.379707376895,9249.603782487284
2026-08-18 11:28:11,7400.0,7419.5,Call VEX 4,VEX,2455272.89,7452.379707376895,9249.603782487284
2026-08-18 11:28:11,7450.0,7469.75,Call DEX 4,DEX,340.434,7452.379707376895,9249.603782487284
2026-08-18 11:28:11,7500.0,7519.75,Call CEX 4,CEX,1638794.053,7452.379707376895,9249.603782487284
2026-08-18 11:28:11,7500.0,7519.75,Call DEX 2,DEX,548.709,7452.379707376895,9249.603782487284
2026-08-18 11:28:11,7500.0,7519.75,Put GEX 4,GEX,-386026.781,7452.379707376895,9249.603782487284
2026-08-18 11:28:11,7500.0,7519.75,Call VEX 2,VEX,3578573.858,7452.379707376895,9249.603782487284
2026-08-18 11:28:11,7550.0,7570.0,Call CEX 5,CEX,1299738.38,7452.379707376895,9249.603782487284
2026-08-18 11:28:11,7550.0,7570.0,Call DEX 5,DEX,292.005,7452.379707376895,9249.603782487284
2026-08-18 11:28:11,7600.0,7620.0,Call CEX 3,CEX,2045507.693,7452.379707376895,9249.603782487284
2026-08-18 11:28:11,7600.0,7620.0,Call DEX 3,DEX,449.02,7452.379707376895,9249.603782487284
2026-08-18 11:28:11,7600.0,7620.0,Call VEX 3,VEX,2625770.148,7452.379707376895,9249.603782487284
2026-08-18 11:28:11,7635.0,7655.25,Call CEX 1,CEX,2730920.76,7452.379707376895,9249.603782487284
2026-08-18 11:28:11,7650.0,7670.25,Call CEX 2,CEX,2214167.919,7452.379707376895,9249.603782487284
2026-08-18 11:28:11,7700.0,7720.25,Put GEX 1,GEX,-763110.172,7452.379707376895,9249.603782487284
2026-08-18 11:28:11,7710.0,7730.25,Put CEX 3,CEX,-1968250.569,7452.379707376895,9249.603782487284
2026-08-18 11:28:11,7710.0,7730.25,Put GEX 3,GEX,-496967.468,7452.379707376895,9249.603782487284
2026-08-18 11:28:11,7715.0,7735.5,Put CEX 5,CEX,-1055332.475,7452.379707376895,9249.603782487284
2026-08-18 11:28:11,7720.0,7740.5,Put DEX 5,DEX,-33.881,7452.379707376895,9249.603782487284
2026-08-18 11:28:11,7720.0,7740.5,Put GEX 5,GEX,-310332.386,7452.379707376895,9249.603782487284
2026-08-18 11:28:11,7735.0,7755.5,Put DEX 4,DEX,-41.049,7452.379707376895,9249.603782487284
2026-08-18 11:28:11,7750.0,7770.5,Put CEX 2,CEX,-1986758.065,7452.379707376895,9249.603782487284
2026-08-18 11:28:11,7750.0,7770.5,Call GEX 4,GEX,287354.199,7452.379707376895,9249.603782487284
2026-08-18 11:28:11,7750.0,7770.5,Put VEX 5,VEX,-630354.256,7452.379707376895,9249.603782487284
2026-08-18 11:28:11,7775.0,7795.5,Call GEX 5,GEX,279134.579,7452.379707376895,9249.603782487284
2026-08-18 11:28:11,7800.0,7820.5,Put CEX 4,CEX,-1791381.474,7452.379707376895,9249.603782487284
2026-08-18 11:28:11,7800.0,7820.5,Put DEX 3,DEX,-42.848,7452.379707376895,9249.603782487284
2026-08-18 11:28:11,7800.0,7820.5,Call GEX 2,GEX,543612.936,7452.379707376895,9249.603782487284
2026-08-18 11:28:11,7800.0,7820.5,Put VEX 3,VEX,-1221221.857,7452.379707376895,9249.603782487284
2026-08-18 11:28:11,7850.0,7870.75,Call GEX 3,GEX,312882.826,7452.379707376895,9249.603782487284
2026-08-18 11:28:11,7900.0,7920.75,Call GEX 1,GEX,712139.749,7452.379707376895,9249.603782487284
2026-08-18 11:28:11,7900.0,7920.75,Put VEX 2,VEX,-1226006.333,7452.379707376895,9249.603782487284
2026-08-18 11:28:11,8000.0,8021.25,Put CEX 1,CEX,-4734886.743,7452.379707376895,9249.603782487284
2026-08-18 11:28:11,8000.0,8021.25,Put DEX 1,DEX,-2603.595,7452.379707376895,9249.603782487284
2026-08-18 11:28:11,8000.0,8021.25,Put VEX 1,VEX,-11810864.85,7452.379707376895,9249.603782487284
2026-08-18 11:28:11,8200.0,8221.75,Put VEX 4,VEX,-794319.239,7452.379707376895,9249.603782487284
2026-08-18 11:28:11,8500.0,8522.5,Put DEX 2,DEX,-102.376,7452.379707376895,9249.603782487284
2026-08-18 11:29:08,7000.0,7018.0,Call DEX 1,DEX,565.636,7502.60950940841,9247.800860772046
2026-08-18 11:29:08,7000.0,7018.0,Put GEX 1,GEX,-677334.242,7502.60950940841,9247.800860772046
2026-08-18 11:29:08,7000.0,7018.0,Call VEX 1,VEX,6659112.129,7502.60950940841,9247.800860772046
2026-08-18 11:29:08,7300.0,7319.0,Call VEX 5,VEX,1965510.32,7502.60950940841,9247.800860772046
2026-08-18 11:29:08,7400.0,7419.25,Call VEX 4,VEX,2419363.91,7502.60950940841,9247.800860772046
2026-08-18 11:29:08,7450.0,7469.25,Call DEX 5,DEX,264.185,7502.60950940841,9247.800860772046
2026-08-18 11:29:08,7500.0,7519.5,Call DEX 2,DEX,556.655,7502.60950940841,9247.800860772046
2026-08-18 11:29:08,7500.0,7519.5,Put GEX 4,GEX,-472219.449,7502.60950940841,9247.800860772046
2026-08-18 11:29:08,7500.0,7519.5,Call VEX 2,VEX,3389090.581,7502.60950940841,9247.800860772046
2026-08-18 11:29:08,7550.0,7569.5,Call DEX 4,DEX,294.117,7502.60950940841,9247.800860772046
2026-08-18 11:29:08,7600.0,7619.75,Call CEX 3,CEX,1831260.18,7502.60950940841,9247.800860772046
2026-08-18 11:29:08,7600.0,7619.75,Call DEX 3,DEX,444.477,7502.60950940841,9247.800860772046
2026-08-18 11:29:08,7600.0,7619.75,Call VEX 3,VEX,2615996.751,7502.60950940841,9247.800860772046
2026-08-18 11:29:08,7635.0,7654.75,Call CEX 1,CEX,2715081.274,7502.60950940841,9247.800860772046
2026-08-18 11:29:08,7650.0,7669.75,Call CEX 2,CEX,2189379.088,7502.60950940841,9247.800860772046
2026-08-18 11:29:08,7690.0,7710.0,Call CEX 5,CEX,1290729.718,7502.60950940841,9247.800860772046
2026-08-18 11:29:08,7700.0,7720.0,Call CEX 4,CEX,1486489.058,7502.60950940841,9247.800860772046
2026-08-18 11:29:08,7700.0,7720.0,Put GEX 2,GEX,-649347.577,7502.60950940841,9247.800860772046
2026-08-18 11:29:08,7710.0,7730.0,Put GEX 3,GEX,-485863.73,7502.60950940841,9247.800860772046
2026-08-18 11:29:08,7720.0,7740.0,Put DEX 4,DEX,-46.252,7502.60950940841,9247.800860772046
2026-08-18 11:29:08,7720.0,7740.0,Put GEX 5,GEX,-450161.355,7502.60950940841,9247.800860772046
2026-08-18 11:29:08,7725.0,7745.0,Put CEX 2,CEX,-2405583.27,7502.60950940841,9247.800860772046
2026-08-18 11:29:08,7735.0,7755.0,Put DEX 3,DEX,-50.082,7502.60950940841,9247.800860772046
2026-08-18 11:29:08,7750.0,7770.0,Put CEX 4,CEX,-1985041.088,7502.60950940841,9247.800860772046
2026-08-18 11:29:08,7750.0,7770.0,Call GEX 4,GEX,297387.38,7502.60950940841,9247.800860772046
2026-08-18 11:29:08,7750.0,7770.0,Put VEX 5,VEX,-615181.065,7502.60950940841,9247.800860772046
2026-08-18 11:29:08,7775.0,7795.0,Put CEX 3,CEX,-2075997.679,7502.60950940841,9247.800860772046
2026-08-18 11:29:08,7775.0,7795.0,Call GEX 5,GEX,257384.418,7502.60950940841,9247.800860772046
2026-08-18 11:29:08,7800.0,7820.25,Put CEX 5,CEX,-1828480.138,7502.60950940841,9247.800860772046
2026-08-18 11:29:08,7800.0,7820.25,Put DEX 5,DEX,-38.938,7502.60950940841,9247.800860772046
2026-08-18 11:29:08,7800.0,7820.25,Call GEX 2,GEX,540888.429,7502.60950940841,9247.800860772046
2026-08-18 11:29:08,7800.0,7820.25,Put VEX 3,VEX,-1224365.377,7502.60950940841,9247.800860772046
2026-08-18 11:29:08,7850.0,7870.25,Call GEX 3,GEX,314030.816,7502.60950940841,9247.800860772046
2026-08-18 11:29:08,7900.0,7920.5,Call GEX 1,GEX,716403.741,7502.60950940841,9247.800860772046
2026-08-18 11:29:08,7900.0,7920.5,Put VEX 2,VEX,-1224593.356,7502.60950940841,9247.800860772046
2026-08-18 11:29:08,8000.0,8020.75,Put CEX 1,CEX,-5263350.504,7502.60950940841,9247.800860772046
2026-08-18 11:29:08,8000.0,8020.75,Put DEX 1,DEX,-2581.223,7502.60950940841,9247.800860772046
2026-08-18 11:29:08,8000.0,8020.75,Put VEX 1,VEX,-12048069.372,7502.60950940841,9247.800860772046
2026-08-18 11:29:08,8200.0,8221.25,Put VEX 4,VEX,-796836.942,7502.60950940841,9247.800860772046
2026-08-18 11:29:08,8500.0,8522.0,Put DEX 2,DEX,-101.809,7502.60950940841,9247.800860772046
2026-08-18 11:29:56,7000.0,7018.25,Call DEX 1,DEX,563.172,7451.986468464936,9249.225123955108
2026-08-18 11:29:56,7000.0,7018.25,Put GEX 2,GEX,-668816.625,7451.986468464936,9249.225123955108
2026-08-18 11:29:56,7000.0,7018.25,Call VEX 1,VEX,6720211.681,7451.986468464936,9249.225123955108
2026-08-18 11:29:56,7300.0,7319.0,Call VEX 5,VEX,1973637.019,7451.986468464936,9249.225123955108
2026-08-18 11:29:56,7400.0,7419.25,Call VEX 4,VEX,2437904.661,7451.986468464936,9249.225123955108
2026-08-18 11:29:56,7450.0,7469.25,Call DEX 5,DEX,268.084,7451.986468464936,9249.225123955108
2026-08-18 11:29:56,7500.0,7519.5,Call CEX 4,CEX,1534878.809,7451.986468464936,9249.225123955108
2026-08-18 11:29:56,7500.0,7519.5,Call DEX 2,DEX,553.069,7451.986468464936,9249.225123955108
2026-08-18 11:29:56,7500.0,7519.5,Put GEX 4,GEX,-405372.99,7451.986468464936,9249.225123955108
2026-08-18 11:29:56,7500.0,7519.5,Call VEX 2,VEX,3529844.022,7451.986468464936,9249.225123955108
2026-08-18 11:29:56,7550.0,7569.5,Call DEX 4,DEX,294.513,7451.986468464936,9249.225123955108
2026-08-18 11:29:56,7600.0,7619.75,Call CEX 2,CEX,2006265.382,7451.986468464936,9249.225123955108
2026-08-18 11:29:56,7600.0,7619.75,Call DEX 3,DEX,453.195,7451.986468464936,9249.225123955108
2026-08-18 11:29:56,7600.0,7619.75,Call VEX 3,VEX,2629593.048,7451.986468464936,9249.225123955108
2026-08-18 11:29:56,7635.0,7654.75,Call CEX 1,CEX,2733888.095,7451.986468464936,9249.225123955108
2026-08-18 11:29:56,7650.0,7670.0,Call CEX 3,CEX,1894932.257,7451.986468464936,9249.225123955108
2026-08-18 11:29:56,7700.0,7720.0,Call CEX 5,CEX,1498378.664,7451.986468464936,9249.225123955108
2026-08-18 11:29:56,7700.0,7720.0,Put GEX 1,GEX,-703424.968,7451.986468464936,9249.225123955108
2026-08-18 11:29:56,7710.0,7730.0,Put CEX 4,CEX,-1797394.151,7451.986468464936,9249.225123955108
2026-08-18 11:29:56,7710.0,7730.0,Put GEX 3,GEX,-516918.683,7451.986468464936,9249.225123955108
2026-08-18 11:29:56,7715.0,7735.0,Put CEX 5,CEX,-1412250.247,7451.986468464936,9249.225123955108
2026-08-18 11:29:56,7720.0,7740.0,Put DEX 3,DEX,-47.536,7451.986468464936,9249.225123955108
2026-08-18 11:29:56,7720.0,7740.0,Put GEX 5,GEX,-357320.312,7451.986468464936,9249.225123955108
2026-08-18 11:29:56,7735.0,7755.0,Put DEX 4,DEX,-40.438,7451.986468464936,9249.225123955108
2026-08-18 11:29:56,7750.0,7770.25,Put CEX 2,CEX,-1987633.787,7451.986468464936,9249.225123955108
2026-08-18 11:29:56,7750.0,7770.25,Call GEX 4,GEX,291096.22,7451.986468464936,9249.225123955108
2026-08-18 11:29:56,7750.0,7770.25,Put VEX 5,VEX,-616755.099,7451.986468464936,9249.225123955108
2026-08-18 11:29:56,7775.0,7795.25,Call GEX 5,GEX,284306.987,7451.986468464936,9249.225123955108
2026-08-18 11:29:56,7800.0,7820.25,Put CEX 3,CEX,-1816933.721,7451.986468464936,9249.225123955108
2026-08-18 11:29:56,7800.0,7820.25,Put DEX 5,DEX,-40.11,7451.986468464936,9249.225123955108
2026-08-18 11:29:56,7800.0,7820.25,Call GEX 2,GEX,545219.756,7451.986468464936,9249.225123955108
2026-08-18 11:29:56,7800.0,7820.25,Put VEX 3,VEX,-1219694.16,7451.986468464936,9249.225123955108
2026-08-18 11:29:56,7850.0,7870.5,Call GEX 3,GEX,315072.808,7451.986468464936,9249.225123955108
2026-08-18 11:29:56,7900.0,7920.5,Call GEX 1,GEX,716260.179,7451.986468464936,9249.225123955108
2026-08-18 11:29:56,7900.0,7920.5,Put VEX 2,VEX,-1224110.073,7451.986468464936,9249.225123955108
2026-08-18 11:29:56,8000.0,8020.75,Put CEX 1,CEX,-4971436.697,7451.986468464936,9249.225123955108
2026-08-18 11:29:56,8000.0,8020.75,Put DEX 1,DEX,-2591.372,7451.986468464936,9249.225123955108
2026-08-18 11:29:56,8000.0,8020.75,Put VEX 1,VEX,-11912468.872,7451.986468464936,9249.225123955108
2026-08-18 11:29:56,8200.0,8221.25,Put VEX 4,VEX,-796674.387,7451.986468464936,9249.225123955108
2026-08-18 11:29:56,8500.0,8522.0,Put DEX 2,DEX,-102.154,7451.986468464936,9249.225123955108
2026-08-18 11:30:48,7000.0,7018.5,Call DEX 1,DEX,562.914,7450.917122086497,9249.714481335915
2026-08-18 11:30:48,7000.0,7018.5,Put GEX 2,GEX,-667917.418,7450.917122086497,9249.714481335915
2026-08-18 11:30:48,7000.0,7018.5,Call VEX 1,VEX,6727082.146,7450.917122086497,9249.714481335915
2026-08-18 11:30:48,7300.0,7319.25,Call VEX 5,VEX,1975141.273,7450.917122086497,9249.714481335915
2026-08-18 11:30:48,7400.0,7419.5,Call VEX 4,VEX,2444856.022,7450.917122086497,9249.714481335915
2026-08-18 11:30:48,7450.0,7469.75,Call DEX 5,DEX,267.795,7450.917122086497,9249.714481335915
2026-08-18 11:30:48,7500.0,7519.75,Call CEX 4,CEX,1510961.245,7450.917122086497,9249.714481335915
2026-08-18 11:30:48,7500.0,7519.75,Call DEX 2,DEX,553.306,7450.917122086497,9249.714481335915
2026-08-18 11:30:48,7500.0,7519.75,Put GEX 4,GEX,-412260.636,7450.917122086497,9249.714481335915
2026-08-18 11:30:48,7500.0,7519.75,Call VEX 2,VEX,3516002.5,7450.917122086497,9249.714481335915
2026-08-18 11:30:48,7550.0,7570.0,Call DEX 4,DEX,294.156,7450.917122086497,9249.714481335915
2026-08-18 11:30:48,7600.0,7620.0,Call CEX 2,CEX,2027344.86,7450.917122086497,9249.714481335915
2026-08-18 11:30:48,7600.0,7620.0,Call DEX 3,DEX,452.673,7450.917122086497,9249.714481335915
2026-08-18 11:30:48,7600.0,7620.0,Call VEX 3,VEX,2629885.701,7450.917122086497,9249.714481335915
2026-08-18 11:30:48,7635.0,7655.25,Call CEX 1,CEX,2748306.797,7450.917122086497,9249.714481335915
2026-08-18 11:30:48,7650.0,7670.25,Call CEX 3,CEX,1904022.004,7450.917122086497,9249.714481335915
2026-08-18 11:30:48,7700.0,7720.25,Call CEX 5,CEX,1508035.242,7450.917122086497,9249.714481335915
2026-08-18 11:30:48,7700.0,7720.25,Put GEX 1,GEX,-721394.749,7450.917122086497,9249.714481335915
2026-08-18 11:30:48,7710.0,7730.25,Put CEX 3,CEX,-1867172.69,7450.917122086497,9249.714481335915
2026-08-18 11:30:48,7710.0,7730.25,Put GEX 3,GEX,-532251.182,7450.917122086497,9249.714481335915
2026-08-18 11:30:48,7715.0,7735.25,Put CEX 5,CEX,-1326219.545,7450.917122086497,9249.714481335915
2026-08-18 11:30:48,7720.0,7740.25,Put DEX 5,DEX,-33.09,7450.917122086497,9249.714481335915
2026-08-18 11:30:48,7720.0,7740.25,Put GEX 5,GEX,-309299.199,7450.917122086497,9249.714481335915
2026-08-18 11:30:48,7735.0,7755.5,Put DEX 3,DEX,-40.446,7450.917122086497,9249.714481335915
2026-08-18 11:30:48,7750.0,7770.5,Put CEX 2,CEX,-1989049.943,7450.917122086497,9249.714481335915
2026-08-18 11:30:48,7750.0,7770.5,Call GEX 4,GEX,289158.205,7450.917122086497,9249.714481335915
2026-08-18 11:30:48,7750.0,7770.5,Put VEX 5,VEX,-617104.346,7450.917122086497,9249.714481335915
2026-08-18 11:30:48,7775.0,7795.5,Call GEX 5,GEX,283939.193,7450.917122086497,9249.714481335915
2026-08-18 11:30:48,7800.0,7820.5,Put CEX 4,CEX,-1814319.645,7450.917122086497,9249.714481335915
2026-08-18 11:30:48,7800.0,7820.5,Put DEX 4,DEX,-40.227,7450.917122086497,9249.714481335915
2026-08-18 11:30:48,7800.0,7820.5,Call GEX 2,GEX,544729.947,7450.917122086497,9249.714481335915
2026-08-18 11:30:48,7800.0,7820.5,Put VEX 3,VEX,-1218723.052,7450.917122086497,9249.714481335915
2026-08-18 11:30:48,7850.0,7870.75,Call GEX 3,GEX,314848.862,7450.917122086497,9249.714481335915
2026-08-18 11:30:48,7900.0,7920.75,Call GEX 1,GEX,716435.417,7450.917122086497,9249.714481335915
2026-08-18 11:30:48,7900.0,7920.75,Put VEX 2,VEX,-1223717.487,7450.917122086497,9249.714481335915
2026-08-18 11:30:48,8000.0,8021.0,Put CEX 1,CEX,-4849003.894,7450.917122086497,9249.714481335915
2026-08-18 11:30:48,8000.0,8021.0,Put DEX 1,DEX,-2594.969,7450.917122086497,9249.714481335915
2026-08-18 11:30:48,8000.0,8021.0,Put VEX 1,VEX,-11855587.981,7450.917122086497,9249.714481335915
2026-08-18 11:30:48,8200.0,8221.5,Put VEX 4,VEX,-796600.836,7450.917122086497,9249.714481335915
2026-08-18 11:30:48,8500.0,8522.5,Put DEX 2,DEX,-102.339,7450.917122086497,9249.714481335915
2026-08-18 11:31:36,7000.0,7018.25,Call DEX 1,DEX,563.129,7452.201188723287,9249.531405605348
2026-08-18 11:31:36,7000.0,7018.25,Put GEX 2,GEX,-668434.53,7452.201188723287,9249.531405605348
2026-08-18 11:31:36,7000.0,7018.25,Call VEX 1,VEX,6722106.396,7452.201188723287,9249.531405605348
2026-08-18 11:31:36,7300.0,7319.0,Call VEX 5,VEX,1973561.977,7452.201188723287,9249.531405605348
2026-08-18 11:31:36,7400.0,7419.25,Call VEX 4,VEX,2444010.473,7452.201188723287,9249.531405605348
2026-08-18 11:31:36,7450.0,7469.25,Call DEX 5,DEX,268.036,7452.201188723287,9249.531405605348
2026-08-18 11:31:36,7500.0,7519.5,Call CEX 5,CEX,1546014.953,7452.201188723287,9249.531405605348
2026-08-18 11:31:36,7500.0,7519.5,Call DEX 2,DEX,552.681,7452.201188723287,9249.531405605348
2026-08-18 11:31:36,7500.0,7519.5,Put GEX 4,GEX,-402110.376,7452.201188723287,9249.531405605348
2026-08-18 11:31:36,7500.0,7519.5,Call VEX 2,VEX,3537174.652,7452.201188723287,9249.531405605348
2026-08-18 11:31:36,7550.0,7569.5,Call DEX 4,DEX,294.144,7452.201188723287,9249.531405605348
2026-08-18 11:31:36,7600.0,7619.75,Call CEX 3,CEX,2020031.113,7452.201188723287,9249.531405605348
2026-08-18 11:31:36,7600.0,7619.75,Call DEX 3,DEX,452.747,7452.201188723287,9249.531405605348
2026-08-18 11:31:36,7600.0,7619.75,Call VEX 3,VEX,2630507.982,7452.201188723287,9249.531405605348
2026-08-18 11:31:36,7635.0,7654.75,Call CEX 1,CEX,2760317.75,7452.201188723287,9249.531405605348
2026-08-18 11:31:36,7650.0,7669.75,Call CEX 2,CEX,2230363.59,7452.201188723287,9249.531405605348
2026-08-18 11:31:36,7700.0,7720.0,Call CEX 4,CEX,1572585.533,7452.201188723287,9249.531405605348
2026-08-18 11:31:36,7700.0,7720.0,Put GEX 1,GEX,-733414.655,7452.201188723287,9249.531405605348
2026-08-18 11:31:36,7710.0,7730.0,Put CEX 3,CEX,-1870639.888,7452.201188723287,9249.531405605348
2026-08-18 11:31:36,7710.0,7730.0,Put GEX 3,GEX,-534308.328,7452.201188723287,9249.531405605348
2026-08-18 11:31:36,7715.0,7735.0,Put CEX 5,CEX,-1340479.125,7452.201188723287,9249.531405605348
2026-08-18 11:31:36,7720.0,7740.0,Put DEX 5,DEX,-33.025,7452.201188723287,9249.531405605348
2026-08-18 11:31:36,7720.0,7740.0,Put GEX 5,GEX,-308615.105,7452.201188723287,9249.531405605348
2026-08-18 11:31:36,7735.0,7755.0,Put DEX 3,DEX,-40.295,7452.201188723287,9249.531405605348
2026-08-18 11:31:36,7750.0,7770.0,Put CEX 2,CEX,-1991500.981,7452.201188723287,9249.531405605348
2026-08-18 11:31:36,7750.0,7770.0,Call GEX 4,GEX,288304.518,7452.201188723287,9249.531405605348
2026-08-18 11:31:36,7750.0,7770.0,Put VEX 5,VEX,-616410.169,7452.201188723287,9249.531405605348
2026-08-18 11:31:36,7775.0,7795.25,Call GEX 5,GEX,283948.967,7452.201188723287,9249.531405605348
2026-08-18 11:31:36,7800.0,7820.25,Put CEX 4,CEX,-1816755.866,7452.201188723287,9249.531405605348
2026-08-18 11:31:36,7800.0,7820.25,Put DEX 4,DEX,-40.265,7452.201188723287,9249.531405605348
2026-08-18 11:31:36,7800.0,7820.25,Call GEX 2,GEX,545660.063,7452.201188723287,9249.531405605348
2026-08-18 11:31:36,7800.0,7820.25,Put VEX 3,VEX,-1217761.86,7452.201188723287,9249.531405605348
2026-08-18 11:31:36,7850.0,7870.5,Call GEX 3,GEX,314940.295,7452.201188723287,9249.531405605348
2026-08-18 11:31:36,7900.0,7920.5,Call GEX 1,GEX,716683.047,7452.201188723287,9249.531405605348
2026-08-18 11:31:36,7900.0,7920.5,Put VEX 2,VEX,-1223861.393,7452.201188723287,9249.531405605348
2026-08-18 11:31:36,8000.0,8020.75,Put CEX 1,CEX,-4925146.005,7452.201188723287,9249.531405605348
2026-08-18 11:31:36,8000.0,8020.75,Put DEX 1,DEX,-2593.173,7452.201188723287,9249.531405605348
2026-08-18 11:31:36,8000.0,8020.75,Put VEX 1,VEX,-11889453.116,7452.201188723287,9249.531405605348
2026-08-18 11:31:36,8200.0,8221.25,Put VEX 4,VEX,-796547.747,7452.201188723287,9249.531405605348
2026-08-18 11:31:36,8500.0,8522.0,Put DEX 2,DEX,-102.217,7452.201188723287,9249.531405605348
2026-08-18 11:32:29,7000.0,7018.0,Call DEX 1,DEX,564.256,7452.804259849582,9249.81623183307
2026-08-18 11:32:29,7000.0,7018.0,Put GEX 2,GEX,-673067.353,7452.804259849582,9249.81623183307
2026-08-18 11:32:29,7000.0,7018.0,Call VEX 1,VEX,6693358.938,7452.804259849582,9249.81623183307
2026-08-18 11:32:29,7300.0,7318.75,Call VEX 5,VEX,1968729.53,7452.804259849582,9249.81623183307
2026-08-18 11:32:29,7400.0,7419.0,Call VEX 4,VEX,2440223.522,7452.804259849582,9249.81623183307
2026-08-18 11:32:29,7450.0,7469.25,Call DEX 5,DEX,264.28,7452.804259849582,9249.81623183307
2026-08-18 11:32:29,7500.0,7519.25,Call CEX 5,CEX,1464062.98,7452.804259849582,9249.81623183307
2026-08-18 11:32:29,7500.0,7519.25,Call DEX 2,DEX,554.04,7452.804259849582,9249.81623183307
2026-08-18 11:32:29,7500.0,7519.25,Put GEX 4,GEX,-423029.592,7452.804259849582,9249.81623183307
2026-08-18 11:32:29,7500.0,7519.25,Call VEX 2,VEX,3491900.506,7452.804259849582,9249.81623183307
2026-08-18 11:32:29,7550.0,7569.5,Call DEX 4,DEX,294.614,7452.804259849582,9249.81623183307
2026-08-18 11:32:29,7600.0,7619.5,Call CEX 2,CEX,2013780.988,7452.804259849582,9249.81623183307
2026-08-18 11:32:29,7600.0,7619.5,Call DEX 3,DEX,453.113,7452.804259849582,9249.81623183307
2026-08-18 11:32:29,7600.0,7619.5,Call VEX 3,VEX,2628635.26,7452.804259849582,9249.81623183307
2026-08-18 11:32:29,7635.0,7654.75,Call CEX 1,CEX,2774609.768,7452.804259849582,9249.81623183307
2026-08-18 11:32:29,7650.0,7669.75,Call CEX 3,CEX,1910383.076,7452.804259849582,9249.81623183307
2026-08-18 11:32:29,7700.0,7719.75,Call CEX 4,CEX,1575614.127,7452.804259849582,9249.81623183307
2026-08-18 11:32:29,7700.0,7719.75,Put GEX 1,GEX,-745527.431,7452.804259849582,9249.81623183307
2026-08-18 11:32:29,7710.0,7729.75,Put CEX 3,CEX,-1895033.052,7452.804259849582,9249.81623183307
2026-08-18 11:32:29,7710.0,7729.75,Put GEX 3,GEX,-531772.607,7452.804259849582,9249.81623183307
2026-08-18 11:32:29,7715.0,7734.75,Put CEX 5,CEX,-1357710.153,7452.804259849582,9249.81623183307
2026-08-18 11:32:29,7720.0,7739.75,Put DEX 5,DEX,-33.065,7452.804259849582,9249.81623183307
2026-08-18 11:32:29,7720.0,7739.75,Put GEX 5,GEX,-307550.087,7452.804259849582,9249.81623183307
2026-08-18 11:32:29,7735.0,7755.0,Put DEX 3,DEX,-40.424,7452.804259849582,9249.81623183307
2026-08-18 11:32:29,7750.0,7770.0,Put CEX 2,CEX,-1993488.727,7452.804259849582,9249.81623183307
2026-08-18 11:32:29,7750.0,7770.0,Call GEX 4,GEX,291302.01,7452.804259849582,9249.81623183307
2026-08-18 11:32:29,7750.0,7770.0,Put VEX 5,VEX,-617023.092,7452.804259849582,9249.81623183307
2026-08-18 11:32:29,7775.0,7795.0,Call GEX 5,GEX,284146.302,7452.804259849582,9249.81623183307
2026-08-18 11:32:29,7800.0,7820.0,Put CEX 4,CEX,-1823386.228,7452.804259849582,9249.81623183307
2026-08-18 11:32:29,7800.0,7820.0,Put DEX 4,DEX,-39.985,7452.804259849582,9249.81623183307
2026-08-18 11:32:29,7800.0,7820.0,Call GEX 2,GEX,544686.618,7452.804259849582,9249.81623183307
2026-08-18 11:32:29,7800.0,7820.0,Put VEX 3,VEX,-1221232.002,7452.804259849582,9249.81623183307
2026-08-18 11:32:29,7850.0,7870.25,Call GEX 3,GEX,315235.093,7452.804259849582,9249.81623183307
2026-08-18 11:32:29,7900.0,7920.25,Call GEX 1,GEX,716868.23,7452.804259849582,9249.81623183307
2026-08-18 11:32:29,7900.0,7920.25,Put VEX 2,VEX,-1224061.679,7452.804259849582,9249.81623183307
2026-08-18 11:32:29,8000.0,8020.5,Put CEX 1,CEX,-4906522.781,7452.804259849582,9249.81623183307
2026-08-18 11:32:29,8000.0,8020.5,Put DEX 1,DEX,-2593.464,7452.804259849582,9249.81623183307
2026-08-18 11:32:29,8000.0,8020.5,Put VEX 1,VEX,-11878679.366,7452.804259849582,9249.81623183307
2026-08-18 11:32:29,8200.0,8221.0,Put VEX 4,VEX,-795914.757,7452.804259849582,9249.81623183307
2026-08-18 11:32:29,8500.0,8522.0,Put DEX 2,DEX,-102.21,7452.804259849582,9249.81623183307
2026-08-18 11:33:22,7000.0,7018.5,Call DEX 1,DEX,562.185,7500.539444034727,9252.57171352371
2026-08-18 11:33:22,7000.0,7018.5,Put GEX 2,GEX,-672384.152,7500.539444034727,9252.57171352371
2026-08-18 11:33:22,7000.0,7018.5,Call VEX 1,VEX,6718892.968,7500.539444034727,9252.57171352371
2026-08-18 11:33:22,7300.0,7319.25,Call VEX 5,VEX,1977612.72,7500.539444034727,9252.57171352371
2026-08-18 11:33:22,7400.0,7419.5,Call VEX 4,VEX,2449286.432,7500.539444034727,9252.57171352371
2026-08-18 11:33:22,7450.0,7469.75,Call DEX 5,DEX,266.743,7500.539444034727,9252.57171352371
2026-08-18 11:33:22,7500.0,7519.75,Call CEX 4,CEX,1658942.302,7500.539444034727,9252.57171352371
2026-08-18 11:33:22,7500.0,7519.75,Call DEX 2,DEX,549.794,7500.539444034727,9252.57171352371
2026-08-18 11:33:22,7500.0,7519.75,Put GEX 4,GEX,-378185.348,7500.539444034727,9252.57171352371
2026-08-18 11:33:22,7500.0,7519.75,Call VEX 2,VEX,3588890.08,7500.539444034727,9252.57171352371
2026-08-18 11:33:22,7550.0,7570.0,Call CEX 5,CEX,1317573.254,7500.539444034727,9252.57171352371
2026-08-18 11:33:22,7550.0,7570.0,Call DEX 4,DEX,292.695,7500.539444034727,9252.57171352371
2026-08-18 11:33:22,7600.0,7620.0,Call CEX 3,CEX,2064761.254,7500.539444034727,9252.57171352371
2026-08-18 11:33:22,7600.0,7620.0,Call DEX 3,DEX,448.318,7500.539444034727,9252.57171352371
2026-08-18 11:33:22,7600.0,7620.0,Call VEX 3,VEX,2626811.44,7500.539444034727,9252.57171352371
2026-08-18 11:33:22,7635.0,7655.25,Call CEX 1,CEX,2817380.417,7500.539444034727,9252.57171352371
2026-08-18 11:33:22,7650.0,7670.25,Call CEX 2,CEX,2105005.35,7500.539444034727,9252.57171352371
2026-08-18 11:33:22,7700.0,7720.25,Put GEX 1,GEX,-794345.802,7500.539444034727,9252.57171352371
2026-08-18 11:33:22,7710.0,7730.25,Put CEX 2,CEX,-2062166.022,7500.539444034727,9252.57171352371
2026-08-18 11:33:22,7710.0,7730.25,Put GEX 3,GEX,-490365.526,7500.539444034727,9252.57171352371
2026-08-18 11:33:22,7720.0,7740.25,Put DEX 5,DEX,-33.953,7500.539444034727,9252.57171352371
2026-08-18 11:33:22,7720.0,7740.25,Put GEX 5,GEX,-306322.857,7500.539444034727,9252.57171352371
2026-08-18 11:33:22,7735.0,7755.5,Put DEX 4,DEX,-41.333,7500.539444034727,9252.57171352371
2026-08-18 11:33:22,7750.0,7770.5,Put CEX 3,CEX,-1997554.77,7500.539444034727,9252.57171352371
2026-08-18 11:33:22,7750.0,7770.5,Call GEX 4,GEX,288057.211,7500.539444034727,9252.57171352371
2026-08-18 11:33:22,7750.0,7770.5,Put VEX 5,VEX,-632366.113,7500.539444034727,9252.57171352371
2026-08-18 11:33:22,7775.0,7795.5,Put CEX 5,CEX,-1064431.239,7500.539444034727,9252.57171352371
2026-08-18 11:33:22,7775.0,7795.5,Call GEX 5,GEX,278396.799,7500.539444034727,9252.57171352371
2026-08-18 11:33:22,7800.0,7820.5,Put CEX 4,CEX,-1796877.441,7500.539444034727,9252.57171352371
2026-08-18 11:33:22,7800.0,7820.5,Put DEX 3,DEX,-43.428,7500.539444034727,9252.57171352371
2026-08-18 11:33:22,7800.0,7820.5,Call GEX 2,GEX,546224.192,7500.539444034727,9252.57171352371
2026-08-18 11:33:22,7800.0,7820.5,Put VEX 3,VEX,-1222049.936,7500.539444034727,9252.57171352371
2026-08-18 11:33:22,7850.0,7870.75,Call GEX 3,GEX,312857.364,7500.539444034727,9252.57171352371
2026-08-18 11:33:22,7900.0,7920.75,Call GEX 1,GEX,712165.148,7500.539444034727,9252.57171352371
2026-08-18 11:33:22,7900.0,7920.75,Put VEX 2,VEX,-1225845.664,7500.539444034727,9252.57171352371
2026-08-18 11:33:22,8000.0,8021.0,Put CEX 1,CEX,-6213870.309,7500.539444034727,9252.57171352371
2026-08-18 11:33:22,8000.0,8021.0,Put DEX 1,DEX,-2555.662,7500.539444034727,9252.57171352371
2026-08-18 11:33:22,8000.0,8021.0,Put VEX 1,VEX,-12554260.972,7500.539444034727,9252.57171352371
2026-08-18 11:33:22,8200.0,8221.75,Put VEX 4,VEX,-794325.468,7500.539444034727,9252.57171352371
2026-08-18 11:33:22,8500.0,8522.5,Put DEX 2,DEX,-100.025,7500.539444034727,9252.57171352371
2026-08-18 11:34:19,7000.0,7018.25,Call DEX 1,DEX,561.127,7454.022454470073,9251.893928880636
2026-08-18 11:34:19,7000.0,7018.25,Put GEX 2,GEX,-670326.552,7454.022454470073,9251.893928880636
2026-08-18 11:34:19,7000.0,7018.25,Call VEX 1,VEX,6739299.978,7454.022454470073,9251.893928880636
2026-08-18 11:34:19,7300.0,7319.0,Call VEX 5,VEX,1978638.201,7454.022454470073,9251.893928880636
2026-08-18 11:34:19,7400.0,7419.25,Call VEX 4,VEX,2449340.795,7454.022454470073,9251.893928880636
2026-08-18 11:34:19,7450.0,7469.5,Call DEX 5,DEX,266.38,7454.022454470073,9251.893928880636
2026-08-18 11:34:19,7500.0,7519.5,Call CEX 4,CEX,1617547.044,7454.022454470073,9251.893928880636
2026-08-18 11:34:19,7500.0,7519.5,Call DEX 2,DEX,549.94,7454.022454470073,9251.893928880636
2026-08-18 11:34:19,7500.0,7519.5,Put GEX 4,GEX,-391875.854,7454.022454470073,9251.893928880636
2026-08-18 11:34:19,7500.0,7519.5,Call VEX 2,VEX,3564076.445,7454.022454470073,9251.893928880636
2026-08-18 11:34:19,7550.0,7569.75,Call DEX 4,DEX,292.667,7454.022454470073,9251.893928880636
2026-08-18 11:34:19,7600.0,7619.75,Call CEX 3,CEX,2058362.0,7454.022454470073,9251.893928880636
2026-08-18 11:34:19,7600.0,7619.75,Call DEX 3,DEX,448.046,7454.022454470073,9251.893928880636
2026-08-18 11:34:19,7600.0,7619.75,Call VEX 3,VEX,2623278.155,7454.022454470073,9251.893928880636
2026-08-18 11:34:19,7635.0,7655.0,Call CEX 1,CEX,2838423.654,7454.022454470073,9251.893928880636
2026-08-18 11:34:19,7650.0,7670.0,Call CEX 2,CEX,2112716.153,7454.022454470073,9251.893928880636
2026-08-18 11:34:19,7690.0,7710.0,Call CEX 5,CEX,1327189.231,7454.022454470073,9251.893928880636
2026-08-18 11:34:19,7695.0,7715.0,Put GEX 5,GEX,-307929.884,7454.022454470073,9251.893928880636
2026-08-18 11:34:19,7700.0,7720.0,Put GEX 1,GEX,-808783.524,7454.022454470073,9251.893928880636
2026-08-18 11:34:19,7710.0,7730.0,Put CEX 2,CEX,-2094725.47,7454.022454470073,9251.893928880636
2026-08-18 11:34:19,7710.0,7730.0,Put GEX 3,GEX,-480909.76,7454.022454470073,9251.893928880636
2026-08-18 11:34:19,7720.0,7740.0,Put DEX 5,DEX,-34.137,7454.022454470073,9251.893928880636
2026-08-18 11:34:19,7735.0,7755.25,Put DEX 4,DEX,-41.441,7454.022454470073,9251.893928880636
2026-08-18 11:34:19,7750.0,7770.25,Put CEX 3,CEX,-2001725.502,7454.022454470073,9251.893928880636
2026-08-18 11:34:19,7750.0,7770.25,Call GEX 4,GEX,289418.23,7454.022454470073,9251.893928880636
2026-08-18 11:34:19,7750.0,7770.25,Put VEX 5,VEX,-635823.929,7454.022454470073,9251.893928880636
2026-08-18 11:34:19,7775.0,7795.25,Put CEX 5,CEX,-1064871.199,7454.022454470073,9251.893928880636
2026-08-18 11:34:19,7775.0,7795.25,Call GEX 5,GEX,277709.197,7454.022454470073,9251.893928880636
2026-08-18 11:34:19,7800.0,7820.25,Put CEX 4,CEX,-1801167.321,7454.022454470073,9251.893928880636
2026-08-18 11:34:19,7800.0,7820.25,Put DEX 3,DEX,-43.644,7454.022454470073,9251.893928880636
2026-08-18 11:34:19,7800.0,7820.25,Call GEX 2,GEX,542787.302,7454.022454470073,9251.893928880636
2026-08-18 11:34:19,7800.0,7820.25,Put VEX 3,VEX,-1225483.112,7454.022454470073,9251.893928880636
2026-08-18 11:34:19,7850.0,7870.5,Call GEX 3,GEX,312780.905,7454.022454470073,9251.893928880636
2026-08-18 11:34:19,7900.0,7920.5,Call GEX 1,GEX,711386.64,7454.022454470073,9251.893928880636
2026-08-18 11:34:19,7900.0,7920.5,Put VEX 2,VEX,-1225757.384,7454.022454470073,9251.893928880636
2026-08-18 11:34:19,8000.0,8020.75,Put CEX 1,CEX,-4890565.405,7454.022454470073,9251.893928880636
2026-08-18 11:34:19,8000.0,8020.75,Put DEX 1,DEX,-2601.186,7454.022454470073,9251.893928880636
2026-08-18 11:34:19,8000.0,8020.75,Put VEX 1,VEX,-11882350.642,7454.022454470073,9251.893928880636
2026-08-18 11:34:19,8200.0,8221.25,Put VEX 4,VEX,-792194.857,7454.022454470073,9251.893928880636
2026-08-18 11:34:19,8500.0,8522.25,Put DEX 2,DEX,-102.281,7454.022454470073,9251.893928880636
2026-08-18 11:35:12,7000.0,7018.5,Call DEX 1,DEX,560.562,7451.73973720756,9251.443147957138
2026-08-18 11:35:12,7000.0,7018.5,Put GEX 2,GEX,-668743.815,7451.73973720756,9251.443147957138
2026-08-18 11:35:12,7000.0,7018.5,Call VEX 1,VEX,6750573.53,7451.73973720756,9251.443147957138
2026-08-18 11:35:12,7300.0,7319.25,Call VEX 5,VEX,1978075.726,7451.73973720756,9251.443147957138
2026-08-18 11:35:12,7400.0,7419.5,Call VEX 4,VEX,2457262.33,7451.73973720756,9251.443147957138
2026-08-18 11:35:12,7450.0,7469.75,Call DEX 4,DEX,340.268,7451.73973720756,9251.443147957138
2026-08-18 11:35:12,7500.0,7519.75,Call CEX 4,CEX,1672257.68,7451.73973720756,9251.443147957138
2026-08-18 11:35:12,7500.0,7519.75,Call DEX 2,DEX,547.887,7451.73973720756,9251.443147957138
2026-08-18 11:35:12,7500.0,7519.75,Put GEX 4,GEX,-378911.066,7451.73973720756,9251.443147957138
2026-08-18 11:35:12,7500.0,7519.75,Call VEX 2,VEX,3593228.641,7451.73973720756,9251.443147957138
2026-08-18 11:35:12,7550.0,7570.0,Call CEX 5,CEX,1342006.562,7451.73973720756,9251.443147957138
2026-08-18 11:35:12,7550.0,7570.0,Call DEX 5,DEX,292.653,7451.73973720756,9251.443147957138
2026-08-18 11:35:12,7600.0,7620.0,Call CEX 2,CEX,2085577.271,7451.73973720756,9251.443147957138
2026-08-18 11:35:12,7600.0,7620.0,Call DEX 3,DEX,447.625,7451.73973720756,9251.443147957138
2026-08-18 11:35:12,7600.0,7620.0,Call VEX 3,VEX,2625321.473,7451.73973720756,9251.443147957138
2026-08-18 11:35:12,7635.0,7655.25,Call CEX 1,CEX,2854333.24,7451.73973720756,9251.443147957138
2026-08-18 11:35:12,7650.0,7670.25,Call CEX 3,CEX,1942565.449,7451.73973720756,9251.443147957138
2026-08-18 11:35:12,7695.0,7715.25,Put GEX 5,GEX,-313283.965,7451.73973720756,9251.443147957138
2026-08-18 11:35:12,7700.0,7720.25,Put GEX 1,GEX,-847078.644,7451.73973720756,9251.443147957138
2026-08-18 11:35:12,7710.0,7730.25,Put CEX 2,CEX,-2115987.155,7451.73973720756,9251.443147957138
2026-08-18 11:35:12,7710.0,7730.25,Put GEX 3,GEX,-483985.383,7451.73973720756,9251.443147957138
2026-08-18 11:35:12,7720.0,7740.5,Put DEX 5,DEX,-34.239,7451.73973720756,9251.443147957138
2026-08-18 11:35:12,7735.0,7755.5,Put DEX 4,DEX,-41.544,7451.73973720756,9251.443147957138
2026-08-18 11:35:12,7750.0,7770.5,Put CEX 3,CEX,-2003587.11,7451.73973720756,9251.443147957138
2026-08-18 11:35:12,7750.0,7770.5,Call GEX 4,GEX,285095.951,7451.73973720756,9251.443147957138
2026-08-18 11:35:12,7750.0,7770.5,Put VEX 5,VEX,-636439.582,7451.73973720756,9251.443147957138
2026-08-18 11:35:12,7775.0,7795.5,Put CEX 5,CEX,-1065384.427,7451.73973720756,9251.443147957138
2026-08-18 11:35:12,7775.0,7795.5,Call GEX 5,GEX,276850.122,7451.73973720756,9251.443147957138
2026-08-18 11:35:12,7800.0,7820.5,Put CEX 4,CEX,-1786116.407,7451.73973720756,9251.443147957138
2026-08-18 11:35:12,7800.0,7820.5,Put DEX 3,DEX,-44.299,7451.73973720756,9251.443147957138
2026-08-18 11:35:12,7800.0,7820.5,Call GEX 2,GEX,540033.862,7451.73973720756,9251.443147957138
2026-08-18 11:35:12,7800.0,7820.5,Put VEX 3,VEX,-1219550.439,7451.73973720756,9251.443147957138
2026-08-18 11:35:12,7850.0,7870.75,Call GEX 3,GEX,310340.359,7451.73973720756,9251.443147957138
2026-08-18 11:35:12,7900.0,7920.75,Call GEX 1,GEX,710462.006,7451.73973720756,9251.443147957138
2026-08-18 11:35:12,7900.0,7920.75,Put VEX 2,VEX,-1225164.602,7451.73973720756,9251.443147957138
2026-08-18 11:35:12,8000.0,8021.0,Put CEX 1,CEX,-4708474.283,7451.73973720756,9251.443147957138
2026-08-18 11:35:12,8000.0,8021.0,Put DEX 1,DEX,-2603.824,7451.73973720756,9251.443147957138
2026-08-18 11:35:12,8000.0,8021.0,Put VEX 1,VEX,-11789022.871,7451.73973720756,9251.443147957138
2026-08-18 11:35:12,8200.0,8221.75,Put VEX 4,VEX,-793473.294,7451.73973720756,9251.443147957138
2026-08-18 11:35:12,8500.0,8522.5,Put DEX 2,DEX,-102.513,7451.73973720756,9251.443147957138
2026-08-18 11:36:03,7000.0,7018.5,Call DEX 1,DEX,561.687,7450.643757229755,9248.856396437312
2026-08-18 11:36:03,7000.0,7018.5,Put GEX 2,GEX,-665355.331,7450.643757229755,9248.856396437312
2026-08-18 11:36:03,7000.0,7018.5,Call VEX 1,VEX,6751451.577,7450.643757229755,9248.856396437312
2026-08-18 11:36:03,7300.0,7319.25,Call VEX 5,VEX,1979738.451,7450.643757229755,9248.856396437312
2026-08-18 11:36:03,7400.0,7419.5,Call VEX 4,VEX,2448837.487,7450.643757229755,9248.856396437312
2026-08-18 11:36:03,7450.0,7469.5,Call DEX 5,DEX,264.086,7450.643757229755,9248.856396437312
2026-08-18 11:36:03,7500.0,7519.75,Call CEX 5,CEX,1595049.414,7450.643757229755,9248.856396437312
2026-08-18 11:36:03,7500.0,7519.75,Call DEX 2,DEX,551.784,7450.643757229755,9248.856396437312
2026-08-18 11:36:03,7500.0,7519.75,Put GEX 4,GEX,-392047.603,7450.643757229755,9248.856396437312
2026-08-18 11:36:03,7500.0,7519.75,Call VEX 2,VEX,3557627.351,7450.643757229755,9248.856396437312
2026-08-18 11:36:03,7550.0,7569.75,Call DEX 4,DEX,294.05,7450.643757229755,9248.856396437312
2026-08-18 11:36:03,7600.0,7620.0,Call CEX 2,CEX,2052281.657,7450.643757229755,9248.856396437312
2026-08-18 11:36:03,7600.0,7620.0,Call DEX 3,DEX,453.327,7450.643757229755,9248.856396437312
2026-08-18 11:36:03,7600.0,7620.0,Call VEX 3,VEX,2632455.19,7450.643757229755,9248.856396437312
2026-08-18 11:36:03,7635.0,7655.0,Call CEX 1,CEX,2829013.872,7450.643757229755,9248.856396437312
2026-08-18 11:36:03,7650.0,7670.0,Call CEX 3,CEX,1949147.572,7450.643757229755,9248.856396437312
2026-08-18 11:36:03,7700.0,7720.25,Call CEX 4,CEX,1762565.402,7450.643757229755,9248.856396437312
2026-08-18 11:36:03,7700.0,7720.25,Put GEX 1,GEX,-740275.977,7450.643757229755,9248.856396437312
2026-08-18 11:36:03,7710.0,7730.25,Put CEX 3,CEX,-1918969.675,7450.643757229755,9248.856396437312
2026-08-18 11:36:03,7710.0,7730.25,Put GEX 3,GEX,-554880.962,7450.643757229755,9248.856396437312
2026-08-18 11:36:03,7715.0,7735.25,Put CEX 5,CEX,-1335709.257,7450.643757229755,9248.856396437312
2026-08-18 11:36:03,7720.0,7740.25,Put DEX 5,DEX,-32.895,7450.643757229755,9248.856396437312
2026-08-18 11:36:03,7720.0,7740.25,Put GEX 5,GEX,-310903.724,7450.643757229755,9248.856396437312
2026-08-18 11:36:03,7735.0,7755.25,Put DEX 4,DEX,-40.321,7450.643757229755,9248.856396437312
2026-08-18 11:36:03,7750.0,7770.25,Put CEX 2,CEX,-2000490.727,7450.643757229755,9248.856396437312
2026-08-18 11:36:03,7750.0,7770.25,Call GEX 4,GEX,287710.101,7450.643757229755,9248.856396437312
2026-08-18 11:36:03,7750.0,7770.25,Put VEX 5,VEX,-613598.516,7450.643757229755,9248.856396437312
2026-08-18 11:36:03,7775.0,7795.5,Call GEX 5,GEX,284961.777,7450.643757229755,9248.856396437312
2026-08-18 11:36:03,7800.0,7820.5,Put CEX 4,CEX,-1811863.055,7450.643757229755,9248.856396437312
2026-08-18 11:36:03,7800.0,7820.5,Put DEX 3,DEX,-40.572,7450.643757229755,9248.856396437312
2026-08-18 11:36:03,7800.0,7820.5,Call GEX 2,GEX,547393.237,7450.643757229755,9248.856396437312
2026-08-18 11:36:03,7800.0,7820.5,Put VEX 3,VEX,-1210644.382,7450.643757229755,9248.856396437312
2026-08-18 11:36:03,7850.0,7870.75,Call GEX 3,GEX,314466.581,7450.643757229755,9248.856396437312
2026-08-18 11:36:03,7900.0,7920.75,Call GEX 1,GEX,716482.709,7450.643757229755,9248.856396437312
2026-08-18 11:36:03,7900.0,7920.75,Put VEX 2,VEX,-1222127.63,7450.643757229755,9248.856396437312
2026-08-18 11:36:03,8000.0,8021.0,Put CEX 1,CEX,-4818436.587,7450.643757229755,9248.856396437312
2026-08-18 11:36:03,8000.0,8021.0,Put DEX 1,DEX,-2595.633,7450.643757229755,9248.856396437312
2026-08-18 11:36:03,8000.0,8021.0,Put VEX 1,VEX,-11838856.723,7450.643757229755,9248.856396437312
2026-08-18 11:36:03,8200.0,8221.5,Put VEX 4,VEX,-792782.264,7450.643757229755,9248.856396437312
2026-08-18 11:36:03,8500.0,8522.25,Put DEX 2,DEX,-102.322,7450.643757229755,9248.856396437312
2026-08-18 11:36:51,7000.0,7018.5,Call DEX 1,DEX,561.533,7452.386174243287,9249.279654083748
2026-08-18 11:36:51,7000.0,7018.5,Put GEX 2,GEX,-663693.853,7452.386174243287,9249.279654083748
2026-08-18 11:36:51,7000.0,7018.5,Call VEX 1,VEX,6759004.598,7452.386174243287,9249.279654083748
2026-08-18 11:36:51,7300.0,7319.25,Call VEX 5,VEX,1974217.779,7452.386174243287,9249.279654083748
2026-08-18 11:36:51,7400.0,7419.5,Call VEX 4,VEX,2445178.302,7452.386174243287,9249.279654083748
2026-08-18 11:36:51,7450.0,7469.75,Call DEX 5,DEX,268.138,7452.386174243287,9249.279654083748
2026-08-18 11:36:51,7500.0,7520.0,Call CEX 5,CEX,1560222.351,7452.386174243287,9249.279654083748
2026-08-18 11:36:51,7500.0,7520.0,Call DEX 2,DEX,552.99,7452.386174243287,9249.279654083748
2026-08-18 11:36:51,7500.0,7520.0,Put GEX 4,GEX,-397632.778,7452.386174243287,9249.279654083748
2026-08-18 11:36:51,7500.0,7520.0,Call VEX 2,VEX,3542408.989,7452.386174243287,9249.279654083748
2026-08-18 11:36:51,7550.0,7570.0,Call DEX 4,DEX,294.485,7452.386174243287,9249.279654083748
2026-08-18 11:36:51,7600.0,7620.25,Call CEX 2,CEX,2040116.953,7452.386174243287,9249.279654083748
2026-08-18 11:36:51,7600.0,7620.25,Call DEX 3,DEX,453.069,7452.386174243287,9249.279654083748
2026-08-18 11:36:51,7600.0,7620.25,Call VEX 3,VEX,2632020.229,7452.386174243287,9249.279654083748
2026-08-18 11:36:51,7635.0,7655.25,Call CEX 1,CEX,2845081.683,7452.386174243287,9249.279654083748
2026-08-18 11:36:51,7650.0,7670.25,Call CEX 3,CEX,1939987.862,7452.386174243287,9249.279654083748
2026-08-18 11:36:51,7700.0,7720.5,Call CEX 4,CEX,1662830.796,7452.386174243287,9249.279654083748
2026-08-18 11:36:51,7700.0,7720.5,Put GEX 1,GEX,-723157.313,7452.386174243287,9249.279654083748
2026-08-18 11:36:51,7710.0,7730.5,Put CEX 3,CEX,-1915431.782,7452.386174243287,9249.279654083748
2026-08-18 11:36:51,7710.0,7730.5,Put GEX 3,GEX,-536398.718,7452.386174243287,9249.279654083748
2026-08-18 11:36:51,7715.0,7735.5,Put CEX 5,CEX,-1428171.195,7452.386174243287,9249.279654083748
2026-08-18 11:36:51,7720.0,7740.5,Put DEX 5,DEX,-33.006,7452.386174243287,9249.279654083748
2026-08-18 11:36:51,7720.0,7740.5,Put GEX 5,GEX,-309557.425,7452.386174243287,9249.279654083748
2026-08-18 11:36:51,7735.0,7755.5,Put DEX 4,DEX,-40.306,7452.386174243287,9249.279654083748
2026-08-18 11:36:51,7750.0,7770.5,Put CEX 2,CEX,-2007421.664,7452.386174243287,9249.279654083748
2026-08-18 11:36:51,7750.0,7770.5,Call GEX 4,GEX,289857.048,7452.386174243287,9249.279654083748
2026-08-18 11:36:51,7750.0,7770.5,Put VEX 5,VEX,-617000.647,7452.386174243287,9249.279654083748
2026-08-18 11:36:51,7775.0,7795.5,Call GEX 5,GEX,283517.769,7452.386174243287,9249.279654083748
2026-08-18 11:36:51,7800.0,7820.75,Put CEX 4,CEX,-1802619.543,7452.386174243287,9249.279654083748
2026-08-18 11:36:51,7800.0,7820.75,Put DEX 3,DEX,-41.094,7452.386174243287,9249.279654083748
2026-08-18 11:36:51,7800.0,7820.75,Call GEX 2,GEX,539697.898,7452.386174243287,9249.279654083748
2026-08-18 11:36:51,7800.0,7820.75,Put VEX 3,VEX,-1209217.9,7452.386174243287,9249.279654083748
2026-08-18 11:36:51,7850.0,7870.75,Call GEX 3,GEX,312640.865,7452.386174243287,9249.279654083748
2026-08-18 11:36:51,7900.0,7921.0,Call GEX 1,GEX,715818.762,7452.386174243287,9249.279654083748
2026-08-18 11:36:51,7900.0,7921.0,Put VEX 2,VEX,-1221946.355,7452.386174243287,9249.279654083748
2026-08-18 11:36:51,8000.0,8021.25,Put CEX 1,CEX,-4972628.502,7452.386174243287,9249.279654083748
2026-08-18 11:36:51,8000.0,8021.25,Put DEX 1,DEX,-2592.751,7452.386174243287,9249.279654083748
2026-08-18 11:36:51,8000.0,8021.25,Put VEX 1,VEX,-11913663.129,7452.386174243287,9249.279654083748
2026-08-18 11:36:51,8200.0,8221.75,Put VEX 4,VEX,-791691.406,7452.386174243287,9249.279654083748
2026-08-18 11:36:51,8500.0,8522.5,Put DEX 2,DEX,-102.188,7452.386174243287,9249.279654083748
2026-08-18 11:37:39,7000.0,7018.75,Call DEX 1,DEX,562.613,7451.97716864595,9248.947589585869
2026-08-18 11:37:39,7000.0,7018.75,Put GEX 2,GEX,-665985.293,7451.97716864595,9248.947589585869
2026-08-18 11:37:39,7000.0,7018.75,Call VEX 1,VEX,6737511.325,7451.97716864595,9248.947589585869
2026-08-18 11:37:39,7300.0,7319.5,Call VEX 5,VEX,1977834.889,7451.97716864595,9248.947589585869
2026-08-18 11:37:39,7400.0,7419.75,Call VEX 4,VEX,2450427.133,7451.97716864595,9248.947589585869
2026-08-18 11:37:39,7450.0,7469.75,Call DEX 5,DEX,268.226,7451.97716864595,9248.947589585869
2026-08-18 11:37:39,7500.0,7520.0,Call CEX 5,CEX,1574224.131,7451.97716864595,9248.947589585869
2026-08-18 11:37:39,7500.0,7520.0,Call DEX 2,DEX,552.826,7451.97716864595,9248.947589585869
2026-08-18 11:37:39,7500.0,7520.0,Put GEX 4,GEX,-394658.157,7451.97716864595,9248.947589585869
2026-08-18 11:37:39,7500.0,7520.0,Call VEX 2,VEX,3549178.587,7451.97716864595,9248.947589585869
2026-08-18 11:37:39,7550.0,7570.0,Call DEX 4,DEX,294.314,7451.97716864595,9248.947589585869
2026-08-18 11:37:39,7600.0,7620.25,Call CEX 2,CEX,2044893.333,7451.97716864595,9248.947589585869
2026-08-18 11:37:39,7600.0,7620.25,Call DEX 3,DEX,453.363,7451.97716864595,9248.947589585869
2026-08-18 11:37:39,7600.0,7620.25,Call VEX 3,VEX,2633597.519,7451.97716864595,9248.947589585869
2026-08-18 11:37:39,7635.0,7655.25,Call CEX 1,CEX,2856112.106,7451.97716864595,9248.947589585869
2026-08-18 11:37:39,7650.0,7670.25,Call CEX 3,CEX,1956158.202,7451.97716864595,9248.947589585869
2026-08-18 11:37:39,7700.0,7720.5,Call CEX 4,CEX,1789064.799,7451.97716864595,9248.947589585869
2026-08-18 11:37:39,7700.0,7720.5,Put GEX 1,GEX,-737647.795,7451.97716864595,9248.947589585869
2026-08-18 11:37:39,7710.0,7730.5,Put CEX 3,CEX,-1905081.073,7451.97716864595,9248.947589585869
2026-08-18 11:37:39,7710.0,7730.5,Put GEX 3,GEX,-545113.897,7451.97716864595,9248.947589585869
2026-08-18 11:37:39,7715.0,7735.5,Put CEX 5,CEX,-1421258.069,7451.97716864595,9248.947589585869
2026-08-18 11:37:39,7720.0,7740.5,Put DEX 5,DEX,-32.884,7451.97716864595,9248.947589585869
2026-08-18 11:37:39,7720.0,7740.5,Put GEX 5,GEX,-310156.212,7451.97716864595,9248.947589585869
2026-08-18 11:37:39,7735.0,7755.5,Put DEX 4,DEX,-40.296,7451.97716864595,9248.947589585869
2026-08-18 11:37:39,7750.0,7770.5,Put CEX 2,CEX,-2006881.063,7451.97716864595,9248.947589585869
2026-08-18 11:37:39,7750.0,7770.5,Call GEX 4,GEX,288225.53,7451.97716864595,9248.947589585869
2026-08-18 11:37:39,7750.0,7770.5,Put VEX 5,VEX,-614449.6,7451.97716864595,9248.947589585869
2026-08-18 11:37:39,7775.0,7795.75,Call GEX 5,GEX,284018.314,7451.97716864595,9248.947589585869
2026-08-18 11:37:39,7800.0,7820.75,Put CEX 4,CEX,-1801973.259,7451.97716864595,9248.947589585869
2026-08-18 11:37:39,7800.0,7820.75,Put DEX 3,DEX,-41.017,7451.97716864595,9248.947589585869
2026-08-18 11:37:39,7800.0,7820.75,Call GEX 2,GEX,541805.597,7451.97716864595,9248.947589585869
2026-08-18 11:37:39,7800.0,7820.75,Put VEX 3,VEX,-1207040.967,7451.97716864595,9248.947589585869
2026-08-18 11:37:39,7850.0,7871.0,Call GEX 3,GEX,312744.746,7451.97716864595,9248.947589585869
2026-08-18 11:37:39,7900.0,7921.0,Call GEX 1,GEX,716169.552,7451.97716864595,9248.947589585869
2026-08-18 11:37:39,7900.0,7921.0,Put VEX 2,VEX,-1221796.769,7451.97716864595,9248.947589585869
2026-08-18 11:37:39,8000.0,8021.25,Put CEX 1,CEX,-4889196.56,7451.97716864595,9248.947589585869
2026-08-18 11:37:39,8000.0,8021.25,Put DEX 1,DEX,-2595.127,7451.97716864595,9248.947589585869
2026-08-18 11:37:39,8000.0,8021.25,Put VEX 1,VEX,-11871157.193,7451.97716864595,9248.947589585869
2026-08-18 11:37:39,8200.0,8221.75,Put VEX 4,VEX,-792878.433,7451.97716864595,9248.947589585869
2026-08-18 11:37:39,8500.0,8522.5,Put DEX 2,DEX,-102.323,7451.97716864595,9248.947589585869
2026-08-18 11:38:26,7000.0,7018.75,Call DEX 1,DEX,562.613,7451.97716864595,9248.947589585869
2026-08-18 11:38:26,7000.0,7018.75,Put GEX 2,GEX,-665985.293,7451.97716864595,9248.947589585869
2026-08-18 11:38:26,7000.0,7018.75,Call VEX 1,VEX,6737511.325,7451.97716864595,9248.947589585869
2026-08-18 11:38:26,7300.0,7319.5,Call VEX 5,VEX,1977834.889,7451.97716864595,9248.947589585869
2026-08-18 11:38:26,7400.0,7419.75,Call VEX 4,VEX,2450427.133,7451.97716864595,9248.947589585869
2026-08-18 11:38:26,7450.0,7470.0,Call DEX 5,DEX,268.226,7451.97716864595,9248.947589585869
2026-08-18 11:38:26,7500.0,7520.0,Call CEX 5,CEX,1574224.131,7451.97716864595,9248.947589585869
2026-08-18 11:38:26,7500.0,7520.0,Call DEX 2,DEX,552.826,7451.97716864595,9248.947589585869
2026-08-18 11:38:26,7500.0,7520.0,Put GEX 4,GEX,-394658.157,7451.97716864595,9248.947589585869
2026-08-18 11:38:26,7500.0,7520.0,Call VEX 2,VEX,3549178.587,7451.97716864595,9248.947589585869
2026-08-18 11:38:26,7550.0,7570.25,Call DEX 4,DEX,294.314,7451.97716864595,9248.947589585869
2026-08-18 11:38:26,7600.0,7620.25,Call CEX 2,CEX,2044893.333,7451.97716864595,9248.947589585869
2026-08-18 11:38:26,7600.0,7620.25,Call DEX 3,DEX,453.363,7451.97716864595,9248.947589585869
2026-08-18 11:38:26,7600.0,7620.25,Call VEX 3,VEX,2633597.519,7451.97716864595,9248.947589585869
2026-08-18 11:38:26,7635.0,7655.5,Call CEX 1,CEX,2856112.106,7451.97716864595,9248.947589585869
2026-08-18 11:38:26,7650.0,7670.5,Call CEX 3,CEX,1956158.202,7451.97716864595,9248.947589585869
2026-08-18 11:38:26,7700.0,7720.5,Call CEX 4,CEX,1789064.799,7451.97716864595,9248.947589585869
2026-08-18 11:38:26,7700.0,7720.5,Put GEX 1,GEX,-737647.795,7451.97716864595,9248.947589585869
2026-08-18 11:38:26,7710.0,7730.75,Put CEX 3,CEX,-1905081.073,7451.97716864595,9248.947589585869
2026-08-18 11:38:26,7710.0,7730.75,Put GEX 3,GEX,-545113.897,7451.97716864595,9248.947589585869
2026-08-18 11:38:26,7715.0,7735.75,Put CEX 5,CEX,-1421258.069,7451.97716864595,9248.947589585869
2026-08-18 11:38:26,7720.0,7740.75,Put DEX 5,DEX,-32.884,7451.97716864595,9248.947589585869
2026-08-18 11:38:26,7720.0,7740.75,Put GEX 5,GEX,-310156.212,7451.97716864595,9248.947589585869
2026-08-18 11:38:26,7735.0,7755.75,Put DEX 4,DEX,-40.296,7451.97716864595,9248.947589585869
2026-08-18 11:38:26,7750.0,7770.75,Put CEX 2,CEX,-2006881.063,7451.97716864595,9248.947589585869
2026-08-18 11:38:26,7750.0,7770.75,Call GEX 4,GEX,288225.53,7451.97716864595,9248.947589585869
2026-08-18 11:38:26,7750.0,7770.75,Put VEX 5,VEX,-614449.6,7451.97716864595,9248.947589585869
2026-08-18 11:38:26,7775.0,7795.75,Call GEX 5,GEX,284018.314,7451.97716864595,9248.947589585869
2026-08-18 11:38:26,7800.0,7821.0,Put CEX 4,CEX,-1801973.259,7451.97716864595,9248.947589585869
2026-08-18 11:38:26,7800.0,7821.0,Put DEX 3,DEX,-41.017,7451.97716864595,9248.947589585869
2026-08-18 11:38:26,7800.0,7821.0,Call GEX 2,GEX,541805.597,7451.97716864595,9248.947589585869
2026-08-18 11:38:26,7800.0,7821.0,Put VEX 3,VEX,-1207040.967,7451.97716864595,9248.947589585869
2026-08-18 11:38:26,7850.0,7871.0,Call GEX 3,GEX,312744.746,7451.97716864595,9248.947589585869
2026-08-18 11:38:26,7900.0,7921.25,Call GEX 1,GEX,716169.552,7451.97716864595,9248.947589585869
2026-08-18 11:38:26,7900.0,7921.25,Put VEX 2,VEX,-1221796.769,7451.97716864595,9248.947589585869
2026-08-18 11:38:26,8000.0,8021.5,Put CEX 1,CEX,-4889196.56,7451.97716864595,9248.947589585869
2026-08-18 11:38:26,8000.0,8021.5,Put DEX 1,DEX,-2595.127,7451.97716864595,9248.947589585869
2026-08-18 11:38:26,8000.0,8021.5,Put VEX 1,VEX,-11871157.193,7451.97716864595,9248.947589585869
2026-08-18 11:38:26,8200.0,8222.0,Put VEX 4,VEX,-792878.433,7451.97716864595,9248.947589585869
2026-08-18 11:38:26,8500.0,8522.75,Put DEX 2,DEX,-102.323,7451.97716864595,9248.947589585869
2026-08-18 11:39:20,7000.0,7018.5,Call DEX 1,DEX,563.671,7451.815379696173,9249.573923911092
2026-08-18 11:39:20,7000.0,7018.5,Put GEX 2,GEX,-669966.283,7451.815379696173,9249.573923911092
2026-08-18 11:39:20,7000.0,7018.5,Call VEX 1,VEX,6728350.391,7451.815379696173,9249.573923911092
2026-08-18 11:39:20,7300.0,7319.5,Call VEX 5,VEX,1973298.306,7451.815379696173,9249.573923911092
2026-08-18 11:39:20,7400.0,7419.75,Call VEX 4,VEX,2447633.055,7451.815379696173,9249.573923911092
2026-08-18 11:39:20,7450.0,7469.75,Call DEX 4,DEX,342.065,7451.815379696173,9249.573923911092
2026-08-18 11:39:20,7500.0,7520.0,Call CEX 5,CEX,1553849.364,7451.815379696173,9249.573923911092
2026-08-18 11:39:20,7500.0,7520.0,Call DEX 2,DEX,553.329,7451.815379696173,9249.573923911092
2026-08-18 11:39:20,7500.0,7520.0,Put GEX 4,GEX,-397929.491,7451.815379696173,9249.573923911092
2026-08-18 11:39:20,7500.0,7520.0,Call VEX 2,VEX,3537215.975,7451.815379696173,9249.573923911092
2026-08-18 11:39:20,7550.0,7570.0,Call DEX 5,DEX,294.424,7451.815379696173,9249.573923911092
2026-08-18 11:39:20,7600.0,7620.25,Call CEX 2,CEX,2068015.251,7451.815379696173,9249.573923911092
2026-08-18 11:39:20,7600.0,7620.25,Call DEX 3,DEX,453.164,7451.815379696173,9249.573923911092
2026-08-18 11:39:20,7600.0,7620.25,Call VEX 3,VEX,2634037.149,7451.815379696173,9249.573923911092
2026-08-18 11:39:20,7635.0,7655.25,Call CEX 1,CEX,2889473.287,7451.815379696173,9249.573923911092
2026-08-18 11:39:20,7650.0,7670.25,Call CEX 3,CEX,1972908.935,7451.815379696173,9249.573923911092
2026-08-18 11:39:20,7700.0,7720.5,Call CEX 4,CEX,1751637.231,7451.815379696173,9249.573923911092
2026-08-18 11:39:20,7700.0,7720.5,Put GEX 1,GEX,-776622.068,7451.815379696173,9249.573923911092
2026-08-18 11:39:20,7710.0,7730.5,Put CEX 2,CEX,-2037939.56,7451.815379696173,9249.573923911092
2026-08-18 11:39:20,7710.0,7730.5,Put GEX 3,GEX,-561982.839,7451.815379696173,9249.573923911092
2026-08-18 11:39:20,7720.0,7740.5,Put DEX 5,DEX,-33.137,7451.815379696173,9249.573923911092
2026-08-18 11:39:20,7720.0,7740.5,Put GEX 5,GEX,-315314.266,7451.815379696173,9249.573923911092
2026-08-18 11:39:20,7735.0,7755.5,Put DEX 4,DEX,-40.555,7451.815379696173,9249.573923911092
2026-08-18 11:39:20,7750.0,7770.5,Put CEX 3,CEX,-2011549.355,7451.815379696173,9249.573923911092
2026-08-18 11:39:20,7750.0,7770.5,Call GEX 4,GEX,286617.859,7451.815379696173,9249.573923911092
2026-08-18 11:39:20,7750.0,7770.5,Put VEX 5,VEX,-617195.584,7451.815379696173,9249.573923911092
2026-08-18 11:39:20,7775.0,7795.75,Put CEX 5,CEX,-1081993.262,7451.815379696173,9249.573923911092
2026-08-18 11:39:20,7775.0,7795.75,Call GEX 5,GEX,283337.613,7451.815379696173,9249.573923911092
2026-08-18 11:39:20,7800.0,7820.75,Put CEX 4,CEX,-1802632.426,7451.815379696173,9249.573923911092
2026-08-18 11:39:20,7800.0,7820.75,Put DEX 3,DEX,-41.644,7451.815379696173,9249.573923911092
2026-08-18 11:39:20,7800.0,7820.75,Call GEX 2,GEX,544478.445,7451.815379696173,9249.573923911092
2026-08-18 11:39:20,7800.0,7820.75,Put VEX 3,VEX,-1207703.918,7451.815379696173,9249.573923911092
2026-08-18 11:39:20,7850.0,7870.75,Call GEX 3,GEX,312712.264,7451.815379696173,9249.573923911092
2026-08-18 11:39:20,7900.0,7921.0,Call GEX 1,GEX,715856.585,7451.815379696173,9249.573923911092
2026-08-18 11:39:20,7900.0,7921.0,Put VEX 2,VEX,-1222271.751,7451.815379696173,9249.573923911092
2026-08-18 11:39:20,8000.0,8021.25,Put CEX 1,CEX,-4715023.022,7451.815379696173,9249.573923911092
2026-08-18 11:39:20,8000.0,8021.25,Put DEX 1,DEX,-2599.778,7451.815379696173,9249.573923911092
2026-08-18 11:39:20,8000.0,8021.25,Put VEX 1,VEX,-11782326.201,7451.815379696173,9249.573923911092
2026-08-18 11:39:20,8200.0,8221.75,Put VEX 4,VEX,-795598.613,7451.815379696173,9249.573923911092
2026-08-18 11:39:20,8500.0,8522.5,Put DEX 2,DEX,-102.409,7451.815379696173,9249.573923911092
2026-08-18 11:40:21,7000.0,7018.75,Call DEX 1,DEX,561.774,7467.843605428514,9250.64003538131
2026-08-18 11:40:21,7000.0,7018.75,Put GEX 2,GEX,-667605.792,7467.843605428514,9250.64003538131
2026-08-18 11:40:21,7000.0,7018.75,Call VEX 1,VEX,6759763.059,7467.843605428514,9250.64003538131
2026-08-18 11:40:21,7300.0,7319.5,Call VEX 5,VEX,1974886.845,7467.843605428514,9250.64003538131
2026-08-18 11:40:21,7400.0,7419.75,Call VEX 4,VEX,2446547.775,7467.843605428514,9250.64003538131
2026-08-18 11:40:21,7450.0,7469.75,Call DEX 5,DEX,267.733,7467.843605428514,9250.64003538131
2026-08-18 11:40:21,7500.0,7520.0,Call CEX 4,CEX,1510843.441,7467.843605428514,9250.64003538131
2026-08-18 11:40:21,7500.0,7520.0,Call DEX 2,DEX,554.423,7467.843605428514,9250.64003538131
2026-08-18 11:40:21,7500.0,7520.0,Put GEX 4,GEX,-411951.732,7467.843605428514,9250.64003538131
2026-08-18 11:40:21,7500.0,7520.0,Call VEX 2,VEX,3512198.964,7467.843605428514,9250.64003538131
2026-08-18 11:40:21,7550.0,7570.0,Call DEX 4,DEX,294.175,7467.843605428514,9250.64003538131
2026-08-18 11:40:21,7600.0,7620.25,Call CEX 2,CEX,2049324.554,7467.843605428514,9250.64003538131
2026-08-18 11:40:21,7600.0,7620.25,Call DEX 3,DEX,452.355,7467.843605428514,9250.64003538131
2026-08-18 11:40:21,7600.0,7620.25,Call VEX 3,VEX,2626724.777,7467.843605428514,9250.64003538131
2026-08-18 11:40:21,7635.0,7655.25,Call CEX 1,CEX,2918053.874,7467.843605428514,9250.64003538131
2026-08-18 11:40:21,7650.0,7670.25,Call CEX 3,CEX,1976780.437,7467.843605428514,9250.64003538131
2026-08-18 11:40:21,7700.0,7720.5,Call CEX 5,CEX,1487548.723,7467.843605428514,9250.64003538131
2026-08-18 11:40:21,7700.0,7720.5,Put GEX 1,GEX,-783078.539,7467.843605428514,9250.64003538131
2026-08-18 11:40:21,7710.0,7730.5,Put CEX 2,CEX,-2094887.895,7467.843605428514,9250.64003538131
2026-08-18 11:40:21,7710.0,7730.5,Put GEX 3,GEX,-530005.341,7467.843605428514,9250.64003538131
2026-08-18 11:40:21,7715.0,7735.5,Put CEX 5,CEX,-1218758.614,7467.843605428514,9250.64003538131
2026-08-18 11:40:21,7720.0,7740.5,Put DEX 5,DEX,-33.464,7467.843605428514,9250.64003538131
2026-08-18 11:40:21,7720.0,7740.5,Put GEX 5,GEX,-310445.542,7467.843605428514,9250.64003538131
2026-08-18 11:40:21,7735.0,7755.5,Put DEX 4,DEX,-40.838,7467.843605428514,9250.64003538131
2026-08-18 11:40:21,7750.0,7770.75,Put CEX 3,CEX,-2018512.63,7467.843605428514,9250.64003538131
2026-08-18 11:40:21,7750.0,7770.75,Call GEX 4,GEX,288897.615,7467.843605428514,9250.64003538131
2026-08-18 11:40:21,7750.0,7770.75,Put VEX 5,VEX,-624969.778,7467.843605428514,9250.64003538131
2026-08-18 11:40:21,7775.0,7795.75,Call GEX 5,GEX,280398.355,7467.843605428514,9250.64003538131
2026-08-18 11:40:21,7800.0,7820.75,Put CEX 4,CEX,-1801903.814,7467.843605428514,9250.64003538131
2026-08-18 11:40:21,7800.0,7820.75,Put DEX 3,DEX,-42.391,7467.843605428514,9250.64003538131
2026-08-18 11:40:21,7800.0,7820.75,Call GEX 2,GEX,536740.529,7467.843605428514,9250.64003538131
2026-08-18 11:40:21,7800.0,7820.75,Put VEX 3,VEX,-1213041.776,7467.843605428514,9250.64003538131
2026-08-18 11:40:21,7850.0,7871.0,Call GEX 3,GEX,311939.715,7467.843605428514,9250.64003538131
2026-08-18 11:40:21,7900.0,7921.0,Call GEX 1,GEX,714507.363,7467.843605428514,9250.64003538131
2026-08-18 11:40:21,7900.0,7921.0,Put VEX 2,VEX,-1222509.396,7467.843605428514,9250.64003538131
2026-08-18 11:40:21,8000.0,8021.25,Put CEX 1,CEX,-4856838.523,7467.843605428514,9250.64003538131
2026-08-18 11:40:21,8000.0,8021.25,Put DEX 1,DEX,-2599.994,7467.843605428514,9250.64003538131
2026-08-18 11:40:21,8000.0,8021.25,Put VEX 1,VEX,-11859380.432,7467.843605428514,9250.64003538131
2026-08-18 11:40:21,8200.0,8221.75,Put VEX 4,VEX,-791873.361,7467.843605428514,9250.64003538131
2026-08-18 11:40:21,8500.0,8522.5,Put DEX 2,DEX,-102.298,7467.843605428514,9250.64003538131
2026-08-18 11:41:18,7000.0,7018.5,Call DEX 1,DEX,562.981,7453.30279622155,9252.366562448282
2026-08-18 11:41:18,7000.0,7018.5,Put GEX 2,GEX,-671322.793,7453.30279622155,9252.366562448282
2026-08-18 11:41:18,7000.0,7018.5,Call VEX 1,VEX,6712932.124,7453.30279622155,9252.366562448282
2026-08-18 11:41:18,7300.0,7319.25,Call VEX 5,VEX,1976616.684,7453.30279622155,9252.366562448282
2026-08-18 11:41:18,7400.0,7419.5,Call VEX 4,VEX,2451567.815,7453.30279622155,9252.366562448282
2026-08-18 11:41:18,7450.0,7469.75,Call DEX 4,DEX,340.563,7453.30279622155,9252.366562448282
2026-08-18 11:41:18,7500.0,7519.75,Call CEX 4,CEX,1644681.201,7453.30279622155,9252.366562448282
2026-08-18 11:41:18,7500.0,7519.75,Call DEX 2,DEX,549.702,7453.30279622155,9252.366562448282
2026-08-18 11:41:18,7500.0,7519.75,Put GEX 4,GEX,-382685.67,7453.30279622155,9252.366562448282
2026-08-18 11:41:18,7500.0,7519.75,Call VEX 2,VEX,3576317.084,7453.30279622155,9252.366562448282
2026-08-18 11:41:18,7550.0,7570.0,Call DEX 5,DEX,294.3,7453.30279622155,9252.366562448282
2026-08-18 11:41:18,7600.0,7620.0,Call CEX 2,CEX,2098321.608,7453.30279622155,9252.366562448282
2026-08-18 11:41:18,7600.0,7620.0,Call DEX 3,DEX,448.435,7453.30279622155,9252.366562448282
2026-08-18 11:41:18,7600.0,7620.0,Call VEX 3,VEX,2625265.426,7453.30279622155,9252.366562448282
2026-08-18 11:41:18,7635.0,7655.25,Call CEX 1,CEX,2962954.658,7453.30279622155,9252.366562448282
2026-08-18 11:41:18,7650.0,7670.25,Call CEX 3,CEX,1994125.551,7453.30279622155,9252.366562448282
2026-08-18 11:41:18,7690.0,7710.25,Call CEX 5,CEX,1378343.431,7453.30279622155,9252.366562448282
2026-08-18 11:41:18,7695.0,7715.25,Put GEX 5,GEX,-318161.97,7453.30279622155,9252.366562448282
2026-08-18 11:41:18,7700.0,7720.25,Put GEX 1,GEX,-870253.538,7453.30279622155,9252.366562448282
2026-08-18 11:41:18,7710.0,7730.25,Put CEX 2,CEX,-2186997.142,7453.30279622155,9252.366562448282
2026-08-18 11:41:18,7710.0,7730.25,Put GEX 3,GEX,-480895.046,7453.30279622155,9252.366562448282
2026-08-18 11:41:18,7720.0,7740.5,Put DEX 5,DEX,-34.331,7453.30279622155,9252.366562448282
2026-08-18 11:41:18,7735.0,7755.5,Put DEX 4,DEX,-41.719,7453.30279622155,9252.366562448282
2026-08-18 11:41:18,7750.0,7770.5,Put CEX 3,CEX,-2022476.163,7453.30279622155,9252.366562448282
2026-08-18 11:41:18,7750.0,7770.5,Call GEX 4,GEX,288535.394,7453.30279622155,9252.366562448282
2026-08-18 11:41:18,7750.0,7770.5,Put VEX 5,VEX,-638748.319,7453.30279622155,9252.366562448282
2026-08-18 11:41:18,7775.0,7795.5,Put CEX 5,CEX,-1074789.1,7453.30279622155,9252.366562448282
2026-08-18 11:41:18,7775.0,7795.5,Call GEX 5,GEX,276668.742,7453.30279622155,9252.366562448282
2026-08-18 11:41:18,7800.0,7820.5,Put CEX 4,CEX,-1773425.963,7453.30279622155,9252.366562448282
2026-08-18 11:41:18,7800.0,7820.5,Put DEX 3,DEX,-45.634,7453.30279622155,9252.366562448282
2026-08-18 11:41:18,7800.0,7820.5,Call GEX 2,GEX,540098.785,7453.30279622155,9252.366562448282
2026-08-18 11:41:18,7800.0,7820.5,Put VEX 3,VEX,-1212016.331,7453.30279622155,9252.366562448282
2026-08-18 11:41:18,7850.0,7870.75,Call GEX 3,GEX,310791.044,7453.30279622155,9252.366562448282
2026-08-18 11:41:18,7900.0,7920.75,Call GEX 1,GEX,711235.486,7453.30279622155,9252.366562448282
2026-08-18 11:41:18,7900.0,7920.75,Put VEX 2,VEX,-1224954.165,7453.30279622155,9252.366562448282
2026-08-18 11:41:18,8000.0,8021.25,Put CEX 1,CEX,-4698913.41,7453.30279622155,9252.366562448282
2026-08-18 11:41:18,8000.0,8021.25,Put DEX 1,DEX,-2608.193,7453.30279622155,9252.366562448282
2026-08-18 11:41:18,8000.0,8021.25,Put VEX 1,VEX,-11786574.425,7453.30279622155,9252.366562448282
2026-08-18 11:41:18,8200.0,8221.75,Put VEX 4,VEX,-788891.086,7453.30279622155,9252.366562448282
2026-08-18 11:41:18,8500.0,8522.5,Put DEX 2,DEX,-102.465,7453.30279622155,9252.366562448282
2026-08-18 11:42:08,7000.0,7018.5,Call DEX 1,DEX,562.066,7461.74623270571,9253.15670755022
2026-08-18 11:42:08,7000.0,7018.5,Put GEX 2,GEX,-670227.447,7461.74623270571,9253.15670755022
2026-08-18 11:42:08,7000.0,7018.5,Call VEX 1,VEX,6727168.976,7461.74623270571,9253.15670755022
2026-08-18 11:42:08,7300.0,7319.25,Call VEX 5,VEX,1977113.015,7461.74623270571,9253.15670755022
2026-08-18 11:42:08,7400.0,7419.5,Call VEX 4,VEX,2450169.339,7461.74623270571,9253.15670755022
2026-08-18 11:42:08,7450.0,7469.75,Call DEX 4,DEX,340.087,7461.74623270571,9253.15670755022
2026-08-18 11:42:08,7500.0,7519.75,Call CEX 4,CEX,1626069.684,7461.74623270571,9253.15670755022
2026-08-18 11:42:08,7500.0,7519.75,Call DEX 2,DEX,549.426,7461.74623270571,9253.15670755022
2026-08-18 11:42:08,7500.0,7519.75,Put GEX 4,GEX,-387626.964,7461.74623270571,9253.15670755022
2026-08-18 11:42:08,7500.0,7519.75,Call VEX 2,VEX,3564411.002,7461.74623270571,9253.15670755022
2026-08-18 11:42:08,7550.0,7570.0,Call DEX 5,DEX,291.503,7461.74623270571,9253.15670755022
2026-08-18 11:42:08,7600.0,7620.0,Call CEX 2,CEX,2089130.715,7461.74623270571,9253.15670755022
2026-08-18 11:42:08,7600.0,7620.0,Call DEX 3,DEX,447.528,7461.74623270571,9253.15670755022
2026-08-18 11:42:08,7600.0,7620.0,Call VEX 3,VEX,2618742.519,7461.74623270571,9253.15670755022
2026-08-18 11:42:08,7635.0,7655.25,Call CEX 1,CEX,2990218.795,7461.74623270571,9253.15670755022
2026-08-18 11:42:08,7650.0,7670.25,Call CEX 3,CEX,2003152.281,7461.74623270571,9253.15670755022
2026-08-18 11:42:08,7690.0,7710.25,Call CEX 5,CEX,1390086.846,7461.74623270571,9253.15670755022
2026-08-18 11:42:08,7695.0,7715.25,Put GEX 5,GEX,-326198.374,7461.74623270571,9253.15670755022
2026-08-18 11:42:08,7700.0,7720.25,Put GEX 1,GEX,-879056.253,7461.74623270571,9253.15670755022
2026-08-18 11:42:08,7710.0,7730.25,Put CEX 2,CEX,-2177989.13,7461.74623270571,9253.15670755022
2026-08-18 11:42:08,7710.0,7730.25,Put GEX 3,GEX,-450487.174,7461.74623270571,9253.15670755022
2026-08-18 11:42:08,7720.0,7740.5,Put DEX 5,DEX,-34.615,7461.74623270571,9253.15670755022
2026-08-18 11:42:08,7735.0,7755.5,Put DEX 4,DEX,-42.059,7461.74623270571,9253.15670755022
2026-08-18 11:42:08,7750.0,7770.5,Put CEX 3,CEX,-2025312.862,7461.74623270571,9253.15670755022
2026-08-18 11:42:08,7750.0,7770.5,Call GEX 4,GEX,289699.739,7461.74623270571,9253.15670755022
2026-08-18 11:42:08,7750.0,7770.5,Put VEX 5,VEX,-644554.021,7461.74623270571,9253.15670755022
2026-08-18 11:42:08,7775.0,7795.5,Put CEX 5,CEX,-1074155.567,7461.74623270571,9253.15670755022
2026-08-18 11:42:08,7775.0,7795.5,Call GEX 5,GEX,273971.703,7461.74623270571,9253.15670755022
2026-08-18 11:42:08,7800.0,7820.5,Put CEX 4,CEX,-1777466.434,7461.74623270571,9253.15670755022
2026-08-18 11:42:08,7800.0,7820.5,Put DEX 3,DEX,-46.319,7461.74623270571,9253.15670755022
2026-08-18 11:42:08,7800.0,7820.5,Call GEX 2,GEX,536811.224,7461.74623270571,9253.15670755022
2026-08-18 11:42:08,7800.0,7820.5,Put VEX 3,VEX,-1217960.519,7461.74623270571,9253.15670755022
2026-08-18 11:42:08,7850.0,7870.75,Call GEX 3,GEX,309622.656,7461.74623270571,9253.15670755022
2026-08-18 11:42:08,7900.0,7920.75,Call GEX 1,GEX,709744.441,7461.74623270571,9253.15670755022
2026-08-18 11:42:08,7900.0,7920.75,Put VEX 2,VEX,-1225407.71,7461.74623270571,9253.15670755022
2026-08-18 11:42:08,8000.0,8021.25,Put CEX 1,CEX,-4773290.668,7461.74623270571,9253.15670755022
2026-08-18 11:42:08,8000.0,8021.25,Put DEX 1,DEX,-2609.84,7461.74623270571,9253.15670755022
2026-08-18 11:42:08,8000.0,8021.25,Put VEX 1,VEX,-11826650.466,7461.74623270571,9253.15670755022
2026-08-18 11:42:08,8200.0,8221.75,Put VEX 4,VEX,-788692.464,7461.74623270571,9253.15670755022
2026-08-18 11:42:08,8500.0,8522.5,Put DEX 2,DEX,-102.383,7461.74623270571,9253.15670755022
2026-08-18 11:42:59,7000.0,7018.25,Call DEX 1,DEX,562.303,7464.096374139587,9251.03799490202
2026-08-18 11:42:59,7000.0,7018.25,Put GEX 2,GEX,-669202.414,7464.096374139587,9251.03799490202
2026-08-18 11:42:59,7000.0,7018.25,Call VEX 1,VEX,6729319.92,7464.096374139587,9251.03799490202
2026-08-18 11:42:59,7300.0,7319.0,Call VEX 5,VEX,1976099.828,7464.096374139587,9251.03799490202
2026-08-18 11:42:59,7400.0,7419.25,Call VEX 4,VEX,2448066.511,7464.096374139587,9251.03799490202
2026-08-18 11:42:59,7450.0,7469.5,Call DEX 5,DEX,266.923,7464.096374139587,9251.03799490202
2026-08-18 11:42:59,7500.0,7519.5,Call CEX 4,CEX,1586622.534,7464.096374139587,9251.03799490202
2026-08-18 11:42:59,7500.0,7519.5,Call DEX 2,DEX,550.21,7464.096374139587,9251.03799490202
2026-08-18 11:42:59,7500.0,7519.5,Put GEX 4,GEX,-396969.129,7464.096374139587,9251.03799490202
2026-08-18 11:42:59,7500.0,7519.5,Call VEX 2,VEX,3546652.277,7464.096374139587,9251.03799490202
2026-08-18 11:42:59,7550.0,7569.75,Call DEX 4,DEX,292.889,7464.096374139587,9251.03799490202
2026-08-18 11:42:59,7600.0,7620.0,Call CEX 3,CEX,1944904.154,7464.096374139587,9251.03799490202
2026-08-18 11:42:59,7600.0,7620.0,Call DEX 3,DEX,450.02,7464.096374139587,9251.03799490202
2026-08-18 11:42:59,7600.0,7620.0,Call VEX 3,VEX,2621031.306,7464.096374139587,9251.03799490202
2026-08-18 11:42:59,7635.0,7655.0,Call CEX 1,CEX,2988092.588,7464.096374139587,9251.03799490202
2026-08-18 11:42:59,7650.0,7670.0,Call CEX 2,CEX,2004590.899,7464.096374139587,9251.03799490202
2026-08-18 11:42:59,7690.0,7710.0,Call CEX 5,CEX,1397686.393,7464.096374139587,9251.03799490202
2026-08-18 11:42:59,7695.0,7715.25,Put GEX 5,GEX,-310269.617,7464.096374139587,9251.03799490202
2026-08-18 11:42:59,7700.0,7720.25,Put GEX 1,GEX,-833772.926,7464.096374139587,9251.03799490202
2026-08-18 11:42:59,7710.0,7730.25,Put CEX 2,CEX,-2211953.868,7464.096374139587,9251.03799490202
2026-08-18 11:42:59,7710.0,7730.25,Put GEX 3,GEX,-490577.26,7464.096374139587,9251.03799490202
2026-08-18 11:42:59,7720.0,7740.25,Put DEX 5,DEX,-34.071,7464.096374139587,9251.03799490202
2026-08-18 11:42:59,7735.0,7755.25,Put DEX 4,DEX,-41.33,7464.096374139587,9251.03799490202
2026-08-18 11:42:59,7750.0,7770.25,Put CEX 3,CEX,-2028118.093,7464.096374139587,9251.03799490202
2026-08-18 11:42:59,7750.0,7770.25,Call GEX 4,GEX,291174.954,7464.096374139587,9251.03799490202
2026-08-18 11:42:59,7750.0,7770.25,Put VEX 5,VEX,-636275.402,7464.096374139587,9251.03799490202
2026-08-18 11:42:59,7775.0,7795.25,Put CEX 5,CEX,-1081735.514,7464.096374139587,9251.03799490202
2026-08-18 11:42:59,7775.0,7795.25,Call GEX 5,GEX,276814.289,7464.096374139587,9251.03799490202
2026-08-18 11:42:59,7800.0,7820.5,Put CEX 4,CEX,-1791071.662,7464.096374139587,9251.03799490202
2026-08-18 11:42:59,7800.0,7820.5,Put DEX 3,DEX,-44.681,7464.096374139587,9251.03799490202
2026-08-18 11:42:59,7800.0,7820.5,Call GEX 2,GEX,536326.55,7464.096374139587,9251.03799490202
2026-08-18 11:42:59,7800.0,7820.5,Put VEX 3,VEX,-1215668.265,7464.096374139587,9251.03799490202
2026-08-18 11:42:59,7850.0,7870.5,Call GEX 3,GEX,310616.529,7464.096374139587,9251.03799490202
2026-08-18 11:42:59,7900.0,7920.75,Call GEX 1,GEX,711438.673,7464.096374139587,9251.03799490202
2026-08-18 11:42:59,7900.0,7920.75,Put VEX 2,VEX,-1225376.165,7464.096374139587,9251.03799490202
2026-08-18 11:42:59,8000.0,8021.0,Put CEX 1,CEX,-4813685.234,7464.096374139587,9251.03799490202
2026-08-18 11:42:59,8000.0,8021.0,Put DEX 1,DEX,-2605.475,7464.096374139587,9251.03799490202
2026-08-18 11:42:59,8000.0,8021.0,Put VEX 1,VEX,-11839605.964,7464.096374139587,9251.03799490202
2026-08-18 11:42:59,8200.0,8221.5,Put VEX 4,VEX,-790136.595,7464.096374139587,9251.03799490202
2026-08-18 11:42:59,8500.0,8522.25,Put DEX 2,DEX,-102.308,7464.096374139587,9251.03799490202
2026-08-18 11:43:53,7000.0,7018.75,Call DEX 1,DEX,561.106,7456.277350587033,9251.35197567518
2026-08-18 11:43:53,7000.0,7018.75,Put GEX 2,GEX,-666235.828,7456.277350587033,9251.35197567518
2026-08-18 11:43:53,7000.0,7018.75,Call VEX 1,VEX,6753244.838,7456.277350587033,9251.35197567518
2026-08-18 11:43:53,7300.0,7319.5,Call VEX 5,VEX,1979700.555,7456.277350587033,9251.35197567518
2026-08-18 11:43:53,7400.0,7419.75,Call VEX 4,VEX,2450100.093,7456.277350587033,9251.35197567518
2026-08-18 11:43:53,7450.0,7469.75,Call DEX 4,DEX,340.339,7456.277350587033,9251.35197567518
2026-08-18 11:43:53,7500.0,7520.0,Call CEX 4,CEX,1632352.632,7456.277350587033,9251.35197567518
2026-08-18 11:43:53,7500.0,7520.0,Call DEX 2,DEX,548.991,7456.277350587033,9251.35197567518
2026-08-18 11:43:53,7500.0,7520.0,Put GEX 4,GEX,-386743.171,7456.277350587033,9251.35197567518
2026-08-18 11:43:53,7500.0,7520.0,Call VEX 2,VEX,3568072.492,7456.277350587033,9251.35197567518
2026-08-18 11:43:53,7550.0,7570.0,Call DEX 5,DEX,292.076,7456.277350587033,9251.35197567518
2026-08-18 11:43:53,7600.0,7620.25,Call CEX 3,CEX,1966777.986,7456.277350587033,9251.35197567518
2026-08-18 11:43:53,7600.0,7620.25,Call DEX 3,DEX,448.818,7456.277350587033,9251.35197567518
2026-08-18 11:43:53,7600.0,7620.25,Call VEX 3,VEX,2621936.639,7456.277350587033,9251.35197567518
2026-08-18 11:43:53,7635.0,7655.25,Call CEX 1,CEX,3008628.328,7456.277350587033,9251.35197567518
2026-08-18 11:43:53,7650.0,7670.25,Call CEX 2,CEX,2015312.392,7456.277350587033,9251.35197567518
2026-08-18 11:43:53,7690.0,7710.5,Call CEX 5,CEX,1397766.136,7456.277350587033,9251.35197567518
2026-08-18 11:43:53,7695.0,7715.5,Put GEX 5,GEX,-317501.587,7456.277350587033,9251.35197567518
2026-08-18 11:43:53,7700.0,7720.5,Put GEX 1,GEX,-884902.182,7456.277350587033,9251.35197567518
2026-08-18 11:43:53,7710.0,7730.5,Put CEX 2,CEX,-2209298.734,7456.277350587033,9251.35197567518
2026-08-18 11:43:53,7710.0,7730.5,Put GEX 3,GEX,-482433.195,7456.277350587033,9251.35197567518
2026-08-18 11:43:53,7720.0,7740.5,Put DEX 5,DEX,-34.245,7456.277350587033,9251.35197567518
2026-08-18 11:43:53,7735.0,7755.5,Put DEX 4,DEX,-41.598,7456.277350587033,9251.35197567518
2026-08-18 11:43:53,7750.0,7770.75,Put CEX 3,CEX,-2029460.415,7456.277350587033,9251.35197567518
2026-08-18 11:43:53,7750.0,7770.75,Call GEX 4,GEX,288498.815,7456.277350587033,9251.35197567518
2026-08-18 11:43:53,7750.0,7770.75,Put VEX 5,VEX,-637692.489,7456.277350587033,9251.35197567518
2026-08-18 11:43:53,7775.0,7795.75,Put CEX 5,CEX,-1082373.735,7456.277350587033,9251.35197567518
2026-08-18 11:43:53,7775.0,7795.75,Call GEX 5,GEX,276041.43,7456.277350587033,9251.35197567518
2026-08-18 11:43:53,7800.0,7820.75,Put CEX 4,CEX,-1789415.119,7456.277350587033,9251.35197567518
2026-08-18 11:43:53,7800.0,7820.75,Put DEX 3,DEX,-45.199,7456.277350587033,9251.35197567518
2026-08-18 11:43:53,7800.0,7820.75,Call GEX 2,GEX,538342.313,7456.277350587033,9251.35197567518
2026-08-18 11:43:53,7800.0,7820.75,Put VEX 3,VEX,-1214230.041,7456.277350587033,9251.35197567518
2026-08-18 11:43:53,7850.0,7871.0,Call GEX 3,GEX,310213.574,7456.277350587033,9251.35197567518
2026-08-18 11:43:53,7900.0,7921.0,Call GEX 1,GEX,711032.242,7456.277350587033,9251.35197567518
2026-08-18 11:43:53,7900.0,7921.0,Put VEX 2,VEX,-1225664.868,7456.277350587033,9251.35197567518
2026-08-18 11:43:53,8000.0,8021.25,Put CEX 1,CEX,-4694270.377,7456.277350587033,9251.35197567518
2026-08-18 11:43:53,8000.0,8021.25,Put DEX 1,DEX,-2608.776,7456.277350587033,9251.35197567518
2026-08-18 11:43:53,8000.0,8021.25,Put VEX 1,VEX,-11784197.369,7456.277350587033,9251.35197567518
2026-08-18 11:43:53,8200.0,8221.75,Put VEX 4,VEX,-789837.434,7456.277350587033,9251.35197567518
2026-08-18 11:43:53,8500.0,8522.75,Put DEX 2,DEX,-102.552,7456.277350587033,9251.35197567518
2026-08-18 11:44:43,7000.0,7018.5,Call DEX 1,DEX,560.88,7466.086934124649,9253.67550727454
2026-08-18 11:44:43,7000.0,7018.5,Put GEX 2,GEX,-672748.051,7466.086934124649,9253.67550727454
2026-08-18 11:44:43,7000.0,7018.5,Call VEX 1,VEX,6756165.026,7466.086934124649,9253.67550727454
2026-08-18 11:44:43,7300.0,7319.25,Call VEX 5,VEX,1980561.177,7466.086934124649,9253.67550727454
2026-08-18 11:44:43,7400.0,7419.5,Call VEX 4,VEX,2447864.496,7466.086934124649,9253.67550727454
2026-08-18 11:44:43,7450.0,7469.75,Call DEX 5,DEX,266.162,7466.086934124649,9253.67550727454
2026-08-18 11:44:43,7500.0,7519.75,Call CEX 4,CEX,1623676.772,7466.086934124649,9253.67550727454
2026-08-18 11:44:43,7500.0,7519.75,Call DEX 2,DEX,549.349,7466.086934124649,9253.67550727454
2026-08-18 11:44:43,7500.0,7519.75,Put GEX 4,GEX,-389615.645,7466.086934124649,9253.67550727454
2026-08-18 11:44:43,7500.0,7519.75,Call VEX 2,VEX,3564386.357,7466.086934124649,9253.67550727454
2026-08-18 11:44:43,7550.0,7570.0,Call DEX 4,DEX,292.226,7466.086934124649,9253.67550727454
2026-08-18 11:44:43,7600.0,7620.0,Call CEX 3,CEX,1936263.632,7466.086934124649,9253.67550727454
2026-08-18 11:44:43,7600.0,7620.0,Call DEX 3,DEX,446.954,7466.086934124649,9253.67550727454
2026-08-18 11:44:43,7600.0,7620.0,Call VEX 3,VEX,2614182.558,7466.086934124649,9253.67550727454
2026-08-18 11:44:43,7635.0,7655.25,Call CEX 1,CEX,3043233.673,7466.086934124649,9253.67550727454
2026-08-18 11:44:43,7650.0,7670.25,Call CEX 2,CEX,2208584.624,7466.086934124649,9253.67550727454
2026-08-18 11:44:43,7690.0,7710.25,Call CEX 5,CEX,1415052.144,7466.086934124649,9253.67550727454
2026-08-18 11:44:43,7695.0,7715.25,Put GEX 5,GEX,-333219.293,7466.086934124649,9253.67550727454
2026-08-18 11:44:43,7700.0,7720.25,Put GEX 1,GEX,-866232.444,7466.086934124649,9253.67550727454
2026-08-18 11:44:43,7710.0,7730.25,Put CEX 2,CEX,-2236852.802,7466.086934124649,9253.67550727454
2026-08-18 11:44:43,7710.0,7730.25,Put GEX 3,GEX,-442669.208,7466.086934124649,9253.67550727454
2026-08-18 11:44:43,7720.0,7740.5,Put DEX 5,DEX,-34.716,7466.086934124649,9253.67550727454
2026-08-18 11:44:43,7735.0,7755.5,Put DEX 4,DEX,-41.945,7466.086934124649,9253.67550727454
2026-08-18 11:44:43,7750.0,7770.5,Put CEX 3,CEX,-2035894.525,7466.086934124649,9253.67550727454
2026-08-18 11:44:43,7750.0,7770.5,Call GEX 4,GEX,291082.444,7466.086934124649,9253.67550727454
2026-08-18 11:44:43,7750.0,7770.5,Put VEX 5,VEX,-648024.45,7466.086934124649,9253.67550727454
2026-08-18 11:44:43,7775.0,7795.5,Put CEX 5,CEX,-1081595.284,7466.086934124649,9253.67550727454
2026-08-18 11:44:43,7775.0,7795.5,Call GEX 5,GEX,273303.327,7466.086934124649,9253.67550727454
2026-08-18 11:44:43,7800.0,7820.5,Put CEX 4,CEX,-1787005.465,7466.086934124649,9253.67550727454
2026-08-18 11:44:43,7800.0,7820.5,Put DEX 3,DEX,-46.708,7466.086934124649,9253.67550727454
2026-08-18 11:44:43,7800.0,7820.5,Call GEX 2,GEX,534230.169,7466.086934124649,9253.67550727454
2026-08-18 11:44:43,7800.0,7820.5,Put VEX 3,VEX,-1220528.885,7466.086934124649,9253.67550727454
2026-08-18 11:44:43,7850.0,7870.75,Call GEX 3,GEX,309611.351,7466.086934124649,9253.67550727454
2026-08-18 11:44:43,7900.0,7920.75,Call GEX 1,GEX,708993.491,7466.086934124649,9253.67550727454
2026-08-18 11:44:43,7900.0,7920.75,Put VEX 2,VEX,-1226667.166,7466.086934124649,9253.67550727454
2026-08-18 11:44:43,8000.0,8021.25,Put CEX 1,CEX,-4886775.427,7466.086934124649,9253.67550727454
2026-08-18 11:44:43,8000.0,8021.25,Put DEX 1,DEX,-2608.724,7466.086934124649,9253.67550727454
2026-08-18 11:44:43,8000.0,8021.25,Put VEX 1,VEX,-11880281.392,7466.086934124649,9253.67550727454
2026-08-18 11:44:43,8200.0,8221.75,Put VEX 4,VEX,-790666.715,7466.086934124649,9253.67550727454
2026-08-18 11:44:43,8500.0,8522.5,Put DEX 2,DEX,-102.258,7466.086934124649,9253.67550727454
2026-08-18 11:45:33,7000.0,7018.25,Call DEX 1,DEX,561.842,7484.994897257516,9252.90767989427
2026-08-18 11:45:33,7000.0,7018.25,Put GEX 2,GEX,-675385.711,7484.994897257516,9252.90767989427
2026-08-18 11:45:33,7000.0,7018.25,Call VEX 1,VEX,6732776.682,7484.994897257516,9252.90767989427
2026-08-18 11:45:33,7300.0,7319.0,Call DEX 4,DEX,296.994,7484.994897257516,9252.90767989427
2026-08-18 11:45:33,7300.0,7319.0,Call VEX 5,VEX,1988276.883,7484.994897257516,9252.90767989427
2026-08-18 11:45:33,7400.0,7419.25,Call VEX 4,VEX,2451475.289,7484.994897257516,9252.90767989427
2026-08-18 11:45:33,7500.0,7519.5,Call CEX 4,CEX,1524037.097,7484.994897257516,9252.90767989427
2026-08-18 11:45:33,7500.0,7519.5,Call DEX 2,DEX,550.243,7484.994897257516,9252.90767989427
2026-08-18 11:45:33,7500.0,7519.5,Put GEX 3,GEX,-418407.114,7484.994897257516,9252.90767989427
2026-08-18 11:45:33,7500.0,7519.5,Call VEX 2,VEX,3509132.275,7484.994897257516,9252.90767989427
2026-08-18 11:45:33,7550.0,7569.75,Call DEX 5,DEX,292.046,7484.994897257516,9252.90767989427
2026-08-18 11:45:33,7600.0,7619.75,Call CEX 3,CEX,1941181.61,7484.994897257516,9252.90767989427
2026-08-18 11:45:33,7600.0,7619.75,Call DEX 3,DEX,445.76,7484.994897257516,9252.90767989427
2026-08-18 11:45:33,7600.0,7619.75,Call VEX 3,VEX,2609948.837,7484.994897257516,9252.90767989427
2026-08-18 11:45:33,7635.0,7655.0,Call CEX 1,CEX,3070601.644,7484.994897257516,9252.90767989427
2026-08-18 11:45:33,7650.0,7670.0,Call CEX 2,CEX,2213331.406,7484.994897257516,9252.90767989427
2026-08-18 11:45:33,7690.0,7710.0,Call CEX 5,CEX,1418617.04,7484.994897257516,9252.90767989427
2026-08-18 11:45:33,7695.0,7715.0,Put GEX 5,GEX,-338257.176,7484.994897257516,9252.90767989427
2026-08-18 11:45:33,7700.0,7720.0,Put GEX 1,GEX,-852036.038,7484.994897257516,9252.90767989427
2026-08-18 11:45:33,7710.0,7730.0,Put CEX 2,CEX,-2212676.744,7484.994897257516,9252.90767989427
2026-08-18 11:45:33,7710.0,7730.0,Put GEX 4,GEX,-414111.579,7484.994897257516,9252.90767989427
2026-08-18 11:45:33,7720.0,7740.25,Put DEX 5,DEX,-34.972,7484.994897257516,9252.90767989427
2026-08-18 11:45:33,7735.0,7755.25,Put DEX 4,DEX,-42.042,7484.994897257516,9252.90767989427
2026-08-18 11:45:33,7750.0,7770.25,Put CEX 3,CEX,-2037309.064,7484.994897257516,9252.90767989427
2026-08-18 11:45:33,7750.0,7770.25,Call GEX 4,GEX,290892.998,7484.994897257516,9252.90767989427
2026-08-18 11:45:33,7750.0,7770.25,Put VEX 5,VEX,-652734.783,7484.994897257516,9252.90767989427
2026-08-18 11:45:33,7775.0,7795.25,Put CEX 5,CEX,-1081338.645,7484.994897257516,9252.90767989427
2026-08-18 11:45:33,7775.0,7795.25,Call GEX 5,GEX,270438.817,7484.994897257516,9252.90767989427
2026-08-18 11:45:33,7800.0,7820.25,Put CEX 4,CEX,-1793770.785,7484.994897257516,9252.90767989427
2026-08-18 11:45:33,7800.0,7820.25,Put DEX 3,DEX,-46.978,7484.994897257516,9252.90767989427
2026-08-18 11:45:33,7800.0,7820.25,Call GEX 2,GEX,528315.179,7484.994897257516,9252.90767989427
2026-08-18 11:45:33,7800.0,7820.25,Put VEX 2,VEX,-1227520.613,7484.994897257516,9252.90767989427
2026-08-18 11:45:33,7850.0,7870.5,Call GEX 3,GEX,308227.061,7484.994897257516,9252.90767989427
2026-08-18 11:45:33,7900.0,7920.5,Call GEX 1,GEX,706514.128,7484.994897257516,9252.90767989427
2026-08-18 11:45:33,7900.0,7920.5,Put VEX 3,VEX,-1226858.614,7484.994897257516,9252.90767989427
2026-08-18 11:45:33,8000.0,8020.75,Put CEX 1,CEX,-4942927.147,7484.994897257516,9252.90767989427
2026-08-18 11:45:33,8000.0,8020.75,Put DEX 1,DEX,-2608.681,7484.994897257516,9252.90767989427
2026-08-18 11:45:33,8000.0,8020.75,Put VEX 1,VEX,-11904663.615,7484.994897257516,9252.90767989427
2026-08-18 11:45:33,8200.0,8221.5,Put VEX 4,VEX,-785817.101,7484.994897257516,9252.90767989427
2026-08-18 11:45:33,8500.0,8522.25,Put DEX 2,DEX,-102.226,7484.994897257516,9252.90767989427
2026-08-18 11:46:26,7000.0,7018.75,Call DEX 1,DEX,561.623,7475.886775373236,9252.040440471508
2026-08-18 11:46:26,7000.0,7018.75,Put GEX 2,GEX,-674330.751,7475.886775373236,9252.040440471508
2026-08-18 11:46:26,7000.0,7018.75,Call VEX 1,VEX,6737770.263,7475.886775373236,9252.040440471508
2026-08-18 11:46:26,7300.0,7319.5,Call VEX 5,VEX,1984297.622,7475.886775373236,9252.040440471508
2026-08-18 11:46:26,7400.0,7419.75,Call VEX 4,VEX,2454748.286,7475.886775373236,9252.040440471508
2026-08-18 11:46:26,7450.0,7470.0,Call DEX 4,DEX,339.795,7475.886775373236,9252.040440471508
2026-08-18 11:46:26,7500.0,7520.0,Call CEX 4,CEX,1667821.041,7475.886775373236,9252.040440471508
2026-08-18 11:46:26,7500.0,7520.0,Call DEX 2,DEX,548.344,7475.886775373236,9252.040440471508
2026-08-18 11:46:26,7500.0,7520.0,Put GEX 4,GEX,-380515.016,7475.886775373236,9252.040440471508
2026-08-18 11:46:26,7500.0,7520.0,Call VEX 2,VEX,3582755.339,7475.886775373236,9252.040440471508
2026-08-18 11:46:26,7550.0,7570.25,Call DEX 5,DEX,293.199,7475.886775373236,9252.040440471508
2026-08-18 11:46:26,7600.0,7620.25,Call CEX 3,CEX,1985269.732,7475.886775373236,9252.040440471508
2026-08-18 11:46:26,7600.0,7620.25,Call DEX 3,DEX,445.843,7475.886775373236,9252.040440471508
2026-08-18 11:46:26,7600.0,7620.25,Call VEX 3,VEX,2615277.182,7475.886775373236,9252.040440471508
2026-08-18 11:46:26,7635.0,7655.5,Call CEX 1,CEX,3084693.712,7475.886775373236,9252.040440471508
2026-08-18 11:46:26,7650.0,7670.5,Call CEX 2,CEX,2234331.351,7475.886775373236,9252.040440471508
2026-08-18 11:46:26,7690.0,7710.5,Call CEX 5,CEX,1427439.534,7475.886775373236,9252.040440471508
2026-08-18 11:46:26,7695.0,7715.5,Put GEX 5,GEX,-340003.245,7475.886775373236,9252.040440471508
2026-08-18 11:46:26,7700.0,7720.5,Put GEX 1,GEX,-911047.24,7475.886775373236,9252.040440471508
2026-08-18 11:46:26,7710.0,7730.5,Put CEX 2,CEX,-2135428.232,7475.886775373236,9252.040440471508
2026-08-18 11:46:26,7710.0,7730.5,Put GEX 3,GEX,-408538.917,7475.886775373236,9252.040440471508
2026-08-18 11:46:26,7720.0,7740.75,Put DEX 5,DEX,-34.859,7475.886775373236,9252.040440471508
2026-08-18 11:46:26,7735.0,7755.75,Put DEX 4,DEX,-42.025,7475.886775373236,9252.040440471508
2026-08-18 11:46:26,7750.0,7770.75,Put CEX 3,CEX,-2034684.169,7475.886775373236,9252.040440471508
2026-08-18 11:46:26,7750.0,7770.75,Call GEX 4,GEX,288839.815,7475.886775373236,9252.040440471508
2026-08-18 11:46:26,7750.0,7770.75,Put VEX 5,VEX,-649142.761,7475.886775373236,9252.040440471508
2026-08-18 11:46:26,7775.0,7795.75,Put CEX 5,CEX,-908239.934,7475.886775373236,9252.040440471508
2026-08-18 11:46:26,7775.0,7795.75,Call GEX 5,GEX,268190.871,7475.886775373236,9252.040440471508
2026-08-18 11:46:26,7800.0,7820.75,Put CEX 4,CEX,-1779889.88,7475.886775373236,9252.040440471508
2026-08-18 11:46:26,7800.0,7820.75,Put DEX 3,DEX,-47.417,7475.886775373236,9252.040440471508
2026-08-18 11:46:26,7800.0,7820.75,Call GEX 2,GEX,535149.876,7475.886775373236,9252.040440471508
2026-08-18 11:46:26,7800.0,7820.75,Put VEX 3,VEX,-1218924.503,7475.886775373236,9252.040440471508
2026-08-18 11:46:26,7850.0,7871.0,Call GEX 3,GEX,308725.463,7475.886775373236,9252.040440471508
2026-08-18 11:46:26,7900.0,7921.0,Call GEX 1,GEX,707299.527,7475.886775373236,9252.040440471508
2026-08-18 11:46:26,7900.0,7921.0,Put VEX 2,VEX,-1227138.736,7475.886775373236,9252.040440471508
2026-08-18 11:46:26,8000.0,8021.5,Put CEX 1,CEX,-4699778.873,7475.886775373236,9252.040440471508
2026-08-18 11:46:26,8000.0,8021.5,Put DEX 1,DEX,-2612.118,7475.886775373236,9252.040440471508
2026-08-18 11:46:26,8000.0,8021.5,Put VEX 1,VEX,-11783921.249,7475.886775373236,9252.040440471508
2026-08-18 11:46:26,8200.0,8222.0,Put VEX 4,VEX,-785326.953,7475.886775373236,9252.040440471508
2026-08-18 11:46:26,8500.0,8522.75,Put DEX 2,DEX,-102.5,7475.886775373236,9252.040440471508
2026-08-18 11:47:14,7000.0,7018.25,Call DEX 1,DEX,560.846,7429.387712630752,9252.754993796443
2026-08-18 11:47:14,7000.0,7018.25,Put GEX 2,GEX,-672802.528,7429.387712630752,9252.754993796443
2026-08-18 11:47:14,7000.0,7018.25,Call VEX 1,VEX,6752653.166,7429.387712630752,9252.754993796443
2026-08-18 11:47:14,7300.0,7319.0,Call DEX 4,DEX,296.801,7429.387712630752,9252.754993796443
2026-08-18 11:47:14,7300.0,7319.0,Call VEX 5,VEX,1987220.615,7429.387712630752,9252.754993796443
2026-08-18 11:47:14,7400.0,7419.25,Call VEX 4,VEX,2453625.631,7429.387712630752,9252.754993796443
2026-08-18 11:47:14,7500.0,7519.5,Call CEX 4,CEX,1574577.82,7429.387712630752,9252.754993796443
2026-08-18 11:47:14,7500.0,7519.5,Call DEX 2,DEX,549.497,7429.387712630752,9252.754993796443
2026-08-18 11:47:14,7500.0,7519.5,Put GEX 3,GEX,-405254.748,7429.387712630752,9252.754993796443
2026-08-18 11:47:14,7500.0,7519.5,Call VEX 2,VEX,3531806.94,7429.387712630752,9252.754993796443
2026-08-18 11:47:14,7550.0,7569.75,Call DEX 5,DEX,292.001,7429.387712630752,9252.754993796443
2026-08-18 11:47:14,7600.0,7619.75,Call CEX 3,CEX,1973069.252,7429.387712630752,9252.754993796443
2026-08-18 11:47:14,7600.0,7619.75,Call DEX 3,DEX,445.846,7429.387712630752,9252.754993796443
2026-08-18 11:47:14,7600.0,7619.75,Call VEX 3,VEX,2612335.758,7429.387712630752,9252.754993796443
2026-08-18 11:47:14,7635.0,7654.75,Call CEX 1,CEX,3105180.875,7429.387712630752,9252.754993796443
2026-08-18 11:47:14,7650.0,7670.0,Call CEX 2,CEX,2044300.403,7429.387712630752,9252.754993796443
2026-08-18 11:47:14,7690.0,7710.0,Call CEX 5,CEX,1433979.585,7429.387712630752,9252.754993796443
2026-08-18 11:47:14,7695.0,7715.0,Put GEX 5,GEX,-345789.569,7429.387712630752,9252.754993796443
2026-08-18 11:47:14,7700.0,7720.0,Put GEX 1,GEX,-908813.651,7429.387712630752,9252.754993796443
2026-08-18 11:47:14,7710.0,7730.0,Put CEX 3,CEX,-2006955.356,7429.387712630752,9252.754993796443
2026-08-18 11:47:14,7710.0,7730.0,Put GEX 4,GEX,-375118.233,7429.387712630752,9252.754993796443
2026-08-18 11:47:14,7720.0,7740.0,Put DEX 5,DEX,-35.021,7429.387712630752,9252.754993796443
2026-08-18 11:47:14,7735.0,7755.25,Put DEX 4,DEX,-42.113,7429.387712630752,9252.754993796443
2026-08-18 11:47:14,7750.0,7770.25,Put CEX 2,CEX,-2040997.321,7429.387712630752,9252.754993796443
2026-08-18 11:47:14,7750.0,7770.25,Call GEX 5,GEX,289244.588,7429.387712630752,9252.754993796443
2026-08-18 11:47:14,7750.0,7770.25,Put VEX 5,VEX,-652077.532,7429.387712630752,9252.754993796443
2026-08-18 11:47:14,7775.0,7795.25,Put CEX 5,CEX,-910389.294,7429.387712630752,9252.754993796443
2026-08-18 11:47:14,7800.0,7820.25,Put CEX 4,CEX,-1792002.372,7429.387712630752,9252.754993796443
2026-08-18 11:47:14,7800.0,7820.25,Put DEX 3,DEX,-47.099,7429.387712630752,9252.754993796443
2026-08-18 11:47:14,7800.0,7820.25,Call GEX 2,GEX,529964.695,7429.387712630752,9252.754993796443
2026-08-18 11:47:14,7800.0,7820.25,Put VEX 3,VEX,-1225165.038,7429.387712630752,9252.754993796443
2026-08-18 11:47:14,7850.0,7870.5,Call GEX 4,GEX,308212.21,7429.387712630752,9252.754993796443
2026-08-18 11:47:14,7900.0,7920.5,Call GEX 1,GEX,706824.079,7429.387712630752,9252.754993796443
2026-08-18 11:47:14,7900.0,7920.5,Put VEX 2,VEX,-1227217.926,7429.387712630752,9252.754993796443
2026-08-18 11:47:14,8000.0,8020.75,Put CEX 1,CEX,-3143598.749,7429.387712630752,9252.754993796443
2026-08-18 11:47:14,8000.0,8020.75,Put DEX 1,DEX,-1616.023,7429.387712630752,9252.754993796443
2026-08-18 11:47:14,8000.0,8020.75,Call GEX 3,GEX,463677.105,7429.387712630752,9252.754993796443
2026-08-18 11:47:14,8000.0,8020.75,Put VEX 1,VEX,-10996075.778,7429.387712630752,9252.754993796443
2026-08-18 11:47:14,8200.0,8221.25,Put VEX 4,VEX,-785093.598,7429.387712630752,9252.754993796443
2026-08-18 11:47:14,8500.0,8522.0,Put DEX 2,DEX,-102.501,7429.387712630752,9252.754993796443
2026-08-18 11:48:04,7000.0,7018.25,Call DEX 1,DEX,559.325,7487.189756515444,9252.743790832208
2026-08-18 11:48:04,7000.0,7018.25,Put GEX 2,GEX,-669019.481,7487.189756515444,9252.743790832208
2026-08-18 11:48:04,7000.0,7018.25,Call VEX 1,VEX,6782726.119,7487.189756515444,9252.743790832208
2026-08-18 11:48:04,7300.0,7319.0,Call DEX 4,DEX,296.898,7487.189756515444,9252.743790832208
2026-08-18 11:48:04,7300.0,7319.0,Call VEX 5,VEX,1987318.431,7487.189756515444,9252.743790832208
2026-08-18 11:48:04,7400.0,7419.25,Call VEX 4,VEX,2447785.532,7487.189756515444,9252.743790832208
2026-08-18 11:48:04,7500.0,7519.5,Call CEX 4,CEX,1599497.683,7487.189756515444,9252.743790832208
2026-08-18 11:48:04,7500.0,7519.5,Call DEX 2,DEX,548.901,7487.189756515444,9252.743790832208
2026-08-18 11:48:04,7500.0,7519.5,Put GEX 4,GEX,-395157.372,7487.189756515444,9252.743790832208
2026-08-18 11:48:04,7500.0,7519.5,Call VEX 2,VEX,3547818.264,7487.189756515444,9252.743790832208
2026-08-18 11:48:04,7550.0,7569.75,Call DEX 5,DEX,291.764,7487.189756515444,9252.743790832208
2026-08-18 11:48:04,7600.0,7619.75,Call CEX 3,CEX,1943793.129,7487.189756515444,9252.743790832208
2026-08-18 11:48:04,7600.0,7619.75,Call DEX 3,DEX,445.582,7487.189756515444,9252.743790832208
2026-08-18 11:48:04,7600.0,7619.75,Call VEX 3,VEX,2609055.885,7487.189756515444,9252.743790832208
2026-08-18 11:48:04,7635.0,7655.0,Call CEX 1,CEX,3121180.11,7487.189756515444,9252.743790832208
2026-08-18 11:48:04,7650.0,7670.0,Call CEX 2,CEX,2239207.292,7487.189756515444,9252.743790832208
2026-08-18 11:48:04,7690.0,7710.0,Call CEX 5,CEX,1443732.229,7487.189756515444,9252.743790832208
2026-08-18 11:48:04,7695.0,7715.0,Put GEX 5,GEX,-344511.142,7487.189756515444,9252.743790832208
2026-08-18 11:48:04,7700.0,7720.0,Put GEX 1,GEX,-875942.314,7487.189756515444,9252.743790832208
2026-08-18 11:48:04,7710.0,7730.0,Put CEX 2,CEX,-2198861.019,7487.189756515444,9252.743790832208
2026-08-18 11:48:04,7710.0,7730.0,Put GEX 3,GEX,-405566.789,7487.189756515444,9252.743790832208
2026-08-18 11:48:04,7720.0,7740.25,Put DEX 5,DEX,-35.021,7487.189756515444,9252.743790832208
2026-08-18 11:48:04,7735.0,7755.25,Put DEX 4,DEX,-42.121,7487.189756515444,9252.743790832208
2026-08-18 11:48:04,7750.0,7770.25,Put CEX 3,CEX,-2045758.652,7487.189756515444,9252.743790832208
2026-08-18 11:48:04,7750.0,7770.25,Call GEX 4,GEX,290085.402,7487.189756515444,9252.743790832208
2026-08-18 11:48:04,7750.0,7770.25,Put VEX 5,VEX,-653492.793,7487.189756515444,9252.743790832208
2026-08-18 11:48:04,7775.0,7795.25,Put CEX 5,CEX,-911306.136,7487.189756515444,9252.743790832208
2026-08-18 11:48:04,7775.0,7795.25,Call GEX 5,GEX,266030.63,7487.189756515444,9252.743790832208
2026-08-18 11:48:04,7800.0,7820.25,Put CEX 4,CEX,-1785756.874,7487.189756515444,9252.743790832208
2026-08-18 11:48:04,7800.0,7820.25,Put DEX 3,DEX,-47.581,7487.189756515444,9252.743790832208
2026-08-18 11:48:04,7800.0,7820.25,Call GEX 2,GEX,529135.65,7487.189756515444,9252.743790832208
2026-08-18 11:48:04,7800.0,7820.25,Put VEX 3,VEX,-1222619.851,7487.189756515444,9252.743790832208
2026-08-18 11:48:04,7850.0,7870.5,Call GEX 3,GEX,307967.14,7487.189756515444,9252.743790832208
2026-08-18 11:48:04,7900.0,7920.5,Call GEX 1,GEX,704566.219,7487.189756515444,9252.743790832208
2026-08-18 11:48:04,7900.0,7920.5,Put VEX 2,VEX,-1223343.351,7487.189756515444,9252.743790832208
2026-08-18 11:48:04,8000.0,8020.75,Put CEX 1,CEX,-4922867.024,7487.189756515444,9252.743790832208
2026-08-18 11:48:04,8000.0,8020.75,Put DEX 1,DEX,-2609.573,7487.189756515444,9252.743790832208
2026-08-18 11:48:04,8000.0,8020.75,Put VEX 1,VEX,-11894467.561,7487.189756515444,9252.743790832208
2026-08-18 11:48:04,8200.0,8221.5,Put VEX 4,VEX,-785071.869,7487.189756515444,9252.743790832208
2026-08-18 11:48:04,8500.0,8522.25,Put DEX 2,DEX,-102.222,7487.189756515444,9252.743790832208
2026-08-18 11:48:57,7000.0,7018.5,Call DEX 1,DEX,560.152,7488.729101956736,9252.695355850745
2026-08-18 11:48:57,7000.0,7018.5,Put GEX 2,GEX,-672385.936,7488.729101956736,9252.695355850745
2026-08-18 11:48:57,7000.0,7018.5,Call VEX 1,VEX,6762750.774,7488.729101956736,9252.695355850745
2026-08-18 11:48:57,7300.0,7319.25,Call DEX 4,DEX,297.045,7488.729101956736,9252.695355850745
2026-08-18 11:48:57,7300.0,7319.25,Call VEX 5,VEX,1983665.588,7488.729101956736,9252.695355850745
2026-08-18 11:48:57,7400.0,7419.5,Call VEX 4,VEX,2448525.746,7488.729101956736,9252.695355850745
2026-08-18 11:48:57,7500.0,7519.75,Call CEX 4,CEX,1621503.849,7488.729101956736,9252.695355850745
2026-08-18 11:48:57,7500.0,7519.75,Call DEX 2,DEX,548.836,7488.729101956736,9252.695355850745
2026-08-18 11:48:57,7500.0,7519.75,Put GEX 3,GEX,-390147.586,7488.729101956736,9252.695355850745
2026-08-18 11:48:57,7500.0,7519.75,Call VEX 2,VEX,3557884.61,7488.729101956736,9252.695355850745
2026-08-18 11:48:57,7550.0,7569.75,Call DEX 5,DEX,291.919,7488.729101956736,9252.695355850745
2026-08-18 11:48:57,7600.0,7620.0,Call CEX 3,CEX,1963968.091,7488.729101956736,9252.695355850745
2026-08-18 11:48:57,7600.0,7620.0,Call DEX 3,DEX,445.958,7488.729101956736,9252.695355850745
2026-08-18 11:48:57,7600.0,7620.0,Call VEX 3,VEX,2611674.235,7488.729101956736,9252.695355850745
2026-08-18 11:48:57,7635.0,7655.0,Call CEX 1,CEX,3138339.83,7488.729101956736,9252.695355850745
2026-08-18 11:48:57,7650.0,7670.25,Call CEX 2,CEX,2056353.754,7488.729101956736,9252.695355850745
2026-08-18 11:48:57,7690.0,7710.25,Call CEX 5,CEX,1452074.815,7488.729101956736,9252.695355850745
2026-08-18 11:48:57,7695.0,7715.25,Put GEX 5,GEX,-348075.142,7488.729101956736,9252.695355850745
2026-08-18 11:48:57,7700.0,7720.25,Put GEX 1,GEX,-930925.597,7488.729101956736,9252.695355850745
2026-08-18 11:48:57,7710.0,7730.25,Put CEX 2,CEX,-2060666.788,7488.729101956736,9252.695355850745
2026-08-18 11:48:57,7710.0,7730.25,Put GEX 4,GEX,-381292.784,7488.729101956736,9252.695355850745
2026-08-18 11:48:57,7720.0,7740.25,Put DEX 5,DEX,-35.012,7488.729101956736,9252.695355850745
2026-08-18 11:48:57,7735.0,7755.25,Put DEX 4,DEX,-42.231,7488.729101956736,9252.695355850745
2026-08-18 11:48:57,7750.0,7770.5,Put CEX 3,CEX,-2047458.755,7488.729101956736,9252.695355850745
2026-08-18 11:48:57,7750.0,7770.5,Call GEX 4,GEX,290309.737,7488.729101956736,9252.695355850745
2026-08-18 11:48:57,7750.0,7770.5,Put VEX 5,VEX,-652979.537,7488.729101956736,9252.695355850745
2026-08-18 11:48:57,7775.0,7795.5,Put CEX 5,CEX,-910801.79,7488.729101956736,9252.695355850745
2026-08-18 11:48:57,7775.0,7795.5,Call GEX 5,GEX,266345.436,7488.729101956736,9252.695355850745
2026-08-18 11:48:57,7800.0,7820.5,Put CEX 4,CEX,-1773918.704,7488.729101956736,9252.695355850745
2026-08-18 11:48:57,7800.0,7820.5,Put DEX 3,DEX,-48.123,7488.729101956736,9252.695355850745
2026-08-18 11:48:57,7800.0,7820.5,Call GEX 2,GEX,528319.487,7488.729101956736,9252.695355850745
2026-08-18 11:48:57,7800.0,7820.5,Put VEX 3,VEX,-1216424.699,7488.729101956736,9252.695355850745
2026-08-18 11:48:57,7850.0,7870.75,Call GEX 3,GEX,307317.706,7488.729101956736,9252.695355850745
2026-08-18 11:48:57,7900.0,7920.75,Call GEX 1,GEX,705042.338,7488.729101956736,9252.695355850745
2026-08-18 11:48:57,7900.0,7920.75,Put VEX 2,VEX,-1223349.947,7488.729101956736,9252.695355850745
2026-08-18 11:48:57,8000.0,8021.0,Put CEX 1,CEX,-4754638.611,7488.729101956736,9252.695355850745
2026-08-18 11:48:57,8000.0,8021.0,Put DEX 1,DEX,-2612.732,7488.729101956736,9252.695355850745
2026-08-18 11:48:57,8000.0,8021.0,Put VEX 1,VEX,-11808613.375,7488.729101956736,9252.695355850745
2026-08-18 11:48:57,8200.0,8221.5,Put VEX 4,VEX,-784515.023,7488.729101956736,9252.695355850745
2026-08-18 11:48:57,8500.0,8522.25,Put DEX 2,DEX,-102.407,7488.729101956736,9252.695355850745
2026-08-18 11:49:50,7000.0,7018.5,Call DEX 1,DEX,559.346,7500.300093824047,9252.50873389285
2026-08-18 11:49:50,7000.0,7018.5,Put GEX 2,GEX,-670058.208,7500.300093824047,9252.50873389285
2026-08-18 11:49:50,7000.0,7018.5,Call VEX 1,VEX,6761721.675,7500.300093824047,9252.50873389285
2026-08-18 11:49:50,7300.0,7319.25,Call DEX 4,DEX,296.578,7500.300093824047,9252.50873389285
2026-08-18 11:49:50,7300.0,7319.25,Call VEX 5,VEX,1996338.661,7500.300093824047,9252.50873389285
2026-08-18 11:49:50,7400.0,7419.5,Call VEX 4,VEX,2448421.582,7500.300093824047,9252.50873389285
2026-08-18 11:49:50,7500.0,7519.75,Call CEX 4,CEX,1587913.381,7500.300093824047,9252.50873389285
2026-08-18 11:49:50,7500.0,7519.75,Call DEX 2,DEX,549.541,7500.300093824047,9252.50873389285
2026-08-18 11:49:50,7500.0,7519.75,Put GEX 3,GEX,-399266.514,7500.300093824047,9252.50873389285
2026-08-18 11:49:50,7500.0,7519.75,Call VEX 2,VEX,3538332.116,7500.300093824047,9252.50873389285
2026-08-18 11:49:50,7550.0,7570.0,Call DEX 5,DEX,291.528,7500.300093824047,9252.50873389285
2026-08-18 11:49:50,7600.0,7620.0,Call CEX 3,CEX,1952165.693,7500.300093824047,9252.50873389285
2026-08-18 11:49:50,7600.0,7620.0,Call DEX 3,DEX,445.185,7500.300093824047,9252.50873389285
2026-08-18 11:49:50,7600.0,7620.0,Call VEX 3,VEX,2607753.328,7500.300093824047,9252.50873389285
2026-08-18 11:49:50,7635.0,7655.25,Call CEX 1,CEX,3162965.2,7500.300093824047,9252.50873389285
2026-08-18 11:49:50,7650.0,7670.25,Call CEX 2,CEX,2065752.374,7500.300093824047,9252.50873389285
2026-08-18 11:49:50,7690.0,7710.25,Call CEX 5,CEX,1460225.518,7500.300093824047,9252.50873389285
2026-08-18 11:49:50,7695.0,7715.25,Put GEX 5,GEX,-354028.349,7500.300093824047,9252.50873389285
2026-08-18 11:49:50,7700.0,7720.25,Put GEX 1,GEX,-910244.188,7500.300093824047,9252.50873389285
2026-08-18 11:49:50,7705.0,7725.25,Put CEX 5,CEX,-932038.664,7500.300093824047,9252.50873389285
2026-08-18 11:49:50,7710.0,7730.25,Put CEX 2,CEX,-2213625.055,7500.300093824047,9252.50873389285
2026-08-18 11:49:50,7710.0,7730.25,Put GEX 4,GEX,-394352.596,7500.300093824047,9252.50873389285
2026-08-18 11:49:50,7720.0,7740.5,Put DEX 5,DEX,-35.18,7500.300093824047,9252.50873389285
2026-08-18 11:49:50,7735.0,7755.5,Put DEX 4,DEX,-42.381,7500.300093824047,9252.50873389285
2026-08-18 11:49:50,7750.0,7770.5,Put CEX 3,CEX,-2049056.901,7500.300093824047,9252.50873389285
2026-08-18 11:49:50,7750.0,7770.5,Call GEX 4,GEX,290677.437,7500.300093824047,9252.50873389285
2026-08-18 11:49:50,7750.0,7770.5,Put VEX 5,VEX,-656286.871,7500.300093824047,9252.50873389285
2026-08-18 11:49:50,7775.0,7795.5,Call GEX 5,GEX,265548.155,7500.300093824047,9252.50873389285
2026-08-18 11:49:50,7800.0,7820.5,Put CEX 4,CEX,-1768289.445,7500.300093824047,9252.50873389285
2026-08-18 11:49:50,7800.0,7820.5,Put DEX 3,DEX,-48.586,7500.300093824047,9252.50873389285
2026-08-18 11:49:50,7800.0,7820.5,Call GEX 2,GEX,523706.133,7500.300093824047,9252.50873389285
2026-08-18 11:49:50,7800.0,7820.5,Put VEX 3,VEX,-1217967.678,7500.300093824047,9252.50873389285
2026-08-18 11:49:50,7850.0,7870.75,Call GEX 3,GEX,305693.581,7500.300093824047,9252.50873389285
2026-08-18 11:49:50,7900.0,7920.75,Call GEX 1,GEX,705335.445,7500.300093824047,9252.50873389285
2026-08-18 11:49:50,7900.0,7920.75,Put VEX 2,VEX,-1226033.857,7500.300093824047,9252.50873389285
2026-08-18 11:49:50,8000.0,8021.0,Put CEX 1,CEX,-4952227.437,7500.300093824047,9252.50873389285
2026-08-18 11:49:50,8000.0,8021.0,Put DEX 1,DEX,-2610.373,7500.300093824047,9252.50873389285
2026-08-18 11:49:50,8000.0,8021.0,Put VEX 1,VEX,-11909039.041,7500.300093824047,9252.50873389285
2026-08-18 11:49:50,8200.0,8221.75,Put VEX 4,VEX,-784470.598,7500.300093824047,9252.50873389285
2026-08-18 11:49:50,8500.0,8522.5,Put DEX 2,DEX,-102.258,7500.300093824047,9252.50873389285
2026-08-18 11:50:41,7000.0,7018.75,Call DEX 1,DEX,558.947,7451.289914387624,9253.049762518129
2026-08-18 11:50:41,7000.0,7018.75,Put GEX 2,GEX,-670225.727,7451.289914387624,9253.049762518129
2026-08-18 11:50:41,7000.0,7018.75,Call VEX 1,VEX,6787066.694,7451.289914387624,9253.049762518129
2026-08-18 11:50:41,7300.0,7319.5,Call DEX 5,DEX,295.082,7451.289914387624,9253.049762518129
2026-08-18 11:50:41,7300.0,7319.5,Call VEX 5,VEX,2008924.963,7451.289914387624,9253.049762518129
2026-08-18 11:50:41,7400.0,7419.75,Call VEX 4,VEX,2460826.132,7451.289914387624,9253.049762518129
2026-08-18 11:50:41,7450.0,7469.75,Call DEX 4,DEX,338.933,7451.289914387624,9253.049762518129
2026-08-18 11:50:41,7500.0,7520.0,Call CEX 4,CEX,1687559.302,7451.289914387624,9253.049762518129
2026-08-18 11:50:41,7500.0,7520.0,Call DEX 2,DEX,547.377,7451.289914387624,9253.049762518129
2026-08-18 11:50:41,7500.0,7520.0,Put GEX 3,GEX,-380528.897,7451.289914387624,9253.049762518129
2026-08-18 11:50:41,7500.0,7520.0,Call VEX 2,VEX,3588150.644,7451.289914387624,9253.049762518129
2026-08-18 11:50:41,7600.0,7620.25,Call CEX 3,CEX,1994114.01,7451.289914387624,9253.049762518129
2026-08-18 11:50:41,7600.0,7620.25,Call DEX 3,DEX,443.749,7451.289914387624,9253.049762518129
2026-08-18 11:50:41,7600.0,7620.25,Call VEX 3,VEX,2609993.425,7451.289914387624,9253.049762518129
2026-08-18 11:50:41,7635.0,7655.25,Call CEX 1,CEX,3188657.821,7451.289914387624,9253.049762518129
2026-08-18 11:50:41,7650.0,7670.5,Call CEX 2,CEX,2080975.796,7451.289914387624,9253.049762518129
2026-08-18 11:50:41,7690.0,7710.5,Call CEX 5,CEX,1462328.876,7451.289914387624,9253.049762518129
2026-08-18 11:50:41,7690.0,7710.5,Put GEX 5,GEX,-314458.169,7451.289914387624,9253.049762518129
2026-08-18 11:50:41,7695.0,7715.5,Put GEX 4,GEX,-371374.177,7451.289914387624,9253.049762518129
2026-08-18 11:50:41,7700.0,7720.5,Put GEX 1,GEX,-985575.955,7451.289914387624,9253.049762518129
2026-08-18 11:50:41,7705.0,7725.5,Put CEX 4,CEX,-1043267.137,7451.289914387624,9253.049762518129
2026-08-18 11:50:41,7720.0,7740.5,Put DEX 5,DEX,-35.47,7451.289914387624,9253.049762518129
2026-08-18 11:50:41,7735.0,7755.5,Put DEX 4,DEX,-42.596,7451.289914387624,9253.049762518129
2026-08-18 11:50:41,7750.0,7770.75,Put CEX 2,CEX,-2050311.999,7451.289914387624,9253.049762518129
2026-08-18 11:50:41,7750.0,7770.75,Call GEX 4,GEX,286942.669,7451.289914387624,9253.049762518129
2026-08-18 11:50:41,7750.0,7770.75,Put VEX 5,VEX,-658556.982,7451.289914387624,9253.049762518129
2026-08-18 11:50:41,7775.0,7795.75,Put CEX 5,CEX,-909203.84,7451.289914387624,9253.049762518129
2026-08-18 11:50:41,7775.0,7795.75,Call GEX 5,GEX,263856.868,7451.289914387624,9253.049762518129
2026-08-18 11:50:41,7800.0,7820.75,Put CEX 3,CEX,-1758507.767,7451.289914387624,9253.049762518129
2026-08-18 11:50:41,7800.0,7820.75,Put DEX 3,DEX,-49.559,7451.289914387624,9253.049762518129
2026-08-18 11:50:41,7800.0,7820.75,Call GEX 2,GEX,526236.6,7451.289914387624,9253.049762518129
2026-08-18 11:50:41,7800.0,7820.75,Put VEX 3,VEX,-1214174.746,7451.289914387624,9253.049762518129
2026-08-18 11:50:41,7850.0,7871.0,Call GEX 3,GEX,305341.364,7451.289914387624,9253.049762518129
2026-08-18 11:50:41,7900.0,7921.0,Call GEX 1,GEX,704184.438,7451.289914387624,9253.049762518129
2026-08-18 11:50:41,7900.0,7921.0,Put VEX 2,VEX,-1225056.536,7451.289914387624,9253.049762518129
2026-08-18 11:50:41,8000.0,8021.25,Put CEX 1,CEX,-4633873.914,7451.289914387624,9253.049762518129
2026-08-18 11:50:41,8000.0,8021.25,Put DEX 1,DEX,-2619.292,7451.289914387624,9253.049762518129
2026-08-18 11:50:41,8000.0,8021.25,Put VEX 1,VEX,-11757110.029,7451.289914387624,9253.049762518129
2026-08-18 11:50:41,8200.0,8221.75,Put VEX 4,VEX,-784022.549,7451.289914387624,9253.049762518129
2026-08-18 11:50:41,8500.0,8522.75,Put DEX 2,DEX,-102.56,7451.289914387624,9253.049762518129
2026-08-18 11:51:29,7000.0,7018.75,Call DEX 1,DEX,558.047,7462.00223037821,9253.422853094931
2026-08-18 11:51:29,7000.0,7018.75,Put GEX 2,GEX,-669968.774,7462.00223037821,9253.422853094931
2026-08-18 11:51:29,7000.0,7018.75,Call VEX 1,VEX,6798349.234,7462.00223037821,9253.422853094931
2026-08-18 11:51:29,7300.0,7319.5,Call VEX 5,VEX,1992560.925,7462.00223037821,9253.422853094931
2026-08-18 11:51:29,7400.0,7419.75,Call VEX 4,VEX,2464347.43,7462.00223037821,9253.422853094931
2026-08-18 11:51:29,7450.0,7470.0,Call DEX 4,DEX,337.495,7462.00223037821,9253.422853094931
2026-08-18 11:51:29,7500.0,7520.0,Call CEX 4,CEX,1710231.702,7462.00223037821,9253.422853094931
2026-08-18 11:51:29,7500.0,7520.0,Call DEX 2,DEX,544.986,7462.00223037821,9253.422853094931
2026-08-18 11:51:29,7500.0,7520.0,Put GEX 4,GEX,-381334.733,7462.00223037821,9253.422853094931
2026-08-18 11:51:29,7500.0,7520.0,Call VEX 2,VEX,3593664.771,7462.00223037821,9253.422853094931
2026-08-18 11:51:29,7550.0,7570.25,Call DEX 5,DEX,290.421,7462.00223037821,9253.422853094931
2026-08-18 11:51:29,7600.0,7620.25,Call CEX 3,CEX,2014530.657,7462.00223037821,9253.422853094931
2026-08-18 11:51:29,7600.0,7620.25,Call DEX 3,DEX,441.318,7462.00223037821,9253.422853094931
2026-08-18 11:51:29,7600.0,7620.25,Call VEX 3,VEX,2605130.422,7462.00223037821,9253.422853094931
2026-08-18 11:51:29,7635.0,7655.5,Call CEX 1,CEX,3227732.554,7462.00223037821,9253.422853094931
2026-08-18 11:51:29,7650.0,7670.5,Call CEX 2,CEX,2089936.761,7462.00223037821,9253.422853094931
2026-08-18 11:51:29,7690.0,7710.5,Call CEX 5,CEX,1453211.944,7462.00223037821,9253.422853094931
2026-08-18 11:51:29,7690.0,7710.5,Put GEX 5,GEX,-330708.915,7462.00223037821,9253.422853094931
2026-08-18 11:51:29,7695.0,7715.5,Put GEX 3,GEX,-392403.152,7462.00223037821,9253.422853094931
2026-08-18 11:51:29,7700.0,7720.5,Put GEX 1,GEX,-1023921.1,7462.00223037821,9253.422853094931
2026-08-18 11:51:29,7705.0,7725.5,Put CEX 4,CEX,-1139177.864,7462.00223037821,9253.422853094931
2026-08-18 11:51:29,7720.0,7740.75,Put DEX 5,DEX,-36.015,7462.00223037821,9253.422853094931
2026-08-18 11:51:29,7735.0,7755.75,Put DEX 4,DEX,-43.134,7462.00223037821,9253.422853094931
2026-08-18 11:51:29,7750.0,7770.75,Put CEX 2,CEX,-2053381.008,7462.00223037821,9253.422853094931
2026-08-18 11:51:29,7750.0,7770.75,Call GEX 4,GEX,286454.893,7462.00223037821,9253.422853094931
2026-08-18 11:51:29,7750.0,7770.75,Put VEX 5,VEX,-668094.782,7462.00223037821,9253.422853094931
2026-08-18 11:51:29,7775.0,7795.75,Put CEX 5,CEX,-906652.709,7462.00223037821,9253.422853094931
2026-08-18 11:51:29,7775.0,7795.75,Call GEX 5,GEX,260515.729,7462.00223037821,9253.422853094931
2026-08-18 11:51:29,7800.0,7820.75,Put CEX 3,CEX,-1749064.96,7462.00223037821,9253.422853094931
2026-08-18 11:51:29,7800.0,7820.75,Put DEX 3,DEX,-51.301,7462.00223037821,9253.422853094931
2026-08-18 11:51:29,7800.0,7820.75,Call GEX 2,GEX,524948.162,7462.00223037821,9253.422853094931
2026-08-18 11:51:29,7800.0,7820.75,Put VEX 3,VEX,-1217928.737,7462.00223037821,9253.422853094931
2026-08-18 11:51:29,7850.0,7871.0,Call GEX 3,GEX,304316.77,7462.00223037821,9253.422853094931
2026-08-18 11:51:29,7900.0,7921.25,Call GEX 1,GEX,701581.108,7462.00223037821,9253.422853094931
2026-08-18 11:51:29,7900.0,7921.25,Put VEX 2,VEX,-1227419.832,7462.00223037821,9253.422853094931
2026-08-18 11:51:29,8000.0,8021.5,Put CEX 1,CEX,-4564775.949,7462.00223037821,9253.422853094931
2026-08-18 11:51:29,8000.0,8021.5,Put DEX 1,DEX,-2623.349,7462.00223037821,9253.422853094931
2026-08-18 11:51:29,8000.0,8021.5,Put VEX 1,VEX,-11729728.874,7462.00223037821,9253.422853094931
2026-08-18 11:51:29,8200.0,8222.0,Put VEX 4,VEX,-783405.616,7462.00223037821,9253.422853094931
2026-08-18 11:51:29,8500.0,8522.75,Put DEX 2,DEX,-102.63,7462.00223037821,9253.422853094931
2026-08-18 11:52:18,7000.0,7018.5,Call DEX 1,DEX,558.814,7500.0062448254575,9252.879040527889
2026-08-18 11:52:18,7000.0,7018.5,Put GEX 2,GEX,-671511.274,7500.0062448254575,9252.879040527889
2026-08-18 11:52:18,7000.0,7018.5,Call VEX 1,VEX,6782462.604,7500.0062448254575,9252.879040527889
2026-08-18 11:52:18,7300.0,7319.25,Call VEX 5,VEX,1989183.24,7500.0062448254575,9252.879040527889
2026-08-18 11:52:18,7400.0,7419.5,Call VEX 4,VEX,2456486.411,7500.0062448254575,9252.879040527889
2026-08-18 11:52:18,7450.0,7469.75,Call DEX 4,DEX,338.597,7500.0062448254575,9252.879040527889
2026-08-18 11:52:18,7500.0,7519.75,Call CEX 4,CEX,1686643.088,7500.0062448254575,9252.879040527889
2026-08-18 11:52:18,7500.0,7519.75,Call DEX 2,DEX,546.212,7500.0062448254575,9252.879040527889
2026-08-18 11:52:18,7500.0,7519.75,Put GEX 3,GEX,-384314.184,7500.0062448254575,9252.879040527889
2026-08-18 11:52:18,7500.0,7519.75,Call VEX 2,VEX,3587635.926,7500.0062448254575,9252.879040527889
2026-08-18 11:52:18,7550.0,7570.0,Call DEX 5,DEX,290.192,7500.0062448254575,9252.879040527889
2026-08-18 11:52:18,7600.0,7620.0,Call CEX 2,CEX,2113504.383,7500.0062448254575,9252.879040527889
2026-08-18 11:52:18,7600.0,7620.0,Call DEX 3,DEX,443.253,7500.0062448254575,9252.879040527889
2026-08-18 11:52:18,7600.0,7620.0,Call VEX 3,VEX,2605507.173,7500.0062448254575,9252.879040527889
2026-08-18 11:52:18,7635.0,7655.25,Call CEX 1,CEX,3235504.72,7500.0062448254575,9252.879040527889
2026-08-18 11:52:18,7650.0,7670.25,Call CEX 3,CEX,2089802.18,7500.0062448254575,9252.879040527889
2026-08-18 11:52:18,7690.0,7710.25,Call CEX 5,CEX,1472799.237,7500.0062448254575,9252.879040527889
2026-08-18 11:52:18,7690.0,7710.25,Put GEX 5,GEX,-323536.024,7500.0062448254575,9252.879040527889
2026-08-18 11:52:18,7695.0,7715.25,Put GEX 4,GEX,-379386.19,7500.0062448254575,9252.879040527889
2026-08-18 11:52:18,7700.0,7720.25,Put GEX 1,GEX,-962504.386,7500.0062448254575,9252.879040527889
2026-08-18 11:52:18,7705.0,7725.25,Put CEX 5,CEX,-1085390.847,7500.0062448254575,9252.879040527889
2026-08-18 11:52:18,7710.0,7730.25,Put CEX 4,CEX,-1449696.782,7500.0062448254575,9252.879040527889
2026-08-18 11:52:18,7720.0,7740.25,Put DEX 5,DEX,-35.723,7500.0062448254575,9252.879040527889
2026-08-18 11:52:18,7735.0,7755.5,Put DEX 4,DEX,-42.765,7500.0062448254575,9252.879040527889
2026-08-18 11:52:18,7750.0,7770.5,Put CEX 2,CEX,-2059557.549,7500.0062448254575,9252.879040527889
2026-08-18 11:52:18,7750.0,7770.5,Call GEX 4,GEX,288978.559,7500.0062448254575,9252.879040527889
2026-08-18 11:52:18,7750.0,7770.5,Put VEX 5,VEX,-665341.068,7500.0062448254575,9252.879040527889
2026-08-18 11:52:18,7775.0,7795.5,Call GEX 5,GEX,261565.971,7500.0062448254575,9252.879040527889
2026-08-18 11:52:18,7800.0,7820.5,Put CEX 3,CEX,-1768168.461,7500.0062448254575,9252.879040527889
2026-08-18 11:52:18,7800.0,7820.5,Put DEX 3,DEX,-50.072,7500.0062448254575,9252.879040527889
2026-08-18 11:52:18,7800.0,7820.5,Call GEX 2,GEX,523115.199,7500.0062448254575,9252.879040527889
2026-08-18 11:52:18,7800.0,7820.5,Put VEX 3,VEX,-1222419.53,7500.0062448254575,9252.879040527889
2026-08-18 11:52:18,7850.0,7870.75,Call GEX 3,GEX,304839.694,7500.0062448254575,9252.879040527889
2026-08-18 11:52:18,7900.0,7920.75,Call GEX 1,GEX,702513.42,7500.0062448254575,9252.879040527889
2026-08-18 11:52:18,7900.0,7920.75,Put VEX 2,VEX,-1227602.424,7500.0062448254575,9252.879040527889
2026-08-18 11:52:18,8000.0,8021.0,Put CEX 1,CEX,-4802854.219,7500.0062448254575,9252.879040527889
2026-08-18 11:52:18,8000.0,8021.0,Put DEX 1,DEX,-2617.026,7500.0062448254575,9252.879040527889
2026-08-18 11:52:18,8000.0,8021.0,Put VEX 1,VEX,-11838248.407,7500.0062448254575,9252.879040527889
2026-08-18 11:52:18,8200.0,8221.5,Put VEX 4,VEX,-783211.061,7500.0062448254575,9252.879040527889
2026-08-18 11:52:18,8500.0,8522.5,Put DEX 2,DEX,-102.363,7500.0062448254575,9252.879040527889
2026-08-18 11:53:08,7000.0,7018.5,Call DEX 1,DEX,557.884,7479.799747462466,9252.780829560426
2026-08-18 11:53:08,7000.0,7018.5,Put GEX 2,GEX,-674259.719,7479.799747462466,9252.780829560426
2026-08-18 11:53:08,7000.0,7018.5,Call VEX 1,VEX,6786958.615,7479.799747462466,9252.780829560426
2026-08-18 11:53:08,7300.0,7319.25,Call DEX 5,DEX,295.345,7479.799747462466,9252.780829560426
2026-08-18 11:53:08,7300.0,7319.25,Call VEX 5,VEX,2011990.058,7479.799747462466,9252.780829560426
2026-08-18 11:53:08,7400.0,7419.5,Call VEX 4,VEX,2458380.34,7479.799747462466,9252.780829560426
2026-08-18 11:53:08,7450.0,7469.75,Call DEX 4,DEX,337.97,7479.799747462466,9252.780829560426
2026-08-18 11:53:08,7500.0,7519.75,Call CEX 4,CEX,1700712.349,7479.799747462466,9252.780829560426
2026-08-18 11:53:08,7500.0,7519.75,Call DEX 2,DEX,544.584,7479.799747462466,9252.780829560426
2026-08-18 11:53:08,7500.0,7519.75,Put GEX 4,GEX,-383480.624,7479.799747462466,9252.780829560426
2026-08-18 11:53:08,7500.0,7519.75,Call VEX 2,VEX,3588522.072,7479.799747462466,9252.780829560426
2026-08-18 11:53:08,7600.0,7620.0,Call CEX 3,CEX,2071743.55,7479.799747462466,9252.780829560426
2026-08-18 11:53:08,7600.0,7620.0,Call DEX 3,DEX,439.936,7479.799747462466,9252.780829560426
2026-08-18 11:53:08,7600.0,7620.0,Call VEX 3,VEX,2599583.75,7479.799747462466,9252.780829560426
2026-08-18 11:53:08,7635.0,7655.25,Call CEX 1,CEX,3280766.75,7479.799747462466,9252.780829560426
2026-08-18 11:53:08,7650.0,7670.25,Call CEX 2,CEX,2487867.003,7479.799747462466,9252.780829560426
2026-08-18 11:53:08,7675.0,7695.25,Call CEX 5,CEX,1493914.191,7479.799747462466,9252.780829560426
2026-08-18 11:53:08,7690.0,7710.25,Put GEX 5,GEX,-342669.014,7479.799747462466,9252.780829560426
2026-08-18 11:53:08,7695.0,7715.25,Put GEX 3,GEX,-393447.757,7479.799747462466,9252.780829560426
2026-08-18 11:53:08,7700.0,7720.25,Put CEX 4,CEX,-1272259.582,7479.799747462466,9252.780829560426
2026-08-18 11:53:08,7700.0,7720.25,Put GEX 1,GEX,-933779.828,7479.799747462466,9252.780829560426
2026-08-18 11:53:08,7705.0,7725.25,Put CEX 5,CEX,-1176394.504,7479.799747462466,9252.780829560426
2026-08-18 11:53:08,7720.0,7740.5,Put DEX 5,DEX,-36.357,7479.799747462466,9252.780829560426
2026-08-18 11:53:08,7735.0,7755.5,Put DEX 4,DEX,-43.363,7479.799747462466,9252.780829560426
2026-08-18 11:53:08,7750.0,7770.5,Put CEX 2,CEX,-2058090.059,7479.799747462466,9252.780829560426
2026-08-18 11:53:08,7750.0,7770.5,Call GEX 4,GEX,290341.873,7479.799747462466,9252.780829560426
2026-08-18 11:53:08,7750.0,7770.5,Put VEX 5,VEX,-675881.817,7479.799747462466,9252.780829560426
2026-08-18 11:53:08,7775.0,7795.5,Call GEX 5,GEX,257180.227,7479.799747462466,9252.780829560426
2026-08-18 11:53:08,7800.0,7820.5,Put CEX 3,CEX,-1757041.073,7479.799747462466,9252.780829560426
2026-08-18 11:53:08,7800.0,7820.5,Put DEX 3,DEX,-52.112,7479.799747462466,9252.780829560426
2026-08-18 11:53:08,7800.0,7820.5,Call GEX 2,GEX,520464.644,7479.799747462466,9252.780829560426
2026-08-18 11:53:08,7800.0,7820.5,Put VEX 3,VEX,-1227185.087,7479.799747462466,9252.780829560426
2026-08-18 11:53:08,7850.0,7870.75,Call GEX 3,GEX,303339.229,7479.799747462466,9252.780829560426
2026-08-18 11:53:08,7900.0,7920.75,Call GEX 1,GEX,699565.762,7479.799747462466,9252.780829560426
2026-08-18 11:53:08,7900.0,7920.75,Put VEX 2,VEX,-1228851.296,7479.799747462466,9252.780829560426
2026-08-18 11:53:08,8000.0,8021.0,Put CEX 1,CEX,-4811458.276,7479.799747462466,9252.780829560426
2026-08-18 11:53:08,8000.0,8021.0,Put DEX 1,DEX,-2621.298,7479.799747462466,9252.780829560426
2026-08-18 11:53:08,8000.0,8021.0,Put VEX 1,VEX,-11846882.135,7479.799747462466,9252.780829560426
2026-08-18 11:53:08,8200.0,8221.75,Put VEX 4,VEX,-784180.66,7479.799747462466,9252.780829560426
2026-08-18 11:53:08,8500.0,8522.5,Put DEX 2,DEX,-102.39,7479.799747462466,9252.780829560426
2026-08-18 11:53:59,7000.0,7018.75,Call DEX 1,DEX,558.899,7463.642098825019,9251.68397986975
2026-08-18 11:53:59,7000.0,7018.75,Put GEX 2,GEX,-674129.909,7463.642098825019,9251.68397986975
2026-08-18 11:53:59,7000.0,7018.75,Call VEX 1,VEX,6775150.713,7463.642098825019,9251.68397986975
2026-08-18 11:53:59,7300.0,7319.5,Call DEX 5,DEX,295.976,7463.642098825019,9251.68397986975
2026-08-18 11:53:59,7300.0,7319.5,Call VEX 5,VEX,1997043.929,7463.642098825019,9251.68397986975
2026-08-18 11:53:59,7400.0,7419.75,Call VEX 4,VEX,2459909.92,7463.642098825019,9251.68397986975
2026-08-18 11:53:59,7450.0,7470.0,Call DEX 4,DEX,338.203,7463.642098825019,9251.68397986975
2026-08-18 11:53:59,7500.0,7520.0,Call CEX 4,CEX,1744418.684,7463.642098825019,9251.68397986975
2026-08-18 11:53:59,7500.0,7520.0,Call DEX 2,DEX,542.43,7463.642098825019,9251.68397986975
2026-08-18 11:53:59,7500.0,7520.0,Put GEX 4,GEX,-372628.036,7463.642098825019,9251.68397986975
2026-08-18 11:53:59,7500.0,7520.0,Call VEX 2,VEX,3611678.25,7463.642098825019,9251.68397986975
2026-08-18 11:53:59,7600.0,7620.25,Call CEX 3,CEX,2022929.13,7463.642098825019,9251.68397986975
2026-08-18 11:53:59,7600.0,7620.25,Call DEX 3,DEX,440.632,7463.642098825019,9251.68397986975
2026-08-18 11:53:59,7600.0,7620.25,Call VEX 3,VEX,2605093.727,7463.642098825019,9251.68397986975
2026-08-18 11:53:59,7635.0,7655.5,Call CEX 1,CEX,3287844.19,7463.642098825019,9251.68397986975
2026-08-18 11:53:59,7650.0,7670.5,Call CEX 2,CEX,2326698.9,7463.642098825019,9251.68397986975
2026-08-18 11:53:59,7690.0,7710.5,Call CEX 5,CEX,1475516.978,7463.642098825019,9251.68397986975
2026-08-18 11:53:59,7690.0,7710.5,Put GEX 5,GEX,-335047.093,7463.642098825019,9251.68397986975
2026-08-18 11:53:59,7695.0,7715.5,Put GEX 3,GEX,-397928.543,7463.642098825019,9251.68397986975
2026-08-18 11:53:59,7700.0,7720.5,Put CEX 5,CEX,-948711.121,7463.642098825019,9251.68397986975
2026-08-18 11:53:59,7700.0,7720.5,Put GEX 1,GEX,-1024788.622,7463.642098825019,9251.68397986975
2026-08-18 11:53:59,7705.0,7725.5,Put CEX 4,CEX,-1173991.094,7463.642098825019,9251.68397986975
2026-08-18 11:53:59,7720.0,7740.75,Put DEX 5,DEX,-36.101,7463.642098825019,9251.68397986975
2026-08-18 11:53:59,7735.0,7755.75,Put DEX 4,DEX,-43.029,7463.642098825019,9251.68397986975
2026-08-18 11:53:59,7750.0,7770.75,Put CEX 2,CEX,-2059447.288,7463.642098825019,9251.68397986975
2026-08-18 11:53:59,7750.0,7770.75,Call GEX 4,GEX,288455.826,7463.642098825019,9251.68397986975
2026-08-18 11:53:59,7750.0,7770.75,Put VEX 5,VEX,-670427.252,7463.642098825019,9251.68397986975
2026-08-18 11:53:59,7775.0,7795.75,Call GEX 5,GEX,259602.602,7463.642098825019,9251.68397986975
2026-08-18 11:53:59,7800.0,7820.75,Put CEX 3,CEX,-1752660.305,7463.642098825019,9251.68397986975
2026-08-18 11:53:59,7800.0,7820.75,Put DEX 3,DEX,-51.621,7463.642098825019,9251.68397986975
2026-08-18 11:53:59,7800.0,7820.75,Call GEX 2,GEX,524402.351,7463.642098825019,9251.68397986975
2026-08-18 11:53:59,7800.0,7820.75,Put VEX 3,VEX,-1219924.757,7463.642098825019,9251.68397986975
2026-08-18 11:53:59,7850.0,7871.0,Call GEX 3,GEX,303985.477,7463.642098825019,9251.68397986975
2026-08-18 11:53:59,7900.0,7921.0,Call GEX 1,GEX,700884.156,7463.642098825019,9251.68397986975
2026-08-18 11:53:59,7900.0,7921.0,Put VEX 2,VEX,-1228934.932,7463.642098825019,9251.68397986975
2026-08-18 11:53:59,8000.0,8021.25,Put CEX 1,CEX,-4580406.013,7463.642098825019,9251.68397986975
2026-08-18 11:53:59,8000.0,8021.25,Put DEX 1,DEX,-2623.925,7463.642098825019,9251.68397986975
2026-08-18 11:53:59,8000.0,8021.25,Put VEX 1,VEX,-11731762.918,7463.642098825019,9251.68397986975
2026-08-18 11:53:59,8200.0,8222.0,Put VEX 4,VEX,-785177.845,7463.642098825019,9251.68397986975
2026-08-18 11:53:59,8500.0,8522.75,Put DEX 2,DEX,-102.635,7463.642098825019,9251.68397986975
2026-08-18 11:54:53,7000.0,7018.75,Call DEX 1,DEX,556.436,7491.768829337084,9253.158159362074
2026-08-18 11:54:53,7000.0,7018.75,Put GEX 2,GEX,-671032.969,7491.768829337084,9253.158159362074
2026-08-18 11:54:53,7000.0,7018.75,Call VEX 1,VEX,6813741.954,7491.768829337084,9253.158159362074
2026-08-18 11:54:53,7300.0,7319.5,Call DEX 5,DEX,294.666,7491.768829337084,9253.158159362074
2026-08-18 11:54:53,7300.0,7319.5,Call VEX 5,VEX,2020014.811,7491.768829337084,9253.158159362074
2026-08-18 11:54:53,7400.0,7419.75,Call VEX 4,VEX,2466271.471,7491.768829337084,9253.158159362074
2026-08-18 11:54:53,7450.0,7470.0,Call DEX 4,DEX,337.852,7491.768829337084,9253.158159362074
2026-08-18 11:54:53,7500.0,7520.0,Call CEX 4,CEX,1730811.89,7491.768829337084,9253.158159362074
2026-08-18 11:54:53,7500.0,7520.0,Call DEX 2,DEX,543.257,7491.768829337084,9253.158159362074
2026-08-18 11:54:53,7500.0,7520.0,Put GEX 4,GEX,-378131.471,7491.768829337084,9253.158159362074
2026-08-18 11:54:53,7500.0,7520.0,Call VEX 2,VEX,3598647.816,7491.768829337084,9253.158159362074
2026-08-18 11:54:53,7600.0,7620.25,Call CEX 3,CEX,2023732.281,7491.768829337084,9253.158159362074
2026-08-18 11:54:53,7600.0,7620.25,Call DEX 3,DEX,438.563,7491.768829337084,9253.158159362074
2026-08-18 11:54:53,7600.0,7620.25,Call VEX 3,VEX,2597554.577,7491.768829337084,9253.158159362074
2026-08-18 11:54:53,7635.0,7655.25,Call CEX 1,CEX,3326612.117,7491.768829337084,9253.158159362074
2026-08-18 11:54:53,7650.0,7670.5,Call CEX 2,CEX,2132204.892,7491.768829337084,9253.158159362074
2026-08-18 11:54:53,7675.0,7695.5,Call CEX 5,CEX,1520175.551,7491.768829337084,9253.158159362074
2026-08-18 11:54:53,7690.0,7710.5,Put GEX 5,GEX,-350850.238,7491.768829337084,9253.158159362074
2026-08-18 11:54:53,7695.0,7715.5,Put GEX 3,GEX,-415472.654,7491.768829337084,9253.158159362074
2026-08-18 11:54:53,7700.0,7720.5,Put CEX 4,CEX,-1518080.738,7491.768829337084,9253.158159362074
2026-08-18 11:54:53,7700.0,7720.5,Put GEX 1,GEX,-1012368.76,7491.768829337084,9253.158159362074
2026-08-18 11:54:53,7705.0,7725.5,Put CEX 5,CEX,-1227173.239,7491.768829337084,9253.158159362074
2026-08-18 11:54:53,7720.0,7740.5,Put DEX 5,DEX,-36.592,7491.768829337084,9253.158159362074
2026-08-18 11:54:53,7735.0,7755.75,Put DEX 4,DEX,-43.761,7491.768829337084,9253.158159362074
2026-08-18 11:54:53,7750.0,7770.75,Put CEX 2,CEX,-2059070.982,7491.768829337084,9253.158159362074
2026-08-18 11:54:53,7750.0,7770.75,Call GEX 4,GEX,288677.966,7491.768829337084,9253.158159362074
2026-08-18 11:54:53,7750.0,7770.75,Put VEX 5,VEX,-678140.774,7491.768829337084,9253.158159362074
2026-08-18 11:54:53,7775.0,7795.75,Call GEX 5,GEX,256860.586,7491.768829337084,9253.158159362074
2026-08-18 11:54:53,7800.0,7820.75,Put CEX 3,CEX,-1746221.55,7491.768829337084,9253.158159362074
2026-08-18 11:54:53,7800.0,7820.75,Put DEX 3,DEX,-53.013,7491.768829337084,9253.158159362074
2026-08-18 11:54:53,7800.0,7820.75,Call GEX 2,GEX,523351.251,7491.768829337084,9253.158159362074
2026-08-18 11:54:53,7800.0,7820.75,Put VEX 3,VEX,-1223859.029,7491.768829337084,9253.158159362074
2026-08-18 11:54:53,7850.0,7871.0,Call GEX 3,GEX,302623.443,7491.768829337084,9253.158159362074
2026-08-18 11:54:53,7900.0,7921.0,Call GEX 1,GEX,698660.499,7491.768829337084,9253.158159362074
2026-08-18 11:54:53,7900.0,7921.0,Put VEX 2,VEX,-1228285.503,7491.768829337084,9253.158159362074
2026-08-18 11:54:53,8000.0,8021.25,Put CEX 1,CEX,-4645463.244,7491.768829337084,9253.158159362074
2026-08-18 11:54:53,8000.0,8021.25,Put DEX 1,DEX,-2627.521,7491.768829337084,9253.158159362074
2026-08-18 11:54:53,8000.0,8021.25,Put VEX 1,VEX,-11771279.904,7491.768829337084,9253.158159362074
2026-08-18 11:54:53,8200.0,8222.0,Put VEX 4,VEX,-779896.847,7491.768829337084,9253.158159362074
2026-08-18 11:54:53,8500.0,8522.75,Put DEX 2,DEX,-102.588,7491.768829337084,9253.158159362074
2026-08-18 11:55:46,7000.0,7018.25,Call DEX 1,DEX,556.094,7500.564576785669,9251.777964129087
2026-08-18 11:55:46,7000.0,7018.25,Put GEX 2,GEX,-673210.963,7500.564576785669,9251.777964129087
2026-08-18 11:55:46,7000.0,7018.25,Call VEX 1,VEX,6806625.911,7500.564576785669,9251.777964129087
2026-08-18 11:55:46,7300.0,7319.0,Call VEX 5,VEX,1994718.41,7500.564576785669,9251.777964129087
2026-08-18 11:55:46,7400.0,7419.25,Call VEX 4,VEX,2458462.513,7500.564576785669,9251.777964129087
2026-08-18 11:55:46,7450.0,7469.5,Call DEX 5,DEX,263.462,7500.564576785669,9251.777964129087
2026-08-18 11:55:46,7500.0,7519.75,Call CEX 5,CEX,1617986.438,7500.564576785669,9251.777964129087
2026-08-18 11:55:46,7500.0,7519.75,Call DEX 2,DEX,543.613,7500.564576785669,9251.777964129087
2026-08-18 11:55:46,7500.0,7519.75,Put GEX 3,GEX,-412247.795,7500.564576785669,9251.777964129087
2026-08-18 11:55:46,7500.0,7519.75,Call VEX 2,VEX,3537065.321,7500.564576785669,9251.777964129087
2026-08-18 11:55:46,7550.0,7569.75,Call DEX 4,DEX,287.838,7500.564576785669,9251.777964129087
2026-08-18 11:55:46,7600.0,7620.0,Call CEX 3,CEX,1986223.782,7500.564576785669,9251.777964129087
2026-08-18 11:55:46,7600.0,7620.0,Call DEX 3,DEX,437.613,7500.564576785669,9251.777964129087
2026-08-18 11:55:46,7600.0,7620.0,Call VEX 3,VEX,2589090.753,7500.564576785669,9251.777964129087
2026-08-18 11:55:46,7635.0,7655.0,Call CEX 1,CEX,3369016.054,7500.564576785669,9251.777964129087
2026-08-18 11:55:46,7650.0,7670.0,Call CEX 2,CEX,2524414.151,7500.564576785669,9251.777964129087
2026-08-18 11:55:46,7675.0,7695.0,Call CEX 4,CEX,1672808.841,7500.564576785669,9251.777964129087
2026-08-18 11:55:46,7690.0,7710.25,Put GEX 5,GEX,-360105.962,7500.564576785669,9251.777964129087
2026-08-18 11:55:46,7695.0,7715.25,Put GEX 4,GEX,-402640.592,7500.564576785669,9251.777964129087
2026-08-18 11:55:46,7700.0,7720.25,Put CEX 3,CEX,-2054733.013,7500.564576785669,9251.777964129087
2026-08-18 11:55:46,7700.0,7720.25,Put GEX 1,GEX,-902521.161,7500.564576785669,9251.777964129087
2026-08-18 11:55:46,7705.0,7725.25,Put CEX 5,CEX,-1243421.791,7500.564576785669,9251.777964129087
2026-08-18 11:55:46,7720.0,7740.25,Put DEX 5,DEX,-37.049,7500.564576785669,9251.777964129087
2026-08-18 11:55:46,7735.0,7755.25,Put DEX 4,DEX,-43.815,7500.564576785669,9251.777964129087
2026-08-18 11:55:46,7750.0,7770.25,Put CEX 2,CEX,-2065504.164,7500.564576785669,9251.777964129087
2026-08-18 11:55:46,7750.0,7770.25,Call GEX 4,GEX,290974.764,7500.564576785669,9251.777964129087
2026-08-18 11:55:46,7750.0,7770.25,Put VEX 5,VEX,-687372.709,7500.564576785669,9251.777964129087
2026-08-18 11:55:46,7775.0,7795.25,Call GEX 5,GEX,252441.07,7500.564576785669,9251.777964129087
2026-08-18 11:55:46,7800.0,7820.5,Put CEX 4,CEX,-1751301.009,7500.564576785669,9251.777964129087
2026-08-18 11:55:46,7800.0,7820.5,Put DEX 3,DEX,-53.838,7500.564576785669,9251.777964129087
2026-08-18 11:55:46,7800.0,7820.5,Call GEX 2,GEX,509645.434,7500.564576785669,9251.777964129087
2026-08-18 11:55:46,7800.0,7820.5,Put VEX 2,VEX,-1234395.404,7500.564576785669,9251.777964129087
2026-08-18 11:55:46,7850.0,7870.5,Call GEX 3,GEX,300994.659,7500.564576785669,9251.777964129087
2026-08-18 11:55:46,7900.0,7920.75,Call GEX 1,GEX,693767.939,7500.564576785669,9251.777964129087
2026-08-18 11:55:46,7900.0,7920.75,Put VEX 3,VEX,-1227593.429,7500.564576785669,9251.777964129087
2026-08-18 11:55:46,8000.0,8021.0,Put CEX 1,CEX,-4858040.99,7500.564576785669,9251.777964129087
2026-08-18 11:55:46,8000.0,8021.0,Put DEX 1,DEX,-2624.179,7500.564576785669,9251.777964129087
2026-08-18 11:55:46,8000.0,8021.0,Put VEX 1,VEX,-11871292.715,7500.564576785669,9251.777964129087
2026-08-18 11:55:46,8200.0,8221.5,Put VEX 4,VEX,-778973.762,7500.564576785669,9251.777964129087
2026-08-18 11:55:46,8500.0,8522.25,Put DEX 2,DEX,-102.312,7500.564576785669,9251.777964129087
2026-08-18 11:56:35,7000.0,7019.0,Call DEX 1,DEX,569.723,7500.298400702698,9249.203406718068
2026-08-18 11:56:35,7000.0,7019.0,Put GEX 2,GEX,-670681.82,7500.298400702698,9249.203406718068
2026-08-18 11:56:35,7000.0,7019.0,Call VEX 1,VEX,6809906.783,7500.298400702698,9249.203406718068
2026-08-18 11:56:35,7300.0,7319.75,Call VEX 5,VEX,1994015.818,7500.298400702698,9249.203406718068
2026-08-18 11:56:35,7400.0,7420.0,Call DEX 5,DEX,327.778,7500.298400702698,9249.203406718068
2026-08-18 11:56:35,7400.0,7420.0,Call VEX 4,VEX,2483553.148,7500.298400702698,9249.203406718068
2026-08-18 11:56:35,7450.0,7470.25,Call DEX 4,DEX,340.246,7500.298400702698,9249.203406718068
2026-08-18 11:56:35,7500.0,7520.25,Call CEX 4,CEX,1768922.817,7500.298400702698,9249.203406718068
2026-08-18 11:56:35,7500.0,7520.25,Call DEX 2,DEX,545.24,7500.298400702698,9249.203406718068
2026-08-18 11:56:35,7500.0,7520.25,Put GEX 4,GEX,-369498.091,7500.298400702698,9249.203406718068
2026-08-18 11:56:35,7500.0,7520.25,Call VEX 2,VEX,3617406.276,7500.298400702698,9249.203406718068
2026-08-18 11:56:35,7600.0,7620.5,Call CEX 3,CEX,2061793.884,7500.298400702698,9249.203406718068
2026-08-18 11:56:35,7600.0,7620.5,Call DEX 3,DEX,437.906,7500.298400702698,9249.203406718068
2026-08-18 11:56:35,7600.0,7620.5,Call VEX 3,VEX,2600665.412,7500.298400702698,9249.203406718068
2026-08-18 11:56:35,7635.0,7655.75,Call CEX 1,CEX,3376630.407,7500.298400702698,9249.203406718068
2026-08-18 11:56:35,7650.0,7670.75,Call CEX 2,CEX,2367822.958,7500.298400702698,9249.203406718068
2026-08-18 11:56:35,7675.0,7695.75,Call CEX 5,CEX,1544533.459,7500.298400702698,9249.203406718068
2026-08-18 11:56:35,7690.0,7710.75,Put GEX 5,GEX,-358216.555,7500.298400702698,9249.203406718068
2026-08-18 11:56:35,7695.0,7715.75,Put GEX 3,GEX,-426040.374,7500.298400702698,9249.203406718068
2026-08-18 11:56:35,7700.0,7720.75,Put CEX 3,CEX,-1793436.602,7500.298400702698,9249.203406718068
2026-08-18 11:56:35,7700.0,7720.75,Put GEX 1,GEX,-1071978.567,7500.298400702698,9249.203406718068
2026-08-18 11:56:35,7705.0,7725.75,Put CEX 5,CEX,-1212056.638,7500.298400702698,9249.203406718068
2026-08-18 11:56:35,7720.0,7740.75,Put DEX 5,DEX,-36.924,7500.298400702698,9249.203406718068
2026-08-18 11:56:35,7735.0,7756.0,Put DEX 4,DEX,-43.973,7500.298400702698,9249.203406718068
2026-08-18 11:56:35,7750.0,7771.0,Put CEX 2,CEX,-2057511.353,7500.298400702698,9249.203406718068
2026-08-18 11:56:35,7750.0,7771.0,Call GEX 4,GEX,289165.801,7500.298400702698,9249.203406718068
2026-08-18 11:56:35,7750.0,7771.0,Put VEX 5,VEX,-679822.333,7500.298400702698,9249.203406718068
2026-08-18 11:56:35,7775.0,7796.0,Call GEX 5,GEX,256030.906,7500.298400702698,9249.203406718068
2026-08-18 11:56:35,7800.0,7821.0,Put CEX 4,CEX,-1712596.18,7500.298400702698,9249.203406718068
2026-08-18 11:56:35,7800.0,7821.0,Put DEX 3,DEX,-49.188,7500.298400702698,9249.203406718068
2026-08-18 11:56:35,7800.0,7821.0,Call GEX 2,GEX,524337.908,7500.298400702698,9249.203406718068
2026-08-18 11:56:35,7800.0,7821.0,Put VEX 3,VEX,-1218067.933,7500.298400702698,9249.203406718068
2026-08-18 11:56:35,7850.0,7871.25,Call GEX 3,GEX,302298.528,7500.298400702698,9249.203406718068
2026-08-18 11:56:35,7900.0,7921.25,Call GEX 1,GEX,695600.934,7500.298400702698,9249.203406718068
2026-08-18 11:56:35,7900.0,7921.25,Put VEX 2,VEX,-1227360.288,7500.298400702698,9249.203406718068
2026-08-18 11:56:35,8000.0,8021.5,Put CEX 1,CEX,-4389180.665,7500.298400702698,9249.203406718068
2026-08-18 11:56:35,8000.0,8021.5,Put DEX 1,DEX,-2621.1,7500.298400702698,9249.203406718068
2026-08-18 11:56:35,8000.0,8021.5,Put VEX 1,VEX,-11648439.019,7500.298400702698,9249.203406718068
2026-08-18 11:56:35,8200.0,8222.25,Put VEX 4,VEX,-779881.879,7500.298400702698,9249.203406718068
2026-08-18 11:56:35,8500.0,8523.0,Put DEX 2,DEX,-102.797,7500.298400702698,9249.203406718068
2026-08-18 11:57:23,7000.0,7018.25,Call DEX 1,DEX,556.23,7489.976608712895,9250.492584211688
2026-08-18 11:57:23,7000.0,7018.25,Put GEX 2,GEX,-672105.502,7489.976608712895,9250.492584211688
2026-08-18 11:57:23,7000.0,7018.25,Call VEX 1,VEX,6810406.849,7489.976608712895,9250.492584211688
2026-08-18 11:57:23,7300.0,7319.0,Call VEX 5,VEX,1990918.142,7489.976608712895,9250.492584211688
2026-08-18 11:57:23,7400.0,7419.25,Call VEX 4,VEX,2457339.168,7489.976608712895,9250.492584211688
2026-08-18 11:57:23,7450.0,7469.5,Call DEX 5,DEX,263.513,7489.976608712895,9250.492584211688
2026-08-18 11:57:23,7500.0,7519.5,Call CEX 4,CEX,1670968.815,7489.976608712895,9250.492584211688
2026-08-18 11:57:23,7500.0,7519.5,Call DEX 2,DEX,542.977,7489.976608712895,9250.492584211688
2026-08-18 11:57:23,7500.0,7519.5,Put GEX 4,GEX,-398417.611,7489.976608712895,9250.492584211688
2026-08-18 11:57:23,7500.0,7519.5,Call VEX 2,VEX,3565960.101,7489.976608712895,9250.492584211688
2026-08-18 11:57:23,7550.0,7569.75,Call DEX 4,DEX,287.968,7489.976608712895,9250.492584211688
2026-08-18 11:57:23,7600.0,7619.75,Call CEX 3,CEX,2005979.926,7489.976608712895,9250.492584211688
2026-08-18 11:57:23,7600.0,7619.75,Call DEX 3,DEX,438.127,7489.976608712895,9250.492584211688
2026-08-18 11:57:23,7600.0,7619.75,Call VEX 3,VEX,2594123.457,7489.976608712895,9250.492584211688
2026-08-18 11:57:23,7635.0,7655.0,Call CEX 1,CEX,3398402.559,7489.976608712895,9250.492584211688
2026-08-18 11:57:23,7650.0,7670.0,Call CEX 2,CEX,2145170.029,7489.976608712895,9250.492584211688
2026-08-18 11:57:23,7675.0,7695.0,Call CEX 5,CEX,1547544.566,7489.976608712895,9250.492584211688
2026-08-18 11:57:23,7690.0,7710.0,Put GEX 5,GEX,-356210.303,7489.976608712895,9250.492584211688
2026-08-18 11:57:23,7695.0,7715.0,Put GEX 3,GEX,-399663.314,7489.976608712895,9250.492584211688
2026-08-18 11:57:23,7700.0,7720.0,Put CEX 3,CEX,-1834522.724,7489.976608712895,9250.492584211688
2026-08-18 11:57:23,7700.0,7720.0,Put GEX 1,GEX,-925965.978,7489.976608712895,9250.492584211688
2026-08-18 11:57:23,7705.0,7725.0,Put CEX 5,CEX,-1243834.46,7489.976608712895,9250.492584211688
2026-08-18 11:57:23,7720.0,7740.0,Put DEX 5,DEX,-36.838,7489.976608712895,9250.492584211688
2026-08-18 11:57:23,7735.0,7755.25,Put DEX 4,DEX,-43.66,7489.976608712895,9250.492584211688
2026-08-18 11:57:23,7750.0,7770.25,Put CEX 2,CEX,-2070020.221,7489.976608712895,9250.492584211688
2026-08-18 11:57:23,7750.0,7770.25,Call GEX 4,GEX,290873.494,7489.976608712895,9250.492584211688
2026-08-18 11:57:23,7750.0,7770.25,Put VEX 5,VEX,-683481.43,7489.976608712895,9250.492584211688
2026-08-18 11:57:23,7775.0,7795.25,Call GEX 5,GEX,254267.766,7489.976608712895,9250.492584211688
2026-08-18 11:57:23,7800.0,7820.25,Put CEX 4,CEX,-1758514.247,7489.976608712895,9250.492584211688
2026-08-18 11:57:23,7800.0,7820.25,Put DEX 3,DEX,-53.316,7489.976608712895,9250.492584211688
2026-08-18 11:57:23,7800.0,7820.25,Call GEX 2,GEX,515621.333,7489.976608712895,9250.492584211688
2026-08-18 11:57:23,7800.0,7820.25,Put VEX 2,VEX,-1232939.494,7489.976608712895,9250.492584211688
2026-08-18 11:57:23,7850.0,7870.5,Call GEX 3,GEX,301598.018,7489.976608712895,9250.492584211688
2026-08-18 11:57:23,7900.0,7920.5,Call GEX 1,GEX,695523.71,7489.976608712895,9250.492584211688
2026-08-18 11:57:23,7900.0,7920.5,Put VEX 3,VEX,-1226930.168,7489.976608712895,9250.492584211688
2026-08-18 11:57:23,8000.0,8020.75,Put CEX 1,CEX,-4802054.267,7489.976608712895,9250.492584211688
2026-08-18 11:57:23,8000.0,8020.75,Put DEX 1,DEX,-2628.891,7489.976608712895,9250.492584211688
2026-08-18 11:57:23,8000.0,8020.75,Put VEX 1,VEX,-11847564.225,7489.976608712895,9250.492584211688
2026-08-18 11:57:23,8200.0,8221.25,Put VEX 4,VEX,-778461.214,7489.976608712895,9250.492584211688
2026-08-18 11:57:23,8500.0,8522.25,Put DEX 2,DEX,-102.458,7489.976608712895,9250.492584211688
2026-08-18 11:58:20,7000.0,7018.25,Call DEX 1,DEX,558.248,7500.134239444209,9250.8667563661
2026-08-18 11:58:20,7000.0,7018.25,Put GEX 2,GEX,-678087.241,7500.134239444209,9250.8667563661
2026-08-18 11:58:20,7000.0,7018.25,Call VEX 1,VEX,6764421.68,7500.134239444209,9250.8667563661
2026-08-18 11:58:20,7300.0,7319.0,Call VEX 5,VEX,1992207.286,7500.134239444209,9250.8667563661
2026-08-18 11:58:20,7400.0,7419.25,Call VEX 4,VEX,2460362.636,7500.134239444209,9250.8667563661
2026-08-18 11:58:20,7450.0,7469.5,Call DEX 4,DEX,337.611,7500.134239444209,9250.8667563661
2026-08-18 11:58:20,7500.0,7519.75,Call CEX 4,CEX,1742939.594,7500.134239444209,9250.8667563661
2026-08-18 11:58:20,7500.0,7519.75,Call DEX 2,DEX,541.967,7500.134239444209,9250.8667563661
2026-08-18 11:58:20,7500.0,7519.75,Put GEX 4,GEX,-379781.705,7500.134239444209,9250.8667563661
2026-08-18 11:58:20,7500.0,7519.75,Call VEX 2,VEX,3603681.522,7500.134239444209,9250.8667563661
2026-08-18 11:58:20,7550.0,7569.75,Call DEX 5,DEX,289.11,7500.134239444209,9250.8667563661
2026-08-18 11:58:20,7600.0,7620.0,Call CEX 3,CEX,2029072.168,7500.134239444209,9250.8667563661
2026-08-18 11:58:20,7600.0,7620.0,Call DEX 3,DEX,437.585,7500.134239444209,9250.8667563661
2026-08-18 11:58:20,7600.0,7620.0,Call VEX 3,VEX,2596197.399,7500.134239444209,9250.8667563661
2026-08-18 11:58:20,7635.0,7655.0,Call CEX 1,CEX,3424188.847,7500.134239444209,9250.8667563661
2026-08-18 11:58:20,7650.0,7670.0,Call CEX 2,CEX,2161066.084,7500.134239444209,9250.8667563661
2026-08-18 11:58:20,7675.0,7695.0,Call CEX 5,CEX,1563196.499,7500.134239444209,9250.8667563661
2026-08-18 11:58:20,7690.0,7710.25,Put GEX 5,GEX,-362903.571,7500.134239444209,9250.8667563661
2026-08-18 11:58:20,7695.0,7715.25,Put GEX 3,GEX,-416450.178,7500.134239444209,9250.8667563661
2026-08-18 11:58:20,7700.0,7720.25,Put CEX 3,CEX,-1998367.743,7500.134239444209,9250.8667563661
2026-08-18 11:58:20,7700.0,7720.25,Put GEX 1,GEX,-979101.955,7500.134239444209,9250.8667563661
2026-08-18 11:58:20,7705.0,7725.25,Put CEX 5,CEX,-1263713.299,7500.134239444209,9250.8667563661
2026-08-18 11:58:20,7720.0,7740.25,Put DEX 5,DEX,-37.009,7500.134239444209,9250.8667563661
2026-08-18 11:58:20,7735.0,7755.25,Put DEX 4,DEX,-43.816,7500.134239444209,9250.8667563661
2026-08-18 11:58:20,7750.0,7770.25,Put CEX 2,CEX,-2072359.67,7500.134239444209,9250.8667563661
2026-08-18 11:58:20,7750.0,7770.25,Call GEX 4,GEX,289678.218,7500.134239444209,9250.8667563661
2026-08-18 11:58:20,7750.0,7770.25,Put VEX 5,VEX,-685034.271,7500.134239444209,9250.8667563661
2026-08-18 11:58:20,7775.0,7795.25,Call GEX 5,GEX,253748.8,7500.134239444209,9250.8667563661
2026-08-18 11:58:20,7800.0,7820.5,Put CEX 4,CEX,-1741787.746,7500.134239444209,9250.8667563661
2026-08-18 11:58:20,7800.0,7820.5,Put DEX 3,DEX,-54.262,7500.134239444209,9250.8667563661
2026-08-18 11:58:20,7800.0,7820.5,Call GEX 2,GEX,516984.169,7500.134239444209,9250.8667563661
2026-08-18 11:58:20,7800.0,7820.5,Put VEX 2,VEX,-1226299.967,7500.134239444209,9250.8667563661
2026-08-18 11:58:20,7850.0,7870.5,Call GEX 3,GEX,301194.767,7500.134239444209,9250.8667563661
2026-08-18 11:58:20,7900.0,7920.75,Call GEX 1,GEX,693776.087,7500.134239444209,9250.8667563661
2026-08-18 11:58:20,7900.0,7920.75,Put VEX 3,VEX,-1225322.401,7500.134239444209,9250.8667563661
2026-08-18 11:58:20,8000.0,8021.0,Put CEX 1,CEX,-4675003.021,7500.134239444209,9250.8667563661
2026-08-18 11:58:20,8000.0,8021.0,Put DEX 1,DEX,-2628.366,7500.134239444209,9250.8667563661
2026-08-18 11:58:20,8000.0,8021.0,Put VEX 1,VEX,-11778183.835,7500.134239444209,9250.8667563661
2026-08-18 11:58:20,8200.0,8221.5,Put VEX 4,VEX,-777926.416,7500.134239444209,9250.8667563661
2026-08-18 11:58:20,8500.0,8522.25,Put DEX 2,DEX,-102.569,7500.134239444209,9250.8667563661
2026-08-18 11:59:13,7000.0,7018.5,Call DEX 1,DEX,557.901,7500.704343222164,9251.692855617792
2026-08-18 11:59:13,7000.0,7018.5,Put GEX 2,GEX,-680283.271,7500.704343222164,9251.692855617792
2026-08-18 11:59:13,7000.0,7018.5,Call VEX 1,VEX,6779403.91,7500.704343222164,9251.692855617792
2026-08-18 11:59:13,7300.0,7319.25,Call VEX 5,VEX,1990901.94,7500.704343222164,9251.692855617792
2026-08-18 11:59:13,7400.0,7419.75,Call VEX 4,VEX,2459204.317,7500.704343222164,9251.692855617792
2026-08-18 11:59:13,7450.0,7469.75,Call DEX 4,DEX,337.368,7500.704343222164,9251.692855617792
2026-08-18 11:59:13,7500.0,7520.0,Call CEX 4,CEX,1727660.976,7500.704343222164,9251.692855617792
2026-08-18 11:59:13,7500.0,7520.0,Call DEX 2,DEX,541.802,7500.704343222164,9251.692855617792
2026-08-18 11:59:13,7500.0,7520.0,Put GEX 4,GEX,-381211.768,7500.704343222164,9251.692855617792
2026-08-18 11:59:13,7500.0,7520.0,Call VEX 2,VEX,3595245.351,7500.704343222164,9251.692855617792
2026-08-18 11:59:13,7550.0,7570.0,Call DEX 5,DEX,287.176,7500.704343222164,9251.692855617792
2026-08-18 11:59:13,7600.0,7620.25,Call CEX 3,CEX,2027986.822,7500.704343222164,9251.692855617792
2026-08-18 11:59:13,7600.0,7620.25,Call DEX 3,DEX,436.814,7500.704343222164,9251.692855617792
2026-08-18 11:59:13,7600.0,7620.25,Call VEX 3,VEX,2592863.889,7500.704343222164,9251.692855617792
2026-08-18 11:59:13,7635.0,7655.25,Call CEX 1,CEX,3452574.856,7500.704343222164,9251.692855617792
2026-08-18 11:59:13,7650.0,7670.25,Call CEX 2,CEX,2170974.214,7500.704343222164,9251.692855617792
2026-08-18 11:59:13,7675.0,7695.25,Call CEX 5,CEX,1575855.926,7500.704343222164,9251.692855617792
2026-08-18 11:59:13,7690.0,7710.5,Put GEX 5,GEX,-367015.033,7500.704343222164,9251.692855617792
2026-08-18 11:59:13,7695.0,7715.5,Put GEX 3,GEX,-419862.891,7500.704343222164,9251.692855617792
2026-08-18 11:59:13,7700.0,7720.5,Put CEX 2,CEX,-2191445.6,7500.704343222164,9251.692855617792
2026-08-18 11:59:13,7700.0,7720.5,Put GEX 1,GEX,-954817.028,7500.704343222164,9251.692855617792
2026-08-18 11:59:13,7705.0,7725.5,Put CEX 5,CEX,-1269899.621,7500.704343222164,9251.692855617792
2026-08-18 11:59:13,7720.0,7740.5,Put DEX 5,DEX,-37.133,7500.704343222164,9251.692855617792
2026-08-18 11:59:13,7735.0,7755.5,Put DEX 4,DEX,-44.035,7500.704343222164,9251.692855617792
2026-08-18 11:59:13,7750.0,7770.5,Put CEX 3,CEX,-2076054.553,7500.704343222164,9251.692855617792
2026-08-18 11:59:13,7750.0,7770.5,Call GEX 4,GEX,290044.615,7500.704343222164,9251.692855617792
2026-08-18 11:59:13,7750.0,7770.5,Put VEX 5,VEX,-688231.952,7500.704343222164,9251.692855617792
2026-08-18 11:59:13,7775.0,7795.75,Call GEX 5,GEX,253058.013,7500.704343222164,9251.692855617792
2026-08-18 11:59:13,7800.0,7820.75,Put CEX 4,CEX,-1737636.631,7500.704343222164,9251.692855617792
2026-08-18 11:59:13,7800.0,7820.75,Put DEX 3,DEX,-54.988,7500.704343222164,9251.692855617792
2026-08-18 11:59:13,7800.0,7820.75,Call GEX 2,GEX,513143.32,7500.704343222164,9251.692855617792
2026-08-18 11:59:13,7800.0,7820.75,Put VEX 2,VEX,-1225718.434,7500.704343222164,9251.692855617792
2026-08-18 11:59:13,7850.0,7870.75,Call GEX 3,GEX,298427.269,7500.704343222164,9251.692855617792
2026-08-18 11:59:13,7900.0,7921.0,Call GEX 1,GEX,691354.113,7500.704343222164,9251.692855617792
2026-08-18 11:59:13,7900.0,7921.0,Put VEX 3,VEX,-1218186.344,7500.704343222164,9251.692855617792
2026-08-18 11:59:13,8000.0,8021.25,Put CEX 1,CEX,-4768496.967,7500.704343222164,9251.692855617792
2026-08-18 11:59:13,8000.0,8021.25,Put DEX 1,DEX,-2627.625,7500.704343222164,9251.692855617792
2026-08-18 11:59:13,8000.0,8021.25,Put VEX 1,VEX,-11821060.49,7500.704343222164,9251.692855617792
2026-08-18 11:59:13,8200.0,8221.75,Put VEX 4,VEX,-777023.892,7500.704343222164,9251.692855617792
2026-08-18 11:59:13,8500.0,8522.5,Put DEX 2,DEX,-102.476,7500.704343222164,9251.692855617792
2026-08-18 12:00:06,7000.0,7018.5,Call DEX 1,DEX,556.378,7501.499950817731,9251.05676679704
2026-08-18 12:00:06,7000.0,7018.5,Put GEX 2,GEX,-678639.675,7501.499950817731,9251.05676679704
2026-08-18 12:00:06,7000.0,7018.5,Call VEX 1,VEX,6803157.684,7501.499950817731,9251.05676679704
2026-08-18 12:00:06,7300.0,7319.5,Call DEX 5,DEX,295.088,7501.499950817731,9251.05676679704
2026-08-18 12:00:06,7300.0,7319.5,Call VEX 5,VEX,1996588.595,7501.499950817731,9251.05676679704
2026-08-18 12:00:06,7400.0,7419.75,Call VEX 4,VEX,2465018.914,7501.499950817731,9251.05676679704
2026-08-18 12:00:06,7450.0,7469.75,Call DEX 4,DEX,336.676,7501.499950817731,9251.05676679704
2026-08-18 12:00:06,7500.0,7520.0,Call CEX 4,CEX,1752814.403,7501.499950817731,9251.05676679704
2026-08-18 12:00:06,7500.0,7520.0,Call DEX 2,DEX,540.641,7501.499950817731,9251.05676679704
2026-08-18 12:00:06,7500.0,7520.0,Put GEX 4,GEX,-379333.861,7501.499950817731,9251.05676679704
2026-08-18 12:00:06,7500.0,7520.0,Call VEX 2,VEX,3603145.916,7501.499950817731,9251.05676679704
2026-08-18 12:00:06,7600.0,7620.25,Call CEX 3,CEX,2049777.2,7501.499950817731,9251.05676679704
2026-08-18 12:00:06,7600.0,7620.25,Call DEX 3,DEX,435.413,7501.499950817731,9251.05676679704
2026-08-18 12:00:06,7600.0,7620.25,Call VEX 3,VEX,2591614.025,7501.499950817731,9251.05676679704
2026-08-18 12:00:06,7635.0,7655.25,Call CEX 1,CEX,3484384.281,7501.499950817731,9251.05676679704
2026-08-18 12:00:06,7650.0,7670.25,Call CEX 2,CEX,2187557.872,7501.499950817731,9251.05676679704
2026-08-18 12:00:06,7675.0,7695.5,Call CEX 5,CEX,1592158.978,7501.499950817731,9251.05676679704
2026-08-18 12:00:06,7690.0,7710.5,Put GEX 5,GEX,-376413.67,7501.499950817731,9251.05676679704
2026-08-18 12:00:06,7695.0,7715.5,Put GEX 3,GEX,-437071.417,7501.499950817731,9251.05676679704
2026-08-18 12:00:06,7700.0,7720.5,Put CEX 2,CEX,-2512017.117,7501.499950817731,9251.05676679704
2026-08-18 12:00:06,7700.0,7720.5,Put GEX 1,GEX,-1011094.31,7501.499950817731,9251.05676679704
2026-08-18 12:00:06,7705.0,7725.5,Put CEX 5,CEX,-1195258.064,7501.499950817731,9251.05676679704
2026-08-18 12:00:06,7720.0,7740.5,Put DEX 5,DEX,-37.404,7501.499950817731,9251.05676679704
2026-08-18 12:00:06,7735.0,7755.5,Put DEX 4,DEX,-44.107,7501.499950817731,9251.05676679704
2026-08-18 12:00:06,7750.0,7770.5,Put CEX 3,CEX,-2075204.975,7501.499950817731,9251.05676679704
2026-08-18 12:00:06,7750.0,7770.5,Call GEX 4,GEX,288777.103,7501.499950817731,9251.05676679704
2026-08-18 12:00:06,7750.0,7770.5,Put VEX 5,VEX,-690755.657,7501.499950817731,9251.05676679704
2026-08-18 12:00:06,7775.0,7795.75,Call GEX 5,GEX,251587.823,7501.499950817731,9251.05676679704
2026-08-18 12:00:06,7800.0,7820.75,Put CEX 4,CEX,-1716793.006,7501.499950817731,9251.05676679704
2026-08-18 12:00:06,7800.0,7820.75,Put DEX 3,DEX,-55.981,7501.499950817731,9251.05676679704
2026-08-18 12:00:06,7800.0,7820.75,Call GEX 2,GEX,513257.489,7501.499950817731,9251.05676679704
2026-08-18 12:00:06,7800.0,7820.75,Put VEX 2,VEX,-1221144.632,7501.499950817731,9251.05676679704
2026-08-18 12:00:06,7850.0,7870.75,Call GEX 3,GEX,298098.509,7501.499950817731,9251.05676679704
2026-08-18 12:00:06,7900.0,7921.0,Call GEX 1,GEX,688962.611,7501.499950817731,9251.05676679704
2026-08-18 12:00:06,7900.0,7921.0,Put VEX 3,VEX,-1220855.491,7501.499950817731,9251.05676679704
2026-08-18 12:00:06,8000.0,8021.25,Put CEX 1,CEX,-4533841.676,7501.499950817731,9251.05676679704
2026-08-18 12:00:06,8000.0,8021.25,Put DEX 1,DEX,-2635.098,7501.499950817731,9251.05676679704
2026-08-18 12:00:06,8000.0,8021.25,Put VEX 1,VEX,-11707694.057,7501.499950817731,9251.05676679704
2026-08-18 12:00:06,8200.0,8221.75,Put VEX 4,VEX,-774673.932,7501.499950817731,9251.05676679704
2026-08-18 12:00:06,8500.0,8522.5,Put DEX 2,DEX,-102.732,7501.499950817731,9251.05676679704
2026-08-18 12:00:55,7000.0,7018.25,Call DEX 1,DEX,558.691,7502.800029375399,9247.99361142667
2026-08-18 12:00:55,7000.0,7018.25,Put GEX 2,GEX,-681179.662,7502.800029375399,9247.99361142667
2026-08-18 12:00:55,7000.0,7018.25,Call VEX 1,VEX,6769329.346,7502.800029375399,9247.99361142667
2026-08-18 12:00:55,7300.0,7319.0,Call VEX 5,VEX,1986197.172,7502.800029375399,9247.99361142667
2026-08-18 12:00:55,7400.0,7419.25,Call VEX 4,VEX,2454633.932,7502.800029375399,9247.99361142667
2026-08-18 12:00:55,7450.0,7469.5,Call DEX 5,DEX,260.191,7502.800029375399,9247.99361142667
2026-08-18 12:00:55,7500.0,7519.5,Call CEX 4,CEX,1668461.405,7502.800029375399,9247.99361142667
2026-08-18 12:00:55,7500.0,7519.5,Call DEX 2,DEX,542.382,7502.800029375399,9247.99361142667
2026-08-18 12:00:55,7500.0,7519.5,Put GEX 4,GEX,-396998.86,7502.800029375399,9247.99361142667
2026-08-18 12:00:55,7500.0,7519.5,Call VEX 2,VEX,3569788.268,7502.800029375399,9247.99361142667
2026-08-18 12:00:55,7550.0,7569.75,Call DEX 4,DEX,288.546,7502.800029375399,9247.99361142667
2026-08-18 12:00:55,7600.0,7619.75,Call CEX 3,CEX,1966685.849,7502.800029375399,9247.99361142667
2026-08-18 12:00:55,7600.0,7619.75,Call DEX 3,DEX,438.436,7502.800029375399,9247.99361142667
2026-08-18 12:00:55,7600.0,7619.75,Call VEX 3,VEX,2592762.078,7502.800029375399,9247.99361142667
2026-08-18 12:00:55,7635.0,7655.0,Call CEX 1,CEX,3483570.079,7502.800029375399,9247.99361142667
2026-08-18 12:00:55,7650.0,7670.0,Call CEX 2,CEX,2167561.575,7502.800029375399,9247.99361142667
2026-08-18 12:00:55,7675.0,7695.0,Call CEX 5,CEX,1575927.733,7502.800029375399,9247.99361142667
2026-08-18 12:00:55,7690.0,7710.0,Put GEX 5,GEX,-355746.431,7502.800029375399,9247.99361142667
2026-08-18 12:00:55,7695.0,7715.0,Put GEX 3,GEX,-401347.789,7502.800029375399,9247.99361142667
2026-08-18 12:00:55,7700.0,7720.0,Put CEX 3,CEX,-1912731.181,7502.800029375399,9247.99361142667
2026-08-18 12:00:55,7700.0,7720.0,Put GEX 1,GEX,-890768.499,7502.800029375399,9247.99361142667
2026-08-18 12:00:55,7710.0,7730.25,Put CEX 4,CEX,-1836597.834,7502.800029375399,9247.99361142667
2026-08-18 12:00:55,7720.0,7740.25,Put DEX 5,DEX,-36.763,7502.800029375399,9247.99361142667
2026-08-18 12:00:55,7735.0,7755.25,Put DEX 4,DEX,-43.584,7502.800029375399,9247.99361142667
2026-08-18 12:00:55,7750.0,7770.25,Put CEX 2,CEX,-2086298.352,7502.800029375399,9247.99361142667
2026-08-18 12:00:55,7750.0,7770.25,Call GEX 4,GEX,293068.075,7502.800029375399,9247.99361142667
2026-08-18 12:00:55,7750.0,7770.25,Put VEX 5,VEX,-685452.073,7502.800029375399,9247.99361142667
2026-08-18 12:00:55,7775.0,7795.25,Call GEX 5,GEX,253151.007,7502.800029375399,9247.99361142667
2026-08-18 12:00:55,7800.0,7820.5,Put CEX 5,CEX,-1751397.114,7502.800029375399,9247.99361142667
2026-08-18 12:00:55,7800.0,7820.5,Put DEX 3,DEX,-53.936,7502.800029375399,9247.99361142667
2026-08-18 12:00:55,7800.0,7820.5,Call GEX 2,GEX,508952.144,7502.800029375399,9247.99361142667
2026-08-18 12:00:55,7800.0,7820.5,Put VEX 2,VEX,-1227626.471,7502.800029375399,9247.99361142667
2026-08-18 12:00:55,7850.0,7870.5,Call GEX 3,GEX,298738.205,7502.800029375399,9247.99361142667
2026-08-18 12:00:55,7900.0,7920.75,Call GEX 1,GEX,691272.319,7502.800029375399,9247.99361142667
2026-08-18 12:00:55,7900.0,7920.75,Put VEX 3,VEX,-1221182.653,7502.800029375399,9247.99361142667
2026-08-18 12:00:55,8000.0,8021.0,Put CEX 1,CEX,-5042869.624,7502.800029375399,9247.99361142667
2026-08-18 12:00:55,8000.0,8021.0,Put DEX 1,DEX,-2623.402,7502.800029375399,9247.99361142667
2026-08-18 12:00:55,8000.0,8021.0,Put VEX 1,VEX,-11951618.685,7502.800029375399,9247.99361142667
2026-08-18 12:00:55,8200.0,8221.5,Put VEX 4,VEX,-774894.685,7502.800029375399,9247.99361142667
2026-08-18 12:00:55,8500.0,8522.25,Put DEX 2,DEX,-102.225,7502.800029375399,9247.99361142667
2026-08-18 12:01:52,7000.0,7018.5,Call DEX 1,DEX,558.885,7500.886426688679,9248.857951134318
2026-08-18 12:01:52,7000.0,7018.5,Put GEX 2,GEX,-683072.073,7500.886426688679,9248.857951134318
2026-08-18 12:01:52,7000.0,7018.5,Call VEX 1,VEX,6758686.373,7500.886426688679,9248.857951134318
2026-08-18 12:01:52,7300.0,7319.25,Call VEX 5,VEX,1991990.634,7500.886426688679,9248.857951134318
2026-08-18 12:01:52,7400.0,7419.5,Call DEX 5,DEX,327.306,7500.886426688679,9248.857951134318
2026-08-18 12:01:52,7400.0,7419.5,Call VEX 4,VEX,2466602.296,7500.886426688679,9248.857951134318
2026-08-18 12:01:52,7450.0,7469.5,Call DEX 4,DEX,336.567,7500.886426688679,9248.857951134318
2026-08-18 12:01:52,7500.0,7519.75,Call CEX 4,CEX,1763071.236,7500.886426688679,9248.857951134318
2026-08-18 12:01:52,7500.0,7519.75,Call DEX 2,DEX,540.748,7500.886426688679,9248.857951134318
2026-08-18 12:01:52,7500.0,7519.75,Put GEX 4,GEX,-377021.331,7500.886426688679,9248.857951134318
2026-08-18 12:01:52,7500.0,7519.75,Call VEX 2,VEX,3609273.671,7500.886426688679,9248.857951134318
2026-08-18 12:01:52,7600.0,7620.0,Call CEX 3,CEX,2059245.749,7500.886426688679,9248.857951134318
2026-08-18 12:01:52,7600.0,7620.0,Call DEX 3,DEX,436.31,7500.886426688679,9248.857951134318
2026-08-18 12:01:52,7600.0,7620.0,Call VEX 3,VEX,2595512.977,7500.886426688679,9248.857951134318
2026-08-18 12:01:52,7635.0,7655.0,Call CEX 1,CEX,3521170.232,7500.886426688679,9248.857951134318
2026-08-18 12:01:52,7650.0,7670.25,Call CEX 2,CEX,2203485.442,7500.886426688679,9248.857951134318
2026-08-18 12:01:52,7675.0,7695.25,Call CEX 5,CEX,1514258.963,7500.886426688679,9248.857951134318
2026-08-18 12:01:52,7690.0,7710.25,Put GEX 5,GEX,-373573.324,7500.886426688679,9248.857951134318
2026-08-18 12:01:52,7695.0,7715.25,Put GEX 3,GEX,-435680.683,7500.886426688679,9248.857951134318
2026-08-18 12:01:52,7700.0,7720.25,Put CEX 2,CEX,-2398402.237,7500.886426688679,9248.857951134318
2026-08-18 12:01:52,7700.0,7720.25,Put GEX 1,GEX,-1024815.095,7500.886426688679,9248.857951134318
2026-08-18 12:01:52,7705.0,7725.25,Put CEX 5,CEX,-1248133.813,7500.886426688679,9248.857951134318
2026-08-18 12:01:52,7720.0,7740.25,Put DEX 5,DEX,-37.265,7500.886426688679,9248.857951134318
2026-08-18 12:01:52,7735.0,7755.25,Put DEX 4,DEX,-44.104,7500.886426688679,9248.857951134318
2026-08-18 12:01:52,7750.0,7770.5,Put CEX 3,CEX,-2074395.381,7500.886426688679,9248.857951134318
2026-08-18 12:01:52,7750.0,7770.5,Call GEX 4,GEX,293049.973,7500.886426688679,9248.857951134318
2026-08-18 12:01:52,7750.0,7770.5,Put VEX 5,VEX,-687377.16,7500.886426688679,9248.857951134318
2026-08-18 12:01:52,7775.0,7795.5,Call GEX 5,GEX,253642.568,7500.886426688679,9248.857951134318
2026-08-18 12:01:52,7800.0,7820.5,Put CEX 4,CEX,-1724899.349,7500.886426688679,9248.857951134318
2026-08-18 12:01:52,7800.0,7820.5,Put DEX 3,DEX,-55.607,7500.886426688679,9248.857951134318
2026-08-18 12:01:52,7800.0,7820.5,Call GEX 2,GEX,517596.455,7500.886426688679,9248.857951134318
2026-08-18 12:01:52,7800.0,7820.5,Put VEX 3,VEX,-1221281.377,7500.886426688679,9248.857951134318
2026-08-18 12:01:52,7850.0,7870.75,Call GEX 3,GEX,298804.569,7500.886426688679,9248.857951134318
2026-08-18 12:01:52,7900.0,7920.75,Call GEX 1,GEX,690633.184,7500.886426688679,9248.857951134318
2026-08-18 12:01:52,7900.0,7920.75,Put VEX 2,VEX,-1222177.957,7500.886426688679,9248.857951134318
2026-08-18 12:01:52,8000.0,8021.0,Put CEX 1,CEX,-4541000.33,7500.886426688679,9248.857951134318
2026-08-18 12:01:52,8000.0,8021.0,Put DEX 1,DEX,-2633.776,7500.886426688679,9248.857951134318
2026-08-18 12:01:52,8000.0,8021.0,Put VEX 1,VEX,-11707095.179,7500.886426688679,9248.857951134318
2026-08-18 12:01:52,8200.0,8221.5,Put VEX 4,VEX,-774489.181,7500.886426688679,9248.857951134318
2026-08-18 12:01:52,8500.0,8522.25,Put DEX 2,DEX,-102.716,7500.886426688679,9248.857951134318
2026-08-18 12:02:43,7000.0,7018.5,Call DEX 1,DEX,569.776,7501.434369133593,9249.128911302869
2026-08-18 12:02:43,7000.0,7018.5,Put GEX 2,GEX,-677108.072,7501.434369133593,9249.128911302869
2026-08-18 12:02:43,7000.0,7018.5,Call VEX 1,VEX,6805908.419,7501.434369133593,9249.128911302869
2026-08-18 12:02:43,7300.0,7319.25,Call VEX 5,VEX,1994182.427,7501.434369133593,9249.128911302869
2026-08-18 12:02:43,7400.0,7419.5,Call DEX 5,DEX,326.359,7501.434369133593,9249.128911302869
2026-08-18 12:02:43,7400.0,7419.5,Call VEX 4,VEX,2484881.69,7501.434369133593,9249.128911302869
2026-08-18 12:02:43,7450.0,7469.75,Call DEX 4,DEX,336.025,7501.434369133593,9249.128911302869
2026-08-18 12:02:43,7500.0,7519.75,Call CEX 4,CEX,1790513.503,7501.434369133593,9249.128911302869
2026-08-18 12:02:43,7500.0,7519.75,Call DEX 2,DEX,542.904,7501.434369133593,9249.128911302869
2026-08-18 12:02:43,7500.0,7519.75,Put GEX 5,GEX,-371147.104,7501.434369133593,9249.128911302869
2026-08-18 12:02:43,7500.0,7519.75,Call VEX 2,VEX,3623485.717,7501.434369133593,9249.128911302869
2026-08-18 12:02:43,7600.0,7620.0,Call CEX 3,CEX,2077779.819,7501.434369133593,9249.128911302869
2026-08-18 12:02:43,7600.0,7620.0,Call DEX 3,DEX,435.472,7501.434369133593,9249.128911302869
2026-08-18 12:02:43,7600.0,7620.0,Call VEX 3,VEX,2594464.459,7501.434369133593,9249.128911302869
2026-08-18 12:02:43,7635.0,7655.25,Call CEX 1,CEX,3548001.28,7501.434369133593,9249.128911302869
2026-08-18 12:02:43,7650.0,7670.25,Call CEX 2,CEX,2220163.508,7501.434369133593,9249.128911302869
2026-08-18 12:02:43,7675.0,7695.25,Call CEX 5,CEX,1527098.207,7501.434369133593,9249.128911302869
2026-08-18 12:02:43,7690.0,7710.25,Put GEX 4,GEX,-380944.288,7501.434369133593,9249.128911302869
2026-08-18 12:02:43,7695.0,7715.25,Put GEX 3,GEX,-460504.548,7501.434369133593,9249.128911302869
2026-08-18 12:02:43,7700.0,7720.25,Put CEX 2,CEX,-2622106.748,7501.434369133593,9249.128911302869
2026-08-18 12:02:43,7700.0,7720.25,Put GEX 1,GEX,-1101318.445,7501.434369133593,9249.128911302869
2026-08-18 12:02:43,7705.0,7725.25,Put CEX 5,CEX,-931076.19,7501.434369133593,9249.128911302869
2026-08-18 12:02:43,7720.0,7740.5,Put DEX 5,DEX,-37.418,7501.434369133593,9249.128911302869
2026-08-18 12:02:43,7735.0,7755.5,Put DEX 4,DEX,-44.329,7501.434369133593,9249.128911302869
2026-08-18 12:02:43,7750.0,7770.5,Put CEX 3,CEX,-2074738.848,7501.434369133593,9249.128911302869
2026-08-18 12:02:43,7750.0,7770.5,Call GEX 4,GEX,290756.757,7501.434369133593,9249.128911302869
2026-08-18 12:02:43,7750.0,7770.5,Put VEX 5,VEX,-688273.712,7501.434369133593,9249.128911302869
2026-08-18 12:02:43,7775.0,7795.5,Call GEX 5,GEX,253168.308,7501.434369133593,9249.128911302869
2026-08-18 12:02:43,7800.0,7820.5,Put CEX 4,CEX,-1722143.408,7501.434369133593,9249.128911302869
2026-08-18 12:02:43,7800.0,7820.5,Put DEX 3,DEX,-55.922,7501.434369133593,9249.128911302869
2026-08-18 12:02:43,7800.0,7820.5,Call GEX 2,GEX,519428.676,7501.434369133593,9249.128911302869
2026-08-18 12:02:43,7800.0,7820.5,Put VEX 3,VEX,-1220669.487,7501.434369133593,9249.128911302869
2026-08-18 12:02:43,7850.0,7870.75,Call GEX 3,GEX,298934.796,7501.434369133593,9249.128911302869
2026-08-18 12:02:43,7900.0,7921.0,Call GEX 1,GEX,690015.657,7501.434369133593,9249.128911302869
2026-08-18 12:02:43,7900.0,7921.0,Put VEX 2,VEX,-1222211.756,7501.434369133593,9249.128911302869
2026-08-18 12:02:43,8000.0,8021.25,Put CEX 1,CEX,-4456586.895,7501.434369133593,9249.128911302869
2026-08-18 12:02:43,8000.0,8021.25,Put DEX 1,DEX,-2637.533,7501.434369133593,9249.128911302869
2026-08-18 12:02:43,8000.0,8021.25,Put VEX 1,VEX,-11670174.988,7501.434369133593,9249.128911302869
2026-08-18 12:02:43,8200.0,8221.75,Put VEX 4,VEX,-774645.336,7501.434369133593,9249.128911302869
2026-08-18 12:02:43,8500.0,8522.5,Put DEX 2,DEX,-102.795,7501.434369133593,9249.128911302869
2026-08-18 12:03:35,7000.0,7018.5,Call DEX 1,DEX,559.265,7501.277683898303,9248.431406786567
2026-08-18 12:03:35,7000.0,7018.5,Put GEX 2,GEX,-683563.62,7501.277683898303,9248.431406786567
2026-08-18 12:03:35,7000.0,7018.5,Call VEX 1,VEX,6752465.194,7501.277683898303,9248.431406786567
2026-08-18 12:03:35,7300.0,7319.25,Call VEX 5,VEX,1989572.321,7501.277683898303,9248.431406786567
2026-08-18 12:03:35,7400.0,7419.5,Call VEX 4,VEX,2460283.181,7501.277683898303,9248.431406786567
2026-08-18 12:03:35,7450.0,7469.75,Call DEX 4,DEX,336.758,7501.277683898303,9248.431406786567
2026-08-18 12:03:35,7500.0,7519.75,Call CEX 4,CEX,1797149.524,7501.277683898303,9248.431406786567
2026-08-18 12:03:35,7500.0,7519.75,Call DEX 2,DEX,540.984,7501.277683898303,9248.431406786567
2026-08-18 12:03:35,7500.0,7519.75,Put GEX 5,GEX,-367172.91,7501.277683898303,9248.431406786567
2026-08-18 12:03:35,7500.0,7519.75,Call VEX 2,VEX,3630909.886,7501.277683898303,9248.431406786567
2026-08-18 12:03:35,7550.0,7570.0,Call DEX 5,DEX,288.216,7501.277683898303,9248.431406786567
2026-08-18 12:03:35,7600.0,7620.0,Call CEX 3,CEX,2048280.559,7501.277683898303,9248.431406786567
2026-08-18 12:03:35,7600.0,7620.0,Call DEX 3,DEX,436.749,7501.277683898303,9248.431406786567
2026-08-18 12:03:35,7600.0,7620.0,Call VEX 3,VEX,2597961.182,7501.277683898303,9248.431406786567
2026-08-18 12:03:35,7635.0,7655.0,Call CEX 1,CEX,3560763.835,7501.277683898303,9248.431406786567
2026-08-18 12:03:35,7650.0,7670.25,Call CEX 2,CEX,2219048.558,7501.277683898303,9248.431406786567
2026-08-18 12:03:35,7690.0,7710.25,Call CEX 5,CEX,1532712.617,7501.277683898303,9248.431406786567
2026-08-18 12:03:35,7690.0,7710.25,Put GEX 4,GEX,-370622.112,7501.277683898303,9248.431406786567
2026-08-18 12:03:35,7695.0,7715.25,Put GEX 3,GEX,-445619.269,7501.277683898303,9248.431406786567
2026-08-18 12:03:35,7700.0,7720.25,Put CEX 2,CEX,-2305394.058,7501.277683898303,9248.431406786567
2026-08-18 12:03:35,7700.0,7720.25,Put GEX 1,GEX,-1047794.867,7501.277683898303,9248.431406786567
2026-08-18 12:03:35,7705.0,7725.25,Put CEX 5,CEX,-1295396.666,7501.277683898303,9248.431406786567
2026-08-18 12:03:35,7720.0,7740.25,Put DEX 5,DEX,-37.099,7501.277683898303,9248.431406786567
2026-08-18 12:03:35,7735.0,7755.5,Put DEX 4,DEX,-44.049,7501.277683898303,9248.431406786567
2026-08-18 12:03:35,7750.0,7770.5,Put CEX 3,CEX,-1913410.471,7501.277683898303,9248.431406786567
2026-08-18 12:03:35,7750.0,7770.5,Call GEX 4,GEX,287015.668,7501.277683898303,9248.431406786567
2026-08-18 12:03:35,7750.0,7770.5,Put VEX 5,VEX,-683480.092,7501.277683898303,9248.431406786567
2026-08-18 12:03:35,7775.0,7795.5,Call GEX 5,GEX,254402.93,7501.277683898303,9248.431406786567
2026-08-18 12:03:35,7800.0,7820.5,Put CEX 4,CEX,-1732958.958,7501.277683898303,9248.431406786567
2026-08-18 12:03:35,7800.0,7820.5,Put DEX 3,DEX,-55.342,7501.277683898303,9248.431406786567
2026-08-18 12:03:35,7800.0,7820.5,Call GEX 2,GEX,520344.886,7501.277683898303,9248.431406786567
2026-08-18 12:03:35,7800.0,7820.5,Put VEX 3,VEX,-1220247.801,7501.277683898303,9248.431406786567
2026-08-18 12:03:35,7850.0,7870.75,Call GEX 3,GEX,300169.789,7501.277683898303,9248.431406786567
2026-08-18 12:03:35,7900.0,7920.75,Call GEX 1,GEX,691620.021,7501.277683898303,9248.431406786567
2026-08-18 12:03:35,7900.0,7920.75,Put VEX 2,VEX,-1221742.327,7501.277683898303,9248.431406786567
2026-08-18 12:03:35,8000.0,8021.0,Put CEX 1,CEX,-4728284.329,7501.277683898303,9248.431406786567
2026-08-18 12:03:35,8000.0,8021.0,Put DEX 1,DEX,-2629.9,7501.277683898303,9248.431406786567
2026-08-18 12:03:35,8000.0,8021.0,Put VEX 1,VEX,-11795374.154,7501.277683898303,9248.431406786567
2026-08-18 12:03:35,8200.0,8221.5,Put VEX 4,VEX,-775403.235,7501.277683898303,9248.431406786567
2026-08-18 12:03:35,8500.0,8522.5,Put DEX 2,DEX,-102.569,7501.277683898303,9248.431406786567
2026-08-18 12:04:24,7000.0,7018.5,Call DEX 1,DEX,565.426,7501.330154833588,9249.739820279448
2026-08-18 12:04:24,7000.0,7018.5,Put GEX 2,GEX,-675520.983,7501.330154833588,9249.739820279448
2026-08-18 12:04:24,7000.0,7018.5,Call VEX 1,VEX,6813737.711,7501.330154833588,9249.739820279448
2026-08-18 12:04:24,7300.0,7319.25,Call VEX 5,VEX,1993350.539,7501.330154833588,9249.739820279448
2026-08-18 12:04:24,7400.0,7419.5,Call DEX 5,DEX,333.583,7501.330154833588,9249.739820279448
2026-08-18 12:04:24,7400.0,7419.5,Call VEX 4,VEX,2486150.774,7501.330154833588,9249.739820279448
2026-08-18 12:04:24,7450.0,7469.5,Call DEX 4,DEX,337.248,7501.330154833588,9249.739820279448
2026-08-18 12:04:24,7500.0,7519.75,Call CEX 4,CEX,1816681.167,7501.330154833588,9249.739820279448
2026-08-18 12:04:24,7500.0,7519.75,Call DEX 2,DEX,541.282,7501.330154833588,9249.739820279448
2026-08-18 12:04:24,7500.0,7519.75,Put GEX 5,GEX,-366993.37,7501.330154833588,9249.739820279448
2026-08-18 12:04:24,7500.0,7519.75,Call VEX 2,VEX,3637998.094,7501.330154833588,9249.739820279448
2026-08-18 12:04:24,7600.0,7620.0,Call CEX 3,CEX,2068203.672,7501.330154833588,9249.739820279448
2026-08-18 12:04:24,7600.0,7620.0,Call DEX 3,DEX,436.651,7501.330154833588,9249.739820279448
2026-08-18 12:04:24,7600.0,7620.0,Call VEX 3,VEX,2597731.766,7501.330154833588,9249.739820279448
2026-08-18 12:04:24,7635.0,7655.0,Call CEX 1,CEX,3582309.399,7501.330154833588,9249.739820279448
2026-08-18 12:04:24,7650.0,7670.25,Call CEX 2,CEX,2233692.93,7501.330154833588,9249.739820279448
2026-08-18 12:04:24,7690.0,7710.25,Call CEX 5,CEX,1551636.457,7501.330154833588,9249.739820279448
2026-08-18 12:04:24,7690.0,7710.25,Put GEX 4,GEX,-373967.202,7501.330154833588,9249.739820279448
2026-08-18 12:04:24,7695.0,7715.25,Put GEX 3,GEX,-464556.884,7501.330154833588,9249.739820279448
2026-08-18 12:04:24,7700.0,7720.25,Put CEX 2,CEX,-2384165.392,7501.330154833588,9249.739820279448
2026-08-18 12:04:24,7700.0,7720.25,Put GEX 1,GEX,-1111501.861,7501.330154833588,9249.739820279448
2026-08-18 12:04:24,7705.0,7725.25,Put CEX 5,CEX,-1134912.949,7501.330154833588,9249.739820279448
2026-08-18 12:04:24,7720.0,7740.25,Put DEX 5,DEX,-37.251,7501.330154833588,9249.739820279448
2026-08-18 12:04:24,7735.0,7755.25,Put DEX 4,DEX,-44.185,7501.330154833588,9249.739820279448
2026-08-18 12:04:24,7750.0,7770.5,Put CEX 3,CEX,-2084012.806,7501.330154833588,9249.739820279448
2026-08-18 12:04:24,7750.0,7770.5,Call GEX 4,GEX,291415.109,7501.330154833588,9249.739820279448
2026-08-18 12:04:24,7750.0,7770.5,Put VEX 5,VEX,-685576.621,7501.330154833588,9249.739820279448
2026-08-18 12:04:24,7775.0,7795.5,Call GEX 5,GEX,253540.897,7501.330154833588,9249.739820279448
2026-08-18 12:04:24,7800.0,7820.5,Put CEX 4,CEX,-1729203.493,7501.330154833588,9249.739820279448
2026-08-18 12:04:24,7800.0,7820.5,Put DEX 3,DEX,-55.451,7501.330154833588,9249.739820279448
2026-08-18 12:04:24,7800.0,7820.5,Call GEX 2,GEX,519822.236,7501.330154833588,9249.739820279448
2026-08-18 12:04:24,7800.0,7820.5,Put VEX 3,VEX,-1219485.998,7501.330154833588,9249.739820279448
2026-08-18 12:04:24,7850.0,7870.75,Call GEX 3,GEX,300286.386,7501.330154833588,9249.739820279448
2026-08-18 12:04:24,7900.0,7920.75,Call GEX 1,GEX,691512.218,7501.330154833588,9249.739820279448
2026-08-18 12:04:24,7900.0,7920.75,Put VEX 2,VEX,-1220346.525,7501.330154833588,9249.739820279448
2026-08-18 12:04:24,8000.0,8021.0,Put CEX 1,CEX,-4491343.454,7501.330154833588,9249.739820279448
2026-08-18 12:04:24,8000.0,8021.0,Put DEX 1,DEX,-2637.477,7501.330154833588,9249.739820279448
2026-08-18 12:04:24,8000.0,8021.0,Put VEX 1,VEX,-11691366.236,7501.330154833588,9249.739820279448
2026-08-18 12:04:24,8200.0,8221.5,Put VEX 4,VEX,-776666.557,7501.330154833588,9249.739820279448
2026-08-18 12:04:24,8500.0,8522.25,Put DEX 2,DEX,-102.764,7501.330154833588,9249.739820279448
2026-08-18 12:05:21,7000.0,7018.5,Call DEX 1,DEX,556.526,7501.137609585492,9250.736500094376
2026-08-18 12:05:21,7000.0,7018.5,Put GEX 2,GEX,-676764.755,7501.137609585492,9250.736500094376
2026-08-18 12:05:21,7000.0,7018.5,Call VEX 1,VEX,6810399.592,7501.137609585492,9250.736500094376
2026-08-18 12:05:21,7300.0,7319.25,Call VEX 5,VEX,1999764.595,7501.137609585492,9250.736500094376
2026-08-18 12:05:21,7400.0,7419.5,Call DEX 5,DEX,332.188,7501.137609585492,9250.736500094376
2026-08-18 12:05:21,7400.0,7419.5,Call VEX 4,VEX,2478326.196,7501.137609585492,9250.736500094376
2026-08-18 12:05:21,7450.0,7469.5,Call DEX 4,DEX,336.462,7501.137609585492,9250.736500094376
2026-08-18 12:05:21,7500.0,7519.75,Call CEX 4,CEX,1864092.698,7501.137609585492,9250.736500094376
2026-08-18 12:05:21,7500.0,7519.75,Call DEX 2,DEX,539.966,7501.137609585492,9250.736500094376
2026-08-18 12:05:21,7500.0,7519.75,Put GEX 5,GEX,-354122.148,7501.137609585492,9250.736500094376
2026-08-18 12:05:21,7500.0,7519.75,Call VEX 2,VEX,3662672.948,7501.137609585492,9250.736500094376
2026-08-18 12:05:21,7600.0,7620.0,Call CEX 3,CEX,2063213.506,7501.137609585492,9250.736500094376
2026-08-18 12:05:21,7600.0,7620.0,Call DEX 3,DEX,435.325,7501.137609585492,9250.736500094376
2026-08-18 12:05:21,7600.0,7620.0,Call VEX 3,VEX,2593611.298,7501.137609585492,9250.736500094376
2026-08-18 12:05:21,7635.0,7655.0,Call CEX 1,CEX,3618410.544,7501.137609585492,9250.736500094376
2026-08-18 12:05:21,7650.0,7670.0,Call CEX 2,CEX,2243728.464,7501.137609585492,9250.736500094376
2026-08-18 12:05:21,7690.0,7710.25,Call CEX 5,CEX,1534938.808,7501.137609585492,9250.736500094376
2026-08-18 12:05:21,7690.0,7710.25,Put GEX 4,GEX,-387037.558,7501.137609585492,9250.736500094376
2026-08-18 12:05:21,7695.0,7715.25,Put GEX 3,GEX,-469999.412,7501.137609585492,9250.736500094376
2026-08-18 12:05:21,7700.0,7720.25,Put CEX 2,CEX,-2792159.363,7501.137609585492,9250.736500094376
2026-08-18 12:05:21,7700.0,7720.25,Put GEX 1,GEX,-1082643.598,7501.137609585492,9250.736500094376
2026-08-18 12:05:21,7705.0,7725.25,Put CEX 5,CEX,-1072517.356,7501.137609585492,9250.736500094376
2026-08-18 12:05:21,7720.0,7740.25,Put DEX 5,DEX,-37.536,7501.137609585492,9250.736500094376
2026-08-18 12:05:21,7735.0,7755.25,Put DEX 4,DEX,-44.506,7501.137609585492,9250.736500094376
2026-08-18 12:05:21,7750.0,7770.5,Put CEX 3,CEX,-2086048.592,7501.137609585492,9250.736500094376
2026-08-18 12:05:21,7750.0,7770.5,Call GEX 4,GEX,292248.18,7501.137609585492,9250.736500094376
2026-08-18 12:05:21,7750.0,7770.5,Put VEX 5,VEX,-690807.278,7501.137609585492,9250.736500094376
2026-08-18 12:05:21,7775.0,7795.5,Call GEX 5,GEX,251818.98,7501.137609585492,9250.736500094376
2026-08-18 12:05:21,7800.0,7820.5,Put CEX 4,CEX,-1732028.967,7501.137609585492,9250.736500094376
2026-08-18 12:05:21,7800.0,7820.5,Put DEX 3,DEX,-56.23,7501.137609585492,9250.736500094376
2026-08-18 12:05:21,7800.0,7820.5,Call GEX 2,GEX,518747.398,7501.137609585492,9250.736500094376
2026-08-18 12:05:21,7800.0,7820.5,Put VEX 2,VEX,-1223822.872,7501.137609585492,9250.736500094376
2026-08-18 12:05:21,7850.0,7870.75,Call GEX 3,GEX,299686.035,7501.137609585492,9250.736500094376
2026-08-18 12:05:21,7900.0,7920.75,Call GEX 1,GEX,691730.877,7501.137609585492,9250.736500094376
2026-08-18 12:05:21,7900.0,7920.75,Put VEX 3,VEX,-1222059.167,7501.137609585492,9250.736500094376
2026-08-18 12:05:21,8000.0,8021.0,Put CEX 1,CEX,-4511031.27,7501.137609585492,9250.736500094376
2026-08-18 12:05:21,8000.0,8021.0,Put DEX 1,DEX,-2639.213,7501.137609585492,9250.736500094376
2026-08-18 12:05:21,8000.0,8021.0,Put VEX 1,VEX,-11700937.569,7501.137609585492,9250.736500094376
2026-08-18 12:05:21,8200.0,8221.5,Put VEX 4,VEX,-775444.173,7501.137609585492,9250.736500094376
2026-08-18 12:05:21,8500.0,8522.25,Put DEX 2,DEX,-102.708,7501.137609585492,9250.736500094376
2026-08-18 12:06:14,7000.0,7018.25,Call DEX 1,DEX,555.988,7501.293332542184,9250.56968729794
2026-08-18 12:06:14,7000.0,7018.25,Put GEX 2,GEX,-676552.287,7501.293332542184,9250.56968729794
2026-08-18 12:06:14,7000.0,7018.25,Call VEX 1,VEX,6816449.417,7501.293332542184,9250.56968729794
2026-08-18 12:06:14,7300.0,7319.25,Call VEX 5,VEX,2012231.499,7501.293332542184,9250.56968729794
2026-08-18 12:06:14,7400.0,7419.5,Call DEX 5,DEX,332.033,7501.293332542184,9250.56968729794
2026-08-18 12:06:14,7400.0,7419.5,Call VEX 4,VEX,2478972.155,7501.293332542184,9250.56968729794
2026-08-18 12:06:14,7450.0,7469.5,Call DEX 4,DEX,337.104,7501.293332542184,9250.56968729794
2026-08-18 12:06:14,7500.0,7519.75,Call CEX 4,CEX,1816989.754,7501.293332542184,9250.56968729794
2026-08-18 12:06:14,7500.0,7519.75,Call DEX 2,DEX,539.486,7501.293332542184,9250.56968729794
2026-08-18 12:06:14,7500.0,7519.75,Put GEX 5,GEX,-369909.292,7501.293332542184,9250.56968729794
2026-08-18 12:06:14,7500.0,7519.75,Call VEX 2,VEX,3632369.319,7501.293332542184,9250.56968729794
2026-08-18 12:06:14,7600.0,7620.0,Call CEX 3,CEX,2077963.634,7501.293332542184,9250.56968729794
2026-08-18 12:06:14,7600.0,7620.0,Call DEX 3,DEX,434.337,7501.293332542184,9250.56968729794
2026-08-18 12:06:14,7600.0,7620.0,Call VEX 3,VEX,2591144.327,7501.293332542184,9250.56968729794
2026-08-18 12:06:14,7635.0,7655.0,Call CEX 1,CEX,3658638.446,7501.293332542184,9250.56968729794
2026-08-18 12:06:14,7650.0,7670.0,Call CEX 2,CEX,2261047.163,7501.293332542184,9250.56968729794
2026-08-18 12:06:14,7675.0,7695.25,Call CEX 5,CEX,1575247.652,7501.293332542184,9250.56968729794
2026-08-18 12:06:14,7690.0,7710.25,Put GEX 4,GEX,-398629.897,7501.293332542184,9250.56968729794
2026-08-18 12:06:14,7695.0,7715.25,Put GEX 3,GEX,-484781.628,7501.293332542184,9250.56968729794
2026-08-18 12:06:14,7700.0,7720.25,Put CEX 2,CEX,-3247519.491,7501.293332542184,9250.56968729794
2026-08-18 12:06:14,7700.0,7720.25,Put GEX 1,GEX,-1092941.781,7501.293332542184,9250.56968729794
2026-08-18 12:06:14,7720.0,7740.25,Put DEX 5,DEX,-37.868,7501.293332542184,9250.56968729794
2026-08-18 12:06:14,7725.0,7745.25,Put CEX 5,CEX,-921156.381,7501.293332542184,9250.56968729794
2026-08-18 12:06:14,7735.0,7755.25,Put DEX 4,DEX,-44.698,7501.293332542184,9250.56968729794
2026-08-18 12:06:14,7750.0,7770.25,Put CEX 3,CEX,-1916070.791,7501.293332542184,9250.56968729794
2026-08-18 12:06:14,7750.0,7770.25,Call GEX 4,GEX,287373.339,7501.293332542184,9250.56968729794
2026-08-18 12:06:14,7750.0,7770.25,Put VEX 5,VEX,-693634.636,7501.293332542184,9250.56968729794
2026-08-18 12:06:14,7775.0,7795.5,Call GEX 5,GEX,250311.142,7501.293332542184,9250.56968729794
2026-08-18 12:06:14,7800.0,7820.5,Put CEX 4,CEX,-1725033.748,7501.293332542184,9250.56968729794
2026-08-18 12:06:14,7800.0,7820.5,Put DEX 3,DEX,-57.099,7501.293332542184,9250.56968729794
2026-08-18 12:06:14,7800.0,7820.5,Call GEX 2,GEX,514757.153,7501.293332542184,9250.56968729794
2026-08-18 12:06:14,7800.0,7820.5,Put VEX 2,VEX,-1225184.83,7501.293332542184,9250.56968729794
2026-08-18 12:06:14,7850.0,7870.5,Call GEX 3,GEX,298585.776,7501.293332542184,9250.56968729794
2026-08-18 12:06:14,7900.0,7920.75,Call GEX 1,GEX,689375.027,7501.293332542184,9250.56968729794
2026-08-18 12:06:14,7900.0,7920.75,Put VEX 3,VEX,-1223774.296,7501.293332542184,9250.56968729794
2026-08-18 12:06:14,8000.0,8021.0,Put CEX 1,CEX,-4494562.264,7501.293332542184,9250.56968729794
2026-08-18 12:06:14,8000.0,8021.0,Put DEX 1,DEX,-2639.614,7501.293332542184,9250.56968729794
2026-08-18 12:06:14,8000.0,8021.0,Put VEX 1,VEX,-11691421.368,7501.293332542184,9250.56968729794
2026-08-18 12:06:14,8200.0,8221.5,Put VEX 4,VEX,-777423.489,7501.293332542184,9250.56968729794
2026-08-18 12:06:14,8500.0,8522.25,Put DEX 2,DEX,-102.755,7501.293332542184,9250.56968729794
2026-08-18 12:07:02,7000.0,7018.25,Call DEX 1,DEX,555.401,7502.689685280214,9250.93048979809
2026-08-18 12:07:02,7000.0,7018.25,Put GEX 2,GEX,-675421.21,7502.689685280214,9250.93048979809
2026-08-18 12:07:02,7000.0,7018.25,Call VEX 1,VEX,6826584.773,7502.689685280214,9250.93048979809
2026-08-18 12:07:02,7300.0,7319.0,Call DEX 5,DEX,294.311,7502.689685280214,9250.93048979809
2026-08-18 12:07:02,7300.0,7319.0,Call VEX 5,VEX,2017296.876,7502.689685280214,9250.93048979809
2026-08-18 12:07:02,7400.0,7419.25,Call VEX 4,VEX,2468274.985,7502.689685280214,9250.93048979809
2026-08-18 12:07:02,7450.0,7469.5,Call DEX 4,DEX,336.252,7502.689685280214,9250.93048979809
2026-08-18 12:07:02,7500.0,7519.5,Call CEX 4,CEX,1707872.035,7502.689685280214,9250.93048979809
2026-08-18 12:07:02,7500.0,7519.5,Call DEX 2,DEX,540.9,7502.689685280214,9250.93048979809
2026-08-18 12:07:02,7500.0,7519.5,Put GEX 4,GEX,-397077.767,7502.689685280214,9250.93048979809
2026-08-18 12:07:02,7500.0,7519.5,Call VEX 2,VEX,3579415.082,7502.689685280214,9250.93048979809
2026-08-18 12:07:02,7600.0,7619.75,Call CEX 3,CEX,2036603.377,7502.689685280214,9250.93048979809
2026-08-18 12:07:02,7600.0,7619.75,Call DEX 3,DEX,434.805,7502.689685280214,9250.93048979809
2026-08-18 12:07:02,7600.0,7619.75,Call VEX 3,VEX,2586545.238,7502.689685280214,9250.93048979809
2026-08-18 12:07:02,7635.0,7655.0,Call CEX 1,CEX,3684349.711,7502.689685280214,9250.93048979809
2026-08-18 12:07:02,7650.0,7670.0,Call CEX 2,CEX,2258849.678,7502.689685280214,9250.93048979809
2026-08-18 12:07:02,7675.0,7695.0,Call CEX 5,CEX,1581526.284,7502.689685280214,9250.93048979809
2026-08-18 12:07:02,7690.0,7710.0,Put GEX 5,GEX,-395479.848,7502.689685280214,9250.93048979809
2026-08-18 12:07:02,7695.0,7715.0,Put GEX 3,GEX,-467765.373,7502.689685280214,9250.93048979809
2026-08-18 12:07:02,7700.0,7720.0,Put CEX 2,CEX,-3197099.35,7502.689685280214,9250.93048979809
2026-08-18 12:07:02,7700.0,7720.0,Put GEX 1,GEX,-993061.819,7502.689685280214,9250.93048979809
2026-08-18 12:07:02,7705.0,7725.0,Put CEX 5,CEX,-1225671.33,7502.689685280214,9250.93048979809
2026-08-18 12:07:02,7720.0,7740.25,Put DEX 5,DEX,-37.833,7502.689685280214,9250.93048979809
2026-08-18 12:07:02,7735.0,7755.25,Put DEX 4,DEX,-44.635,7502.689685280214,9250.93048979809
2026-08-18 12:07:02,7750.0,7770.25,Put CEX 3,CEX,-1924369.67,7502.689685280214,9250.93048979809
2026-08-18 12:07:02,7750.0,7770.25,Call GEX 4,GEX,287376.331,7502.689685280214,9250.93048979809
2026-08-18 12:07:02,7750.0,7770.25,Put VEX 5,VEX,-695860.329,7502.689685280214,9250.93048979809
2026-08-18 12:07:02,7775.0,7795.25,Call GEX 5,GEX,247290.066,7502.689685280214,9250.93048979809
2026-08-18 12:07:02,7800.0,7820.25,Put CEX 4,CEX,-1745832.024,7502.689685280214,9250.93048979809
2026-08-18 12:07:02,7800.0,7820.25,Put DEX 3,DEX,-56.77,7502.689685280214,9250.93048979809
2026-08-18 12:07:02,7800.0,7820.25,Call GEX 2,GEX,507016.775,7502.689685280214,9250.93048979809
2026-08-18 12:07:02,7800.0,7820.25,Put VEX 2,VEX,-1232722.436,7502.689685280214,9250.93048979809
2026-08-18 12:07:02,7850.0,7870.5,Call GEX 3,GEX,298109.488,7502.689685280214,9250.93048979809
2026-08-18 12:07:02,7900.0,7920.5,Call GEX 1,GEX,689168.758,7502.689685280214,9250.93048979809
2026-08-18 12:07:02,7900.0,7920.5,Put VEX 3,VEX,-1223567.102,7502.689685280214,9250.93048979809
2026-08-18 12:07:02,8000.0,8020.75,Put CEX 1,CEX,-4871399.85,7502.689685280214,9250.93048979809
2026-08-18 12:07:02,8000.0,8020.75,Put DEX 1,DEX,-2635.544,7502.689685280214,9250.93048979809
2026-08-18 12:07:02,8000.0,8020.75,Put VEX 1,VEX,-11878425.366,7502.689685280214,9250.93048979809
2026-08-18 12:07:02,8200.0,8221.5,Put VEX 4,VEX,-777056.871,7502.689685280214,9250.93048979809
2026-08-18 12:07:02,8500.0,8522.25,Put DEX 2,DEX,-102.374,7502.689685280214,9250.93048979809
2026-08-18 12:07:52,7000.0,7018.25,Call DEX 1,DEX,562.487,7501.486423151397,9246.752771655218
2026-08-18 12:07:52,7000.0,7018.25,Put GEX 2,GEX,-690530.723,7501.486423151397,9246.752771655218
2026-08-18 12:07:52,7000.0,7018.25,Call VEX 1,VEX,6690211.768,7501.486423151397,9246.752771655218
2026-08-18 12:07:52,7300.0,7319.0,Call VEX 5,VEX,1983371.251,7501.486423151397,9246.752771655218
2026-08-18 12:07:52,7400.0,7419.25,Call VEX 4,VEX,2456164.689,7501.486423151397,9246.752771655218
2026-08-18 12:07:52,7450.0,7469.25,Call DEX 5,DEX,264.81,7501.486423151397,9246.752771655218
2026-08-18 12:07:52,7500.0,7519.5,Call CEX 5,CEX,1622289.561,7501.486423151397,9246.752771655218
2026-08-18 12:07:52,7500.0,7519.5,Call DEX 2,DEX,545.092,7501.486423151397,9246.752771655218
2026-08-18 12:07:52,7500.0,7519.5,Put GEX 4,GEX,-412002.09,7501.486423151397,9246.752771655218
2026-08-18 12:07:52,7500.0,7519.5,Call VEX 2,VEX,3543118.44,7501.486423151397,9246.752771655218
2026-08-18 12:07:52,7550.0,7569.5,Call DEX 4,DEX,288.416,7501.486423151397,9246.752771655218
2026-08-18 12:07:52,7600.0,7619.75,Call CEX 3,CEX,2034183.062,7501.486423151397,9246.752771655218
2026-08-18 12:07:52,7600.0,7619.75,Call DEX 3,DEX,440.223,7501.486423151397,9246.752771655218
2026-08-18 12:07:52,7600.0,7619.75,Call VEX 3,VEX,2602412.06,7501.486423151397,9246.752771655218
2026-08-18 12:07:52,7635.0,7654.75,Call CEX 1,CEX,3658129.07,7501.486423151397,9246.752771655218
2026-08-18 12:07:52,7650.0,7669.75,Call CEX 2,CEX,2266204.77,7501.486423151397,9246.752771655218
2026-08-18 12:07:52,7690.0,7710.0,Call CEX 4,CEX,1633526.583,7501.486423151397,9246.752771655218
2026-08-18 12:07:52,7690.0,7710.0,Put GEX 5,GEX,-358247.42,7501.486423151397,9246.752771655218
2026-08-18 12:07:52,7695.0,7715.0,Put GEX 3,GEX,-441070.423,7501.486423151397,9246.752771655218
2026-08-18 12:07:52,7700.0,7720.0,Put CEX 3,CEX,-1918452.047,7501.486423151397,9246.752771655218
2026-08-18 12:07:52,7700.0,7720.0,Put GEX 1,GEX,-1065841.394,7501.486423151397,9246.752771655218
2026-08-18 12:07:52,7705.0,7725.0,Put CEX 5,CEX,-1357774.715,7501.486423151397,9246.752771655218
2026-08-18 12:07:52,7720.0,7740.0,Put DEX 5,DEX,-36.795,7501.486423151397,9246.752771655218
2026-08-18 12:07:52,7735.0,7755.0,Put DEX 4,DEX,-43.594,7501.486423151397,9246.752771655218
2026-08-18 12:07:52,7750.0,7770.0,Put CEX 2,CEX,-1928682.948,7501.486423151397,9246.752771655218
2026-08-18 12:07:52,7750.0,7770.0,Call GEX 4,GEX,289264.925,7501.486423151397,9246.752771655218
2026-08-18 12:07:52,7750.0,7770.0,Put VEX 5,VEX,-679306.77,7501.486423151397,9246.752771655218
2026-08-18 12:07:52,7775.0,7795.25,Call GEX 5,GEX,254805.374,7501.486423151397,9246.752771655218
2026-08-18 12:07:52,7800.0,7820.25,Put CEX 4,CEX,-1765514.973,7501.486423151397,9246.752771655218
2026-08-18 12:07:52,7800.0,7820.25,Put DEX 3,DEX,-53.599,7501.486423151397,9246.752771655218
2026-08-18 12:07:52,7800.0,7820.25,Call GEX 2,GEX,512582.001,7501.486423151397,9246.752771655218
2026-08-18 12:07:52,7800.0,7820.25,Put VEX 2,VEX,-1224969.693,7501.486423151397,9246.752771655218
2026-08-18 12:07:52,7850.0,7870.25,Call GEX 3,GEX,300801.191,7501.486423151397,9246.752771655218
2026-08-18 12:07:52,7900.0,7920.5,Call GEX 1,GEX,694046.84,7501.486423151397,9246.752771655218
2026-08-18 12:07:52,7900.0,7920.5,Put VEX 3,VEX,-1222707.614,7501.486423151397,9246.752771655218
2026-08-18 12:07:52,8000.0,8020.75,Put CEX 1,CEX,-4811732.914,7501.486423151397,9246.752771655218
2026-08-18 12:07:52,8000.0,8020.75,Put DEX 1,DEX,-2626.772,7501.486423151397,9246.752771655218
2026-08-18 12:07:52,8000.0,8020.75,Put VEX 1,VEX,-11828926.755,7501.486423151397,9246.752771655218
2026-08-18 12:07:52,8200.0,8221.25,Put VEX 4,VEX,-776711.897,7501.486423151397,9246.752771655218
2026-08-18 12:07:52,8500.0,8522.0,Put DEX 2,DEX,-102.461,7501.486423151397,9246.752771655218
2026-08-18 12:08:37,7000.0,7018.5,Call DEX 1,DEX,560.073,7501.473819134982,9247.876693593977
2026-08-18 12:08:37,7000.0,7018.5,Put GEX 2,GEX,-684341.351,7501.473819134982,9247.876693593977
2026-08-18 12:08:37,7000.0,7018.5,Call VEX 1,VEX,6742449.136,7501.473819134982,9247.876693593977
2026-08-18 12:08:37,7300.0,7319.25,Call VEX 5,VEX,1983513.053,7501.473819134982,9247.876693593977
2026-08-18 12:08:37,7400.0,7419.5,Call VEX 4,VEX,2462397.143,7501.473819134982,9247.876693593977
2026-08-18 12:08:37,7450.0,7469.75,Call DEX 4,DEX,337.881,7501.473819134982,9247.876693593977
2026-08-18 12:08:37,7500.0,7519.75,Call CEX 4,CEX,1737966.118,7501.473819134982,9247.876693593977
2026-08-18 12:08:37,7500.0,7519.75,Call DEX 2,DEX,543.755,7501.473819134982,9247.876693593977
2026-08-18 12:08:37,7500.0,7519.75,Put GEX 4,GEX,-384488.06,7501.473819134982,9247.876693593977
2026-08-18 12:08:37,7500.0,7519.75,Call VEX 2,VEX,3599423.04,7501.473819134982,9247.876693593977
2026-08-18 12:08:37,7550.0,7570.0,Call DEX 5,DEX,289.844,7501.473819134982,9247.876693593977
2026-08-18 12:08:37,7600.0,7620.0,Call CEX 3,CEX,2070715.562,7501.473819134982,9247.876693593977
2026-08-18 12:08:37,7600.0,7620.0,Call DEX 3,DEX,438.613,7501.473819134982,9247.876693593977
2026-08-18 12:08:37,7600.0,7620.0,Call VEX 3,VEX,2602305.228,7501.473819134982,9247.876693593977
2026-08-18 12:08:37,7635.0,7655.25,Call CEX 1,CEX,3692553.611,7501.473819134982,9247.876693593977
2026-08-18 12:08:37,7650.0,7670.25,Call CEX 2,CEX,2281698.323,7501.473819134982,9247.876693593977
2026-08-18 12:08:37,7690.0,7710.25,Call CEX 5,CEX,1624956.243,7501.473819134982,9247.876693593977
2026-08-18 12:08:37,7690.0,7710.25,Put GEX 5,GEX,-368463.379,7501.473819134982,9247.876693593977
2026-08-18 12:08:37,7695.0,7715.25,Put GEX 3,GEX,-454992.348,7501.473819134982,9247.876693593977
2026-08-18 12:08:37,7700.0,7720.25,Put CEX 2,CEX,-2269114.814,7501.473819134982,9247.876693593977
2026-08-18 12:08:37,7700.0,7720.25,Put GEX 1,GEX,-1084640.049,7501.473819134982,9247.876693593977
2026-08-18 12:08:37,7705.0,7725.25,Put CEX 5,CEX,-1345903.584,7501.473819134982,9247.876693593977
2026-08-18 12:08:37,7720.0,7740.5,Put DEX 5,DEX,-37.108,7501.473819134982,9247.876693593977
2026-08-18 12:08:37,7735.0,7755.5,Put DEX 4,DEX,-44.014,7501.473819134982,9247.876693593977
2026-08-18 12:08:37,7750.0,7770.5,Put CEX 3,CEX,-1924942.605,7501.473819134982,9247.876693593977
2026-08-18 12:08:37,7750.0,7770.5,Call GEX 4,GEX,288372.176,7501.473819134982,9247.876693593977
2026-08-18 12:08:37,7750.0,7770.5,Put VEX 5,VEX,-682494.205,7501.473819134982,9247.876693593977
2026-08-18 12:08:37,7775.0,7795.5,Call GEX 5,GEX,253538.825,7501.473819134982,9247.876693593977
2026-08-18 12:08:37,7800.0,7820.5,Put CEX 4,CEX,-1748988.803,7501.473819134982,9247.876693593977
2026-08-18 12:08:37,7800.0,7820.5,Put DEX 3,DEX,-54.973,7501.473819134982,9247.876693593977
2026-08-18 12:08:37,7800.0,7820.5,Call GEX 2,GEX,517329.313,7501.473819134982,9247.876693593977
2026-08-18 12:08:37,7800.0,7820.5,Put VEX 3,VEX,-1221177.513,7501.473819134982,9247.876693593977
2026-08-18 12:08:37,7850.0,7870.75,Call GEX 3,GEX,300255.513,7501.473819134982,9247.876693593977
2026-08-18 12:08:37,7900.0,7920.75,Call GEX 1,GEX,692458.924,7501.473819134982,9247.876693593977
2026-08-18 12:08:37,7900.0,7920.75,Put VEX 2,VEX,-1222303.351,7501.473819134982,9247.876693593977
2026-08-18 12:08:37,8000.0,8021.25,Put CEX 1,CEX,-4651798.331,7501.473819134982,9247.876693593977
2026-08-18 12:08:37,8000.0,8021.25,Put DEX 1,DEX,-2630.713,7501.473819134982,9247.876693593977
2026-08-18 12:08:37,8000.0,8021.25,Put VEX 1,VEX,-11754955.466,7501.473819134982,9247.876693593977
2026-08-18 12:08:37,8200.0,8221.75,Put VEX 4,VEX,-779958.528,7501.473819134982,9247.876693593977
2026-08-18 12:08:37,8500.0,8522.5,Put DEX 2,DEX,-102.619,7501.473819134982,9247.876693593977
2026-08-18 12:09:25,7000.0,7017.75,Call DEX 1,DEX,562.291,7503.030825632136,9247.53823016938
2026-08-18 12:09:25,7000.0,7017.75,Put GEX 2,GEX,-684226.91,7503.030825632136,9247.53823016938
2026-08-18 12:09:25,7000.0,7017.75,Call VEX 1,VEX,6715709.897,7503.030825632136,9247.53823016938
2026-08-18 12:09:25,7300.0,7318.5,Call VEX 5,VEX,1980215.515,7503.030825632136,9247.53823016938
2026-08-18 12:09:25,7400.0,7419.0,Call VEX 4,VEX,2448847.491,7503.030825632136,9247.53823016938
2026-08-18 12:09:25,7450.0,7469.0,Call DEX 5,DEX,262.054,7503.030825632136,9247.53823016938
2026-08-18 12:09:25,7500.0,7519.25,Call CEX 5,CEX,1472618.324,7503.030825632136,9247.53823016938
2026-08-18 12:09:25,7500.0,7519.25,Call DEX 2,DEX,548.894,7503.030825632136,9247.53823016938
2026-08-18 12:09:25,7500.0,7519.25,Put GEX 3,GEX,-444603.794,7503.030825632136,9247.53823016938
2026-08-18 12:09:25,7500.0,7519.25,Call VEX 2,VEX,3474182.723,7503.030825632136,9247.53823016938
2026-08-18 12:09:25,7550.0,7569.25,Call DEX 4,DEX,290.455,7503.030825632136,9247.53823016938
2026-08-18 12:09:25,7600.0,7619.5,Call CEX 3,CEX,1942964.492,7503.030825632136,9247.53823016938
2026-08-18 12:09:25,7600.0,7619.5,Call DEX 3,DEX,443.86,7503.030825632136,9247.53823016938
2026-08-18 12:09:25,7600.0,7619.5,Call VEX 3,VEX,2601129.018,7503.030825632136,9247.53823016938
2026-08-18 12:09:25,7635.0,7654.5,Call CEX 2,CEX,1962966.957,7503.030825632136,9247.53823016938
2026-08-18 12:09:25,7650.0,7669.5,Call CEX 1,CEX,2241394.372,7503.030825632136,9247.53823016938
2026-08-18 12:09:25,7690.0,7709.5,Call CEX 4,CEX,1681363.301,7503.030825632136,9247.53823016938
2026-08-18 12:09:25,7690.0,7709.5,Put GEX 5,GEX,-335463.023,7503.030825632136,9247.53823016938
2026-08-18 12:09:25,7695.0,7714.75,Put GEX 4,GEX,-407904.154,7503.030825632136,9247.53823016938
2026-08-18 12:09:25,7700.0,7719.75,Put GEX 1,GEX,-1002638.231,7503.030825632136,9247.53823016938
2026-08-18 12:09:25,7705.0,7724.75,Put CEX 5,CEX,-1290408.572,7503.030825632136,9247.53823016938
2026-08-18 12:09:25,7710.0,7729.75,Put CEX 2,CEX,-2205832.418,7503.030825632136,9247.53823016938
2026-08-18 12:09:25,7720.0,7739.75,Put DEX 5,DEX,-36.119,7503.030825632136,9247.53823016938
2026-08-18 12:09:25,7735.0,7754.75,Put DEX 4,DEX,-43.005,7503.030825632136,9247.53823016938
2026-08-18 12:09:25,7750.0,7769.75,Put CEX 3,CEX,-1934551.58,7503.030825632136,9247.53823016938
2026-08-18 12:09:25,7750.0,7769.75,Call GEX 4,GEX,292058.096,7503.030825632136,9247.53823016938
2026-08-18 12:09:25,7750.0,7769.75,Put VEX 5,VEX,-670634.175,7503.030825632136,9247.53823016938
2026-08-18 12:09:25,7775.0,7794.75,Call GEX 5,GEX,257948.63,7503.030825632136,9247.53823016938
2026-08-18 12:09:25,7800.0,7820.0,Put CEX 4,CEX,-1794117.03,7503.030825632136,9247.53823016938
2026-08-18 12:09:25,7800.0,7820.0,Put DEX 3,DEX,-51.337,7503.030825632136,9247.53823016938
2026-08-18 12:09:25,7800.0,7820.0,Call GEX 2,GEX,510132.78,7503.030825632136,9247.53823016938
2026-08-18 12:09:25,7800.0,7820.0,Put VEX 2,VEX,-1226581.727,7503.030825632136,9247.53823016938
2026-08-18 12:09:25,7850.0,7870.0,Call GEX 3,GEX,301828.555,7503.030825632136,9247.53823016938
2026-08-18 12:09:25,7900.0,7920.25,Call GEX 1,GEX,696790.128,7503.030825632136,9247.53823016938
2026-08-18 12:09:25,7900.0,7920.25,Put VEX 3,VEX,-1220877.901,7503.030825632136,9247.53823016938
2026-08-18 12:09:25,8000.0,8020.5,Put CEX 1,CEX,-5098927.034,7503.030825632136,9247.53823016938
2026-08-18 12:09:25,8000.0,8020.5,Put DEX 1,DEX,-2616.322,7503.030825632136,9247.53823016938
2026-08-18 12:09:25,8000.0,8020.5,Put VEX 1,VEX,-11964678.678,7503.030825632136,9247.53823016938
2026-08-18 12:09:25,8200.0,8221.0,Put VEX 4,VEX,-782282.875,7503.030825632136,9247.53823016938
2026-08-18 12:09:25,8500.0,8521.75,Put DEX 2,DEX,-102.121,7503.030825632136,9247.53823016938
2026-08-18 12:10:18,7000.0,7018.5,Call DEX 1,DEX,558.0,7501.510328830392,9250.73046460627
2026-08-18 12:10:18,7000.0,7018.5,Put GEX 2,GEX,-675913.887,7501.510328830392,9250.73046460627
2026-08-18 12:10:18,7000.0,7018.5,Call VEX 1,VEX,6794666.587,7501.510328830392,9250.73046460627
2026-08-18 12:10:18,7300.0,7319.25,Call VEX 5,VEX,1992779.244,7501.510328830392,9250.73046460627
2026-08-18 12:10:18,7400.0,7419.5,Call VEX 4,VEX,2467397.359,7501.510328830392,9250.73046460627
2026-08-18 12:10:18,7450.0,7469.5,Call DEX 4,DEX,336.813,7501.510328830392,9250.73046460627
2026-08-18 12:10:18,7500.0,7519.75,Call CEX 4,CEX,1815143.074,7501.510328830392,9250.73046460627
2026-08-18 12:10:18,7500.0,7519.75,Call DEX 2,DEX,541.973,7501.510328830392,9250.73046460627
2026-08-18 12:10:18,7500.0,7519.75,Put GEX 5,GEX,-366135.744,7501.510328830392,9250.73046460627
2026-08-18 12:10:18,7500.0,7519.75,Call VEX 2,VEX,3638079.603,7501.510328830392,9250.73046460627
2026-08-18 12:10:18,7550.0,7569.75,Call DEX 5,DEX,288.74,7501.510328830392,9250.73046460627
2026-08-18 12:10:18,7600.0,7620.0,Call CEX 2,CEX,2060267.521,7501.510328830392,9250.73046460627
2026-08-18 12:10:18,7600.0,7620.0,Call DEX 3,DEX,437.726,7501.510328830392,9250.73046460627
2026-08-18 12:10:18,7600.0,7620.0,Call VEX 3,VEX,2599005.037,7501.510328830392,9250.73046460627
2026-08-18 12:10:18,7635.0,7655.0,Call CEX 3,CEX,2004732.332,7501.510328830392,9250.73046460627
2026-08-18 12:10:18,7650.0,7670.0,Call CEX 1,CEX,2301867.677,7501.510328830392,9250.73046460627
2026-08-18 12:10:18,7690.0,7710.25,Call CEX 5,CEX,1647785.275,7501.510328830392,9250.73046460627
2026-08-18 12:10:18,7690.0,7710.25,Put GEX 4,GEX,-374181.631,7501.510328830392,9250.73046460627
2026-08-18 12:10:18,7695.0,7715.25,Put GEX 3,GEX,-474130.56,7501.510328830392,9250.73046460627
2026-08-18 12:10:18,7700.0,7720.25,Put CEX 2,CEX,-2497971.444,7501.510328830392,9250.73046460627
2026-08-18 12:10:18,7700.0,7720.25,Put GEX 1,GEX,-1132990.536,7501.510328830392,9250.73046460627
2026-08-18 12:10:18,7705.0,7725.25,Put CEX 5,CEX,-1297565.623,7501.510328830392,9250.73046460627
2026-08-18 12:10:18,7720.0,7740.25,Put DEX 5,DEX,-37.261,7501.510328830392,9250.73046460627
2026-08-18 12:10:18,7735.0,7755.25,Put DEX 4,DEX,-44.316,7501.510328830392,9250.73046460627
2026-08-18 12:10:18,7750.0,7770.25,Put CEX 3,CEX,-2109349.172,7501.510328830392,9250.73046460627
2026-08-18 12:10:18,7750.0,7770.25,Call GEX 4,GEX,291868.055,7501.510328830392,9250.73046460627
2026-08-18 12:10:18,7750.0,7770.25,Put VEX 5,VEX,-687271.119,7501.510328830392,9250.73046460627
2026-08-18 12:10:18,7775.0,7795.5,Call GEX 5,GEX,253222.51,7501.510328830392,9250.73046460627
2026-08-18 12:10:18,7800.0,7820.5,Put CEX 4,CEX,-1741873.086,7501.510328830392,9250.73046460627
2026-08-18 12:10:18,7800.0,7820.5,Put DEX 3,DEX,-55.867,7501.510328830392,9250.73046460627
2026-08-18 12:10:18,7800.0,7820.5,Call GEX 2,GEX,519612.885,7501.510328830392,9250.73046460627
2026-08-18 12:10:18,7800.0,7820.5,Put VEX 3,VEX,-1217835.23,7501.510328830392,9250.73046460627
2026-08-18 12:10:18,7850.0,7870.5,Call GEX 3,GEX,300177.916,7501.510328830392,9250.73046460627
2026-08-18 12:10:18,7900.0,7920.75,Call GEX 1,GEX,692667.881,7501.510328830392,9250.73046460627
2026-08-18 12:10:18,7900.0,7920.75,Put VEX 2,VEX,-1221563.909,7501.510328830392,9250.73046460627
2026-08-18 12:10:18,8000.0,8021.0,Put CEX 1,CEX,-4589839.799,7501.510328830392,9250.73046460627
2026-08-18 12:10:18,8000.0,8021.0,Put DEX 1,DEX,-2637.157,7501.510328830392,9250.73046460627
2026-08-18 12:10:18,8000.0,8021.0,Put VEX 1,VEX,-11734333.477,7501.510328830392,9250.73046460627
2026-08-18 12:10:18,8200.0,8221.5,Put VEX 4,VEX,-775078.182,7501.510328830392,9250.73046460627
2026-08-18 12:10:18,8500.0,8522.25,Put DEX 2,DEX,-102.679,7501.510328830392,9250.73046460627
2026-08-18 12:11:09,7000.0,7018.25,Call DEX 1,DEX,558.736,7501.581714828145,9249.032732575128
2026-08-18 12:11:09,7000.0,7018.25,Put GEX 2,GEX,-676089.177,7501.581714828145,9249.032732575128
2026-08-18 12:11:09,7000.0,7018.25,Call VEX 1,VEX,6786376.986,7501.581714828145,9249.032732575128
2026-08-18 12:11:09,7300.0,7319.0,Call VEX 5,VEX,1988342.634,7501.581714828145,9249.032732575128
2026-08-18 12:11:09,7400.0,7419.25,Call VEX 4,VEX,2462448.615,7501.581714828145,9249.032732575128
2026-08-18 12:11:09,7450.0,7469.5,Call DEX 4,DEX,338.506,7501.581714828145,9249.032732575128
2026-08-18 12:11:09,7500.0,7519.5,Call CEX 4,CEX,1716945.038,7501.581714828145,9249.032732575128
2026-08-18 12:11:09,7500.0,7519.5,Call DEX 2,DEX,543.454,7501.581714828145,9249.032732575128
2026-08-18 12:11:09,7500.0,7519.5,Put GEX 4,GEX,-390431.299,7501.581714828145,9249.032732575128
2026-08-18 12:11:09,7500.0,7519.5,Call VEX 2,VEX,3589593.731,7501.581714828145,9249.032732575128
2026-08-18 12:11:09,7550.0,7569.75,Call DEX 5,DEX,288.141,7501.581714828145,9249.032732575128
2026-08-18 12:11:09,7600.0,7619.75,Call CEX 2,CEX,2055894.42,7501.581714828145,9249.032732575128
2026-08-18 12:11:09,7600.0,7619.75,Call DEX 3,DEX,440.21,7501.581714828145,9249.032732575128
2026-08-18 12:11:09,7600.0,7619.75,Call VEX 3,VEX,2602817.518,7501.581714828145,9249.032732575128
2026-08-18 12:11:09,7635.0,7655.0,Call CEX 3,CEX,2006805.517,7501.581714828145,9249.032732575128
2026-08-18 12:11:09,7650.0,7670.0,Call CEX 1,CEX,2308931.198,7501.581714828145,9249.032732575128
2026-08-18 12:11:09,7690.0,7710.0,Call CEX 5,CEX,1685958.043,7501.581714828145,9249.032732575128
2026-08-18 12:11:09,7690.0,7710.0,Put GEX 5,GEX,-357747.133,7501.581714828145,9249.032732575128
2026-08-18 12:11:09,7695.0,7715.0,Put GEX 3,GEX,-459774.604,7501.581714828145,9249.032732575128
2026-08-18 12:11:09,7700.0,7720.0,Put CEX 3,CEX,-1933243.057,7501.581714828145,9249.032732575128
2026-08-18 12:11:09,7700.0,7720.0,Put GEX 1,GEX,-1130725.828,7501.581714828145,9249.032732575128
2026-08-18 12:11:09,7705.0,7725.25,Put CEX 5,CEX,-1387739.954,7501.581714828145,9249.032732575128
2026-08-18 12:11:09,7720.0,7740.25,Put DEX 5,DEX,-36.833,7501.581714828145,9249.032732575128
2026-08-18 12:11:09,7735.0,7755.25,Put DEX 4,DEX,-43.711,7501.581714828145,9249.032732575128
2026-08-18 12:11:09,7750.0,7770.25,Put CEX 2,CEX,-1934178.724,7501.581714828145,9249.032732575128
2026-08-18 12:11:09,7750.0,7770.25,Call GEX 4,GEX,287760.551,7501.581714828145,9249.032732575128
2026-08-18 12:11:09,7750.0,7770.25,Put VEX 5,VEX,-678885.518,7501.581714828145,9249.032732575128
2026-08-18 12:11:09,7775.0,7795.25,Call GEX 5,GEX,254068.847,7501.581714828145,9249.032732575128
2026-08-18 12:11:09,7800.0,7820.5,Put CEX 4,CEX,-1765759.289,7501.581714828145,9249.032732575128
2026-08-18 12:11:09,7800.0,7820.5,Put DEX 3,DEX,-53.888,7501.581714828145,9249.032732575128
2026-08-18 12:11:09,7800.0,7820.5,Call GEX 2,GEX,513442.578,7501.581714828145,9249.032732575128
2026-08-18 12:11:09,7800.0,7820.5,Put VEX 2,VEX,-1221345.113,7501.581714828145,9249.032732575128
2026-08-18 12:11:09,7850.0,7870.5,Call GEX 3,GEX,300547.093,7501.581714828145,9249.032732575128
2026-08-18 12:11:09,7900.0,7920.75,Call GEX 1,GEX,693834.724,7501.581714828145,9249.032732575128
2026-08-18 12:11:09,7900.0,7920.75,Put VEX 3,VEX,-1221222.758,7501.581714828145,9249.032732575128
2026-08-18 12:11:09,8000.0,8021.0,Put CEX 1,CEX,-4670690.061,7501.581714828145,9249.032732575128
2026-08-18 12:11:09,8000.0,8021.0,Put DEX 1,DEX,-2631.817,7501.581714828145,9249.032732575128
2026-08-18 12:11:09,8000.0,8021.0,Put VEX 1,VEX,-11765911.368,7501.581714828145,9249.032732575128
2026-08-18 12:11:09,8200.0,8221.5,Put VEX 4,VEX,-776929.958,7501.581714828145,9249.032732575128
2026-08-18 12:11:09,8500.0,8522.25,Put DEX 2,DEX,-102.522,7501.581714828145,9249.032732575128
2026-08-18 12:12:00,7000.0,7018.25,Call DEX 1,DEX,560.39,7501.748892268449,9250.938535991949
2026-08-18 12:12:00,7000.0,7018.25,Put GEX 2,GEX,-683653.175,7501.748892268449,9250.938535991949
2026-08-18 12:12:00,7000.0,7018.25,Call VEX 1,VEX,6741355.577,7501.748892268449,9250.938535991949
2026-08-18 12:12:00,7300.0,7319.0,Call VEX 5,VEX,1983928.28,7501.748892268449,9250.938535991949
2026-08-18 12:12:00,7400.0,7419.5,Call VEX 4,VEX,2460852.891,7501.748892268449,9250.938535991949
2026-08-18 12:12:00,7450.0,7469.5,Call DEX 4,DEX,337.9,7501.748892268449,9250.938535991949
2026-08-18 12:12:00,7500.0,7519.75,Call CEX 4,CEX,1813621.171,7501.748892268449,9250.938535991949
2026-08-18 12:12:00,7500.0,7519.75,Call DEX 2,DEX,542.358,7501.748892268449,9250.938535991949
2026-08-18 12:12:00,7500.0,7519.75,Put GEX 5,GEX,-364635.276,7501.748892268449,9250.938535991949
2026-08-18 12:12:00,7500.0,7519.75,Call VEX 2,VEX,3640179.722,7501.748892268449,9250.938535991949
2026-08-18 12:12:00,7550.0,7569.75,Call DEX 5,DEX,289.794,7501.748892268449,9250.938535991949
2026-08-18 12:12:00,7600.0,7620.0,Call CEX 2,CEX,2068589.37,7501.748892268449,9250.938535991949
2026-08-18 12:12:00,7600.0,7620.0,Call DEX 3,DEX,438.638,7501.748892268449,9250.938535991949
2026-08-18 12:12:00,7600.0,7620.0,Call VEX 3,VEX,2600643.328,7501.748892268449,9250.938535991949
2026-08-18 12:12:00,7635.0,7655.0,Call CEX 3,CEX,2029792.042,7501.748892268449,9250.938535991949
2026-08-18 12:12:00,7650.0,7670.0,Call CEX 1,CEX,2321429.343,7501.748892268449,9250.938535991949
2026-08-18 12:12:00,7690.0,7710.25,Call CEX 5,CEX,1680310.744,7501.748892268449,9250.938535991949
2026-08-18 12:12:00,7690.0,7710.25,Put GEX 4,GEX,-372889.23,7501.748892268449,9250.938535991949
2026-08-18 12:12:00,7695.0,7715.25,Put GEX 3,GEX,-476297.385,7501.748892268449,9250.938535991949
2026-08-18 12:12:00,7700.0,7720.25,Put CEX 2,CEX,-2538431.598,7501.748892268449,9250.938535991949
2026-08-18 12:12:00,7700.0,7720.25,Put GEX 1,GEX,-1158384.796,7501.748892268449,9250.938535991949
2026-08-18 12:12:00,7705.0,7725.25,Put CEX 5,CEX,-1315814.96,7501.748892268449,9250.938535991949
2026-08-18 12:12:00,7720.0,7740.25,Put DEX 5,DEX,-37.177,7501.748892268449,9250.938535991949
2026-08-18 12:12:00,7735.0,7755.25,Put DEX 4,DEX,-44.148,7501.748892268449,9250.938535991949
2026-08-18 12:12:00,7750.0,7770.25,Put CEX 3,CEX,-1934264.984,7501.748892268449,9250.938535991949
2026-08-18 12:12:00,7750.0,7770.25,Call GEX 4,GEX,289868.456,7501.748892268449,9250.938535991949
2026-08-18 12:12:00,7750.0,7770.25,Put VEX 5,VEX,-684325.286,7501.748892268449,9250.938535991949
2026-08-18 12:12:00,7775.0,7795.25,Call GEX 5,GEX,253830.609,7501.748892268449,9250.938535991949
2026-08-18 12:12:00,7800.0,7820.5,Put CEX 4,CEX,-1758373.063,7501.748892268449,9250.938535991949
2026-08-18 12:12:00,7800.0,7820.5,Put DEX 3,DEX,-55.371,7501.748892268449,9250.938535991949
2026-08-18 12:12:00,7800.0,7820.5,Call GEX 2,GEX,518613.884,7501.748892268449,9250.938535991949
2026-08-18 12:12:00,7800.0,7820.5,Put VEX 2,VEX,-1222319.615,7501.748892268449,9250.938535991949
2026-08-18 12:12:00,7850.0,7870.5,Call GEX 3,GEX,300654.33,7501.748892268449,9250.938535991949
2026-08-18 12:12:00,7900.0,7920.75,Call GEX 1,GEX,693405.074,7501.748892268449,9250.938535991949
2026-08-18 12:12:00,7900.0,7920.75,Put VEX 3,VEX,-1222206.832,7501.748892268449,9250.938535991949
2026-08-18 12:12:00,8000.0,8021.0,Put CEX 1,CEX,-4708345.954,7501.748892268449,9250.938535991949
2026-08-18 12:12:00,8000.0,8021.0,Put DEX 1,DEX,-2631.529,7501.748892268449,9250.938535991949
2026-08-18 12:12:00,8000.0,8021.0,Put VEX 1,VEX,-11777949.405,7501.748892268449,9250.938535991949
2026-08-18 12:12:00,8200.0,8221.5,Put VEX 4,VEX,-775446.093,7501.748892268449,9250.938535991949
2026-08-18 12:12:00,8500.0,8522.25,Put DEX 2,DEX,-102.564,7501.748892268449,9250.938535991949
2026-08-18 12:12:50,7000.0,7018.0,Call DEX 1,DEX,556.34,7502.697003664053,9250.964215122012
2026-08-18 12:12:50,7000.0,7018.0,Put GEX 2,GEX,-678508.728,7502.697003664053,9250.964215122012
2026-08-18 12:12:50,7000.0,7018.0,Call VEX 1,VEX,6807892.502,7502.697003664053,9250.964215122012
2026-08-18 12:12:50,7300.0,7319.0,Call DEX 5,DEX,293.881,7502.697003664053,9250.964215122012
2026-08-18 12:12:50,7300.0,7319.0,Call VEX 5,VEX,2010913.239,7502.697003664053,9250.964215122012
2026-08-18 12:12:50,7400.0,7419.25,Call VEX 4,VEX,2462934.496,7502.697003664053,9250.964215122012
2026-08-18 12:12:50,7450.0,7469.25,Call DEX 4,DEX,336.528,7502.697003664053,9250.964215122012
2026-08-18 12:12:50,7500.0,7519.5,Call CEX 4,CEX,1789777.668,7502.697003664053,9250.964215122012
2026-08-18 12:12:50,7500.0,7519.5,Call DEX 2,DEX,540.623,7502.697003664053,9250.964215122012
2026-08-18 12:12:50,7500.0,7519.5,Put GEX 5,GEX,-378909.615,7502.697003664053,9250.964215122012
2026-08-18 12:12:50,7500.0,7519.5,Call VEX 2,VEX,3620355.722,7502.697003664053,9250.964215122012
2026-08-18 12:12:50,7600.0,7619.75,Call CEX 3,CEX,2038339.529,7502.697003664053,9250.964215122012
2026-08-18 12:12:50,7600.0,7619.75,Call DEX 3,DEX,434.507,7502.697003664053,9250.964215122012
2026-08-18 12:12:50,7600.0,7619.75,Call VEX 3,VEX,2583510.749,7502.697003664053,9250.964215122012
2026-08-18 12:12:50,7635.0,7654.75,Call CEX 1,CEX,3081056.364,7502.697003664053,9250.964215122012
2026-08-18 12:12:50,7650.0,7669.75,Call CEX 2,CEX,2324111.316,7502.697003664053,9250.964215122012
2026-08-18 12:12:50,7675.0,7694.75,Call CEX 5,CEX,1656135.761,7502.697003664053,9250.964215122012
2026-08-18 12:12:50,7690.0,7710.0,Put GEX 4,GEX,-409319.28,7502.697003664053,9250.964215122012
2026-08-18 12:12:50,7695.0,7715.0,Put GEX 3,GEX,-494203.005,7502.697003664053,9250.964215122012
2026-08-18 12:12:50,7700.0,7720.0,Put CEX 2,CEX,-3692116.379,7502.697003664053,9250.964215122012
2026-08-18 12:12:50,7700.0,7720.0,Put GEX 1,GEX,-1005102.885,7502.697003664053,9250.964215122012
2026-08-18 12:12:50,7705.0,7725.0,Put CEX 5,CEX,-1155720.56,7502.697003664053,9250.964215122012
2026-08-18 12:12:50,7720.0,7740.0,Put DEX 5,DEX,-38.052,7502.697003664053,9250.964215122012
2026-08-18 12:12:50,7735.0,7755.0,Put DEX 4,DEX,-44.771,7502.697003664053,9250.964215122012
2026-08-18 12:12:50,7750.0,7770.0,Put CEX 3,CEX,-1939606.247,7502.697003664053,9250.964215122012
2026-08-18 12:12:50,7750.0,7770.0,Call GEX 4,GEX,289208.856,7502.697003664053,9250.964215122012
2026-08-18 12:12:50,7750.0,7770.0,Put VEX 5,VEX,-700335.919,7502.697003664053,9250.964215122012
2026-08-18 12:12:50,7775.0,7795.0,Call GEX 5,GEX,247025.668,7502.697003664053,9250.964215122012
2026-08-18 12:12:50,7800.0,7820.25,Put CEX 4,CEX,-1757853.79,7502.697003664053,9250.964215122012
2026-08-18 12:12:50,7800.0,7820.25,Put DEX 3,DEX,-57.409,7502.697003664053,9250.964215122012
2026-08-18 12:12:50,7800.0,7820.25,Call GEX 2,GEX,506504.446,7502.697003664053,9250.964215122012
2026-08-18 12:12:50,7800.0,7820.25,Put VEX 2,VEX,-1235407.212,7502.697003664053,9250.964215122012
2026-08-18 12:12:50,7850.0,7870.25,Call GEX 3,GEX,297850.498,7502.697003664053,9250.964215122012
2026-08-18 12:12:50,7900.0,7920.5,Call GEX 1,GEX,688084.031,7502.697003664053,9250.964215122012
2026-08-18 12:12:50,7900.0,7920.5,Put VEX 3,VEX,-1224090.392,7502.697003664053,9250.964215122012
2026-08-18 12:12:50,8000.0,8020.75,Put CEX 1,CEX,-4848632.055,7502.697003664053,9250.964215122012
2026-08-18 12:12:50,8000.0,8020.75,Put DEX 1,DEX,-2635.873,7502.697003664053,9250.964215122012
2026-08-18 12:12:50,8000.0,8020.75,Put VEX 1,VEX,-11856024.554,7502.697003664053,9250.964215122012
2026-08-18 12:12:50,8200.0,8221.25,Put VEX 4,VEX,-775314.148,7502.697003664053,9250.964215122012
2026-08-18 12:12:50,8500.0,8522.0,Put DEX 2,DEX,-102.405,7502.697003664053,9250.964215122012
2026-08-18 12:13:40,7000.0,7018.5,Call DEX 1,DEX,554.487,7501.689801162333,9251.681302775754
2026-08-18 12:13:40,7000.0,7018.5,Put GEX 2,GEX,-677814.814,7501.689801162333,9251.681302775754
2026-08-18 12:13:40,7000.0,7018.5,Call VEX 1,VEX,6832144.867,7501.689801162333,9251.681302775754
2026-08-18 12:13:40,7300.0,7319.25,Call DEX 5,DEX,292.87,7501.689801162333,9251.681302775754
2026-08-18 12:13:40,7300.0,7319.25,Call VEX 5,VEX,2023359.892,7501.689801162333,9251.681302775754
2026-08-18 12:13:40,7400.0,7419.5,Call VEX 4,VEX,2470274.227,7501.689801162333,9251.681302775754
2026-08-18 12:13:40,7450.0,7469.75,Call DEX 4,DEX,336.705,7501.689801162333,9251.681302775754
2026-08-18 12:13:40,7500.0,7519.75,Call CEX 4,CEX,1790107.364,7501.689801162333,9251.681302775754
2026-08-18 12:13:40,7500.0,7519.75,Call DEX 2,DEX,539.785,7501.689801162333,9251.681302775754
2026-08-18 12:13:40,7500.0,7519.75,Put GEX 5,GEX,-384116.507,7501.689801162333,9251.681302775754
2026-08-18 12:13:40,7500.0,7519.75,Call VEX 2,VEX,3612314.391,7501.689801162333,9251.681302775754
2026-08-18 12:13:40,7600.0,7620.0,Call CEX 3,CEX,2083363.393,7501.689801162333,9251.681302775754
2026-08-18 12:13:40,7600.0,7620.0,Call DEX 3,DEX,431.965,7501.689801162333,9251.681302775754
2026-08-18 12:13:40,7600.0,7620.0,Call VEX 3,VEX,2583761.892,7501.689801162333,9251.681302775754
2026-08-18 12:13:40,7635.0,7655.25,Call CEX 1,CEX,3114496.498,7501.689801162333,9251.681302775754
2026-08-18 12:13:40,7650.0,7670.25,Call CEX 2,CEX,2352489.713,7501.689801162333,9251.681302775754
2026-08-18 12:13:40,7675.0,7695.25,Call CEX 5,CEX,1677636.265,7501.689801162333,9251.681302775754
2026-08-18 12:13:40,7690.0,7710.25,Put GEX 4,GEX,-420063.057,7501.689801162333,9251.681302775754
2026-08-18 12:13:40,7695.0,7715.25,Put GEX 3,GEX,-506945.187,7501.689801162333,9251.681302775754
2026-08-18 12:13:40,7700.0,7720.25,Put CEX 2,CEX,-4098721.727,7501.689801162333,9251.681302775754
2026-08-18 12:13:40,7700.0,7720.25,Put GEX 1,GEX,-1026070.548,7501.689801162333,9251.681302775754
2026-08-18 12:13:40,7720.0,7740.25,Put DEX 5,DEX,-38.445,7501.689801162333,9251.681302775754
2026-08-18 12:13:40,7725.0,7745.5,Put CEX 5,CEX,-941928.763,7501.689801162333,9251.681302775754
2026-08-18 12:13:40,7735.0,7755.5,Put DEX 4,DEX,-45.111,7501.689801162333,9251.681302775754
2026-08-18 12:13:40,7750.0,7770.5,Put CEX 3,CEX,-1930695.496,7501.689801162333,9251.681302775754
2026-08-18 12:13:40,7750.0,7770.5,Call GEX 4,GEX,287574.904,7501.689801162333,9251.681302775754
2026-08-18 12:13:40,7750.0,7770.5,Put VEX 5,VEX,-702417.236,7501.689801162333,9251.681302775754
2026-08-18 12:13:40,7775.0,7795.5,Call GEX 5,GEX,246194.899,7501.689801162333,9251.681302775754
2026-08-18 12:13:40,7800.0,7820.5,Put CEX 4,CEX,-1741516.681,7501.689801162333,9251.681302775754
2026-08-18 12:13:40,7800.0,7820.5,Put DEX 3,DEX,-58.634,7501.689801162333,9251.681302775754
2026-08-18 12:13:40,7800.0,7820.5,Call GEX 2,GEX,510222.479,7501.689801162333,9251.681302775754
2026-08-18 12:13:40,7800.0,7820.5,Put VEX 2,VEX,-1230997.17,7501.689801162333,9251.681302775754
2026-08-18 12:13:40,7850.0,7870.75,Call GEX 3,GEX,296836.554,7501.689801162333,9251.681302775754
2026-08-18 12:13:40,7900.0,7920.75,Call GEX 1,GEX,686190.693,7501.689801162333,9251.681302775754
2026-08-18 12:13:40,7900.0,7920.75,Put VEX 3,VEX,-1224100.762,7501.689801162333,9251.681302775754
2026-08-18 12:13:40,8000.0,8021.0,Put CEX 1,CEX,-4700280.411,7501.689801162333,9251.681302775754
2026-08-18 12:13:40,8000.0,8021.0,Put DEX 1,DEX,-2642.179,7501.689801162333,9251.681302775754
2026-08-18 12:13:40,8000.0,8021.0,Put VEX 1,VEX,-11786714.071,7501.689801162333,9251.681302775754
2026-08-18 12:13:40,8200.0,8221.75,Put VEX 4,VEX,-775520.858,7501.689801162333,9251.681302775754
2026-08-18 12:13:40,8500.0,8522.5,Put DEX 2,DEX,-102.567,7501.689801162333,9251.681302775754
2026-08-18 12:14:31,7000.0,7018.5,Call DEX 1,DEX,558.119,7502.4267823921,9251.0531639858
2026-08-18 12:14:31,7000.0,7018.5,Put GEX 2,GEX,-686424.807,7502.4267823921,9251.0531639858
2026-08-18 12:14:31,7000.0,7018.5,Call VEX 1,VEX,6759161.292,7502.4267823921,9251.0531639858
2026-08-18 12:14:31,7300.0,7319.25,Call DEX 5,DEX,294.056,7502.4267823921,9251.0531639858
2026-08-18 12:14:31,7300.0,7319.25,Call VEX 5,VEX,2009267.118,7502.4267823921,9251.0531639858
2026-08-18 12:14:31,7400.0,7419.5,Call VEX 4,VEX,2465452.489,7502.4267823921,9251.0531639858
2026-08-18 12:14:31,7450.0,7469.75,Call DEX 4,DEX,336.936,7502.4267823921,9251.0531639858
2026-08-18 12:14:31,7500.0,7519.75,Call CEX 4,CEX,1797816.629,7502.4267823921,9251.0531639858
2026-08-18 12:14:31,7500.0,7519.75,Call DEX 2,DEX,540.086,7502.4267823921,9251.0531639858
2026-08-18 12:14:31,7500.0,7519.75,Put GEX 5,GEX,-376082.008,7502.4267823921,9251.0531639858
2026-08-18 12:14:31,7500.0,7519.75,Call VEX 2,VEX,3624434.046,7502.4267823921,9251.0531639858
2026-08-18 12:14:31,7600.0,7620.0,Call CEX 3,CEX,2060200.811,7502.4267823921,9251.0531639858
2026-08-18 12:14:31,7600.0,7620.0,Call DEX 3,DEX,434.51,7502.4267823921,9251.0531639858
2026-08-18 12:14:31,7600.0,7620.0,Call VEX 3,VEX,2586355.95,7502.4267823921,9251.0531639858
2026-08-18 12:14:31,7635.0,7655.25,Call CEX 2,CEX,2091911.923,7502.4267823921,9251.0531639858
2026-08-18 12:14:31,7650.0,7670.25,Call CEX 1,CEX,2349461.798,7502.4267823921,9251.0531639858
2026-08-18 12:14:31,7685.0,7705.25,Call CEX 5,CEX,1644254.61,7502.4267823921,9251.0531639858
2026-08-18 12:14:31,7690.0,7710.25,Put GEX 4,GEX,-406641.341,7502.4267823921,9251.0531639858
2026-08-18 12:14:31,7695.0,7715.25,Put GEX 3,GEX,-496223.301,7502.4267823921,9251.0531639858
2026-08-18 12:14:31,7700.0,7720.25,Put CEX 2,CEX,-3672636.055,7502.4267823921,9251.0531639858
2026-08-18 12:14:31,7700.0,7720.25,Put GEX 1,GEX,-1019580.16,7502.4267823921,9251.0531639858
2026-08-18 12:14:31,7705.0,7725.25,Put CEX 5,CEX,-1206540.581,7502.4267823921,9251.0531639858
2026-08-18 12:14:31,7720.0,7740.25,Put DEX 5,DEX,-37.923,7502.4267823921,9251.0531639858
2026-08-18 12:14:31,7735.0,7755.5,Put DEX 4,DEX,-44.684,7502.4267823921,9251.0531639858
2026-08-18 12:14:31,7750.0,7770.5,Put CEX 3,CEX,-1941222.064,7502.4267823921,9251.0531639858
2026-08-18 12:14:31,7750.0,7770.5,Call GEX 4,GEX,288661.12,7502.4267823921,9251.0531639858
2026-08-18 12:14:31,7750.0,7770.5,Put VEX 5,VEX,-697976.188,7502.4267823921,9251.0531639858
2026-08-18 12:14:31,7775.0,7795.5,Call GEX 5,GEX,248534.224,7502.4267823921,9251.0531639858
2026-08-18 12:14:31,7800.0,7820.5,Put CEX 4,CEX,-1767959.308,7502.4267823921,9251.0531639858
2026-08-18 12:14:31,7800.0,7820.5,Put DEX 3,DEX,-56.766,7502.4267823921,9251.0531639858
2026-08-18 12:14:31,7800.0,7820.5,Call GEX 2,GEX,506987.958,7502.4267823921,9251.0531639858
2026-08-18 12:14:31,7800.0,7820.5,Put VEX 2,VEX,-1236208.217,7502.4267823921,9251.0531639858
2026-08-18 12:14:31,7850.0,7870.75,Call GEX 3,GEX,298104.034,7502.4267823921,9251.0531639858
2026-08-18 12:14:31,7900.0,7920.75,Call GEX 1,GEX,688757.647,7502.4267823921,9251.0531639858
2026-08-18 12:14:31,7900.0,7920.75,Put VEX 3,VEX,-1225406.034,7502.4267823921,9251.0531639858
2026-08-18 12:14:31,8000.0,8021.0,Put CEX 1,CEX,-4865188.441,7502.4267823921,9251.0531639858
2026-08-18 12:14:31,8000.0,8021.0,Put DEX 1,DEX,-2634.004,7502.4267823921,9251.0531639858
2026-08-18 12:14:31,8000.0,8021.0,Put VEX 1,VEX,-11861587.723,7502.4267823921,9251.0531639858
2026-08-18 12:14:31,8200.0,8221.5,Put VEX 4,VEX,-775933.737,7502.4267823921,9251.0531639858
2026-08-18 12:14:31,8500.0,8522.5,Put DEX 2,DEX,-102.437,7502.4267823921,9251.0531639858
2026-08-18 12:15:21,7000.0,7018.25,Call DEX 1,DEX,556.64,7501.740886351067,9251.014124872056
2026-08-18 12:15:21,7000.0,7018.25,Put GEX 2,GEX,-683017.267,7501.740886351067,9251.014124872056
2026-08-18 12:15:21,7000.0,7018.25,Call VEX 1,VEX,6788356.863,7501.740886351067,9251.014124872056
2026-08-18 12:15:21,7300.0,7319.0,Call DEX 4,DEX,293.936,7501.740886351067,9251.014124872056
2026-08-18 12:15:21,7300.0,7319.0,Call VEX 5,VEX,2007233.318,7501.740886351067,9251.014124872056
2026-08-18 12:15:21,7400.0,7419.25,Call VEX 4,VEX,2464856.922,7501.740886351067,9251.014124872056
2026-08-18 12:15:21,7500.0,7519.5,Call CEX 4,CEX,1673577.111,7501.740886351067,9251.014124872056
2026-08-18 12:15:21,7500.0,7519.5,Call DEX 2,DEX,541.98,7501.740886351067,9251.014124872056
2026-08-18 12:15:21,7500.0,7519.5,Put GEX 5,GEX,-411565.996,7501.740886351067,9251.014124872056
2026-08-18 12:15:21,7500.0,7519.5,Call VEX 2,VEX,3551486.025,7501.740886351067,9251.014124872056
2026-08-18 12:15:21,7550.0,7569.5,Call DEX 5,DEX,285.906,7501.740886351067,9251.014124872056
2026-08-18 12:15:21,7600.0,7619.75,Call CEX 3,CEX,2067264.985,7501.740886351067,9251.014124872056
2026-08-18 12:15:21,7600.0,7619.75,Call DEX 3,DEX,433.497,7501.740886351067,9251.014124872056
2026-08-18 12:15:21,7600.0,7619.75,Call VEX 3,VEX,2584198.181,7501.740886351067,9251.014124872056
2026-08-18 12:15:21,7635.0,7654.75,Call CEX 2,CEX,2110825.052,7501.740886351067,9251.014124872056
2026-08-18 12:15:21,7650.0,7669.75,Call CEX 1,CEX,2368235.678,7501.740886351067,9251.014124872056
2026-08-18 12:15:21,7685.0,7705.0,Call CEX 5,CEX,1649536.635,7501.740886351067,9251.014124872056
2026-08-18 12:15:21,7690.0,7710.0,Put GEX 4,GEX,-417123.474,7501.740886351067,9251.014124872056
2026-08-18 12:15:21,7695.0,7715.0,Put GEX 3,GEX,-511438.916,7501.740886351067,9251.014124872056
2026-08-18 12:15:21,7700.0,7720.0,Put CEX 2,CEX,-3967908.199,7501.740886351067,9251.014124872056
2026-08-18 12:15:21,7700.0,7720.0,Put GEX 1,GEX,-1051490.711,7501.740886351067,9251.014124872056
2026-08-18 12:15:21,7720.0,7740.0,Put DEX 5,DEX,-38.066,7501.740886351067,9251.014124872056
2026-08-18 12:15:21,7735.0,7755.0,Put DEX 4,DEX,-44.704,7501.740886351067,9251.014124872056
2026-08-18 12:15:21,7750.0,7770.0,Put CEX 3,CEX,-1942829.462,7501.740886351067,9251.014124872056
2026-08-18 12:15:21,7750.0,7770.0,Call GEX 4,GEX,287543.808,7501.740886351067,9251.014124872056
2026-08-18 12:15:21,7750.0,7770.0,Put VEX 5,VEX,-700115.117,7501.740886351067,9251.014124872056
2026-08-18 12:15:21,7775.0,7795.25,Call GEX 5,GEX,246629.906,7501.740886351067,9251.014124872056
2026-08-18 12:15:21,7800.0,7820.25,Put CEX 4,CEX,-1766855.166,7501.740886351067,9251.014124872056
2026-08-18 12:15:21,7800.0,7820.25,Put DEX 3,DEX,-57.227,7501.740886351067,9251.014124872056
2026-08-18 12:15:21,7800.0,7820.25,Call GEX 2,GEX,506492.838,7501.740886351067,9251.014124872056
2026-08-18 12:15:21,7800.0,7820.25,Put VEX 2,VEX,-1236138.542,7501.740886351067,9251.014124872056
2026-08-18 12:15:21,7850.0,7870.5,Call GEX 3,GEX,297679.315,7501.740886351067,9251.014124872056
2026-08-18 12:15:21,7900.0,7920.5,Put CEX 5,CEX,-942200.636,7501.740886351067,9251.014124872056
2026-08-18 12:15:21,7900.0,7920.5,Call GEX 1,GEX,687588.532,7501.740886351067,9251.014124872056
2026-08-18 12:15:21,7900.0,7920.5,Put VEX 3,VEX,-1225805.253,7501.740886351067,9251.014124872056
2026-08-18 12:15:21,8000.0,8020.75,Put CEX 1,CEX,-4869714.048,7501.740886351067,9251.014124872056
2026-08-18 12:15:21,8000.0,8020.75,Put DEX 1,DEX,-2634.397,7501.740886351067,9251.014124872056
2026-08-18 12:15:21,8000.0,8020.75,Put VEX 1,VEX,-11865590.769,7501.740886351067,9251.014124872056
2026-08-18 12:15:21,8200.0,8221.25,Put VEX 4,VEX,-775887.488,7501.740886351067,9251.014124872056
2026-08-18 12:15:21,8500.0,8522.0,Put DEX 2,DEX,-102.392,7501.740886351067,9251.014124872056
2026-08-18 12:16:14,7000.0,7018.25,Call DEX 1,DEX,556.615,7502.374538736537,9250.932909668138
2026-08-18 12:16:14,7000.0,7018.25,Put GEX 2,GEX,-679062.73,7502.374538736537,9250.932909668138
2026-08-18 12:16:14,7000.0,7018.25,Call VEX 1,VEX,6802193.59,7502.374538736537,9250.932909668138
2026-08-18 12:16:14,7300.0,7319.0,Call VEX 5,VEX,1995211.811,7502.374538736537,9250.932909668138
2026-08-18 12:16:14,7400.0,7419.25,Call VEX 4,VEX,2467951.449,7502.374538736537,9250.932909668138
2026-08-18 12:16:14,7450.0,7469.5,Call DEX 4,DEX,336.024,7502.374538736537,9250.932909668138
2026-08-18 12:16:14,7500.0,7519.5,Call CEX 4,CEX,1825535.54,7502.374538736537,9250.932909668138
2026-08-18 12:16:14,7500.0,7519.5,Call DEX 2,DEX,539.684,7502.374538736537,9250.932909668138
2026-08-18 12:16:14,7500.0,7519.5,Put GEX 5,GEX,-370665.604,7502.374538736537,9250.932909668138
2026-08-18 12:16:14,7500.0,7519.5,Call VEX 2,VEX,3631624.193,7502.374538736537,9250.932909668138
2026-08-18 12:16:14,7550.0,7569.75,Call DEX 5,DEX,286.661,7502.374538736537,9250.932909668138
2026-08-18 12:16:14,7600.0,7619.75,Call CEX 3,CEX,2093890.593,7502.374538736537,9250.932909668138
2026-08-18 12:16:14,7600.0,7619.75,Call DEX 3,DEX,433.04,7502.374538736537,9250.932909668138
2026-08-18 12:16:14,7600.0,7619.75,Call VEX 3,VEX,2585701.291,7502.374538736537,9250.932909668138
2026-08-18 12:16:14,7635.0,7655.0,Call CEX 2,CEX,2122971.89,7502.374538736537,9250.932909668138
2026-08-18 12:16:14,7650.0,7670.0,Call CEX 1,CEX,2385753.691,7502.374538736537,9250.932909668138
2026-08-18 12:16:14,7685.0,7705.0,Call CEX 5,CEX,1650905.44,7502.374538736537,9250.932909668138
2026-08-18 12:16:14,7690.0,7710.0,Put GEX 4,GEX,-412284.022,7502.374538736537,9250.932909668138
2026-08-18 12:16:14,7695.0,7715.0,Put GEX 3,GEX,-514807.21,7502.374538736537,9250.932909668138
2026-08-18 12:16:14,7700.0,7720.0,Put CEX 2,CEX,-3867670.089,7502.374538736537,9250.932909668138
2026-08-18 12:16:14,7700.0,7720.0,Put GEX 1,GEX,-1064797.277,7502.374538736537,9250.932909668138
2026-08-18 12:16:14,7705.0,7725.0,Put CEX 5,CEX,-1029977.367,7502.374538736537,9250.932909668138
2026-08-18 12:16:14,7720.0,7740.25,Put DEX 5,DEX,-38.067,7502.374538736537,9250.932909668138
2026-08-18 12:16:14,7735.0,7755.25,Put DEX 4,DEX,-44.924,7502.374538736537,9250.932909668138
2026-08-18 12:16:14,7750.0,7770.25,Put CEX 3,CEX,-1939903.245,7502.374538736537,9250.932909668138
2026-08-18 12:16:14,7750.0,7770.25,Call GEX 4,GEX,286962.404,7502.374538736537,9250.932909668138
2026-08-18 12:16:14,7750.0,7770.25,Put VEX 5,VEX,-697961.912,7502.374538736537,9250.932909668138
2026-08-18 12:16:14,7775.0,7795.25,Call GEX 5,GEX,247509.651,7502.374538736537,9250.932909668138
2026-08-18 12:16:14,7800.0,7820.25,Put CEX 4,CEX,-1753973.124,7502.374538736537,9250.932909668138
2026-08-18 12:16:14,7800.0,7820.25,Put DEX 3,DEX,-57.729,7502.374538736537,9250.932909668138
2026-08-18 12:16:14,7800.0,7820.25,Call GEX 2,GEX,512044.655,7502.374538736537,9250.932909668138
2026-08-18 12:16:14,7800.0,7820.25,Put VEX 2,VEX,-1228638.421,7502.374538736537,9250.932909668138
2026-08-18 12:16:14,7850.0,7870.5,Call GEX 3,GEX,297945.47,7502.374538736537,9250.932909668138
2026-08-18 12:16:14,7900.0,7920.5,Call GEX 1,GEX,687937.703,7502.374538736537,9250.932909668138
2026-08-18 12:16:14,7900.0,7920.5,Put VEX 3,VEX,-1224719.913,7502.374538736537,9250.932909668138
2026-08-18 12:16:14,8000.0,8020.75,Put CEX 1,CEX,-4699615.447,7502.374538736537,9250.932909668138
2026-08-18 12:16:14,8000.0,8020.75,Put DEX 1,DEX,-2637.801,7502.374538736537,9250.932909668138
2026-08-18 12:16:14,8000.0,8020.75,Put VEX 1,VEX,-11787256.394,7502.374538736537,9250.932909668138
2026-08-18 12:16:14,8200.0,8221.5,Put VEX 4,VEX,-776433.749,7502.374538736537,9250.932909668138
2026-08-18 12:16:14,8500.0,8522.25,Put DEX 2,DEX,-102.58,7502.374538736537,9250.932909668138
2026-08-18 12:17:11,7000.0,7018.75,Call DEX 1,DEX,578.665,7503.533794005759,9250.568363279355
2026-08-18 12:17:11,7000.0,7018.75,Put GEX 2,GEX,-677073.711,7503.533794005759,9250.568363279355
2026-08-18 12:17:11,7000.0,7018.75,Call VEX 1,VEX,6806546.946,7503.533794005759,9250.568363279355
2026-08-18 12:17:11,7300.0,7319.5,Call VEX 5,VEX,1998186.823,7503.533794005759,9250.568363279355
2026-08-18 12:17:11,7400.0,7419.75,Call DEX 5,DEX,331.774,7503.533794005759,9250.568363279355
2026-08-18 12:17:11,7400.0,7419.75,Call VEX 4,VEX,2511424.779,7503.533794005759,9250.568363279355
2026-08-18 12:17:11,7450.0,7470.0,Call DEX 4,DEX,335.613,7503.533794005759,9250.568363279355
2026-08-18 12:17:11,7500.0,7520.0,Call CEX 4,CEX,1878411.948,7503.533794005759,9250.568363279355
2026-08-18 12:17:11,7500.0,7520.0,Call DEX 2,DEX,539.961,7503.533794005759,9250.568363279355
2026-08-18 12:17:11,7500.0,7520.0,Put GEX 5,GEX,-356534.472,7503.533794005759,9250.568363279355
2026-08-18 12:17:11,7500.0,7520.0,Call VEX 2,VEX,3656742.807,7503.533794005759,9250.568363279355
2026-08-18 12:17:11,7600.0,7620.25,Call CEX 2,CEX,2148945.123,7503.533794005759,9250.568363279355
2026-08-18 12:17:11,7600.0,7620.25,Call DEX 3,DEX,432.997,7503.533794005759,9250.568363279355
2026-08-18 12:17:11,7600.0,7620.25,Call VEX 3,VEX,2591546.957,7503.533794005759,9250.568363279355
2026-08-18 12:17:11,7635.0,7655.5,Call CEX 3,CEX,2137410.46,7503.533794005759,9250.568363279355
2026-08-18 12:17:11,7650.0,7670.5,Call CEX 1,CEX,2414786.933,7503.533794005759,9250.568363279355
2026-08-18 12:17:11,7690.0,7710.5,Call CEX 5,CEX,1701243.701,7503.533794005759,9250.568363279355
2026-08-18 12:17:11,7690.0,7710.5,Put GEX 4,GEX,-418349.987,7503.533794005759,9250.568363279355
2026-08-18 12:17:11,7695.0,7715.5,Put GEX 3,GEX,-570081.267,7503.533794005759,9250.568363279355
2026-08-18 12:17:11,7700.0,7720.5,Put CEX 1,CEX,-4317559.506,7503.533794005759,9250.568363279355
2026-08-18 12:17:11,7700.0,7720.5,Put GEX 1,GEX,-1358887.556,7503.533794005759,9250.568363279355
2026-08-18 12:17:11,7720.0,7740.75,Put DEX 5,DEX,-38.093,7503.533794005759,9250.568363279355
2026-08-18 12:17:11,7735.0,7755.75,Put DEX 4,DEX,-45.077,7503.533794005759,9250.568363279355
2026-08-18 12:17:11,7750.0,7770.75,Put CEX 3,CEX,-1927837.243,7503.533794005759,9250.568363279355
2026-08-18 12:17:11,7750.0,7770.75,Call GEX 4,GEX,285661.267,7503.533794005759,9250.568363279355
2026-08-18 12:17:11,7750.0,7770.75,Put VEX 5,VEX,-693726.283,7503.533794005759,9250.568363279355
2026-08-18 12:17:11,7800.0,7820.75,Put CEX 4,CEX,-1708404.847,7503.533794005759,9250.568363279355
2026-08-18 12:17:11,7800.0,7820.75,Put DEX 3,DEX,-53.954,7503.533794005759,9250.568363279355
2026-08-18 12:17:11,7800.0,7820.75,Call GEX 2,GEX,527420.84,7503.533794005759,9250.568363279355
2026-08-18 12:17:11,7800.0,7820.75,Put VEX 3,VEX,-1210604.804,7503.533794005759,9250.568363279355
2026-08-18 12:17:11,7850.0,7871.0,Call GEX 3,GEX,298255.568,7503.533794005759,9250.568363279355
2026-08-18 12:17:11,7900.0,7921.0,Put CEX 5,CEX,-948440.493,7503.533794005759,9250.568363279355
2026-08-18 12:17:11,7900.0,7921.0,Call GEX 1,GEX,688574.728,7503.533794005759,9250.568363279355
2026-08-18 12:17:11,7900.0,7921.0,Put VEX 2,VEX,-1224206.085,7503.533794005759,9250.568363279355
2026-08-18 12:17:11,8000.0,8021.5,Put CEX 2,CEX,-4071111.864,7503.533794005759,9250.568363279355
2026-08-18 12:17:11,8000.0,8021.5,Put DEX 1,DEX,-2635.731,7503.533794005759,9250.568363279355
2026-08-18 12:17:11,8000.0,8021.5,Call GEX 5,GEX,276134.805,7503.533794005759,9250.568363279355
2026-08-18 12:17:11,8000.0,8021.5,Put VEX 1,VEX,-11483526.06,7503.533794005759,9250.568363279355
2026-08-18 12:17:11,8200.0,8222.0,Put VEX 4,VEX,-776764.822,7503.533794005759,9250.568363279355
2026-08-18 12:17:11,8500.0,8522.75,Put DEX 2,DEX,-103.071,7503.533794005759,9250.568363279355
2026-08-18 12:18:02,7000.0,7018.5,Call DEX 1,DEX,559.566,7502.759404664265,9248.461190674809
2026-08-18 12:18:02,7000.0,7018.5,Put GEX 2,GEX,-680683.748,7502.759404664265,9248.461190674809
2026-08-18 12:18:02,7000.0,7018.5,Call VEX 1,VEX,6760440.162,7502.759404664265,9248.461190674809
2026-08-18 12:18:02,7300.0,7319.25,Call VEX 5,VEX,1987216.134,7502.759404664265,9248.461190674809
2026-08-18 12:18:02,7400.0,7419.5,Call VEX 4,VEX,2457408.551,7502.759404664265,9248.461190674809
2026-08-18 12:18:02,7450.0,7469.5,Call DEX 4,DEX,337.109,7502.759404664265,9248.461190674809
2026-08-18 12:18:02,7500.0,7519.75,Call CEX 4,CEX,1793488.552,7502.759404664265,9248.461190674809
2026-08-18 12:18:02,7500.0,7519.75,Call DEX 2,DEX,540.061,7502.759404664265,9248.461190674809
2026-08-18 12:18:02,7500.0,7519.75,Put GEX 5,GEX,-371897.38,7502.759404664265,9248.461190674809
2026-08-18 12:18:02,7500.0,7519.75,Call VEX 2,VEX,3623444.787,7502.759404664265,9248.461190674809
2026-08-18 12:18:02,7550.0,7570.0,Call DEX 5,DEX,287.727,7502.759404664265,9248.461190674809
2026-08-18 12:18:02,7600.0,7620.0,Call CEX 3,CEX,2077186.269,7502.759404664265,9248.461190674809
2026-08-18 12:18:02,7600.0,7620.0,Call DEX 3,DEX,437.199,7502.759404664265,9248.461190674809
2026-08-18 12:18:02,7600.0,7620.0,Call VEX 3,VEX,2595816.79,7502.759404664265,9248.461190674809
2026-08-18 12:18:02,7635.0,7655.0,Call CEX 2,CEX,2132308.371,7502.759404664265,9248.461190674809
2026-08-18 12:18:02,7650.0,7670.25,Call CEX 1,CEX,2398597.832,7502.759404664265,9248.461190674809
2026-08-18 12:18:02,7690.0,7710.25,Call CEX 5,CEX,1764432.296,7502.759404664265,9248.461190674809
2026-08-18 12:18:02,7690.0,7710.25,Put GEX 4,GEX,-382750.213,7502.759404664265,9248.461190674809
2026-08-18 12:18:02,7695.0,7715.25,Put GEX 3,GEX,-494705.082,7502.759404664265,9248.461190674809
2026-08-18 12:18:02,7700.0,7720.25,Put CEX 2,CEX,-3036502.357,7502.759404664265,9248.461190674809
2026-08-18 12:18:02,7700.0,7720.25,Put GEX 1,GEX,-1140582.002,7502.759404664265,9248.461190674809
2026-08-18 12:18:02,7705.0,7725.25,Put CEX 5,CEX,-1399680.667,7502.759404664265,9248.461190674809
2026-08-18 12:18:02,7720.0,7740.25,Put DEX 5,DEX,-37.445,7502.759404664265,9248.461190674809
2026-08-18 12:18:02,7735.0,7755.25,Put DEX 4,DEX,-44.367,7502.759404664265,9248.461190674809
2026-08-18 12:18:02,7750.0,7770.5,Put CEX 3,CEX,-1945766.358,7502.759404664265,9248.461190674809
2026-08-18 12:18:02,7750.0,7770.5,Call GEX 4,GEX,288996.887,7502.759404664265,9248.461190674809
2026-08-18 12:18:02,7750.0,7770.5,Put VEX 5,VEX,-687885.8,7502.759404664265,9248.461190674809
2026-08-18 12:18:02,7775.0,7795.5,Call GEX 5,GEX,252255.22,7502.759404664265,9248.461190674809
2026-08-18 12:18:02,7800.0,7820.5,Put CEX 4,CEX,-1766586.101,7502.759404664265,9248.461190674809
2026-08-18 12:18:02,7800.0,7820.5,Put DEX 3,DEX,-56.019,7502.759404664265,9248.461190674809
2026-08-18 12:18:02,7800.0,7820.5,Call GEX 2,GEX,515845.73,7502.759404664265,9248.461190674809
2026-08-18 12:18:02,7800.0,7820.5,Put VEX 3,VEX,-1221545.081,7502.759404664265,9248.461190674809
2026-08-18 12:18:02,7850.0,7870.75,Call GEX 3,GEX,299480.402,7502.759404664265,9248.461190674809
2026-08-18 12:18:02,7900.0,7920.75,Call GEX 1,GEX,691549.684,7502.759404664265,9248.461190674809
2026-08-18 12:18:02,7900.0,7920.75,Put VEX 2,VEX,-1222163.227,7502.759404664265,9248.461190674809
2026-08-18 12:18:02,8000.0,8021.0,Put CEX 1,CEX,-4817456.206,7502.759404664265,9248.461190674809
2026-08-18 12:18:02,8000.0,8021.0,Put DEX 1,DEX,-2630.746,7502.759404664265,9248.461190674809
2026-08-18 12:18:02,8000.0,8021.0,Put VEX 1,VEX,-11834585.759,7502.759404664265,9248.461190674809
2026-08-18 12:18:02,8200.0,8221.5,Put VEX 4,VEX,-777863.501,7502.759404664265,9248.461190674809
2026-08-18 12:18:02,8500.0,8522.5,Put DEX 2,DEX,-102.542,7502.759404664265,9248.461190674809
2026-08-18 12:18:52,7000.0,7018.5,Call DEX 1,DEX,558.99,7502.473716824598,9248.439997271053
2026-08-18 12:18:52,7000.0,7018.5,Put GEX 2,GEX,-679066.414,7502.473716824598,9248.439997271053
2026-08-18 12:18:52,7000.0,7018.5,Call VEX 1,VEX,6773543.037,7502.473716824598,9248.439997271053
2026-08-18 12:18:52,7300.0,7319.5,Call VEX 5,VEX,1987251.458,7502.473716824598,9248.439997271053
2026-08-18 12:18:52,7400.0,7419.75,Call VEX 4,VEX,2464386.257,7502.473716824598,9248.439997271053
2026-08-18 12:18:52,7450.0,7469.75,Call DEX 4,DEX,337.607,7502.473716824598,9248.439997271053
2026-08-18 12:18:52,7500.0,7520.0,Call CEX 4,CEX,1790152.403,7502.473716824598,9248.439997271053
2026-08-18 12:18:52,7500.0,7520.0,Call DEX 2,DEX,540.786,7502.473716824598,9248.439997271053
2026-08-18 12:18:52,7500.0,7520.0,Put GEX 5,GEX,-374044.226,7502.473716824598,9248.439997271053
2026-08-18 12:18:52,7500.0,7520.0,Call VEX 2,VEX,3619469.695,7502.473716824598,9248.439997271053
2026-08-18 12:18:52,7550.0,7570.0,Call DEX 5,DEX,288.07,7502.473716824598,9248.439997271053
2026-08-18 12:18:52,7600.0,7620.25,Call CEX 3,CEX,2103763.162,7502.473716824598,9248.439997271053
2026-08-18 12:18:52,7600.0,7620.25,Call DEX 3,DEX,437.515,7502.473716824598,9248.439997271053
2026-08-18 12:18:52,7600.0,7620.25,Call VEX 3,VEX,2597310.702,7502.473716824598,9248.439997271053
2026-08-18 12:18:52,7635.0,7655.25,Call CEX 2,CEX,2147982.853,7502.473716824598,9248.439997271053
2026-08-18 12:18:52,7650.0,7670.25,Call CEX 1,CEX,2422114.989,7502.473716824598,9248.439997271053
2026-08-18 12:18:52,7690.0,7710.5,Call CEX 5,CEX,1779317.803,7502.473716824598,9248.439997271053
2026-08-18 12:18:52,7690.0,7710.5,Put GEX 4,GEX,-383856.259,7502.473716824598,9248.439997271053
2026-08-18 12:18:52,7695.0,7715.5,Put GEX 3,GEX,-515882.943,7502.473716824598,9248.439997271053
2026-08-18 12:18:52,7700.0,7720.5,Put CEX 2,CEX,-3154840.864,7502.473716824598,9248.439997271053
2026-08-18 12:18:52,7700.0,7720.5,Put GEX 1,GEX,-1234917.19,7502.473716824598,9248.439997271053
2026-08-18 12:18:52,7720.0,7740.5,Put DEX 5,DEX,-37.373,7502.473716824598,9248.439997271053
2026-08-18 12:18:52,7735.0,7755.5,Put DEX 4,DEX,-44.341,7502.473716824598,9248.439997271053
2026-08-18 12:18:52,7750.0,7770.5,Put CEX 3,CEX,-1941400.516,7502.473716824598,9248.439997271053
2026-08-18 12:18:52,7750.0,7770.5,Call GEX 4,GEX,289463.563,7502.473716824598,9248.439997271053
2026-08-18 12:18:52,7750.0,7770.5,Put VEX 5,VEX,-686095.157,7502.473716824598,9248.439997271053
2026-08-18 12:18:52,7775.0,7795.75,Call GEX 5,GEX,252051.867,7502.473716824598,9248.439997271053
2026-08-18 12:18:52,7800.0,7820.75,Put CEX 4,CEX,-1770480.732,7502.473716824598,9248.439997271053
2026-08-18 12:18:52,7800.0,7820.75,Put DEX 3,DEX,-55.685,7502.473716824598,9248.439997271053
2026-08-18 12:18:52,7800.0,7820.75,Call GEX 2,GEX,513675.439,7502.473716824598,9248.439997271053
2026-08-18 12:18:52,7800.0,7820.75,Put VEX 2,VEX,-1222745.24,7502.473716824598,9248.439997271053
2026-08-18 12:18:52,7850.0,7871.0,Call GEX 3,GEX,299519.563,7502.473716824598,9248.439997271053
2026-08-18 12:18:52,7900.0,7921.0,Put CEX 5,CEX,-955378.514,7502.473716824598,9248.439997271053
2026-08-18 12:18:52,7900.0,7921.0,Call GEX 1,GEX,691711.622,7502.473716824598,9248.439997271053
2026-08-18 12:18:52,7900.0,7921.0,Put VEX 3,VEX,-1222314.762,7502.473716824598,9248.439997271053
2026-08-18 12:18:52,8000.0,8021.25,Put CEX 1,CEX,-4665751.731,7502.473716824598,9248.439997271053
2026-08-18 12:18:52,8000.0,8021.25,Put DEX 1,DEX,-2635.491,7502.473716824598,9248.439997271053
2026-08-18 12:18:52,8000.0,8021.25,Put VEX 1,VEX,-11761992.449,7502.473716824598,9248.439997271053
2026-08-18 12:18:52,8200.0,8221.75,Put VEX 4,VEX,-777914.26,7502.473716824598,9248.439997271053
2026-08-18 12:18:52,8500.0,8522.5,Put DEX 2,DEX,-102.582,7502.473716824598,9248.439997271053
2026-08-18 12:19:39,7000.0,7018.75,Call DEX 1,DEX,559.83,7502.29434835495,9249.8686811007
2026-08-18 12:19:39,7000.0,7018.75,Put GEX 2,GEX,-679248.936,7502.29434835495,9249.8686811007
2026-08-18 12:19:39,7000.0,7018.75,Call VEX 1,VEX,6764574.974,7502.29434835495,9249.8686811007
2026-08-18 12:19:39,7300.0,7319.5,Call VEX 5,VEX,1985111.987,7502.29434835495,9249.8686811007
2026-08-18 12:19:39,7400.0,7419.75,Call VEX 4,VEX,2464554.584,7502.29434835495,9249.8686811007
2026-08-18 12:19:39,7450.0,7469.75,Call DEX 4,DEX,338.013,7502.29434835495,9249.8686811007
2026-08-18 12:19:39,7500.0,7520.0,Call CEX 5,CEX,1748920.492,7502.29434835495,9249.8686811007
2026-08-18 12:19:39,7500.0,7520.0,Call DEX 2,DEX,542.704,7502.29434835495,9249.8686811007
2026-08-18 12:19:39,7500.0,7520.0,Put GEX 4,GEX,-383199.366,7502.29434835495,9249.8686811007
2026-08-18 12:19:39,7500.0,7520.0,Call VEX 2,VEX,3602309.446,7502.29434835495,9249.8686811007
2026-08-18 12:19:39,7550.0,7570.0,Call DEX 5,DEX,289.083,7502.29434835495,9249.8686811007
2026-08-18 12:19:39,7600.0,7620.25,Call CEX 3,CEX,2093355.753,7502.29434835495,9249.8686811007
2026-08-18 12:19:39,7600.0,7620.25,Call DEX 3,DEX,439.347,7502.29434835495,9249.8686811007
2026-08-18 12:19:39,7600.0,7620.25,Call VEX 3,VEX,2601162.786,7502.29434835495,9249.8686811007
2026-08-18 12:19:39,7635.0,7655.25,Call CEX 2,CEX,2147533.098,7502.29434835495,9249.8686811007
2026-08-18 12:19:39,7650.0,7670.25,Call CEX 1,CEX,2431005.984,7502.29434835495,9249.8686811007
2026-08-18 12:19:39,7690.0,7710.5,Call CEX 4,CEX,1815015.3,7502.29434835495,9249.8686811007
2026-08-18 12:19:39,7690.0,7710.5,Put GEX 5,GEX,-361242.749,7502.29434835495,9249.8686811007
2026-08-18 12:19:39,7695.0,7715.5,Put GEX 3,GEX,-482121.91,7502.29434835495,9249.8686811007
2026-08-18 12:19:39,7700.0,7720.5,Put CEX 2,CEX,-2307633.449,7502.29434835495,9249.8686811007
2026-08-18 12:19:39,7700.0,7720.5,Put GEX 1,GEX,-1203798.344,7502.29434835495,9249.8686811007
2026-08-18 12:19:39,7705.0,7725.5,Put CEX 5,CEX,-1412523.924,7502.29434835495,9249.8686811007
2026-08-18 12:19:39,7720.0,7740.5,Put DEX 5,DEX,-36.966,7502.29434835495,9249.8686811007
2026-08-18 12:19:39,7735.0,7755.5,Put DEX 4,DEX,-43.886,7502.29434835495,9249.8686811007
2026-08-18 12:19:39,7750.0,7770.75,Put CEX 3,CEX,-1947657.092,7502.29434835495,9249.8686811007
2026-08-18 12:19:39,7750.0,7770.75,Call GEX 4,GEX,288069.631,7502.29434835495,9249.8686811007
2026-08-18 12:19:39,7750.0,7770.75,Put VEX 5,VEX,-678875.677,7502.29434835495,9249.8686811007
2026-08-18 12:19:39,7775.0,7795.75,Call GEX 5,GEX,254912.915,7502.29434835495,9249.8686811007
2026-08-18 12:19:39,7800.0,7820.75,Put CEX 4,CEX,-1788160.672,7502.29434835495,9249.8686811007
2026-08-18 12:19:39,7800.0,7820.75,Put DEX 3,DEX,-53.969,7502.29434835495,9249.8686811007
2026-08-18 12:19:39,7800.0,7820.75,Call GEX 2,GEX,516466.977,7502.29434835495,9249.8686811007
2026-08-18 12:19:39,7800.0,7820.75,Put VEX 3,VEX,-1221676.969,7502.29434835495,9249.8686811007
2026-08-18 12:19:39,7850.0,7871.0,Call GEX 3,GEX,301157.189,7502.29434835495,9249.8686811007
2026-08-18 12:19:39,7900.0,7921.0,Call GEX 1,GEX,694024.532,7502.29434835495,9249.8686811007
2026-08-18 12:19:39,7900.0,7921.0,Put VEX 2,VEX,-1222934.273,7502.29434835495,9249.8686811007
2026-08-18 12:19:39,8000.0,8021.25,Put CEX 1,CEX,-4730235.265,7502.29434835495,9249.8686811007
2026-08-18 12:19:39,8000.0,8021.25,Put DEX 1,DEX,-2630.634,7502.29434835495,9249.8686811007
2026-08-18 12:19:39,8000.0,8021.25,Put VEX 1,VEX,-11788102.46,7502.29434835495,9249.8686811007
2026-08-18 12:19:39,8200.0,8221.75,Put VEX 4,VEX,-778582.167,7502.29434835495,9249.8686811007
2026-08-18 12:19:39,8500.0,8522.75,Put DEX 2,DEX,-102.573,7502.29434835495,9249.8686811007
2026-08-18 12:20:27,7000.0,7018.0,Call DEX 1,DEX,562.696,7515.38516833586,9249.6393363462
2026-08-18 12:20:27,7000.0,7018.0,Put GEX 2,GEX,-688154.808,7515.38516833586,9249.6393363462
2026-08-18 12:20:27,7000.0,7018.0,Call VEX 1,VEX,6698428.715,7515.38516833586,9249.6393363462
2026-08-18 12:20:27,7300.0,7318.75,Call VEX 5,VEX,1981692.9,7515.38516833586,9249.6393363462
2026-08-18 12:20:27,7400.0,7419.25,Call VEX 4,VEX,2445826.72,7515.38516833586,9249.6393363462
2026-08-18 12:20:27,7450.0,7469.25,Call DEX 5,DEX,265.32,7515.38516833586,9249.6393363462
2026-08-18 12:20:27,7500.0,7519.5,Call CEX 5,CEX,1604305.36,7515.38516833586,9249.6393363462
2026-08-18 12:20:27,7500.0,7519.5,Call DEX 2,DEX,546.014,7515.38516833586,9249.6393363462
2026-08-18 12:20:27,7500.0,7519.5,Put GEX 4,GEX,-414980.273,7515.38516833586,9249.6393363462
2026-08-18 12:20:27,7500.0,7519.5,Call VEX 2,VEX,3538399.203,7515.38516833586,9249.6393363462
2026-08-18 12:20:27,7550.0,7569.5,Call DEX 4,DEX,289.841,7515.38516833586,9249.6393363462
2026-08-18 12:20:27,7600.0,7619.75,Call CEX 3,CEX,1950844.645,7515.38516833586,9249.6393363462
2026-08-18 12:20:27,7600.0,7619.75,Call DEX 3,DEX,442.354,7515.38516833586,9249.6393363462
2026-08-18 12:20:27,7600.0,7619.75,Call VEX 3,VEX,2598607.575,7515.38516833586,9249.6393363462
2026-08-18 12:20:27,7635.0,7654.75,Call CEX 2,CEX,2144580.601,7515.38516833586,9249.6393363462
2026-08-18 12:20:27,7650.0,7669.75,Call CEX 1,CEX,2375185.171,7515.38516833586,9249.6393363462
2026-08-18 12:20:27,7690.0,7710.0,Call CEX 4,CEX,1843953.497,7515.38516833586,9249.6393363462
2026-08-18 12:20:27,7690.0,7710.0,Put GEX 5,GEX,-347696.26,7515.38516833586,9249.6393363462
2026-08-18 12:20:27,7695.0,7715.0,Put GEX 3,GEX,-446641.772,7515.38516833586,9249.6393363462
2026-08-18 12:20:27,7700.0,7720.0,Put CEX 5,CEX,-1800226.712,7515.38516833586,9249.6393363462
2026-08-18 12:20:27,7700.0,7720.0,Put GEX 1,GEX,-1044425.588,7515.38516833586,9249.6393363462
2026-08-18 12:20:27,7710.0,7730.0,Put CEX 2,CEX,-2446024.232,7515.38516833586,9249.6393363462
2026-08-18 12:20:27,7720.0,7740.0,Put DEX 5,DEX,-50.876,7515.38516833586,9249.6393363462
2026-08-18 12:20:27,7735.0,7755.0,Put DEX 3,DEX,-53.604,7515.38516833586,9249.6393363462
2026-08-18 12:20:27,7750.0,7770.0,Put CEX 3,CEX,-1958490.375,7515.38516833586,9249.6393363462
2026-08-18 12:20:27,7750.0,7770.0,Call GEX 4,GEX,293628.312,7515.38516833586,9249.6393363462
2026-08-18 12:20:27,7750.0,7770.0,Put VEX 5,VEX,-675935.134,7515.38516833586,9249.6393363462
2026-08-18 12:20:27,7775.0,7795.0,Call GEX 5,GEX,255591.302,7515.38516833586,9249.6393363462
2026-08-18 12:20:27,7800.0,7820.25,Put CEX 4,CEX,-1831867.184,7515.38516833586,9249.6393363462
2026-08-18 12:20:27,7800.0,7820.25,Put DEX 4,DEX,-51.972,7515.38516833586,9249.6393363462
2026-08-18 12:20:27,7800.0,7820.25,Call GEX 2,GEX,507396.415,7515.38516833586,9249.6393363462
2026-08-18 12:20:27,7800.0,7820.25,Put VEX 2,VEX,-1232588.64,7515.38516833586,9249.6393363462
2026-08-18 12:20:27,7850.0,7870.25,Call GEX 3,GEX,301551.737,7515.38516833586,9249.6393363462
2026-08-18 12:20:27,7900.0,7920.5,Call GEX 1,GEX,695248.036,7515.38516833586,9249.6393363462
2026-08-18 12:20:27,7900.0,7920.5,Put VEX 3,VEX,-1222486.354,7515.38516833586,9249.6393363462
2026-08-18 12:20:27,8000.0,8020.75,Put CEX 1,CEX,-5230318.087,7515.38516833586,9249.6393363462
2026-08-18 12:20:27,8000.0,8020.75,Put DEX 1,DEX,-2617.028,7515.38516833586,9249.6393363462
2026-08-18 12:20:27,8000.0,8020.75,Put VEX 1,VEX,-12011150.93,7515.38516833586,9249.6393363462
2026-08-18 12:20:27,8200.0,8221.25,Put VEX 4,VEX,-778515.137,7515.38516833586,9249.6393363462
2026-08-18 12:20:27,8500.0,8522.0,Put DEX 2,DEX,-102.087,7515.38516833586,9249.6393363462
2026-08-18 12:21:16,7000.0,7018.75,Call DEX 1,DEX,560.921,7502.36630932252,9250.973353169218
2026-08-18 12:21:16,7000.0,7018.75,Put GEX 2,GEX,-684318.558,7502.36630932252,9250.973353169218
2026-08-18 12:21:16,7000.0,7018.75,Call VEX 1,VEX,6733531.103,7502.36630932252,9250.973353169218
2026-08-18 12:21:16,7300.0,7319.5,Call VEX 5,VEX,1989299.727,7502.36630932252,9250.973353169218
2026-08-18 12:21:16,7400.0,7419.75,Call VEX 4,VEX,2464246.01,7502.36630932252,9250.973353169218
2026-08-18 12:21:16,7450.0,7470.0,Call DEX 4,DEX,338.141,7502.36630932252,9250.973353169218
2026-08-18 12:21:16,7500.0,7520.0,Call CEX 4,CEX,1755719.12,7502.36630932252,9250.973353169218
2026-08-18 12:21:16,7500.0,7520.0,Call DEX 2,DEX,542.503,7502.36630932252,9250.973353169218
2026-08-18 12:21:16,7500.0,7520.0,Put GEX 4,GEX,-382238.339,7502.36630932252,9250.973353169218
2026-08-18 12:21:16,7500.0,7520.0,Call VEX 2,VEX,3604189.166,7502.36630932252,9250.973353169218
2026-08-18 12:21:16,7550.0,7570.25,Call DEX 5,DEX,288.915,7502.36630932252,9250.973353169218
2026-08-18 12:21:16,7600.0,7620.25,Call CEX 2,CEX,2093469.558,7502.36630932252,9250.973353169218
2026-08-18 12:21:16,7600.0,7620.25,Call DEX 3,DEX,439.43,7502.36630932252,9250.973353169218
2026-08-18 12:21:16,7600.0,7620.25,Call VEX 3,VEX,2600219.652,7502.36630932252,9250.973353169218
2026-08-18 12:21:16,7635.0,7655.5,Call CEX 1,CEX,2176737.856,7502.36630932252,9250.973353169218
2026-08-18 12:21:16,7650.0,7670.5,Call CEX 5,CEX,1712333.153,7502.36630932252,9250.973353169218
2026-08-18 12:21:16,7690.0,7710.5,Call CEX 3,CEX,1839881.061,7502.36630932252,9250.973353169218
2026-08-18 12:21:16,7690.0,7710.5,Put GEX 5,GEX,-362472.773,7502.36630932252,9250.973353169218
2026-08-18 12:21:16,7695.0,7715.5,Put GEX 3,GEX,-500211.16,7502.36630932252,9250.973353169218
2026-08-18 12:21:16,7700.0,7720.5,Put CEX 2,CEX,-2492791.156,7502.36630932252,9250.973353169218
2026-08-18 12:21:16,7700.0,7720.5,Put GEX 1,GEX,-1265961.407,7502.36630932252,9250.973353169218
2026-08-18 12:21:16,7705.0,7725.5,Put CEX 5,CEX,-1308351.707,7502.36630932252,9250.973353169218
2026-08-18 12:21:16,7720.0,7740.5,Put DEX 5,DEX,-37.031,7502.36630932252,9250.973353169218
2026-08-18 12:21:16,7735.0,7755.75,Put DEX 4,DEX,-44.052,7502.36630932252,9250.973353169218
2026-08-18 12:21:16,7750.0,7770.75,Put CEX 3,CEX,-1950030.592,7502.36630932252,9250.973353169218
2026-08-18 12:21:16,7750.0,7770.75,Call GEX 4,GEX,288625.171,7502.36630932252,9250.973353169218
2026-08-18 12:21:16,7750.0,7770.75,Put VEX 5,VEX,-679242.101,7502.36630932252,9250.973353169218
2026-08-18 12:21:16,7775.0,7795.75,Call GEX 5,GEX,254942.648,7502.36630932252,9250.973353169218
2026-08-18 12:21:16,7800.0,7820.75,Put CEX 4,CEX,-1788923.865,7502.36630932252,9250.973353169218
2026-08-18 12:21:16,7800.0,7820.75,Put DEX 3,DEX,-54.187,7502.36630932252,9250.973353169218
2026-08-18 12:21:16,7800.0,7820.75,Call GEX 2,GEX,518033.41,7502.36630932252,9250.973353169218
2026-08-18 12:21:16,7800.0,7820.75,Put VEX 3,VEX,-1220614.478,7502.36630932252,9250.973353169218
2026-08-18 12:21:16,7850.0,7871.0,Call GEX 3,GEX,301076.387,7502.36630932252,9250.973353169218
2026-08-18 12:21:16,7900.0,7921.0,Call GEX 1,GEX,694053.874,7502.36630932252,9250.973353169218
2026-08-18 12:21:16,7900.0,7921.0,Put VEX 2,VEX,-1223068.385,7502.36630932252,9250.973353169218
2026-08-18 12:21:16,8000.0,8021.25,Put CEX 1,CEX,-4648474.704,7502.36630932252,9250.973353169218
2026-08-18 12:21:16,8000.0,8021.25,Put DEX 1,DEX,-2631.271,7502.36630932252,9250.973353169218
2026-08-18 12:21:16,8000.0,8021.25,Put VEX 1,VEX,-11745171.007,7502.36630932252,9250.973353169218
2026-08-18 12:21:16,8200.0,8222.0,Put VEX 4,VEX,-777968.42,7502.36630932252,9250.973353169218
2026-08-18 12:21:16,8500.0,8522.75,Put DEX 2,DEX,-102.614,7502.36630932252,9250.973353169218
2026-08-18 12:22:10,7000.0,7018.75,Call DEX 1,DEX,560.199,7502.300574413021,9250.693826721224
2026-08-18 12:22:10,7000.0,7018.75,Put GEX 2,GEX,-680463.683,7502.300574413021,9250.693826721224
2026-08-18 12:22:10,7000.0,7018.75,Call VEX 1,VEX,6755950.981,7502.300574413021,9250.693826721224
2026-08-18 12:22:10,7300.0,7319.5,Call VEX 5,VEX,1990885.215,7502.300574413021,9250.693826721224
2026-08-18 12:22:10,7400.0,7419.75,Call DEX 5,DEX,327.989,7502.300574413021,9250.693826721224
2026-08-18 12:22:10,7400.0,7419.75,Call VEX 4,VEX,2481487.495,7502.300574413021,9250.693826721224
2026-08-18 12:22:10,7450.0,7469.75,Call DEX 4,DEX,337.969,7502.300574413021,9250.693826721224
2026-08-18 12:22:10,7500.0,7520.0,Call CEX 4,CEX,1760385.754,7502.300574413021,9250.693826721224
2026-08-18 12:22:10,7500.0,7520.0,Call DEX 2,DEX,543.134,7502.300574413021,9250.693826721224
2026-08-18 12:22:10,7500.0,7520.0,Put GEX 4,GEX,-380068.682,7502.300574413021,9250.693826721224
2026-08-18 12:22:10,7500.0,7520.0,Call VEX 2,VEX,3604230.678,7502.300574413021,9250.693826721224
2026-08-18 12:22:10,7600.0,7620.25,Call CEX 2,CEX,2111922.05,7502.300574413021,9250.693826721224
2026-08-18 12:22:10,7600.0,7620.25,Call DEX 3,DEX,439.314,7502.300574413021,9250.693826721224
2026-08-18 12:22:10,7600.0,7620.25,Call VEX 3,VEX,2600045.574,7502.300574413021,9250.693826721224
2026-08-18 12:22:10,7635.0,7655.25,Call CEX 1,CEX,2192765.318,7502.300574413021,9250.693826721224
2026-08-18 12:22:10,7650.0,7670.5,Call CEX 5,CEX,1723215.12,7502.300574413021,9250.693826721224
2026-08-18 12:22:10,7690.0,7710.5,Call CEX 3,CEX,1850855.854,7502.300574413021,9250.693826721224
2026-08-18 12:22:10,7690.0,7710.5,Put GEX 5,GEX,-362773.01,7502.300574413021,9250.693826721224
2026-08-18 12:22:10,7695.0,7715.5,Put GEX 3,GEX,-506824.604,7502.300574413021,9250.693826721224
2026-08-18 12:22:10,7700.0,7720.5,Put CEX 2,CEX,-2536818.037,7502.300574413021,9250.693826721224
2026-08-18 12:22:10,7700.0,7720.5,Put GEX 1,GEX,-1321824.576,7502.300574413021,9250.693826721224
2026-08-18 12:22:10,7705.0,7725.5,Put CEX 5,CEX,-1130311.144,7502.300574413021,9250.693826721224
2026-08-18 12:22:10,7720.0,7740.5,Put DEX 5,DEX,-37.054,7502.300574413021,9250.693826721224
2026-08-18 12:22:10,7735.0,7755.5,Put DEX 4,DEX,-44.099,7502.300574413021,9250.693826721224
2026-08-18 12:22:10,7750.0,7770.75,Put CEX 3,CEX,-1952390.889,7502.300574413021,9250.693826721224
2026-08-18 12:22:10,7750.0,7770.75,Call GEX 4,GEX,286354.188,7502.300574413021,9250.693826721224
2026-08-18 12:22:10,7750.0,7770.75,Put VEX 5,VEX,-679221.001,7502.300574413021,9250.693826721224
2026-08-18 12:22:10,7775.0,7795.75,Call GEX 5,GEX,254912.906,7502.300574413021,9250.693826721224
2026-08-18 12:22:10,7800.0,7820.75,Put CEX 4,CEX,-1781051.661,7502.300574413021,9250.693826721224
2026-08-18 12:22:10,7800.0,7820.75,Put DEX 3,DEX,-54.5,7502.300574413021,9250.693826721224
2026-08-18 12:22:10,7800.0,7820.75,Call GEX 2,GEX,521106.371,7502.300574413021,9250.693826721224
2026-08-18 12:22:10,7800.0,7820.75,Put VEX 3,VEX,-1216037.173,7502.300574413021,9250.693826721224
2026-08-18 12:22:10,7850.0,7871.0,Call GEX 3,GEX,301040.203,7502.300574413021,9250.693826721224
2026-08-18 12:22:10,7900.0,7921.0,Call GEX 1,GEX,693791.662,7502.300574413021,9250.693826721224
2026-08-18 12:22:10,7900.0,7921.0,Put VEX 2,VEX,-1222716.381,7502.300574413021,9250.693826721224
2026-08-18 12:22:10,8000.0,8021.25,Put CEX 1,CEX,-4497841.69,7502.300574413021,9250.693826721224
2026-08-18 12:22:10,8000.0,8021.25,Put DEX 1,DEX,-2633.576,7502.300574413021,9250.693826721224
2026-08-18 12:22:10,8000.0,8021.25,Put VEX 1,VEX,-11675518.524,7502.300574413021,9250.693826721224
2026-08-18 12:22:10,8200.0,8221.75,Put VEX 4,VEX,-778470.464,7502.300574413021,9250.693826721224
2026-08-18 12:22:10,8500.0,8522.75,Put DEX 2,DEX,-102.758,7502.300574413021,9250.693826721224
2026-08-18 12:23:08,7000.0,7018.5,Call DEX 1,DEX,561.044,7502.188827914603,9250.783637429411
2026-08-18 12:23:08,7000.0,7018.5,Put GEX 2,GEX,-676043.112,7502.188827914603,9250.783637429411
2026-08-18 12:23:08,7000.0,7018.5,Call VEX 1,VEX,6760464.53,7502.188827914603,9250.783637429411
2026-08-18 12:23:08,7300.0,7319.25,Call VEX 5,VEX,1987730.667,7502.188827914603,9250.783637429411
2026-08-18 12:23:08,7400.0,7419.5,Call VEX 4,VEX,2469910.079,7502.188827914603,9250.783637429411
2026-08-18 12:23:08,7450.0,7469.75,Call DEX 5,DEX,265.137,7502.188827914603,9250.783637429411
2026-08-18 12:23:08,7500.0,7519.75,Call CEX 4,CEX,1745343.511,7502.188827914603,9250.783637429411
2026-08-18 12:23:08,7500.0,7519.75,Call DEX 2,DEX,544.417,7502.188827914603,9250.783637429411
2026-08-18 12:23:08,7500.0,7519.75,Put GEX 4,GEX,-379855.94,7502.188827914603,9250.783637429411
2026-08-18 12:23:08,7500.0,7519.75,Call VEX 2,VEX,3605301.033,7502.188827914603,9250.783637429411
2026-08-18 12:23:08,7550.0,7570.0,Call DEX 4,DEX,292.076,7502.188827914603,9250.783637429411
2026-08-18 12:23:08,7600.0,7620.25,Call CEX 2,CEX,2088786.052,7502.188827914603,9250.783637429411
2026-08-18 12:23:08,7600.0,7620.25,Call DEX 3,DEX,443.041,7502.188827914603,9250.783637429411
2026-08-18 12:23:08,7600.0,7620.25,Call VEX 3,VEX,2605408.155,7502.188827914603,9250.783637429411
2026-08-18 12:23:08,7635.0,7655.25,Call CEX 1,CEX,2187785.126,7502.188827914603,9250.783637429411
2026-08-18 12:23:08,7650.0,7670.25,Call CEX 5,CEX,1726194.282,7502.188827914603,9250.783637429411
2026-08-18 12:23:08,7690.0,7710.5,Call CEX 3,CEX,1857662.428,7502.188827914603,9250.783637429411
2026-08-18 12:23:08,7690.0,7710.5,Put GEX 5,GEX,-329009.653,7502.188827914603,9250.783637429411
2026-08-18 12:23:08,7695.0,7715.5,Put GEX 3,GEX,-451180.981,7502.188827914603,9250.783637429411
2026-08-18 12:23:08,7700.0,7720.5,Put CEX 5,CEX,-1113105.891,7502.188827914603,9250.783637429411
2026-08-18 12:23:08,7700.0,7720.5,Put GEX 1,GEX,-1273017.231,7502.188827914603,9250.783637429411
2026-08-18 12:23:08,7705.0,7725.5,Put CEX 4,CEX,-1527059.811,7502.188827914603,9250.783637429411
2026-08-18 12:23:08,7720.0,7740.5,Put DEX 5,DEX,-36.299,7502.188827914603,9250.783637429411
2026-08-18 12:23:08,7735.0,7755.5,Put DEX 4,DEX,-43.457,7502.188827914603,9250.783637429411
2026-08-18 12:23:08,7750.0,7770.5,Put CEX 2,CEX,-1948294.647,7502.188827914603,9250.783637429411
2026-08-18 12:23:08,7750.0,7770.5,Call GEX 4,GEX,293443.58,7502.188827914603,9250.783637429411
2026-08-18 12:23:08,7750.0,7770.5,Put VEX 5,VEX,-663666.708,7502.188827914603,9250.783637429411
2026-08-18 12:23:08,7775.0,7795.5,Call GEX 5,GEX,257960.504,7502.188827914603,9250.783637429411
2026-08-18 12:23:08,7800.0,7820.75,Put CEX 3,CEX,-1818994.583,7502.188827914603,9250.783637429411
2026-08-18 12:23:08,7800.0,7820.75,Put DEX 3,DEX,-51.052,7502.188827914603,9250.783637429411
2026-08-18 12:23:08,7800.0,7820.75,Call GEX 2,GEX,513132.974,7502.188827914603,9250.783637429411
2026-08-18 12:23:08,7800.0,7820.75,Put VEX 3,VEX,-1220733.255,7502.188827914603,9250.783637429411
2026-08-18 12:23:08,7850.0,7870.75,Call GEX 3,GEX,302598.675,7502.188827914603,9250.783637429411
2026-08-18 12:23:08,7900.0,7921.0,Call GEX 1,GEX,697175.481,7502.188827914603,9250.783637429411
2026-08-18 12:23:08,7900.0,7921.0,Put VEX 2,VEX,-1221209.858,7502.188827914603,9250.783637429411
2026-08-18 12:23:08,8000.0,8021.25,Put CEX 1,CEX,-4911648.365,7502.188827914603,9250.783637429411
2026-08-18 12:23:08,8000.0,8021.25,Put DEX 1,DEX,-2623.533,7502.188827914603,9250.783637429411
2026-08-18 12:23:08,8000.0,8021.25,Put VEX 1,VEX,-11879912.798,7502.188827914603,9250.783637429411
2026-08-18 12:23:08,8200.0,8221.75,Put VEX 4,VEX,-781565.754,7502.188827914603,9250.783637429411
2026-08-18 12:23:08,8500.0,8522.5,Put DEX 2,DEX,-102.203,7502.188827914603,9250.783637429411
2026-08-18 12:23:59,7000.0,7018.5,Call DEX 1,DEX,561.741,7500.8899464230335,9251.186516540378
2026-08-18 12:23:59,7000.0,7018.5,Put GEX 2,GEX,-677819.958,7500.8899464230335,9251.186516540378
2026-08-18 12:23:59,7000.0,7018.5,Call VEX 1,VEX,6746127.89,7500.8899464230335,9251.186516540378
2026-08-18 12:23:59,7300.0,7319.25,Call DEX 5,DEX,296.352,7500.8899464230335,9251.186516540378
2026-08-18 12:23:59,7300.0,7319.25,Call VEX 5,VEX,1989079.08,7500.8899464230335,9251.186516540378
2026-08-18 12:23:59,7400.0,7419.5,Call VEX 4,VEX,2460180.117,7500.8899464230335,9251.186516540378
2026-08-18 12:23:59,7450.0,7469.75,Call DEX 4,DEX,339.898,7500.8899464230335,9251.186516540378
2026-08-18 12:23:59,7500.0,7519.75,Call CEX 4,CEX,1750567.997,7500.8899464230335,9251.186516540378
2026-08-18 12:23:59,7500.0,7519.75,Call DEX 2,DEX,546.139,7500.8899464230335,9251.186516540378
2026-08-18 12:23:59,7500.0,7519.75,Put GEX 4,GEX,-376890.694,7500.8899464230335,9251.186516540378
2026-08-18 12:23:59,7500.0,7519.75,Call VEX 2,VEX,3610301.217,7500.8899464230335,9251.186516540378
2026-08-18 12:23:59,7600.0,7620.0,Call CEX 2,CEX,2090262.07,7500.8899464230335,9251.186516540378
2026-08-18 12:23:59,7600.0,7620.0,Call DEX 3,DEX,442.81,7500.8899464230335,9251.186516540378
2026-08-18 12:23:59,7600.0,7620.0,Call VEX 3,VEX,2608350.3,7500.8899464230335,9251.186516540378
2026-08-18 12:23:59,7635.0,7655.25,Call CEX 1,CEX,2201712.091,7500.8899464230335,9251.186516540378
2026-08-18 12:23:59,7650.0,7670.25,Call CEX 5,CEX,1727627.625,7500.8899464230335,9251.186516540378
2026-08-18 12:23:59,7690.0,7710.25,Call CEX 3,CEX,1858189.804,7500.8899464230335,9251.186516540378
2026-08-18 12:23:59,7690.0,7710.25,Put GEX 5,GEX,-325543.899,7500.8899464230335,9251.186516540378
2026-08-18 12:23:59,7695.0,7715.25,Put GEX 3,GEX,-454059.164,7500.8899464230335,9251.186516540378
2026-08-18 12:23:59,7700.0,7720.25,Put CEX 5,CEX,-1096080.741,7500.8899464230335,9251.186516540378
2026-08-18 12:23:59,7700.0,7720.25,Put GEX 1,GEX,-1284962.629,7500.8899464230335,9251.186516540378
2026-08-18 12:23:59,7705.0,7725.5,Put CEX 4,CEX,-1543300.31,7500.8899464230335,9251.186516540378
2026-08-18 12:23:59,7720.0,7740.5,Put DEX 5,DEX,-36.276,7500.8899464230335,9251.186516540378
2026-08-18 12:23:59,7735.0,7755.5,Put DEX 4,DEX,-43.564,7500.8899464230335,9251.186516540378
2026-08-18 12:23:59,7750.0,7770.5,Put CEX 2,CEX,-1958725.71,7500.8899464230335,9251.186516540378
2026-08-18 12:23:59,7750.0,7770.5,Call GEX 4,GEX,288403.167,7500.8899464230335,9251.186516540378
2026-08-18 12:23:59,7750.0,7770.5,Put VEX 5,VEX,-667102.263,7500.8899464230335,9251.186516540378
2026-08-18 12:23:59,7775.0,7795.5,Call GEX 5,GEX,259943.895,7500.8899464230335,9251.186516540378
2026-08-18 12:23:59,7800.0,7820.75,Put CEX 3,CEX,-1812419.898,7500.8899464230335,9251.186516540378
2026-08-18 12:23:59,7800.0,7820.75,Put DEX 3,DEX,-52.011,7500.8899464230335,9251.186516540378
2026-08-18 12:23:59,7800.0,7820.75,Call GEX 2,GEX,522211.656,7500.8899464230335,9251.186516540378
2026-08-18 12:23:59,7800.0,7820.75,Put VEX 3,VEX,-1215136.217,7500.8899464230335,9251.186516540378
2026-08-18 12:23:59,7850.0,7870.75,Call GEX 3,GEX,303515.11,7500.8899464230335,9251.186516540378
2026-08-18 12:23:59,7900.0,7921.0,Call GEX 1,GEX,697403.892,7500.8899464230335,9251.186516540378
2026-08-18 12:23:59,7900.0,7921.0,Put VEX 2,VEX,-1219873.506,7500.8899464230335,9251.186516540378
2026-08-18 12:23:59,8000.0,8021.25,Put CEX 1,CEX,-4688123.332,7500.8899464230335,9251.186516540378
2026-08-18 12:23:59,8000.0,8021.25,Put DEX 1,DEX,-2626.169,7500.8899464230335,9251.186516540378
2026-08-18 12:23:59,8000.0,8021.25,Put VEX 1,VEX,-11761176.009,7500.8899464230335,9251.186516540378
2026-08-18 12:23:59,8200.0,8221.75,Put VEX 4,VEX,-781058.405,7500.8899464230335,9251.186516540378
2026-08-18 12:23:59,8500.0,8522.5,Put DEX 2,DEX,-102.656,7500.8899464230335,9251.186516540378
2026-08-18 12:24:50,7000.0,7018.5,Call DEX 1,DEX,561.573,7493.974583571202,9250.250687747375
2026-08-18 12:24:50,7000.0,7018.5,Put GEX 2,GEX,-675977.981,7493.974583571202,9250.250687747375
2026-08-18 12:24:50,7000.0,7018.5,Call VEX 1,VEX,6754871.618,7493.974583571202,9250.250687747375
2026-08-18 12:24:50,7300.0,7319.25,Call VEX 5,VEX,1987590.759,7493.974583571202,9250.250687747375
2026-08-18 12:24:50,7400.0,7419.5,Call VEX 4,VEX,2464035.106,7493.974583571202,9250.250687747375
2026-08-18 12:24:50,7450.0,7469.75,Call DEX 4,DEX,339.451,7493.974583571202,9250.250687747375
2026-08-18 12:24:50,7500.0,7519.75,Call CEX 5,CEX,1683018.434,7493.974583571202,9250.250687747375
2026-08-18 12:24:50,7500.0,7519.75,Call DEX 2,DEX,548.024,7493.974583571202,9250.250687747375
2026-08-18 12:24:50,7500.0,7519.75,Put GEX 4,GEX,-391412.506,7493.974583571202,9250.250687747375
2026-08-18 12:24:50,7500.0,7519.75,Call VEX 2,VEX,3578746.677,7493.974583571202,9250.250687747375
2026-08-18 12:24:50,7550.0,7570.0,Call DEX 5,DEX,291.676,7493.974583571202,9250.250687747375
2026-08-18 12:24:50,7600.0,7620.0,Call CEX 2,CEX,2059933.953,7493.974583571202,9250.250687747375
2026-08-18 12:24:50,7600.0,7620.0,Call DEX 3,DEX,444.725,7493.974583571202,9250.250687747375
2026-08-18 12:24:50,7600.0,7620.0,Call VEX 3,VEX,2610216.574,7493.974583571202,9250.250687747375
2026-08-18 12:24:50,7635.0,7655.0,Call CEX 1,CEX,2204196.831,7493.974583571202,9250.250687747375
2026-08-18 12:24:50,7650.0,7670.25,Call CEX 4,CEX,1722773.417,7493.974583571202,9250.250687747375
2026-08-18 12:24:50,7690.0,7710.25,Call CEX 3,CEX,1844734.395,7493.974583571202,9250.250687747375
2026-08-18 12:24:50,7695.0,7715.25,Put GEX 3,GEX,-426841.17,7493.974583571202,9250.250687747375
2026-08-18 12:24:50,7700.0,7720.25,Put GEX 1,GEX,-1203650.628,7493.974583571202,9250.250687747375
2026-08-18 12:24:50,7705.0,7725.25,Put CEX 4,CEX,-1488462.953,7493.974583571202,9250.250687747375
2026-08-18 12:24:50,7705.0,7725.25,Put GEX 5,GEX,-312632.466,7493.974583571202,9250.250687747375
2026-08-18 12:24:50,7720.0,7740.25,Put DEX 5,DEX,-35.833,7493.974583571202,9250.250687747375
2026-08-18 12:24:50,7735.0,7755.5,Put DEX 4,DEX,-43.061,7493.974583571202,9250.250687747375
2026-08-18 12:24:50,7750.0,7770.5,Put CEX 2,CEX,-2081243.891,7493.974583571202,9250.250687747375
2026-08-18 12:24:50,7750.0,7770.5,Call GEX 4,GEX,289878.011,7493.974583571202,9250.250687747375
2026-08-18 12:24:50,7750.0,7770.5,Put VEX 5,VEX,-662298.086,7493.974583571202,9250.250687747375
2026-08-18 12:24:50,7775.0,7795.5,Call GEX 5,GEX,260871.05,7493.974583571202,9250.250687747375
2026-08-18 12:24:50,7800.0,7820.5,Put CEX 3,CEX,-1831592.622,7493.974583571202,9250.250687747375
2026-08-18 12:24:50,7800.0,7820.5,Put DEX 3,DEX,-50.682,7493.974583571202,9250.250687747375
2026-08-18 12:24:50,7800.0,7820.5,Call GEX 2,GEX,522495.529,7493.974583571202,9250.250687747375
2026-08-18 12:24:50,7800.0,7820.5,Put VEX 3,VEX,-1214873.856,7493.974583571202,9250.250687747375
2026-08-18 12:24:50,7850.0,7870.75,Call GEX 3,GEX,303827.836,7493.974583571202,9250.250687747375
2026-08-18 12:24:50,7900.0,7920.75,Put CEX 5,CEX,-986759.004,7493.974583571202,9250.250687747375
2026-08-18 12:24:50,7900.0,7920.75,Call GEX 1,GEX,698804.24,7493.974583571202,9250.250687747375
2026-08-18 12:24:50,7900.0,7920.75,Put VEX 2,VEX,-1219764.384,7493.974583571202,9250.250687747375
2026-08-18 12:24:50,8000.0,8021.0,Put CEX 1,CEX,-4836304.279,7493.974583571202,9250.250687747375
2026-08-18 12:24:50,8000.0,8021.0,Put DEX 1,DEX,-2625.427,7493.974583571202,9250.250687747375
2026-08-18 12:24:50,8000.0,8021.0,Put VEX 1,VEX,-11835859.135,7493.974583571202,9250.250687747375
2026-08-18 12:24:50,8200.0,8221.5,Put VEX 4,VEX,-781808.763,7493.974583571202,9250.250687747375
2026-08-18 12:24:50,8500.0,8522.5,Put DEX 2,DEX,-102.474,7493.974583571202,9250.250687747375
2026-08-18 12:25:37,7000.0,7018.5,Call DEX 1,DEX,564.965,7501.453277526762,9247.95969510848
2026-08-18 12:25:37,7000.0,7018.5,Put GEX 2,GEX,-679375.193,7501.453277526762,9247.95969510848
2026-08-18 12:25:37,7000.0,7018.5,Call VEX 1,VEX,6701651.842,7501.453277526762,9247.95969510848
2026-08-18 12:25:37,7400.0,7419.5,Call VEX 4,VEX,2453204.219,7501.453277526762,9247.95969510848
2026-08-18 12:25:37,7450.0,7469.75,Call DEX 4,DEX,340.221,7501.453277526762,9247.95969510848
2026-08-18 12:25:37,7450.0,7469.75,Call VEX 5,VEX,1988067.07,7501.453277526762,9247.95969510848
2026-08-18 12:25:37,7500.0,7520.0,Call CEX 3,CEX,1810431.505,7501.453277526762,9247.95969510848
2026-08-18 12:25:37,7500.0,7520.0,Call DEX 2,DEX,547.791,7501.453277526762,9247.95969510848
2026-08-18 12:25:37,7500.0,7520.0,Put GEX 4,GEX,-355251.592,7501.453277526762,9247.95969510848
2026-08-18 12:25:37,7500.0,7520.0,Call VEX 2,VEX,3650576.563,7501.453277526762,9247.95969510848
2026-08-18 12:25:37,7550.0,7570.0,Call DEX 5,DEX,291.79,7501.453277526762,9247.95969510848
2026-08-18 12:25:37,7600.0,7620.25,Call CEX 2,CEX,2051203.831,7501.453277526762,9247.95969510848
2026-08-18 12:25:37,7600.0,7620.25,Call DEX 3,DEX,448.122,7501.453277526762,9247.95969510848
2026-08-18 12:25:37,7600.0,7620.25,Call VEX 3,VEX,2622827.642,7501.453277526762,9247.95969510848
2026-08-18 12:25:37,7635.0,7655.25,Call CEX 1,CEX,2198753.653,7501.453277526762,9247.95969510848
2026-08-18 12:25:37,7690.0,7710.5,Call CEX 4,CEX,1804908.811,7501.453277526762,9247.95969510848
2026-08-18 12:25:37,7695.0,7715.5,Call CEX 5,CEX,1770495.944,7501.453277526762,9247.95969510848
2026-08-18 12:25:37,7695.0,7715.5,Put GEX 3,GEX,-380157.936,7501.453277526762,9247.95969510848
2026-08-18 12:25:37,7700.0,7720.5,Put GEX 1,GEX,-1175625.992,7501.453277526762,9247.95969510848
2026-08-18 12:25:37,7705.0,7725.5,Put CEX 5,CEX,-1324244.147,7501.453277526762,9247.95969510848
2026-08-18 12:25:37,7705.0,7725.5,Put GEX 5,GEX,-352372.941,7501.453277526762,9247.95969510848
2026-08-18 12:25:37,7710.0,7730.5,Put CEX 3,CEX,-1955477.161,7501.453277526762,9247.95969510848
2026-08-18 12:25:37,7720.0,7740.5,Put DEX 5,DEX,-35.07,7501.453277526762,9247.95969510848
2026-08-18 12:25:37,7735.0,7755.5,Put DEX 4,DEX,-42.315,7501.453277526762,9247.95969510848
2026-08-18 12:25:37,7750.0,7770.5,Put CEX 2,CEX,-2182919.65,7501.453277526762,9247.95969510848
2026-08-18 12:25:37,7750.0,7770.5,Call GEX 4,GEX,291281.609,7501.453277526762,9247.95969510848
2026-08-18 12:25:37,7750.0,7770.5,Put VEX 5,VEX,-652271.575,7501.453277526762,9247.95969510848
2026-08-18 12:25:37,7775.0,7795.5,Call GEX 5,GEX,266545.145,7501.453277526762,9247.95969510848
2026-08-18 12:25:37,7800.0,7820.75,Put CEX 4,CEX,-1845562.48,7501.453277526762,9247.95969510848
2026-08-18 12:25:37,7800.0,7820.75,Put DEX 3,DEX,-48.674,7501.453277526762,9247.95969510848
2026-08-18 12:25:37,7800.0,7820.75,Call GEX 2,GEX,529223.48,7501.453277526762,9247.95969510848
2026-08-18 12:25:37,7800.0,7820.75,Put VEX 3,VEX,-1207577.141,7501.453277526762,9247.95969510848
2026-08-18 12:25:37,7850.0,7870.75,Call GEX 3,GEX,305739.942,7501.453277526762,9247.95969510848
2026-08-18 12:25:37,7900.0,7921.0,Call GEX 1,GEX,702840.874,7501.453277526762,9247.95969510848
2026-08-18 12:25:37,7900.0,7921.0,Put VEX 2,VEX,-1217821.242,7501.453277526762,9247.95969510848
2026-08-18 12:25:37,8000.0,8021.25,Put CEX 1,CEX,-5428456.07,7501.453277526762,9247.95969510848
2026-08-18 12:25:37,8000.0,8021.25,Put DEX 1,DEX,-2598.713,7501.453277526762,9247.95969510848
2026-08-18 12:25:37,8000.0,8021.25,Put VEX 1,VEX,-12112706.495,7501.453277526762,9247.95969510848
2026-08-18 12:25:37,8200.0,8221.75,Put VEX 4,VEX,-782626.235,7501.453277526762,9247.95969510848
2026-08-18 12:25:37,8500.0,8522.5,Put DEX 2,DEX,-101.689,7501.453277526762,9247.95969510848
2026-08-18 12:26:25,7000.0,7018.75,Call DEX 1,DEX,562.54,7484.220656254863,9248.954042172474
2026-08-18 12:26:25,7000.0,7018.75,Put GEX 2,GEX,-673578.377,7484.220656254863,9248.954042172474
2026-08-18 12:26:25,7000.0,7018.75,Call VEX 1,VEX,6751986.912,7484.220656254863,9248.954042172474
2026-08-18 12:26:25,7400.0,7419.75,Call VEX 4,VEX,2457409.476,7484.220656254863,9248.954042172474
2026-08-18 12:26:25,7450.0,7470.0,Call DEX 4,DEX,339.79,7484.220656254863,9248.954042172474
2026-08-18 12:26:25,7450.0,7470.0,Call VEX 5,VEX,1984806.696,7484.220656254863,9248.954042172474
2026-08-18 12:26:25,7500.0,7520.0,Call CEX 4,CEX,1795015.155,7484.220656254863,9248.954042172474
2026-08-18 12:26:25,7500.0,7520.0,Call DEX 2,DEX,547.553,7484.220656254863,9248.954042172474
2026-08-18 12:26:25,7500.0,7520.0,Put GEX 4,GEX,-361113.986,7484.220656254863,9248.954042172474
2026-08-18 12:26:25,7500.0,7520.0,Call VEX 2,VEX,3638946.216,7484.220656254863,9248.954042172474
2026-08-18 12:26:25,7550.0,7570.25,Call DEX 5,DEX,293.581,7484.220656254863,9248.954042172474
2026-08-18 12:26:25,7600.0,7620.25,Call CEX 2,CEX,2072589.518,7484.220656254863,9248.954042172474
2026-08-18 12:26:25,7600.0,7620.25,Call DEX 3,DEX,446.54,7484.220656254863,9248.954042172474
2026-08-18 12:26:25,7600.0,7620.25,Call VEX 3,VEX,2618489.306,7484.220656254863,9248.954042172474
2026-08-18 12:26:25,7635.0,7655.5,Call CEX 1,CEX,2222366.442,7484.220656254863,9248.954042172474
2026-08-18 12:26:25,7690.0,7710.5,Call CEX 3,CEX,1827466.232,7484.220656254863,9248.954042172474
2026-08-18 12:26:25,7695.0,7715.5,Call CEX 5,CEX,1740871.052,7484.220656254863,9248.954042172474
2026-08-18 12:26:25,7695.0,7715.5,Put GEX 3,GEX,-400991.317,7484.220656254863,9248.954042172474
2026-08-18 12:26:25,7700.0,7720.5,Put GEX 1,GEX,-1211098.067,7484.220656254863,9248.954042172474
2026-08-18 12:26:25,7705.0,7725.75,Put CEX 4,CEX,-1429392.351,7484.220656254863,9248.954042172474
2026-08-18 12:26:25,7705.0,7725.75,Put GEX 5,GEX,-340158.958,7484.220656254863,9248.954042172474
2026-08-18 12:26:25,7710.0,7730.75,Put CEX 5,CEX,-1296886.354,7484.220656254863,9248.954042172474
2026-08-18 12:26:25,7720.0,7740.75,Put DEX 5,DEX,-35.391,7484.220656254863,9248.954042172474
2026-08-18 12:26:25,7735.0,7755.75,Put DEX 4,DEX,-42.645,7484.220656254863,9248.954042172474
2026-08-18 12:26:25,7750.0,7770.75,Put CEX 2,CEX,-2088678.054,7484.220656254863,9248.954042172474
2026-08-18 12:26:25,7750.0,7770.75,Call GEX 4,GEX,290073.12,7484.220656254863,9248.954042172474
2026-08-18 12:26:25,7750.0,7770.75,Put VEX 5,VEX,-655382.044,7484.220656254863,9248.954042172474
2026-08-18 12:26:25,7775.0,7795.75,Call GEX 5,GEX,264516.612,7484.220656254863,9248.954042172474
2026-08-18 12:26:25,7800.0,7821.0,Put CEX 3,CEX,-1838307.262,7484.220656254863,9248.954042172474
2026-08-18 12:26:25,7800.0,7821.0,Put DEX 3,DEX,-49.799,7484.220656254863,9248.954042172474
2026-08-18 12:26:25,7800.0,7821.0,Call GEX 2,GEX,526774.371,7484.220656254863,9248.954042172474
2026-08-18 12:26:25,7800.0,7821.0,Put VEX 3,VEX,-1208425.221,7484.220656254863,9248.954042172474
2026-08-18 12:26:25,7850.0,7871.0,Call GEX 3,GEX,304533.611,7484.220656254863,9248.954042172474
2026-08-18 12:26:25,7900.0,7921.25,Call GEX 1,GEX,701253.142,7484.220656254863,9248.954042172474
2026-08-18 12:26:25,7900.0,7921.25,Put VEX 2,VEX,-1217949.507,7484.220656254863,9248.954042172474
2026-08-18 12:26:25,8000.0,8021.5,Put CEX 1,CEX,-4659139.443,7484.220656254863,9248.954042172474
2026-08-18 12:26:25,8000.0,8021.5,Put DEX 1,DEX,-2624.594,7484.220656254863,9248.954042172474
2026-08-18 12:26:25,8000.0,8021.5,Put VEX 1,VEX,-11743186.965,7484.220656254863,9248.954042172474
2026-08-18 12:26:25,8200.0,8222.0,Put VEX 4,VEX,-781751.367,7484.220656254863,9248.954042172474
2026-08-18 12:26:25,8500.0,8522.75,Put DEX 2,DEX,-102.642,7484.220656254863,9248.954042172474
2026-08-18 12:27:15,7000.0,7018.75,Call DEX 1,DEX,562.449,7457.489402990404,9249.521752321953
2026-08-18 12:27:15,7000.0,7018.75,Put GEX 2,GEX,-673347.591,7457.489402990404,9249.521752321953
2026-08-18 12:27:15,7000.0,7018.75,Call VEX 1,VEX,6753383.392,7457.489402990404,9249.521752321953
2026-08-18 12:27:15,7300.0,7319.75,Call VEX 5,VEX,1985545.694,7457.489402990404,9249.521752321953
2026-08-18 12:27:15,7400.0,7420.0,Call VEX 4,VEX,2460417.469,7457.489402990404,9249.521752321953
2026-08-18 12:27:15,7450.0,7470.0,Call DEX 4,DEX,340.487,7457.489402990404,9249.521752321953
2026-08-18 12:27:15,7500.0,7520.25,Call CEX 4,CEX,1766403.544,7457.489402990404,9249.521752321953
2026-08-18 12:27:15,7500.0,7520.25,Call DEX 2,DEX,548.689,7457.489402990404,9249.521752321953
2026-08-18 12:27:15,7500.0,7520.25,Put GEX 4,GEX,-369699.633,7457.489402990404,9249.521752321953
2026-08-18 12:27:15,7500.0,7520.25,Call VEX 2,VEX,3621122.59,7457.489402990404,9249.521752321953
2026-08-18 12:27:15,7550.0,7570.25,Call DEX 5,DEX,293.075,7457.489402990404,9249.521752321953
2026-08-18 12:27:15,7600.0,7620.5,Call CEX 2,CEX,2081300.814,7457.489402990404,9249.521752321953
2026-08-18 12:27:15,7600.0,7620.5,Call DEX 3,DEX,445.767,7457.489402990404,9249.521752321953
2026-08-18 12:27:15,7600.0,7620.5,Call VEX 3,VEX,2617821.403,7457.489402990404,9249.521752321953
2026-08-18 12:27:15,7635.0,7655.5,Call CEX 1,CEX,2240126.234,7457.489402990404,9249.521752321953
2026-08-18 12:27:15,7690.0,7710.75,Call CEX 3,CEX,1799239.119,7457.489402990404,9249.521752321953
2026-08-18 12:27:15,7695.0,7715.75,Call CEX 5,CEX,1762768.681,7457.489402990404,9249.521752321953
2026-08-18 12:27:15,7695.0,7715.75,Put GEX 3,GEX,-410739.73,7457.489402990404,9249.521752321953
2026-08-18 12:27:15,7700.0,7720.75,Put GEX 1,GEX,-1240229.134,7457.489402990404,9249.521752321953
2026-08-18 12:27:15,7705.0,7725.75,Put CEX 4,CEX,-1452759.43,7457.489402990404,9249.521752321953
2026-08-18 12:27:15,7705.0,7725.75,Put GEX 5,GEX,-334488.748,7457.489402990404,9249.521752321953
2026-08-18 12:27:15,7720.0,7740.75,Put DEX 5,DEX,-35.502,7457.489402990404,9249.521752321953
2026-08-18 12:27:15,7735.0,7755.75,Put DEX 4,DEX,-42.878,7457.489402990404,9249.521752321953
2026-08-18 12:27:15,7750.0,7770.75,Put CEX 2,CEX,-2181522.562,7457.489402990404,9249.521752321953
2026-08-18 12:27:15,7750.0,7770.75,Call GEX 4,GEX,292380.483,7457.489402990404,9249.521752321953
2026-08-18 12:27:15,7750.0,7770.75,Put VEX 5,VEX,-657267.743,7457.489402990404,9249.521752321953
2026-08-18 12:27:15,7775.0,7796.0,Call GEX 5,GEX,264158.766,7457.489402990404,9249.521752321953
2026-08-18 12:27:15,7800.0,7821.0,Put CEX 3,CEX,-1835212.589,7457.489402990404,9249.521752321953
2026-08-18 12:27:15,7800.0,7821.0,Put DEX 3,DEX,-50.168,7457.489402990404,9249.521752321953
2026-08-18 12:27:15,7800.0,7821.0,Call GEX 2,GEX,528001.442,7457.489402990404,9249.521752321953
2026-08-18 12:27:15,7800.0,7821.0,Put VEX 3,VEX,-1207585.422,7457.489402990404,9249.521752321953
2026-08-18 12:27:15,7850.0,7871.25,Call GEX 3,GEX,304506.659,7457.489402990404,9249.521752321953
2026-08-18 12:27:15,7900.0,7921.25,Put CEX 5,CEX,-997371.543,7457.489402990404,9249.521752321953
2026-08-18 12:27:15,7900.0,7921.25,Call GEX 1,GEX,701024.8,7457.489402990404,9249.521752321953
2026-08-18 12:27:15,7900.0,7921.25,Put VEX 2,VEX,-1217962.648,7457.489402990404,9249.521752321953
2026-08-18 12:27:15,8000.0,8021.5,Put CEX 1,CEX,-4684753.459,7457.489402990404,9249.521752321953
2026-08-18 12:27:15,8000.0,8021.5,Put DEX 1,DEX,-2624.949,7457.489402990404,9249.521752321953
2026-08-18 12:27:15,8000.0,8021.5,Put VEX 1,VEX,-11760012.697,7457.489402990404,9249.521752321953
2026-08-18 12:27:15,8200.0,8222.0,Put VEX 4,VEX,-781035.833,7457.489402990404,9249.521752321953
2026-08-18 12:27:15,8500.0,8523.0,Put DEX 2,DEX,-102.652,7457.489402990404,9249.521752321953
2026-08-18 12:28:10,7000.0,7018.75,Call DEX 1,DEX,561.442,7500.122001494318,9249.317382845831
2026-08-18 12:28:10,7000.0,7018.75,Put GEX 2,GEX,-670396.402,7500.122001494318,9249.317382845831
2026-08-18 12:28:10,7000.0,7018.75,Call VEX 1,VEX,6774651.056,7500.122001494318,9249.317382845831
2026-08-18 12:28:10,7300.0,7319.5,Call VEX 5,VEX,1986233.139,7500.122001494318,9249.317382845831
2026-08-18 12:28:10,7400.0,7419.75,Call VEX 4,VEX,2458645.367,7500.122001494318,9249.317382845831
2026-08-18 12:28:10,7450.0,7470.0,Call DEX 4,DEX,339.87,7500.122001494318,9249.317382845831
2026-08-18 12:28:10,7500.0,7520.0,Call DEX 2,DEX,548.581,7500.122001494318,9249.317382845831
2026-08-18 12:28:10,7500.0,7520.0,Put GEX 4,GEX,-375227.945,7500.122001494318,9249.317382845831
2026-08-18 12:28:10,7500.0,7520.0,Call VEX 2,VEX,3609272.577,7500.122001494318,9249.317382845831
2026-08-18 12:28:10,7550.0,7570.25,Call DEX 5,DEX,291.148,7500.122001494318,9249.317382845831
2026-08-18 12:28:10,7600.0,7620.5,Call CEX 2,CEX,2067132.792,7500.122001494318,9249.317382845831
2026-08-18 12:28:10,7600.0,7620.5,Call DEX 3,DEX,447.039,7500.122001494318,9249.317382845831
2026-08-18 12:28:10,7600.0,7620.5,Call VEX 3,VEX,2617135.857,7500.122001494318,9249.317382845831
2026-08-18 12:28:10,7635.0,7655.5,Call CEX 1,CEX,2250440.646,7500.122001494318,9249.317382845831
2026-08-18 12:28:10,7650.0,7670.5,Call CEX 5,CEX,1750286.484,7500.122001494318,9249.317382845831
2026-08-18 12:28:10,7690.0,7710.75,Call CEX 4,CEX,1806283.102,7500.122001494318,9249.317382845831
2026-08-18 12:28:10,7695.0,7715.75,Call CEX 3,CEX,1814706.345,7500.122001494318,9249.317382845831
2026-08-18 12:28:10,7695.0,7715.75,Put GEX 3,GEX,-395460.994,7500.122001494318,9249.317382845831
2026-08-18 12:28:10,7700.0,7720.75,Put GEX 1,GEX,-1229347.708,7500.122001494318,9249.317382845831
2026-08-18 12:28:10,7705.0,7725.75,Put CEX 5,CEX,-1416552.518,7500.122001494318,9249.317382845831
2026-08-18 12:28:10,7705.0,7725.75,Put GEX 5,GEX,-345510.683,7500.122001494318,9249.317382845831
2026-08-18 12:28:10,7710.0,7730.75,Put CEX 4,CEX,-1479053.859,7500.122001494318,9249.317382845831
2026-08-18 12:28:10,7720.0,7740.75,Put DEX 5,DEX,-35.228,7500.122001494318,9249.317382845831
2026-08-18 12:28:10,7735.0,7755.75,Put DEX 4,DEX,-42.545,7500.122001494318,9249.317382845831
2026-08-18 12:28:10,7750.0,7770.75,Put CEX 2,CEX,-2191578.173,7500.122001494318,9249.317382845831
2026-08-18 12:28:10,7750.0,7770.75,Call GEX 4,GEX,290162.439,7500.122001494318,9249.317382845831
2026-08-18 12:28:10,7750.0,7770.75,Put VEX 5,VEX,-654306.941,7500.122001494318,9249.317382845831
2026-08-18 12:28:10,7775.0,7795.75,Call GEX 5,GEX,264930.522,7500.122001494318,9249.317382845831
2026-08-18 12:28:10,7800.0,7821.0,Put CEX 3,CEX,-1849807.447,7500.122001494318,9249.317382845831
2026-08-18 12:28:10,7800.0,7821.0,Put DEX 3,DEX,-49.129,7500.122001494318,9249.317382845831
2026-08-18 12:28:10,7800.0,7821.0,Call GEX 2,GEX,527386.498,7500.122001494318,9249.317382845831
2026-08-18 12:28:10,7800.0,7821.0,Put VEX 3,VEX,-1208058.829,7500.122001494318,9249.317382845831
2026-08-18 12:28:10,7850.0,7871.0,Call GEX 3,GEX,305145.191,7500.122001494318,9249.317382845831
2026-08-18 12:28:10,7900.0,7921.25,Call GEX 1,GEX,702083.375,7500.122001494318,9249.317382845831
2026-08-18 12:28:10,7900.0,7921.25,Put VEX 2,VEX,-1218278.827,7500.122001494318,9249.317382845831
2026-08-18 12:28:10,8000.0,8021.5,Put CEX 1,CEX,-4754721.471,7500.122001494318,9249.317382845831
2026-08-18 12:28:10,8000.0,8021.5,Put DEX 1,DEX,-2620.301,7500.122001494318,9249.317382845831
2026-08-18 12:28:10,8000.0,8021.5,Put VEX 1,VEX,-11782823.544,7500.122001494318,9249.317382845831
2026-08-18 12:28:10,8200.0,8222.0,Put VEX 4,VEX,-785900.732,7500.122001494318,9249.317382845831
2026-08-18 12:28:10,8500.0,8522.75,Put DEX 2,DEX,-102.537,7500.122001494318,9249.317382845831
2026-08-18 12:28:59,7000.0,7018.75,Call DEX 1,DEX,562.71,7502.619724401593,9248.171596315124
2026-08-18 12:28:59,7000.0,7018.75,Put GEX 2,GEX,-673213.061,7502.619724401593,9248.171596315124
2026-08-18 12:28:59,7000.0,7018.75,Call VEX 1,VEX,6749391.324,7502.619724401593,9248.171596315124
2026-08-18 12:28:59,7300.0,7319.5,Call VEX 5,VEX,1980237.179,7502.619724401593,9248.171596315124
2026-08-18 12:28:59,7400.0,7420.0,Call VEX 4,VEX,2450038.446,7502.619724401593,9248.171596315124
2026-08-18 12:28:59,7450.0,7470.0,Call DEX 4,DEX,340.901,7502.619724401593,9248.171596315124
2026-08-18 12:28:59,7500.0,7520.25,Call DEX 2,DEX,550.839,7502.619724401593,9248.171596315124
2026-08-18 12:28:59,7500.0,7520.25,Put GEX 4,GEX,-397654.984,7502.619724401593,9248.171596315124
2026-08-18 12:28:59,7500.0,7520.25,Call VEX 2,VEX,3561776.505,7502.619724401593,9248.171596315124
2026-08-18 12:28:59,7550.0,7570.25,Call DEX 5,DEX,291.831,7502.619724401593,9248.171596315124
2026-08-18 12:28:59,7600.0,7620.5,Call CEX 2,CEX,1973722.819,7502.619724401593,9248.171596315124
2026-08-18 12:28:59,7600.0,7620.5,Call DEX 3,DEX,448.3,7502.619724401593,9248.171596315124
2026-08-18 12:28:59,7600.0,7620.5,Call VEX 3,VEX,2615240.451,7502.619724401593,9248.171596315124
2026-08-18 12:28:59,7635.0,7655.5,Call CEX 1,CEX,2257419.767,7502.619724401593,9248.171596315124
2026-08-18 12:28:59,7650.0,7670.5,Call CEX 5,CEX,1725827.128,7502.619724401593,9248.171596315124
2026-08-18 12:28:59,7690.0,7710.75,Call CEX 4,CEX,1806904.579,7502.619724401593,9248.171596315124
2026-08-18 12:28:59,7695.0,7715.75,Call CEX 3,CEX,1844507.319,7502.619724401593,9248.171596315124
2026-08-18 12:28:59,7695.0,7715.75,Put GEX 5,GEX,-382158.039,7502.619724401593,9248.171596315124
2026-08-18 12:28:59,7700.0,7720.75,Put GEX 1,GEX,-1154714.509,7502.619724401593,9248.171596315124
2026-08-18 12:28:59,7705.0,7725.75,Put CEX 5,CEX,-1332290.651,7502.619724401593,9248.171596315124
2026-08-18 12:28:59,7710.0,7730.75,Put CEX 2,CEX,-2893741.156,7502.619724401593,9248.171596315124
2026-08-18 12:28:59,7710.0,7730.75,Put GEX 3,GEX,-406358.861,7502.619724401593,9248.171596315124
2026-08-18 12:28:59,7720.0,7740.75,Put DEX 5,DEX,-35.006,7502.619724401593,9248.171596315124
2026-08-18 12:28:59,7735.0,7755.75,Put DEX 4,DEX,-42.303,7502.619724401593,9248.171596315124
2026-08-18 12:28:59,7750.0,7770.75,Put CEX 3,CEX,-2198531.802,7502.619724401593,9248.171596315124
2026-08-18 12:28:59,7750.0,7770.75,Call GEX 4,GEX,294110.085,7502.619724401593,9248.171596315124
2026-08-18 12:28:59,7750.0,7770.75,Put VEX 5,VEX,-652041.375,7502.619724401593,9248.171596315124
2026-08-18 12:28:59,7775.0,7796.0,Call GEX 5,GEX,266200.845,7502.619724401593,9248.171596315124
2026-08-18 12:28:59,7800.0,7821.0,Put CEX 4,CEX,-1873224.473,7502.619724401593,9248.171596315124
2026-08-18 12:28:59,7800.0,7821.0,Put DEX 3,DEX,-48.131,7502.619724401593,9248.171596315124
2026-08-18 12:28:59,7800.0,7821.0,Call GEX 2,GEX,527952.915,7502.619724401593,9248.171596315124
2026-08-18 12:28:59,7800.0,7821.0,Put VEX 3,VEX,-1213147.631,7502.619724401593,9248.171596315124
2026-08-18 12:28:59,7850.0,7871.0,Call GEX 3,GEX,306871.635,7502.619724401593,9248.171596315124
2026-08-18 12:28:59,7900.0,7921.25,Call GEX 1,GEX,703094.993,7502.619724401593,9248.171596315124
2026-08-18 12:28:59,7900.0,7921.25,Put VEX 2,VEX,-1218193.887,7502.619724401593,9248.171596315124
2026-08-18 12:28:59,8000.0,8021.5,Put CEX 1,CEX,-4986473.365,7502.619724401593,9248.171596315124
2026-08-18 12:28:59,8000.0,8021.5,Put DEX 1,DEX,-2610.472,7502.619724401593,9248.171596315124
2026-08-18 12:28:59,8000.0,8021.5,Put VEX 1,VEX,-11886881.788,7502.619724401593,9248.171596315124
2026-08-18 12:28:59,8200.0,8222.0,Put VEX 4,VEX,-786257.86,7502.619724401593,9248.171596315124
2026-08-18 12:28:59,8500.0,8522.75,Put DEX 2,DEX,-102.279,7502.619724401593,9248.171596315124
2026-08-18 12:29:48,7000.0,7018.5,Call DEX 1,DEX,562.814,7503.095225752537,9249.545388646107
2026-08-18 12:29:48,7000.0,7018.5,Put GEX 2,GEX,-674367.528,7503.095225752537,9249.545388646107
2026-08-18 12:29:48,7000.0,7018.5,Call VEX 1,VEX,6744243.61,7503.095225752537,9249.545388646107
2026-08-18 12:29:48,7300.0,7319.25,Call VEX 5,VEX,1982180.62,7503.095225752537,9249.545388646107
2026-08-18 12:29:48,7400.0,7419.5,Call VEX 4,VEX,2454767.836,7503.095225752537,9249.545388646107
2026-08-18 12:29:48,7450.0,7469.75,Call DEX 4,DEX,340.305,7503.095225752537,9249.545388646107
2026-08-18 12:29:48,7500.0,7519.75,Call DEX 2,DEX,549.528,7503.095225752537,9249.545388646107
2026-08-18 12:29:48,7500.0,7519.75,Put GEX 4,GEX,-386598.247,7503.095225752537,9249.545388646107
2026-08-18 12:29:48,7500.0,7519.75,Call VEX 2,VEX,3585340.647,7503.095225752537,9249.545388646107
2026-08-18 12:29:48,7550.0,7570.0,Call DEX 5,DEX,291.715,7503.095225752537,9249.545388646107
2026-08-18 12:29:48,7600.0,7620.0,Call CEX 2,CEX,1992985.298,7503.095225752537,9249.545388646107
2026-08-18 12:29:48,7600.0,7620.0,Call DEX 3,DEX,447.09,7503.095225752537,9249.545388646107
2026-08-18 12:29:48,7600.0,7620.0,Call VEX 3,VEX,2613576.05,7503.095225752537,9249.545388646107
2026-08-18 12:29:48,7635.0,7655.25,Call CEX 1,CEX,2279107.372,7503.095225752537,9249.545388646107
2026-08-18 12:29:48,7650.0,7670.25,Call CEX 5,CEX,1720199.309,7503.095225752537,9249.545388646107
2026-08-18 12:29:48,7690.0,7710.25,Call CEX 4,CEX,1826408.152,7503.095225752537,9249.545388646107
2026-08-18 12:29:48,7695.0,7715.25,Call CEX 3,CEX,1838461.202,7503.095225752537,9249.545388646107
2026-08-18 12:29:48,7695.0,7715.25,Put GEX 3,GEX,-402866.239,7503.095225752537,9249.545388646107
2026-08-18 12:29:48,7700.0,7720.25,Put GEX 1,GEX,-1194717.637,7503.095225752537,9249.545388646107
2026-08-18 12:29:48,7705.0,7725.25,Put CEX 5,CEX,-1431022.419,7503.095225752537,9249.545388646107
2026-08-18 12:29:48,7710.0,7730.25,Put CEX 2,CEX,-2712594.694,7503.095225752537,9249.545388646107
2026-08-18 12:29:48,7710.0,7730.25,Put GEX 5,GEX,-366999.365,7503.095225752537,9249.545388646107
2026-08-18 12:29:48,7720.0,7740.25,Put DEX 5,DEX,-35.293,7503.095225752537,9249.545388646107
2026-08-18 12:29:48,7735.0,7755.5,Put DEX 4,DEX,-42.532,7503.095225752537,9249.545388646107
2026-08-18 12:29:48,7750.0,7770.5,Put CEX 3,CEX,-2107072.663,7503.095225752537,9249.545388646107
2026-08-18 12:29:48,7750.0,7770.5,Call GEX 4,GEX,291019.666,7503.095225752537,9249.545388646107
2026-08-18 12:29:48,7750.0,7770.5,Put VEX 5,VEX,-655454.344,7503.095225752537,9249.545388646107
2026-08-18 12:29:48,7775.0,7795.5,Call GEX 5,GEX,263972.392,7503.095225752537,9249.545388646107
2026-08-18 12:29:48,7800.0,7820.5,Put CEX 4,CEX,-1872825.072,7503.095225752537,9249.545388646107
2026-08-18 12:29:48,7800.0,7820.5,Put DEX 3,DEX,-48.846,7503.095225752537,9249.545388646107
2026-08-18 12:29:48,7800.0,7820.5,Call GEX 2,GEX,523474.63,7503.095225752537,9249.545388646107
2026-08-18 12:29:48,7800.0,7820.5,Put VEX 3,VEX,-1215290.165,7503.095225752537,9249.545388646107
2026-08-18 12:29:48,7850.0,7870.75,Call GEX 3,GEX,306041.756,7503.095225752537,9249.545388646107
2026-08-18 12:29:48,7900.0,7920.75,Call GEX 1,GEX,701636.977,7503.095225752537,9249.545388646107
2026-08-18 12:29:48,7900.0,7920.75,Put VEX 2,VEX,-1218146.86,7503.095225752537,9249.545388646107
2026-08-18 12:29:48,8000.0,8021.0,Put CEX 1,CEX,-4997108.377,7503.095225752537,9249.545388646107
2026-08-18 12:29:48,8000.0,8021.0,Put DEX 1,DEX,-2615.448,7503.095225752537,9249.545388646107
2026-08-18 12:29:48,8000.0,8021.0,Put VEX 1,VEX,-11901560.447,7503.095225752537,9249.545388646107
2026-08-18 12:29:48,8200.0,8221.75,Put VEX 4,VEX,-785728.577,7503.095225752537,9249.545388646107
2026-08-18 12:29:48,8500.0,8522.5,Put DEX 2,DEX,-102.256,7503.095225752537,9249.545388646107
2026-08-18 12:30:36,7000.0,7018.75,Call DEX 1,DEX,561.841,7490.514599485911,9249.727677132125
2026-08-18 12:30:36,7000.0,7018.75,Put GEX 2,GEX,-675985.778,7490.514599485911,9249.727677132125
2026-08-18 12:30:36,7000.0,7018.75,Call VEX 1,VEX,6751925.992,7490.514599485911,9249.727677132125
2026-08-18 12:30:36,7300.0,7319.5,Call VEX 5,VEX,1984240.087,7490.514599485911,9249.727677132125
2026-08-18 12:30:36,7400.0,7419.75,Call VEX 4,VEX,2457458.445,7490.514599485911,9249.727677132125
2026-08-18 12:30:36,7450.0,7470.0,Call DEX 4,DEX,339.387,7490.514599485911,9249.727677132125
2026-08-18 12:30:36,7500.0,7520.0,Call DEX 2,DEX,545.488,7490.514599485911,9249.727677132125
2026-08-18 12:30:36,7500.0,7520.0,Put GEX 4,GEX,-370696.286,7490.514599485911,9249.727677132125
2026-08-18 12:30:36,7500.0,7520.0,Call VEX 2,VEX,3620494.67,7490.514599485911,9249.727677132125
2026-08-18 12:30:36,7550.0,7570.25,Call DEX 5,DEX,291.728,7490.514599485911,9249.727677132125
2026-08-18 12:30:36,7600.0,7620.25,Call CEX 2,CEX,2023836.397,7490.514599485911,9249.727677132125
2026-08-18 12:30:36,7600.0,7620.25,Call DEX 3,DEX,446.064,7490.514599485911,9249.727677132125
2026-08-18 12:30:36,7600.0,7620.25,Call VEX 3,VEX,2612843.142,7490.514599485911,9249.727677132125
2026-08-18 12:30:36,7635.0,7655.5,Call CEX 1,CEX,2307461.328,7490.514599485911,9249.727677132125
2026-08-18 12:30:36,7650.0,7670.5,Call CEX 5,CEX,1763279.256,7490.514599485911,9249.727677132125
2026-08-18 12:30:36,7690.0,7710.5,Call CEX 3,CEX,1860324.204,7490.514599485911,9249.727677132125
2026-08-18 12:30:36,7695.0,7715.5,Call CEX 4,CEX,1831916.823,7490.514599485911,9249.727677132125
2026-08-18 12:30:36,7695.0,7715.5,Put GEX 3,GEX,-420694.612,7490.514599485911,9249.727677132125
2026-08-18 12:30:36,7700.0,7720.5,Put GEX 1,GEX,-1284597.699,7490.514599485911,9249.727677132125
2026-08-18 12:30:36,7705.0,7725.5,Put CEX 4,CEX,-1556380.306,7490.514599485911,9249.727677132125
2026-08-18 12:30:36,7705.0,7725.5,Put GEX 5,GEX,-335013.076,7490.514599485911,9249.727677132125
2026-08-18 12:30:36,7720.0,7740.75,Put DEX 5,DEX,-35.535,7490.514599485911,9249.727677132125
2026-08-18 12:30:36,7735.0,7755.75,Put DEX 4,DEX,-42.857,7490.514599485911,9249.727677132125
2026-08-18 12:30:36,7750.0,7770.75,Put CEX 2,CEX,-2108818.499,7490.514599485911,9249.727677132125
2026-08-18 12:30:36,7750.0,7770.75,Call GEX 4,GEX,289823.783,7490.514599485911,9249.727677132125
2026-08-18 12:30:36,7750.0,7770.75,Put VEX 5,VEX,-658567.313,7490.514599485911,9249.727677132125
2026-08-18 12:30:36,7775.0,7795.75,Call GEX 5,GEX,263527.673,7490.514599485911,9249.727677132125
2026-08-18 12:30:36,7800.0,7820.75,Put CEX 3,CEX,-1861289.972,7490.514599485911,9249.727677132125
2026-08-18 12:30:36,7800.0,7820.75,Put DEX 3,DEX,-49.883,7490.514599485911,9249.727677132125
2026-08-18 12:30:36,7800.0,7820.75,Call GEX 2,GEX,528346.204,7490.514599485911,9249.727677132125
2026-08-18 12:30:36,7800.0,7820.75,Put VEX 3,VEX,-1212417.633,7490.514599485911,9249.727677132125
2026-08-18 12:30:36,7850.0,7871.0,Call GEX 3,GEX,306013.567,7490.514599485911,9249.727677132125
2026-08-18 12:30:36,7900.0,7921.25,Put CEX 5,CEX,-1012956.598,7490.514599485911,9249.727677132125
2026-08-18 12:30:36,7900.0,7921.25,Call GEX 1,GEX,700878.939,7490.514599485911,9249.727677132125
2026-08-18 12:30:36,7900.0,7921.25,Put VEX 2,VEX,-1217961.535,7490.514599485911,9249.727677132125
2026-08-18 12:30:36,8000.0,8021.5,Put CEX 1,CEX,-4870892.588,7490.514599485911,9249.727677132125
2026-08-18 12:30:36,8000.0,8021.5,Put DEX 1,DEX,-2617.955,7490.514599485911,9249.727677132125
2026-08-18 12:30:36,8000.0,8021.5,Put VEX 1,VEX,-11840069.197,7490.514599485911,9249.727677132125
2026-08-18 12:30:36,8200.0,8222.0,Put VEX 4,VEX,-783838.699,7490.514599485911,9249.727677132125
2026-08-18 12:30:36,8500.0,8522.75,Put DEX 2,DEX,-102.401,7490.514599485911,9249.727677132125
2026-08-18 12:31:32,7000.0,7018.75,Call DEX 1,DEX,558.716,7500.826858725123,9249.763057077038
2026-08-18 12:31:32,7000.0,7018.75,Put GEX 2,GEX,-667257.857,7500.826858725123,9249.763057077038
2026-08-18 12:31:32,7000.0,7018.75,Call VEX 1,VEX,6817490.783,7500.826858725123,9249.763057077038
2026-08-18 12:31:32,7300.0,7319.5,Call VEX 5,VEX,1993417.79,7500.826858725123,9249.763057077038
2026-08-18 12:31:32,7400.0,7419.75,Call DEX 5,DEX,334.891,7500.826858725123,9249.763057077038
2026-08-18 12:31:32,7400.0,7419.75,Call VEX 4,VEX,2485358.961,7500.826858725123,9249.763057077038
2026-08-18 12:31:32,7450.0,7470.0,Call DEX 4,DEX,338.779,7500.826858725123,9249.763057077038
2026-08-18 12:31:32,7500.0,7520.0,Call DEX 2,DEX,545.833,7500.826858725123,9249.763057077038
2026-08-18 12:31:32,7500.0,7520.0,Put GEX 4,GEX,-381914.486,7500.826858725123,9249.763057077038
2026-08-18 12:31:32,7500.0,7520.0,Call VEX 2,VEX,3598626.134,7500.826858725123,9249.763057077038
2026-08-18 12:31:32,7600.0,7620.5,Call CEX 2,CEX,2092031.239,7500.826858725123,9249.763057077038
2026-08-18 12:31:32,7600.0,7620.5,Call DEX 3,DEX,445.713,7500.826858725123,9249.763057077038
2026-08-18 12:31:32,7600.0,7620.5,Call VEX 3,VEX,2612214.412,7500.826858725123,9249.763057077038
2026-08-18 12:31:32,7635.0,7655.5,Call CEX 1,CEX,2324158.129,7500.826858725123,9249.763057077038
2026-08-18 12:31:32,7650.0,7670.5,Call CEX 5,CEX,1789425.243,7500.826858725123,9249.763057077038
2026-08-18 12:31:32,7690.0,7710.5,Call CEX 4,CEX,1870846.59,7500.826858725123,9249.763057077038
2026-08-18 12:31:32,7695.0,7715.75,Call CEX 3,CEX,1872699.404,7500.826858725123,9249.763057077038
2026-08-18 12:31:32,7695.0,7715.75,Put GEX 3,GEX,-414267.684,7500.826858725123,9249.763057077038
2026-08-18 12:31:32,7700.0,7720.75,Put GEX 1,GEX,-1368002.08,7500.826858725123,9249.763057077038
2026-08-18 12:31:32,7705.0,7725.75,Put CEX 4,CEX,-1612505.176,7500.826858725123,9249.763057077038
2026-08-18 12:31:32,7705.0,7725.75,Put GEX 5,GEX,-366338.582,7500.826858725123,9249.763057077038
2026-08-18 12:31:32,7720.0,7740.75,Put DEX 5,DEX,-35.526,7500.826858725123,9249.763057077038
2026-08-18 12:31:32,7735.0,7755.75,Put DEX 4,DEX,-42.777,7500.826858725123,9249.763057077038
2026-08-18 12:31:32,7750.0,7770.75,Put CEX 2,CEX,-1980425.591,7500.826858725123,9249.763057077038
2026-08-18 12:31:32,7750.0,7770.75,Call GEX 4,GEX,281918.667,7500.826858725123,9249.763057077038
2026-08-18 12:31:32,7750.0,7770.75,Put VEX 5,VEX,-653762.082,7500.826858725123,9249.763057077038
2026-08-18 12:31:32,7775.0,7795.75,Call GEX 5,GEX,263319.694,7500.826858725123,9249.763057077038
2026-08-18 12:31:32,7800.0,7821.0,Put CEX 3,CEX,-1864447.769,7500.826858725123,9249.763057077038
2026-08-18 12:31:32,7800.0,7821.0,Put DEX 3,DEX,-49.438,7500.826858725123,9249.763057077038
2026-08-18 12:31:32,7800.0,7821.0,Call GEX 2,GEX,527397.087,7500.826858725123,9249.763057077038
2026-08-18 12:31:32,7800.0,7821.0,Put VEX 3,VEX,-1210120.597,7500.826858725123,9249.763057077038
2026-08-18 12:31:32,7850.0,7871.0,Call GEX 3,GEX,305542.444,7500.826858725123,9249.763057077038
2026-08-18 12:31:32,7900.0,7921.25,Put CEX 5,CEX,-1018508.337,7500.826858725123,9249.763057077038
2026-08-18 12:31:32,7900.0,7921.25,Call GEX 1,GEX,700751.669,7500.826858725123,9249.763057077038
2026-08-18 12:31:32,7900.0,7921.25,Put VEX 2,VEX,-1217855.867,7500.826858725123,9249.763057077038
2026-08-18 12:31:32,8000.0,8021.5,Put CEX 1,CEX,-4596731.621,7500.826858725123,9249.763057077038
2026-08-18 12:31:32,8000.0,8021.5,Put DEX 1,DEX,-2626.187,7500.826858725123,9249.763057077038
2026-08-18 12:31:32,8000.0,8021.5,Put VEX 1,VEX,-11715152.199,7500.826858725123,9249.763057077038
2026-08-18 12:31:32,8200.0,8222.0,Put VEX 4,VEX,-784525.973,7500.826858725123,9249.763057077038
2026-08-18 12:31:32,8500.0,8522.75,Put DEX 2,DEX,-102.73,7500.826858725123,9249.763057077038
2026-08-18 12:32:27,7000.0,7019.0,Call DEX 1,DEX,581.22,7502.411995390938,9252.768265976509
2026-08-18 12:32:27,7000.0,7019.0,Put GEX 2,GEX,-670888.169,7502.411995390938,9252.768265976509
2026-08-18 12:32:27,7000.0,7019.0,Call VEX 1,VEX,6796787.458,7502.411995390938,9252.768265976509
2026-08-18 12:32:27,7300.0,7319.75,Call VEX 5,VEX,2006542.192,7502.411995390938,9252.768265976509
2026-08-18 12:32:27,7400.0,7420.0,Call DEX 5,DEX,334.593,7502.411995390938,9252.768265976509
2026-08-18 12:32:27,7400.0,7420.0,Call VEX 4,VEX,2503817.296,7502.411995390938,9252.768265976509
2026-08-18 12:32:27,7450.0,7470.25,Call DEX 4,DEX,338.203,7502.411995390938,9252.768265976509
2026-08-18 12:32:27,7500.0,7520.25,Call CEX 4,CEX,1837847.476,7502.411995390938,9252.768265976509
2026-08-18 12:32:27,7500.0,7520.25,Call DEX 2,DEX,544.674,7502.411995390938,9252.768265976509
2026-08-18 12:32:27,7500.0,7520.25,Put GEX 4,GEX,-356094.105,7502.411995390938,9252.768265976509
2026-08-18 12:32:27,7500.0,7520.25,Call VEX 2,VEX,3643889.961,7502.411995390938,9252.768265976509
2026-08-18 12:32:27,7600.0,7620.75,Call CEX 2,CEX,2154848.16,7502.411995390938,9252.768265976509
2026-08-18 12:32:27,7600.0,7620.75,Call DEX 3,DEX,442.816,7502.411995390938,9252.768265976509
2026-08-18 12:32:27,7600.0,7620.75,Call VEX 3,VEX,2610188.819,7502.411995390938,9252.768265976509
2026-08-18 12:32:27,7635.0,7655.75,Call CEX 1,CEX,2361667.437,7502.411995390938,9252.768265976509
2026-08-18 12:32:27,7690.0,7711.0,Call CEX 3,CEX,1900400.677,7502.411995390938,9252.768265976509
2026-08-18 12:32:27,7695.0,7716.0,Call CEX 5,CEX,1830998.079,7502.411995390938,9252.768265976509
2026-08-18 12:32:27,7695.0,7716.0,Put GEX 3,GEX,-467367.922,7502.411995390938,9252.768265976509
2026-08-18 12:32:27,7700.0,7721.0,Put GEX 1,GEX,-1578058.595,7502.411995390938,9252.768265976509
2026-08-18 12:32:27,7705.0,7726.0,Put CEX 4,CEX,-1322561.275,7502.411995390938,9252.768265976509
2026-08-18 12:32:27,7720.0,7741.0,Put DEX 5,DEX,-36.193,7502.411995390938,9252.768265976509
2026-08-18 12:32:27,7720.0,7741.0,Put GEX 5,GEX,-320938.876,7502.411995390938,9252.768265976509
2026-08-18 12:32:27,7735.0,7756.0,Put DEX 4,DEX,-43.559,7502.411995390938,9252.768265976509
2026-08-18 12:32:27,7750.0,7771.0,Put CEX 2,CEX,-1979173.302,7502.411995390938,9252.768265976509
2026-08-18 12:32:27,7750.0,7771.0,Call GEX 4,GEX,282132.787,7502.411995390938,9252.768265976509
2026-08-18 12:32:27,7750.0,7771.0,Put VEX 5,VEX,-662522.504,7502.411995390938,9252.768265976509
2026-08-18 12:32:27,7775.0,7796.0,Call GEX 5,GEX,260861.473,7502.411995390938,9252.768265976509
2026-08-18 12:32:27,7800.0,7821.25,Put CEX 3,CEX,-1835428.42,7502.411995390938,9252.768265976509
2026-08-18 12:32:27,7800.0,7821.25,Put DEX 3,DEX,-51.713,7502.411995390938,9252.768265976509
2026-08-18 12:32:27,7800.0,7821.25,Call GEX 2,GEX,532582.816,7502.411995390938,9252.768265976509
2026-08-18 12:32:27,7800.0,7821.25,Put VEX 3,VEX,-1205788.674,7502.411995390938,9252.768265976509
2026-08-18 12:32:27,7850.0,7871.25,Call GEX 3,GEX,304059.064,7502.411995390938,9252.768265976509
2026-08-18 12:32:27,7900.0,7921.5,Put CEX 5,CEX,-1017611.406,7502.411995390938,9252.768265976509
2026-08-18 12:32:27,7900.0,7921.5,Call GEX 1,GEX,698878.59,7502.411995390938,9252.768265976509
2026-08-18 12:32:27,7900.0,7921.5,Put VEX 2,VEX,-1217426.998,7502.411995390938,9252.768265976509
2026-08-18 12:32:27,8000.0,8021.75,Put CEX 1,CEX,-4307141.891,7502.411995390938,9252.768265976509
2026-08-18 12:32:27,8000.0,8021.75,Put DEX 1,DEX,-2621.474,7502.411995390938,9252.768265976509
2026-08-18 12:32:27,8000.0,8021.75,Put VEX 1,VEX,-11580451.116,7502.411995390938,9252.768265976509
2026-08-18 12:32:27,8200.0,8222.25,Put VEX 4,VEX,-783090.99,7502.411995390938,9252.768265976509
2026-08-18 12:32:27,8500.0,8523.0,Put DEX 2,DEX,-102.976,7502.411995390938,9252.768265976509
2026-08-18 12:33:15,7000.0,7018.5,Call DEX 1,DEX,561.551,7502.472138480016,9250.483211772616
2026-08-18 12:33:15,7000.0,7018.5,Put GEX 2,GEX,-674698.59,7502.472138480016,9250.483211772616
2026-08-18 12:33:15,7000.0,7018.5,Call VEX 1,VEX,6760019.622,7502.472138480016,9250.483211772616
2026-08-18 12:33:15,7300.0,7319.25,Call VEX 5,VEX,1984290.16,7502.472138480016,9250.483211772616
2026-08-18 12:33:15,7400.0,7419.5,Call VEX 4,VEX,2452976.132,7502.472138480016,9250.483211772616
2026-08-18 12:33:15,7450.0,7469.75,Call DEX 5,DEX,266.179,7502.472138480016,9250.483211772616
2026-08-18 12:33:15,7500.0,7520.0,Call DEX 2,DEX,547.467,7502.472138480016,9250.483211772616
2026-08-18 12:33:15,7500.0,7520.0,Put GEX 4,GEX,-370850.101,7502.472138480016,9250.483211772616
2026-08-18 12:33:15,7500.0,7520.0,Call VEX 2,VEX,3613836.334,7502.472138480016,9250.483211772616
2026-08-18 12:33:15,7550.0,7570.0,Call DEX 4,DEX,292.449,7502.472138480016,9250.483211772616
2026-08-18 12:33:15,7600.0,7620.25,Call CEX 2,CEX,2005757.062,7502.472138480016,9250.483211772616
2026-08-18 12:33:15,7600.0,7620.25,Call DEX 3,DEX,446.579,7502.472138480016,9250.483211772616
2026-08-18 12:33:15,7600.0,7620.25,Call VEX 3,VEX,2610701.426,7502.472138480016,9250.483211772616
2026-08-18 12:33:15,7635.0,7655.25,Call CEX 1,CEX,2356916.68,7502.472138480016,9250.483211772616
2026-08-18 12:33:15,7650.0,7670.25,Call CEX 5,CEX,1772997.708,7502.472138480016,9250.483211772616
2026-08-18 12:33:15,7690.0,7710.5,Call CEX 4,CEX,1841439.622,7502.472138480016,9250.483211772616
2026-08-18 12:33:15,7695.0,7715.5,Call CEX 3,CEX,1910761.316,7502.472138480016,9250.483211772616
2026-08-18 12:33:15,7695.0,7715.5,Put GEX 3,GEX,-412709.249,7502.472138480016,9250.483211772616
2026-08-18 12:33:15,7700.0,7720.5,Put GEX 1,GEX,-1294675.41,7502.472138480016,9250.483211772616
2026-08-18 12:33:15,7705.0,7725.5,Put CEX 5,CEX,-1559888.08,7502.472138480016,9250.483211772616
2026-08-18 12:33:15,7705.0,7725.5,Put GEX 5,GEX,-337364.053,7502.472138480016,9250.483211772616
2026-08-18 12:33:15,7710.0,7730.5,Put CEX 3,CEX,-1979549.771,7502.472138480016,9250.483211772616
2026-08-18 12:33:15,7720.0,7740.5,Put DEX 5,DEX,-35.407,7502.472138480016,9250.483211772616
2026-08-18 12:33:15,7735.0,7755.5,Put DEX 4,DEX,-42.717,7502.472138480016,9250.483211772616
2026-08-18 12:33:15,7750.0,7770.5,Put CEX 2,CEX,-1990429.631,7502.472138480016,9250.483211772616
2026-08-18 12:33:15,7750.0,7770.5,Call GEX 4,GEX,288291.976,7502.472138480016,9250.483211772616
2026-08-18 12:33:15,7750.0,7770.5,Put VEX 5,VEX,-654985.438,7502.472138480016,9250.483211772616
2026-08-18 12:33:15,7775.0,7795.5,Call GEX 5,GEX,263868.5,7502.472138480016,9250.483211772616
2026-08-18 12:33:15,7800.0,7820.75,Put CEX 4,CEX,-1876021.503,7502.472138480016,9250.483211772616
2026-08-18 12:33:15,7800.0,7820.75,Put DEX 3,DEX,-49.05,7502.472138480016,9250.483211772616
2026-08-18 12:33:15,7800.0,7820.75,Call GEX 2,GEX,523963.692,7502.472138480016,9250.483211772616
2026-08-18 12:33:15,7800.0,7820.75,Put VEX 3,VEX,-1213905.777,7502.472138480016,9250.483211772616
2026-08-18 12:33:15,7850.0,7870.75,Call GEX 3,GEX,304742.208,7502.472138480016,9250.483211772616
2026-08-18 12:33:15,7900.0,7921.0,Call GEX 1,GEX,701104.766,7502.472138480016,9250.483211772616
2026-08-18 12:33:15,7900.0,7921.0,Put VEX 2,VEX,-1217704.591,7502.472138480016,9250.483211772616
2026-08-18 12:33:15,8000.0,8021.25,Put CEX 1,CEX,-4901448.763,7502.472138480016,9250.483211772616
2026-08-18 12:33:15,8000.0,8021.25,Put DEX 1,DEX,-2617.455,7502.472138480016,9250.483211772616
2026-08-18 12:33:15,8000.0,8021.25,Put VEX 1,VEX,-11848629.225,7502.472138480016,9250.483211772616
2026-08-18 12:33:15,8200.0,8221.75,Put VEX 4,VEX,-784229.193,7502.472138480016,9250.483211772616
2026-08-18 12:33:15,8500.0,8522.5,Put DEX 2,DEX,-102.503,7502.472138480016,9250.483211772616
2026-08-18 12:34:07,7000.0,7019.0,Call DEX 1,DEX,559.373,7502.846160893468,9252.158340504551
2026-08-18 12:34:07,7000.0,7019.0,Put GEX 2,GEX,-675057.5,7502.846160893468,9252.158340504551
2026-08-18 12:34:07,7000.0,7019.0,Call VEX 1,VEX,6783410.309,7502.846160893468,9252.158340504551
2026-08-18 12:34:07,7300.0,7319.75,Call VEX 5,VEX,2010554.427,7502.846160893468,9252.158340504551
2026-08-18 12:34:07,7400.0,7420.0,Call DEX 5,DEX,335.756,7502.846160893468,9252.158340504551
2026-08-18 12:34:07,7400.0,7420.0,Call VEX 4,VEX,2472571.113,7502.846160893468,9252.158340504551
2026-08-18 12:34:07,7450.0,7470.0,Call DEX 4,DEX,338.858,7502.846160893468,9252.158340504551
2026-08-18 12:34:07,7500.0,7520.25,Call DEX 2,DEX,545.592,7502.846160893468,9252.158340504551
2026-08-18 12:34:07,7500.0,7520.25,Put GEX 4,GEX,-372504.159,7502.846160893468,9252.158340504551
2026-08-18 12:34:07,7500.0,7520.25,Call VEX 2,VEX,3616991.382,7502.846160893468,9252.158340504551
2026-08-18 12:34:07,7600.0,7620.5,Call CEX 2,CEX,2136038.254,7502.846160893468,9252.158340504551
2026-08-18 12:34:07,7600.0,7620.5,Call DEX 3,DEX,442.869,7502.846160893468,9252.158340504551
2026-08-18 12:34:07,7600.0,7620.5,Call VEX 3,VEX,2606497.155,7502.846160893468,9252.158340504551
2026-08-18 12:34:07,7635.0,7655.5,Call CEX 1,CEX,2404191.371,7502.846160893468,9252.158340504551
2026-08-18 12:34:07,7650.0,7670.75,Call CEX 4,CEX,1820959.196,7502.846160893468,9252.158340504551
2026-08-18 12:34:07,7690.0,7710.75,Call CEX 3,CEX,1969464.582,7502.846160893468,9252.158340504551
2026-08-18 12:34:07,7695.0,7715.75,Call CEX 5,CEX,1790743.56,7502.846160893468,9252.158340504551
2026-08-18 12:34:07,7695.0,7715.75,Put GEX 3,GEX,-482917.755,7502.846160893468,9252.158340504551
2026-08-18 12:34:07,7700.0,7720.75,Put CEX 5,CEX,-1163726.683,7502.846160893468,9252.158340504551
2026-08-18 12:34:07,7700.0,7720.75,Put GEX 1,GEX,-1465612.443,7502.846160893468,9252.158340504551
2026-08-18 12:34:07,7705.0,7725.75,Put CEX 4,CEX,-1608857.917,7502.846160893468,9252.158340504551
2026-08-18 12:34:07,7720.0,7740.75,Put DEX 5,DEX,-36.323,7502.846160893468,9252.158340504551
2026-08-18 12:34:07,7720.0,7740.75,Put GEX 5,GEX,-315111.037,7502.846160893468,9252.158340504551
2026-08-18 12:34:07,7735.0,7756.0,Put DEX 4,DEX,-43.462,7502.846160893468,9252.158340504551
2026-08-18 12:34:07,7750.0,7771.0,Put CEX 2,CEX,-1986216.213,7502.846160893468,9252.158340504551
2026-08-18 12:34:07,7750.0,7771.0,Call GEX 4,GEX,285616.256,7502.846160893468,9252.158340504551
2026-08-18 12:34:07,7750.0,7771.0,Put VEX 5,VEX,-667026.424,7502.846160893468,9252.158340504551
2026-08-18 12:34:07,7775.0,7796.0,Call GEX 5,GEX,260068.348,7502.846160893468,9252.158340504551
2026-08-18 12:34:07,7800.0,7821.0,Put CEX 3,CEX,-1835679.572,7502.846160893468,9252.158340504551
2026-08-18 12:34:07,7800.0,7821.0,Put DEX 3,DEX,-52.536,7502.846160893468,9252.158340504551
2026-08-18 12:34:07,7800.0,7821.0,Call GEX 2,GEX,529486.982,7502.846160893468,9252.158340504551
2026-08-18 12:34:07,7800.0,7821.0,Put VEX 3,VEX,-1207523.515,7502.846160893468,9252.158340504551
2026-08-18 12:34:07,7850.0,7871.25,Call GEX 3,GEX,302613.625,7502.846160893468,9252.158340504551
2026-08-18 12:34:07,7900.0,7921.25,Call GEX 1,GEX,697334.806,7502.846160893468,9252.158340504551
2026-08-18 12:34:07,7900.0,7921.25,Put VEX 2,VEX,-1219432.589,7502.846160893468,9252.158340504551
2026-08-18 12:34:07,8000.0,8021.5,Put CEX 1,CEX,-4608265.002,7502.846160893468,9252.158340504551
2026-08-18 12:34:07,8000.0,8021.5,Put DEX 1,DEX,-2629.896,7502.846160893468,9252.158340504551
2026-08-18 12:34:07,8000.0,8021.5,Put VEX 1,VEX,-11713432.308,7502.846160893468,9252.158340504551
2026-08-18 12:34:07,8200.0,8222.25,Put VEX 4,VEX,-781140.352,7502.846160893468,9252.158340504551
2026-08-18 12:34:07,8500.0,8523.0,Put DEX 2,DEX,-102.759,7502.846160893468,9252.158340504551
2026-08-18 12:35:04,7000.0,7019.0,Call DEX 1,DEX,556.693,7503.89566136634,9253.042967490148
2026-08-18 12:35:04,7000.0,7019.0,Put GEX 2,GEX,-670273.346,7503.89566136634,9253.042967490148
2026-08-18 12:35:04,7000.0,7019.0,Call VEX 1,VEX,6828766.171,7503.89566136634,9253.042967490148
2026-08-18 12:35:04,7300.0,7320.0,Call DEX 5,DEX,294.229,7503.89566136634,9253.042967490148
2026-08-18 12:35:04,7300.0,7320.0,Call VEX 5,VEX,2022227.005,7503.89566136634,9253.042967490148
2026-08-18 12:35:04,7400.0,7420.25,Call VEX 4,VEX,2465064.279,7503.89566136634,9253.042967490148
2026-08-18 12:35:04,7450.0,7470.25,Call DEX 4,DEX,337.98,7503.89566136634,9253.042967490148
2026-08-18 12:35:04,7500.0,7520.5,Call CEX 4,CEX,1853916.591,7503.89566136634,9253.042967490148
2026-08-18 12:35:04,7500.0,7520.5,Call DEX 2,DEX,542.633,7503.89566136634,9253.042967490148
2026-08-18 12:35:04,7500.0,7520.5,Put GEX 4,GEX,-356918.542,7503.89566136634,9253.042967490148
2026-08-18 12:35:04,7500.0,7520.5,Call VEX 2,VEX,3647472.636,7503.89566136634,9253.042967490148
2026-08-18 12:35:04,7600.0,7620.75,Call CEX 2,CEX,2128801.667,7503.89566136634,9253.042967490148
2026-08-18 12:35:04,7600.0,7620.75,Call DEX 3,DEX,440.483,7503.89566136634,9253.042967490148
2026-08-18 12:35:04,7600.0,7620.75,Call VEX 3,VEX,2600119.063,7503.89566136634,9253.042967490148
2026-08-18 12:35:04,7635.0,7655.75,Call CEX 1,CEX,2441458.575,7503.89566136634,9253.042967490148
2026-08-18 12:35:04,7650.0,7670.75,Call CEX 5,CEX,1834355.458,7503.89566136634,9253.042967490148
2026-08-18 12:35:04,7690.0,7711.0,Call CEX 3,CEX,2021941.647,7503.89566136634,9253.042967490148
2026-08-18 12:35:04,7690.0,7711.0,Put GEX 5,GEX,-335653.885,7503.89566136634,9253.042967490148
2026-08-18 12:35:04,7695.0,7716.0,Put GEX 3,GEX,-523757.365,7503.89566136634,9253.042967490148
2026-08-18 12:35:04,7700.0,7721.0,Put CEX 2,CEX,-2342237.537,7503.89566136634,9253.042967490148
2026-08-18 12:35:04,7700.0,7721.0,Put GEX 1,GEX,-1490106.687,7503.89566136634,9253.042967490148
2026-08-18 12:35:04,7705.0,7726.0,Put CEX 5,CEX,-1335538.072,7503.89566136634,9253.042967490148
2026-08-18 12:35:04,7720.0,7741.0,Put DEX 5,DEX,-36.83,7503.89566136634,9253.042967490148
2026-08-18 12:35:04,7735.0,7756.0,Put DEX 4,DEX,-44.065,7503.89566136634,9253.042967490148
2026-08-18 12:35:04,7750.0,7771.25,Put CEX 3,CEX,-1990758.684,7503.89566136634,9253.042967490148
2026-08-18 12:35:04,7750.0,7771.25,Call GEX 4,GEX,284934.745,7503.89566136634,9253.042967490148
2026-08-18 12:35:04,7750.0,7771.25,Put VEX 5,VEX,-675319.416,7503.89566136634,9253.042967490148
2026-08-18 12:35:04,7775.0,7796.25,Call GEX 5,GEX,256365.486,7503.89566136634,9253.042967490148
2026-08-18 12:35:04,7800.0,7821.25,Put CEX 4,CEX,-1840272.844,7503.89566136634,9253.042967490148
2026-08-18 12:35:04,7800.0,7821.25,Put DEX 3,DEX,-53.45,7503.89566136634,9253.042967490148
2026-08-18 12:35:04,7800.0,7821.25,Call GEX 2,GEX,520723.966,7503.89566136634,9253.042967490148
2026-08-18 12:35:04,7800.0,7821.25,Put VEX 3,VEX,-1215350.045,7503.89566136634,9253.042967490148
2026-08-18 12:35:04,7850.0,7871.5,Call GEX 3,GEX,301376.317,7503.89566136634,9253.042967490148
2026-08-18 12:35:04,7900.0,7921.5,Call GEX 1,GEX,694861.863,7503.89566136634,9253.042967490148
2026-08-18 12:35:04,7900.0,7921.5,Put VEX 2,VEX,-1219116.152,7503.89566136634,9253.042967490148
2026-08-18 12:35:04,8000.0,8021.75,Put CEX 1,CEX,-4624624.308,7503.89566136634,9253.042967490148
2026-08-18 12:35:04,8000.0,8021.75,Put DEX 1,DEX,-2633.028,7503.89566136634,9253.042967490148
2026-08-18 12:35:04,8000.0,8021.75,Put VEX 1,VEX,-11726255.309,7503.89566136634,9253.042967490148
2026-08-18 12:35:04,8200.0,8222.25,Put VEX 4,VEX,-779667.04,7503.89566136634,9253.042967490148
2026-08-18 12:35:04,8500.0,8523.25,Put DEX 2,DEX,-102.744,7503.89566136634,9253.042967490148
2026-08-18 12:35:58,7000.0,7019.0,Call DEX 1,DEX,557.661,7504.077084180779,9252.889489692465
2026-08-18 12:35:58,7000.0,7019.0,Put GEX 2,GEX,-672798.711,7504.077084180779,9252.889489692465
2026-08-18 12:35:58,7000.0,7019.0,Call VEX 1,VEX,6810694.452,7504.077084180779,9252.889489692465
2026-08-18 12:35:58,7300.0,7319.75,Call DEX 5,DEX,294.208,7504.077084180779,9252.889489692465
2026-08-18 12:35:58,7300.0,7319.75,Call VEX 5,VEX,2024558.11,7504.077084180779,9252.889489692465
2026-08-18 12:35:58,7400.0,7420.0,Call VEX 4,VEX,2462867.837,7504.077084180779,9252.889489692465
2026-08-18 12:35:58,7450.0,7470.0,Call DEX 4,DEX,337.573,7504.077084180779,9252.889489692465
2026-08-18 12:35:58,7500.0,7520.25,Call CEX 4,CEX,1847481.349,7504.077084180779,9252.889489692465
2026-08-18 12:35:58,7500.0,7520.25,Call DEX 2,DEX,544.396,7504.077084180779,9252.889489692465
2026-08-18 12:35:58,7500.0,7520.25,Put GEX 4,GEX,-356465.707,7504.077084180779,9252.889489692465
2026-08-18 12:35:58,7500.0,7520.25,Call VEX 2,VEX,3647515.908,7504.077084180779,9252.889489692465
2026-08-18 12:35:58,7600.0,7620.5,Call CEX 2,CEX,2105520.316,7504.077084180779,9252.889489692465
2026-08-18 12:35:58,7600.0,7620.5,Call DEX 3,DEX,440.981,7504.077084180779,9252.889489692465
2026-08-18 12:35:58,7600.0,7620.5,Call VEX 3,VEX,2597953.881,7504.077084180779,9252.889489692465
2026-08-18 12:35:58,7635.0,7655.5,Call CEX 1,CEX,2461835.197,7504.077084180779,9252.889489692465
2026-08-18 12:35:58,7650.0,7670.75,Call CEX 5,CEX,1830928.756,7504.077084180779,9252.889489692465
2026-08-18 12:35:58,7690.0,7710.75,Call CEX 3,CEX,2073432.349,7504.077084180779,9252.889489692465
2026-08-18 12:35:58,7690.0,7710.75,Put GEX 5,GEX,-340141.013,7504.077084180779,9252.889489692465
2026-08-18 12:35:58,7695.0,7715.75,Put GEX 3,GEX,-518209.254,7504.077084180779,9252.889489692465
2026-08-18 12:35:58,7700.0,7720.75,Put CEX 2,CEX,-2385505.868,7504.077084180779,9252.889489692465
2026-08-18 12:35:58,7700.0,7720.75,Put GEX 1,GEX,-1438857.793,7504.077084180779,9252.889489692465
2026-08-18 12:35:58,7705.0,7725.75,Put CEX 5,CEX,-1515618.423,7504.077084180779,9252.889489692465
2026-08-18 12:35:58,7720.0,7740.75,Put DEX 5,DEX,-36.759,7504.077084180779,9252.889489692465
2026-08-18 12:35:58,7735.0,7756.0,Put DEX 4,DEX,-43.971,7504.077084180779,9252.889489692465
2026-08-18 12:35:58,7750.0,7771.0,Put CEX 3,CEX,-1992621.02,7504.077084180779,9252.889489692465
2026-08-18 12:35:58,7750.0,7771.0,Call GEX 4,GEX,286295.487,7504.077084180779,9252.889489692465
2026-08-18 12:35:58,7750.0,7771.0,Put VEX 5,VEX,-675185.674,7504.077084180779,9252.889489692465
2026-08-18 12:35:58,7775.0,7796.0,Call GEX 5,GEX,256131.933,7504.077084180779,9252.889489692465
2026-08-18 12:35:58,7800.0,7821.0,Put CEX 4,CEX,-1848831.838,7504.077084180779,9252.889489692465
2026-08-18 12:35:58,7800.0,7821.0,Put DEX 3,DEX,-53.187,7504.077084180779,9252.889489692465
2026-08-18 12:35:58,7800.0,7821.0,Call GEX 2,GEX,516840.197,7504.077084180779,9252.889489692465
2026-08-18 12:35:58,7800.0,7821.0,Put VEX 3,VEX,-1218455.817,7504.077084180779,9252.889489692465
2026-08-18 12:35:58,7850.0,7871.25,Call GEX 3,GEX,301581.704,7504.077084180779,9252.889489692465
2026-08-18 12:35:58,7900.0,7921.25,Call GEX 1,GEX,695154.202,7504.077084180779,9252.889489692465
2026-08-18 12:35:58,7900.0,7921.25,Put VEX 2,VEX,-1219551.571,7504.077084180779,9252.889489692465
2026-08-18 12:35:58,8000.0,8021.5,Put CEX 1,CEX,-4761580.605,7504.077084180779,9252.889489692465
2026-08-18 12:35:58,8000.0,8021.5,Put DEX 1,DEX,-2630.315,7504.077084180779,9252.889489692465
2026-08-18 12:35:58,8000.0,8021.5,Put VEX 1,VEX,-11790589.474,7504.077084180779,9252.889489692465
2026-08-18 12:35:58,8200.0,8222.25,Put VEX 4,VEX,-779755.988,7504.077084180779,9252.889489692465
2026-08-18 12:35:58,8500.0,8523.0,Put DEX 2,DEX,-102.662,7504.077084180779,9252.889489692465
2026-08-18 12:36:54,7000.0,7018.75,Call DEX 1,DEX,572.041,7503.384103162416,9251.194845363629
2026-08-18 12:36:54,7000.0,7018.75,Put GEX 2,GEX,-673618.401,7503.384103162416,9251.194845363629
2026-08-18 12:36:54,7000.0,7018.75,Call VEX 1,VEX,6795533.671,7503.384103162416,9251.194845363629
2026-08-18 12:36:54,7300.0,7319.5,Call VEX 5,VEX,2010532.047,7503.384103162416,9251.194845363629
2026-08-18 12:36:54,7400.0,7419.75,Call DEX 5,DEX,335.361,7503.384103162416,9251.194845363629
2026-08-18 12:36:54,7400.0,7419.75,Call VEX 4,VEX,2488219.767,7503.384103162416,9251.194845363629
2026-08-18 12:36:54,7450.0,7470.0,Call DEX 4,DEX,338.845,7503.384103162416,9251.194845363629
2026-08-18 12:36:54,7500.0,7520.0,Call DEX 2,DEX,547.471,7503.384103162416,9251.194845363629
2026-08-18 12:36:54,7500.0,7520.0,Put GEX 4,GEX,-374048.006,7503.384103162416,9251.194845363629
2026-08-18 12:36:54,7500.0,7520.0,Call VEX 2,VEX,3614488.441,7503.384103162416,9251.194845363629
2026-08-18 12:36:54,7600.0,7620.25,Call CEX 2,CEX,2156792.685,7503.384103162416,9251.194845363629
2026-08-18 12:36:54,7600.0,7620.25,Call DEX 3,DEX,442.387,7503.384103162416,9251.194845363629
2026-08-18 12:36:54,7600.0,7620.25,Call VEX 3,VEX,2606136.184,7503.384103162416,9251.194845363629
2026-08-18 12:36:54,7635.0,7655.5,Call CEX 1,CEX,2469789.251,7503.384103162416,9251.194845363629
2026-08-18 12:36:54,7650.0,7670.5,Call CEX 5,CEX,1853473.333,7503.384103162416,9251.194845363629
2026-08-18 12:36:54,7690.0,7710.5,Call CEX 3,CEX,1999670.163,7503.384103162416,9251.194845363629
2026-08-18 12:36:54,7695.0,7715.5,Call CEX 4,CEX,1860993.928,7503.384103162416,9251.194845363629
2026-08-18 12:36:54,7695.0,7715.5,Put GEX 3,GEX,-492169.526,7503.384103162416,9251.194845363629
2026-08-18 12:36:54,7700.0,7720.5,Put CEX 4,CEX,-1322203.607,7503.384103162416,9251.194845363629
2026-08-18 12:36:54,7700.0,7720.5,Put GEX 1,GEX,-1620467.643,7503.384103162416,9251.194845363629
2026-08-18 12:36:54,7720.0,7740.5,Put DEX 5,DEX,-36.467,7503.384103162416,9251.194845363629
2026-08-18 12:36:54,7720.0,7740.5,Put GEX 5,GEX,-319412.058,7503.384103162416,9251.194845363629
2026-08-18 12:36:54,7735.0,7755.75,Put DEX 4,DEX,-43.612,7503.384103162416,9251.194845363629
2026-08-18 12:36:54,7750.0,7770.75,Put CEX 2,CEX,-1990801.589,7503.384103162416,9251.194845363629
2026-08-18 12:36:54,7750.0,7770.75,Call GEX 4,GEX,286856.136,7503.384103162416,9251.194845363629
2026-08-18 12:36:54,7750.0,7770.75,Put VEX 5,VEX,-666640.659,7503.384103162416,9251.194845363629
2026-08-18 12:36:54,7775.0,7795.75,Call GEX 5,GEX,258930.197,7503.384103162416,9251.194845363629
2026-08-18 12:36:54,7800.0,7820.75,Put CEX 3,CEX,-1857963.465,7503.384103162416,9251.194845363629
2026-08-18 12:36:54,7800.0,7820.75,Put DEX 3,DEX,-51.951,7503.384103162416,9251.194845363629
2026-08-18 12:36:54,7800.0,7820.75,Call GEX 2,GEX,523733.949,7503.384103162416,9251.194845363629
2026-08-18 12:36:54,7800.0,7820.75,Put VEX 3,VEX,-1212607.499,7503.384103162416,9251.194845363629
2026-08-18 12:36:54,7850.0,7871.0,Call GEX 3,GEX,302371.857,7503.384103162416,9251.194845363629
2026-08-18 12:36:54,7900.0,7921.0,Put CEX 5,CEX,-1042968.42,7503.384103162416,9251.194845363629
2026-08-18 12:36:54,7900.0,7921.0,Call GEX 1,GEX,696960.785,7503.384103162416,9251.194845363629
2026-08-18 12:36:54,7900.0,7921.0,Put VEX 2,VEX,-1219624.504,7503.384103162416,9251.194845363629
2026-08-18 12:36:54,8000.0,8021.25,Put CEX 1,CEX,-4432414.806,7503.384103162416,9251.194845363629
2026-08-18 12:36:54,8000.0,8021.25,Put DEX 1,DEX,-2633.416,7503.384103162416,9251.194845363629
2026-08-18 12:36:54,8000.0,8021.25,Put VEX 1,VEX,-11627176.359,7503.384103162416,9251.194845363629
2026-08-18 12:36:54,8200.0,8222.0,Put VEX 4,VEX,-781029.814,7503.384103162416,9251.194845363629
2026-08-18 12:36:54,8500.0,8522.75,Put DEX 2,DEX,-102.985,7503.384103162416,9251.194845363629
2026-08-18 12:37:43,7000.0,7019.25,Call DEX 1,DEX,1604.362,7504.520774483245,9253.2976820634
2026-08-18 12:37:43,7000.0,7019.25,Put GEX 2,GEX,-653782.443,7504.520774483245,9253.2976820634
2026-08-18 12:37:43,7000.0,7019.25,Call VEX 1,VEX,6951518.899,7504.520774483245,9253.2976820634
2026-08-18 12:37:43,7300.0,7320.25,Call VEX 5,VEX,2027602.33,7504.520774483245,9253.2976820634
2026-08-18 12:37:43,7400.0,7420.5,Call DEX 5,DEX,333.117,7504.520774483245,9253.2976820634
2026-08-18 12:37:43,7400.0,7420.5,Call VEX 4,VEX,2517974.891,7504.520774483245,9253.2976820634
2026-08-18 12:37:43,7450.0,7470.5,Call DEX 4,DEX,336.763,7504.520774483245,9253.2976820634
2026-08-18 12:37:43,7500.0,7520.75,Call CEX 4,CEX,1931181.843,7504.520774483245,9253.2976820634
2026-08-18 12:37:43,7500.0,7520.75,Call DEX 2,DEX,542.303,7504.520774483245,9253.2976820634
2026-08-18 12:37:43,7500.0,7520.75,Put GEX 5,GEX,-340873.533,7504.520774483245,9253.2976820634
2026-08-18 12:37:43,7500.0,7520.75,Call VEX 2,VEX,3680358.445,7504.520774483245,9253.2976820634
2026-08-18 12:37:43,7600.0,7621.0,Call CEX 2,CEX,2234665.125,7504.520774483245,9253.2976820634
2026-08-18 12:37:43,7600.0,7621.0,Call DEX 3,DEX,438.293,7504.520774483245,9253.2976820634
2026-08-18 12:37:43,7600.0,7621.0,Call VEX 3,VEX,2603941.145,7504.520774483245,9253.2976820634
2026-08-18 12:37:43,7635.0,7656.0,Call CEX 1,CEX,2515408.891,7504.520774483245,9253.2976820634
2026-08-18 12:37:43,7650.0,7671.0,Call CEX 5,CEX,1895054.625,7504.520774483245,9253.2976820634
2026-08-18 12:37:43,7690.0,7711.25,Call CEX 3,CEX,2028776.675,7504.520774483245,9253.2976820634
2026-08-18 12:37:43,7690.0,7711.25,Put GEX 4,GEX,-340962.292,7504.520774483245,9253.2976820634
2026-08-18 12:37:43,7695.0,7716.25,Put GEX 3,GEX,-575779.949,7504.520774483245,9253.2976820634
2026-08-18 12:37:43,7700.0,7721.25,Put CEX 1,CEX,-3328570.577,7504.520774483245,9253.2976820634
2026-08-18 12:37:43,7700.0,7721.25,Put GEX 1,GEX,-1928076.989,7504.520774483245,9253.2976820634
2026-08-18 12:37:43,7720.0,7741.25,Put DEX 5,DEX,-37.324,7504.520774483245,9253.2976820634
2026-08-18 12:37:43,7735.0,7756.25,Put DEX 4,DEX,-44.524,7504.520774483245,9253.2976820634
2026-08-18 12:37:43,7750.0,7771.25,Put CEX 3,CEX,-1974988.7,7504.520774483245,9253.2976820634
2026-08-18 12:37:43,7750.0,7771.25,Call GEX 5,GEX,286895.137,7504.520774483245,9253.2976820634
2026-08-18 12:37:43,7750.0,7771.25,Put VEX 5,VEX,-674548.679,7504.520774483245,9253.2976820634
2026-08-18 12:37:43,7800.0,7821.5,Put CEX 4,CEX,-1795435.95,7504.520774483245,9253.2976820634
2026-08-18 12:37:43,7800.0,7821.5,Put DEX 3,DEX,-50.547,7504.520774483245,9253.2976820634
2026-08-18 12:37:43,7800.0,7821.5,Call GEX 2,GEX,534973.7,7504.520774483245,9253.2976820634
2026-08-18 12:37:43,7800.0,7821.5,Put VEX 3,VEX,-1199623.523,7504.520774483245,9253.2976820634
2026-08-18 12:37:43,7850.0,7871.75,Call GEX 4,GEX,301575.1,7504.520774483245,9253.2976820634
2026-08-18 12:37:43,7900.0,7921.75,Put CEX 5,CEX,-1041553.738,7504.520774483245,9253.2976820634
2026-08-18 12:37:43,7900.0,7921.75,Call GEX 1,GEX,694694.818,7504.520774483245,9253.2976820634
2026-08-18 12:37:43,7900.0,7921.75,Put VEX 2,VEX,-1219392.061,7504.520774483245,9253.2976820634
2026-08-18 12:37:43,8000.0,8022.0,Put CEX 2,CEX,-3158946.974,7504.520774483245,9253.2976820634
2026-08-18 12:37:43,8000.0,8022.0,Put DEX 1,DEX,-1622.731,7504.520774483245,9253.2976820634
2026-08-18 12:37:43,8000.0,8022.0,Call GEX 3,GEX,442448.303,7504.520774483245,9253.2976820634
2026-08-18 12:37:43,8000.0,8022.0,Put VEX 1,VEX,-11004370.296,7504.520774483245,9253.2976820634
2026-08-18 12:37:43,8200.0,8222.5,Put VEX 4,VEX,-779280.392,7504.520774483245,9253.2976820634
2026-08-18 12:37:43,8500.0,8523.5,Put DEX 2,DEX,-103.415,7504.520774483245,9253.2976820634
2026-08-18 12:38:33,7000.0,7018.5,Call DEX 1,DEX,560.032,7503.618633641138,9251.35438023028
2026-08-18 12:38:33,7000.0,7018.5,Put GEX 2,GEX,-677152.296,7503.618633641138,9251.35438023028
2026-08-18 12:38:33,7000.0,7018.5,Call VEX 1,VEX,6769900.878,7503.618633641138,9251.35438023028
2026-08-18 12:38:33,7300.0,7319.25,Call DEX 5,DEX,295.611,7503.618633641138,9251.35438023028
2026-08-18 12:38:33,7300.0,7319.25,Call VEX 5,VEX,2008281.321,7503.618633641138,9251.35438023028
2026-08-18 12:38:33,7400.0,7419.5,Call VEX 4,VEX,2459294.742,7503.618633641138,9251.35438023028
2026-08-18 12:38:33,7450.0,7469.75,Call DEX 4,DEX,338.84,7503.618633641138,9251.35438023028
2026-08-18 12:38:33,7500.0,7519.75,Call DEX 2,DEX,547.387,7503.618633641138,9251.35438023028
2026-08-18 12:38:33,7500.0,7519.75,Put GEX 4,GEX,-375151.488,7503.618633641138,9251.35438023028
2026-08-18 12:38:33,7500.0,7519.75,Call VEX 2,VEX,3610726.736,7503.618633641138,9251.35438023028
2026-08-18 12:38:33,7600.0,7620.0,Call CEX 3,CEX,2040243.579,7503.618633641138,9251.35438023028
2026-08-18 12:38:33,7600.0,7620.0,Call DEX 3,DEX,443.502,7503.618633641138,9251.35438023028
2026-08-18 12:38:33,7600.0,7620.0,Call VEX 3,VEX,2601813.058,7503.618633641138,9251.35438023028
2026-08-18 12:38:33,7635.0,7655.25,Call CEX 1,CEX,2503220.518,7503.618633641138,9251.35438023028
2026-08-18 12:38:33,7650.0,7670.25,Call CEX 5,CEX,1832540.727,7503.618633641138,9251.35438023028
2026-08-18 12:38:33,7690.0,7710.25,Call CEX 2,CEX,2062631.427,7503.618633641138,9251.35438023028
2026-08-18 12:38:33,7690.0,7710.25,Put GEX 5,GEX,-314393.579,7503.618633641138,9251.35438023028
2026-08-18 12:38:33,7695.0,7715.25,Call CEX 4,CEX,1876678.179,7503.618633641138,9251.35438023028
2026-08-18 12:38:33,7695.0,7715.25,Put GEX 3,GEX,-484902.071,7503.618633641138,9251.35438023028
2026-08-18 12:38:33,7700.0,7720.25,Put CEX 5,CEX,-1304881.002,7503.618633641138,9251.35438023028
2026-08-18 12:38:33,7700.0,7720.25,Put GEX 1,GEX,-1422631.859,7503.618633641138,9251.35438023028
2026-08-18 12:38:33,7705.0,7725.25,Put CEX 4,CEX,-1782044.577,7503.618633641138,9251.35438023028
2026-08-18 12:38:33,7720.0,7740.5,Put DEX 5,DEX,-36.212,7503.618633641138,9251.35438023028
2026-08-18 12:38:33,7735.0,7755.5,Put DEX 4,DEX,-43.419,7503.618633641138,9251.35438023028
2026-08-18 12:38:33,7750.0,7770.5,Put CEX 2,CEX,-2005519.942,7503.618633641138,9251.35438023028
2026-08-18 12:38:33,7750.0,7770.5,Call GEX 4,GEX,286063.456,7503.618633641138,9251.35438023028
2026-08-18 12:38:33,7750.0,7770.5,Put VEX 5,VEX,-667739.987,7503.618633641138,9251.35438023028
2026-08-18 12:38:33,7775.0,7795.5,Call GEX 5,GEX,258482.276,7503.618633641138,9251.35438023028
2026-08-18 12:38:33,7800.0,7820.5,Put CEX 3,CEX,-1883648.183,7503.618633641138,9251.35438023028
2026-08-18 12:38:33,7800.0,7820.5,Put DEX 3,DEX,-51.278,7503.618633641138,9251.35438023028
2026-08-18 12:38:33,7800.0,7820.5,Call GEX 2,GEX,520276.852,7503.618633641138,9251.35438023028
2026-08-18 12:38:33,7800.0,7820.5,Put VEX 3,VEX,-1219152.755,7503.618633641138,9251.35438023028
2026-08-18 12:38:33,7850.0,7870.75,Call GEX 3,GEX,302412.748,7503.618633641138,9251.35438023028
2026-08-18 12:38:33,7900.0,7920.75,Call GEX 1,GEX,696993.235,7503.618633641138,9251.35438023028
2026-08-18 12:38:33,7900.0,7920.75,Put VEX 2,VEX,-1219592.333,7503.618633641138,9251.35438023028
2026-08-18 12:38:33,8000.0,8021.25,Put CEX 1,CEX,-4923490.293,7503.618633641138,9251.35438023028
2026-08-18 12:38:33,8000.0,8021.25,Put DEX 1,DEX,-2621.658,7503.618633641138,9251.35438023028
2026-08-18 12:38:33,8000.0,8021.25,Put VEX 1,VEX,-11856968.967,7503.618633641138,9251.35438023028
2026-08-18 12:38:33,8200.0,8221.75,Put VEX 4,VEX,-781099.907,7503.618633641138,9251.35438023028
2026-08-18 12:38:33,8500.0,8522.5,Put DEX 2,DEX,-102.499,7503.618633641138,9251.35438023028
2026-08-18 12:39:13,7000.0,7019.0,Call DEX 1,DEX,560.032,7503.618633641138,9251.35438023028
2026-08-18 12:39:13,7000.0,7019.0,Put GEX 2,GEX,-677152.296,7503.618633641138,9251.35438023028
2026-08-18 12:39:13,7000.0,7019.0,Call VEX 1,VEX,6769900.878,7503.618633641138,9251.35438023028
2026-08-18 12:39:13,7300.0,7319.75,Call DEX 5,DEX,295.611,7503.618633641138,9251.35438023028
2026-08-18 12:39:13,7300.0,7319.75,Call VEX 5,VEX,2008281.321,7503.618633641138,9251.35438023028
2026-08-18 12:39:13,7400.0,7420.0,Call VEX 4,VEX,2459294.742,7503.618633641138,9251.35438023028
2026-08-18 12:39:13,7450.0,7470.25,Call DEX 4,DEX,338.84,7503.618633641138,9251.35438023028
2026-08-18 12:39:13,7500.0,7520.25,Call DEX 2,DEX,547.387,7503.618633641138,9251.35438023028
2026-08-18 12:39:13,7500.0,7520.25,Put GEX 4,GEX,-375151.488,7503.618633641138,9251.35438023028
2026-08-18 12:39:13,7500.0,7520.25,Call VEX 2,VEX,3610726.736,7503.618633641138,9251.35438023028
2026-08-18 12:39:13,7600.0,7620.5,Call CEX 3,CEX,2040243.579,7503.618633641138,9251.35438023028
2026-08-18 12:39:13,7600.0,7620.5,Call DEX 3,DEX,443.502,7503.618633641138,9251.35438023028
2026-08-18 12:39:13,7600.0,7620.5,Call VEX 3,VEX,2601813.058,7503.618633641138,9251.35438023028
2026-08-18 12:39:13,7635.0,7655.75,Call CEX 1,CEX,2503220.518,7503.618633641138,9251.35438023028
2026-08-18 12:39:13,7650.0,7670.75,Call CEX 5,CEX,1832540.727,7503.618633641138,9251.35438023028
2026-08-18 12:39:13,7690.0,7710.75,Call CEX 2,CEX,2062631.427,7503.618633641138,9251.35438023028
2026-08-18 12:39:13,7690.0,7710.75,Put GEX 5,GEX,-314393.579,7503.618633641138,9251.35438023028
2026-08-18 12:39:13,7695.0,7715.75,Call CEX 4,CEX,1876678.179,7503.618633641138,9251.35438023028
2026-08-18 12:39:13,7695.0,7715.75,Put GEX 3,GEX,-484902.071,7503.618633641138,9251.35438023028
2026-08-18 12:39:13,7700.0,7720.75,Put CEX 5,CEX,-1304881.002,7503.618633641138,9251.35438023028
2026-08-18 12:39:13,7700.0,7720.75,Put GEX 1,GEX,-1422631.859,7503.618633641138,9251.35438023028
2026-08-18 12:39:13,7705.0,7725.75,Put CEX 4,CEX,-1782044.577,7503.618633641138,9251.35438023028
2026-08-18 12:39:13,7720.0,7740.75,Put DEX 5,DEX,-36.212,7503.618633641138,9251.35438023028
2026-08-18 12:39:13,7735.0,7756.0,Put DEX 4,DEX,-43.419,7503.618633641138,9251.35438023028
2026-08-18 12:39:13,7750.0,7771.0,Put CEX 2,CEX,-2005519.942,7503.618633641138,9251.35438023028
2026-08-18 12:39:13,7750.0,7771.0,Call GEX 4,GEX,286063.456,7503.618633641138,9251.35438023028
2026-08-18 12:39:13,7750.0,7771.0,Put VEX 5,VEX,-667739.987,7503.618633641138,9251.35438023028
2026-08-18 12:39:13,7775.0,7796.0,Call GEX 5,GEX,258482.276,7503.618633641138,9251.35438023028
2026-08-18 12:39:13,7800.0,7821.0,Put CEX 3,CEX,-1883648.183,7503.618633641138,9251.35438023028
2026-08-18 12:39:13,7800.0,7821.0,Put DEX 3,DEX,-51.278,7503.618633641138,9251.35438023028
2026-08-18 12:39:13,7800.0,7821.0,Call GEX 2,GEX,520276.852,7503.618633641138,9251.35438023028
2026-08-18 12:39:13,7800.0,7821.0,Put VEX 3,VEX,-1219152.755,7503.618633641138,9251.35438023028
2026-08-18 12:39:13,7850.0,7871.25,Call GEX 3,GEX,302412.748,7503.618633641138,9251.35438023028
2026-08-18 12:39:13,7900.0,7921.25,Call GEX 1,GEX,696993.235,7503.618633641138,9251.35438023028
2026-08-18 12:39:13,7900.0,7921.25,Put VEX 2,VEX,-1219592.333,7503.618633641138,9251.35438023028
2026-08-18 12:39:13,8000.0,8021.5,Put CEX 1,CEX,-4923490.293,7503.618633641138,9251.35438023028
2026-08-18 12:39:13,8000.0,8021.5,Put DEX 1,DEX,-2621.658,7503.618633641138,9251.35438023028
2026-08-18 12:39:13,8000.0,8021.5,Put VEX 1,VEX,-11856968.967,7503.618633641138,9251.35438023028
2026-08-18 12:39:13,8200.0,8222.25,Put VEX 4,VEX,-781099.907,7503.618633641138,9251.35438023028
2026-08-18 12:39:13,8500.0,8523.0,Put DEX 2,DEX,-102.499,7503.618633641138,9251.35438023028
2026-08-18 12:40:09,7000.0,7019.0,Call DEX 1,DEX,559.355,7502.517613950998,9251.632047208928
2026-08-18 12:40:09,7000.0,7019.0,Put GEX 2,GEX,-671752.405,7502.517613950998,9251.632047208928
2026-08-18 12:40:09,7000.0,7019.0,Call VEX 1,VEX,6779059.006,7502.517613950998,9251.632047208928
2026-08-18 12:40:09,7300.0,7319.75,Call DEX 5,DEX,295.537,7502.517613950998,9251.632047208928
2026-08-18 12:40:09,7300.0,7319.75,Call VEX 5,VEX,2003489.875,7502.517613950998,9251.632047208928
2026-08-18 12:40:09,7400.0,7420.0,Call VEX 4,VEX,2459948.928,7502.517613950998,9251.632047208928
2026-08-18 12:40:09,7450.0,7470.0,Call DEX 4,DEX,338.028,7502.517613950998,9251.632047208928
2026-08-18 12:40:09,7500.0,7520.25,Call DEX 2,DEX,544.455,7502.517613950998,9251.632047208928
2026-08-18 12:40:09,7500.0,7520.25,Put GEX 4,GEX,-362580.349,7502.517613950998,9251.632047208928
2026-08-18 12:40:09,7500.0,7520.25,Call VEX 2,VEX,3632845.107,7502.517613950998,9251.632047208928
2026-08-18 12:40:09,7600.0,7620.5,Call CEX 2,CEX,2084261.671,7502.517613950998,9251.632047208928
2026-08-18 12:40:09,7600.0,7620.5,Call DEX 3,DEX,444.11,7502.517613950998,9251.632047208928
2026-08-18 12:40:09,7600.0,7620.5,Call VEX 3,VEX,2603014.559,7502.517613950998,9251.632047208928
2026-08-18 12:40:09,7635.0,7655.5,Call CEX 1,CEX,2535795.57,7502.517613950998,9251.632047208928
2026-08-18 12:40:09,7650.0,7670.75,Call CEX 5,CEX,1861087.124,7502.517613950998,9251.632047208928
2026-08-18 12:40:09,7690.0,7710.75,Call CEX 3,CEX,2000132.83,7502.517613950998,9251.632047208928
2026-08-18 12:40:09,7695.0,7715.75,Call CEX 4,CEX,1985844.413,7502.517613950998,9251.632047208928
2026-08-18 12:40:09,7695.0,7715.75,Put GEX 3,GEX,-470786.765,7502.517613950998,9251.632047208928
2026-08-18 12:40:09,7700.0,7720.75,Put GEX 1,GEX,-1452591.108,7502.517613950998,9251.632047208928
2026-08-18 12:40:09,7705.0,7725.75,Put CEX 4,CEX,-1806837.1,7502.517613950998,9251.632047208928
2026-08-18 12:40:09,7720.0,7740.75,Put DEX 5,DEX,-36.013,7502.517613950998,9251.632047208928
2026-08-18 12:40:09,7720.0,7740.75,Put GEX 5,GEX,-311272.838,7502.517613950998,9251.632047208928
2026-08-18 12:40:09,7735.0,7755.75,Put DEX 4,DEX,-43.359,7502.517613950998,9251.632047208928
2026-08-18 12:40:09,7750.0,7771.0,Put CEX 2,CEX,-2007298.24,7502.517613950998,9251.632047208928
2026-08-18 12:40:09,7750.0,7771.0,Call GEX 4,GEX,287015.083,7502.517613950998,9251.632047208928
2026-08-18 12:40:09,7750.0,7771.0,Put VEX 5,VEX,-663485.185,7502.517613950998,9251.632047208928
2026-08-18 12:40:09,7775.0,7796.0,Call GEX 5,GEX,260678.319,7502.517613950998,9251.632047208928
2026-08-18 12:40:09,7800.0,7821.0,Put CEX 3,CEX,-1893626.613,7502.517613950998,9251.632047208928
2026-08-18 12:40:09,7800.0,7821.0,Put DEX 3,DEX,-50.623,7502.517613950998,9251.632047208928
2026-08-18 12:40:09,7800.0,7821.0,Call GEX 2,GEX,522606.311,7502.517613950998,9251.632047208928
2026-08-18 12:40:09,7800.0,7821.0,Put VEX 3,VEX,-1218445.768,7502.517613950998,9251.632047208928
2026-08-18 12:40:09,7850.0,7871.25,Call GEX 3,GEX,303989.972,7502.517613950998,9251.632047208928
2026-08-18 12:40:09,7900.0,7921.25,Put CEX 5,CEX,-1068659.188,7502.517613950998,9251.632047208928
2026-08-18 12:40:09,7900.0,7921.25,Call GEX 1,GEX,699568.752,7502.517613950998,9251.632047208928
2026-08-18 12:40:09,7900.0,7921.25,Put VEX 2,VEX,-1222380.822,7502.517613950998,9251.632047208928
2026-08-18 12:40:09,8000.0,8021.5,Put CEX 1,CEX,-4796683.451,7502.517613950998,9251.632047208928
2026-08-18 12:40:09,8000.0,8021.5,Put DEX 1,DEX,-2625.345,7502.517613950998,9251.632047208928
2026-08-18 12:40:09,8000.0,8021.5,Put VEX 1,VEX,-11798015.85,7502.517613950998,9251.632047208928
2026-08-18 12:40:09,8200.0,8222.0,Put VEX 4,VEX,-781562.658,7502.517613950998,9251.632047208928
2026-08-18 12:40:09,8500.0,8523.0,Put DEX 2,DEX,-102.559,7502.517613950998,9251.632047208928
2026-08-18 12:40:57,7000.0,7018.75,Call DEX 1,DEX,559.156,7504.209756616102,9253.15122605312
2026-08-18 12:40:57,7000.0,7018.75,Put GEX 2,GEX,-675648.165,7504.209756616102,9253.15122605312
2026-08-18 12:40:57,7000.0,7018.75,Call VEX 1,VEX,6784834.282,7504.209756616102,9253.15122605312
2026-08-18 12:40:57,7300.0,7319.5,Call DEX 5,DEX,294.983,7504.209756616102,9253.15122605312
2026-08-18 12:40:57,7300.0,7319.5,Call VEX 5,VEX,2016005.784,7504.209756616102,9253.15122605312
2026-08-18 12:40:57,7400.0,7419.75,Call VEX 4,VEX,2460418.034,7504.209756616102,9253.15122605312
2026-08-18 12:40:57,7450.0,7470.0,Call DEX 4,DEX,337.693,7504.209756616102,9253.15122605312
2026-08-18 12:40:57,7500.0,7520.0,Call DEX 2,DEX,545.228,7504.209756616102,9253.15122605312
2026-08-18 12:40:57,7500.0,7520.0,Put GEX 4,GEX,-367344.227,7504.209756616102,9253.15122605312
2026-08-18 12:40:57,7500.0,7520.0,Call VEX 2,VEX,3624192.182,7504.209756616102,9253.15122605312
2026-08-18 12:40:57,7600.0,7620.5,Call CEX 2,CEX,2101450.887,7504.209756616102,9253.15122605312
2026-08-18 12:40:57,7600.0,7620.5,Call DEX 3,DEX,442.591,7504.209756616102,9253.15122605312
2026-08-18 12:40:57,7600.0,7620.5,Call VEX 3,VEX,2599369.31,7504.209756616102,9253.15122605312
2026-08-18 12:40:57,7635.0,7655.5,Call CEX 1,CEX,2573090.896,7504.209756616102,9253.15122605312
2026-08-18 12:40:57,7650.0,7670.5,Call CEX 5,CEX,1871441.823,7504.209756616102,9253.15122605312
2026-08-18 12:40:57,7690.0,7710.75,Call CEX 3,CEX,2043213.342,7504.209756616102,9253.15122605312
2026-08-18 12:40:57,7690.0,7710.75,Put GEX 5,GEX,-312116.285,7504.209756616102,9253.15122605312
2026-08-18 12:40:57,7695.0,7715.75,Call CEX 4,CEX,1913276.069,7504.209756616102,9253.15122605312
2026-08-18 12:40:57,7695.0,7715.75,Put GEX 3,GEX,-518007.819,7504.209756616102,9253.15122605312
2026-08-18 12:40:57,7700.0,7720.75,Put CEX 3,CEX,-1967448.757,7504.209756616102,9253.15122605312
2026-08-18 12:40:57,7700.0,7720.75,Put GEX 1,GEX,-1536524.117,7504.209756616102,9253.15122605312
2026-08-18 12:40:57,7705.0,7725.75,Put CEX 5,CEX,-1740429.853,7504.209756616102,9253.15122605312
2026-08-18 12:40:57,7720.0,7740.75,Put DEX 5,DEX,-36.498,7504.209756616102,9253.15122605312
2026-08-18 12:40:57,7735.0,7755.75,Put DEX 4,DEX,-43.618,7504.209756616102,9253.15122605312
2026-08-18 12:40:57,7750.0,7770.75,Put CEX 2,CEX,-2007854.918,7504.209756616102,9253.15122605312
2026-08-18 12:40:57,7750.0,7770.75,Call GEX 4,GEX,288701.058,7504.209756616102,9253.15122605312
2026-08-18 12:40:57,7750.0,7770.75,Put VEX 5,VEX,-670316.063,7504.209756616102,9253.15122605312
2026-08-18 12:40:57,7775.0,7795.75,Call GEX 5,GEX,257783.814,7504.209756616102,9253.15122605312
2026-08-18 12:40:57,7800.0,7821.0,Put CEX 4,CEX,-1881998.479,7504.209756616102,9253.15122605312
2026-08-18 12:40:57,7800.0,7821.0,Put DEX 3,DEX,-52.05,7504.209756616102,9253.15122605312
2026-08-18 12:40:57,7800.0,7821.0,Call GEX 2,GEX,518555.317,7504.209756616102,9253.15122605312
2026-08-18 12:40:57,7800.0,7821.0,Put VEX 3,VEX,-1219875.713,7504.209756616102,9253.15122605312
2026-08-18 12:40:57,7850.0,7871.0,Call GEX 3,GEX,302350.368,7504.209756616102,9253.15122605312
2026-08-18 12:40:57,7900.0,7921.25,Call GEX 1,GEX,696766.412,7504.209756616102,9253.15122605312
2026-08-18 12:40:57,7900.0,7921.25,Put VEX 2,VEX,-1220163.717,7504.209756616102,9253.15122605312
2026-08-18 12:40:57,8000.0,8021.5,Put CEX 1,CEX,-4841160.372,7504.209756616102,9253.15122605312
2026-08-18 12:40:57,8000.0,8021.5,Put DEX 1,DEX,-2625.638,7504.209756616102,9253.15122605312
2026-08-18 12:40:57,8000.0,8021.5,Put VEX 1,VEX,-11816637.746,7504.209756616102,9253.15122605312
2026-08-18 12:40:57,8200.0,8222.0,Put VEX 4,VEX,-777437.519,7504.209756616102,9253.15122605312
2026-08-18 12:40:57,8500.0,8522.75,Put DEX 2,DEX,-102.586,7504.209756616102,9253.15122605312
2026-08-18 12:41:48,7000.0,7019.0,Call DEX 1,DEX,567.83,7528.971365807646,9252.70986448408
2026-08-18 12:41:48,7000.0,7019.0,Put GEX 2,GEX,-669872.515,7528.971365807646,9252.70986448408
2026-08-18 12:41:48,7000.0,7019.0,Call VEX 1,VEX,6853834.268,7528.971365807646,9252.70986448408
2026-08-18 12:41:48,7300.0,7319.75,Call VEX 5,VEX,2020971.708,7528.971365807646,9252.70986448408
2026-08-18 12:41:48,7400.0,7420.0,Call DEX 5,DEX,333.615,7528.971365807646,9252.70986448408
2026-08-18 12:41:48,7400.0,7420.0,Call VEX 4,VEX,2510439.315,7528.971365807646,9252.70986448408
2026-08-18 12:41:48,7450.0,7470.25,Call DEX 4,DEX,335.774,7528.971365807646,9252.70986448408
2026-08-18 12:41:48,7500.0,7520.25,Call CEX 5,CEX,1909707.393,7528.971365807646,9252.70986448408
2026-08-18 12:41:48,7500.0,7520.25,Call DEX 2,DEX,540.684,7528.971365807646,9252.70986448408
2026-08-18 12:41:48,7500.0,7520.25,Put GEX 5,GEX,-350627.802,7528.971365807646,9252.70986448408
2026-08-18 12:41:48,7500.0,7520.25,Call VEX 2,VEX,3661013.434,7528.971365807646,9252.70986448408
2026-08-18 12:41:48,7600.0,7620.5,Call CEX 2,CEX,2217182.793,7528.971365807646,9252.70986448408
2026-08-18 12:41:48,7600.0,7620.5,Call DEX 3,DEX,436.471,7528.971365807646,9252.70986448408
2026-08-18 12:41:48,7600.0,7620.5,Call VEX 3,VEX,2589883.99,7528.971365807646,9252.70986448408
2026-08-18 12:41:48,7635.0,7655.75,Call CEX 1,CEX,2637500.208,7528.971365807646,9252.70986448408
2026-08-18 12:41:48,7650.0,7670.75,Call CEX 4,CEX,1936628.674,7528.971365807646,9252.70986448408
2026-08-18 12:41:48,7690.0,7710.75,Call CEX 3,CEX,2143669.013,7528.971365807646,9252.70986448408
2026-08-18 12:41:48,7690.0,7710.75,Put GEX 4,GEX,-369385.688,7528.971365807646,9252.70986448408
2026-08-18 12:41:48,7695.0,7715.75,Put GEX 3,GEX,-663715.126,7528.971365807646,9252.70986448408
2026-08-18 12:41:48,7700.0,7721.0,Put CEX 1,CEX,-5308493.313,7528.971365807646,9252.70986448408
2026-08-18 12:41:48,7700.0,7721.0,Put GEX 1,GEX,-1897868.578,7528.971365807646,9252.70986448408
2026-08-18 12:41:48,7720.0,7741.0,Put DEX 5,DEX,-37.824,7528.971365807646,9252.70986448408
2026-08-18 12:41:48,7735.0,7756.0,Put DEX 4,DEX,-44.858,7528.971365807646,9252.70986448408
2026-08-18 12:41:48,7750.0,7771.0,Put CEX 3,CEX,-1997428.18,7528.971365807646,9252.70986448408
2026-08-18 12:41:48,7750.0,7771.0,Call GEX 4,GEX,284858.641,7528.971365807646,9252.70986448408
2026-08-18 12:41:48,7750.0,7771.0,Put VEX 5,VEX,-685000.322,7528.971365807646,9252.70986448408
2026-08-18 12:41:48,7800.0,7821.25,Put CEX 4,CEX,-1821123.811,7528.971365807646,9252.70986448408
2026-08-18 12:41:48,7800.0,7821.25,Put DEX 3,DEX,-56.312,7528.971365807646,9252.70986448408
2026-08-18 12:41:48,7800.0,7821.25,Call GEX 2,GEX,528476.781,7528.971365807646,9252.70986448408
2026-08-18 12:41:48,7800.0,7821.25,Put VEX 3,VEX,-1211221.369,7528.971365807646,9252.70986448408
2026-08-18 12:41:48,7850.0,7871.25,Call GEX 3,GEX,300358.935,7528.971365807646,9252.70986448408
2026-08-18 12:41:48,7900.0,7921.5,Put CEX 5,CEX,-1063704.027,7528.971365807646,9252.70986448408
2026-08-18 12:41:48,7900.0,7921.5,Call GEX 1,GEX,691736.747,7528.971365807646,9252.70986448408
2026-08-18 12:41:48,7900.0,7921.5,Put VEX 2,VEX,-1221392.594,7528.971365807646,9252.70986448408
2026-08-18 12:41:48,8000.0,8021.75,Put CEX 2,CEX,-4168120.236,7528.971365807646,9252.70986448408
2026-08-18 12:41:48,8000.0,8021.75,Put DEX 1,DEX,-2631.927,7528.971365807646,9252.70986448408
2026-08-18 12:41:48,8000.0,8021.75,Call GEX 5,GEX,269840.082,7528.971365807646,9252.70986448408
2026-08-18 12:41:48,8000.0,8021.75,Put VEX 1,VEX,-11509769.606,7528.971365807646,9252.70986448408
2026-08-18 12:41:48,8200.0,8222.25,Put VEX 4,VEX,-774568.864,7528.971365807646,9252.70986448408
2026-08-18 12:41:48,8500.0,8523.0,Put DEX 2,DEX,-103.18,7528.971365807646,9252.70986448408
2026-08-18 12:42:35,7000.0,7019.0,Call DEX 1,DEX,569.078,7520.829440063892,9252.212529968672
2026-08-18 12:42:35,7000.0,7019.0,Put GEX 2,GEX,-674393.172,7520.829440063892,9252.212529968672
2026-08-18 12:42:35,7000.0,7019.0,Call VEX 1,VEX,6826196.307,7520.829440063892,9252.212529968672
2026-08-18 12:42:35,7300.0,7319.75,Call VEX 5,VEX,2018037.255,7520.829440063892,9252.212529968672
2026-08-18 12:42:35,7400.0,7420.0,Call DEX 5,DEX,334.177,7520.829440063892,9252.212529968672
2026-08-18 12:42:35,7400.0,7420.0,Call VEX 4,VEX,2499562.389,7520.829440063892,9252.212529968672
2026-08-18 12:42:35,7450.0,7470.25,Call DEX 4,DEX,336.153,7520.829440063892,9252.212529968672
2026-08-18 12:42:35,7500.0,7520.25,Call CEX 5,CEX,1860553.206,7520.829440063892,9252.212529968672
2026-08-18 12:42:35,7500.0,7520.25,Call DEX 2,DEX,542.032,7520.829440063892,9252.212529968672
2026-08-18 12:42:35,7500.0,7520.25,Put GEX 5,GEX,-365841.855,7520.829440063892,9252.212529968672
2026-08-18 12:42:35,7500.0,7520.25,Call VEX 2,VEX,3633756.995,7520.829440063892,9252.212529968672
2026-08-18 12:42:35,7600.0,7620.5,Call CEX 2,CEX,2225111.705,7520.829440063892,9252.212529968672
2026-08-18 12:42:35,7600.0,7620.5,Call DEX 3,DEX,436.61,7520.829440063892,9252.212529968672
2026-08-18 12:42:35,7600.0,7620.5,Call VEX 3,VEX,2592798.992,7520.829440063892,9252.212529968672
2026-08-18 12:42:35,7635.0,7655.75,Call CEX 1,CEX,2659484.403,7520.829440063892,9252.212529968672
2026-08-18 12:42:35,7650.0,7670.75,Call CEX 4,CEX,1944332.046,7520.829440063892,9252.212529968672
2026-08-18 12:42:35,7690.0,7710.75,Call CEX 3,CEX,2203108.357,7520.829440063892,9252.212529968672
2026-08-18 12:42:35,7690.0,7710.75,Put GEX 4,GEX,-373436.522,7520.829440063892,9252.212529968672
2026-08-18 12:42:35,7695.0,7715.75,Put GEX 3,GEX,-649494.996,7520.829440063892,9252.212529968672
2026-08-18 12:42:35,7700.0,7721.0,Put CEX 1,CEX,-5023227.202,7520.829440063892,9252.212529968672
2026-08-18 12:42:35,7700.0,7721.0,Put GEX 1,GEX,-1739887.593,7520.829440063892,9252.212529968672
2026-08-18 12:42:35,7720.0,7741.0,Put DEX 5,DEX,-37.738,7520.829440063892,9252.212529968672
2026-08-18 12:42:35,7735.0,7756.0,Put DEX 4,DEX,-44.839,7520.829440063892,9252.212529968672
2026-08-18 12:42:35,7750.0,7771.0,Put CEX 3,CEX,-2000112.134,7520.829440063892,9252.212529968672
2026-08-18 12:42:35,7750.0,7771.0,Call GEX 4,GEX,286316.55,7520.829440063892,9252.212529968672
2026-08-18 12:42:35,7750.0,7771.0,Put VEX 5,VEX,-684907.816,7520.829440063892,9252.212529968672
2026-08-18 12:42:35,7775.0,7796.0,Call GEX 5,GEX,253411.805,7520.829440063892,9252.212529968672
2026-08-18 12:42:35,7800.0,7821.25,Put CEX 4,CEX,-1833753.806,7520.829440063892,9252.212529968672
2026-08-18 12:42:35,7800.0,7821.25,Put DEX 3,DEX,-56.266,7520.829440063892,9252.212529968672
2026-08-18 12:42:35,7800.0,7821.25,Call GEX 2,GEX,528118.517,7520.829440063892,9252.212529968672
2026-08-18 12:42:35,7800.0,7821.25,Put VEX 3,VEX,-1212085.76,7520.829440063892,9252.212529968672
2026-08-18 12:42:35,7850.0,7871.25,Call GEX 3,GEX,300062.498,7520.829440063892,9252.212529968672
2026-08-18 12:42:35,7900.0,7921.5,Put CEX 5,CEX,-1070096.78,7520.829440063892,9252.212529968672
2026-08-18 12:42:35,7900.0,7921.5,Call GEX 1,GEX,691827.971,7520.829440063892,9252.212529968672
2026-08-18 12:42:35,7900.0,7921.5,Put VEX 2,VEX,-1222481.761,7520.829440063892,9252.212529968672
2026-08-18 12:42:35,8000.0,8021.75,Put CEX 2,CEX,-4288924.269,7520.829440063892,9252.212529968672
2026-08-18 12:42:35,8000.0,8021.75,Put DEX 1,DEX,-2630.184,7520.829440063892,9252.212529968672
2026-08-18 12:42:35,8000.0,8021.75,Put VEX 1,VEX,-11566627.064,7520.829440063892,9252.212529968672
2026-08-18 12:42:35,8200.0,8222.25,Put VEX 4,VEX,-777448.223,7520.829440063892,9252.212529968672
2026-08-18 12:42:35,8500.0,8523.0,Put DEX 2,DEX,-103.0,7520.829440063892,9252.212529968672
2026-08-18 12:43:23,7000.0,7018.75,Call DEX 1,DEX,557.193,7510.884767924685,9250.253765642528
2026-08-18 12:43:23,7000.0,7018.75,Put GEX 2,GEX,-672663.821,7510.884767924685,9250.253765642528
2026-08-18 12:43:23,7000.0,7018.75,Call VEX 1,VEX,6814630.952,7510.884767924685,9250.253765642528
2026-08-18 12:43:23,7300.0,7319.5,Call VEX 5,VEX,1995975.288,7510.884767924685,9250.253765642528
2026-08-18 12:43:23,7400.0,7419.75,Call DEX 5,DEX,333.072,7510.884767924685,9250.253765642528
2026-08-18 12:43:23,7400.0,7419.75,Call VEX 4,VEX,2487321.89,7510.884767924685,9250.253765642528
2026-08-18 12:43:23,7450.0,7470.0,Call DEX 4,DEX,337.336,7510.884767924685,9250.253765642528
2026-08-18 12:43:23,7500.0,7520.0,Call CEX 5,CEX,1844682.314,7510.884767924685,9250.253765642528
2026-08-18 12:43:23,7500.0,7520.0,Call DEX 2,DEX,542.296,7510.884767924685,9250.253765642528
2026-08-18 12:43:23,7500.0,7520.0,Put GEX 4,GEX,-361934.087,7510.884767924685,9250.253765642528
2026-08-18 12:43:23,7500.0,7520.0,Call VEX 2,VEX,3634921.985,7510.884767924685,9250.253765642528
2026-08-18 12:43:23,7600.0,7620.25,Call CEX 2,CEX,2181166.868,7510.884767924685,9250.253765642528
2026-08-18 12:43:23,7600.0,7620.25,Call DEX 3,DEX,439.496,7510.884767924685,9250.253765642528
2026-08-18 12:43:23,7600.0,7620.25,Call VEX 3,VEX,2595507.715,7510.884767924685,9250.253765642528
2026-08-18 12:43:23,7635.0,7655.5,Call CEX 1,CEX,2659515.624,7510.884767924685,9250.253765642528
2026-08-18 12:43:23,7650.0,7670.5,Call CEX 4,CEX,1941618.739,7510.884767924685,9250.253765642528
2026-08-18 12:43:23,7690.0,7710.5,Call CEX 3,CEX,2117130.208,7510.884767924685,9250.253765642528
2026-08-18 12:43:23,7690.0,7710.5,Put GEX 5,GEX,-332309.245,7510.884767924685,9250.253765642528
2026-08-18 12:43:23,7695.0,7715.5,Put GEX 3,GEX,-585417.952,7510.884767924685,9250.253765642528
2026-08-18 12:43:23,7700.0,7720.5,Put CEX 2,CEX,-3534761.859,7510.884767924685,9250.253765642528
2026-08-18 12:43:23,7700.0,7720.5,Put GEX 1,GEX,-1771280.004,7510.884767924685,9250.253765642528
2026-08-18 12:43:23,7720.0,7740.5,Put DEX 5,DEX,-37.145,7510.884767924685,9250.253765642528
2026-08-18 12:43:23,7735.0,7755.75,Put DEX 4,DEX,-44.205,7510.884767924685,9250.253765642528
2026-08-18 12:43:23,7750.0,7770.75,Put CEX 3,CEX,-2013778.871,7510.884767924685,9250.253765642528
2026-08-18 12:43:23,7750.0,7770.75,Call GEX 4,GEX,285362.924,7510.884767924685,9250.253765642528
2026-08-18 12:43:23,7750.0,7770.75,Put VEX 5,VEX,-678015.616,7510.884767924685,9250.253765642528
2026-08-18 12:43:23,7775.0,7795.75,Call GEX 5,GEX,255294.171,7510.884767924685,9250.253765642528
2026-08-18 12:43:23,7800.0,7820.75,Put CEX 4,CEX,-1862652.665,7510.884767924685,9250.253765642528
2026-08-18 12:43:23,7800.0,7820.75,Put DEX 3,DEX,-54.265,7510.884767924685,9250.253765642528
2026-08-18 12:43:23,7800.0,7820.75,Call GEX 2,GEX,526133.054,7510.884767924685,9250.253765642528
2026-08-18 12:43:23,7800.0,7820.75,Put VEX 3,VEX,-1213812.225,7510.884767924685,9250.253765642528
2026-08-18 12:43:23,7850.0,7871.0,Call GEX 3,GEX,301804.821,7510.884767924685,9250.253765642528
2026-08-18 12:43:23,7900.0,7921.0,Put CEX 5,CEX,-1079729.324,7510.884767924685,9250.253765642528
2026-08-18 12:43:23,7900.0,7921.0,Call GEX 1,GEX,694138.48,7510.884767924685,9250.253765642528
2026-08-18 12:43:23,7900.0,7921.0,Put VEX 2,VEX,-1222499.868,7510.884767924685,9250.253765642528
2026-08-18 12:43:23,8000.0,8021.25,Put CEX 1,CEX,-4437985.217,7510.884767924685,9250.253765642528
2026-08-18 12:43:23,8000.0,8021.25,Put DEX 1,DEX,-2636.086,7510.884767924685,9250.253765642528
2026-08-18 12:43:23,8000.0,8021.25,Put VEX 1,VEX,-11626662.459,7510.884767924685,9250.253765642528
2026-08-18 12:43:23,8200.0,8222.0,Put VEX 4,VEX,-777210.895,7510.884767924685,9250.253765642528
2026-08-18 12:43:23,8500.0,8522.75,Put DEX 2,DEX,-102.907,7510.884767924685,9250.253765642528
2026-08-18 12:44:10,7000.0,7019.0,Call DEX 1,DEX,558.099,7504.444864416225,9249.51812641524
2026-08-18 12:44:10,7000.0,7019.0,Put GEX 2,GEX,-671553.756,7504.444864416225,9249.51812641524
2026-08-18 12:44:10,7000.0,7019.0,Call VEX 1,VEX,6790769.759,7504.444864416225,9249.51812641524
2026-08-18 12:44:10,7300.0,7319.75,Call VEX 5,VEX,1993635.467,7504.444864416225,9249.51812641524
2026-08-18 12:44:10,7400.0,7420.0,Call DEX 5,DEX,328.7,7504.444864416225,9249.51812641524
2026-08-18 12:44:10,7400.0,7420.0,Call VEX 4,VEX,2488171.612,7504.444864416225,9249.51812641524
2026-08-18 12:44:10,7450.0,7470.25,Call DEX 4,DEX,336.868,7504.444864416225,9249.51812641524
2026-08-18 12:44:10,7500.0,7520.5,Call DEX 2,DEX,544.078,7504.444864416225,9249.51812641524
2026-08-18 12:44:10,7500.0,7520.5,Put GEX 4,GEX,-352999.908,7504.444864416225,9249.51812641524
2026-08-18 12:44:10,7500.0,7520.5,Call VEX 2,VEX,3653932.541,7504.444864416225,9249.51812641524
2026-08-18 12:44:10,7600.0,7620.75,Call CEX 2,CEX,2196016.226,7504.444864416225,9249.51812641524
2026-08-18 12:44:10,7600.0,7620.75,Call DEX 3,DEX,440.482,7504.444864416225,9249.51812641524
2026-08-18 12:44:10,7600.0,7620.75,Call VEX 3,VEX,2599733.883,7504.444864416225,9249.51812641524
2026-08-18 12:44:10,7635.0,7655.75,Call CEX 1,CEX,2672157.255,7504.444864416225,9249.51812641524
2026-08-18 12:44:10,7650.0,7670.75,Call CEX 5,CEX,1951315.264,7504.444864416225,9249.51812641524
2026-08-18 12:44:10,7690.0,7711.0,Call CEX 3,CEX,2124008.232,7504.444864416225,9249.51812641524
2026-08-18 12:44:10,7690.0,7711.0,Put GEX 5,GEX,-320870.307,7504.444864416225,9249.51812641524
2026-08-18 12:44:10,7695.0,7716.0,Call CEX 4,CEX,1966809.974,7504.444864416225,9249.51812641524
2026-08-18 12:44:10,7695.0,7716.0,Put GEX 3,GEX,-555503.993,7504.444864416225,9249.51812641524
2026-08-18 12:44:10,7700.0,7721.0,Put CEX 2,CEX,-2840502.521,7504.444864416225,9249.51812641524
2026-08-18 12:44:10,7700.0,7721.0,Put GEX 1,GEX,-1827188.652,7504.444864416225,9249.51812641524
2026-08-18 12:44:10,7720.0,7741.0,Put DEX 5,DEX,-36.86,7504.444864416225,9249.51812641524
2026-08-18 12:44:10,7735.0,7756.0,Put DEX 4,DEX,-44.048,7504.444864416225,9249.51812641524
2026-08-18 12:44:10,7750.0,7771.0,Put CEX 3,CEX,-2017092.004,7504.444864416225,9249.51812641524
2026-08-18 12:44:10,7750.0,7771.0,Call GEX 4,GEX,284326.628,7504.444864416225,9249.51812641524
2026-08-18 12:44:10,7750.0,7771.0,Put VEX 5,VEX,-673623.48,7504.444864416225,9249.51812641524
2026-08-18 12:44:10,7775.0,7796.25,Call GEX 5,GEX,257445.862,7504.444864416225,9249.51812641524
2026-08-18 12:44:10,7800.0,7821.25,Put CEX 4,CEX,-1865440.219,7504.444864416225,9249.51812641524
2026-08-18 12:44:10,7800.0,7821.25,Put DEX 3,DEX,-53.614,7504.444864416225,9249.51812641524
2026-08-18 12:44:10,7800.0,7821.25,Call GEX 2,GEX,530300.178,7504.444864416225,9249.51812641524
2026-08-18 12:44:10,7800.0,7821.25,Put VEX 3,VEX,-1209925.195,7504.444864416225,9249.51812641524
2026-08-18 12:44:10,7850.0,7871.25,Call GEX 3,GEX,302452.476,7504.444864416225,9249.51812641524
2026-08-18 12:44:10,7900.0,7921.5,Put CEX 5,CEX,-1084019.645,7504.444864416225,9249.51812641524
2026-08-18 12:44:10,7900.0,7921.5,Call GEX 1,GEX,695897.174,7504.444864416225,9249.51812641524
2026-08-18 12:44:10,7900.0,7921.5,Put VEX 2,VEX,-1220913.678,7504.444864416225,9249.51812641524
2026-08-18 12:44:10,8000.0,8021.75,Put CEX 1,CEX,-4426726.362,7504.444864416225,9249.51812641524
2026-08-18 12:44:10,8000.0,8021.75,Put DEX 1,DEX,-2634.452,7504.444864416225,9249.51812641524
2026-08-18 12:44:10,8000.0,8021.75,Put VEX 1,VEX,-11618061.404,7504.444864416225,9249.51812641524
2026-08-18 12:44:10,8200.0,8222.25,Put VEX 4,VEX,-780895.788,7504.444864416225,9249.51812641524
2026-08-18 12:44:10,8500.0,8523.0,Put DEX 2,DEX,-102.955,7504.444864416225,9249.51812641524
2026-08-18 12:45:06,7000.0,7019.0,Call DEX 1,DEX,571.429,7515.12590080378,9249.937563752128
2026-08-18 12:45:06,7000.0,7019.0,Put GEX 2,GEX,-669946.007,7515.12590080378,9249.937563752128
2026-08-18 12:45:06,7000.0,7019.0,Call VEX 1,VEX,6793477.173,7515.12590080378,9249.937563752128
2026-08-18 12:45:06,7400.0,7420.0,Call DEX 5,DEX,334.027,7515.12590080378,9249.937563752128
2026-08-18 12:45:06,7400.0,7420.0,Call VEX 4,VEX,2502374.27,7515.12590080378,9249.937563752128
2026-08-18 12:45:06,7450.0,7470.0,Call DEX 4,DEX,337.235,7515.12590080378,9249.937563752128
2026-08-18 12:45:06,7450.0,7470.0,Call VEX 5,VEX,1995593.856,7515.12590080378,9249.937563752128
2026-08-18 12:45:06,7500.0,7520.25,Call DEX 2,DEX,543.792,7515.12590080378,9249.937563752128
2026-08-18 12:45:06,7500.0,7520.25,Put GEX 4,GEX,-346369.845,7515.12590080378,9249.937563752128
2026-08-18 12:45:06,7500.0,7520.25,Call VEX 2,VEX,3658467.399,7515.12590080378,9249.937563752128
2026-08-18 12:45:06,7600.0,7620.5,Call CEX 2,CEX,2203271.243,7515.12590080378,9249.937563752128
2026-08-18 12:45:06,7600.0,7620.5,Call DEX 3,DEX,440.434,7515.12590080378,9249.937563752128
2026-08-18 12:45:06,7600.0,7620.5,Call VEX 3,VEX,2600235.994,7515.12590080378,9249.937563752128
2026-08-18 12:45:06,7635.0,7655.5,Call CEX 1,CEX,2693123.664,7515.12590080378,9249.937563752128
2026-08-18 12:45:06,7650.0,7670.75,Call CEX 5,CEX,1971778.758,7515.12590080378,9249.937563752128
2026-08-18 12:45:06,7690.0,7710.75,Call CEX 4,CEX,2051680.572,7515.12590080378,9249.937563752128
2026-08-18 12:45:06,7695.0,7715.75,Call CEX 3,CEX,2057551.376,7515.12590080378,9249.937563752128
2026-08-18 12:45:06,7695.0,7715.75,Put GEX 3,GEX,-556666.976,7515.12590080378,9249.937563752128
2026-08-18 12:45:06,7700.0,7720.75,Put CEX 2,CEX,-2654457.377,7515.12590080378,9249.937563752128
2026-08-18 12:45:06,7700.0,7720.75,Put GEX 1,GEX,-1934041.904,7515.12590080378,9249.937563752128
2026-08-18 12:45:06,7720.0,7740.75,Put DEX 5,DEX,-36.873,7515.12590080378,9249.937563752128
2026-08-18 12:45:06,7720.0,7740.75,Put GEX 5,GEX,-321463.463,7515.12590080378,9249.937563752128
2026-08-18 12:45:06,7735.0,7756.0,Put DEX 4,DEX,-44.047,7515.12590080378,9249.937563752128
2026-08-18 12:45:06,7750.0,7771.0,Put CEX 3,CEX,-2012436.69,7515.12590080378,9249.937563752128
2026-08-18 12:45:06,7750.0,7771.0,Call GEX 4,GEX,284230.107,7515.12590080378,9249.937563752128
2026-08-18 12:45:06,7750.0,7771.0,Put VEX 5,VEX,-670580.599,7515.12590080378,9249.937563752128
2026-08-18 12:45:06,7800.0,7821.0,Put CEX 4,CEX,-1864654.351,7515.12590080378,9249.937563752128
2026-08-18 12:45:06,7800.0,7821.0,Put DEX 3,DEX,-53.529,7515.12590080378,9249.937563752128
2026-08-18 12:45:06,7800.0,7821.0,Call GEX 2,GEX,528547.385,7515.12590080378,9249.937563752128
2026-08-18 12:45:06,7800.0,7821.0,Put VEX 3,VEX,-1206697.451,7515.12590080378,9249.937563752128
2026-08-18 12:45:06,7850.0,7871.25,Call GEX 3,GEX,302635.836,7515.12590080378,9249.937563752128
2026-08-18 12:45:06,7900.0,7921.25,Put CEX 5,CEX,-1089906.065,7515.12590080378,9249.937563752128
2026-08-18 12:45:06,7900.0,7921.25,Call GEX 1,GEX,695987.987,7515.12590080378,9249.937563752128
2026-08-18 12:45:06,7900.0,7921.25,Put VEX 2,VEX,-1220654.876,7515.12590080378,9249.937563752128
2026-08-18 12:45:06,8000.0,8021.5,Put CEX 1,CEX,-4229861.827,7515.12590080378,9249.937563752128
2026-08-18 12:45:06,8000.0,8021.5,Put DEX 1,DEX,-2623.588,7515.12590080378,9249.937563752128
2026-08-18 12:45:06,8000.0,8021.5,Call GEX 5,GEX,269530.939,7515.12590080378,9249.937563752128
2026-08-18 12:45:06,8000.0,8021.5,Put VEX 1,VEX,-11528330.069,7515.12590080378,9249.937563752128
2026-08-18 12:45:06,8200.0,8222.25,Put VEX 4,VEX,-781946.243,7515.12590080378,9249.937563752128
2026-08-18 12:45:06,8500.0,8523.0,Put DEX 2,DEX,-103.158,7515.12590080378,9249.937563752128
2026-08-18 12:46:00,7000.0,7018.75,Call DEX 1,DEX,558.371,7504.885744695311,9249.93493140118
2026-08-18 12:46:00,7000.0,7018.75,Put GEX 2,GEX,-674865.65,7504.885744695311,9249.93493140118
2026-08-18 12:46:00,7000.0,7018.75,Call VEX 1,VEX,6779709.021,7504.885744695311,9249.93493140118
2026-08-18 12:46:00,7300.0,7319.5,Call VEX 5,VEX,1993812.836,7504.885744695311,9249.93493140118
2026-08-18 12:46:00,7400.0,7419.75,Call VEX 4,VEX,2466881.065,7504.885744695311,9249.93493140118
2026-08-18 12:46:00,7450.0,7470.0,Call DEX 4,DEX,337.729,7504.885744695311,9249.93493140118
2026-08-18 12:46:00,7500.0,7520.0,Call DEX 2,DEX,544.246,7504.885744695311,9249.93493140118
2026-08-18 12:46:00,7500.0,7520.0,Put GEX 4,GEX,-377218.328,7504.885744695311,9249.93493140118
2026-08-18 12:46:00,7500.0,7520.0,Call VEX 2,VEX,3593902.034,7504.885744695311,9249.93493140118
2026-08-18 12:46:00,7550.0,7570.25,Call DEX 5,DEX,289.078,7504.885744695311,9249.93493140118
2026-08-18 12:46:00,7600.0,7620.25,Call CEX 3,CEX,2124269.07,7504.885744695311,9249.93493140118
2026-08-18 12:46:00,7600.0,7620.25,Call DEX 3,DEX,440.668,7504.885744695311,9249.93493140118
2026-08-18 12:46:00,7600.0,7620.25,Call VEX 3,VEX,2596822.216,7504.885744695311,9249.93493140118
2026-08-18 12:46:00,7635.0,7655.5,Call CEX 1,CEX,2715104.605,7504.885744695311,9249.93493140118
2026-08-18 12:46:00,7650.0,7670.5,Call CEX 5,CEX,1942307.356,7504.885744695311,9249.93493140118
2026-08-18 12:46:00,7690.0,7710.5,Call CEX 2,CEX,2165157.278,7504.885744695311,9249.93493140118
2026-08-18 12:46:00,7690.0,7710.5,Put GEX 5,GEX,-316860.102,7504.885744695311,9249.93493140118
2026-08-18 12:46:00,7695.0,7715.5,Call CEX 4,CEX,1999959.338,7504.885744695311,9249.93493140118
2026-08-18 12:46:00,7695.0,7715.5,Put GEX 3,GEX,-535254.799,7504.885744695311,9249.93493140118
2026-08-18 12:46:00,7700.0,7720.5,Put CEX 2,CEX,-2435687.43,7504.885744695311,9249.93493140118
2026-08-18 12:46:00,7700.0,7720.5,Put GEX 1,GEX,-1597308.835,7504.885744695311,9249.93493140118
2026-08-18 12:46:00,7705.0,7725.5,Put CEX 5,CEX,-1582339.883,7504.885744695311,9249.93493140118
2026-08-18 12:46:00,7720.0,7740.75,Put DEX 5,DEX,-36.624,7504.885744695311,9249.93493140118
2026-08-18 12:46:00,7735.0,7755.75,Put DEX 4,DEX,-43.772,7504.885744695311,9249.93493140118
2026-08-18 12:46:00,7750.0,7770.75,Put CEX 3,CEX,-2021904.337,7504.885744695311,9249.93493140118
2026-08-18 12:46:00,7750.0,7770.75,Call GEX 4,GEX,284740.686,7504.885744695311,9249.93493140118
2026-08-18 12:46:00,7750.0,7770.75,Put VEX 5,VEX,-670704.078,7504.885744695311,9249.93493140118
2026-08-18 12:46:00,7775.0,7795.75,Call GEX 5,GEX,256280.607,7504.885744695311,9249.93493140118
2026-08-18 12:46:00,7800.0,7820.75,Put CEX 4,CEX,-1898040.236,7504.885744695311,9249.93493140118
2026-08-18 12:46:00,7800.0,7820.75,Put DEX 3,DEX,-52.424,7504.885744695311,9249.93493140118
2026-08-18 12:46:00,7800.0,7820.75,Call GEX 2,GEX,518055.965,7504.885744695311,9249.93493140118
2026-08-18 12:46:00,7800.0,7820.75,Put VEX 3,VEX,-1218159.82,7504.885744695311,9249.93493140118
2026-08-18 12:46:00,7850.0,7871.0,Call GEX 3,GEX,302734.162,7504.885744695311,9249.93493140118
2026-08-18 12:46:00,7900.0,7921.0,Call GEX 1,GEX,696175.011,7504.885744695311,9249.93493140118
2026-08-18 12:46:00,7900.0,7921.0,Put VEX 2,VEX,-1220973.999,7504.885744695311,9249.93493140118
2026-08-18 12:46:00,8000.0,8021.25,Put CEX 1,CEX,-4762048.506,7504.885744695311,9249.93493140118
2026-08-18 12:46:00,8000.0,8021.25,Put DEX 1,DEX,-2626.084,7504.885744695311,9249.93493140118
2026-08-18 12:46:00,8000.0,8021.25,Put VEX 1,VEX,-11775648.944,7504.885744695311,9249.93493140118
2026-08-18 12:46:00,8200.0,8222.0,Put VEX 4,VEX,-778945.414,7504.885744695311,9249.93493140118
2026-08-18 12:46:00,8500.0,8522.75,Put DEX 2,DEX,-102.603,7504.885744695311,9249.93493140118
2026-08-18 12:46:55,7000.0,7018.75,Call CEX 1,CEX,2964926.753,7501.950711852378,9249.063365206352
2026-08-18 12:46:55,7000.0,7018.75,Call DEX 1,DEX,1561.506,7501.950711852378,9249.063365206352
2026-08-18 12:46:55,7000.0,7018.75,Put GEX 2,GEX,-557565.245,7501.950711852378,9249.063365206352
2026-08-18 12:46:55,7000.0,7018.75,Call VEX 1,VEX,7630625.711,7501.950711852378,9249.063365206352
2026-08-18 12:46:55,7300.0,7319.5,Call VEX 5,VEX,1992117.773,7501.950711852378,9249.063365206352
2026-08-18 12:46:55,7400.0,7419.75,Call DEX 5,DEX,334.123,7501.950711852378,9249.063365206352
2026-08-18 12:46:55,7400.0,7419.75,Call VEX 4,VEX,2468166.149,7501.950711852378,9249.063365206352
2026-08-18 12:46:55,7450.0,7470.0,Call DEX 4,DEX,338.115,7501.950711852378,9249.063365206352
2026-08-18 12:46:55,7500.0,7520.25,Call DEX 2,DEX,544.999,7501.950711852378,9249.063365206352
2026-08-18 12:46:55,7500.0,7520.25,Put GEX 4,GEX,-377576.88,7501.950711852378,9249.063365206352
2026-08-18 12:46:55,7500.0,7520.25,Call VEX 2,VEX,3593547.037,7501.950711852378,9249.063365206352
2026-08-18 12:46:55,7600.0,7620.5,Call CEX 3,CEX,2174633.055,7501.950711852378,9249.063365206352
2026-08-18 12:46:55,7600.0,7620.5,Call DEX 3,DEX,441.732,7501.950711852378,9249.063365206352
2026-08-18 12:46:55,7600.0,7620.5,Call VEX 3,VEX,2602243.664,7501.950711852378,9249.063365206352
2026-08-18 12:46:55,7635.0,7655.5,Call CEX 2,CEX,2734239.831,7501.950711852378,9249.063365206352
2026-08-18 12:46:55,7690.0,7710.75,Call CEX 5,CEX,2086649.118,7501.950711852378,9249.063365206352
2026-08-18 12:46:55,7695.0,7715.75,Call CEX 4,CEX,2152832.893,7501.950711852378,9249.063365206352
2026-08-18 12:46:55,7695.0,7715.75,Put GEX 3,GEX,-516838.053,7501.950711852378,9249.063365206352
2026-08-18 12:46:55,7700.0,7720.75,Put CEX 4,CEX,-1763012.108,7501.950711852378,9249.063365206352
2026-08-18 12:46:55,7700.0,7720.75,Put GEX 1,GEX,-1704405.431,7501.950711852378,9249.063365206352
2026-08-18 12:46:55,7705.0,7725.75,Put CEX 5,CEX,-1623082.33,7501.950711852378,9249.063365206352
2026-08-18 12:46:55,7720.0,7740.75,Put DEX 5,DEX,-36.412,7501.950711852378,9249.063365206352
2026-08-18 12:46:55,7720.0,7740.75,Put GEX 5,GEX,-316050.222,7501.950711852378,9249.063365206352
2026-08-18 12:46:55,7735.0,7755.75,Put DEX 4,DEX,-43.718,7501.950711852378,9249.063365206352
2026-08-18 12:46:55,7750.0,7770.75,Put CEX 2,CEX,-2024758.513,7501.950711852378,9249.063365206352
2026-08-18 12:46:55,7750.0,7770.75,Call GEX 5,GEX,285625.461,7501.950711852378,9249.063365206352
2026-08-18 12:46:55,7750.0,7770.75,Put VEX 5,VEX,-666775.129,7501.950711852378,9249.063365206352
2026-08-18 12:46:55,7800.0,7821.0,Put CEX 3,CEX,-1894910.478,7501.950711852378,9249.063365206352
2026-08-18 12:46:55,7800.0,7821.0,Put DEX 3,DEX,-51.956,7501.950711852378,9249.063365206352
2026-08-18 12:46:55,7800.0,7821.0,Call GEX 2,GEX,524727.027,7501.950711852378,9249.063365206352
2026-08-18 12:46:55,7800.0,7821.0,Put VEX 3,VEX,-1212270.7,7501.950711852378,9249.063365206352
2026-08-18 12:46:55,7850.0,7871.0,Call GEX 4,GEX,303507.505,7501.950711852378,9249.063365206352
2026-08-18 12:46:55,7900.0,7921.25,Call GEX 1,GEX,697180.904,7501.950711852378,9249.063365206352
2026-08-18 12:46:55,7900.0,7921.25,Put VEX 2,VEX,-1220737.073,7501.950711852378,9249.063365206352
2026-08-18 12:46:55,8000.0,8021.5,Put CEX 1,CEX,-3212633.026,7501.950711852378,9249.063365206352
2026-08-18 12:46:55,8000.0,8021.5,Put DEX 1,DEX,-1626.537,7501.950711852378,9249.063365206352
2026-08-18 12:46:55,8000.0,8021.5,Call GEX 3,GEX,451150.749,7501.950711852378,9249.063365206352
2026-08-18 12:46:55,8000.0,8021.5,Put VEX 1,VEX,-11000979.643,7501.950711852378,9249.063365206352
2026-08-18 12:46:55,8200.0,8222.0,Put VEX 4,VEX,-779356.298,7501.950711852378,9249.063365206352
2026-08-18 12:46:55,8500.0,8522.75,Put DEX 2,DEX,-102.772,7501.950711852378,9249.063365206352
2026-08-18 12:47:49,7000.0,7018.75,Call DEX 1,DEX,568.363,7519.98206177262,9253.135048377462
2026-08-18 12:47:49,7000.0,7018.75,Put GEX 3,GEX,-673398.768,7519.98206177262,9253.135048377462
2026-08-18 12:47:49,7000.0,7018.75,Call VEX 1,VEX,6823284.867,7519.98206177262,9253.135048377462
2026-08-18 12:47:49,7300.0,7319.75,Call VEX 5,VEX,2019898.884,7519.98206177262,9253.135048377462
2026-08-18 12:47:49,7400.0,7420.0,Call DEX 5,DEX,333.613,7519.98206177262,9253.135048377462
2026-08-18 12:47:49,7400.0,7420.0,Call VEX 4,VEX,2504630.878,7519.98206177262,9253.135048377462
2026-08-18 12:47:49,7450.0,7470.0,Call DEX 4,DEX,335.07,7519.98206177262,9253.135048377462
2026-08-18 12:47:49,7500.0,7520.25,Call CEX 5,CEX,1959216.161,7519.98206177262,9253.135048377462
2026-08-18 12:47:49,7500.0,7520.25,Call DEX 2,DEX,540.083,7519.98206177262,9253.135048377462
2026-08-18 12:47:49,7500.0,7520.25,Put GEX 5,GEX,-337597.699,7519.98206177262,9253.135048377462
2026-08-18 12:47:49,7500.0,7520.25,Call VEX 2,VEX,3680957.193,7519.98206177262,9253.135048377462
2026-08-18 12:47:49,7600.0,7620.5,Call CEX 3,CEX,2242028.855,7519.98206177262,9253.135048377462
2026-08-18 12:47:49,7600.0,7620.5,Call DEX 3,DEX,435.734,7519.98206177262,9253.135048377462
2026-08-18 12:47:49,7600.0,7620.5,Call VEX 3,VEX,2589661.433,7519.98206177262,9253.135048377462
2026-08-18 12:47:49,7635.0,7655.5,Call CEX 1,CEX,2809146.227,7519.98206177262,9253.135048377462
2026-08-18 12:47:49,7650.0,7670.5,Call CEX 4,CEX,2008463.526,7519.98206177262,9253.135048377462
2026-08-18 12:47:49,7690.0,7710.75,Call CEX 2,CEX,2302387.316,7519.98206177262,9253.135048377462
2026-08-18 12:47:49,7690.0,7710.75,Put GEX 4,GEX,-370720.64,7519.98206177262,9253.135048377462
2026-08-18 12:47:49,7695.0,7715.75,Put GEX 2,GEX,-673402.387,7519.98206177262,9253.135048377462
2026-08-18 12:47:49,7700.0,7720.75,Put CEX 1,CEX,-5632389.661,7519.98206177262,9253.135048377462
2026-08-18 12:47:49,7700.0,7720.75,Put GEX 1,GEX,-1787987.809,7519.98206177262,9253.135048377462
2026-08-18 12:47:49,7720.0,7740.75,Put DEX 5,DEX,-37.785,7519.98206177262,9253.135048377462
2026-08-18 12:47:49,7735.0,7755.75,Put DEX 4,DEX,-44.989,7519.98206177262,9253.135048377462
2026-08-18 12:47:49,7750.0,7770.75,Put CEX 3,CEX,-2009595.628,7519.98206177262,9253.135048377462
2026-08-18 12:47:49,7750.0,7770.75,Call GEX 4,GEX,287990.542,7519.98206177262,9253.135048377462
2026-08-18 12:47:49,7750.0,7770.75,Put VEX 5,VEX,-683840.168,7519.98206177262,9253.135048377462
2026-08-18 12:47:49,7800.0,7821.0,Put CEX 4,CEX,-1835592.016,7519.98206177262,9253.135048377462
2026-08-18 12:47:49,7800.0,7821.0,Put DEX 3,DEX,-56.721,7519.98206177262,9253.135048377462
2026-08-18 12:47:49,7800.0,7821.0,Call GEX 2,GEX,533993.961,7519.98206177262,9253.135048377462
2026-08-18 12:47:49,7800.0,7821.0,Put VEX 3,VEX,-1207036.553,7519.98206177262,9253.135048377462
2026-08-18 12:47:49,7850.0,7871.0,Call GEX 3,GEX,302159.904,7519.98206177262,9253.135048377462
2026-08-18 12:47:49,7900.0,7921.25,Put CEX 5,CEX,-1098424.786,7519.98206177262,9253.135048377462
2026-08-18 12:47:49,7900.0,7921.25,Call GEX 1,GEX,692881.023,7519.98206177262,9253.135048377462
2026-08-18 12:47:49,7900.0,7921.25,Put VEX 2,VEX,-1220324.986,7519.98206177262,9253.135048377462
2026-08-18 12:47:49,8000.0,8021.5,Put CEX 2,CEX,-4264192.127,7519.98206177262,9253.135048377462
2026-08-18 12:47:49,8000.0,8021.5,Put DEX 1,DEX,-2642.928,7519.98206177262,9253.135048377462
2026-08-18 12:47:49,8000.0,8021.5,Call GEX 5,GEX,257898.271,7519.98206177262,9253.135048377462
2026-08-18 12:47:49,8000.0,8021.5,Put VEX 1,VEX,-11545544.107,7519.98206177262,9253.135048377462
2026-08-18 12:47:49,8200.0,8222.0,Put VEX 4,VEX,-775754.601,7519.98206177262,9253.135048377462
2026-08-18 12:47:49,8500.0,8522.75,Put DEX 2,DEX,-103.067,7519.98206177262,9253.135048377462
2026-08-18 12:48:38,7000.0,7018.75,Call DEX 1,DEX,575.989,7523.792371074133,9253.90323400701
2026-08-18 12:48:38,7000.0,7018.75,Put GEX 3,GEX,-671652.209,7523.792371074133,9253.90323400701
2026-08-18 12:48:38,7000.0,7018.75,Call VEX 1,VEX,6841413.324,7523.792371074133,9253.90323400701
2026-08-18 12:48:38,7300.0,7319.5,Call VEX 5,VEX,2028594.544,7523.792371074133,9253.90323400701
2026-08-18 12:48:38,7400.0,7419.75,Call DEX 5,DEX,334.248,7523.792371074133,9253.90323400701
2026-08-18 12:48:38,7400.0,7419.75,Call VEX 4,VEX,2504469.517,7523.792371074133,9253.90323400701
2026-08-18 12:48:38,7450.0,7470.0,Call DEX 4,DEX,335.478,7523.792371074133,9253.90323400701
2026-08-18 12:48:38,7500.0,7520.0,Call CEX 5,CEX,1931296.717,7523.792371074133,9253.90323400701
2026-08-18 12:48:38,7500.0,7520.0,Call DEX 2,DEX,540.091,7523.792371074133,9253.90323400701
2026-08-18 12:48:38,7500.0,7520.0,Put GEX 5,GEX,-344144.615,7523.792371074133,9253.90323400701
2026-08-18 12:48:38,7500.0,7520.0,Call VEX 2,VEX,3666378.708,7523.792371074133,9253.90323400701
2026-08-18 12:48:38,7600.0,7620.25,Call CEX 3,CEX,2236520.603,7523.792371074133,9253.90323400701
2026-08-18 12:48:38,7600.0,7620.25,Call DEX 3,DEX,434.855,7523.792371074133,9253.90323400701
2026-08-18 12:48:38,7600.0,7620.25,Call VEX 3,VEX,2584811.153,7523.792371074133,9253.90323400701
2026-08-18 12:48:38,7635.0,7655.5,Call CEX 1,CEX,2846403.859,7523.792371074133,9253.90323400701
2026-08-18 12:48:38,7650.0,7670.5,Call CEX 4,CEX,2019514.165,7523.792371074133,9253.90323400701
2026-08-18 12:48:38,7690.0,7710.5,Call CEX 2,CEX,2334415.159,7523.792371074133,9253.90323400701
2026-08-18 12:48:38,7690.0,7710.5,Put GEX 4,GEX,-388542.032,7523.792371074133,9253.90323400701
2026-08-18 12:48:38,7695.0,7715.5,Put GEX 2,GEX,-727859.485,7523.792371074133,9253.90323400701
2026-08-18 12:48:38,7700.0,7720.75,Put CEX 1,CEX,-6389762.556,7523.792371074133,9253.90323400701
2026-08-18 12:48:38,7700.0,7720.75,Put GEX 1,GEX,-1729667.052,7523.792371074133,9253.90323400701
2026-08-18 12:48:38,7720.0,7740.75,Put DEX 5,DEX,-38.09,7523.792371074133,9253.90323400701
2026-08-18 12:48:38,7735.0,7755.75,Put DEX 4,DEX,-45.145,7523.792371074133,9253.90323400701
2026-08-18 12:48:38,7750.0,7770.75,Put CEX 3,CEX,-2016828.817,7523.792371074133,9253.90323400701
2026-08-18 12:48:38,7750.0,7770.75,Call GEX 4,GEX,285876.842,7523.792371074133,9253.90323400701
2026-08-18 12:48:38,7750.0,7770.75,Put VEX 5,VEX,-689171.361,7523.792371074133,9253.90323400701
2026-08-18 12:48:38,7800.0,7821.0,Put CEX 4,CEX,-1850926.838,7523.792371074133,9253.90323400701
2026-08-18 12:48:38,7800.0,7821.0,Put DEX 3,DEX,-57.324,7523.792371074133,9253.90323400701
2026-08-18 12:48:38,7800.0,7821.0,Call GEX 2,GEX,526978.25,7523.792371074133,9253.90323400701
2026-08-18 12:48:38,7800.0,7821.0,Put VEX 3,VEX,-1212024.207,7523.792371074133,9253.90323400701
2026-08-18 12:48:38,7850.0,7871.0,Call GEX 3,GEX,300120.052,7523.792371074133,9253.90323400701
2026-08-18 12:48:38,7900.0,7921.25,Put CEX 5,CEX,-1104580.879,7523.792371074133,9253.90323400701
2026-08-18 12:48:38,7900.0,7921.25,Call GEX 1,GEX,690619.268,7523.792371074133,9253.90323400701
2026-08-18 12:48:38,7900.0,7921.25,Put VEX 2,VEX,-1221694.325,7523.792371074133,9253.90323400701
2026-08-18 12:48:38,8000.0,8021.5,Put CEX 2,CEX,-4238570.578,7523.792371074133,9253.90323400701
2026-08-18 12:48:38,8000.0,8021.5,Put DEX 1,DEX,-2645.797,7523.792371074133,9253.90323400701
2026-08-18 12:48:38,8000.0,8021.5,Call GEX 5,GEX,260144.66,7523.792371074133,9253.90323400701
2026-08-18 12:48:38,8000.0,8021.5,Put VEX 1,VEX,-11529527.853,7523.792371074133,9253.90323400701
2026-08-18 12:48:38,8200.0,8222.0,Put VEX 4,VEX,-777396.066,7523.792371074133,9253.90323400701
2026-08-18 12:48:38,8500.0,8522.75,Put DEX 2,DEX,-103.047,7523.792371074133,9253.90323400701
2026-08-18 12:49:29,7000.0,7019.0,Call DEX 1,DEX,1592.08,7516.80512824697,9253.861463630776
2026-08-18 12:49:29,7000.0,7019.0,Put GEX 3,GEX,-657079.449,7516.80512824697,9253.861463630776
2026-08-18 12:49:29,7000.0,7019.0,Call VEX 1,VEX,6976743.904,7516.80512824697,9253.861463630776
2026-08-18 12:49:29,7300.0,7319.75,Call VEX 5,VEX,2032511.792,7516.80512824697,9253.861463630776
2026-08-18 12:49:29,7400.0,7420.0,Call DEX 5,DEX,333.547,7516.80512824697,9253.861463630776
2026-08-18 12:49:29,7400.0,7420.0,Call VEX 4,VEX,2519944.264,7516.80512824697,9253.861463630776
2026-08-18 12:49:29,7450.0,7470.25,Call DEX 4,DEX,335.694,7516.80512824697,9253.861463630776
2026-08-18 12:49:29,7500.0,7520.25,Call CEX 5,CEX,1966508.366,7516.80512824697,9253.861463630776
2026-08-18 12:49:29,7500.0,7520.25,Call DEX 2,DEX,539.061,7516.80512824697,9253.861463630776
2026-08-18 12:49:29,7500.0,7520.25,Put GEX 5,GEX,-337960.662,7516.80512824697,9253.861463630776
2026-08-18 12:49:29,7500.0,7520.25,Call VEX 2,VEX,3678169.018,7516.80512824697,9253.861463630776
2026-08-18 12:49:29,7600.0,7620.5,Call CEX 3,CEX,2275906.308,7516.80512824697,9253.861463630776
2026-08-18 12:49:29,7600.0,7620.5,Call DEX 3,DEX,433.957,7516.80512824697,9253.861463630776
2026-08-18 12:49:29,7600.0,7620.5,Call VEX 3,VEX,2583478.929,7516.80512824697,9253.861463630776
2026-08-18 12:49:29,7635.0,7655.75,Call CEX 1,CEX,2880582.177,7516.80512824697,9253.861463630776
2026-08-18 12:49:29,7650.0,7670.75,Call CEX 4,CEX,2050701.83,7516.80512824697,9253.861463630776
2026-08-18 12:49:29,7690.0,7710.75,Call CEX 2,CEX,2352757.267,7516.80512824697,9253.861463630776
2026-08-18 12:49:29,7690.0,7710.75,Put GEX 4,GEX,-400465.903,7516.80512824697,9253.861463630776
2026-08-18 12:49:29,7695.0,7715.75,Put GEX 2,GEX,-751606.131,7516.80512824697,9253.861463630776
2026-08-18 12:49:29,7700.0,7720.75,Put CEX 1,CEX,-6755275.375,7516.80512824697,9253.861463630776
2026-08-18 12:49:29,7700.0,7720.75,Put GEX 1,GEX,-1694110.189,7516.80512824697,9253.861463630776
2026-08-18 12:49:29,7720.0,7741.0,Put DEX 5,DEX,-38.318,7516.80512824697,9253.861463630776
2026-08-18 12:49:29,7735.0,7756.0,Put DEX 4,DEX,-45.549,7516.80512824697,9253.861463630776
2026-08-18 12:49:29,7750.0,7771.0,Put CEX 4,CEX,-1655846.0,7516.80512824697,9253.861463630776
2026-08-18 12:49:29,7750.0,7771.0,Call GEX 3,GEX,402571.047,7516.80512824697,9253.861463630776
2026-08-18 12:49:29,7750.0,7771.0,Put VEX 5,VEX,-630509.402,7516.80512824697,9253.861463630776
2026-08-18 12:49:29,7800.0,7821.25,Put CEX 3,CEX,-1825026.257,7516.80512824697,9253.861463630776
2026-08-18 12:49:29,7800.0,7821.25,Put DEX 3,DEX,-53.532,7516.80512824697,9253.861463630776
2026-08-18 12:49:29,7800.0,7821.25,Call GEX 2,GEX,531076.732,7516.80512824697,9253.861463630776
2026-08-18 12:49:29,7800.0,7821.25,Put VEX 3,VEX,-1205163.488,7516.80512824697,9253.861463630776
2026-08-18 12:49:29,7850.0,7871.25,Call GEX 5,GEX,299537.749,7516.80512824697,9253.861463630776
2026-08-18 12:49:29,7900.0,7921.5,Put CEX 5,CEX,-1108571.523,7516.80512824697,9253.861463630776
2026-08-18 12:49:29,7900.0,7921.5,Call GEX 1,GEX,690173.749,7516.80512824697,9253.861463630776
2026-08-18 12:49:29,7900.0,7921.5,Put VEX 2,VEX,-1221630.158,7516.80512824697,9253.861463630776
2026-08-18 12:49:29,8000.0,8021.75,Put CEX 2,CEX,-3904493.757,7516.80512824697,9253.861463630776
2026-08-18 12:49:29,8000.0,8021.75,Put DEX 1,DEX,-2638.272,7516.80512824697,9253.861463630776
2026-08-18 12:49:29,8000.0,8021.75,Call GEX 4,GEX,314070.601,7516.80512824697,9253.861463630776
2026-08-18 12:49:29,8000.0,8021.75,Put VEX 1,VEX,-11371390.904,7516.80512824697,9253.861463630776
2026-08-18 12:49:29,8200.0,8222.25,Put VEX 4,VEX,-777731.766,7516.80512824697,9253.861463630776
2026-08-18 12:49:29,8500.0,8523.0,Put DEX 2,DEX,-103.381,7516.80512824697,9253.861463630776
2026-08-18 12:50:21,7000.0,7019.25,Call DEX 1,DEX,557.061,7621.328804144992,9255.641508550178
2026-08-18 12:50:21,7000.0,7019.25,Put GEX 2,GEX,-674876.109,7621.328804144992,9255.641508550178
2026-08-18 12:50:21,7000.0,7019.25,Call VEX 1,VEX,6798259.595,7621.328804144992,9255.641508550178
2026-08-18 12:50:21,7300.0,7320.0,Call VEX 5,VEX,1991508.724,7621.328804144992,9255.641508550178
2026-08-18 12:50:21,7400.0,7420.25,Call VEX 4,VEX,2457843.788,7621.328804144992,9255.641508550178
2026-08-18 12:50:21,7450.0,7470.5,Call DEX 4,DEX,337.668,7621.328804144992,9255.641508550178
2026-08-18 12:50:21,7500.0,7520.5,Call CEX 5,CEX,2007280.511,7621.328804144992,9255.641508550178
2026-08-18 12:50:21,7500.0,7520.5,Call DEX 2,DEX,541.052,7621.328804144992,9255.641508550178
2026-08-18 12:50:21,7500.0,7520.5,Call VEX 2,VEX,3714532.177,7621.328804144992,9255.641508550178
2026-08-18 12:50:21,7550.0,7570.75,Call DEX 5,DEX,288.971,7621.328804144992,9255.641508550178
2026-08-18 12:50:21,7600.0,7620.75,Call CEX 2,CEX,2297473.655,7621.328804144992,9255.641508550178
2026-08-18 12:50:21,7600.0,7620.75,Call DEX 3,DEX,438.465,7621.328804144992,9255.641508550178
2026-08-18 12:50:21,7600.0,7620.75,Call VEX 3,VEX,2602522.062,7621.328804144992,9255.641508550178
2026-08-18 12:50:21,7635.0,7656.0,Call CEX 1,CEX,2860064.415,7621.328804144992,9255.641508550178
2026-08-18 12:50:21,7690.0,7711.0,Call CEX 4,CEX,2182931.437,7621.328804144992,9255.641508550178
2026-08-18 12:50:21,7690.0,7711.0,Put GEX 5,GEX,-321696.588,7621.328804144992,9255.641508550178
2026-08-18 12:50:21,7695.0,7716.0,Call CEX 3,CEX,2199054.496,7621.328804144992,9255.641508550178
2026-08-18 12:50:21,7695.0,7716.0,Put GEX 3,GEX,-618071.348,7621.328804144992,9255.641508550178
2026-08-18 12:50:21,7700.0,7721.25,Put CEX 1,CEX,-4528942.486,7621.328804144992,9255.641508550178
2026-08-18 12:50:21,7700.0,7721.25,Put GEX 1,GEX,-2568791.898,7621.328804144992,9255.641508550178
2026-08-18 12:50:21,7720.0,7741.25,Put DEX 5,DEX,-37.336,7621.328804144992,9255.641508550178
2026-08-18 12:50:21,7720.0,7741.25,Put GEX 4,GEX,-327748.216,7621.328804144992,9255.641508550178
2026-08-18 12:50:21,7735.0,7756.25,Put DEX 4,DEX,-44.362,7621.328804144992,9255.641508550178
2026-08-18 12:50:21,7750.0,7771.25,Put CEX 3,CEX,-2030943.377,7621.328804144992,9255.641508550178
2026-08-18 12:50:21,7750.0,7771.25,Call GEX 5,GEX,277050.187,7621.328804144992,9255.641508550178
2026-08-18 12:50:21,7750.0,7771.25,Put VEX 5,VEX,-673854.36,7621.328804144992,9255.641508550178
2026-08-18 12:50:21,7800.0,7821.5,Put CEX 4,CEX,-1853339.298,7621.328804144992,9255.641508550178
2026-08-18 12:50:21,7800.0,7821.5,Put DEX 3,DEX,-55.57,7621.328804144992,9255.641508550178
2026-08-18 12:50:21,7800.0,7821.5,Call GEX 2,GEX,542309.481,7621.328804144992,9255.641508550178
2026-08-18 12:50:21,7800.0,7821.5,Put VEX 3,VEX,-1191575.956,7621.328804144992,9255.641508550178
2026-08-18 12:50:21,7850.0,7871.5,Call GEX 3,GEX,303275.379,7621.328804144992,9255.641508550178
2026-08-18 12:50:21,7900.0,7921.75,Put CEX 5,CEX,-1120949.11,7621.328804144992,9255.641508550178
2026-08-18 12:50:21,7900.0,7921.75,Call GEX 1,GEX,696116.026,7621.328804144992,9255.641508550178
2026-08-18 12:50:21,7900.0,7921.75,Put VEX 2,VEX,-1219300.994,7621.328804144992,9255.641508550178
2026-08-18 12:50:21,8000.0,8022.0,Put CEX 2,CEX,-4136618.601,7621.328804144992,9255.641508550178
2026-08-18 12:50:21,8000.0,8022.0,Put DEX 1,DEX,-2639.933,7621.328804144992,9255.641508550178
2026-08-18 12:50:21,8000.0,8022.0,Call GEX 4,GEX,288628.842,7621.328804144992,9255.641508550178
2026-08-18 12:50:21,8000.0,8022.0,Put VEX 1,VEX,-11467438.983,7621.328804144992,9255.641508550178
2026-08-18 12:50:21,8200.0,8222.5,Put VEX 4,VEX,-778814.784,7621.328804144992,9255.641508550178
2026-08-18 12:50:21,8500.0,8523.25,Put DEX 2,DEX,-102.847,7621.328804144992,9255.641508550178
2026-08-18 12:51:16,7000.0,7019.0,Call DEX 1,DEX,1598.654,7204.365295365286,9255.396592184652
2026-08-18 12:51:16,7000.0,7019.0,Put GEX 2,GEX,-648176.825,7204.365295365286,9255.396592184652
2026-08-18 12:51:16,7000.0,7019.0,Call VEX 1,VEX,7018122.159,7204.365295365286,9255.396592184652
2026-08-18 12:51:16,7300.0,7320.0,Call VEX 5,VEX,2041472.94,7204.365295365286,9255.396592184652
2026-08-18 12:51:16,7400.0,7420.25,Call DEX 5,DEX,332.512,7204.365295365286,9255.396592184652
2026-08-18 12:51:16,7400.0,7420.25,Call VEX 4,VEX,2525495.12,7204.365295365286,9255.396592184652
2026-08-18 12:51:16,7450.0,7470.25,Call DEX 4,DEX,334.599,7204.365295365286,9255.396592184652
2026-08-18 12:51:16,7500.0,7520.5,Call CEX 5,CEX,2003819.094,7204.365295365286,9255.396592184652
2026-08-18 12:51:16,7500.0,7520.5,Call DEX 2,DEX,537.07,7204.365295365286,9255.396592184652
2026-08-18 12:51:16,7500.0,7520.5,Put GEX 4,GEX,-329965.057,7204.365295365286,9255.396592184652
2026-08-18 12:51:16,7500.0,7520.5,Call VEX 2,VEX,3695971.681,7204.365295365286,9255.396592184652
2026-08-18 12:51:16,7600.0,7620.75,Call CEX 2,CEX,2289382.628,7204.365295365286,9255.396592184652
2026-08-18 12:51:16,7600.0,7620.75,Call DEX 3,DEX,433.324,7204.365295365286,9255.396592184652
2026-08-18 12:51:16,7600.0,7620.75,Call VEX 3,VEX,2580106.111,7204.365295365286,9255.396592184652
2026-08-18 12:51:16,7635.0,7655.75,Call CEX 1,CEX,2940694.555,7204.365295365286,9255.396592184652
2026-08-18 12:51:16,7650.0,7670.75,Call CEX 4,CEX,2075075.344,7204.365295365286,9255.396592184652
2026-08-18 12:51:16,7690.0,7711.0,Call CEX 3,CEX,2180772.484,7204.365295365286,9255.396592184652
2026-08-18 12:51:16,7690.0,7711.0,Put GEX 3,GEX,-372086.693,7204.365295365286,9255.396592184652
2026-08-18 12:51:16,7695.0,7716.0,Put GEX 1,GEX,-903564.353,7204.365295365286,9255.396592184652
2026-08-18 12:51:16,7720.0,7741.0,Put DEX 5,DEX,-38.466,7204.365295365286,9255.396592184652
2026-08-18 12:51:16,7720.0,7741.0,Put GEX 5,GEX,-315669.708,7204.365295365286,9255.396592184652
2026-08-18 12:51:16,7735.0,7756.0,Put DEX 4,DEX,-45.637,7204.365295365286,9255.396592184652
2026-08-18 12:51:16,7750.0,7771.0,Put CEX 2,CEX,-2009060.705,7204.365295365286,9255.396592184652
2026-08-18 12:51:16,7750.0,7771.0,Call GEX 5,GEX,286058.471,7204.365295365286,9255.396592184652
2026-08-18 12:51:16,7750.0,7771.0,Put VEX 5,VEX,-690512.402,7204.365295365286,9255.396592184652
2026-08-18 12:51:16,7775.0,7796.25,Put CEX 5,CEX,-1009229.676,7204.365295365286,9255.396592184652
2026-08-18 12:51:16,7800.0,7821.25,Put CEX 3,CEX,-1834847.885,7204.365295365286,9255.396592184652
2026-08-18 12:51:16,7800.0,7821.25,Put DEX 3,DEX,-53.67,7204.365295365286,9255.396592184652
2026-08-18 12:51:16,7800.0,7821.25,Call GEX 2,GEX,527093.743,7204.365295365286,9255.396592184652
2026-08-18 12:51:16,7800.0,7821.25,Put VEX 3,VEX,-1206651.365,7204.365295365286,9255.396592184652
2026-08-18 12:51:16,7850.0,7871.5,Call GEX 4,GEX,298399.176,7204.365295365286,9255.396592184652
2026-08-18 12:51:16,7900.0,7921.5,Put CEX 4,CEX,-1119598.739,7204.365295365286,9255.396592184652
2026-08-18 12:51:16,7900.0,7921.5,Call GEX 1,GEX,689399.35,7204.365295365286,9255.396592184652
2026-08-18 12:51:16,7900.0,7921.5,Put VEX 2,VEX,-1220828.905,7204.365295365286,9255.396592184652
2026-08-18 12:51:16,8000.0,8021.75,Put CEX 1,CEX,-3670559.45,7204.365295365286,9255.396592184652
2026-08-18 12:51:16,8000.0,8021.75,Put DEX 1,DEX,-2645.875,7204.365295365286,9255.396592184652
2026-08-18 12:51:16,8000.0,8021.75,Call GEX 3,GEX,349546.032,7204.365295365286,9255.396592184652
2026-08-18 12:51:16,8000.0,8021.75,Put VEX 1,VEX,-11262404.064,7204.365295365286,9255.396592184652
2026-08-18 12:51:16,8200.0,8222.25,Put VEX 4,VEX,-774958.195,7204.365295365286,9255.396592184652
2026-08-18 12:51:16,8500.0,8523.25,Put DEX 2,DEX,-103.464,7204.365295365286,9255.396592184652
2026-08-18 12:52:06,7000.0,7019.25,Call DEX 1,DEX,578.548,7593.606945553004,9254.558568087989
2026-08-18 12:52:06,7000.0,7019.25,Put GEX 3,GEX,-677432.445,7593.606945553004,9254.558568087989
2026-08-18 12:52:06,7000.0,7019.25,Call VEX 1,VEX,6794521.371,7593.606945553004,9254.558568087989
2026-08-18 12:52:06,7300.0,7320.0,Call VEX 5,VEX,2021444.883,7593.606945553004,9254.558568087989
2026-08-18 12:52:06,7400.0,7420.25,Call DEX 5,DEX,333.946,7593.606945553004,9254.558568087989
2026-08-18 12:52:06,7400.0,7420.25,Call VEX 4,VEX,2505403.684,7593.606945553004,9254.558568087989
2026-08-18 12:52:06,7450.0,7470.5,Call DEX 4,DEX,336.186,7593.606945553004,9254.558568087989
2026-08-18 12:52:06,7500.0,7520.75,Call DEX 2,DEX,542.137,7593.606945553004,9254.558568087989
2026-08-18 12:52:06,7500.0,7520.75,Put GEX 4,GEX,-353137.532,7593.606945553004,9254.558568087989
2026-08-18 12:52:06,7500.0,7520.75,Call VEX 2,VEX,3645421.504,7593.606945553004,9254.558568087989
2026-08-18 12:52:06,7600.0,7621.0,Call CEX 2,CEX,2241740.803,7593.606945553004,9254.558568087989
2026-08-18 12:52:06,7600.0,7621.0,Call DEX 3,DEX,435.667,7593.606945553004,9254.558568087989
2026-08-18 12:52:06,7600.0,7621.0,Call VEX 3,VEX,2589084.079,7593.606945553004,9254.558568087989
2026-08-18 12:52:06,7635.0,7656.0,Call CEX 1,CEX,2952713.432,7593.606945553004,9254.558568087989
2026-08-18 12:52:06,7650.0,7671.0,Call CEX 4,CEX,2069907.465,7593.606945553004,9254.558568087989
2026-08-18 12:52:06,7690.0,7711.25,Call CEX 3,CEX,2194812.811,7593.606945553004,9254.558568087989
2026-08-18 12:52:06,7690.0,7711.25,Put GEX 5,GEX,-346343.574,7593.606945553004,9254.558568087989
2026-08-18 12:52:06,7695.0,7716.25,Call CEX 5,CEX,1899509.953,7593.606945553004,9254.558568087989
2026-08-18 12:52:06,7695.0,7716.25,Put GEX 2,GEX,-812565.696,7593.606945553004,9254.558568087989
2026-08-18 12:52:06,7700.0,7721.25,Put CEX 1,CEX,-7052098.281,7593.606945553004,9254.558568087989
2026-08-18 12:52:06,7700.0,7721.25,Put GEX 1,GEX,-1921554.735,7593.606945553004,9254.558568087989
2026-08-18 12:52:06,7720.0,7741.25,Put DEX 5,DEX,-38.011,7593.606945553004,9254.558568087989
2026-08-18 12:52:06,7735.0,7756.25,Put DEX 4,DEX,-45.061,7593.606945553004,9254.558568087989
2026-08-18 12:52:06,7750.0,7771.25,Put CEX 3,CEX,-2021609.685,7593.606945553004,9254.558568087989
2026-08-18 12:52:06,7750.0,7771.25,Call GEX 4,GEX,289727.944,7593.606945553004,9254.558568087989
2026-08-18 12:52:06,7750.0,7771.25,Put VEX 5,VEX,-686019.606,7593.606945553004,9254.558568087989
2026-08-18 12:52:06,7775.0,7796.5,Call GEX 5,GEX,253618.97,7593.606945553004,9254.558568087989
2026-08-18 12:52:06,7800.0,7821.5,Put CEX 4,CEX,-1850723.882,7593.606945553004,9254.558568087989
2026-08-18 12:52:06,7800.0,7821.5,Put DEX 3,DEX,-52.531,7593.606945553004,9254.558568087989
2026-08-18 12:52:06,7800.0,7821.5,Call GEX 2,GEX,536429.14,7593.606945553004,9254.558568087989
2026-08-18 12:52:06,7800.0,7821.5,Put VEX 3,VEX,-1206616.484,7593.606945553004,9254.558568087989
2026-08-18 12:52:06,7850.0,7871.5,Call GEX 3,GEX,300384.756,7593.606945553004,9254.558568087989
2026-08-18 12:52:06,7900.0,7921.75,Put CEX 5,CEX,-1128070.626,7593.606945553004,9254.558568087989
2026-08-18 12:52:06,7900.0,7921.75,Call GEX 1,GEX,692198.619,7593.606945553004,9254.558568087989
2026-08-18 12:52:06,7900.0,7921.75,Put VEX 2,VEX,-1220579.555,7593.606945553004,9254.558568087989
2026-08-18 12:52:06,8000.0,8022.0,Put CEX 2,CEX,-6047663.488,7593.606945553004,9254.558568087989
2026-08-18 12:52:06,8000.0,8022.0,Put DEX 1,DEX,-2580.195,7593.606945553004,9254.558568087989
2026-08-18 12:52:06,8000.0,8022.0,Put VEX 1,VEX,-12424757.411,7593.606945553004,9254.558568087989
2026-08-18 12:52:06,8200.0,8222.5,Put VEX 4,VEX,-775388.514,7593.606945553004,9254.558568087989
2026-08-18 12:52:06,8500.0,8523.5,Put DEX 2,DEX,-100.487,7593.606945553004,9254.558568087989
2026-08-18 12:52:56,7000.0,7018.75,Call DEX 1,DEX,578.197,7541.406486469336,9254.641648005265
2026-08-18 12:52:56,7000.0,7018.75,Put GEX 3,GEX,-676181.221,7541.406486469336,9254.641648005265
2026-08-18 12:52:56,7000.0,7018.75,Call VEX 1,VEX,6801420.471,7541.406486469336,9254.641648005265
2026-08-18 12:52:56,7300.0,7319.75,Call VEX 5,VEX,2023231.748,7541.406486469336,9254.641648005265
2026-08-18 12:52:56,7400.0,7420.0,Call DEX 5,DEX,333.895,7541.406486469336,9254.641648005265
2026-08-18 12:52:56,7400.0,7420.0,Call VEX 4,VEX,2501264.038,7541.406486469336,9254.641648005265
2026-08-18 12:52:56,7450.0,7470.0,Call DEX 4,DEX,335.699,7541.406486469336,9254.641648005265
2026-08-18 12:52:56,7500.0,7520.25,Call DEX 2,DEX,540.932,7541.406486469336,9254.641648005265
2026-08-18 12:52:56,7500.0,7520.25,Put GEX 4,GEX,-340923.721,7541.406486469336,9254.641648005265
2026-08-18 12:52:56,7500.0,7520.25,Call VEX 2,VEX,3662922.488,7541.406486469336,9254.641648005265
2026-08-18 12:52:56,7600.0,7620.5,Call CEX 2,CEX,2262448.982,7541.406486469336,9254.641648005265
2026-08-18 12:52:56,7600.0,7620.5,Call DEX 3,DEX,435.502,7541.406486469336,9254.641648005265
2026-08-18 12:52:56,7600.0,7620.5,Call VEX 3,VEX,2586762.855,7541.406486469336,9254.641648005265
2026-08-18 12:52:56,7635.0,7655.5,Call CEX 1,CEX,2981013.924,7541.406486469336,9254.641648005265
2026-08-18 12:52:56,7650.0,7670.5,Call CEX 3,CEX,2080909.705,7541.406486469336,9254.641648005265
2026-08-18 12:52:56,7690.0,7710.75,Call CEX 4,CEX,2045529.329,7541.406486469336,9254.641648005265
2026-08-18 12:52:56,7690.0,7710.75,Put GEX 5,GEX,-324078.649,7541.406486469336,9254.641648005265
2026-08-18 12:52:56,7695.0,7715.75,Call CEX 5,CEX,1935839.77,7541.406486469336,9254.641648005265
2026-08-18 12:52:56,7695.0,7715.75,Put GEX 2,GEX,-827182.441,7541.406486469336,9254.641648005265
2026-08-18 12:52:56,7700.0,7720.75,Put CEX 1,CEX,-7131503.581,7541.406486469336,9254.641648005265
2026-08-18 12:52:56,7700.0,7720.75,Put GEX 1,GEX,-1904500.219,7541.406486469336,9254.641648005265
2026-08-18 12:52:56,7720.0,7740.75,Put DEX 5,DEX,-38.002,7541.406486469336,9254.641648005265
2026-08-18 12:52:56,7735.0,7755.75,Put DEX 4,DEX,-45.29,7541.406486469336,9254.641648005265
2026-08-18 12:52:56,7750.0,7770.75,Put CEX 3,CEX,-2023370.565,7541.406486469336,9254.641648005265
2026-08-18 12:52:56,7750.0,7770.75,Call GEX 4,GEX,289392.619,7541.406486469336,9254.641648005265
2026-08-18 12:52:56,7750.0,7770.75,Put VEX 5,VEX,-685900.088,7541.406486469336,9254.641648005265
2026-08-18 12:52:56,7800.0,7821.0,Put CEX 4,CEX,-1854198.778,7541.406486469336,9254.641648005265
2026-08-18 12:52:56,7800.0,7821.0,Put DEX 3,DEX,-52.596,7541.406486469336,9254.641648005265
2026-08-18 12:52:56,7800.0,7821.0,Call GEX 2,GEX,535643.619,7541.406486469336,9254.641648005265
2026-08-18 12:52:56,7800.0,7821.0,Put VEX 3,VEX,-1206144.54,7541.406486469336,9254.641648005265
2026-08-18 12:52:56,7850.0,7871.0,Call GEX 3,GEX,300048.21,7541.406486469336,9254.641648005265
2026-08-18 12:52:56,7900.0,7921.25,Put CEX 5,CEX,-1139795.971,7541.406486469336,9254.641648005265
2026-08-18 12:52:56,7900.0,7921.25,Call GEX 1,GEX,692528.484,7541.406486469336,9254.641648005265
2026-08-18 12:52:56,7900.0,7921.25,Put VEX 2,VEX,-1222095.338,7541.406486469336,9254.641648005265
2026-08-18 12:52:56,8000.0,8021.5,Put CEX 2,CEX,-4262499.822,7541.406486469336,9254.641648005265
2026-08-18 12:52:56,8000.0,8021.5,Put DEX 1,DEX,-2642.042,7541.406486469336,9254.641648005265
2026-08-18 12:52:56,8000.0,8021.5,Call GEX 5,GEX,261172.461,7541.406486469336,9254.641648005265
2026-08-18 12:52:56,8000.0,8021.5,Put VEX 1,VEX,-11538123.794,7541.406486469336,9254.641648005265
2026-08-18 12:52:56,8200.0,8222.0,Put VEX 4,VEX,-775943.488,7541.406486469336,9254.641648005265
2026-08-18 12:52:56,8500.0,8522.75,Put DEX 2,DEX,-103.072,7541.406486469336,9254.641648005265
2026-08-18 12:53:45,7000.0,7019.0,Call DEX 1,DEX,1598.364,7300.574935748955,9254.901572085482
2026-08-18 12:53:45,7000.0,7019.0,Put GEX 2,GEX,-651475.112,7300.574935748955,9254.901572085482
2026-08-18 12:53:45,7000.0,7019.0,Call VEX 1,VEX,7010501.087,7300.574935748955,9254.901572085482
2026-08-18 12:53:45,7300.0,7319.75,Call VEX 5,VEX,2047348.286,7300.574935748955,9254.901572085482
2026-08-18 12:53:45,7400.0,7420.0,Call DEX 5,DEX,331.362,7300.574935748955,9254.901572085482
2026-08-18 12:53:45,7400.0,7420.0,Call VEX 4,VEX,2520508.199,7300.574935748955,9254.901572085482
2026-08-18 12:53:45,7450.0,7470.25,Call DEX 4,DEX,334.009,7300.574935748955,9254.901572085482
2026-08-18 12:53:45,7500.0,7520.25,Call CEX 5,CEX,1981086.46,7300.574935748955,9254.901572085482
2026-08-18 12:53:45,7500.0,7520.25,Call DEX 2,DEX,535.973,7300.574935748955,9254.901572085482
2026-08-18 12:53:45,7500.0,7520.25,Put GEX 4,GEX,-334585.908,7300.574935748955,9254.901572085482
2026-08-18 12:53:45,7500.0,7520.25,Call VEX 2,VEX,3680245.238,7300.574935748955,9254.901572085482
2026-08-18 12:53:45,7600.0,7620.5,Call CEX 3,CEX,2293799.899,7300.574935748955,9254.901572085482
2026-08-18 12:53:45,7600.0,7620.5,Call DEX 3,DEX,429.805,7300.574935748955,9254.901572085482
2026-08-18 12:53:45,7600.0,7620.5,Call VEX 3,VEX,2571836.702,7300.574935748955,9254.901572085482
2026-08-18 12:53:45,7635.0,7655.75,Call CEX 1,CEX,3056715.069,7300.574935748955,9254.901572085482
2026-08-18 12:53:45,7650.0,7670.75,Call CEX 4,CEX,2109293.302,7300.574935748955,9254.901572085482
2026-08-18 12:53:45,7690.0,7710.75,Call CEX 2,CEX,2516202.845,7300.574935748955,9254.901572085482
2026-08-18 12:53:45,7690.0,7710.75,Put GEX 3,GEX,-465763.907,7300.574935748955,9254.901572085482
2026-08-18 12:53:45,7695.0,7715.75,Put GEX 1,GEX,-883968.362,7300.574935748955,9254.901572085482
2026-08-18 12:53:45,7700.0,7720.75,Put CEX 5,CEX,-1089763.243,7300.574935748955,9254.901572085482
2026-08-18 12:53:45,7720.0,7741.0,Put DEX 5,DEX,-39.218,7300.574935748955,9254.901572085482
2026-08-18 12:53:45,7720.0,7741.0,Put GEX 5,GEX,-310589.628,7300.574935748955,9254.901572085482
2026-08-18 12:53:45,7735.0,7756.0,Put DEX 4,DEX,-46.182,7300.574935748955,9254.901572085482
2026-08-18 12:53:45,7750.0,7771.0,Put CEX 2,CEX,-2013157.077,7300.574935748955,9254.901572085482
2026-08-18 12:53:45,7750.0,7771.0,Call GEX 5,GEX,288315.785,7300.574935748955,9254.901572085482
2026-08-18 12:53:45,7750.0,7771.0,Put VEX 5,VEX,-700979.875,7300.574935748955,9254.901572085482
2026-08-18 12:53:45,7800.0,7821.0,Put CEX 3,CEX,-1818408.795,7300.574935748955,9254.901572085482
2026-08-18 12:53:45,7800.0,7821.0,Put DEX 3,DEX,-56.262,7300.574935748955,9254.901572085482
2026-08-18 12:53:45,7800.0,7821.0,Call GEX 2,GEX,537008.138,7300.574935748955,9254.901572085482
2026-08-18 12:53:45,7800.0,7821.0,Put VEX 3,VEX,-1203922.134,7300.574935748955,9254.901572085482
2026-08-18 12:53:45,7850.0,7871.25,Call GEX 4,GEX,297115.87,7300.574935748955,9254.901572085482
2026-08-18 12:53:45,7900.0,7921.5,Put CEX 4,CEX,-1140142.418,7300.574935748955,9254.901572085482
2026-08-18 12:53:45,7900.0,7921.5,Call GEX 1,GEX,686580.496,7300.574935748955,9254.901572085482
2026-08-18 12:53:45,7900.0,7921.5,Put VEX 2,VEX,-1224100.399,7300.574935748955,9254.901572085482
2026-08-18 12:53:45,8000.0,8021.75,Put CEX 1,CEX,-3848869.627,7300.574935748955,9254.901572085482
2026-08-18 12:53:45,8000.0,8021.75,Put DEX 1,DEX,-2644.173,7300.574935748955,9254.901572085482
2026-08-18 12:53:45,8000.0,8021.75,Call GEX 3,GEX,318822.925,7300.574935748955,9254.901572085482
2026-08-18 12:53:45,8000.0,8021.75,Put VEX 1,VEX,-11348114.528,7300.574935748955,9254.901572085482
2026-08-18 12:53:45,8200.0,8222.25,Put VEX 4,VEX,-773852.8,7300.574935748955,9254.901572085482
2026-08-18 12:53:45,8500.0,8523.0,Put DEX 2,DEX,-103.365,7300.574935748955,9254.901572085482
2026-08-18 12:54:38,7000.0,7019.25,Call CEX 5,CEX,2055635.828,7403.789118356253,9255.869788891952
2026-08-18 12:54:38,7000.0,7019.25,Call DEX 1,DEX,1591.914,7403.789118356253,9255.869788891952
2026-08-18 12:54:38,7000.0,7019.25,Put GEX 2,GEX,-621601.616,7403.789118356253,9255.869788891952
2026-08-18 12:54:38,7000.0,7019.25,Call VEX 1,VEX,7244366.972,7403.789118356253,9255.869788891952
2026-08-18 12:54:38,7300.0,7320.0,Call VEX 5,VEX,2057518.021,7403.789118356253,9255.869788891952
2026-08-18 12:54:38,7400.0,7420.25,Call DEX 5,DEX,330.764,7403.789118356253,9255.869788891952
2026-08-18 12:54:38,7400.0,7420.25,Call VEX 4,VEX,2551599.687,7403.789118356253,9255.869788891952
2026-08-18 12:54:38,7450.0,7470.5,Call DEX 4,DEX,334.149,7403.789118356253,9255.869788891952
2026-08-18 12:54:38,7500.0,7520.5,Call DEX 2,DEX,533.067,7403.789118356253,9255.869788891952
2026-08-18 12:54:38,7500.0,7520.5,Put GEX 4,GEX,-330850.361,7403.789118356253,9255.869788891952
2026-08-18 12:54:38,7500.0,7520.5,Call VEX 2,VEX,3694580.169,7403.789118356253,9255.869788891952
2026-08-18 12:54:38,7600.0,7620.75,Call CEX 3,CEX,2355204.619,7403.789118356253,9255.869788891952
2026-08-18 12:54:38,7600.0,7620.75,Call DEX 3,DEX,426.56,7403.789118356253,9255.869788891952
2026-08-18 12:54:38,7600.0,7620.75,Call VEX 3,VEX,2564867.694,7403.789118356253,9255.869788891952
2026-08-18 12:54:38,7635.0,7656.0,Call CEX 1,CEX,3114467.912,7403.789118356253,9255.869788891952
2026-08-18 12:54:38,7650.0,7671.0,Call CEX 4,CEX,2148516.491,7403.789118356253,9255.869788891952
2026-08-18 12:54:38,7690.0,7711.0,Call CEX 2,CEX,2524764.038,7403.789118356253,9255.869788891952
2026-08-18 12:54:38,7690.0,7711.0,Put GEX 3,GEX,-537125.493,7403.789118356253,9255.869788891952
2026-08-18 12:54:38,7695.0,7716.0,Put GEX 1,GEX,-1103395.076,7403.789118356253,9255.869788891952
2026-08-18 12:54:38,7700.0,7721.25,Put CEX 5,CEX,-1137523.43,7403.789118356253,9255.869788891952
2026-08-18 12:54:38,7720.0,7741.25,Put DEX 5,DEX,-39.943,7403.789118356253,9255.869788891952
2026-08-18 12:54:38,7720.0,7741.25,Put GEX 5,GEX,-312387.708,7403.789118356253,9255.869788891952
2026-08-18 12:54:38,7735.0,7756.25,Put DEX 4,DEX,-46.819,7403.789118356253,9255.869788891952
2026-08-18 12:54:38,7750.0,7771.25,Put CEX 2,CEX,-1987394.594,7403.789118356253,9255.869788891952
2026-08-18 12:54:38,7750.0,7771.25,Call GEX 4,GEX,291679.292,7403.789118356253,9255.869788891952
2026-08-18 12:54:38,7750.0,7771.25,Put VEX 5,VEX,-704187.155,7403.789118356253,9255.869788891952
2026-08-18 12:54:38,7775.0,7796.25,Call GEX 5,GEX,248101.215,7403.789118356253,9255.869788891952
2026-08-18 12:54:38,7800.0,7821.5,Put CEX 3,CEX,-1792000.664,7403.789118356253,9255.869788891952
2026-08-18 12:54:38,7800.0,7821.5,Put DEX 3,DEX,-58.312,7403.789118356253,9255.869788891952
2026-08-18 12:54:38,7800.0,7821.5,Call GEX 2,GEX,546133.974,7403.789118356253,9255.869788891952
2026-08-18 12:54:38,7800.0,7821.5,Put VEX 3,VEX,-1197003.805,7403.789118356253,9255.869788891952
2026-08-18 12:54:38,7850.0,7871.5,Call GEX 3,GEX,296930.296,7403.789118356253,9255.869788891952
2026-08-18 12:54:38,7900.0,7921.75,Put CEX 4,CEX,-1146695.793,7403.789118356253,9255.869788891952
2026-08-18 12:54:38,7900.0,7921.75,Call GEX 1,GEX,684513.807,7403.789118356253,9255.869788891952
2026-08-18 12:54:38,7900.0,7921.75,Put VEX 2,VEX,-1226285.659,7403.789118356253,9255.869788891952
2026-08-18 12:54:38,8000.0,8022.0,Put CEX 1,CEX,-5577992.757,7403.789118356253,9255.869788891952
2026-08-18 12:54:38,8000.0,8022.0,Put DEX 1,DEX,-2612.926,7403.789118356253,9255.869788891952
2026-08-18 12:54:38,8000.0,8022.0,Put VEX 1,VEX,-12214065.894,7403.789118356253,9255.869788891952
2026-08-18 12:54:38,8200.0,8222.5,Put VEX 4,VEX,-771816.413,7403.789118356253,9255.869788891952
2026-08-18 12:54:38,8500.0,8523.25,Put DEX 2,DEX,-100.823,7403.789118356253,9255.869788891952
2026-08-18 12:55:32,7000.0,7019.0,Call CEX 5,CEX,2210032.021,7402.38974139783,9257.429908617
2026-08-18 12:55:32,7000.0,7019.0,Call DEX 1,DEX,1604.121,7402.38974139783,9257.429908617
2026-08-18 12:55:32,7000.0,7019.0,Put GEX 3,GEX,-607399.125,7402.38974139783,9257.429908617
2026-08-18 12:55:32,7000.0,7019.0,Call VEX 1,VEX,7415814.665,7402.38974139783,9257.429908617
2026-08-18 12:55:32,7300.0,7320.0,Call VEX 5,VEX,2057616.675,7402.38974139783,9257.429908617
2026-08-18 12:55:32,7400.0,7420.25,Call DEX 5,DEX,328.911,7402.38974139783,9257.429908617
2026-08-18 12:55:32,7400.0,7420.25,Call VEX 3,VEX,2553249.489,7402.38974139783,9257.429908617
2026-08-18 12:55:32,7450.0,7470.25,Call DEX 4,DEX,331.961,7402.38974139783,9257.429908617
2026-08-18 12:55:32,7500.0,7520.5,Call DEX 2,DEX,526.705,7402.38974139783,9257.429908617
2026-08-18 12:55:32,7500.0,7520.5,Put GEX 5,GEX,-313259.191,7402.38974139783,9257.429908617
2026-08-18 12:55:32,7500.0,7520.5,Call VEX 2,VEX,3726899.071,7402.38974139783,9257.429908617
2026-08-18 12:55:32,7600.0,7620.75,Call CEX 2,CEX,2356056.399,7402.38974139783,9257.429908617
2026-08-18 12:55:32,7600.0,7620.75,Call DEX 3,DEX,420.9,7402.38974139783,9257.429908617
2026-08-18 12:55:32,7600.0,7620.75,Call VEX 4,VEX,2547864.246,7402.38974139783,9257.429908617
2026-08-18 12:55:32,7635.0,7655.75,Call CEX 1,CEX,3195565.316,7402.38974139783,9257.429908617
2026-08-18 12:55:32,7685.0,7706.0,Call CEX 3,CEX,2316230.044,7402.38974139783,9257.429908617
2026-08-18 12:55:32,7685.0,7706.0,Put GEX 4,GEX,-378955.339,7402.38974139783,9257.429908617
2026-08-18 12:55:32,7690.0,7711.0,Call CEX 4,CEX,2264711.57,7402.38974139783,9257.429908617
2026-08-18 12:55:32,7690.0,7711.0,Put GEX 2,GEX,-691193.616,7402.38974139783,9257.429908617
2026-08-18 12:55:32,7695.0,7716.0,Put CEX 2,CEX,-2205589.354,7402.38974139783,9257.429908617
2026-08-18 12:55:32,7695.0,7716.0,Put GEX 1,GEX,-1084740.481,7402.38974139783,9257.429908617
2026-08-18 12:55:32,7700.0,7721.0,Put CEX 5,CEX,-1155467.221,7402.38974139783,9257.429908617
2026-08-18 12:55:32,7720.0,7741.0,Put DEX 4,DEX,-41.018,7402.38974139783,9257.429908617
2026-08-18 12:55:32,7735.0,7756.0,Put DEX 3,DEX,-47.674,7402.38974139783,9257.429908617
2026-08-18 12:55:32,7750.0,7771.25,Put CEX 3,CEX,-1971788.788,7402.38974139783,9257.429908617
2026-08-18 12:55:32,7750.0,7771.25,Put DEX 5,DEX,-33.373,7402.38974139783,9257.429908617
2026-08-18 12:55:32,7750.0,7771.25,Call GEX 5,GEX,293620.43,7402.38974139783,9257.429908617
2026-08-18 12:55:32,7750.0,7771.25,Put VEX 5,VEX,-717948.707,7402.38974139783,9257.429908617
2026-08-18 12:55:32,7800.0,7821.25,Put CEX 4,CEX,-1727101.967,7402.38974139783,9257.429908617
2026-08-18 12:55:32,7800.0,7821.25,Put DEX 2,DEX,-62.573,7402.38974139783,9257.429908617
2026-08-18 12:55:32,7800.0,7821.25,Call GEX 2,GEX,558824.604,7402.38974139783,9257.429908617
2026-08-18 12:55:32,7800.0,7821.25,Put VEX 3,VEX,-1180827.526,7402.38974139783,9257.429908617
2026-08-18 12:55:32,7850.0,7871.5,Call GEX 4,GEX,294239.316,7402.38974139783,9257.429908617
2026-08-18 12:55:32,7900.0,7921.5,Call GEX 1,GEX,678244.36,7402.38974139783,9257.429908617
2026-08-18 12:55:32,7900.0,7921.5,Put VEX 2,VEX,-1227265.092,7402.38974139783,9257.429908617
2026-08-18 12:55:32,8000.0,8021.75,Put CEX 1,CEX,-3172387.074,7402.38974139783,9257.429908617
2026-08-18 12:55:32,8000.0,8021.75,Put DEX 1,DEX,-1642.768,7402.38974139783,9257.429908617
2026-08-18 12:55:32,8000.0,8021.75,Call GEX 3,GEX,417496.116,7402.38974139783,9257.429908617
2026-08-18 12:55:32,8000.0,8021.75,Put VEX 1,VEX,-11022495.133,7402.38974139783,9257.429908617
2026-08-18 12:55:32,8200.0,8222.5,Put VEX 4,VEX,-769575.151,7402.38974139783,9257.429908617
2026-08-18 12:56:24,7000.0,7019.5,Call DEX 1,DEX,1593.563,7352.898387205274,9253.219585795086
2026-08-18 12:56:24,7000.0,7019.5,Put GEX 2,GEX,-639448.511,7352.898387205274,9253.219585795086
2026-08-18 12:56:24,7000.0,7019.5,Call VEX 1,VEX,7132988.873,7352.898387205274,9253.219585795086
2026-08-18 12:56:24,7300.0,7320.25,Call VEX 5,VEX,2039778.915,7352.898387205274,9253.219585795086
2026-08-18 12:56:24,7400.0,7420.5,Call DEX 5,DEX,329.633,7352.898387205274,9253.219585795086
2026-08-18 12:56:24,7400.0,7420.5,Call VEX 4,VEX,2532387.605,7352.898387205274,9253.219585795086
2026-08-18 12:56:24,7450.0,7470.75,Call DEX 4,DEX,331.021,7352.898387205274,9253.219585795086
2026-08-18 12:56:24,7500.0,7520.75,Call DEX 2,DEX,530.603,7352.898387205274,9253.219585795086
2026-08-18 12:56:24,7500.0,7520.75,Put GEX 5,GEX,-317319.142,7352.898387205274,9253.219585795086
2026-08-18 12:56:24,7500.0,7520.75,Call VEX 2,VEX,3705538.922,7352.898387205274,9253.219585795086
2026-08-18 12:56:24,7600.0,7621.0,Call CEX 3,CEX,2287152.837,7352.898387205274,9253.219585795086
2026-08-18 12:56:24,7600.0,7621.0,Call DEX 3,DEX,424.361,7352.898387205274,9253.219585795086
2026-08-18 12:56:24,7600.0,7621.0,Call VEX 3,VEX,2555683.331,7352.898387205274,9253.219585795086
2026-08-18 12:56:24,7635.0,7656.25,Call CEX 1,CEX,3198817.839,7352.898387205274,9253.219585795086
2026-08-18 12:56:24,7650.0,7671.25,Call CEX 4,CEX,2146981.685,7352.898387205274,9253.219585795086
2026-08-18 12:56:24,7685.0,7706.25,Call CEX 5,CEX,2068377.953,7352.898387205274,9253.219585795086
2026-08-18 12:56:24,7685.0,7706.25,Put GEX 4,GEX,-324742.013,7352.898387205274,9253.219585795086
2026-08-18 12:56:24,7690.0,7711.25,Call CEX 2,CEX,2573571.514,7352.898387205274,9253.219585795086
2026-08-18 12:56:24,7690.0,7711.25,Put GEX 3,GEX,-596160.73,7352.898387205274,9253.219585795086
2026-08-18 12:56:24,7695.0,7716.25,Put GEX 1,GEX,-1023170.58,7352.898387205274,9253.219585795086
2026-08-18 12:56:24,7700.0,7721.5,Put CEX 5,CEX,-1149504.135,7352.898387205274,9253.219585795086
2026-08-18 12:56:24,7720.0,7741.5,Put DEX 4,DEX,-40.282,7352.898387205274,9253.219585795086
2026-08-18 12:56:24,7735.0,7756.5,Put DEX 3,DEX,-47.067,7352.898387205274,9253.219585795086
2026-08-18 12:56:24,7750.0,7771.5,Put CEX 2,CEX,-2016214.033,7352.898387205274,9253.219585795086
2026-08-18 12:56:24,7750.0,7771.5,Put DEX 5,DEX,-31.066,7352.898387205274,9253.219585795086
2026-08-18 12:56:24,7750.0,7771.5,Call GEX 5,GEX,286859.747,7352.898387205274,9253.219585795086
2026-08-18 12:56:24,7750.0,7771.5,Put VEX 5,VEX,-716072.6,7352.898387205274,9253.219585795086
2026-08-18 12:56:24,7800.0,7821.75,Put CEX 3,CEX,-1766234.4,7352.898387205274,9253.219585795086
2026-08-18 12:56:24,7800.0,7821.75,Put DEX 2,DEX,-60.423,7352.898387205274,9253.219585795086
2026-08-18 12:56:24,7800.0,7821.75,Call GEX 2,GEX,550446.965,7352.898387205274,9253.219585795086
2026-08-18 12:56:24,7800.0,7821.75,Put VEX 3,VEX,-1187540.854,7352.898387205274,9253.219585795086
2026-08-18 12:56:24,7850.0,7871.75,Call GEX 4,GEX,295952.079,7352.898387205274,9253.219585795086
2026-08-18 12:56:24,7900.0,7922.0,Put CEX 4,CEX,-1158273.147,7352.898387205274,9253.219585795086
2026-08-18 12:56:24,7900.0,7922.0,Call GEX 1,GEX,681705.99,7352.898387205274,9253.219585795086
2026-08-18 12:56:24,7900.0,7922.0,Put VEX 2,VEX,-1226158.26,7352.898387205274,9253.219585795086
2026-08-18 12:56:24,8000.0,8022.25,Put CEX 1,CEX,-3177054.297,7352.898387205274,9253.219585795086
2026-08-18 12:56:24,8000.0,8022.25,Put DEX 1,DEX,-1635.741,7352.898387205274,9253.219585795086
2026-08-18 12:56:24,8000.0,8022.25,Call GEX 3,GEX,427304.442,7352.898387205274,9253.219585795086
2026-08-18 12:56:24,8000.0,8022.25,Put VEX 1,VEX,-11013015.456,7352.898387205274,9253.219585795086
2026-08-18 12:56:24,8200.0,8222.75,Put VEX 4,VEX,-770355.382,7352.898387205274,9253.219585795086
2026-08-18 12:57:13,7000.0,7019.25,Call DEX 1,DEX,1593.771,7452.040735744428,9253.969752052795
2026-08-18 12:57:13,7000.0,7019.25,Put GEX 2,GEX,-638763.299,7452.040735744428,9253.969752052795
2026-08-18 12:57:13,7000.0,7019.25,Call VEX 1,VEX,7111645.241,7452.040735744428,9253.969752052795
2026-08-18 12:57:13,7300.0,7320.25,Call VEX 5,VEX,2040355.304,7452.040735744428,9253.969752052795
2026-08-18 12:57:13,7400.0,7420.5,Call DEX 5,DEX,329.199,7452.040735744428,9253.969752052795
2026-08-18 12:57:13,7400.0,7420.5,Call VEX 4,VEX,2529200.35,7452.040735744428,9253.969752052795
2026-08-18 12:57:13,7450.0,7470.5,Call DEX 4,DEX,330.711,7452.040735744428,9253.969752052795
2026-08-18 12:57:13,7500.0,7520.75,Call DEX 2,DEX,529.008,7452.040735744428,9253.969752052795
2026-08-18 12:57:13,7500.0,7520.75,Call VEX 2,VEX,3689434.961,7452.040735744428,9253.969752052795
2026-08-18 12:57:13,7600.0,7621.0,Call CEX 4,CEX,2199626.074,7452.040735744428,9253.969752052795
2026-08-18 12:57:13,7600.0,7621.0,Call DEX 3,DEX,423.906,7452.040735744428,9253.969752052795
2026-08-18 12:57:13,7600.0,7621.0,Call VEX 3,VEX,2548917.719,7452.040735744428,9253.969752052795
2026-08-18 12:57:13,7635.0,7656.0,Call CEX 1,CEX,3235401.622,7452.040735744428,9253.969752052795
2026-08-18 12:57:13,7650.0,7671.25,Call CEX 5,CEX,2079171.835,7452.040735744428,9253.969752052795
2026-08-18 12:57:13,7685.0,7706.25,Call CEX 3,CEX,2246502.208,7452.040735744428,9253.969752052795
2026-08-18 12:57:13,7685.0,7706.25,Put GEX 5,GEX,-351054.325,7452.040735744428,9253.969752052795
2026-08-18 12:57:13,7690.0,7711.25,Call CEX 2,CEX,2552016.534,7452.040735744428,9253.969752052795
2026-08-18 12:57:13,7690.0,7711.25,Put GEX 3,GEX,-631572.005,7452.040735744428,9253.969752052795
2026-08-18 12:57:13,7695.0,7716.25,Put CEX 5,CEX,-1452178.792,7452.040735744428,9253.969752052795
2026-08-18 12:57:13,7695.0,7716.25,Put GEX 1,GEX,-927030.66,7452.040735744428,9253.969752052795
2026-08-18 12:57:13,7700.0,7721.25,Put CEX 1,CEX,-4902181.819,7452.040735744428,9253.969752052795
2026-08-18 12:57:13,7700.0,7721.25,Put GEX 4,GEX,-440311.886,7452.040735744428,9253.969752052795
2026-08-18 12:57:13,7720.0,7741.25,Put DEX 4,DEX,-40.594,7452.040735744428,9253.969752052795
2026-08-18 12:57:13,7735.0,7756.5,Put DEX 3,DEX,-47.051,7452.040735744428,9253.969752052795
2026-08-18 12:57:13,7750.0,7771.5,Put CEX 3,CEX,-2027216.59,7452.040735744428,9253.969752052795
2026-08-18 12:57:13,7750.0,7771.5,Put DEX 5,DEX,-31.819,7452.040735744428,9253.969752052795
2026-08-18 12:57:13,7750.0,7771.5,Call GEX 5,GEX,286136.001,7452.040735744428,9253.969752052795
2026-08-18 12:57:13,7750.0,7771.5,Put VEX 5,VEX,-721557.242,7452.040735744428,9253.969752052795
2026-08-18 12:57:13,7800.0,7821.5,Put CEX 4,CEX,-1772219.37,7452.040735744428,9253.969752052795
2026-08-18 12:57:13,7800.0,7821.5,Put DEX 2,DEX,-61.036,7452.040735744428,9253.969752052795
2026-08-18 12:57:13,7800.0,7821.5,Call GEX 2,GEX,545569.498,7452.040735744428,9253.969752052795
2026-08-18 12:57:13,7800.0,7821.5,Put VEX 3,VEX,-1192373.413,7452.040735744428,9253.969752052795
2026-08-18 12:57:13,7850.0,7871.75,Call GEX 4,GEX,294482.247,7452.040735744428,9253.969752052795
2026-08-18 12:57:13,7900.0,7921.75,Call GEX 1,GEX,679923.805,7452.040735744428,9253.969752052795
2026-08-18 12:57:13,7900.0,7921.75,Put VEX 2,VEX,-1227155.663,7452.040735744428,9253.969752052795
2026-08-18 12:57:13,8000.0,8022.0,Put CEX 2,CEX,-3350599.818,7452.040735744428,9253.969752052795
2026-08-18 12:57:13,8000.0,8022.0,Put DEX 1,DEX,-2655.728,7452.040735744428,9253.969752052795
2026-08-18 12:57:13,8000.0,8022.0,Call GEX 3,GEX,394899.907,7452.040735744428,9253.969752052795
2026-08-18 12:57:13,8000.0,8022.0,Put VEX 1,VEX,-11097612.415,7452.040735744428,9253.969752052795
2026-08-18 12:57:13,8200.0,8222.75,Put VEX 4,VEX,-767111.746,7452.040735744428,9253.969752052795
2026-08-18 12:58:05,7000.0,7019.25,Call CEX 5,CEX,2188170.341,7404.346099964698,9255.551196793624
2026-08-18 12:58:05,7000.0,7019.25,Call DEX 1,DEX,1606.822,7404.346099964698,9255.551196793624
2026-08-18 12:58:05,7000.0,7019.25,Put GEX 3,GEX,-612876.08,7404.346099964698,9255.551196793624
2026-08-18 12:58:05,7000.0,7019.25,Call VEX 1,VEX,7355341.537,7404.346099964698,9255.551196793624
2026-08-18 12:58:05,7300.0,7320.25,Call VEX 5,VEX,2060980.504,7404.346099964698,9255.551196793624
2026-08-18 12:58:05,7400.0,7420.5,Call DEX 5,DEX,325.05,7404.346099964698,9255.551196793624
2026-08-18 12:58:05,7400.0,7420.5,Call VEX 3,VEX,2595215.048,7404.346099964698,9255.551196793624
2026-08-18 12:58:05,7450.0,7470.5,Call DEX 4,DEX,331.837,7404.346099964698,9255.551196793624
2026-08-18 12:58:05,7500.0,7520.75,Call DEX 2,DEX,526.327,7404.346099964698,9255.551196793624
2026-08-18 12:58:05,7500.0,7520.75,Put GEX 5,GEX,-316965.785,7404.346099964698,9255.551196793624
2026-08-18 12:58:05,7500.0,7520.75,Call VEX 2,VEX,3708071.819,7404.346099964698,9255.551196793624
2026-08-18 12:58:05,7600.0,7621.0,Call CEX 2,CEX,2313249.631,7404.346099964698,9255.551196793624
2026-08-18 12:58:05,7600.0,7621.0,Call DEX 3,DEX,419.341,7404.346099964698,9255.551196793624
2026-08-18 12:58:05,7600.0,7621.0,Call VEX 4,VEX,2540981.802,7404.346099964698,9255.551196793624
2026-08-18 12:58:05,7635.0,7656.0,Call CEX 1,CEX,3310199.899,7404.346099964698,9255.551196793624
2026-08-18 12:58:05,7685.0,7706.25,Call CEX 4,CEX,2267051.728,7404.346099964698,9255.551196793624
2026-08-18 12:58:05,7685.0,7706.25,Put GEX 4,GEX,-381046.317,7404.346099964698,9255.551196793624
2026-08-18 12:58:05,7690.0,7711.25,Call CEX 3,CEX,2312745.433,7404.346099964698,9255.551196793624
2026-08-18 12:58:05,7690.0,7711.25,Put GEX 2,GEX,-782714.548,7404.346099964698,9255.551196793624
2026-08-18 12:58:05,7695.0,7716.25,Put CEX 2,CEX,-2840533.812,7404.346099964698,9255.551196793624
2026-08-18 12:58:05,7695.0,7716.25,Put GEX 1,GEX,-1052084.181,7404.346099964698,9255.551196793624
2026-08-18 12:58:05,7720.0,7741.25,Put DEX 4,DEX,-41.413,7404.346099964698,9255.551196793624
2026-08-18 12:58:05,7735.0,7756.5,Put DEX 3,DEX,-47.729,7404.346099964698,9255.551196793624
2026-08-18 12:58:05,7750.0,7771.5,Put CEX 3,CEX,-2000247.472,7404.346099964698,9255.551196793624
2026-08-18 12:58:05,7750.0,7771.5,Put DEX 5,DEX,-34.643,7404.346099964698,9255.551196793624
2026-08-18 12:58:05,7750.0,7771.5,Call GEX 5,GEX,289290.873,7404.346099964698,9255.551196793624
2026-08-18 12:58:05,7750.0,7771.5,Put VEX 5,VEX,-726601.935,7404.346099964698,9255.551196793624
2026-08-18 12:58:05,7800.0,7821.5,Put CEX 4,CEX,-1715143.119,7404.346099964698,9255.551196793624
2026-08-18 12:58:05,7800.0,7821.5,Put DEX 2,DEX,-64.105,7404.346099964698,9255.551196793624
2026-08-18 12:58:05,7800.0,7821.5,Call GEX 2,GEX,555337.481,7404.346099964698,9255.551196793624
2026-08-18 12:58:05,7800.0,7821.5,Put VEX 3,VEX,-1173097.628,7404.346099964698,9255.551196793624
2026-08-18 12:58:05,7850.0,7871.75,Call GEX 4,GEX,290246.825,7404.346099964698,9255.551196793624
2026-08-18 12:58:05,7900.0,7921.75,Put CEX 5,CEX,-1168502.26,7404.346099964698,9255.551196793624
2026-08-18 12:58:05,7900.0,7921.75,Call GEX 1,GEX,676386.064,7404.346099964698,9255.551196793624
2026-08-18 12:58:05,7900.0,7921.75,Put VEX 2,VEX,-1226770.399,7404.346099964698,9255.551196793624
2026-08-18 12:58:05,8000.0,8022.0,Put CEX 1,CEX,-3174860.965,7404.346099964698,9255.551196793624
2026-08-18 12:58:05,8000.0,8022.0,Put DEX 1,DEX,-1645.901,7404.346099964698,9255.551196793624
2026-08-18 12:58:05,8000.0,8022.0,Call GEX 3,GEX,416720.659,7404.346099964698,9255.551196793624
2026-08-18 12:58:05,8000.0,8022.0,Put VEX 1,VEX,-11015896.364,7404.346099964698,9255.551196793624
2026-08-18 12:58:05,8200.0,8222.75,Put VEX 4,VEX,-766019.913,7404.346099964698,9255.551196793624
2026-08-18 12:59:04,7000.0,7019.5,Call DEX 1,DEX,1588.254,7404.318218310008,9254.778833946215
2026-08-18 12:59:04,7000.0,7019.5,Put GEX 3,GEX,-627068.095,7404.318218310008,9254.778833946215
2026-08-18 12:59:04,7000.0,7019.5,Call VEX 1,VEX,7218457.317,7404.318218310008,9254.778833946215
2026-08-18 12:59:04,7300.0,7320.25,Call VEX 5,VEX,2048939.251,7404.318218310008,9254.778833946215
2026-08-18 12:59:04,7400.0,7420.5,Call DEX 5,DEX,327.534,7404.318218310008,9254.778833946215
2026-08-18 12:59:04,7400.0,7420.5,Call VEX 4,VEX,2537203.89,7404.318218310008,9254.778833946215
2026-08-18 12:59:04,7450.0,7470.75,Call DEX 4,DEX,329.083,7404.318218310008,9254.778833946215
2026-08-18 12:59:04,7500.0,7520.75,Call CEX 5,CEX,2009023.892,7404.318218310008,9254.778833946215
2026-08-18 12:59:04,7500.0,7520.75,Call DEX 2,DEX,525.734,7404.318218310008,9254.778833946215
2026-08-18 12:59:04,7500.0,7520.75,Put GEX 4,GEX,-319221.579,7404.318218310008,9254.778833946215
2026-08-18 12:59:04,7500.0,7520.75,Call VEX 2,VEX,3706422.268,7404.318218310008,9254.778833946215
2026-08-18 12:59:04,7600.0,7621.0,Call CEX 3,CEX,2237140.303,7404.318218310008,9254.778833946215
2026-08-18 12:59:04,7600.0,7621.0,Call DEX 3,DEX,421.163,7404.318218310008,9254.778833946215
2026-08-18 12:59:04,7600.0,7621.0,Call VEX 3,VEX,2543124.46,7404.318218310008,9254.778833946215
2026-08-18 12:59:04,7635.0,7656.25,Call CEX 1,CEX,3327213.132,7404.318218310008,9254.778833946215
2026-08-18 12:59:04,7650.0,7671.25,Call CEX 4,CEX,2166912.645,7404.318218310008,9254.778833946215
2026-08-18 12:59:04,7690.0,7711.25,Call CEX 2,CEX,2636492.57,7404.318218310008,9254.778833946215
2026-08-18 12:59:04,7690.0,7711.25,Put GEX 2,GEX,-734060.335,7404.318218310008,9254.778833946215
2026-08-18 12:59:04,7695.0,7716.25,Put CEX 3,CEX,-2581587.145,7404.318218310008,9254.778833946215
2026-08-18 12:59:04,7695.0,7716.25,Put GEX 1,GEX,-1135719.854,7404.318218310008,9254.778833946215
2026-08-18 12:59:04,7720.0,7741.5,Put DEX 4,DEX,-40.915,7404.318218310008,9254.778833946215
2026-08-18 12:59:04,7720.0,7741.5,Put GEX 5,GEX,-300216.495,7404.318218310008,9254.778833946215
2026-08-18 12:59:04,7735.0,7756.5,Put DEX 3,DEX,-47.586,7404.318218310008,9254.778833946215
2026-08-18 12:59:04,7750.0,7771.5,Put CEX 4,CEX,-2021346.761,7404.318218310008,9254.778833946215
2026-08-18 12:59:04,7750.0,7771.5,Put DEX 5,DEX,-33.141,7404.318218310008,9254.778833946215
2026-08-18 12:59:04,7750.0,7771.5,Call GEX 5,GEX,286093.968,7404.318218310008,9254.778833946215
2026-08-18 12:59:04,7750.0,7771.5,Put VEX 5,VEX,-724854.284,7404.318218310008,9254.778833946215
2026-08-18 12:59:04,7800.0,7821.75,Put CEX 2,CEX,-2945032.812,7404.318218310008,9254.778833946215
2026-08-18 12:59:04,7800.0,7821.75,Put DEX 2,DEX,-73.074,7404.318218310008,9254.778833946215
2026-08-18 12:59:04,7800.0,7821.75,Call GEX 2,GEX,516435.335,7404.318218310008,9254.778833946215
2026-08-18 12:59:04,7800.0,7821.75,Put VEX 3,VEX,-1207283.16,7404.318218310008,9254.778833946215
2026-08-18 12:59:04,7850.0,7871.75,Call GEX 4,GEX,289264.8,7404.318218310008,9254.778833946215
2026-08-18 12:59:04,7900.0,7922.0,Put CEX 5,CEX,-1182017.423,7404.318218310008,9254.778833946215
2026-08-18 12:59:04,7900.0,7922.0,Call GEX 1,GEX,677068.376,7404.318218310008,9254.778833946215
2026-08-18 12:59:04,7900.0,7922.0,Put VEX 2,VEX,-1226022.711,7404.318218310008,9254.778833946215
2026-08-18 12:59:04,8000.0,8022.25,Put CEX 1,CEX,-3181903.789,7404.318218310008,9254.778833946215
2026-08-18 12:59:04,8000.0,8022.25,Put DEX 1,DEX,-1643.384,7404.318218310008,9254.778833946215
2026-08-18 12:59:04,8000.0,8022.25,Call GEX 3,GEX,416882.328,7404.318218310008,9254.778833946215
2026-08-18 12:59:04,8000.0,8022.25,Put VEX 1,VEX,-11016087.206,7404.318218310008,9254.778833946215
2026-08-18 12:59:04,8200.0,8222.75,Put VEX 4,VEX,-767484.861,7404.318218310008,9254.778833946215
