timestamp,strikePrice,Theo ES,Rank,Greek,Value,cum_gam,cum_vec
2026-08-18 09:37:54,7400.0,7419.25,Call VEX 3,VEX,617434.204,8002.1268395005,8002.1268395005
2026-08-18 09:37:54,7500.0,7519.5,Call CEX 4,CEX,1376256.776,8002.1268395005,8002.1268395005
2026-08-18 09:37:54,7500.0,7519.5,Call DEX 1,DEX,312.43,8002.1268395005,8002.1268395005
2026-08-18 09:37:54,7500.0,7519.5,Call VEX 2,VEX,852089.523,8002.1268395005,8002.1268395005
2026-08-18 09:37:54,7550.0,7569.5,Call CEX 5,CEX,1173840.817,8002.1268395005,8002.1268395005
2026-08-18 09:37:54,7550.0,7569.5,Call DEX 3,DEX,144.298,8002.1268395005,8002.1268395005
2026-08-18 09:37:54,7550.0,7569.5,Call VEX 4,VEX,590944.481,8002.1268395005,8002.1268395005
2026-08-18 09:37:54,7600.0,7619.75,Call CEX 3,CEX,1813519.979,8002.1268395005,8002.1268395005
2026-08-18 09:37:54,7600.0,7619.75,Call DEX 2,DEX,197.807,8002.1268395005,8002.1268395005
2026-08-18 09:37:54,7600.0,7619.75,Call VEX 1,VEX,1056881.329,8002.1268395005,8002.1268395005
2026-08-18 09:37:54,7625.0,7644.75,Call DEX 5,DEX,61.078,8002.1268395005,8002.1268395005
2026-08-18 09:37:54,7635.0,7654.75,Call CEX 1,CEX,2760303.026,8002.1268395005,8002.1268395005
2026-08-18 09:37:54,7650.0,7669.75,Call CEX 2,CEX,2063135.985,8002.1268395005,8002.1268395005
2026-08-18 09:37:54,7650.0,7669.75,Call DEX 4,DEX,73.997,8002.1268395005,8002.1268395005
2026-08-18 09:37:54,7650.0,7669.75,Call VEX 5,VEX,590226.152,8002.1268395005,8002.1268395005
2026-08-18 09:37:54,7690.0,7710.0,Put GEX 5,GEX,-246584.41,8002.1268395005,8002.1268395005
2026-08-18 09:37:54,7695.0,7715.0,Put GEX 4,GEX,-265474.887,8002.1268395005,8002.1268395005
2026-08-18 09:37:54,7700.0,7720.0,Put GEX 2,GEX,-431117.604,8002.1268395005,8002.1268395005
2026-08-18 09:37:54,7710.0,7730.0,Put GEX 3,GEX,-373862.166,8002.1268395005,8002.1268395005
2026-08-18 09:37:54,7720.0,7740.0,Put CEX 5,CEX,-1235155.952,8002.1268395005,8002.1268395005
2026-08-18 09:37:54,7720.0,7740.0,Put GEX 1,GEX,-445985.968,8002.1268395005,8002.1268395005
2026-08-18 09:37:54,7725.0,7745.0,Put CEX 3,CEX,-1667683.44,8002.1268395005,8002.1268395005
2026-08-18 09:37:54,7725.0,7745.0,Put DEX 5,DEX,-52.123,8002.1268395005,8002.1268395005
2026-08-18 09:37:54,7750.0,7770.0,Put CEX 2,CEX,-1814478.58,8002.1268395005,8002.1268395005
2026-08-18 09:37:54,7750.0,7770.0,Put DEX 4,DEX,-77.791,8002.1268395005,8002.1268395005
2026-08-18 09:37:54,7750.0,7770.0,Put VEX 3,VEX,-573253.344,8002.1268395005,8002.1268395005
2026-08-18 09:37:54,7775.0,7795.25,Call GEX 1,GEX,241503.427,8002.1268395005,8002.1268395005
2026-08-18 09:37:54,7775.0,7795.25,Put VEX 4,VEX,-326984.314,8002.1268395005,8002.1268395005
2026-08-18 09:37:54,7800.0,7820.25,Put CEX 4,CEX,-1637439.114,8002.1268395005,8002.1268395005
2026-08-18 09:37:54,7800.0,7820.25,Put DEX 3,DEX,-100.465,8002.1268395005,8002.1268395005
2026-08-18 09:37:54,7800.0,7820.25,Call GEX 2,GEX,218880.56,8002.1268395005,8002.1268395005
2026-08-18 09:37:54,7800.0,7820.25,Put VEX 2,VEX,-738134.17,8002.1268395005,8002.1268395005
2026-08-18 09:37:54,7825.0,7845.25,Call GEX 3,GEX,109024.033,8002.1268395005,8002.1268395005
2026-08-18 09:37:54,7850.0,7870.25,Call GEX 4,GEX,104869.485,8002.1268395005,8002.1268395005
2026-08-18 09:37:54,7900.0,7920.5,Call GEX 5,GEX,104074.06,8002.1268395005,8002.1268395005
2026-08-18 09:37:54,7900.0,7920.5,Put VEX 5,VEX,-203377.722,8002.1268395005,8002.1268395005
2026-08-18 09:37:54,8000.0,8020.75,Put CEX 1,CEX,-2534101.18,8002.1268395005,8002.1268395005
2026-08-18 09:37:54,8000.0,8020.75,Put DEX 1,DEX,-1017.906,8002.1268395005,8002.1268395005
2026-08-18 09:37:54,8000.0,8020.75,Put VEX 1,VEX,-1367922.479,8002.1268395005,8002.1268395005
2026-08-18 09:37:54,8500.0,8522.0,Put DEX 2,DEX,-106.647,8002.1268395005,8002.1268395005
2026-08-18 09:38:43,7400.0,7419.0,Call VEX 3,VEX,608334.591,8002.126700050229,8002.126700050229
2026-08-18 09:38:43,7500.0,7519.25,Call CEX 4,CEX,1250531.596,8002.126700050229,8002.126700050229
2026-08-18 09:38:43,7500.0,7519.25,Call DEX 1,DEX,315.319,8002.126700050229,8002.126700050229
2026-08-18 09:38:43,7500.0,7519.25,Call VEX 2,VEX,780822.596,8002.126700050229,8002.126700050229
2026-08-18 09:38:43,7550.0,7569.5,Call CEX 5,CEX,1151435.3,8002.126700050229,8002.126700050229
2026-08-18 09:38:43,7550.0,7569.5,Call DEX 3,DEX,145.349,8002.126700050229,8002.126700050229
2026-08-18 09:38:43,7550.0,7569.5,Call VEX 5,VEX,580626.181,8002.126700050229,8002.126700050229
2026-08-18 09:38:43,7600.0,7619.5,Call CEX 3,CEX,1796838.469,8002.126700050229,8002.126700050229
2026-08-18 09:38:43,7600.0,7619.5,Call DEX 2,DEX,200.222,8002.126700050229,8002.126700050229
2026-08-18 09:38:43,7600.0,7619.5,Call VEX 1,VEX,1052467.085,8002.126700050229,8002.126700050229
2026-08-18 09:38:43,7625.0,7644.75,Call DEX 5,DEX,61.974,8002.126700050229,8002.126700050229
2026-08-18 09:38:43,7635.0,7654.75,Call CEX 1,CEX,2568614.204,8002.126700050229,8002.126700050229
2026-08-18 09:38:43,7650.0,7669.75,Call CEX 2,CEX,1975902.346,8002.126700050229,8002.126700050229
2026-08-18 09:38:43,7650.0,7669.75,Call DEX 4,DEX,76.333,8002.126700050229,8002.126700050229
2026-08-18 09:38:43,7650.0,7669.75,Call VEX 4,VEX,596297.202,8002.126700050229,8002.126700050229
2026-08-18 09:38:43,7695.0,7714.75,Put GEX 4,GEX,-254796.68,8002.126700050229,8002.126700050229
2026-08-18 09:38:43,7700.0,7719.75,Put GEX 2,GEX,-410286.514,8002.126700050229,8002.126700050229
2026-08-18 09:38:43,7710.0,7729.75,Put GEX 3,GEX,-378436.498,8002.126700050229,8002.126700050229
2026-08-18 09:38:43,7720.0,7740.0,Put CEX 5,CEX,-1236766.933,8002.126700050229,8002.126700050229
2026-08-18 09:38:43,7720.0,7740.0,Put GEX 1,GEX,-469308.202,8002.126700050229,8002.126700050229
2026-08-18 09:38:43,7725.0,7745.0,Put CEX 2,CEX,-1927583.822,8002.126700050229,8002.126700050229
2026-08-18 09:38:43,7735.0,7755.0,Put DEX 5,DEX,-52.062,8002.126700050229,8002.126700050229
2026-08-18 09:38:43,7735.0,7755.0,Put GEX 5,GEX,-239013.07,8002.126700050229,8002.126700050229
2026-08-18 09:38:43,7750.0,7770.0,Put CEX 3,CEX,-1806663.598,8002.126700050229,8002.126700050229
2026-08-18 09:38:43,7750.0,7770.0,Put DEX 4,DEX,-75.051,8002.126700050229,8002.126700050229
2026-08-18 09:38:43,7750.0,7770.0,Put VEX 3,VEX,-561468.254,8002.126700050229,8002.126700050229
2026-08-18 09:38:43,7775.0,7795.0,Call GEX 1,GEX,248433.647,8002.126700050229,8002.126700050229
2026-08-18 09:38:43,7775.0,7795.0,Put VEX 4,VEX,-326463.934,8002.126700050229,8002.126700050229
2026-08-18 09:38:43,7800.0,7820.0,Put CEX 4,CEX,-1660445.545,8002.126700050229,8002.126700050229
2026-08-18 09:38:43,7800.0,7820.0,Put DEX 3,DEX,-98.924,8002.126700050229,8002.126700050229
2026-08-18 09:38:43,7800.0,7820.0,Call GEX 2,GEX,225113.89,8002.126700050229,8002.126700050229
2026-08-18 09:38:43,7800.0,7820.0,Put VEX 2,VEX,-743847.633,8002.126700050229,8002.126700050229
2026-08-18 09:38:43,7825.0,7845.25,Call GEX 3,GEX,111573.2,8002.126700050229,8002.126700050229
2026-08-18 09:38:43,7850.0,7870.25,Call GEX 4,GEX,107118.795,8002.126700050229,8002.126700050229
2026-08-18 09:38:43,7900.0,7920.25,Call GEX 5,GEX,105887.128,8002.126700050229,8002.126700050229
2026-08-18 09:38:43,7900.0,7920.25,Put VEX 5,VEX,-205272.358,8002.126700050229,8002.126700050229
2026-08-18 09:38:43,8000.0,8020.5,Put CEX 1,CEX,-2592203.602,8002.126700050229,8002.126700050229
2026-08-18 09:38:43,8000.0,8020.5,Put DEX 1,DEX,-1016.883,8002.126700050229,8002.126700050229
2026-08-18 09:38:43,8000.0,8020.5,Put VEX 1,VEX,-1396634.033,8002.126700050229,8002.126700050229
2026-08-18 09:38:43,8500.0,8522.0,Put DEX 2,DEX,-106.579,8002.126700050229,8002.126700050229
2026-08-18 09:39:36,7400.0,7418.75,Call VEX 3,VEX,603232.471,8002.802566182212,8002.802566182212
2026-08-18 09:39:36,7500.0,7519.0,Call VEX 2,VEX,626002.952,8002.802566182212,8002.802566182212
2026-08-18 09:39:36,7550.0,7569.0,Call CEX 5,CEX,1051197.169,8002.802566182212,8002.802566182212
2026-08-18 09:39:36,7550.0,7569.0,Call DEX 2,DEX,144.235,8002.802566182212,8002.802566182212
2026-08-18 09:39:36,7550.0,7569.0,Call VEX 5,VEX,556351.865,8002.802566182212,8002.802566182212
2026-08-18 09:39:36,7575.0,7594.0,Call DEX 5,DEX,40.274,8002.802566182212,8002.802566182212
2026-08-18 09:39:36,7600.0,7619.25,Call CEX 3,CEX,1708627.648,8002.802566182212,8002.802566182212
2026-08-18 09:39:36,7600.0,7619.25,Call DEX 1,DEX,201.889,8002.802566182212,8002.802566182212
2026-08-18 09:39:36,7600.0,7619.25,Call VEX 1,VEX,1041357.459,8002.802566182212,8002.802566182212
2026-08-18 09:39:36,7625.0,7644.25,Call DEX 4,DEX,62.207,8002.802566182212,8002.802566182212
2026-08-18 09:39:36,7635.0,7654.25,Call CEX 1,CEX,2566021.467,8002.802566182212,8002.802566182212
2026-08-18 09:39:36,7650.0,7669.25,Call CEX 2,CEX,1951062.174,8002.802566182212,8002.802566182212
2026-08-18 09:39:36,7650.0,7669.25,Call DEX 3,DEX,76.815,8002.802566182212,8002.802566182212
2026-08-18 09:39:36,7650.0,7669.25,Call VEX 4,VEX,596965.429,8002.802566182212,8002.802566182212
2026-08-18 09:39:36,7675.0,7694.25,Call CEX 4,CEX,1051275.229,8002.802566182212,8002.802566182212
2026-08-18 09:39:36,7700.0,7719.5,Put GEX 2,GEX,-382650.305,8002.802566182212,8002.802566182212
2026-08-18 09:39:36,7710.0,7729.5,Put GEX 3,GEX,-360423.756,8002.802566182212,8002.802566182212
2026-08-18 09:39:36,7720.0,7739.5,Put GEX 1,GEX,-460624.52,8002.802566182212,8002.802566182212
2026-08-18 09:39:36,7725.0,7744.5,Put CEX 3,CEX,-2037798.379,8002.802566182212,8002.802566182212
2026-08-18 09:39:36,7735.0,7754.5,Put DEX 5,DEX,-51.036,8002.802566182212,8002.802566182212
2026-08-18 09:39:36,7735.0,7754.5,Put GEX 4,GEX,-283995.666,8002.802566182212,8002.802566182212
2026-08-18 09:39:36,7750.0,7769.5,Put CEX 2,CEX,-2708666.578,8002.802566182212,8002.802566182212
2026-08-18 09:39:36,7750.0,7769.5,Put DEX 4,DEX,-99.007,8002.802566182212,8002.802566182212
2026-08-18 09:39:36,7750.0,7769.5,Put VEX 3,VEX,-587648.41,8002.802566182212,8002.802566182212
2026-08-18 09:39:36,7775.0,7794.5,Put CEX 5,CEX,-1271519.359,8002.802566182212,8002.802566182212
2026-08-18 09:39:36,7775.0,7794.5,Call GEX 1,GEX,233876.207,8002.802566182212,8002.802566182212
2026-08-18 09:39:36,7775.0,7794.5,Put VEX 4,VEX,-337119.869,8002.802566182212,8002.802566182212
2026-08-18 09:39:36,7800.0,7819.75,Put CEX 4,CEX,-1899550.76,8002.802566182212,8002.802566182212
2026-08-18 09:39:36,7800.0,7819.75,Put DEX 2,DEX,-109.15,8002.802566182212,8002.802566182212
2026-08-18 09:39:36,7800.0,7819.75,Call GEX 2,GEX,213472.096,8002.802566182212,8002.802566182212
2026-08-18 09:39:36,7800.0,7819.75,Put VEX 2,VEX,-755580.576,8002.802566182212,8002.802566182212
2026-08-18 09:39:36,7825.0,7844.75,Call GEX 3,GEX,111361.469,8002.802566182212,8002.802566182212
2026-08-18 09:39:36,7850.0,7869.75,Call GEX 4,GEX,106687.442,8002.802566182212,8002.802566182212
2026-08-18 09:39:36,7900.0,7920.0,Call GEX 5,GEX,106407.43,8002.802566182212,8002.802566182212
2026-08-18 09:39:36,7900.0,7920.0,Put VEX 5,VEX,-204839.471,8002.802566182212,8002.802566182212
2026-08-18 09:39:36,8000.0,8020.25,Put CEX 1,CEX,-2926035.436,8002.802566182212,8002.802566182212
2026-08-18 09:39:36,8000.0,8020.25,Put DEX 1,DEX,-1008.248,8002.802566182212,8002.802566182212
2026-08-18 09:39:36,8000.0,8020.25,Put GEX 5,GEX,-260791.224,8002.802566182212,8002.802566182212
2026-08-18 09:39:36,8000.0,8020.25,Put VEX 1,VEX,-1566092.771,8002.802566182212,8002.802566182212
2026-08-18 09:39:36,8500.0,8521.5,Put DEX 3,DEX,-106.106,8002.802566182212,8002.802566182212
2026-08-18 09:40:34,7400.0,7418.25,Call VEX 4,VEX,584096.189,8003.054184640134,8003.054184640134
2026-08-18 09:40:34,7500.0,7518.5,Call VEX 2,VEX,617101.621,8003.054184640134,8003.054184640134
2026-08-18 09:40:34,7550.0,7568.75,Call CEX 5,CEX,1004371.319,8003.054184640134,8003.054184640134
2026-08-18 09:40:34,7550.0,7568.75,Call DEX 2,DEX,145.774,8003.054184640134,8003.054184640134
2026-08-18 09:40:34,7550.0,7568.75,Call VEX 5,VEX,529300.364,8003.054184640134,8003.054184640134
2026-08-18 09:40:34,7575.0,7593.75,Call DEX 5,DEX,38.904,8003.054184640134,8003.054184640134
2026-08-18 09:40:34,7600.0,7618.75,Call CEX 3,CEX,1658926.697,8003.054184640134,8003.054184640134
2026-08-18 09:40:34,7600.0,7618.75,Call DEX 1,DEX,192.624,8003.054184640134,8003.054184640134
2026-08-18 09:40:34,7600.0,7618.75,Call VEX 1,VEX,1030162.434,8003.054184640134,8003.054184640134
2026-08-18 09:40:34,7625.0,7644.0,Call DEX 4,DEX,61.807,8003.054184640134,8003.054184640134
2026-08-18 09:40:34,7635.0,7654.0,Call CEX 1,CEX,2570685.109,8003.054184640134,8003.054184640134
2026-08-18 09:40:34,7650.0,7669.0,Call CEX 2,CEX,1932274.934,8003.054184640134,8003.054184640134
2026-08-18 09:40:34,7650.0,7669.0,Call DEX 3,DEX,76.11,8003.054184640134,8003.054184640134
2026-08-18 09:40:34,7650.0,7669.0,Call VEX 3,VEX,598165.265,8003.054184640134,8003.054184640134
2026-08-18 09:40:34,7675.0,7694.0,Call CEX 4,CEX,1037539.654,8003.054184640134,8003.054184640134
2026-08-18 09:40:34,7700.0,7719.0,Put GEX 2,GEX,-359388.358,8003.054184640134,8003.054184640134
2026-08-18 09:40:34,7710.0,7729.0,Put GEX 3,GEX,-345295.911,8003.054184640134,8003.054184640134
2026-08-18 09:40:34,7720.0,7739.25,Put GEX 1,GEX,-451673.516,8003.054184640134,8003.054184640134
2026-08-18 09:40:34,7725.0,7744.25,Put CEX 4,CEX,-2054584.221,8003.054184640134,8003.054184640134
2026-08-18 09:40:34,7735.0,7754.25,Put DEX 5,DEX,-50.497,8003.054184640134,8003.054184640134
2026-08-18 09:40:34,7735.0,7754.25,Put GEX 5,GEX,-287629.851,8003.054184640134,8003.054184640134
2026-08-18 09:40:34,7750.0,7769.25,Put CEX 2,CEX,-3037197.095,8003.054184640134,8003.054184640134
2026-08-18 09:40:34,7750.0,7769.25,Put DEX 4,DEX,-97.832,8003.054184640134,8003.054184640134
2026-08-18 09:40:34,7750.0,7769.25,Put VEX 3,VEX,-597184.43,8003.054184640134,8003.054184640134
2026-08-18 09:40:34,7775.0,7794.25,Put CEX 5,CEX,-1540804.987,8003.054184640134,8003.054184640134
2026-08-18 09:40:34,7775.0,7794.25,Call GEX 1,GEX,222195.486,8003.054184640134,8003.054184640134
2026-08-18 09:40:34,7775.0,7794.25,Put VEX 4,VEX,-345501.961,8003.054184640134,8003.054184640134
2026-08-18 09:40:34,7800.0,7819.25,Put CEX 3,CEX,-2081425.619,8003.054184640134,8003.054184640134
2026-08-18 09:40:34,7800.0,7819.25,Put DEX 2,DEX,-108.373,8003.054184640134,8003.054184640134
2026-08-18 09:40:34,7800.0,7819.25,Call GEX 2,GEX,204322.165,8003.054184640134,8003.054184640134
2026-08-18 09:40:34,7800.0,7819.25,Put VEX 2,VEX,-762189.368,8003.054184640134,8003.054184640134
2026-08-18 09:40:34,7825.0,7844.5,Call GEX 3,GEX,110534.152,8003.054184640134,8003.054184640134
2026-08-18 09:40:34,7850.0,7869.5,Call GEX 4,GEX,106588.047,8003.054184640134,8003.054184640134
2026-08-18 09:40:34,7900.0,7919.5,Call GEX 5,GEX,106255.609,8003.054184640134,8003.054184640134
2026-08-18 09:40:34,7900.0,7919.5,Put VEX 5,VEX,-205002.996,8003.054184640134,8003.054184640134
2026-08-18 09:40:34,8000.0,8019.75,Put CEX 1,CEX,-3121451.283,8003.054184640134,8003.054184640134
2026-08-18 09:40:34,8000.0,8019.75,Put DEX 1,DEX,-1002.47,8003.054184640134,8003.054184640134
2026-08-18 09:40:34,8000.0,8019.75,Put GEX 4,GEX,-294468.081,8003.054184640134,8003.054184640134
2026-08-18 09:40:34,8000.0,8019.75,Put VEX 1,VEX,-1664907.161,8003.054184640134,8003.054184640134
2026-08-18 09:40:34,8500.0,8521.0,Put DEX 3,DEX,-105.787,8003.054184640134,8003.054184640134
2026-08-18 09:41:27,7400.0,7419.0,Call VEX 4,VEX,597464.13,8002.543798098354,8002.543798098354
2026-08-18 09:41:27,7500.0,7519.25,Call CEX 5,CEX,1084879.13,8002.543798098354,8002.543798098354
2026-08-18 09:41:27,7500.0,7519.25,Call DEX 1,DEX,317.94,8002.543798098354,8002.543798098354
2026-08-18 09:41:27,7500.0,7519.25,Call VEX 2,VEX,692877.479,8002.543798098354,8002.543798098354
2026-08-18 09:41:27,7550.0,7569.25,Call CEX 4,CEX,1093152.349,8002.543798098354,8002.543798098354
2026-08-18 09:41:27,7550.0,7569.25,Call DEX 3,DEX,147.771,8002.543798098354,8002.543798098354
2026-08-18 09:41:27,7550.0,7569.25,Call VEX 5,VEX,561898.652,8002.543798098354,8002.543798098354
2026-08-18 09:41:27,7600.0,7619.5,Call CEX 3,CEX,1736969.226,8002.543798098354,8002.543798098354
2026-08-18 09:41:27,7600.0,7619.5,Call DEX 2,DEX,202.319,8002.543798098354,8002.543798098354
2026-08-18 09:41:27,7600.0,7619.5,Call VEX 1,VEX,1042239.315,8002.543798098354,8002.543798098354
2026-08-18 09:41:27,7625.0,7644.5,Call DEX 5,DEX,62.245,8002.543798098354,8002.543798098354
2026-08-18 09:41:27,7635.0,7654.5,Call CEX 1,CEX,2583266.65,8002.543798098354,8002.543798098354
2026-08-18 09:41:27,7650.0,7669.5,Call CEX 2,CEX,1972799.836,8002.543798098354,8002.543798098354
2026-08-18 09:41:27,7650.0,7669.5,Call DEX 4,DEX,77.066,8002.543798098354,8002.543798098354
2026-08-18 09:41:27,7650.0,7669.5,Call VEX 3,VEX,598462.003,8002.543798098354,8002.543798098354
2026-08-18 09:41:27,7695.0,7714.75,Put GEX 5,GEX,-251852.799,8002.543798098354,8002.543798098354
2026-08-18 09:41:27,7700.0,7719.75,Put GEX 2,GEX,-394971.108,8002.543798098354,8002.543798098354
2026-08-18 09:41:27,7710.0,7729.75,Put GEX 3,GEX,-368748.821,8002.543798098354,8002.543798098354
2026-08-18 09:41:27,7720.0,7739.75,Put CEX 5,CEX,-1226474.263,8002.543798098354,8002.543798098354
2026-08-18 09:41:27,7720.0,7739.75,Put GEX 1,GEX,-467268.218,8002.543798098354,8002.543798098354
2026-08-18 09:41:27,7725.0,7744.75,Put CEX 3,CEX,-2028100.635,8002.543798098354,8002.543798098354
2026-08-18 09:41:27,7735.0,7754.75,Put DEX 5,DEX,-51.193,8002.543798098354,8002.543798098354
2026-08-18 09:41:27,7735.0,7754.75,Put GEX 4,GEX,-281564.266,8002.543798098354,8002.543798098354
2026-08-18 09:41:27,7750.0,7770.0,Put CEX 2,CEX,-2596927.112,8002.543798098354,8002.543798098354
2026-08-18 09:41:27,7750.0,7770.0,Put DEX 4,DEX,-99.252,8002.543798098354,8002.543798098354
2026-08-18 09:41:27,7750.0,7770.0,Put VEX 3,VEX,-583520.013,8002.543798098354,8002.543798098354
2026-08-18 09:41:27,7775.0,7795.0,Call GEX 1,GEX,240339.573,8002.543798098354,8002.543798098354
2026-08-18 09:41:27,7775.0,7795.0,Put VEX 4,VEX,-333138.147,8002.543798098354,8002.543798098354
2026-08-18 09:41:27,7800.0,7820.0,Put CEX 4,CEX,-1763194.534,8002.543798098354,8002.543798098354
2026-08-18 09:41:27,7800.0,7820.0,Put DEX 2,DEX,-109.369,8002.543798098354,8002.543798098354
2026-08-18 09:41:27,7800.0,7820.0,Call GEX 2,GEX,220319.696,8002.543798098354,8002.543798098354
2026-08-18 09:41:27,7800.0,7820.0,Put VEX 2,VEX,-750811.929,8002.543798098354,8002.543798098354
2026-08-18 09:41:27,7825.0,7845.0,Call GEX 3,GEX,112274.697,8002.543798098354,8002.543798098354
2026-08-18 09:41:27,7850.0,7870.25,Call GEX 4,GEX,107796.825,8002.543798098354,8002.543798098354
2026-08-18 09:41:27,7900.0,7920.25,Call GEX 5,GEX,106732.465,8002.543798098354,8002.543798098354
2026-08-18 09:41:27,7900.0,7920.25,Put VEX 5,VEX,-205351.664,8002.543798098354,8002.543798098354
2026-08-18 09:41:27,8000.0,8020.5,Put CEX 1,CEX,-2803730.964,8002.543798098354,8002.543798098354
2026-08-18 09:41:27,8000.0,8020.5,Put DEX 1,DEX,-1011.602,8002.543798098354,8002.543798098354
2026-08-18 09:41:27,8000.0,8020.5,Put VEX 1,VEX,-1504578.465,8002.543798098354,8002.543798098354
2026-08-18 09:41:27,8500.0,8521.75,Put DEX 3,DEX,-106.301,8002.543798098354,8002.543798098354
2026-08-18 09:42:15,7400.0,7418.5,Call VEX 4,VEX,596600.326,8002.619719804272,8002.619719804272
2026-08-18 09:42:15,7500.0,7518.75,Call VEX 2,VEX,623503.308,8002.619719804272,8002.619719804272
2026-08-18 09:42:15,7550.0,7569.0,Call CEX 4,CEX,1066171.903,8002.619719804272,8002.619719804272
2026-08-18 09:42:15,7550.0,7569.0,Call DEX 2,DEX,146.924,8002.619719804272,8002.619719804272
2026-08-18 09:42:15,7550.0,7569.0,Call VEX 5,VEX,556793.639,8002.619719804272,8002.619719804272
2026-08-18 09:42:15,7575.0,7594.0,Call DEX 5,DEX,40.372,8002.619719804272,8002.619719804272
2026-08-18 09:42:15,7600.0,7619.0,Call CEX 3,CEX,1722299.287,8002.619719804272,8002.619719804272
2026-08-18 09:42:15,7600.0,7619.0,Call DEX 1,DEX,202.174,8002.619719804272,8002.619719804272
2026-08-18 09:42:15,7600.0,7619.0,Call VEX 1,VEX,1041485.294,8002.619719804272,8002.619719804272
2026-08-18 09:42:15,7625.0,7644.0,Call DEX 4,DEX,62.325,8002.619719804272,8002.619719804272
2026-08-18 09:42:15,7635.0,7654.0,Call CEX 1,CEX,2590831.458,8002.619719804272,8002.619719804272
2026-08-18 09:42:15,7650.0,7669.25,Call CEX 2,CEX,1975232.442,8002.619719804272,8002.619719804272
2026-08-18 09:42:15,7650.0,7669.25,Call DEX 3,DEX,77.083,8002.619719804272,8002.619719804272
2026-08-18 09:42:15,7650.0,7669.25,Call VEX 3,VEX,598341.602,8002.619719804272,8002.619719804272
2026-08-18 09:42:15,7675.0,7694.25,Call CEX 5,CEX,1058951.979,8002.619719804272,8002.619719804272
2026-08-18 09:42:15,7695.0,7714.25,Put GEX 5,GEX,-251994.726,8002.619719804272,8002.619719804272
2026-08-18 09:42:15,7700.0,7719.25,Put GEX 2,GEX,-394531.172,8002.619719804272,8002.619719804272
2026-08-18 09:42:15,7710.0,7729.25,Put GEX 3,GEX,-369258.15,8002.619719804272,8002.619719804272
2026-08-18 09:42:15,7720.0,7739.25,Put CEX 5,CEX,-1230932.434,8002.619719804272,8002.619719804272
2026-08-18 09:42:15,7720.0,7739.25,Put GEX 1,GEX,-467236.537,8002.619719804272,8002.619719804272
2026-08-18 09:42:15,7725.0,7744.25,Put CEX 3,CEX,-2031087.733,8002.619719804272,8002.619719804272
2026-08-18 09:42:15,7735.0,7754.25,Put DEX 5,DEX,-51.073,8002.619719804272,8002.619719804272
2026-08-18 09:42:15,7735.0,7754.25,Put GEX 4,GEX,-280470.47,8002.619719804272,8002.619719804272
2026-08-18 09:42:15,7750.0,7769.5,Put CEX 2,CEX,-2607299.73,8002.619719804272,8002.619719804272
2026-08-18 09:42:15,7750.0,7769.5,Put DEX 4,DEX,-99.008,8002.619719804272,8002.619719804272
2026-08-18 09:42:15,7750.0,7769.5,Put VEX 3,VEX,-583256.071,8002.619719804272,8002.619719804272
2026-08-18 09:42:15,7775.0,7794.5,Call GEX 1,GEX,238701.796,8002.619719804272,8002.619719804272
2026-08-18 09:42:15,7775.0,7794.5,Put VEX 4,VEX,-334280.874,8002.619719804272,8002.619719804272
2026-08-18 09:42:15,7800.0,7819.5,Put CEX 4,CEX,-1838624.771,8002.619719804272,8002.619719804272
2026-08-18 09:42:15,7800.0,7819.5,Put DEX 2,DEX,-109.415,8002.619719804272,8002.619719804272
2026-08-18 09:42:15,7800.0,7819.5,Call GEX 2,GEX,216283.086,8002.619719804272,8002.619719804272
2026-08-18 09:42:15,7800.0,7819.5,Put VEX 2,VEX,-752363.231,8002.619719804272,8002.619719804272
2026-08-18 09:42:15,7825.0,7844.5,Call GEX 3,GEX,111400.617,8002.619719804272,8002.619719804272
2026-08-18 09:42:15,7850.0,7869.75,Call GEX 4,GEX,106994.87,8002.619719804272,8002.619719804272
2026-08-18 09:42:15,7900.0,7919.75,Call GEX 5,GEX,106232.31,8002.619719804272,8002.619719804272
2026-08-18 09:42:15,7900.0,7919.75,Put VEX 5,VEX,-206020.736,8002.619719804272,8002.619719804272
2026-08-18 09:42:15,8000.0,8020.0,Put CEX 1,CEX,-2843445.574,8002.619719804272,8002.619719804272
2026-08-18 09:42:15,8000.0,8020.0,Put DEX 1,DEX,-1010.637,8002.619719804272,8002.619719804272
2026-08-18 09:42:15,8000.0,8020.0,Put VEX 1,VEX,-1523491.945,8002.619719804272,8002.619719804272
2026-08-18 09:42:15,8500.0,8521.25,Put DEX 3,DEX,-106.211,8002.619719804272,8002.619719804272
2026-08-18 09:43:06,7400.0,7418.5,Call VEX 3,VEX,600037.784,8002.6856163289885,8002.6856163289885
2026-08-18 09:43:06,7500.0,7518.75,Call VEX 2,VEX,626635.495,8002.6856163289885,8002.6856163289885
2026-08-18 09:43:06,7550.0,7568.75,Call CEX 4,CEX,1062834.219,8002.6856163289885,8002.6856163289885
2026-08-18 09:43:06,7550.0,7568.75,Call DEX 2,DEX,143.888,8002.6856163289885,8002.6856163289885
2026-08-18 09:43:06,7550.0,7568.75,Call VEX 5,VEX,560917.079,8002.6856163289885,8002.6856163289885
2026-08-18 09:43:06,7575.0,7593.75,Call DEX 5,DEX,40.171,8002.6856163289885,8002.6856163289885
2026-08-18 09:43:06,7600.0,7619.0,Call CEX 3,CEX,1697154.612,8002.6856163289885,8002.6856163289885
2026-08-18 09:43:06,7600.0,7619.0,Call DEX 1,DEX,198.929,8002.6856163289885,8002.6856163289885
2026-08-18 09:43:06,7600.0,7619.0,Call VEX 1,VEX,1039956.906,8002.6856163289885,8002.6856163289885
2026-08-18 09:43:06,7625.0,7644.0,Call DEX 4,DEX,61.89,8002.6856163289885,8002.6856163289885
2026-08-18 09:43:06,7635.0,7654.0,Call CEX 1,CEX,2612770.115,8002.6856163289885,8002.6856163289885
2026-08-18 09:43:06,7650.0,7669.0,Call CEX 2,CEX,1974122.138,8002.6856163289885,8002.6856163289885
2026-08-18 09:43:06,7650.0,7669.0,Call DEX 3,DEX,75.927,8002.6856163289885,8002.6856163289885
2026-08-18 09:43:06,7650.0,7669.0,Call VEX 4,VEX,593573.587,8002.6856163289885,8002.6856163289885
2026-08-18 09:43:06,7675.0,7694.0,Call CEX 5,CEX,1062411.089,8002.6856163289885,8002.6856163289885
2026-08-18 09:43:06,7695.0,7714.25,Put GEX 5,GEX,-257973.559,8002.6856163289885,8002.6856163289885
2026-08-18 09:43:06,7700.0,7719.25,Put GEX 2,GEX,-401594.767,8002.6856163289885,8002.6856163289885
2026-08-18 09:43:06,7710.0,7729.25,Put GEX 3,GEX,-366373.764,8002.6856163289885,8002.6856163289885
2026-08-18 09:43:06,7720.0,7739.25,Put GEX 1,GEX,-456298.685,8002.6856163289885,8002.6856163289885
2026-08-18 09:43:06,7725.0,7744.25,Put CEX 3,CEX,-2031910.684,8002.6856163289885,8002.6856163289885
2026-08-18 09:43:06,7735.0,7754.25,Put DEX 5,DEX,-51.537,8002.6856163289885,8002.6856163289885
2026-08-18 09:43:06,7735.0,7754.25,Put GEX 4,GEX,-275467.563,8002.6856163289885,8002.6856163289885
2026-08-18 09:43:06,7750.0,7769.25,Put CEX 2,CEX,-2596317.684,8002.6856163289885,8002.6856163289885
2026-08-18 09:43:06,7750.0,7769.25,Put DEX 4,DEX,-100.619,8002.6856163289885,8002.6856163289885
2026-08-18 09:43:06,7750.0,7769.25,Put VEX 3,VEX,-589600.572,8002.6856163289885,8002.6856163289885
2026-08-18 09:43:06,7775.0,7794.25,Put CEX 5,CEX,-1265066.504,8002.6856163289885,8002.6856163289885
2026-08-18 09:43:06,7775.0,7794.25,Call GEX 1,GEX,231162.401,8002.6856163289885,8002.6856163289885
2026-08-18 09:43:06,7775.0,7794.25,Put VEX 4,VEX,-337074.018,8002.6856163289885,8002.6856163289885
2026-08-18 09:43:06,7800.0,7819.5,Put CEX 4,CEX,-1857358.528,8002.6856163289885,8002.6856163289885
2026-08-18 09:43:06,7800.0,7819.5,Put DEX 2,DEX,-110.124,8002.6856163289885,8002.6856163289885
2026-08-18 09:43:06,7800.0,7819.5,Call GEX 2,GEX,210702.846,8002.6856163289885,8002.6856163289885
2026-08-18 09:43:06,7800.0,7819.5,Put VEX 2,VEX,-750629.4,8002.6856163289885,8002.6856163289885
2026-08-18 09:43:06,7825.0,7844.5,Call GEX 3,GEX,110231.376,8002.6856163289885,8002.6856163289885
2026-08-18 09:43:06,7850.0,7869.5,Call GEX 4,GEX,105574.364,8002.6856163289885,8002.6856163289885
2026-08-18 09:43:06,7900.0,7919.75,Call GEX 5,GEX,105502.302,8002.6856163289885,8002.6856163289885
2026-08-18 09:43:06,7900.0,7919.75,Put VEX 5,VEX,-204504.573,8002.6856163289885,8002.6856163289885
2026-08-18 09:43:06,8000.0,8020.0,Put CEX 1,CEX,-2877002.35,8002.6856163289885,8002.6856163289885
2026-08-18 09:43:06,8000.0,8020.0,Put DEX 1,DEX,-1009.549,8002.6856163289885,8002.6856163289885
2026-08-18 09:43:06,8000.0,8020.0,Put VEX 1,VEX,-1539878.563,8002.6856163289885,8002.6856163289885
2026-08-18 09:43:06,8500.0,8521.25,Put DEX 3,DEX,-106.207,8002.6856163289885,8002.6856163289885
2026-08-18 09:44:01,7400.0,7418.5,Call VEX 3,VEX,591251.854,8002.94676695102,8002.94676695102
2026-08-18 09:44:01,7500.0,7518.75,Call VEX 2,VEX,627975.327,8002.94676695102,8002.94676695102
2026-08-18 09:44:01,7550.0,7568.75,Call CEX 5,CEX,1048285.888,8002.94676695102,8002.94676695102
2026-08-18 09:44:01,7550.0,7568.75,Call DEX 2,DEX,145.231,8002.94676695102,8002.94676695102
2026-08-18 09:44:01,7550.0,7568.75,Call VEX 5,VEX,551306.183,8002.94676695102,8002.94676695102
2026-08-18 09:44:01,7575.0,7593.75,Call DEX 5,DEX,40.058,8002.94676695102,8002.94676695102
2026-08-18 09:44:01,7600.0,7619.0,Call CEX 3,CEX,1678813.585,8002.94676695102,8002.94676695102
2026-08-18 09:44:01,7600.0,7619.0,Call DEX 1,DEX,189.786,8002.94676695102,8002.94676695102
2026-08-18 09:44:01,7600.0,7619.0,Call VEX 1,VEX,1035487.554,8002.94676695102,8002.94676695102
2026-08-18 09:44:01,7625.0,7644.0,Call DEX 4,DEX,60.806,8002.94676695102,8002.94676695102
2026-08-18 09:44:01,7635.0,7654.0,Call CEX 1,CEX,2638509.266,8002.94676695102,8002.94676695102
2026-08-18 09:44:01,7650.0,7669.0,Call CEX 2,CEX,2041267.422,8002.94676695102,8002.94676695102
2026-08-18 09:44:01,7650.0,7669.0,Call DEX 3,DEX,73.351,8002.94676695102,8002.94676695102
2026-08-18 09:44:01,7650.0,7669.0,Call VEX 4,VEX,590536.593,8002.94676695102,8002.94676695102
2026-08-18 09:44:01,7675.0,7694.0,Call CEX 4,CEX,1083655.088,8002.94676695102,8002.94676695102
2026-08-18 09:44:01,7700.0,7719.25,Put GEX 2,GEX,-381409.03,8002.94676695102,8002.94676695102
2026-08-18 09:44:01,7710.0,7729.25,Put GEX 3,GEX,-342190.005,8002.94676695102,8002.94676695102
2026-08-18 09:44:01,7720.0,7739.25,Put GEX 1,GEX,-435941.553,8002.94676695102,8002.94676695102
2026-08-18 09:44:01,7725.0,7744.25,Put CEX 3,CEX,-2081105.898,8002.94676695102,8002.94676695102
2026-08-18 09:44:01,7735.0,7754.25,Put DEX 5,DEX,-51.876,8002.94676695102,8002.94676695102
2026-08-18 09:44:01,7735.0,7754.25,Put GEX 5,GEX,-277884.411,8002.94676695102,8002.94676695102
2026-08-18 09:44:01,7750.0,7769.25,Put CEX 2,CEX,-2989420.106,8002.94676695102,8002.94676695102
2026-08-18 09:44:01,7750.0,7769.25,Put DEX 4,DEX,-101.409,8002.94676695102,8002.94676695102
2026-08-18 09:44:01,7750.0,7769.25,Put VEX 3,VEX,-609680.733,8002.94676695102,8002.94676695102
2026-08-18 09:44:01,7775.0,7794.25,Put CEX 5,CEX,-1496289.656,8002.94676695102,8002.94676695102
2026-08-18 09:44:01,7775.0,7794.25,Call GEX 1,GEX,216135.454,8002.94676695102,8002.94676695102
2026-08-18 09:44:01,7775.0,7794.25,Put VEX 4,VEX,-344649.136,8002.94676695102,8002.94676695102
2026-08-18 09:44:01,7800.0,7819.5,Put CEX 4,CEX,-2026701.899,8002.94676695102,8002.94676695102
2026-08-18 09:44:01,7800.0,7819.5,Put DEX 2,DEX,-110.287,8002.94676695102,8002.94676695102
2026-08-18 09:44:01,7800.0,7819.5,Call GEX 2,GEX,197101.967,8002.94676695102,8002.94676695102
2026-08-18 09:44:01,7800.0,7819.5,Put VEX 2,VEX,-754759.96,8002.94676695102,8002.94676695102
2026-08-18 09:44:01,7825.0,7844.5,Call GEX 3,GEX,107855.254,8002.94676695102,8002.94676695102
2026-08-18 09:44:01,7850.0,7869.5,Call GEX 4,GEX,103736.28,8002.94676695102,8002.94676695102
2026-08-18 09:44:01,7900.0,7919.75,Call GEX 5,GEX,102665.531,8002.94676695102,8002.94676695102
2026-08-18 09:44:01,7900.0,7919.75,Put VEX 5,VEX,-200608.851,8002.94676695102,8002.94676695102
2026-08-18 09:44:01,8000.0,8020.0,Put CEX 1,CEX,-3035906.808,8002.94676695102,8002.94676695102
2026-08-18 09:44:01,8000.0,8020.0,Put DEX 1,DEX,-1004.767,8002.94676695102,8002.94676695102
2026-08-18 09:44:01,8000.0,8020.0,Put GEX 4,GEX,-278314.868,8002.94676695102,8002.94676695102
2026-08-18 09:44:01,8000.0,8020.0,Put VEX 1,VEX,-1620317.795,8002.94676695102,8002.94676695102
2026-08-18 09:44:01,8500.0,8521.0,Put DEX 3,DEX,-105.86,8002.94676695102,8002.94676695102
2026-08-18 09:44:49,7400.0,7418.25,Call VEX 3,VEX,600670.691,8002.751834257672,8002.751834257672
2026-08-18 09:44:49,7500.0,7518.5,Call DEX 1,DEX,317.393,8002.751834257672,8002.751834257672
2026-08-18 09:44:49,7500.0,7518.5,Call VEX 2,VEX,644122.75,8002.751834257672,8002.751834257672
2026-08-18 09:44:49,7550.0,7568.75,Call CEX 5,CEX,1059371.891,8002.751834257672,8002.751834257672
2026-08-18 09:44:49,7550.0,7568.75,Call DEX 3,DEX,144.946,8002.751834257672,8002.751834257672
2026-08-18 09:44:49,7550.0,7568.75,Call VEX 5,VEX,557331.202,8002.751834257672,8002.751834257672
2026-08-18 09:44:49,7600.0,7618.75,Call CEX 3,CEX,1699448.432,8002.751834257672,8002.751834257672
2026-08-18 09:44:49,7600.0,7618.75,Call DEX 2,DEX,197.581,8002.751834257672,8002.751834257672
2026-08-18 09:44:49,7600.0,7618.75,Call VEX 1,VEX,1040861.861,8002.751834257672,8002.751834257672
2026-08-18 09:44:49,7625.0,7643.75,Call DEX 5,DEX,61.478,8002.751834257672,8002.751834257672
2026-08-18 09:44:49,7635.0,7653.75,Call CEX 1,CEX,2647700.922,8002.751834257672,8002.751834257672
2026-08-18 09:44:49,7650.0,7669.0,Call CEX 2,CEX,2030812.781,8002.751834257672,8002.751834257672
2026-08-18 09:44:49,7650.0,7669.0,Call DEX 4,DEX,74.768,8002.751834257672,8002.751834257672
2026-08-18 09:44:49,7650.0,7669.0,Call VEX 4,VEX,590492.584,8002.751834257672,8002.751834257672
2026-08-18 09:44:49,7675.0,7694.0,Call CEX 4,CEX,1080250.054,8002.751834257672,8002.751834257672
2026-08-18 09:44:49,7695.0,7714.0,Put GEX 5,GEX,-263485.068,8002.751834257672,8002.751834257672
2026-08-18 09:44:49,7700.0,7719.0,Put GEX 2,GEX,-405972.606,8002.751834257672,8002.751834257672
2026-08-18 09:44:49,7710.0,7729.0,Put GEX 3,GEX,-355492.093,8002.751834257672,8002.751834257672
2026-08-18 09:44:49,7720.0,7739.0,Put CEX 5,CEX,-1276396.214,8002.751834257672,8002.751834257672
2026-08-18 09:44:49,7720.0,7739.0,Put GEX 1,GEX,-441864.347,8002.751834257672,8002.751834257672
2026-08-18 09:44:49,7725.0,7744.0,Put CEX 3,CEX,-2058464.27,8002.751834257672,8002.751834257672
2026-08-18 09:44:49,7735.0,7754.0,Put DEX 5,DEX,-52.046,8002.751834257672,8002.751834257672
2026-08-18 09:44:49,7735.0,7754.0,Put GEX 4,GEX,-274410.915,8002.751834257672,8002.751834257672
2026-08-18 09:44:49,7750.0,7769.25,Put CEX 2,CEX,-2684342.544,8002.751834257672,8002.751834257672
2026-08-18 09:44:49,7750.0,7769.25,Put DEX 4,DEX,-102.141,8002.751834257672,8002.751834257672
2026-08-18 09:44:49,7750.0,7769.25,Put VEX 3,VEX,-599353.69,8002.751834257672,8002.751834257672
2026-08-18 09:44:49,7775.0,7794.25,Call GEX 1,GEX,226284.921,8002.751834257672,8002.751834257672
2026-08-18 09:44:49,7775.0,7794.25,Put VEX 4,VEX,-337592.019,8002.751834257672,8002.751834257672
2026-08-18 09:44:49,7800.0,7819.25,Put CEX 4,CEX,-1889255.016,8002.751834257672,8002.751834257672
2026-08-18 09:44:49,7800.0,7819.25,Put DEX 2,DEX,-110.645,8002.751834257672,8002.751834257672
2026-08-18 09:44:49,7800.0,7819.25,Call GEX 2,GEX,203951.83,8002.751834257672,8002.751834257672
2026-08-18 09:44:49,7800.0,7819.25,Put VEX 2,VEX,-749837.109,8002.751834257672,8002.751834257672
2026-08-18 09:44:49,7825.0,7844.25,Call GEX 3,GEX,108091.156,8002.751834257672,8002.751834257672
2026-08-18 09:44:49,7850.0,7869.5,Call GEX 4,GEX,104192.856,8002.751834257672,8002.751834257672
2026-08-18 09:44:49,7900.0,7919.5,Call GEX 5,GEX,102815.261,8002.751834257672,8002.751834257672
2026-08-18 09:44:49,7900.0,7919.5,Put VEX 5,VEX,-201011.735,8002.751834257672,8002.751834257672
2026-08-18 09:44:49,8000.0,8019.75,Put CEX 1,CEX,-2904769.624,8002.751834257672,8002.751834257672
2026-08-18 09:44:49,8000.0,8019.75,Put DEX 1,DEX,-1008.672,8002.751834257672,8002.751834257672
2026-08-18 09:44:49,8000.0,8019.75,Put VEX 1,VEX,-1552474.873,8002.751834257672,8002.751834257672
2026-08-18 09:44:49,8500.0,8521.0,Put DEX 3,DEX,-106.046,8002.751834257672,8002.751834257672
2026-08-18 09:45:48,7400.0,7418.75,Call VEX 4,VEX,582475.566,8002.786242563323,8002.786242563323
2026-08-18 09:45:48,7500.0,7519.0,Call VEX 2,VEX,621224.226,8002.786242563323,8002.786242563323
2026-08-18 09:45:48,7550.0,7569.25,Call CEX 5,CEX,1050633.755,8002.786242563323,8002.786242563323
2026-08-18 09:45:48,7550.0,7569.25,Call DEX 2,DEX,144.379,8002.786242563323,8002.786242563323
2026-08-18 09:45:48,7550.0,7569.25,Call VEX 5,VEX,552466.038,8002.786242563323,8002.786242563323
2026-08-18 09:45:48,7575.0,7594.25,Call DEX 5,DEX,40.902,8002.786242563323,8002.786242563323
2026-08-18 09:45:48,7600.0,7619.25,Call CEX 3,CEX,1688734.917,8002.786242563323,8002.786242563323
2026-08-18 09:45:48,7600.0,7619.25,Call DEX 1,DEX,199.233,8002.786242563323,8002.786242563323
2026-08-18 09:45:48,7600.0,7619.25,Call VEX 1,VEX,1037994.381,8002.786242563323,8002.786242563323
2026-08-18 09:45:48,7625.0,7644.5,Call DEX 4,DEX,61.406,8002.786242563323,8002.786242563323
2026-08-18 09:45:48,7635.0,7654.5,Call CEX 1,CEX,2632939.548,8002.786242563323,8002.786242563323
2026-08-18 09:45:48,7650.0,7669.5,Call CEX 2,CEX,1969048.826,8002.786242563323,8002.786242563323
2026-08-18 09:45:48,7650.0,7669.5,Call DEX 3,DEX,76.242,8002.786242563323,8002.786242563323
2026-08-18 09:45:48,7650.0,7669.5,Call VEX 3,VEX,594155.722,8002.786242563323,8002.786242563323
2026-08-18 09:45:48,7675.0,7694.5,Call CEX 4,CEX,1064700.961,8002.786242563323,8002.786242563323
2026-08-18 09:45:48,7700.0,7719.5,Put GEX 2,GEX,-399440.881,8002.786242563323,8002.786242563323
2026-08-18 09:45:48,7710.0,7729.75,Put GEX 3,GEX,-361549.708,8002.786242563323,8002.786242563323
2026-08-18 09:45:48,7720.0,7739.75,Put GEX 1,GEX,-452269.167,8002.786242563323,8002.786242563323
2026-08-18 09:45:48,7725.0,7744.75,Put CEX 3,CEX,-2073173.838,8002.786242563323,8002.786242563323
2026-08-18 09:45:48,7735.0,7754.75,Put DEX 5,DEX,-51.444,8002.786242563323,8002.786242563323
2026-08-18 09:45:48,7735.0,7754.75,Put GEX 4,GEX,-282466.625,8002.786242563323,8002.786242563323
2026-08-18 09:45:48,7750.0,7769.75,Put CEX 2,CEX,-2734329.265,8002.786242563323,8002.786242563323
2026-08-18 09:45:48,7750.0,7769.75,Put DEX 4,DEX,-100.396,8002.786242563323,8002.786242563323
2026-08-18 09:45:48,7750.0,7769.75,Put VEX 3,VEX,-593349.393,8002.786242563323,8002.786242563323
2026-08-18 09:45:48,7775.0,7794.75,Put CEX 5,CEX,-1374079.868,8002.786242563323,8002.786242563323
2026-08-18 09:45:48,7775.0,7794.75,Call GEX 1,GEX,227265.075,8002.786242563323,8002.786242563323
2026-08-18 09:45:48,7775.0,7794.75,Put VEX 4,VEX,-340181.325,8002.786242563323,8002.786242563323
2026-08-18 09:45:48,7800.0,7819.75,Put CEX 4,CEX,-1945678.59,8002.786242563323,8002.786242563323
2026-08-18 09:45:48,7800.0,7819.75,Put DEX 2,DEX,-109.757,8002.786242563323,8002.786242563323
2026-08-18 09:45:48,7800.0,7819.75,Call GEX 2,GEX,206631.487,8002.786242563323,8002.786242563323
2026-08-18 09:45:48,7800.0,7819.75,Put VEX 2,VEX,-753698.759,8002.786242563323,8002.786242563323
2026-08-18 09:45:48,7825.0,7845.0,Call GEX 3,GEX,109932.597,8002.786242563323,8002.786242563323
2026-08-18 09:45:48,7850.0,7870.0,Call GEX 4,GEX,105551.822,8002.786242563323,8002.786242563323
2026-08-18 09:45:48,7900.0,7920.25,Call GEX 5,GEX,103973.897,8002.786242563323,8002.786242563323
2026-08-18 09:45:48,7900.0,7920.25,Put VEX 5,VEX,-202048.45,8002.786242563323,8002.786242563323
2026-08-18 09:45:48,8000.0,8020.5,Put CEX 1,CEX,-2926065.731,8002.786242563323,8002.786242563323
2026-08-18 09:45:48,8000.0,8020.5,Put DEX 1,DEX,-1008.237,8002.786242563323,8002.786242563323
2026-08-18 09:45:48,8000.0,8020.5,Put GEX 5,GEX,-259198.271,8002.786242563323,8002.786242563323
2026-08-18 09:45:48,8000.0,8020.5,Put VEX 1,VEX,-1563903.187,8002.786242563323,8002.786242563323
2026-08-18 09:45:48,8500.0,8521.75,Put DEX 3,DEX,-106.1,8002.786242563323,8002.786242563323
2026-08-18 09:46:41,7400.0,7418.75,Call VEX 3,VEX,614012.954,8002.44069960547,8002.44069960547
2026-08-18 09:46:41,7500.0,7519.0,Call CEX 4,CEX,1192757.799,8002.44069960547,8002.44069960547
2026-08-18 09:46:41,7500.0,7519.0,Call DEX 1,DEX,315.941,8002.44069960547,8002.44069960547
2026-08-18 09:46:41,7500.0,7519.0,Call VEX 2,VEX,749620.628,8002.44069960547,8002.44069960547
2026-08-18 09:46:41,7550.0,7569.25,Call CEX 5,CEX,1140318.864,8002.44069960547,8002.44069960547
2026-08-18 09:46:41,7550.0,7569.25,Call DEX 3,DEX,146.523,8002.44069960547,8002.44069960547
2026-08-18 09:46:41,7550.0,7569.25,Call VEX 5,VEX,575274.285,8002.44069960547,8002.44069960547
2026-08-18 09:46:41,7600.0,7619.25,Call CEX 3,CEX,1786992.374,8002.44069960547,8002.44069960547
2026-08-18 09:46:41,7600.0,7619.25,Call DEX 2,DEX,199.016,8002.44069960547,8002.44069960547
2026-08-18 09:46:41,7600.0,7619.25,Call VEX 1,VEX,1049722.839,8002.44069960547,8002.44069960547
2026-08-18 09:46:41,7625.0,7644.5,Call DEX 5,DEX,61.267,8002.44069960547,8002.44069960547
2026-08-18 09:46:41,7635.0,7654.5,Call CEX 1,CEX,2672112.398,8002.44069960547,8002.44069960547
2026-08-18 09:46:41,7650.0,7669.5,Call CEX 2,CEX,2105376.366,8002.44069960547,8002.44069960547
2026-08-18 09:46:41,7650.0,7669.5,Call DEX 4,DEX,74.244,8002.44069960547,8002.44069960547
2026-08-18 09:46:41,7650.0,7669.5,Call VEX 4,VEX,590900.184,8002.44069960547,8002.44069960547
2026-08-18 09:46:41,7690.0,7709.5,Put GEX 5,GEX,-248979.829,8002.44069960547,8002.44069960547
2026-08-18 09:46:41,7695.0,7714.5,Put GEX 4,GEX,-271460.679,8002.44069960547,8002.44069960547
2026-08-18 09:46:41,7700.0,7719.5,Put GEX 2,GEX,-438004.915,8002.44069960547,8002.44069960547
2026-08-18 09:46:41,7710.0,7729.75,Put GEX 3,GEX,-376099.877,8002.44069960547,8002.44069960547
2026-08-18 09:46:41,7720.0,7739.75,Put CEX 5,CEX,-1275313.496,8002.44069960547,8002.44069960547
2026-08-18 09:46:41,7720.0,7739.75,Put GEX 1,GEX,-445005.278,8002.44069960547,8002.44069960547
2026-08-18 09:46:41,7725.0,7744.75,Put CEX 2,CEX,-1840251.365,8002.44069960547,8002.44069960547
2026-08-18 09:46:41,7735.0,7754.75,Put DEX 5,DEX,-52.755,8002.44069960547,8002.44069960547
2026-08-18 09:46:41,7750.0,7769.75,Put CEX 3,CEX,-1829620.588,8002.44069960547,8002.44069960547
2026-08-18 09:46:41,7750.0,7769.75,Put DEX 4,DEX,-77.923,8002.44069960547,8002.44069960547
2026-08-18 09:46:41,7750.0,7769.75,Put VEX 3,VEX,-574350.001,8002.44069960547,8002.44069960547
2026-08-18 09:46:41,7775.0,7794.75,Call GEX 1,GEX,240724.875,8002.44069960547,8002.44069960547
2026-08-18 09:46:41,7775.0,7794.75,Put VEX 4,VEX,-326846.746,8002.44069960547,8002.44069960547
2026-08-18 09:46:41,7800.0,7820.0,Put CEX 4,CEX,-1649933.642,8002.44069960547,8002.44069960547
2026-08-18 09:46:41,7800.0,7820.0,Put DEX 3,DEX,-100.221,8002.44069960547,8002.44069960547
2026-08-18 09:46:41,7800.0,7820.0,Call GEX 2,GEX,213721.116,8002.44069960547,8002.44069960547
2026-08-18 09:46:41,7800.0,7820.0,Put VEX 2,VEX,-738645.926,8002.44069960547,8002.44069960547
2026-08-18 09:46:41,7825.0,7845.0,Call GEX 3,GEX,108771.92,8002.44069960547,8002.44069960547
2026-08-18 09:46:41,7850.0,7870.0,Call GEX 4,GEX,104568.264,8002.44069960547,8002.44069960547
2026-08-18 09:46:41,7900.0,7920.25,Call GEX 5,GEX,102672.578,8002.44069960547,8002.44069960547
2026-08-18 09:46:41,7900.0,7920.25,Put VEX 5,VEX,-200955.366,8002.44069960547,8002.44069960547
2026-08-18 09:46:41,8000.0,8020.5,Put CEX 1,CEX,-2731304.658,8002.44069960547,8002.44069960547
2026-08-18 09:46:41,8000.0,8020.5,Put DEX 1,DEX,-1013.282,8002.44069960547,8002.44069960547
2026-08-18 09:46:41,8000.0,8020.5,Put VEX 1,VEX,-1464109.486,8002.44069960547,8002.44069960547
2026-08-18 09:46:41,8500.0,8521.75,Put DEX 2,DEX,-106.399,8002.44069960547,8002.44069960547
2026-08-18 09:47:40,7400.0,7418.75,Call VEX 4,VEX,583347.714,11617.702845100106,11617.702845100106
2026-08-18 09:47:40,7500.0,7519.0,Call VEX 2,VEX,609880.971,11617.702845100106,11617.702845100106
2026-08-18 09:47:40,7550.0,7569.0,Call DEX 2,DEX,145.275,11617.702845100106,11617.702845100106
2026-08-18 09:47:40,7550.0,7569.0,Call VEX 5,VEX,544285.708,11617.702845100106,11617.702845100106
2026-08-18 09:47:40,7575.0,7594.25,Call DEX 5,DEX,40.824,11617.702845100106,11617.702845100106
2026-08-18 09:47:40,7600.0,7619.25,Call CEX 3,CEX,1665156.944,11617.702845100106,11617.702845100106
2026-08-18 09:47:40,7600.0,7619.25,Call DEX 1,DEX,193.199,11617.702845100106,11617.702845100106
2026-08-18 09:47:40,7600.0,7619.25,Call VEX 1,VEX,1031657.326,11617.702845100106,11617.702845100106
2026-08-18 09:47:40,7625.0,7644.25,Call DEX 4,DEX,62.886,11617.702845100106,11617.702845100106
2026-08-18 09:47:40,7635.0,7654.25,Call CEX 1,CEX,2618934.146,11617.702845100106,11617.702845100106
2026-08-18 09:47:40,7650.0,7669.25,Call CEX 2,CEX,1988231.238,11617.702845100106,11617.702845100106
2026-08-18 09:47:40,7650.0,7669.25,Call DEX 3,DEX,78.451,11617.702845100106,11617.702845100106
2026-08-18 09:47:40,7650.0,7669.25,Call VEX 3,VEX,603227.686,11617.702845100106,11617.702845100106
2026-08-18 09:47:40,7675.0,7694.5,Call CEX 5,CEX,1045770.757,11617.702845100106,11617.702845100106
2026-08-18 09:47:40,7700.0,7719.5,Call CEX 4,CEX,1055898.852,11617.702845100106,11617.702845100106
2026-08-18 09:47:40,7700.0,7719.5,Put GEX 3,GEX,-373048.218,11617.702845100106,11617.702845100106
2026-08-18 09:47:40,7710.0,7729.5,Put GEX 4,GEX,-366739.709,11617.702845100106,11617.702845100106
2026-08-18 09:47:40,7720.0,7739.5,Put GEX 1,GEX,-473002.347,11617.702845100106,11617.702845100106
2026-08-18 09:47:40,7725.0,7744.5,Put CEX 3,CEX,-2079548.493,11617.702845100106,11617.702845100106
2026-08-18 09:47:40,7735.0,7754.5,Put DEX 5,DEX,-50.298,11617.702845100106,11617.702845100106
2026-08-18 09:47:40,7735.0,7754.5,Put GEX 5,GEX,-293548.745,11617.702845100106,11617.702845100106
2026-08-18 09:47:40,7750.0,7769.5,Put CEX 2,CEX,-2775659.193,11617.702845100106,11617.702845100106
2026-08-18 09:47:40,7750.0,7769.5,Put DEX 4,DEX,-97.053,11617.702845100106,11617.702845100106
2026-08-18 09:47:40,7750.0,7769.5,Put VEX 3,VEX,-579871.058,11617.702845100106,11617.702845100106
2026-08-18 09:47:40,7775.0,7794.75,Put CEX 5,CEX,-1330137.504,11617.702845100106,11617.702845100106
2026-08-18 09:47:40,7775.0,7794.75,Call GEX 1,GEX,237427.636,11617.702845100106,11617.702845100106
2026-08-18 09:47:40,7775.0,7794.75,Put VEX 4,VEX,-337726.669,11617.702845100106,11617.702845100106
2026-08-18 09:47:40,7800.0,7819.75,Put CEX 4,CEX,-1926791.137,11617.702845100106,11617.702845100106
2026-08-18 09:47:40,7800.0,7819.75,Put DEX 2,DEX,-108.383,11617.702845100106,11617.702845100106
2026-08-18 09:47:40,7800.0,7819.75,Call GEX 2,GEX,217224.695,11617.702845100106,11617.702845100106
2026-08-18 09:47:40,7800.0,7819.75,Put VEX 2,VEX,-757506.189,11617.702845100106,11617.702845100106
2026-08-18 09:47:40,7825.0,7844.75,Call GEX 3,GEX,112988.016,11617.702845100106,11617.702845100106
2026-08-18 09:47:40,7850.0,7869.75,Call GEX 4,GEX,108340.705,11617.702845100106,11617.702845100106
2026-08-18 09:47:40,7900.0,7920.0,Call GEX 5,GEX,105970.663,11617.702845100106,11617.702845100106
2026-08-18 09:47:40,7900.0,7920.0,Put VEX 5,VEX,-204354.379,11617.702845100106,11617.702845100106
2026-08-18 09:47:40,8000.0,8020.25,Put CEX 1,CEX,-3974765.822,11617.702845100106,11617.702845100106
2026-08-18 09:47:40,8000.0,8020.25,Put DEX 1,DEX,-965.004,11617.702845100106,11617.702845100106
2026-08-18 09:47:40,8000.0,8020.25,Put GEX 2,GEX,-447590.165,11617.702845100106,11617.702845100106
2026-08-18 09:47:40,8000.0,8020.25,Put VEX 1,VEX,-2107287.902,11617.702845100106,11617.702845100106
2026-08-18 09:47:40,8500.0,8521.5,Put DEX 3,DEX,-103.868,11617.702845100106,11617.702845100106
2026-08-18 09:48:29,7400.0,7419.0,Call VEX 4,VEX,602828.169,8002.292653721633,8002.292653721633
2026-08-18 09:48:29,7500.0,7519.25,Call CEX 4,CEX,1239621.989,8002.292653721633,8002.292653721633
2026-08-18 09:48:29,7500.0,7519.25,Call DEX 1,DEX,316.131,8002.292653721633,8002.292653721633
2026-08-18 09:48:29,7500.0,7519.25,Call VEX 2,VEX,774581.366,8002.292653721633,8002.292653721633
2026-08-18 09:48:29,7550.0,7569.25,Call DEX 3,DEX,146.687,8002.292653721633,8002.292653721633
2026-08-18 09:48:29,7550.0,7569.25,Call VEX 5,VEX,566881.977,8002.292653721633,8002.292653721633
2026-08-18 09:48:29,7600.0,7619.5,Call CEX 3,CEX,1781274.735,8002.292653721633,8002.292653721633
2026-08-18 09:48:29,7600.0,7619.5,Call DEX 2,DEX,202.909,8002.292653721633,8002.292653721633
2026-08-18 09:48:29,7600.0,7619.5,Call VEX 1,VEX,1045910.496,8002.292653721633,8002.292653721633
2026-08-18 09:48:29,7625.0,7644.5,Call DEX 5,DEX,62.765,8002.292653721633,8002.292653721633
2026-08-18 09:48:29,7635.0,7654.5,Call CEX 1,CEX,2628200.71,8002.292653721633,8002.292653721633
2026-08-18 09:48:29,7650.0,7669.5,Call CEX 2,CEX,2017351.379,8002.292653721633,8002.292653721633
2026-08-18 09:48:29,7650.0,7669.5,Call DEX 4,DEX,78.495,8002.292653721633,8002.292653721633
2026-08-18 09:48:29,7650.0,7669.5,Call VEX 3,VEX,604427.95,8002.292653721633,8002.292653721633
2026-08-18 09:48:29,7695.0,7714.75,Put GEX 5,GEX,-248314.045,8002.292653721633,8002.292653721633
2026-08-18 09:48:29,7700.0,7719.75,Call CEX 5,CEX,1144321.806,8002.292653721633,8002.292653721633
2026-08-18 09:48:29,7700.0,7719.75,Put GEX 2,GEX,-407712.223,8002.292653721633,8002.292653721633
2026-08-18 09:48:29,7710.0,7729.75,Put GEX 3,GEX,-392599.836,8002.292653721633,8002.292653721633
2026-08-18 09:48:29,7720.0,7739.75,Put CEX 5,CEX,-1232714.807,8002.292653721633,8002.292653721633
2026-08-18 09:48:29,7720.0,7739.75,Put GEX 1,GEX,-491973.072,8002.292653721633,8002.292653721633
2026-08-18 09:48:29,7725.0,7744.75,Put CEX 2,CEX,-2010867.605,8002.292653721633,8002.292653721633
2026-08-18 09:48:29,7735.0,7754.75,Put DEX 5,DEX,-50.913,8002.292653721633,8002.292653721633
2026-08-18 09:48:29,7735.0,7754.75,Put GEX 4,GEX,-276302.076,8002.292653721633,8002.292653721633
2026-08-18 09:48:29,7750.0,7769.75,Put CEX 3,CEX,-1844191.627,8002.292653721633,8002.292653721633
2026-08-18 09:48:29,7750.0,7769.75,Put DEX 4,DEX,-72.329,8002.292653721633,8002.292653721633
2026-08-18 09:48:29,7750.0,7769.75,Put VEX 3,VEX,-549940.566,8002.292653721633,8002.292653721633
2026-08-18 09:48:29,7775.0,7794.75,Call GEX 1,GEX,255669.841,8002.292653721633,8002.292653721633
2026-08-18 09:48:29,7775.0,7794.75,Put VEX 4,VEX,-325757.579,8002.292653721633,8002.292653721633
2026-08-18 09:48:29,7800.0,7820.0,Put CEX 4,CEX,-1691956.452,8002.292653721633,8002.292653721633
2026-08-18 09:48:29,7800.0,7820.0,Put DEX 3,DEX,-97.613,8002.292653721633,8002.292653721633
2026-08-18 09:48:29,7800.0,7820.0,Call GEX 2,GEX,230335.738,8002.292653721633,8002.292653721633
2026-08-18 09:48:29,7800.0,7820.0,Put VEX 2,VEX,-747959.122,8002.292653721633,8002.292653721633
2026-08-18 09:48:29,7825.0,7845.0,Call GEX 3,GEX,114096.998,8002.292653721633,8002.292653721633
2026-08-18 09:48:29,7850.0,7870.0,Call GEX 4,GEX,109926.928,8002.292653721633,8002.292653721633
2026-08-18 09:48:29,7900.0,7920.25,Call GEX 5,GEX,106774.01,8002.292653721633,8002.292653721633
2026-08-18 09:48:29,7900.0,7920.25,Put VEX 5,VEX,-204316.476,8002.292653721633,8002.292653721633
2026-08-18 09:48:29,8000.0,8020.5,Put CEX 1,CEX,-2676669.414,8002.292653721633,8002.292653721633
2026-08-18 09:48:29,8000.0,8020.5,Put DEX 1,DEX,-1015.209,8002.292653721633,8002.292653721633
2026-08-18 09:48:29,8000.0,8020.5,Put VEX 1,VEX,-1437764.866,8002.292653721633,8002.292653721633
2026-08-18 09:48:29,8500.0,8521.75,Put DEX 2,DEX,-106.51,8002.292653721633,8002.292653721633
2026-08-18 09:49:18,7400.0,7419.25,Call VEX 4,VEX,591377.993,11616.249546608631,11616.249546608631
2026-08-18 09:49:18,7500.0,7519.5,Call CEX 5,CEX,1198242.444,11616.249546608631,11616.249546608631
2026-08-18 09:49:18,7500.0,7519.5,Call DEX 1,DEX,317.251,11616.249546608631,11616.249546608631
2026-08-18 09:49:18,7500.0,7519.5,Call VEX 2,VEX,750164.218,11616.249546608631,11616.249546608631
2026-08-18 09:49:18,7550.0,7569.75,Call DEX 3,DEX,146.925,11616.249546608631,11616.249546608631
2026-08-18 09:49:18,7550.0,7569.75,Call VEX 5,VEX,567004.428,11616.249546608631,11616.249546608631
2026-08-18 09:49:18,7600.0,7619.75,Call CEX 3,CEX,1770964.312,11616.249546608631,11616.249546608631
2026-08-18 09:49:18,7600.0,7619.75,Call DEX 2,DEX,204.703,11616.249546608631,11616.249546608631
2026-08-18 09:49:18,7600.0,7619.75,Call VEX 1,VEX,1043888.247,11616.249546608631,11616.249546608631
2026-08-18 09:49:18,7625.0,7644.75,Call DEX 5,DEX,63.544,11616.249546608631,11616.249546608631
2026-08-18 09:49:18,7635.0,7654.75,Call CEX 1,CEX,2416410.57,11616.249546608631,11616.249546608631
2026-08-18 09:49:18,7650.0,7670.0,Call CEX 2,CEX,1913878.949,11616.249546608631,11616.249546608631
2026-08-18 09:49:18,7650.0,7670.0,Call DEX 4,DEX,80.544,11616.249546608631,11616.249546608631
2026-08-18 09:49:18,7650.0,7670.0,Call VEX 3,VEX,608317.994,11616.249546608631,11616.249546608631
2026-08-18 09:49:18,7700.0,7720.0,Call CEX 4,CEX,1402218.917,11616.249546608631,11616.249546608631
2026-08-18 09:49:18,7700.0,7720.0,Put GEX 3,GEX,-383751.043,11616.249546608631,11616.249546608631
2026-08-18 09:49:18,7710.0,7730.0,Put GEX 2,GEX,-392559.141,11616.249546608631,11616.249546608631
2026-08-18 09:49:18,7715.0,7735.0,Put GEX 5,GEX,-256537.142,11616.249546608631,11616.249546608631
2026-08-18 09:49:18,7720.0,7740.0,Put CEX 5,CEX,-1171661.363,11616.249546608631,11616.249546608631
2026-08-18 09:49:18,7720.0,7740.0,Put GEX 1,GEX,-513643.999,11616.249546608631,11616.249546608631
2026-08-18 09:49:18,7725.0,7745.0,Put CEX 2,CEX,-2043111.047,11616.249546608631,11616.249546608631
2026-08-18 09:49:18,7735.0,7755.0,Put DEX 5,DEX,-50.028,11616.249546608631,11616.249546608631
2026-08-18 09:49:18,7735.0,7755.0,Put GEX 4,GEX,-279275.676,11616.249546608631,11616.249546608631
2026-08-18 09:49:18,7750.0,7770.25,Put CEX 3,CEX,-1861235.433,11616.249546608631,11616.249546608631
2026-08-18 09:49:18,7750.0,7770.25,Put DEX 4,DEX,-69.566,11616.249546608631,11616.249546608631
2026-08-18 09:49:18,7750.0,7770.25,Put VEX 3,VEX,-537741.402,11616.249546608631,11616.249546608631
2026-08-18 09:49:18,7775.0,7795.25,Call GEX 1,GEX,263864.078,11616.249546608631,11616.249546608631
2026-08-18 09:49:18,7775.0,7795.25,Put VEX 4,VEX,-325844.207,11616.249546608631,11616.249546608631
2026-08-18 09:49:18,7800.0,7820.25,Put CEX 4,CEX,-1710695.551,11616.249546608631,11616.249546608631
2026-08-18 09:49:18,7800.0,7820.25,Put DEX 3,DEX,-96.394,11616.249546608631,11616.249546608631
2026-08-18 09:49:18,7800.0,7820.25,Call GEX 2,GEX,238761.902,11616.249546608631,11616.249546608631
2026-08-18 09:49:18,7800.0,7820.25,Put VEX 2,VEX,-751656.81,11616.249546608631,11616.249546608631
2026-08-18 09:49:18,7825.0,7845.25,Call GEX 3,GEX,116750.429,11616.249546608631,11616.249546608631
2026-08-18 09:49:18,7850.0,7870.5,Call GEX 4,GEX,112518.368,11616.249546608631,11616.249546608631
2026-08-18 09:49:18,7900.0,7920.5,Call GEX 5,GEX,108542.894,11616.249546608631,11616.249546608631
2026-08-18 09:49:18,7900.0,7920.5,Put VEX 5,VEX,-206400.536,11616.249546608631,11616.249546608631
2026-08-18 09:49:18,8000.0,8020.75,Put CEX 1,CEX,-2584029.985,11616.249546608631,11616.249546608631
2026-08-18 09:49:18,8000.0,8020.75,Put DEX 1,DEX,-1017.737,11616.249546608631,11616.249546608631
2026-08-18 09:49:18,8000.0,8020.75,Put VEX 1,VEX,-1389972.548,11616.249546608631,11616.249546608631
2026-08-18 09:49:18,8500.0,8522.0,Put DEX 2,DEX,-106.627,11616.249546608631,11616.249546608631
2026-08-18 09:50:10,7400.0,7418.75,Call VEX 4,VEX,574899.807,8002.777018544761,8002.777018544761
2026-08-18 09:50:10,7500.0,7519.0,Call VEX 3,VEX,607709.643,8002.777018544761,8002.777018544761
2026-08-18 09:50:10,7550.0,7569.25,Call CEX 5,CEX,1020382.925,8002.777018544761,8002.777018544761
2026-08-18 09:50:10,7550.0,7569.25,Call DEX 2,DEX,146.198,8002.777018544761,8002.777018544761
2026-08-18 09:50:10,7550.0,7569.25,Call VEX 5,VEX,534398.718,8002.777018544761,8002.777018544761
2026-08-18 09:50:10,7575.0,7594.25,Call DEX 5,DEX,41.893,8002.777018544761,8002.777018544761
2026-08-18 09:50:10,7600.0,7619.25,Call CEX 3,CEX,1653215.319,8002.777018544761,8002.777018544761
2026-08-18 09:50:10,7600.0,7619.25,Call DEX 1,DEX,195.642,8002.777018544761,8002.777018544761
2026-08-18 09:50:10,7600.0,7619.25,Call VEX 1,VEX,1027050.991,8002.777018544761,8002.777018544761
2026-08-18 09:50:10,7625.0,7644.25,Call DEX 4,DEX,63.791,8002.777018544761,8002.777018544761
2026-08-18 09:50:10,7635.0,7654.5,Call CEX 1,CEX,2609997.011,8002.777018544761,8002.777018544761
2026-08-18 09:50:10,7650.0,7669.5,Call CEX 2,CEX,1891242.277,8002.777018544761,8002.777018544761
2026-08-18 09:50:10,7650.0,7669.5,Call DEX 3,DEX,80.949,8002.777018544761,8002.777018544761
2026-08-18 09:50:10,7650.0,7669.5,Call VEX 2,VEX,608651.337,8002.777018544761,8002.777018544761
2026-08-18 09:50:10,7700.0,7719.5,Call CEX 4,CEX,1393389.156,8002.777018544761,8002.777018544761
2026-08-18 09:50:10,7700.0,7719.5,Put GEX 3,GEX,-358167.182,8002.777018544761,8002.777018544761
2026-08-18 09:50:10,7710.0,7729.5,Put GEX 2,GEX,-374449.779,8002.777018544761,8002.777018544761
2026-08-18 09:50:10,7720.0,7739.5,Put GEX 1,GEX,-495413.198,8002.777018544761,8002.777018544761
2026-08-18 09:50:10,7725.0,7744.5,Put CEX 3,CEX,-2061032.907,8002.777018544761,8002.777018544761
2026-08-18 09:50:10,7735.0,7754.75,Put DEX 5,DEX,-49.317,8002.777018544761,8002.777018544761
2026-08-18 09:50:10,7735.0,7754.75,Put GEX 4,GEX,-304538.128,8002.777018544761,8002.777018544761
2026-08-18 09:50:10,7750.0,7769.75,Put CEX 2,CEX,-2801094.222,8002.777018544761,8002.777018544761
2026-08-18 09:50:10,7750.0,7769.75,Put DEX 4,DEX,-93.932,8002.777018544761,8002.777018544761
2026-08-18 09:50:10,7750.0,7769.75,Put VEX 3,VEX,-565558.865,8002.777018544761,8002.777018544761
2026-08-18 09:50:10,7775.0,7794.75,Put CEX 5,CEX,-1354228.388,8002.777018544761,8002.777018544761
2026-08-18 09:50:10,7775.0,7794.75,Call GEX 1,GEX,244754.482,8002.777018544761,8002.777018544761
2026-08-18 09:50:10,7775.0,7794.75,Put VEX 4,VEX,-336967.486,8002.777018544761,8002.777018544761
2026-08-18 09:50:10,7800.0,7819.75,Put CEX 4,CEX,-1926481.601,8002.777018544761,8002.777018544761
2026-08-18 09:50:10,7800.0,7819.75,Put DEX 2,DEX,-106.856,8002.777018544761,8002.777018544761
2026-08-18 09:50:10,7800.0,7819.75,Call GEX 2,GEX,226423.517,8002.777018544761,8002.777018544761
2026-08-18 09:50:10,7800.0,7819.75,Put VEX 2,VEX,-760752.941,8002.777018544761,8002.777018544761
2026-08-18 09:50:10,7825.0,7844.75,Call GEX 3,GEX,115976.824,8002.777018544761,8002.777018544761
2026-08-18 09:50:10,7850.0,7870.0,Call GEX 4,GEX,111812.119,8002.777018544761,8002.777018544761
2026-08-18 09:50:10,7900.0,7920.0,Call GEX 5,GEX,108284.564,8002.777018544761,8002.777018544761
2026-08-18 09:50:10,7900.0,7920.0,Put VEX 5,VEX,-205860.476,8002.777018544761,8002.777018544761
2026-08-18 09:50:10,8000.0,8020.25,Put CEX 1,CEX,-2931805.46,8002.777018544761,8002.777018544761
2026-08-18 09:50:10,8000.0,8020.25,Put DEX 1,DEX,-1008.813,8002.777018544761,8002.777018544761
2026-08-18 09:50:10,8000.0,8020.25,Put GEX 5,GEX,-259942.155,8002.777018544761,8002.777018544761
2026-08-18 09:50:10,8000.0,8020.25,Put VEX 1,VEX,-1566226.612,8002.777018544761,8002.777018544761
2026-08-18 09:50:10,8500.0,8521.5,Put DEX 3,DEX,-106.142,8002.777018544761,8002.777018544761
2026-08-18 09:51:04,7400.0,7418.75,Call VEX 4,VEX,575178.295,8002.840156015002,8002.840156015002
2026-08-18 09:51:04,7500.0,7519.0,Call VEX 2,VEX,609313.886,8002.840156015002,8002.840156015002
2026-08-18 09:51:04,7550.0,7569.0,Call CEX 5,CEX,1021759.326,8002.840156015002,8002.840156015002
2026-08-18 09:51:04,7550.0,7569.0,Call DEX 2,DEX,146.183,8002.840156015002,8002.840156015002
2026-08-18 09:51:04,7550.0,7569.0,Call VEX 5,VEX,534663.276,8002.840156015002,8002.840156015002
2026-08-18 09:51:04,7575.0,7594.25,Call DEX 5,DEX,39.479,8002.840156015002,8002.840156015002
2026-08-18 09:51:04,7600.0,7619.25,Call CEX 3,CEX,1652414.602,8002.840156015002,8002.840156015002
2026-08-18 09:51:04,7600.0,7619.25,Call DEX 1,DEX,195.93,8002.840156015002,8002.840156015002
2026-08-18 09:51:04,7600.0,7619.25,Call VEX 1,VEX,1026344.832,8002.840156015002,8002.840156015002
2026-08-18 09:51:04,7625.0,7644.25,Call DEX 4,DEX,63.256,8002.840156015002,8002.840156015002
2026-08-18 09:51:04,7635.0,7654.25,Call CEX 1,CEX,2614561.91,8002.840156015002,8002.840156015002
2026-08-18 09:51:04,7650.0,7669.25,Call CEX 2,CEX,1881471.518,8002.840156015002,8002.840156015002
2026-08-18 09:51:04,7650.0,7669.25,Call DEX 3,DEX,81.242,8002.840156015002,8002.840156015002
2026-08-18 09:51:04,7650.0,7669.25,Call VEX 3,VEX,609207.259,8002.840156015002,8002.840156015002
2026-08-18 09:51:04,7700.0,7719.5,Call CEX 4,CEX,1402579.172,8002.840156015002,8002.840156015002
2026-08-18 09:51:04,7700.0,7719.5,Put GEX 3,GEX,-349641.136,8002.840156015002,8002.840156015002
2026-08-18 09:51:04,7710.0,7729.5,Put GEX 2,GEX,-369376.049,8002.840156015002,8002.840156015002
2026-08-18 09:51:04,7720.0,7739.5,Put GEX 1,GEX,-491982.223,8002.840156015002,8002.840156015002
2026-08-18 09:51:04,7725.0,7744.5,Put CEX 3,CEX,-2060408.483,8002.840156015002,8002.840156015002
2026-08-18 09:51:04,7735.0,7754.5,Put DEX 5,DEX,-49.195,8002.840156015002,8002.840156015002
2026-08-18 09:51:04,7735.0,7754.5,Put GEX 4,GEX,-303434.667,8002.840156015002,8002.840156015002
2026-08-18 09:51:04,7750.0,7769.5,Put CEX 2,CEX,-2894346.897,8002.840156015002,8002.840156015002
2026-08-18 09:51:04,7750.0,7769.5,Put DEX 4,DEX,-93.398,8002.840156015002,8002.840156015002
2026-08-18 09:51:04,7750.0,7769.5,Put VEX 3,VEX,-566926.341,8002.840156015002,8002.840156015002
2026-08-18 09:51:04,7775.0,7794.75,Put CEX 5,CEX,-1418356.038,8002.840156015002,8002.840156015002
2026-08-18 09:51:04,7775.0,7794.75,Call GEX 1,GEX,242463.633,8002.840156015002,8002.840156015002
2026-08-18 09:51:04,7775.0,7794.75,Put VEX 4,VEX,-338793.652,8002.840156015002,8002.840156015002
2026-08-18 09:51:04,7800.0,7819.75,Put CEX 4,CEX,-2031119.859,8002.840156015002,8002.840156015002
2026-08-18 09:51:04,7800.0,7819.75,Put DEX 2,DEX,-106.519,8002.840156015002,8002.840156015002
2026-08-18 09:51:04,7800.0,7819.75,Call GEX 2,GEX,222941.661,8002.840156015002,8002.840156015002
2026-08-18 09:51:04,7800.0,7819.75,Put VEX 2,VEX,-764432.402,8002.840156015002,8002.840156015002
2026-08-18 09:51:04,7825.0,7844.75,Call GEX 3,GEX,115432.281,8002.840156015002,8002.840156015002
2026-08-18 09:51:04,7850.0,7869.75,Call GEX 4,GEX,113539.784,8002.840156015002,8002.840156015002
2026-08-18 09:51:04,7900.0,7920.0,Call GEX 5,GEX,108126.669,8002.840156015002,8002.840156015002
2026-08-18 09:51:04,7900.0,7920.0,Put VEX 5,VEX,-205689.939,8002.840156015002,8002.840156015002
2026-08-18 09:51:04,8000.0,8020.25,Put CEX 1,CEX,-2978395.824,8002.840156015002,8002.840156015002
2026-08-18 09:51:04,8000.0,8020.25,Put DEX 1,DEX,-1007.559,8002.840156015002,8002.840156015002
2026-08-18 09:51:04,8000.0,8020.25,Put GEX 5,GEX,-267591.189,8002.840156015002,8002.840156015002
2026-08-18 09:51:04,8000.0,8020.25,Put VEX 1,VEX,-1589194.056,8002.840156015002,8002.840156015002
2026-08-18 09:51:04,8500.0,8521.5,Put DEX 3,DEX,-106.077,8002.840156015002,8002.840156015002
2026-08-18 09:52:03,7400.0,7418.5,Call VEX 4,VEX,575063.368,8002.839997882178,8002.839997882178
2026-08-18 09:52:03,7500.0,7518.75,Call VEX 3,VEX,605902.858,8002.839997882178,8002.839997882178
2026-08-18 09:52:03,7550.0,7569.0,Call CEX 5,CEX,1035025.598,8002.839997882178,8002.839997882178
2026-08-18 09:52:03,7550.0,7569.0,Call DEX 2,DEX,145.822,8002.839997882178,8002.839997882178
2026-08-18 09:52:03,7550.0,7569.0,Call VEX 5,VEX,541494.738,8002.839997882178,8002.839997882178
2026-08-18 09:52:03,7575.0,7594.0,Call DEX 5,DEX,41.265,8002.839997882178,8002.839997882178
2026-08-18 09:52:03,7600.0,7619.0,Call CEX 3,CEX,1656044.419,8002.839997882178,8002.839997882178
2026-08-18 09:52:03,7600.0,7619.0,Call DEX 1,DEX,195.676,8002.839997882178,8002.839997882178
2026-08-18 09:52:03,7600.0,7619.0,Call VEX 1,VEX,1027214.376,8002.839997882178,8002.839997882178
2026-08-18 09:52:03,7625.0,7644.25,Call DEX 4,DEX,63.17,8002.839997882178,8002.839997882178
2026-08-18 09:52:03,7635.0,7654.25,Call CEX 1,CEX,2626206.29,8002.839997882178,8002.839997882178
2026-08-18 09:52:03,7650.0,7669.25,Call CEX 2,CEX,1874392.541,8002.839997882178,8002.839997882178
2026-08-18 09:52:03,7650.0,7669.25,Call DEX 3,DEX,79.664,8002.839997882178,8002.839997882178
2026-08-18 09:52:03,7650.0,7669.25,Call VEX 2,VEX,607915.591,8002.839997882178,8002.839997882178
2026-08-18 09:52:03,7700.0,7719.25,Call CEX 4,CEX,1407011.433,8002.839997882178,8002.839997882178
2026-08-18 09:52:03,7700.0,7719.25,Put GEX 3,GEX,-359924.326,8002.839997882178,8002.839997882178
2026-08-18 09:52:03,7710.0,7729.25,Put GEX 2,GEX,-372561.373,8002.839997882178,8002.839997882178
2026-08-18 09:52:03,7720.0,7739.5,Put GEX 1,GEX,-490610.072,8002.839997882178,8002.839997882178
2026-08-18 09:52:03,7725.0,7744.5,Put CEX 3,CEX,-2070276.053,8002.839997882178,8002.839997882178
2026-08-18 09:52:03,7735.0,7754.5,Put DEX 5,DEX,-49.268,8002.839997882178,8002.839997882178
2026-08-18 09:52:03,7735.0,7754.5,Put GEX 4,GEX,-303027.323,8002.839997882178,8002.839997882178
2026-08-18 09:52:03,7750.0,7769.5,Put CEX 2,CEX,-2945995.901,8002.839997882178,8002.839997882178
2026-08-18 09:52:03,7750.0,7769.5,Put DEX 4,DEX,-93.575,8002.839997882178,8002.839997882178
2026-08-18 09:52:03,7750.0,7769.5,Put VEX 3,VEX,-569584.633,8002.839997882178,8002.839997882178
2026-08-18 09:52:03,7775.0,7794.5,Put CEX 5,CEX,-1425165.809,8002.839997882178,8002.839997882178
2026-08-18 09:52:03,7775.0,7794.5,Call GEX 1,GEX,241652.235,8002.839997882178,8002.839997882178
2026-08-18 09:52:03,7775.0,7794.5,Put VEX 4,VEX,-339066.332,8002.839997882178,8002.839997882178
2026-08-18 09:52:03,7800.0,7819.5,Put CEX 4,CEX,-2013687.605,8002.839997882178,8002.839997882178
2026-08-18 09:52:03,7800.0,7819.5,Put DEX 2,DEX,-106.888,8002.839997882178,8002.839997882178
2026-08-18 09:52:03,7800.0,7819.5,Call GEX 2,GEX,224063.741,8002.839997882178,8002.839997882178
2026-08-18 09:52:03,7800.0,7819.5,Put VEX 2,VEX,-763127.336,8002.839997882178,8002.839997882178
2026-08-18 09:52:03,7825.0,7844.75,Call GEX 3,GEX,115497.773,8002.839997882178,8002.839997882178
2026-08-18 09:52:03,7850.0,7869.75,Call GEX 4,GEX,111821.153,8002.839997882178,8002.839997882178
2026-08-18 09:52:03,7900.0,7919.75,Call GEX 5,GEX,108041.272,8002.839997882178,8002.839997882178
2026-08-18 09:52:03,7900.0,7919.75,Put VEX 5,VEX,-205422.092,8002.839997882178,8002.839997882178
2026-08-18 09:52:03,8000.0,8020.0,Put CEX 1,CEX,-2981593.047,8002.839997882178,8002.839997882178
2026-08-18 09:52:03,8000.0,8020.0,Put DEX 1,DEX,-1007.438,8002.839997882178,8002.839997882178
2026-08-18 09:52:03,8000.0,8020.0,Put GEX 5,GEX,-267765.712,8002.839997882178,8002.839997882178
2026-08-18 09:52:03,8000.0,8020.0,Put VEX 1,VEX,-1591136.115,8002.839997882178,8002.839997882178
2026-08-18 09:52:03,8500.0,8521.25,Put DEX 3,DEX,-106.102,8002.839997882178,8002.839997882178
2026-08-18 09:52:53,7400.0,7418.5,Call VEX 4,VEX,594262.059,8002.711072890095,8002.711072890095
2026-08-18 09:52:53,7500.0,7518.75,Call VEX 2,VEX,608513.531,8002.711072890095,8002.711072890095
2026-08-18 09:52:53,7550.0,7568.75,Call CEX 5,CEX,1033241.0,8002.711072890095,8002.711072890095
2026-08-18 09:52:53,7550.0,7568.75,Call DEX 2,DEX,148.517,8002.711072890095,8002.711072890095
2026-08-18 09:52:53,7550.0,7568.75,Call VEX 5,VEX,537874.688,8002.711072890095,8002.711072890095
2026-08-18 09:52:53,7575.0,7594.0,Call DEX 5,DEX,41.681,8002.711072890095,8002.711072890095
2026-08-18 09:52:53,7600.0,7619.0,Call CEX 3,CEX,1640783.69,8002.711072890095,8002.711072890095
2026-08-18 09:52:53,7600.0,7619.0,Call DEX 1,DEX,205.614,8002.711072890095,8002.711072890095
2026-08-18 09:52:53,7600.0,7619.0,Call VEX 1,VEX,1029854.42,8002.711072890095,8002.711072890095
2026-08-18 09:52:53,7625.0,7644.0,Call DEX 4,DEX,63.54,8002.711072890095,8002.711072890095
2026-08-18 09:52:53,7635.0,7654.0,Call CEX 1,CEX,2454299.138,8002.711072890095,8002.711072890095
2026-08-18 09:52:53,7650.0,7669.0,Call CEX 2,CEX,1901953.171,8002.711072890095,8002.711072890095
2026-08-18 09:52:53,7650.0,7669.0,Call DEX 3,DEX,80.285,8002.711072890095,8002.711072890095
2026-08-18 09:52:53,7650.0,7669.0,Call VEX 3,VEX,606117.784,8002.711072890095,8002.711072890095
2026-08-18 09:52:53,7700.0,7719.25,Call CEX 4,CEX,1323311.918,8002.711072890095,8002.711072890095
2026-08-18 09:52:53,7700.0,7719.25,Put GEX 3,GEX,-373240.456,8002.711072890095,8002.711072890095
2026-08-18 09:52:53,7710.0,7729.25,Put GEX 2,GEX,-381259.074,8002.711072890095,8002.711072890095
2026-08-18 09:52:53,7720.0,7739.25,Put GEX 1,GEX,-490163.705,8002.711072890095,8002.711072890095
2026-08-18 09:52:53,7725.0,7744.25,Put CEX 3,CEX,-2091705.669,8002.711072890095,8002.711072890095
2026-08-18 09:52:53,7735.0,7754.25,Put DEX 5,DEX,-49.727,8002.711072890095,8002.711072890095
2026-08-18 09:52:53,7735.0,7754.25,Put GEX 4,GEX,-296134.116,8002.711072890095,8002.711072890095
2026-08-18 09:52:53,7750.0,7769.25,Put CEX 2,CEX,-2702165.106,8002.711072890095,8002.711072890095
2026-08-18 09:52:53,7750.0,7769.25,Put DEX 4,DEX,-95.342,8002.711072890095,8002.711072890095
2026-08-18 09:52:53,7750.0,7769.25,Put VEX 3,VEX,-568149.3,8002.711072890095,8002.711072890095
2026-08-18 09:52:53,7775.0,7794.5,Put CEX 5,CEX,-1301574.285,8002.711072890095,8002.711072890095
2026-08-18 09:52:53,7775.0,7794.5,Call GEX 1,GEX,244228.792,8002.711072890095,8002.711072890095
2026-08-18 09:52:53,7775.0,7794.5,Put VEX 4,VEX,-335689.185,8002.711072890095,8002.711072890095
2026-08-18 09:52:53,7800.0,7819.5,Put CEX 4,CEX,-1941241.729,8002.711072890095,8002.711072890095
2026-08-18 09:52:53,7800.0,7819.5,Put DEX 2,DEX,-107.609,8002.711072890095,8002.711072890095
2026-08-18 09:52:53,7800.0,7819.5,Call GEX 2,GEX,221975.956,8002.711072890095,8002.711072890095
2026-08-18 09:52:53,7800.0,7819.5,Put VEX 2,VEX,-758827.618,8002.711072890095,8002.711072890095
2026-08-18 09:52:53,7825.0,7844.5,Call GEX 3,GEX,114438.97,8002.711072890095,8002.711072890095
2026-08-18 09:52:53,7850.0,7869.5,Call GEX 4,GEX,111103.441,8002.711072890095,8002.711072890095
2026-08-18 09:52:53,7900.0,7919.75,Call GEX 5,GEX,107322.305,8002.711072890095,8002.711072890095
2026-08-18 09:52:53,7900.0,7919.75,Put VEX 5,VEX,-205275.885,8002.711072890095,8002.711072890095
2026-08-18 09:52:53,8000.0,8020.0,Put CEX 1,CEX,-2897551.086,8002.711072890095,8002.711072890095
2026-08-18 09:52:53,8000.0,8020.0,Put DEX 1,DEX,-1009.63,8002.711072890095,8002.711072890095
2026-08-18 09:52:53,8000.0,8020.0,Put GEX 5,GEX,-253182.988,8002.711072890095,8002.711072890095
2026-08-18 09:52:53,8000.0,8020.0,Put VEX 1,VEX,-1548537.961,8002.711072890095,8002.711072890095
2026-08-18 09:52:53,8500.0,8521.25,Put DEX 3,DEX,-106.218,8002.711072890095,8002.711072890095
2026-08-18 09:53:51,7400.0,7418.75,Call VEX 4,VEX,575511.932,8002.758740734789,8002.758740734789
2026-08-18 09:53:51,7500.0,7519.0,Call VEX 2,VEX,607474.068,8002.758740734789,8002.758740734789
2026-08-18 09:53:51,7550.0,7569.0,Call CEX 5,CEX,1038452.575,8002.758740734789,8002.758740734789
2026-08-18 09:53:51,7550.0,7569.0,Call DEX 2,DEX,148.462,8002.758740734789,8002.758740734789
2026-08-18 09:53:51,7550.0,7569.0,Call VEX 5,VEX,540145.367,8002.758740734789,8002.758740734789
2026-08-18 09:53:51,7575.0,7594.25,Call DEX 5,DEX,41.738,8002.758740734789,8002.758740734789
2026-08-18 09:53:51,7600.0,7619.25,Call CEX 3,CEX,1632417.305,8002.758740734789,8002.758740734789
2026-08-18 09:53:51,7600.0,7619.25,Call DEX 1,DEX,206.232,8002.758740734789,8002.758740734789
2026-08-18 09:53:51,7600.0,7619.25,Call VEX 1,VEX,1027501.555,8002.758740734789,8002.758740734789
2026-08-18 09:53:51,7625.0,7644.25,Call DEX 4,DEX,62.995,8002.758740734789,8002.758740734789
2026-08-18 09:53:51,7635.0,7654.25,Call CEX 1,CEX,2652018.245,8002.758740734789,8002.758740734789
2026-08-18 09:53:51,7650.0,7669.25,Call CEX 2,CEX,1898625.674,8002.758740734789,8002.758740734789
2026-08-18 09:53:51,7650.0,7669.25,Call DEX 3,DEX,80.614,8002.758740734789,8002.758740734789
2026-08-18 09:53:51,7650.0,7669.25,Call VEX 3,VEX,607142.409,8002.758740734789,8002.758740734789
2026-08-18 09:53:51,7700.0,7719.5,Call CEX 4,CEX,1374562.339,8002.758740734789,8002.758740734789
2026-08-18 09:53:51,7700.0,7719.5,Put GEX 3,GEX,-372469.705,8002.758740734789,8002.758740734789
2026-08-18 09:53:51,7710.0,7729.5,Put GEX 2,GEX,-385102.938,8002.758740734789,8002.758740734789
2026-08-18 09:53:51,7720.0,7739.5,Put GEX 1,GEX,-495196.825,8002.758740734789,8002.758740734789
2026-08-18 09:53:51,7725.0,7744.5,Put CEX 3,CEX,-2092638.883,8002.758740734789,8002.758740734789
2026-08-18 09:53:51,7735.0,7754.5,Put DEX 5,DEX,-49.676,8002.758740734789,8002.758740734789
2026-08-18 09:53:51,7735.0,7754.5,Put GEX 4,GEX,-300951.232,8002.758740734789,8002.758740734789
2026-08-18 09:53:51,7750.0,7769.5,Put CEX 2,CEX,-2763940.843,8002.758740734789,8002.758740734789
2026-08-18 09:53:51,7750.0,7769.5,Put DEX 4,DEX,-94.797,8002.758740734789,8002.758740734789
2026-08-18 09:53:51,7750.0,7769.5,Put VEX 3,VEX,-567827.948,8002.758740734789,8002.758740734789
2026-08-18 09:53:51,7775.0,7794.75,Put CEX 5,CEX,-1344409.626,8002.758740734789,8002.758740734789
2026-08-18 09:53:51,7775.0,7794.75,Call GEX 1,GEX,243566.567,8002.758740734789,8002.758740734789
2026-08-18 09:53:51,7775.0,7794.75,Put VEX 4,VEX,-336761.443,8002.758740734789,8002.758740734789
2026-08-18 09:53:51,7800.0,7819.75,Put CEX 4,CEX,-1971744.9,8002.758740734789,8002.758740734789
2026-08-18 09:53:51,7800.0,7819.75,Put DEX 2,DEX,-107.524,8002.758740734789,8002.758740734789
2026-08-18 09:53:51,7800.0,7819.75,Call GEX 2,GEX,222100.178,8002.758740734789,8002.758740734789
2026-08-18 09:53:51,7800.0,7819.75,Put VEX 2,VEX,-759607.601,8002.758740734789,8002.758740734789
2026-08-18 09:53:51,7825.0,7844.75,Call GEX 3,GEX,115007.138,8002.758740734789,8002.758740734789
2026-08-18 09:53:51,7850.0,7869.75,Call GEX 4,GEX,111110.55,8002.758740734789,8002.758740734789
2026-08-18 09:53:51,7900.0,7920.0,Call GEX 5,GEX,107914.511,8002.758740734789,8002.758740734789
2026-08-18 09:53:51,7900.0,7920.0,Put VEX 5,VEX,-204894.596,8002.758740734789,8002.758740734789
2026-08-18 09:53:51,8000.0,8020.25,Put CEX 1,CEX,-2922181.811,8002.758740734789,8002.758740734789
2026-08-18 09:53:51,8000.0,8020.25,Put DEX 1,DEX,-1009.076,8002.758740734789,8002.758740734789
2026-08-18 09:53:51,8000.0,8020.25,Put GEX 5,GEX,-257370.153,8002.758740734789,8002.758740734789
2026-08-18 09:53:51,8000.0,8020.25,Put VEX 1,VEX,-1560357.645,8002.758740734789,8002.758740734789
2026-08-18 09:53:51,8500.0,8521.5,Put DEX 3,DEX,-106.153,8002.758740734789,8002.758740734789
2026-08-18 09:54:43,7400.0,7418.75,Call VEX 4,VEX,573994.339,8002.747866489503,8002.747866489503
2026-08-18 09:54:43,7500.0,7519.0,Call VEX 3,VEX,596451.503,8002.747866489503,8002.747866489503
2026-08-18 09:54:43,7550.0,7569.0,Call CEX 5,CEX,1005374.95,8002.747866489503,8002.747866489503
2026-08-18 09:54:43,7550.0,7569.0,Call DEX 2,DEX,145.945,8002.747866489503,8002.747866489503
2026-08-18 09:54:43,7550.0,7569.0,Call VEX 5,VEX,523102.764,8002.747866489503,8002.747866489503
2026-08-18 09:54:43,7575.0,7594.0,Call DEX 5,DEX,41.568,8002.747866489503,8002.747866489503
2026-08-18 09:54:43,7600.0,7619.25,Call CEX 3,CEX,1596131.163,8002.747866489503,8002.747866489503
2026-08-18 09:54:43,7600.0,7619.25,Call DEX 1,DEX,196.998,8002.747866489503,8002.747866489503
2026-08-18 09:54:43,7600.0,7619.25,Call VEX 1,VEX,1021637.863,8002.747866489503,8002.747866489503
2026-08-18 09:54:43,7625.0,7644.25,Call DEX 4,DEX,63.497,8002.747866489503,8002.747866489503
2026-08-18 09:54:43,7635.0,7654.25,Call CEX 1,CEX,2641844.229,8002.747866489503,8002.747866489503
2026-08-18 09:54:43,7650.0,7669.25,Call CEX 2,CEX,1905352.486,8002.747866489503,8002.747866489503
2026-08-18 09:54:43,7650.0,7669.25,Call DEX 3,DEX,82.188,8002.747866489503,8002.747866489503
2026-08-18 09:54:43,7650.0,7669.25,Call VEX 2,VEX,612548.298,8002.747866489503,8002.747866489503
2026-08-18 09:54:43,7700.0,7719.5,Call CEX 4,CEX,1565132.893,8002.747866489503,8002.747866489503
2026-08-18 09:54:43,7700.0,7719.5,Put GEX 3,GEX,-363011.533,8002.747866489503,8002.747866489503
2026-08-18 09:54:43,7710.0,7729.5,Put GEX 2,GEX,-388235.584,8002.747866489503,8002.747866489503
2026-08-18 09:54:43,7720.0,7739.5,Put GEX 1,GEX,-506008.258,8002.747866489503,8002.747866489503
2026-08-18 09:54:43,7725.0,7744.5,Put CEX 3,CEX,-2076800.703,8002.747866489503,8002.747866489503
2026-08-18 09:54:43,7735.0,7754.5,Put DEX 5,DEX,-48.949,8002.747866489503,8002.747866489503
2026-08-18 09:54:43,7735.0,7754.5,Put GEX 4,GEX,-304522.033,8002.747866489503,8002.747866489503
2026-08-18 09:54:43,7750.0,7769.5,Put CEX 2,CEX,-2833056.421,8002.747866489503,8002.747866489503
2026-08-18 09:54:43,7750.0,7769.5,Put DEX 4,DEX,-92.798,8002.747866489503,8002.747866489503
2026-08-18 09:54:43,7750.0,7769.5,Put VEX 3,VEX,-560548.303,8002.747866489503,8002.747866489503
2026-08-18 09:54:43,7775.0,7794.5,Put CEX 5,CEX,-1337704.875,8002.747866489503,8002.747866489503
2026-08-18 09:54:43,7775.0,7794.5,Call GEX 1,GEX,248953.898,8002.747866489503,8002.747866489503
2026-08-18 09:54:43,7775.0,7794.5,Put VEX 4,VEX,-335576.809,8002.747866489503,8002.747866489503
2026-08-18 09:54:43,7800.0,7819.75,Put CEX 4,CEX,-1976481.892,8002.747866489503,8002.747866489503
2026-08-18 09:54:43,7800.0,7819.75,Put DEX 2,DEX,-106.368,8002.747866489503,8002.747866489503
2026-08-18 09:54:43,7800.0,7819.75,Call GEX 2,GEX,226737.875,8002.747866489503,8002.747866489503
2026-08-18 09:54:43,7800.0,7819.75,Put VEX 2,VEX,-762439.441,8002.747866489503,8002.747866489503
2026-08-18 09:54:43,7825.0,7844.75,Call GEX 3,GEX,116259.306,8002.747866489503,8002.747866489503
2026-08-18 09:54:43,7850.0,7869.75,Call GEX 4,GEX,111926.63,8002.747866489503,8002.747866489503
2026-08-18 09:54:43,7900.0,7920.0,Call GEX 5,GEX,108622.722,8002.747866489503,8002.747866489503
2026-08-18 09:54:43,7900.0,7920.0,Put VEX 5,VEX,-206575.637,8002.747866489503,8002.747866489503
2026-08-18 09:54:43,8000.0,8020.25,Put CEX 1,CEX,-2923251.275,8002.747866489503,8002.747866489503
2026-08-18 09:54:43,8000.0,8020.25,Put DEX 1,DEX,-1009.294,8002.747866489503,8002.747866489503
2026-08-18 09:54:43,8000.0,8020.25,Put GEX 5,GEX,-257319.334,8002.747866489503,8002.747866489503
2026-08-18 09:54:43,8000.0,8020.25,Put VEX 1,VEX,-1559535.467,8002.747866489503,8002.747866489503
2026-08-18 09:54:43,8500.0,8521.5,Put DEX 3,DEX,-106.18,8002.747866489503,8002.747866489503
2026-08-18 09:55:32,7400.0,7418.5,Call VEX 4,VEX,574806.699,8002.815119045764,8002.815119045764
2026-08-18 09:55:32,7500.0,7519.0,Call VEX 3,VEX,605864.418,8002.815119045764,8002.815119045764
2026-08-18 09:55:32,7550.0,7569.0,Call CEX 5,CEX,1013202.325,8002.815119045764,8002.815119045764
2026-08-18 09:55:32,7550.0,7569.0,Call DEX 2,DEX,146.552,8002.815119045764,8002.815119045764
2026-08-18 09:55:32,7550.0,7569.0,Call VEX 5,VEX,527420.642,8002.815119045764,8002.815119045764
2026-08-18 09:55:32,7575.0,7594.0,Call DEX 5,DEX,39.62,8002.815119045764,8002.815119045764
2026-08-18 09:55:32,7600.0,7619.25,Call CEX 3,CEX,1601525.217,8002.815119045764,8002.815119045764
2026-08-18 09:55:32,7600.0,7619.25,Call DEX 1,DEX,196.181,8002.815119045764,8002.815119045764
2026-08-18 09:55:32,7600.0,7619.25,Call VEX 1,VEX,1023390.009,8002.815119045764,8002.815119045764
2026-08-18 09:55:32,7625.0,7644.25,Call DEX 4,DEX,63.27,8002.815119045764,8002.815119045764
2026-08-18 09:55:32,7635.0,7654.25,Call CEX 1,CEX,2243679.146,8002.815119045764,8002.815119045764
2026-08-18 09:55:32,7650.0,7669.25,Call CEX 2,CEX,1907629.646,8002.815119045764,8002.815119045764
2026-08-18 09:55:32,7650.0,7669.25,Call DEX 3,DEX,81.33,8002.815119045764,8002.815119045764
2026-08-18 09:55:32,7650.0,7669.25,Call VEX 2,VEX,609625.552,8002.815119045764,8002.815119045764
2026-08-18 09:55:32,7700.0,7719.5,Call CEX 4,CEX,1499142.868,8002.815119045764,8002.815119045764
2026-08-18 09:55:32,7700.0,7719.5,Put GEX 3,GEX,-371242.696,8002.815119045764,8002.815119045764
2026-08-18 09:55:32,7710.0,7729.5,Put GEX 2,GEX,-390681.328,8002.815119045764,8002.815119045764
2026-08-18 09:55:32,7720.0,7739.5,Put GEX 1,GEX,-502237.467,8002.815119045764,8002.815119045764
2026-08-18 09:55:32,7725.0,7744.5,Put CEX 3,CEX,-2093863.737,8002.815119045764,8002.815119045764
2026-08-18 09:55:32,7735.0,7754.5,Put DEX 5,DEX,-49.317,8002.815119045764,8002.815119045764
2026-08-18 09:55:32,7735.0,7754.5,Put GEX 4,GEX,-302713.564,8002.815119045764,8002.815119045764
2026-08-18 09:55:32,7750.0,7769.5,Put CEX 2,CEX,-2878731.417,8002.815119045764,8002.815119045764
2026-08-18 09:55:32,7750.0,7769.5,Put DEX 4,DEX,-93.549,8002.815119045764,8002.815119045764
2026-08-18 09:55:32,7750.0,7769.5,Put VEX 3,VEX,-566106.227,8002.815119045764,8002.815119045764
2026-08-18 09:55:32,7775.0,7794.5,Put CEX 5,CEX,-1412546.966,8002.815119045764,8002.815119045764
2026-08-18 09:55:32,7775.0,7794.5,Call GEX 1,GEX,243393.915,8002.815119045764,8002.815119045764
2026-08-18 09:55:32,7775.0,7794.5,Put VEX 4,VEX,-338198.81,8002.815119045764,8002.815119045764
2026-08-18 09:55:32,7800.0,7819.75,Put CEX 4,CEX,-1982777.454,8002.815119045764,8002.815119045764
2026-08-18 09:55:32,7800.0,7819.75,Put DEX 2,DEX,-106.73,8002.815119045764,8002.815119045764
2026-08-18 09:55:32,7800.0,7819.75,Call GEX 2,GEX,224954.456,8002.815119045764,8002.815119045764
2026-08-18 09:55:32,7800.0,7819.75,Put VEX 2,VEX,-762489.005,8002.815119045764,8002.815119045764
2026-08-18 09:55:32,7825.0,7844.75,Call GEX 3,GEX,115772.956,8002.815119045764,8002.815119045764
2026-08-18 09:55:32,7850.0,7869.75,Call GEX 4,GEX,110871.473,8002.815119045764,8002.815119045764
2026-08-18 09:55:32,7900.0,7920.0,Call GEX 5,GEX,108148.942,8002.815119045764,8002.815119045764
2026-08-18 09:55:32,7900.0,7920.0,Put VEX 5,VEX,-205636.189,8002.815119045764,8002.815119045764
2026-08-18 09:55:32,8000.0,8020.25,Put CEX 1,CEX,-2967178.601,8002.815119045764,8002.815119045764
2026-08-18 09:55:32,8000.0,8020.25,Put DEX 1,DEX,-1007.968,8002.815119045764,8002.815119045764
2026-08-18 09:55:32,8000.0,8020.25,Put GEX 5,GEX,-265057.773,8002.815119045764,8002.815119045764
2026-08-18 09:55:32,8000.0,8020.25,Put VEX 1,VEX,-1581916.057,8002.815119045764,8002.815119045764
2026-08-18 09:55:32,8500.0,8521.5,Put DEX 3,DEX,-106.101,8002.815119045764,8002.815119045764
2026-08-18 09:56:24,7400.0,7418.5,Call VEX 4,VEX,597173.742,8002.697096712563,8002.697096712563
2026-08-18 09:56:24,7500.0,7518.75,Call VEX 2,VEX,611943.451,8002.697096712563,8002.697096712563
2026-08-18 09:56:24,7550.0,7569.0,Call CEX 5,CEX,1078604.533,8002.697096712563,8002.697096712563
2026-08-18 09:56:24,7550.0,7569.0,Call DEX 2,DEX,147.961,8002.697096712563,8002.697096712563
2026-08-18 09:56:24,7550.0,7569.0,Call VEX 5,VEX,547933.99,8002.697096712563,8002.697096712563
2026-08-18 09:56:24,7575.0,7594.0,Call DEX 5,DEX,39.739,8002.697096712563,8002.697096712563
2026-08-18 09:56:24,7600.0,7619.0,Call CEX 3,CEX,1670630.048,8002.697096712563,8002.697096712563
2026-08-18 09:56:24,7600.0,7619.0,Call DEX 1,DEX,205.032,8002.697096712563,8002.697096712563
2026-08-18 09:56:24,7600.0,7619.0,Call VEX 1,VEX,1032204.776,8002.697096712563,8002.697096712563
2026-08-18 09:56:24,7625.0,7644.25,Call DEX 4,DEX,63.269,8002.697096712563,8002.697096712563
2026-08-18 09:56:24,7635.0,7654.25,Call CEX 1,CEX,2493673.987,8002.697096712563,8002.697096712563
2026-08-18 09:56:24,7650.0,7669.25,Call CEX 2,CEX,1932025.745,8002.697096712563,8002.697096712563
2026-08-18 09:56:24,7650.0,7669.25,Call DEX 3,DEX,79.736,8002.697096712563,8002.697096712563
2026-08-18 09:56:24,7650.0,7669.25,Call VEX 3,VEX,604634.222,8002.697096712563,8002.697096712563
2026-08-18 09:56:24,7700.0,7719.25,Call CEX 4,CEX,1296651.544,8002.697096712563,8002.697096712563
2026-08-18 09:56:24,7700.0,7719.25,Put GEX 3,GEX,-386139.606,8002.697096712563,8002.697096712563
2026-08-18 09:56:24,7710.0,7729.25,Put GEX 2,GEX,-390938.463,8002.697096712563,8002.697096712563
2026-08-18 09:56:24,7720.0,7739.5,Put GEX 1,GEX,-491255.032,8002.697096712563,8002.697096712563
2026-08-18 09:56:24,7725.0,7744.5,Put CEX 3,CEX,-2107776.669,8002.697096712563,8002.697096712563
2026-08-18 09:56:24,7735.0,7754.5,Put DEX 5,DEX,-50.201,8002.697096712563,8002.697096712563
2026-08-18 09:56:24,7735.0,7754.5,Put GEX 4,GEX,-292676.834,8002.697096712563,8002.697096712563
2026-08-18 09:56:24,7750.0,7769.5,Put CEX 2,CEX,-2635174.557,8002.697096712563,8002.697096712563
2026-08-18 09:56:24,7750.0,7769.5,Put DEX 4,DEX,-96.39,8002.697096712563,8002.697096712563
2026-08-18 09:56:24,7750.0,7769.5,Put VEX 3,VEX,-569294.205,8002.697096712563,8002.697096712563
2026-08-18 09:56:24,7775.0,7794.5,Put CEX 5,CEX,-1295702.981,8002.697096712563,8002.697096712563
2026-08-18 09:56:24,7775.0,7794.5,Call GEX 1,GEX,243271.311,8002.697096712563,8002.697096712563
2026-08-18 09:56:24,7775.0,7794.5,Put VEX 4,VEX,-335478.014,8002.697096712563,8002.697096712563
2026-08-18 09:56:24,7800.0,7819.5,Put CEX 4,CEX,-1898078.747,8002.697096712563,8002.697096712563
2026-08-18 09:56:24,7800.0,7819.5,Put DEX 2,DEX,-108.319,8002.697096712563,8002.697096712563
2026-08-18 09:56:24,7800.0,7819.5,Call GEX 2,GEX,222240.124,8002.697096712563,8002.697096712563
2026-08-18 09:56:24,7800.0,7819.5,Put VEX 2,VEX,-755227.074,8002.697096712563,8002.697096712563
2026-08-18 09:56:24,7825.0,7844.75,Call GEX 3,GEX,114300.453,8002.697096712563,8002.697096712563
2026-08-18 09:56:24,7850.0,7869.75,Call GEX 4,GEX,109436.444,8002.697096712563,8002.697096712563
2026-08-18 09:56:24,7900.0,7919.75,Call GEX 5,GEX,107133.552,8002.697096712563,8002.697096712563
2026-08-18 09:56:24,7900.0,7919.75,Put VEX 5,VEX,-204854.58,8002.697096712563,8002.697096712563
2026-08-18 09:56:24,8000.0,8020.0,Put CEX 1,CEX,-2893411.06,8002.697096712563,8002.697096712563
2026-08-18 09:56:24,8000.0,8020.0,Put DEX 1,DEX,-1009.807,8002.697096712563,8002.697096712563
2026-08-18 09:56:24,8000.0,8020.0,Put GEX 5,GEX,-251683.726,8002.697096712563,8002.697096712563
2026-08-18 09:56:24,8000.0,8020.0,Put VEX 1,VEX,-1544466.052,8002.697096712563,8002.697096712563
2026-08-18 09:56:24,8500.0,8521.25,Put DEX 3,DEX,-106.223,8002.697096712563,8002.697096712563
2026-08-18 09:57:19,7400.0,7419.0,Call VEX 4,VEX,584618.634,8002.351513514473,8002.351513514473
2026-08-18 09:57:19,7500.0,7519.25,Call DEX 1,DEX,319.162,8002.351513514473,8002.351513514473
2026-08-18 09:57:19,7500.0,7519.25,Call VEX 2,VEX,665911.931,8002.351513514473,8002.351513514473
2026-08-18 09:57:19,7550.0,7569.25,Call CEX 5,CEX,1120945.727,8002.351513514473,8002.351513514473
2026-08-18 09:57:19,7550.0,7569.25,Call DEX 3,DEX,147.55,8002.351513514473,8002.351513514473
2026-08-18 09:57:19,7550.0,7569.25,Call VEX 5,VEX,555866.113,8002.351513514473,8002.351513514473
2026-08-18 09:57:19,7600.0,7619.5,Call CEX 3,CEX,1725431.597,8002.351513514473,8002.351513514473
2026-08-18 09:57:19,7600.0,7619.5,Call DEX 2,DEX,204.697,8002.351513514473,8002.351513514473
2026-08-18 09:57:19,7600.0,7619.5,Call VEX 1,VEX,1039928.77,8002.351513514473,8002.351513514473
2026-08-18 09:57:19,7625.0,7644.5,Call DEX 5,DEX,63.38,8002.351513514473,8002.351513514473
2026-08-18 09:57:19,7635.0,7654.5,Call CEX 1,CEX,2497296.204,8002.351513514473,8002.351513514473
2026-08-18 09:57:19,7650.0,7669.5,Call CEX 2,CEX,1950429.299,8002.351513514473,8002.351513514473
2026-08-18 09:57:19,7650.0,7669.5,Call DEX 4,DEX,80.095,8002.351513514473,8002.351513514473
2026-08-18 09:57:19,7650.0,7669.5,Call VEX 3,VEX,606587.788,8002.351513514473,8002.351513514473
2026-08-18 09:57:19,7700.0,7719.75,Call CEX 4,CEX,1390989.317,8002.351513514473,8002.351513514473
2026-08-18 09:57:19,7700.0,7719.75,Put GEX 3,GEX,-403011.254,8002.351513514473,8002.351513514473
2026-08-18 09:57:19,7710.0,7729.75,Put GEX 2,GEX,-410057.525,8002.351513514473,8002.351513514473
2026-08-18 09:57:19,7715.0,7734.75,Put GEX 5,GEX,-260158.628,8002.351513514473,8002.351513514473
2026-08-18 09:57:19,7720.0,7739.75,Put CEX 5,CEX,-1242156.093,8002.351513514473,8002.351513514473
2026-08-18 09:57:19,7720.0,7739.75,Put GEX 1,GEX,-505517.374,8002.351513514473,8002.351513514473
2026-08-18 09:57:19,7725.0,7744.75,Put CEX 2,CEX,-2078027.259,8002.351513514473,8002.351513514473
2026-08-18 09:57:19,7735.0,7754.75,Put DEX 5,DEX,-50.494,8002.351513514473,8002.351513514473
2026-08-18 09:57:19,7735.0,7754.75,Put GEX 4,GEX,-282072.491,8002.351513514473,8002.351513514473
2026-08-18 09:57:19,7750.0,7769.75,Put CEX 3,CEX,-1823577.407,8002.351513514473,8002.351513514473
2026-08-18 09:57:19,7750.0,7769.75,Put DEX 4,DEX,-71.014,8002.351513514473,8002.351513514473
2026-08-18 09:57:19,7750.0,7769.75,Put VEX 3,VEX,-542414.748,8002.351513514473,8002.351513514473
2026-08-18 09:57:19,7775.0,7795.0,Call GEX 1,GEX,259704.471,8002.351513514473,8002.351513514473
2026-08-18 09:57:19,7775.0,7795.0,Put VEX 4,VEX,-325307.631,8002.351513514473,8002.351513514473
2026-08-18 09:57:19,7800.0,7820.0,Put CEX 4,CEX,-1713593.894,8002.351513514473,8002.351513514473
2026-08-18 09:57:19,7800.0,7820.0,Put DEX 3,DEX,-96.808,8002.351513514473,8002.351513514473
2026-08-18 09:57:19,7800.0,7820.0,Call GEX 2,GEX,231756.907,8002.351513514473,8002.351513514473
2026-08-18 09:57:19,7800.0,7820.0,Put VEX 2,VEX,-749992.49,8002.351513514473,8002.351513514473
2026-08-18 09:57:19,7825.0,7845.0,Call GEX 3,GEX,115055.231,8002.351513514473,8002.351513514473
2026-08-18 09:57:19,7850.0,7870.0,Call GEX 4,GEX,110089.778,8002.351513514473,8002.351513514473
2026-08-18 09:57:19,7900.0,7920.25,Call GEX 5,GEX,107392.401,8002.351513514473,8002.351513514473
2026-08-18 09:57:19,7900.0,7920.25,Put VEX 5,VEX,-205427.9,8002.351513514473,8002.351513514473
2026-08-18 09:57:19,8000.0,8020.5,Put CEX 1,CEX,-2715475.822,8002.351513514473,8002.351513514473
2026-08-18 09:57:19,8000.0,8020.5,Put DEX 1,DEX,-1014.496,8002.351513514473,8002.351513514473
2026-08-18 09:57:19,8000.0,8020.5,Put VEX 1,VEX,-1454940.55,8002.351513514473,8002.351513514473
2026-08-18 09:57:19,8500.0,8521.75,Put DEX 2,DEX,-106.447,8002.351513514473,8002.351513514473
2026-08-18 09:58:13,7400.0,7418.75,Call VEX 4,VEX,583234.66,8002.646310462341,8002.646310462341
2026-08-18 09:58:13,7500.0,7519.0,Call VEX 2,VEX,611582.5,8002.646310462341,8002.646310462341
2026-08-18 09:58:13,7550.0,7569.0,Call CEX 5,CEX,1086697.78,8002.646310462341,8002.646310462341
2026-08-18 09:58:13,7550.0,7569.0,Call DEX 2,DEX,149.253,8002.646310462341,8002.646310462341
2026-08-18 09:58:13,7550.0,7569.0,Call VEX 5,VEX,545514.592,8002.646310462341,8002.646310462341
2026-08-18 09:58:13,7575.0,7594.25,Call DEX 5,DEX,41.589,8002.646310462341,8002.646310462341
2026-08-18 09:58:13,7600.0,7619.25,Call CEX 3,CEX,1747756.019,8002.646310462341,8002.646310462341
2026-08-18 09:58:13,7600.0,7619.25,Call DEX 1,DEX,205.091,8002.646310462341,8002.646310462341
2026-08-18 09:58:13,7600.0,7619.25,Call VEX 1,VEX,1036144.593,8002.646310462341,8002.646310462341
2026-08-18 09:58:13,7625.0,7644.25,Call DEX 4,DEX,63.362,8002.646310462341,8002.646310462341
2026-08-18 09:58:13,7635.0,7654.25,Call CEX 1,CEX,2709086.699,8002.646310462341,8002.646310462341
2026-08-18 09:58:13,7650.0,7669.25,Call CEX 2,CEX,1948186.44,8002.646310462341,8002.646310462341
2026-08-18 09:58:13,7650.0,7669.25,Call DEX 3,DEX,79.974,8002.646310462341,8002.646310462341
2026-08-18 09:58:13,7650.0,7669.25,Call VEX 3,VEX,605788.605,8002.646310462341,8002.646310462341
2026-08-18 09:58:13,7700.0,7719.5,Call CEX 4,CEX,1348874.258,8002.646310462341,8002.646310462341
2026-08-18 09:58:13,7700.0,7719.5,Put GEX 3,GEX,-399991.95,8002.646310462341,8002.646310462341
2026-08-18 09:58:13,7710.0,7729.5,Put GEX 2,GEX,-405479.676,8002.646310462341,8002.646310462341
2026-08-18 09:58:13,7715.0,7734.5,Put GEX 5,GEX,-255304.215,8002.646310462341,8002.646310462341
2026-08-18 09:58:13,7720.0,7739.5,Put CEX 5,CEX,-1254266.772,8002.646310462341,8002.646310462341
2026-08-18 09:58:13,7720.0,7739.5,Put GEX 1,GEX,-500410.45,8002.646310462341,8002.646310462341
2026-08-18 09:58:13,7725.0,7744.5,Put CEX 2,CEX,-2089140.359,8002.646310462341,8002.646310462341
2026-08-18 09:58:13,7735.0,7754.5,Put DEX 5,DEX,-50.458,8002.646310462341,8002.646310462341
2026-08-18 09:58:13,7735.0,7754.5,Put GEX 4,GEX,-283521.851,8002.646310462341,8002.646310462341
2026-08-18 09:58:13,7750.0,7769.5,Put CEX 3,CEX,-1827565.335,8002.646310462341,8002.646310462341
2026-08-18 09:58:13,7750.0,7769.5,Put DEX 4,DEX,-71.499,8002.646310462341,8002.646310462341
2026-08-18 09:58:13,7750.0,7769.5,Put VEX 3,VEX,-545010.458,8002.646310462341,8002.646310462341
2026-08-18 09:58:13,7775.0,7794.75,Call GEX 1,GEX,258519.382,8002.646310462341,8002.646310462341
2026-08-18 09:58:13,7775.0,7794.75,Put VEX 4,VEX,-325460.332,8002.646310462341,8002.646310462341
2026-08-18 09:58:13,7800.0,7819.75,Put CEX 4,CEX,-1710087.376,8002.646310462341,8002.646310462341
2026-08-18 09:58:13,7800.0,7819.75,Put DEX 3,DEX,-96.957,8002.646310462341,8002.646310462341
2026-08-18 09:58:13,7800.0,7819.75,Call GEX 2,GEX,228655.799,8002.646310462341,8002.646310462341
2026-08-18 09:58:13,7800.0,7819.75,Put VEX 2,VEX,-748885.249,8002.646310462341,8002.646310462341
2026-08-18 09:58:13,7825.0,7844.75,Call GEX 3,GEX,114386.797,8002.646310462341,8002.646310462341
2026-08-18 09:58:13,7850.0,7869.75,Call GEX 4,GEX,109541.791,8002.646310462341,8002.646310462341
2026-08-18 09:58:13,7900.0,7920.0,Call GEX 5,GEX,106870.152,8002.646310462341,8002.646310462341
2026-08-18 09:58:13,7900.0,7920.0,Put VEX 5,VEX,-204522.569,8002.646310462341,8002.646310462341
2026-08-18 09:58:13,8000.0,8020.25,Put CEX 1,CEX,-2744095.14,8002.646310462341,8002.646310462341
2026-08-18 09:58:13,8000.0,8020.25,Put DEX 1,DEX,-1012.911,8002.646310462341,8002.646310462341
2026-08-18 09:58:13,8000.0,8020.25,Put VEX 1,VEX,-1467729.458,8002.646310462341,8002.646310462341
2026-08-18 09:58:13,8500.0,8521.5,Put DEX 2,DEX,-106.358,8002.646310462341,8002.646310462341
2026-08-18 09:59:07,7400.0,7418.5,Call VEX 4,VEX,576192.599,8002.83620891167,8002.83620891167
2026-08-18 09:59:07,7500.0,7518.75,Call DEX 1,DEX,319.895,8002.83620891167,8002.83620891167
2026-08-18 09:59:07,7500.0,7518.75,Call VEX 2,VEX,618582.761,8002.83620891167,8002.83620891167
2026-08-18 09:59:07,7550.0,7569.0,Call CEX 5,CEX,1073712.276,8002.83620891167,8002.83620891167
2026-08-18 09:59:07,7550.0,7569.0,Call DEX 3,DEX,148.182,8002.83620891167,8002.83620891167
2026-08-18 09:59:07,7550.0,7569.0,Call VEX 5,VEX,543390.175,8002.83620891167,8002.83620891167
2026-08-18 09:59:07,7600.0,7619.0,Call CEX 3,CEX,1728219.76,8002.83620891167,8002.83620891167
2026-08-18 09:59:07,7600.0,7619.0,Call DEX 2,DEX,205.08,8002.83620891167,8002.83620891167
2026-08-18 09:59:07,7600.0,7619.0,Call VEX 1,VEX,1033963.011,8002.83620891167,8002.83620891167
2026-08-18 09:59:07,7625.0,7644.25,Call DEX 5,DEX,63.398,8002.83620891167,8002.83620891167
2026-08-18 09:59:07,7635.0,7654.25,Call CEX 1,CEX,2718606.581,8002.83620891167,8002.83620891167
2026-08-18 09:59:07,7650.0,7669.25,Call CEX 2,CEX,1941912.28,8002.83620891167,8002.83620891167
2026-08-18 09:59:07,7650.0,7669.25,Call DEX 4,DEX,79.889,8002.83620891167,8002.83620891167
2026-08-18 09:59:07,7650.0,7669.25,Call VEX 3,VEX,605080.298,8002.83620891167,8002.83620891167
2026-08-18 09:59:07,7700.0,7719.25,Call CEX 4,CEX,1342942.866,8002.83620891167,8002.83620891167
2026-08-18 09:59:07,7700.0,7719.25,Put GEX 3,GEX,-398158.423,8002.83620891167,8002.83620891167
2026-08-18 09:59:07,7710.0,7729.25,Put GEX 2,GEX,-401868.587,8002.83620891167,8002.83620891167
2026-08-18 09:59:07,7720.0,7739.5,Put CEX 5,CEX,-1253554.322,8002.83620891167,8002.83620891167
2026-08-18 09:59:07,7720.0,7739.5,Put GEX 1,GEX,-494718.259,8002.83620891167,8002.83620891167
2026-08-18 09:59:07,7725.0,7744.5,Put CEX 3,CEX,-2115062.149,8002.83620891167,8002.83620891167
2026-08-18 09:59:07,7735.0,7754.5,Put DEX 5,DEX,-50.358,8002.83620891167,8002.83620891167
2026-08-18 09:59:07,7735.0,7754.5,Put GEX 4,GEX,-292949.943,8002.83620891167,8002.83620891167
2026-08-18 09:59:07,7750.0,7769.5,Put CEX 2,CEX,-2560601.34,8002.83620891167,8002.83620891167
2026-08-18 09:59:07,7750.0,7769.5,Put DEX 4,DEX,-96.656,8002.83620891167,8002.83620891167
2026-08-18 09:59:07,7750.0,7769.5,Put VEX 3,VEX,-567172.671,8002.83620891167,8002.83620891167
2026-08-18 09:59:07,7775.0,7794.5,Call GEX 1,GEX,248492.912,8002.83620891167,8002.83620891167
2026-08-18 09:59:07,7775.0,7794.5,Put VEX 4,VEX,-331971.033,8002.83620891167,8002.83620891167
2026-08-18 09:59:07,7800.0,7819.5,Put CEX 4,CEX,-1856305.951,8002.83620891167,8002.83620891167
2026-08-18 09:59:07,7800.0,7819.5,Put DEX 2,DEX,-108.34,8002.83620891167,8002.83620891167
2026-08-18 09:59:07,7800.0,7819.5,Call GEX 2,GEX,223027.451,8002.83620891167,8002.83620891167
2026-08-18 09:59:07,7800.0,7819.5,Put VEX 2,VEX,-753778.701,8002.83620891167,8002.83620891167
2026-08-18 09:59:07,7825.0,7844.75,Call GEX 3,GEX,113795.526,8002.83620891167,8002.83620891167
2026-08-18 09:59:07,7850.0,7869.75,Call GEX 4,GEX,109394.123,8002.83620891167,8002.83620891167
2026-08-18 09:59:07,7900.0,7919.75,Call GEX 5,GEX,106941.508,8002.83620891167,8002.83620891167
2026-08-18 09:59:07,7900.0,7919.75,Put VEX 5,VEX,-204632.318,8002.83620891167,8002.83620891167
2026-08-18 09:59:07,8000.0,8020.0,Put CEX 1,CEX,-2857502.041,8002.83620891167,8002.83620891167
2026-08-18 09:59:07,8000.0,8020.0,Put DEX 1,DEX,-1009.883,8002.83620891167,8002.83620891167
2026-08-18 09:59:07,8000.0,8020.0,Put GEX 5,GEX,-266352.971,8002.83620891167,8002.83620891167
2026-08-18 09:59:07,8000.0,8020.0,Put VEX 1,VEX,-1524406.916,8002.83620891167,8002.83620891167
2026-08-18 09:59:07,8500.0,8521.25,Put DEX 3,DEX,-106.122,8002.83620891167,8002.83620891167
2026-08-18 09:59:55,7400.0,7419.25,Call VEX 4,VEX,589357.012,8002.513715252134,8002.513715252134
2026-08-18 09:59:55,7500.0,7519.5,Call DEX 1,DEX,319.47,8002.513715252134,8002.513715252134
2026-08-18 09:59:55,7500.0,7519.5,Call VEX 2,VEX,647004.173,8002.513715252134,8002.513715252134
2026-08-18 09:59:55,7550.0,7569.5,Call CEX 5,CEX,1123597.384,8002.513715252134,8002.513715252134
2026-08-18 09:59:55,7550.0,7569.5,Call DEX 3,DEX,147.494,8002.513715252134,8002.513715252134
2026-08-18 09:59:55,7550.0,7569.5,Call VEX 5,VEX,556363.317,8002.513715252134,8002.513715252134
2026-08-18 09:59:55,7600.0,7619.75,Call CEX 3,CEX,1780230.308,8002.513715252134,8002.513715252134
2026-08-18 09:59:55,7600.0,7619.75,Call DEX 2,DEX,204.545,8002.513715252134,8002.513715252134
2026-08-18 09:59:55,7600.0,7619.75,Call VEX 1,VEX,1041065.863,8002.513715252134,8002.513715252134
2026-08-18 09:59:55,7625.0,7644.75,Call DEX 5,DEX,63.306,8002.513715252134,8002.513715252134
2026-08-18 09:59:55,7635.0,7654.75,Call CEX 1,CEX,2726634.058,8002.513715252134,8002.513715252134
2026-08-18 09:59:55,7650.0,7669.75,Call CEX 2,CEX,1962932.617,8002.513715252134,8002.513715252134
2026-08-18 09:59:55,7650.0,7669.75,Call DEX 4,DEX,79.836,8002.513715252134,8002.513715252134
2026-08-18 09:59:55,7650.0,7669.75,Call VEX 3,VEX,605643.845,8002.513715252134,8002.513715252134
2026-08-18 09:59:55,7700.0,7720.0,Call CEX 4,CEX,1397000.667,8002.513715252134,8002.513715252134
2026-08-18 09:59:55,7700.0,7720.0,Put GEX 3,GEX,-416068.485,8002.513715252134,8002.513715252134
2026-08-18 09:59:55,7710.0,7730.0,Put GEX 2,GEX,-416589.584,8002.513715252134,8002.513715252134
2026-08-18 09:59:55,7715.0,7735.0,Put GEX 5,GEX,-263506.559,8002.513715252134,8002.513715252134
2026-08-18 09:59:55,7720.0,7740.0,Put CEX 5,CEX,-1271714.372,8002.513715252134,8002.513715252134
2026-08-18 09:59:55,7720.0,7740.0,Put GEX 1,GEX,-506198.653,8002.513715252134,8002.513715252134
2026-08-18 09:59:55,7725.0,7745.0,Put CEX 2,CEX,-2069261.109,8002.513715252134,8002.513715252134
2026-08-18 09:59:55,7735.0,7755.0,Put DEX 5,DEX,-50.707,8002.513715252134,8002.513715252134
2026-08-18 09:59:55,7735.0,7755.0,Put GEX 4,GEX,-272579.253,8002.513715252134,8002.513715252134
2026-08-18 09:59:55,7750.0,7770.0,Put CEX 3,CEX,-1831471.307,8002.513715252134,8002.513715252134
2026-08-18 09:59:55,7750.0,7770.0,Put DEX 4,DEX,-71.514,8002.513715252134,8002.513715252134
2026-08-18 09:59:55,7750.0,7770.0,Put VEX 3,VEX,-544868.948,8002.513715252134,8002.513715252134
2026-08-18 09:59:55,7775.0,7795.0,Call GEX 1,GEX,258757.642,8002.513715252134,8002.513715252134
2026-08-18 09:59:55,7775.0,7795.0,Put VEX 4,VEX,-325533.953,8002.513715252134,8002.513715252134
2026-08-18 09:59:55,7800.0,7820.25,Put CEX 4,CEX,-1708929.028,8002.513715252134,8002.513715252134
2026-08-18 09:59:55,7800.0,7820.25,Put DEX 3,DEX,-97.391,8002.513715252134,8002.513715252134
2026-08-18 09:59:55,7800.0,7820.25,Call GEX 2,GEX,230390.127,8002.513715252134,8002.513715252134
2026-08-18 09:59:55,7800.0,7820.25,Put VEX 2,VEX,-747194.769,8002.513715252134,8002.513715252134
2026-08-18 09:59:55,7825.0,7845.25,Call GEX 3,GEX,114627.944,8002.513715252134,8002.513715252134
2026-08-18 09:59:55,7850.0,7870.25,Call GEX 4,GEX,109607.317,8002.513715252134,8002.513715252134
2026-08-18 09:59:55,7900.0,7920.5,Call GEX 5,GEX,107161.312,8002.513715252134,8002.513715252134
2026-08-18 09:59:55,7900.0,7920.5,Put VEX 5,VEX,-205074.1,8002.513715252134,8002.513715252134
2026-08-18 09:59:55,8000.0,8020.75,Put CEX 1,CEX,-2674085.684,8002.513715252134,8002.513715252134
2026-08-18 09:59:55,8000.0,8020.75,Put DEX 1,DEX,-1014.754,8002.513715252134,8002.513715252134
2026-08-18 09:59:55,8000.0,8020.75,Put VEX 1,VEX,-1431424.579,8002.513715252134,8002.513715252134
2026-08-18 09:59:55,8500.0,8522.0,Put DEX 2,DEX,-106.388,8002.513715252134,8002.513715252134
2026-08-18 10:00:50,7400.0,7418.5,Call VEX 4,VEX,598757.752,8002.84741085875,8002.84741085875
2026-08-18 10:00:50,7500.0,7518.75,Call VEX 2,VEX,618138.25,8002.84741085875,8002.84741085875
2026-08-18 10:00:50,7550.0,7569.0,Call CEX 5,CEX,1069329.815,8002.84741085875,8002.84741085875
2026-08-18 10:00:50,7550.0,7569.0,Call DEX 2,DEX,147.954,8002.84741085875,8002.84741085875
2026-08-18 10:00:50,7550.0,7569.0,Call VEX 5,VEX,540975.907,8002.84741085875,8002.84741085875
2026-08-18 10:00:50,7575.0,7594.0,Call DEX 5,DEX,41.217,8002.84741085875,8002.84741085875
2026-08-18 10:00:50,7600.0,7619.0,Call CEX 3,CEX,1724244.424,8002.84741085875,8002.84741085875
2026-08-18 10:00:50,7600.0,7619.0,Call DEX 1,DEX,203.644,8002.84741085875,8002.84741085875
2026-08-18 10:00:50,7600.0,7619.0,Call VEX 1,VEX,1034500.438,8002.84741085875,8002.84741085875
2026-08-18 10:00:50,7625.0,7644.25,Call DEX 4,DEX,62.802,8002.84741085875,8002.84741085875
2026-08-18 10:00:50,7635.0,7654.25,Call CEX 1,CEX,2757062.952,8002.84741085875,8002.84741085875
2026-08-18 10:00:50,7650.0,7669.25,Call CEX 2,CEX,1950751.774,8002.84741085875,8002.84741085875
2026-08-18 10:00:50,7650.0,7669.25,Call DEX 3,DEX,78.415,8002.84741085875,8002.84741085875
2026-08-18 10:00:50,7650.0,7669.25,Call VEX 3,VEX,599388.558,8002.84741085875,8002.84741085875
2026-08-18 10:00:50,7700.0,7719.25,Call CEX 4,CEX,1125432.827,8002.84741085875,8002.84741085875
2026-08-18 10:00:50,7700.0,7719.25,Put GEX 2,GEX,-415912.175,8002.84741085875,8002.84741085875
2026-08-18 10:00:50,7710.0,7729.25,Put GEX 3,GEX,-396935.618,8002.84741085875,8002.84741085875
2026-08-18 10:00:50,7720.0,7739.25,Put GEX 1,GEX,-479476.119,8002.84741085875,8002.84741085875
2026-08-18 10:00:50,7725.0,7744.5,Put CEX 3,CEX,-2103411.888,8002.84741085875,8002.84741085875
2026-08-18 10:00:50,7735.0,7754.5,Put DEX 5,DEX,-51.008,8002.84741085875,8002.84741085875
2026-08-18 10:00:50,7735.0,7754.5,Put GEX 4,GEX,-285110.02,8002.84741085875,8002.84741085875
2026-08-18 10:00:50,7750.0,7769.5,Put CEX 2,CEX,-2746652.311,8002.84741085875,8002.84741085875
2026-08-18 10:00:50,7750.0,7769.5,Put DEX 4,DEX,-98.281,8002.84741085875,8002.84741085875
2026-08-18 10:00:50,7750.0,7769.5,Put VEX 3,VEX,-581347.225,8002.84741085875,8002.84741085875
2026-08-18 10:00:50,7775.0,7794.5,Put CEX 5,CEX,-1313973.273,8002.84741085875,8002.84741085875
2026-08-18 10:00:50,7775.0,7794.5,Call GEX 1,GEX,237438.523,8002.84741085875,8002.84741085875
2026-08-18 10:00:50,7775.0,7794.5,Put VEX 4,VEX,-336506.706,8002.84741085875,8002.84741085875
2026-08-18 10:00:50,7800.0,7819.5,Put CEX 4,CEX,-1906047.222,8002.84741085875,8002.84741085875
2026-08-18 10:00:50,7800.0,7819.5,Put DEX 2,DEX,-109.105,8002.84741085875,8002.84741085875
2026-08-18 10:00:50,7800.0,7819.5,Call GEX 2,GEX,215792.596,8002.84741085875,8002.84741085875
2026-08-18 10:00:50,7800.0,7819.5,Put VEX 2,VEX,-753417.564,8002.84741085875,8002.84741085875
2026-08-18 10:00:50,7825.0,7844.75,Call GEX 3,GEX,112395.788,8002.84741085875,8002.84741085875
2026-08-18 10:00:50,7850.0,7869.75,Call GEX 4,GEX,107290.804,8002.84741085875,8002.84741085875
2026-08-18 10:00:50,7900.0,7919.75,Call GEX 5,GEX,105985.742,8002.84741085875,8002.84741085875
2026-08-18 10:00:50,7900.0,7919.75,Put VEX 5,VEX,-202376.67,8002.84741085875,8002.84741085875
2026-08-18 10:00:50,8000.0,8020.0,Put CEX 1,CEX,-2858659.855,8002.84741085875,8002.84741085875
2026-08-18 10:00:50,8000.0,8020.0,Put DEX 1,DEX,-1009.693,8002.84741085875,8002.84741085875
2026-08-18 10:00:50,8000.0,8020.0,Put GEX 5,GEX,-266641.536,8002.84741085875,8002.84741085875
2026-08-18 10:00:50,8000.0,8020.0,Put VEX 1,VEX,-1523493.845,8002.84741085875,8002.84741085875
2026-08-18 10:00:50,8500.0,8521.25,Put DEX 3,DEX,-106.096,8002.84741085875,8002.84741085875
2026-08-18 10:01:48,7400.0,7418.75,Call VEX 4,VEX,575985.474,8002.723648736608,8002.723648736608
2026-08-18 10:01:48,7500.0,7519.0,Call DEX 1,DEX,318.451,8002.723648736608,8002.723648736608
2026-08-18 10:01:48,7500.0,7519.0,Call VEX 2,VEX,693228.629,8002.723648736608,8002.723648736608
2026-08-18 10:01:48,7550.0,7569.0,Call CEX 5,CEX,1110414.403,8002.723648736608,8002.723648736608
2026-08-18 10:01:48,7550.0,7569.0,Call DEX 3,DEX,147.487,8002.723648736608,8002.723648736608
2026-08-18 10:01:48,7550.0,7569.0,Call VEX 5,VEX,554687.794,8002.723648736608,8002.723648736608
2026-08-18 10:01:48,7600.0,7619.25,Call CEX 3,CEX,1770952.408,8002.723648736608,8002.723648736608
2026-08-18 10:01:48,7600.0,7619.25,Call DEX 2,DEX,203.822,8002.723648736608,8002.723648736608
2026-08-18 10:01:48,7600.0,7619.25,Call VEX 1,VEX,1041097.236,8002.723648736608,8002.723648736608
2026-08-18 10:01:48,7625.0,7644.25,Call DEX 5,DEX,63.022,8002.723648736608,8002.723648736608
2026-08-18 10:01:48,7635.0,7654.25,Call CEX 1,CEX,2758846.243,8002.723648736608,8002.723648736608
2026-08-18 10:01:48,7650.0,7669.25,Call CEX 2,CEX,1962882.296,8002.723648736608,8002.723648736608
2026-08-18 10:01:48,7650.0,7669.25,Call DEX 4,DEX,78.995,8002.723648736608,8002.723648736608
2026-08-18 10:01:48,7650.0,7669.25,Call VEX 3,VEX,602029.884,8002.723648736608,8002.723648736608
2026-08-18 10:01:48,7695.0,7714.5,Put GEX 5,GEX,-253445.354,8002.723648736608,8002.723648736608
2026-08-18 10:01:48,7700.0,7719.5,Call CEX 4,CEX,1252642.561,8002.723648736608,8002.723648736608
2026-08-18 10:01:48,7700.0,7719.5,Put GEX 2,GEX,-415505.501,8002.723648736608,8002.723648736608
2026-08-18 10:01:48,7710.0,7729.5,Put GEX 3,GEX,-409911.538,8002.723648736608,8002.723648736608
2026-08-18 10:01:48,7720.0,7739.5,Put CEX 5,CEX,-1291380.903,8002.723648736608,8002.723648736608
2026-08-18 10:01:48,7720.0,7739.5,Put GEX 1,GEX,-489222.61,8002.723648736608,8002.723648736608
2026-08-18 10:01:48,7725.0,7744.5,Put CEX 3,CEX,-2111156.565,8002.723648736608,8002.723648736608
2026-08-18 10:01:48,7735.0,7754.5,Put DEX 5,DEX,-50.841,8002.723648736608,8002.723648736608
2026-08-18 10:01:48,7735.0,7754.5,Put GEX 4,GEX,-285372.25,8002.723648736608,8002.723648736608
2026-08-18 10:01:48,7750.0,7769.5,Put CEX 2,CEX,-2291191.794,8002.723648736608,8002.723648736608
2026-08-18 10:01:48,7750.0,7769.5,Put DEX 3,DEX,-98.168,8002.723648736608,8002.723648736608
2026-08-18 10:01:48,7750.0,7769.5,Put VEX 3,VEX,-564116.335,8002.723648736608,8002.723648736608
2026-08-18 10:01:48,7775.0,7794.75,Call GEX 1,GEX,255159.247,8002.723648736608,8002.723648736608
2026-08-18 10:01:48,7775.0,7794.75,Put VEX 4,VEX,-325848.81,8002.723648736608,8002.723648736608
2026-08-18 10:01:48,7800.0,7819.75,Put CEX 4,CEX,-1707263.783,8002.723648736608,8002.723648736608
2026-08-18 10:01:48,7800.0,7819.75,Put DEX 4,DEX,-97.709,8002.723648736608,8002.723648736608
2026-08-18 10:01:48,7800.0,7819.75,Call GEX 2,GEX,226270.821,8002.723648736608,8002.723648736608
2026-08-18 10:01:48,7800.0,7819.75,Put VEX 2,VEX,-746927.276,8002.723648736608,8002.723648736608
2026-08-18 10:01:48,7825.0,7844.75,Call GEX 3,GEX,113334.819,8002.723648736608,8002.723648736608
2026-08-18 10:01:48,7850.0,7869.75,Call GEX 4,GEX,108263.646,8002.723648736608,8002.723648736608
2026-08-18 10:01:48,7900.0,7920.0,Call GEX 5,GEX,105906.018,8002.723648736608,8002.723648736608
2026-08-18 10:01:48,7900.0,7920.0,Put VEX 5,VEX,-203565.939,8002.723648736608,8002.723648736608
2026-08-18 10:01:48,8000.0,8020.25,Put CEX 1,CEX,-2778160.444,8002.723648736608,8002.723648736608
2026-08-18 10:01:48,8000.0,8020.25,Put DEX 1,DEX,-1012.027,8002.723648736608,8002.723648736608
2026-08-18 10:01:48,8000.0,8020.25,Put VEX 1,VEX,-1482013.844,8002.723648736608,8002.723648736608
2026-08-18 10:01:48,8500.0,8521.5,Put DEX 2,DEX,-106.261,8002.723648736608,8002.723648736608
2026-08-18 10:02:42,7400.0,7418.75,Call VEX 3,VEX,601235.336,8002.575869923951,8002.575869923951
2026-08-18 10:02:42,7500.0,7519.0,Call VEX 2,VEX,617005.968,8002.575869923951,8002.575869923951
2026-08-18 10:02:42,7550.0,7569.0,Call CEX 4,CEX,1135851.235,8002.575869923951,8002.575869923951
2026-08-18 10:02:42,7550.0,7569.0,Call DEX 2,DEX,146.79,8002.575869923951,8002.575869923951
2026-08-18 10:02:42,7550.0,7569.0,Call VEX 5,VEX,561459.404,8002.575869923951,8002.575869923951
2026-08-18 10:02:42,7575.0,7594.25,Call DEX 5,DEX,41.034,8002.575869923951,8002.575869923951
2026-08-18 10:02:42,7600.0,7619.25,Call CEX 3,CEX,1786029.921,8002.575869923951,8002.575869923951
2026-08-18 10:02:42,7600.0,7619.25,Call DEX 1,DEX,202.165,8002.575869923951,8002.575869923951
2026-08-18 10:02:42,7600.0,7619.25,Call VEX 1,VEX,1042920.218,8002.575869923951,8002.575869923951
2026-08-18 10:02:42,7625.0,7644.25,Call DEX 4,DEX,62.42,8002.575869923951,8002.575869923951
2026-08-18 10:02:42,7635.0,7654.25,Call CEX 1,CEX,2791948.498,8002.575869923951,8002.575869923951
2026-08-18 10:02:42,7650.0,7669.25,Call CEX 2,CEX,2091061.268,8002.575869923951,8002.575869923951
2026-08-18 10:02:42,7650.0,7669.25,Call DEX 3,DEX,77.266,8002.575869923951,8002.575869923951
2026-08-18 10:02:42,7650.0,7669.25,Call VEX 4,VEX,599458.144,8002.575869923951,8002.575869923951
2026-08-18 10:02:42,7675.0,7694.5,Call CEX 5,CEX,1088665.963,8002.575869923951,8002.575869923951
2026-08-18 10:02:42,7695.0,7714.5,Put GEX 4,GEX,-264425.732,8002.575869923951,8002.575869923951
2026-08-18 10:02:42,7700.0,7719.5,Put GEX 2,GEX,-447308.993,8002.575869923951,8002.575869923951
2026-08-18 10:02:42,7710.0,7729.5,Put GEX 3,GEX,-411564.481,8002.575869923951,8002.575869923951
2026-08-18 10:02:42,7715.0,7734.5,Put GEX 5,GEX,-247410.894,8002.575869923951,8002.575869923951
2026-08-18 10:02:42,7720.0,7739.5,Put CEX 5,CEX,-1321186.626,8002.575869923951,8002.575869923951
2026-08-18 10:02:42,7720.0,7739.5,Put GEX 1,GEX,-475599.156,8002.575869923951,8002.575869923951
2026-08-18 10:02:42,7725.0,7744.5,Put CEX 2,CEX,-1942660.833,8002.575869923951,8002.575869923951
2026-08-18 10:02:42,7725.0,7744.5,Put DEX 5,DEX,-49.685,8002.575869923951,8002.575869923951
2026-08-18 10:02:42,7750.0,7769.5,Put CEX 3,CEX,-1809135.899,8002.575869923951,8002.575869923951
2026-08-18 10:02:42,7750.0,7769.5,Put DEX 4,DEX,-74.803,8002.575869923951,8002.575869923951
2026-08-18 10:02:42,7750.0,7769.5,Put VEX 3,VEX,-559058.469,8002.575869923951,8002.575869923951
2026-08-18 10:02:42,7775.0,7794.75,Call GEX 1,GEX,249469.86,8002.575869923951,8002.575869923951
2026-08-18 10:02:42,7775.0,7794.75,Put VEX 4,VEX,-326350.801,8002.575869923951,8002.575869923951
2026-08-18 10:02:42,7800.0,7819.75,Put CEX 4,CEX,-1695866.334,8002.575869923951,8002.575869923951
2026-08-18 10:02:42,7800.0,7819.75,Put DEX 3,DEX,-98.69,8002.575869923951,8002.575869923951
2026-08-18 10:02:42,7800.0,7819.75,Call GEX 2,GEX,220956.72,8002.575869923951,8002.575869923951
2026-08-18 10:02:42,7800.0,7819.75,Put VEX 2,VEX,-743836.667,8002.575869923951,8002.575869923951
2026-08-18 10:02:42,7825.0,7844.75,Call GEX 3,GEX,111192.667,8002.575869923951,8002.575869923951
2026-08-18 10:02:42,7850.0,7869.75,Call GEX 4,GEX,106732.849,8002.575869923951,8002.575869923951
2026-08-18 10:02:42,7900.0,7920.0,Call GEX 5,GEX,104522.77,8002.575869923951,8002.575869923951
2026-08-18 10:02:42,7900.0,7920.0,Put VEX 5,VEX,-202721.57,8002.575869923951,8002.575869923951
2026-08-18 10:02:42,8000.0,8020.25,Put CEX 1,CEX,-2683604.178,8002.575869923951,8002.575869923951
2026-08-18 10:02:42,8000.0,8020.25,Put DEX 1,DEX,-1014.323,8002.575869923951,8002.575869923951
2026-08-18 10:02:42,8000.0,8020.25,Put VEX 1,VEX,-1433026.498,8002.575869923951,8002.575869923951
2026-08-18 10:02:42,8500.0,8521.5,Put DEX 2,DEX,-106.337,8002.575869923951,8002.575869923951
2026-08-18 10:03:30,7400.0,7419.0,Call VEX 4,VEX,576356.323,8003.865627414798,8003.865627414798
2026-08-18 10:03:30,7500.0,7519.25,Call VEX 2,VEX,601099.837,8003.865627414798,8003.865627414798
2026-08-18 10:03:30,7550.0,7569.25,Call CEX 5,CEX,1101175.884,8003.865627414798,8003.865627414798
2026-08-18 10:03:30,7550.0,7569.25,Call DEX 2,DEX,147.855,8003.865627414798,8003.865627414798
2026-08-18 10:03:30,7550.0,7569.25,Call VEX 5,VEX,546592.519,8003.865627414798,8003.865627414798
2026-08-18 10:03:30,7575.0,7594.5,Call DEX 5,DEX,41.368,8003.865627414798,8003.865627414798
2026-08-18 10:03:30,7600.0,7619.5,Call CEX 3,CEX,1766822.896,8003.865627414798,8003.865627414798
2026-08-18 10:03:30,7600.0,7619.5,Call DEX 1,DEX,204.354,8003.865627414798,8003.865627414798
2026-08-18 10:03:30,7600.0,7619.5,Call VEX 1,VEX,1036857.314,8003.865627414798,8003.865627414798
2026-08-18 10:03:30,7625.0,7644.5,Call DEX 4,DEX,62.935,8003.865627414798,8003.865627414798
2026-08-18 10:03:30,7635.0,7654.5,Call CEX 1,CEX,2777615.586,8003.865627414798,8003.865627414798
2026-08-18 10:03:30,7650.0,7669.5,Call CEX 2,CEX,1967637.97,8003.865627414798,8003.865627414798
2026-08-18 10:03:30,7650.0,7669.5,Call DEX 3,DEX,78.594,8003.865627414798,8003.865627414798
2026-08-18 10:03:30,7650.0,7669.5,Call VEX 3,VEX,600180.876,8003.865627414798,8003.865627414798
2026-08-18 10:03:30,7700.0,7719.75,Call CEX 4,CEX,1279600.242,8003.865627414798,8003.865627414798
2026-08-18 10:03:30,7700.0,7719.75,Put GEX 4,GEX,-393964.607,8003.865627414798,8003.865627414798
2026-08-18 10:03:30,7710.0,7729.75,Put GEX 3,GEX,-406657.186,8003.865627414798,8003.865627414798
2026-08-18 10:03:30,7720.0,7739.75,Put CEX 5,CEX,-1297463.629,8003.865627414798,8003.865627414798
2026-08-18 10:03:30,7720.0,7739.75,Put GEX 1,GEX,-484475.865,8003.865627414798,8003.865627414798
2026-08-18 10:03:30,7725.0,7744.75,Put CEX 2,CEX,-2123495.511,8003.865627414798,8003.865627414798
2026-08-18 10:03:30,7735.0,7754.75,Put DEX 5,DEX,-50.909,8003.865627414798,8003.865627414798
2026-08-18 10:03:30,7735.0,7754.75,Put GEX 5,GEX,-278325.568,8003.865627414798,8003.865627414798
2026-08-18 10:03:30,7750.0,7769.75,Put CEX 3,CEX,-1811378.429,8003.865627414798,8003.865627414798
2026-08-18 10:03:30,7750.0,7769.75,Put DEX 4,DEX,-73.57,8003.865627414798,8003.865627414798
2026-08-18 10:03:30,7750.0,7769.75,Call GEX 5,GEX,106704.285,8003.865627414798,8003.865627414798
2026-08-18 10:03:30,7750.0,7769.75,Put VEX 3,VEX,-553431.366,8003.865627414798,8003.865627414798
2026-08-18 10:03:30,7775.0,7795.0,Call GEX 1,GEX,255935.283,8003.865627414798,8003.865627414798
2026-08-18 10:03:30,7775.0,7795.0,Put VEX 4,VEX,-324405.074,8003.865627414798,8003.865627414798
2026-08-18 10:03:30,7800.0,7820.0,Put CEX 4,CEX,-1723552.141,8003.865627414798,8003.865627414798
2026-08-18 10:03:30,7800.0,7820.0,Put DEX 3,DEX,-94.406,8003.865627414798,8003.865627414798
2026-08-18 10:03:30,7800.0,7820.0,Call GEX 2,GEX,218970.905,8003.865627414798,8003.865627414798
2026-08-18 10:03:30,7800.0,7820.0,Put VEX 2,VEX,-753770.166,8003.865627414798,8003.865627414798
2026-08-18 10:03:30,7825.0,7845.0,Call GEX 3,GEX,113198.167,8003.865627414798,8003.865627414798
2026-08-18 10:03:30,7850.0,7870.0,Call GEX 4,GEX,108014.633,8003.865627414798,8003.865627414798
2026-08-18 10:03:30,7900.0,7920.25,Put VEX 5,VEX,-203923.997,8003.865627414798,8003.865627414798
2026-08-18 10:03:30,8000.0,8020.5,Put CEX 1,CEX,-4015043.556,8003.865627414798,8003.865627414798
2026-08-18 10:03:30,8000.0,8020.5,Put DEX 1,DEX,-962.475,8003.865627414798,8003.865627414798
2026-08-18 10:03:30,8000.0,8020.5,Put GEX 2,GEX,-469432.369,8003.865627414798,8003.865627414798
2026-08-18 10:03:30,8000.0,8020.5,Put VEX 1,VEX,-2105517.801,8003.865627414798,8003.865627414798
2026-08-18 10:03:30,8500.0,8521.75,Put DEX 2,DEX,-103.717,8003.865627414798,8003.865627414798
2026-08-18 10:04:29,7400.0,7418.5,Call VEX 4,VEX,589059.254,8002.829364885032,8002.829364885032
2026-08-18 10:04:29,7500.0,7518.75,Call VEX 3,VEX,603720.336,8002.829364885032,8002.829364885032
2026-08-18 10:04:29,7550.0,7569.0,Call CEX 5,CEX,1070552.568,8002.829364885032,8002.829364885032
2026-08-18 10:04:29,7550.0,7569.0,Call DEX 2,DEX,148.542,8002.829364885032,8002.829364885032
2026-08-18 10:04:29,7550.0,7569.0,Call VEX 5,VEX,537452.358,8002.829364885032,8002.829364885032
2026-08-18 10:04:29,7575.0,7594.0,Call DEX 5,DEX,41.739,8002.829364885032,8002.829364885032
2026-08-18 10:04:29,7600.0,7619.0,Call CEX 3,CEX,1720074.939,8002.829364885032,8002.829364885032
2026-08-18 10:04:29,7600.0,7619.0,Call DEX 1,DEX,205.42,8002.829364885032,8002.829364885032
2026-08-18 10:04:29,7600.0,7619.0,Call VEX 1,VEX,1032376.984,8002.829364885032,8002.829364885032
2026-08-18 10:04:29,7625.0,7644.0,Call DEX 4,DEX,63.326,8002.829364885032,8002.829364885032
2026-08-18 10:04:29,7635.0,7654.0,Call CEX 1,CEX,2772168.171,8002.829364885032,8002.829364885032
2026-08-18 10:04:29,7650.0,7669.25,Call CEX 2,CEX,1970555.739,8002.829364885032,8002.829364885032
2026-08-18 10:04:29,7650.0,7669.25,Call DEX 3,DEX,79.817,8002.829364885032,8002.829364885032
2026-08-18 10:04:29,7650.0,7669.25,Call VEX 2,VEX,604853.659,8002.829364885032,8002.829364885032
2026-08-18 10:04:29,7700.0,7719.25,Call CEX 4,CEX,1395716.126,8002.829364885032,8002.829364885032
2026-08-18 10:04:29,7700.0,7719.25,Put GEX 3,GEX,-404710.994,8002.829364885032,8002.829364885032
2026-08-18 10:04:29,7710.0,7729.25,Put GEX 2,GEX,-412262.77,8002.829364885032,8002.829364885032
2026-08-18 10:04:29,7720.0,7739.25,Put CEX 5,CEX,-1276022.737,8002.829364885032,8002.829364885032
2026-08-18 10:04:29,7720.0,7739.25,Put GEX 1,GEX,-495957.482,8002.829364885032,8002.829364885032
2026-08-18 10:04:29,7725.0,7744.25,Put CEX 3,CEX,-2138123.409,8002.829364885032,8002.829364885032
2026-08-18 10:04:29,7735.0,7754.25,Put DEX 5,DEX,-50.297,8002.829364885032,8002.829364885032
2026-08-18 10:04:29,7735.0,7754.25,Put GEX 4,GEX,-286886.055,8002.829364885032,8002.829364885032
2026-08-18 10:04:29,7750.0,7769.5,Put CEX 2,CEX,-2531812.135,8002.829364885032,8002.829364885032
2026-08-18 10:04:29,7750.0,7769.5,Put DEX 4,DEX,-96.208,8002.829364885032,8002.829364885032
2026-08-18 10:04:29,7750.0,7769.5,Put VEX 3,VEX,-563495.026,8002.829364885032,8002.829364885032
2026-08-18 10:04:29,7775.0,7794.5,Call GEX 1,GEX,249073.135,8002.829364885032,8002.829364885032
2026-08-18 10:04:29,7775.0,7794.5,Put VEX 4,VEX,-331682.739,8002.829364885032,8002.829364885032
2026-08-18 10:04:29,7800.0,7819.5,Put CEX 4,CEX,-1801537.083,8002.829364885032,8002.829364885032
2026-08-18 10:04:29,7800.0,7819.5,Put DEX 2,DEX,-107.952,8002.829364885032,8002.829364885032
2026-08-18 10:04:29,7800.0,7819.5,Call GEX 2,GEX,226052.366,8002.829364885032,8002.829364885032
2026-08-18 10:04:29,7800.0,7819.5,Put VEX 2,VEX,-753097.835,8002.829364885032,8002.829364885032
2026-08-18 10:04:29,7825.0,7844.5,Call GEX 3,GEX,114077.611,8002.829364885032,8002.829364885032
2026-08-18 10:04:29,7850.0,7869.75,Call GEX 4,GEX,109315.342,8002.829364885032,8002.829364885032
2026-08-18 10:04:29,7900.0,7919.75,Call GEX 5,GEX,106865.233,8002.829364885032,8002.829364885032
2026-08-18 10:04:29,7900.0,7919.75,Put VEX 5,VEX,-204721.405,8002.829364885032,8002.829364885032
2026-08-18 10:04:29,8000.0,8020.0,Put CEX 1,CEX,-2835949.273,8002.829364885032,8002.829364885032
2026-08-18 10:04:29,8000.0,8020.0,Put DEX 1,DEX,-1010.699,8002.829364885032,8002.829364885032
2026-08-18 10:04:29,8000.0,8020.0,Put GEX 5,GEX,-262906.495,8002.829364885032,8002.829364885032
2026-08-18 10:04:29,8000.0,8020.0,Put VEX 1,VEX,-1509349.937,8002.829364885032,8002.829364885032
2026-08-18 10:04:29,8500.0,8521.25,Put DEX 3,DEX,-106.194,8002.829364885032,8002.829364885032
2026-08-18 10:05:19,7400.0,7419.25,Call VEX 4,VEX,596259.514,8002.297219183321,8002.297219183321
2026-08-18 10:05:19,7500.0,7519.5,Call CEX 5,CEX,1186293.041,8002.297219183321,8002.297219183321
2026-08-18 10:05:19,7500.0,7519.5,Call DEX 1,DEX,317.252,8002.297219183321,8002.297219183321
2026-08-18 10:05:19,7500.0,7519.5,Call VEX 2,VEX,738541.451,8002.297219183321,8002.297219183321
2026-08-18 10:05:19,7550.0,7569.5,Call DEX 3,DEX,146.413,8002.297219183321,8002.297219183321
2026-08-18 10:05:19,7550.0,7569.5,Call VEX 5,VEX,571202.824,8002.297219183321,8002.297219183321
2026-08-18 10:05:19,7600.0,7619.75,Call CEX 3,CEX,1825706.313,8002.297219183321,8002.297219183321
2026-08-18 10:05:19,7600.0,7619.75,Call DEX 2,DEX,202.645,8002.297219183321,8002.297219183321
2026-08-18 10:05:19,7600.0,7619.75,Call VEX 1,VEX,1047683.872,8002.297219183321,8002.297219183321
2026-08-18 10:05:19,7625.0,7644.75,Call DEX 5,DEX,62.701,8002.297219183321,8002.297219183321
2026-08-18 10:05:19,7635.0,7654.75,Call CEX 1,CEX,2799845.127,8002.297219183321,8002.297219183321
2026-08-18 10:05:19,7650.0,7670.0,Call CEX 2,CEX,1997126.782,8002.297219183321,8002.297219183321
2026-08-18 10:05:19,7650.0,7670.0,Call DEX 4,DEX,78.566,8002.297219183321,8002.297219183321
2026-08-18 10:05:19,7650.0,7670.0,Call VEX 3,VEX,601124.197,8002.297219183321,8002.297219183321
2026-08-18 10:05:19,7695.0,7715.0,Put GEX 5,GEX,-258676.909,8002.297219183321,8002.297219183321
2026-08-18 10:05:19,7700.0,7720.0,Call CEX 4,CEX,1301580.186,8002.297219183321,8002.297219183321
2026-08-18 10:05:19,7700.0,7720.0,Put GEX 2,GEX,-449626.865,8002.297219183321,8002.297219183321
2026-08-18 10:05:19,7710.0,7730.0,Put GEX 3,GEX,-435063.028,8002.297219183321,8002.297219183321
2026-08-18 10:05:19,7715.0,7735.0,Put GEX 4,GEX,-266777.444,8002.297219183321,8002.297219183321
2026-08-18 10:05:19,7720.0,7740.0,Put CEX 5,CEX,-1317637.855,8002.297219183321,8002.297219183321
2026-08-18 10:05:19,7720.0,7740.0,Put GEX 1,GEX,-495835.362,8002.297219183321,8002.297219183321
2026-08-18 10:05:19,7725.0,7745.0,Put CEX 2,CEX,-1881174.237,8002.297219183321,8002.297219183321
2026-08-18 10:05:19,7725.0,7745.0,Put DEX 5,DEX,-48.438,8002.297219183321,8002.297219183321
2026-08-18 10:05:19,7750.0,7770.25,Put CEX 3,CEX,-1805511.829,8002.297219183321,8002.297219183321
2026-08-18 10:05:19,7750.0,7770.25,Put DEX 4,DEX,-72.919,8002.297219183321,8002.297219183321
2026-08-18 10:05:19,7750.0,7770.25,Put VEX 3,VEX,-549220.681,8002.297219183321,8002.297219183321
2026-08-18 10:05:19,7775.0,7795.25,Call GEX 1,GEX,254918.034,8002.297219183321,8002.297219183321
2026-08-18 10:05:19,7775.0,7795.25,Put VEX 4,VEX,-325800.955,8002.297219183321,8002.297219183321
2026-08-18 10:05:19,7800.0,7820.25,Put CEX 4,CEX,-1708410.243,8002.297219183321,8002.297219183321
2026-08-18 10:05:19,7800.0,7820.25,Put DEX 3,DEX,-98.08,8002.297219183321,8002.297219183321
2026-08-18 10:05:19,7800.0,7820.25,Call GEX 2,GEX,231196.42,8002.297219183321,8002.297219183321
2026-08-18 10:05:19,7800.0,7820.25,Put VEX 2,VEX,-745875.034,8002.297219183321,8002.297219183321
2026-08-18 10:05:19,7825.0,7845.25,Call GEX 3,GEX,113803.055,8002.297219183321,8002.297219183321
2026-08-18 10:05:19,7850.0,7870.5,Call GEX 4,GEX,108821.314,8002.297219183321,8002.297219183321
2026-08-18 10:05:19,7900.0,7920.5,Call GEX 5,GEX,106459.948,8002.297219183321,8002.297219183321
2026-08-18 10:05:19,7900.0,7920.5,Put VEX 5,VEX,-203453.812,8002.297219183321,8002.297219183321
2026-08-18 10:05:19,8000.0,8020.75,Put CEX 1,CEX,-2556251.138,8002.297219183321,8002.297219183321
2026-08-18 10:05:19,8000.0,8020.75,Put DEX 1,DEX,-1017.626,8002.297219183321,8002.297219183321
2026-08-18 10:05:19,8000.0,8020.75,Put VEX 1,VEX,-1368818.386,8002.297219183321,8002.297219183321
2026-08-18 10:05:19,8500.0,8522.0,Put DEX 2,DEX,-106.565,8002.297219183321,8002.297219183321
2026-08-18 10:06:11,7400.0,7419.0,Call VEX 3,VEX,600324.222,8002.251480819659,8002.251480819659
2026-08-18 10:06:11,7500.0,7519.25,Call CEX 5,CEX,1230764.842,8002.251480819659,8002.251480819659
2026-08-18 10:06:11,7500.0,7519.25,Call DEX 1,DEX,317.921,8002.251480819659,8002.251480819659
2026-08-18 10:06:11,7500.0,7519.25,Call VEX 2,VEX,762802.791,8002.251480819659,8002.251480819659
2026-08-18 10:06:11,7550.0,7569.5,Call DEX 3,DEX,146.176,8002.251480819659,8002.251480819659
2026-08-18 10:06:11,7550.0,7569.5,Call VEX 5,VEX,573412.72,8002.251480819659,8002.251480819659
2026-08-18 10:06:11,7600.0,7619.5,Call CEX 3,CEX,1824350.535,8002.251480819659,8002.251480819659
2026-08-18 10:06:11,7600.0,7619.5,Call DEX 2,DEX,202.57,8002.251480819659,8002.251480819659
2026-08-18 10:06:11,7600.0,7619.5,Call VEX 1,VEX,1046845.248,8002.251480819659,8002.251480819659
2026-08-18 10:06:11,7625.0,7644.5,Call DEX 5,DEX,62.602,8002.251480819659,8002.251480819659
2026-08-18 10:06:11,7635.0,7654.75,Call CEX 1,CEX,2814073.613,8002.251480819659,8002.251480819659
2026-08-18 10:06:11,7650.0,7669.75,Call CEX 2,CEX,2000966.313,8002.251480819659,8002.251480819659
2026-08-18 10:06:11,7650.0,7669.75,Call DEX 4,DEX,78.319,8002.251480819659,8002.251480819659
2026-08-18 10:06:11,7650.0,7669.75,Call VEX 4,VEX,600039.047,8002.251480819659,8002.251480819659
2026-08-18 10:06:11,7695.0,7714.75,Put GEX 5,GEX,-261309.832,8002.251480819659,8002.251480819659
2026-08-18 10:06:11,7700.0,7719.75,Call CEX 4,CEX,1258654.332,8002.251480819659,8002.251480819659
2026-08-18 10:06:11,7700.0,7719.75,Put GEX 2,GEX,-455089.501,8002.251480819659,8002.251480819659
2026-08-18 10:06:11,7710.0,7729.75,Put GEX 3,GEX,-433961.902,8002.251480819659,8002.251480819659
2026-08-18 10:06:11,7715.0,7734.75,Put GEX 4,GEX,-263655.785,8002.251480819659,8002.251480819659
2026-08-18 10:06:11,7720.0,7739.75,Put CEX 5,CEX,-1322910.25,8002.251480819659,8002.251480819659
2026-08-18 10:06:11,7720.0,7739.75,Put GEX 1,GEX,-490866.246,8002.251480819659,8002.251480819659
2026-08-18 10:06:11,7725.0,7744.75,Put CEX 2,CEX,-1903181.567,8002.251480819659,8002.251480819659
2026-08-18 10:06:11,7725.0,7744.75,Put DEX 5,DEX,-48.754,8002.251480819659,8002.251480819659
2026-08-18 10:06:11,7750.0,7770.0,Put CEX 3,CEX,-1809554.944,8002.251480819659,8002.251480819659
2026-08-18 10:06:11,7750.0,7770.0,Put DEX 4,DEX,-73.463,8002.251480819659,8002.251480819659
2026-08-18 10:06:11,7750.0,7770.0,Put VEX 3,VEX,-551682.227,8002.251480819659,8002.251480819659
2026-08-18 10:06:11,7775.0,7795.0,Call GEX 1,GEX,253777.862,8002.251480819659,8002.251480819659
2026-08-18 10:06:11,7775.0,7795.0,Put VEX 4,VEX,-325781.839,8002.251480819659,8002.251480819659
2026-08-18 10:06:11,7800.0,7820.0,Put CEX 4,CEX,-1704699.952,8002.251480819659,8002.251480819659
2026-08-18 10:06:11,7800.0,7820.0,Put DEX 3,DEX,-98.525,8002.251480819659,8002.251480819659
2026-08-18 10:06:11,7800.0,7820.0,Call GEX 2,GEX,229910.509,8002.251480819659,8002.251480819659
2026-08-18 10:06:11,7800.0,7820.0,Put VEX 2,VEX,-744088.854,8002.251480819659,8002.251480819659
2026-08-18 10:06:11,7825.0,7845.0,Call GEX 3,GEX,113097.897,8002.251480819659,8002.251480819659
2026-08-18 10:06:11,7850.0,7870.25,Call GEX 4,GEX,108369.666,8002.251480819659,8002.251480819659
2026-08-18 10:06:11,7900.0,7920.25,Call GEX 5,GEX,106254.921,8002.251480819659,8002.251480819659
2026-08-18 10:06:11,7900.0,7920.25,Put VEX 5,VEX,-202899.8,8002.251480819659,8002.251480819659
2026-08-18 10:06:11,8000.0,8020.5,Put CEX 1,CEX,-2535397.951,8002.251480819659,8002.251480819659
2026-08-18 10:06:11,8000.0,8020.5,Put DEX 1,DEX,-1018.081,8002.251480819659,8002.251480819659
2026-08-18 10:06:11,8000.0,8020.5,Put VEX 1,VEX,-1358339.942,8002.251480819659,8002.251480819659
2026-08-18 10:06:11,8500.0,8521.75,Put DEX 2,DEX,-106.547,8002.251480819659,8002.251480819659
2026-08-18 10:07:00,7400.0,7419.25,Call VEX 3,VEX,614618.225,8001.307990267538,8001.307990267538
2026-08-18 10:07:00,7450.0,7469.25,Call DEX 4,DEX,93.752,8001.307990267538,8001.307990267538
2026-08-18 10:07:00,7500.0,7519.5,Call CEX 4,CEX,1418137.576,8001.307990267538,8001.307990267538
2026-08-18 10:07:00,7500.0,7519.5,Call DEX 1,DEX,313.914,8001.307990267538,8001.307990267538
2026-08-18 10:07:00,7500.0,7519.5,Call VEX 2,VEX,864982.652,8001.307990267538,8001.307990267538
2026-08-18 10:07:00,7550.0,7569.5,Call CEX 5,CEX,1236227.525,8001.307990267538,8001.307990267538
2026-08-18 10:07:00,7550.0,7569.5,Call DEX 3,DEX,147.071,8001.307990267538,8001.307990267538
2026-08-18 10:07:00,7550.0,7569.5,Call VEX 5,VEX,593201.614,8001.307990267538,8001.307990267538
2026-08-18 10:07:00,7600.0,7619.75,Call CEX 3,CEX,1868755.622,8001.307990267538,8001.307990267538
2026-08-18 10:07:00,7600.0,7619.75,Call DEX 2,DEX,199.842,8001.307990267538,8001.307990267538
2026-08-18 10:07:00,7600.0,7619.75,Call VEX 1,VEX,1055168.539,8001.307990267538,8001.307990267538
2026-08-18 10:07:00,7635.0,7654.75,Call CEX 1,CEX,2845725.893,8001.307990267538,8001.307990267538
2026-08-18 10:07:00,7650.0,7669.75,Call CEX 2,CEX,2014123.364,8001.307990267538,8001.307990267538
2026-08-18 10:07:00,7650.0,7669.75,Call DEX 5,DEX,76.624,8001.307990267538,8001.307990267538
2026-08-18 10:07:00,7650.0,7669.75,Call VEX 4,VEX,593682.169,8001.307990267538,8001.307990267538
2026-08-18 10:07:00,7695.0,7715.0,Put GEX 4,GEX,-275811.708,8001.307990267538,8001.307990267538
2026-08-18 10:07:00,7700.0,7720.0,Put GEX 1,GEX,-499180.612,8001.307990267538,8001.307990267538
2026-08-18 10:07:00,7710.0,7730.0,Put GEX 2,GEX,-453856.393,8001.307990267538,8001.307990267538
2026-08-18 10:07:00,7715.0,7735.0,Put CEX 5,CEX,-966216.898,8001.307990267538,8001.307990267538
2026-08-18 10:07:00,7715.0,7735.0,Put GEX 5,GEX,-264031.627,8001.307990267538,8001.307990267538
2026-08-18 10:07:00,7720.0,7740.0,Put CEX 4,CEX,-1194029.341,8001.307990267538,8001.307990267538
2026-08-18 10:07:00,7720.0,7740.0,Put DEX 5,DEX,-45.638,8001.307990267538,8001.307990267538
2026-08-18 10:07:00,7720.0,7740.0,Put GEX 3,GEX,-452906.564,8001.307990267538,8001.307990267538
2026-08-18 10:07:00,7750.0,7770.0,Put CEX 2,CEX,-1820018.411,8001.307990267538,8001.307990267538
2026-08-18 10:07:00,7750.0,7770.0,Put DEX 4,DEX,-75.763,8001.307990267538,8001.307990267538
2026-08-18 10:07:00,7750.0,7770.0,Put VEX 3,VEX,-560953.948,8001.307990267538,8001.307990267538
2026-08-18 10:07:00,7775.0,7795.0,Call GEX 1,GEX,248855.705,8001.307990267538,8001.307990267538
2026-08-18 10:07:00,7775.0,7795.0,Put VEX 4,VEX,-326153.127,8001.307990267538,8001.307990267538
2026-08-18 10:07:00,7800.0,7820.25,Put CEX 3,CEX,-1681404.164,8001.307990267538,8001.307990267538
2026-08-18 10:07:00,7800.0,7820.25,Put DEX 3,DEX,-100.386,8001.307990267538,8001.307990267538
2026-08-18 10:07:00,7800.0,7820.25,Call GEX 2,GEX,230822.743,8001.307990267538,8001.307990267538
2026-08-18 10:07:00,7800.0,7820.25,Put VEX 2,VEX,-736133.302,8001.307990267538,8001.307990267538
2026-08-18 10:07:00,7825.0,7845.25,Call GEX 3,GEX,111440.834,8001.307990267538,8001.307990267538
2026-08-18 10:07:00,7850.0,7870.25,Call GEX 4,GEX,106826.929,8001.307990267538,8001.307990267538
2026-08-18 10:07:00,7900.0,7920.5,Call GEX 5,GEX,105157.953,8001.307990267538,8001.307990267538
2026-08-18 10:07:00,7900.0,7920.5,Put VEX 5,VEX,-201974.873,8001.307990267538,8001.307990267538
2026-08-18 10:07:00,8000.0,8020.75,Put CEX 1,CEX,-2241237.407,8001.307990267538,8001.307990267538
2026-08-18 10:07:00,8000.0,8020.75,Put DEX 1,DEX,-1024.255,8001.307990267538,8001.307990267538
2026-08-18 10:07:00,8000.0,8020.75,Put VEX 1,VEX,-1210818.603,8001.307990267538,8001.307990267538
2026-08-18 10:07:00,8500.0,8522.0,Put DEX 2,DEX,-106.942,8001.307990267538,8001.307990267538
2026-08-18 10:07:49,7400.0,7419.25,Call VEX 3,VEX,608105.428,8002.306964307312,8002.306964307312
2026-08-18 10:07:49,7500.0,7519.5,Call CEX 4,CEX,1335143.416,8002.306964307312,8002.306964307312
2026-08-18 10:07:49,7500.0,7519.5,Call DEX 1,DEX,315.597,8002.306964307312,8002.306964307312
2026-08-18 10:07:49,7500.0,7519.5,Call VEX 2,VEX,821446.409,8002.306964307312,8002.306964307312
2026-08-18 10:07:49,7550.0,7569.75,Call CEX 5,CEX,1187969.079,8002.306964307312,8002.306964307312
2026-08-18 10:07:49,7550.0,7569.75,Call DEX 3,DEX,146.621,8002.306964307312,8002.306964307312
2026-08-18 10:07:49,7550.0,7569.75,Call VEX 5,VEX,578614.705,8002.306964307312,8002.306964307312
2026-08-18 10:07:49,7600.0,7620.0,Call CEX 3,CEX,1829895.695,8002.306964307312,8002.306964307312
2026-08-18 10:07:49,7600.0,7620.0,Call DEX 2,DEX,200.569,8002.306964307312,8002.306964307312
2026-08-18 10:07:49,7600.0,7620.0,Call VEX 1,VEX,1049548.717,8002.306964307312,8002.306964307312
2026-08-18 10:07:49,7625.0,7645.0,Call DEX 5,DEX,62.006,8002.306964307312,8002.306964307312
2026-08-18 10:07:49,7635.0,7655.0,Call CEX 1,CEX,2857589.536,8002.306964307312,8002.306964307312
2026-08-18 10:07:49,7650.0,7670.0,Call CEX 2,CEX,2011714.563,8002.306964307312,8002.306964307312
2026-08-18 10:07:49,7650.0,7670.0,Call DEX 4,DEX,76.621,8002.306964307312,8002.306964307312
2026-08-18 10:07:49,7650.0,7670.0,Call VEX 4,VEX,593313.245,8002.306964307312,8002.306964307312
2026-08-18 10:07:49,7695.0,7715.0,Put GEX 4,GEX,-273900.649,8002.306964307312,8002.306964307312
2026-08-18 10:07:49,7700.0,7720.25,Put GEX 1,GEX,-477922.32,8002.306964307312,8002.306964307312
2026-08-18 10:07:49,7710.0,7730.25,Put GEX 3,GEX,-431264.673,8002.306964307312,8002.306964307312
2026-08-18 10:07:49,7715.0,7735.25,Put GEX 5,GEX,-251341.89,8002.306964307312,8002.306964307312
2026-08-18 10:07:49,7720.0,7740.25,Put CEX 5,CEX,-1311095.86,8002.306964307312,8002.306964307312
2026-08-18 10:07:49,7720.0,7740.25,Put GEX 2,GEX,-465864.039,8002.306964307312,8002.306964307312
2026-08-18 10:07:49,7725.0,7745.25,Put CEX 4,CEX,-1527748.89,8002.306964307312,8002.306964307312
2026-08-18 10:07:49,7725.0,7745.25,Put DEX 5,DEX,-51.088,8002.306964307312,8002.306964307312
2026-08-18 10:07:49,7750.0,7770.25,Put CEX 2,CEX,-1822263.581,8002.306964307312,8002.306964307312
2026-08-18 10:07:49,7750.0,7770.25,Put DEX 4,DEX,-75.85,8002.306964307312,8002.306964307312
2026-08-18 10:07:49,7750.0,7770.25,Put VEX 3,VEX,-562331.214,8002.306964307312,8002.306964307312
2026-08-18 10:07:49,7775.0,7795.25,Call GEX 1,GEX,247777.441,8002.306964307312,8002.306964307312
2026-08-18 10:07:49,7775.0,7795.25,Put VEX 4,VEX,-326365.443,8002.306964307312,8002.306964307312
2026-08-18 10:07:49,7800.0,7820.5,Put CEX 3,CEX,-1691215.193,8002.306964307312,8002.306964307312
2026-08-18 10:07:49,7800.0,7820.5,Put DEX 3,DEX,-99.73,8002.306964307312,8002.306964307312
2026-08-18 10:07:49,7800.0,7820.5,Call GEX 2,GEX,223512.027,8002.306964307312,8002.306964307312
2026-08-18 10:07:49,7800.0,7820.5,Put VEX 2,VEX,-739688.29,8002.306964307312,8002.306964307312
2026-08-18 10:07:49,7825.0,7845.5,Call GEX 3,GEX,111065.872,8002.306964307312,8002.306964307312
2026-08-18 10:07:49,7850.0,7870.5,Call GEX 4,GEX,106437.928,8002.306964307312,8002.306964307312
2026-08-18 10:07:49,7900.0,7920.75,Call GEX 5,GEX,104912.573,8002.306964307312,8002.306964307312
2026-08-18 10:07:49,7900.0,7920.75,Put VEX 5,VEX,-201470.835,8002.306964307312,8002.306964307312
2026-08-18 10:07:49,8000.0,8021.0,Put CEX 1,CEX,-2565209.24,8002.306964307312,8002.306964307312
2026-08-18 10:07:49,8000.0,8021.0,Put DEX 1,DEX,-1017.243,8002.306964307312,8002.306964307312
2026-08-18 10:07:49,8000.0,8021.0,Put VEX 1,VEX,-1371658.318,8002.306964307312,8002.306964307312
2026-08-18 10:07:49,8500.0,8522.25,Put DEX 2,DEX,-106.488,8002.306964307312,8002.306964307312
2026-08-18 10:08:43,7400.0,7419.5,Call VEX 3,VEX,608762.133,8001.650732929094,8001.650732929094
2026-08-18 10:08:43,7450.0,7469.5,Call DEX 4,DEX,94.025,8001.650732929094,8001.650732929094
2026-08-18 10:08:43,7500.0,7519.75,Call CEX 4,CEX,1374001.595,8001.650732929094,8001.650732929094
2026-08-18 10:08:43,7500.0,7519.75,Call DEX 1,DEX,315.73,8001.650732929094,8001.650732929094
2026-08-18 10:08:43,7500.0,7519.75,Call VEX 2,VEX,840116.728,8001.650732929094,8001.650732929094
2026-08-18 10:08:43,7550.0,7569.75,Call CEX 5,CEX,1220509.615,8001.650732929094,8001.650732929094
2026-08-18 10:08:43,7550.0,7569.75,Call DEX 3,DEX,146.09,8001.650732929094,8001.650732929094
2026-08-18 10:08:43,7550.0,7569.75,Call VEX 5,VEX,587030.567,8001.650732929094,8001.650732929094
2026-08-18 10:08:43,7600.0,7620.0,Call CEX 3,CEX,1862499.401,8001.650732929094,8001.650732929094
2026-08-18 10:08:43,7600.0,7620.0,Call DEX 2,DEX,200.258,8001.650732929094,8001.650732929094
2026-08-18 10:08:43,7600.0,7620.0,Call VEX 1,VEX,1053217.317,8001.650732929094,8001.650732929094
2026-08-18 10:08:43,7635.0,7655.0,Call CEX 1,CEX,2865273.438,8001.650732929094,8001.650732929094
2026-08-18 10:08:43,7650.0,7670.0,Call CEX 2,CEX,2022681.716,8001.650732929094,8001.650732929094
2026-08-18 10:08:43,7650.0,7670.0,Call DEX 5,DEX,76.705,8001.650732929094,8001.650732929094
2026-08-18 10:08:43,7650.0,7670.0,Call VEX 4,VEX,593973.381,8001.650732929094,8001.650732929094
2026-08-18 10:08:43,7695.0,7715.25,Put GEX 4,GEX,-276677.803,8001.650732929094,8001.650732929094
2026-08-18 10:08:43,7700.0,7720.25,Put GEX 1,GEX,-508799.256,8001.650732929094,8001.650732929094
2026-08-18 10:08:43,7710.0,7730.25,Put GEX 3,GEX,-452539.71,8001.650732929094,8001.650732929094
2026-08-18 10:08:43,7715.0,7735.25,Put CEX 5,CEX,-975897.955,8001.650732929094,8001.650732929094
2026-08-18 10:08:43,7715.0,7735.25,Put GEX 5,GEX,-262517.465,8001.650732929094,8001.650732929094
2026-08-18 10:08:43,7720.0,7740.25,Put CEX 4,CEX,-1210310.653,8001.650732929094,8001.650732929094
2026-08-18 10:08:43,7720.0,7740.25,Put DEX 5,DEX,-45.644,8001.650732929094,8001.650732929094
2026-08-18 10:08:43,7720.0,7740.25,Put GEX 2,GEX,-452593.125,8001.650732929094,8001.650732929094
2026-08-18 10:08:43,7750.0,7770.5,Put CEX 2,CEX,-1823912.606,8001.650732929094,8001.650732929094
2026-08-18 10:08:43,7750.0,7770.5,Put DEX 4,DEX,-75.981,8001.650732929094,8001.650732929094
2026-08-18 10:08:43,7750.0,7770.5,Put VEX 3,VEX,-561832.315,8001.650732929094,8001.650732929094
2026-08-18 10:08:43,7775.0,7795.5,Call GEX 1,GEX,248647.237,8001.650732929094,8001.650732929094
2026-08-18 10:08:43,7775.0,7795.5,Put VEX 4,VEX,-326217.798,8001.650732929094,8001.650732929094
2026-08-18 10:08:43,7800.0,7820.5,Put CEX 3,CEX,-1687741.178,8001.650732929094,8001.650732929094
2026-08-18 10:08:43,7800.0,7820.5,Put DEX 3,DEX,-100.007,8001.650732929094,8001.650732929094
2026-08-18 10:08:43,7800.0,7820.5,Call GEX 2,GEX,227437.156,8001.650732929094,8001.650732929094
2026-08-18 10:08:43,7800.0,7820.5,Put VEX 2,VEX,-738149.739,8001.650732929094,8001.650732929094
2026-08-18 10:08:43,7825.0,7845.5,Call GEX 3,GEX,111546.95,8001.650732929094,8001.650732929094
2026-08-18 10:08:43,7850.0,7870.75,Call GEX 4,GEX,107497.6,8001.650732929094,8001.650732929094
2026-08-18 10:08:43,7900.0,7920.75,Call GEX 5,GEX,105001.53,8001.650732929094,8001.650732929094
2026-08-18 10:08:43,7900.0,7920.75,Put VEX 5,VEX,-201814.796,8001.650732929094,8001.650732929094
2026-08-18 10:08:43,8000.0,8021.0,Put CEX 1,CEX,-2331196.621,8001.650732929094,8001.650732929094
2026-08-18 10:08:43,8000.0,8021.0,Put DEX 1,DEX,-1022.445,8001.650732929094,8001.650732929094
2026-08-18 10:08:43,8000.0,8021.0,Put VEX 1,VEX,-1254908.584,8001.650732929094,8001.650732929094
2026-08-18 10:08:43,8500.0,8522.25,Put DEX 2,DEX,-106.764,8001.650732929094,8001.650732929094
2026-08-18 10:09:30,7400.0,7419.5,Call VEX 3,VEX,605602.48,8001.918837894979,8001.918837894979
2026-08-18 10:09:30,7500.0,7519.75,Call CEX 5,CEX,1286975.248,8001.918837894979,8001.918837894979
2026-08-18 10:09:30,7500.0,7519.75,Call DEX 1,DEX,315.63,8001.918837894979,8001.918837894979
2026-08-18 10:09:30,7500.0,7519.75,Call VEX 2,VEX,791898.263,8001.918837894979,8001.918837894979
2026-08-18 10:09:30,7550.0,7570.0,Call DEX 3,DEX,146.156,8001.918837894979,8001.918837894979
2026-08-18 10:09:30,7550.0,7570.0,Call VEX 5,VEX,575001.334,8001.918837894979,8001.918837894979
2026-08-18 10:09:30,7600.0,7620.0,Call CEX 3,CEX,1812762.228,8001.918837894979,8001.918837894979
2026-08-18 10:09:30,7600.0,7620.0,Call DEX 2,DEX,202.662,8001.918837894979,8001.918837894979
2026-08-18 10:09:30,7600.0,7620.0,Call VEX 1,VEX,1047607.066,8001.918837894979,8001.918837894979
2026-08-18 10:09:30,7625.0,7645.0,Call DEX 5,DEX,62.786,8001.918837894979,8001.918837894979
2026-08-18 10:09:30,7635.0,7655.0,Call CEX 1,CEX,2633477.325,8001.918837894979,8001.918837894979
2026-08-18 10:09:30,7650.0,7670.25,Call CEX 2,CEX,2023249.316,8001.918837894979,8001.918837894979
2026-08-18 10:09:30,7650.0,7670.25,Call DEX 4,DEX,78.798,8001.918837894979,8001.918837894979
2026-08-18 10:09:30,7650.0,7670.25,Call VEX 4,VEX,602069.089,8001.918837894979,8001.918837894979
2026-08-18 10:09:30,7695.0,7715.25,Put GEX 5,GEX,-259392.541,8001.918837894979,8001.918837894979
2026-08-18 10:09:30,7700.0,7720.25,Call CEX 4,CEX,1403211.743,8001.918837894979,8001.918837894979
2026-08-18 10:09:30,7700.0,7720.25,Put GEX 2,GEX,-463786.282,8001.918837894979,8001.918837894979
2026-08-18 10:09:30,7710.0,7730.25,Put GEX 3,GEX,-452370.113,8001.918837894979,8001.918837894979
2026-08-18 10:09:30,7715.0,7735.25,Put GEX 4,GEX,-277799.397,8001.918837894979,8001.918837894979
2026-08-18 10:09:30,7720.0,7740.25,Put CEX 5,CEX,-1325801.313,8001.918837894979,8001.918837894979
2026-08-18 10:09:30,7720.0,7740.25,Put GEX 1,GEX,-502091.928,8001.918837894979,8001.918837894979
2026-08-18 10:09:30,7725.0,7745.25,Put CEX 4,CEX,-1657590.05,8001.918837894979,8001.918837894979
2026-08-18 10:09:30,7725.0,7745.25,Put DEX 5,DEX,-48.811,8001.918837894979,8001.918837894979
2026-08-18 10:09:30,7750.0,7770.5,Put CEX 2,CEX,-1813557.929,8001.918837894979,8001.918837894979
2026-08-18 10:09:30,7750.0,7770.5,Put DEX 4,DEX,-72.75,8001.918837894979,8001.918837894979
2026-08-18 10:09:30,7750.0,7770.5,Put VEX 3,VEX,-548231.368,8001.918837894979,8001.918837894979
2026-08-18 10:09:30,7775.0,7795.5,Call GEX 1,GEX,255987.716,8001.918837894979,8001.918837894979
2026-08-18 10:09:30,7775.0,7795.5,Put VEX 4,VEX,-325515.179,8001.918837894979,8001.918837894979
2026-08-18 10:09:30,7800.0,7820.5,Put CEX 3,CEX,-1712612.924,8001.918837894979,8001.918837894979
2026-08-18 10:09:30,7800.0,7820.5,Put DEX 3,DEX,-98.153,8001.918837894979,8001.918837894979
2026-08-18 10:09:30,7800.0,7820.5,Call GEX 2,GEX,232653.857,8001.918837894979,8001.918837894979
2026-08-18 10:09:30,7800.0,7820.5,Put VEX 2,VEX,-744606.38,8001.918837894979,8001.918837894979
2026-08-18 10:09:30,7825.0,7845.5,Call GEX 3,GEX,113659.455,8001.918837894979,8001.918837894979
2026-08-18 10:09:30,7850.0,7870.75,Call GEX 4,GEX,109648.943,8001.918837894979,8001.918837894979
2026-08-18 10:09:30,7900.0,7920.75,Call GEX 5,GEX,106785.054,8001.918837894979,8001.918837894979
2026-08-18 10:09:30,7900.0,7920.75,Put VEX 5,VEX,-204412.072,8001.918837894979,8001.918837894979
2026-08-18 10:09:30,8000.0,8021.0,Put CEX 1,CEX,-2416454.493,8001.918837894979,8001.918837894979
2026-08-18 10:09:30,8000.0,8021.0,Put DEX 1,DEX,-1020.839,8001.918837894979,8001.918837894979
2026-08-18 10:09:30,8000.0,8021.0,Put VEX 1,VEX,-1299097.429,8001.918837894979,8001.918837894979
2026-08-18 10:09:30,8500.0,8522.5,Put DEX 2,DEX,-106.7,8001.918837894979,8001.918837894979
2026-08-18 10:10:18,7400.0,7419.0,Call VEX 4,VEX,603260.944,8002.613361587929,8002.613361587929
2026-08-18 10:10:18,7500.0,7519.25,Call VEX 2,VEX,610931.546,8002.613361587929,8002.613361587929
2026-08-18 10:10:18,7550.0,7569.25,Call CEX 5,CEX,1118042.733,8002.613361587929,8002.613361587929
2026-08-18 10:10:18,7550.0,7569.25,Call DEX 2,DEX,147.882,8002.613361587929,8002.613361587929
2026-08-18 10:10:18,7550.0,7569.25,Call VEX 5,VEX,548609.209,8002.613361587929,8002.613361587929
2026-08-18 10:10:18,7575.0,7594.25,Call DEX 5,DEX,41.51,8002.613361587929,8002.613361587929
2026-08-18 10:10:18,7600.0,7619.5,Call CEX 3,CEX,1719364.857,8002.613361587929,8002.613361587929
2026-08-18 10:10:18,7600.0,7619.5,Call DEX 1,DEX,204.781,8002.613361587929,8002.613361587929
2026-08-18 10:10:18,7600.0,7619.5,Call VEX 1,VEX,1035598.609,8002.613361587929,8002.613361587929
2026-08-18 10:10:18,7625.0,7644.5,Call DEX 4,DEX,63.256,8002.613361587929,8002.613361587929
2026-08-18 10:10:18,7635.0,7654.5,Call CEX 1,CEX,2395857.633,8002.613361587929,8002.613361587929
2026-08-18 10:10:18,7650.0,7669.5,Call CEX 2,CEX,2012694.121,8002.613361587929,8002.613361587929
2026-08-18 10:10:18,7650.0,7669.5,Call DEX 3,DEX,79.904,8002.613361587929,8002.613361587929
2026-08-18 10:10:18,7650.0,7669.5,Call VEX 3,VEX,605455.415,8002.613361587929,8002.613361587929
2026-08-18 10:10:18,7700.0,7719.75,Call CEX 4,CEX,1517454.292,8002.613361587929,8002.613361587929
2026-08-18 10:10:18,7700.0,7719.75,Put GEX 3,GEX,-433352.36,8002.613361587929,8002.613361587929
2026-08-18 10:10:18,7710.0,7729.75,Put GEX 2,GEX,-435595.878,8002.613361587929,8002.613361587929
2026-08-18 10:10:18,7715.0,7734.75,Put GEX 5,GEX,-269639.148,8002.613361587929,8002.613361587929
2026-08-18 10:10:18,7720.0,7739.75,Put CEX 5,CEX,-1320097.49,8002.613361587929,8002.613361587929
2026-08-18 10:10:18,7720.0,7739.75,Put GEX 1,GEX,-505840.824,8002.613361587929,8002.613361587929
2026-08-18 10:10:18,7725.0,7744.75,Put CEX 2,CEX,-2093484.277,8002.613361587929,8002.613361587929
2026-08-18 10:10:18,7735.0,7754.75,Put DEX 5,DEX,-50.641,8002.613361587929,8002.613361587929
2026-08-18 10:10:18,7735.0,7754.75,Put GEX 4,GEX,-276186.963,8002.613361587929,8002.613361587929
2026-08-18 10:10:18,7750.0,7769.75,Put CEX 3,CEX,-1828575.696,8002.613361587929,8002.613361587929
2026-08-18 10:10:18,7750.0,7769.75,Put DEX 4,DEX,-71.236,8002.613361587929,8002.613361587929
2026-08-18 10:10:18,7750.0,7769.75,Put VEX 3,VEX,-542955.88,8002.613361587929,8002.613361587929
2026-08-18 10:10:18,7775.0,7794.75,Call GEX 1,GEX,258569.209,8002.613361587929,8002.613361587929
2026-08-18 10:10:18,7775.0,7794.75,Put VEX 4,VEX,-325293.929,8002.613361587929,8002.613361587929
2026-08-18 10:10:18,7800.0,7820.0,Put CEX 4,CEX,-1732775.349,8002.613361587929,8002.613361587929
2026-08-18 10:10:18,7800.0,7820.0,Put DEX 3,DEX,-96.662,8002.613361587929,8002.613361587929
2026-08-18 10:10:18,7800.0,7820.0,Call GEX 2,GEX,229609.653,8002.613361587929,8002.613361587929
2026-08-18 10:10:18,7800.0,7820.0,Put VEX 2,VEX,-749864.348,8002.613361587929,8002.613361587929
2026-08-18 10:10:18,7825.0,7845.0,Call GEX 3,GEX,114568.687,8002.613361587929,8002.613361587929
2026-08-18 10:10:18,7850.0,7870.0,Call GEX 4,GEX,110227.141,8002.613361587929,8002.613361587929
2026-08-18 10:10:18,7900.0,7920.25,Call GEX 5,GEX,107221.718,8002.613361587929,8002.613361587929
2026-08-18 10:10:18,7900.0,7920.25,Put VEX 5,VEX,-205190.517,8002.613361587929,8002.613361587929
2026-08-18 10:10:18,8000.0,8020.5,Put CEX 1,CEX,-2718256.213,8002.613361587929,8002.613361587929
2026-08-18 10:10:18,8000.0,8020.5,Put DEX 1,DEX,-1013.784,8002.613361587929,8002.613361587929
2026-08-18 10:10:18,8000.0,8020.5,Put VEX 1,VEX,-1450524.737,8002.613361587929,8002.613361587929
2026-08-18 10:10:18,8500.0,8521.75,Put DEX 2,DEX,-106.403,8002.613361587929,8002.613361587929
2026-08-18 10:11:09,7400.0,7419.0,Call VEX 3,VEX,603601.948,8002.195600932702,8002.195600932702
2026-08-18 10:11:09,7500.0,7519.25,Call CEX 5,CEX,1262646.597,8002.195600932702,8002.195600932702
2026-08-18 10:11:09,7500.0,7519.25,Call DEX 1,DEX,317.5,8002.195600932702,8002.195600932702
2026-08-18 10:11:09,7500.0,7519.25,Call VEX 2,VEX,779076.733,8002.195600932702,8002.195600932702
2026-08-18 10:11:09,7550.0,7569.25,Call DEX 3,DEX,147.512,8002.195600932702,8002.195600932702
2026-08-18 10:11:09,7550.0,7569.25,Call VEX 5,VEX,571161.216,8002.195600932702,8002.195600932702
2026-08-18 10:11:09,7600.0,7619.5,Call CEX 3,CEX,1773528.458,8002.195600932702,8002.195600932702
2026-08-18 10:11:09,7600.0,7619.5,Call DEX 2,DEX,202.943,8002.195600932702,8002.195600932702
2026-08-18 10:11:09,7600.0,7619.5,Call VEX 1,VEX,1044861.44,8002.195600932702,8002.195600932702
2026-08-18 10:11:09,7625.0,7644.5,Call DEX 5,DEX,62.869,8002.195600932702,8002.195600932702
2026-08-18 10:11:09,7635.0,7654.5,Call CEX 1,CEX,2413186.216,8002.195600932702,8002.195600932702
2026-08-18 10:11:09,7650.0,7669.5,Call CEX 2,CEX,1890721.103,8002.195600932702,8002.195600932702
2026-08-18 10:11:09,7650.0,7669.5,Call DEX 4,DEX,79.187,8002.195600932702,8002.195600932702
2026-08-18 10:11:09,7650.0,7669.5,Call VEX 4,VEX,598730.414,8002.195600932702,8002.195600932702
2026-08-18 10:11:09,7695.0,7714.75,Put GEX 5,GEX,-259191.39,8002.195600932702,8002.195600932702
2026-08-18 10:11:09,7700.0,7719.75,Call CEX 4,CEX,1451764.765,8002.195600932702,8002.195600932702
2026-08-18 10:11:09,7700.0,7719.75,Put GEX 2,GEX,-463039.108,8002.195600932702,8002.195600932702
2026-08-18 10:11:09,7710.0,7729.75,Put GEX 3,GEX,-454557.221,8002.195600932702,8002.195600932702
2026-08-18 10:11:09,7715.0,7734.75,Put GEX 4,GEX,-277151.198,8002.195600932702,8002.195600932702
2026-08-18 10:11:09,7720.0,7739.75,Put CEX 5,CEX,-1337487.145,8002.195600932702,8002.195600932702
2026-08-18 10:11:09,7720.0,7739.75,Put GEX 1,GEX,-504054.303,8002.195600932702,8002.195600932702
2026-08-18 10:11:09,7725.0,7744.75,Put CEX 2,CEX,-1855049.489,8002.195600932702,8002.195600932702
2026-08-18 10:11:09,7725.0,7744.75,Put DEX 5,DEX,-48.276,8002.195600932702,8002.195600932702
2026-08-18 10:11:09,7750.0,7769.75,Put CEX 3,CEX,-1836379.86,8002.195600932702,8002.195600932702
2026-08-18 10:11:09,7750.0,7769.75,Put DEX 4,DEX,-72.449,8002.195600932702,8002.195600932702
2026-08-18 10:11:09,7750.0,7769.75,Put VEX 3,VEX,-547672.748,8002.195600932702,8002.195600932702
2026-08-18 10:11:09,7775.0,7794.75,Call GEX 1,GEX,256099.538,8002.195600932702,8002.195600932702
2026-08-18 10:11:09,7775.0,7794.75,Put VEX 4,VEX,-325614.042,8002.195600932702,8002.195600932702
2026-08-18 10:11:09,7800.0,7820.0,Put CEX 4,CEX,-1722463.292,8002.195600932702,8002.195600932702
2026-08-18 10:11:09,7800.0,7820.0,Put DEX 3,DEX,-97.859,8002.195600932702,8002.195600932702
2026-08-18 10:11:09,7800.0,7820.0,Call GEX 2,GEX,231394.865,8002.195600932702,8002.195600932702
2026-08-18 10:11:09,7800.0,7820.0,Put VEX 2,VEX,-746283.674,8002.195600932702,8002.195600932702
2026-08-18 10:11:09,7825.0,7845.0,Call GEX 3,GEX,114198.786,8002.195600932702,8002.195600932702
2026-08-18 10:11:09,7850.0,7870.0,Call GEX 4,GEX,109769.269,8002.195600932702,8002.195600932702
2026-08-18 10:11:09,7900.0,7920.25,Call GEX 5,GEX,107204.62,8002.195600932702,8002.195600932702
2026-08-18 10:11:09,7900.0,7920.25,Put VEX 5,VEX,-203659.098,8002.195600932702,8002.195600932702
2026-08-18 10:11:09,8000.0,8020.5,Put CEX 1,CEX,-2524600.422,8002.195600932702,8002.195600932702
2026-08-18 10:11:09,8000.0,8020.5,Put DEX 1,DEX,-1018.381,8002.195600932702,8002.195600932702
2026-08-18 10:11:09,8000.0,8020.5,Put VEX 1,VEX,-1353518.341,8002.195600932702,8002.195600932702
2026-08-18 10:11:09,8500.0,8521.75,Put DEX 2,DEX,-106.612,8002.195600932702,8002.195600932702
2026-08-18 10:11:59,7400.0,7419.25,Call VEX 4,VEX,585036.892,8002.702888110195,8002.702888110195
2026-08-18 10:11:59,7500.0,7519.5,Call CEX 5,CEX,1238979.142,8002.702888110195,8002.702888110195
2026-08-18 10:11:59,7500.0,7519.5,Call DEX 1,DEX,316.383,8002.702888110195,8002.702888110195
2026-08-18 10:11:59,7500.0,7519.5,Call VEX 2,VEX,768224.646,8002.702888110195,8002.702888110195
2026-08-18 10:11:59,7550.0,7569.5,Call DEX 3,DEX,148.358,8002.702888110195,8002.702888110195
2026-08-18 10:11:59,7550.0,7569.5,Call VEX 5,VEX,556973.697,8002.702888110195,8002.702888110195
2026-08-18 10:11:59,7600.0,7619.75,Call CEX 3,CEX,1727317.451,8002.702888110195,8002.702888110195
2026-08-18 10:11:59,7600.0,7619.75,Call DEX 2,DEX,203.446,8002.702888110195,8002.702888110195
2026-08-18 10:11:59,7600.0,7619.75,Call VEX 1,VEX,1038932.328,8002.702888110195,8002.702888110195
2026-08-18 10:11:59,7625.0,7644.75,Call DEX 5,DEX,62.898,8002.702888110195,8002.702888110195
2026-08-18 10:11:59,7635.0,7654.75,Call CEX 1,CEX,2423625.584,8002.702888110195,8002.702888110195
2026-08-18 10:11:59,7650.0,7669.75,Call CEX 2,CEX,1882452.672,8002.702888110195,8002.702888110195
2026-08-18 10:11:59,7650.0,7669.75,Call DEX 4,DEX,78.977,8002.702888110195,8002.702888110195
2026-08-18 10:11:59,7650.0,7669.75,Call VEX 3,VEX,597507.12,8002.702888110195,8002.702888110195
2026-08-18 10:11:59,7700.0,7720.0,Call CEX 4,CEX,1384818.472,8002.702888110195,8002.702888110195
2026-08-18 10:11:59,7700.0,7720.0,Put GEX 2,GEX,-444051.79,8002.702888110195,8002.702888110195
2026-08-18 10:11:59,7710.0,7730.0,Put GEX 3,GEX,-434506.589,8002.702888110195,8002.702888110195
2026-08-18 10:11:59,7715.0,7735.0,Put GEX 5,GEX,-260273.969,8002.702888110195,8002.702888110195
2026-08-18 10:11:59,7720.0,7740.0,Put CEX 5,CEX,-1343414.724,8002.702888110195,8002.702888110195
2026-08-18 10:11:59,7720.0,7740.0,Put GEX 1,GEX,-492777.729,8002.702888110195,8002.702888110195
2026-08-18 10:11:59,7725.0,7745.0,Put CEX 2,CEX,-2123094.257,8002.702888110195,8002.702888110195
2026-08-18 10:11:59,7735.0,7755.0,Put DEX 5,DEX,-51.025,8002.702888110195,8002.702888110195
2026-08-18 10:11:59,7735.0,7755.0,Put GEX 4,GEX,-286845.024,8002.702888110195,8002.702888110195
2026-08-18 10:11:59,7750.0,7770.0,Put CEX 3,CEX,-1818143.071,8002.702888110195,8002.702888110195
2026-08-18 10:11:59,7750.0,7770.0,Put DEX 4,DEX,-72.824,8002.702888110195,8002.702888110195
2026-08-18 10:11:59,7750.0,7770.0,Put VEX 3,VEX,-549527.184,8002.702888110195,8002.702888110195
2026-08-18 10:11:59,7775.0,7795.25,Call GEX 1,GEX,254952.528,8002.702888110195,8002.702888110195
2026-08-18 10:11:59,7775.0,7795.25,Put VEX 4,VEX,-325811.828,8002.702888110195,8002.702888110195
2026-08-18 10:11:59,7800.0,7820.25,Put CEX 4,CEX,-1724145.953,8002.702888110195,8002.702888110195
2026-08-18 10:11:59,7800.0,7820.25,Put DEX 3,DEX,-97.907,8002.702888110195,8002.702888110195
2026-08-18 10:11:59,7800.0,7820.25,Call GEX 2,GEX,227907.363,8002.702888110195,8002.702888110195
2026-08-18 10:11:59,7800.0,7820.25,Put VEX 2,VEX,-746450.052,8002.702888110195,8002.702888110195
2026-08-18 10:11:59,7825.0,7845.25,Call GEX 3,GEX,113454.241,8002.702888110195,8002.702888110195
2026-08-18 10:11:59,7850.0,7870.25,Call GEX 4,GEX,108835.401,8002.702888110195,8002.702888110195
2026-08-18 10:11:59,7900.0,7920.5,Call GEX 5,GEX,106654.555,8002.702888110195,8002.702888110195
2026-08-18 10:11:59,7900.0,7920.5,Put VEX 5,VEX,-202291.445,8002.702888110195,8002.702888110195
2026-08-18 10:11:59,8000.0,8020.75,Put CEX 1,CEX,-2761635.932,8002.702888110195,8002.702888110195
2026-08-18 10:11:59,8000.0,8020.75,Put DEX 1,DEX,-1012.56,8002.702888110195,8002.702888110195
2026-08-18 10:11:59,8000.0,8020.75,Put VEX 1,VEX,-1470736.992,8002.702888110195,8002.702888110195
2026-08-18 10:11:59,8500.0,8522.0,Put DEX 2,DEX,-106.254,8002.702888110195,8002.702888110195
2026-08-18 10:12:52,7400.0,7419.0,Call VEX 3,VEX,603661.018,8002.431115491636,8002.431115491636
2026-08-18 10:12:52,7500.0,7519.25,Call DEX 1,DEX,317.573,8002.431115491636,8002.431115491636
2026-08-18 10:12:52,7500.0,7519.25,Call VEX 2,VEX,722014.391,8002.431115491636,8002.431115491636
2026-08-18 10:12:52,7550.0,7569.25,Call CEX 5,CEX,1158711.41,8002.431115491636,8002.431115491636
2026-08-18 10:12:52,7550.0,7569.25,Call DEX 3,DEX,146.818,8002.431115491636,8002.431115491636
2026-08-18 10:12:52,7550.0,7569.25,Call VEX 5,VEX,563599.071,8002.431115491636,8002.431115491636
2026-08-18 10:12:52,7600.0,7619.5,Call CEX 3,CEX,1753138.001,8002.431115491636,8002.431115491636
2026-08-18 10:12:52,7600.0,7619.5,Call DEX 2,DEX,203.023,8002.431115491636,8002.431115491636
2026-08-18 10:12:52,7600.0,7619.5,Call VEX 1,VEX,1041760.366,8002.431115491636,8002.431115491636
2026-08-18 10:12:52,7625.0,7644.5,Call DEX 5,DEX,62.735,8002.431115491636,8002.431115491636
2026-08-18 10:12:52,7635.0,7654.5,Call CEX 1,CEX,2438846.584,8002.431115491636,8002.431115491636
2026-08-18 10:12:52,7650.0,7669.75,Call CEX 2,CEX,1969259.937,8002.431115491636,8002.431115491636
2026-08-18 10:12:52,7650.0,7669.75,Call DEX 4,DEX,78.631,8002.431115491636,8002.431115491636
2026-08-18 10:12:52,7650.0,7669.75,Call VEX 4,VEX,598824.998,8002.431115491636,8002.431115491636
2026-08-18 10:12:52,7695.0,7714.75,Put GEX 5,GEX,-264705.062,8002.431115491636,8002.431115491636
2026-08-18 10:12:52,7700.0,7719.75,Call CEX 4,CEX,1340918.554,8002.431115491636,8002.431115491636
2026-08-18 10:12:52,7700.0,7719.75,Put GEX 2,GEX,-466672.301,8002.431115491636,8002.431115491636
2026-08-18 10:12:52,7710.0,7729.75,Put GEX 3,GEX,-449823.521,8002.431115491636,8002.431115491636
2026-08-18 10:12:52,7715.0,7734.75,Put GEX 4,GEX,-267559.504,8002.431115491636,8002.431115491636
2026-08-18 10:12:52,7720.0,7739.75,Put CEX 5,CEX,-1349236.783,8002.431115491636,8002.431115491636
2026-08-18 10:12:52,7720.0,7739.75,Put GEX 1,GEX,-492550.403,8002.431115491636,8002.431115491636
2026-08-18 10:12:52,7725.0,7744.75,Put CEX 2,CEX,-1871829.593,8002.431115491636,8002.431115491636
2026-08-18 10:12:52,7725.0,7744.75,Put DEX 5,DEX,-48.979,8002.431115491636,8002.431115491636
2026-08-18 10:12:52,7750.0,7770.0,Put CEX 3,CEX,-1821634.558,8002.431115491636,8002.431115491636
2026-08-18 10:12:52,7750.0,7770.0,Put DEX 4,DEX,-73.371,8002.431115491636,8002.431115491636
2026-08-18 10:12:52,7750.0,7770.0,Put VEX 3,VEX,-551696.034,8002.431115491636,8002.431115491636
2026-08-18 10:12:52,7775.0,7795.0,Call GEX 1,GEX,253738.573,8002.431115491636,8002.431115491636
2026-08-18 10:12:52,7775.0,7795.0,Put VEX 4,VEX,-325803.405,8002.431115491636,8002.431115491636
2026-08-18 10:12:52,7800.0,7820.0,Put CEX 4,CEX,-1716703.85,8002.431115491636,8002.431115491636
2026-08-18 10:12:52,7800.0,7820.0,Put DEX 3,DEX,-98.248,8002.431115491636,8002.431115491636
2026-08-18 10:12:52,7800.0,7820.0,Call GEX 2,GEX,226039.478,8002.431115491636,8002.431115491636
2026-08-18 10:12:52,7800.0,7820.0,Put VEX 2,VEX,-744353.721,8002.431115491636,8002.431115491636
2026-08-18 10:12:52,7825.0,7845.0,Call GEX 3,GEX,112620.345,8002.431115491636,8002.431115491636
2026-08-18 10:12:52,7850.0,7870.25,Call GEX 4,GEX,108077.794,8002.431115491636,8002.431115491636
2026-08-18 10:12:52,7900.0,7920.25,Call GEX 5,GEX,105851.565,8002.431115491636,8002.431115491636
2026-08-18 10:12:52,7900.0,7920.25,Put VEX 5,VEX,-203428.705,8002.431115491636,8002.431115491636
2026-08-18 10:12:52,8000.0,8020.5,Put CEX 1,CEX,-2613282.63,8002.431115491636,8002.431115491636
2026-08-18 10:12:52,8000.0,8020.5,Put DEX 1,DEX,-1016.25,8002.431115491636,8002.431115491636
2026-08-18 10:12:52,8000.0,8020.5,Put VEX 1,VEX,-1395953.572,8002.431115491636,8002.431115491636
2026-08-18 10:12:52,8500.0,8521.75,Put DEX 2,DEX,-106.45,8002.431115491636,8002.431115491636
2026-08-18 10:13:40,7400.0,7419.0,Call VEX 4,VEX,580634.253,8002.820897748902,8002.820897748902
2026-08-18 10:13:40,7500.0,7519.25,Call DEX 1,DEX,318.898,8002.820897748902,8002.820897748902
2026-08-18 10:13:40,7500.0,7519.25,Call VEX 2,VEX,677876.714,8002.820897748902,8002.820897748902
2026-08-18 10:13:40,7550.0,7569.25,Call CEX 5,CEX,1092168.354,8002.820897748902,8002.820897748902
2026-08-18 10:13:40,7550.0,7569.25,Call DEX 3,DEX,148.095,8002.820897748902,8002.820897748902
2026-08-18 10:13:40,7550.0,7569.25,Call VEX 5,VEX,544076.882,8002.820897748902,8002.820897748902
2026-08-18 10:13:40,7600.0,7619.5,Call CEX 3,CEX,1689166.976,8002.820897748902,8002.820897748902
2026-08-18 10:13:40,7600.0,7619.5,Call DEX 2,DEX,204.912,8002.820897748902,8002.820897748902
2026-08-18 10:13:40,7600.0,7619.5,Call VEX 1,VEX,1031995.24,8002.820897748902,8002.820897748902
2026-08-18 10:13:40,7625.0,7644.5,Call DEX 5,DEX,63.294,8002.820897748902,8002.820897748902
2026-08-18 10:13:40,7635.0,7654.5,Call CEX 1,CEX,2430915.189,8002.820897748902,8002.820897748902
2026-08-18 10:13:40,7650.0,7669.5,Call CEX 2,CEX,1882166.507,8002.820897748902,8002.820897748902
2026-08-18 10:13:40,7650.0,7669.5,Call DEX 4,DEX,79.876,8002.820897748902,8002.820897748902
2026-08-18 10:13:40,7650.0,7669.5,Call VEX 3,VEX,600598.903,8002.820897748902,8002.820897748902
2026-08-18 10:13:40,7700.0,7719.75,Call CEX 4,CEX,1507342.507,8002.820897748902,8002.820897748902
2026-08-18 10:13:40,7700.0,7719.75,Put GEX 2,GEX,-438403.051,8002.820897748902,8002.820897748902
2026-08-18 10:13:40,7710.0,7729.75,Put GEX 3,GEX,-433997.155,8002.820897748902,8002.820897748902
2026-08-18 10:13:40,7715.0,7734.75,Put GEX 5,GEX,-264357.74,8002.820897748902,8002.820897748902
2026-08-18 10:13:40,7720.0,7739.75,Put CEX 5,CEX,-1338172.98,8002.820897748902,8002.820897748902
2026-08-18 10:13:40,7720.0,7739.75,Put GEX 1,GEX,-499563.43,8002.820897748902,8002.820897748902
2026-08-18 10:13:40,7725.0,7744.75,Put CEX 3,CEX,-2165605.16,8002.820897748902,8002.820897748902
2026-08-18 10:13:40,7735.0,7754.75,Put DEX 5,DEX,-50.735,8002.820897748902,8002.820897748902
2026-08-18 10:13:40,7735.0,7754.75,Put GEX 4,GEX,-289401.273,8002.820897748902,8002.820897748902
2026-08-18 10:13:40,7750.0,7769.75,Put CEX 2,CEX,-2358580.533,8002.820897748902,8002.820897748902
2026-08-18 10:13:40,7750.0,7769.75,Put DEX 3,DEX,-97.222,8002.820897748902,8002.820897748902
2026-08-18 10:13:40,7750.0,7769.75,Put VEX 3,VEX,-560147.665,8002.820897748902,8002.820897748902
2026-08-18 10:13:40,7775.0,7795.0,Call GEX 1,GEX,257431.121,8002.820897748902,8002.820897748902
2026-08-18 10:13:40,7775.0,7795.0,Put VEX 4,VEX,-325444.866,8002.820897748902,8002.820897748902
2026-08-18 10:13:40,7800.0,7820.0,Put CEX 4,CEX,-1731868.61,8002.820897748902,8002.820897748902
2026-08-18 10:13:40,7800.0,7820.0,Put DEX 4,DEX,-97.122,8002.820897748902,8002.820897748902
2026-08-18 10:13:40,7800.0,7820.0,Call GEX 2,GEX,227478.328,8002.820897748902,8002.820897748902
2026-08-18 10:13:40,7800.0,7820.0,Put VEX 2,VEX,-748475.784,8002.820897748902,8002.820897748902
2026-08-18 10:13:40,7825.0,7845.0,Call GEX 3,GEX,113506.775,8002.820897748902,8002.820897748902
2026-08-18 10:13:40,7850.0,7870.0,Call GEX 4,GEX,108738.272,8002.820897748902,8002.820897748902
2026-08-18 10:13:40,7900.0,7920.25,Call GEX 5,GEX,106608.954,8002.820897748902,8002.820897748902
2026-08-18 10:13:40,7900.0,7920.25,Put VEX 5,VEX,-203385.317,8002.820897748902,8002.820897748902
2026-08-18 10:13:40,8000.0,8020.5,Put CEX 1,CEX,-2840829.652,8002.820897748902,8002.820897748902
2026-08-18 10:13:40,8000.0,8020.5,Put DEX 1,DEX,-1010.592,8002.820897748902,8002.820897748902
2026-08-18 10:13:40,8000.0,8020.5,Put VEX 1,VEX,-1509892.058,8002.820897748902,8002.820897748902
2026-08-18 10:13:40,8500.0,8521.75,Put DEX 2,DEX,-106.186,8002.820897748902,8002.820897748902
2026-08-18 10:14:28,7400.0,7419.0,Call VEX 4,VEX,597603.363,8002.553992180046,8002.553992180046
2026-08-18 10:14:28,7500.0,7519.25,Call CEX 5,CEX,1166164.213,8002.553992180046,8002.553992180046
2026-08-18 10:14:28,7500.0,7519.25,Call DEX 1,DEX,317.342,8002.553992180046,8002.553992180046
2026-08-18 10:14:28,7500.0,7519.25,Call VEX 2,VEX,739562.761,8002.553992180046,8002.553992180046
2026-08-18 10:14:28,7550.0,7569.5,Call DEX 3,DEX,148.094,8002.553992180046,8002.553992180046
2026-08-18 10:14:28,7550.0,7569.5,Call VEX 5,VEX,562990.47,8002.553992180046,8002.553992180046
2026-08-18 10:14:28,7600.0,7619.5,Call CEX 3,CEX,1741042.555,8002.553992180046,8002.553992180046
2026-08-18 10:14:28,7600.0,7619.5,Call DEX 2,DEX,203.731,8002.553992180046,8002.553992180046
2026-08-18 10:14:28,7600.0,7619.5,Call VEX 1,VEX,1040126.559,8002.553992180046,8002.553992180046
2026-08-18 10:14:28,7625.0,7644.5,Call DEX 5,DEX,63.011,8002.553992180046,8002.553992180046
2026-08-18 10:14:28,7635.0,7654.5,Call CEX 1,CEX,2445511.679,8002.553992180046,8002.553992180046
2026-08-18 10:14:28,7650.0,7669.75,Call CEX 2,CEX,1898748.963,8002.553992180046,8002.553992180046
2026-08-18 10:14:28,7650.0,7669.75,Call DEX 4,DEX,79.265,8002.553992180046,8002.553992180046
2026-08-18 10:14:28,7650.0,7669.75,Call VEX 3,VEX,598814.143,8002.553992180046,8002.553992180046
2026-08-18 10:14:28,7695.0,7714.75,Put GEX 5,GEX,-259784.84,8002.553992180046,8002.553992180046
2026-08-18 10:14:28,7700.0,7719.75,Call CEX 4,CEX,1463808.821,8002.553992180046,8002.553992180046
2026-08-18 10:14:28,7700.0,7719.75,Put GEX 2,GEX,-458429.495,8002.553992180046,8002.553992180046
2026-08-18 10:14:28,7710.0,7729.75,Put GEX 3,GEX,-449764.378,8002.553992180046,8002.553992180046
2026-08-18 10:14:28,7715.0,7734.75,Put GEX 4,GEX,-270273.096,8002.553992180046,8002.553992180046
2026-08-18 10:14:28,7720.0,7739.75,Put CEX 5,CEX,-1354425.409,8002.553992180046,8002.553992180046
2026-08-18 10:14:28,7720.0,7739.75,Put GEX 1,GEX,-498124.842,8002.553992180046,8002.553992180046
2026-08-18 10:14:28,7725.0,7744.75,Put CEX 2,CEX,-2040295.595,8002.553992180046,8002.553992180046
2026-08-18 10:14:28,7735.0,7754.75,Put DEX 5,DEX,-51.232,8002.553992180046,8002.553992180046
2026-08-18 10:14:28,7750.0,7770.0,Put CEX 3,CEX,-1820813.235,8002.553992180046,8002.553992180046
2026-08-18 10:14:28,7750.0,7770.0,Put DEX 4,DEX,-72.438,8002.553992180046,8002.553992180046
2026-08-18 10:14:28,7750.0,7770.0,Put VEX 3,VEX,-547917.727,8002.553992180046,8002.553992180046
2026-08-18 10:14:28,7775.0,7795.0,Call GEX 1,GEX,255718.187,8002.553992180046,8002.553992180046
2026-08-18 10:14:28,7775.0,7795.0,Put VEX 4,VEX,-325709.845,8002.553992180046,8002.553992180046
2026-08-18 10:14:28,7800.0,7820.0,Put CEX 4,CEX,-1724331.262,8002.553992180046,8002.553992180046
2026-08-18 10:14:28,7800.0,7820.0,Put DEX 3,DEX,-98.017,8002.553992180046,8002.553992180046
2026-08-18 10:14:28,7800.0,7820.0,Call GEX 2,GEX,227471.891,8002.553992180046,8002.553992180046
2026-08-18 10:14:28,7800.0,7820.0,Put VEX 2,VEX,-745089.282,8002.553992180046,8002.553992180046
2026-08-18 10:14:28,7825.0,7845.0,Call GEX 3,GEX,113538.615,8002.553992180046,8002.553992180046
2026-08-18 10:14:28,7850.0,7870.25,Call GEX 4,GEX,108563.693,8002.553992180046,8002.553992180046
2026-08-18 10:14:28,7900.0,7920.25,Call GEX 5,GEX,106202.814,8002.553992180046,8002.553992180046
2026-08-18 10:14:28,7900.0,7920.25,Put VEX 5,VEX,-203418.618,8002.553992180046,8002.553992180046
2026-08-18 10:14:28,8000.0,8020.5,Put CEX 1,CEX,-2687531.641,8002.553992180046,8002.553992180046
2026-08-18 10:14:28,8000.0,8020.5,Put DEX 1,DEX,-1014.578,8002.553992180046,8002.553992180046
2026-08-18 10:14:28,8000.0,8020.5,Put VEX 1,VEX,-1432410.913,8002.553992180046,8002.553992180046
2026-08-18 10:14:28,8500.0,8521.75,Put DEX 2,DEX,-106.4,8002.553992180046,8002.553992180046
2026-08-18 10:15:21,7400.0,7419.0,Call VEX 3,VEX,597590.713,8002.5767029939425,8002.5767029939425
2026-08-18 10:15:21,7500.0,7519.25,Call CEX 5,CEX,1262079.968,8002.5767029939425,8002.5767029939425
2026-08-18 10:15:21,7500.0,7519.25,Call DEX 1,DEX,315.64,8002.5767029939425,8002.5767029939425
2026-08-18 10:15:21,7500.0,7519.25,Call VEX 2,VEX,792511.917,8002.5767029939425,8002.5767029939425
2026-08-18 10:15:21,7550.0,7569.5,Call DEX 3,DEX,147.817,8002.5767029939425,8002.5767029939425
2026-08-18 10:15:21,7550.0,7569.5,Call VEX 5,VEX,566217.071,8002.5767029939425,8002.5767029939425
2026-08-18 10:15:21,7600.0,7619.5,Call CEX 3,CEX,1756166.382,8002.5767029939425,8002.5767029939425
2026-08-18 10:15:21,7600.0,7619.5,Call DEX 2,DEX,203.136,8002.5767029939425,8002.5767029939425
2026-08-18 10:15:21,7600.0,7619.5,Call VEX 1,VEX,1041959.909,8002.5767029939425,8002.5767029939425
2026-08-18 10:15:21,7625.0,7644.75,Call DEX 5,DEX,62.842,8002.5767029939425,8002.5767029939425
2026-08-18 10:15:21,7635.0,7654.75,Call CEX 1,CEX,2458751.854,8002.5767029939425,8002.5767029939425
2026-08-18 10:15:21,7650.0,7669.75,Call CEX 2,CEX,1900363.895,8002.5767029939425,8002.5767029939425
2026-08-18 10:15:21,7650.0,7669.75,Call DEX 4,DEX,78.93,8002.5767029939425,8002.5767029939425
2026-08-18 10:15:21,7650.0,7669.75,Call VEX 4,VEX,597447.663,8002.5767029939425,8002.5767029939425
2026-08-18 10:15:21,7700.0,7719.75,Call CEX 4,CEX,1405154.337,8002.5767029939425,8002.5767029939425
2026-08-18 10:15:21,7700.0,7719.75,Put GEX 2,GEX,-461209.833,8002.5767029939425,8002.5767029939425
2026-08-18 10:15:21,7710.0,7729.75,Put GEX 3,GEX,-446498.506,8002.5767029939425,8002.5767029939425
2026-08-18 10:15:21,7715.0,7735.0,Put GEX 4,GEX,-266055.222,8002.5767029939425,8002.5767029939425
2026-08-18 10:15:21,7720.0,7740.0,Put CEX 5,CEX,-1362842.618,8002.5767029939425,8002.5767029939425
2026-08-18 10:15:21,7720.0,7740.0,Put GEX 1,GEX,-493390.205,8002.5767029939425,8002.5767029939425
2026-08-18 10:15:21,7725.0,7745.0,Put CEX 2,CEX,-2030829.683,8002.5767029939425,8002.5767029939425
2026-08-18 10:15:21,7735.0,7755.0,Put DEX 5,DEX,-51.468,8002.5767029939425,8002.5767029939425
2026-08-18 10:15:21,7735.0,7755.0,Put GEX 5,GEX,-266012.665,8002.5767029939425,8002.5767029939425
2026-08-18 10:15:21,7750.0,7770.0,Put CEX 3,CEX,-1827128.83,8002.5767029939425,8002.5767029939425
2026-08-18 10:15:21,7750.0,7770.0,Put DEX 4,DEX,-73.31,8002.5767029939425,8002.5767029939425
2026-08-18 10:15:21,7750.0,7770.0,Put VEX 3,VEX,-551301.757,8002.5767029939425,8002.5767029939425
2026-08-18 10:15:21,7775.0,7795.0,Call GEX 1,GEX,254272.91,8002.5767029939425,8002.5767029939425
2026-08-18 10:15:21,7775.0,7795.0,Put VEX 4,VEX,-325838.586,8002.5767029939425,8002.5767029939425
2026-08-18 10:15:21,7800.0,7820.0,Put CEX 4,CEX,-1722649.811,8002.5767029939425,8002.5767029939425
2026-08-18 10:15:21,7800.0,7820.0,Put DEX 3,DEX,-98.326,8002.5767029939425,8002.5767029939425
2026-08-18 10:15:21,7800.0,7820.0,Call GEX 2,GEX,227691.675,8002.5767029939425,8002.5767029939425
2026-08-18 10:15:21,7800.0,7820.0,Put VEX 2,VEX,-744846.097,8002.5767029939425,8002.5767029939425
2026-08-18 10:15:21,7825.0,7845.25,Call GEX 3,GEX,112943.194,8002.5767029939425,8002.5767029939425
2026-08-18 10:15:21,7850.0,7870.25,Call GEX 4,GEX,108129.7,8002.5767029939425,8002.5767029939425
2026-08-18 10:15:21,7900.0,7920.25,Call GEX 5,GEX,106131.542,8002.5767029939425,8002.5767029939425
2026-08-18 10:15:21,7900.0,7920.25,Put VEX 5,VEX,-202866.086,8002.5767029939425,8002.5767029939425
2026-08-18 10:15:21,8000.0,8020.5,Put CEX 1,CEX,-2700152.675,8002.5767029939425,8002.5767029939425
2026-08-18 10:15:21,8000.0,8020.5,Put DEX 1,DEX,-1014.175,8002.5767029939425,8002.5767029939425
2026-08-18 10:15:21,8000.0,8020.5,Put VEX 1,VEX,-1438796.817,8002.5767029939425,8002.5767029939425
2026-08-18 10:15:21,8500.0,8522.0,Put DEX 2,DEX,-106.447,8002.5767029939425,8002.5767029939425
2026-08-18 10:16:11,6450.0,6467.0,Call DEX 5,DEX,65.378,8002.233044856098,8002.233044856098
2026-08-18 10:16:11,7400.0,7419.25,Call VEX 3,VEX,595780.896,8002.233044856098,8002.233044856098
2026-08-18 10:16:11,7500.0,7519.5,Call CEX 4,CEX,1327017.378,8002.233044856098,8002.233044856098
2026-08-18 10:16:11,7500.0,7519.5,Call DEX 1,DEX,316.614,8002.233044856098,8002.233044856098
2026-08-18 10:16:11,7500.0,7519.5,Call VEX 2,VEX,819385.105,8002.233044856098,8002.233044856098
2026-08-18 10:16:11,7550.0,7569.75,Call CEX 5,CEX,1213954.418,8002.233044856098,8002.233044856098
2026-08-18 10:16:11,7550.0,7569.75,Call DEX 3,DEX,146.551,8002.233044856098,8002.233044856098
2026-08-18 10:16:11,7550.0,7569.75,Call VEX 5,VEX,581678.776,8002.233044856098,8002.233044856098
2026-08-18 10:16:11,7600.0,7620.0,Call CEX 3,CEX,1793502.096,8002.233044856098,8002.233044856098
2026-08-18 10:16:11,7600.0,7620.0,Call DEX 2,DEX,201.229,8002.233044856098,8002.233044856098
2026-08-18 10:16:11,7600.0,7620.0,Call VEX 1,VEX,1048607.861,8002.233044856098,8002.233044856098
2026-08-18 10:16:11,7635.0,7655.0,Call CEX 1,CEX,2487318.013,8002.233044856098,8002.233044856098
2026-08-18 10:16:11,7650.0,7670.0,Call CEX 2,CEX,1916451.424,8002.233044856098,8002.233044856098
2026-08-18 10:16:11,7650.0,7670.0,Call DEX 4,DEX,77.498,8002.233044856098,8002.233044856098
2026-08-18 10:16:11,7650.0,7670.0,Call VEX 4,VEX,592301.911,8002.233044856098,8002.233044856098
2026-08-18 10:16:11,7695.0,7715.25,Put GEX 4,GEX,-276257.356,8002.233044856098,8002.233044856098
2026-08-18 10:16:11,7700.0,7720.25,Put GEX 1,GEX,-498444.743,8002.233044856098,8002.233044856098
2026-08-18 10:16:11,7710.0,7730.25,Put GEX 3,GEX,-449189.734,8002.233044856098,8002.233044856098
2026-08-18 10:16:11,7715.0,7735.25,Put GEX 5,GEX,-261743.749,8002.233044856098,8002.233044856098
2026-08-18 10:16:11,7720.0,7740.25,Put CEX 5,CEX,-1350704.181,8002.233044856098,8002.233044856098
2026-08-18 10:16:11,7720.0,7740.25,Put GEX 2,GEX,-475534.712,8002.233044856098,8002.233044856098
2026-08-18 10:16:11,7725.0,7745.25,Put CEX 4,CEX,-1644353.175,8002.233044856098,8002.233044856098
2026-08-18 10:16:11,7725.0,7745.25,Put DEX 5,DEX,-50.543,8002.233044856098,8002.233044856098
2026-08-18 10:16:11,7750.0,7770.25,Put CEX 2,CEX,-1837310.841,8002.233044856098,8002.233044856098
2026-08-18 10:16:11,7750.0,7770.25,Put DEX 4,DEX,-75.493,8002.233044856098,8002.233044856098
2026-08-18 10:16:11,7750.0,7770.25,Put VEX 3,VEX,-560033.564,8002.233044856098,8002.233044856098
2026-08-18 10:16:11,7775.0,7795.25,Call GEX 1,GEX,250017.29,8002.233044856098,8002.233044856098
2026-08-18 10:16:11,7775.0,7795.25,Put VEX 4,VEX,-326133.414,8002.233044856098,8002.233044856098
2026-08-18 10:16:11,7800.0,7820.5,Put CEX 3,CEX,-1704006.983,8002.233044856098,8002.233044856098
2026-08-18 10:16:11,7800.0,7820.5,Put DEX 3,DEX,-100.001,8002.233044856098,8002.233044856098
2026-08-18 10:16:11,7800.0,7820.5,Call GEX 2,GEX,226807.204,8002.233044856098,8002.233044856098
2026-08-18 10:16:11,7800.0,7820.5,Put VEX 2,VEX,-738430.85,8002.233044856098,8002.233044856098
2026-08-18 10:16:11,7825.0,7845.5,Call GEX 3,GEX,111616.198,8002.233044856098,8002.233044856098
2026-08-18 10:16:11,7850.0,7870.5,Call GEX 4,GEX,106271.528,8002.233044856098,8002.233044856098
2026-08-18 10:16:11,7900.0,7920.75,Call GEX 5,GEX,105543.757,8002.233044856098,8002.233044856098
2026-08-18 10:16:11,7900.0,7920.75,Put VEX 5,VEX,-200890.176,8002.233044856098,8002.233044856098
2026-08-18 10:16:11,8000.0,8021.0,Put CEX 1,CEX,-2525605.018,8002.233044856098,8002.233044856098
2026-08-18 10:16:11,8000.0,8021.0,Put DEX 1,DEX,-1018.255,8002.233044856098,8002.233044856098
2026-08-18 10:16:11,8000.0,8021.0,Put VEX 1,VEX,-1350639.832,8002.233044856098,8002.233044856098
2026-08-18 10:16:11,8500.0,8522.25,Put DEX 2,DEX,-106.582,8002.233044856098,8002.233044856098
2026-08-18 10:17:07,7400.0,7419.0,Call VEX 3,VEX,614219.427,8001.8856856245,8001.8856856245
2026-08-18 10:17:07,7500.0,7519.25,Call CEX 4,CEX,1343785.337,8001.8856856245,8001.8856856245
2026-08-18 10:17:07,7500.0,7519.25,Call DEX 1,DEX,316.032,8001.8856856245,8001.8856856245
2026-08-18 10:17:07,7500.0,7519.25,Call VEX 2,VEX,827059.221,8001.8856856245,8001.8856856245
2026-08-18 10:17:07,7550.0,7569.5,Call CEX 5,CEX,1227283.441,8001.8856856245,8001.8856856245
2026-08-18 10:17:07,7550.0,7569.5,Call DEX 3,DEX,146.161,8001.8856856245,8001.8856856245
2026-08-18 10:17:07,7550.0,7569.5,Call VEX 5,VEX,584390.517,8001.8856856245,8001.8856856245
2026-08-18 10:17:07,7600.0,7619.5,Call CEX 3,CEX,1815282.869,8001.8856856245,8001.8856856245
2026-08-18 10:17:07,7600.0,7619.5,Call DEX 2,DEX,199.547,8001.8856856245,8001.8856856245
2026-08-18 10:17:07,7600.0,7619.5,Call VEX 1,VEX,1051029.87,8001.8856856245,8001.8856856245
2026-08-18 10:17:07,7625.0,7644.5,Call DEX 5,DEX,61.62,8001.8856856245,8001.8856856245
2026-08-18 10:17:07,7635.0,7654.5,Call CEX 1,CEX,2764428.369,8001.8856856245,8001.8856856245
2026-08-18 10:17:07,7650.0,7669.75,Call CEX 2,CEX,2070632.895,8001.8856856245,8001.8856856245
2026-08-18 10:17:07,7650.0,7669.75,Call DEX 4,DEX,75.761,8001.8856856245,8001.8856856245
2026-08-18 10:17:07,7650.0,7669.75,Call VEX 4,VEX,589993.608,8001.8856856245,8001.8856856245
2026-08-18 10:17:07,7690.0,7709.75,Put GEX 5,GEX,-252654.13,8001.8856856245,8001.8856856245
2026-08-18 10:17:07,7695.0,7714.75,Put GEX 4,GEX,-289002.449,8001.8856856245,8001.8856856245
2026-08-18 10:17:07,7700.0,7719.75,Put GEX 1,GEX,-528229.288,8001.8856856245,8001.8856856245
2026-08-18 10:17:07,7710.0,7729.75,Put CEX 5,CEX,-1045688.443,8001.8856856245,8001.8856856245
2026-08-18 10:17:07,7710.0,7729.75,Put GEX 2,GEX,-446856.58,8001.8856856245,8001.8856856245
2026-08-18 10:17:07,7720.0,7739.75,Put CEX 4,CEX,-1152319.434,8001.8856856245,8001.8856856245
2026-08-18 10:17:07,7720.0,7739.75,Put DEX 5,DEX,-46.599,8001.8856856245,8001.8856856245
2026-08-18 10:17:07,7720.0,7739.75,Put GEX 3,GEX,-423930.982,8001.8856856245,8001.8856856245
2026-08-18 10:17:07,7750.0,7770.0,Put CEX 2,CEX,-1847078.562,8001.8856856245,8001.8856856245
2026-08-18 10:17:07,7750.0,7770.0,Put DEX 4,DEX,-77.861,8001.8856856245,8001.8856856245
2026-08-18 10:17:07,7750.0,7770.0,Put VEX 3,VEX,-570406.253,8001.8856856245,8001.8856856245
2026-08-18 10:17:07,7775.0,7795.0,Call GEX 1,GEX,240775.674,8001.8856856245,8001.8856856245
2026-08-18 10:17:07,7775.0,7795.0,Put VEX 4,VEX,-324249.022,8001.8856856245,8001.8856856245
2026-08-18 10:17:07,7800.0,7820.0,Put CEX 3,CEX,-1684649.961,8001.8856856245,8001.8856856245
2026-08-18 10:17:07,7800.0,7820.0,Put DEX 3,DEX,-101.175,8001.8856856245,8001.8856856245
2026-08-18 10:17:07,7800.0,7820.0,Call GEX 2,GEX,218699.203,8001.8856856245,8001.8856856245
2026-08-18 10:17:07,7800.0,7820.0,Put VEX 2,VEX,-732970.307,8001.8856856245,8001.8856856245
2026-08-18 10:17:07,7825.0,7845.0,Call GEX 3,GEX,109176.119,8001.8856856245,8001.8856856245
2026-08-18 10:17:07,7850.0,7870.25,Call GEX 4,GEX,104149.508,8001.8856856245,8001.8856856245
2026-08-18 10:17:07,7900.0,7920.25,Call GEX 5,GEX,102276.601,8001.8856856245,8001.8856856245
2026-08-18 10:17:07,7900.0,7920.25,Put VEX 5,VEX,-197518.295,8001.8856856245,8001.8856856245
2026-08-18 10:17:07,8000.0,8020.5,Put CEX 1,CEX,-2383996.59,8001.8856856245,8001.8856856245
2026-08-18 10:17:07,8000.0,8020.5,Put DEX 1,DEX,-1020.291,8001.8856856245,8001.8856856245
2026-08-18 10:17:07,8000.0,8020.5,Put VEX 1,VEX,-1278094.671,8001.8856856245,8001.8856856245
2026-08-18 10:17:07,8500.0,8521.75,Put DEX 2,DEX,-106.687,8001.8856856245,8001.8856856245
2026-08-18 10:18:04,7400.0,7419.25,Call VEX 3,VEX,606757.258,8002.349879804631,8002.349879804631
2026-08-18 10:18:04,7500.0,7519.5,Call CEX 4,CEX,1342459.479,8002.349879804631,8002.349879804631
2026-08-18 10:18:04,7500.0,7519.5,Call DEX 1,DEX,316.094,8002.349879804631,8002.349879804631
2026-08-18 10:18:04,7500.0,7519.5,Call VEX 2,VEX,827248.476,8002.349879804631,8002.349879804631
2026-08-18 10:18:04,7550.0,7569.5,Call CEX 5,CEX,1219790.387,8002.349879804631,8002.349879804631
2026-08-18 10:18:04,7550.0,7569.5,Call DEX 3,DEX,146.292,8002.349879804631,8002.349879804631
2026-08-18 10:18:04,7550.0,7569.5,Call VEX 5,VEX,582705.192,8002.349879804631,8002.349879804631
2026-08-18 10:18:04,7600.0,7619.75,Call CEX 3,CEX,1864082.892,8002.349879804631,8002.349879804631
2026-08-18 10:18:04,7600.0,7619.75,Call DEX 2,DEX,199.81,8002.349879804631,8002.349879804631
2026-08-18 10:18:04,7600.0,7619.75,Call VEX 1,VEX,1051728.205,8002.349879804631,8002.349879804631
2026-08-18 10:18:04,7625.0,7644.75,Call DEX 5,DEX,61.763,8002.349879804631,8002.349879804631
2026-08-18 10:18:04,7635.0,7654.75,Call CEX 1,CEX,2772379.714,8002.349879804631,8002.349879804631
2026-08-18 10:18:04,7650.0,7669.75,Call CEX 2,CEX,2073066.81,8002.349879804631,8002.349879804631
2026-08-18 10:18:04,7650.0,7669.75,Call DEX 4,DEX,75.886,8002.349879804631,8002.349879804631
2026-08-18 10:18:04,7650.0,7669.75,Call VEX 4,VEX,590459.211,8002.349879804631,8002.349879804631
2026-08-18 10:18:04,7690.0,7710.0,Put GEX 5,GEX,-251915.227,8002.349879804631,8002.349879804631
2026-08-18 10:18:04,7695.0,7715.0,Put GEX 4,GEX,-288617.629,8002.349879804631,8002.349879804631
2026-08-18 10:18:04,7700.0,7720.0,Put GEX 1,GEX,-533934.334,8002.349879804631,8002.349879804631
2026-08-18 10:18:04,7710.0,7730.0,Put CEX 5,CEX,-1048175.83,8002.349879804631,8002.349879804631
2026-08-18 10:18:04,7710.0,7730.0,Put GEX 2,GEX,-450676.359,8002.349879804631,8002.349879804631
2026-08-18 10:18:04,7720.0,7740.0,Put CEX 4,CEX,-1220652.828,8002.349879804631,8002.349879804631
2026-08-18 10:18:04,7720.0,7740.0,Put DEX 5,DEX,-46.369,8002.349879804631,8002.349879804631
2026-08-18 10:18:04,7720.0,7740.0,Put GEX 3,GEX,-434693.22,8002.349879804631,8002.349879804631
2026-08-18 10:18:04,7750.0,7770.0,Put CEX 2,CEX,-1849803.652,8002.349879804631,8002.349879804631
2026-08-18 10:18:04,7750.0,7770.0,Put DEX 4,DEX,-77.82,8002.349879804631,8002.349879804631
2026-08-18 10:18:04,7750.0,7770.0,Put VEX 3,VEX,-570488.819,8002.349879804631,8002.349879804631
2026-08-18 10:18:04,7775.0,7795.0,Call GEX 1,GEX,241116.346,8002.349879804631,8002.349879804631
2026-08-18 10:18:04,7775.0,7795.0,Put VEX 4,VEX,-324249.825,8002.349879804631,8002.349879804631
2026-08-18 10:18:04,7800.0,7820.25,Put CEX 3,CEX,-1682746.589,8002.349879804631,8002.349879804631
2026-08-18 10:18:04,7800.0,7820.25,Put DEX 3,DEX,-101.215,8002.349879804631,8002.349879804631
2026-08-18 10:18:04,7800.0,7820.25,Call GEX 2,GEX,218537.182,8002.349879804631,8002.349879804631
2026-08-18 10:18:04,7800.0,7820.25,Put VEX 2,VEX,-732302.176,8002.349879804631,8002.349879804631
2026-08-18 10:18:04,7825.0,7845.25,Call GEX 3,GEX,109285.172,8002.349879804631,8002.349879804631
2026-08-18 10:18:04,7850.0,7870.25,Call GEX 4,GEX,103713.398,8002.349879804631,8002.349879804631
2026-08-18 10:18:04,7900.0,7920.5,Call GEX 5,GEX,100874.41,8002.349879804631,8002.349879804631
2026-08-18 10:18:04,7900.0,7920.5,Put VEX 5,VEX,-194967.125,8002.349879804631,8002.349879804631
2026-08-18 10:18:04,8000.0,8020.75,Put CEX 1,CEX,-2559444.714,8002.349879804631,8002.349879804631
2026-08-18 10:18:04,8000.0,8020.75,Put DEX 1,DEX,-1017.353,8002.349879804631,8002.349879804631
2026-08-18 10:18:04,8000.0,8020.75,Put VEX 1,VEX,-1365206.849,8002.349879804631,8002.349879804631
2026-08-18 10:18:04,8500.0,8522.0,Put DEX 2,DEX,-106.515,8002.349879804631,8002.349879804631
2026-08-18 10:19:02,7400.0,7419.0,Call VEX 3,VEX,594660.036,8002.705502835648,8002.705502835648
2026-08-18 10:19:02,7500.0,7519.25,Call CEX 5,CEX,1161856.356,8002.705502835648,8002.705502835648
2026-08-18 10:19:02,7500.0,7519.25,Call DEX 1,DEX,318.347,8002.705502835648,8002.705502835648
2026-08-18 10:19:02,7500.0,7519.25,Call VEX 2,VEX,730125.132,8002.705502835648,8002.705502835648
2026-08-18 10:19:02,7550.0,7569.25,Call CEX 4,CEX,1182421.966,8002.705502835648,8002.705502835648
2026-08-18 10:19:02,7550.0,7569.25,Call DEX 3,DEX,147.069,8002.705502835648,8002.705502835648
2026-08-18 10:19:02,7550.0,7569.25,Call VEX 5,VEX,570981.59,8002.705502835648,8002.705502835648
2026-08-18 10:19:02,7600.0,7619.5,Call CEX 3,CEX,1825801.275,8002.705502835648,8002.705502835648
2026-08-18 10:19:02,7600.0,7619.5,Call DEX 2,DEX,200.586,8002.705502835648,8002.705502835648
2026-08-18 10:19:02,7600.0,7619.5,Call VEX 1,VEX,1045710.349,8002.705502835648,8002.705502835648
2026-08-18 10:19:02,7625.0,7644.5,Call DEX 5,DEX,61.767,8002.705502835648,8002.705502835648
2026-08-18 10:19:02,7635.0,7654.5,Call CEX 1,CEX,3006903.274,8002.705502835648,8002.705502835648
2026-08-18 10:19:02,7650.0,7669.5,Call CEX 2,CEX,2067117.57,8002.705502835648,8002.705502835648
2026-08-18 10:19:02,7650.0,7669.5,Call DEX 4,DEX,75.863,8002.705502835648,8002.705502835648
2026-08-18 10:19:02,7650.0,7669.5,Call VEX 4,VEX,589930.815,8002.705502835648,8002.705502835648
2026-08-18 10:19:02,7695.0,7714.75,Put GEX 4,GEX,-284690.646,8002.705502835648,8002.705502835648
2026-08-18 10:19:02,7700.0,7719.75,Put GEX 1,GEX,-493504.84,8002.705502835648,8002.705502835648
2026-08-18 10:19:02,7710.0,7729.75,Put GEX 3,GEX,-420648.239,8002.705502835648,8002.705502835648
2026-08-18 10:19:02,7720.0,7739.75,Put CEX 5,CEX,-1374702.787,8002.705502835648,8002.705502835648
2026-08-18 10:19:02,7720.0,7739.75,Put GEX 2,GEX,-450758.409,8002.705502835648,8002.705502835648
2026-08-18 10:19:02,7725.0,7744.75,Put CEX 2,CEX,-1940817.186,8002.705502835648,8002.705502835648
2026-08-18 10:19:02,7735.0,7754.75,Put DEX 5,DEX,-52.75,8002.705502835648,8002.705502835648
2026-08-18 10:19:02,7735.0,7754.75,Put GEX 5,GEX,-260462.326,8002.705502835648,8002.705502835648
2026-08-18 10:19:02,7750.0,7769.75,Put CEX 3,CEX,-1801698.623,8002.705502835648,8002.705502835648
2026-08-18 10:19:02,7750.0,7769.75,Put DEX 4,DEX,-78.159,8002.705502835648,8002.705502835648
2026-08-18 10:19:02,7750.0,7769.75,Put VEX 3,VEX,-571051.802,8002.705502835648,8002.705502835648
2026-08-18 10:19:02,7775.0,7795.0,Call GEX 1,GEX,239710.252,8002.705502835648,8002.705502835648
2026-08-18 10:19:02,7775.0,7795.0,Put VEX 4,VEX,-324386.204,8002.705502835648,8002.705502835648
2026-08-18 10:19:02,7800.0,7820.0,Put CEX 4,CEX,-1686740.249,8002.705502835648,8002.705502835648
2026-08-18 10:19:02,7800.0,7820.0,Put DEX 3,DEX,-101.029,8002.705502835648,8002.705502835648
2026-08-18 10:19:02,7800.0,7820.0,Call GEX 2,GEX,211890.979,8002.705502835648,8002.705502835648
2026-08-18 10:19:02,7800.0,7820.0,Put VEX 2,VEX,-733314.668,8002.705502835648,8002.705502835648
2026-08-18 10:19:02,7825.0,7845.0,Call GEX 3,GEX,108188.115,8002.705502835648,8002.705502835648
2026-08-18 10:19:02,7850.0,7870.0,Call GEX 4,GEX,102580.765,8002.705502835648,8002.705502835648
2026-08-18 10:19:02,7900.0,7920.25,Call GEX 5,GEX,100258.753,8002.705502835648,8002.705502835648
2026-08-18 10:19:02,7900.0,7920.25,Put VEX 5,VEX,-193546.334,8002.705502835648,8002.705502835648
2026-08-18 10:19:02,8000.0,8020.5,Put CEX 1,CEX,-2732712.874,8002.705502835648,8002.705502835648
2026-08-18 10:19:02,8000.0,8020.5,Put DEX 1,DEX,-1012.11,8002.705502835648,8002.705502835648
2026-08-18 10:19:02,8000.0,8020.5,Put VEX 1,VEX,-1451224.075,8002.705502835648,8002.705502835648
2026-08-18 10:19:02,8500.0,8521.75,Put DEX 2,DEX,-106.246,8002.705502835648,8002.705502835648
2026-08-18 10:19:54,7400.0,7419.25,Call VEX 3,VEX,603473.879,8002.582352242525,8002.582352242525
2026-08-18 10:19:54,7500.0,7519.5,Call CEX 4,CEX,1311811.019,8002.582352242525,8002.582352242525
2026-08-18 10:19:54,7500.0,7519.5,Call DEX 1,DEX,314.449,8002.582352242525,8002.582352242525
2026-08-18 10:19:54,7500.0,7519.5,Call VEX 2,VEX,810559.912,8002.582352242525,8002.582352242525
2026-08-18 10:19:54,7550.0,7569.5,Call CEX 5,CEX,1208289.812,8002.582352242525,8002.582352242525
2026-08-18 10:19:54,7550.0,7569.5,Call DEX 3,DEX,146.408,8002.582352242525,8002.582352242525
2026-08-18 10:19:54,7550.0,7569.5,Call VEX 5,VEX,580066.076,8002.582352242525,8002.582352242525
2026-08-18 10:19:54,7600.0,7619.75,Call CEX 3,CEX,1852648.779,8002.582352242525,8002.582352242525
2026-08-18 10:19:54,7600.0,7619.75,Call DEX 2,DEX,199.846,8002.582352242525,8002.582352242525
2026-08-18 10:19:54,7600.0,7619.75,Call VEX 1,VEX,1049451.938,8002.582352242525,8002.582352242525
2026-08-18 10:19:54,7625.0,7644.75,Call DEX 5,DEX,61.63,8002.582352242525,8002.582352242525
2026-08-18 10:19:54,7635.0,7654.75,Call CEX 1,CEX,3019350.225,8002.582352242525,8002.582352242525
2026-08-18 10:19:54,7650.0,7669.75,Call CEX 2,CEX,2079750.306,8002.582352242525,8002.582352242525
2026-08-18 10:19:54,7650.0,7669.75,Call DEX 4,DEX,75.621,8002.582352242525,8002.582352242525
2026-08-18 10:19:54,7650.0,7669.75,Call VEX 4,VEX,589278.79,8002.582352242525,8002.582352242525
2026-08-18 10:19:54,7690.0,7710.0,Put GEX 5,GEX,-252640.113,8002.582352242525,8002.582352242525
2026-08-18 10:19:54,7695.0,7715.0,Put GEX 4,GEX,-288739.233,8002.582352242525,8002.582352242525
2026-08-18 10:19:54,7700.0,7720.0,Put GEX 1,GEX,-511881.485,8002.582352242525,8002.582352242525
2026-08-18 10:19:54,7710.0,7730.0,Put GEX 3,GEX,-435555.189,8002.582352242525,8002.582352242525
2026-08-18 10:19:54,7720.0,7740.0,Put CEX 5,CEX,-1322299.633,8002.582352242525,8002.582352242525
2026-08-18 10:19:54,7720.0,7740.0,Put GEX 2,GEX,-444606.098,8002.582352242525,8002.582352242525
2026-08-18 10:19:54,7725.0,7745.0,Put CEX 4,CEX,-1537400.963,8002.582352242525,8002.582352242525
2026-08-18 10:19:54,7725.0,7745.0,Put DEX 5,DEX,-52.625,8002.582352242525,8002.582352242525
2026-08-18 10:19:54,7750.0,7770.0,Put CEX 2,CEX,-1802913.248,8002.582352242525,8002.582352242525
2026-08-18 10:19:54,7750.0,7770.0,Put DEX 4,DEX,-78.404,8002.582352242525,8002.582352242525
2026-08-18 10:19:54,7750.0,7770.0,Put VEX 3,VEX,-571168.271,8002.582352242525,8002.582352242525
2026-08-18 10:19:54,7775.0,7795.25,Call GEX 1,GEX,239737.706,8002.582352242525,8002.582352242525
2026-08-18 10:19:54,7775.0,7795.25,Put VEX 4,VEX,-324267.49,8002.582352242525,8002.582352242525
2026-08-18 10:19:54,7800.0,7820.25,Put CEX 3,CEX,-1683178.925,8002.582352242525,8002.582352242525
2026-08-18 10:19:54,7800.0,7820.25,Put DEX 3,DEX,-101.467,8002.582352242525,8002.582352242525
2026-08-18 10:19:54,7800.0,7820.25,Call GEX 2,GEX,215279.631,8002.582352242525,8002.582352242525
2026-08-18 10:19:54,7800.0,7820.25,Put VEX 2,VEX,-731298.884,8002.582352242525,8002.582352242525
2026-08-18 10:19:54,7825.0,7845.25,Call GEX 3,GEX,107745.618,8002.582352242525,8002.582352242525
2026-08-18 10:19:54,7850.0,7870.5,Call GEX 4,GEX,102606.083,8002.582352242525,8002.582352242525
2026-08-18 10:19:54,7900.0,7920.5,Call GEX 5,GEX,100496.183,8002.582352242525,8002.582352242525
2026-08-18 10:19:54,7900.0,7920.5,Put VEX 5,VEX,-194090.722,8002.582352242525,8002.582352242525
2026-08-18 10:19:54,8000.0,8020.75,Put CEX 1,CEX,-2662867.522,8002.582352242525,8002.582352242525
2026-08-18 10:19:54,8000.0,8020.75,Put DEX 1,DEX,-1013.875,8002.582352242525,8002.582352242525
2026-08-18 10:19:54,8000.0,8020.75,Put VEX 1,VEX,-1416280.018,8002.582352242525,8002.582352242525
2026-08-18 10:19:54,8500.0,8522.0,Put DEX 2,DEX,-106.338,8002.582352242525,8002.582352242525
2026-08-18 10:20:40,7400.0,7419.5,Call VEX 3,VEX,602866.64,8002.08242932741,8002.08242932741
2026-08-18 10:20:40,7450.0,7469.5,Call DEX 4,DEX,94.337,8002.08242932741,8002.08242932741
2026-08-18 10:20:40,7500.0,7519.75,Call CEX 4,CEX,1358320.54,8002.08242932741,8002.08242932741
2026-08-18 10:20:40,7500.0,7519.75,Call DEX 1,DEX,313.639,8002.08242932741,8002.08242932741
2026-08-18 10:20:40,7500.0,7519.75,Call VEX 2,VEX,833873.01,8002.08242932741,8002.08242932741
2026-08-18 10:20:40,7550.0,7570.0,Call CEX 5,CEX,1237523.035,8002.08242932741,8002.08242932741
2026-08-18 10:20:40,7550.0,7570.0,Call DEX 3,DEX,147.571,8002.08242932741,8002.08242932741
2026-08-18 10:20:40,7550.0,7570.0,Call VEX 5,VEX,584677.493,8002.08242932741,8002.08242932741
2026-08-18 10:20:40,7600.0,7620.0,Call CEX 3,CEX,1879542.739,8002.08242932741,8002.08242932741
2026-08-18 10:20:40,7600.0,7620.0,Call DEX 2,DEX,199.628,8002.08242932741,8002.08242932741
2026-08-18 10:20:40,7600.0,7620.0,Call VEX 1,VEX,1052788.831,8002.08242932741,8002.08242932741
2026-08-18 10:20:40,7635.0,7655.0,Call CEX 1,CEX,3026822.84,8002.08242932741,8002.08242932741
2026-08-18 10:20:40,7650.0,7670.25,Call CEX 2,CEX,2154352.642,8002.08242932741,8002.08242932741
2026-08-18 10:20:40,7650.0,7670.25,Call DEX 5,DEX,75.777,8002.08242932741,8002.08242932741
2026-08-18 10:20:40,7650.0,7670.25,Call VEX 4,VEX,592169.802,8002.08242932741,8002.08242932741
2026-08-18 10:20:40,7690.0,7710.25,Put GEX 5,GEX,-253194.671,8002.08242932741,8002.08242932741
2026-08-18 10:20:40,7695.0,7715.25,Put GEX 4,GEX,-292234.523,8002.08242932741,8002.08242932741
2026-08-18 10:20:40,7700.0,7720.25,Put GEX 1,GEX,-542100.109,8002.08242932741,8002.08242932741
2026-08-18 10:20:40,7710.0,7730.25,Put CEX 4,CEX,-1099353.463,8002.08242932741,8002.08242932741
2026-08-18 10:20:40,7710.0,7730.25,Put GEX 2,GEX,-461743.412,8002.08242932741,8002.08242932741
2026-08-18 10:20:40,7715.0,7735.25,Put CEX 5,CEX,-1054097.452,8002.08242932741,8002.08242932741
2026-08-18 10:20:40,7720.0,7740.25,Put DEX 5,DEX,-46.954,8002.08242932741,8002.08242932741
2026-08-18 10:20:40,7720.0,7740.25,Put GEX 3,GEX,-400280.22,8002.08242932741,8002.08242932741
2026-08-18 10:20:40,7750.0,7770.5,Put CEX 2,CEX,-1804959.689,8002.08242932741,8002.08242932741
2026-08-18 10:20:40,7750.0,7770.5,Put DEX 4,DEX,-78.325,8002.08242932741,8002.08242932741
2026-08-18 10:20:40,7750.0,7770.5,Put VEX 3,VEX,-570461.365,8002.08242932741,8002.08242932741
2026-08-18 10:20:40,7775.0,7795.5,Call GEX 1,GEX,240747.68,8002.08242932741,8002.08242932741
2026-08-18 10:20:40,7775.0,7795.5,Put VEX 4,VEX,-323954.288,8002.08242932741,8002.08242932741
2026-08-18 10:20:40,7800.0,7820.5,Put CEX 3,CEX,-1679829.436,8002.08242932741,8002.08242932741
2026-08-18 10:20:40,7800.0,7820.5,Put DEX 3,DEX,-101.771,8002.08242932741,8002.08242932741
2026-08-18 10:20:40,7800.0,7820.5,Call GEX 2,GEX,217076.038,8002.08242932741,8002.08242932741
2026-08-18 10:20:40,7800.0,7820.5,Put VEX 2,VEX,-729028.025,8002.08242932741,8002.08242932741
2026-08-18 10:20:40,7825.0,7845.5,Call GEX 3,GEX,107957.674,8002.08242932741,8002.08242932741
2026-08-18 10:20:40,7850.0,7870.75,Call GEX 4,GEX,102841.783,8002.08242932741,8002.08242932741
2026-08-18 10:20:40,7900.0,7920.75,Call GEX 5,GEX,100260.529,8002.08242932741,8002.08242932741
2026-08-18 10:20:40,7900.0,7920.75,Put VEX 5,VEX,-194953.544,8002.08242932741,8002.08242932741
2026-08-18 10:20:40,8000.0,8021.0,Put CEX 1,CEX,-2441946.349,8002.08242932741,8002.08242932741
2026-08-18 10:20:40,8000.0,8021.0,Put DEX 1,DEX,-1020.066,8002.08242932741,8002.08242932741
2026-08-18 10:20:40,8000.0,8021.0,Put VEX 1,VEX,-1305058.504,8002.08242932741,8002.08242932741
2026-08-18 10:20:40,8500.0,8522.5,Put DEX 2,DEX,-106.621,8002.08242932741,8002.08242932741
2026-08-18 10:21:29,7400.0,7419.25,Call VEX 3,VEX,603662.748,8002.705600823228,8002.705600823228
2026-08-18 10:21:29,7500.0,7519.5,Call DEX 1,DEX,319.151,8002.705600823228,8002.705600823228
2026-08-18 10:21:29,7500.0,7519.5,Call VEX 2,VEX,623886.818,8002.705600823228,8002.705600823228
2026-08-18 10:21:29,7550.0,7569.5,Call CEX 4,CEX,1183049.72,8002.705600823228,8002.705600823228
2026-08-18 10:21:29,7550.0,7569.5,Call DEX 3,DEX,146.103,8002.705600823228,8002.705600823228
2026-08-18 10:21:29,7550.0,7569.5,Call VEX 5,VEX,569515.617,8002.705600823228,8002.705600823228
2026-08-18 10:21:29,7600.0,7619.75,Call CEX 3,CEX,1824878.811,8002.705600823228,8002.705600823228
2026-08-18 10:21:29,7600.0,7619.75,Call DEX 2,DEX,201.101,8002.705600823228,8002.705600823228
2026-08-18 10:21:29,7600.0,7619.75,Call VEX 1,VEX,1044942.481,8002.705600823228,8002.705600823228
2026-08-18 10:21:29,7625.0,7644.75,Call DEX 5,DEX,62.02,8002.705600823228,8002.705600823228
2026-08-18 10:21:29,7635.0,7654.75,Call CEX 1,CEX,3027306.924,8002.705600823228,8002.705600823228
2026-08-18 10:21:29,7650.0,7669.75,Call CEX 2,CEX,2084979.795,8002.705600823228,8002.705600823228
2026-08-18 10:21:29,7650.0,7669.75,Call DEX 4,DEX,76.499,8002.705600823228,8002.705600823228
2026-08-18 10:21:29,7650.0,7669.75,Call VEX 4,VEX,592600.132,8002.705600823228,8002.705600823228
2026-08-18 10:21:29,7675.0,7694.75,Call CEX 5,CEX,1151961.439,8002.705600823228,8002.705600823228
2026-08-18 10:21:29,7690.0,7710.0,Put GEX 5,GEX,-248082.399,8002.705600823228,8002.705600823228
2026-08-18 10:21:29,7695.0,7715.0,Put GEX 4,GEX,-283766.134,8002.705600823228,8002.705600823228
2026-08-18 10:21:29,7700.0,7720.0,Put GEX 1,GEX,-500822.38,8002.705600823228,8002.705600823228
2026-08-18 10:21:29,7710.0,7730.0,Put GEX 3,GEX,-440692.714,8002.705600823228,8002.705600823228
2026-08-18 10:21:29,7720.0,7740.0,Put CEX 5,CEX,-1362876.711,8002.705600823228,8002.705600823228
2026-08-18 10:21:29,7720.0,7740.0,Put GEX 2,GEX,-456783.428,8002.705600823228,8002.705600823228
2026-08-18 10:21:29,7725.0,7745.0,Put CEX 2,CEX,-1809512.109,8002.705600823228,8002.705600823228
2026-08-18 10:21:29,7725.0,7745.0,Put DEX 5,DEX,-51.606,8002.705600823228,8002.705600823228
2026-08-18 10:21:29,7750.0,7770.0,Put CEX 3,CEX,-1803883.903,8002.705600823228,8002.705600823228
2026-08-18 10:21:29,7750.0,7770.0,Put DEX 4,DEX,-77.439,8002.705600823228,8002.705600823228
2026-08-18 10:21:29,7750.0,7770.0,Put VEX 3,VEX,-567672.306,8002.705600823228,8002.705600823228
2026-08-18 10:21:29,7775.0,7795.0,Call GEX 1,GEX,241827.217,8002.705600823228,8002.705600823228
2026-08-18 10:21:29,7775.0,7795.0,Put VEX 4,VEX,-324121.75,8002.705600823228,8002.705600823228
2026-08-18 10:21:29,7800.0,7820.25,Put CEX 4,CEX,-1692254.073,8002.705600823228,8002.705600823228
2026-08-18 10:21:29,7800.0,7820.25,Put DEX 3,DEX,-100.871,8002.705600823228,8002.705600823228
2026-08-18 10:21:29,7800.0,7820.25,Call GEX 2,GEX,213782.296,8002.705600823228,8002.705600823228
2026-08-18 10:21:29,7800.0,7820.25,Put VEX 2,VEX,-732839.345,8002.705600823228,8002.705600823228
2026-08-18 10:21:29,7825.0,7845.25,Call GEX 3,GEX,105842.02,8002.705600823228,8002.705600823228
2026-08-18 10:21:29,7850.0,7870.25,Call GEX 4,GEX,102996.195,8002.705600823228,8002.705600823228
2026-08-18 10:21:29,7900.0,7920.5,Call GEX 5,GEX,100281.972,8002.705600823228,8002.705600823228
2026-08-18 10:21:29,7900.0,7920.5,Put VEX 5,VEX,-195153.419,8002.705600823228,8002.705600823228
2026-08-18 10:21:29,8000.0,8020.75,Put CEX 1,CEX,-2726492.541,8002.705600823228,8002.705600823228
2026-08-18 10:21:29,8000.0,8020.75,Put DEX 1,DEX,-1013.329,8002.705600823228,8002.705600823228
2026-08-18 10:21:29,8000.0,8020.75,Put VEX 1,VEX,-1448013.996,8002.705600823228,8002.705600823228
2026-08-18 10:21:29,8500.0,8522.0,Put DEX 2,DEX,-106.297,8002.705600823228,8002.705600823228
2026-08-18 10:22:18,7400.0,7419.0,Call VEX 4,VEX,594333.02,8002.601238621537,8002.601238621537
2026-08-18 10:22:18,7500.0,7519.25,Call CEX 4,CEX,1223487.333,8002.601238621537,8002.601238621537
2026-08-18 10:22:18,7500.0,7519.25,Call DEX 1,DEX,316.173,8002.601238621537,8002.601238621537
2026-08-18 10:22:18,7500.0,7519.25,Call VEX 2,VEX,769868.343,8002.601238621537,8002.601238621537
2026-08-18 10:22:18,7550.0,7569.5,Call DEX 3,DEX,147.023,8002.601238621537,8002.601238621537
2026-08-18 10:22:18,7550.0,7569.5,Call VEX 5,VEX,557615.996,8002.601238621537,8002.601238621537
2026-08-18 10:22:18,7600.0,7619.5,Call CEX 3,CEX,1824818.959,8002.601238621537,8002.601238621537
2026-08-18 10:22:18,7600.0,7619.5,Call DEX 2,DEX,202.614,8002.601238621537,8002.601238621537
2026-08-18 10:22:18,7600.0,7619.5,Call VEX 1,VEX,1041716.203,8002.601238621537,8002.601238621537
2026-08-18 10:22:18,7625.0,7644.75,Call DEX 5,DEX,62.49,8002.601238621537,8002.601238621537
2026-08-18 10:22:18,7635.0,7654.75,Call CEX 1,CEX,3020974.591,8002.601238621537,8002.601238621537
2026-08-18 10:22:18,7650.0,7669.75,Call CEX 2,CEX,2090698.156,8002.601238621537,8002.601238621537
2026-08-18 10:22:18,7650.0,7669.75,Call DEX 4,DEX,77.686,8002.601238621537,8002.601238621537
2026-08-18 10:22:18,7650.0,7669.75,Call VEX 3,VEX,597319.538,8002.601238621537,8002.601238621537
2026-08-18 10:22:18,7695.0,7714.75,Put GEX 4,GEX,-276540.1,8002.601238621537,8002.601238621537
2026-08-18 10:22:18,7700.0,7719.75,Call CEX 5,CEX,1184119.738,8002.601238621537,8002.601238621537
2026-08-18 10:22:18,7700.0,7719.75,Put GEX 1,GEX,-491540.555,8002.601238621537,8002.601238621537
2026-08-18 10:22:18,7710.0,7729.75,Put GEX 3,GEX,-451260.675,8002.601238621537,8002.601238621537
2026-08-18 10:22:18,7715.0,7734.75,Put GEX 5,GEX,-258026.506,8002.601238621537,8002.601238621537
2026-08-18 10:22:18,7720.0,7740.0,Put CEX 5,CEX,-1383491.914,8002.601238621537,8002.601238621537
2026-08-18 10:22:18,7720.0,7740.0,Put GEX 2,GEX,-474734.571,8002.601238621537,8002.601238621537
2026-08-18 10:22:18,7725.0,7745.0,Put CEX 2,CEX,-1883074.496,8002.601238621537,8002.601238621537
2026-08-18 10:22:18,7725.0,7745.0,Put DEX 5,DEX,-50.537,8002.601238621537,8002.601238621537
2026-08-18 10:22:18,7750.0,7770.0,Put CEX 3,CEX,-1801113.664,8002.601238621537,8002.601238621537
2026-08-18 10:22:18,7750.0,7770.0,Put DEX 4,DEX,-75.997,8002.601238621537,8002.601238621537
2026-08-18 10:22:18,7750.0,7770.0,Put VEX 3,VEX,-561838.931,8002.601238621537,8002.601238621537
2026-08-18 10:22:18,7775.0,7795.0,Call GEX 1,GEX,245505.349,8002.601238621537,8002.601238621537
2026-08-18 10:22:18,7775.0,7795.0,Put VEX 4,VEX,-323967.738,8002.601238621537,8002.601238621537
2026-08-18 10:22:18,7800.0,7820.0,Put CEX 4,CEX,-1706429.227,8002.601238621537,8002.601238621537
2026-08-18 10:22:18,7800.0,7820.0,Put DEX 3,DEX,-99.899,8002.601238621537,8002.601238621537
2026-08-18 10:22:18,7800.0,7820.0,Call GEX 2,GEX,216092.5,8002.601238621537,8002.601238621537
2026-08-18 10:22:18,7800.0,7820.0,Put VEX 2,VEX,-736608.716,8002.601238621537,8002.601238621537
2026-08-18 10:22:18,7825.0,7845.25,Call GEX 3,GEX,107430.904,8002.601238621537,8002.601238621537
2026-08-18 10:22:18,7850.0,7870.25,Call GEX 4,GEX,105044.835,8002.601238621537,8002.601238621537
2026-08-18 10:22:18,7900.0,7920.25,Call GEX 5,GEX,101549.358,8002.601238621537,8002.601238621537
2026-08-18 10:22:18,7900.0,7920.25,Put VEX 5,VEX,-196252.216,8002.601238621537,8002.601238621537
2026-08-18 10:22:18,8000.0,8020.5,Put CEX 1,CEX,-2680303.878,8002.601238621537,8002.601238621537
2026-08-18 10:22:18,8000.0,8020.5,Put DEX 1,DEX,-1014.669,8002.601238621537,8002.601238621537
2026-08-18 10:22:18,8000.0,8020.5,Put VEX 1,VEX,-1424313.197,8002.601238621537,8002.601238621537
2026-08-18 10:22:18,8500.0,8522.0,Put DEX 2,DEX,-106.35,8002.601238621537,8002.601238621537
2026-08-18 10:23:06,7400.0,7419.5,Call VEX 3,VEX,604795.711,8002.290082045776,8002.290082045776
2026-08-18 10:23:06,7500.0,7519.75,Call CEX 4,CEX,1312395.463,8002.290082045776,8002.290082045776
2026-08-18 10:23:06,7500.0,7519.75,Call DEX 1,DEX,316.141,8002.290082045776,8002.290082045776
2026-08-18 10:23:06,7500.0,7519.75,Call VEX 2,VEX,809084.114,8002.290082045776,8002.290082045776
2026-08-18 10:23:06,7550.0,7569.75,Call CEX 5,CEX,1216339.36,8002.290082045776,8002.290082045776
2026-08-18 10:23:06,7550.0,7569.75,Call DEX 3,DEX,146.674,8002.290082045776,8002.290082045776
2026-08-18 10:23:06,7550.0,7569.75,Call VEX 5,VEX,578628.523,8002.290082045776,8002.290082045776
2026-08-18 10:23:06,7600.0,7620.0,Call CEX 3,CEX,1867206.072,8002.290082045776,8002.290082045776
2026-08-18 10:23:06,7600.0,7620.0,Call DEX 2,DEX,200.516,8002.290082045776,8002.290082045776
2026-08-18 10:23:06,7600.0,7620.0,Call VEX 1,VEX,1049963.766,8002.290082045776,8002.290082045776
2026-08-18 10:23:06,7625.0,7645.0,Call DEX 5,DEX,61.918,8002.290082045776,8002.290082045776
2026-08-18 10:23:06,7635.0,7655.0,Call CEX 1,CEX,3050564.335,8002.290082045776,8002.290082045776
2026-08-18 10:23:06,7650.0,7670.0,Call CEX 2,CEX,2101642.979,8002.290082045776,8002.290082045776
2026-08-18 10:23:06,7650.0,7670.0,Call DEX 4,DEX,76.392,8002.290082045776,8002.290082045776
2026-08-18 10:23:06,7650.0,7670.0,Call VEX 4,VEX,592453.907,8002.290082045776,8002.290082045776
2026-08-18 10:23:06,7690.0,7710.25,Put GEX 5,GEX,-250118.017,8002.290082045776,8002.290082045776
2026-08-18 10:23:06,7695.0,7715.25,Put GEX 4,GEX,-287880.122,8002.290082045776,8002.290082045776
2026-08-18 10:23:06,7700.0,7720.25,Put GEX 1,GEX,-520988.309,8002.290082045776,8002.290082045776
2026-08-18 10:23:06,7710.0,7730.25,Put GEX 2,GEX,-451212.19,8002.290082045776,8002.290082045776
2026-08-18 10:23:06,7715.0,7735.25,Put CEX 5,CEX,-1050402.054,8002.290082045776,8002.290082045776
2026-08-18 10:23:06,7720.0,7740.25,Put CEX 4,CEX,-1317621.989,8002.290082045776,8002.290082045776
2026-08-18 10:23:06,7720.0,7740.25,Put GEX 3,GEX,-450962.22,8002.290082045776,8002.290082045776
2026-08-18 10:23:06,7725.0,7745.25,Put DEX 5,DEX,-52.662,8002.290082045776,8002.290082045776
2026-08-18 10:23:06,7750.0,7770.25,Put CEX 2,CEX,-1809139.726,8002.290082045776,8002.290082045776
2026-08-18 10:23:06,7750.0,7770.25,Put DEX 4,DEX,-78.045,8002.290082045776,8002.290082045776
2026-08-18 10:23:06,7750.0,7770.25,Put VEX 3,VEX,-569224.699,8002.290082045776,8002.290082045776
2026-08-18 10:23:06,7775.0,7795.5,Call GEX 1,GEX,241659.632,8002.290082045776,8002.290082045776
2026-08-18 10:23:06,7775.0,7795.5,Put VEX 4,VEX,-323998.336,8002.290082045776,8002.290082045776
2026-08-18 10:23:06,7800.0,7820.5,Put CEX 3,CEX,-1685584.713,8002.290082045776,8002.290082045776
2026-08-18 10:23:06,7800.0,7820.5,Put DEX 3,DEX,-101.569,8002.290082045776,8002.290082045776
2026-08-18 10:23:06,7800.0,7820.5,Call GEX 2,GEX,216817.605,8002.290082045776,8002.290082045776
2026-08-18 10:23:06,7800.0,7820.5,Put VEX 2,VEX,-729531.645,8002.290082045776,8002.290082045776
2026-08-18 10:23:06,7825.0,7845.5,Call GEX 3,GEX,105902.476,8002.290082045776,8002.290082045776
2026-08-18 10:23:06,7850.0,7870.75,Call GEX 4,GEX,103836.127,8002.290082045776,8002.290082045776
2026-08-18 10:23:06,7900.0,7920.75,Call GEX 5,GEX,100571.244,8002.290082045776,8002.290082045776
2026-08-18 10:23:06,7900.0,7920.75,Put VEX 5,VEX,-194494.735,8002.290082045776,8002.290082045776
2026-08-18 10:23:06,8000.0,8021.0,Put CEX 1,CEX,-2529351.993,8002.290082045776,8002.290082045776
2026-08-18 10:23:06,8000.0,8021.0,Put DEX 1,DEX,-1018.225,8002.290082045776,8002.290082045776
2026-08-18 10:23:06,8000.0,8021.0,Put VEX 1,VEX,-1347252.608,8002.290082045776,8002.290082045776
2026-08-18 10:23:06,8500.0,8522.25,Put DEX 2,DEX,-106.566,8002.290082045776,8002.290082045776
2026-08-18 10:23:56,7400.0,7419.0,Call VEX 3,VEX,607814.868,8002.5339027862465,8002.5339027862465
2026-08-18 10:23:56,7500.0,7519.25,Call CEX 4,CEX,1318193.926,8002.5339027862465,8002.5339027862465
2026-08-18 10:23:56,7500.0,7519.25,Call DEX 1,DEX,314.306,8002.5339027862465,8002.5339027862465
2026-08-18 10:23:56,7500.0,7519.25,Call VEX 2,VEX,813064.874,8002.5339027862465,8002.5339027862465
2026-08-18 10:23:56,7550.0,7569.5,Call CEX 5,CEX,1220591.703,8002.5339027862465,8002.5339027862465
2026-08-18 10:23:56,7550.0,7569.5,Call DEX 3,DEX,146.309,8002.5339027862465,8002.5339027862465
2026-08-18 10:23:56,7550.0,7569.5,Call VEX 5,VEX,581202.894,8002.5339027862465,8002.5339027862465
2026-08-18 10:23:56,7600.0,7619.75,Call CEX 3,CEX,1873174.127,8002.5339027862465,8002.5339027862465
2026-08-18 10:23:56,7600.0,7619.75,Call DEX 2,DEX,199.446,8002.5339027862465,8002.5339027862465
2026-08-18 10:23:56,7600.0,7619.75,Call VEX 1,VEX,1052264.148,8002.5339027862465,8002.5339027862465
2026-08-18 10:23:56,7625.0,7644.75,Call DEX 5,DEX,61.557,8002.5339027862465,8002.5339027862465
2026-08-18 10:23:56,7635.0,7654.75,Call CEX 1,CEX,3073797.55,8002.5339027862465,8002.5339027862465
2026-08-18 10:23:56,7650.0,7669.75,Call CEX 2,CEX,2170371.771,8002.5339027862465,8002.5339027862465
2026-08-18 10:23:56,7650.0,7669.75,Call DEX 4,DEX,75.463,8002.5339027862465,8002.5339027862465
2026-08-18 10:23:56,7650.0,7669.75,Call VEX 4,VEX,590740.43,8002.5339027862465,8002.5339027862465
2026-08-18 10:23:56,7690.0,7709.75,Put GEX 5,GEX,-254832.729,8002.5339027862465,8002.5339027862465
2026-08-18 10:23:56,7695.0,7715.0,Put GEX 4,GEX,-292883.157,8002.5339027862465,8002.5339027862465
2026-08-18 10:23:56,7700.0,7720.0,Put GEX 1,GEX,-524200.955,8002.5339027862465,8002.5339027862465
2026-08-18 10:23:56,7710.0,7730.0,Put GEX 3,GEX,-436974.407,8002.5339027862465,8002.5339027862465
2026-08-18 10:23:56,7720.0,7740.0,Put CEX 5,CEX,-1318971.797,8002.5339027862465,8002.5339027862465
2026-08-18 10:23:56,7720.0,7740.0,Put GEX 2,GEX,-439984.024,8002.5339027862465,8002.5339027862465
2026-08-18 10:23:56,7725.0,7745.0,Put CEX 4,CEX,-1680226.304,8002.5339027862465,8002.5339027862465
2026-08-18 10:23:56,7725.0,7745.0,Put DEX 5,DEX,-52.692,8002.5339027862465,8002.5339027862465
2026-08-18 10:23:56,7750.0,7770.0,Put CEX 2,CEX,-1813446.297,8002.5339027862465,8002.5339027862465
2026-08-18 10:23:56,7750.0,7770.0,Put DEX 4,DEX,-79.002,8002.5339027862465,8002.5339027862465
2026-08-18 10:23:56,7750.0,7770.0,Put VEX 3,VEX,-573579.067,8002.5339027862465,8002.5339027862465
2026-08-18 10:23:56,7775.0,7795.0,Call GEX 1,GEX,238889.793,8002.5339027862465,8002.5339027862465
2026-08-18 10:23:56,7775.0,7795.0,Put VEX 4,VEX,-324224.288,8002.5339027862465,8002.5339027862465
2026-08-18 10:23:56,7800.0,7820.25,Put CEX 3,CEX,-1683254.034,8002.5339027862465,8002.5339027862465
2026-08-18 10:23:56,7800.0,7820.25,Put DEX 3,DEX,-102.034,8002.5339027862465,8002.5339027862465
2026-08-18 10:23:56,7800.0,7820.25,Call GEX 2,GEX,214158.852,8002.5339027862465,8002.5339027862465
2026-08-18 10:23:56,7800.0,7820.25,Put VEX 2,VEX,-728533.095,8002.5339027862465,8002.5339027862465
2026-08-18 10:23:56,7825.0,7845.25,Call GEX 3,GEX,105274.812,8002.5339027862465,8002.5339027862465
2026-08-18 10:23:56,7850.0,7870.25,Call GEX 4,GEX,102208.376,8002.5339027862465,8002.5339027862465
2026-08-18 10:23:56,7900.0,7920.5,Call GEX 5,GEX,100265.765,8002.5339027862465,8002.5339027862465
2026-08-18 10:23:56,7900.0,7920.5,Put VEX 5,VEX,-192900.093,8002.5339027862465,8002.5339027862465
2026-08-18 10:23:56,8000.0,8020.75,Put CEX 1,CEX,-2635000.299,8002.5339027862465,8002.5339027862465
2026-08-18 10:23:56,8000.0,8020.75,Put DEX 1,DEX,-1014.593,8002.5339027862465,8002.5339027862465
2026-08-18 10:23:56,8000.0,8020.75,Put VEX 1,VEX,-1401084.833,8002.5339027862465,8002.5339027862465
2026-08-18 10:23:56,8500.0,8522.0,Put DEX 2,DEX,-106.447,8002.5339027862465,8002.5339027862465
2026-08-18 10:24:45,6450.0,6466.75,Call DEX 5,DEX,65.342,8002.478635843324,8002.478635843324
2026-08-18 10:24:45,7400.0,7419.25,Call VEX 3,VEX,606777.703,8002.478635843324,8002.478635843324
2026-08-18 10:24:45,7500.0,7519.5,Call CEX 4,CEX,1321430.496,8002.478635843324,8002.478635843324
2026-08-18 10:24:45,7500.0,7519.5,Call DEX 1,DEX,315.347,8002.478635843324,8002.478635843324
2026-08-18 10:24:45,7500.0,7519.5,Call VEX 2,VEX,822918.641,8002.478635843324,8002.478635843324
2026-08-18 10:24:45,7550.0,7569.75,Call CEX 5,CEX,1211102.883,8002.478635843324,8002.478635843324
2026-08-18 10:24:45,7550.0,7569.75,Call DEX 3,DEX,146.62,8002.478635843324,8002.478635843324
2026-08-18 10:24:45,7550.0,7569.75,Call VEX 5,VEX,576176.368,8002.478635843324,8002.478635843324
2026-08-18 10:24:45,7600.0,7619.75,Call CEX 3,CEX,1860436.109,8002.478635843324,8002.478635843324
2026-08-18 10:24:45,7600.0,7619.75,Call DEX 2,DEX,199.708,8002.478635843324,8002.478635843324
2026-08-18 10:24:45,7600.0,7619.75,Call VEX 1,VEX,1048688.205,8002.478635843324,8002.478635843324
2026-08-18 10:24:45,7635.0,7654.75,Call CEX 1,CEX,3093351.834,8002.478635843324,8002.478635843324
2026-08-18 10:24:45,7650.0,7670.0,Call CEX 2,CEX,2236025.283,8002.478635843324,8002.478635843324
2026-08-18 10:24:45,7650.0,7670.0,Call DEX 4,DEX,75.014,8002.478635843324,8002.478635843324
2026-08-18 10:24:45,7650.0,7670.0,Call VEX 4,VEX,590688.441,8002.478635843324,8002.478635843324
2026-08-18 10:24:45,7690.0,7710.0,Put GEX 5,GEX,-258399.399,8002.478635843324,8002.478635843324
2026-08-18 10:24:45,7695.0,7715.0,Put GEX 4,GEX,-296625.65,8002.478635843324,8002.478635843324
2026-08-18 10:24:45,7700.0,7720.0,Put GEX 1,GEX,-529746.786,8002.478635843324,8002.478635843324
2026-08-18 10:24:45,7710.0,7730.0,Put GEX 2,GEX,-429474.913,8002.478635843324,8002.478635843324
2026-08-18 10:24:45,7720.0,7740.0,Put CEX 5,CEX,-1267982.992,8002.478635843324,8002.478635843324
2026-08-18 10:24:45,7720.0,7740.0,Put GEX 3,GEX,-425934.762,8002.478635843324,8002.478635843324
2026-08-18 10:24:45,7725.0,7745.0,Put CEX 4,CEX,-1347617.563,8002.478635843324,8002.478635843324
2026-08-18 10:24:45,7725.0,7745.0,Put DEX 5,DEX,-53.537,8002.478635843324,8002.478635843324
2026-08-18 10:24:45,7750.0,7770.25,Put CEX 2,CEX,-1816413.59,8002.478635843324,8002.478635843324
2026-08-18 10:24:45,7750.0,7770.25,Put DEX 4,DEX,-79.716,8002.478635843324,8002.478635843324
2026-08-18 10:24:45,7750.0,7770.25,Put VEX 3,VEX,-576213.972,8002.478635843324,8002.478635843324
2026-08-18 10:24:45,7775.0,7795.25,Call GEX 1,GEX,236957.667,8002.478635843324,8002.478635843324
2026-08-18 10:24:45,7775.0,7795.25,Put VEX 4,VEX,-324119.233,8002.478635843324,8002.478635843324
2026-08-18 10:24:45,7800.0,7820.25,Put CEX 3,CEX,-1682003.719,8002.478635843324,8002.478635843324
2026-08-18 10:24:45,7800.0,7820.25,Put DEX 3,DEX,-102.056,8002.478635843324,8002.478635843324
2026-08-18 10:24:45,7800.0,7820.25,Call GEX 2,GEX,211063.98,8002.478635843324,8002.478635843324
2026-08-18 10:24:45,7800.0,7820.25,Put VEX 2,VEX,-728482.972,8002.478635843324,8002.478635843324
2026-08-18 10:24:45,7825.0,7845.25,Call GEX 3,GEX,104710.081,8002.478635843324,8002.478635843324
2026-08-18 10:24:45,7850.0,7870.5,Call GEX 4,GEX,101700.889,8002.478635843324,8002.478635843324
2026-08-18 10:24:45,7900.0,7920.5,Call GEX 5,GEX,99759.648,8002.478635843324,8002.478635843324
2026-08-18 10:24:45,7900.0,7920.5,Put VEX 5,VEX,-193117.474,8002.478635843324,8002.478635843324
2026-08-18 10:24:45,8000.0,8020.75,Put CEX 1,CEX,-2608512.458,8002.478635843324,8002.478635843324
2026-08-18 10:24:45,8000.0,8020.75,Put DEX 1,DEX,-1015.233,8002.478635843324,8002.478635843324
2026-08-18 10:24:45,8000.0,8020.75,Put VEX 1,VEX,-1386597.445,8002.478635843324,8002.478635843324
2026-08-18 10:24:45,8500.0,8522.0,Put DEX 2,DEX,-106.406,8002.478635843324,8002.478635843324
2026-08-18 10:25:35,6500.0,6516.75,Call DEX 5,DEX,63.089,8002.509321717868,8002.509321717868
2026-08-18 10:25:35,7400.0,7419.0,Call VEX 3,VEX,606928.027,8002.509321717868,8002.509321717868
2026-08-18 10:25:35,7500.0,7519.25,Call DEX 1,DEX,318.029,8002.509321717868,8002.509321717868
2026-08-18 10:25:35,7500.0,7519.25,Call VEX 2,VEX,732622.331,8002.509321717868,8002.509321717868
2026-08-18 10:25:35,7550.0,7569.25,Call CEX 5,CEX,1193953.478,8002.509321717868,8002.509321717868
2026-08-18 10:25:35,7550.0,7569.25,Call DEX 3,DEX,146.891,8002.509321717868,8002.509321717868
2026-08-18 10:25:35,7550.0,7569.25,Call VEX 5,VEX,570993.117,8002.509321717868,8002.509321717868
2026-08-18 10:25:35,7600.0,7619.5,Call CEX 3,CEX,1859834.965,8002.509321717868,8002.509321717868
2026-08-18 10:25:35,7600.0,7619.5,Call DEX 2,DEX,199.409,8002.509321717868,8002.509321717868
2026-08-18 10:25:35,7600.0,7619.5,Call VEX 1,VEX,1048484.239,8002.509321717868,8002.509321717868
2026-08-18 10:25:35,7635.0,7654.5,Call CEX 1,CEX,3113284.475,8002.509321717868,8002.509321717868
2026-08-18 10:25:35,7650.0,7669.75,Call CEX 2,CEX,2240188.457,8002.509321717868,8002.509321717868
2026-08-18 10:25:35,7650.0,7669.75,Call DEX 4,DEX,74.524,8002.509321717868,8002.509321717868
2026-08-18 10:25:35,7650.0,7669.75,Call VEX 4,VEX,588567.917,8002.509321717868,8002.509321717868
2026-08-18 10:25:35,7675.0,7694.75,Call CEX 4,CEX,1194154.144,8002.509321717868,8002.509321717868
2026-08-18 10:25:35,7690.0,7709.75,Put GEX 5,GEX,-262332.433,8002.509321717868,8002.509321717868
2026-08-18 10:25:35,7695.0,7714.75,Put GEX 4,GEX,-301267.944,8002.509321717868,8002.509321717868
2026-08-18 10:25:35,7700.0,7719.75,Put GEX 1,GEX,-530458.253,8002.509321717868,8002.509321717868
2026-08-18 10:25:35,7710.0,7729.75,Put GEX 3,GEX,-420339.277,8002.509321717868,8002.509321717868
2026-08-18 10:25:35,7720.0,7739.75,Put CEX 5,CEX,-1321453.594,8002.509321717868,8002.509321717868
2026-08-18 10:25:35,7720.0,7739.75,Put GEX 2,GEX,-428739.025,8002.509321717868,8002.509321717868
2026-08-18 10:25:35,7725.0,7744.75,Put CEX 4,CEX,-1509587.902,8002.509321717868,8002.509321717868
2026-08-18 10:25:35,7725.0,7744.75,Put DEX 5,DEX,-53.901,8002.509321717868,8002.509321717868
2026-08-18 10:25:35,7750.0,7770.0,Put CEX 2,CEX,-1820223.292,8002.509321717868,8002.509321717868
2026-08-18 10:25:35,7750.0,7770.0,Put DEX 4,DEX,-80.211,8002.509321717868,8002.509321717868
2026-08-18 10:25:35,7750.0,7770.0,Put VEX 3,VEX,-579380.892,8002.509321717868,8002.509321717868
2026-08-18 10:25:35,7775.0,7795.0,Call GEX 1,GEX,234726.418,8002.509321717868,8002.509321717868
2026-08-18 10:25:35,7775.0,7795.0,Put VEX 4,VEX,-324249.939,8002.509321717868,8002.509321717868
2026-08-18 10:25:35,7800.0,7820.0,Put CEX 3,CEX,-1682839.592,8002.509321717868,8002.509321717868
2026-08-18 10:25:35,7800.0,7820.0,Put DEX 3,DEX,-102.061,8002.509321717868,8002.509321717868
2026-08-18 10:25:35,7800.0,7820.0,Call GEX 2,GEX,206333.665,8002.509321717868,8002.509321717868
2026-08-18 10:25:35,7800.0,7820.0,Put VEX 2,VEX,-728490.15,8002.509321717868,8002.509321717868
2026-08-18 10:25:35,7825.0,7845.0,Call GEX 3,GEX,103882.6,8002.509321717868,8002.509321717868
2026-08-18 10:25:35,7850.0,7870.25,Call GEX 4,GEX,101128.247,8002.509321717868,8002.509321717868
2026-08-18 10:25:35,7900.0,7920.25,Call GEX 5,GEX,99141.354,8002.509321717868,8002.509321717868
2026-08-18 10:25:35,7900.0,7920.25,Put VEX 5,VEX,-192662.518,8002.509321717868,8002.509321717868
2026-08-18 10:25:35,8000.0,8020.5,Put CEX 1,CEX,-2632745.316,8002.509321717868,8002.509321717868
2026-08-18 10:25:35,8000.0,8020.5,Put DEX 1,DEX,-1014.652,8002.509321717868,8002.509321717868
2026-08-18 10:25:35,8000.0,8020.5,Put VEX 1,VEX,-1397115.227,8002.509321717868,8002.509321717868
2026-08-18 10:25:35,8500.0,8521.75,Put DEX 2,DEX,-106.337,8002.509321717868,8002.509321717868
2026-08-18 10:26:24,7400.0,7419.5,Call DEX 4,DEX,94.938,8001.857240444239,8001.857240444239
2026-08-18 10:26:24,7400.0,7419.5,Call VEX 3,VEX,730417.278,8001.857240444239,8001.857240444239
2026-08-18 10:26:24,7450.0,7469.5,Call DEX 5,DEX,91.147,8001.857240444239,8001.857240444239
2026-08-18 10:26:24,7500.0,7519.75,Call CEX 4,CEX,1932581.143,8001.857240444239,8001.857240444239
2026-08-18 10:26:24,7500.0,7519.75,Call DEX 1,DEX,294.067,8001.857240444239,8001.857240444239
2026-08-18 10:26:24,7500.0,7519.75,Call VEX 1,VEX,1146979.932,8001.857240444239,8001.857240444239
2026-08-18 10:26:24,7550.0,7569.75,Call CEX 5,CEX,1483607.615,8001.857240444239,8001.857240444239
2026-08-18 10:26:24,7550.0,7569.75,Call DEX 3,DEX,135.42,8001.857240444239,8001.857240444239
2026-08-18 10:26:24,7550.0,7569.75,Call VEX 4,VEX,669862.202,8001.857240444239,8001.857240444239
2026-08-18 10:26:24,7600.0,7620.0,Call CEX 3,CEX,2022014.753,8001.857240444239,8001.857240444239
2026-08-18 10:26:24,7600.0,7620.0,Call DEX 2,DEX,183.484,8001.857240444239,8001.857240444239
2026-08-18 10:26:24,7600.0,7620.0,Call VEX 2,VEX,1070352.188,8001.857240444239,8001.857240444239
2026-08-18 10:26:24,7635.0,7655.0,Call CEX 1,CEX,3375125.366,8001.857240444239,8001.857240444239
2026-08-18 10:26:24,7650.0,7670.0,Call CEX 2,CEX,2357224.097,8001.857240444239,8001.857240444239
2026-08-18 10:26:24,7650.0,7670.0,Call VEX 5,VEX,562608.713,8001.857240444239,8001.857240444239
2026-08-18 10:26:24,7690.0,7710.25,Put GEX 5,GEX,-289082.499,8001.857240444239,8001.857240444239
2026-08-18 10:26:24,7695.0,7715.25,Put GEX 3,GEX,-327616.015,8001.857240444239,8001.857240444239
2026-08-18 10:26:24,7700.0,7720.25,Put GEX 1,GEX,-663736.487,8001.857240444239,8001.857240444239
2026-08-18 10:26:24,7710.0,7730.25,Put CEX 4,CEX,-1415411.8,8001.857240444239,8001.857240444239
2026-08-18 10:26:24,7710.0,7730.25,Put GEX 2,GEX,-419050.258,8001.857240444239,8001.857240444239
2026-08-18 10:26:24,7720.0,7740.25,Put GEX 4,GEX,-298667.078,8001.857240444239,8001.857240444239
2026-08-18 10:26:24,7735.0,7755.25,Put DEX 5,DEX,-44.073,8001.857240444239,8001.857240444239
2026-08-18 10:26:24,7750.0,7770.25,Put CEX 2,CEX,-1857234.731,8001.857240444239,8001.857240444239
2026-08-18 10:26:24,7750.0,7770.25,Put DEX 4,DEX,-80.476,8001.857240444239,8001.857240444239
2026-08-18 10:26:24,7750.0,7770.25,Put VEX 3,VEX,-581229.634,8001.857240444239,8001.857240444239
2026-08-18 10:26:24,7775.0,7795.5,Put CEX 5,CEX,-980517.042,8001.857240444239,8001.857240444239
2026-08-18 10:26:24,7775.0,7795.5,Call GEX 1,GEX,233593.743,8001.857240444239,8001.857240444239
2026-08-18 10:26:24,7775.0,7795.5,Put VEX 4,VEX,-328131.008,8001.857240444239,8001.857240444239
2026-08-18 10:26:24,7800.0,7820.5,Put CEX 3,CEX,-1694909.978,8001.857240444239,8001.857240444239
2026-08-18 10:26:24,7800.0,7820.5,Put DEX 3,DEX,-101.709,8001.857240444239,8001.857240444239
2026-08-18 10:26:24,7800.0,7820.5,Call GEX 2,GEX,223133.687,8001.857240444239,8001.857240444239
2026-08-18 10:26:24,7800.0,7820.5,Put VEX 2,VEX,-735296.558,8001.857240444239,8001.857240444239
2026-08-18 10:26:24,7825.0,7845.5,Call GEX 3,GEX,108017.607,8001.857240444239,8001.857240444239
2026-08-18 10:26:24,7850.0,7870.5,Call GEX 4,GEX,104186.991,8001.857240444239,8001.857240444239
2026-08-18 10:26:24,7900.0,7920.75,Call GEX 5,GEX,101885.11,8001.857240444239,8001.857240444239
2026-08-18 10:26:24,7900.0,7920.75,Put VEX 5,VEX,-198736.521,8001.857240444239,8001.857240444239
2026-08-18 10:26:24,8000.0,8021.0,Put CEX 1,CEX,-2378710.402,8001.857240444239,8001.857240444239
2026-08-18 10:26:24,8000.0,8021.0,Put DEX 1,DEX,-1020.098,8001.857240444239,8001.857240444239
2026-08-18 10:26:24,8000.0,8021.0,Put VEX 1,VEX,-1272189.097,8001.857240444239,8001.857240444239
2026-08-18 10:26:24,8500.0,8522.25,Put DEX 2,DEX,-106.689,8001.857240444239,8001.857240444239
2026-08-18 10:27:14,6450.0,6466.5,Call DEX 5,DEX,65.382,8002.64380777752,8002.64380777752
2026-08-18 10:27:14,7400.0,7419.0,Call VEX 3,VEX,611425.37,8002.64380777752,8002.64380777752
2026-08-18 10:27:14,7500.0,7519.25,Call CEX 5,CEX,1218121.493,8002.64380777752,8002.64380777752
2026-08-18 10:27:14,7500.0,7519.25,Call DEX 1,DEX,315.509,8002.64380777752,8002.64380777752
2026-08-18 10:27:14,7500.0,7519.25,Call VEX 2,VEX,765939.92,8002.64380777752,8002.64380777752
2026-08-18 10:27:14,7550.0,7569.25,Call DEX 3,DEX,145.09,8002.64380777752,8002.64380777752
2026-08-18 10:27:14,7550.0,7569.25,Call VEX 5,VEX,578208.859,8002.64380777752,8002.64380777752
2026-08-18 10:27:14,7600.0,7619.5,Call CEX 3,CEX,1863169.709,8002.64380777752,8002.64380777752
2026-08-18 10:27:14,7600.0,7619.5,Call DEX 2,DEX,198.12,8002.64380777752,8002.64380777752
2026-08-18 10:27:14,7600.0,7619.5,Call VEX 1,VEX,1049832.515,8002.64380777752,8002.64380777752
2026-08-18 10:27:14,7635.0,7654.5,Call CEX 1,CEX,3155137.894,8002.64380777752,8002.64380777752
2026-08-18 10:27:14,7650.0,7669.5,Call CEX 2,CEX,2254642.964,8002.64380777752,8002.64380777752
2026-08-18 10:27:14,7650.0,7669.5,Call DEX 4,DEX,73.372,8002.64380777752,8002.64380777752
2026-08-18 10:27:14,7650.0,7669.5,Call VEX 4,VEX,583729.416,8002.64380777752,8002.64380777752
2026-08-18 10:27:14,7675.0,7694.5,Call CEX 4,CEX,1220795.952,8002.64380777752,8002.64380777752
2026-08-18 10:27:14,7690.0,7709.75,Put GEX 5,GEX,-268832.456,8002.64380777752,8002.64380777752
2026-08-18 10:27:14,7695.0,7714.75,Put GEX 4,GEX,-306604.43,8002.64380777752,8002.64380777752
2026-08-18 10:27:14,7700.0,7719.75,Put GEX 1,GEX,-536753.311,8002.64380777752,8002.64380777752
2026-08-18 10:27:14,7710.0,7729.75,Put CEX 4,CEX,-1301050.541,8002.64380777752,8002.64380777752
2026-08-18 10:27:14,7710.0,7729.75,Put GEX 3,GEX,-402945.711,8002.64380777752,8002.64380777752
2026-08-18 10:27:14,7720.0,7739.75,Put CEX 5,CEX,-1260033.314,8002.64380777752,8002.64380777752
2026-08-18 10:27:14,7720.0,7739.75,Put GEX 2,GEX,-407631.031,8002.64380777752,8002.64380777752
2026-08-18 10:27:14,7725.0,7744.75,Put DEX 5,DEX,-55.139,8002.64380777752,8002.64380777752
2026-08-18 10:27:14,7750.0,7769.75,Put CEX 2,CEX,-1825356.279,8002.64380777752,8002.64380777752
2026-08-18 10:27:14,7750.0,7769.75,Put DEX 4,DEX,-81.589,8002.64380777752,8002.64380777752
2026-08-18 10:27:14,7750.0,7769.75,Put VEX 3,VEX,-584886.179,8002.64380777752,8002.64380777752
2026-08-18 10:27:14,7775.0,7794.75,Call GEX 1,GEX,231138.2,8002.64380777752,8002.64380777752
2026-08-18 10:27:14,7775.0,7794.75,Put VEX 4,VEX,-324051.096,8002.64380777752,8002.64380777752
2026-08-18 10:27:14,7800.0,7820.0,Put CEX 3,CEX,-1672407.534,8002.64380777752,8002.64380777752
2026-08-18 10:27:14,7800.0,7820.0,Put DEX 3,DEX,-102.956,8002.64380777752,8002.64380777752
2026-08-18 10:27:14,7800.0,7820.0,Call GEX 2,GEX,203538.474,8002.64380777752,8002.64380777752
2026-08-18 10:27:14,7800.0,7820.0,Put VEX 2,VEX,-724687.114,8002.64380777752,8002.64380777752
2026-08-18 10:27:14,7825.0,7845.0,Call GEX 3,GEX,102027.826,8002.64380777752,8002.64380777752
2026-08-18 10:27:14,7850.0,7870.0,Call GEX 4,GEX,99922.688,8002.64380777752,8002.64380777752
2026-08-18 10:27:14,7900.0,7920.25,Call GEX 5,GEX,98016.908,8002.64380777752,8002.64380777752
2026-08-18 10:27:14,7900.0,7920.25,Put VEX 5,VEX,-192505.768,8002.64380777752,8002.64380777752
2026-08-18 10:27:14,8000.0,8020.5,Put CEX 1,CEX,-2698317.083,8002.64380777752,8002.64380777752
2026-08-18 10:27:14,8000.0,8020.5,Put DEX 1,DEX,-1013.811,8002.64380777752,8002.64380777752
2026-08-18 10:27:14,8000.0,8020.5,Put VEX 1,VEX,-1430328.23,8002.64380777752,8002.64380777752
2026-08-18 10:27:14,8500.0,8521.75,Put DEX 2,DEX,-106.334,8002.64380777752,8002.64380777752
2026-08-18 10:28:09,6450.0,6466.5,Call DEX 5,DEX,65.298,8002.5749888016335,8002.5749888016335
2026-08-18 10:28:09,7400.0,7418.75,Call VEX 3,VEX,607573.134,8002.5749888016335,8002.5749888016335
2026-08-18 10:28:09,7500.0,7519.0,Call CEX 4,CEX,1265839.263,8002.5749888016335,8002.5749888016335
2026-08-18 10:28:09,7500.0,7519.0,Call DEX 1,DEX,314.649,8002.5749888016335,8002.5749888016335
2026-08-18 10:28:09,7500.0,7519.0,Call VEX 2,VEX,792685.633,8002.5749888016335,8002.5749888016335
2026-08-18 10:28:09,7550.0,7569.25,Call DEX 3,DEX,146.152,8002.5749888016335,8002.5749888016335
2026-08-18 10:28:09,7550.0,7569.25,Call VEX 5,VEX,577842.596,8002.5749888016335,8002.5749888016335
2026-08-18 10:28:09,7600.0,7619.25,Call CEX 3,CEX,1867545.967,8002.5749888016335,8002.5749888016335
2026-08-18 10:28:09,7600.0,7619.25,Call DEX 2,DEX,198.106,8002.5749888016335,8002.5749888016335
2026-08-18 10:28:09,7600.0,7619.25,Call VEX 1,VEX,1048851.678,8002.5749888016335,8002.5749888016335
2026-08-18 10:28:09,7635.0,7654.5,Call CEX 1,CEX,3170550.596,8002.5749888016335,8002.5749888016335
2026-08-18 10:28:09,7650.0,7669.5,Call CEX 2,CEX,2262023.689,8002.5749888016335,8002.5749888016335
2026-08-18 10:28:09,7650.0,7669.5,Call DEX 4,DEX,73.216,8002.5749888016335,8002.5749888016335
2026-08-18 10:28:09,7650.0,7669.5,Call VEX 4,VEX,583094.198,8002.5749888016335,8002.5749888016335
2026-08-18 10:28:09,7675.0,7694.5,Call CEX 5,CEX,1231116.279,8002.5749888016335,8002.5749888016335
2026-08-18 10:28:09,7690.0,7709.5,Put GEX 5,GEX,-270047.713,8002.5749888016335,8002.5749888016335
2026-08-18 10:28:09,7695.0,7714.5,Put GEX 4,GEX,-306773.937,8002.5749888016335,8002.5749888016335
2026-08-18 10:28:09,7700.0,7719.75,Put GEX 1,GEX,-535780.216,8002.5749888016335,8002.5749888016335
2026-08-18 10:28:09,7710.0,7729.75,Put CEX 5,CEX,-1325060.344,8002.5749888016335,8002.5749888016335
2026-08-18 10:28:09,7710.0,7729.75,Put GEX 3,GEX,-399353.162,8002.5749888016335,8002.5749888016335
2026-08-18 10:28:09,7720.0,7739.75,Put GEX 2,GEX,-409788.923,8002.5749888016335,8002.5749888016335
2026-08-18 10:28:09,7725.0,7744.75,Put CEX 4,CEX,-1602624.852,8002.5749888016335,8002.5749888016335
2026-08-18 10:28:09,7725.0,7744.75,Put DEX 5,DEX,-55.06,8002.5749888016335,8002.5749888016335
2026-08-18 10:28:09,7750.0,7769.75,Put CEX 2,CEX,-1825745.075,8002.5749888016335,8002.5749888016335
2026-08-18 10:28:09,7750.0,7769.75,Put DEX 4,DEX,-81.97,8002.5749888016335,8002.5749888016335
2026-08-18 10:28:09,7750.0,7769.75,Put VEX 3,VEX,-585570.418,8002.5749888016335,8002.5749888016335
2026-08-18 10:28:09,7775.0,7794.75,Call GEX 1,GEX,230054.225,8002.5749888016335,8002.5749888016335
2026-08-18 10:28:09,7775.0,7794.75,Put VEX 4,VEX,-323970.903,8002.5749888016335,8002.5749888016335
2026-08-18 10:28:09,7800.0,7820.0,Put CEX 3,CEX,-1674151.352,8002.5749888016335,8002.5749888016335
2026-08-18 10:28:09,7800.0,7820.0,Put DEX 3,DEX,-102.995,8002.5749888016335,8002.5749888016335
2026-08-18 10:28:09,7800.0,7820.0,Call GEX 2,GEX,202551.287,8002.5749888016335,8002.5749888016335
2026-08-18 10:28:09,7800.0,7820.0,Put VEX 2,VEX,-725041.52,8002.5749888016335,8002.5749888016335
2026-08-18 10:28:09,7825.0,7845.0,Call GEX 3,GEX,101870.064,8002.5749888016335,8002.5749888016335
2026-08-18 10:28:09,7850.0,7870.0,Call GEX 4,GEX,99771.223,8002.5749888016335,8002.5749888016335
2026-08-18 10:28:09,7900.0,7920.25,Call GEX 5,GEX,97795.93,8002.5749888016335,8002.5749888016335
2026-08-18 10:28:09,7900.0,7920.25,Put VEX 5,VEX,-191858.441,8002.5749888016335,8002.5749888016335
2026-08-18 10:28:09,8000.0,8020.5,Put CEX 1,CEX,-2667116.559,8002.5749888016335,8002.5749888016335
2026-08-18 10:28:09,8000.0,8020.5,Put DEX 1,DEX,-1013.639,8002.5749888016335,8002.5749888016335
2026-08-18 10:28:09,8000.0,8020.5,Put VEX 1,VEX,-1413925.642,8002.5749888016335,8002.5749888016335
2026-08-18 10:28:09,8500.0,8521.75,Put DEX 2,DEX,-106.303,8002.5749888016335,8002.5749888016335
2026-08-18 10:29:05,6450.0,6466.5,Call DEX 5,DEX,65.428,8002.479690576969,8002.479690576969
2026-08-18 10:29:05,7400.0,7419.0,Call VEX 3,VEX,608998.57,8002.479690576969,8002.479690576969
2026-08-18 10:29:05,7500.0,7519.25,Call DEX 1,DEX,316.93,8002.479690576969,8002.479690576969
2026-08-18 10:29:05,7500.0,7519.25,Call VEX 2,VEX,716693.681,8002.479690576969,8002.479690576969
2026-08-18 10:29:05,7550.0,7569.5,Call CEX 5,CEX,1211254.601,8002.479690576969,8002.479690576969
2026-08-18 10:29:05,7550.0,7569.5,Call DEX 3,DEX,145.494,8002.479690576969,8002.479690576969
2026-08-18 10:29:05,7550.0,7569.5,Call VEX 5,VEX,573356.75,8002.479690576969,8002.479690576969
2026-08-18 10:29:05,7600.0,7619.5,Call CEX 3,CEX,1871102.274,8002.479690576969,8002.479690576969
2026-08-18 10:29:05,7600.0,7619.5,Call DEX 2,DEX,198.918,8002.479690576969,8002.479690576969
2026-08-18 10:29:05,7600.0,7619.5,Call VEX 1,VEX,1048062.037,8002.479690576969,8002.479690576969
2026-08-18 10:29:05,7635.0,7654.5,Call CEX 1,CEX,3176295.74,8002.479690576969,8002.479690576969
2026-08-18 10:29:05,7650.0,7669.75,Call CEX 2,CEX,2272860.095,8002.479690576969,8002.479690576969
2026-08-18 10:29:05,7650.0,7669.75,Call DEX 4,DEX,73.631,8002.479690576969,8002.479690576969
2026-08-18 10:29:05,7650.0,7669.75,Call VEX 4,VEX,585012.777,8002.479690576969,8002.479690576969
2026-08-18 10:29:05,7675.0,7694.75,Call CEX 4,CEX,1215670.202,8002.479690576969,8002.479690576969
2026-08-18 10:29:05,7690.0,7709.75,Put GEX 5,GEX,-270215.999,8002.479690576969,8002.479690576969
2026-08-18 10:29:05,7695.0,7714.75,Put GEX 4,GEX,-310526.372,8002.479690576969,8002.479690576969
2026-08-18 10:29:05,7700.0,7719.75,Put GEX 1,GEX,-554876.575,8002.479690576969,8002.479690576969
2026-08-18 10:29:05,7710.0,7729.75,Put CEX 4,CEX,-1330641.876,8002.479690576969,8002.479690576969
2026-08-18 10:29:05,7710.0,7729.75,Put GEX 2,GEX,-416446.537,8002.479690576969,8002.479690576969
2026-08-18 10:29:05,7720.0,7739.75,Put CEX 5,CEX,-1180040.925,8002.479690576969,8002.479690576969
2026-08-18 10:29:05,7720.0,7739.75,Put DEX 5,DEX,-47.95,8002.479690576969,8002.479690576969
2026-08-18 10:29:05,7720.0,7739.75,Put GEX 3,GEX,-399707.022,8002.479690576969,8002.479690576969
2026-08-18 10:29:05,7750.0,7770.0,Put CEX 2,CEX,-1829041.418,8002.479690576969,8002.479690576969
2026-08-18 10:29:05,7750.0,7770.0,Put DEX 4,DEX,-81.582,8002.479690576969,8002.479690576969
2026-08-18 10:29:05,7750.0,7770.0,Put VEX 3,VEX,-584587.306,8002.479690576969,8002.479690576969
2026-08-18 10:29:05,7775.0,7795.0,Call GEX 1,GEX,231895.484,8002.479690576969,8002.479690576969
2026-08-18 10:29:05,7775.0,7795.0,Put VEX 4,VEX,-324075.791,8002.479690576969,8002.479690576969
2026-08-18 10:29:05,7800.0,7820.0,Put CEX 3,CEX,-1676623.334,8002.479690576969,8002.479690576969
2026-08-18 10:29:05,7800.0,7820.0,Put DEX 3,DEX,-102.881,8002.479690576969,8002.479690576969
2026-08-18 10:29:05,7800.0,7820.0,Call GEX 2,GEX,204082.663,8002.479690576969,8002.479690576969
2026-08-18 10:29:05,7800.0,7820.0,Put VEX 2,VEX,-724893.823,8002.479690576969,8002.479690576969
2026-08-18 10:29:05,7825.0,7845.0,Call GEX 3,GEX,102249.179,8002.479690576969,8002.479690576969
2026-08-18 10:29:05,7850.0,7870.25,Call GEX 4,GEX,100065.17,8002.479690576969,8002.479690576969
2026-08-18 10:29:05,7900.0,7920.25,Call GEX 5,GEX,98130.878,8002.479690576969,8002.479690576969
2026-08-18 10:29:05,7900.0,7920.25,Put VEX 5,VEX,-192828.859,8002.479690576969,8002.479690576969
2026-08-18 10:29:05,8000.0,8020.5,Put CEX 1,CEX,-2620024.987,8002.479690576969,8002.479690576969
2026-08-18 10:29:05,8000.0,8020.5,Put DEX 1,DEX,-1015.774,8002.479690576969,8002.479690576969
2026-08-18 10:29:05,8000.0,8020.5,Put VEX 1,VEX,-1390915.115,8002.479690576969,8002.479690576969
2026-08-18 10:29:05,8500.0,8521.75,Put DEX 2,DEX,-106.445,8002.479690576969,8002.479690576969
2026-08-18 10:29:54,7400.0,7419.25,Call VEX 3,VEX,609458.127,8001.734929875117,8001.734929875117
2026-08-18 10:29:54,7450.0,7469.25,Call DEX 4,DEX,93.795,8001.734929875117,8001.734929875117
2026-08-18 10:29:54,7500.0,7519.5,Call CEX 4,CEX,1400378.129,8001.734929875117,8001.734929875117
2026-08-18 10:29:54,7500.0,7519.5,Call DEX 1,DEX,313.629,8001.734929875117,8001.734929875117
2026-08-18 10:29:54,7500.0,7519.5,Call VEX 2,VEX,863125.057,8001.734929875117,8001.734929875117
2026-08-18 10:29:54,7550.0,7569.5,Call CEX 5,CEX,1253589.573,8001.734929875117,8001.734929875117
2026-08-18 10:29:54,7550.0,7569.5,Call DEX 3,DEX,144.327,8001.734929875117,8001.734929875117
2026-08-18 10:29:54,7550.0,7569.5,Call VEX 4,VEX,590519.541,8001.734929875117,8001.734929875117
2026-08-18 10:29:54,7600.0,7619.75,Call CEX 3,CEX,1893942.772,8001.734929875117,8001.734929875117
2026-08-18 10:29:54,7600.0,7619.75,Call DEX 2,DEX,197.79,8001.734929875117,8001.734929875117
2026-08-18 10:29:54,7600.0,7619.75,Call VEX 1,VEX,1053977.668,8001.734929875117,8001.734929875117
2026-08-18 10:29:54,7635.0,7654.75,Call CEX 1,CEX,3181975.34,8001.734929875117,8001.734929875117
2026-08-18 10:29:54,7650.0,7669.75,Call CEX 2,CEX,2279749.475,8001.734929875117,8001.734929875117
2026-08-18 10:29:54,7650.0,7669.75,Call DEX 5,DEX,73.744,8001.734929875117,8001.734929875117
2026-08-18 10:29:54,7650.0,7669.75,Call VEX 5,VEX,585497.169,8001.734929875117,8001.734929875117
2026-08-18 10:29:54,7690.0,7710.0,Put GEX 5,GEX,-269155.82,8001.734929875117,8001.734929875117
2026-08-18 10:29:54,7695.0,7715.0,Put GEX 4,GEX,-311340.95,8001.734929875117,8001.734929875117
2026-08-18 10:29:54,7700.0,7720.0,Put GEX 1,GEX,-573265.678,8001.734929875117,8001.734929875117
2026-08-18 10:29:54,7710.0,7730.0,Put CEX 4,CEX,-1343521.957,8001.734929875117,8001.734929875117
2026-08-18 10:29:54,7710.0,7730.0,Put GEX 2,GEX,-435798.286,8001.734929875117,8001.734929875117
2026-08-18 10:29:54,7715.0,7735.0,Put CEX 5,CEX,-1056640.29,8001.734929875117,8001.734929875117
2026-08-18 10:29:54,7720.0,7740.0,Put DEX 5,DEX,-48.455,8001.734929875117,8001.734929875117
2026-08-18 10:29:54,7720.0,7740.0,Put GEX 3,GEX,-324866.552,8001.734929875117,8001.734929875117
2026-08-18 10:29:54,7750.0,7770.0,Put CEX 2,CEX,-1829169.212,8001.734929875117,8001.734929875117
2026-08-18 10:29:54,7750.0,7770.0,Put DEX 4,DEX,-81.23,8001.734929875117,8001.734929875117
2026-08-18 10:29:54,7750.0,7770.0,Put VEX 3,VEX,-582593.668,8001.734929875117,8001.734929875117
2026-08-18 10:29:54,7775.0,7795.25,Call GEX 1,GEX,232953.306,8001.734929875117,8001.734929875117
2026-08-18 10:29:54,7775.0,7795.25,Put VEX 4,VEX,-324175.961,8001.734929875117,8001.734929875117
2026-08-18 10:29:54,7800.0,7820.25,Put CEX 3,CEX,-1670778.876,8001.734929875117,8001.734929875117
2026-08-18 10:29:54,7800.0,7820.25,Put DEX 3,DEX,-103.575,8001.734929875117,8001.734929875117
2026-08-18 10:29:54,7800.0,7820.25,Call GEX 2,GEX,212402.92,8001.734929875117,8001.734929875117
2026-08-18 10:29:54,7800.0,7820.25,Put VEX 2,VEX,-721103.255,8001.734929875117,8001.734929875117
2026-08-18 10:29:54,7825.0,7845.25,Call GEX 3,GEX,102794.279,8001.734929875117,8001.734929875117
2026-08-18 10:29:54,7850.0,7870.25,Call GEX 4,GEX,100805.351,8001.734929875117,8001.734929875117
2026-08-18 10:29:54,7900.0,7920.5,Call GEX 5,GEX,98573.979,8001.734929875117,8001.734929875117
2026-08-18 10:29:54,7900.0,7920.5,Put VEX 5,VEX,-192584.155,8001.734929875117,8001.734929875117
2026-08-18 10:29:54,8000.0,8020.75,Put CEX 1,CEX,-2334015.748,8001.734929875117,8001.734929875117
2026-08-18 10:29:54,8000.0,8020.75,Put DEX 1,DEX,-1022.362,8001.734929875117,8001.734929875117
2026-08-18 10:29:54,8000.0,8020.75,Put VEX 1,VEX,-1245382.884,8001.734929875117,8001.734929875117
2026-08-18 10:29:54,8500.0,8522.0,Put DEX 2,DEX,-106.73,8001.734929875117,8001.734929875117
2026-08-18 10:30:42,7400.0,7419.0,Call VEX 3,VEX,593813.979,8002.663749142125,8002.663749142125
2026-08-18 10:30:42,7500.0,7519.25,Call DEX 1,DEX,317.818,8002.663749142125,8002.663749142125
2026-08-18 10:30:42,7500.0,7519.25,Call VEX 2,VEX,691367.933,8002.663749142125,8002.663749142125
2026-08-18 10:30:42,7550.0,7569.5,Call CEX 5,CEX,1172310.746,8002.663749142125,8002.663749142125
2026-08-18 10:30:42,7550.0,7569.5,Call DEX 3,DEX,146.424,8002.663749142125,8002.663749142125
2026-08-18 10:30:42,7550.0,7569.5,Call VEX 5,VEX,561818.0,8002.663749142125,8002.663749142125
2026-08-18 10:30:42,7600.0,7619.5,Call CEX 3,CEX,1834622.16,8002.663749142125,8002.663749142125
2026-08-18 10:30:42,7600.0,7619.5,Call DEX 2,DEX,200.718,8002.663749142125,8002.663749142125
2026-08-18 10:30:42,7600.0,7619.5,Call VEX 1,VEX,1042292.401,8002.663749142125,8002.663749142125
2026-08-18 10:30:42,7625.0,7644.5,Call DEX 5,DEX,61.686,8002.663749142125,8002.663749142125
2026-08-18 10:30:42,7635.0,7654.75,Call CEX 1,CEX,3170452.475,8002.663749142125,8002.663749142125
2026-08-18 10:30:42,7650.0,7669.75,Call CEX 2,CEX,2205395.393,8002.663749142125,8002.663749142125
2026-08-18 10:30:42,7650.0,7669.75,Call DEX 4,DEX,75.346,8002.663749142125,8002.663749142125
2026-08-18 10:30:42,7650.0,7669.75,Call VEX 4,VEX,589736.933,8002.663749142125,8002.663749142125
2026-08-18 10:30:42,7675.0,7694.75,Call CEX 4,CEX,1196195.354,8002.663749142125,8002.663749142125
2026-08-18 10:30:42,7690.0,7709.75,Put GEX 5,GEX,-257982.65,8002.663749142125,8002.663749142125
2026-08-18 10:30:42,7695.0,7714.75,Put GEX 4,GEX,-295961.913,8002.663749142125,8002.663749142125
2026-08-18 10:30:42,7700.0,7719.75,Put GEX 1,GEX,-519796.94,8002.663749142125,8002.663749142125
2026-08-18 10:30:42,7710.0,7729.75,Put GEX 3,GEX,-422368.324,8002.663749142125,8002.663749142125
2026-08-18 10:30:42,7720.0,7739.75,Put CEX 5,CEX,-1407499.61,8002.663749142125,8002.663749142125
2026-08-18 10:30:42,7720.0,7739.75,Put GEX 2,GEX,-440754.292,8002.663749142125,8002.663749142125
2026-08-18 10:30:42,7725.0,7745.0,Put CEX 2,CEX,-1928938.31,8002.663749142125,8002.663749142125
2026-08-18 10:30:42,7735.0,7755.0,Put DEX 5,DEX,-53.206,8002.663749142125,8002.663749142125
2026-08-18 10:30:42,7750.0,7770.0,Put CEX 3,CEX,-1827409.641,8002.663749142125,8002.663749142125
2026-08-18 10:30:42,7750.0,7770.0,Put DEX 4,DEX,-79.412,8002.663749142125,8002.663749142125
2026-08-18 10:30:42,7750.0,7770.0,Put VEX 3,VEX,-576546.255,8002.663749142125,8002.663749142125
2026-08-18 10:30:42,7775.0,7795.0,Call GEX 1,GEX,236479.091,8002.663749142125,8002.663749142125
2026-08-18 10:30:42,7775.0,7795.0,Put VEX 4,VEX,-323973.935,8002.663749142125,8002.663749142125
2026-08-18 10:30:42,7800.0,7820.0,Put CEX 4,CEX,-1697105.11,8002.663749142125,8002.663749142125
2026-08-18 10:30:42,7800.0,7820.0,Put DEX 3,DEX,-101.704,8002.663749142125,8002.663749142125
2026-08-18 10:30:42,7800.0,7820.0,Call GEX 2,GEX,206582.398,8002.663749142125,8002.663749142125
2026-08-18 10:30:42,7800.0,7820.0,Put VEX 2,VEX,-729802.13,8002.663749142125,8002.663749142125
2026-08-18 10:30:42,7825.0,7845.25,Call GEX 3,GEX,104777.629,8002.663749142125,8002.663749142125
2026-08-18 10:30:42,7850.0,7870.25,Call GEX 4,GEX,101325.137,8002.663749142125,8002.663749142125
2026-08-18 10:30:42,7900.0,7920.25,Call GEX 5,GEX,99129.75,8002.663749142125,8002.663749142125
2026-08-18 10:30:42,7900.0,7920.25,Put VEX 5,VEX,-193497.306,8002.663749142125,8002.663749142125
2026-08-18 10:30:42,8000.0,8020.5,Put CEX 1,CEX,-2709806.539,8002.663749142125,8002.663749142125
2026-08-18 10:30:42,8000.0,8020.5,Put DEX 1,DEX,-1013.842,8002.663749142125,8002.663749142125
2026-08-18 10:30:42,8000.0,8020.5,Put VEX 1,VEX,-1434106.579,8002.663749142125,8002.663749142125
2026-08-18 10:30:42,8500.0,8521.75,Put DEX 2,DEX,-106.282,8002.663749142125,8002.663749142125
2026-08-18 10:31:32,6450.0,6466.75,Call DEX 5,DEX,65.403,8002.169816238236,8002.169816238236
2026-08-18 10:31:32,7400.0,7419.25,Call VEX 3,VEX,612427.071,8002.169816238236,8002.169816238236
2026-08-18 10:31:32,7500.0,7519.5,Call CEX 5,CEX,1241078.829,8002.169816238236,8002.169816238236
2026-08-18 10:31:32,7500.0,7519.5,Call DEX 1,DEX,315.398,8002.169816238236,8002.169816238236
2026-08-18 10:31:32,7500.0,7519.5,Call VEX 2,VEX,775679.56,8002.169816238236,8002.169816238236
2026-08-18 10:31:32,7550.0,7569.75,Call CEX 4,CEX,1244624.174,8002.169816238236,8002.169816238236
2026-08-18 10:31:32,7550.0,7569.75,Call DEX 3,DEX,145.793,8002.169816238236,8002.169816238236
2026-08-18 10:31:32,7550.0,7569.75,Call VEX 4,VEX,585577.042,8002.169816238236,8002.169816238236
2026-08-18 10:31:32,7600.0,7619.75,Call CEX 3,CEX,1887132.371,8002.169816238236,8002.169816238236
2026-08-18 10:31:32,7600.0,7619.75,Call DEX 2,DEX,198.162,8002.169816238236,8002.169816238236
2026-08-18 10:31:32,7600.0,7619.75,Call VEX 1,VEX,1051125.005,8002.169816238236,8002.169816238236
2026-08-18 10:31:32,7635.0,7655.0,Call CEX 1,CEX,3212750.101,8002.169816238236,8002.169816238236
2026-08-18 10:31:32,7650.0,7670.0,Call CEX 2,CEX,2291857.585,8002.169816238236,8002.169816238236
2026-08-18 10:31:32,7650.0,7670.0,Call DEX 4,DEX,73.455,8002.169816238236,8002.169816238236
2026-08-18 10:31:32,7650.0,7670.0,Call VEX 5,VEX,584351.995,8002.169816238236,8002.169816238236
2026-08-18 10:31:32,7690.0,7710.0,Put GEX 5,GEX,-272099.523,8002.169816238236,8002.169816238236
2026-08-18 10:31:32,7695.0,7715.0,Put GEX 4,GEX,-313876.397,8002.169816238236,8002.169816238236
2026-08-18 10:31:32,7700.0,7720.0,Put GEX 1,GEX,-572078.641,8002.169816238236,8002.169816238236
2026-08-18 10:31:32,7710.0,7730.0,Put CEX 4,CEX,-1384497.925,8002.169816238236,8002.169816238236
2026-08-18 10:31:32,7710.0,7730.0,Put GEX 2,GEX,-426008.712,8002.169816238236,8002.169816238236
2026-08-18 10:31:32,7715.0,7735.0,Put CEX 5,CEX,-1065273.629,8002.169816238236,8002.169816238236
2026-08-18 10:31:32,7720.0,7740.0,Put DEX 5,DEX,-48.617,8002.169816238236,8002.169816238236
2026-08-18 10:31:32,7720.0,7740.0,Put GEX 3,GEX,-339213.614,8002.169816238236,8002.169816238236
2026-08-18 10:31:32,7750.0,7770.25,Put CEX 2,CEX,-1833241.574,8002.169816238236,8002.169816238236
2026-08-18 10:31:32,7750.0,7770.25,Put DEX 4,DEX,-81.945,8002.169816238236,8002.169816238236
2026-08-18 10:31:32,7750.0,7770.25,Put VEX 3,VEX,-585038.35,8002.169816238236,8002.169816238236
2026-08-18 10:31:32,7775.0,7795.25,Call GEX 1,GEX,231261.734,8002.169816238236,8002.169816238236
2026-08-18 10:31:32,7775.0,7795.25,Put VEX 4,VEX,-323714.392,8002.169816238236,8002.169816238236
2026-08-18 10:31:32,7800.0,7820.25,Put CEX 3,CEX,-1671937.568,8002.169816238236,8002.169816238236
2026-08-18 10:31:32,7800.0,7820.25,Put DEX 3,DEX,-103.612,8002.169816238236,8002.169816238236
2026-08-18 10:31:32,7800.0,7820.25,Call GEX 2,GEX,206972.59,8002.169816238236,8002.169816238236
2026-08-18 10:31:32,7800.0,7820.25,Put VEX 2,VEX,-721108.652,8002.169816238236,8002.169816238236
2026-08-18 10:31:32,7825.0,7845.5,Call GEX 3,GEX,101800.257,8002.169816238236,8002.169816238236
2026-08-18 10:31:32,7850.0,7870.5,Call GEX 4,GEX,99883.45,8002.169816238236,8002.169816238236
2026-08-18 10:31:32,7900.0,7920.5,Call GEX 5,GEX,97950.002,8002.169816238236,8002.169816238236
2026-08-18 10:31:32,7900.0,7920.5,Put VEX 5,VEX,-192524.921,8002.169816238236,8002.169816238236
2026-08-18 10:31:32,8000.0,8020.75,Put CEX 1,CEX,-2474849.492,8002.169816238236,8002.169816238236
2026-08-18 10:31:32,8000.0,8020.75,Put DEX 1,DEX,-1018.27,8002.169816238236,8002.169816238236
2026-08-18 10:31:32,8000.0,8020.75,Put VEX 1,VEX,-1316355.942,8002.169816238236,8002.169816238236
2026-08-18 10:31:32,8500.0,8522.25,Put DEX 2,DEX,-106.558,8002.169816238236,8002.169816238236
2026-08-18 10:32:21,7400.0,7419.0,Call VEX 3,VEX,598697.628,8002.760712862727,8002.760712862727
2026-08-18 10:32:21,7500.0,7519.25,Call DEX 1,DEX,317.519,8002.760712862727,8002.760712862727
2026-08-18 10:32:21,7500.0,7519.25,Call VEX 2,VEX,709702.113,8002.760712862727,8002.760712862727
2026-08-18 10:32:21,7550.0,7569.25,Call CEX 4,CEX,1185354.688,8002.760712862727,8002.760712862727
2026-08-18 10:32:21,7550.0,7569.25,Call DEX 3,DEX,146.31,8002.760712862727,8002.760712862727
2026-08-18 10:32:21,7550.0,7569.25,Call VEX 5,VEX,564883.141,8002.760712862727,8002.760712862727
2026-08-18 10:32:21,7600.0,7619.5,Call CEX 3,CEX,1813594.193,8002.760712862727,8002.760712862727
2026-08-18 10:32:21,7600.0,7619.5,Call DEX 2,DEX,200.723,8002.760712862727,8002.760712862727
2026-08-18 10:32:21,7600.0,7619.5,Call VEX 1,VEX,1040185.526,8002.760712862727,8002.760712862727
2026-08-18 10:32:21,7625.0,7644.5,Call DEX 5,DEX,61.735,8002.760712862727,8002.760712862727
2026-08-18 10:32:21,7635.0,7654.5,Call CEX 1,CEX,3190768.821,8002.760712862727,8002.760712862727
2026-08-18 10:32:21,7650.0,7669.5,Call CEX 2,CEX,2216667.899,8002.760712862727,8002.760712862727
2026-08-18 10:32:21,7650.0,7669.5,Call DEX 4,DEX,75.537,8002.760712862727,8002.760712862727
2026-08-18 10:32:21,7650.0,7669.5,Call VEX 4,VEX,590488.945,8002.760712862727,8002.760712862727
2026-08-18 10:32:21,7675.0,7694.75,Call CEX 5,CEX,1180684.503,8002.760712862727,8002.760712862727
2026-08-18 10:32:21,7695.0,7714.75,Put GEX 4,GEX,-299042.118,8002.760712862727,8002.760712862727
2026-08-18 10:32:21,7700.0,7719.75,Put GEX 1,GEX,-525628.434,8002.760712862727,8002.760712862727
2026-08-18 10:32:21,7710.0,7729.75,Put GEX 3,GEX,-425995.735,8002.760712862727,8002.760712862727
2026-08-18 10:32:21,7720.0,7739.75,Put CEX 5,CEX,-1401964.345,8002.760712862727,8002.760712862727
2026-08-18 10:32:21,7720.0,7739.75,Put GEX 2,GEX,-441944.524,8002.760712862727,8002.760712862727
2026-08-18 10:32:21,7725.0,7744.75,Put CEX 2,CEX,-1938289.835,8002.760712862727,8002.760712862727
2026-08-18 10:32:21,7735.0,7754.75,Put DEX 5,DEX,-53.209,8002.760712862727,8002.760712862727
2026-08-18 10:32:21,7735.0,7754.75,Put GEX 5,GEX,-259535.362,8002.760712862727,8002.760712862727
2026-08-18 10:32:21,7750.0,7769.75,Put CEX 3,CEX,-1829046.666,8002.760712862727,8002.760712862727
2026-08-18 10:32:21,7750.0,7769.75,Put DEX 4,DEX,-79.397,8002.760712862727,8002.760712862727
2026-08-18 10:32:21,7750.0,7769.75,Put VEX 3,VEX,-575529.789,8002.760712862727,8002.760712862727
2026-08-18 10:32:21,7775.0,7795.0,Call GEX 1,GEX,237126.189,8002.760712862727,8002.760712862727
2026-08-18 10:32:21,7775.0,7795.0,Put VEX 4,VEX,-324083.265,8002.760712862727,8002.760712862727
2026-08-18 10:32:21,7800.0,7820.0,Put CEX 4,CEX,-1698907.485,8002.760712862727,8002.760712862727
2026-08-18 10:32:21,7800.0,7820.0,Put DEX 3,DEX,-101.727,8002.760712862727,8002.760712862727
2026-08-18 10:32:21,7800.0,7820.0,Call GEX 2,GEX,208385.815,8002.760712862727,8002.760712862727
2026-08-18 10:32:21,7800.0,7820.0,Put VEX 2,VEX,-729678.338,8002.760712862727,8002.760712862727
2026-08-18 10:32:21,7825.0,7845.0,Call GEX 3,GEX,103596.698,8002.760712862727,8002.760712862727
2026-08-18 10:32:21,7850.0,7870.0,Call GEX 4,GEX,101108.504,8002.760712862727,8002.760712862727
2026-08-18 10:32:21,7900.0,7920.25,Call GEX 5,GEX,99266.142,8002.760712862727,8002.760712862727
2026-08-18 10:32:21,7900.0,7920.25,Put VEX 5,VEX,-193718.817,8002.760712862727,8002.760712862727
2026-08-18 10:32:21,8000.0,8020.5,Put CEX 1,CEX,-2760241.51,8002.760712862727,8002.760712862727
2026-08-18 10:32:21,8000.0,8020.5,Put DEX 1,DEX,-1012.589,8002.760712862727,8002.760712862727
2026-08-18 10:32:21,8000.0,8020.5,Put VEX 1,VEX,-1458928.156,8002.760712862727,8002.760712862727
2026-08-18 10:32:21,8500.0,8521.75,Put DEX 2,DEX,-106.215,8002.760712862727,8002.760712862727
2026-08-18 10:33:21,7400.0,7419.0,Call VEX 4,VEX,577272.504,8002.965996670755,8002.965996670755
2026-08-18 10:33:21,7500.0,7519.25,Call DEX 1,DEX,318.106,8002.965996670755,8002.965996670755
2026-08-18 10:33:21,7500.0,7519.25,Call VEX 2,VEX,657792.441,8002.965996670755,8002.965996670755
2026-08-18 10:33:21,7550.0,7569.5,Call CEX 5,CEX,1089016.683,8002.965996670755,8002.965996670755
2026-08-18 10:33:21,7550.0,7569.5,Call DEX 3,DEX,145.109,8002.965996670755,8002.965996670755
2026-08-18 10:33:21,7550.0,7569.5,Call VEX 5,VEX,541879.829,8002.965996670755,8002.965996670755
2026-08-18 10:33:21,7600.0,7619.5,Call CEX 3,CEX,1724282.549,8002.965996670755,8002.965996670755
2026-08-18 10:33:21,7600.0,7619.5,Call DEX 2,DEX,191.85,8002.965996670755,8002.965996670755
2026-08-18 10:33:21,7600.0,7619.5,Call VEX 1,VEX,1030381.913,8002.965996670755,8002.965996670755
2026-08-18 10:33:21,7625.0,7644.5,Call DEX 5,DEX,61.583,8002.965996670755,8002.965996670755
2026-08-18 10:33:21,7635.0,7654.75,Call CEX 1,CEX,2686744.531,8002.965996670755,8002.965996670755
2026-08-18 10:33:21,7650.0,7669.75,Call CEX 2,CEX,2131263.3,8002.965996670755,8002.965996670755
2026-08-18 10:33:21,7650.0,7669.75,Call DEX 4,DEX,76.694,8002.965996670755,8002.965996670755
2026-08-18 10:33:21,7650.0,7669.75,Call VEX 3,VEX,592338.176,8002.965996670755,8002.965996670755
2026-08-18 10:33:21,7675.0,7694.75,Call CEX 4,CEX,1149902.86,8002.965996670755,8002.965996670755
2026-08-18 10:33:21,7695.0,7714.75,Put GEX 4,GEX,-291591.032,8002.965996670755,8002.965996670755
2026-08-18 10:33:21,7700.0,7719.75,Put GEX 1,GEX,-504945.934,8002.965996670755,8002.965996670755
2026-08-18 10:33:21,7710.0,7729.75,Put GEX 3,GEX,-427931.188,8002.965996670755,8002.965996670755
2026-08-18 10:33:21,7720.0,7739.75,Put CEX 5,CEX,-1461912.326,8002.965996670755,8002.965996670755
2026-08-18 10:33:21,7720.0,7739.75,Put GEX 2,GEX,-456971.557,8002.965996670755,8002.965996670755
2026-08-18 10:33:21,7725.0,7744.75,Put CEX 3,CEX,-2214933.267,8002.965996670755,8002.965996670755
2026-08-18 10:33:21,7735.0,7755.0,Put DEX 5,DEX,-52.464,8002.965996670755,8002.965996670755
2026-08-18 10:33:21,7735.0,7755.0,Put GEX 5,GEX,-280456.345,8002.965996670755,8002.965996670755
2026-08-18 10:33:21,7750.0,7770.0,Put CEX 2,CEX,-2816888.742,8002.965996670755,8002.965996670755
2026-08-18 10:33:21,7750.0,7770.0,Put DEX 4,DEX,-102.949,8002.965996670755,8002.965996670755
2026-08-18 10:33:21,7750.0,7770.0,Put VEX 3,VEX,-596227.454,8002.965996670755,8002.965996670755
2026-08-18 10:33:21,7775.0,7795.0,Call GEX 1,GEX,224453.816,8002.965996670755,8002.965996670755
2026-08-18 10:33:21,7775.0,7795.0,Put VEX 4,VEX,-334764.186,8002.965996670755,8002.965996670755
2026-08-18 10:33:21,7800.0,7820.0,Put CEX 4,CEX,-1999028.738,8002.965996670755,8002.965996670755
2026-08-18 10:33:21,7800.0,7820.0,Put DEX 2,DEX,-112.049,8002.965996670755,8002.965996670755
2026-08-18 10:33:21,7800.0,7820.0,Call GEX 2,GEX,199337.166,8002.965996670755,8002.965996670755
2026-08-18 10:33:21,7800.0,7820.0,Put VEX 2,VEX,-740806.669,8002.965996670755,8002.965996670755
2026-08-18 10:33:21,7825.0,7845.25,Call GEX 3,GEX,103564.085,8002.965996670755,8002.965996670755
2026-08-18 10:33:21,7850.0,7870.25,Call GEX 4,GEX,100935.4,8002.965996670755,8002.965996670755
2026-08-18 10:33:21,7900.0,7920.25,Call GEX 5,GEX,99396.894,8002.965996670755,8002.965996670755
2026-08-18 10:33:21,7900.0,7920.25,Put VEX 5,VEX,-194289.952,8002.965996670755,8002.965996670755
2026-08-18 10:33:21,8000.0,8020.5,Put CEX 1,CEX,-2881106.032,8002.965996670755,8002.965996670755
2026-08-18 10:33:21,8000.0,8020.5,Put DEX 1,DEX,-1009.476,8002.965996670755,8002.965996670755
2026-08-18 10:33:21,8000.0,8020.5,Put VEX 1,VEX,-1518980.346,8002.965996670755,8002.965996670755
2026-08-18 10:33:21,8500.0,8521.75,Put DEX 3,DEX,-106.087,8002.965996670755,8002.965996670755
2026-08-18 10:34:16,7400.0,7419.0,Call VEX 3,VEX,594296.031,8002.969258500179,8002.969258500179
2026-08-18 10:34:16,7500.0,7519.25,Call VEX 2,VEX,613766.431,8002.969258500179,8002.969258500179
2026-08-18 10:34:16,7550.0,7569.25,Call CEX 5,CEX,1117037.378,8002.969258500179,8002.969258500179
2026-08-18 10:34:16,7550.0,7569.25,Call DEX 2,DEX,144.101,8002.969258500179,8002.969258500179
2026-08-18 10:34:16,7550.0,7569.25,Call VEX 5,VEX,556410.0,8002.969258500179,8002.969258500179
2026-08-18 10:34:16,7575.0,7594.5,Call DEX 5,DEX,40.283,8002.969258500179,8002.969258500179
2026-08-18 10:34:16,7600.0,7619.5,Call CEX 3,CEX,1733903.357,8002.969258500179,8002.969258500179
2026-08-18 10:34:16,7600.0,7619.5,Call DEX 1,DEX,190.581,8002.969258500179,8002.969258500179
2026-08-18 10:34:16,7600.0,7619.5,Call VEX 1,VEX,1033529.034,8002.969258500179,8002.969258500179
2026-08-18 10:34:16,7625.0,7644.5,Call DEX 4,DEX,61.847,8002.969258500179,8002.969258500179
2026-08-18 10:34:16,7635.0,7654.5,Call CEX 1,CEX,2713056.606,8002.969258500179,8002.969258500179
2026-08-18 10:34:16,7650.0,7669.5,Call CEX 2,CEX,2138187.108,8002.969258500179,8002.969258500179
2026-08-18 10:34:16,7650.0,7669.5,Call DEX 3,DEX,75.777,8002.969258500179,8002.969258500179
2026-08-18 10:34:16,7650.0,7669.5,Call VEX 4,VEX,588553.987,8002.969258500179,8002.969258500179
2026-08-18 10:34:16,7675.0,7694.75,Call CEX 4,CEX,1156963.497,8002.969258500179,8002.969258500179
2026-08-18 10:34:16,7695.0,7714.75,Put GEX 4,GEX,-298774.688,8002.969258500179,8002.969258500179
2026-08-18 10:34:16,7700.0,7719.75,Put GEX 1,GEX,-519050.244,8002.969258500179,8002.969258500179
2026-08-18 10:34:16,7710.0,7729.75,Put GEX 3,GEX,-419645.992,8002.969258500179,8002.969258500179
2026-08-18 10:34:16,7720.0,7739.75,Put CEX 5,CEX,-1464832.439,8002.969258500179,8002.969258500179
2026-08-18 10:34:16,7720.0,7739.75,Put GEX 2,GEX,-446580.275,8002.969258500179,8002.969258500179
2026-08-18 10:34:16,7725.0,7744.75,Put CEX 3,CEX,-2193577.32,8002.969258500179,8002.969258500179
2026-08-18 10:34:16,7735.0,7754.75,Put DEX 5,DEX,-52.786,8002.969258500179,8002.969258500179
2026-08-18 10:34:16,7735.0,7754.75,Put GEX 5,GEX,-274596.45,8002.969258500179,8002.969258500179
2026-08-18 10:34:16,7750.0,7770.0,Put CEX 2,CEX,-2659980.485,8002.969258500179,8002.969258500179
2026-08-18 10:34:16,7750.0,7770.0,Put DEX 4,DEX,-104.221,8002.969258500179,8002.969258500179
2026-08-18 10:34:16,7750.0,7770.0,Put VEX 3,VEX,-596823.001,8002.969258500179,8002.969258500179
2026-08-18 10:34:16,7775.0,7795.0,Call GEX 1,GEX,222811.047,8002.969258500179,8002.969258500179
2026-08-18 10:34:16,7775.0,7795.0,Put VEX 4,VEX,-333762.626,8002.969258500179,8002.969258500179
2026-08-18 10:34:16,7800.0,7820.0,Put CEX 4,CEX,-1959438.966,8002.969258500179,8002.969258500179
2026-08-18 10:34:16,7800.0,7820.0,Put DEX 2,DEX,-113.128,8002.969258500179,8002.969258500179
2026-08-18 10:34:16,7800.0,7820.0,Call GEX 2,GEX,198781.245,8002.969258500179,8002.969258500179
2026-08-18 10:34:16,7800.0,7820.0,Put VEX 2,VEX,-735478.146,8002.969258500179,8002.969258500179
2026-08-18 10:34:16,7825.0,7845.0,Call GEX 3,GEX,102492.002,8002.969258500179,8002.969258500179
2026-08-18 10:34:16,7850.0,7870.25,Call GEX 4,GEX,100055.738,8002.969258500179,8002.969258500179
2026-08-18 10:34:16,7900.0,7920.25,Call GEX 5,GEX,98612.888,8002.969258500179,8002.969258500179
2026-08-18 10:34:16,7900.0,7920.25,Put VEX 5,VEX,-192544.949,8002.969258500179,8002.969258500179
2026-08-18 10:34:16,8000.0,8020.5,Put CEX 1,CEX,-2882714.215,8002.969258500179,8002.969258500179
2026-08-18 10:34:16,8000.0,8020.5,Put DEX 1,DEX,-1009.4,8002.969258500179,8002.969258500179
2026-08-18 10:34:16,8000.0,8020.5,Put VEX 1,VEX,-1518280.81,8002.969258500179,8002.969258500179
2026-08-18 10:34:16,8500.0,8521.75,Put DEX 3,DEX,-106.072,8002.969258500179,8002.969258500179
2026-08-18 10:35:21,7400.0,7419.0,Call VEX 4,VEX,583141.178,8002.69016400292,8002.69016400292
2026-08-18 10:35:21,7500.0,7519.25,Call DEX 1,DEX,317.568,8002.69016400292,8002.69016400292
2026-08-18 10:35:21,7500.0,7519.25,Call VEX 2,VEX,702466.398,8002.69016400292,8002.69016400292
2026-08-18 10:35:21,7550.0,7569.25,Call CEX 4,CEX,1178934.66,8002.69016400292,8002.69016400292
2026-08-18 10:35:21,7550.0,7569.25,Call DEX 3,DEX,146.33,8002.69016400292,8002.69016400292
2026-08-18 10:35:21,7550.0,7569.25,Call VEX 5,VEX,563052.51,8002.69016400292,8002.69016400292
2026-08-18 10:35:21,7600.0,7619.5,Call CEX 3,CEX,1841624.464,8002.69016400292,8002.69016400292
2026-08-18 10:35:21,7600.0,7619.5,Call DEX 2,DEX,200.606,8002.69016400292,8002.69016400292
2026-08-18 10:35:21,7600.0,7619.5,Call VEX 1,VEX,1042777.541,8002.69016400292,8002.69016400292
2026-08-18 10:35:21,7625.0,7644.5,Call DEX 5,DEX,61.716,8002.69016400292,8002.69016400292
2026-08-18 10:35:21,7635.0,7654.5,Call CEX 1,CEX,2733581.506,8002.69016400292,8002.69016400292
2026-08-18 10:35:21,7650.0,7669.5,Call CEX 2,CEX,2171076.651,8002.69016400292,8002.69016400292
2026-08-18 10:35:21,7650.0,7669.5,Call DEX 4,DEX,75.374,8002.69016400292,8002.69016400292
2026-08-18 10:35:21,7650.0,7669.5,Call VEX 3,VEX,587830.933,8002.69016400292,8002.69016400292
2026-08-18 10:35:21,7675.0,7694.75,Call CEX 5,CEX,1176839.297,8002.69016400292,8002.69016400292
2026-08-18 10:35:21,7690.0,7709.75,Put GEX 5,GEX,-261944.037,8002.69016400292,8002.69016400292
2026-08-18 10:35:21,7695.0,7714.75,Put GEX 4,GEX,-306645.085,8002.69016400292,8002.69016400292
2026-08-18 10:35:21,7700.0,7719.75,Put GEX 1,GEX,-554012.886,8002.69016400292,8002.69016400292
2026-08-18 10:35:21,7710.0,7729.75,Put GEX 2,GEX,-433964.982,8002.69016400292,8002.69016400292
2026-08-18 10:35:21,7720.0,7739.75,Put CEX 5,CEX,-1368441.378,8002.69016400292,8002.69016400292
2026-08-18 10:35:21,7720.0,7739.75,Put GEX 3,GEX,-432960.021,8002.69016400292,8002.69016400292
2026-08-18 10:35:21,7725.0,7744.75,Put CEX 3,CEX,-1725362.497,8002.69016400292,8002.69016400292
2026-08-18 10:35:21,7725.0,7744.75,Put DEX 5,DEX,-53.493,8002.69016400292,8002.69016400292
2026-08-18 10:35:21,7750.0,7769.75,Put CEX 2,CEX,-1836584.753,8002.69016400292,8002.69016400292
2026-08-18 10:35:21,7750.0,7769.75,Put DEX 4,DEX,-79.837,8002.69016400292,8002.69016400292
2026-08-18 10:35:21,7750.0,7769.75,Put VEX 3,VEX,-577913.557,8002.69016400292,8002.69016400292
2026-08-18 10:35:21,7775.0,7795.0,Call GEX 1,GEX,235698.639,8002.69016400292,8002.69016400292
2026-08-18 10:35:21,7775.0,7795.0,Put VEX 4,VEX,-323943.362,8002.69016400292,8002.69016400292
2026-08-18 10:35:21,7800.0,7820.0,Put CEX 4,CEX,-1699067.43,8002.69016400292,8002.69016400292
2026-08-18 10:35:21,7800.0,7820.0,Put DEX 3,DEX,-102.095,8002.69016400292,8002.69016400292
2026-08-18 10:35:21,7800.0,7820.0,Call GEX 2,GEX,206024.183,8002.69016400292,8002.69016400292
2026-08-18 10:35:21,7800.0,7820.0,Put VEX 2,VEX,-727848.293,8002.69016400292,8002.69016400292
2026-08-18 10:35:21,7825.0,7845.0,Call GEX 3,GEX,102901.449,8002.69016400292,8002.69016400292
2026-08-18 10:35:21,7850.0,7870.0,Call GEX 4,GEX,100220.516,8002.69016400292,8002.69016400292
2026-08-18 10:35:21,7900.0,7920.25,Call GEX 5,GEX,98574.095,8002.69016400292,8002.69016400292
2026-08-18 10:35:21,7900.0,7920.25,Put VEX 5,VEX,-192189.978,8002.69016400292,8002.69016400292
2026-08-18 10:35:21,8000.0,8020.5,Put CEX 1,CEX,-2699689.091,8002.69016400292,8002.69016400292
2026-08-18 10:35:21,8000.0,8020.5,Put DEX 1,DEX,-1014.178,8002.69016400292,8002.69016400292
2026-08-18 10:35:21,8000.0,8020.5,Put VEX 1,VEX,-1426464.599,8002.69016400292,8002.69016400292
2026-08-18 10:35:21,8500.0,8521.75,Put DEX 2,DEX,-106.297,8002.69016400292,8002.69016400292
2026-08-18 10:36:22,6450.0,6466.5,Call DEX 5,DEX,65.203,8002.084609036503,8002.084609036503
2026-08-18 10:36:22,7400.0,7419.0,Call VEX 3,VEX,621169.785,8002.084609036503,8002.084609036503
2026-08-18 10:36:22,7500.0,7519.25,Call CEX 4,CEX,1286815.184,8002.084609036503,8002.084609036503
2026-08-18 10:36:22,7500.0,7519.25,Call DEX 1,DEX,315.716,8002.084609036503,8002.084609036503
2026-08-18 10:36:22,7500.0,7519.25,Call VEX 2,VEX,800646.983,8002.084609036503,8002.084609036503
2026-08-18 10:36:22,7550.0,7569.5,Call CEX 5,CEX,1273857.67,8002.084609036503,8002.084609036503
2026-08-18 10:36:22,7550.0,7569.5,Call DEX 3,DEX,145.131,8002.084609036503,8002.084609036503
2026-08-18 10:36:22,7550.0,7569.5,Call VEX 4,VEX,592567.53,8002.084609036503,8002.084609036503
2026-08-18 10:36:22,7600.0,7619.5,Call CEX 3,CEX,1913632.82,8002.084609036503,8002.084609036503
2026-08-18 10:36:22,7600.0,7619.5,Call DEX 2,DEX,196.824,8002.084609036503,8002.084609036503
2026-08-18 10:36:22,7600.0,7619.5,Call VEX 1,VEX,1053971.258,8002.084609036503,8002.084609036503
2026-08-18 10:36:22,7635.0,7654.75,Call CEX 1,CEX,3290864.909,8002.084609036503,8002.084609036503
2026-08-18 10:36:22,7650.0,7669.75,Call CEX 2,CEX,2198365.719,8002.084609036503,8002.084609036503
2026-08-18 10:36:22,7650.0,7669.75,Call DEX 4,DEX,72.99,8002.084609036503,8002.084609036503
2026-08-18 10:36:22,7650.0,7669.75,Call VEX 5,VEX,578385.587,8002.084609036503,8002.084609036503
2026-08-18 10:36:22,7690.0,7709.75,Put GEX 5,GEX,-280132.544,8002.084609036503,8002.084609036503
2026-08-18 10:36:22,7695.0,7714.75,Put GEX 3,GEX,-328457.182,8002.084609036503,8002.084609036503
2026-08-18 10:36:22,7700.0,7719.75,Put GEX 1,GEX,-612611.154,8002.084609036503,8002.084609036503
2026-08-18 10:36:22,7710.0,7729.75,Put CEX 4,CEX,-1488190.409,8002.084609036503,8002.084609036503
2026-08-18 10:36:22,7710.0,7729.75,Put GEX 2,GEX,-423698.145,8002.084609036503,8002.084609036503
2026-08-18 10:36:22,7715.0,7735.0,Put CEX 5,CEX,-1024659.147,8002.084609036503,8002.084609036503
2026-08-18 10:36:22,7720.0,7740.0,Put GEX 4,GEX,-295053.653,8002.084609036503,8002.084609036503
2026-08-18 10:36:22,7735.0,7755.0,Put DEX 5,DEX,-44.246,8002.084609036503,8002.084609036503
2026-08-18 10:36:22,7750.0,7770.0,Put CEX 2,CEX,-1843523.305,8002.084609036503,8002.084609036503
2026-08-18 10:36:22,7750.0,7770.0,Put DEX 4,DEX,-82.853,8002.084609036503,8002.084609036503
2026-08-18 10:36:22,7750.0,7770.0,Put VEX 3,VEX,-588505.583,8002.084609036503,8002.084609036503
2026-08-18 10:36:22,7775.0,7795.0,Call GEX 1,GEX,229312.078,8002.084609036503,8002.084609036503
2026-08-18 10:36:22,7775.0,7795.0,Put VEX 4,VEX,-323685.398,8002.084609036503,8002.084609036503
2026-08-18 10:36:22,7800.0,7820.0,Put CEX 3,CEX,-1666312.879,8002.084609036503,8002.084609036503
2026-08-18 10:36:22,7800.0,7820.0,Put DEX 3,DEX,-104.311,8002.084609036503,8002.084609036503
2026-08-18 10:36:22,7800.0,7820.0,Call GEX 2,GEX,204745.256,8002.084609036503,8002.084609036503
2026-08-18 10:36:22,7800.0,7820.0,Put VEX 2,VEX,-716913.005,8002.084609036503,8002.084609036503
2026-08-18 10:36:22,7825.0,7845.25,Call GEX 3,GEX,101130.586,8002.084609036503,8002.084609036503
2026-08-18 10:36:22,7850.0,7870.25,Call GEX 4,GEX,97739.838,8002.084609036503,8002.084609036503
2026-08-18 10:36:22,7900.0,7920.25,Call GEX 5,GEX,97437.192,8002.084609036503,8002.084609036503
2026-08-18 10:36:22,7900.0,7920.25,Put VEX 5,VEX,-190802.383,8002.084609036503,8002.084609036503
2026-08-18 10:36:22,8000.0,8020.5,Put CEX 1,CEX,-2427630.221,8002.084609036503,8002.084609036503
2026-08-18 10:36:22,8000.0,8020.5,Put DEX 1,DEX,-1019.343,8002.084609036503,8002.084609036503
2026-08-18 10:36:22,8000.0,8020.5,Put VEX 1,VEX,-1290212.692,8002.084609036503,8002.084609036503
2026-08-18 10:36:22,8500.0,8522.0,Put DEX 2,DEX,-106.57,8002.084609036503,8002.084609036503
2026-08-18 10:37:15,6450.0,6466.75,Call DEX 5,DEX,65.294,8002.594699037946,8002.594699037946
2026-08-18 10:37:15,7400.0,7419.25,Call VEX 3,VEX,611653.467,8002.594699037946,8002.594699037946
2026-08-18 10:37:15,7500.0,7519.5,Call CEX 4,CEX,1293987.932,8002.594699037946,8002.594699037946
2026-08-18 10:37:15,7500.0,7519.5,Call DEX 1,DEX,315.391,8002.594699037946,8002.594699037946
2026-08-18 10:37:15,7500.0,7519.5,Call VEX 2,VEX,805914.736,8002.594699037946,8002.594699037946
2026-08-18 10:37:15,7550.0,7569.5,Call DEX 3,DEX,145.531,8002.594699037946,8002.594699037946
2026-08-18 10:37:15,7550.0,7569.5,Call VEX 4,VEX,585244.702,8002.594699037946,8002.594699037946
2026-08-18 10:37:15,7600.0,7619.75,Call CEX 3,CEX,1890464.399,8002.594699037946,8002.594699037946
2026-08-18 10:37:15,7600.0,7619.75,Call DEX 2,DEX,197.264,8002.594699037946,8002.594699037946
2026-08-18 10:37:15,7600.0,7619.75,Call VEX 1,VEX,1049747.374,8002.594699037946,8002.594699037946
2026-08-18 10:37:15,7635.0,7654.75,Call CEX 1,CEX,3318484.121,8002.594699037946,8002.594699037946
2026-08-18 10:37:15,7650.0,7669.75,Call CEX 2,CEX,2267423.643,8002.594699037946,8002.594699037946
2026-08-18 10:37:15,7650.0,7669.75,Call DEX 4,DEX,72.349,8002.594699037946,8002.594699037946
2026-08-18 10:37:15,7650.0,7669.75,Call VEX 5,VEX,577417.299,8002.594699037946,8002.594699037946
2026-08-18 10:37:15,7675.0,7695.0,Call CEX 5,CEX,1251545.828,8002.594699037946,8002.594699037946
2026-08-18 10:37:15,7690.0,7710.0,Put GEX 5,GEX,-283993.197,8002.594699037946,8002.594699037946
2026-08-18 10:37:15,7695.0,7715.0,Put GEX 4,GEX,-331537.784,8002.594699037946,8002.594699037946
2026-08-18 10:37:15,7700.0,7720.0,Put GEX 1,GEX,-591344.88,8002.594699037946,8002.594699037946
2026-08-18 10:37:15,7710.0,7730.0,Put CEX 4,CEX,-1506151.736,8002.594699037946,8002.594699037946
2026-08-18 10:37:15,7710.0,7730.0,Put GEX 2,GEX,-400166.373,8002.594699037946,8002.594699037946
2026-08-18 10:37:15,7715.0,7735.0,Put CEX 5,CEX,-1068868.972,8002.594699037946,8002.594699037946
2026-08-18 10:37:15,7720.0,7740.0,Put DEX 5,DEX,-48.916,8002.594699037946,8002.594699037946
2026-08-18 10:37:15,7720.0,7740.0,Put GEX 3,GEX,-369556.968,8002.594699037946,8002.594699037946
2026-08-18 10:37:15,7750.0,7770.0,Put CEX 2,CEX,-1848700.455,8002.594699037946,8002.594699037946
2026-08-18 10:37:15,7750.0,7770.0,Put DEX 4,DEX,-83.518,8002.594699037946,8002.594699037946
2026-08-18 10:37:15,7750.0,7770.0,Put VEX 3,VEX,-592477.27,8002.594699037946,8002.594699037946
2026-08-18 10:37:15,7775.0,7795.25,Call GEX 1,GEX,226359.237,8002.594699037946,8002.594699037946
2026-08-18 10:37:15,7775.0,7795.25,Put VEX 4,VEX,-323666.093,8002.594699037946,8002.594699037946
2026-08-18 10:37:15,7800.0,7820.25,Put CEX 3,CEX,-1669837.547,8002.594699037946,8002.594699037946
2026-08-18 10:37:15,7800.0,7820.25,Put DEX 3,DEX,-104.176,8002.594699037946,8002.594699037946
2026-08-18 10:37:15,7800.0,7820.25,Call GEX 2,GEX,197843.967,8002.594699037946,8002.594699037946
2026-08-18 10:37:15,7800.0,7820.25,Put VEX 2,VEX,-718341.982,8002.594699037946,8002.594699037946
2026-08-18 10:37:15,7825.0,7845.25,Call GEX 3,GEX,99673.69,8002.594699037946,8002.594699037946
2026-08-18 10:37:15,7850.0,7870.25,Call GEX 5,GEX,96606.826,8002.594699037946,8002.594699037946
2026-08-18 10:37:15,7900.0,7920.5,Call GEX 4,GEX,96730.412,8002.594699037946,8002.594699037946
2026-08-18 10:37:15,7900.0,7920.5,Put VEX 5,VEX,-190015.056,8002.594699037946,8002.594699037946
2026-08-18 10:37:15,8000.0,8020.75,Put CEX 1,CEX,-2649832.564,8002.594699037946,8002.594699037946
2026-08-18 10:37:15,8000.0,8020.75,Put DEX 1,DEX,-1014.15,8002.594699037946,8002.594699037946
2026-08-18 10:37:15,8000.0,8020.75,Put VEX 1,VEX,-1400567.57,8002.594699037946,8002.594699037946
2026-08-18 10:37:15,8500.0,8522.0,Put DEX 2,DEX,-106.357,8002.594699037946,8002.594699037946
2026-08-18 10:38:05,6450.0,6466.75,Call DEX 5,DEX,65.337,8002.553427393211,8002.553427393211
2026-08-18 10:38:05,7400.0,7419.0,Call VEX 3,VEX,610353.473,8002.553427393211,8002.553427393211
2026-08-18 10:38:05,7500.0,7519.25,Call DEX 1,DEX,316.944,8002.553427393211,8002.553427393211
2026-08-18 10:38:05,7500.0,7519.25,Call VEX 2,VEX,762858.767,8002.553427393211,8002.553427393211
2026-08-18 10:38:05,7550.0,7569.5,Call CEX 5,CEX,1236337.008,8002.553427393211,8002.553427393211
2026-08-18 10:38:05,7550.0,7569.5,Call DEX 3,DEX,145.657,8002.553427393211,8002.553427393211
2026-08-18 10:38:05,7550.0,7569.5,Call VEX 4,VEX,584022.599,8002.553427393211,8002.553427393211
2026-08-18 10:38:05,7600.0,7619.5,Call CEX 3,CEX,1879857.773,8002.553427393211,8002.553427393211
2026-08-18 10:38:05,7600.0,7619.5,Call DEX 2,DEX,197.346,8002.553427393211,8002.553427393211
2026-08-18 10:38:05,7600.0,7619.5,Call VEX 1,VEX,1049335.642,8002.553427393211,8002.553427393211
2026-08-18 10:38:05,7635.0,7654.75,Call CEX 1,CEX,3327813.678,8002.553427393211,8002.553427393211
2026-08-18 10:38:05,7650.0,7669.75,Call CEX 2,CEX,2201371.378,8002.553427393211,8002.553427393211
2026-08-18 10:38:05,7650.0,7669.75,Call DEX 4,DEX,72.465,8002.553427393211,8002.553427393211
2026-08-18 10:38:05,7650.0,7669.75,Call VEX 5,VEX,575681.027,8002.553427393211,8002.553427393211
2026-08-18 10:38:05,7675.0,7694.75,Call CEX 4,CEX,1245302.539,8002.553427393211,8002.553427393211
2026-08-18 10:38:05,7690.0,7709.75,Put GEX 5,GEX,-281949.7,8002.553427393211,8002.553427393211
2026-08-18 10:38:05,7695.0,7714.75,Put GEX 4,GEX,-326796.365,8002.553427393211,8002.553427393211
2026-08-18 10:38:05,7700.0,7719.75,Put GEX 1,GEX,-582369.527,8002.553427393211,8002.553427393211
2026-08-18 10:38:05,7710.0,7729.75,Put CEX 4,CEX,-1492330.295,8002.553427393211,8002.553427393211
2026-08-18 10:38:05,7710.0,7729.75,Put GEX 2,GEX,-398764.731,8002.553427393211,8002.553427393211
2026-08-18 10:38:05,7720.0,7740.0,Put CEX 5,CEX,-1160396.201,8002.553427393211,8002.553427393211
2026-08-18 10:38:05,7720.0,7740.0,Put DEX 5,DEX,-48.722,8002.553427393211,8002.553427393211
2026-08-18 10:38:05,7720.0,7740.0,Put GEX 3,GEX,-382893.731,8002.553427393211,8002.553427393211
2026-08-18 10:38:05,7750.0,7770.0,Put CEX 2,CEX,-1849906.578,8002.553427393211,8002.553427393211
2026-08-18 10:38:05,7750.0,7770.0,Put DEX 4,DEX,-83.369,8002.553427393211,8002.553427393211
2026-08-18 10:38:05,7750.0,7770.0,Put VEX 3,VEX,-591833.597,8002.553427393211,8002.553427393211
2026-08-18 10:38:05,7775.0,7795.0,Call GEX 1,GEX,226734.798,8002.553427393211,8002.553427393211
2026-08-18 10:38:05,7775.0,7795.0,Put VEX 4,VEX,-323608.437,8002.553427393211,8002.553427393211
2026-08-18 10:38:05,7800.0,7820.0,Put CEX 3,CEX,-1665400.776,8002.553427393211,8002.553427393211
2026-08-18 10:38:05,7800.0,7820.0,Put DEX 3,DEX,-104.298,8002.553427393211,8002.553427393211
2026-08-18 10:38:05,7800.0,7820.0,Call GEX 2,GEX,198455.653,8002.553427393211,8002.553427393211
2026-08-18 10:38:05,7800.0,7820.0,Put VEX 2,VEX,-716555.871,8002.553427393211,8002.553427393211
2026-08-18 10:38:05,7825.0,7845.25,Call GEX 3,GEX,99831.005,8002.553427393211,8002.553427393211
2026-08-18 10:38:05,7850.0,7870.25,Call GEX 4,GEX,97108.48,8002.553427393211,8002.553427393211
2026-08-18 10:38:05,7900.0,7920.25,Call GEX 5,GEX,96747.28,8002.553427393211,8002.553427393211
2026-08-18 10:38:05,7900.0,7920.25,Put VEX 5,VEX,-190212.776,8002.553427393211,8002.553427393211
2026-08-18 10:38:05,8000.0,8020.5,Put CEX 1,CEX,-2630258.737,8002.553427393211,8002.553427393211
2026-08-18 10:38:05,8000.0,8020.5,Put DEX 1,DEX,-1014.675,8002.553427393211,8002.553427393211
2026-08-18 10:38:05,8000.0,8020.5,Put VEX 1,VEX,-1390089.096,8002.553427393211,8002.553427393211
2026-08-18 10:38:05,8500.0,8522.0,Put DEX 2,DEX,-106.388,8002.553427393211,8002.553427393211
2026-08-18 10:39:03,7400.0,7419.0,Call VEX 3,VEX,608909.893,8002.778653882107,8002.778653882107
2026-08-18 10:39:03,7500.0,7519.25,Call DEX 1,DEX,317.044,8002.778653882107,8002.778653882107
2026-08-18 10:39:03,7500.0,7519.25,Call VEX 2,VEX,721821.696,8002.778653882107,8002.778653882107
2026-08-18 10:39:03,7550.0,7569.25,Call CEX 5,CEX,1181306.97,8002.778653882107,8002.778653882107
2026-08-18 10:39:03,7550.0,7569.25,Call DEX 3,DEX,146.036,8002.778653882107,8002.778653882107
2026-08-18 10:39:03,7550.0,7569.25,Call VEX 5,VEX,566669.785,8002.778653882107,8002.778653882107
2026-08-18 10:39:03,7600.0,7619.5,Call CEX 3,CEX,1760443.186,8002.778653882107,8002.778653882107
2026-08-18 10:39:03,7600.0,7619.5,Call DEX 2,DEX,199.756,8002.778653882107,8002.778653882107
2026-08-18 10:39:03,7600.0,7619.5,Call VEX 1,VEX,1041645.734,8002.778653882107,8002.778653882107
2026-08-18 10:39:03,7625.0,7644.5,Call DEX 5,DEX,61.372,8002.778653882107,8002.778653882107
2026-08-18 10:39:03,7635.0,7654.5,Call CEX 1,CEX,2789008.711,8002.778653882107,8002.778653882107
2026-08-18 10:39:03,7650.0,7669.5,Call CEX 2,CEX,2191506.943,8002.778653882107,8002.778653882107
2026-08-18 10:39:03,7650.0,7669.5,Call DEX 4,DEX,74.542,8002.778653882107,8002.778653882107
2026-08-18 10:39:03,7650.0,7669.5,Call VEX 4,VEX,584139.618,8002.778653882107,8002.778653882107
2026-08-18 10:39:03,7675.0,7694.75,Call CEX 4,CEX,1194106.958,8002.778653882107,8002.778653882107
2026-08-18 10:39:03,7690.0,7709.75,Put GEX 5,GEX,-266344.25,8002.778653882107,8002.778653882107
2026-08-18 10:39:03,7695.0,7714.75,Put GEX 4,GEX,-312185.505,8002.778653882107,8002.778653882107
2026-08-18 10:39:03,7700.0,7719.75,Put GEX 1,GEX,-569215.857,8002.778653882107,8002.778653882107
2026-08-18 10:39:03,7710.0,7729.75,Put GEX 2,GEX,-430892.346,8002.778653882107,8002.778653882107
2026-08-18 10:39:03,7720.0,7739.75,Put CEX 5,CEX,-1380545.336,8002.778653882107,8002.778653882107
2026-08-18 10:39:03,7720.0,7739.75,Put GEX 3,GEX,-425800.816,8002.778653882107,8002.778653882107
2026-08-18 10:39:03,7725.0,7744.75,Put CEX 3,CEX,-1826752.327,8002.778653882107,8002.778653882107
2026-08-18 10:39:03,7725.0,7744.75,Put DEX 5,DEX,-53.892,8002.778653882107,8002.778653882107
2026-08-18 10:39:03,7750.0,7769.75,Put CEX 2,CEX,-2288662.746,8002.778653882107,8002.778653882107
2026-08-18 10:39:03,7750.0,7769.75,Put DEX 3,DEX,-105.983,8002.778653882107,8002.778653882107
2026-08-18 10:39:03,7750.0,7769.75,Put VEX 3,VEX,-591735.764,8002.778653882107,8002.778653882107
2026-08-18 10:39:03,7775.0,7795.0,Call GEX 1,GEX,233606.291,8002.778653882107,8002.778653882107
2026-08-18 10:39:03,7775.0,7795.0,Put VEX 4,VEX,-323882.392,8002.778653882107,8002.778653882107
2026-08-18 10:39:03,7800.0,7820.0,Put CEX 4,CEX,-1695245.868,8002.778653882107,8002.778653882107
2026-08-18 10:39:03,7800.0,7820.0,Put DEX 4,DEX,-102.59,8002.778653882107,8002.778653882107
2026-08-18 10:39:03,7800.0,7820.0,Call GEX 2,GEX,202361.343,8002.778653882107,8002.778653882107
2026-08-18 10:39:03,7800.0,7820.0,Put VEX 2,VEX,-724544.814,8002.778653882107,8002.778653882107
2026-08-18 10:39:03,7825.0,7845.0,Call GEX 3,GEX,101873.426,8002.778653882107,8002.778653882107
2026-08-18 10:39:03,7850.0,7870.0,Call GEX 4,GEX,98632.809,8002.778653882107,8002.778653882107
2026-08-18 10:39:03,7900.0,7920.25,Call GEX 5,GEX,97757.444,8002.778653882107,8002.778653882107
2026-08-18 10:39:03,7900.0,7920.25,Put VEX 5,VEX,-192206.74,8002.778653882107,8002.778653882107
2026-08-18 10:39:03,8000.0,8020.5,Put CEX 1,CEX,-2748585.984,8002.778653882107,8002.778653882107
2026-08-18 10:39:03,8000.0,8020.5,Put DEX 1,DEX,-1012.934,8002.778653882107,8002.778653882107
2026-08-18 10:39:03,8000.0,8020.5,Put VEX 1,VEX,-1449418.987,8002.778653882107,8002.778653882107
2026-08-18 10:39:03,8500.0,8521.75,Put DEX 2,DEX,-106.224,8002.778653882107,8002.778653882107
2026-08-18 10:39:58,7400.0,7419.25,Call VEX 3,VEX,594457.358,8002.799491993134,8002.799491993134
2026-08-18 10:39:58,7500.0,7519.5,Call DEX 1,DEX,318.023,8002.799491993134,8002.799491993134
2026-08-18 10:39:58,7500.0,7519.5,Call VEX 2,VEX,691116.328,8002.799491993134,8002.799491993134
2026-08-18 10:39:58,7550.0,7569.75,Call CEX 5,CEX,1146852.808,8002.799491993134,8002.799491993134
2026-08-18 10:39:58,7550.0,7569.75,Call DEX 3,DEX,146.547,8002.799491993134,8002.799491993134
2026-08-18 10:39:58,7550.0,7569.75,Call VEX 5,VEX,561162.587,8002.799491993134,8002.799491993134
2026-08-18 10:39:58,7600.0,7619.75,Call CEX 3,CEX,1735198.244,8002.799491993134,8002.799491993134
2026-08-18 10:39:58,7600.0,7619.75,Call DEX 2,DEX,201.395,8002.799491993134,8002.799491993134
2026-08-18 10:39:58,7600.0,7619.75,Call VEX 1,VEX,1036464.087,8002.799491993134,8002.799491993134
2026-08-18 10:39:58,7625.0,7644.75,Call DEX 5,DEX,61.936,8002.799491993134,8002.799491993134
2026-08-18 10:39:58,7635.0,7655.0,Call CEX 1,CEX,2774298.374,8002.799491993134,8002.799491993134
2026-08-18 10:39:58,7650.0,7670.0,Call CEX 2,CEX,2024322.593,8002.799491993134,8002.799491993134
2026-08-18 10:39:58,7650.0,7670.0,Call DEX 4,DEX,76.152,8002.799491993134,8002.799491993134
2026-08-18 10:39:58,7650.0,7670.0,Call VEX 4,VEX,585799.88,8002.799491993134,8002.799491993134
2026-08-18 10:39:58,7675.0,7695.0,Call CEX 4,CEX,1158551.384,8002.799491993134,8002.799491993134
2026-08-18 10:39:58,7695.0,7715.0,Put GEX 4,GEX,-298739.358,8002.799491993134,8002.799491993134
2026-08-18 10:39:58,7700.0,7720.0,Put GEX 1,GEX,-537294.168,8002.799491993134,8002.799491993134
2026-08-18 10:39:58,7710.0,7730.0,Put GEX 3,GEX,-439121.252,8002.799491993134,8002.799491993134
2026-08-18 10:39:58,7720.0,7740.0,Put CEX 5,CEX,-1462167.854,8002.799491993134,8002.799491993134
2026-08-18 10:39:58,7720.0,7740.0,Put GEX 2,GEX,-448883.712,8002.799491993134,8002.799491993134
2026-08-18 10:39:58,7725.0,7745.25,Put CEX 3,CEX,-2096033.081,8002.799491993134,8002.799491993134
2026-08-18 10:39:58,7735.0,7755.25,Put DEX 5,DEX,-52.878,8002.799491993134,8002.799491993134
2026-08-18 10:39:58,7735.0,7755.25,Put GEX 5,GEX,-270137.704,8002.799491993134,8002.799491993134
2026-08-18 10:39:58,7750.0,7770.25,Put CEX 2,CEX,-2536696.905,8002.799491993134,8002.799491993134
2026-08-18 10:39:58,7750.0,7770.25,Put DEX 4,DEX,-103.898,8002.799491993134,8002.799491993134
2026-08-18 10:39:58,7750.0,7770.25,Put VEX 3,VEX,-590122.949,8002.799491993134,8002.799491993134
2026-08-18 10:39:58,7775.0,7795.25,Call GEX 1,GEX,233990.795,8002.799491993134,8002.799491993134
2026-08-18 10:39:58,7775.0,7795.25,Put VEX 4,VEX,-327025.11,8002.799491993134,8002.799491993134
2026-08-18 10:39:58,7800.0,7820.25,Put CEX 4,CEX,-1793811.422,8002.799491993134,8002.799491993134
2026-08-18 10:39:58,7800.0,7820.25,Put DEX 2,DEX,-113.28,8002.799491993134,8002.799491993134
2026-08-18 10:39:58,7800.0,7820.25,Call GEX 2,GEX,205408.805,8002.799491993134,8002.799491993134
2026-08-18 10:39:58,7800.0,7820.25,Put VEX 2,VEX,-730231.675,8002.799491993134,8002.799491993134
2026-08-18 10:39:58,7825.0,7845.5,Call GEX 3,GEX,103530.822,8002.799491993134,8002.799491993134
2026-08-18 10:39:58,7850.0,7870.5,Call GEX 4,GEX,99864.714,8002.799491993134,8002.799491993134
2026-08-18 10:39:58,7900.0,7920.5,Call GEX 5,GEX,99015.929,8002.799491993134,8002.799491993134
2026-08-18 10:39:58,7900.0,7920.5,Put VEX 5,VEX,-192788.545,8002.799491993134,8002.799491993134
2026-08-18 10:39:58,8000.0,8020.75,Put CEX 1,CEX,-2769283.049,8002.799491993134,8002.799491993134
2026-08-18 10:39:58,8000.0,8020.75,Put DEX 1,DEX,-1012.639,8002.799491993134,8002.799491993134
2026-08-18 10:39:58,8000.0,8020.75,Put VEX 1,VEX,-1459034.151,8002.799491993134,8002.799491993134
2026-08-18 10:39:58,8500.0,8522.25,Put DEX 3,DEX,-106.19,8002.799491993134,8002.799491993134
2026-08-18 10:41:03,6500.0,6516.5,Call DEX 4,DEX,62.322,8003.178183641333,8003.178183641333
2026-08-18 10:41:03,7400.0,7418.75,Call VEX 4,VEX,576136.651,8003.178183641333,8003.178183641333
2026-08-18 10:41:03,7500.0,7519.0,Call VEX 2,VEX,616128.332,8003.178183641333,8003.178183641333
2026-08-18 10:41:03,7550.0,7569.25,Call CEX 5,CEX,1094739.242,8003.178183641333,8003.178183641333
2026-08-18 10:41:03,7550.0,7569.25,Call DEX 2,DEX,145.073,8003.178183641333,8003.178183641333
2026-08-18 10:41:03,7550.0,7569.25,Call VEX 5,VEX,537669.333,8003.178183641333,8003.178183641333
2026-08-18 10:41:03,7600.0,7619.25,Call CEX 3,CEX,1670768.245,8003.178183641333,8003.178183641333
2026-08-18 10:41:03,7600.0,7619.25,Call DEX 1,DEX,191.067,8003.178183641333,8003.178183641333
2026-08-18 10:41:03,7600.0,7619.25,Call VEX 1,VEX,1027826.344,8003.178183641333,8003.178183641333
2026-08-18 10:41:03,7625.0,7644.5,Call DEX 5,DEX,61.206,8003.178183641333,8003.178183641333
2026-08-18 10:41:03,7635.0,7654.5,Call CEX 1,CEX,2797671.408,8003.178183641333,8003.178183641333
2026-08-18 10:41:03,7650.0,7669.5,Call CEX 2,CEX,1997292.483,8003.178183641333,8003.178183641333
2026-08-18 10:41:03,7650.0,7669.5,Call DEX 3,DEX,74.4,8003.178183641333,8003.178183641333
2026-08-18 10:41:03,7650.0,7669.5,Call VEX 3,VEX,582662.632,8003.178183641333,8003.178183641333
2026-08-18 10:41:03,7675.0,7694.5,Call CEX 4,CEX,1112556.524,8003.178183641333,8003.178183641333
2026-08-18 10:41:03,7695.0,7714.5,Put GEX 4,GEX,-302212.561,8003.178183641333,8003.178183641333
2026-08-18 10:41:03,7700.0,7719.5,Put GEX 1,GEX,-516347.094,8003.178183641333,8003.178183641333
2026-08-18 10:41:03,7710.0,7729.75,Put GEX 3,GEX,-404441.382,8003.178183641333,8003.178183641333
2026-08-18 10:41:03,7720.0,7739.75,Put GEX 2,GEX,-441356.515,8003.178183641333,8003.178183641333
2026-08-18 10:41:03,7725.0,7744.75,Put CEX 3,CEX,-2365889.041,8003.178183641333,8003.178183641333
2026-08-18 10:41:03,7725.0,7744.75,Put VEX 5,VEX,-195569.817,8003.178183641333,8003.178183641333
2026-08-18 10:41:03,7735.0,7754.75,Put DEX 5,DEX,-52.711,8003.178183641333,8003.178183641333
2026-08-18 10:41:03,7750.0,7769.75,Put CEX 1,CEX,-3221397.062,8003.178183641333,8003.178183641333
2026-08-18 10:41:03,7750.0,7769.75,Put DEX 4,DEX,-104.042,8003.178183641333,8003.178183641333
2026-08-18 10:41:03,7750.0,7769.75,Put VEX 3,VEX,-612002.211,8003.178183641333,8003.178183641333
2026-08-18 10:41:03,7775.0,7794.75,Put CEX 5,CEX,-1523166.25,8003.178183641333,8003.178183641333
2026-08-18 10:41:03,7775.0,7794.75,Call GEX 1,GEX,213712.654,8003.178183641333,8003.178183641333
2026-08-18 10:41:03,7775.0,7794.75,Put VEX 4,VEX,-338973.105,8003.178183641333,8003.178183641333
2026-08-18 10:41:03,7800.0,7820.0,Put CEX 4,CEX,-2129414.72,8003.178183641333,8003.178183641333
2026-08-18 10:41:03,7800.0,7820.0,Put DEX 2,DEX,-112.501,8003.178183641333,8003.178183641333
2026-08-18 10:41:03,7800.0,7820.0,Call GEX 2,GEX,185779.169,8003.178183641333,8003.178183641333
2026-08-18 10:41:03,7800.0,7820.0,Put VEX 2,VEX,-740354.995,8003.178183641333,8003.178183641333
2026-08-18 10:41:03,7825.0,7845.0,Call GEX 3,GEX,101195.348,8003.178183641333,8003.178183641333
2026-08-18 10:41:03,7850.0,7870.0,Call GEX 4,GEX,98149.95,8003.178183641333,8003.178183641333
2026-08-18 10:41:03,7900.0,7920.25,Call GEX 5,GEX,97604.891,8003.178183641333,8003.178183641333
2026-08-18 10:41:03,8000.0,8020.5,Put CEX 2,CEX,-3054274.454,8003.178183641333,8003.178183641333
2026-08-18 10:41:03,8000.0,8020.5,Put DEX 1,DEX,-1004.831,8003.178183641333,8003.178183641333
2026-08-18 10:41:03,8000.0,8020.5,Put GEX 5,GEX,-293980.517,8003.178183641333,8003.178183641333
2026-08-18 10:41:03,8000.0,8020.5,Put VEX 1,VEX,-1592045.312,8003.178183641333,8003.178183641333
2026-08-18 10:41:03,8500.0,8521.75,Put DEX 3,DEX,-105.855,8003.178183641333,8003.178183641333
2026-08-18 10:42:00,6500.0,6516.5,Call DEX 5,DEX,62.903,8002.7426255913715,8002.7426255913715
2026-08-18 10:42:00,7400.0,7418.75,Call VEX 3,VEX,603591.639,8002.7426255913715,8002.7426255913715
2026-08-18 10:42:00,7500.0,7519.0,Call DEX 1,DEX,318.191,8002.7426255913715,8002.7426255913715
2026-08-18 10:42:00,7500.0,7519.0,Call VEX 2,VEX,648950.893,8002.7426255913715,8002.7426255913715
2026-08-18 10:42:00,7550.0,7569.0,Call CEX 5,CEX,1197074.212,8002.7426255913715,8002.7426255913715
2026-08-18 10:42:00,7550.0,7569.0,Call DEX 3,DEX,145.638,8002.7426255913715,8002.7426255913715
2026-08-18 10:42:00,7550.0,7569.0,Call VEX 5,VEX,568608.026,8002.7426255913715,8002.7426255913715
2026-08-18 10:42:00,7600.0,7619.25,Call CEX 3,CEX,1786157.341,8002.7426255913715,8002.7426255913715
2026-08-18 10:42:00,7600.0,7619.25,Call DEX 2,DEX,198.44,8002.7426255913715,8002.7426255913715
2026-08-18 10:42:00,7600.0,7619.25,Call VEX 1,VEX,1043602.492,8002.7426255913715,8002.7426255913715
2026-08-18 10:42:00,7635.0,7654.25,Call CEX 1,CEX,2850083.265,8002.7426255913715,8002.7426255913715
2026-08-18 10:42:00,7650.0,7669.25,Call CEX 2,CEX,2216485.291,8002.7426255913715,8002.7426255913715
2026-08-18 10:42:00,7650.0,7669.25,Call DEX 4,DEX,73.135,8002.7426255913715,8002.7426255913715
2026-08-18 10:42:00,7650.0,7669.25,Call VEX 4,VEX,578202.113,8002.7426255913715,8002.7426255913715
2026-08-18 10:42:00,7675.0,7694.25,Call CEX 4,CEX,1236732.825,8002.7426255913715,8002.7426255913715
2026-08-18 10:42:00,7690.0,7709.5,Put GEX 5,GEX,-278412.52,8002.7426255913715,8002.7426255913715
2026-08-18 10:42:00,7695.0,7714.5,Put GEX 4,GEX,-325816.685,8002.7426255913715,8002.7426255913715
2026-08-18 10:42:00,7700.0,7719.5,Put GEX 1,GEX,-579006.943,8002.7426255913715,8002.7426255913715
2026-08-18 10:42:00,7710.0,7729.5,Put CEX 5,CEX,-1467652.082,8002.7426255913715,8002.7426255913715
2026-08-18 10:42:00,7710.0,7729.5,Put GEX 3,GEX,-401156.601,8002.7426255913715,8002.7426255913715
2026-08-18 10:42:00,7720.0,7739.5,Put GEX 2,GEX,-404623.518,8002.7426255913715,8002.7426255913715
2026-08-18 10:42:00,7725.0,7744.5,Put CEX 3,CEX,-1745831.643,8002.7426255913715,8002.7426255913715
2026-08-18 10:42:00,7725.0,7744.5,Put DEX 5,DEX,-55.323,8002.7426255913715,8002.7426255913715
2026-08-18 10:42:00,7725.0,7744.5,Put VEX 5,VEX,-190656.697,8002.7426255913715,8002.7426255913715
2026-08-18 10:42:00,7750.0,7769.5,Put CEX 2,CEX,-2047816.118,8002.7426255913715,8002.7426255913715
2026-08-18 10:42:00,7750.0,7769.5,Put DEX 2,DEX,-107.926,8002.7426255913715,8002.7426255913715
2026-08-18 10:42:00,7750.0,7769.5,Put VEX 3,VEX,-593251.275,8002.7426255913715,8002.7426255913715
2026-08-18 10:42:00,7775.0,7794.5,Call GEX 1,GEX,228218.567,8002.7426255913715,8002.7426255913715
2026-08-18 10:42:00,7775.0,7794.5,Put VEX 4,VEX,-323845.476,8002.7426255913715,8002.7426255913715
2026-08-18 10:42:00,7800.0,7819.75,Put CEX 4,CEX,-1687384.391,8002.7426255913715,8002.7426255913715
2026-08-18 10:42:00,7800.0,7819.75,Put DEX 4,DEX,-103.602,8002.7426255913715,8002.7426255913715
2026-08-18 10:42:00,7800.0,7819.75,Call GEX 2,GEX,196518.553,8002.7426255913715,8002.7426255913715
2026-08-18 10:42:00,7800.0,7819.75,Put VEX 2,VEX,-720634.026,8002.7426255913715,8002.7426255913715
2026-08-18 10:42:00,7825.0,7844.75,Call GEX 3,GEX,99867.5,8002.7426255913715,8002.7426255913715
2026-08-18 10:42:00,7850.0,7869.75,Call GEX 4,GEX,96915.013,8002.7426255913715,8002.7426255913715
2026-08-18 10:42:00,7900.0,7920.0,Call GEX 5,GEX,96329.398,8002.7426255913715,8002.7426255913715
2026-08-18 10:42:00,8000.0,8020.25,Put CEX 1,CEX,-2724049.699,8002.7426255913715,8002.7426255913715
2026-08-18 10:42:00,8000.0,8020.25,Put DEX 1,DEX,-1012.533,8002.7426255913715,8002.7426255913715
2026-08-18 10:42:00,8000.0,8020.25,Put VEX 1,VEX,-1433942.381,8002.7426255913715,8002.7426255913715
2026-08-18 10:42:00,8500.0,8521.5,Put DEX 3,DEX,-106.274,8002.7426255913715,8002.7426255913715
2026-08-18 10:42:59,6500.0,6516.75,Call DEX 5,DEX,63.015,8002.463010720424,8002.463010720424
2026-08-18 10:42:59,7400.0,7419.0,Call VEX 3,VEX,607290.072,8002.463010720424,8002.463010720424
2026-08-18 10:42:59,7500.0,7519.25,Call DEX 1,DEX,316.871,8002.463010720424,8002.463010720424
2026-08-18 10:42:59,7500.0,7519.25,Call VEX 2,VEX,728099.805,8002.463010720424,8002.463010720424
2026-08-18 10:42:59,7550.0,7569.5,Call CEX 5,CEX,1223246.79,8002.463010720424,8002.463010720424
2026-08-18 10:42:59,7550.0,7569.5,Call DEX 3,DEX,145.703,8002.463010720424,8002.463010720424
2026-08-18 10:42:59,7550.0,7569.5,Call VEX 5,VEX,569897.194,8002.463010720424,8002.463010720424
2026-08-18 10:42:59,7600.0,7619.5,Call CEX 3,CEX,1814631.983,8002.463010720424,8002.463010720424
2026-08-18 10:42:59,7600.0,7619.5,Call DEX 2,DEX,198.701,8002.463010720424,8002.463010720424
2026-08-18 10:42:59,7600.0,7619.5,Call VEX 1,VEX,1045109.062,8002.463010720424,8002.463010720424
2026-08-18 10:42:59,7635.0,7654.75,Call CEX 1,CEX,2858790.992,8002.463010720424,8002.463010720424
2026-08-18 10:42:59,7650.0,7669.75,Call CEX 2,CEX,2237864.562,8002.463010720424,8002.463010720424
2026-08-18 10:42:59,7650.0,7669.75,Call DEX 4,DEX,73.524,8002.463010720424,8002.463010720424
2026-08-18 10:42:59,7650.0,7669.75,Call VEX 4,VEX,580328.18,8002.463010720424,8002.463010720424
2026-08-18 10:42:59,7675.0,7694.75,Call CEX 4,CEX,1227091.301,8002.463010720424,8002.463010720424
2026-08-18 10:42:59,7690.0,7709.75,Put GEX 5,GEX,-277938.984,8002.463010720424,8002.463010720424
2026-08-18 10:42:59,7695.0,7714.75,Put GEX 4,GEX,-330287.365,8002.463010720424,8002.463010720424
2026-08-18 10:42:59,7700.0,7719.75,Put GEX 1,GEX,-607005.155,8002.463010720424,8002.463010720424
2026-08-18 10:42:59,7710.0,7730.0,Put CEX 4,CEX,-1503753.136,8002.463010720424,8002.463010720424
2026-08-18 10:42:59,7710.0,7730.0,Put GEX 2,GEX,-424453.649,8002.463010720424,8002.463010720424
2026-08-18 10:42:59,7715.0,7735.0,Put CEX 5,CEX,-1124050.809,8002.463010720424,8002.463010720424
2026-08-18 10:42:59,7720.0,7740.0,Put DEX 5,DEX,-48.44,8002.463010720424,8002.463010720424
2026-08-18 10:42:59,7720.0,7740.0,Put GEX 3,GEX,-376471.745,8002.463010720424,8002.463010720424
2026-08-18 10:42:59,7750.0,7770.0,Put CEX 2,CEX,-1855367.238,8002.463010720424,8002.463010720424
2026-08-18 10:42:59,7750.0,7770.0,Put DEX 4,DEX,-82.187,8002.463010720424,8002.463010720424
2026-08-18 10:42:59,7750.0,7770.0,Put VEX 3,VEX,-586838.305,8002.463010720424,8002.463010720424
2026-08-18 10:42:59,7775.0,7795.0,Call GEX 1,GEX,229551.91,8002.463010720424,8002.463010720424
2026-08-18 10:42:59,7775.0,7795.0,Put VEX 4,VEX,-323528.707,8002.463010720424,8002.463010720424
2026-08-18 10:42:59,7800.0,7820.0,Put CEX 3,CEX,-1683642.08,8002.463010720424,8002.463010720424
2026-08-18 10:42:59,7800.0,7820.0,Put DEX 3,DEX,-103.871,8002.463010720424,8002.463010720424
2026-08-18 10:42:59,7800.0,7820.0,Call GEX 2,GEX,200021.677,8002.463010720424,8002.463010720424
2026-08-18 10:42:59,7800.0,7820.0,Put VEX 2,VEX,-718409.368,8002.463010720424,8002.463010720424
2026-08-18 10:42:59,7825.0,7845.25,Call GEX 3,GEX,100218.671,8002.463010720424,8002.463010720424
2026-08-18 10:42:59,7850.0,7870.25,Call GEX 4,GEX,97336.957,8002.463010720424,8002.463010720424
2026-08-18 10:42:59,7900.0,7920.25,Call GEX 5,GEX,95250.228,8002.463010720424,8002.463010720424
2026-08-18 10:42:59,7900.0,7920.25,Put VEX 5,VEX,-187396.856,8002.463010720424,8002.463010720424
2026-08-18 10:42:59,8000.0,8020.75,Put CEX 1,CEX,-2571074.047,8002.463010720424,8002.463010720424
2026-08-18 10:42:59,8000.0,8020.75,Put DEX 1,DEX,-1016.341,8002.463010720424,8002.463010720424
2026-08-18 10:42:59,8000.0,8020.75,Put VEX 1,VEX,-1356421.855,8002.463010720424,8002.463010720424
2026-08-18 10:42:59,8500.0,8522.0,Put DEX 2,DEX,-106.48,8002.463010720424,8002.463010720424
2026-08-18 10:44:00,6500.0,6516.75,Call DEX 5,DEX,63.084,8002.41860436892,8002.41860436892
2026-08-18 10:44:00,7400.0,7419.25,Call VEX 3,VEX,609623.326,8002.41860436892,8002.41860436892
2026-08-18 10:44:00,7500.0,7519.5,Call DEX 1,DEX,316.673,8002.41860436892,8002.41860436892
2026-08-18 10:44:00,7500.0,7519.5,Call VEX 2,VEX,736150.965,8002.41860436892,8002.41860436892
2026-08-18 10:44:00,7550.0,7569.5,Call CEX 4,CEX,1240985.179,8002.41860436892,8002.41860436892
2026-08-18 10:44:00,7550.0,7569.5,Call DEX 3,DEX,145.524,8002.41860436892,8002.41860436892
2026-08-18 10:44:00,7550.0,7569.5,Call VEX 5,VEX,573241.494,8002.41860436892,8002.41860436892
2026-08-18 10:44:00,7600.0,7619.75,Call CEX 3,CEX,1829694.254,8002.41860436892,8002.41860436892
2026-08-18 10:44:00,7600.0,7619.75,Call DEX 2,DEX,198.495,8002.41860436892,8002.41860436892
2026-08-18 10:44:00,7600.0,7619.75,Call VEX 1,VEX,1046614.064,8002.41860436892,8002.41860436892
2026-08-18 10:44:00,7635.0,7654.75,Call CEX 1,CEX,2867962.294,8002.41860436892,8002.41860436892
2026-08-18 10:44:00,7650.0,7669.75,Call CEX 2,CEX,2243621.086,8002.41860436892,8002.41860436892
2026-08-18 10:44:00,7650.0,7669.75,Call DEX 4,DEX,73.638,8002.41860436892,8002.41860436892
2026-08-18 10:44:00,7650.0,7669.75,Call VEX 4,VEX,580714.472,8002.41860436892,8002.41860436892
2026-08-18 10:44:00,7675.0,7694.75,Call CEX 5,CEX,1206701.763,8002.41860436892,8002.41860436892
2026-08-18 10:44:00,7690.0,7710.0,Put GEX 5,GEX,-277696.449,8002.41860436892,8002.41860436892
2026-08-18 10:44:00,7695.0,7715.0,Put GEX 4,GEX,-332929.868,8002.41860436892,8002.41860436892
2026-08-18 10:44:00,7700.0,7720.0,Put GEX 1,GEX,-626012.54,8002.41860436892,8002.41860436892
2026-08-18 10:44:00,7710.0,7730.0,Put CEX 4,CEX,-1520171.626,8002.41860436892,8002.41860436892
2026-08-18 10:44:00,7710.0,7730.0,Put GEX 2,GEX,-435004.67,8002.41860436892,8002.41860436892
2026-08-18 10:44:00,7715.0,7735.0,Put CEX 5,CEX,-1112125.425,8002.41860436892,8002.41860436892
2026-08-18 10:44:00,7720.0,7740.0,Put DEX 5,DEX,-48.617,8002.41860436892,8002.41860436892
2026-08-18 10:44:00,7720.0,7740.0,Put GEX 3,GEX,-349543.831,8002.41860436892,8002.41860436892
2026-08-18 10:44:00,7750.0,7770.0,Put CEX 2,CEX,-1855536.804,8002.41860436892,8002.41860436892
2026-08-18 10:44:00,7750.0,7770.0,Put DEX 4,DEX,-81.84,8002.41860436892,8002.41860436892
2026-08-18 10:44:00,7750.0,7770.0,Put VEX 3,VEX,-585111.886,8002.41860436892,8002.41860436892
2026-08-18 10:44:00,7775.0,7795.25,Call GEX 1,GEX,230495.344,8002.41860436892,8002.41860436892
2026-08-18 10:44:00,7775.0,7795.25,Put VEX 4,VEX,-323649.081,8002.41860436892,8002.41860436892
2026-08-18 10:44:00,7800.0,7820.25,Put CEX 3,CEX,-1685770.565,8002.41860436892,8002.41860436892
2026-08-18 10:44:00,7800.0,7820.25,Put DEX 3,DEX,-103.963,8002.41860436892,8002.41860436892
2026-08-18 10:44:00,7800.0,7820.25,Call GEX 2,GEX,201405.778,8002.41860436892,8002.41860436892
2026-08-18 10:44:00,7800.0,7820.25,Put VEX 2,VEX,-717479.817,8002.41860436892,8002.41860436892
2026-08-18 10:44:00,7825.0,7845.25,Call GEX 3,GEX,100296.649,8002.41860436892,8002.41860436892
2026-08-18 10:44:00,7850.0,7870.25,Call GEX 4,GEX,97499.167,8002.41860436892,8002.41860436892
2026-08-18 10:44:00,7900.0,7920.5,Call GEX 5,GEX,96553.156,8002.41860436892,8002.41860436892
2026-08-18 10:44:00,7900.0,7920.5,Put VEX 5,VEX,-190146.762,8002.41860436892,8002.41860436892
2026-08-18 10:44:00,8000.0,8020.75,Put CEX 1,CEX,-2556901.513,8002.41860436892,8002.41860436892
2026-08-18 10:44:00,8000.0,8020.75,Put DEX 1,DEX,-1016.708,8002.41860436892,8002.41860436892
2026-08-18 10:44:00,8000.0,8020.75,Put VEX 1,VEX,-1349580.42,8002.41860436892,8002.41860436892
2026-08-18 10:44:00,8500.0,8522.0,Put DEX 2,DEX,-106.505,8002.41860436892,8002.41860436892
2026-08-18 10:44:55,6500.0,6516.75,Call DEX 5,DEX,62.935,8002.440208240182,8002.440208240182
2026-08-18 10:44:55,7400.0,7419.0,Call VEX 3,VEX,609328.259,8002.440208240182,8002.440208240182
2026-08-18 10:44:55,7500.0,7519.25,Call CEX 5,CEX,1219774.503,8002.440208240182,8002.440208240182
2026-08-18 10:44:55,7500.0,7519.25,Call DEX 1,DEX,317.209,8002.440208240182,8002.440208240182
2026-08-18 10:44:55,7500.0,7519.25,Call VEX 2,VEX,763791.002,8002.440208240182,8002.440208240182
2026-08-18 10:44:55,7550.0,7569.5,Call CEX 4,CEX,1233781.459,8002.440208240182,8002.440208240182
2026-08-18 10:44:55,7550.0,7569.5,Call DEX 3,DEX,145.298,8002.440208240182,8002.440208240182
2026-08-18 10:44:55,7550.0,7569.5,Call VEX 5,VEX,574774.048,8002.440208240182,8002.440208240182
2026-08-18 10:44:55,7600.0,7619.5,Call CEX 3,CEX,1823149.929,8002.440208240182,8002.440208240182
2026-08-18 10:44:55,7600.0,7619.5,Call DEX 2,DEX,197.923,8002.440208240182,8002.440208240182
2026-08-18 10:44:55,7600.0,7619.5,Call VEX 1,VEX,1046714.592,8002.440208240182,8002.440208240182
2026-08-18 10:44:55,7635.0,7654.75,Call CEX 1,CEX,2889160.288,8002.440208240182,8002.440208240182
2026-08-18 10:44:55,7650.0,7669.75,Call CEX 2,CEX,2249708.816,8002.440208240182,8002.440208240182
2026-08-18 10:44:55,7650.0,7669.75,Call DEX 4,DEX,73.099,8002.440208240182,8002.440208240182
2026-08-18 10:44:55,7650.0,7669.75,Call VEX 4,VEX,578407.564,8002.440208240182,8002.440208240182
2026-08-18 10:44:55,7690.0,7709.75,Put GEX 5,GEX,-281623.158,8002.440208240182,8002.440208240182
2026-08-18 10:44:55,7695.0,7714.75,Put GEX 4,GEX,-337335.761,8002.440208240182,8002.440208240182
2026-08-18 10:44:55,7700.0,7719.75,Put GEX 1,GEX,-638269.399,8002.440208240182,8002.440208240182
2026-08-18 10:44:55,7710.0,7729.75,Put CEX 4,CEX,-1546269.475,8002.440208240182,8002.440208240182
2026-08-18 10:44:55,7710.0,7729.75,Put GEX 2,GEX,-422308.814,8002.440208240182,8002.440208240182
2026-08-18 10:44:55,7715.0,7734.75,Put CEX 5,CEX,-1101196.709,8002.440208240182,8002.440208240182
2026-08-18 10:44:55,7720.0,7740.0,Put DEX 5,DEX,-48.648,8002.440208240182,8002.440208240182
2026-08-18 10:44:55,7720.0,7740.0,Put GEX 3,GEX,-369282.151,8002.440208240182,8002.440208240182
2026-08-18 10:44:55,7750.0,7770.0,Put CEX 2,CEX,-1860103.986,8002.440208240182,8002.440208240182
2026-08-18 10:44:55,7750.0,7770.0,Put DEX 4,DEX,-82.463,8002.440208240182,8002.440208240182
2026-08-18 10:44:55,7750.0,7770.0,Put VEX 3,VEX,-588086.912,8002.440208240182,8002.440208240182
2026-08-18 10:44:55,7775.0,7795.0,Call GEX 1,GEX,228690.823,8002.440208240182,8002.440208240182
2026-08-18 10:44:55,7775.0,7795.0,Put VEX 4,VEX,-323533.8,8002.440208240182,8002.440208240182
2026-08-18 10:44:55,7800.0,7820.0,Put CEX 3,CEX,-1681514.933,8002.440208240182,8002.440208240182
2026-08-18 10:44:55,7800.0,7820.0,Put DEX 3,DEX,-104.12,8002.440208240182,8002.440208240182
2026-08-18 10:44:55,7800.0,7820.0,Call GEX 2,GEX,199118.752,8002.440208240182,8002.440208240182
2026-08-18 10:44:55,7800.0,7820.0,Put VEX 2,VEX,-716873.771,8002.440208240182,8002.440208240182
2026-08-18 10:44:55,7825.0,7845.25,Call GEX 3,GEX,99854.955,8002.440208240182,8002.440208240182
2026-08-18 10:44:55,7850.0,7870.25,Call GEX 4,GEX,97135.993,8002.440208240182,8002.440208240182
2026-08-18 10:44:55,7900.0,7920.25,Call GEX 5,GEX,96461.421,8002.440208240182,8002.440208240182
2026-08-18 10:44:55,7900.0,7920.25,Put VEX 5,VEX,-189610.065,8002.440208240182,8002.440208240182
2026-08-18 10:44:55,8000.0,8020.5,Put CEX 1,CEX,-2562082.622,8002.440208240182,8002.440208240182
2026-08-18 10:44:55,8000.0,8020.5,Put DEX 1,DEX,-1016.594,8002.440208240182,8002.440208240182
2026-08-18 10:44:55,8000.0,8020.5,Put VEX 1,VEX,-1350646.426,8002.440208240182,8002.440208240182
2026-08-18 10:44:55,8500.0,8522.0,Put DEX 2,DEX,-106.42,8002.440208240182,8002.440208240182
2026-08-18 10:45:43,6500.0,6516.75,Call DEX 5,DEX,63.092,8002.6854319785,8002.6854319785
2026-08-18 10:45:43,7400.0,7419.25,Call VEX 3,VEX,606150.909,8002.6854319785,8002.6854319785
2026-08-18 10:45:43,7500.0,7519.5,Call DEX 1,DEX,317.339,8002.6854319785,8002.6854319785
2026-08-18 10:45:43,7500.0,7519.5,Call VEX 2,VEX,712053.126,8002.6854319785,8002.6854319785
2026-08-18 10:45:43,7550.0,7569.5,Call CEX 4,CEX,1211950.716,8002.6854319785,8002.6854319785
2026-08-18 10:45:43,7550.0,7569.5,Call DEX 3,DEX,145.698,8002.6854319785,8002.6854319785
2026-08-18 10:45:43,7550.0,7569.5,Call VEX 5,VEX,570529.255,8002.6854319785,8002.6854319785
2026-08-18 10:45:43,7600.0,7619.75,Call CEX 3,CEX,1829695.671,8002.6854319785,8002.6854319785
2026-08-18 10:45:43,7600.0,7619.75,Call DEX 2,DEX,198.943,8002.6854319785,8002.6854319785
2026-08-18 10:45:43,7600.0,7619.75,Call VEX 1,VEX,1044534.053,8002.6854319785,8002.6854319785
2026-08-18 10:45:43,7635.0,7654.75,Call CEX 1,CEX,2890875.913,8002.6854319785,8002.6854319785
2026-08-18 10:45:43,7650.0,7669.75,Call CEX 2,CEX,2247719.569,8002.6854319785,8002.6854319785
2026-08-18 10:45:43,7650.0,7669.75,Call DEX 4,DEX,73.734,8002.6854319785,8002.6854319785
2026-08-18 10:45:43,7650.0,7669.75,Call VEX 4,VEX,580874.031,8002.6854319785,8002.6854319785
2026-08-18 10:45:43,7675.0,7694.75,Call CEX 5,CEX,1211146.922,8002.6854319785,8002.6854319785
2026-08-18 10:45:43,7690.0,7710.0,Put GEX 5,GEX,-276337.664,8002.6854319785,8002.6854319785
2026-08-18 10:45:43,7695.0,7715.0,Put GEX 4,GEX,-331272.551,8002.6854319785,8002.6854319785
2026-08-18 10:45:43,7700.0,7720.0,Put GEX 1,GEX,-614615.639,8002.6854319785,8002.6854319785
2026-08-18 10:45:43,7710.0,7730.0,Put CEX 5,CEX,-1510896.1,8002.6854319785,8002.6854319785
2026-08-18 10:45:43,7710.0,7730.0,Put GEX 2,GEX,-428108.433,8002.6854319785,8002.6854319785
2026-08-18 10:45:43,7720.0,7740.0,Put GEX 3,GEX,-401520.267,8002.6854319785,8002.6854319785
2026-08-18 10:45:43,7725.0,7745.0,Put CEX 4,CEX,-1655291.032,8002.6854319785,8002.6854319785
2026-08-18 10:45:43,7725.0,7745.0,Put DEX 5,DEX,-54.941,8002.6854319785,8002.6854319785
2026-08-18 10:45:43,7750.0,7770.0,Put CEX 2,CEX,-1859740.421,8002.6854319785,8002.6854319785
2026-08-18 10:45:43,7750.0,7770.0,Put DEX 4,DEX,-81.799,8002.6854319785,8002.6854319785
2026-08-18 10:45:43,7750.0,7770.0,Put VEX 3,VEX,-585262.098,8002.6854319785,8002.6854319785
2026-08-18 10:45:43,7775.0,7795.0,Call GEX 1,GEX,230452.335,8002.6854319785,8002.6854319785
2026-08-18 10:45:43,7775.0,7795.0,Put VEX 4,VEX,-323592.56,8002.6854319785,8002.6854319785
2026-08-18 10:45:43,7800.0,7820.25,Put CEX 3,CEX,-1687335.753,8002.6854319785,8002.6854319785
2026-08-18 10:45:43,7800.0,7820.25,Put DEX 3,DEX,-103.814,8002.6854319785,8002.6854319785
2026-08-18 10:45:43,7800.0,7820.25,Call GEX 2,GEX,199532.844,8002.6854319785,8002.6854319785
2026-08-18 10:45:43,7800.0,7820.25,Put VEX 2,VEX,-717920.927,8002.6854319785,8002.6854319785
2026-08-18 10:45:43,7825.0,7845.25,Call GEX 3,GEX,100207.449,8002.6854319785,8002.6854319785
2026-08-18 10:45:43,7850.0,7870.25,Call GEX 5,GEX,96070.653,8002.6854319785,8002.6854319785
2026-08-18 10:45:43,7900.0,7920.5,Call GEX 4,GEX,96481.311,8002.6854319785,8002.6854319785
2026-08-18 10:45:43,7900.0,7920.5,Put VEX 5,VEX,-190009.978,8002.6854319785,8002.6854319785
2026-08-18 10:45:43,8000.0,8020.75,Put CEX 1,CEX,-2676158.7,8002.6854319785,8002.6854319785
2026-08-18 10:45:43,8000.0,8020.75,Put DEX 1,DEX,-1014.842,8002.6854319785,8002.6854319785
2026-08-18 10:45:43,8000.0,8020.75,Put VEX 1,VEX,-1407679.35,8002.6854319785,8002.6854319785
2026-08-18 10:45:43,8500.0,8522.0,Put DEX 2,DEX,-106.347,8002.6854319785,8002.6854319785
2026-08-18 10:46:32,6500.0,6516.75,Call DEX 4,DEX,63.041,8003.01826119452,8003.01826119452
2026-08-18 10:46:32,7400.0,7419.0,Call VEX 3,VEX,598996.642,8003.01826119452,8003.01826119452
2026-08-18 10:46:32,7500.0,7519.25,Call VEX 2,VEX,611822.527,8003.01826119452,8003.01826119452
2026-08-18 10:46:32,7550.0,7569.5,Call CEX 5,CEX,1127019.465,8003.01826119452,8003.01826119452
2026-08-18 10:46:32,7550.0,7569.5,Call DEX 2,DEX,144.15,8003.01826119452,8003.01826119452
2026-08-18 10:46:32,7550.0,7569.5,Call VEX 5,VEX,550542.824,8003.01826119452,8003.01826119452
2026-08-18 10:46:32,7600.0,7619.5,Call CEX 3,CEX,1738203.755,8003.01826119452,8003.01826119452
2026-08-18 10:46:32,7600.0,7619.5,Call DEX 1,DEX,197.099,8003.01826119452,8003.01826119452
2026-08-18 10:46:32,7600.0,7619.5,Call VEX 1,VEX,1035090.713,8003.01826119452,8003.01826119452
2026-08-18 10:46:32,7625.0,7644.5,Call DEX 5,DEX,60.517,8003.01826119452,8003.01826119452
2026-08-18 10:46:32,7635.0,7654.5,Call CEX 1,CEX,2895208.025,8003.01826119452,8003.01826119452
2026-08-18 10:46:32,7650.0,7669.75,Call CEX 2,CEX,2197136.145,8003.01826119452,8003.01826119452
2026-08-18 10:46:32,7650.0,7669.75,Call DEX 3,DEX,72.592,8003.01826119452,8003.01826119452
2026-08-18 10:46:32,7650.0,7669.75,Call VEX 4,VEX,579789.651,8003.01826119452,8003.01826119452
2026-08-18 10:46:32,7675.0,7694.75,Call CEX 4,CEX,1206300.36,8003.01826119452,8003.01826119452
2026-08-18 10:46:32,7690.0,7709.75,Put GEX 5,GEX,-274832.798,8003.01826119452,8003.01826119452
2026-08-18 10:46:32,7695.0,7714.75,Put GEX 4,GEX,-326926.422,8003.01826119452,8003.01826119452
2026-08-18 10:46:32,7700.0,7719.75,Put GEX 1,GEX,-578902.445,8003.01826119452,8003.01826119452
2026-08-18 10:46:32,7710.0,7729.75,Put GEX 3,GEX,-402291.083,8003.01826119452,8003.01826119452
2026-08-18 10:46:32,7720.0,7739.75,Put CEX 5,CEX,-1503566.923,8003.01826119452,8003.01826119452
2026-08-18 10:46:32,7720.0,7739.75,Put GEX 2,GEX,-423941.886,8003.01826119452,8003.01826119452
2026-08-18 10:46:32,7725.0,7744.75,Put CEX 3,CEX,-2273837.458,8003.01826119452,8003.01826119452
2026-08-18 10:46:32,7725.0,7744.75,Put DEX 5,DEX,-53.973,8003.01826119452,8003.01826119452
2026-08-18 10:46:32,7725.0,7744.75,Put VEX 5,VEX,-200167.642,8003.01826119452,8003.01826119452
2026-08-18 10:46:32,7750.0,7770.0,Put CEX 1,CEX,-2992599.463,8003.01826119452,8003.01826119452
2026-08-18 10:46:32,7750.0,7770.0,Put DEX 3,DEX,-106.522,8003.01826119452,8003.01826119452
2026-08-18 10:46:32,7750.0,7770.0,Put VEX 3,VEX,-613490.168,8003.01826119452,8003.01826119452
2026-08-18 10:46:32,7775.0,7795.0,Call GEX 1,GEX,211720.757,8003.01826119452,8003.01826119452
2026-08-18 10:46:32,7775.0,7795.0,Put VEX 4,VEX,-336705.563,8003.01826119452,8003.01826119452
2026-08-18 10:46:32,7800.0,7820.0,Put CEX 4,CEX,-2068681.557,8003.01826119452,8003.01826119452
2026-08-18 10:46:32,7800.0,7820.0,Put DEX 2,DEX,-114.25,8003.01826119452,8003.01826119452
2026-08-18 10:46:32,7800.0,7820.0,Call GEX 2,GEX,184080.469,8003.01826119452,8003.01826119452
2026-08-18 10:46:32,7800.0,7820.0,Put VEX 2,VEX,-731160.687,8003.01826119452,8003.01826119452
2026-08-18 10:46:32,7825.0,7845.0,Call GEX 3,GEX,99551.533,8003.01826119452,8003.01826119452
2026-08-18 10:46:32,7850.0,7870.25,Call GEX 5,GEX,95308.493,8003.01826119452,8003.01826119452
2026-08-18 10:46:32,7900.0,7920.25,Call GEX 4,GEX,95957.231,8003.01826119452,8003.01826119452
2026-08-18 10:46:32,8000.0,8020.5,Put CEX 2,CEX,-2884617.176,8003.01826119452,8003.01826119452
2026-08-18 10:46:32,8000.0,8020.5,Put DEX 1,DEX,-1009.467,8003.01826119452,8003.01826119452
2026-08-18 10:46:32,8000.0,8020.5,Put VEX 1,VEX,-1510093.712,8003.01826119452,8003.01826119452
2026-08-18 10:46:32,8500.0,8521.75,Put DEX 4,DEX,-106.015,8003.01826119452,8003.01826119452
2026-08-18 10:47:27,6450.0,6466.5,Call DEX 5,DEX,65.198,8002.51033070759,8002.51033070759
2026-08-18 10:47:27,7400.0,7419.0,Call VEX 3,VEX,607220.427,8002.51033070759,8002.51033070759
2026-08-18 10:47:27,7500.0,7519.25,Call DEX 1,DEX,317.57,8002.51033070759,8002.51033070759
2026-08-18 10:47:27,7500.0,7519.25,Call VEX 2,VEX,769454.645,8002.51033070759,8002.51033070759
2026-08-18 10:47:27,7550.0,7569.25,Call CEX 5,CEX,1245419.441,8002.51033070759,8002.51033070759
2026-08-18 10:47:27,7550.0,7569.25,Call DEX 3,DEX,146.165,8002.51033070759,8002.51033070759
2026-08-18 10:47:27,7550.0,7569.25,Call VEX 4,VEX,577123.332,8002.51033070759,8002.51033070759
2026-08-18 10:47:27,7600.0,7619.5,Call CEX 3,CEX,1898393.412,8002.51033070759,8002.51033070759
2026-08-18 10:47:27,7600.0,7619.5,Call DEX 2,DEX,197.426,8002.51033070759,8002.51033070759
2026-08-18 10:47:27,7600.0,7619.5,Call VEX 1,VEX,1047602.557,8002.51033070759,8002.51033070759
2026-08-18 10:47:27,7635.0,7654.5,Call CEX 1,CEX,3223686.893,8002.51033070759,8002.51033070759
2026-08-18 10:47:27,7650.0,7669.5,Call CEX 2,CEX,2268435.749,8002.51033070759,8002.51033070759
2026-08-18 10:47:27,7650.0,7669.5,Call DEX 4,DEX,72.26,8002.51033070759,8002.51033070759
2026-08-18 10:47:27,7650.0,7669.5,Call VEX 5,VEX,574599.875,8002.51033070759,8002.51033070759
2026-08-18 10:47:27,7675.0,7694.5,Call CEX 4,CEX,1256695.933,8002.51033070759,8002.51033070759
2026-08-18 10:47:27,7690.0,7709.75,Put GEX 5,GEX,-291940.313,8002.51033070759,8002.51033070759
2026-08-18 10:47:27,7695.0,7714.75,Put GEX 3,GEX,-349117.352,8002.51033070759,8002.51033070759
2026-08-18 10:47:27,7700.0,7719.75,Put GEX 1,GEX,-655721.331,8002.51033070759,8002.51033070759
2026-08-18 10:47:27,7710.0,7729.75,Put CEX 4,CEX,-1621474.517,8002.51033070759,8002.51033070759
2026-08-18 10:47:27,7710.0,7729.75,Put GEX 2,GEX,-402342.537,8002.51033070759,8002.51033070759
2026-08-18 10:47:27,7715.0,7734.75,Put CEX 5,CEX,-1035627.035,8002.51033070759,8002.51033070759
2026-08-18 10:47:27,7720.0,7739.75,Put DEX 5,DEX,-49.425,8002.51033070759,8002.51033070759
2026-08-18 10:47:27,7720.0,7739.75,Put GEX 4,GEX,-346841.346,8002.51033070759,8002.51033070759
2026-08-18 10:47:27,7750.0,7769.75,Put CEX 2,CEX,-1867774.751,8002.51033070759,8002.51033070759
2026-08-18 10:47:27,7750.0,7769.75,Put DEX 4,DEX,-84.187,8002.51033070759,8002.51033070759
2026-08-18 10:47:27,7750.0,7769.75,Put VEX 3,VEX,-593954.927,8002.51033070759,8002.51033070759
2026-08-18 10:47:27,7775.0,7794.75,Call GEX 1,GEX,224794.179,8002.51033070759,8002.51033070759
2026-08-18 10:47:27,7775.0,7794.75,Put VEX 4,VEX,-323442.226,8002.51033070759,8002.51033070759
2026-08-18 10:47:27,7800.0,7820.0,Put CEX 3,CEX,-1674731.194,8002.51033070759,8002.51033070759
2026-08-18 10:47:27,7800.0,7820.0,Put DEX 3,DEX,-104.947,8002.51033070759,8002.51033070759
2026-08-18 10:47:27,7800.0,7820.0,Call GEX 2,GEX,194405.504,8002.51033070759,8002.51033070759
2026-08-18 10:47:27,7800.0,7820.0,Put VEX 2,VEX,-713117.737,8002.51033070759,8002.51033070759
2026-08-18 10:47:27,7825.0,7845.0,Call GEX 3,GEX,98194.372,8002.51033070759,8002.51033070759
2026-08-18 10:47:27,7850.0,7870.0,Call GEX 5,GEX,94700.384,8002.51033070759,8002.51033070759
2026-08-18 10:47:27,7900.0,7920.25,Call GEX 4,GEX,94843.41,8002.51033070759,8002.51033070759
2026-08-18 10:47:27,7900.0,7920.25,Put VEX 5,VEX,-187537.854,8002.51033070759,8002.51033070759
2026-08-18 10:47:27,8000.0,8020.5,Put CEX 1,CEX,-2582575.545,8002.51033070759,8002.51033070759
2026-08-18 10:47:27,8000.0,8020.5,Put DEX 1,DEX,-1016.008,8002.51033070759,8002.51033070759
2026-08-18 10:47:27,8000.0,8020.5,Put VEX 1,VEX,-1359285.782,8002.51033070759,8002.51033070759
2026-08-18 10:47:27,8500.0,8521.75,Put DEX 2,DEX,-106.449,8002.51033070759,8002.51033070759
2026-08-18 10:48:17,6450.0,6466.75,Call DEX 5,DEX,65.143,8002.291084979765,8002.291084979765
2026-08-18 10:48:17,7400.0,7419.25,Call VEX 3,VEX,612797.442,8002.291084979765,8002.291084979765
2026-08-18 10:48:17,7500.0,7519.5,Call CEX 4,CEX,1323457.243,8002.291084979765,8002.291084979765
2026-08-18 10:48:17,7500.0,7519.5,Call DEX 1,DEX,315.876,8002.291084979765,8002.291084979765
2026-08-18 10:48:17,7500.0,7519.5,Call VEX 2,VEX,818490.514,8002.291084979765,8002.291084979765
2026-08-18 10:48:17,7550.0,7569.75,Call DEX 3,DEX,145.744,8002.291084979765,8002.291084979765
2026-08-18 10:48:17,7550.0,7569.75,Call VEX 4,VEX,582600.477,8002.291084979765,8002.291084979765
2026-08-18 10:48:17,7600.0,7619.75,Call CEX 3,CEX,1925871.914,8002.291084979765,8002.291084979765
2026-08-18 10:48:17,7600.0,7619.75,Call DEX 2,DEX,196.581,8002.291084979765,8002.291084979765
2026-08-18 10:48:17,7600.0,7619.75,Call VEX 1,VEX,1050921.215,8002.291084979765,8002.291084979765
2026-08-18 10:48:17,7635.0,7655.0,Call CEX 1,CEX,3500114.489,8002.291084979765,8002.291084979765
2026-08-18 10:48:17,7650.0,7670.0,Call CEX 2,CEX,2285466.532,8002.291084979765,8002.291084979765
2026-08-18 10:48:17,7650.0,7670.0,Call DEX 4,DEX,71.828,8002.291084979765,8002.291084979765
2026-08-18 10:48:17,7650.0,7670.0,Call VEX 5,VEX,573088.93,8002.291084979765,8002.291084979765
2026-08-18 10:48:17,7675.0,7695.0,Call CEX 5,CEX,1288038.301,8002.291084979765,8002.291084979765
2026-08-18 10:48:17,7690.0,7710.0,Put GEX 4,GEX,-293982.459,8002.291084979765,8002.291084979765
2026-08-18 10:48:17,7695.0,7715.0,Put GEX 3,GEX,-351325.22,8002.291084979765,8002.291084979765
2026-08-18 10:48:17,7700.0,7720.0,Put GEX 1,GEX,-656111.382,8002.291084979765,8002.291084979765
2026-08-18 10:48:17,7710.0,7730.25,Put CEX 4,CEX,-1638016.719,8002.291084979765,8002.291084979765
2026-08-18 10:48:17,7710.0,7730.25,Put GEX 2,GEX,-398739.626,8002.291084979765,8002.291084979765
2026-08-18 10:48:17,7715.0,7735.25,Put CEX 5,CEX,-988338.839,8002.291084979765,8002.291084979765
2026-08-18 10:48:17,7720.0,7740.25,Put GEX 5,GEX,-293629.645,8002.291084979765,8002.291084979765
2026-08-18 10:48:17,7735.0,7755.25,Put DEX 5,DEX,-44.931,8002.291084979765,8002.291084979765
2026-08-18 10:48:17,7750.0,7770.25,Put CEX 2,CEX,-1868951.462,8002.291084979765,8002.291084979765
2026-08-18 10:48:17,7750.0,7770.25,Put DEX 4,DEX,-84.741,8002.291084979765,8002.291084979765
2026-08-18 10:48:17,7750.0,7770.25,Put VEX 3,VEX,-595048.976,8002.291084979765,8002.291084979765
2026-08-18 10:48:17,7775.0,7795.25,Call GEX 1,GEX,224047.544,8002.291084979765,8002.291084979765
2026-08-18 10:48:17,7775.0,7795.25,Put VEX 4,VEX,-322871.055,8002.291084979765,8002.291084979765
2026-08-18 10:48:17,7800.0,7820.25,Put CEX 3,CEX,-1664747.64,8002.291084979765,8002.291084979765
2026-08-18 10:48:17,7800.0,7820.25,Put DEX 3,DEX,-105.612,8002.291084979765,8002.291084979765
2026-08-18 10:48:17,7800.0,7820.25,Call GEX 2,GEX,195735.062,8002.291084979765,8002.291084979765
2026-08-18 10:48:17,7800.0,7820.25,Put VEX 2,VEX,-708973.004,8002.291084979765,8002.291084979765
2026-08-18 10:48:17,7825.0,7845.5,Call GEX 3,GEX,98120.821,8002.291084979765,8002.291084979765
2026-08-18 10:48:17,7850.0,7870.5,Call GEX 4,GEX,94587.173,8002.291084979765,8002.291084979765
2026-08-18 10:48:17,7900.0,7920.5,Call GEX 5,GEX,92033.939,8002.291084979765,8002.291084979765
2026-08-18 10:48:17,7900.0,7920.5,Put VEX 5,VEX,-181832.785,8002.291084979765,8002.291084979765
2026-08-18 10:48:17,8000.0,8021.0,Put CEX 1,CEX,-2483593.483,8002.291084979765,8002.291084979765
2026-08-18 10:48:17,8000.0,8021.0,Put DEX 1,DEX,-1019.25,8002.291084979765,8002.291084979765
2026-08-18 10:48:17,8000.0,8021.0,Put VEX 1,VEX,-1309163.873,8002.291084979765,8002.291084979765
2026-08-18 10:48:17,8500.0,8522.25,Put DEX 2,DEX,-106.537,8002.291084979765,8002.291084979765
2026-08-18 10:49:06,6450.0,6466.5,Call DEX 5,DEX,65.165,8002.394917277633,8002.394917277633
2026-08-18 10:49:06,7400.0,7419.0,Call VEX 3,VEX,611759.015,8002.394917277633,8002.394917277633
2026-08-18 10:49:06,7500.0,7519.25,Call DEX 1,DEX,317.515,8002.394917277633,8002.394917277633
2026-08-18 10:49:06,7500.0,7519.25,Call VEX 2,VEX,770469.877,8002.394917277633,8002.394917277633
2026-08-18 10:49:06,7550.0,7569.5,Call CEX 5,CEX,1265285.534,8002.394917277633,8002.394917277633
2026-08-18 10:49:06,7550.0,7569.5,Call DEX 3,DEX,145.995,8002.394917277633,8002.394917277633
2026-08-18 10:49:06,7550.0,7569.5,Call VEX 4,VEX,579495.122,8002.394917277633,8002.394917277633
2026-08-18 10:49:06,7600.0,7619.5,Call CEX 3,CEX,1916896.505,8002.394917277633,8002.394917277633
2026-08-18 10:49:06,7600.0,7619.5,Call DEX 2,DEX,197.043,8002.394917277633,8002.394917277633
2026-08-18 10:49:06,7600.0,7619.5,Call VEX 1,VEX,1049218.618,8002.394917277633,8002.394917277633
2026-08-18 10:49:06,7635.0,7654.5,Call CEX 1,CEX,3511144.722,8002.394917277633,8002.394917277633
2026-08-18 10:49:06,7650.0,7669.75,Call CEX 2,CEX,2289783.519,8002.394917277633,8002.394917277633
2026-08-18 10:49:06,7650.0,7669.75,Call DEX 4,DEX,72.023,8002.394917277633,8002.394917277633
2026-08-18 10:49:06,7650.0,7669.75,Call VEX 5,VEX,573842.787,8002.394917277633,8002.394917277633
2026-08-18 10:49:06,7675.0,7694.75,Call CEX 4,CEX,1281666.001,8002.394917277633,8002.394917277633
2026-08-18 10:49:06,7690.0,7709.75,Put GEX 4,GEX,-294157.374,8002.394917277633,8002.394917277633
2026-08-18 10:49:06,7695.0,7714.75,Put GEX 3,GEX,-352068.426,8002.394917277633,8002.394917277633
2026-08-18 10:49:06,7700.0,7719.75,Put GEX 1,GEX,-666163.457,8002.394917277633,8002.394917277633
2026-08-18 10:49:06,7710.0,7729.75,Put CEX 4,CEX,-1651240.195,8002.394917277633,8002.394917277633
2026-08-18 10:49:06,7710.0,7729.75,Put GEX 2,GEX,-402893.076,8002.394917277633,8002.394917277633
2026-08-18 10:49:06,7715.0,7734.75,Put CEX 5,CEX,-965705.471,8002.394917277633,8002.394917277633
2026-08-18 10:49:06,7720.0,7739.75,Put GEX 5,GEX,-292940.112,8002.394917277633,8002.394917277633
2026-08-18 10:49:06,7735.0,7754.75,Put DEX 5,DEX,-44.892,8002.394917277633,8002.394917277633
2026-08-18 10:49:06,7750.0,7770.0,Put CEX 2,CEX,-1871760.908,8002.394917277633,8002.394917277633
2026-08-18 10:49:06,7750.0,7770.0,Put DEX 4,DEX,-84.562,8002.394917277633,8002.394917277633
2026-08-18 10:49:06,7750.0,7770.0,Put VEX 3,VEX,-594961.821,8002.394917277633,8002.394917277633
2026-08-18 10:49:06,7775.0,7795.0,Call GEX 1,GEX,224394.567,8002.394917277633,8002.394917277633
2026-08-18 10:49:06,7775.0,7795.0,Put VEX 4,VEX,-323148.609,8002.394917277633,8002.394917277633
2026-08-18 10:49:06,7800.0,7820.0,Put CEX 3,CEX,-1671731.316,8002.394917277633,8002.394917277633
2026-08-18 10:49:06,7800.0,7820.0,Put DEX 3,DEX,-105.277,8002.394917277633,8002.394917277633
2026-08-18 10:49:06,7800.0,7820.0,Call GEX 2,GEX,194059.27,8002.394917277633,8002.394917277633
2026-08-18 10:49:06,7800.0,7820.0,Put VEX 2,VEX,-710839.079,8002.394917277633,8002.394917277633
2026-08-18 10:49:06,7825.0,7845.0,Call GEX 3,GEX,98139.101,8002.394917277633,8002.394917277633
2026-08-18 10:49:06,7850.0,7870.25,Call GEX 4,GEX,94540.916,8002.394917277633,8002.394917277633
2026-08-18 10:49:06,7900.0,7920.25,Call GEX 5,GEX,92040.252,8002.394917277633,8002.394917277633
2026-08-18 10:49:06,7900.0,7920.25,Put VEX 5,VEX,-181941.544,8002.394917277633,8002.394917277633
2026-08-18 10:49:06,8000.0,8020.5,Put CEX 1,CEX,-2526010.112,8002.394917277633,8002.394917277633
2026-08-18 10:49:06,8000.0,8020.5,Put DEX 1,DEX,-1018.304,8002.394917277633,8002.394917277633
2026-08-18 10:49:06,8000.0,8020.5,Put VEX 1,VEX,-1330407.648,8002.394917277633,8002.394917277633
2026-08-18 10:49:06,8500.0,8521.75,Put DEX 2,DEX,-106.449,8002.394917277633,8002.394917277633
2026-08-18 10:49:58,6450.0,6467.0,Call DEX 5,DEX,65.089,8002.457906090653,8002.457906090653
2026-08-18 10:49:58,7400.0,7419.5,Call VEX 3,VEX,613348.944,8002.457906090653,8002.457906090653
2026-08-18 10:49:58,7500.0,7519.75,Call CEX 4,CEX,1350322.555,8002.457906090653,8002.457906090653
2026-08-18 10:49:58,7500.0,7519.75,Call DEX 1,DEX,315.28,8002.457906090653,8002.457906090653
2026-08-18 10:49:58,7500.0,7519.75,Call VEX 2,VEX,832972.456,8002.457906090653,8002.457906090653
2026-08-18 10:49:58,7550.0,7570.0,Call DEX 3,DEX,145.467,8002.457906090653,8002.457906090653
2026-08-18 10:49:58,7550.0,7570.0,Call VEX 4,VEX,585770.204,8002.457906090653,8002.457906090653
2026-08-18 10:49:58,7600.0,7620.0,Call CEX 3,CEX,1931678.0,8002.457906090653,8002.457906090653
2026-08-18 10:49:58,7600.0,7620.0,Call DEX 2,DEX,196.362,8002.457906090653,8002.457906090653
2026-08-18 10:49:58,7600.0,7620.0,Call VEX 1,VEX,1051224.485,8002.457906090653,8002.457906090653
2026-08-18 10:49:58,7635.0,7655.0,Call CEX 1,CEX,3531288.253,8002.457906090653,8002.457906090653
2026-08-18 10:49:58,7650.0,7670.25,Call CEX 2,CEX,2298083.319,8002.457906090653,8002.457906090653
2026-08-18 10:49:58,7650.0,7670.25,Call DEX 4,DEX,71.655,8002.457906090653,8002.457906090653
2026-08-18 10:49:58,7650.0,7670.25,Call VEX 5,VEX,572371.979,8002.457906090653,8002.457906090653
2026-08-18 10:49:58,7675.0,7695.25,Call CEX 5,CEX,1287605.632,8002.457906090653,8002.457906090653
2026-08-18 10:49:58,7690.0,7710.25,Put GEX 4,GEX,-296410.92,8002.457906090653,8002.457906090653
2026-08-18 10:49:58,7695.0,7715.25,Put GEX 3,GEX,-355613.244,8002.457906090653,8002.457906090653
2026-08-18 10:49:58,7700.0,7720.25,Put GEX 1,GEX,-653102.557,8002.457906090653,8002.457906090653
2026-08-18 10:49:58,7710.0,7730.25,Put CEX 4,CEX,-1654903.768,8002.457906090653,8002.457906090653
2026-08-18 10:49:58,7710.0,7730.25,Put GEX 2,GEX,-393489.041,8002.457906090653,8002.457906090653
2026-08-18 10:49:58,7715.0,7735.25,Put CEX 5,CEX,-974364.99,8002.457906090653,8002.457906090653
2026-08-18 10:49:58,7720.0,7740.25,Put GEX 5,GEX,-293373.078,8002.457906090653,8002.457906090653
2026-08-18 10:49:58,7735.0,7755.25,Put DEX 5,DEX,-45.205,8002.457906090653,8002.457906090653
2026-08-18 10:49:58,7750.0,7770.5,Put CEX 2,CEX,-1872757.842,8002.457906090653,8002.457906090653
2026-08-18 10:49:58,7750.0,7770.5,Put DEX 4,DEX,-85.337,8002.457906090653,8002.457906090653
2026-08-18 10:49:58,7750.0,7770.5,Put VEX 3,VEX,-596522.197,8002.457906090653,8002.457906090653
2026-08-18 10:49:58,7775.0,7795.5,Call GEX 1,GEX,223332.853,8002.457906090653,8002.457906090653
2026-08-18 10:49:58,7775.0,7795.5,Put VEX 4,VEX,-322758.632,8002.457906090653,8002.457906090653
2026-08-18 10:49:58,7800.0,7820.5,Put CEX 3,CEX,-1667992.518,8002.457906090653,8002.457906090653
2026-08-18 10:49:58,7800.0,7820.5,Put DEX 3,DEX,-105.75,8002.457906090653,8002.457906090653
2026-08-18 10:49:58,7800.0,7820.5,Call GEX 2,GEX,195402.7,8002.457906090653,8002.457906090653
2026-08-18 10:49:58,7800.0,7820.5,Put VEX 2,VEX,-708977.511,8002.457906090653,8002.457906090653
2026-08-18 10:49:58,7825.0,7845.5,Call GEX 3,GEX,97930.355,8002.457906090653,8002.457906090653
2026-08-18 10:49:58,7850.0,7870.75,Call GEX 4,GEX,94518.384,8002.457906090653,8002.457906090653
2026-08-18 10:49:58,7900.0,7920.75,Call GEX 5,GEX,91921.0,8002.457906090653,8002.457906090653
2026-08-18 10:49:58,7900.0,7920.75,Put VEX 5,VEX,-181096.098,8002.457906090653,8002.457906090653
2026-08-18 10:49:58,8000.0,8021.0,Put CEX 1,CEX,-2558371.355,8002.457906090653,8002.457906090653
2026-08-18 10:49:58,8000.0,8021.0,Put DEX 1,DEX,-1016.586,8002.457906090653,8002.457906090653
2026-08-18 10:49:58,8000.0,8021.0,Put VEX 1,VEX,-1345904.885,8002.457906090653,8002.457906090653
2026-08-18 10:49:58,8500.0,8522.5,Put DEX 2,DEX,-106.476,8002.457906090653,8002.457906090653
2026-08-18 10:50:47,6450.0,6466.75,Call DEX 5,DEX,65.129,8002.364132462578,8002.364132462578
2026-08-18 10:50:47,7400.0,7419.25,Call VEX 3,VEX,612611.374,8002.364132462578,8002.364132462578
2026-08-18 10:50:47,7500.0,7519.5,Call CEX 4,CEX,1320866.81,8002.364132462578,8002.364132462578
2026-08-18 10:50:47,7500.0,7519.5,Call DEX 1,DEX,315.225,8002.364132462578,8002.364132462578
2026-08-18 10:50:47,7500.0,7519.5,Call VEX 2,VEX,816302.579,8002.364132462578,8002.364132462578
2026-08-18 10:50:47,7550.0,7569.75,Call DEX 3,DEX,145.824,8002.364132462578,8002.364132462578
2026-08-18 10:50:47,7550.0,7569.75,Call VEX 4,VEX,581577.859,8002.364132462578,8002.364132462578
2026-08-18 10:50:47,7600.0,7620.0,Call CEX 3,CEX,1930614.319,8002.364132462578,8002.364132462578
2026-08-18 10:50:47,7600.0,7620.0,Call DEX 2,DEX,196.513,8002.364132462578,8002.364132462578
2026-08-18 10:50:47,7600.0,7620.0,Call VEX 1,VEX,1051241.872,8002.364132462578,8002.364132462578
2026-08-18 10:50:47,7635.0,7655.0,Call CEX 1,CEX,3542341.857,8002.364132462578,8002.364132462578
2026-08-18 10:50:47,7650.0,7670.0,Call CEX 2,CEX,2305666.126,8002.364132462578,8002.364132462578
2026-08-18 10:50:47,7650.0,7670.0,Call DEX 4,DEX,71.939,8002.364132462578,8002.364132462578
2026-08-18 10:50:47,7650.0,7670.0,Call VEX 5,VEX,573594.428,8002.364132462578,8002.364132462578
2026-08-18 10:50:47,7675.0,7695.0,Call CEX 5,CEX,1302191.358,8002.364132462578,8002.364132462578
2026-08-18 10:50:47,7690.0,7710.0,Put GEX 5,GEX,-293214.558,8002.364132462578,8002.364132462578
2026-08-18 10:50:47,7695.0,7715.25,Put GEX 3,GEX,-350132.705,8002.364132462578,8002.364132462578
2026-08-18 10:50:47,7700.0,7720.25,Put GEX 1,GEX,-641936.693,8002.364132462578,8002.364132462578
2026-08-18 10:50:47,7710.0,7730.25,Put CEX 4,CEX,-1656698.719,8002.364132462578,8002.364132462578
2026-08-18 10:50:47,7710.0,7730.25,Put GEX 2,GEX,-397229.568,8002.364132462578,8002.364132462578
2026-08-18 10:50:47,7715.0,7735.25,Put CEX 5,CEX,-1040075.603,8002.364132462578,8002.364132462578
2026-08-18 10:50:47,7720.0,7740.25,Put GEX 4,GEX,-293843.788,8002.364132462578,8002.364132462578
2026-08-18 10:50:47,7735.0,7755.25,Put DEX 5,DEX,-44.986,8002.364132462578,8002.364132462578
2026-08-18 10:50:47,7750.0,7770.25,Put CEX 2,CEX,-1875579.722,8002.364132462578,8002.364132462578
2026-08-18 10:50:47,7750.0,7770.25,Put DEX 4,DEX,-85.126,8002.364132462578,8002.364132462578
2026-08-18 10:50:47,7750.0,7770.25,Put VEX 3,VEX,-596244.434,8002.364132462578,8002.364132462578
2026-08-18 10:50:47,7775.0,7795.25,Call GEX 1,GEX,223846.712,8002.364132462578,8002.364132462578
2026-08-18 10:50:47,7775.0,7795.25,Put VEX 4,VEX,-322681.98,8002.364132462578,8002.364132462578
2026-08-18 10:50:47,7800.0,7820.5,Put CEX 3,CEX,-1666243.192,8002.364132462578,8002.364132462578
2026-08-18 10:50:47,7800.0,7820.5,Put DEX 3,DEX,-105.965,8002.364132462578,8002.364132462578
2026-08-18 10:50:47,7800.0,7820.5,Call GEX 2,GEX,195691.413,8002.364132462578,8002.364132462578
2026-08-18 10:50:47,7800.0,7820.5,Put VEX 2,VEX,-707095.457,8002.364132462578,8002.364132462578
2026-08-18 10:50:47,7825.0,7845.5,Call GEX 3,GEX,97948.641,8002.364132462578,8002.364132462578
2026-08-18 10:50:47,7850.0,7870.5,Call GEX 4,GEX,94567.2,8002.364132462578,8002.364132462578
2026-08-18 10:50:47,7900.0,7920.75,Call GEX 5,GEX,91556.552,8002.364132462578,8002.364132462578
2026-08-18 10:50:47,7900.0,7920.75,Put VEX 5,VEX,-181445.064,8002.364132462578,8002.364132462578
2026-08-18 10:50:47,8000.0,8021.0,Put CEX 1,CEX,-2515616.062,8002.364132462578,8002.364132462578
2026-08-18 10:50:47,8000.0,8021.0,Put DEX 1,DEX,-1017.574,8002.364132462578,8002.364132462578
2026-08-18 10:50:47,8000.0,8021.0,Put VEX 1,VEX,-1324838.708,8002.364132462578,8002.364132462578
2026-08-18 10:50:47,8500.0,8522.25,Put DEX 2,DEX,-106.531,8002.364132462578,8002.364132462578
2026-08-18 10:51:35,7400.0,7419.75,Call VEX 3,VEX,616252.201,8002.148226742345,8002.148226742345
2026-08-18 10:51:35,7450.0,7469.75,Call DEX 4,DEX,94.783,8002.148226742345,8002.148226742345
2026-08-18 10:51:35,7500.0,7520.0,Call CEX 4,CEX,1357513.612,8002.148226742345,8002.148226742345
2026-08-18 10:51:35,7500.0,7520.0,Call DEX 1,DEX,314.368,8002.148226742345,8002.148226742345
2026-08-18 10:51:35,7500.0,7520.0,Call VEX 2,VEX,835981.224,8002.148226742345,8002.148226742345
2026-08-18 10:51:35,7550.0,7570.25,Call CEX 5,CEX,1306416.903,8002.148226742345,8002.148226742345
2026-08-18 10:51:35,7550.0,7570.25,Call DEX 3,DEX,144.794,8002.148226742345,8002.148226742345
2026-08-18 10:51:35,7550.0,7570.25,Call VEX 4,VEX,593477.687,8002.148226742345,8002.148226742345
2026-08-18 10:51:35,7600.0,7620.25,Call CEX 3,CEX,1949152.163,8002.148226742345,8002.148226742345
2026-08-18 10:51:35,7600.0,7620.25,Call DEX 2,DEX,195.512,8002.148226742345,8002.148226742345
2026-08-18 10:51:35,7600.0,7620.25,Call VEX 1,VEX,1053827.931,8002.148226742345,8002.148226742345
2026-08-18 10:51:35,7635.0,7655.25,Call CEX 1,CEX,3567333.546,8002.148226742345,8002.148226742345
2026-08-18 10:51:35,7650.0,7670.5,Call CEX 2,CEX,2317448.907,8002.148226742345,8002.148226742345
2026-08-18 10:51:35,7650.0,7670.5,Call DEX 5,DEX,71.292,8002.148226742345,8002.148226742345
2026-08-18 10:51:35,7650.0,7670.5,Call VEX 5,VEX,570911.093,8002.148226742345,8002.148226742345
2026-08-18 10:51:35,7690.0,7710.5,Put GEX 4,GEX,-300771.505,8002.148226742345,8002.148226742345
2026-08-18 10:51:35,7695.0,7715.5,Put GEX 3,GEX,-358832.085,8002.148226742345,8002.148226742345
2026-08-18 10:51:35,7700.0,7720.5,Put GEX 1,GEX,-672851.013,8002.148226742345,8002.148226742345
2026-08-18 10:51:35,7710.0,7730.5,Put CEX 3,CEX,-1679461.254,8002.148226742345,8002.148226742345
2026-08-18 10:51:35,7710.0,7730.5,Put GEX 2,GEX,-387724.86,8002.148226742345,8002.148226742345
2026-08-18 10:51:35,7720.0,7740.5,Put GEX 5,GEX,-294378.583,8002.148226742345,8002.148226742345
2026-08-18 10:51:35,7735.0,7755.75,Put DEX 5,DEX,-45.376,8002.148226742345,8002.148226742345
2026-08-18 10:51:35,7750.0,7770.75,Put CEX 2,CEX,-1876902.682,8002.148226742345,8002.148226742345
2026-08-18 10:51:35,7750.0,7770.75,Put DEX 4,DEX,-86.089,8002.148226742345,8002.148226742345
2026-08-18 10:51:35,7750.0,7770.75,Put VEX 3,VEX,-598728.349,8002.148226742345,8002.148226742345
2026-08-18 10:51:35,7775.0,7795.75,Put CEX 5,CEX,-915984.979,8002.148226742345,8002.148226742345
2026-08-18 10:51:35,7775.0,7795.75,Call GEX 1,GEX,222814.207,8002.148226742345,8002.148226742345
2026-08-18 10:51:35,7775.0,7795.75,Put VEX 4,VEX,-322428.027,8002.148226742345,8002.148226742345
2026-08-18 10:51:35,7800.0,7820.75,Put CEX 4,CEX,-1655021.205,8002.148226742345,8002.148226742345
2026-08-18 10:51:35,7800.0,7820.75,Put DEX 3,DEX,-106.474,8002.148226742345,8002.148226742345
2026-08-18 10:51:35,7800.0,7820.75,Call GEX 2,GEX,195824.673,8002.148226742345,8002.148226742345
2026-08-18 10:51:35,7800.0,7820.75,Put VEX 2,VEX,-703904.135,8002.148226742345,8002.148226742345
2026-08-18 10:51:35,7825.0,7845.75,Call GEX 3,GEX,97633.253,8002.148226742345,8002.148226742345
2026-08-18 10:51:35,7850.0,7871.0,Call GEX 4,GEX,94335.243,8002.148226742345,8002.148226742345
2026-08-18 10:51:35,7900.0,7921.0,Call GEX 5,GEX,91369.19,8002.148226742345,8002.148226742345
2026-08-18 10:51:35,7900.0,7921.0,Put VEX 5,VEX,-180742.685,8002.148226742345,8002.148226742345
2026-08-18 10:51:35,8000.0,8021.25,Put CEX 1,CEX,-2417419.034,8002.148226742345,8002.148226742345
2026-08-18 10:51:35,8000.0,8021.25,Put DEX 1,DEX,-1019.715,8002.148226742345,8002.148226742345
2026-08-18 10:51:35,8000.0,8021.25,Put VEX 1,VEX,-1275466.968,8002.148226742345,8002.148226742345
2026-08-18 10:51:35,8500.0,8522.75,Put DEX 2,DEX,-106.64,8002.148226742345,8002.148226742345
2026-08-18 10:52:26,7400.0,7419.75,Call VEX 3,VEX,609362.377,8002.32473766317,8002.32473766317
2026-08-18 10:52:26,7450.0,7469.75,Call DEX 4,DEX,94.627,8002.32473766317,8002.32473766317
2026-08-18 10:52:26,7500.0,7520.0,Call CEX 4,CEX,1346814.026,8002.32473766317,8002.32473766317
2026-08-18 10:52:26,7500.0,7520.0,Call DEX 1,DEX,314.991,8002.32473766317,8002.32473766317
2026-08-18 10:52:26,7500.0,7520.0,Call VEX 2,VEX,827760.682,8002.32473766317,8002.32473766317
2026-08-18 10:52:26,7550.0,7570.0,Call CEX 5,CEX,1294385.822,8002.32473766317,8002.32473766317
2026-08-18 10:52:26,7550.0,7570.0,Call DEX 3,DEX,144.683,8002.32473766317,8002.32473766317
2026-08-18 10:52:26,7550.0,7570.0,Call VEX 4,VEX,583833.398,8002.32473766317,8002.32473766317
2026-08-18 10:52:26,7600.0,7620.25,Call CEX 3,CEX,1914389.804,8002.32473766317,8002.32473766317
2026-08-18 10:52:26,7600.0,7620.25,Call DEX 2,DEX,197.01,8002.32473766317,8002.32473766317
2026-08-18 10:52:26,7600.0,7620.25,Call VEX 1,VEX,1051317.089,8002.32473766317,8002.32473766317
2026-08-18 10:52:26,7635.0,7655.25,Call CEX 1,CEX,3008474.952,8002.32473766317,8002.32473766317
2026-08-18 10:52:26,7650.0,7670.25,Call CEX 2,CEX,2154533.162,8002.32473766317,8002.32473766317
2026-08-18 10:52:26,7650.0,7670.25,Call DEX 5,DEX,72.686,8002.32473766317,8002.32473766317
2026-08-18 10:52:26,7650.0,7670.25,Call VEX 5,VEX,572323.596,8002.32473766317,8002.32473766317
2026-08-18 10:52:26,7690.0,7710.5,Put GEX 5,GEX,-291186.981,8002.32473766317,8002.32473766317
2026-08-18 10:52:26,7695.0,7715.5,Put GEX 3,GEX,-352409.976,8002.32473766317,8002.32473766317
2026-08-18 10:52:26,7700.0,7720.5,Put GEX 1,GEX,-669458.689,8002.32473766317,8002.32473766317
2026-08-18 10:52:26,7710.0,7730.5,Put CEX 3,CEX,-1668787.519,8002.32473766317,8002.32473766317
2026-08-18 10:52:26,7710.0,7730.5,Put GEX 2,GEX,-412924.677,8002.32473766317,8002.32473766317
2026-08-18 10:52:26,7715.0,7735.5,Put CEX 5,CEX,-982025.735,8002.32473766317,8002.32473766317
2026-08-18 10:52:26,7720.0,7740.5,Put GEX 4,GEX,-295270.641,8002.32473766317,8002.32473766317
2026-08-18 10:52:26,7735.0,7755.5,Put DEX 5,DEX,-44.82,8002.32473766317,8002.32473766317
2026-08-18 10:52:26,7750.0,7770.5,Put CEX 2,CEX,-1880022.281,8002.32473766317,8002.32473766317
2026-08-18 10:52:26,7750.0,7770.5,Put DEX 4,DEX,-84.629,8002.32473766317,8002.32473766317
2026-08-18 10:52:26,7750.0,7770.5,Put VEX 3,VEX,-594660.835,8002.32473766317,8002.32473766317
2026-08-18 10:52:26,7775.0,7795.75,Call GEX 1,GEX,225652.857,8002.32473766317,8002.32473766317
2026-08-18 10:52:26,7775.0,7795.75,Put VEX 4,VEX,-322371.774,8002.32473766317,8002.32473766317
2026-08-18 10:52:26,7800.0,7820.75,Put CEX 4,CEX,-1665508.557,8002.32473766317,8002.32473766317
2026-08-18 10:52:26,7800.0,7820.75,Put DEX 3,DEX,-106.17,8002.32473766317,8002.32473766317
2026-08-18 10:52:26,7800.0,7820.75,Call GEX 2,GEX,199025.171,8002.32473766317,8002.32473766317
2026-08-18 10:52:26,7800.0,7820.75,Put VEX 2,VEX,-705056.277,8002.32473766317,8002.32473766317
2026-08-18 10:52:26,7825.0,7845.75,Call GEX 3,GEX,98297.747,8002.32473766317,8002.32473766317
2026-08-18 10:52:26,7850.0,7871.0,Call GEX 4,GEX,94972.112,8002.32473766317,8002.32473766317
2026-08-18 10:52:26,7900.0,7921.0,Call GEX 5,GEX,91547.415,8002.32473766317,8002.32473766317
2026-08-18 10:52:26,7900.0,7921.0,Put VEX 5,VEX,-180903.711,8002.32473766317,8002.32473766317
2026-08-18 10:52:26,8000.0,8021.25,Put CEX 1,CEX,-2491033.327,8002.32473766317,8002.32473766317
2026-08-18 10:52:26,8000.0,8021.25,Put DEX 1,DEX,-1018.217,8002.32473766317,8002.32473766317
2026-08-18 10:52:26,8000.0,8021.25,Put VEX 1,VEX,-1312235.44,8002.32473766317,8002.32473766317
2026-08-18 10:52:26,8500.0,8522.5,Put DEX 2,DEX,-106.53,8002.32473766317,8002.32473766317
2026-08-18 10:53:22,6450.0,6466.75,Call DEX 5,DEX,65.339,8002.371466773492,8002.371466773492
2026-08-18 10:53:22,7400.0,7419.25,Call VEX 3,VEX,610118.815,8002.371466773492,8002.371466773492
2026-08-18 10:53:22,7500.0,7519.5,Call CEX 4,CEX,1288443.201,8002.371466773492,8002.371466773492
2026-08-18 10:53:22,7500.0,7519.5,Call DEX 1,DEX,314.659,8002.371466773492,8002.371466773492
2026-08-18 10:53:22,7500.0,7519.5,Call VEX 2,VEX,799021.527,8002.371466773492,8002.371466773492
2026-08-18 10:53:22,7550.0,7569.75,Call CEX 5,CEX,1276244.599,8002.371466773492,8002.371466773492
2026-08-18 10:53:22,7550.0,7569.75,Call DEX 3,DEX,144.992,8002.371466773492,8002.371466773492
2026-08-18 10:53:22,7550.0,7569.75,Call VEX 4,VEX,579254.669,8002.371466773492,8002.371466773492
2026-08-18 10:53:22,7600.0,7619.75,Call CEX 3,CEX,1857991.685,8002.371466773492,8002.371466773492
2026-08-18 10:53:22,7600.0,7619.75,Call DEX 2,DEX,197.785,8002.371466773492,8002.371466773492
2026-08-18 10:53:22,7600.0,7619.75,Call VEX 1,VEX,1047156.136,8002.371466773492,8002.371466773492
2026-08-18 10:53:22,7635.0,7654.75,Call CEX 1,CEX,3015168.782,8002.371466773492,8002.371466773492
2026-08-18 10:53:22,7650.0,7670.0,Call CEX 2,CEX,2156607.038,8002.371466773492,8002.371466773492
2026-08-18 10:53:22,7650.0,7670.0,Call DEX 4,DEX,73.025,8002.371466773492,8002.371466773492
2026-08-18 10:53:22,7650.0,7670.0,Call VEX 5,VEX,573672.283,8002.371466773492,8002.371466773492
2026-08-18 10:53:22,7690.0,7710.0,Put GEX 5,GEX,-290533.934,8002.371466773492,8002.371466773492
2026-08-18 10:53:22,7695.0,7715.0,Put GEX 3,GEX,-350260.922,8002.371466773492,8002.371466773492
2026-08-18 10:53:22,7700.0,7720.0,Put GEX 1,GEX,-679267.236,8002.371466773492,8002.371466773492
2026-08-18 10:53:22,7710.0,7730.0,Put CEX 4,CEX,-1673789.117,8002.371466773492,8002.371466773492
2026-08-18 10:53:22,7710.0,7730.0,Put GEX 2,GEX,-420642.991,8002.371466773492,8002.371466773492
2026-08-18 10:53:22,7715.0,7735.0,Put CEX 5,CEX,-978296.181,8002.371466773492,8002.371466773492
2026-08-18 10:53:22,7720.0,7740.0,Put GEX 4,GEX,-297062.064,8002.371466773492,8002.371466773492
2026-08-18 10:53:22,7735.0,7755.25,Put DEX 5,DEX,-44.887,8002.371466773492,8002.371466773492
2026-08-18 10:53:22,7750.0,7770.25,Put CEX 2,CEX,-1879025.199,8002.371466773492,8002.371466773492
2026-08-18 10:53:22,7750.0,7770.25,Put DEX 4,DEX,-84.506,8002.371466773492,8002.371466773492
2026-08-18 10:53:22,7750.0,7770.25,Put VEX 3,VEX,-592955.013,8002.371466773492,8002.371466773492
2026-08-18 10:53:22,7775.0,7795.25,Call GEX 1,GEX,226503.37,8002.371466773492,8002.371466773492
2026-08-18 10:53:22,7775.0,7795.25,Put VEX 4,VEX,-322784.383,8002.371466773492,8002.371466773492
2026-08-18 10:53:22,7800.0,7820.25,Put CEX 3,CEX,-1675902.279,8002.371466773492,8002.371466773492
2026-08-18 10:53:22,7800.0,7820.25,Put DEX 3,DEX,-105.657,8002.371466773492,8002.371466773492
2026-08-18 10:53:22,7800.0,7820.25,Call GEX 2,GEX,198167.014,8002.371466773492,8002.371466773492
2026-08-18 10:53:22,7800.0,7820.25,Put VEX 2,VEX,-708261.146,8002.371466773492,8002.371466773492
2026-08-18 10:53:22,7825.0,7845.25,Call GEX 3,GEX,98458.688,8002.371466773492,8002.371466773492
2026-08-18 10:53:22,7850.0,7870.5,Call GEX 4,GEX,95090.734,8002.371466773492,8002.371466773492
2026-08-18 10:53:22,7900.0,7920.5,Call GEX 5,GEX,92289.178,8002.371466773492,8002.371466773492
2026-08-18 10:53:22,7900.0,7920.5,Put VEX 5,VEX,-182413.715,8002.371466773492,8002.371466773492
2026-08-18 10:53:22,8000.0,8020.75,Put CEX 1,CEX,-2520619.357,8002.371466773492,8002.371466773492
2026-08-18 10:53:22,8000.0,8020.75,Put DEX 1,DEX,-1017.656,8002.371466773492,8002.371466773492
2026-08-18 10:53:22,8000.0,8020.75,Put VEX 1,VEX,-1325609.765,8002.371466773492,8002.371466773492
2026-08-18 10:53:22,8500.0,8522.0,Put DEX 2,DEX,-106.54,8002.371466773492,8002.371466773492
2026-08-18 10:54:11,6500.0,6516.75,Call DEX 5,DEX,62.877,8002.480601463178,8002.480601463178
2026-08-18 10:54:11,7400.0,7419.25,Call VEX 3,VEX,603204.459,8002.480601463178,8002.480601463178
2026-08-18 10:54:11,7500.0,7519.5,Call DEX 1,DEX,316.151,8002.480601463178,8002.480601463178
2026-08-18 10:54:11,7500.0,7519.5,Call VEX 2,VEX,756265.39,8002.480601463178,8002.480601463178
2026-08-18 10:54:11,7550.0,7569.5,Call CEX 4,CEX,1257122.345,8002.480601463178,8002.480601463178
2026-08-18 10:54:11,7550.0,7569.5,Call DEX 3,DEX,145.527,8002.480601463178,8002.480601463178
2026-08-18 10:54:11,7550.0,7569.5,Call VEX 5,VEX,573013.643,8002.480601463178,8002.480601463178
2026-08-18 10:54:11,7600.0,7619.75,Call CEX 3,CEX,1843294.419,8002.480601463178,8002.480601463178
2026-08-18 10:54:11,7600.0,7619.75,Call DEX 2,DEX,198.678,8002.480601463178,8002.480601463178
2026-08-18 10:54:11,7600.0,7619.75,Call VEX 1,VEX,1044803.671,8002.480601463178,8002.480601463178
2026-08-18 10:54:11,7635.0,7654.75,Call CEX 1,CEX,3019773.475,8002.480601463178,8002.480601463178
2026-08-18 10:54:11,7650.0,7669.75,Call CEX 2,CEX,2160048.823,8002.480601463178,8002.480601463178
2026-08-18 10:54:11,7650.0,7669.75,Call DEX 4,DEX,73.598,8002.480601463178,8002.480601463178
2026-08-18 10:54:11,7650.0,7669.75,Call VEX 4,VEX,576040.911,8002.480601463178,8002.480601463178
2026-08-18 10:54:11,7675.0,7694.75,Call CEX 5,CEX,1236529.657,8002.480601463178,8002.480601463178
2026-08-18 10:54:11,7690.0,7710.0,Put GEX 5,GEX,-284858.9,8002.480601463178,8002.480601463178
2026-08-18 10:54:11,7695.0,7715.0,Put GEX 3,GEX,-344599.498,8002.480601463178,8002.480601463178
2026-08-18 10:54:11,7700.0,7720.0,Put GEX 1,GEX,-658643.987,8002.480601463178,8002.480601463178
2026-08-18 10:54:11,7710.0,7730.0,Put CEX 4,CEX,-1632379.418,8002.480601463178,8002.480601463178
2026-08-18 10:54:11,7710.0,7730.0,Put GEX 2,GEX,-423511.17,8002.480601463178,8002.480601463178
2026-08-18 10:54:11,7715.0,7735.0,Put CEX 5,CEX,-1133148.073,8002.480601463178,8002.480601463178
2026-08-18 10:54:11,7720.0,7740.0,Put DEX 5,DEX,-49.112,8002.480601463178,8002.480601463178
2026-08-18 10:54:11,7720.0,7740.0,Put GEX 4,GEX,-329154.365,8002.480601463178,8002.480601463178
2026-08-18 10:54:11,7750.0,7770.0,Put CEX 2,CEX,-1881519.561,8002.480601463178,8002.480601463178
2026-08-18 10:54:11,7750.0,7770.0,Put DEX 4,DEX,-83.945,8002.480601463178,8002.480601463178
2026-08-18 10:54:11,7750.0,7770.0,Put VEX 3,VEX,-591073.587,8002.480601463178,8002.480601463178
2026-08-18 10:54:11,7775.0,7795.0,Call GEX 1,GEX,227722.193,8002.480601463178,8002.480601463178
2026-08-18 10:54:11,7775.0,7795.0,Put VEX 4,VEX,-322848.986,8002.480601463178,8002.480601463178
2026-08-18 10:54:11,7800.0,7820.25,Put CEX 3,CEX,-1685154.235,8002.480601463178,8002.480601463178
2026-08-18 10:54:11,7800.0,7820.25,Put DEX 3,DEX,-105.113,8002.480601463178,8002.480601463178
2026-08-18 10:54:11,7800.0,7820.25,Call GEX 2,GEX,196840.032,8002.480601463178,8002.480601463178
2026-08-18 10:54:11,7800.0,7820.25,Put VEX 2,VEX,-710778.369,8002.480601463178,8002.480601463178
2026-08-18 10:54:11,7825.0,7845.25,Call GEX 3,GEX,98747.85,8002.480601463178,8002.480601463178
2026-08-18 10:54:11,7850.0,7870.25,Call GEX 4,GEX,95440.201,8002.480601463178,8002.480601463178
2026-08-18 10:54:11,7900.0,7920.5,Call GEX 5,GEX,92439.262,8002.480601463178,8002.480601463178
2026-08-18 10:54:11,7900.0,7920.5,Put VEX 5,VEX,-182127.734,8002.480601463178,8002.480601463178
2026-08-18 10:54:11,8000.0,8020.75,Put CEX 1,CEX,-2570993.191,8002.480601463178,8002.480601463178
2026-08-18 10:54:11,8000.0,8020.75,Put DEX 1,DEX,-1016.551,8002.480601463178,8002.480601463178
2026-08-18 10:54:11,8000.0,8020.75,Put VEX 1,VEX,-1350380.854,8002.480601463178,8002.480601463178
2026-08-18 10:54:11,8500.0,8522.0,Put DEX 2,DEX,-106.485,8002.480601463178,8002.480601463178
2026-08-18 10:55:12,6500.0,6516.5,Call DEX 4,DEX,63.023,8002.894189243501,8002.894189243501
2026-08-18 10:55:12,7400.0,7418.75,Call VEX 4,VEX,576418.393,8002.894189243501,8002.894189243501
2026-08-18 10:55:12,7500.0,7519.0,Call VEX 2,VEX,606604.037,8002.894189243501,8002.894189243501
2026-08-18 10:55:12,7550.0,7569.0,Call CEX 5,CEX,1145989.691,8002.894189243501,8002.894189243501
2026-08-18 10:55:12,7550.0,7569.0,Call DEX 2,DEX,147.066,8002.894189243501,8002.894189243501
2026-08-18 10:55:12,7550.0,7569.0,Call VEX 5,VEX,548822.048,8002.894189243501,8002.894189243501
2026-08-18 10:55:12,7600.0,7619.25,Call CEX 3,CEX,1752290.691,8002.894189243501,8002.894189243501
2026-08-18 10:55:12,7600.0,7619.25,Call DEX 1,DEX,200.671,8002.894189243501,8002.894189243501
2026-08-18 10:55:12,7600.0,7619.25,Call VEX 1,VEX,1033812.18,8002.894189243501,8002.894189243501
2026-08-18 10:55:12,7625.0,7644.25,Call DEX 5,DEX,61.449,8002.894189243501,8002.894189243501
2026-08-18 10:55:12,7635.0,7654.25,Call CEX 1,CEX,3016818.096,8002.894189243501,8002.894189243501
2026-08-18 10:55:12,7650.0,7669.25,Call CEX 2,CEX,2131674.801,8002.894189243501,8002.894189243501
2026-08-18 10:55:12,7650.0,7669.25,Call DEX 3,DEX,74.579,8002.894189243501,8002.894189243501
2026-08-18 10:55:12,7650.0,7669.25,Call VEX 3,VEX,579068.442,8002.894189243501,8002.894189243501
2026-08-18 10:55:12,7675.0,7694.5,Call CEX 4,CEX,1222746.258,8002.894189243501,8002.894189243501
2026-08-18 10:55:12,7690.0,7709.5,Put GEX 5,GEX,-277476.211,8002.894189243501,8002.894189243501
2026-08-18 10:55:12,7695.0,7714.5,Put GEX 4,GEX,-333801.126,8002.894189243501,8002.894189243501
2026-08-18 10:55:12,7700.0,7719.5,Put GEX 1,GEX,-609528.539,8002.894189243501,8002.894189243501
2026-08-18 10:55:12,7710.0,7729.5,Put CEX 5,CEX,-1555883.275,8002.894189243501,8002.894189243501
2026-08-18 10:55:12,7710.0,7729.5,Put GEX 3,GEX,-418418.729,8002.894189243501,8002.894189243501
2026-08-18 10:55:12,7720.0,7739.5,Put GEX 2,GEX,-420883.6,8002.894189243501,8002.894189243501
2026-08-18 10:55:12,7725.0,7744.5,Put CEX 3,CEX,-2088152.512,8002.894189243501,8002.894189243501
2026-08-18 10:55:12,7725.0,7744.5,Put DEX 5,DEX,-54.793,8002.894189243501,8002.894189243501
2026-08-18 10:55:12,7725.0,7744.5,Put VEX 5,VEX,-195613.89,8002.894189243501,8002.894189243501
2026-08-18 10:55:12,7750.0,7769.5,Put CEX 2,CEX,-2505451.768,8002.894189243501,8002.894189243501
2026-08-18 10:55:12,7750.0,7769.5,Put DEX 3,DEX,-107.799,8002.894189243501,8002.894189243501
2026-08-18 10:55:12,7750.0,7769.5,Put VEX 3,VEX,-602810.566,8002.894189243501,8002.894189243501
2026-08-18 10:55:12,7775.0,7794.75,Call GEX 1,GEX,219817.454,8002.894189243501,8002.894189243501
2026-08-18 10:55:12,7775.0,7794.75,Put VEX 4,VEX,-329615.36,8002.894189243501,8002.894189243501
2026-08-18 10:55:12,7800.0,7819.75,Put CEX 4,CEX,-1891888.504,8002.894189243501,8002.894189243501
2026-08-18 10:55:12,7800.0,7819.75,Put DEX 2,DEX,-115.374,8002.894189243501,8002.894189243501
2026-08-18 10:55:12,7800.0,7819.75,Call GEX 2,GEX,188212.703,8002.894189243501,8002.894189243501
2026-08-18 10:55:12,7800.0,7819.75,Put VEX 2,VEX,-720848.257,8002.894189243501,8002.894189243501
2026-08-18 10:55:12,7825.0,7844.75,Call GEX 3,GEX,98646.811,8002.894189243501,8002.894189243501
2026-08-18 10:55:12,7850.0,7869.75,Call GEX 4,GEX,95270.439,8002.894189243501,8002.894189243501
2026-08-18 10:55:12,7900.0,7920.0,Call GEX 5,GEX,93988.0,8002.894189243501,8002.894189243501
2026-08-18 10:55:12,8000.0,8020.25,Put CEX 1,CEX,-2798344.204,8002.894189243501,8002.894189243501
2026-08-18 10:55:12,8000.0,8020.25,Put DEX 1,DEX,-1012.01,8002.894189243501,8002.894189243501
2026-08-18 10:55:12,8000.0,8020.25,Put VEX 1,VEX,-1462702.42,8002.894189243501,8002.894189243501
2026-08-18 10:55:12,8500.0,8521.5,Put DEX 4,DEX,-106.122,8002.894189243501,8002.894189243501
2026-08-18 10:56:06,6450.0,6466.75,Call DEX 5,DEX,64.959,8002.091119081304,8002.091119081304
2026-08-18 10:56:06,7400.0,7419.25,Call VEX 3,VEX,613435.262,8002.091119081304,8002.091119081304
2026-08-18 10:56:06,7500.0,7519.5,Call CEX 4,CEX,1318125.394,8002.091119081304,8002.091119081304
2026-08-18 10:56:06,7500.0,7519.5,Call DEX 1,DEX,315.341,8002.091119081304,8002.091119081304
2026-08-18 10:56:06,7500.0,7519.5,Call VEX 2,VEX,811833.788,8002.091119081304,8002.091119081304
2026-08-18 10:56:06,7550.0,7569.5,Call DEX 3,DEX,145.692,8002.091119081304,8002.091119081304
2026-08-18 10:56:06,7550.0,7569.5,Call VEX 4,VEX,582021.065,8002.091119081304,8002.091119081304
2026-08-18 10:56:06,7600.0,7619.75,Call CEX 3,CEX,1883822.746,8002.091119081304,8002.091119081304
2026-08-18 10:56:06,7600.0,7619.75,Call DEX 2,DEX,196.086,8002.091119081304,8002.091119081304
2026-08-18 10:56:06,7600.0,7619.75,Call VEX 1,VEX,1050467.204,8002.091119081304,8002.091119081304
2026-08-18 10:56:06,7635.0,7654.75,Call CEX 1,CEX,3083148.644,8002.091119081304,8002.091119081304
2026-08-18 10:56:06,7650.0,7669.75,Call CEX 2,CEX,2180958.067,8002.091119081304,8002.091119081304
2026-08-18 10:56:06,7650.0,7669.75,Call DEX 4,DEX,71.618,8002.091119081304,8002.091119081304
2026-08-18 10:56:06,7650.0,7669.75,Call VEX 5,VEX,567471.607,8002.091119081304,8002.091119081304
2026-08-18 10:56:06,7675.0,7695.0,Call CEX 5,CEX,1303871.149,8002.091119081304,8002.091119081304
2026-08-18 10:56:06,7690.0,7710.0,Put GEX 4,GEX,-304831.903,8002.091119081304,8002.091119081304
2026-08-18 10:56:06,7695.0,7715.0,Put GEX 3,GEX,-366376.083,8002.091119081304,8002.091119081304
2026-08-18 10:56:06,7700.0,7720.0,Put GEX 1,GEX,-694626.703,8002.091119081304,8002.091119081304
2026-08-18 10:56:06,7710.0,7730.0,Put CEX 3,CEX,-1710168.696,8002.091119081304,8002.091119081304
2026-08-18 10:56:06,7710.0,7730.0,Put GEX 2,GEX,-380970.126,8002.091119081304,8002.091119081304
2026-08-18 10:56:06,7720.0,7740.0,Put GEX 5,GEX,-295072.199,8002.091119081304,8002.091119081304
2026-08-18 10:56:06,7735.0,7755.0,Put DEX 5,DEX,-45.347,8002.091119081304,8002.091119081304
2026-08-18 10:56:06,7750.0,7770.0,Put CEX 2,CEX,-1853521.019,8002.091119081304,8002.091119081304
2026-08-18 10:56:06,7750.0,7770.0,Put DEX 4,DEX,-86.231,8002.091119081304,8002.091119081304
2026-08-18 10:56:06,7750.0,7770.0,Put VEX 3,VEX,-599630.19,8002.091119081304,8002.091119081304
2026-08-18 10:56:06,7775.0,7795.25,Put CEX 5,CEX,-921550.254,8002.091119081304,8002.091119081304
2026-08-18 10:56:06,7775.0,7795.25,Call GEX 1,GEX,221277.72,8002.091119081304,8002.091119081304
2026-08-18 10:56:06,7775.0,7795.25,Put VEX 4,VEX,-322236.311,8002.091119081304,8002.091119081304
2026-08-18 10:56:06,7800.0,7820.25,Put CEX 4,CEX,-1663333.221,8002.091119081304,8002.091119081304
2026-08-18 10:56:06,7800.0,7820.25,Put DEX 2,DEX,-106.797,8002.091119081304,8002.091119081304
2026-08-18 10:56:06,7800.0,7820.25,Call GEX 2,GEX,194124.854,8002.091119081304,8002.091119081304
2026-08-18 10:56:06,7800.0,7820.25,Put VEX 2,VEX,-702447.921,8002.091119081304,8002.091119081304
2026-08-18 10:56:06,7825.0,7845.25,Call GEX 3,GEX,96646.784,8002.091119081304,8002.091119081304
2026-08-18 10:56:06,7850.0,7870.25,Call GEX 4,GEX,93273.986,8002.091119081304,8002.091119081304
2026-08-18 10:56:06,7900.0,7920.5,Call GEX 5,GEX,92740.945,8002.091119081304,8002.091119081304
2026-08-18 10:56:06,7900.0,7920.5,Put VEX 5,VEX,-183052.437,8002.091119081304,8002.091119081304
2026-08-18 10:56:06,8000.0,8020.75,Put CEX 1,CEX,-2406585.85,8002.091119081304,8002.091119081304
2026-08-18 10:56:06,8000.0,8020.75,Put DEX 1,DEX,-1019.995,8002.091119081304,8002.091119081304
2026-08-18 10:56:06,8000.0,8020.75,Put VEX 1,VEX,-1267910.404,8002.091119081304,8002.091119081304
2026-08-18 10:56:06,8500.0,8522.0,Put DEX 3,DEX,-106.58,8002.091119081304,8002.091119081304
2026-08-18 10:56:56,6450.0,6467.0,Call DEX 5,DEX,64.899,8002.484465484526,8002.484465484526
2026-08-18 10:56:56,7400.0,7419.5,Call VEX 3,VEX,615504.362,8002.484465484526,8002.484465484526
2026-08-18 10:56:56,7500.0,7519.75,Call DEX 1,DEX,315.389,8002.484465484526,8002.484465484526
2026-08-18 10:56:56,7500.0,7519.75,Call VEX 2,VEX,807900.658,8002.484465484526,8002.484465484526
2026-08-18 10:56:56,7550.0,7569.75,Call CEX 5,CEX,1310005.089,8002.484465484526,8002.484465484526
2026-08-18 10:56:56,7550.0,7569.75,Call DEX 3,DEX,145.273,8002.484465484526,8002.484465484526
2026-08-18 10:56:56,7550.0,7569.75,Call VEX 4,VEX,587068.292,8002.484465484526,8002.484465484526
2026-08-18 10:56:56,7600.0,7620.0,Call CEX 3,CEX,1885875.063,8002.484465484526,8002.484465484526
2026-08-18 10:56:56,7600.0,7620.0,Call DEX 2,DEX,195.798,8002.484465484526,8002.484465484526
2026-08-18 10:56:56,7600.0,7620.0,Call VEX 1,VEX,1050162.733,8002.484465484526,8002.484465484526
2026-08-18 10:56:56,7635.0,7655.0,Call CEX 1,CEX,3101078.316,8002.484465484526,8002.484465484526
2026-08-18 10:56:56,7650.0,7670.0,Call CEX 2,CEX,2188659.494,8002.484465484526,8002.484465484526
2026-08-18 10:56:56,7650.0,7670.0,Call DEX 4,DEX,71.335,8002.484465484526,8002.484465484526
2026-08-18 10:56:56,7650.0,7670.0,Call VEX 5,VEX,566255.485,8002.484465484526,8002.484465484526
2026-08-18 10:56:56,7675.0,7695.0,Call CEX 4,CEX,1323263.403,8002.484465484526,8002.484465484526
2026-08-18 10:56:56,7690.0,7710.25,Put GEX 4,GEX,-306336.397,8002.484465484526,8002.484465484526
2026-08-18 10:56:56,7695.0,7715.25,Put GEX 3,GEX,-368117.926,8002.484465484526,8002.484465484526
2026-08-18 10:56:56,7700.0,7720.25,Put GEX 1,GEX,-695904.665,8002.484465484526,8002.484465484526
2026-08-18 10:56:56,7710.0,7730.25,Put CEX 3,CEX,-1713545.536,8002.484465484526,8002.484465484526
2026-08-18 10:56:56,7710.0,7730.25,Put GEX 2,GEX,-372831.873,8002.484465484526,8002.484465484526
2026-08-18 10:56:56,7720.0,7740.25,Put GEX 5,GEX,-293571.648,8002.484465484526,8002.484465484526
2026-08-18 10:56:56,7725.0,7745.25,Put VEX 5,VEX,-181534.236,8002.484465484526,8002.484465484526
2026-08-18 10:56:56,7735.0,7755.25,Put DEX 5,DEX,-45.568,8002.484465484526,8002.484465484526
2026-08-18 10:56:56,7750.0,7770.25,Put CEX 2,CEX,-1888185.991,8002.484465484526,8002.484465484526
2026-08-18 10:56:56,7750.0,7770.25,Put DEX 4,DEX,-86.82,8002.484465484526,8002.484465484526
2026-08-18 10:56:56,7750.0,7770.25,Put VEX 3,VEX,-601122.34,8002.484465484526,8002.484465484526
2026-08-18 10:56:56,7775.0,7795.5,Put CEX 5,CEX,-921637.182,8002.484465484526,8002.484465484526
2026-08-18 10:56:56,7775.0,7795.5,Call GEX 1,GEX,220543.468,8002.484465484526,8002.484465484526
2026-08-18 10:56:56,7775.0,7795.5,Put VEX 4,VEX,-322161.316,8002.484465484526,8002.484465484526
2026-08-18 10:56:56,7800.0,7820.5,Put CEX 4,CEX,-1661827.37,8002.484465484526,8002.484465484526
2026-08-18 10:56:56,7800.0,7820.5,Put DEX 2,DEX,-107.129,8002.484465484526,8002.484465484526
2026-08-18 10:56:56,7800.0,7820.5,Call GEX 2,GEX,194335.144,8002.484465484526,8002.484465484526
2026-08-18 10:56:56,7800.0,7820.5,Put VEX 2,VEX,-701115.253,8002.484465484526,8002.484465484526
2026-08-18 10:56:56,7825.0,7845.5,Call GEX 3,GEX,96554.884,8002.484465484526,8002.484465484526
2026-08-18 10:56:56,7850.0,7870.5,Call GEX 4,GEX,93352.242,8002.484465484526,8002.484465484526
2026-08-18 10:56:56,7900.0,7920.75,Call GEX 5,GEX,91427.66,8002.484465484526,8002.484465484526
2026-08-18 10:56:56,8000.0,8021.0,Put CEX 1,CEX,-2421880.115,8002.484465484526,8002.484465484526
2026-08-18 10:56:56,8000.0,8021.0,Put DEX 1,DEX,-1018.878,8002.484465484526,8002.484465484526
2026-08-18 10:56:56,8000.0,8021.0,Put VEX 1,VEX,-1274919.733,8002.484465484526,8002.484465484526
2026-08-18 10:56:56,8500.0,8522.25,Put DEX 3,DEX,-106.518,8002.484465484526,8002.484465484526
2026-08-18 10:57:55,7400.0,7419.25,Call VEX 3,VEX,610271.327,8002.489016999587,8002.489016999587
2026-08-18 10:57:55,7450.0,7469.25,Call DEX 4,DEX,94.694,8002.489016999587,8002.489016999587
2026-08-18 10:57:55,7500.0,7519.5,Call CEX 4,CEX,1378657.103,8002.489016999587,8002.489016999587
2026-08-18 10:57:55,7500.0,7519.5,Call DEX 1,DEX,313.897,8002.489016999587,8002.489016999587
2026-08-18 10:57:55,7500.0,7519.5,Call VEX 2,VEX,845143.75,8002.489016999587,8002.489016999587
2026-08-18 10:57:55,7550.0,7569.5,Call DEX 3,DEX,144.779,8002.489016999587,8002.489016999587
2026-08-18 10:57:55,7550.0,7569.5,Call VEX 4,VEX,593077.181,8002.489016999587,8002.489016999587
2026-08-18 10:57:55,7600.0,7619.75,Call CEX 3,CEX,1892946.575,8002.489016999587,8002.489016999587
2026-08-18 10:57:55,7600.0,7619.75,Call DEX 2,DEX,194.955,8002.489016999587,8002.489016999587
2026-08-18 10:57:55,7600.0,7619.75,Call VEX 1,VEX,1051856.789,8002.489016999587,8002.489016999587
2026-08-18 10:57:55,7635.0,7654.75,Call CEX 1,CEX,3129088.569,8002.489016999587,8002.489016999587
2026-08-18 10:57:55,7650.0,7669.75,Call CEX 2,CEX,2291258.103,8002.489016999587,8002.489016999587
2026-08-18 10:57:55,7650.0,7669.75,Call DEX 5,DEX,70.626,8002.489016999587,8002.489016999587
2026-08-18 10:57:55,7650.0,7669.75,Call VEX 5,VEX,565666.267,8002.489016999587,8002.489016999587
2026-08-18 10:57:55,7675.0,7695.0,Call CEX 5,CEX,1332553.115,8002.489016999587,8002.489016999587
2026-08-18 10:57:55,7690.0,7710.0,Put GEX 4,GEX,-314218.006,8002.489016999587,8002.489016999587
2026-08-18 10:57:55,7695.0,7715.0,Put GEX 2,GEX,-379015.334,8002.489016999587,8002.489016999587
2026-08-18 10:57:55,7700.0,7720.0,Put GEX 1,GEX,-710415.963,8002.489016999587,8002.489016999587
2026-08-18 10:57:55,7710.0,7730.0,Put CEX 3,CEX,-1683143.95,8002.489016999587,8002.489016999587
2026-08-18 10:57:55,7710.0,7730.0,Put GEX 3,GEX,-349121.824,8002.489016999587,8002.489016999587
2026-08-18 10:57:55,7720.0,7740.0,Put GEX 5,GEX,-293693.938,8002.489016999587,8002.489016999587
2026-08-18 10:57:55,7725.0,7745.0,Put VEX 5,VEX,-185531.599,8002.489016999587,8002.489016999587
2026-08-18 10:57:55,7735.0,7755.0,Put DEX 5,DEX,-45.808,8002.489016999587,8002.489016999587
2026-08-18 10:57:55,7750.0,7770.0,Put CEX 2,CEX,-1893219.719,8002.489016999587,8002.489016999587
2026-08-18 10:57:55,7750.0,7770.0,Put DEX 4,DEX,-87.703,8002.489016999587,8002.489016999587
2026-08-18 10:57:55,7750.0,7770.0,Put VEX 3,VEX,-605047.389,8002.489016999587,8002.489016999587
2026-08-18 10:57:55,7775.0,7795.25,Put CEX 5,CEX,-920221.727,8002.489016999587,8002.489016999587
2026-08-18 10:57:55,7775.0,7795.25,Call GEX 1,GEX,218253.361,8002.489016999587,8002.489016999587
2026-08-18 10:57:55,7775.0,7795.25,Put VEX 4,VEX,-321871.682,8002.489016999587,8002.489016999587
2026-08-18 10:57:55,7800.0,7820.25,Put CEX 4,CEX,-1652498.877,8002.489016999587,8002.489016999587
2026-08-18 10:57:55,7800.0,7820.25,Put DEX 2,DEX,-107.698,8002.489016999587,8002.489016999587
2026-08-18 10:57:55,7800.0,7820.25,Call GEX 2,GEX,192168.167,8002.489016999587,8002.489016999587
2026-08-18 10:57:55,7800.0,7820.25,Put VEX 2,VEX,-697321.331,8002.489016999587,8002.489016999587
2026-08-18 10:57:55,7825.0,7845.25,Call GEX 3,GEX,96053.573,8002.489016999587,8002.489016999587
2026-08-18 10:57:55,7850.0,7870.25,Call GEX 4,GEX,91845.3,8002.489016999587,8002.489016999587
2026-08-18 10:57:55,7900.0,7920.5,Call GEX 5,GEX,90846.9,8002.489016999587,8002.489016999587
2026-08-18 10:57:55,8000.0,8020.75,Put CEX 1,CEX,-2423168.768,8002.489016999587,8002.489016999587
2026-08-18 10:57:55,8000.0,8020.75,Put DEX 1,DEX,-1018.853,8002.489016999587,8002.489016999587
2026-08-18 10:57:55,8000.0,8020.75,Put VEX 1,VEX,-1274007.428,8002.489016999587,8002.489016999587
2026-08-18 10:57:55,8500.0,8522.0,Put DEX 3,DEX,-106.549,8002.489016999587,8002.489016999587
2026-08-18 10:58:43,7400.0,7419.0,Call VEX 3,VEX,614057.912,8002.712088909544,8002.712088909544
2026-08-18 10:58:43,7500.0,7519.25,Call DEX 1,DEX,316.136,8002.712088909544,8002.712088909544
2026-08-18 10:58:43,7500.0,7519.25,Call VEX 2,VEX,797845.333,8002.712088909544,8002.712088909544
2026-08-18 10:58:43,7550.0,7569.5,Call CEX 5,CEX,1311061.393,8002.712088909544,8002.712088909544
2026-08-18 10:58:43,7550.0,7569.5,Call DEX 3,DEX,144.853,8002.712088909544,8002.712088909544
2026-08-18 10:58:43,7550.0,7569.5,Call VEX 4,VEX,589221.742,8002.712088909544,8002.712088909544
2026-08-18 10:58:43,7600.0,7619.5,Call CEX 3,CEX,1884769.15,8002.712088909544,8002.712088909544
2026-08-18 10:58:43,7600.0,7619.5,Call DEX 2,DEX,194.141,8002.712088909544,8002.712088909544
2026-08-18 10:58:43,7600.0,7619.5,Call VEX 1,VEX,1050723.096,8002.712088909544,8002.712088909544
2026-08-18 10:58:43,7625.0,7644.5,Call DEX 5,DEX,59.397,8002.712088909544,8002.712088909544
2026-08-18 10:58:43,7635.0,7654.5,Call CEX 1,CEX,3745574.316,8002.712088909544,8002.712088909544
2026-08-18 10:58:43,7650.0,7669.75,Call CEX 2,CEX,2382561.912,8002.712088909544,8002.712088909544
2026-08-18 10:58:43,7650.0,7669.75,Call DEX 4,DEX,69.145,8002.712088909544,8002.712088909544
2026-08-18 10:58:43,7650.0,7669.75,Call VEX 5,VEX,561183.808,8002.712088909544,8002.712088909544
2026-08-18 10:58:43,7675.0,7694.75,Call CEX 4,CEX,1392365.875,8002.712088909544,8002.712088909544
2026-08-18 10:58:43,7685.0,7704.75,Put GEX 5,GEX,-296568.033,8002.712088909544,8002.712088909544
2026-08-18 10:58:43,7690.0,7709.75,Put GEX 4,GEX,-318898.269,8002.712088909544,8002.712088909544
2026-08-18 10:58:43,7695.0,7714.75,Put GEX 2,GEX,-373013.257,8002.712088909544,8002.712088909544
2026-08-18 10:58:43,7700.0,7719.75,Put CEX 5,CEX,-1094717.912,8002.712088909544,8002.712088909544
2026-08-18 10:58:43,7700.0,7719.75,Put GEX 1,GEX,-638068.664,8002.712088909544,8002.712088909544
2026-08-18 10:58:43,7710.0,7729.75,Put CEX 3,CEX,-1716950.376,8002.712088909544,8002.712088909544
2026-08-18 10:58:43,7710.0,7729.75,Put GEX 3,GEX,-327551.143,8002.712088909544,8002.712088909544
2026-08-18 10:58:43,7725.0,7744.75,Put VEX 5,VEX,-191986.856,8002.712088909544,8002.712088909544
2026-08-18 10:58:43,7735.0,7754.75,Put DEX 5,DEX,-46.234,8002.712088909544,8002.712088909544
2026-08-18 10:58:43,7750.0,7770.0,Put CEX 2,CEX,-1816798.221,8002.712088909544,8002.712088909544
2026-08-18 10:58:43,7750.0,7770.0,Put DEX 4,DEX,-89.145,8002.712088909544,8002.712088909544
2026-08-18 10:58:43,7750.0,7770.0,Put VEX 3,VEX,-607916.657,8002.712088909544,8002.712088909544
2026-08-18 10:58:43,7775.0,7795.0,Call GEX 1,GEX,213875.219,8002.712088909544,8002.712088909544
2026-08-18 10:58:43,7775.0,7795.0,Put VEX 4,VEX,-321480.52,8002.712088909544,8002.712088909544
2026-08-18 10:58:43,7800.0,7820.0,Put CEX 4,CEX,-1648226.865,8002.712088909544,8002.712088909544
2026-08-18 10:58:43,7800.0,7820.0,Put DEX 2,DEX,-107.877,8002.712088909544,8002.712088909544
2026-08-18 10:58:43,7800.0,7820.0,Call GEX 2,GEX,183514.717,8002.712088909544,8002.712088909544
2026-08-18 10:58:43,7800.0,7820.0,Put VEX 2,VEX,-697135.516,8002.712088909544,8002.712088909544
2026-08-18 10:58:43,7825.0,7845.0,Call GEX 3,GEX,93935.507,8002.712088909544,8002.712088909544
2026-08-18 10:58:43,7850.0,7870.25,Call GEX 4,GEX,90454.995,8002.712088909544,8002.712088909544
2026-08-18 10:58:43,7900.0,7920.25,Call GEX 5,GEX,88069.757,8002.712088909544,8002.712088909544
2026-08-18 10:58:43,8000.0,8020.5,Put CEX 1,CEX,-2520008.978,8002.712088909544,8002.712088909544
2026-08-18 10:58:43,8000.0,8020.5,Put DEX 1,DEX,-1016.542,8002.712088909544,8002.712088909544
2026-08-18 10:58:43,8000.0,8020.5,Put VEX 1,VEX,-1320286.1,8002.712088909544,8002.712088909544
2026-08-18 10:58:43,8500.0,8521.75,Put DEX 3,DEX,-106.41,8002.712088909544,8002.712088909544
2026-08-18 10:59:32,7400.0,7419.25,Call VEX 3,VEX,616706.255,8002.509274855111,8002.509274855111
2026-08-18 10:59:32,7500.0,7519.5,Call CEX 5,CEX,1347427.259,8002.509274855111,8002.509274855111
2026-08-18 10:59:32,7500.0,7519.5,Call DEX 1,DEX,314.177,8002.509274855111,8002.509274855111
2026-08-18 10:59:32,7500.0,7519.5,Call VEX 2,VEX,828142.682,8002.509274855111,8002.509274855111
2026-08-18 10:59:32,7550.0,7569.5,Call DEX 3,DEX,144.042,8002.509274855111,8002.509274855111
2026-08-18 10:59:32,7550.0,7569.5,Call VEX 4,VEX,597766.258,8002.509274855111,8002.509274855111
2026-08-18 10:59:32,7600.0,7619.75,Call CEX 3,CEX,1905113.616,8002.509274855111,8002.509274855111
2026-08-18 10:59:32,7600.0,7619.75,Call DEX 2,DEX,192.68,8002.509274855111,8002.509274855111
2026-08-18 10:59:32,7600.0,7619.75,Call VEX 1,VEX,1053617.056,8002.509274855111,8002.509274855111
2026-08-18 10:59:32,7625.0,7644.75,Call DEX 5,DEX,58.962,8002.509274855111,8002.509274855111
2026-08-18 10:59:32,7635.0,7654.75,Call CEX 1,CEX,3503479.131,8002.509274855111,8002.509274855111
2026-08-18 10:59:32,7650.0,7669.75,Call CEX 2,CEX,2393034.072,8002.509274855111,8002.509274855111
2026-08-18 10:59:32,7650.0,7669.75,Call DEX 4,DEX,68.11,8002.509274855111,8002.509274855111
2026-08-18 10:59:32,7650.0,7669.75,Call VEX 5,VEX,556426.336,8002.509274855111,8002.509274855111
2026-08-18 10:59:32,7675.0,7695.0,Call CEX 4,CEX,1426271.574,8002.509274855111,8002.509274855111
2026-08-18 10:59:32,7685.0,7705.0,Put GEX 5,GEX,-303504.634,8002.509274855111,8002.509274855111
2026-08-18 10:59:32,7690.0,7710.0,Put GEX 3,GEX,-324734.179,8002.509274855111,8002.509274855111
2026-08-18 10:59:32,7695.0,7715.0,Put GEX 2,GEX,-369547.262,8002.509274855111,8002.509274855111
2026-08-18 10:59:32,7700.0,7720.0,Put CEX 5,CEX,-1356323.288,8002.509274855111,8002.509274855111
2026-08-18 10:59:32,7700.0,7720.0,Put GEX 1,GEX,-631043.155,8002.509274855111,8002.509274855111
2026-08-18 10:59:32,7710.0,7730.0,Put CEX 3,CEX,-1697620.123,8002.509274855111,8002.509274855111
2026-08-18 10:59:32,7710.0,7730.0,Put GEX 4,GEX,-308109.295,8002.509274855111,8002.509274855111
2026-08-18 10:59:32,7725.0,7745.0,Put VEX 5,VEX,-195717.675,8002.509274855111,8002.509274855111
2026-08-18 10:59:32,7735.0,7755.0,Put DEX 5,DEX,-46.366,8002.509274855111,8002.509274855111
2026-08-18 10:59:32,7750.0,7770.0,Put CEX 2,CEX,-1819379.83,8002.509274855111,8002.509274855111
2026-08-18 10:59:32,7750.0,7770.0,Put DEX 4,DEX,-90.018,8002.509274855111,8002.509274855111
2026-08-18 10:59:32,7750.0,7770.0,Put VEX 3,VEX,-611345.295,8002.509274855111,8002.509274855111
2026-08-18 10:59:32,7775.0,7795.25,Call GEX 1,GEX,211125.587,8002.509274855111,8002.509274855111
2026-08-18 10:59:32,7775.0,7795.25,Put VEX 4,VEX,-320948.429,8002.509274855111,8002.509274855111
2026-08-18 10:59:32,7800.0,7820.25,Put CEX 4,CEX,-1636153.828,8002.509274855111,8002.509274855111
2026-08-18 10:59:32,7800.0,7820.25,Put DEX 2,DEX,-108.57,8002.509274855111,8002.509274855111
2026-08-18 10:59:32,7800.0,7820.25,Call GEX 2,GEX,183748.751,8002.509274855111,8002.509274855111
2026-08-18 10:59:32,7800.0,7820.25,Put VEX 2,VEX,-692370.321,8002.509274855111,8002.509274855111
2026-08-18 10:59:32,7825.0,7845.25,Call GEX 3,GEX,93265.194,8002.509274855111,8002.509274855111
2026-08-18 10:59:32,7850.0,7870.25,Call GEX 4,GEX,90003.21,8002.509274855111,8002.509274855111
2026-08-18 10:59:32,7900.0,7920.5,Call GEX 5,GEX,89141.658,8002.509274855111,8002.509274855111
2026-08-18 10:59:32,8000.0,8020.75,Put CEX 1,CEX,-2407112.002,8002.509274855111,8002.509274855111
2026-08-18 10:59:32,8000.0,8020.75,Put DEX 1,DEX,-1018.994,8002.509274855111,8002.509274855111
2026-08-18 10:59:32,8000.0,8020.75,Put VEX 1,VEX,-1264365.806,8002.509274855111,8002.509274855111
2026-08-18 10:59:32,8500.0,8522.0,Put DEX 3,DEX,-106.461,8002.509274855111,8002.509274855111
2026-08-18 11:00:23,7400.0,7419.0,Call VEX 3,VEX,624558.082,8002.678207114014,8002.678207114014
2026-08-18 11:00:23,7450.0,7469.25,Call DEX 4,DEX,94.0,8002.678207114014,8002.678207114014
2026-08-18 11:00:23,7500.0,7519.5,Call CEX 5,CEX,1373940.694,8002.678207114014,8002.678207114014
2026-08-18 11:00:23,7500.0,7519.5,Call DEX 1,DEX,314.037,8002.678207114014,8002.678207114014
2026-08-18 11:00:23,7500.0,7519.5,Call VEX 2,VEX,843723.95,8002.678207114014,8002.678207114014
2026-08-18 11:00:23,7550.0,7569.5,Call DEX 3,DEX,143.181,8002.678207114014,8002.678207114014
2026-08-18 11:00:23,7550.0,7569.5,Call VEX 4,VEX,604940.105,8002.678207114014,8002.678207114014
2026-08-18 11:00:23,7600.0,7619.75,Call CEX 3,CEX,1909467.248,8002.678207114014,8002.678207114014
2026-08-18 11:00:23,7600.0,7619.75,Call DEX 2,DEX,191.459,8002.678207114014,8002.678207114014
2026-08-18 11:00:23,7600.0,7619.75,Call VEX 1,VEX,1054005.853,8002.678207114014,8002.678207114014
2026-08-18 11:00:23,7635.0,7654.75,Call CEX 1,CEX,3232468.542,8002.678207114014,8002.678207114014
2026-08-18 11:00:23,7650.0,7669.75,Call CEX 2,CEX,2402960.2,8002.678207114014,8002.678207114014
2026-08-18 11:00:23,7650.0,7669.75,Call DEX 5,DEX,66.871,8002.678207114014,8002.678207114014
2026-08-18 11:00:23,7650.0,7669.75,Call VEX 5,VEX,550571.286,8002.678207114014,8002.678207114014
2026-08-18 11:00:23,7675.0,7694.75,Call CEX 4,CEX,1459379.613,8002.678207114014,8002.678207114014
2026-08-18 11:00:23,7685.0,7704.75,Put GEX 4,GEX,-311784.627,8002.678207114014,8002.678207114014
2026-08-18 11:00:23,7690.0,7709.75,Put GEX 3,GEX,-328434.086,8002.678207114014,8002.678207114014
2026-08-18 11:00:23,7695.0,7715.0,Put GEX 2,GEX,-368189.724,8002.678207114014,8002.678207114014
2026-08-18 11:00:23,7700.0,7720.0,Put CEX 3,CEX,-1674418.817,8002.678207114014,8002.678207114014
2026-08-18 11:00:23,7700.0,7720.0,Put GEX 1,GEX,-599770.982,8002.678207114014,8002.678207114014
2026-08-18 11:00:23,7710.0,7730.0,Put CEX 4,CEX,-1673053.072,8002.678207114014,8002.678207114014
2026-08-18 11:00:23,7710.0,7730.0,Put GEX 5,GEX,-285232.842,8002.678207114014,8002.678207114014
2026-08-18 11:00:23,7725.0,7745.0,Put VEX 5,VEX,-201741.352,8002.678207114014,8002.678207114014
2026-08-18 11:00:23,7735.0,7755.0,Put DEX 5,DEX,-46.869,8002.678207114014,8002.678207114014
2026-08-18 11:00:23,7750.0,7770.0,Put CEX 2,CEX,-1818718.644,8002.678207114014,8002.678207114014
2026-08-18 11:00:23,7750.0,7770.0,Put DEX 4,DEX,-91.515,8002.678207114014,8002.678207114014
2026-08-18 11:00:23,7750.0,7770.0,Put VEX 3,VEX,-615519.023,8002.678207114014,8002.678207114014
2026-08-18 11:00:23,7775.0,7795.0,Call GEX 1,GEX,207571.988,8002.678207114014,8002.678207114014
2026-08-18 11:00:23,7775.0,7795.0,Put VEX 4,VEX,-320504.285,8002.678207114014,8002.678207114014
2026-08-18 11:00:23,7800.0,7820.25,Put CEX 5,CEX,-1625301.904,8002.678207114014,8002.678207114014
2026-08-18 11:00:23,7800.0,7820.25,Put DEX 2,DEX,-109.091,8002.678207114014,8002.678207114014
2026-08-18 11:00:23,7800.0,7820.25,Call GEX 2,GEX,178672.292,8002.678207114014,8002.678207114014
2026-08-18 11:00:23,7800.0,7820.25,Put VEX 2,VEX,-689762.318,8002.678207114014,8002.678207114014
2026-08-18 11:00:23,7825.0,7845.25,Call GEX 3,GEX,92224.59,8002.678207114014,8002.678207114014
2026-08-18 11:00:23,7850.0,7870.25,Call GEX 4,GEX,89043.877,8002.678207114014,8002.678207114014
2026-08-18 11:00:23,7900.0,7920.5,Call GEX 5,GEX,88223.684,8002.678207114014,8002.678207114014
2026-08-18 11:00:23,8000.0,8020.75,Put CEX 1,CEX,-2437535.664,8002.678207114014,8002.678207114014
2026-08-18 11:00:23,8000.0,8020.75,Put DEX 1,DEX,-1018.232,8002.678207114014,8002.678207114014
2026-08-18 11:00:23,8000.0,8020.75,Put VEX 1,VEX,-1277974.069,8002.678207114014,8002.678207114014
2026-08-18 11:00:23,8500.0,8522.0,Put DEX 3,DEX,-106.413,8002.678207114014,8002.678207114014
2026-08-18 11:01:14,7400.0,7419.25,Call VEX 3,VEX,622126.11,8002.583424585678,8002.583424585678
2026-08-18 11:01:14,7450.0,7469.5,Call DEX 4,DEX,94.04,8002.583424585678,8002.583424585678
2026-08-18 11:01:14,7500.0,7519.5,Call CEX 5,CEX,1399720.122,8002.583424585678,8002.583424585678
2026-08-18 11:01:14,7500.0,7519.5,Call DEX 1,DEX,312.7,8002.583424585678,8002.583424585678
2026-08-18 11:01:14,7500.0,7519.5,Call VEX 2,VEX,857517.774,8002.583424585678,8002.583424585678
2026-08-18 11:01:14,7550.0,7569.75,Call DEX 3,DEX,143.406,8002.583424585678,8002.583424585678
2026-08-18 11:01:14,7550.0,7569.75,Call VEX 4,VEX,601682.037,8002.583424585678,8002.583424585678
2026-08-18 11:01:14,7600.0,7619.75,Call CEX 3,CEX,1948009.025,8002.583424585678,8002.583424585678
2026-08-18 11:01:14,7600.0,7619.75,Call DEX 2,DEX,190.781,8002.583424585678,8002.583424585678
2026-08-18 11:01:14,7600.0,7619.75,Call VEX 1,VEX,1054785.735,8002.583424585678,8002.583424585678
2026-08-18 11:01:14,7635.0,7654.75,Call CEX 1,CEX,3850151.637,8002.583424585678,8002.583424585678
2026-08-18 11:01:14,7650.0,7670.0,Call CEX 2,CEX,2413874.623,8002.583424585678,8002.583424585678
2026-08-18 11:01:14,7650.0,7670.0,Call DEX 5,DEX,66.263,8002.583424585678,8002.583424585678
2026-08-18 11:01:14,7650.0,7670.0,Call VEX 5,VEX,547679.19,8002.583424585678,8002.583424585678
2026-08-18 11:01:14,7675.0,7695.0,Call CEX 4,CEX,1467376.748,8002.583424585678,8002.583424585678
2026-08-18 11:01:14,7685.0,7705.0,Put GEX 4,GEX,-317936.581,8002.583424585678,8002.583424585678
2026-08-18 11:01:14,7690.0,7710.0,Put GEX 3,GEX,-335223.615,8002.583424585678,8002.583424585678
2026-08-18 11:01:14,7695.0,7715.0,Put GEX 2,GEX,-380287.024,8002.583424585678,8002.583424585678
2026-08-18 11:01:14,7700.0,7720.0,Put CEX 2,CEX,-1871952.345,8002.583424585678,8002.583424585678
2026-08-18 11:01:14,7700.0,7720.0,Put GEX 1,GEX,-624725.359,8002.583424585678,8002.583424585678
2026-08-18 11:01:14,7710.0,7730.0,Put CEX 5,CEX,-1467052.193,8002.583424585678,8002.583424585678
2026-08-18 11:01:14,7720.0,7740.0,Put GEX 5,GEX,-282190.828,8002.583424585678,8002.583424585678
2026-08-18 11:01:14,7725.0,7745.0,Put VEX 5,VEX,-203923.388,8002.583424585678,8002.583424585678
2026-08-18 11:01:14,7735.0,7755.25,Put DEX 5,DEX,-47.044,8002.583424585678,8002.583424585678
2026-08-18 11:01:14,7750.0,7770.25,Put CEX 3,CEX,-1821964.679,8002.583424585678,8002.583424585678
2026-08-18 11:01:14,7750.0,7770.25,Put DEX 4,DEX,-92.002,8002.583424585678,8002.583424585678
2026-08-18 11:01:14,7750.0,7770.25,Put VEX 3,VEX,-617828.815,8002.583424585678,8002.583424585678
2026-08-18 11:01:14,7775.0,7795.25,Call GEX 1,GEX,205680.025,8002.583424585678,8002.583424585678
2026-08-18 11:01:14,7775.0,7795.25,Put VEX 4,VEX,-320144.592,8002.583424585678,8002.583424585678
2026-08-18 11:01:14,7800.0,7820.25,Put CEX 4,CEX,-1620004.936,8002.583424585678,8002.583424585678
2026-08-18 11:01:14,7800.0,7820.25,Put DEX 2,DEX,-109.504,8002.583424585678,8002.583424585678
2026-08-18 11:01:14,7800.0,7820.25,Call GEX 2,GEX,178280.59,8002.583424585678,8002.583424585678
2026-08-18 11:01:14,7800.0,7820.25,Put VEX 2,VEX,-687259.256,8002.583424585678,8002.583424585678
2026-08-18 11:01:14,7825.0,7845.25,Call GEX 3,GEX,90759.502,8002.583424585678,8002.583424585678
2026-08-18 11:01:14,7850.0,7870.5,Call GEX 4,GEX,87828.717,8002.583424585678,8002.583424585678
2026-08-18 11:01:14,7900.0,7920.5,Call GEX 5,GEX,86400.329,8002.583424585678,8002.583424585678
2026-08-18 11:01:14,8000.0,8020.75,Put CEX 1,CEX,-2439449.389,8002.583424585678,8002.583424585678
2026-08-18 11:01:14,8000.0,8020.75,Put DEX 1,DEX,-1018.087,8002.583424585678,8002.583424585678
2026-08-18 11:01:14,8000.0,8020.75,Put VEX 1,VEX,-1279960.0,8002.583424585678,8002.583424585678
2026-08-18 11:01:14,8500.0,8522.0,Put DEX 3,DEX,-106.475,8002.583424585678,8002.583424585678
2026-08-18 11:02:02,7400.0,7419.25,Call VEX 3,VEX,629717.079,8001.996849908664,8001.996849908664
2026-08-18 11:02:02,7450.0,7469.5,Call DEX 4,DEX,93.704,8001.996849908664,8001.996849908664
2026-08-18 11:02:02,7500.0,7519.5,Call CEX 5,CEX,1453198.541,8001.996849908664,8001.996849908664
2026-08-18 11:02:02,7500.0,7519.5,Call DEX 1,DEX,313.255,8001.996849908664,8001.996849908664
2026-08-18 11:02:02,7500.0,7519.5,Call VEX 2,VEX,884688.228,8001.996849908664,8001.996849908664
2026-08-18 11:02:02,7550.0,7569.75,Call DEX 3,DEX,142.731,8001.996849908664,8001.996849908664
2026-08-18 11:02:02,7550.0,7569.75,Call VEX 4,VEX,609070.692,8001.996849908664,8001.996849908664
2026-08-18 11:02:02,7600.0,7619.75,Call CEX 3,CEX,1943028.676,8001.996849908664,8001.996849908664
2026-08-18 11:02:02,7600.0,7619.75,Call DEX 2,DEX,189.976,8001.996849908664,8001.996849908664
2026-08-18 11:02:02,7600.0,7619.75,Call VEX 1,VEX,1055844.469,8001.996849908664,8001.996849908664
2026-08-18 11:02:02,7635.0,7654.75,Call CEX 1,CEX,3277977.297,8001.996849908664,8001.996849908664
2026-08-18 11:02:02,7650.0,7670.0,Call CEX 2,CEX,2429792.291,8001.996849908664,8001.996849908664
2026-08-18 11:02:02,7650.0,7670.0,Call DEX 5,DEX,65.816,8001.996849908664,8001.996849908664
2026-08-18 11:02:02,7650.0,7670.0,Call VEX 5,VEX,545807.479,8001.996849908664,8001.996849908664
2026-08-18 11:02:02,7675.0,7695.0,Call CEX 4,CEX,1462952.591,8001.996849908664,8001.996849908664
2026-08-18 11:02:02,7685.0,7705.0,Put GEX 4,GEX,-324971.092,8001.996849908664,8001.996849908664
2026-08-18 11:02:02,7690.0,7710.0,Put GEX 3,GEX,-346183.174,8001.996849908664,8001.996849908664
2026-08-18 11:02:02,7695.0,7715.0,Put GEX 2,GEX,-395921.434,8001.996849908664,8001.996849908664
2026-08-18 11:02:02,7700.0,7720.0,Put CEX 2,CEX,-2028675.438,8001.996849908664,8001.996849908664
2026-08-18 11:02:02,7700.0,7720.0,Put GEX 1,GEX,-659314.148,8001.996849908664,8001.996849908664
2026-08-18 11:02:02,7705.0,7725.0,Put CEX 5,CEX,-912674.816,8001.996849908664,8001.996849908664
2026-08-18 11:02:02,7720.0,7740.0,Put GEX 5,GEX,-284813.647,8001.996849908664,8001.996849908664
2026-08-18 11:02:02,7725.0,7745.0,Put VEX 5,VEX,-205583.933,8001.996849908664,8001.996849908664
2026-08-18 11:02:02,7735.0,7755.25,Put DEX 5,DEX,-47.315,8001.996849908664,8001.996849908664
2026-08-18 11:02:02,7750.0,7770.25,Put CEX 3,CEX,-1819522.421,8001.996849908664,8001.996849908664
2026-08-18 11:02:02,7750.0,7770.25,Put DEX 4,DEX,-92.834,8001.996849908664,8001.996849908664
2026-08-18 11:02:02,7750.0,7770.25,Put VEX 3,VEX,-618735.97,8001.996849908664,8001.996849908664
2026-08-18 11:02:02,7775.0,7795.25,Call GEX 1,GEX,205649.895,8001.996849908664,8001.996849908664
2026-08-18 11:02:02,7775.0,7795.25,Put VEX 4,VEX,-319689.072,8001.996849908664,8001.996849908664
2026-08-18 11:02:02,7800.0,7820.25,Put CEX 4,CEX,-1530164.807,8001.996849908664,8001.996849908664
2026-08-18 11:02:02,7800.0,7820.25,Put DEX 2,DEX,-110.129,8001.996849908664,8001.996849908664
2026-08-18 11:02:02,7800.0,7820.25,Call GEX 2,GEX,181037.21,8001.996849908664,8001.996849908664
2026-08-18 11:02:02,7800.0,7820.25,Put VEX 2,VEX,-682041.728,8001.996849908664,8001.996849908664
2026-08-18 11:02:02,7825.0,7845.25,Call GEX 3,GEX,91197.075,8001.996849908664,8001.996849908664
2026-08-18 11:02:02,7850.0,7870.5,Call GEX 5,GEX,87624.52,8001.996849908664,8001.996849908664
2026-08-18 11:02:02,7900.0,7920.5,Call GEX 4,GEX,87993.518,8001.996849908664,8001.996849908664
2026-08-18 11:02:02,8000.0,8020.75,Put CEX 1,CEX,-2204545.277,8001.996849908664,8001.996849908664
2026-08-18 11:02:02,8000.0,8020.75,Put DEX 1,DEX,-1023.098,8001.996849908664,8001.996849908664
2026-08-18 11:02:02,8000.0,8020.75,Put VEX 1,VEX,-1161937.466,8001.996849908664,8001.996849908664
2026-08-18 11:02:02,8500.0,8522.0,Put DEX 3,DEX,-106.664,8001.996849908664,8001.996849908664
2026-08-18 11:02:50,7400.0,7419.25,Call DEX 4,DEX,94.152,8001.6030155122835,8001.6030155122835
2026-08-18 11:02:50,7400.0,7419.25,Call VEX 3,VEX,633220.269,8001.6030155122835,8001.6030155122835
2026-08-18 11:02:50,7450.0,7469.5,Call DEX 5,DEX,93.405,8001.6030155122835,8001.6030155122835
2026-08-18 11:02:50,7500.0,7519.5,Call CEX 4,CEX,1442733.707,8001.6030155122835,8001.6030155122835
2026-08-18 11:02:50,7500.0,7519.5,Call DEX 1,DEX,313.978,8001.6030155122835,8001.6030155122835
2026-08-18 11:02:50,7500.0,7519.5,Call VEX 2,VEX,876566.915,8001.6030155122835,8001.6030155122835
2026-08-18 11:02:50,7550.0,7569.75,Call DEX 3,DEX,144.653,8001.6030155122835,8001.6030155122835
2026-08-18 11:02:50,7550.0,7569.75,Call VEX 4,VEX,606996.4,8001.6030155122835,8001.6030155122835
2026-08-18 11:02:50,7600.0,7619.75,Call CEX 3,CEX,1939195.207,8001.6030155122835,8001.6030155122835
2026-08-18 11:02:50,7600.0,7619.75,Call DEX 2,DEX,191.573,8001.6030155122835,8001.6030155122835
2026-08-18 11:02:50,7600.0,7619.75,Call VEX 1,VEX,1055666.609,8001.6030155122835,8001.6030155122835
2026-08-18 11:02:50,7635.0,7655.0,Call CEX 1,CEX,3260806.342,8001.6030155122835,8001.6030155122835
2026-08-18 11:02:50,7650.0,7670.0,Call CEX 2,CEX,2348466.577,8001.6030155122835,8001.6030155122835
2026-08-18 11:02:50,7650.0,7670.0,Call VEX 5,VEX,551792.035,8001.6030155122835,8001.6030155122835
2026-08-18 11:02:50,7675.0,7695.0,Call CEX 5,CEX,1420164.534,8001.6030155122835,8001.6030155122835
2026-08-18 11:02:50,7685.0,7705.0,Put GEX 4,GEX,-313110.334,8001.6030155122835,8001.6030155122835
2026-08-18 11:02:50,7690.0,7710.0,Put GEX 3,GEX,-343388.244,8001.6030155122835,8001.6030155122835
2026-08-18 11:02:50,7695.0,7715.0,Put GEX 2,GEX,-403279.539,8001.6030155122835,8001.6030155122835
2026-08-18 11:02:50,7700.0,7720.0,Put CEX 3,CEX,-1666456.528,8001.6030155122835,8001.6030155122835
2026-08-18 11:02:50,7700.0,7720.0,Put GEX 1,GEX,-729844.201,8001.6030155122835,8001.6030155122835
2026-08-18 11:02:50,7720.0,7740.25,Put GEX 5,GEX,-288382.164,8001.6030155122835,8001.6030155122835
2026-08-18 11:02:50,7725.0,7745.25,Put VEX 5,VEX,-198584.287,8001.6030155122835,8001.6030155122835
2026-08-18 11:02:50,7735.0,7755.25,Put DEX 5,DEX,-46.782,8001.6030155122835,8001.6030155122835
2026-08-18 11:02:50,7750.0,7770.25,Put CEX 2,CEX,-1819189.432,8001.6030155122835,8001.6030155122835
2026-08-18 11:02:50,7750.0,7770.25,Put DEX 4,DEX,-91.284,8001.6030155122835,8001.6030155122835
2026-08-18 11:02:50,7750.0,7770.25,Put VEX 3,VEX,-612918.255,8001.6030155122835,8001.6030155122835
2026-08-18 11:02:50,7775.0,7795.25,Put CEX 5,CEX,-913143.318,8001.6030155122835,8001.6030155122835
2026-08-18 11:02:50,7775.0,7795.25,Call GEX 1,GEX,210598.516,8001.6030155122835,8001.6030155122835
2026-08-18 11:02:50,7775.0,7795.25,Put VEX 4,VEX,-320224.592,8001.6030155122835,8001.6030155122835
2026-08-18 11:02:50,7800.0,7820.25,Put CEX 4,CEX,-1539980.67,8001.6030155122835,8001.6030155122835
2026-08-18 11:02:50,7800.0,7820.25,Put DEX 2,DEX,-109.634,8001.6030155122835,8001.6030155122835
2026-08-18 11:02:50,7800.0,7820.25,Call GEX 2,GEX,185671.286,8001.6030155122835,8001.6030155122835
2026-08-18 11:02:50,7800.0,7820.25,Put VEX 2,VEX,-683247.999,8001.6030155122835,8001.6030155122835
2026-08-18 11:02:50,7825.0,7845.5,Call GEX 3,GEX,92278.614,8001.6030155122835,8001.6030155122835
2026-08-18 11:02:50,7850.0,7870.5,Call GEX 5,GEX,88276.675,8001.6030155122835,8001.6030155122835
2026-08-18 11:02:50,7900.0,7920.5,Call GEX 4,GEX,88320.263,8001.6030155122835,8001.6030155122835
2026-08-18 11:02:50,8000.0,8020.75,Put CEX 1,CEX,-2048639.423,8001.6030155122835,8001.6030155122835
2026-08-18 11:02:50,8000.0,8020.75,Put DEX 1,DEX,-1027.22,8001.6030155122835,8001.6030155122835
2026-08-18 11:02:50,8000.0,8020.75,Put VEX 1,VEX,-1085132.148,8001.6030155122835,8001.6030155122835
2026-08-18 11:02:50,8500.0,8522.25,Put DEX 3,DEX,-106.842,8001.6030155122835,8001.6030155122835
2026-08-18 11:03:45,7400.0,7419.5,Call VEX 3,VEX,625997.318,8001.808547408107,8001.808547408107
2026-08-18 11:03:45,7450.0,7469.5,Call DEX 4,DEX,93.39,8001.808547408107,8001.808547408107
2026-08-18 11:03:45,7500.0,7519.75,Call CEX 4,CEX,1483784.017,8001.808547408107,8001.808547408107
2026-08-18 11:03:45,7500.0,7519.75,Call DEX 1,DEX,312.792,8001.808547408107,8001.808547408107
2026-08-18 11:03:45,7500.0,7519.75,Call VEX 2,VEX,899030.0,8001.808547408107,8001.808547408107
2026-08-18 11:03:45,7550.0,7569.75,Call DEX 3,DEX,144.135,8001.808547408107,8001.808547408107
2026-08-18 11:03:45,7550.0,7569.75,Call VEX 4,VEX,610881.373,8001.808547408107,8001.808547408107
2026-08-18 11:03:45,7600.0,7620.0,Call CEX 3,CEX,1942135.573,8001.808547408107,8001.808547408107
2026-08-18 11:03:45,7600.0,7620.0,Call DEX 2,DEX,190.572,8001.808547408107,8001.808547408107
2026-08-18 11:03:45,7600.0,7620.0,Call VEX 1,VEX,1056789.511,8001.808547408107,8001.808547408107
2026-08-18 11:03:45,7635.0,7655.0,Call CEX 1,CEX,3607071.262,8001.808547408107,8001.808547408107
2026-08-18 11:03:45,7650.0,7670.0,Call CEX 2,CEX,2443671.085,8001.808547408107,8001.808547408107
2026-08-18 11:03:45,7650.0,7670.0,Call DEX 5,DEX,66.489,8001.808547408107,8001.808547408107
2026-08-18 11:03:45,7650.0,7670.0,Call VEX 5,VEX,549097.109,8001.808547408107,8001.808547408107
2026-08-18 11:03:45,7675.0,7695.25,Call CEX 5,CEX,1460530.022,8001.808547408107,8001.808547408107
2026-08-18 11:03:45,7685.0,7705.25,Put GEX 4,GEX,-318520.091,8001.808547408107,8001.808547408107
2026-08-18 11:03:45,7690.0,7710.25,Put GEX 3,GEX,-344556.709,8001.808547408107,8001.808547408107
2026-08-18 11:03:45,7695.0,7715.25,Put GEX 2,GEX,-397098.05,8001.808547408107,8001.808547408107
2026-08-18 11:03:45,7700.0,7720.25,Put CEX 2,CEX,-1885508.965,8001.808547408107,8001.808547408107
2026-08-18 11:03:45,7700.0,7720.25,Put GEX 1,GEX,-695164.55,8001.808547408107,8001.808547408107
2026-08-18 11:03:45,7705.0,7725.25,Put CEX 5,CEX,-914871.132,8001.808547408107,8001.808547408107
2026-08-18 11:03:45,7720.0,7740.25,Put GEX 5,GEX,-284793.182,8001.808547408107,8001.808547408107
2026-08-18 11:03:45,7725.0,7745.25,Put VEX 5,VEX,-202150.896,8001.808547408107,8001.808547408107
2026-08-18 11:03:45,7735.0,7755.25,Put DEX 5,DEX,-46.995,8001.808547408107,8001.808547408107
2026-08-18 11:03:45,7750.0,7770.25,Put CEX 3,CEX,-1822557.496,8001.808547408107,8001.808547408107
2026-08-18 11:03:45,7750.0,7770.25,Put DEX 4,DEX,-91.997,8001.808547408107,8001.808547408107
2026-08-18 11:03:45,7750.0,7770.25,Put VEX 3,VEX,-616083.714,8001.808547408107,8001.808547408107
2026-08-18 11:03:45,7775.0,7795.5,Call GEX 1,GEX,208117.019,8001.808547408107,8001.808547408107
2026-08-18 11:03:45,7775.0,7795.5,Put VEX 4,VEX,-320122.864,8001.808547408107,8001.808547408107
2026-08-18 11:03:45,7800.0,7820.5,Put CEX 4,CEX,-1533720.54,8001.808547408107,8001.808547408107
2026-08-18 11:03:45,7800.0,7820.5,Put DEX 2,DEX,-110.088,8001.808547408107,8001.808547408107
2026-08-18 11:03:45,7800.0,7820.5,Call GEX 2,GEX,184006.463,8001.808547408107,8001.808547408107
2026-08-18 11:03:45,7800.0,7820.5,Put VEX 2,VEX,-680635.69,8001.808547408107,8001.808547408107
2026-08-18 11:03:45,7825.0,7845.5,Call GEX 3,GEX,91383.39,8001.808547408107,8001.808547408107
2026-08-18 11:03:45,7850.0,7870.5,Call GEX 4,GEX,87959.319,8001.808547408107,8001.808547408107
2026-08-18 11:03:45,7900.0,7920.75,Call GEX 5,GEX,87790.146,8001.808547408107,8001.808547408107
2026-08-18 11:03:45,8000.0,8021.0,Put CEX 1,CEX,-2102899.862,8001.808547408107,8001.808547408107
2026-08-18 11:03:45,8000.0,8021.0,Put DEX 1,DEX,-1026.105,8001.808547408107,8001.808547408107
2026-08-18 11:03:45,8000.0,8021.0,Put VEX 1,VEX,-1112093.244,8001.808547408107,8001.808547408107
2026-08-18 11:03:45,8500.0,8522.25,Put DEX 3,DEX,-106.777,8001.808547408107,8001.808547408107
2026-08-18 11:04:34,7400.0,7419.5,Call VEX 3,VEX,625608.792,8002.028245945658,8002.028245945658
2026-08-18 11:04:34,7450.0,7469.75,Call DEX 4,DEX,93.851,8002.028245945658,8002.028245945658
2026-08-18 11:04:34,7500.0,7519.75,Call CEX 5,CEX,1445276.992,8002.028245945658,8002.028245945658
2026-08-18 11:04:34,7500.0,7519.75,Call DEX 1,DEX,313.833,8002.028245945658,8002.028245945658
2026-08-18 11:04:34,7500.0,7519.75,Call VEX 2,VEX,878075.394,8002.028245945658,8002.028245945658
2026-08-18 11:04:34,7550.0,7570.0,Call DEX 3,DEX,143.303,8002.028245945658,8002.028245945658
2026-08-18 11:04:34,7550.0,7570.0,Call VEX 4,VEX,607908.174,8002.028245945658,8002.028245945658
2026-08-18 11:04:34,7600.0,7620.0,Call CEX 3,CEX,1941790.414,8002.028245945658,8002.028245945658
2026-08-18 11:04:34,7600.0,7620.0,Call DEX 2,DEX,190.845,8002.028245945658,8002.028245945658
2026-08-18 11:04:34,7600.0,7620.0,Call VEX 1,VEX,1056139.953,8002.028245945658,8002.028245945658
2026-08-18 11:04:34,7635.0,7655.0,Call CEX 1,CEX,3617417.342,8002.028245945658,8002.028245945658
2026-08-18 11:04:34,7650.0,7670.25,Call CEX 2,CEX,2446962.361,8002.028245945658,8002.028245945658
2026-08-18 11:04:34,7650.0,7670.25,Call DEX 5,DEX,66.785,8002.028245945658,8002.028245945658
2026-08-18 11:04:34,7650.0,7670.25,Call VEX 5,VEX,550379.887,8002.028245945658,8002.028245945658
2026-08-18 11:04:34,7675.0,7695.25,Call CEX 4,CEX,1458477.031,8002.028245945658,8002.028245945658
2026-08-18 11:04:34,7685.0,7705.25,Put GEX 4,GEX,-316606.641,8002.028245945658,8002.028245945658
2026-08-18 11:04:34,7690.0,7710.25,Put GEX 3,GEX,-341880.253,8002.028245945658,8002.028245945658
2026-08-18 11:04:34,7695.0,7715.25,Put GEX 2,GEX,-397351.253,8002.028245945658,8002.028245945658
2026-08-18 11:04:34,7700.0,7720.25,Put CEX 3,CEX,-1821607.277,8002.028245945658,8002.028245945658
2026-08-18 11:04:34,7700.0,7720.25,Put GEX 1,GEX,-693940.301,8002.028245945658,8002.028245945658
2026-08-18 11:04:34,7710.0,7730.25,Put CEX 5,CEX,-1054301.288,8002.028245945658,8002.028245945658
2026-08-18 11:04:34,7720.0,7740.25,Put GEX 5,GEX,-286030.971,8002.028245945658,8002.028245945658
2026-08-18 11:04:34,7725.0,7745.25,Put VEX 5,VEX,-201116.299,8002.028245945658,8002.028245945658
2026-08-18 11:04:34,7735.0,7755.5,Put DEX 5,DEX,-46.958,8002.028245945658,8002.028245945658
2026-08-18 11:04:34,7750.0,7770.5,Put CEX 2,CEX,-1826206.702,8002.028245945658,8002.028245945658
2026-08-18 11:04:34,7750.0,7770.5,Put DEX 4,DEX,-91.689,8002.028245945658,8002.028245945658
2026-08-18 11:04:34,7750.0,7770.5,Put VEX 3,VEX,-615690.17,8002.028245945658,8002.028245945658
2026-08-18 11:04:34,7775.0,7795.5,Call GEX 1,GEX,208678.947,8002.028245945658,8002.028245945658
2026-08-18 11:04:34,7775.0,7795.5,Put VEX 4,VEX,-320657.966,8002.028245945658,8002.028245945658
2026-08-18 11:04:34,7800.0,7820.5,Put CEX 4,CEX,-1440331.796,8002.028245945658,8002.028245945658
2026-08-18 11:04:34,7800.0,7820.5,Put DEX 2,DEX,-109.667,8002.028245945658,8002.028245945658
2026-08-18 11:04:34,7800.0,7820.5,Call GEX 2,GEX,181051.263,8002.028245945658,8002.028245945658
2026-08-18 11:04:34,7800.0,7820.5,Put VEX 2,VEX,-681932.43,8002.028245945658,8002.028245945658
2026-08-18 11:04:34,7825.0,7845.5,Call GEX 3,GEX,90824.098,8002.028245945658,8002.028245945658
2026-08-18 11:04:34,7850.0,7870.75,Call GEX 5,GEX,87784.784,8002.028245945658,8002.028245945658
2026-08-18 11:04:34,7900.0,7920.75,Call GEX 4,GEX,88223.376,8002.028245945658,8002.028245945658
2026-08-18 11:04:34,8000.0,8021.0,Put CEX 1,CEX,-2170946.583,8002.028245945658,8002.028245945658
2026-08-18 11:04:34,8000.0,8021.0,Put DEX 1,DEX,-1024.876,8002.028245945658,8002.028245945658
2026-08-18 11:04:34,8000.0,8021.0,Put VEX 1,VEX,-1144429.074,8002.028245945658,8002.028245945658
2026-08-18 11:04:34,8500.0,8522.5,Put DEX 3,DEX,-106.715,8002.028245945658,8002.028245945658
2026-08-18 11:05:22,5000.0,5013.25,Call DEX 5,DEX,186.283,7700.110094982082,7700.110094982082
2026-08-18 11:05:22,6000.0,6016.0,Call DEX 3,DEX,255.574,7700.110094982082,7700.110094982082
2026-08-18 11:05:22,7000.0,7018.5,Call DEX 1,DEX,1032.126,7700.110094982082,7700.110094982082
2026-08-18 11:05:22,7400.0,7419.5,Call VEX 3,VEX,680482.464,7700.110094982082,7700.110094982082
2026-08-18 11:05:22,7500.0,7520.0,Call CEX 4,CEX,1618626.072,7700.110094982082,7700.110094982082
2026-08-18 11:05:22,7500.0,7520.0,Call DEX 2,DEX,309.986,7700.110094982082,7700.110094982082
2026-08-18 11:05:22,7500.0,7520.0,Call VEX 2,VEX,968126.904,7700.110094982082,7700.110094982082
2026-08-18 11:05:22,7550.0,7570.0,Call CEX 5,CEX,1452056.858,7700.110094982082,7700.110094982082
2026-08-18 11:05:22,7550.0,7570.0,Call VEX 4,VEX,627148.511,7700.110094982082,7700.110094982082
2026-08-18 11:05:22,7600.0,7620.25,Call CEX 3,CEX,1993160.704,7700.110094982082,7700.110094982082
2026-08-18 11:05:22,7600.0,7620.25,Call DEX 4,DEX,188.852,7700.110094982082,7700.110094982082
2026-08-18 11:05:22,7600.0,7620.25,Call VEX 1,VEX,1060781.381,7700.110094982082,7700.110094982082
2026-08-18 11:05:22,7635.0,7655.25,Call CEX 1,CEX,3319626.359,7700.110094982082,7700.110094982082
2026-08-18 11:05:22,7650.0,7670.25,Call CEX 2,CEX,2379677.264,7700.110094982082,7700.110094982082
2026-08-18 11:05:22,7650.0,7670.25,Call VEX 5,VEX,546279.364,7700.110094982082,7700.110094982082
2026-08-18 11:05:22,7685.0,7705.5,Put GEX 4,GEX,-324310.961,7700.110094982082,7700.110094982082
2026-08-18 11:05:22,7690.0,7710.5,Put GEX 3,GEX,-363481.503,7700.110094982082,7700.110094982082
2026-08-18 11:05:22,7695.0,7715.5,Put GEX 2,GEX,-436292.113,7700.110094982082,7700.110094982082
2026-08-18 11:05:22,7700.0,7720.5,Put CEX 1,CEX,-2083743.403,7700.110094982082,7700.110094982082
2026-08-18 11:05:22,7700.0,7720.5,Put GEX 1,GEX,-833696.398,7700.110094982082,7700.110094982082
2026-08-18 11:05:22,7720.0,7740.5,Put GEX 5,GEX,-298499.025,7700.110094982082,7700.110094982082
2026-08-18 11:05:22,7725.0,7745.5,Put VEX 5,VEX,-203262.355,7700.110094982082,7700.110094982082
2026-08-18 11:05:22,7735.0,7755.5,Put DEX 5,DEX,-47.717,7700.110094982082,7700.110094982082
2026-08-18 11:05:22,7750.0,7770.5,Put CEX 2,CEX,-1794747.054,7700.110094982082,7700.110094982082
2026-08-18 11:05:22,7750.0,7770.5,Put DEX 4,DEX,-93.543,7700.110094982082,7700.110094982082
2026-08-18 11:05:22,7750.0,7770.5,Put VEX 3,VEX,-611372.473,7700.110094982082,7700.110094982082
2026-08-18 11:05:22,7775.0,7795.5,Put CEX 5,CEX,-898516.11,7700.110094982082,7700.110094982082
2026-08-18 11:05:22,7775.0,7795.5,Call GEX 1,GEX,212790.092,7700.110094982082,7700.110094982082
2026-08-18 11:05:22,7775.0,7795.5,Put VEX 4,VEX,-316921.447,7700.110094982082,7700.110094982082
2026-08-18 11:05:22,7800.0,7820.75,Put CEX 3,CEX,-1372084.01,7700.110094982082,7700.110094982082
2026-08-18 11:05:22,7800.0,7820.75,Put DEX 3,DEX,-107.482,7700.110094982082,7700.110094982082
2026-08-18 11:05:22,7800.0,7820.75,Call GEX 2,GEX,207748.846,7700.110094982082,7700.110094982082
2026-08-18 11:05:22,7800.0,7820.75,Put VEX 2,VEX,-656659.731,7700.110094982082,7700.110094982082
2026-08-18 11:05:22,7825.0,7845.75,Call GEX 3,GEX,91738.413,7700.110094982082,7700.110094982082
2026-08-18 11:05:22,7850.0,7870.75,Call GEX 4,GEX,88669.41,7700.110094982082,7700.110094982082
2026-08-18 11:05:22,7900.0,7921.0,Call GEX 5,GEX,88322.471,7700.110094982082,7700.110094982082
2026-08-18 11:05:22,8000.0,8021.25,Put CEX 4,CEX,-1211928.767,7700.110094982082,7700.110094982082
2026-08-18 11:05:22,8000.0,8021.25,Put DEX 1,DEX,-1026.654,7700.110094982082,7700.110094982082
2026-08-18 11:05:22,8000.0,8021.25,Put VEX 1,VEX,-664828.919,7700.110094982082,7700.110094982082
2026-08-18 11:05:22,8500.0,8522.5,Put DEX 2,DEX,-107.595,7700.110094982082,7700.110094982082
2026-08-18 11:06:13,7400.0,7419.25,Call VEX 3,VEX,623751.398,8002.354918323901,8002.354918323901
2026-08-18 11:06:13,7450.0,7469.5,Call DEX 4,DEX,93.952,8002.354918323901,8002.354918323901
2026-08-18 11:06:13,7500.0,7519.5,Call CEX 5,CEX,1441573.188,8002.354918323901,8002.354918323901
2026-08-18 11:06:13,7500.0,7519.5,Call DEX 1,DEX,311.761,8002.354918323901,8002.354918323901
2026-08-18 11:06:13,7500.0,7519.5,Call VEX 2,VEX,878207.814,8002.354918323901,8002.354918323901
2026-08-18 11:06:13,7550.0,7569.75,Call DEX 3,DEX,142.961,8002.354918323901,8002.354918323901
2026-08-18 11:06:13,7550.0,7569.75,Call VEX 4,VEX,606152.919,8002.354918323901,8002.354918323901
2026-08-18 11:06:13,7600.0,7619.75,Call CEX 3,CEX,1927425.804,8002.354918323901,8002.354918323901
2026-08-18 11:06:13,7600.0,7619.75,Call DEX 2,DEX,190.338,8002.354918323901,8002.354918323901
2026-08-18 11:06:13,7600.0,7619.75,Call VEX 1,VEX,1054180.416,8002.354918323901,8002.354918323901
2026-08-18 11:06:13,7635.0,7655.0,Call CEX 1,CEX,3346301.786,8002.354918323901,8002.354918323901
2026-08-18 11:06:13,7650.0,7670.0,Call CEX 2,CEX,2463025.502,8002.354918323901,8002.354918323901
2026-08-18 11:06:13,7650.0,7670.0,Call DEX 5,DEX,65.843,8002.354918323901,8002.354918323901
2026-08-18 11:06:13,7650.0,7670.0,Call VEX 5,VEX,545715.493,8002.354918323901,8002.354918323901
2026-08-18 11:06:13,7675.0,7695.0,Call CEX 4,CEX,1493167.46,8002.354918323901,8002.354918323901
2026-08-18 11:06:13,7685.0,7705.0,Put GEX 4,GEX,-324195.519,8002.354918323901,8002.354918323901
2026-08-18 11:06:13,7690.0,7710.0,Put GEX 3,GEX,-346979.813,8002.354918323901,8002.354918323901
2026-08-18 11:06:13,7695.0,7715.0,Put GEX 2,GEX,-395175.84,8002.354918323901,8002.354918323901
2026-08-18 11:06:13,7700.0,7720.0,Put CEX 2,CEX,-2079806.077,8002.354918323901,8002.354918323901
2026-08-18 11:06:13,7700.0,7720.0,Put GEX 1,GEX,-653367.939,8002.354918323901,8002.354918323901
2026-08-18 11:06:13,7710.0,7730.0,Put CEX 5,CEX,-1305897.465,8002.354918323901,8002.354918323901
2026-08-18 11:06:13,7720.0,7740.0,Put GEX 5,GEX,-282028.386,8002.354918323901,8002.354918323901
2026-08-18 11:06:13,7725.0,7745.0,Put VEX 5,VEX,-205378.36,8002.354918323901,8002.354918323901
2026-08-18 11:06:13,7735.0,7755.25,Put DEX 5,DEX,-47.231,8002.354918323901,8002.354918323901
2026-08-18 11:06:13,7750.0,7770.25,Put CEX 3,CEX,-1830629.484,8002.354918323901,8002.354918323901
2026-08-18 11:06:13,7750.0,7770.25,Put DEX 4,DEX,-92.317,8002.354918323901,8002.354918323901
2026-08-18 11:06:13,7750.0,7770.25,Put VEX 3,VEX,-618959.088,8002.354918323901,8002.354918323901
2026-08-18 11:06:13,7775.0,7795.25,Call GEX 1,GEX,204983.519,8002.354918323901,8002.354918323901
2026-08-18 11:06:13,7775.0,7795.25,Put VEX 4,VEX,-320345.046,8002.354918323901,8002.354918323901
2026-08-18 11:06:13,7800.0,7820.25,Put CEX 4,CEX,-1437698.885,8002.354918323901,8002.354918323901
2026-08-18 11:06:13,7800.0,7820.25,Put DEX 2,DEX,-109.841,8002.354918323901,8002.354918323901
2026-08-18 11:06:13,7800.0,7820.25,Call GEX 2,GEX,174720.119,8002.354918323901,8002.354918323901
2026-08-18 11:06:13,7800.0,7820.25,Put VEX 2,VEX,-681880.724,8002.354918323901,8002.354918323901
2026-08-18 11:06:13,7825.0,7845.5,Call GEX 3,GEX,90333.727,8002.354918323901,8002.354918323901
2026-08-18 11:06:13,7850.0,7870.5,Call GEX 5,GEX,87227.423,8002.354918323901,8002.354918323901
2026-08-18 11:06:13,7900.0,7920.5,Call GEX 4,GEX,87365.802,8002.354918323901,8002.354918323901
2026-08-18 11:06:13,8000.0,8020.75,Put CEX 1,CEX,-2338905.623,8002.354918323901,8002.354918323901
2026-08-18 11:06:13,8000.0,8020.75,Put DEX 1,DEX,-1021.353,8002.354918323901,8002.354918323901
2026-08-18 11:06:13,8000.0,8020.75,Put VEX 1,VEX,-1226924.041,8002.354918323901,8002.354918323901
2026-08-18 11:06:13,8500.0,8522.25,Put DEX 3,DEX,-106.597,8002.354918323901,8002.354918323901
2026-08-18 11:07:03,7400.0,7419.5,Call VEX 3,VEX,625538.166,8002.419818684778,8002.419818684778
2026-08-18 11:07:03,7450.0,7469.5,Call DEX 4,DEX,93.758,8002.419818684778,8002.419818684778
2026-08-18 11:07:03,7500.0,7519.75,Call CEX 5,CEX,1471978.816,8002.419818684778,8002.419818684778
2026-08-18 11:07:03,7500.0,7519.75,Call DEX 1,DEX,311.104,8002.419818684778,8002.419818684778
2026-08-18 11:07:03,7500.0,7519.75,Call VEX 2,VEX,893607.091,8002.419818684778,8002.419818684778
2026-08-18 11:07:03,7550.0,7569.75,Call DEX 3,DEX,144.381,8002.419818684778,8002.419818684778
2026-08-18 11:07:03,7550.0,7569.75,Call VEX 4,VEX,606855.462,8002.419818684778,8002.419818684778
2026-08-18 11:07:03,7600.0,7620.0,Call CEX 3,CEX,1937029.089,8002.419818684778,8002.419818684778
2026-08-18 11:07:03,7600.0,7620.0,Call DEX 2,DEX,190.025,8002.419818684778,8002.419818684778
2026-08-18 11:07:03,7600.0,7620.0,Call VEX 1,VEX,1055630.721,8002.419818684778,8002.419818684778
2026-08-18 11:07:03,7635.0,7655.0,Call CEX 1,CEX,3971837.507,8002.419818684778,8002.419818684778
2026-08-18 11:07:03,7650.0,7670.0,Call CEX 2,CEX,2471873.676,8002.419818684778,8002.419818684778
2026-08-18 11:07:03,7650.0,7670.0,Call DEX 5,DEX,65.806,8002.419818684778,8002.419818684778
2026-08-18 11:07:03,7650.0,7670.0,Call VEX 5,VEX,545637.62,8002.419818684778,8002.419818684778
2026-08-18 11:07:03,7675.0,7695.25,Call CEX 4,CEX,1498869.294,8002.419818684778,8002.419818684778
2026-08-18 11:07:03,7685.0,7705.25,Put GEX 4,GEX,-323379.234,8002.419818684778,8002.419818684778
2026-08-18 11:07:03,7690.0,7710.25,Put GEX 3,GEX,-345598.312,8002.419818684778,8002.419818684778
2026-08-18 11:07:03,7695.0,7715.25,Put GEX 2,GEX,-392835.149,8002.419818684778,8002.419818684778
2026-08-18 11:07:03,7700.0,7720.25,Put CEX 2,CEX,-2065158.417,8002.419818684778,8002.419818684778
2026-08-18 11:07:03,7700.0,7720.25,Put GEX 1,GEX,-655803.852,8002.419818684778,8002.419818684778
2026-08-18 11:07:03,7710.0,7730.25,Put CEX 5,CEX,-1078655.38,8002.419818684778,8002.419818684778
2026-08-18 11:07:03,7720.0,7740.25,Put GEX 5,GEX,-283630.536,8002.419818684778,8002.419818684778
2026-08-18 11:07:03,7725.0,7745.25,Put VEX 5,VEX,-205198.342,8002.419818684778,8002.419818684778
2026-08-18 11:07:03,7735.0,7755.25,Put DEX 5,DEX,-47.275,8002.419818684778,8002.419818684778
2026-08-18 11:07:03,7750.0,7770.25,Put CEX 3,CEX,-1825381.488,8002.419818684778,8002.419818684778
2026-08-18 11:07:03,7750.0,7770.25,Put DEX 4,DEX,-92.59,8002.419818684778,8002.419818684778
2026-08-18 11:07:03,7750.0,7770.25,Put VEX 3,VEX,-617508.649,8002.419818684778,8002.419818684778
2026-08-18 11:07:03,7775.0,7795.5,Call GEX 1,GEX,205859.188,8002.419818684778,8002.419818684778
2026-08-18 11:07:03,7775.0,7795.5,Put VEX 4,VEX,-319841.791,8002.419818684778,8002.419818684778
2026-08-18 11:07:03,7800.0,7820.5,Put CEX 4,CEX,-1433357.39,8002.419818684778,8002.419818684778
2026-08-18 11:07:03,7800.0,7820.5,Put DEX 2,DEX,-110.133,8002.419818684778,8002.419818684778
2026-08-18 11:07:03,7800.0,7820.5,Call GEX 2,GEX,177263.878,8002.419818684778,8002.419818684778
2026-08-18 11:07:03,7800.0,7820.5,Put VEX 2,VEX,-679537.676,8002.419818684778,8002.419818684778
2026-08-18 11:07:03,7825.0,7845.5,Call GEX 3,GEX,90287.084,8002.419818684778,8002.419818684778
2026-08-18 11:07:03,7850.0,7870.75,Call GEX 5,GEX,86656.633,8002.419818684778,8002.419818684778
2026-08-18 11:07:03,7900.0,7920.75,Call GEX 4,GEX,86851.285,8002.419818684778,8002.419818684778
2026-08-18 11:07:03,8000.0,8021.0,Put CEX 1,CEX,-2314875.173,8002.419818684778,8002.419818684778
2026-08-18 11:07:03,8000.0,8021.0,Put DEX 1,DEX,-1021.849,8002.419818684778,8002.419818684778
2026-08-18 11:07:03,8000.0,8021.0,Put VEX 1,VEX,-1215577.468,8002.419818684778,8002.419818684778
2026-08-18 11:07:03,8500.0,8522.25,Put DEX 3,DEX,-106.622,8002.419818684778,8002.419818684778
2026-08-18 11:07:51,7400.0,7419.0,Call VEX 3,VEX,625538.166,8002.419818684778,8002.419818684778
2026-08-18 11:07:51,7450.0,7469.25,Call DEX 4,DEX,93.758,8002.419818684778,8002.419818684778
2026-08-18 11:07:51,7500.0,7519.25,Call CEX 5,CEX,1471978.816,8002.419818684778,8002.419818684778
2026-08-18 11:07:51,7500.0,7519.25,Call DEX 1,DEX,311.104,8002.419818684778,8002.419818684778
2026-08-18 11:07:51,7500.0,7519.25,Call VEX 2,VEX,893607.091,8002.419818684778,8002.419818684778
2026-08-18 11:07:51,7550.0,7569.5,Call DEX 3,DEX,144.381,8002.419818684778,8002.419818684778
2026-08-18 11:07:51,7550.0,7569.5,Call VEX 4,VEX,606855.462,8002.419818684778,8002.419818684778
2026-08-18 11:07:51,7600.0,7619.5,Call CEX 3,CEX,1937029.089,8002.419818684778,8002.419818684778
2026-08-18 11:07:51,7600.0,7619.5,Call DEX 2,DEX,190.025,8002.419818684778,8002.419818684778
2026-08-18 11:07:51,7600.0,7619.5,Call VEX 1,VEX,1055630.721,8002.419818684778,8002.419818684778
2026-08-18 11:07:51,7635.0,7654.75,Call CEX 1,CEX,3971837.507,8002.419818684778,8002.419818684778
2026-08-18 11:07:51,7650.0,7669.75,Call CEX 2,CEX,2471873.676,8002.419818684778,8002.419818684778
2026-08-18 11:07:51,7650.0,7669.75,Call DEX 5,DEX,65.806,8002.419818684778,8002.419818684778
2026-08-18 11:07:51,7650.0,7669.75,Call VEX 5,VEX,545637.62,8002.419818684778,8002.419818684778
2026-08-18 11:07:51,7675.0,7694.75,Call CEX 4,CEX,1498869.294,8002.419818684778,8002.419818684778
2026-08-18 11:07:51,7685.0,7704.75,Put GEX 4,GEX,-323379.234,8002.419818684778,8002.419818684778
2026-08-18 11:07:51,7690.0,7709.75,Put GEX 3,GEX,-345598.312,8002.419818684778,8002.419818684778
2026-08-18 11:07:51,7695.0,7714.75,Put GEX 2,GEX,-392835.149,8002.419818684778,8002.419818684778
2026-08-18 11:07:51,7700.0,7719.75,Put CEX 2,CEX,-2065158.417,8002.419818684778,8002.419818684778
2026-08-18 11:07:51,7700.0,7719.75,Put GEX 1,GEX,-655803.852,8002.419818684778,8002.419818684778
2026-08-18 11:07:51,7710.0,7730.0,Put CEX 5,CEX,-1078655.38,8002.419818684778,8002.419818684778
2026-08-18 11:07:51,7720.0,7740.0,Put GEX 5,GEX,-283630.536,8002.419818684778,8002.419818684778
2026-08-18 11:07:51,7725.0,7745.0,Put VEX 5,VEX,-205198.342,8002.419818684778,8002.419818684778
2026-08-18 11:07:51,7735.0,7755.0,Put DEX 5,DEX,-47.275,8002.419818684778,8002.419818684778
2026-08-18 11:07:51,7750.0,7770.0,Put CEX 3,CEX,-1825381.488,8002.419818684778,8002.419818684778
2026-08-18 11:07:51,7750.0,7770.0,Put DEX 4,DEX,-92.59,8002.419818684778,8002.419818684778
2026-08-18 11:07:51,7750.0,7770.0,Put VEX 3,VEX,-617508.649,8002.419818684778,8002.419818684778
2026-08-18 11:07:51,7775.0,7795.0,Call GEX 1,GEX,205859.188,8002.419818684778,8002.419818684778
2026-08-18 11:07:51,7775.0,7795.0,Put VEX 4,VEX,-319841.791,8002.419818684778,8002.419818684778
2026-08-18 11:07:51,7800.0,7820.0,Put CEX 4,CEX,-1433357.39,8002.419818684778,8002.419818684778
2026-08-18 11:07:51,7800.0,7820.0,Put DEX 2,DEX,-110.133,8002.419818684778,8002.419818684778
2026-08-18 11:07:51,7800.0,7820.0,Call GEX 2,GEX,177263.878,8002.419818684778,8002.419818684778
2026-08-18 11:07:51,7800.0,7820.0,Put VEX 2,VEX,-679537.676,8002.419818684778,8002.419818684778
2026-08-18 11:07:51,7825.0,7845.25,Call GEX 3,GEX,90287.084,8002.419818684778,8002.419818684778
2026-08-18 11:07:51,7850.0,7870.25,Call GEX 5,GEX,86656.633,8002.419818684778,8002.419818684778
2026-08-18 11:07:51,7900.0,7920.5,Call GEX 4,GEX,86851.285,8002.419818684778,8002.419818684778
2026-08-18 11:07:51,8000.0,8020.75,Put CEX 1,CEX,-2314875.173,8002.419818684778,8002.419818684778
2026-08-18 11:07:51,8000.0,8020.75,Put DEX 1,DEX,-1021.849,8002.419818684778,8002.419818684778
2026-08-18 11:07:51,8000.0,8020.75,Put VEX 1,VEX,-1215577.468,8002.419818684778,8002.419818684778
2026-08-18 11:07:51,8500.0,8522.0,Put DEX 3,DEX,-106.622,8002.419818684778,8002.419818684778
2026-08-18 11:08:44,7400.0,7419.5,Call DEX 4,DEX,95.122,8001.300030311244,8001.300030311244
2026-08-18 11:08:44,7400.0,7419.5,Call VEX 3,VEX,646728.269,8001.300030311244,8001.300030311244
2026-08-18 11:08:44,7450.0,7469.75,Call DEX 5,DEX,94.161,8001.300030311244,8001.300030311244
2026-08-18 11:08:44,7500.0,7519.75,Call CEX 5,CEX,1478132.537,8001.300030311244,8001.300030311244
2026-08-18 11:08:44,7500.0,7519.75,Call DEX 1,DEX,313.817,8001.300030311244,8001.300030311244
2026-08-18 11:08:44,7500.0,7519.75,Call VEX 2,VEX,893634.09,8001.300030311244,8001.300030311244
2026-08-18 11:08:44,7550.0,7570.0,Call DEX 3,DEX,144.109,8001.300030311244,8001.300030311244
2026-08-18 11:08:44,7550.0,7570.0,Call VEX 4,VEX,611208.531,8001.300030311244,8001.300030311244
2026-08-18 11:08:44,7600.0,7620.0,Call CEX 3,CEX,1966224.965,8001.300030311244,8001.300030311244
2026-08-18 11:08:44,7600.0,7620.0,Call DEX 2,DEX,190.042,8001.300030311244,8001.300030311244
2026-08-18 11:08:44,7600.0,7620.0,Call VEX 1,VEX,1056672.414,8001.300030311244,8001.300030311244
2026-08-18 11:08:44,7635.0,7655.25,Call CEX 1,CEX,3712142.849,8001.300030311244,8001.300030311244
2026-08-18 11:08:44,7650.0,7670.25,Call CEX 2,CEX,2494828.103,8001.300030311244,8001.300030311244
2026-08-18 11:08:44,7650.0,7670.25,Call VEX 5,VEX,546794.435,8001.300030311244,8001.300030311244
2026-08-18 11:08:44,7675.0,7695.25,Call CEX 4,CEX,1491772.86,8001.300030311244,8001.300030311244
2026-08-18 11:08:44,7685.0,7705.25,Put GEX 4,GEX,-326159.257,8001.300030311244,8001.300030311244
2026-08-18 11:08:44,7690.0,7710.25,Put GEX 3,GEX,-355064.836,8001.300030311244,8001.300030311244
2026-08-18 11:08:44,7695.0,7715.25,Put GEX 2,GEX,-411521.685,8001.300030311244,8001.300030311244
2026-08-18 11:08:44,7700.0,7720.25,Put CEX 1,CEX,-2139904.398,8001.300030311244,8001.300030311244
2026-08-18 11:08:44,7700.0,7720.25,Put GEX 1,GEX,-715300.651,8001.300030311244,8001.300030311244
2026-08-18 11:08:44,7705.0,7725.5,Put CEX 5,CEX,-945316.856,8001.300030311244,8001.300030311244
2026-08-18 11:08:44,7720.0,7740.5,Put GEX 5,GEX,-287140.553,8001.300030311244,8001.300030311244
2026-08-18 11:08:44,7725.0,7745.5,Put VEX 5,VEX,-205081.129,8001.300030311244,8001.300030311244
2026-08-18 11:08:44,7735.0,7755.5,Put DEX 5,DEX,-47.307,8001.300030311244,8001.300030311244
2026-08-18 11:08:44,7750.0,7770.5,Put CEX 3,CEX,-1827116.164,8001.300030311244,8001.300030311244
2026-08-18 11:08:44,7750.0,7770.5,Put DEX 4,DEX,-92.757,8001.300030311244,8001.300030311244
2026-08-18 11:08:44,7750.0,7770.5,Put VEX 3,VEX,-617284.955,8001.300030311244,8001.300030311244
2026-08-18 11:08:44,7775.0,7795.5,Call GEX 1,GEX,206519.459,8001.300030311244,8001.300030311244
2026-08-18 11:08:44,7775.0,7795.5,Put VEX 4,VEX,-319234.812,8001.300030311244,8001.300030311244
2026-08-18 11:08:44,7800.0,7820.75,Put CEX 4,CEX,-1426363.959,8001.300030311244,8001.300030311244
2026-08-18 11:08:44,7800.0,7820.75,Put DEX 2,DEX,-110.427,8001.300030311244,8001.300030311244
2026-08-18 11:08:44,7800.0,7820.75,Call GEX 2,GEX,180657.395,8001.300030311244,8001.300030311244
2026-08-18 11:08:44,7800.0,7820.75,Put VEX 2,VEX,-676321.999,8001.300030311244,8001.300030311244
2026-08-18 11:08:44,7825.0,7845.75,Call GEX 3,GEX,91033.187,8001.300030311244,8001.300030311244
2026-08-18 11:08:44,7850.0,7870.75,Call GEX 4,GEX,87558.733,8001.300030311244,8001.300030311244
2026-08-18 11:08:44,7900.0,7921.0,Call GEX 5,GEX,86972.145,8001.300030311244,8001.300030311244
2026-08-18 11:08:44,8000.0,8021.25,Put CEX 2,CEX,-2018981.922,8001.300030311244,8001.300030311244
2026-08-18 11:08:44,8000.0,8021.25,Put DEX 1,DEX,-1027.686,8001.300030311244,8001.300030311244
2026-08-18 11:08:44,8000.0,8021.25,Put VEX 1,VEX,-1068083.147,8001.300030311244,8001.300030311244
2026-08-18 11:08:44,8500.0,8522.5,Put DEX 3,DEX,-106.943,8001.300030311244,8001.300030311244
2026-08-18 11:09:40,6450.0,6466.75,Call DEX 5,DEX,65.367,8002.500997859667,8002.500997859667
2026-08-18 11:09:40,7400.0,7419.25,Call VEX 3,VEX,623967.415,8002.500997859667,8002.500997859667
2026-08-18 11:09:40,7500.0,7519.5,Call CEX 5,CEX,1455464.786,8002.500997859667,8002.500997859667
2026-08-18 11:09:40,7500.0,7519.5,Call DEX 1,DEX,311.352,8002.500997859667,8002.500997859667
2026-08-18 11:09:40,7500.0,7519.5,Call VEX 2,VEX,886674.875,8002.500997859667,8002.500997859667
2026-08-18 11:09:40,7550.0,7569.5,Call DEX 3,DEX,143.23,8002.500997859667,8002.500997859667
2026-08-18 11:09:40,7550.0,7569.5,Call VEX 4,VEX,602144.189,8002.500997859667,8002.500997859667
2026-08-18 11:09:40,7600.0,7619.75,Call CEX 3,CEX,1920560.658,8002.500997859667,8002.500997859667
2026-08-18 11:09:40,7600.0,7619.75,Call DEX 2,DEX,190.402,8002.500997859667,8002.500997859667
2026-08-18 11:09:40,7600.0,7619.75,Call VEX 1,VEX,1053889.539,8002.500997859667,8002.500997859667
2026-08-18 11:09:40,7635.0,7654.75,Call CEX 1,CEX,3734761.287,8002.500997859667,8002.500997859667
2026-08-18 11:09:40,7650.0,7669.75,Call CEX 2,CEX,2492324.01,8002.500997859667,8002.500997859667
2026-08-18 11:09:40,7650.0,7669.75,Call DEX 4,DEX,65.795,8002.500997859667,8002.500997859667
2026-08-18 11:09:40,7650.0,7669.75,Call VEX 5,VEX,545393.742,8002.500997859667,8002.500997859667
2026-08-18 11:09:40,7675.0,7694.75,Call CEX 4,CEX,1518952.963,8002.500997859667,8002.500997859667
2026-08-18 11:09:40,7685.0,7704.75,Put GEX 4,GEX,-326949.708,8002.500997859667,8002.500997859667
2026-08-18 11:09:40,7690.0,7710.0,Put GEX 3,GEX,-348362.307,8002.500997859667,8002.500997859667
2026-08-18 11:09:40,7695.0,7715.0,Put GEX 2,GEX,-398184.966,8002.500997859667,8002.500997859667
2026-08-18 11:09:40,7700.0,7720.0,Put CEX 2,CEX,-2148631.628,8002.500997859667,8002.500997859667
2026-08-18 11:09:40,7700.0,7720.0,Put GEX 1,GEX,-640144.222,8002.500997859667,8002.500997859667
2026-08-18 11:09:40,7710.0,7730.0,Put CEX 5,CEX,-1398774.047,8002.500997859667,8002.500997859667
2026-08-18 11:09:40,7720.0,7740.0,Put GEX 5,GEX,-279754.72,8002.500997859667,8002.500997859667
2026-08-18 11:09:40,7725.0,7745.0,Put VEX 5,VEX,-206086.476,8002.500997859667,8002.500997859667
2026-08-18 11:09:40,7735.0,7755.0,Put DEX 5,DEX,-47.271,8002.500997859667,8002.500997859667
2026-08-18 11:09:40,7750.0,7770.0,Put CEX 3,CEX,-1837912.971,8002.500997859667,8002.500997859667
2026-08-18 11:09:40,7750.0,7770.0,Put DEX 4,DEX,-92.539,8002.500997859667,8002.500997859667
2026-08-18 11:09:40,7750.0,7770.0,Put VEX 3,VEX,-619879.063,8002.500997859667,8002.500997859667
2026-08-18 11:09:40,7775.0,7795.0,Call GEX 1,GEX,204517.327,8002.500997859667,8002.500997859667
2026-08-18 11:09:40,7775.0,7795.0,Put VEX 4,VEX,-320127.077,8002.500997859667,8002.500997859667
2026-08-18 11:09:40,7800.0,7820.25,Put CEX 4,CEX,-1447457.483,8002.500997859667,8002.500997859667
2026-08-18 11:09:40,7800.0,7820.25,Put DEX 2,DEX,-109.663,8002.500997859667,8002.500997859667
2026-08-18 11:09:40,7800.0,7820.25,Call GEX 2,GEX,172173.991,8002.500997859667,8002.500997859667
2026-08-18 11:09:40,7800.0,7820.25,Put VEX 2,VEX,-683807.542,8002.500997859667,8002.500997859667
2026-08-18 11:09:40,7825.0,7845.25,Call GEX 3,GEX,89890.979,8002.500997859667,8002.500997859667
2026-08-18 11:09:40,7850.0,7870.25,Call GEX 4,GEX,86770.047,8002.500997859667,8002.500997859667
2026-08-18 11:09:40,7900.0,7920.5,Call GEX 5,GEX,86672.532,8002.500997859667,8002.500997859667
2026-08-18 11:09:40,8000.0,8020.75,Put CEX 1,CEX,-2402468.917,8002.500997859667,8002.500997859667
2026-08-18 11:09:40,8000.0,8020.75,Put DEX 1,DEX,-1020.042,8002.500997859667,8002.500997859667
2026-08-18 11:09:40,8000.0,8020.75,Put VEX 1,VEX,-1256334.981,8002.500997859667,8002.500997859667
2026-08-18 11:09:40,8500.0,8522.0,Put DEX 3,DEX,-106.454,8002.500997859667,8002.500997859667
2026-08-18 11:10:32,7400.0,7419.5,Call VEX 3,VEX,630353.952,8002.006693619181,8002.006693619181
2026-08-18 11:10:32,7450.0,7469.5,Call DEX 4,DEX,92.877,8002.006693619181,8002.006693619181
2026-08-18 11:10:32,7500.0,7519.75,Call CEX 5,CEX,1463262.217,8002.006693619181,8002.006693619181
2026-08-18 11:10:32,7500.0,7519.75,Call DEX 1,DEX,312.895,8002.006693619181,8002.006693619181
2026-08-18 11:10:32,7500.0,7519.75,Call VEX 2,VEX,887898.631,8002.006693619181,8002.006693619181
2026-08-18 11:10:32,7550.0,7569.75,Call DEX 3,DEX,143.303,8002.006693619181,8002.006693619181
2026-08-18 11:10:32,7550.0,7569.75,Call VEX 4,VEX,616159.356,8002.006693619181,8002.006693619181
2026-08-18 11:10:32,7600.0,7620.0,Call CEX 3,CEX,1961242.564,8002.006693619181,8002.006693619181
2026-08-18 11:10:32,7600.0,7620.0,Call DEX 2,DEX,188.743,8002.006693619181,8002.006693619181
2026-08-18 11:10:32,7600.0,7620.0,Call VEX 1,VEX,1056052.363,8002.006693619181,8002.006693619181
2026-08-18 11:10:32,7635.0,7655.0,Call CEX 1,CEX,4068099.83,8002.006693619181,8002.006693619181
2026-08-18 11:10:32,7650.0,7670.0,Call CEX 2,CEX,2512799.157,8002.006693619181,8002.006693619181
2026-08-18 11:10:32,7650.0,7670.0,Call DEX 5,DEX,64.751,8002.006693619181,8002.006693619181
2026-08-18 11:10:32,7650.0,7670.0,Call VEX 5,VEX,540516.514,8002.006693619181,8002.006693619181
2026-08-18 11:10:32,7675.0,7695.0,Call CEX 4,CEX,1528785.09,8002.006693619181,8002.006693619181
2026-08-18 11:10:32,7685.0,7705.25,Put GEX 4,GEX,-333988.017,8002.006693619181,8002.006693619181
2026-08-18 11:10:32,7690.0,7710.25,Put GEX 3,GEX,-357487.677,8002.006693619181,8002.006693619181
2026-08-18 11:10:32,7695.0,7715.25,Put GEX 2,GEX,-407119.336,8002.006693619181,8002.006693619181
2026-08-18 11:10:32,7700.0,7720.25,Put CEX 1,CEX,-2410664.027,8002.006693619181,8002.006693619181
2026-08-18 11:10:32,7700.0,7720.25,Put GEX 1,GEX,-666004.57,8002.006693619181,8002.006693619181
2026-08-18 11:10:32,7705.0,7725.25,Put CEX 5,CEX,-955496.521,8002.006693619181,8002.006693619181
2026-08-18 11:10:32,7720.0,7740.25,Put GEX 5,GEX,-280592.249,8002.006693619181,8002.006693619181
2026-08-18 11:10:32,7725.0,7745.25,Put VEX 5,VEX,-209373.189,8002.006693619181,8002.006693619181
2026-08-18 11:10:32,7735.0,7755.25,Put DEX 5,DEX,-47.54,8002.006693619181,8002.006693619181
2026-08-18 11:10:32,7750.0,7770.25,Put CEX 3,CEX,-1831193.86,8002.006693619181,8002.006693619181
2026-08-18 11:10:32,7750.0,7770.25,Put DEX 4,DEX,-93.734,8002.006693619181,8002.006693619181
2026-08-18 11:10:32,7750.0,7770.25,Put VEX 3,VEX,-620807.731,8002.006693619181,8002.006693619181
2026-08-18 11:10:32,7775.0,7795.5,Call GEX 1,GEX,202550.196,8002.006693619181,8002.006693619181
2026-08-18 11:10:32,7775.0,7795.5,Put VEX 4,VEX,-319061.635,8002.006693619181,8002.006693619181
2026-08-18 11:10:32,7800.0,7820.5,Put CEX 4,CEX,-1433119.516,8002.006693619181,8002.006693619181
2026-08-18 11:10:32,7800.0,7820.5,Put DEX 2,DEX,-110.849,8002.006693619181,8002.006693619181
2026-08-18 11:10:32,7800.0,7820.5,Call GEX 2,GEX,174667.596,8002.006693619181,8002.006693619181
2026-08-18 11:10:32,7800.0,7820.5,Put VEX 2,VEX,-674865.558,8002.006693619181,8002.006693619181
2026-08-18 11:10:32,7825.0,7845.5,Call GEX 3,GEX,89635.61,8002.006693619181,8002.006693619181
2026-08-18 11:10:32,7850.0,7870.5,Call GEX 5,GEX,86541.754,8002.006693619181,8002.006693619181
2026-08-18 11:10:32,7900.0,7920.75,Call GEX 4,GEX,86859.742,8002.006693619181,8002.006693619181
2026-08-18 11:10:32,8000.0,8021.0,Put CEX 2,CEX,-2170489.381,8002.006693619181,8002.006693619181
2026-08-18 11:10:32,8000.0,8021.0,Put DEX 1,DEX,-1023.765,8002.006693619181,8002.006693619181
2026-08-18 11:10:32,8000.0,8021.0,Put VEX 1,VEX,-1142677.497,8002.006693619181,8002.006693619181
2026-08-18 11:10:32,8500.0,8522.25,Put DEX 3,DEX,-106.695,8002.006693619181,8002.006693619181
2026-08-18 11:11:25,6500.0,6517.0,Call DEX 5,DEX,62.897,8002.525538118784,8002.525538118784
2026-08-18 11:11:25,7400.0,7419.25,Call VEX 3,VEX,625466.765,8002.525538118784,8002.525538118784
2026-08-18 11:11:25,7500.0,7519.5,Call CEX 5,CEX,1427224.137,8002.525538118784,8002.525538118784
2026-08-18 11:11:25,7500.0,7519.5,Call DEX 1,DEX,311.888,8002.525538118784,8002.525538118784
2026-08-18 11:11:25,7500.0,7519.5,Call VEX 2,VEX,868958.748,8002.525538118784,8002.525538118784
2026-08-18 11:11:25,7550.0,7569.75,Call DEX 3,DEX,142.476,8002.525538118784,8002.525538118784
2026-08-18 11:11:25,7550.0,7569.75,Call VEX 4,VEX,609408.971,8002.525538118784,8002.525538118784
2026-08-18 11:11:25,7600.0,7619.75,Call CEX 3,CEX,1943324.083,8002.525538118784,8002.525538118784
2026-08-18 11:11:25,7600.0,7619.75,Call DEX 2,DEX,189.1,8002.525538118784,8002.525538118784
2026-08-18 11:11:25,7600.0,7619.75,Call VEX 1,VEX,1054924.021,8002.525538118784,8002.525538118784
2026-08-18 11:11:25,7635.0,7655.0,Call CEX 1,CEX,4081741.834,8002.525538118784,8002.525538118784
2026-08-18 11:11:25,7650.0,7670.0,Call CEX 2,CEX,2512933.318,8002.525538118784,8002.525538118784
2026-08-18 11:11:25,7650.0,7670.0,Call DEX 4,DEX,64.979,8002.525538118784,8002.525538118784
2026-08-18 11:11:25,7650.0,7670.0,Call VEX 5,VEX,541377.483,8002.525538118784,8002.525538118784
2026-08-18 11:11:25,7675.0,7695.0,Call CEX 4,CEX,1534235.959,8002.525538118784,8002.525538118784
2026-08-18 11:11:25,7685.0,7705.0,Put GEX 4,GEX,-331647.79,8002.525538118784,8002.525538118784
2026-08-18 11:11:25,7690.0,7710.0,Put GEX 3,GEX,-353708.624,8002.525538118784,8002.525538118784
2026-08-18 11:11:25,7695.0,7715.0,Put GEX 2,GEX,-399451.979,8002.525538118784,8002.525538118784
2026-08-18 11:11:25,7700.0,7720.0,Put CEX 2,CEX,-2335931.008,8002.525538118784,8002.525538118784
2026-08-18 11:11:25,7700.0,7720.0,Put GEX 1,GEX,-636164.193,8002.525538118784,8002.525538118784
2026-08-18 11:11:25,7710.0,7730.25,Put CEX 5,CEX,-1413915.556,8002.525538118784,8002.525538118784
2026-08-18 11:11:25,7720.0,7740.25,Put GEX 5,GEX,-281070.456,8002.525538118784,8002.525538118784
2026-08-18 11:11:25,7725.0,7745.25,Put VEX 5,VEX,-208659.264,8002.525538118784,8002.525538118784
2026-08-18 11:11:25,7735.0,7755.25,Put DEX 5,DEX,-47.383,8002.525538118784,8002.525538118784
2026-08-18 11:11:25,7750.0,7770.25,Put CEX 3,CEX,-1836340.322,8002.525538118784,8002.525538118784
2026-08-18 11:11:25,7750.0,7770.25,Put DEX 4,DEX,-93.3,8002.525538118784,8002.525538118784
2026-08-18 11:11:25,7750.0,7770.25,Put VEX 3,VEX,-620801.512,8002.525538118784,8002.525538118784
2026-08-18 11:11:25,7775.0,7795.25,Call GEX 1,GEX,202378.43,8002.525538118784,8002.525538118784
2026-08-18 11:11:25,7775.0,7795.25,Put VEX 4,VEX,-319382.987,8002.525538118784,8002.525538118784
2026-08-18 11:11:25,7800.0,7820.25,Put CEX 4,CEX,-1435987.819,8002.525538118784,8002.525538118784
2026-08-18 11:11:25,7800.0,7820.25,Put DEX 2,DEX,-110.329,8002.525538118784,8002.525538118784
2026-08-18 11:11:25,7800.0,7820.25,Call GEX 2,GEX,171690.931,8002.525538118784,8002.525538118784
2026-08-18 11:11:25,7800.0,7820.25,Put VEX 2,VEX,-678087.114,8002.525538118784,8002.525538118784
2026-08-18 11:11:25,7825.0,7845.5,Call GEX 3,GEX,89565.471,8002.525538118784,8002.525538118784
2026-08-18 11:11:25,7850.0,7870.5,Call GEX 5,GEX,85547.126,8002.525538118784,8002.525538118784
2026-08-18 11:11:25,7900.0,7920.75,Call GEX 4,GEX,86837.341,8002.525538118784,8002.525538118784
2026-08-18 11:11:25,8000.0,8021.0,Put CEX 1,CEX,-2372616.376,8002.525538118784,8002.525538118784
2026-08-18 11:11:25,8000.0,8021.0,Put DEX 1,DEX,-1020.663,8002.525538118784,8002.525538118784
2026-08-18 11:11:25,8000.0,8021.0,Put VEX 1,VEX,-1240634.509,8002.525538118784,8002.525538118784
2026-08-18 11:11:25,8500.0,8522.25,Put DEX 3,DEX,-106.557,8002.525538118784,8002.525538118784
2026-08-18 11:12:20,7400.0,7419.5,Call VEX 3,VEX,630826.957,8002.043854142057,8002.043854142057
2026-08-18 11:12:20,7450.0,7469.75,Call DEX 4,DEX,92.788,8002.043854142057,8002.043854142057
2026-08-18 11:12:20,7500.0,7520.0,Call CEX 5,CEX,1518208.62,8002.043854142057,8002.043854142057
2026-08-18 11:12:20,7500.0,7520.0,Call DEX 1,DEX,312.528,8002.043854142057,8002.043854142057
2026-08-18 11:12:20,7500.0,7520.0,Call VEX 2,VEX,915663.337,8002.043854142057,8002.043854142057
2026-08-18 11:12:20,7550.0,7570.0,Call DEX 3,DEX,143.299,8002.043854142057,8002.043854142057
2026-08-18 11:12:20,7550.0,7570.0,Call VEX 4,VEX,617622.368,8002.043854142057,8002.043854142057
2026-08-18 11:12:20,7600.0,7620.25,Call CEX 3,CEX,1959899.44,8002.043854142057,8002.043854142057
2026-08-18 11:12:20,7600.0,7620.25,Call DEX 2,DEX,189.176,8002.043854142057,8002.043854142057
2026-08-18 11:12:20,7600.0,7620.25,Call VEX 1,VEX,1056498.173,8002.043854142057,8002.043854142057
2026-08-18 11:12:20,7635.0,7655.25,Call CEX 1,CEX,4089333.985,8002.043854142057,8002.043854142057
2026-08-18 11:12:20,7650.0,7670.25,Call CEX 2,CEX,2525671.589,8002.043854142057,8002.043854142057
2026-08-18 11:12:20,7650.0,7670.25,Call DEX 5,DEX,65.409,8002.043854142057,8002.043854142057
2026-08-18 11:12:20,7650.0,7670.25,Call VEX 5,VEX,543634.51,8002.043854142057,8002.043854142057
2026-08-18 11:12:20,7675.0,7695.25,Call CEX 4,CEX,1527743.495,8002.043854142057,8002.043854142057
2026-08-18 11:12:20,7685.0,7705.25,Put GEX 4,GEX,-328369.59,8002.043854142057,8002.043854142057
2026-08-18 11:12:20,7690.0,7710.5,Put GEX 3,GEX,-355223.596,8002.043854142057,8002.043854142057
2026-08-18 11:12:20,7695.0,7715.5,Put GEX 2,GEX,-406111.633,8002.043854142057,8002.043854142057
2026-08-18 11:12:20,7700.0,7720.5,Put CEX 1,CEX,-2247808.488,8002.043854142057,8002.043854142057
2026-08-18 11:12:20,7700.0,7720.5,Put GEX 1,GEX,-680810.978,8002.043854142057,8002.043854142057
2026-08-18 11:12:20,7705.0,7725.5,Put CEX 5,CEX,-964794.123,8002.043854142057,8002.043854142057
2026-08-18 11:12:20,7720.0,7740.5,Put GEX 5,GEX,-284315.738,8002.043854142057,8002.043854142057
2026-08-18 11:12:20,7725.0,7745.5,Put VEX 5,VEX,-206179.627,8002.043854142057,8002.043854142057
2026-08-18 11:12:20,7735.0,7755.5,Put DEX 5,DEX,-47.356,8002.043854142057,8002.043854142057
2026-08-18 11:12:20,7750.0,7770.5,Put CEX 3,CEX,-1835263.301,8002.043854142057,8002.043854142057
2026-08-18 11:12:20,7750.0,7770.5,Put DEX 4,DEX,-93.034,8002.043854142057,8002.043854142057
2026-08-18 11:12:20,7750.0,7770.5,Put VEX 3,VEX,-618545.113,8002.043854142057,8002.043854142057
2026-08-18 11:12:20,7775.0,7795.5,Call GEX 1,GEX,205442.783,8002.043854142057,8002.043854142057
2026-08-18 11:12:20,7775.0,7795.5,Put VEX 4,VEX,-319169.615,8002.043854142057,8002.043854142057
2026-08-18 11:12:20,7800.0,7820.75,Put CEX 4,CEX,-1426874.118,8002.043854142057,8002.043854142057
2026-08-18 11:12:20,7800.0,7820.75,Put DEX 2,DEX,-110.71,8002.043854142057,8002.043854142057
2026-08-18 11:12:20,7800.0,7820.75,Call GEX 2,GEX,179159.683,8002.043854142057,8002.043854142057
2026-08-18 11:12:20,7800.0,7820.75,Put VEX 2,VEX,-674020.711,8002.043854142057,8002.043854142057
2026-08-18 11:12:20,7825.0,7845.75,Call GEX 3,GEX,90004.052,8002.043854142057,8002.043854142057
2026-08-18 11:12:20,7850.0,7870.75,Call GEX 4,GEX,87154.078,8002.043854142057,8002.043854142057
2026-08-18 11:12:20,7900.0,7921.0,Call GEX 5,GEX,86982.869,8002.043854142057,8002.043854142057
2026-08-18 11:12:20,8000.0,8021.25,Put CEX 2,CEX,-2186392.749,8002.043854142057,8002.043854142057
2026-08-18 11:12:20,8000.0,8021.25,Put DEX 1,DEX,-1024.487,8002.043854142057,8002.043854142057
2026-08-18 11:12:20,8000.0,8021.25,Put VEX 1,VEX,-1150507.408,8002.043854142057,8002.043854142057
2026-08-18 11:12:20,8500.0,8522.5,Put DEX 3,DEX,-106.767,8002.043854142057,8002.043854142057
2026-08-18 11:13:17,7400.0,7419.5,Call DEX 4,DEX,93.64,8001.530740613478,8001.530740613478
2026-08-18 11:13:17,7400.0,7419.5,Call VEX 3,VEX,644241.026,8001.530740613478,8001.530740613478
2026-08-18 11:13:17,7450.0,7469.5,Call DEX 5,DEX,93.022,8001.530740613478,8001.530740613478
2026-08-18 11:13:17,7500.0,7519.75,Call CEX 5,CEX,1475243.513,8001.530740613478,8001.530740613478
2026-08-18 11:13:17,7500.0,7519.75,Call DEX 1,DEX,312.959,8001.530740613478,8001.530740613478
2026-08-18 11:13:17,7500.0,7519.75,Call VEX 2,VEX,891531.432,8001.530740613478,8001.530740613478
2026-08-18 11:13:17,7550.0,7569.75,Call DEX 3,DEX,143.633,8001.530740613478,8001.530740613478
2026-08-18 11:13:17,7550.0,7569.75,Call VEX 4,VEX,614993.575,8001.530740613478,8001.530740613478
2026-08-18 11:13:17,7600.0,7620.0,Call CEX 3,CEX,1967138.087,8001.530740613478,8001.530740613478
2026-08-18 11:13:17,7600.0,7620.0,Call DEX 2,DEX,189.938,8001.530740613478,8001.530740613478
2026-08-18 11:13:17,7600.0,7620.0,Call VEX 1,VEX,1055857.827,8001.530740613478,8001.530740613478
2026-08-18 11:13:17,7635.0,7655.0,Call CEX 1,CEX,3462937.379,8001.530740613478,8001.530740613478
2026-08-18 11:13:17,7650.0,7670.0,Call CEX 2,CEX,2537256.602,8001.530740613478,8001.530740613478
2026-08-18 11:13:17,7650.0,7670.0,Call VEX 5,VEX,546199.282,8001.530740613478,8001.530740613478
2026-08-18 11:13:17,7675.0,7695.25,Call CEX 4,CEX,1500657.233,8001.530740613478,8001.530740613478
2026-08-18 11:13:17,7685.0,7705.25,Put GEX 4,GEX,-325407.255,8001.530740613478,8001.530740613478
2026-08-18 11:13:17,7690.0,7710.25,Put GEX 3,GEX,-358338.277,8001.530740613478,8001.530740613478
2026-08-18 11:13:17,7695.0,7715.25,Put GEX 2,GEX,-419731.865,8001.530740613478,8001.530740613478
2026-08-18 11:13:17,7700.0,7720.25,Put CEX 1,CEX,-2150395.143,8001.530740613478,8001.530740613478
2026-08-18 11:13:17,7700.0,7720.25,Put GEX 1,GEX,-735989.659,8001.530740613478,8001.530740613478
2026-08-18 11:13:17,7705.0,7725.25,Put CEX 5,CEX,-965947.356,8001.530740613478,8001.530740613478
2026-08-18 11:13:17,7720.0,7740.25,Put GEX 5,GEX,-286321.216,8001.530740613478,8001.530740613478
2026-08-18 11:13:17,7725.0,7745.25,Put VEX 5,VEX,-203329.675,8001.530740613478,8001.530740613478
2026-08-18 11:13:17,7735.0,7755.25,Put DEX 5,DEX,-47.171,8001.530740613478,8001.530740613478
2026-08-18 11:13:17,7750.0,7770.25,Put CEX 3,CEX,-1836163.037,8001.530740613478,8001.530740613478
2026-08-18 11:13:17,7750.0,7770.25,Put DEX 4,DEX,-92.435,8001.530740613478,8001.530740613478
2026-08-18 11:13:17,7750.0,7770.25,Put VEX 3,VEX,-616341.092,8001.530740613478,8001.530740613478
2026-08-18 11:13:17,7775.0,7795.5,Call GEX 1,GEX,206690.875,8001.530740613478,8001.530740613478
2026-08-18 11:13:17,7775.0,7795.5,Put VEX 4,VEX,-319325.992,8001.530740613478,8001.530740613478
2026-08-18 11:13:17,7800.0,7820.5,Put CEX 4,CEX,-1427477.729,8001.530740613478,8001.530740613478
2026-08-18 11:13:17,7800.0,7820.5,Put DEX 2,DEX,-110.549,8001.530740613478,8001.530740613478
2026-08-18 11:13:17,7800.0,7820.5,Call GEX 2,GEX,183636.246,8001.530740613478,8001.530740613478
2026-08-18 11:13:17,7800.0,7820.5,Put VEX 2,VEX,-673631.512,8001.530740613478,8001.530740613478
2026-08-18 11:13:17,7825.0,7845.5,Call GEX 3,GEX,91145.276,8001.530740613478,8001.530740613478
2026-08-18 11:13:17,7850.0,7870.5,Call GEX 4,GEX,87769.42,8001.530740613478,8001.530740613478
2026-08-18 11:13:17,7900.0,7920.75,Call GEX 5,GEX,87353.478,8001.530740613478,8001.530740613478
2026-08-18 11:13:17,8000.0,8021.0,Put CEX 2,CEX,-2042775.812,8001.530740613478,8001.530740613478
2026-08-18 11:13:17,8000.0,8021.0,Put DEX 1,DEX,-1027.242,8001.530740613478,8001.530740613478
2026-08-18 11:13:17,8000.0,8021.0,Put VEX 1,VEX,-1080073.225,8001.530740613478,8001.530740613478
2026-08-18 11:13:17,8500.0,8522.25,Put DEX 3,DEX,-106.881,8001.530740613478,8001.530740613478
2026-08-18 11:14:11,7400.0,7419.5,Call VEX 3,VEX,622627.529,8001.892568595176,8001.892568595176
2026-08-18 11:14:11,7450.0,7469.75,Call DEX 4,DEX,93.746,8001.892568595176,8001.892568595176
2026-08-18 11:14:11,7500.0,7519.75,Call DEX 1,DEX,312.78,8001.892568595176,8001.892568595176
2026-08-18 11:14:11,7500.0,7519.75,Call VEX 2,VEX,835462.475,8001.892568595176,8001.892568595176
2026-08-18 11:14:11,7550.0,7570.0,Call CEX 5,CEX,1380857.724,8001.892568595176,8001.892568595176
2026-08-18 11:14:11,7550.0,7570.0,Call DEX 3,DEX,143.245,8001.892568595176,8001.892568595176
2026-08-18 11:14:11,7550.0,7570.0,Call VEX 4,VEX,596930.75,8001.892568595176,8001.892568595176
2026-08-18 11:14:11,7600.0,7620.0,Call CEX 3,CEX,1949261.117,8001.892568595176,8001.892568595176
2026-08-18 11:14:11,7600.0,7620.0,Call DEX 2,DEX,194.254,8001.892568595176,8001.892568595176
2026-08-18 11:14:11,7600.0,7620.0,Call VEX 1,VEX,1052976.109,8001.892568595176,8001.892568595176
2026-08-18 11:14:11,7635.0,7655.25,Call CEX 1,CEX,3401425.697,8001.892568595176,8001.892568595176
2026-08-18 11:14:11,7650.0,7670.25,Call CEX 2,CEX,2337337.21,8001.892568595176,8001.892568595176
2026-08-18 11:14:11,7650.0,7670.25,Call DEX 5,DEX,70.135,8001.892568595176,8001.892568595176
2026-08-18 11:14:11,7650.0,7670.25,Call VEX 5,VEX,560921.868,8001.892568595176,8001.892568595176
2026-08-18 11:14:11,7675.0,7695.25,Call CEX 4,CEX,1417420.601,8001.892568595176,8001.892568595176
2026-08-18 11:14:11,7690.0,7710.25,Put GEX 4,GEX,-319984.278,8001.892568595176,8001.892568595176
2026-08-18 11:14:11,7695.0,7715.25,Put GEX 2,GEX,-384806.578,8001.892568595176,8001.892568595176
2026-08-18 11:14:11,7700.0,7720.25,Put GEX 1,GEX,-730359.907,8001.892568595176,8001.892568595176
2026-08-18 11:14:11,7710.0,7730.25,Put CEX 3,CEX,-1773896.2,8001.892568595176,8001.892568595176
2026-08-18 11:14:11,7710.0,7730.25,Put GEX 3,GEX,-338502.374,8001.892568595176,8001.892568595176
2026-08-18 11:14:11,7720.0,7740.5,Put GEX 5,GEX,-297546.581,8001.892568595176,8001.892568595176
2026-08-18 11:14:11,7725.0,7745.5,Put VEX 5,VEX,-186209.46,8001.892568595176,8001.892568595176
2026-08-18 11:14:11,7735.0,7755.5,Put DEX 5,DEX,-45.889,8001.892568595176,8001.892568595176
2026-08-18 11:14:11,7750.0,7770.5,Put CEX 2,CEX,-1840256.042,8001.892568595176,8001.892568595176
2026-08-18 11:14:11,7750.0,7770.5,Put DEX 4,DEX,-88.381,8001.892568595176,8001.892568595176
2026-08-18 11:14:11,7750.0,7770.5,Put VEX 3,VEX,-602927.233,8001.892568595176,8001.892568595176
2026-08-18 11:14:11,7775.0,7795.5,Put CEX 5,CEX,-943050.598,8001.892568595176,8001.892568595176
2026-08-18 11:14:11,7775.0,7795.5,Call GEX 1,GEX,218133.636,8001.892568595176,8001.892568595176
2026-08-18 11:14:11,7775.0,7795.5,Put VEX 4,VEX,-321347.629,8001.892568595176,8001.892568595176
2026-08-18 11:14:11,7800.0,7820.5,Put CEX 4,CEX,-1468150.233,8001.892568595176,8001.892568595176
2026-08-18 11:14:11,7800.0,7820.5,Put DEX 2,DEX,-108.343,8001.892568595176,8001.892568595176
2026-08-18 11:14:11,7800.0,7820.5,Call GEX 2,GEX,188678.086,8001.892568595176,8001.892568595176
2026-08-18 11:14:11,7800.0,7820.5,Put VEX 2,VEX,-686520.891,8001.892568595176,8001.892568595176
2026-08-18 11:14:11,7825.0,7845.75,Call GEX 3,GEX,93995.671,8001.892568595176,8001.892568595176
2026-08-18 11:14:11,7850.0,7870.75,Call GEX 4,GEX,90541.265,8001.892568595176,8001.892568595176
2026-08-18 11:14:11,7900.0,7920.75,Call GEX 5,GEX,90141.004,8001.892568595176,8001.892568595176
2026-08-18 11:14:11,8000.0,8021.0,Put CEX 1,CEX,-2149808.697,8001.892568595176,8001.892568595176
2026-08-18 11:14:11,8000.0,8021.0,Put DEX 1,DEX,-1025.694,8001.892568595176,8001.892568595176
2026-08-18 11:14:11,8000.0,8021.0,Put VEX 1,VEX,-1132286.407,8001.892568595176,8001.892568595176
2026-08-18 11:14:11,8500.0,8522.5,Put DEX 3,DEX,-106.828,8001.892568595176,8001.892568595176
2026-08-18 11:15:02,7400.0,7419.5,Call VEX 3,VEX,607429.394,8002.585004898728,8002.585004898728
2026-08-18 11:15:02,7500.0,7519.75,Call DEX 1,DEX,314.414,8002.585004898728,8002.585004898728
2026-08-18 11:15:02,7500.0,7519.75,Call VEX 2,VEX,804360.224,8002.585004898728,8002.585004898728
2026-08-18 11:15:02,7550.0,7570.0,Call CEX 4,CEX,1345177.181,8002.585004898728,8002.585004898728
2026-08-18 11:15:02,7550.0,7570.0,Call DEX 3,DEX,144.519,8002.585004898728,8002.585004898728
2026-08-18 11:15:02,7550.0,7570.0,Call VEX 4,VEX,584897.465,8002.585004898728,8002.585004898728
2026-08-18 11:15:02,7600.0,7620.0,Call CEX 3,CEX,1868580.26,8002.585004898728,8002.585004898728
2026-08-18 11:15:02,7600.0,7620.0,Call DEX 2,DEX,189.099,8002.585004898728,8002.585004898728
2026-08-18 11:15:02,7600.0,7620.0,Call VEX 1,VEX,1040032.426,8002.585004898728,8002.585004898728
2026-08-18 11:15:02,7625.0,7645.0,Call DEX 5,DEX,60.588,8002.585004898728,8002.585004898728
2026-08-18 11:15:02,7635.0,7655.25,Call CEX 1,CEX,3370830.939,8002.585004898728,8002.585004898728
2026-08-18 11:15:02,7650.0,7670.25,Call CEX 2,CEX,2091643.848,8002.585004898728,8002.585004898728
2026-08-18 11:15:02,7650.0,7670.25,Call DEX 4,DEX,72.792,8002.585004898728,8002.585004898728
2026-08-18 11:15:02,7650.0,7670.25,Call VEX 5,VEX,566579.646,8002.585004898728,8002.585004898728
2026-08-18 11:15:02,7675.0,7695.25,Call CEX 5,CEX,1336606.19,8002.585004898728,8002.585004898728
2026-08-18 11:15:02,7690.0,7710.25,Put GEX 5,GEX,-293892.854,8002.585004898728,8002.585004898728
2026-08-18 11:15:02,7695.0,7715.25,Put GEX 3,GEX,-354419.647,8002.585004898728,8002.585004898728
2026-08-18 11:15:02,7700.0,7720.25,Put GEX 1,GEX,-658164.052,8002.585004898728,8002.585004898728
2026-08-18 11:15:02,7710.0,7730.25,Put CEX 3,CEX,-1834200.536,8002.585004898728,8002.585004898728
2026-08-18 11:15:02,7710.0,7730.25,Put GEX 2,GEX,-403586.112,8002.585004898728,8002.585004898728
2026-08-18 11:15:02,7715.0,7735.25,Put CEX 5,CEX,-1260185.705,8002.585004898728,8002.585004898728
2026-08-18 11:15:02,7720.0,7740.25,Put DEX 5,DEX,-49.433,8002.585004898728,8002.585004898728
2026-08-18 11:15:02,7720.0,7740.25,Put GEX 4,GEX,-352402.741,8002.585004898728,8002.585004898728
2026-08-18 11:15:02,7750.0,7770.5,Put CEX 2,CEX,-1928382.25,8002.585004898728,8002.585004898728
2026-08-18 11:15:02,7750.0,7770.5,Put DEX 4,DEX,-85.253,8002.585004898728,8002.585004898728
2026-08-18 11:15:02,7750.0,7770.5,Put VEX 3,VEX,-595004.879,8002.585004898728,8002.585004898728
2026-08-18 11:15:02,7775.0,7795.5,Call GEX 1,GEX,224799.354,8002.585004898728,8002.585004898728
2026-08-18 11:15:02,7775.0,7795.5,Put VEX 4,VEX,-321975.919,8002.585004898728,8002.585004898728
2026-08-18 11:15:02,7800.0,7820.5,Put CEX 4,CEX,-1501065.243,8002.585004898728,8002.585004898728
2026-08-18 11:15:02,7800.0,7820.5,Put DEX 2,DEX,-106.697,8002.585004898728,8002.585004898728
2026-08-18 11:15:02,7800.0,7820.5,Call GEX 2,GEX,193030.868,8002.585004898728,8002.585004898728
2026-08-18 11:15:02,7800.0,7820.5,Put VEX 2,VEX,-696071.828,8002.585004898728,8002.585004898728
2026-08-18 11:15:02,7825.0,7845.75,Call GEX 3,GEX,96621.665,8002.585004898728,8002.585004898728
2026-08-18 11:15:02,7850.0,7870.75,Call GEX 4,GEX,92537.224,8002.585004898728,8002.585004898728
2026-08-18 11:15:02,7900.0,7920.75,Call GEX 5,GEX,92010.819,8002.585004898728,8002.585004898728
2026-08-18 11:15:02,7900.0,7920.75,Put VEX 5,VEX,-181261.686,8002.585004898728,8002.585004898728
2026-08-18 11:15:02,8000.0,8021.0,Put CEX 1,CEX,-2458971.355,8002.585004898728,8002.585004898728
2026-08-18 11:15:02,8000.0,8021.0,Put DEX 1,DEX,-1019.991,8002.585004898728,8002.585004898728
2026-08-18 11:15:02,8000.0,8021.0,Put VEX 1,VEX,-1266961.834,8002.585004898728,8002.585004898728
2026-08-18 11:15:02,8500.0,8522.5,Put DEX 3,DEX,-106.599,8002.585004898728,8002.585004898728
2026-08-18 11:15:52,7000.0,7018.25,Call CEX 3,CEX,2013383.208,8002.525883330615,8002.525883330615
2026-08-18 11:15:52,7000.0,7018.25,Call DEX 1,DEX,998.839,8002.525883330615,8002.525883330615
2026-08-18 11:15:52,7000.0,7018.25,Call VEX 1,VEX,1113116.443,8002.525883330615,8002.525883330615
2026-08-18 11:15:52,7400.0,7419.25,Call VEX 4,VEX,603645.428,8002.525883330615,8002.525883330615
2026-08-18 11:15:52,7500.0,7519.5,Call DEX 2,DEX,317.212,8002.525883330615,8002.525883330615
2026-08-18 11:15:52,7500.0,7519.5,Call VEX 3,VEX,774870.435,8002.525883330615,8002.525883330615
2026-08-18 11:15:52,7550.0,7569.75,Call DEX 4,DEX,145.678,8002.525883330615,8002.525883330615
2026-08-18 11:15:52,7600.0,7619.75,Call CEX 4,CEX,1905378.463,8002.525883330615,8002.525883330615
2026-08-18 11:15:52,7600.0,7619.75,Call DEX 3,DEX,198.924,8002.525883330615,8002.525883330615
2026-08-18 11:15:52,7600.0,7619.75,Call VEX 2,VEX,1048091.055,8002.525883330615,8002.525883330615
2026-08-18 11:15:52,7635.0,7654.75,Call CEX 1,CEX,3353000.18,8002.525883330615,8002.525883330615
2026-08-18 11:15:52,7650.0,7670.0,Call CEX 2,CEX,2091621.134,8002.525883330615,8002.525883330615
2026-08-18 11:15:52,7650.0,7670.0,Call DEX 5,DEX,74.527,8002.525883330615,8002.525883330615
2026-08-18 11:15:52,7650.0,7670.0,Call VEX 5,VEX,573903.77,8002.525883330615,8002.525883330615
2026-08-18 11:15:52,7675.0,7695.0,Call CEX 5,CEX,1287264.953,8002.525883330615,8002.525883330615
2026-08-18 11:15:52,7690.0,7710.0,Put GEX 5,GEX,-279497.155,8002.525883330615,8002.525883330615
2026-08-18 11:15:52,7695.0,7715.0,Put GEX 4,GEX,-338754.884,8002.525883330615,8002.525883330615
2026-08-18 11:15:52,7700.0,7720.0,Put GEX 1,GEX,-649899.762,8002.525883330615,8002.525883330615
2026-08-18 11:15:52,7710.0,7730.0,Put CEX 3,CEX,-1762100.04,8002.525883330615,8002.525883330615
2026-08-18 11:15:52,7710.0,7730.0,Put GEX 2,GEX,-440027.789,8002.525883330615,8002.525883330615
2026-08-18 11:15:52,7720.0,7740.0,Put CEX 5,CEX,-1385068.185,8002.525883330615,8002.525883330615
2026-08-18 11:15:52,7720.0,7740.0,Put DEX 5,DEX,-48.274,8002.525883330615,8002.525883330615
2026-08-18 11:15:52,7720.0,7740.0,Put GEX 3,GEX,-406042.652,8002.525883330615,8002.525883330615
2026-08-18 11:15:52,7750.0,7770.25,Put CEX 2,CEX,-1932433.678,8002.525883330615,8002.525883330615
2026-08-18 11:15:52,7750.0,7770.25,Put DEX 4,DEX,-83.119,8002.525883330615,8002.525883330615
2026-08-18 11:15:52,7750.0,7770.25,Put VEX 3,VEX,-588293.978,8002.525883330615,8002.525883330615
2026-08-18 11:15:52,7775.0,7795.25,Call GEX 1,GEX,229668.735,8002.525883330615,8002.525883330615
2026-08-18 11:15:52,7775.0,7795.25,Put VEX 4,VEX,-322474.116,8002.525883330615,8002.525883330615
2026-08-18 11:15:52,7800.0,7820.25,Put CEX 4,CEX,-1523099.199,8002.525883330615,8002.525883330615
2026-08-18 11:15:52,7800.0,7820.25,Put DEX 3,DEX,-105.604,8002.525883330615,8002.525883330615
2026-08-18 11:15:52,7800.0,7820.25,Call GEX 2,GEX,194722.497,8002.525883330615,8002.525883330615
2026-08-18 11:15:52,7800.0,7820.25,Put VEX 2,VEX,-702363.062,8002.525883330615,8002.525883330615
2026-08-18 11:15:52,7825.0,7845.25,Call GEX 3,GEX,98259.86,8002.525883330615,8002.525883330615
2026-08-18 11:15:52,7850.0,7870.5,Call GEX 4,GEX,94960.767,8002.525883330615,8002.525883330615
2026-08-18 11:15:52,7900.0,7920.5,Call GEX 5,GEX,93064.374,8002.525883330615,8002.525883330615
2026-08-18 11:15:52,7900.0,7920.5,Put VEX 5,VEX,-182293.738,8002.525883330615,8002.525883330615
2026-08-18 11:15:52,8000.0,8020.75,Put CEX 1,CEX,-2408169.984,8002.525883330615,8002.525883330615
2026-08-18 11:15:52,8000.0,8020.75,Put DEX 1,DEX,-1020.919,8002.525883330615,8002.525883330615
2026-08-18 11:15:52,8000.0,8020.75,Put VEX 1,VEX,-1259721.572,8002.525883330615,8002.525883330615
2026-08-18 11:15:52,8500.0,8522.0,Put DEX 2,DEX,-106.607,8002.525883330615,8002.525883330615
2026-08-18 11:16:48,7400.0,7419.5,Call VEX 3,VEX,604290.696,8002.677327380443,8002.677327380443
2026-08-18 11:16:48,7500.0,7519.75,Call DEX 1,DEX,316.763,8002.677327380443,8002.677327380443
2026-08-18 11:16:48,7500.0,7519.75,Call VEX 2,VEX,744393.813,8002.677327380443,8002.677327380443
2026-08-18 11:16:48,7550.0,7570.0,Call CEX 4,CEX,1298037.754,8002.677327380443,8002.677327380443
2026-08-18 11:16:48,7550.0,7570.0,Call DEX 3,DEX,145.888,8002.677327380443,8002.677327380443
2026-08-18 11:16:48,7550.0,7570.0,Call VEX 5,VEX,570084.27,8002.677327380443,8002.677327380443
2026-08-18 11:16:48,7600.0,7620.0,Call CEX 3,CEX,1867511.351,8002.677327380443,8002.677327380443
2026-08-18 11:16:48,7600.0,7620.0,Call DEX 2,DEX,199.451,8002.677327380443,8002.677327380443
2026-08-18 11:16:48,7600.0,7620.0,Call VEX 1,VEX,1041648.068,8002.677327380443,8002.677327380443
2026-08-18 11:16:48,7625.0,7645.0,Call DEX 5,DEX,61.256,8002.677327380443,8002.677327380443
2026-08-18 11:16:48,7635.0,7655.25,Call CEX 1,CEX,3377673.265,8002.677327380443,8002.677327380443
2026-08-18 11:16:48,7650.0,7670.25,Call CEX 2,CEX,2104613.894,8002.677327380443,8002.677327380443
2026-08-18 11:16:48,7650.0,7670.25,Call DEX 4,DEX,74.329,8002.677327380443,8002.677327380443
2026-08-18 11:16:48,7650.0,7670.25,Call VEX 4,VEX,573201.117,8002.677327380443,8002.677327380443
2026-08-18 11:16:48,7675.0,7695.25,Call CEX 5,CEX,1293868.454,8002.677327380443,8002.677327380443
2026-08-18 11:16:48,7690.0,7710.25,Put GEX 5,GEX,-282303.88,8002.677327380443,8002.677327380443
2026-08-18 11:16:48,7695.0,7715.25,Put GEX 4,GEX,-341676.682,8002.677327380443,8002.677327380443
2026-08-18 11:16:48,7700.0,7720.25,Put GEX 1,GEX,-651004.684,8002.677327380443,8002.677327380443
2026-08-18 11:16:48,7710.0,7730.25,Put CEX 3,CEX,-1778728.106,8002.677327380443,8002.677327380443
2026-08-18 11:16:48,7710.0,7730.25,Put GEX 2,GEX,-427882.962,8002.677327380443,8002.677327380443
2026-08-18 11:16:48,7715.0,7735.25,Put CEX 5,CEX,-1307806.406,8002.677327380443,8002.677327380443
2026-08-18 11:16:48,7720.0,7740.25,Put DEX 5,DEX,-48.65,8002.677327380443,8002.677327380443
2026-08-18 11:16:48,7720.0,7740.25,Put GEX 3,GEX,-386900.68,8002.677327380443,8002.677327380443
2026-08-18 11:16:48,7750.0,7770.5,Put CEX 2,CEX,-1935118.305,8002.677327380443,8002.677327380443
2026-08-18 11:16:48,7750.0,7770.5,Put DEX 4,DEX,-83.725,8002.677327380443,8002.677327380443
2026-08-18 11:16:48,7750.0,7770.5,Put VEX 3,VEX,-590184.443,8002.677327380443,8002.677327380443
2026-08-18 11:16:48,7775.0,7795.5,Call GEX 1,GEX,228653.037,8002.677327380443,8002.677327380443
2026-08-18 11:16:48,7775.0,7795.5,Put VEX 4,VEX,-322246.415,8002.677327380443,8002.677327380443
2026-08-18 11:16:48,7800.0,7820.5,Put CEX 4,CEX,-1725792.958,8002.677327380443,8002.677327380443
2026-08-18 11:16:48,7800.0,7820.5,Put DEX 3,DEX,-105.592,8002.677327380443,8002.677327380443
2026-08-18 11:16:48,7800.0,7820.5,Call GEX 2,GEX,196385.117,8002.677327380443,8002.677327380443
2026-08-18 11:16:48,7800.0,7820.5,Put VEX 2,VEX,-705807.971,8002.677327380443,8002.677327380443
2026-08-18 11:16:48,7825.0,7845.75,Call GEX 3,GEX,97557.864,8002.677327380443,8002.677327380443
2026-08-18 11:16:48,7850.0,7870.75,Call GEX 4,GEX,94681.262,8002.677327380443,8002.677327380443
2026-08-18 11:16:48,7900.0,7920.75,Call GEX 5,GEX,92656.847,8002.677327380443,8002.677327380443
2026-08-18 11:16:48,7900.0,7920.75,Put VEX 5,VEX,-182123.69,8002.677327380443,8002.677327380443
2026-08-18 11:16:48,8000.0,8021.0,Put CEX 1,CEX,-2482680.446,8002.677327380443,8002.677327380443
2026-08-18 11:16:48,8000.0,8021.0,Put DEX 1,DEX,-1019.287,8002.677327380443,8002.677327380443
2026-08-18 11:16:48,8000.0,8021.0,Put VEX 1,VEX,-1295501.674,8002.677327380443,8002.677327380443
2026-08-18 11:16:48,8500.0,8522.5,Put DEX 2,DEX,-106.514,8002.677327380443,8002.677327380443
2026-08-18 11:17:37,7400.0,7419.5,Call VEX 3,VEX,607832.813,8001.802885067371,8001.802885067371
2026-08-18 11:17:37,7450.0,7469.5,Call DEX 4,DEX,94.21,8001.802885067371,8001.802885067371
2026-08-18 11:17:37,7500.0,7519.75,Call CEX 4,CEX,1365050.985,8001.802885067371,8001.802885067371
2026-08-18 11:17:37,7500.0,7519.75,Call DEX 1,DEX,313.708,8001.802885067371,8001.802885067371
2026-08-18 11:17:37,7500.0,7519.75,Call VEX 2,VEX,830521.557,8001.802885067371,8001.802885067371
2026-08-18 11:17:37,7550.0,7569.75,Call DEX 3,DEX,146.403,8001.802885067371,8001.802885067371
2026-08-18 11:17:37,7550.0,7569.75,Call VEX 4,VEX,580994.559,8001.802885067371,8001.802885067371
2026-08-18 11:17:37,7600.0,7620.0,Call CEX 3,CEX,1923501.151,8001.802885067371,8001.802885067371
2026-08-18 11:17:37,7600.0,7620.0,Call DEX 2,DEX,198.264,8001.802885067371,8001.802885067371
2026-08-18 11:17:37,7600.0,7620.0,Call VEX 1,VEX,1047679.862,8001.802885067371,8001.802885067371
2026-08-18 11:17:37,7635.0,7655.0,Call CEX 1,CEX,3397594.771,8001.802885067371,8001.802885067371
2026-08-18 11:17:37,7650.0,7670.0,Call CEX 2,CEX,2119517.594,8001.802885067371,8001.802885067371
2026-08-18 11:17:37,7650.0,7670.0,Call DEX 5,DEX,74.027,8001.802885067371,8001.802885067371
2026-08-18 11:17:37,7650.0,7670.0,Call VEX 5,VEX,572111.454,8001.802885067371,8001.802885067371
2026-08-18 11:17:37,7675.0,7695.0,Call CEX 5,CEX,1309100.626,8001.802885067371,8001.802885067371
2026-08-18 11:17:37,7690.0,7710.25,Put GEX 5,GEX,-287027.146,8001.802885067371,8001.802885067371
2026-08-18 11:17:37,7695.0,7715.25,Put GEX 3,GEX,-354621.596,8001.802885067371,8001.802885067371
2026-08-18 11:17:37,7700.0,7720.25,Put GEX 1,GEX,-706775.585,8001.802885067371,8001.802885067371
2026-08-18 11:17:37,7710.0,7730.25,Put CEX 3,CEX,-1872832.646,8001.802885067371,8001.802885067371
2026-08-18 11:17:37,7710.0,7730.25,Put GEX 2,GEX,-444421.169,8001.802885067371,8001.802885067371
2026-08-18 11:17:37,7715.0,7735.25,Put CEX 5,CEX,-1008984.079,8001.802885067371,8001.802885067371
2026-08-18 11:17:37,7720.0,7740.25,Put GEX 4,GEX,-306609.559,8001.802885067371,8001.802885067371
2026-08-18 11:17:37,7735.0,7755.25,Put DEX 5,DEX,-44.705,8001.802885067371,8001.802885067371
2026-08-18 11:17:37,7750.0,7770.25,Put CEX 2,CEX,-1934516.129,8001.802885067371,8001.802885067371
2026-08-18 11:17:37,7750.0,7770.25,Put DEX 4,DEX,-84.245,8001.802885067371,8001.802885067371
2026-08-18 11:17:37,7750.0,7770.25,Put VEX 3,VEX,-590529.545,8001.802885067371,8001.802885067371
2026-08-18 11:17:37,7775.0,7795.5,Call GEX 1,GEX,228277.749,8001.802885067371,8001.802885067371
2026-08-18 11:17:37,7775.0,7795.5,Put VEX 4,VEX,-322131.319,8001.802885067371,8001.802885067371
2026-08-18 11:17:37,7800.0,7820.5,Put CEX 4,CEX,-1511380.046,8001.802885067371,8001.802885067371
2026-08-18 11:17:37,7800.0,7820.5,Put DEX 3,DEX,-106.401,8001.802885067371,8001.802885067371
2026-08-18 11:17:37,7800.0,7820.5,Call GEX 2,GEX,198303.083,8001.802885067371,8001.802885067371
2026-08-18 11:17:37,7800.0,7820.5,Put VEX 2,VEX,-697400.218,8001.802885067371,8001.802885067371
2026-08-18 11:17:37,7825.0,7845.5,Call GEX 3,GEX,97967.951,8001.802885067371,8001.802885067371
2026-08-18 11:17:37,7850.0,7870.5,Call GEX 4,GEX,94784.3,8001.802885067371,8001.802885067371
2026-08-18 11:17:37,7900.0,7920.75,Call GEX 5,GEX,92730.867,8001.802885067371,8001.802885067371
2026-08-18 11:17:37,7900.0,7920.75,Put VEX 5,VEX,-182083.879,8001.802885067371,8001.802885067371
2026-08-18 11:17:37,8000.0,8021.0,Put CEX 1,CEX,-2191737.657,8001.802885067371,8001.802885067371
2026-08-18 11:17:37,8000.0,8021.0,Put DEX 1,DEX,-1025.396,8001.802885067371,8001.802885067371
2026-08-18 11:17:37,8000.0,8021.0,Put VEX 1,VEX,-1151408.801,8001.802885067371,8001.802885067371
2026-08-18 11:17:37,8500.0,8522.25,Put DEX 2,DEX,-106.839,8001.802885067371,8001.802885067371
2026-08-18 11:18:36,7400.0,7419.75,Call VEX 3,VEX,609765.381,8002.199046275546,8002.199046275546
2026-08-18 11:18:36,7500.0,7520.0,Call CEX 4,CEX,1284056.141,8002.199046275546,8002.199046275546
2026-08-18 11:18:36,7500.0,7520.0,Call DEX 1,DEX,315.395,8002.199046275546,8002.199046275546
2026-08-18 11:18:36,7500.0,7520.0,Call VEX 2,VEX,787793.524,8002.199046275546,8002.199046275546
2026-08-18 11:18:36,7550.0,7570.0,Call DEX 3,DEX,145.597,8002.199046275546,8002.199046275546
2026-08-18 11:18:36,7550.0,7570.0,Call VEX 5,VEX,574011.768,8002.199046275546,8002.199046275546
2026-08-18 11:18:36,7600.0,7620.25,Call CEX 3,CEX,1900124.396,8002.199046275546,8002.199046275546
2026-08-18 11:18:36,7600.0,7620.25,Call DEX 2,DEX,199.31,8002.199046275546,8002.199046275546
2026-08-18 11:18:36,7600.0,7620.25,Call VEX 1,VEX,1043981.692,8002.199046275546,8002.199046275546
2026-08-18 11:18:36,7625.0,7645.25,Call DEX 5,DEX,61.343,8002.199046275546,8002.199046275546
2026-08-18 11:18:36,7635.0,7655.25,Call CEX 1,CEX,3401119.453,8002.199046275546,8002.199046275546
2026-08-18 11:18:36,7650.0,7670.25,Call CEX 2,CEX,2122236.04,8002.199046275546,8002.199046275546
2026-08-18 11:18:36,7650.0,7670.25,Call DEX 4,DEX,74.701,8002.199046275546,8002.199046275546
2026-08-18 11:18:36,7650.0,7670.25,Call VEX 4,VEX,574899.578,8002.199046275546,8002.199046275546
2026-08-18 11:18:36,7675.0,7695.5,Call CEX 5,CEX,1283653.822,8002.199046275546,8002.199046275546
2026-08-18 11:18:36,7690.0,7710.5,Put GEX 5,GEX,-280310.661,8002.199046275546,8002.199046275546
2026-08-18 11:18:36,7695.0,7715.5,Put GEX 3,GEX,-346889.556,8002.199046275546,8002.199046275546
2026-08-18 11:18:36,7700.0,7720.5,Put GEX 1,GEX,-694284.681,8002.199046275546,8002.199046275546
2026-08-18 11:18:36,7710.0,7730.5,Put CEX 3,CEX,-1834029.632,8002.199046275546,8002.199046275546
2026-08-18 11:18:36,7710.0,7730.5,Put GEX 2,GEX,-455609.228,8002.199046275546,8002.199046275546
2026-08-18 11:18:36,7715.0,7735.5,Put CEX 5,CEX,-1217435.626,8002.199046275546,8002.199046275546
2026-08-18 11:18:36,7720.0,7740.5,Put GEX 4,GEX,-304260.179,8002.199046275546,8002.199046275546
2026-08-18 11:18:36,7735.0,7755.5,Put DEX 5,DEX,-44.466,8002.199046275546,8002.199046275546
2026-08-18 11:18:36,7750.0,7770.5,Put CEX 2,CEX,-1937288.337,8002.199046275546,8002.199046275546
2026-08-18 11:18:36,7750.0,7770.5,Put DEX 4,DEX,-83.47,8002.199046275546,8002.199046275546
2026-08-18 11:18:36,7750.0,7770.5,Put VEX 3,VEX,-587816.442,8002.199046275546,8002.199046275546
2026-08-18 11:18:36,7775.0,7795.75,Call GEX 1,GEX,230532.047,8002.199046275546,8002.199046275546
2026-08-18 11:18:36,7775.0,7795.75,Put VEX 4,VEX,-322203.548,8002.199046275546,8002.199046275546
2026-08-18 11:18:36,7800.0,7820.75,Put CEX 4,CEX,-1521540.031,8002.199046275546,8002.199046275546
2026-08-18 11:18:36,7800.0,7820.75,Put DEX 3,DEX,-105.707,8002.199046275546,8002.199046275546
2026-08-18 11:18:36,7800.0,7820.75,Call GEX 2,GEX,198176.773,8002.199046275546,8002.199046275546
2026-08-18 11:18:36,7800.0,7820.75,Put VEX 2,VEX,-701058.364,8002.199046275546,8002.199046275546
2026-08-18 11:18:36,7825.0,7845.75,Call GEX 3,GEX,99363.954,8002.199046275546,8002.199046275546
2026-08-18 11:18:36,7850.0,7870.75,Call GEX 4,GEX,95059.517,8002.199046275546,8002.199046275546
2026-08-18 11:18:36,7900.0,7921.0,Call GEX 5,GEX,93055.68,8002.199046275546,8002.199046275546
2026-08-18 11:18:36,7900.0,7921.0,Put VEX 5,VEX,-183184.011,8002.199046275546,8002.199046275546
2026-08-18 11:18:36,8000.0,8021.25,Put CEX 1,CEX,-2328614.123,8002.199046275546,8002.199046275546
2026-08-18 11:18:36,8000.0,8021.25,Put DEX 1,DEX,-1022.721,8002.199046275546,8002.199046275546
2026-08-18 11:18:36,8000.0,8021.25,Put VEX 1,VEX,-1218604.573,8002.199046275546,8002.199046275546
2026-08-18 11:18:36,8500.0,8522.5,Put DEX 2,DEX,-106.702,8002.199046275546,8002.199046275546
2026-08-18 11:19:26,7400.0,7419.5,Call VEX 3,VEX,605357.441,8002.958450839323,8002.958450839323
2026-08-18 11:19:26,7500.0,7519.75,Call CEX 5,CEX,1294797.314,8002.958450839323,8002.958450839323
2026-08-18 11:19:26,7500.0,7519.75,Call DEX 1,DEX,315.797,8002.958450839323,8002.958450839323
2026-08-18 11:19:26,7500.0,7519.75,Call VEX 2,VEX,781830.22,8002.958450839323,8002.958450839323
2026-08-18 11:19:26,7550.0,7570.0,Call CEX 4,CEX,1311475.397,8002.958450839323,8002.958450839323
2026-08-18 11:19:26,7550.0,7570.0,Call DEX 3,DEX,146.029,8002.958450839323,8002.958450839323
2026-08-18 11:19:26,7550.0,7570.0,Call VEX 5,VEX,571378.615,8002.958450839323,8002.958450839323
2026-08-18 11:19:26,7600.0,7620.0,Call CEX 3,CEX,1947126.885,8002.958450839323,8002.958450839323
2026-08-18 11:19:26,7600.0,7620.0,Call DEX 2,DEX,201.27,8002.958450839323,8002.958450839323
2026-08-18 11:19:26,7600.0,7620.0,Call VEX 1,VEX,1040121.806,8002.958450839323,8002.958450839323
2026-08-18 11:19:26,7625.0,7645.0,Call DEX 5,DEX,61.783,8002.958450839323,8002.958450839323
2026-08-18 11:19:26,7635.0,7655.0,Call CEX 1,CEX,2589998.665,8002.958450839323,8002.958450839323
2026-08-18 11:19:26,7650.0,7670.25,Call CEX 2,CEX,2147830.431,8002.958450839323,8002.958450839323
2026-08-18 11:19:26,7650.0,7670.25,Call DEX 4,DEX,75.939,8002.958450839323,8002.958450839323
2026-08-18 11:19:26,7650.0,7670.25,Call VEX 4,VEX,580664.516,8002.958450839323,8002.958450839323
2026-08-18 11:19:26,7690.0,7710.25,Put GEX 5,GEX,-267328.229,8002.958450839323,8002.958450839323
2026-08-18 11:19:26,7695.0,7715.25,Put GEX 3,GEX,-331251.065,8002.958450839323,8002.958450839323
2026-08-18 11:19:26,7700.0,7720.25,Put GEX 1,GEX,-673857.016,8002.958450839323,8002.958450839323
2026-08-18 11:19:26,7710.0,7730.25,Put CEX 3,CEX,-1731318.268,8002.958450839323,8002.958450839323
2026-08-18 11:19:26,7710.0,7730.25,Put GEX 2,GEX,-496910.09,8002.958450839323,8002.958450839323
2026-08-18 11:19:26,7715.0,7735.25,Put CEX 5,CEX,-1261597.973,8002.958450839323,8002.958450839323
2026-08-18 11:19:26,7720.0,7740.25,Put GEX 4,GEX,-317294.282,8002.958450839323,8002.958450839323
2026-08-18 11:19:26,7735.0,7755.25,Put DEX 5,DEX,-44.751,8002.958450839323,8002.958450839323
2026-08-18 11:19:26,7750.0,7770.5,Put CEX 2,CEX,-1917059.499,8002.958450839323,8002.958450839323
2026-08-18 11:19:26,7750.0,7770.5,Put DEX 4,DEX,-83.193,8002.958450839323,8002.958450839323
2026-08-18 11:19:26,7750.0,7770.5,Put VEX 3,VEX,-577489.708,8002.958450839323,8002.958450839323
2026-08-18 11:19:26,7775.0,7795.5,Call GEX 1,GEX,236167.501,8002.958450839323,8002.958450839323
2026-08-18 11:19:26,7775.0,7795.5,Put VEX 4,VEX,-322022.748,8002.958450839323,8002.958450839323
2026-08-18 11:19:26,7800.0,7820.5,Put CEX 4,CEX,-1503020.988,8002.958450839323,8002.958450839323
2026-08-18 11:19:26,7800.0,7820.5,Put DEX 3,DEX,-100.625,8002.958450839323,8002.958450839323
2026-08-18 11:19:26,7800.0,7820.5,Call GEX 2,GEX,208449.947,8002.958450839323,8002.958450839323
2026-08-18 11:19:26,7800.0,7820.5,Put VEX 2,VEX,-697314.732,8002.958450839323,8002.958450839323
2026-08-18 11:19:26,7825.0,7845.5,Call GEX 3,GEX,100882.572,8002.958450839323,8002.958450839323
2026-08-18 11:19:26,7850.0,7870.75,Call GEX 4,GEX,96638.984,8002.958450839323,8002.958450839323
2026-08-18 11:19:26,7900.0,7920.75,Call GEX 5,GEX,94600.319,8002.958450839323,8002.958450839323
2026-08-18 11:19:26,7900.0,7920.75,Put VEX 5,VEX,-183878.038,8002.958450839323,8002.958450839323
2026-08-18 11:19:26,8000.0,8021.0,Put CEX 1,CEX,-2719650.205,8002.958450839323,8002.958450839323
2026-08-18 11:19:26,8000.0,8021.0,Put DEX 1,DEX,-1014.339,8002.958450839323,8002.958450839323
2026-08-18 11:19:26,8000.0,8021.0,Put VEX 1,VEX,-1402127.305,8002.958450839323,8002.958450839323
2026-08-18 11:19:26,8500.0,8522.5,Put DEX 2,DEX,-105.82,8002.958450839323,8002.958450839323
2026-08-18 11:20:17,7400.0,7419.25,Call VEX 3,VEX,599553.467,8002.309162430432,8002.309162430432
2026-08-18 11:20:17,7500.0,7519.5,Call DEX 1,DEX,317.236,8002.309162430432,8002.309162430432
2026-08-18 11:20:17,7500.0,7519.5,Call VEX 2,VEX,743564.046,8002.309162430432,8002.309162430432
2026-08-18 11:20:17,7550.0,7569.75,Call DEX 3,DEX,147.021,8002.309162430432,8002.309162430432
2026-08-18 11:20:17,7550.0,7569.75,Call VEX 5,VEX,557972.815,8002.309162430432,8002.309162430432
2026-08-18 11:20:17,7600.0,7620.0,Call CEX 3,CEX,1894245.947,8002.309162430432,8002.309162430432
2026-08-18 11:20:17,7600.0,7620.0,Call DEX 2,DEX,202.048,8002.309162430432,8002.309162430432
2026-08-18 11:20:17,7600.0,7620.0,Call VEX 1,VEX,1038897.901,8002.309162430432,8002.309162430432
2026-08-18 11:20:17,7625.0,7645.0,Call DEX 5,DEX,62.187,8002.309162430432,8002.309162430432
2026-08-18 11:20:17,7635.0,7655.0,Call CEX 1,CEX,2588758.446,8002.309162430432,8002.309162430432
2026-08-18 11:20:17,7650.0,7670.0,Call CEX 2,CEX,2132326.041,8002.309162430432,8002.309162430432
2026-08-18 11:20:17,7650.0,7670.0,Call DEX 4,DEX,76.778,8002.309162430432,8002.309162430432
2026-08-18 11:20:17,7650.0,7670.0,Call VEX 4,VEX,583493.645,8002.309162430432,8002.309162430432
2026-08-18 11:20:17,7690.0,7710.0,Call CEX 5,CEX,1233878.988,8002.309162430432,8002.309162430432
2026-08-18 11:20:17,7690.0,7710.0,Put GEX 5,GEX,-260980.569,8002.309162430432,8002.309162430432
2026-08-18 11:20:17,7695.0,7715.25,Put GEX 4,GEX,-323676.99,8002.309162430432,8002.309162430432
2026-08-18 11:20:17,7700.0,7720.25,Call CEX 4,CEX,1317289.615,8002.309162430432,8002.309162430432
2026-08-18 11:20:17,7700.0,7720.25,Put GEX 1,GEX,-649120.655,8002.309162430432,8002.309162430432
2026-08-18 11:20:17,7710.0,7730.25,Put CEX 3,CEX,-1624854.856,8002.309162430432,8002.309162430432
2026-08-18 11:20:17,7710.0,7730.25,Put GEX 2,GEX,-487350.505,8002.309162430432,8002.309162430432
2026-08-18 11:20:17,7715.0,7735.25,Put CEX 5,CEX,-1368761.862,8002.309162430432,8002.309162430432
2026-08-18 11:20:17,7720.0,7740.25,Put DEX 5,DEX,-47.607,8002.309162430432,8002.309162430432
2026-08-18 11:20:17,7720.0,7740.25,Put GEX 3,GEX,-399204.759,8002.309162430432,8002.309162430432
2026-08-18 11:20:17,7750.0,7770.25,Put CEX 2,CEX,-1939697.908,8002.309162430432,8002.309162430432
2026-08-18 11:20:17,7750.0,7770.25,Put DEX 4,DEX,-80.939,8002.309162430432,8002.309162430432
2026-08-18 11:20:17,7750.0,7770.25,Put VEX 3,VEX,-578083.98,8002.309162430432,8002.309162430432
2026-08-18 11:20:17,7775.0,7795.25,Call GEX 1,GEX,237060.696,8002.309162430432,8002.309162430432
2026-08-18 11:20:17,7775.0,7795.25,Put VEX 4,VEX,-322449.43,8002.309162430432,8002.309162430432
2026-08-18 11:20:17,7800.0,7820.5,Put CEX 4,CEX,-1541795.059,8002.309162430432,8002.309162430432
2026-08-18 11:20:17,7800.0,7820.5,Put DEX 3,DEX,-104.627,8002.309162430432,8002.309162430432
2026-08-18 11:20:17,7800.0,7820.5,Call GEX 2,GEX,202616.057,8002.309162430432,8002.309162430432
2026-08-18 11:20:17,7800.0,7820.5,Put VEX 2,VEX,-705542.129,8002.309162430432,8002.309162430432
2026-08-18 11:20:17,7825.0,7845.5,Call GEX 3,GEX,100946.213,8002.309162430432,8002.309162430432
2026-08-18 11:20:17,7850.0,7870.5,Call GEX 4,GEX,96673.01,8002.309162430432,8002.309162430432
2026-08-18 11:20:17,7900.0,7920.75,Call GEX 5,GEX,94722.963,8002.309162430432,8002.309162430432
2026-08-18 11:20:17,7900.0,7920.75,Put VEX 5,VEX,-184318.221,8002.309162430432,8002.309162430432
2026-08-18 11:20:17,8000.0,8021.0,Put CEX 1,CEX,-2377443.353,8002.309162430432,8002.309162430432
2026-08-18 11:20:17,8000.0,8021.0,Put DEX 1,DEX,-1021.931,8002.309162430432,8002.309162430432
2026-08-18 11:20:17,8000.0,8021.0,Put VEX 1,VEX,-1242667.713,8002.309162430432,8002.309162430432
2026-08-18 11:20:17,8500.0,8522.25,Put DEX 2,DEX,-106.677,8002.309162430432,8002.309162430432
2026-08-18 11:21:15,7400.0,7419.0,Call VEX 3,VEX,583565.502,8002.803251256593,8002.803251256593
2026-08-18 11:21:15,7500.0,7519.25,Call VEX 2,VEX,597255.796,8002.803251256593,8002.803251256593
2026-08-18 11:21:15,7550.0,7569.25,Call DEX 2,DEX,147.724,8002.803251256593,8002.803251256593
2026-08-18 11:21:15,7550.0,7569.25,Call VEX 5,VEX,544252.346,8002.803251256593,8002.803251256593
2026-08-18 11:21:15,7575.0,7594.25,Call DEX 5,DEX,41.076,8002.803251256593,8002.803251256593
2026-08-18 11:21:15,7600.0,7619.5,Call CEX 3,CEX,1793963.282,8002.803251256593,8002.803251256593
2026-08-18 11:21:15,7600.0,7619.5,Call DEX 1,DEX,202.737,8002.803251256593,8002.803251256593
2026-08-18 11:21:15,7600.0,7619.5,Call VEX 1,VEX,1030177.858,8002.803251256593,8002.803251256593
2026-08-18 11:21:15,7625.0,7644.5,Call DEX 4,DEX,62.261,8002.803251256593,8002.803251256593
2026-08-18 11:21:15,7635.0,7654.5,Call CEX 1,CEX,2604134.021,8002.803251256593,8002.803251256593
2026-08-18 11:21:15,7650.0,7669.5,Call CEX 2,CEX,2114689.261,8002.803251256593,8002.803251256593
2026-08-18 11:21:15,7650.0,7669.5,Call DEX 3,DEX,76.7,8002.803251256593,8002.803251256593
2026-08-18 11:21:15,7650.0,7669.5,Call VEX 4,VEX,582395.638,8002.803251256593,8002.803251256593
2026-08-18 11:21:15,7690.0,7709.75,Call CEX 4,CEX,1241478.679,8002.803251256593,8002.803251256593
2026-08-18 11:21:15,7690.0,7709.75,Put GEX 5,GEX,-263172.145,8002.803251256593,8002.803251256593
2026-08-18 11:21:15,7695.0,7714.75,Put GEX 4,GEX,-324449.762,8002.803251256593,8002.803251256593
2026-08-18 11:21:15,7700.0,7719.75,Call CEX 5,CEX,1188010.97,8002.803251256593,8002.803251256593
2026-08-18 11:21:15,7700.0,7719.75,Put GEX 1,GEX,-626032.781,8002.803251256593,8002.803251256593
2026-08-18 11:21:15,7710.0,7729.75,Put CEX 4,CEX,-1631079.857,8002.803251256593,8002.803251256593
2026-08-18 11:21:15,7710.0,7729.75,Put GEX 2,GEX,-464440.325,8002.803251256593,8002.803251256593
2026-08-18 11:21:15,7720.0,7739.75,Put CEX 5,CEX,-1613546.309,8002.803251256593,8002.803251256593
2026-08-18 11:21:15,7720.0,7739.75,Put GEX 3,GEX,-440761.771,8002.803251256593,8002.803251256593
2026-08-18 11:21:15,7725.0,7744.75,Put CEX 2,CEX,-2165861.595,8002.803251256593,8002.803251256593
2026-08-18 11:21:15,7735.0,7754.75,Put DEX 5,DEX,-53.607,8002.803251256593,8002.803251256593
2026-08-18 11:21:15,7750.0,7769.75,Put CEX 3,CEX,-1944563.726,8002.803251256593,8002.803251256593
2026-08-18 11:21:15,7750.0,7769.75,Put DEX 4,DEX,-80.69,8002.803251256593,8002.803251256593
2026-08-18 11:21:15,7750.0,7769.75,Put VEX 3,VEX,-579920.476,8002.803251256593,8002.803251256593
2026-08-18 11:21:15,7775.0,7795.0,Call GEX 1,GEX,235154.755,8002.803251256593,8002.803251256593
2026-08-18 11:21:15,7775.0,7795.0,Put VEX 4,VEX,-322777.577,8002.803251256593,8002.803251256593
2026-08-18 11:21:15,7800.0,7820.0,Put DEX 3,DEX,-103.576,8002.803251256593,8002.803251256593
2026-08-18 11:21:15,7800.0,7820.0,Call GEX 2,GEX,195417.283,8002.803251256593,8002.803251256593
2026-08-18 11:21:15,7800.0,7820.0,Put VEX 2,VEX,-712764.498,8002.803251256593,8002.803251256593
2026-08-18 11:21:15,7825.0,7845.0,Call GEX 3,GEX,100526.812,8002.803251256593,8002.803251256593
2026-08-18 11:21:15,7850.0,7870.0,Call GEX 4,GEX,96256.407,8002.803251256593,8002.803251256593
2026-08-18 11:21:15,7900.0,7920.25,Call GEX 5,GEX,94318.207,8002.803251256593,8002.803251256593
2026-08-18 11:21:15,7900.0,7920.25,Put VEX 5,VEX,-183572.853,8002.803251256593,8002.803251256593
2026-08-18 11:21:15,8000.0,8020.5,Put CEX 1,CEX,-2624294.878,8002.803251256593,8002.803251256593
2026-08-18 11:21:15,8000.0,8020.5,Put DEX 1,DEX,-1016.329,8002.803251256593,8002.803251256593
2026-08-18 11:21:15,8000.0,8020.5,Put VEX 1,VEX,-1363523.2,8002.803251256593,8002.803251256593
2026-08-18 11:21:15,8500.0,8521.75,Put DEX 2,DEX,-106.412,8002.803251256593,8002.803251256593
2026-08-18 11:22:05,7400.0,7419.5,Call VEX 3,VEX,594989.614,8002.776368822431,8002.776368822431
2026-08-18 11:22:05,7500.0,7519.75,Call DEX 1,DEX,317.763,8002.776368822431,8002.776368822431
2026-08-18 11:22:05,7500.0,7519.75,Call VEX 2,VEX,724059.002,8002.776368822431,8002.776368822431
2026-08-18 11:22:05,7550.0,7569.75,Call DEX 3,DEX,147.01,8002.776368822431,8002.776368822431
2026-08-18 11:22:05,7550.0,7569.75,Call VEX 5,VEX,556207.238,8002.776368822431,8002.776368822431
2026-08-18 11:22:05,7600.0,7620.0,Call CEX 3,CEX,1840637.684,8002.776368822431,8002.776368822431
2026-08-18 11:22:05,7600.0,7620.0,Call DEX 2,DEX,202.325,8002.776368822431,8002.776368822431
2026-08-18 11:22:05,7600.0,7620.0,Call VEX 1,VEX,1034325.903,8002.776368822431,8002.776368822431
2026-08-18 11:22:05,7625.0,7645.0,Call DEX 5,DEX,62.152,8002.776368822431,8002.776368822431
2026-08-18 11:22:05,7635.0,7655.0,Call CEX 1,CEX,2613739.052,8002.776368822431,8002.776368822431
2026-08-18 11:22:05,7650.0,7670.25,Call CEX 2,CEX,2128502.881,8002.776368822431,8002.776368822431
2026-08-18 11:22:05,7650.0,7670.25,Call DEX 4,DEX,76.646,8002.776368822431,8002.776368822431
2026-08-18 11:22:05,7650.0,7670.25,Call VEX 4,VEX,582493.043,8002.776368822431,8002.776368822431
2026-08-18 11:22:05,7690.0,7710.25,Call CEX 5,CEX,1247554.295,8002.776368822431,8002.776368822431
2026-08-18 11:22:05,7690.0,7710.25,Put GEX 5,GEX,-261108.895,8002.776368822431,8002.776368822431
2026-08-18 11:22:05,7695.0,7715.25,Put GEX 4,GEX,-322298.644,8002.776368822431,8002.776368822431
2026-08-18 11:22:05,7700.0,7720.25,Call CEX 4,CEX,1277370.551,8002.776368822431,8002.776368822431
2026-08-18 11:22:05,7700.0,7720.25,Put GEX 1,GEX,-630319.725,8002.776368822431,8002.776368822431
2026-08-18 11:22:05,7710.0,7730.25,Put CEX 5,CEX,-1630870.652,8002.776368822431,8002.776368822431
2026-08-18 11:22:05,7710.0,7730.25,Put GEX 2,GEX,-473815.53,8002.776368822431,8002.776368822431
2026-08-18 11:22:05,7720.0,7740.25,Put GEX 3,GEX,-441152.933,8002.776368822431,8002.776368822431
2026-08-18 11:22:05,7725.0,7745.25,Put CEX 2,CEX,-1966849.897,8002.776368822431,8002.776368822431
2026-08-18 11:22:05,7725.0,7745.25,Put DEX 5,DEX,-53.478,8002.776368822431,8002.776368822431
2026-08-18 11:22:05,7750.0,7770.5,Put CEX 3,CEX,-1945423.779,8002.776368822431,8002.776368822431
2026-08-18 11:22:05,7750.0,7770.5,Put DEX 4,DEX,-80.769,8002.776368822431,8002.776368822431
2026-08-18 11:22:05,7750.0,7770.5,Put VEX 3,VEX,-578672.101,8002.776368822431,8002.776368822431
2026-08-18 11:22:05,7775.0,7795.5,Call GEX 1,GEX,236108.032,8002.776368822431,8002.776368822431
2026-08-18 11:22:05,7775.0,7795.5,Put VEX 4,VEX,-322669.05,8002.776368822431,8002.776368822431
2026-08-18 11:22:05,7800.0,7820.5,Put CEX 4,CEX,-1673003.046,8002.776368822431,8002.776368822431
2026-08-18 11:22:05,7800.0,7820.5,Put DEX 3,DEX,-103.997,8002.776368822431,8002.776368822431
2026-08-18 11:22:05,7800.0,7820.5,Call GEX 2,GEX,200830.229,8002.776368822431,8002.776368822431
2026-08-18 11:22:05,7800.0,7820.5,Put VEX 2,VEX,-711703.07,8002.776368822431,8002.776368822431
2026-08-18 11:22:05,7825.0,7845.5,Call GEX 3,GEX,100637.803,8002.776368822431,8002.776368822431
2026-08-18 11:22:05,7850.0,7870.75,Call GEX 4,GEX,95936.722,8002.776368822431,8002.776368822431
2026-08-18 11:22:05,7900.0,7920.75,Call GEX 5,GEX,94465.492,8002.776368822431,8002.776368822431
2026-08-18 11:22:05,7900.0,7920.75,Put VEX 5,VEX,-184168.261,8002.776368822431,8002.776368822431
2026-08-18 11:22:05,8000.0,8021.0,Put CEX 1,CEX,-2611822.968,8002.776368822431,8002.776368822431
2026-08-18 11:22:05,8000.0,8021.0,Put DEX 1,DEX,-1016.648,8002.776368822431,8002.776368822431
2026-08-18 11:22:05,8000.0,8021.0,Put VEX 1,VEX,-1357675.164,8002.776368822431,8002.776368822431
2026-08-18 11:22:05,8500.0,8522.25,Put DEX 2,DEX,-106.394,8002.776368822431,8002.776368822431
2026-08-18 11:22:59,7400.0,7419.25,Call VEX 4,VEX,568136.051,8002.802317837221,8002.802317837221
2026-08-18 11:22:59,7500.0,7519.5,Call DEX 1,DEX,319.719,8002.802317837221,8002.802317837221
2026-08-18 11:22:59,7500.0,7519.5,Call VEX 2,VEX,654833.888,8002.802317837221,8002.802317837221
2026-08-18 11:22:59,7550.0,7569.5,Call DEX 3,DEX,147.825,8002.802317837221,8002.802317837221
2026-08-18 11:22:59,7550.0,7569.5,Call VEX 5,VEX,544771.683,8002.802317837221,8002.802317837221
2026-08-18 11:22:59,7600.0,7619.75,Call CEX 3,CEX,1811994.775,8002.802317837221,8002.802317837221
2026-08-18 11:22:59,7600.0,7619.75,Call DEX 2,DEX,203.882,8002.802317837221,8002.802317837221
2026-08-18 11:22:59,7600.0,7619.75,Call VEX 1,VEX,1029714.626,8002.802317837221,8002.802317837221
2026-08-18 11:22:59,7625.0,7644.75,Call DEX 5,DEX,62.715,8002.802317837221,8002.802317837221
2026-08-18 11:22:59,7635.0,7654.75,Call CEX 1,CEX,2604143.439,8002.802317837221,8002.802317837221
2026-08-18 11:22:59,7650.0,7669.75,Call CEX 2,CEX,2126169.886,8002.802317837221,8002.802317837221
2026-08-18 11:22:59,7650.0,7669.75,Call DEX 4,DEX,78.036,8002.802317837221,8002.802317837221
2026-08-18 11:22:59,7650.0,7669.75,Call VEX 3,VEX,587992.162,8002.802317837221,8002.802317837221
2026-08-18 11:22:59,7690.0,7710.0,Call CEX 5,CEX,1255119.089,8002.802317837221,8002.802317837221
2026-08-18 11:22:59,7695.0,7715.0,Put GEX 4,GEX,-303475.1,8002.802317837221,8002.802317837221
2026-08-18 11:22:59,7700.0,7720.0,Call CEX 4,CEX,1666444.295,8002.802317837221,8002.802317837221
2026-08-18 11:22:59,7700.0,7720.0,Put GEX 1,GEX,-583535.741,8002.802317837221,8002.802317837221
2026-08-18 11:22:59,7710.0,7730.0,Put GEX 2,GEX,-474518.379,8002.802317837221,8002.802317837221
2026-08-18 11:22:59,7720.0,7740.0,Put CEX 4,CEX,-1759129.199,8002.802317837221,8002.802317837221
2026-08-18 11:22:59,7720.0,7740.0,Put GEX 3,GEX,-469579.453,8002.802317837221,8002.802317837221
2026-08-18 11:22:59,7725.0,7745.0,Put CEX 2,CEX,-2541366.48,8002.802317837221,8002.802317837221
2026-08-18 11:22:59,7735.0,7755.0,Put DEX 5,DEX,-52.842,8002.802317837221,8002.802317837221
2026-08-18 11:22:59,7735.0,7755.0,Put GEX 5,GEX,-276239.607,8002.802317837221,8002.802317837221
2026-08-18 11:22:59,7750.0,7770.0,Put CEX 3,CEX,-1944570.978,8002.802317837221,8002.802317837221
2026-08-18 11:22:59,7750.0,7770.0,Put DEX 4,DEX,-78.573,8002.802317837221,8002.802317837221
2026-08-18 11:22:59,7750.0,7770.0,Put VEX 3,VEX,-570991.312,8002.802317837221,8002.802317837221
2026-08-18 11:22:59,7775.0,7795.25,Call GEX 1,GEX,241214.906,8002.802317837221,8002.802317837221
2026-08-18 11:22:59,7775.0,7795.25,Put VEX 4,VEX,-322955.651,8002.802317837221,8002.802317837221
2026-08-18 11:22:59,7800.0,7820.25,Put CEX 5,CEX,-1690701.736,8002.802317837221,8002.802317837221
2026-08-18 11:22:59,7800.0,7820.25,Put DEX 3,DEX,-103.054,8002.802317837221,8002.802317837221
2026-08-18 11:22:59,7800.0,7820.25,Call GEX 2,GEX,204216.495,8002.802317837221,8002.802317837221
2026-08-18 11:22:59,7800.0,7820.25,Put VEX 2,VEX,-716159.75,8002.802317837221,8002.802317837221
2026-08-18 11:22:59,7825.0,7845.25,Call GEX 3,GEX,102657.865,8002.802317837221,8002.802317837221
2026-08-18 11:22:59,7850.0,7870.25,Call GEX 4,GEX,97417.125,8002.802317837221,8002.802317837221
2026-08-18 11:22:59,7900.0,7920.5,Call GEX 5,GEX,95660.031,8002.802317837221,8002.802317837221
2026-08-18 11:22:59,7900.0,7920.5,Put VEX 5,VEX,-185211.654,8002.802317837221,8002.802317837221
2026-08-18 11:22:59,8000.0,8020.75,Put CEX 1,CEX,-2658539.582,8002.802317837221,8002.802317837221
2026-08-18 11:22:59,8000.0,8020.75,Put DEX 1,DEX,-1015.693,8002.802317837221,8002.802317837221
2026-08-18 11:22:59,8000.0,8020.75,Put VEX 1,VEX,-1381037.342,8002.802317837221,8002.802317837221
2026-08-18 11:22:59,8500.0,8522.0,Put DEX 2,DEX,-106.357,8002.802317837221,8002.802317837221
2026-08-18 11:23:54,7400.0,7419.25,Call VEX 3,VEX,592061.041,8002.786166753363,8002.786166753363
2026-08-18 11:23:54,7500.0,7519.5,Call CEX 5,CEX,1221804.562,8002.786166753363,8002.786166753363
2026-08-18 11:23:54,7500.0,7519.5,Call DEX 1,DEX,318.154,8002.786166753363,8002.786166753363
2026-08-18 11:23:54,7500.0,7519.5,Call VEX 2,VEX,757134.287,8002.786166753363,8002.786166753363
2026-08-18 11:23:54,7550.0,7569.75,Call DEX 3,DEX,147.641,8002.786166753363,8002.786166753363
2026-08-18 11:23:54,7550.0,7569.75,Call VEX 5,VEX,561720.725,8002.786166753363,8002.786166753363
2026-08-18 11:23:54,7600.0,7619.75,Call CEX 3,CEX,1849485.198,8002.786166753363,8002.786166753363
2026-08-18 11:23:54,7600.0,7619.75,Call DEX 2,DEX,200.941,8002.786166753363,8002.786166753363
2026-08-18 11:23:54,7600.0,7619.75,Call VEX 1,VEX,1038458.427,8002.786166753363,8002.786166753363
2026-08-18 11:23:54,7625.0,7645.0,Call DEX 5,DEX,61.868,8002.786166753363,8002.786166753363
2026-08-18 11:23:54,7635.0,7655.0,Call CEX 1,CEX,2650300.526,8002.786166753363,8002.786166753363
2026-08-18 11:23:54,7650.0,7670.0,Call CEX 2,CEX,2130431.929,8002.786166753363,8002.786166753363
2026-08-18 11:23:54,7650.0,7670.0,Call DEX 4,DEX,75.911,8002.786166753363,8002.786166753363
2026-08-18 11:23:54,7650.0,7670.0,Call VEX 4,VEX,579307.044,8002.786166753363,8002.786166753363
2026-08-18 11:23:54,7690.0,7710.0,Call CEX 4,CEX,1257609.22,8002.786166753363,8002.786166753363
2026-08-18 11:23:54,7690.0,7710.0,Put GEX 5,GEX,-267576.012,8002.786166753363,8002.786166753363
2026-08-18 11:23:54,7695.0,7715.0,Put GEX 4,GEX,-332011.475,8002.786166753363,8002.786166753363
2026-08-18 11:23:54,7700.0,7720.0,Put GEX 1,GEX,-637980.362,8002.786166753363,8002.786166753363
2026-08-18 11:23:54,7710.0,7730.0,Put CEX 4,CEX,-1719565.044,8002.786166753363,8002.786166753363
2026-08-18 11:23:54,7710.0,7730.0,Put GEX 2,GEX,-457567.732,8002.786166753363,8002.786166753363
2026-08-18 11:23:54,7720.0,7740.25,Put GEX 3,GEX,-430101.437,8002.786166753363,8002.786166753363
2026-08-18 11:23:54,7725.0,7745.25,Put CEX 2,CEX,-2059677.334,8002.786166753363,8002.786166753363
2026-08-18 11:23:54,7735.0,7755.25,Put DEX 5,DEX,-54.034,8002.786166753363,8002.786166753363
2026-08-18 11:23:54,7750.0,7770.25,Put CEX 3,CEX,-1951818.106,8002.786166753363,8002.786166753363
2026-08-18 11:23:54,7750.0,7770.25,Put DEX 4,DEX,-81.452,8002.786166753363,8002.786166753363
2026-08-18 11:23:54,7750.0,7770.25,Put VEX 3,VEX,-582190.145,8002.786166753363,8002.786166753363
2026-08-18 11:23:54,7775.0,7795.25,Call GEX 1,GEX,233583.033,8002.786166753363,8002.786166753363
2026-08-18 11:23:54,7775.0,7795.25,Put VEX 4,VEX,-322580.767,8002.786166753363,8002.786166753363
2026-08-18 11:23:54,7800.0,7820.25,Put CEX 5,CEX,-1670039.495,8002.786166753363,8002.786166753363
2026-08-18 11:23:54,7800.0,7820.25,Put DEX 3,DEX,-104.633,8002.786166753363,8002.786166753363
2026-08-18 11:23:54,7800.0,7820.25,Call GEX 2,GEX,201470.503,8002.786166753363,8002.786166753363
2026-08-18 11:23:54,7800.0,7820.25,Put VEX 2,VEX,-709017.45,8002.786166753363,8002.786166753363
2026-08-18 11:23:54,7825.0,7845.5,Call GEX 3,GEX,100437.866,8002.786166753363,8002.786166753363
2026-08-18 11:23:54,7850.0,7870.5,Call GEX 4,GEX,95523.224,8002.786166753363,8002.786166753363
2026-08-18 11:23:54,7900.0,7920.5,Call GEX 5,GEX,94526.638,8002.786166753363,8002.786166753363
2026-08-18 11:23:54,7900.0,7920.5,Put VEX 5,VEX,-184074.76,8002.786166753363,8002.786166753363
2026-08-18 11:23:54,8000.0,8020.75,Put CEX 1,CEX,-2651271.154,8002.786166753363,8002.786166753363
2026-08-18 11:23:54,8000.0,8020.75,Put DEX 1,DEX,-1015.567,8002.786166753363,8002.786166753363
2026-08-18 11:23:54,8000.0,8020.75,Put VEX 1,VEX,-1378306.059,8002.786166753363,8002.786166753363
2026-08-18 11:23:54,8500.0,8522.25,Put DEX 2,DEX,-106.331,8002.786166753363,8002.786166753363
2026-08-18 11:24:43,7400.0,7419.5,Call VEX 3,VEX,602557.508,8002.296911626898,8002.296911626898
2026-08-18 11:24:43,7500.0,7519.75,Call CEX 4,CEX,1276918.598,8002.296911626898,8002.296911626898
2026-08-18 11:24:43,7500.0,7519.75,Call DEX 1,DEX,317.177,8002.296911626898,8002.296911626898
2026-08-18 11:24:43,7500.0,7519.75,Call VEX 2,VEX,781784.075,8002.296911626898,8002.296911626898
2026-08-18 11:24:43,7550.0,7569.75,Call DEX 3,DEX,147.323,8002.296911626898,8002.296911626898
2026-08-18 11:24:43,7550.0,7569.75,Call VEX 5,VEX,565027.716,8002.296911626898,8002.296911626898
2026-08-18 11:24:43,7600.0,7620.0,Call CEX 3,CEX,1903007.634,8002.296911626898,8002.296911626898
2026-08-18 11:24:43,7600.0,7620.0,Call DEX 2,DEX,200.148,8002.296911626898,8002.296911626898
2026-08-18 11:24:43,7600.0,7620.0,Call VEX 1,VEX,1041869.33,8002.296911626898,8002.296911626898
2026-08-18 11:24:43,7625.0,7645.0,Call DEX 5,DEX,61.548,8002.296911626898,8002.296911626898
2026-08-18 11:24:43,7635.0,7655.0,Call CEX 1,CEX,2678339.245,8002.296911626898,8002.296911626898
2026-08-18 11:24:43,7650.0,7670.0,Call CEX 2,CEX,2168020.012,8002.296911626898,8002.296911626898
2026-08-18 11:24:43,7650.0,7670.0,Call DEX 4,DEX,75.214,8002.296911626898,8002.296911626898
2026-08-18 11:24:43,7650.0,7670.0,Call VEX 4,VEX,576917.173,8002.296911626898,8002.296911626898
2026-08-18 11:24:43,7690.0,7710.25,Call CEX 5,CEX,1256441.679,8002.296911626898,8002.296911626898
2026-08-18 11:24:43,7690.0,7710.25,Put GEX 5,GEX,-277239.254,8002.296911626898,8002.296911626898
2026-08-18 11:24:43,7695.0,7715.25,Put GEX 3,GEX,-351092.011,8002.296911626898,8002.296911626898
2026-08-18 11:24:43,7700.0,7720.25,Put GEX 1,GEX,-722445.403,8002.296911626898,8002.296911626898
2026-08-18 11:24:43,7710.0,7730.25,Put CEX 3,CEX,-1908708.498,8002.296911626898,8002.296911626898
2026-08-18 11:24:43,7710.0,7730.25,Put GEX 2,GEX,-471592.498,8002.296911626898,8002.296911626898
2026-08-18 11:24:43,7715.0,7735.25,Put CEX 5,CEX,-1128592.43,8002.296911626898,8002.296911626898
2026-08-18 11:24:43,7720.0,7740.25,Put GEX 4,GEX,-305605.144,8002.296911626898,8002.296911626898
2026-08-18 11:24:43,7735.0,7755.25,Put DEX 5,DEX,-44.25,8002.296911626898,8002.296911626898
2026-08-18 11:24:43,7750.0,7770.25,Put CEX 2,CEX,-1955077.676,8002.296911626898,8002.296911626898
2026-08-18 11:24:43,7750.0,7770.25,Put DEX 4,DEX,-82.77,8002.296911626898,8002.296911626898
2026-08-18 11:24:43,7750.0,7770.25,Put VEX 3,VEX,-586382.146,8002.296911626898,8002.296911626898
2026-08-18 11:24:43,7775.0,7795.5,Call GEX 1,GEX,231272.73,8002.296911626898,8002.296911626898
2026-08-18 11:24:43,7775.0,7795.5,Put VEX 4,VEX,-322371.108,8002.296911626898,8002.296911626898
2026-08-18 11:24:43,7800.0,7820.5,Put CEX 4,CEX,-1662747.336,8002.296911626898,8002.296911626898
2026-08-18 11:24:43,7800.0,7820.5,Put DEX 3,DEX,-105.1,8002.296911626898,8002.296911626898
2026-08-18 11:24:43,7800.0,7820.5,Call GEX 2,GEX,199681.663,8002.296911626898,8002.296911626898
2026-08-18 11:24:43,7800.0,7820.5,Put VEX 2,VEX,-706916.422,8002.296911626898,8002.296911626898
2026-08-18 11:24:43,7825.0,7845.5,Call GEX 3,GEX,99652.624,8002.296911626898,8002.296911626898
2026-08-18 11:24:43,7850.0,7870.5,Call GEX 5,GEX,95422.745,8002.296911626898,8002.296911626898
2026-08-18 11:24:43,7900.0,7920.75,Call GEX 4,GEX,96072.608,8002.296911626898,8002.296911626898
2026-08-18 11:24:43,7900.0,7920.75,Put VEX 5,VEX,-186232.131,8002.296911626898,8002.296911626898
2026-08-18 11:24:43,8000.0,8021.0,Put CEX 1,CEX,-2413278.132,8002.296911626898,8002.296911626898
2026-08-18 11:24:43,8000.0,8021.0,Put DEX 1,DEX,-1020.948,8002.296911626898,8002.296911626898
2026-08-18 11:24:43,8000.0,8021.0,Put VEX 1,VEX,-1260175.412,8002.296911626898,8002.296911626898
2026-08-18 11:24:43,8500.0,8522.25,Put DEX 2,DEX,-106.618,8002.296911626898,8002.296911626898
2026-08-18 11:25:42,7400.0,7419.0,Call VEX 3,VEX,586022.759,8002.779961702337,8002.779961702337
2026-08-18 11:25:42,7500.0,7519.25,Call VEX 2,VEX,596378.339,8002.779961702337,8002.779961702337
2026-08-18 11:25:42,7550.0,7569.5,Call DEX 2,DEX,148.442,8002.779961702337,8002.779961702337
2026-08-18 11:25:42,7550.0,7569.5,Call VEX 5,VEX,548269.053,8002.779961702337,8002.779961702337
2026-08-18 11:25:42,7575.0,7594.5,Call DEX 5,DEX,40.997,8002.779961702337,8002.779961702337
2026-08-18 11:25:42,7600.0,7619.5,Call CEX 3,CEX,1811485.372,8002.779961702337,8002.779961702337
2026-08-18 11:25:42,7600.0,7619.5,Call DEX 1,DEX,201.808,8002.779961702337,8002.779961702337
2026-08-18 11:25:42,7600.0,7619.5,Call VEX 1,VEX,1031723.33,8002.779961702337,8002.779961702337
2026-08-18 11:25:42,7625.0,7644.5,Call DEX 4,DEX,61.938,8002.779961702337,8002.779961702337
2026-08-18 11:25:42,7635.0,7654.75,Call CEX 1,CEX,2682971.23,8002.779961702337,8002.779961702337
2026-08-18 11:25:42,7650.0,7669.75,Call CEX 2,CEX,2138076.433,8002.779961702337,8002.779961702337
2026-08-18 11:25:42,7650.0,7669.75,Call DEX 3,DEX,75.831,8002.779961702337,8002.779961702337
2026-08-18 11:25:42,7650.0,7669.75,Call VEX 4,VEX,578540.548,8002.779961702337,8002.779961702337
2026-08-18 11:25:42,7675.0,7694.75,Call CEX 5,CEX,1219908.478,8002.779961702337,8002.779961702337
2026-08-18 11:25:42,7690.0,7709.75,Call CEX 4,CEX,1268035.175,8002.779961702337,8002.779961702337
2026-08-18 11:25:42,7690.0,7709.75,Put GEX 5,GEX,-273686.715,8002.779961702337,8002.779961702337
2026-08-18 11:25:42,7695.0,7714.75,Put GEX 4,GEX,-345529.341,8002.779961702337,8002.779961702337
2026-08-18 11:25:42,7700.0,7719.75,Put GEX 1,GEX,-670648.828,8002.779961702337,8002.779961702337
2026-08-18 11:25:42,7710.0,7729.75,Put CEX 4,CEX,-1832299.822,8002.779961702337,8002.779961702337
2026-08-18 11:25:42,7710.0,7729.75,Put GEX 2,GEX,-455247.535,8002.779961702337,8002.779961702337
2026-08-18 11:25:42,7720.0,7739.75,Put GEX 3,GEX,-420271.69,8002.779961702337,8002.779961702337
2026-08-18 11:25:42,7725.0,7744.75,Put CEX 3,CEX,-2170027.467,8002.779961702337,8002.779961702337
2026-08-18 11:25:42,7725.0,7744.75,Put DEX 5,DEX,-54.516,8002.779961702337,8002.779961702337
2026-08-18 11:25:42,7725.0,7744.75,Put VEX 5,VEX,-188716.572,8002.779961702337,8002.779961702337
2026-08-18 11:25:42,7750.0,7770.0,Put CEX 2,CEX,-2511983.877,8002.779961702337,8002.779961702337
2026-08-18 11:25:42,7750.0,7770.0,Put DEX 2,DEX,-107.693,8002.779961702337,8002.779961702337
2026-08-18 11:25:42,7750.0,7770.0,Put VEX 3,VEX,-597550.285,8002.779961702337,8002.779961702337
2026-08-18 11:25:42,7775.0,7795.0,Call GEX 1,GEX,229752.664,8002.779961702337,8002.779961702337
2026-08-18 11:25:42,7775.0,7795.0,Put VEX 4,VEX,-323490.823,8002.779961702337,8002.779961702337
2026-08-18 11:25:42,7800.0,7820.0,Put CEX 5,CEX,-1671325.635,8002.779961702337,8002.779961702337
2026-08-18 11:25:42,7800.0,7820.0,Put DEX 4,DEX,-104.408,8002.779961702337,8002.779961702337
2026-08-18 11:25:42,7800.0,7820.0,Call GEX 2,GEX,191660.594,8002.779961702337,8002.779961702337
2026-08-18 11:25:42,7800.0,7820.0,Put VEX 2,VEX,-709710.189,8002.779961702337,8002.779961702337
2026-08-18 11:25:42,7825.0,7845.0,Call GEX 3,GEX,99471.119,8002.779961702337,8002.779961702337
2026-08-18 11:25:42,7850.0,7870.25,Call GEX 5,GEX,94764.065,8002.779961702337,8002.779961702337
2026-08-18 11:25:42,7900.0,7920.25,Call GEX 4,GEX,95573.183,8002.779961702337,8002.779961702337
2026-08-18 11:25:42,8000.0,8020.5,Put CEX 1,CEX,-2650775.347,8002.779961702337,8002.779961702337
2026-08-18 11:25:42,8000.0,8020.5,Put DEX 1,DEX,-1015.595,8002.779961702337,8002.779961702337
2026-08-18 11:25:42,8000.0,8020.5,Put VEX 1,VEX,-1375415.184,8002.779961702337,8002.779961702337
2026-08-18 11:25:42,8500.0,8521.75,Put DEX 3,DEX,-106.298,8002.779961702337,8002.779961702337
2026-08-18 11:26:33,7400.0,7419.25,Call VEX 3,VEX,603605.419,8002.171152534713,8002.171152534713
2026-08-18 11:26:33,7500.0,7519.5,Call CEX 4,CEX,1278686.303,8002.171152534713,8002.171152534713
2026-08-18 11:26:33,7500.0,7519.5,Call DEX 1,DEX,316.996,8002.171152534713,8002.171152534713
2026-08-18 11:26:33,7500.0,7519.5,Call VEX 2,VEX,782012.617,8002.171152534713,8002.171152534713
2026-08-18 11:26:33,7550.0,7569.75,Call DEX 3,DEX,146.84,8002.171152534713,8002.171152534713
2026-08-18 11:26:33,7550.0,7569.75,Call VEX 5,VEX,569705.527,8002.171152534713,8002.171152534713
2026-08-18 11:26:33,7600.0,7619.75,Call CEX 3,CEX,1926944.026,8002.171152534713,8002.171152534713
2026-08-18 11:26:33,7600.0,7619.75,Call DEX 2,DEX,199.476,8002.171152534713,8002.171152534713
2026-08-18 11:26:33,7600.0,7619.75,Call VEX 1,VEX,1043074.92,8002.171152534713,8002.171152534713
2026-08-18 11:26:33,7625.0,7644.75,Call DEX 5,DEX,61.233,8002.171152534713,8002.171152534713
2026-08-18 11:26:33,7635.0,7655.0,Call CEX 1,CEX,2725763.636,8002.171152534713,8002.171152534713
2026-08-18 11:26:33,7650.0,7670.0,Call CEX 2,CEX,2194144.29,8002.171152534713,8002.171152534713
2026-08-18 11:26:33,7650.0,7670.0,Call DEX 4,DEX,74.325,8002.171152534713,8002.171152534713
2026-08-18 11:26:33,7650.0,7670.0,Call VEX 4,VEX,573379.012,8002.171152534713,8002.171152534713
2026-08-18 11:26:33,7690.0,7710.0,Call CEX 5,CEX,1260796.402,8002.171152534713,8002.171152534713
2026-08-18 11:26:33,7690.0,7710.0,Put GEX 5,GEX,-290179.235,8002.171152534713,8002.171152534713
2026-08-18 11:26:33,7695.0,7715.0,Put GEX 3,GEX,-371232.321,8002.171152534713,8002.171152534713
2026-08-18 11:26:33,7700.0,7720.0,Put GEX 1,GEX,-764401.053,8002.171152534713,8002.171152534713
2026-08-18 11:26:33,7710.0,7730.0,Put CEX 2,CEX,-2006224.76,8002.171152534713,8002.171152534713
2026-08-18 11:26:33,7710.0,7730.0,Put GEX 2,GEX,-444712.557,8002.171152534713,8002.171152534713
2026-08-18 11:26:33,7720.0,7740.0,Put GEX 4,GEX,-305237.082,8002.171152534713,8002.171152534713
2026-08-18 11:26:33,7735.0,7755.25,Put DEX 5,DEX,-44.942,8002.171152534713,8002.171152534713
2026-08-18 11:26:33,7750.0,7770.25,Put CEX 3,CEX,-1872005.899,8002.171152534713,8002.171152534713
2026-08-18 11:26:33,7750.0,7770.25,Put DEX 4,DEX,-84.83,8002.171152534713,8002.171152534713
2026-08-18 11:26:33,7750.0,7770.25,Put VEX 3,VEX,-591575.86,8002.171152534713,8002.171152534713
2026-08-18 11:26:33,7775.0,7795.25,Put CEX 5,CEX,-979190.225,8002.171152534713,8002.171152534713
2026-08-18 11:26:33,7775.0,7795.25,Call GEX 1,GEX,227513.19,8002.171152534713,8002.171152534713
2026-08-18 11:26:33,7775.0,7795.25,Put VEX 4,VEX,-321782.273,8002.171152534713,8002.171152534713
2026-08-18 11:26:33,7800.0,7820.25,Put CEX 4,CEX,-1643448.229,8002.171152534713,8002.171152534713
2026-08-18 11:26:33,7800.0,7820.25,Put DEX 3,DEX,-106.333,8002.171152534713,8002.171152534713
2026-08-18 11:26:33,7800.0,7820.25,Call GEX 2,GEX,196515.796,8002.171152534713,8002.171152534713
2026-08-18 11:26:33,7800.0,7820.25,Put VEX 2,VEX,-699549.761,8002.171152534713,8002.171152534713
2026-08-18 11:26:33,7825.0,7845.5,Call GEX 3,GEX,98671.855,8002.171152534713,8002.171152534713
2026-08-18 11:26:33,7850.0,7870.5,Call GEX 5,GEX,94099.459,8002.171152534713,8002.171152534713
2026-08-18 11:26:33,7900.0,7920.5,Call GEX 4,GEX,94493.799,8002.171152534713,8002.171152534713
2026-08-18 11:26:33,7900.0,7920.5,Put VEX 5,VEX,-184890.489,8002.171152534713,8002.171152534713
2026-08-18 11:26:33,8000.0,8020.75,Put CEX 1,CEX,-2352216.616,8002.171152534713,8002.171152534713
2026-08-18 11:26:33,8000.0,8020.75,Put DEX 1,DEX,-1022.168,8002.171152534713,8002.171152534713
2026-08-18 11:26:33,8000.0,8020.75,Put VEX 1,VEX,-1228706.902,8002.171152534713,8002.171152534713
2026-08-18 11:26:33,8500.0,8522.25,Put DEX 2,DEX,-106.67,8002.171152534713,8002.171152534713
2026-08-18 11:27:22,7400.0,7419.5,Call VEX 3,VEX,592423.756,8002.3726927603775,8002.3726927603775
2026-08-18 11:27:22,7500.0,7519.75,Call CEX 5,CEX,1259080.333,8002.3726927603775,8002.3726927603775
2026-08-18 11:27:22,7500.0,7519.75,Call DEX 1,DEX,316.195,8002.3726927603775,8002.3726927603775
2026-08-18 11:27:22,7500.0,7519.75,Call VEX 2,VEX,772101.445,8002.3726927603775,8002.3726927603775
2026-08-18 11:27:22,7550.0,7569.75,Call DEX 3,DEX,146.532,8002.3726927603775,8002.3726927603775
2026-08-18 11:27:22,7550.0,7569.75,Call VEX 5,VEX,562301.657,8002.3726927603775,8002.3726927603775
2026-08-18 11:27:22,7600.0,7620.0,Call CEX 3,CEX,1902911.16,8002.3726927603775,8002.3726927603775
2026-08-18 11:27:22,7600.0,7620.0,Call DEX 2,DEX,201.428,8002.3726927603775,8002.3726927603775
2026-08-18 11:27:22,7600.0,7620.0,Call VEX 1,VEX,1039548.294,8002.3726927603775,8002.3726927603775
2026-08-18 11:27:22,7625.0,7645.0,Call DEX 5,DEX,62.008,8002.3726927603775,8002.3726927603775
2026-08-18 11:27:22,7635.0,7655.0,Call CEX 1,CEX,2709197.942,8002.3726927603775,8002.3726927603775
2026-08-18 11:27:22,7650.0,7670.0,Call CEX 2,CEX,2189554.886,8002.3726927603775,8002.3726927603775
2026-08-18 11:27:22,7650.0,7670.0,Call DEX 4,DEX,76.219,8002.3726927603775,8002.3726927603775
2026-08-18 11:27:22,7650.0,7670.0,Call VEX 4,VEX,581091.546,8002.3726927603775,8002.3726927603775
2026-08-18 11:27:22,7690.0,7710.25,Call CEX 4,CEX,1279708.46,8002.3726927603775,8002.3726927603775
2026-08-18 11:27:22,7690.0,7710.25,Put GEX 5,GEX,-270436.309,8002.3726927603775,8002.3726927603775
2026-08-18 11:27:22,7695.0,7715.25,Put GEX 3,GEX,-346827.507,8002.3726927603775,8002.3726927603775
2026-08-18 11:27:22,7700.0,7720.25,Put GEX 1,GEX,-731485.273,8002.3726927603775,8002.3726927603775
2026-08-18 11:27:22,7710.0,7730.25,Put CEX 2,CEX,-1901450.587,8002.3726927603775,8002.3726927603775
2026-08-18 11:27:22,7710.0,7730.25,Put GEX 2,GEX,-489503.99,8002.3726927603775,8002.3726927603775
2026-08-18 11:27:22,7715.0,7735.25,Put CEX 5,CEX,-1316529.676,8002.3726927603775,8002.3726927603775
2026-08-18 11:27:22,7720.0,7740.25,Put GEX 4,GEX,-306104.252,8002.3726927603775,8002.3726927603775
2026-08-18 11:27:22,7735.0,7755.25,Put DEX 5,DEX,-44.156,8002.3726927603775,8002.3726927603775
2026-08-18 11:27:22,7750.0,7770.25,Put CEX 3,CEX,-1872757.002,8002.3726927603775,8002.3726927603775
2026-08-18 11:27:22,7750.0,7770.25,Put DEX 4,DEX,-82.566,8002.3726927603775,8002.3726927603775
2026-08-18 11:27:22,7750.0,7770.25,Put VEX 3,VEX,-583572.13,8002.3726927603775,8002.3726927603775
2026-08-18 11:27:22,7775.0,7795.5,Call GEX 1,GEX,232936.232,8002.3726927603775,8002.3726927603775
2026-08-18 11:27:22,7775.0,7795.5,Put VEX 4,VEX,-322248.457,8002.3726927603775,8002.3726927603775
2026-08-18 11:27:22,7800.0,7820.5,Put CEX 4,CEX,-1543755.158,8002.3726927603775,8002.3726927603775
2026-08-18 11:27:22,7800.0,7820.5,Put DEX 3,DEX,-105.322,8002.3726927603775,8002.3726927603775
2026-08-18 11:27:22,7800.0,7820.5,Call GEX 2,GEX,197071.191,8002.3726927603775,8002.3726927603775
2026-08-18 11:27:22,7800.0,7820.5,Put VEX 2,VEX,-702671.822,8002.3726927603775,8002.3726927603775
2026-08-18 11:27:22,7825.0,7845.5,Call GEX 3,GEX,99765.545,8002.3726927603775,8002.3726927603775
2026-08-18 11:27:22,7850.0,7870.5,Call GEX 4,GEX,95132.935,8002.3726927603775,8002.3726927603775
2026-08-18 11:27:22,7900.0,7920.75,Call GEX 5,GEX,93974.999,8002.3726927603775,8002.3726927603775
2026-08-18 11:27:22,7900.0,7920.75,Put VEX 5,VEX,-184299.129,8002.3726927603775,8002.3726927603775
2026-08-18 11:27:22,8000.0,8021.0,Put CEX 1,CEX,-2439451.95,8002.3726927603775,8002.3726927603775
2026-08-18 11:27:22,8000.0,8021.0,Put DEX 1,DEX,-1020.616,8002.3726927603775,8002.3726927603775
2026-08-18 11:27:22,8000.0,8021.0,Put VEX 1,VEX,-1270060.37,8002.3726927603775,8002.3726927603775
2026-08-18 11:27:22,8500.0,8522.25,Put DEX 2,DEX,-106.565,8002.3726927603775,8002.3726927603775
2026-08-18 11:28:11,7400.0,7419.5,Call VEX 3,VEX,602177.597,8001.919947022114,8001.919947022114
2026-08-18 11:28:11,7450.0,7469.75,Call DEX 4,DEX,94.429,8001.919947022114,8001.919947022114
2026-08-18 11:28:11,7500.0,7519.75,Call CEX 4,CEX,1322334.745,8001.919947022114,8001.919947022114
2026-08-18 11:28:11,7500.0,7519.75,Call DEX 1,DEX,315.084,8001.919947022114,8001.919947022114
2026-08-18 11:28:11,7500.0,7519.75,Call VEX 2,VEX,802299.447,8001.919947022114,8001.919947022114
2026-08-18 11:28:11,7550.0,7570.0,Call DEX 3,DEX,146.046,8001.919947022114,8001.919947022114
2026-08-18 11:28:11,7550.0,7570.0,Call VEX 5,VEX,568660.88,8001.919947022114,8001.919947022114
2026-08-18 11:28:11,7600.0,7620.0,Call CEX 3,CEX,1932175.767,8001.919947022114,8001.919947022114
2026-08-18 11:28:11,7600.0,7620.0,Call DEX 2,DEX,200.844,8001.919947022114,8001.919947022114
2026-08-18 11:28:11,7600.0,7620.0,Call VEX 1,VEX,1042558.624,8001.919947022114,8001.919947022114
2026-08-18 11:28:11,7635.0,7655.25,Call CEX 1,CEX,2726935.454,8001.919947022114,8001.919947022114
2026-08-18 11:28:11,7650.0,7670.25,Call CEX 2,CEX,2209452.901,8001.919947022114,8001.919947022114
2026-08-18 11:28:11,7650.0,7670.25,Call DEX 5,DEX,75.884,8001.919947022114,8001.919947022114
2026-08-18 11:28:11,7650.0,7670.25,Call VEX 4,VEX,580085.05,8001.919947022114,8001.919947022114
2026-08-18 11:28:11,7690.0,7710.25,Call CEX 5,CEX,1284101.856,8001.919947022114,8001.919947022114
2026-08-18 11:28:11,7695.0,7715.25,Put GEX 3,GEX,-351465.625,8001.919947022114,8001.919947022114
2026-08-18 11:28:11,7700.0,7720.25,Put GEX 1,GEX,-749462.854,8001.919947022114,8001.919947022114
2026-08-18 11:28:11,7705.0,7725.25,Put GEX 5,GEX,-274041.548,8001.919947022114,8001.919947022114
2026-08-18 11:28:11,7710.0,7730.25,Put CEX 2,CEX,-1961950.317,8001.919947022114,8001.919947022114
2026-08-18 11:28:11,7710.0,7730.25,Put GEX 2,GEX,-495205.552,8001.919947022114,8001.919947022114
2026-08-18 11:28:11,7715.0,7735.5,Put CEX 5,CEX,-1051929.369,8001.919947022114,8001.919947022114
2026-08-18 11:28:11,7720.0,7740.5,Put GEX 4,GEX,-309513.665,8001.919947022114,8001.919947022114
2026-08-18 11:28:11,7735.0,7755.5,Put DEX 5,DEX,-44.222,8001.919947022114,8001.919947022114
2026-08-18 11:28:11,7750.0,7770.5,Put CEX 3,CEX,-1874330.47,8001.919947022114,8001.919947022114
2026-08-18 11:28:11,7750.0,7770.5,Put DEX 4,DEX,-83.012,8001.919947022114,8001.919947022114
2026-08-18 11:28:11,7750.0,7770.5,Put VEX 3,VEX,-584584.443,8001.919947022114,8001.919947022114
2026-08-18 11:28:11,7775.0,7795.5,Call GEX 1,GEX,232484.148,8001.919947022114,8001.919947022114
2026-08-18 11:28:11,7775.0,7795.5,Put VEX 4,VEX,-322093.667,8001.919947022114,8001.919947022114
2026-08-18 11:28:11,7800.0,7820.5,Put CEX 4,CEX,-1533971.743,8001.919947022114,8001.919947022114
2026-08-18 11:28:11,7800.0,7820.5,Put DEX 3,DEX,-105.937,8001.919947022114,8001.919947022114
2026-08-18 11:28:11,7800.0,7820.5,Call GEX 2,GEX,200634.531,8001.919947022114,8001.919947022114
2026-08-18 11:28:11,7800.0,7820.5,Put VEX 2,VEX,-698691.27,8001.919947022114,8001.919947022114
2026-08-18 11:28:11,7825.0,7845.75,Call GEX 3,GEX,99761.827,8001.919947022114,8001.919947022114
2026-08-18 11:28:11,7850.0,7870.75,Call GEX 4,GEX,95186.078,8001.919947022114,8001.919947022114
2026-08-18 11:28:11,7900.0,7920.75,Call GEX 5,GEX,93886.492,8001.919947022114,8001.919947022114
2026-08-18 11:28:11,7900.0,7920.75,Put VEX 5,VEX,-184008.93,8001.919947022114,8001.919947022114
2026-08-18 11:28:11,8000.0,8021.25,Put CEX 1,CEX,-2265323.261,8001.919947022114,8001.919947022114
2026-08-18 11:28:11,8000.0,8021.25,Put DEX 1,DEX,-1024.155,8001.919947022114,8001.919947022114
2026-08-18 11:28:11,8000.0,8021.25,Put VEX 1,VEX,-1186087.586,8001.919947022114,8001.919947022114
2026-08-18 11:28:11,8500.0,8522.5,Put DEX 2,DEX,-106.749,8001.919947022114,8001.919947022114
2026-08-18 11:29:09,7400.0,7419.25,Call VEX 4,VEX,568458.986,11602.704184176868,11602.704184176868
2026-08-18 11:29:09,7500.0,7519.5,Call DEX 1,DEX,320.006,11602.704184176868,11602.704184176868
2026-08-18 11:29:09,7500.0,7519.5,Call VEX 2,VEX,603758.674,11602.704184176868,11602.704184176868
2026-08-18 11:29:09,7550.0,7569.5,Call DEX 3,DEX,146.669,11602.704184176868,11602.704184176868
2026-08-18 11:29:09,7550.0,7569.5,Call VEX 5,VEX,517774.753,11602.704184176868,11602.704184176868
2026-08-18 11:29:09,7600.0,7619.75,Call CEX 3,CEX,1715415.934,11602.704184176868,11602.704184176868
2026-08-18 11:29:09,7600.0,7619.75,Call DEX 2,DEX,193.937,11602.704184176868,11602.704184176868
2026-08-18 11:29:09,7600.0,7619.75,Call VEX 1,VEX,1018619.468,11602.704184176868,11602.704184176868
2026-08-18 11:29:09,7625.0,7644.75,Call DEX 5,DEX,62.731,11602.704184176868,11602.704184176868
2026-08-18 11:29:09,7635.0,7654.75,Call CEX 1,CEX,2710890.659,11602.704184176868,11602.704184176868
2026-08-18 11:29:09,7650.0,7669.75,Call CEX 2,CEX,2183753.512,11602.704184176868,11602.704184176868
2026-08-18 11:29:09,7650.0,7669.75,Call DEX 4,DEX,77.962,11602.704184176868,11602.704184176868
2026-08-18 11:29:09,7650.0,7669.75,Call VEX 3,VEX,587569.054,11602.704184176868,11602.704184176868
2026-08-18 11:29:09,7690.0,7710.0,Call CEX 5,CEX,1293247.213,11602.704184176868,11602.704184176868
2026-08-18 11:29:09,7695.0,7715.0,Put GEX 4,GEX,-322895.245,11602.704184176868,11602.704184176868
2026-08-18 11:29:09,7700.0,7720.0,Call CEX 4,CEX,1553765.5,11602.704184176868,11602.704184176868
2026-08-18 11:29:09,7700.0,7720.0,Put GEX 1,GEX,-638394.863,11602.704184176868,11602.704184176868
2026-08-18 11:29:09,7710.0,7730.0,Put GEX 2,GEX,-484317.141,11602.704184176868,11602.704184176868
2026-08-18 11:29:09,7720.0,7740.0,Put CEX 5,CEX,-1712513.505,11602.704184176868,11602.704184176868
2026-08-18 11:29:09,7720.0,7740.0,Put GEX 3,GEX,-449545.598,11602.704184176868,11602.704184176868
2026-08-18 11:29:09,7725.0,7745.0,Put CEX 2,CEX,-2376446.02,11602.704184176868,11602.704184176868
2026-08-18 11:29:09,7735.0,7755.0,Put DEX 5,DEX,-53.353,11602.704184176868,11602.704184176868
2026-08-18 11:29:09,7735.0,7755.0,Put GEX 5,GEX,-269811.3,11602.704184176868,11602.704184176868
2026-08-18 11:29:09,7750.0,7770.0,Put CEX 4,CEX,-1873841.554,11602.704184176868,11602.704184176868
2026-08-18 11:29:09,7750.0,7770.0,Put DEX 4,DEX,-80.601,11602.704184176868,11602.704184176868
2026-08-18 11:29:09,7750.0,7770.0,Put VEX 3,VEX,-576562.391,11602.704184176868,11602.704184176868
2026-08-18 11:29:09,7775.0,7795.0,Put CEX 3,CEX,-2011685.521,11602.704184176868,11602.704184176868
2026-08-18 11:29:09,7775.0,7795.0,Call GEX 1,GEX,209607.968,11602.704184176868,11602.704184176868
2026-08-18 11:29:09,7775.0,7795.0,Put VEX 4,VEX,-341812.061,11602.704184176868,11602.704184176868
2026-08-18 11:29:09,7800.0,7820.25,Put DEX 3,DEX,-103.429,11602.704184176868,11602.704184176868
2026-08-18 11:29:09,7800.0,7820.25,Call GEX 2,GEX,194298.81,11602.704184176868,11602.704184176868
2026-08-18 11:29:09,7800.0,7820.25,Put VEX 2,VEX,-712021.685,11602.704184176868,11602.704184176868
2026-08-18 11:29:09,7825.0,7845.25,Call GEX 3,GEX,99276.175,11602.704184176868,11602.704184176868
2026-08-18 11:29:09,7850.0,7870.25,Call GEX 4,GEX,94980.262,11602.704184176868,11602.704184176868
2026-08-18 11:29:09,7900.0,7920.5,Call GEX 5,GEX,94514.959,11602.704184176868,11602.704184176868
2026-08-18 11:29:09,7900.0,7920.5,Put VEX 5,VEX,-185097.094,11602.704184176868,11602.704184176868
2026-08-18 11:29:09,8000.0,8020.75,Put CEX 1,CEX,-2795651.02,11602.704184176868,11602.704184176868
2026-08-18 11:29:09,8000.0,8020.75,Put DEX 1,DEX,-1012.278,11602.704184176868,11602.704184176868
2026-08-18 11:29:09,8000.0,8020.75,Put VEX 1,VEX,-1445415.703,11602.704184176868,11602.704184176868
2026-08-18 11:29:09,8500.0,8522.0,Put DEX 2,DEX,-106.199,11602.704184176868,11602.704184176868
2026-08-18 11:29:57,7400.0,7419.25,Call VEX 3,VEX,585325.992,8002.490360177064,8002.490360177064
2026-08-18 11:29:57,7500.0,7519.5,Call DEX 1,DEX,317.365,8002.490360177064,8002.490360177064
2026-08-18 11:29:57,7500.0,7519.5,Call VEX 2,VEX,746393.15,8002.490360177064,8002.490360177064
2026-08-18 11:29:57,7550.0,7569.5,Call DEX 3,DEX,147.372,8002.490360177064,8002.490360177064
2026-08-18 11:29:57,7550.0,7569.5,Call VEX 5,VEX,552623.636,8002.490360177064,8002.490360177064
2026-08-18 11:29:57,7600.0,7619.75,Call CEX 2,CEX,1890763.903,8002.490360177064,8002.490360177064
2026-08-18 11:29:57,7600.0,7619.75,Call DEX 2,DEX,203.128,8002.490360177064,8002.490360177064
2026-08-18 11:29:57,7600.0,7619.75,Call VEX 1,VEX,1034962.199,8002.490360177064,8002.490360177064
2026-08-18 11:29:57,7625.0,7644.75,Call DEX 5,DEX,62.475,8002.490360177064,8002.490360177064
2026-08-18 11:29:57,7635.0,7654.75,Call CEX 1,CEX,2729712.586,8002.490360177064,8002.490360177064
2026-08-18 11:29:57,7650.0,7670.0,Call CEX 3,CEX,1889380.83,8002.490360177064,8002.490360177064
2026-08-18 11:29:57,7650.0,7670.0,Call DEX 4,DEX,77.702,8002.490360177064,8002.490360177064
2026-08-18 11:29:57,7650.0,7670.0,Call VEX 4,VEX,580144.744,8002.490360177064,8002.490360177064
2026-08-18 11:29:57,7690.0,7710.0,Call CEX 5,CEX,1296338.654,8002.490360177064,8002.490360177064
2026-08-18 11:29:57,7695.0,7715.0,Put GEX 4,GEX,-328698.191,8002.490360177064,8002.490360177064
2026-08-18 11:29:57,7700.0,7720.0,Call CEX 4,CEX,1565783.143,8002.490360177064,8002.490360177064
2026-08-18 11:29:57,7700.0,7720.0,Put GEX 1,GEX,-691498.383,8002.490360177064,8002.490360177064
2026-08-18 11:29:57,7705.0,7725.0,Put GEX 5,GEX,-266127.474,8002.490360177064,8002.490360177064
2026-08-18 11:29:57,7710.0,7730.0,Put CEX 3,CEX,-1791237.939,8002.490360177064,8002.490360177064
2026-08-18 11:29:57,7710.0,7730.0,Put GEX 2,GEX,-515293.983,8002.490360177064,8002.490360177064
2026-08-18 11:29:57,7715.0,7735.0,Put CEX 5,CEX,-1408907.43,8002.490360177064,8002.490360177064
2026-08-18 11:29:57,7720.0,7740.0,Put DEX 5,DEX,-47.82,8002.490360177064,8002.490360177064
2026-08-18 11:29:57,7720.0,7740.0,Put GEX 3,GEX,-356644.077,8002.490360177064,8002.490360177064
2026-08-18 11:29:57,7750.0,7770.25,Put CEX 2,CEX,-1876338.212,8002.490360177064,8002.490360177064
2026-08-18 11:29:57,7750.0,7770.25,Put DEX 4,DEX,-81.133,8002.490360177064,8002.490360177064
2026-08-18 11:29:57,7750.0,7770.25,Put VEX 3,VEX,-577598.32,8002.490360177064,8002.490360177064
2026-08-18 11:29:57,7775.0,7795.25,Call GEX 1,GEX,236894.886,8002.490360177064,8002.490360177064
2026-08-18 11:29:57,7775.0,7795.25,Put VEX 4,VEX,-322323.469,8002.490360177064,8002.490360177064
2026-08-18 11:29:57,7800.0,7820.25,Put CEX 4,CEX,-1560949.899,8002.490360177064,8002.490360177064
2026-08-18 11:29:57,7800.0,7820.25,Put DEX 3,DEX,-104.507,8002.490360177064,8002.490360177064
2026-08-18 11:29:57,7800.0,7820.25,Call GEX 2,GEX,199893.54,8002.490360177064,8002.490360177064
2026-08-18 11:29:57,7800.0,7820.25,Put VEX 2,VEX,-706656.38,8002.490360177064,8002.490360177064
2026-08-18 11:29:57,7825.0,7845.25,Call GEX 3,GEX,101272.941,8002.490360177064,8002.490360177064
2026-08-18 11:29:57,7850.0,7870.5,Call GEX 4,GEX,96338.037,8002.490360177064,8002.490360177064
2026-08-18 11:29:57,7900.0,7920.5,Call GEX 5,GEX,94857.41,8002.490360177064,8002.490360177064
2026-08-18 11:29:57,7900.0,7920.5,Put VEX 5,VEX,-184550.393,8002.490360177064,8002.490360177064
2026-08-18 11:29:57,8000.0,8020.75,Put CEX 1,CEX,-2501584.476,8002.490360177064,8002.490360177064
2026-08-18 11:29:57,8000.0,8020.75,Put DEX 1,DEX,-1019.407,8002.490360177064,8002.490360177064
2026-08-18 11:29:57,8000.0,8020.75,Put VEX 1,VEX,-1300304.882,8002.490360177064,8002.490360177064
2026-08-18 11:29:57,8500.0,8522.0,Put DEX 2,DEX,-106.549,8002.490360177064,8002.490360177064
2026-08-18 11:30:49,7400.0,7419.5,Call VEX 3,VEX,591838.9,8002.199314526939,8002.199314526939
2026-08-18 11:30:49,7500.0,7519.75,Call DEX 1,DEX,317.715,8002.199314526939,8002.199314526939
2026-08-18 11:30:49,7500.0,7519.75,Call VEX 2,VEX,732615.272,8002.199314526939,8002.199314526939
2026-08-18 11:30:49,7550.0,7570.0,Call DEX 3,DEX,147.185,8002.199314526939,8002.199314526939
2026-08-18 11:30:49,7550.0,7570.0,Call VEX 5,VEX,554843.44,8002.199314526939,8002.199314526939
2026-08-18 11:30:49,7600.0,7620.0,Call CEX 2,CEX,1911992.131,8002.199314526939,8002.199314526939
2026-08-18 11:30:49,7600.0,7620.0,Call DEX 2,DEX,202.819,8002.199314526939,8002.199314526939
2026-08-18 11:30:49,7600.0,7620.0,Call VEX 1,VEX,1036506.237,8002.199314526939,8002.199314526939
2026-08-18 11:30:49,7625.0,7645.0,Call DEX 5,DEX,62.405,8002.199314526939,8002.199314526939
2026-08-18 11:30:49,7635.0,7655.25,Call CEX 1,CEX,2744140.286,8002.199314526939,8002.199314526939
2026-08-18 11:30:49,7650.0,7670.25,Call CEX 3,CEX,1898511.165,8002.199314526939,8002.199314526939
2026-08-18 11:30:49,7650.0,7670.25,Call DEX 4,DEX,77.574,8002.199314526939,8002.199314526939
2026-08-18 11:30:49,7650.0,7670.25,Call VEX 4,VEX,579695.847,8002.199314526939,8002.199314526939
2026-08-18 11:30:49,7690.0,7710.25,Call CEX 5,CEX,1302063.983,8002.199314526939,8002.199314526939
2026-08-18 11:30:49,7695.0,7715.25,Put GEX 3,GEX,-331817.492,8002.199314526939,8002.199314526939
2026-08-18 11:30:49,7700.0,7720.25,Call CEX 4,CEX,1575479.674,8002.199314526939,8002.199314526939
2026-08-18 11:30:49,7700.0,7720.25,Put GEX 1,GEX,-708593.78,8002.199314526939,8002.199314526939
2026-08-18 11:30:49,7705.0,7725.25,Put GEX 5,GEX,-275130.747,8002.199314526939,8002.199314526939
2026-08-18 11:30:49,7710.0,7730.25,Put CEX 3,CEX,-1861011.241,8002.199314526939,8002.199314526939
2026-08-18 11:30:49,7710.0,7730.25,Put GEX 2,GEX,-530545.03,8002.199314526939,8002.199314526939
2026-08-18 11:30:49,7715.0,7735.25,Put CEX 5,CEX,-1322876.367,8002.199314526939,8002.199314526939
2026-08-18 11:30:49,7720.0,7740.25,Put GEX 4,GEX,-308540.717,8002.199314526939,8002.199314526939
2026-08-18 11:30:49,7735.0,7755.5,Put DEX 5,DEX,-43.706,8002.199314526939,8002.199314526939
2026-08-18 11:30:49,7750.0,7770.5,Put CEX 2,CEX,-1877754.977,8002.199314526939,8002.199314526939
2026-08-18 11:30:49,7750.0,7770.5,Put DEX 4,DEX,-81.2,8002.199314526939,8002.199314526939
2026-08-18 11:30:49,7750.0,7770.5,Put VEX 3,VEX,-577689.936,8002.199314526939,8002.199314526939
2026-08-18 11:30:49,7775.0,7795.5,Call GEX 1,GEX,236875.355,8002.199314526939,8002.199314526939
2026-08-18 11:30:49,7775.0,7795.5,Put VEX 4,VEX,-322365.93,8002.199314526939,8002.199314526939
2026-08-18 11:30:49,7800.0,7820.5,Put CEX 4,CEX,-1558377.635,8002.199314526939,8002.199314526939
2026-08-18 11:30:49,7800.0,7820.5,Put DEX 3,DEX,-104.607,8002.199314526939,8002.199314526939
2026-08-18 11:30:49,7800.0,7820.5,Call GEX 2,GEX,200592.708,8002.199314526939,8002.199314526939
2026-08-18 11:30:49,7800.0,7820.5,Put VEX 2,VEX,-705510.441,8002.199314526939,8002.199314526939
2026-08-18 11:30:49,7825.0,7845.75,Call GEX 3,GEX,101224.127,8002.199314526939,8002.199314526939
2026-08-18 11:30:49,7850.0,7870.75,Call GEX 4,GEX,96363.37,8002.199314526939,8002.199314526939
2026-08-18 11:30:49,7900.0,7920.75,Call GEX 5,GEX,95353.701,8002.199314526939,8002.199314526939
2026-08-18 11:30:49,7900.0,7920.75,Put VEX 5,VEX,-184209.712,8002.199314526939,8002.199314526939
2026-08-18 11:30:49,8000.0,8021.0,Put CEX 1,CEX,-2378005.088,8002.199314526939,8002.199314526939
2026-08-18 11:30:49,8000.0,8021.0,Put DEX 1,DEX,-1022.121,8002.199314526939,8002.199314526939
2026-08-18 11:30:49,8000.0,8021.0,Put VEX 1,VEX,-1238699.479,8002.199314526939,8002.199314526939
2026-08-18 11:30:49,8500.0,8522.5,Put DEX 2,DEX,-106.733,8002.199314526939,8002.199314526939
2026-08-18 11:31:37,7400.0,7419.25,Call VEX 3,VEX,591026.987,8002.382303521842,8002.382303521842
2026-08-18 11:31:37,7500.0,7519.5,Call DEX 1,DEX,317.098,8002.382303521842,8002.382303521842
2026-08-18 11:31:37,7500.0,7519.5,Call VEX 2,VEX,753767.42,8002.382303521842,8002.382303521842
2026-08-18 11:31:37,7550.0,7569.5,Call DEX 3,DEX,147.009,8002.382303521842,8002.382303521842
2026-08-18 11:31:37,7550.0,7569.5,Call VEX 5,VEX,557836.558,8002.382303521842,8002.382303521842
2026-08-18 11:31:37,7600.0,7619.75,Call CEX 3,CEX,1904521.145,8002.382303521842,8002.382303521842
2026-08-18 11:31:37,7600.0,7619.75,Call DEX 2,DEX,202.718,8002.382303521842,8002.382303521842
2026-08-18 11:31:37,7600.0,7619.75,Call VEX 1,VEX,1036044.685,8002.382303521842,8002.382303521842
2026-08-18 11:31:37,7625.0,7644.75,Call DEX 5,DEX,62.437,8002.382303521842,8002.382303521842
2026-08-18 11:31:37,7635.0,7654.75,Call CEX 1,CEX,2756140.729,8002.382303521842,8002.382303521842
2026-08-18 11:31:37,7650.0,7669.75,Call CEX 2,CEX,2224807.505,8002.382303521842,8002.382303521842
2026-08-18 11:31:37,7650.0,7669.75,Call DEX 4,DEX,77.424,8002.382303521842,8002.382303521842
2026-08-18 11:31:37,7650.0,7669.75,Call VEX 4,VEX,585975.425,8002.382303521842,8002.382303521842
2026-08-18 11:31:37,7690.0,7710.0,Call CEX 5,CEX,1303811.954,8002.382303521842,8002.382303521842
2026-08-18 11:31:37,7695.0,7715.0,Put GEX 3,GEX,-331631.305,8002.382303521842,8002.382303521842
2026-08-18 11:31:37,7700.0,7720.0,Call CEX 4,CEX,1639945.07,8002.382303521842,8002.382303521842
2026-08-18 11:31:37,7700.0,7720.0,Put GEX 1,GEX,-720476.269,8002.382303521842,8002.382303521842
2026-08-18 11:31:37,7705.0,7725.0,Put GEX 5,GEX,-279032.079,8002.382303521842,8002.382303521842
2026-08-18 11:31:37,7710.0,7730.0,Put CEX 3,CEX,-1864486.067,8002.382303521842,8002.382303521842
2026-08-18 11:31:37,7710.0,7730.0,Put GEX 2,GEX,-532593.388,8002.382303521842,8002.382303521842
2026-08-18 11:31:37,7715.0,7735.0,Put CEX 5,CEX,-1337139.757,8002.382303521842,8002.382303521842
2026-08-18 11:31:37,7720.0,7740.0,Put GEX 4,GEX,-307847.69,8002.382303521842,8002.382303521842
2026-08-18 11:31:37,7735.0,7755.0,Put DEX 5,DEX,-43.561,8002.382303521842,8002.382303521842
2026-08-18 11:31:37,7750.0,7770.0,Put CEX 2,CEX,-1880297.249,8002.382303521842,8002.382303521842
2026-08-18 11:31:37,7750.0,7770.0,Put DEX 4,DEX,-80.964,8002.382303521842,8002.382303521842
2026-08-18 11:31:37,7750.0,7770.0,Put VEX 3,VEX,-577359.297,8002.382303521842,8002.382303521842
2026-08-18 11:31:37,7775.0,7795.25,Call GEX 1,GEX,236939.093,8002.382303521842,8002.382303521842
2026-08-18 11:31:37,7775.0,7795.25,Put VEX 4,VEX,-322443.427,8002.382303521842,8002.382303521842
2026-08-18 11:31:37,7800.0,7820.25,Put CEX 4,CEX,-1560873.811,8002.382303521842,8002.382303521842
2026-08-18 11:31:37,7800.0,7820.25,Put DEX 3,DEX,-104.714,8002.382303521842,8002.382303521842
2026-08-18 11:31:37,7800.0,7820.25,Call GEX 2,GEX,201345.3,8002.382303521842,8002.382303521842
2026-08-18 11:31:37,7800.0,7820.25,Put VEX 2,VEX,-705037.2,8002.382303521842,8002.382303521842
2026-08-18 11:31:37,7825.0,7845.25,Call GEX 3,GEX,101294.761,8002.382303521842,8002.382303521842
2026-08-18 11:31:37,7850.0,7870.5,Call GEX 4,GEX,96407.744,8002.382303521842,8002.382303521842
2026-08-18 11:31:37,7900.0,7920.5,Call GEX 5,GEX,95353.938,8002.382303521842,8002.382303521842
2026-08-18 11:31:37,7900.0,7920.5,Put VEX 5,VEX,-184315.252,8002.382303521842,8002.382303521842
2026-08-18 11:31:37,8000.0,8020.75,Put CEX 1,CEX,-2454636.852,8002.382303521842,8002.382303521842
2026-08-18 11:31:37,8000.0,8020.75,Put DEX 1,DEX,-1020.543,8002.382303521842,8002.382303521842
2026-08-18 11:31:37,8000.0,8020.75,Put VEX 1,VEX,-1275294.44,8002.382303521842,8002.382303521842
2026-08-18 11:31:37,8500.0,8522.0,Put DEX 2,DEX,-106.611,8002.382303521842,8002.382303521842
2026-08-18 11:32:30,7400.0,7419.0,Call VEX 3,VEX,588366.29,8002.334572971474,8002.334572971474
2026-08-18 11:32:30,7500.0,7519.25,Call DEX 1,DEX,318.393,8002.334572971474,8002.334572971474
2026-08-18 11:32:30,7500.0,7519.25,Call VEX 2,VEX,708706.217,8002.334572971474,8002.334572971474
2026-08-18 11:32:30,7550.0,7569.5,Call DEX 3,DEX,147.546,8002.334572971474,8002.334572971474
2026-08-18 11:32:30,7550.0,7569.5,Call VEX 5,VEX,548893.34,8002.334572971474,8002.334572971474
2026-08-18 11:32:30,7600.0,7619.5,Call CEX 3,CEX,1898381.856,8002.334572971474,8002.334572971474
2026-08-18 11:32:30,7600.0,7619.5,Call DEX 2,DEX,203.09,8002.334572971474,8002.334572971474
2026-08-18 11:32:30,7600.0,7619.5,Call VEX 1,VEX,1034276.644,8002.334572971474,8002.334572971474
2026-08-18 11:32:30,7625.0,7644.75,Call DEX 5,DEX,62.442,8002.334572971474,8002.334572971474
2026-08-18 11:32:30,7635.0,7654.75,Call CEX 1,CEX,2770441.917,8002.334572971474,8002.334572971474
2026-08-18 11:32:30,7650.0,7669.75,Call CEX 2,CEX,1904872.797,8002.334572971474,8002.334572971474
2026-08-18 11:32:30,7650.0,7669.75,Call DEX 4,DEX,77.593,8002.334572971474,8002.334572971474
2026-08-18 11:32:30,7650.0,7669.75,Call VEX 4,VEX,579593.202,8002.334572971474,8002.334572971474
2026-08-18 11:32:30,7690.0,7709.75,Call CEX 5,CEX,1303506.65,8002.334572971474,8002.334572971474
2026-08-18 11:32:30,7695.0,7714.75,Put GEX 3,GEX,-334791.429,8002.334572971474,8002.334572971474
2026-08-18 11:32:30,7700.0,7719.75,Call CEX 4,CEX,1643113.001,8002.334572971474,8002.334572971474
2026-08-18 11:32:30,7700.0,7719.75,Put GEX 1,GEX,-734499.231,8002.334572971474,8002.334572971474
2026-08-18 11:32:30,7705.0,7724.75,Put GEX 5,GEX,-281452.668,8002.334572971474,8002.334572971474
2026-08-18 11:32:30,7710.0,7729.75,Put CEX 2,CEX,-1888866.662,8002.334572971474,8002.334572971474
2026-08-18 11:32:30,7710.0,7729.75,Put GEX 2,GEX,-530187.589,8002.334572971474,8002.334572971474
2026-08-18 11:32:30,7715.0,7734.75,Put CEX 5,CEX,-1354362.844,8002.334572971474,8002.334572971474
2026-08-18 11:32:30,7720.0,7739.75,Put GEX 4,GEX,-306891.338,8002.334572971474,8002.334572971474
2026-08-18 11:32:30,7735.0,7755.0,Put DEX 5,DEX,-43.684,8002.334572971474,8002.334572971474
2026-08-18 11:32:30,7750.0,7770.0,Put CEX 3,CEX,-1882094.406,8002.334572971474,8002.334572971474
2026-08-18 11:32:30,7750.0,7770.0,Put DEX 4,DEX,-80.841,8002.334572971474,8002.334572971474
2026-08-18 11:32:30,7750.0,7770.0,Put VEX 3,VEX,-577540.934,8002.334572971474,8002.334572971474
2026-08-18 11:32:30,7775.0,7795.0,Call GEX 1,GEX,236580.932,8002.334572971474,8002.334572971474
2026-08-18 11:32:30,7775.0,7795.0,Put VEX 4,VEX,-322559.448,8002.334572971474,8002.334572971474
2026-08-18 11:32:30,7800.0,7820.0,Put CEX 4,CEX,-1567273.898,8002.334572971474,8002.334572971474
2026-08-18 11:32:30,7800.0,7820.0,Put DEX 3,DEX,-104.3,8002.334572971474,8002.334572971474
2026-08-18 11:32:30,7800.0,7820.0,Call GEX 2,GEX,198353.018,8002.334572971474,8002.334572971474
2026-08-18 11:32:30,7800.0,7820.0,Put VEX 2,VEX,-707603.417,8002.334572971474,8002.334572971474
2026-08-18 11:32:30,7825.0,7845.25,Call GEX 3,GEX,101236.691,8002.334572971474,8002.334572971474
2026-08-18 11:32:30,7850.0,7870.25,Call GEX 4,GEX,96309.905,8002.334572971474,8002.334572971474
2026-08-18 11:32:30,7900.0,7920.25,Call GEX 5,GEX,95262.116,8002.334572971474,8002.334572971474
2026-08-18 11:32:30,7900.0,7920.25,Put VEX 5,VEX,-184008.556,8002.334572971474,8002.334572971474
2026-08-18 11:32:30,8000.0,8020.5,Put CEX 1,CEX,-2436520.212,8002.334572971474,8002.334572971474
2026-08-18 11:32:30,8000.0,8020.5,Put DEX 1,DEX,-1020.952,8002.334572971474,8002.334572971474
2026-08-18 11:32:30,8000.0,8020.5,Put VEX 1,VEX,-1265570.521,8002.334572971474,8002.334572971474
2026-08-18 11:32:30,8500.0,8522.0,Put DEX 2,DEX,-106.597,8002.334572971474,8002.334572971474
2026-08-18 11:33:23,7400.0,7419.5,Call VEX 3,VEX,597176.535,8003.82545665055,8003.82545665055
2026-08-18 11:33:23,7500.0,7519.75,Call CEX 4,CEX,1342646.502,8003.82545665055,8003.82545665055
2026-08-18 11:33:23,7500.0,7519.75,Call DEX 1,DEX,316.154,8003.82545665055,8003.82545665055
2026-08-18 11:33:23,7500.0,7519.75,Call VEX 2,VEX,813310.425,8003.82545665055,8003.82545665055
2026-08-18 11:33:23,7550.0,7570.0,Call DEX 3,DEX,146.771,8003.82545665055,8003.82545665055
2026-08-18 11:33:23,7550.0,7570.0,Call VEX 5,VEX,573522.899,8003.82545665055,8003.82545665055
2026-08-18 11:33:23,7600.0,7620.0,Call CEX 3,CEX,1951643.399,8003.82545665055,8003.82545665055
2026-08-18 11:33:23,7600.0,7620.0,Call DEX 2,DEX,200.16,8003.82545665055,8003.82545665055
2026-08-18 11:33:23,7600.0,7620.0,Call VEX 1,VEX,1043717.283,8003.82545665055,8003.82545665055
2026-08-18 11:33:23,7625.0,7645.0,Call DEX 5,DEX,61.67,8003.82545665055,8003.82545665055
2026-08-18 11:33:23,7635.0,7655.25,Call CEX 1,CEX,2813431.27,8003.82545665055,8003.82545665055
2026-08-18 11:33:23,7650.0,7670.25,Call CEX 2,CEX,2100450.935,8003.82545665055,8003.82545665055
2026-08-18 11:33:23,7650.0,7670.25,Call DEX 4,DEX,75.578,8003.82545665055,8003.82545665055
2026-08-18 11:33:23,7650.0,7670.25,Call VEX 4,VEX,575506.954,8003.82545665055,8003.82545665055
2026-08-18 11:33:23,7690.0,7710.25,Call CEX 5,CEX,1319357.194,8003.82545665055,8003.82545665055
2026-08-18 11:33:23,7695.0,7715.25,Put GEX 4,GEX,-361122.797,8003.82545665055,8003.82545665055
2026-08-18 11:33:23,7700.0,7720.25,Put GEX 1,GEX,-780963.8,8003.82545665055,8003.82545665055
2026-08-18 11:33:23,7710.0,7730.25,Put CEX 2,CEX,-2055835.545,8003.82545665055,8003.82545665055
2026-08-18 11:33:23,7710.0,7730.25,Put GEX 2,GEX,-488630.301,8003.82545665055,8003.82545665055
2026-08-18 11:33:23,7715.0,7735.25,Put CEX 5,CEX,-1019377.766,8003.82545665055,8003.82545665055
2026-08-18 11:33:23,7720.0,7740.25,Put GEX 5,GEX,-305533.84,8003.82545665055,8003.82545665055
2026-08-18 11:33:23,7735.0,7755.5,Put DEX 5,DEX,-44.486,8003.82545665055,8003.82545665055
2026-08-18 11:33:23,7750.0,7770.5,Put CEX 3,CEX,-1884835.593,8003.82545665055,8003.82545665055
2026-08-18 11:33:23,7750.0,7770.5,Put DEX 4,DEX,-83.307,8003.82545665055,8003.82545665055
2026-08-18 11:33:23,7750.0,7770.5,Put VEX 3,VEX,-585225.094,8003.82545665055,8003.82545665055
2026-08-18 11:33:23,7775.0,7795.5,Call GEX 1,GEX,231628.617,8003.82545665055,8003.82545665055
2026-08-18 11:33:23,7775.0,7795.5,Put VEX 4,VEX,-322151.272,8003.82545665055,8003.82545665055
2026-08-18 11:33:23,7800.0,7820.5,Put CEX 4,CEX,-1539112.792,8003.82545665055,8003.82545665055
2026-08-18 11:33:23,7800.0,7820.5,Put DEX 2,DEX,-106.228,8003.82545665055,8003.82545665055
2026-08-18 11:33:23,7800.0,7820.5,Call GEX 2,GEX,202880.879,8003.82545665055,8003.82545665055
2026-08-18 11:33:23,7800.0,7820.5,Put VEX 2,VEX,-697471.585,8003.82545665055,8003.82545665055
2026-08-18 11:33:23,7825.0,7845.75,Call GEX 3,GEX,100059.654,8003.82545665055,8003.82545665055
2026-08-18 11:33:23,7850.0,7870.75,Call GEX 4,GEX,95136.483,8003.82545665055,8003.82545665055
2026-08-18 11:33:23,7900.0,7920.75,Call GEX 5,GEX,94185.837,8003.82545665055,8003.82545665055
2026-08-18 11:33:23,7900.0,7920.75,Put VEX 5,VEX,-183003.4,8003.82545665055,8003.82545665055
2026-08-18 11:33:23,8000.0,8021.0,Put CEX 1,CEX,-3745824.735,8003.82545665055,8003.82545665055
2026-08-18 11:33:23,8000.0,8021.0,Put DEX 1,DEX,-976.55,8003.82545665055,8003.82545665055
2026-08-18 11:33:23,8000.0,8021.0,Put GEX 3,GEX,-434184.575,8003.82545665055,8003.82545665055
2026-08-18 11:33:23,8000.0,8021.0,Put VEX 1,VEX,-1932525.967,8003.82545665055,8003.82545665055
2026-08-18 11:33:23,8500.0,8522.5,Put DEX 3,DEX,-104.396,8003.82545665055,8003.82545665055
2026-08-18 11:34:20,7400.0,7419.25,Call VEX 3,VEX,597384.616,8002.333819318809,8002.333819318809
2026-08-18 11:34:20,7500.0,7519.5,Call CEX 5,CEX,1301642.159,8002.333819318809,8002.333819318809
2026-08-18 11:34:20,7500.0,7519.5,Call DEX 1,DEX,316.877,8002.333819318809,8002.333819318809
2026-08-18 11:34:20,7500.0,7519.5,Call VEX 2,VEX,790404.344,8002.333819318809,8002.333819318809
2026-08-18 11:34:20,7550.0,7569.75,Call DEX 3,DEX,146.96,8002.333819318809,8002.333819318809
2026-08-18 11:34:20,7550.0,7569.75,Call VEX 5,VEX,570190.519,8002.333819318809,8002.333819318809
2026-08-18 11:34:20,7600.0,7619.75,Call CEX 3,CEX,1945727.199,8002.333819318809,8002.333819318809
2026-08-18 11:34:20,7600.0,7619.75,Call DEX 2,DEX,200.262,8002.333819318809,8002.333819318809
2026-08-18 11:34:20,7600.0,7619.75,Call VEX 1,VEX,1042436.967,8002.333819318809,8002.333819318809
2026-08-18 11:34:20,7625.0,7644.75,Call DEX 5,DEX,61.576,8002.333819318809,8002.333819318809
2026-08-18 11:34:20,7635.0,7655.0,Call CEX 1,CEX,2834510.67,8002.333819318809,8002.333819318809
2026-08-18 11:34:20,7650.0,7670.0,Call CEX 2,CEX,2108339.864,8002.333819318809,8002.333819318809
2026-08-18 11:34:20,7650.0,7670.0,Call DEX 4,DEX,75.372,8002.333819318809,8002.333819318809
2026-08-18 11:34:20,7650.0,7670.0,Call VEX 4,VEX,574578.983,8002.333819318809,8002.333819318809
2026-08-18 11:34:20,7690.0,7710.0,Call CEX 4,CEX,1329848.056,8002.333819318809,8002.333819318809
2026-08-18 11:34:20,7690.0,7710.0,Put GEX 5,GEX,-278549.685,8002.333819318809,8002.333819318809
2026-08-18 11:34:20,7695.0,7715.0,Put GEX 3,GEX,-366156.635,8002.333819318809,8002.333819318809
2026-08-18 11:34:20,7700.0,7720.0,Put GEX 1,GEX,-796628.169,8002.333819318809,8002.333819318809
2026-08-18 11:34:20,7710.0,7730.0,Put CEX 2,CEX,-2088361.378,8002.333819318809,8002.333819318809
2026-08-18 11:34:20,7710.0,7730.0,Put GEX 2,GEX,-479258.128,8002.333819318809,8002.333819318809
2026-08-18 11:34:20,7720.0,7740.0,Put GEX 4,GEX,-305443.103,8002.333819318809,8002.333819318809
2026-08-18 11:34:20,7735.0,7755.25,Put DEX 5,DEX,-44.574,8002.333819318809,8002.333819318809
2026-08-18 11:34:20,7750.0,7770.25,Put CEX 3,CEX,-1888659.312,8002.333819318809,8002.333819318809
2026-08-18 11:34:20,7750.0,7770.25,Put DEX 4,DEX,-83.785,8002.333819318809,8002.333819318809
2026-08-18 11:34:20,7750.0,7770.25,Put VEX 3,VEX,-587196.293,8002.333819318809,8002.333819318809
2026-08-18 11:34:20,7775.0,7795.25,Put CEX 5,CEX,-999781.819,8002.333819318809,8002.333819318809
2026-08-18 11:34:20,7775.0,7795.25,Call GEX 1,GEX,230584.588,8002.333819318809,8002.333819318809
2026-08-18 11:34:20,7775.0,7795.25,Put VEX 4,VEX,-321993.656,8002.333819318809,8002.333819318809
2026-08-18 11:34:20,7800.0,7820.25,Put CEX 4,CEX,-1543053.333,8002.333819318809,8002.333819318809
2026-08-18 11:34:20,7800.0,7820.25,Put DEX 3,DEX,-106.137,8002.333819318809,8002.333819318809
2026-08-18 11:34:20,7800.0,7820.25,Call GEX 2,GEX,198833.342,8002.333819318809,8002.333819318809
2026-08-18 11:34:20,7800.0,7820.25,Put VEX 2,VEX,-698703.056,8002.333819318809,8002.333819318809
2026-08-18 11:34:20,7825.0,7845.5,Call GEX 3,GEX,99799.585,8002.333819318809,8002.333819318809
2026-08-18 11:34:20,7850.0,7870.5,Call GEX 4,GEX,94984.61,8002.333819318809,8002.333819318809
2026-08-18 11:34:20,7900.0,7920.5,Call GEX 5,GEX,93988.449,8002.333819318809,8002.333819318809
2026-08-18 11:34:20,7900.0,7920.5,Put VEX 5,VEX,-182311.28,8002.333819318809,8002.333819318809
2026-08-18 11:34:20,8000.0,8020.75,Put CEX 1,CEX,-2423109.977,8002.333819318809,8002.333819318809
2026-08-18 11:34:20,8000.0,8020.75,Put DEX 1,DEX,-1020.915,8002.333819318809,8002.333819318809
2026-08-18 11:34:20,8000.0,8020.75,Put VEX 1,VEX,-1260338.217,8002.333819318809,8002.333819318809
2026-08-18 11:34:20,8500.0,8522.25,Put DEX 2,DEX,-106.648,8002.333819318809,8002.333819318809
2026-08-18 11:35:12,7400.0,7419.5,Call VEX 3,VEX,605499.365,8001.836919329127,8001.836919329127
2026-08-18 11:35:12,7450.0,7469.75,Call DEX 4,DEX,94.197,8001.836919329127,8001.836919329127
2026-08-18 11:35:12,7500.0,7519.75,Call CEX 4,CEX,1356152.556,8001.836919329127,8001.836919329127
2026-08-18 11:35:12,7500.0,7519.75,Call DEX 1,DEX,314.41,8001.836919329127,8001.836919329127
2026-08-18 11:35:12,7500.0,7519.75,Call VEX 2,VEX,818169.368,8001.836919329127,8001.836919329127
2026-08-18 11:35:12,7550.0,7570.0,Call DEX 3,DEX,146.91,8001.836919329127,8001.836919329127
2026-08-18 11:35:12,7550.0,7570.0,Call VEX 4,VEX,575224.932,8001.836919329127,8001.836919329127
2026-08-18 11:35:12,7600.0,7620.0,Call CEX 2,CEX,1972904.37,8001.836919329127,8001.836919329127
2026-08-18 11:35:12,7600.0,7620.0,Call DEX 2,DEX,199.848,8001.836919329127,8001.836919329127
2026-08-18 11:35:12,7600.0,7620.0,Call VEX 1,VEX,1044475.282,8001.836919329127,8001.836919329127
2026-08-18 11:35:12,7635.0,7655.25,Call CEX 1,CEX,2850428.685,8001.836919329127,8001.836919329127
2026-08-18 11:35:12,7650.0,7670.25,Call CEX 3,CEX,1938210.125,8001.836919329127,8001.836919329127
2026-08-18 11:35:12,7650.0,7670.25,Call DEX 5,DEX,75.311,8001.836919329127,8001.836919329127
2026-08-18 11:35:12,7650.0,7670.25,Call VEX 5,VEX,570562.546,8001.836919329127,8001.836919329127
2026-08-18 11:35:12,7690.0,7710.25,Call CEX 5,CEX,1332050.576,8001.836919329127,8001.836919329127
2026-08-18 11:35:12,7695.0,7715.25,Put GEX 3,GEX,-371152.99,8001.836919329127,8001.836919329127
2026-08-18 11:35:12,7700.0,7720.25,Put GEX 1,GEX,-832537.674,8001.836919329127,8001.836919329127
2026-08-18 11:35:12,7705.0,7725.25,Put GEX 5,GEX,-294558.609,8001.836919329127,8001.836919329127
2026-08-18 11:35:12,7710.0,7730.25,Put CEX 2,CEX,-2109621.294,8001.836919329127,8001.836919329127
2026-08-18 11:35:12,7710.0,7730.25,Put GEX 2,GEX,-482181.439,8001.836919329127,8001.836919329127
2026-08-18 11:35:12,7720.0,7740.5,Put GEX 4,GEX,-309639.765,8001.836919329127,8001.836919329127
2026-08-18 11:35:12,7735.0,7755.5,Put DEX 5,DEX,-44.674,8001.836919329127,8001.836919329127
2026-08-18 11:35:12,7750.0,7770.5,Put CEX 3,CEX,-1890624.474,8001.836919329127,8001.836919329127
2026-08-18 11:35:12,7750.0,7770.5,Put DEX 4,DEX,-84.082,8001.836919329127,8001.836919329127
2026-08-18 11:35:12,7750.0,7770.5,Put VEX 3,VEX,-587648.774,8001.836919329127,8001.836919329127
2026-08-18 11:35:12,7775.0,7795.5,Put CEX 5,CEX,-1000288.587,8001.836919329127,8001.836919329127
2026-08-18 11:35:12,7775.0,7795.5,Call GEX 1,GEX,230443.744,8001.836919329127,8001.836919329127
2026-08-18 11:35:12,7775.0,7795.5,Put VEX 4,VEX,-321622.111,8001.836919329127,8001.836919329127
2026-08-18 11:35:12,7800.0,7820.5,Put CEX 4,CEX,-1528011.799,8001.836919329127,8001.836919329127
2026-08-18 11:35:12,7800.0,7820.5,Put DEX 3,DEX,-106.784,8001.836919329127,8001.836919329127
2026-08-18 11:35:12,7800.0,7820.5,Call GEX 2,GEX,198375.49,8001.836919329127,8001.836919329127
2026-08-18 11:35:12,7800.0,7820.5,Put VEX 2,VEX,-692679.66,8001.836919329127,8001.836919329127
2026-08-18 11:35:12,7825.0,7845.75,Call GEX 3,GEX,98800.677,8001.836919329127,8001.836919329127
2026-08-18 11:35:12,7850.0,7870.75,Call GEX 5,GEX,93084.393,8001.836919329127,8001.836919329127
2026-08-18 11:35:12,7900.0,7920.75,Call GEX 4,GEX,93704.783,8001.836919329127,8001.836919329127
2026-08-18 11:35:12,7900.0,7920.75,Put VEX 5,VEX,-182104.052,8001.836919329127,8001.836919329127
2026-08-18 11:35:12,8000.0,8021.0,Put CEX 1,CEX,-2241523.677,8001.836919329127,8001.836919329127
2026-08-18 11:35:12,8000.0,8021.0,Put DEX 1,DEX,-1024.75,8001.836919329127,8001.836919329127
2026-08-18 11:35:12,8000.0,8021.0,Put VEX 1,VEX,-1169005.649,8001.836919329127,8001.836919329127
2026-08-18 11:35:12,8500.0,8522.5,Put DEX 2,DEX,-106.895,8001.836919329127,8001.836919329127
2026-08-18 11:36:03,7400.0,7419.5,Call VEX 3,VEX,594239.427,8002.159560163857,8002.159560163857
2026-08-18 11:36:03,7500.0,7519.75,Call DEX 1,DEX,316.485,8002.159560163857,8002.159560163857
2026-08-18 11:36:03,7500.0,7519.75,Call VEX 2,VEX,774549.784,8002.159560163857,8002.159560163857
2026-08-18 11:36:03,7550.0,7569.75,Call DEX 3,DEX,147.129,8002.159560163857,8002.159560163857
2026-08-18 11:36:03,7550.0,7569.75,Call VEX 5,VEX,557907.893,8002.159560163857,8002.159560163857
2026-08-18 11:36:03,7600.0,7620.0,Call CEX 3,CEX,1936373.841,8002.159560163857,8002.159560163857
2026-08-18 11:36:03,7600.0,7620.0,Call DEX 2,DEX,203.092,8002.159560163857,8002.159560163857
2026-08-18 11:36:03,7600.0,7620.0,Call VEX 1,VEX,1036750.502,8002.159560163857,8002.159560163857
2026-08-18 11:36:03,7625.0,7645.0,Call DEX 5,DEX,62.56,8002.159560163857,8002.159560163857
2026-08-18 11:36:03,7635.0,7655.0,Call CEX 1,CEX,2824798.663,8002.159560163857,8002.159560163857
2026-08-18 11:36:03,7650.0,7670.0,Call CEX 2,CEX,1943405.113,8002.159560163857,8002.159560163857
2026-08-18 11:36:03,7650.0,7670.0,Call DEX 4,DEX,77.904,8002.159560163857,8002.159560163857
2026-08-18 11:36:03,7650.0,7670.0,Call VEX 4,VEX,581301.217,8002.159560163857,8002.159560163857
2026-08-18 11:36:03,7690.0,7710.25,Call CEX 5,CEX,1331351.483,8002.159560163857,8002.159560163857
2026-08-18 11:36:03,7695.0,7715.25,Put GEX 3,GEX,-329076.99,8002.159560163857,8002.159560163857
2026-08-18 11:36:03,7700.0,7720.25,Call CEX 4,CEX,1829532.837,8002.159560163857,8002.159560163857
2026-08-18 11:36:03,7700.0,7720.25,Put GEX 1,GEX,-727194.008,8002.159560163857,8002.159560163857
2026-08-18 11:36:03,7705.0,7725.25,Put GEX 5,GEX,-285244.737,8002.159560163857,8002.159560163857
2026-08-18 11:36:03,7710.0,7730.25,Put CEX 2,CEX,-1912849.913,8002.159560163857,8002.159560163857
2026-08-18 11:36:03,7710.0,7730.25,Put GEX 2,GEX,-553140.893,8002.159560163857,8002.159560163857
2026-08-18 11:36:03,7715.0,7735.25,Put CEX 5,CEX,-1332386.512,8002.159560163857,8002.159560163857
2026-08-18 11:36:03,7720.0,7740.25,Put GEX 4,GEX,-310108.116,8002.159560163857,8002.159560163857
2026-08-18 11:36:03,7735.0,7755.25,Put DEX 5,DEX,-43.607,8002.159560163857,8002.159560163857
2026-08-18 11:36:03,7750.0,7770.25,Put CEX 3,CEX,-1889556.593,8002.159560163857,8002.159560163857
2026-08-18 11:36:03,7750.0,7770.25,Put DEX 4,DEX,-81.051,8002.159560163857,8002.159560163857
2026-08-18 11:36:03,7750.0,7770.25,Put VEX 3,VEX,-576080.326,8002.159560163857,8002.159560163857
2026-08-18 11:36:03,7775.0,7795.5,Call GEX 1,GEX,238031.178,8002.159560163857,8002.159560163857
2026-08-18 11:36:03,7775.0,7795.5,Put VEX 4,VEX,-322015.488,8002.159560163857,8002.159560163857
2026-08-18 11:36:03,7800.0,7820.5,Put CEX 4,CEX,-1556259.693,8002.159560163857,8002.159560163857
2026-08-18 11:36:03,7800.0,7820.5,Put DEX 3,DEX,-105.308,8002.159560163857,8002.159560163857
2026-08-18 11:36:03,7800.0,7820.5,Call GEX 2,GEX,203005.305,8002.159560163857,8002.159560163857
2026-08-18 11:36:03,7800.0,7820.5,Put VEX 2,VEX,-700065.502,8002.159560163857,8002.159560163857
2026-08-18 11:36:03,7825.0,7845.5,Call GEX 3,GEX,100589.119,8002.159560163857,8002.159560163857
2026-08-18 11:36:03,7850.0,7870.75,Call GEX 4,GEX,95737.315,8002.159560163857,8002.159560163857
2026-08-18 11:36:03,7900.0,7920.75,Call GEX 5,GEX,94545.865,8002.159560163857,8002.159560163857
2026-08-18 11:36:03,7900.0,7920.75,Put VEX 5,VEX,-183368.593,8002.159560163857,8002.159560163857
2026-08-18 11:36:03,8000.0,8021.0,Put CEX 1,CEX,-2346265.958,8002.159560163857,8002.159560163857
2026-08-18 11:36:03,8000.0,8021.0,Put DEX 1,DEX,-1022.901,8002.159560163857,8002.159560163857
2026-08-18 11:36:03,8000.0,8021.0,Put VEX 1,VEX,-1221265.095,8002.159560163857,8002.159560163857
2026-08-18 11:36:03,8500.0,8522.25,Put DEX 2,DEX,-106.735,8002.159560163857,8002.159560163857
2026-08-18 11:36:52,7400.0,7419.5,Call VEX 3,VEX,591987.732,8002.530231385142,8002.530231385142
2026-08-18 11:36:52,7500.0,7520.0,Call DEX 1,DEX,317.041,8002.530231385142,8002.530231385142
2026-08-18 11:36:52,7500.0,7520.0,Call VEX 2,VEX,757781.25,8002.530231385142,8002.530231385142
2026-08-18 11:36:52,7550.0,7570.0,Call DEX 3,DEX,147.297,8002.530231385142,8002.530231385142
2026-08-18 11:36:52,7550.0,7570.0,Call VEX 5,VEX,554122.822,8002.530231385142,8002.530231385142
2026-08-18 11:36:52,7600.0,7620.25,Call CEX 3,CEX,1924422.097,8002.530231385142,8002.530231385142
2026-08-18 11:36:52,7600.0,7620.25,Call DEX 2,DEX,202.912,8002.530231385142,8002.530231385142
2026-08-18 11:36:52,7600.0,7620.25,Call VEX 1,VEX,1036774.045,8002.530231385142,8002.530231385142
2026-08-18 11:36:52,7625.0,7645.25,Call DEX 5,DEX,62.543,8002.530231385142,8002.530231385142
2026-08-18 11:36:52,7635.0,7655.25,Call CEX 1,CEX,2840891.453,8002.530231385142,8002.530231385142
2026-08-18 11:36:52,7650.0,7670.25,Call CEX 2,CEX,1934367.131,8002.530231385142,8002.530231385142
2026-08-18 11:36:52,7650.0,7670.25,Call DEX 4,DEX,77.892,8002.530231385142,8002.530231385142
2026-08-18 11:36:52,7650.0,7670.25,Call VEX 4,VEX,580755.688,8002.530231385142,8002.530231385142
2026-08-18 11:36:52,7690.0,7710.5,Call CEX 5,CEX,1347056.154,8002.530231385142,8002.530231385142
2026-08-18 11:36:52,7695.0,7715.5,Put GEX 3,GEX,-329933.333,8002.530231385142,8002.530231385142
2026-08-18 11:36:52,7700.0,7720.5,Call CEX 4,CEX,1730070.645,8002.530231385142,8002.530231385142
2026-08-18 11:36:52,7700.0,7720.5,Put GEX 1,GEX,-709972.042,8002.530231385142,8002.530231385142
2026-08-18 11:36:52,7705.0,7725.5,Put GEX 5,GEX,-276067.98,8002.530231385142,8002.530231385142
2026-08-18 11:36:52,7710.0,7730.5,Put CEX 2,CEX,-1909288.205,8002.530231385142,8002.530231385142
2026-08-18 11:36:52,7710.0,7730.5,Put GEX 2,GEX,-534660.59,8002.530231385142,8002.530231385142
2026-08-18 11:36:52,7715.0,7735.5,Put CEX 5,CEX,-1424836.24,8002.530231385142,8002.530231385142
2026-08-18 11:36:52,7720.0,7740.5,Put GEX 4,GEX,-308787.18,8002.530231385142,8002.530231385142
2026-08-18 11:36:52,7735.0,7755.5,Put DEX 5,DEX,-43.578,8002.530231385142,8002.530231385142
2026-08-18 11:36:52,7750.0,7770.5,Put CEX 3,CEX,-1896239.143,8002.530231385142,8002.530231385142
2026-08-18 11:36:52,7750.0,7770.5,Put DEX 4,DEX,-81.205,8002.530231385142,8002.530231385142
2026-08-18 11:36:52,7750.0,7770.5,Put VEX 3,VEX,-578412.735,8002.530231385142,8002.530231385142
2026-08-18 11:36:52,7775.0,7795.5,Call GEX 1,GEX,236495.483,8002.530231385142,8002.530231385142
2026-08-18 11:36:52,7775.0,7795.5,Put VEX 4,VEX,-321902.661,8002.530231385142,8002.530231385142
2026-08-18 11:36:52,7800.0,7820.75,Put CEX 4,CEX,-1546643.904,8002.530231385142,8002.530231385142
2026-08-18 11:36:52,7800.0,7820.75,Put DEX 3,DEX,-105.578,8002.530231385142,8002.530231385142
2026-08-18 11:36:52,7800.0,7820.75,Call GEX 2,GEX,195042.086,8002.530231385142,8002.530231385142
2026-08-18 11:36:52,7800.0,7820.75,Put VEX 2,VEX,-696858.838,8002.530231385142,8002.530231385142
2026-08-18 11:36:52,7825.0,7845.75,Call GEX 3,GEX,98592.566,8002.530231385142,8002.530231385142
2026-08-18 11:36:52,7850.0,7870.75,Call GEX 5,GEX,93943.934,8002.530231385142,8002.530231385142
2026-08-18 11:36:52,7900.0,7921.0,Call GEX 4,GEX,94295.992,8002.530231385142,8002.530231385142
2026-08-18 11:36:52,7900.0,7921.0,Put VEX 5,VEX,-182701.224,8002.530231385142,8002.530231385142
2026-08-18 11:36:52,8000.0,8021.25,Put CEX 1,CEX,-2500903.717,8002.530231385142,8002.530231385142
2026-08-18 11:36:52,8000.0,8021.25,Put DEX 1,DEX,-1019.618,8002.530231385142,8002.530231385142
2026-08-18 11:36:52,8000.0,8021.25,Put VEX 1,VEX,-1295514.87,8002.530231385142,8002.530231385142
2026-08-18 11:36:52,8500.0,8522.5,Put DEX 2,DEX,-106.594,8002.530231385142,8002.530231385142
2026-08-18 11:37:39,7400.0,7419.75,Call VEX 3,VEX,595976.475,8002.333872734538,8002.333872734538
2026-08-18 11:37:39,7500.0,7520.0,Call DEX 1,DEX,316.871,8002.333872734538,8002.333872734538
2026-08-18 11:37:39,7500.0,7520.0,Call VEX 2,VEX,764085.086,8002.333872734538,8002.333872734538
2026-08-18 11:37:39,7550.0,7570.0,Call DEX 3,DEX,147.044,8002.333872734538,8002.333872734538
2026-08-18 11:37:39,7550.0,7570.0,Call VEX 5,VEX,558785.289,8002.333872734538,8002.333872734538
2026-08-18 11:37:39,7600.0,7620.25,Call CEX 3,CEX,1928869.93,8002.333872734538,8002.333872734538
2026-08-18 11:37:39,7600.0,7620.25,Call DEX 2,DEX,202.975,8002.333872734538,8002.333872734538
2026-08-18 11:37:39,7600.0,7620.25,Call VEX 1,VEX,1036879.663,8002.333872734538,8002.333872734538
2026-08-18 11:37:39,7625.0,7645.25,Call DEX 5,DEX,62.568,8002.333872734538,8002.333872734538
2026-08-18 11:37:39,7635.0,7655.25,Call CEX 1,CEX,2851894.652,8002.333872734538,8002.333872734538
2026-08-18 11:37:39,7650.0,7670.25,Call CEX 2,CEX,1950412.732,8002.333872734538,8002.333872734538
2026-08-18 11:37:39,7650.0,7670.25,Call DEX 4,DEX,78.088,8002.333872734538,8002.333872734538
2026-08-18 11:37:39,7650.0,7670.25,Call VEX 4,VEX,581824.862,8002.333872734538,8002.333872734538
2026-08-18 11:37:39,7690.0,7710.5,Call CEX 5,CEX,1346087.741,8002.333872734538,8002.333872734538
2026-08-18 11:37:39,7695.0,7715.5,Put GEX 3,GEX,-328827.326,8002.333872734538,8002.333872734538
2026-08-18 11:37:39,7700.0,7720.5,Call CEX 4,CEX,1856056.861,8002.333872734538,8002.333872734538
2026-08-18 11:37:39,7700.0,7720.5,Put GEX 1,GEX,-723694.736,8002.333872734538,8002.333872734538
2026-08-18 11:37:39,7705.0,7725.5,Put GEX 5,GEX,-277040.04,8002.333872734538,8002.333872734538
2026-08-18 11:37:39,7710.0,7730.5,Put CEX 2,CEX,-1898957.948,8002.333872734538,8002.333872734538
2026-08-18 11:37:39,7710.0,7730.5,Put GEX 2,GEX,-543294.368,8002.333872734538,8002.333872734538
2026-08-18 11:37:39,7715.0,7735.5,Put CEX 5,CEX,-1417935.26,8002.333872734538,8002.333872734538
2026-08-18 11:37:39,7720.0,7740.5,Put GEX 4,GEX,-309300.512,8002.333872734538,8002.333872734538
2026-08-18 11:37:39,7735.0,7755.5,Put DEX 5,DEX,-43.582,8002.333872734538,8002.333872734538
2026-08-18 11:37:39,7750.0,7770.5,Put CEX 3,CEX,-1895932.353,8002.333872734538,8002.333872734538
2026-08-18 11:37:39,7750.0,7770.5,Put DEX 4,DEX,-81.093,8002.333872734538,8002.333872734538
2026-08-18 11:37:39,7750.0,7770.5,Put VEX 3,VEX,-576888.302,8002.333872734538,8002.333872734538
2026-08-18 11:37:39,7775.0,7795.75,Call GEX 1,GEX,237415.894,8002.333872734538,8002.333872734538
2026-08-18 11:37:39,7775.0,7795.75,Put VEX 4,VEX,-321649.715,8002.333872734538,8002.333872734538
2026-08-18 11:37:39,7800.0,7820.75,Put CEX 4,CEX,-1546235.505,8002.333872734538,8002.333872734538
2026-08-18 11:37:39,7800.0,7820.75,Put DEX 3,DEX,-105.712,8002.333872734538,8002.333872734538
2026-08-18 11:37:39,7800.0,7820.75,Call GEX 2,GEX,198202.04,8002.333872734538,8002.333872734538
2026-08-18 11:37:39,7800.0,7820.75,Put VEX 2,VEX,-696209.091,8002.333872734538,8002.333872734538
2026-08-18 11:37:39,7825.0,7845.75,Call GEX 3,GEX,98757.388,8002.333872734538,8002.333872734538
2026-08-18 11:37:39,7850.0,7871.0,Call GEX 5,GEX,94171.613,8002.333872734538,8002.333872734538
2026-08-18 11:37:39,7900.0,7921.0,Call GEX 4,GEX,94466.77,8002.333872734538,8002.333872734538
2026-08-18 11:37:39,7900.0,7921.0,Put VEX 5,VEX,-183174.063,8002.333872734538,8002.333872734538
2026-08-18 11:37:39,8000.0,8021.25,Put CEX 1,CEX,-2417101.286,8002.333872734538,8002.333872734538
2026-08-18 11:37:39,8000.0,8021.25,Put DEX 1,DEX,-1021.487,8002.333872734538,8002.333872734538
2026-08-18 11:37:39,8000.0,8021.25,Put VEX 1,VEX,-1254309.302,8002.333872734538,8002.333872734538
2026-08-18 11:37:39,8500.0,8522.5,Put DEX 2,DEX,-106.736,8002.333872734538,8002.333872734538
2026-08-18 11:38:26,7400.0,7419.75,Call VEX 3,VEX,595976.475,8002.333872734538,8002.333872734538
2026-08-18 11:38:26,7500.0,7520.0,Call DEX 1,DEX,316.871,8002.333872734538,8002.333872734538
2026-08-18 11:38:26,7500.0,7520.0,Call VEX 2,VEX,764085.086,8002.333872734538,8002.333872734538
2026-08-18 11:38:26,7550.0,7570.25,Call DEX 3,DEX,147.044,8002.333872734538,8002.333872734538
2026-08-18 11:38:26,7550.0,7570.25,Call VEX 5,VEX,558785.289,8002.333872734538,8002.333872734538
2026-08-18 11:38:26,7600.0,7620.25,Call CEX 3,CEX,1928869.93,8002.333872734538,8002.333872734538
2026-08-18 11:38:26,7600.0,7620.25,Call DEX 2,DEX,202.975,8002.333872734538,8002.333872734538
2026-08-18 11:38:26,7600.0,7620.25,Call VEX 1,VEX,1036879.663,8002.333872734538,8002.333872734538
2026-08-18 11:38:26,7625.0,7645.5,Call DEX 5,DEX,62.568,8002.333872734538,8002.333872734538
2026-08-18 11:38:26,7635.0,7655.5,Call CEX 1,CEX,2851894.652,8002.333872734538,8002.333872734538
2026-08-18 11:38:26,7650.0,7670.5,Call CEX 2,CEX,1950412.732,8002.333872734538,8002.333872734538
2026-08-18 11:38:26,7650.0,7670.5,Call DEX 4,DEX,78.088,8002.333872734538,8002.333872734538
2026-08-18 11:38:26,7650.0,7670.5,Call VEX 4,VEX,581824.862,8002.333872734538,8002.333872734538
2026-08-18 11:38:26,7690.0,7710.5,Call CEX 5,CEX,1346087.741,8002.333872734538,8002.333872734538
2026-08-18 11:38:26,7695.0,7715.5,Put GEX 3,GEX,-328827.326,8002.333872734538,8002.333872734538
2026-08-18 11:38:26,7700.0,7720.5,Call CEX 4,CEX,1856056.861,8002.333872734538,8002.333872734538
2026-08-18 11:38:26,7700.0,7720.5,Put GEX 1,GEX,-723694.736,8002.333872734538,8002.333872734538
2026-08-18 11:38:26,7705.0,7725.75,Put GEX 5,GEX,-277040.04,8002.333872734538,8002.333872734538
2026-08-18 11:38:26,7710.0,7730.75,Put CEX 2,CEX,-1898957.948,8002.333872734538,8002.333872734538
2026-08-18 11:38:26,7710.0,7730.75,Put GEX 2,GEX,-543294.368,8002.333872734538,8002.333872734538
2026-08-18 11:38:26,7715.0,7735.75,Put CEX 5,CEX,-1417935.26,8002.333872734538,8002.333872734538
2026-08-18 11:38:26,7720.0,7740.75,Put GEX 4,GEX,-309300.512,8002.333872734538,8002.333872734538
2026-08-18 11:38:26,7735.0,7755.75,Put DEX 5,DEX,-43.582,8002.333872734538,8002.333872734538
2026-08-18 11:38:26,7750.0,7770.75,Put CEX 3,CEX,-1895932.353,8002.333872734538,8002.333872734538
2026-08-18 11:38:26,7750.0,7770.75,Put DEX 4,DEX,-81.093,8002.333872734538,8002.333872734538
2026-08-18 11:38:26,7750.0,7770.75,Put VEX 3,VEX,-576888.302,8002.333872734538,8002.333872734538
2026-08-18 11:38:26,7775.0,7795.75,Call GEX 1,GEX,237415.894,8002.333872734538,8002.333872734538
2026-08-18 11:38:26,7775.0,7795.75,Put VEX 4,VEX,-321649.715,8002.333872734538,8002.333872734538
2026-08-18 11:38:26,7800.0,7821.0,Put CEX 4,CEX,-1546235.505,8002.333872734538,8002.333872734538
2026-08-18 11:38:26,7800.0,7821.0,Put DEX 3,DEX,-105.712,8002.333872734538,8002.333872734538
2026-08-18 11:38:26,7800.0,7821.0,Call GEX 2,GEX,198202.04,8002.333872734538,8002.333872734538
2026-08-18 11:38:26,7800.0,7821.0,Put VEX 2,VEX,-696209.091,8002.333872734538,8002.333872734538
2026-08-18 11:38:26,7825.0,7846.0,Call GEX 3,GEX,98757.388,8002.333872734538,8002.333872734538
2026-08-18 11:38:26,7850.0,7871.0,Call GEX 5,GEX,94171.613,8002.333872734538,8002.333872734538
2026-08-18 11:38:26,7900.0,7921.25,Call GEX 4,GEX,94466.77,8002.333872734538,8002.333872734538
2026-08-18 11:38:26,7900.0,7921.25,Put VEX 5,VEX,-183174.063,8002.333872734538,8002.333872734538
2026-08-18 11:38:26,8000.0,8021.5,Put CEX 1,CEX,-2417101.286,8002.333872734538,8002.333872734538
2026-08-18 11:38:26,8000.0,8021.5,Put DEX 1,DEX,-1021.487,8002.333872734538,8002.333872734538
2026-08-18 11:38:26,8000.0,8021.5,Put VEX 1,VEX,-1254309.302,8002.333872734538,8002.333872734538
2026-08-18 11:38:26,8500.0,8522.75,Put DEX 2,DEX,-106.736,8002.333872734538,8002.333872734538
2026-08-18 11:39:20,7400.0,7419.75,Call VEX 3,VEX,593614.739,8001.824472213747,8001.824472213747
2026-08-18 11:39:20,7450.0,7469.75,Call DEX 4,DEX,94.65,8001.824472213747,8001.824472213747
2026-08-18 11:39:20,7500.0,7520.0,Call DEX 1,DEX,317.298,8001.824472213747,8001.824472213747
2026-08-18 11:39:20,7500.0,7520.0,Call VEX 2,VEX,751900.019,8001.824472213747,8001.824472213747
2026-08-18 11:39:20,7550.0,7570.0,Call DEX 3,DEX,147.119,8001.824472213747,8001.824472213747
2026-08-18 11:39:20,7550.0,7570.0,Call VEX 5,VEX,557342.389,8001.824472213747,8001.824472213747
2026-08-18 11:39:20,7600.0,7620.25,Call CEX 3,CEX,1952263.759,8001.824472213747,8001.824472213747
2026-08-18 11:39:20,7600.0,7620.25,Call DEX 2,DEX,202.89,8001.824472213747,8001.824472213747
2026-08-18 11:39:20,7600.0,7620.25,Call VEX 1,VEX,1037937.657,8001.824472213747,8001.824472213747
2026-08-18 11:39:20,7635.0,7655.25,Call CEX 1,CEX,2885284.357,8001.824472213747,8001.824472213747
2026-08-18 11:39:20,7650.0,7670.25,Call CEX 2,CEX,1967301.887,8001.824472213747,8001.824472213747
2026-08-18 11:39:20,7650.0,7670.25,Call DEX 5,DEX,77.901,8001.824472213747,8001.824472213747
2026-08-18 11:39:20,7650.0,7670.25,Call VEX 4,VEX,581182.728,8001.824472213747,8001.824472213747
2026-08-18 11:39:20,7690.0,7710.5,Call CEX 5,CEX,1349965.081,8001.824472213747,8001.824472213747
2026-08-18 11:39:20,7695.0,7715.5,Put GEX 3,GEX,-336482.495,8001.824472213747,8001.824472213747
2026-08-18 11:39:20,7700.0,7720.5,Call CEX 4,CEX,1818968.6,8001.824472213747,8001.824472213747
2026-08-18 11:39:20,7700.0,7720.5,Put GEX 1,GEX,-762873.532,8001.824472213747,8001.824472213747
2026-08-18 11:39:20,7705.0,7725.5,Put GEX 5,GEX,-294194.12,8001.824472213747,8001.824472213747
2026-08-18 11:39:20,7710.0,7730.5,Put CEX 2,CEX,-2031785.13,8001.824472213747,8001.824472213747
2026-08-18 11:39:20,7710.0,7730.5,Put GEX 2,GEX,-560191.664,8001.824472213747,8001.824472213747
2026-08-18 11:39:20,7720.0,7740.5,Put GEX 4,GEX,-314480.312,8001.824472213747,8001.824472213747
2026-08-18 11:39:20,7735.0,7755.5,Put DEX 5,DEX,-43.824,8001.824472213747,8001.824472213747
2026-08-18 11:39:20,7750.0,7770.5,Put CEX 3,CEX,-1900273.297,8001.824472213747,8001.824472213747
2026-08-18 11:39:20,7750.0,7770.5,Put DEX 4,DEX,-81.577,8001.824472213747,8001.824472213747
2026-08-18 11:39:20,7750.0,7770.5,Put VEX 3,VEX,-578407.444,8001.824472213747,8001.824472213747
2026-08-18 11:39:20,7775.0,7795.75,Put CEX 5,CEX,-1017626.597,8001.824472213747,8001.824472213747
2026-08-18 11:39:20,7775.0,7795.75,Call GEX 1,GEX,236651.309,8001.824472213747,8001.824472213747
2026-08-18 11:39:20,7775.0,7795.75,Put VEX 4,VEX,-321705.248,8001.824472213747,8001.824472213747
2026-08-18 11:39:20,7800.0,7820.75,Put CEX 4,CEX,-1546514.592,8001.824472213747,8001.824472213747
2026-08-18 11:39:20,7800.0,7820.75,Put DEX 3,DEX,-106.06,8001.824472213747,8001.824472213747
2026-08-18 11:39:20,7800.0,7820.75,Call GEX 2,GEX,200747.348,8001.824472213747,8001.824472213747
2026-08-18 11:39:20,7800.0,7820.75,Put VEX 2,VEX,-694926.063,8001.824472213747,8001.824472213747
2026-08-18 11:39:20,7825.0,7845.75,Call GEX 3,GEX,98623.285,8001.824472213747,8001.824472213747
2026-08-18 11:39:20,7850.0,7870.75,Call GEX 5,GEX,94067.815,8001.824472213747,8001.824472213747
2026-08-18 11:39:20,7900.0,7921.0,Call GEX 4,GEX,94452.107,8001.824472213747,8001.824472213747
2026-08-18 11:39:20,7900.0,7921.0,Put VEX 5,VEX,-182843.474,8001.824472213747,8001.824472213747
2026-08-18 11:39:20,8000.0,8021.25,Put CEX 1,CEX,-2243600.052,8001.824472213747,8001.824472213747
2026-08-18 11:39:20,8000.0,8021.25,Put DEX 1,DEX,-1025.162,8001.824472213747,8001.824472213747
2026-08-18 11:39:20,8000.0,8021.25,Put VEX 1,VEX,-1165657.5,8001.824472213747,8001.824472213747
2026-08-18 11:39:20,8500.0,8522.5,Put DEX 2,DEX,-106.814,8001.824472213747,8001.824472213747
2026-08-18 11:40:21,7400.0,7419.75,Call VEX 3,VEX,593161.689,8002.245690900712,8002.245690900712
2026-08-18 11:40:21,7500.0,7520.0,Call DEX 1,DEX,319.303,8002.245690900712,8002.245690900712
2026-08-18 11:40:21,7500.0,7520.0,Call VEX 2,VEX,730230.695,8002.245690900712,8002.245690900712
2026-08-18 11:40:21,7550.0,7570.0,Call DEX 3,DEX,147.389,8002.245690900712,8002.245690900712
2026-08-18 11:40:21,7550.0,7570.0,Call VEX 5,VEX,552022.858,8002.245690900712,8002.245690900712
2026-08-18 11:40:21,7600.0,7620.25,Call CEX 3,CEX,1934585.184,8002.245690900712,8002.245690900712
2026-08-18 11:40:21,7600.0,7620.25,Call DEX 2,DEX,202.899,8002.245690900712,8002.245690900712
2026-08-18 11:40:21,7600.0,7620.25,Call VEX 1,VEX,1035549.17,8002.245690900712,8002.245690900712
2026-08-18 11:40:21,7625.0,7645.25,Call DEX 5,DEX,62.359,8002.245690900712,8002.245690900712
2026-08-18 11:40:21,7635.0,7655.25,Call CEX 1,CEX,2913954.462,8002.245690900712,8002.245690900712
2026-08-18 11:40:21,7650.0,7670.25,Call CEX 2,CEX,1971573.002,8002.245690900712,8002.245690900712
2026-08-18 11:40:21,7650.0,7670.25,Call DEX 4,DEX,77.354,8002.245690900712,8002.245690900712
2026-08-18 11:40:21,7650.0,7670.25,Call VEX 4,VEX,578886.966,8002.245690900712,8002.245690900712
2026-08-18 11:40:21,7690.0,7710.5,Call CEX 5,CEX,1369430.09,8002.245690900712,8002.245690900712
2026-08-18 11:40:21,7695.0,7715.5,Put GEX 3,GEX,-347029.416,8002.245690900712,8002.245690900712
2026-08-18 11:40:21,7700.0,7720.5,Call CEX 4,CEX,1555732.198,8002.245690900712,8002.245690900712
2026-08-18 11:40:21,7700.0,7720.5,Put GEX 1,GEX,-769331.062,8002.245690900712,8002.245690900712
2026-08-18 11:40:21,7705.0,7725.5,Put GEX 5,GEX,-289823.949,8002.245690900712,8002.245690900712
2026-08-18 11:40:21,7710.0,7730.5,Put CEX 2,CEX,-2088658.018,8002.245690900712,8002.245690900712
2026-08-18 11:40:21,7710.0,7730.5,Put GEX 2,GEX,-528216.409,8002.245690900712,8002.245690900712
2026-08-18 11:40:21,7715.0,7735.5,Put CEX 5,CEX,-1215385.865,8002.245690900712,8002.245690900712
2026-08-18 11:40:21,7720.0,7740.5,Put GEX 4,GEX,-309625.868,8002.245690900712,8002.245690900712
2026-08-18 11:40:21,7735.0,7755.5,Put DEX 5,DEX,-44.06,8002.245690900712,8002.245690900712
2026-08-18 11:40:21,7750.0,7770.75,Put CEX 3,CEX,-1906543.995,8002.245690900712,8002.245690900712
2026-08-18 11:40:21,7750.0,7770.75,Put DEX 4,DEX,-82.55,8002.245690900712,8002.245690900712
2026-08-18 11:40:21,7750.0,7770.75,Put VEX 3,VEX,-582788.809,8002.245690900712,8002.245690900712
2026-08-18 11:40:21,7775.0,7795.75,Call GEX 1,GEX,233638.426,8002.245690900712,8002.245690900712
2026-08-18 11:40:21,7775.0,7795.75,Put VEX 4,VEX,-321672.459,8002.245690900712,8002.245690900712
2026-08-18 11:40:21,7800.0,7820.75,Put CEX 4,CEX,-1544858.384,8002.245690900712,8002.245690900712
2026-08-18 11:40:21,7800.0,7820.75,Put DEX 3,DEX,-106.075,8002.245690900712,8002.245690900712
2026-08-18 11:40:21,7800.0,7820.75,Call GEX 2,GEX,192880.633,8002.245690900712,8002.245690900712
2026-08-18 11:40:21,7800.0,7820.75,Put VEX 2,VEX,-695052.316,8002.245690900712,8002.245690900712
2026-08-18 11:40:21,7825.0,7845.75,Call GEX 3,GEX,98584.527,8002.245690900712,8002.245690900712
2026-08-18 11:40:21,7850.0,7871.0,Call GEX 5,GEX,93546.915,8002.245690900712,8002.245690900712
2026-08-18 11:40:21,7900.0,7921.0,Call GEX 4,GEX,94322.808,8002.245690900712,8002.245690900712
2026-08-18 11:40:21,7900.0,7921.0,Put VEX 5,VEX,-181422.357,8002.245690900712,8002.245690900712
2026-08-18 11:40:21,8000.0,8021.25,Put CEX 1,CEX,-2385578.902,8002.245690900712,8002.245690900712
2026-08-18 11:40:21,8000.0,8021.25,Put DEX 1,DEX,-1022.175,8002.245690900712,8002.245690900712
2026-08-18 11:40:21,8000.0,8021.25,Put VEX 1,VEX,-1236003.025,8002.245690900712,8002.245690900712
2026-08-18 11:40:21,8500.0,8522.5,Put DEX 2,DEX,-106.689,8002.245690900712,8002.245690900712
2026-08-18 11:41:18,7400.0,7419.5,Call VEX 3,VEX,598995.503,8001.789543764367,8001.789543764367
2026-08-18 11:41:18,7450.0,7469.75,Call DEX 4,DEX,94.47,8001.789543764367,8001.789543764367
2026-08-18 11:41:18,7500.0,7519.75,Call CEX 5,CEX,1328425.043,8001.789543764367,8001.789543764367
2026-08-18 11:41:18,7500.0,7519.75,Call DEX 1,DEX,316.07,8001.789543764367,8001.789543764367
2026-08-18 11:41:18,7500.0,7519.75,Call VEX 2,VEX,800175.752,8001.789543764367,8001.789543764367
2026-08-18 11:41:18,7550.0,7570.0,Call DEX 3,DEX,148.453,8001.789543764367,8001.789543764367
2026-08-18 11:41:18,7550.0,7570.0,Call VEX 5,VEX,571081.261,8001.789543764367,8001.789543764367
2026-08-18 11:41:18,7600.0,7620.0,Call CEX 3,CEX,1985605.358,8001.789543764367,8001.789543764367
2026-08-18 11:41:18,7600.0,7620.0,Call DEX 2,DEX,200.533,8001.789543764367,8001.789543764367
2026-08-18 11:41:18,7600.0,7620.0,Call VEX 1,VEX,1043479.883,8001.789543764367,8001.789543764367
2026-08-18 11:41:18,7635.0,7655.25,Call CEX 1,CEX,2959039.697,8001.789543764367,8001.789543764367
2026-08-18 11:41:18,7650.0,7670.25,Call CEX 2,CEX,1989748.872,8001.789543764367,8001.789543764367
2026-08-18 11:41:18,7650.0,7670.25,Call DEX 5,DEX,75.823,8001.789543764367,8001.789543764367
2026-08-18 11:41:18,7650.0,7670.25,Call VEX 4,VEX,572883.314,8001.789543764367,8001.789543764367
2026-08-18 11:41:18,7690.0,7710.25,Call CEX 4,CEX,1381008.06,8001.789543764367,8001.789543764367
2026-08-18 11:41:18,7695.0,7715.25,Put GEX 3,GEX,-376177.145,8001.789543764367,8001.789543764367
2026-08-18 11:41:18,7700.0,7720.25,Put GEX 1,GEX,-857060.473,8001.789543764367,8001.789543764367
2026-08-18 11:41:18,7705.0,7725.25,Put GEX 5,GEX,-303412.732,8001.789543764367,8001.789543764367
2026-08-18 11:41:18,7710.0,7730.25,Put CEX 2,CEX,-2180618.139,8001.789543764367,8001.789543764367
2026-08-18 11:41:18,7710.0,7730.25,Put GEX 2,GEX,-479130.699,8001.789543764367,8001.789543764367
2026-08-18 11:41:18,7720.0,7740.5,Put GEX 4,GEX,-311749.043,8001.789543764367,8001.789543764367
2026-08-18 11:41:18,7735.0,7755.5,Put DEX 5,DEX,-44.849,8001.789543764367,8001.789543764367
2026-08-18 11:41:18,7750.0,7770.5,Put CEX 3,CEX,-1909159.005,8001.789543764367,8001.789543764367
2026-08-18 11:41:18,7750.0,7770.5,Put DEX 4,DEX,-84.893,8001.789543764367,8001.789543764367
2026-08-18 11:41:18,7750.0,7770.5,Put VEX 3,VEX,-589889.216,8001.789543764367,8001.789543764367
2026-08-18 11:41:18,7775.0,7795.5,Put CEX 5,CEX,-1009567.959,8001.789543764367,8001.789543764367
2026-08-18 11:41:18,7775.0,7795.5,Call GEX 1,GEX,229832.912,8001.789543764367,8001.789543764367
2026-08-18 11:41:18,7775.0,7795.5,Put VEX 4,VEX,-320690.087,8001.789543764367,8001.789543764367
2026-08-18 11:41:18,7800.0,7820.5,Put CEX 4,CEX,-1514692.196,8001.789543764367,8001.789543764367
2026-08-18 11:41:18,7800.0,7820.5,Put DEX 2,DEX,-107.912,8001.789543764367,8001.789543764367
2026-08-18 11:41:18,7800.0,7820.5,Call GEX 2,GEX,196451.426,8001.789543764367,8001.789543764367
2026-08-18 11:41:18,7800.0,7820.5,Put VEX 2,VEX,-683951.721,8001.789543764367,8001.789543764367
2026-08-18 11:41:18,7825.0,7845.75,Call GEX 3,GEX,97433.624,8001.789543764367,8001.789543764367
2026-08-18 11:41:18,7850.0,7870.75,Call GEX 5,GEX,92748.845,8001.789543764367,8001.789543764367
2026-08-18 11:41:18,7900.0,7920.75,Call GEX 4,GEX,93333.455,8001.789543764367,8001.789543764367
2026-08-18 11:41:18,7900.0,7920.75,Put VEX 5,VEX,-180550.936,8001.789543764367,8001.789543764367
2026-08-18 11:41:18,8000.0,8021.25,Put CEX 1,CEX,-2230278.391,8001.789543764367,8001.789543764367
2026-08-18 11:41:18,8000.0,8021.25,Put DEX 1,DEX,-1025.128,8001.789543764367,8001.789543764367
2026-08-18 11:41:18,8000.0,8021.25,Put VEX 1,VEX,-1159845.984,8001.789543764367,8001.789543764367
2026-08-18 11:41:18,8500.0,8522.5,Put DEX 3,DEX,-106.835,8001.789543764367,8001.789543764367
2026-08-18 11:42:08,7400.0,7419.5,Call VEX 3,VEX,598227.267,8002.020805460174,8002.020805460174
2026-08-18 11:42:08,7450.0,7469.75,Call DEX 4,DEX,94.586,8002.020805460174,8002.020805460174
2026-08-18 11:42:08,7500.0,7519.75,Call CEX 5,CEX,1310619.852,8002.020805460174,8002.020805460174
2026-08-18 11:42:08,7500.0,7519.75,Call DEX 1,DEX,316.928,8002.020805460174,8002.020805460174
2026-08-18 11:42:08,7500.0,7519.75,Call VEX 2,VEX,792326.377,8002.020805460174,8002.020805460174
2026-08-18 11:42:08,7550.0,7570.0,Call DEX 3,DEX,146.143,8002.020805460174,8002.020805460174
2026-08-18 11:42:08,7550.0,7570.0,Call VEX 5,VEX,566148.313,8002.020805460174,8002.020805460174
2026-08-18 11:42:08,7600.0,7620.0,Call CEX 3,CEX,1977367.214,8002.020805460174,8002.020805460174
2026-08-18 11:42:08,7600.0,7620.0,Call DEX 2,DEX,200.404,8002.020805460174,8002.020805460174
2026-08-18 11:42:08,7600.0,7620.0,Call VEX 1,VEX,1041714.015,8002.020805460174,8002.020805460174
2026-08-18 11:42:08,7635.0,7655.25,Call CEX 1,CEX,2986389.651,8002.020805460174,8002.020805460174
2026-08-18 11:42:08,7650.0,7670.25,Call CEX 2,CEX,1999152.063,8002.020805460174,8002.020805460174
2026-08-18 11:42:08,7650.0,7670.25,Call DEX 5,DEX,75.324,8002.020805460174,8002.020805460174
2026-08-18 11:42:08,7650.0,7670.25,Call VEX 4,VEX,570794.598,8002.020805460174,8002.020805460174
2026-08-18 11:42:08,7690.0,7710.25,Call CEX 4,CEX,1392794.525,8002.020805460174,8002.020805460174
2026-08-18 11:42:08,7695.0,7715.25,Put GEX 3,GEX,-384348.791,8002.020805460174,8002.020805460174
2026-08-18 11:42:08,7700.0,7720.25,Put GEX 1,GEX,-866002.98,8002.020805460174,8002.020805460174
2026-08-18 11:42:08,7705.0,7725.25,Put GEX 5,GEX,-290071.243,8002.020805460174,8002.020805460174
2026-08-18 11:42:08,7710.0,7730.25,Put CEX 2,CEX,-2171542.42,8002.020805460174,8002.020805460174
2026-08-18 11:42:08,7710.0,7730.25,Put GEX 2,GEX,-448743.893,8002.020805460174,8002.020805460174
2026-08-18 11:42:08,7720.0,7740.5,Put GEX 4,GEX,-307688.72,8002.020805460174,8002.020805460174
2026-08-18 11:42:08,7735.0,7755.5,Put DEX 5,DEX,-45.144,8002.020805460174,8002.020805460174
2026-08-18 11:42:08,7750.0,7770.5,Put CEX 3,CEX,-1911392.831,8002.020805460174,8002.020805460174
2026-08-18 11:42:08,7750.0,7770.5,Put DEX 4,DEX,-85.574,8002.020805460174,8002.020805460174
2026-08-18 11:42:08,7750.0,7770.5,Put VEX 3,VEX,-592635.257,8002.020805460174,8002.020805460174
2026-08-18 11:42:08,7775.0,7795.5,Put CEX 5,CEX,-1008653.539,8002.020805460174,8002.020805460174
2026-08-18 11:42:08,7775.0,7795.5,Call GEX 1,GEX,227058.791,8002.020805460174,8002.020805460174
2026-08-18 11:42:08,7775.0,7795.5,Put VEX 4,VEX,-320402.249,8002.020805460174,8002.020805460174
2026-08-18 11:42:08,7800.0,7820.5,Put CEX 4,CEX,-1517965.866,8002.020805460174,8002.020805460174
2026-08-18 11:42:08,7800.0,7820.5,Put DEX 2,DEX,-107.96,8002.020805460174,8002.020805460174
2026-08-18 11:42:08,7800.0,7820.5,Call GEX 2,GEX,192957.478,8002.020805460174,8002.020805460174
2026-08-18 11:42:08,7800.0,7820.5,Put VEX 2,VEX,-685312.523,8002.020805460174,8002.020805460174
2026-08-18 11:42:08,7825.0,7845.75,Call GEX 3,GEX,96842.341,8002.020805460174,8002.020805460174
2026-08-18 11:42:08,7850.0,7870.75,Call GEX 5,GEX,91889.509,8002.020805460174,8002.020805460174
2026-08-18 11:42:08,7900.0,7920.75,Call GEX 4,GEX,93043.641,8002.020805460174,8002.020805460174
2026-08-18 11:42:08,7900.0,7920.75,Put VEX 5,VEX,-179735.546,8002.020805460174,8002.020805460174
2026-08-18 11:42:08,8000.0,8021.25,Put CEX 1,CEX,-2305304.977,8002.020805460174,8002.020805460174
2026-08-18 11:42:08,8000.0,8021.25,Put DEX 1,DEX,-1023.582,8002.020805460174,8002.020805460174
2026-08-18 11:42:08,8000.0,8021.25,Put VEX 1,VEX,-1196015.243,8002.020805460174,8002.020805460174
2026-08-18 11:42:08,8500.0,8522.5,Put DEX 3,DEX,-106.749,8002.020805460174,8002.020805460174
2026-08-18 11:43:00,7400.0,7419.25,Call VEX 3,VEX,595462.037,8002.249685705646,8002.249685705646
2026-08-18 11:43:00,7500.0,7519.5,Call DEX 1,DEX,316.387,8002.249685705646,8002.249685705646
2026-08-18 11:43:00,7500.0,7519.5,Call VEX 2,VEX,769880.562,8002.249685705646,8002.249685705646
2026-08-18 11:43:00,7550.0,7569.75,Call DEX 3,DEX,146.856,8002.249685705646,8002.249685705646
2026-08-18 11:43:00,7550.0,7569.75,Call VEX 5,VEX,558013.598,8002.249685705646,8002.249685705646
2026-08-18 11:43:00,7600.0,7620.0,Call CEX 3,CEX,1831711.512,8002.249685705646,8002.249685705646
2026-08-18 11:43:00,7600.0,7620.0,Call DEX 2,DEX,201.659,8002.249685705646,8002.249685705646
2026-08-18 11:43:00,7600.0,7620.0,Call VEX 1,VEX,1036496.718,8002.249685705646,8002.249685705646
2026-08-18 11:43:00,7625.0,7645.0,Call DEX 5,DEX,61.947,8002.249685705646,8002.249685705646
2026-08-18 11:43:00,7635.0,7655.0,Call CEX 1,CEX,2984145.738,8002.249685705646,8002.249685705646
2026-08-18 11:43:00,7650.0,7670.0,Call CEX 2,CEX,2000061.525,8002.249685705646,8002.249685705646
2026-08-18 11:43:00,7650.0,7670.0,Call DEX 4,DEX,76.234,8002.249685705646,8002.249685705646
2026-08-18 11:43:00,7650.0,7670.0,Call VEX 4,VEX,574447.081,8002.249685705646,8002.249685705646
2026-08-18 11:43:00,7675.0,7695.0,Call CEX 5,CEX,1287474.572,8002.249685705646,8002.249685705646
2026-08-18 11:43:00,7690.0,7710.0,Call CEX 4,CEX,1400333.142,8002.249685705646,8002.249685705646
2026-08-18 11:43:00,7695.0,7715.25,Put GEX 3,GEX,-368439.365,8002.249685705646,8002.249685705646
2026-08-18 11:43:00,7700.0,7720.25,Put GEX 1,GEX,-820726.829,8002.249685705646,8002.249685705646
2026-08-18 11:43:00,7705.0,7725.25,Put GEX 5,GEX,-292636.766,8002.249685705646,8002.249685705646
2026-08-18 11:43:00,7710.0,7730.25,Put CEX 2,CEX,-2205601.387,8002.249685705646,8002.249685705646
2026-08-18 11:43:00,7710.0,7730.25,Put GEX 2,GEX,-488851.149,8002.249685705646,8002.249685705646
2026-08-18 11:43:00,7720.0,7740.25,Put GEX 4,GEX,-306723.941,8002.249685705646,8002.249685705646
2026-08-18 11:43:00,7735.0,7755.25,Put DEX 5,DEX,-44.476,8002.249685705646,8002.249685705646
2026-08-18 11:43:00,7750.0,7770.25,Put CEX 3,CEX,-1915017.455,8002.249685705646,8002.249685705646
2026-08-18 11:43:00,7750.0,7770.25,Put DEX 4,DEX,-84.103,8002.249685705646,8002.249685705646
2026-08-18 11:43:00,7750.0,7770.25,Put VEX 3,VEX,-588591.443,8002.249685705646,8002.249685705646
2026-08-18 11:43:00,7775.0,7795.25,Put CEX 5,CEX,-1016561.032,8002.249685705646,8002.249685705646
2026-08-18 11:43:00,7775.0,7795.25,Call GEX 1,GEX,229754.482,8002.249685705646,8002.249685705646
2026-08-18 11:43:00,7775.0,7795.25,Put VEX 4,VEX,-320929.598,8002.249685705646,8002.249685705646
2026-08-18 11:43:00,7800.0,7820.5,Put CEX 4,CEX,-1532535.556,8002.249685705646,8002.249685705646
2026-08-18 11:43:00,7800.0,7820.5,Put DEX 2,DEX,-107.181,8002.249685705646,8002.249685705646
2026-08-18 11:43:00,7800.0,7820.5,Call GEX 2,GEX,191883.263,8002.249685705646,8002.249685705646
2026-08-18 11:43:00,7800.0,7820.5,Put VEX 2,VEX,-689219.843,8002.249685705646,8002.249685705646
2026-08-18 11:43:00,7825.0,7845.5,Call GEX 3,GEX,97005.248,8002.249685705646,8002.249685705646
2026-08-18 11:43:00,7850.0,7870.5,Call GEX 5,GEX,92426.061,8002.249685705646,8002.249685705646
2026-08-18 11:43:00,7900.0,7920.75,Call GEX 4,GEX,93042.01,8002.249685705646,8002.249685705646
2026-08-18 11:43:00,7900.0,7920.75,Put VEX 5,VEX,-181461.109,8002.249685705646,8002.249685705646
2026-08-18 11:43:00,8000.0,8021.0,Put CEX 1,CEX,-2344974.814,8002.249685705646,8002.249685705646
2026-08-18 11:43:00,8000.0,8021.0,Put DEX 1,DEX,-1022.909,8002.249685705646,8002.249685705646
2026-08-18 11:43:00,8000.0,8021.0,Put VEX 1,VEX,-1215236.715,8002.249685705646,8002.249685705646
2026-08-18 11:43:00,8500.0,8522.25,Put DEX 3,DEX,-106.68,8002.249685705646,8002.249685705646
2026-08-18 11:43:53,7400.0,7419.75,Call VEX 3,VEX,597287.409,8001.755684264093,8001.755684264093
2026-08-18 11:43:53,7450.0,7469.75,Call DEX 4,DEX,94.404,8001.755684264093,8001.755684264093
2026-08-18 11:43:53,7500.0,7520.0,Call CEX 5,CEX,1316086.361,8001.755684264093,8001.755684264093
2026-08-18 11:43:53,7500.0,7520.0,Call DEX 1,DEX,315.562,8001.755684264093,8001.755684264093
2026-08-18 11:43:53,7500.0,7520.0,Call VEX 2,VEX,792448.956,8001.755684264093,8001.755684264093
2026-08-18 11:43:53,7550.0,7570.0,Call DEX 3,DEX,146.293,8001.755684264093,8001.755684264093
2026-08-18 11:43:53,7550.0,7570.0,Call VEX 5,VEX,566198.85,8001.755684264093,8001.755684264093
2026-08-18 11:43:53,7600.0,7620.25,Call CEX 3,CEX,1853937.534,8001.755684264093,8001.755684264093
2026-08-18 11:43:53,7600.0,7620.25,Call DEX 2,DEX,200.944,8001.755684264093,8001.755684264093
2026-08-18 11:43:53,7600.0,7620.25,Call VEX 1,VEX,1040320.148,8001.755684264093,8001.755684264093
2026-08-18 11:43:53,7635.0,7655.25,Call CEX 1,CEX,3004701.367,8001.755684264093,8001.755684264093
2026-08-18 11:43:53,7650.0,7670.25,Call CEX 2,CEX,2010873.311,8001.755684264093,8001.755684264093
2026-08-18 11:43:53,7650.0,7670.25,Call DEX 5,DEX,75.947,8001.755684264093,8001.755684264093
2026-08-18 11:43:53,7650.0,7670.25,Call VEX 4,VEX,573352.758,8001.755684264093,8001.755684264093
2026-08-18 11:43:53,7690.0,7710.5,Call CEX 4,CEX,1400422.207,8001.755684264093,8001.755684264093
2026-08-18 11:43:53,7695.0,7715.5,Put GEX 3,GEX,-375456.683,8001.755684264093,8001.755684264093
2026-08-18 11:43:53,7700.0,7720.5,Put GEX 1,GEX,-870599.349,8001.755684264093,8001.755684264093
2026-08-18 11:43:53,7705.0,7725.5,Put GEX 4,GEX,-311235.181,8001.755684264093,8001.755684264093
2026-08-18 11:43:53,7710.0,7730.5,Put CEX 2,CEX,-2202930.748,8001.755684264093,8001.755684264093
2026-08-18 11:43:53,7710.0,7730.5,Put GEX 2,GEX,-480599.068,8001.755684264093,8001.755684264093
2026-08-18 11:43:53,7720.0,7740.5,Put GEX 5,GEX,-311165.097,8001.755684264093,8001.755684264093
2026-08-18 11:43:53,7735.0,7755.5,Put DEX 5,DEX,-44.734,8001.755684264093,8001.755684264093
2026-08-18 11:43:53,7750.0,7770.75,Put CEX 3,CEX,-1916284.278,8001.755684264093,8001.755684264093
2026-08-18 11:43:53,7750.0,7770.75,Put DEX 4,DEX,-84.546,8001.755684264093,8001.755684264093
2026-08-18 11:43:53,7750.0,7770.75,Put VEX 3,VEX,-589296.248,8001.755684264093,8001.755684264093
2026-08-18 11:43:53,7775.0,7795.75,Put CEX 5,CEX,-1017182.031,8001.755684264093,8001.755684264093
2026-08-18 11:43:53,7775.0,7795.75,Call GEX 1,GEX,229569.558,8001.755684264093,8001.755684264093
2026-08-18 11:43:53,7775.0,7795.75,Put VEX 4,VEX,-320765.779,8001.755684264093,8001.755684264093
2026-08-18 11:43:53,7800.0,7820.75,Put CEX 4,CEX,-1530830.212,8001.755684264093,8001.755684264093
2026-08-18 11:43:53,7800.0,7820.75,Put DEX 2,DEX,-107.594,8001.755684264093,8001.755684264093
2026-08-18 11:43:53,7800.0,7820.75,Call GEX 2,GEX,195485.447,8001.755684264093,8001.755684264093
2026-08-18 11:43:53,7800.0,7820.75,Put VEX 2,VEX,-686982.692,8001.755684264093,8001.755684264093
2026-08-18 11:43:53,7825.0,7845.75,Call GEX 3,GEX,97010.941,8001.755684264093,8001.755684264093
2026-08-18 11:43:53,7850.0,7871.0,Call GEX 5,GEX,92399.429,8001.755684264093,8001.755684264093
2026-08-18 11:43:53,7900.0,7921.0,Call GEX 4,GEX,93307.667,8001.755684264093,8001.755684264093
2026-08-18 11:43:53,7900.0,7921.0,Put VEX 5,VEX,-181770.775,8001.755684264093,8001.755684264093
2026-08-18 11:43:53,8000.0,8021.25,Put CEX 1,CEX,-2224721.837,8001.755684264093,8001.755684264093
2026-08-18 11:43:53,8000.0,8021.25,Put DEX 1,DEX,-1025.341,8001.755684264093,8001.755684264093
2026-08-18 11:43:53,8000.0,8021.25,Put VEX 1,VEX,-1155427.656,8001.755684264093,8001.755684264093
2026-08-18 11:43:53,8500.0,8522.75,Put DEX 3,DEX,-106.929,8001.755684264093,8001.755684264093
2026-08-18 11:44:43,7400.0,7419.5,Call VEX 3,VEX,596162.216,8002.307366525098,8002.307366525098
2026-08-18 11:44:43,7500.0,7519.75,Call DEX 1,DEX,316.781,8002.307366525098,8002.307366525098
2026-08-18 11:44:43,7500.0,7519.75,Call VEX 2,VEX,792649.163,8002.307366525098,8002.307366525098
2026-08-18 11:44:43,7550.0,7570.0,Call DEX 3,DEX,147.046,8002.307366525098,8002.307366525098
2026-08-18 11:44:43,7550.0,7570.0,Call VEX 5,VEX,568230.419,8002.307366525098,8002.307366525098
2026-08-18 11:44:43,7600.0,7620.0,Call CEX 3,CEX,1824911.258,8002.307366525098,8002.307366525098
2026-08-18 11:44:43,7600.0,7620.0,Call DEX 2,DEX,200.121,8002.307366525098,8002.307366525098
2026-08-18 11:44:43,7600.0,7620.0,Call VEX 1,VEX,1038926.438,8002.307366525098,8002.307366525098
2026-08-18 11:44:43,7625.0,7645.25,Call DEX 5,DEX,61.452,8002.307366525098,8002.307366525098
2026-08-18 11:44:43,7635.0,7655.25,Call CEX 1,CEX,3039442.028,8002.307366525098,8002.307366525098
2026-08-18 11:44:43,7650.0,7670.25,Call CEX 2,CEX,2204758.048,8002.307366525098,8002.307366525098
2026-08-18 11:44:43,7650.0,7670.25,Call DEX 4,DEX,74.874,8002.307366525098,8002.307366525098
2026-08-18 11:44:43,7650.0,7670.25,Call VEX 4,VEX,572520.283,8002.307366525098,8002.307366525098
2026-08-18 11:44:43,7675.0,7695.25,Call CEX 5,CEX,1310862.005,8002.307366525098,8002.307366525098
2026-08-18 11:44:43,7690.0,7710.25,Call CEX 4,CEX,1417780.948,8002.307366525098,8002.307366525098
2026-08-18 11:44:43,7690.0,7710.25,Put GEX 5,GEX,-291045.447,8002.307366525098,8002.307366525098
2026-08-18 11:44:43,7695.0,7715.25,Put GEX 3,GEX,-391550.146,8002.307366525098,8002.307366525098
2026-08-18 11:44:43,7700.0,7720.25,Put GEX 1,GEX,-853841.77,8002.307366525098,8002.307366525098
2026-08-18 11:44:43,7710.0,7730.25,Put CEX 2,CEX,-2230372.367,8002.307366525098,8002.307366525098
2026-08-18 11:44:43,7710.0,7730.25,Put GEX 2,GEX,-441001.949,8002.307366525098,8002.307366525098
2026-08-18 11:44:43,7720.0,7740.5,Put GEX 4,GEX,-304239.824,8002.307366525098,8002.307366525098
2026-08-18 11:44:43,7735.0,7755.5,Put DEX 5,DEX,-45.01,8002.307366525098,8002.307366525098
2026-08-18 11:44:43,7750.0,7770.5,Put CEX 3,CEX,-1921613.74,8002.307366525098,8002.307366525098
2026-08-18 11:44:43,7750.0,7770.5,Put DEX 4,DEX,-85.76,8002.307366525098,8002.307366525098
2026-08-18 11:44:43,7750.0,7770.5,Put VEX 3,VEX,-594622.573,8002.307366525098,8002.307366525098
2026-08-18 11:44:43,7775.0,7795.5,Put CEX 5,CEX,-1015958.636,8002.307366525098,8002.307366525098
2026-08-18 11:44:43,7775.0,7795.5,Call GEX 1,GEX,226129.534,8002.307366525098,8002.307366525098
2026-08-18 11:44:43,7775.0,7795.5,Put VEX 4,VEX,-320789.461,8002.307366525098,8002.307366525098
2026-08-18 11:44:43,7800.0,7820.5,Put CEX 4,CEX,-1527061.392,8002.307366525098,8002.307366525098
2026-08-18 11:44:43,7800.0,7820.5,Put DEX 2,DEX,-108.017,8002.307366525098,8002.307366525098
2026-08-18 11:44:43,7800.0,7820.5,Call GEX 2,GEX,189669.052,8002.307366525098,8002.307366525098
2026-08-18 11:44:43,7800.0,7820.5,Put VEX 2,VEX,-685544.372,8002.307366525098,8002.307366525098
2026-08-18 11:44:43,7825.0,7845.75,Call GEX 3,GEX,96356.6,8002.307366525098,8002.307366525098
2026-08-18 11:44:43,7850.0,7870.75,Call GEX 5,GEX,91753.65,8002.307366525098,8002.307366525098
2026-08-18 11:44:43,7900.0,7920.75,Call GEX 4,GEX,92696.339,8002.307366525098,8002.307366525098
2026-08-18 11:44:43,7900.0,7920.75,Put VEX 5,VEX,-180215.399,8002.307366525098,8002.307366525098
2026-08-18 11:44:43,8000.0,8021.25,Put CEX 1,CEX,-2419707.893,8002.307366525098,8002.307366525098
2026-08-18 11:44:43,8000.0,8021.25,Put DEX 1,DEX,-1021.242,8002.307366525098,8002.307366525098
2026-08-18 11:44:43,8000.0,8021.25,Put VEX 1,VEX,-1250117.358,8002.307366525098,8002.307366525098
2026-08-18 11:44:43,8500.0,8522.5,Put DEX 3,DEX,-106.585,8002.307366525098,8002.307366525098
2026-08-18 11:45:33,7400.0,7419.25,Call VEX 3,VEX,600139.403,8002.4914060206065,8002.4914060206065
2026-08-18 11:45:33,7500.0,7519.5,Call DEX 1,DEX,318.345,8002.4914060206065,8002.4914060206065
2026-08-18 11:45:33,7500.0,7519.5,Call VEX 2,VEX,740240.511,8002.4914060206065,8002.4914060206065
2026-08-18 11:45:33,7550.0,7569.75,Call DEX 3,DEX,147.195,8002.4914060206065,8002.4914060206065
2026-08-18 11:45:33,7550.0,7569.75,Call VEX 5,VEX,564832.498,8002.4914060206065,8002.4914060206065
2026-08-18 11:45:33,7600.0,7619.75,Call CEX 3,CEX,1830736.2,8002.4914060206065,8002.4914060206065
2026-08-18 11:45:33,7600.0,7619.75,Call DEX 2,DEX,199.629,8002.4914060206065,8002.4914060206065
2026-08-18 11:45:33,7600.0,7619.75,Call VEX 1,VEX,1038965.75,8002.4914060206065,8002.4914060206065
2026-08-18 11:45:33,7625.0,7645.0,Call DEX 5,DEX,61.188,8002.4914060206065,8002.4914060206065
2026-08-18 11:45:33,7635.0,7655.0,Call CEX 1,CEX,3066899.916,8002.4914060206065,8002.4914060206065
2026-08-18 11:45:33,7650.0,7670.0,Call CEX 2,CEX,2209902.872,8002.4914060206065,8002.4914060206065
2026-08-18 11:45:33,7650.0,7670.0,Call DEX 4,DEX,74.142,8002.4914060206065,8002.4914060206065
2026-08-18 11:45:33,7650.0,7670.0,Call VEX 4,VEX,569160.138,8002.4914060206065,8002.4914060206065
2026-08-18 11:45:33,7675.0,7695.0,Call CEX 5,CEX,1399736.19,8002.4914060206065,8002.4914060206065
2026-08-18 11:45:33,7690.0,7710.0,Call CEX 4,CEX,1421388.326,8002.4914060206065,8002.4914060206065
2026-08-18 11:45:33,7690.0,7710.0,Put GEX 5,GEX,-298652.078,8002.4914060206065,8002.4914060206065
2026-08-18 11:45:33,7695.0,7715.0,Put GEX 3,GEX,-396408.914,8002.4914060206065,8002.4914060206065
2026-08-18 11:45:33,7700.0,7720.0,Put GEX 1,GEX,-838674.137,8002.4914060206065,8002.4914060206065
2026-08-18 11:45:33,7710.0,7730.0,Put CEX 2,CEX,-2206129.872,8002.4914060206065,8002.4914060206065
2026-08-18 11:45:33,7710.0,7730.0,Put GEX 2,GEX,-412371.168,8002.4914060206065,8002.4914060206065
2026-08-18 11:45:33,7720.0,7740.25,Put GEX 4,GEX,-300416.29,8002.4914060206065,8002.4914060206065
2026-08-18 11:45:33,7735.0,7755.25,Put DEX 5,DEX,-45.063,8002.4914060206065,8002.4914060206065
2026-08-18 11:45:33,7750.0,7770.25,Put CEX 3,CEX,-1922565.913,8002.4914060206065,8002.4914060206065
2026-08-18 11:45:33,7750.0,7770.25,Put DEX 4,DEX,-85.973,8002.4914060206065,8002.4914060206065
2026-08-18 11:45:33,7750.0,7770.25,Put VEX 3,VEX,-596290.189,8002.4914060206065,8002.4914060206065
2026-08-18 11:45:33,7775.0,7795.25,Put CEX 5,CEX,-1015479.84,8002.4914060206065,8002.4914060206065
2026-08-18 11:45:33,7775.0,7795.25,Call GEX 1,GEX,223570.638,8002.4914060206065,8002.4914060206065
2026-08-18 11:45:33,7775.0,7795.25,Put VEX 4,VEX,-320676.528,8002.4914060206065,8002.4914060206065
2026-08-18 11:45:33,7800.0,7820.25,Put CEX 4,CEX,-1533230.634,8002.4914060206065,8002.4914060206065
2026-08-18 11:45:33,7800.0,7820.25,Put DEX 2,DEX,-107.695,8002.4914060206065,8002.4914060206065
2026-08-18 11:45:33,7800.0,7820.25,Call GEX 2,GEX,184974.892,8002.4914060206065,8002.4914060206065
2026-08-18 11:45:33,7800.0,7820.25,Put VEX 2,VEX,-688290.669,8002.4914060206065,8002.4914060206065
2026-08-18 11:45:33,7825.0,7845.5,Call GEX 3,GEX,94785.448,8002.4914060206065,8002.4914060206065
2026-08-18 11:45:33,7850.0,7870.5,Call GEX 5,GEX,90891.577,8002.4914060206065,8002.4914060206065
2026-08-18 11:45:33,7900.0,7920.5,Call GEX 4,GEX,91601.149,8002.4914060206065,8002.4914060206065
2026-08-18 11:45:33,7900.0,7920.5,Put VEX 5,VEX,-179216.986,8002.4914060206065,8002.4914060206065
2026-08-18 11:45:33,8000.0,8020.75,Put CEX 1,CEX,-2478137.458,8002.4914060206065,8002.4914060206065
2026-08-18 11:45:33,8000.0,8020.75,Put DEX 1,DEX,-1019.945,8002.4914060206065,8002.4914060206065
2026-08-18 11:45:33,8000.0,8020.75,Put VEX 1,VEX,-1277228.295,8002.4914060206065,8002.4914060206065
2026-08-18 11:45:33,8500.0,8522.25,Put DEX 3,DEX,-106.542,8002.4914060206065,8002.4914060206065
2026-08-18 11:46:26,7400.0,7419.75,Call VEX 3,VEX,602155.748,8001.839056469748,8001.839056469748
2026-08-18 11:46:26,7450.0,7470.0,Call DEX 4,DEX,94.308,8001.839056469748,8001.839056469748
2026-08-18 11:46:26,7500.0,7520.0,Call CEX 5,CEX,1352791.892,8001.839056469748,8001.839056469748
2026-08-18 11:46:26,7500.0,7520.0,Call DEX 1,DEX,316.01,8001.839056469748,8001.839056469748
2026-08-18 11:46:26,7500.0,7520.0,Call VEX 2,VEX,812178.086,8001.839056469748,8001.839056469748
2026-08-18 11:46:26,7550.0,7570.25,Call DEX 3,DEX,148.072,8001.839056469748,8001.839056469748
2026-08-18 11:46:26,7550.0,7570.25,Call VEX 4,VEX,573496.664,8001.839056469748,8001.839056469748
2026-08-18 11:46:26,7600.0,7620.25,Call CEX 3,CEX,1874356.603,8001.839056469748,8001.839056469748
2026-08-18 11:46:26,7600.0,7620.25,Call DEX 2,DEX,199.362,8001.839056469748,8001.839056469748
2026-08-18 11:46:26,7600.0,7620.25,Call VEX 1,VEX,1042072.67,8001.839056469748,8001.839056469748
2026-08-18 11:46:26,7635.0,7655.5,Call CEX 1,CEX,3080952.524,8001.839056469748,8001.839056469748
2026-08-18 11:46:26,7650.0,7670.5,Call CEX 2,CEX,2230716.294,8001.839056469748,8001.839056469748
2026-08-18 11:46:26,7650.0,7670.5,Call DEX 5,DEX,74.204,8001.839056469748,8001.839056469748
2026-08-18 11:46:26,7650.0,7670.5,Call VEX 5,VEX,569881.915,8001.839056469748,8001.839056469748
2026-08-18 11:46:26,7690.0,7710.5,Call CEX 4,CEX,1430189.024,8001.839056469748,8001.839056469748
2026-08-18 11:46:26,7690.0,7710.5,Put GEX 5,GEX,-295618.385,8001.839056469748,8001.839056469748
2026-08-18 11:46:26,7695.0,7715.5,Put GEX 3,GEX,-397985.969,8001.839056469748,8001.839056469748
2026-08-18 11:46:26,7700.0,7720.5,Put GEX 1,GEX,-896970.775,8001.839056469748,8001.839056469748
2026-08-18 11:46:26,7710.0,7730.5,Put CEX 2,CEX,-2128917.879,8001.839056469748,8001.839056469748
2026-08-18 11:46:26,7710.0,7730.5,Put GEX 2,GEX,-406722.809,8001.839056469748,8001.839056469748
2026-08-18 11:46:26,7720.0,7740.75,Put GEX 4,GEX,-303969.585,8001.839056469748,8001.839056469748
2026-08-18 11:46:26,7725.0,7745.75,Put CEX 5,CEX,-857878.013,8001.839056469748,8001.839056469748
2026-08-18 11:46:26,7735.0,7755.75,Put DEX 5,DEX,-45.067,8001.839056469748,8001.839056469748
2026-08-18 11:46:26,7750.0,7770.75,Put CEX 3,CEX,-1920256.271,8001.839056469748,8001.839056469748
2026-08-18 11:46:26,7750.0,7770.75,Put DEX 4,DEX,-86.001,8001.839056469748,8001.839056469748
2026-08-18 11:46:26,7750.0,7770.75,Put VEX 3,VEX,-594215.046,8001.839056469748,8001.839056469748
2026-08-18 11:46:26,7775.0,7795.75,Call GEX 1,GEX,221650.687,8001.839056469748,8001.839056469748
2026-08-18 11:46:26,7775.0,7795.75,Put VEX 4,VEX,-317398.349,8001.839056469748,8001.839056469748
2026-08-18 11:46:26,7800.0,7820.75,Put CEX 4,CEX,-1519759.095,8001.839056469748,8001.839056469748
2026-08-18 11:46:26,7800.0,7820.75,Put DEX 2,DEX,-108.465,8001.839056469748,8001.839056469748
2026-08-18 11:46:26,7800.0,7820.75,Call GEX 2,GEX,192713.322,8001.839056469748,8001.839056469748
2026-08-18 11:46:26,7800.0,7820.75,Put VEX 2,VEX,-682029.071,8001.839056469748,8001.839056469748
2026-08-18 11:46:26,7825.0,7846.0,Call GEX 3,GEX,95074.1,8001.839056469748,8001.839056469748
2026-08-18 11:46:26,7850.0,7871.0,Call GEX 5,GEX,91445.564,8001.839056469748,8001.839056469748
2026-08-18 11:46:26,7900.0,7921.0,Call GEX 4,GEX,91962.198,8001.839056469748,8001.839056469748
2026-08-18 11:46:26,7900.0,7921.0,Put VEX 5,VEX,-180371.677,8001.839056469748,8001.839056469748
2026-08-18 11:46:26,8000.0,8021.5,Put CEX 1,CEX,-2234199.43,8001.839056469748,8001.839056469748
2026-08-18 11:46:26,8000.0,8021.5,Put DEX 1,DEX,-1025.077,8001.839056469748,8001.839056469748
2026-08-18 11:46:26,8000.0,8021.5,Put VEX 1,VEX,-1157362.073,8001.839056469748,8001.839056469748
2026-08-18 11:46:26,8500.0,8522.75,Put DEX 3,DEX,-106.819,8001.839056469748,8001.839056469748
2026-08-18 11:47:14,7400.0,7419.25,Call VEX 3,VEX,601568.318,7702.356053752312,7702.356053752312
2026-08-18 11:47:14,7500.0,7519.5,Call DEX 1,DEX,317.747,7702.356053752312,7702.356053752312
2026-08-18 11:47:14,7500.0,7519.5,Call VEX 2,VEX,763120.451,7702.356053752312,7702.356053752312
2026-08-18 11:47:14,7550.0,7569.75,Call DEX 3,DEX,147.204,7702.356053752312,7702.356053752312
2026-08-18 11:47:14,7550.0,7569.75,Call VEX 5,VEX,565691.794,7702.356053752312,7702.356053752312
2026-08-18 11:47:14,7600.0,7619.75,Call CEX 3,CEX,1862534.869,7702.356053752312,7702.356053752312
2026-08-18 11:47:14,7600.0,7619.75,Call DEX 2,DEX,199.648,7702.356053752312,7702.356053752312
2026-08-18 11:47:14,7600.0,7619.75,Call VEX 1,VEX,1040898.774,7702.356053752312,7702.356053752312
2026-08-18 11:47:14,7625.0,7644.75,Call DEX 5,DEX,61.166,7702.356053752312,7702.356053752312
2026-08-18 11:47:14,7635.0,7654.75,Call CEX 1,CEX,3101472.27,7702.356053752312,7702.356053752312
2026-08-18 11:47:14,7650.0,7670.0,Call CEX 2,CEX,2040834.072,7702.356053752312,7702.356053752312
2026-08-18 11:47:14,7650.0,7670.0,Call DEX 4,DEX,74.356,7702.356053752312,7702.356053752312
2026-08-18 11:47:14,7650.0,7670.0,Call VEX 4,VEX,566476.842,7702.356053752312,7702.356053752312
2026-08-18 11:47:14,7675.0,7695.0,Call CEX 5,CEX,1340049.162,7702.356053752312,7702.356053752312
2026-08-18 11:47:14,7690.0,7710.0,Call CEX 4,CEX,1436747.268,7702.356053752312,7702.356053752312
2026-08-18 11:47:14,7690.0,7710.0,Put GEX 5,GEX,-299209.295,7702.356053752312,7702.356053752312
2026-08-18 11:47:14,7695.0,7715.0,Put GEX 2,GEX,-403867.15,7702.356053752312,7702.356053752312
2026-08-18 11:47:14,7700.0,7720.0,Put GEX 1,GEX,-895476.503,7702.356053752312,7702.356053752312
2026-08-18 11:47:14,7705.0,7725.0,Put CEX 4,CEX,-889175.855,7702.356053752312,7702.356053752312
2026-08-18 11:47:14,7710.0,7730.0,Put CEX 1,CEX,-2000415.458,7702.356053752312,7702.356053752312
2026-08-18 11:47:14,7710.0,7730.0,Put GEX 3,GEX,-373351.433,7702.356053752312,7702.356053752312
2026-08-18 11:47:14,7720.0,7740.0,Put DEX 5,DEX,-35.117,7702.356053752312,7702.356053752312
2026-08-18 11:47:14,7720.0,7740.0,Put GEX 4,GEX,-303899.624,7702.356053752312,7702.356053752312
2026-08-18 11:47:14,7725.0,7745.0,Put CEX 5,CEX,-863254.276,7702.356053752312,7702.356053752312
2026-08-18 11:47:14,7735.0,7755.25,Put DEX 4,DEX,-45.139,7702.356053752312,7702.356053752312
2026-08-18 11:47:14,7750.0,7770.25,Put CEX 2,CEX,-1926281.581,7702.356053752312,7702.356053752312
2026-08-18 11:47:14,7750.0,7770.25,Put DEX 3,DEX,-86.048,7702.356053752312,7702.356053752312
2026-08-18 11:47:14,7750.0,7770.25,Put VEX 2,VEX,-595966.528,7702.356053752312,7702.356053752312
2026-08-18 11:47:14,7775.0,7795.25,Call GEX 1,GEX,220034.491,7702.356053752312,7702.356053752312
2026-08-18 11:47:14,7775.0,7795.25,Put VEX 4,VEX,-317659.154,7702.356053752312,7702.356053752312
2026-08-18 11:47:14,7800.0,7820.25,Put CEX 3,CEX,-1531580.768,7702.356053752312,7702.356053752312
2026-08-18 11:47:14,7800.0,7820.25,Put DEX 1,DEX,-107.897,7702.356053752312,7702.356053752312
2026-08-18 11:47:14,7800.0,7820.25,Call GEX 2,GEX,187019.803,7702.356053752312,7702.356053752312
2026-08-18 11:47:14,7800.0,7820.25,Put VEX 1,VEX,-686493.361,7702.356053752312,7702.356053752312
2026-08-18 11:47:14,7825.0,7845.25,Call GEX 4,GEX,95207.116,7702.356053752312,7702.356053752312
2026-08-18 11:47:14,7900.0,7920.5,Call GEX 5,GEX,91650.759,7702.356053752312,7702.356053752312
2026-08-18 11:47:14,7900.0,7920.5,Put VEX 5,VEX,-179577.628,7702.356053752312,7702.356053752312
2026-08-18 11:47:14,8000.0,8020.75,Call GEX 3,GEX,100666.44,7702.356053752312,7702.356053752312
2026-08-18 11:47:14,8000.0,8020.75,Put VEX 3,VEX,-366676.485,7702.356053752312,7702.356053752312
2026-08-18 11:47:14,8500.0,8522.0,Put DEX 2,DEX,-106.817,7702.356053752312,7702.356053752312
2026-08-18 11:48:04,7400.0,7419.25,Call VEX 3,VEX,596050.946,8002.4452427860015,8002.4452427860015
2026-08-18 11:48:04,7500.0,7519.5,Call DEX 1,DEX,317.256,8002.4452427860015,8002.4452427860015
2026-08-18 11:48:04,7500.0,7519.5,Call VEX 2,VEX,779424.853,8002.4452427860015,8002.4452427860015
2026-08-18 11:48:04,7550.0,7569.75,Call DEX 3,DEX,147.003,8002.4452427860015,8002.4452427860015
2026-08-18 11:48:04,7550.0,7569.75,Call VEX 5,VEX,568428.473,8002.4452427860015,8002.4452427860015
2026-08-18 11:48:04,7600.0,7619.75,Call CEX 3,CEX,1833392.671,8002.4452427860015,8002.4452427860015
2026-08-18 11:48:04,7600.0,7619.75,Call DEX 2,DEX,199.601,8002.4452427860015,8002.4452427860015
2026-08-18 11:48:04,7600.0,7619.75,Call VEX 1,VEX,1038964.604,8002.4452427860015,8002.4452427860015
2026-08-18 11:48:04,7625.0,7645.0,Call DEX 5,DEX,61.201,8002.4452427860015,8002.4452427860015
2026-08-18 11:48:04,7635.0,7655.0,Call CEX 1,CEX,3117473.564,8002.4452427860015,8002.4452427860015
2026-08-18 11:48:04,7650.0,7670.0,Call CEX 2,CEX,2235759.26,8002.4452427860015,8002.4452427860015
2026-08-18 11:48:04,7650.0,7670.0,Call DEX 4,DEX,74.324,8002.4452427860015,8002.4452427860015
2026-08-18 11:48:04,7650.0,7670.0,Call VEX 4,VEX,569945.012,8002.4452427860015,8002.4452427860015
2026-08-18 11:48:04,7675.0,7695.0,Call CEX 5,CEX,1341539.948,8002.4452427860015,8002.4452427860015
2026-08-18 11:48:04,7690.0,7710.0,Call CEX 4,CEX,1446503.449,8002.4452427860015,8002.4452427860015
2026-08-18 11:48:04,7690.0,7710.0,Put GEX 5,GEX,-299071.185,8002.4452427860015,8002.4452427860015
2026-08-18 11:48:04,7695.0,7715.0,Put GEX 3,GEX,-402712.122,8002.4452427860015,8002.4452427860015
2026-08-18 11:48:04,7700.0,7720.0,Put GEX 1,GEX,-862676.356,8002.4452427860015,8002.4452427860015
2026-08-18 11:48:04,7705.0,7725.0,Put CEX 5,CEX,-878232.941,8002.4452427860015,8002.4452427860015
2026-08-18 11:48:04,7710.0,7730.0,Put CEX 2,CEX,-2192315.233,8002.4452427860015,8002.4452427860015
2026-08-18 11:48:04,7710.0,7730.0,Put GEX 2,GEX,-403830.668,8002.4452427860015,8002.4452427860015
2026-08-18 11:48:04,7720.0,7740.25,Put GEX 4,GEX,-302588.231,8002.4452427860015,8002.4452427860015
2026-08-18 11:48:04,7735.0,7755.25,Put DEX 5,DEX,-45.142,8002.4452427860015,8002.4452427860015
2026-08-18 11:48:04,7750.0,7770.25,Put CEX 3,CEX,-1931002.071,8002.4452427860015,8002.4452427860015
2026-08-18 11:48:04,7750.0,7770.25,Put DEX 4,DEX,-86.256,8002.4452427860015,8002.4452427860015
2026-08-18 11:48:04,7750.0,7770.25,Put VEX 3,VEX,-597080.765,8002.4452427860015,8002.4452427860015
2026-08-18 11:48:04,7775.0,7795.25,Call GEX 1,GEX,219159.743,8002.4452427860015,8002.4452427860015
2026-08-18 11:48:04,7775.0,7795.25,Put VEX 4,VEX,-317457.858,8002.4452427860015,8002.4452427860015
2026-08-18 11:48:04,7800.0,7820.25,Put CEX 4,CEX,-1525174.206,8002.4452427860015,8002.4452427860015
2026-08-18 11:48:04,7800.0,7820.25,Put DEX 2,DEX,-108.292,8002.4452427860015,8002.4452427860015
2026-08-18 11:48:04,7800.0,7820.25,Call GEX 2,GEX,185717.297,8002.4452427860015,8002.4452427860015
2026-08-18 11:48:04,7800.0,7820.25,Put VEX 2,VEX,-683347.038,8002.4452427860015,8002.4452427860015
2026-08-18 11:48:04,7825.0,7845.5,Call GEX 3,GEX,94727.366,8002.4452427860015,8002.4452427860015
2026-08-18 11:48:04,7850.0,7870.5,Call GEX 4,GEX,90677.826,8002.4452427860015,8002.4452427860015
2026-08-18 11:48:04,7900.0,7920.5,Call GEX 5,GEX,89764.624,8002.4452427860015,8002.4452427860015
2026-08-18 11:48:04,7900.0,7920.5,Put VEX 5,VEX,-175890.802,8002.4452427860015,8002.4452427860015
2026-08-18 11:48:04,8000.0,8020.75,Put CEX 1,CEX,-2457300.573,8002.4452427860015,8002.4452427860015
2026-08-18 11:48:04,8000.0,8020.75,Put DEX 1,DEX,-1020.505,8002.4452427860015,8002.4452427860015
2026-08-18 11:48:04,8000.0,8020.75,Put VEX 1,VEX,-1264593.267,8002.4452427860015,8002.4452427860015
2026-08-18 11:48:04,8500.0,8522.25,Put DEX 3,DEX,-106.537,8002.4452427860015,8002.4452427860015
2026-08-18 11:48:57,7400.0,7419.5,Call VEX 3,VEX,596828.565,8002.020463198171,8002.020463198171
2026-08-18 11:48:57,7500.0,7519.75,Call DEX 1,DEX,316.912,8002.020463198171,8002.020463198171
2026-08-18 11:48:57,7500.0,7519.75,Call VEX 2,VEX,788582.537,8002.020463198171,8002.020463198171
2026-08-18 11:48:57,7550.0,7569.75,Call DEX 3,DEX,147.038,8002.020463198171,8002.020463198171
2026-08-18 11:48:57,7550.0,7569.75,Call VEX 4,VEX,567813.948,8002.020463198171,8002.020463198171
2026-08-18 11:48:57,7600.0,7620.0,Call CEX 3,CEX,1853366.579,8002.020463198171,8002.020463198171
2026-08-18 11:48:57,7600.0,7620.0,Call DEX 2,DEX,199.699,8002.020463198171,8002.020463198171
2026-08-18 11:48:57,7600.0,7620.0,Call VEX 1,VEX,1039841.408,8002.020463198171,8002.020463198171
2026-08-18 11:48:57,7625.0,7645.0,Call DEX 5,DEX,61.258,8002.020463198171,8002.020463198171
2026-08-18 11:48:57,7635.0,7655.0,Call CEX 1,CEX,3134622.683,8002.020463198171,8002.020463198171
2026-08-18 11:48:57,7650.0,7670.25,Call CEX 2,CEX,2052861.978,8002.020463198171,8002.020463198171
2026-08-18 11:48:57,7650.0,7670.25,Call DEX 4,DEX,74.401,8002.020463198171,8002.020463198171
2026-08-18 11:48:57,7650.0,7670.25,Call VEX 5,VEX,566695.662,8002.020463198171,8002.020463198171
2026-08-18 11:48:57,7675.0,7695.25,Call CEX 5,CEX,1352266.634,8002.020463198171,8002.020463198171
2026-08-18 11:48:57,7690.0,7710.25,Call CEX 4,CEX,1454841.007,8002.020463198171,8002.020463198171
2026-08-18 11:48:57,7690.0,7710.25,Put GEX 5,GEX,-298584.609,8002.020463198171,8002.020463198171
2026-08-18 11:48:57,7695.0,7715.25,Put GEX 2,GEX,-406279.341,8002.020463198171,8002.020463198171
2026-08-18 11:48:57,7700.0,7720.25,Put GEX 1,GEX,-918148.777,8002.020463198171,8002.020463198171
2026-08-18 11:48:57,7705.0,7725.25,Put CEX 5,CEX,-895450.613,8002.020463198171,8002.020463198171
2026-08-18 11:48:57,7710.0,7730.25,Put CEX 2,CEX,-2054129.167,8002.020463198171,8002.020463198171
2026-08-18 11:48:57,7710.0,7730.25,Put GEX 3,GEX,-379586.301,8002.020463198171,8002.020463198171
2026-08-18 11:48:57,7720.0,7740.25,Put GEX 4,GEX,-303945.723,8002.020463198171,8002.020463198171
2026-08-18 11:48:57,7735.0,7755.25,Put DEX 5,DEX,-45.257,8002.020463198171,8002.020463198171
2026-08-18 11:48:57,7750.0,7770.5,Put CEX 3,CEX,-1932729.046,8002.020463198171,8002.020463198171
2026-08-18 11:48:57,7750.0,7770.5,Put DEX 4,DEX,-86.412,8002.020463198171,8002.020463198171
2026-08-18 11:48:57,7750.0,7770.5,Put VEX 3,VEX,-596957.488,8002.020463198171,8002.020463198171
2026-08-18 11:48:57,7775.0,7795.5,Call GEX 1,GEX,219402.178,8002.020463198171,8002.020463198171
2026-08-18 11:48:57,7775.0,7795.5,Put VEX 4,VEX,-316968.874,8002.020463198171,8002.020463198171
2026-08-18 11:48:57,7800.0,7820.5,Put CEX 4,CEX,-1513420.895,8002.020463198171,8002.020463198171
2026-08-18 11:48:57,7800.0,7820.5,Put DEX 2,DEX,-108.91,8002.020463198171,8002.020463198171
2026-08-18 11:48:57,7800.0,7820.5,Call GEX 2,GEX,184489.484,8002.020463198171,8002.020463198171
2026-08-18 11:48:57,7800.0,7820.5,Put VEX 2,VEX,-677716.583,8002.020463198171,8002.020463198171
2026-08-18 11:48:57,7825.0,7845.5,Call GEX 3,GEX,94263.479,8002.020463198171,8002.020463198171
2026-08-18 11:48:57,7850.0,7870.75,Call GEX 4,GEX,89876.97,8002.020463198171,8002.020463198171
2026-08-18 11:48:57,7900.0,7920.75,Call GEX 5,GEX,89838.784,8002.020463198171,8002.020463198171
2026-08-18 11:48:57,7900.0,7920.75,Put VEX 5,VEX,-175813.474,8002.020463198171,8002.020463198171
2026-08-18 11:48:57,8000.0,8021.0,Put CEX 1,CEX,-2289721.523,8002.020463198171,8002.020463198171
2026-08-18 11:48:57,8000.0,8021.0,Put DEX 1,DEX,-1024.037,8002.020463198171,8002.020463198171
2026-08-18 11:48:57,8000.0,8021.0,Put VEX 1,VEX,-1182041.648,8002.020463198171,8002.020463198171
2026-08-18 11:48:57,8500.0,8522.25,Put DEX 3,DEX,-106.723,8002.020463198171,8002.020463198171
2026-08-18 11:49:51,7400.0,7419.5,Call VEX 3,VEX,596978.625,8002.501007707663,8002.501007707663
2026-08-18 11:49:51,7500.0,7519.75,Call DEX 1,DEX,318.193,8002.501007707663,8002.501007707663
2026-08-18 11:49:51,7500.0,7519.75,Call VEX 2,VEX,771314.533,8002.501007707663,8002.501007707663
2026-08-18 11:49:51,7550.0,7570.0,Call DEX 3,DEX,147.005,8002.501007707663,8002.501007707663
2026-08-18 11:49:51,7550.0,7570.0,Call VEX 4,VEX,567410.981,8002.501007707663,8002.501007707663
2026-08-18 11:49:51,7600.0,7620.0,Call CEX 3,CEX,1842177.022,8002.501007707663,8002.501007707663
2026-08-18 11:49:51,7600.0,7620.0,Call DEX 2,DEX,199.473,8002.501007707663,8002.501007707663
2026-08-18 11:49:51,7600.0,7620.0,Call VEX 1,VEX,1039311.049,8002.501007707663,8002.501007707663
2026-08-18 11:49:51,7625.0,7645.25,Call DEX 5,DEX,61.106,8002.501007707663,8002.501007707663
2026-08-18 11:49:51,7635.0,7655.25,Call CEX 1,CEX,3159300.474,8002.501007707663,8002.501007707663
2026-08-18 11:49:51,7650.0,7670.25,Call CEX 2,CEX,2062492.889,8002.501007707663,8002.501007707663
2026-08-18 11:49:51,7650.0,7670.25,Call DEX 4,DEX,74.057,8002.501007707663,8002.501007707663
2026-08-18 11:49:51,7650.0,7670.25,Call VEX 5,VEX,565223.673,8002.501007707663,8002.501007707663
2026-08-18 11:49:51,7675.0,7695.25,Call CEX 5,CEX,1356724.923,8002.501007707663,8002.501007707663
2026-08-18 11:49:51,7690.0,7710.25,Call CEX 4,CEX,1463018.069,8002.501007707663,8002.501007707663
2026-08-18 11:49:51,7690.0,7710.25,Put GEX 4,GEX,-303195.998,8002.501007707663,8002.501007707663
2026-08-18 11:49:51,7695.0,7715.25,Put GEX 2,GEX,-412318.154,8002.501007707663,8002.501007707663
2026-08-18 11:49:51,7700.0,7720.25,Put GEX 1,GEX,-897339.299,8002.501007707663,8002.501007707663
2026-08-18 11:49:51,7705.0,7725.25,Put CEX 5,CEX,-930477.312,8002.501007707663,8002.501007707663
2026-08-18 11:49:51,7710.0,7730.25,Put CEX 2,CEX,-2207044.76,8002.501007707663,8002.501007707663
2026-08-18 11:49:51,7710.0,7730.25,Put GEX 3,GEX,-392668.911,8002.501007707663,8002.501007707663
2026-08-18 11:49:51,7720.0,7740.5,Put GEX 5,GEX,-301345.157,8002.501007707663,8002.501007707663
2026-08-18 11:49:51,7735.0,7755.5,Put DEX 5,DEX,-45.382,8002.501007707663,8002.501007707663
2026-08-18 11:49:51,7750.0,7770.5,Put CEX 3,CEX,-1933994.504,8002.501007707663,8002.501007707663
2026-08-18 11:49:51,7750.0,7770.5,Put DEX 4,DEX,-86.916,8002.501007707663,8002.501007707663
2026-08-18 11:49:51,7750.0,7770.5,Put VEX 3,VEX,-598348.67,8002.501007707663,8002.501007707663
2026-08-18 11:49:51,7775.0,7795.5,Call GEX 1,GEX,218511.797,8002.501007707663,8002.501007707663
2026-08-18 11:49:51,7775.0,7795.5,Put VEX 4,VEX,-316810.363,8002.501007707663,8002.501007707663
2026-08-18 11:49:51,7800.0,7820.5,Put CEX 4,CEX,-1507368.339,8002.501007707663,8002.501007707663
2026-08-18 11:49:51,7800.0,7820.5,Put DEX 2,DEX,-108.993,8002.501007707663,8002.501007707663
2026-08-18 11:49:51,7800.0,7820.5,Call GEX 2,GEX,180140.861,8002.501007707663,8002.501007707663
2026-08-18 11:49:51,7800.0,7820.5,Put VEX 2,VEX,-676492.575,8002.501007707663,8002.501007707663
2026-08-18 11:49:51,7825.0,7845.75,Call GEX 3,GEX,93574.473,8002.501007707663,8002.501007707663
2026-08-18 11:49:51,7850.0,7870.75,Call GEX 5,GEX,88493.581,8002.501007707663,8002.501007707663
2026-08-18 11:49:51,7900.0,7920.75,Call GEX 4,GEX,91247.884,8002.501007707663,8002.501007707663
2026-08-18 11:49:51,7900.0,7920.75,Put VEX 5,VEX,-178120.009,8002.501007707663,8002.501007707663
2026-08-18 11:49:51,8000.0,8021.0,Put CEX 1,CEX,-2487283.461,8002.501007707663,8002.501007707663
2026-08-18 11:49:51,8000.0,8021.0,Put DEX 1,DEX,-1019.873,8002.501007707663,8002.501007707663
2026-08-18 11:49:51,8000.0,8021.0,Put VEX 1,VEX,-1278477.561,8002.501007707663,8002.501007707663
2026-08-18 11:49:51,8500.0,8522.5,Put DEX 3,DEX,-106.573,8002.501007707663,8002.501007707663
2026-08-18 11:50:41,7400.0,7419.75,Call VEX 3,VEX,608564.89,8001.627356451,8001.627356451
2026-08-18 11:50:41,7450.0,7469.75,Call DEX 4,DEX,94.275,8001.627356451,8001.627356451
2026-08-18 11:50:41,7500.0,7520.0,Call DEX 1,DEX,316.236,8001.627356451,8001.627356451
2026-08-18 11:50:41,7500.0,7520.0,Call VEX 2,VEX,821598.234,8001.627356451,8001.627356451
2026-08-18 11:50:41,7550.0,7570.0,Call DEX 3,DEX,146.316,8001.627356451,8001.627356451
2026-08-18 11:50:41,7550.0,7570.0,Call VEX 4,VEX,576272.236,8001.627356451,8001.627356451
2026-08-18 11:50:41,7600.0,7620.25,Call CEX 3,CEX,1884524.404,8001.627356451,8001.627356451
2026-08-18 11:50:41,7600.0,7620.25,Call DEX 2,DEX,198.411,8001.627356451,8001.627356451
2026-08-18 11:50:41,7600.0,7620.25,Call VEX 1,VEX,1043712.437,8001.627356451,8001.627356451
2026-08-18 11:50:41,7635.0,7655.25,Call CEX 1,CEX,3185030.269,8001.627356451,8001.627356451
2026-08-18 11:50:41,7650.0,7670.5,Call CEX 2,CEX,2077878.473,8001.627356451,8001.627356451
2026-08-18 11:50:41,7650.0,7670.5,Call DEX 5,DEX,73.647,8001.627356451,8001.627356451
2026-08-18 11:50:41,7650.0,7670.5,Call VEX 5,VEX,563542.239,8001.627356451,8001.627356451
2026-08-18 11:50:41,7675.0,7695.5,Call CEX 5,CEX,1377807.356,8001.627356451,8001.627356451
2026-08-18 11:50:41,7690.0,7710.5,Call CEX 4,CEX,1465138.256,8001.627356451,8001.627356451
2026-08-18 11:50:41,7690.0,7710.5,Put GEX 3,GEX,-308833.187,8001.627356451,8001.627356451
2026-08-18 11:50:41,7695.0,7715.5,Put GEX 2,GEX,-429304.321,8001.627356451,8001.627356451
2026-08-18 11:50:41,7700.0,7720.5,Put GEX 1,GEX,-970851.935,8001.627356451,8001.627356451
2026-08-18 11:50:41,7705.0,7725.5,Put CEX 4,CEX,-1041699.025,8001.627356451,8001.627356451
2026-08-18 11:50:41,7705.0,7725.5,Put GEX 4,GEX,-307581.572,8001.627356451,8001.627356451
2026-08-18 11:50:41,7720.0,7740.5,Put GEX 5,GEX,-307247.521,8001.627356451,8001.627356451
2026-08-18 11:50:41,7725.0,7745.5,Put CEX 5,CEX,-865891.349,8001.627356451,8001.627356451
2026-08-18 11:50:41,7725.0,7745.5,Put VEX 5,VEX,-177530.935,8001.627356451,8001.627356451
2026-08-18 11:50:41,7735.0,7755.5,Put DEX 5,DEX,-45.579,8001.627356451,8001.627356451
2026-08-18 11:50:41,7750.0,7770.75,Put CEX 2,CEX,-1935054.462,8001.627356451,8001.627356451
2026-08-18 11:50:41,7750.0,7770.75,Put DEX 4,DEX,-87.447,8001.627356451,8001.627356451
2026-08-18 11:50:41,7750.0,7770.75,Put VEX 3,VEX,-599471.899,8001.627356451,8001.627356451
2026-08-18 11:50:41,7775.0,7795.75,Call GEX 1,GEX,217626.891,8001.627356451,8001.627356451
2026-08-18 11:50:41,7775.0,7795.75,Put VEX 4,VEX,-316360.313,8001.627356451,8001.627356451
2026-08-18 11:50:41,7800.0,7820.75,Put CEX 3,CEX,-1497354.469,8001.627356451,8001.627356451
2026-08-18 11:50:41,7800.0,7820.75,Put DEX 2,DEX,-109.742,8001.627356451,8001.627356451
2026-08-18 11:50:41,7800.0,7820.75,Call GEX 2,GEX,184772.502,8001.627356451,8001.627356451
2026-08-18 11:50:41,7800.0,7820.75,Put VEX 2,VEX,-671123.972,8001.627356451,8001.627356451
2026-08-18 11:50:41,7825.0,7845.75,Call GEX 3,GEX,93514.577,8001.627356451,8001.627356451
2026-08-18 11:50:41,7850.0,7871.0,Call GEX 5,GEX,88436.755,8001.627356451,8001.627356451
2026-08-18 11:50:41,7900.0,7921.0,Call GEX 4,GEX,90769.595,8001.627356451,8001.627356451
2026-08-18 11:50:41,8000.0,8021.25,Put CEX 1,CEX,-2168239.491,8001.627356451,8001.627356451
2026-08-18 11:50:41,8000.0,8021.25,Put DEX 1,DEX,-1026.353,8001.627356451,8001.627356451
2026-08-18 11:50:41,8000.0,8021.25,Put VEX 1,VEX,-1121686.493,8001.627356451,8001.627356451
2026-08-18 11:50:41,8500.0,8522.75,Put DEX 3,DEX,-106.879,8001.627356451,8001.627356451
2026-08-18 11:51:29,7400.0,7419.75,Call VEX 3,VEX,612853.263,8001.369051967996,8001.369051967996
2026-08-18 11:51:29,7450.0,7470.0,Call DEX 4,DEX,93.761,8001.369051967996,8001.369051967996
2026-08-18 11:51:29,7500.0,7520.0,Call CEX 5,CEX,1397311.07,8001.369051967996,8001.369051967996
2026-08-18 11:51:29,7500.0,7520.0,Call DEX 1,DEX,315.521,8001.369051967996,8001.369051967996
2026-08-18 11:51:29,7500.0,7520.0,Call VEX 2,VEX,833272.714,8001.369051967996,8001.369051967996
2026-08-18 11:51:29,7550.0,7570.25,Call DEX 3,DEX,146.9,8001.369051967996,8001.369051967996
2026-08-18 11:51:29,7550.0,7570.25,Call VEX 4,VEX,585293.11,8001.369051967996,8001.369051967996
2026-08-18 11:51:29,7600.0,7620.25,Call CEX 3,CEX,1906501.618,8001.369051967996,8001.369051967996
2026-08-18 11:51:29,7600.0,7620.25,Call DEX 2,DEX,197.212,8001.369051967996,8001.369051967996
2026-08-18 11:51:29,7600.0,7620.25,Call VEX 1,VEX,1046369.919,8001.369051967996,8001.369051967996
2026-08-18 11:51:29,7635.0,7655.5,Call CEX 1,CEX,3224245.588,8001.369051967996,8001.369051967996
2026-08-18 11:51:29,7650.0,7670.5,Call CEX 2,CEX,2087460.442,8001.369051967996,8001.369051967996
2026-08-18 11:51:29,7650.0,7670.5,Call DEX 5,DEX,72.517,8001.369051967996,8001.369051967996
2026-08-18 11:51:29,7650.0,7670.5,Call VEX 5,VEX,558550.968,8001.369051967996,8001.369051967996
2026-08-18 11:51:29,7690.0,7710.5,Call CEX 4,CEX,1456092.61,8001.369051967996,8001.369051967996
2026-08-18 11:51:29,7690.0,7710.5,Put GEX 3,GEX,-325096.138,8001.369051967996,8001.369051967996
2026-08-18 11:51:29,7695.0,7715.5,Put GEX 2,GEX,-450313.005,8001.369051967996,8001.369051967996
2026-08-18 11:51:29,7700.0,7720.5,Put GEX 1,GEX,-1009412.399,8001.369051967996,8001.369051967996
2026-08-18 11:51:29,7705.0,7725.5,Put CEX 4,CEX,-1137580.332,8001.369051967996,8001.369051967996
2026-08-18 11:51:29,7705.0,7725.5,Put GEX 5,GEX,-285789.747,8001.369051967996,8001.369051967996
2026-08-18 11:51:29,7720.0,7740.75,Put GEX 4,GEX,-304656.192,8001.369051967996,8001.369051967996
2026-08-18 11:51:29,7725.0,7745.75,Put CEX 5,CEX,-865959.035,8001.369051967996,8001.369051967996
2026-08-18 11:51:29,7725.0,7745.75,Put VEX 5,VEX,-182979.302,8001.369051967996,8001.369051967996
2026-08-18 11:51:29,7735.0,7755.75,Put DEX 5,DEX,-46.045,8001.369051967996,8001.369051967996
2026-08-18 11:51:29,7750.0,7770.75,Put CEX 2,CEX,-1937133.665,8001.369051967996,8001.369051967996
2026-08-18 11:51:29,7750.0,7770.75,Put DEX 4,DEX,-88.799,8001.369051967996,8001.369051967996
2026-08-18 11:51:29,7750.0,7770.75,Put VEX 3,VEX,-603993.904,8001.369051967996,8001.369051967996
2026-08-18 11:51:29,7775.0,7795.75,Call GEX 1,GEX,214318.457,8001.369051967996,8001.369051967996
2026-08-18 11:51:29,7775.0,7795.75,Put VEX 4,VEX,-316098.754,8001.369051967996,8001.369051967996
2026-08-18 11:51:29,7800.0,7820.75,Put CEX 3,CEX,-1486640.21,8001.369051967996,8001.369051967996
2026-08-18 11:51:29,7800.0,7820.75,Put DEX 2,DEX,-110.43,8001.369051967996,8001.369051967996
2026-08-18 11:51:29,7800.0,7820.75,Call GEX 2,GEX,183480.068,8001.369051967996,8001.369051967996
2026-08-18 11:51:29,7800.0,7820.75,Put VEX 2,VEX,-667348.12,8001.369051967996,8001.369051967996
2026-08-18 11:51:29,7825.0,7846.0,Call GEX 3,GEX,92909.694,8001.369051967996,8001.369051967996
2026-08-18 11:51:29,7850.0,7871.0,Call GEX 5,GEX,87797.381,8001.369051967996,8001.369051967996
2026-08-18 11:51:29,7900.0,7921.25,Call GEX 4,GEX,89795.993,8001.369051967996,8001.369051967996
2026-08-18 11:51:29,8000.0,8021.5,Put CEX 1,CEX,-2100423.916,8001.369051967996,8001.369051967996
2026-08-18 11:51:29,8000.0,8021.5,Put DEX 1,DEX,-1026.504,8001.369051967996,8001.369051967996
2026-08-18 11:51:29,8000.0,8021.5,Put VEX 1,VEX,-1088962.88,8001.369051967996,8001.369051967996
2026-08-18 11:51:29,8500.0,8522.75,Put DEX 3,DEX,-106.928,8001.369051967996,8001.369051967996
2026-08-18 11:52:18,7400.0,7419.5,Call VEX 3,VEX,605575.932,8002.168558521343,8002.168558521343
2026-08-18 11:52:18,7450.0,7469.75,Call DEX 4,DEX,94.199,8002.168558521343,8002.168558521343
2026-08-18 11:52:18,7500.0,7519.75,Call DEX 1,DEX,315.921,8002.168558521343,8002.168558521343
2026-08-18 11:52:18,7500.0,7519.75,Call VEX 2,VEX,824609.283,8002.168558521343,8002.168558521343
2026-08-18 11:52:18,7550.0,7570.0,Call DEX 3,DEX,146.193,8002.168558521343,8002.168558521343
2026-08-18 11:52:18,7550.0,7570.0,Call VEX 4,VEX,576686.348,8002.168558521343,8002.168558521343
2026-08-18 11:52:18,7600.0,7620.0,Call CEX 3,CEX,2004854.425,8002.168558521343,8002.168558521343
2026-08-18 11:52:18,7600.0,7620.0,Call DEX 2,DEX,198.557,8002.168558521343,8002.168558521343
2026-08-18 11:52:18,7600.0,7620.0,Call VEX 1,VEX,1043185.765,8002.168558521343,8002.168558521343
2026-08-18 11:52:18,7635.0,7655.25,Call CEX 1,CEX,3231962.109,8002.168558521343,8002.168558521343
2026-08-18 11:52:18,7650.0,7670.25,Call CEX 2,CEX,2087090.524,8002.168558521343,8002.168558521343
2026-08-18 11:52:18,7650.0,7670.25,Call DEX 5,DEX,73.023,8002.168558521343,8002.168558521343
2026-08-18 11:52:18,7650.0,7670.25,Call VEX 5,VEX,560643.623,8002.168558521343,8002.168558521343
2026-08-18 11:52:18,7675.0,7695.25,Call CEX 5,CEX,1393330.461,8002.168558521343,8002.168558521343
2026-08-18 11:52:18,7690.0,7710.25,Call CEX 4,CEX,1475655.221,8002.168558521343,8002.168558521343
2026-08-18 11:52:18,7690.0,7710.25,Put GEX 3,GEX,-318004.287,8002.168558521343,8002.168558521343
2026-08-18 11:52:18,7695.0,7715.25,Put GEX 2,GEX,-437577.086,8002.168558521343,8002.168558521343
2026-08-18 11:52:18,7700.0,7720.25,Put GEX 1,GEX,-949572.378,8002.168558521343,8002.168558521343
2026-08-18 11:52:18,7705.0,7725.25,Put CEX 5,CEX,-1083803.346,8002.168558521343,8002.168558521343
2026-08-18 11:52:18,7705.0,7725.25,Put GEX 5,GEX,-281550.705,8002.168558521343,8002.168558521343
2026-08-18 11:52:18,7710.0,7730.25,Put CEX 4,CEX,-1443018.577,8002.168558521343,8002.168558521343
2026-08-18 11:52:18,7720.0,7740.25,Put GEX 4,GEX,-301645.872,8002.168558521343,8002.168558521343
2026-08-18 11:52:18,7725.0,7745.25,Put VEX 5,VEX,-180792.607,8002.168558521343,8002.168558521343
2026-08-18 11:52:18,7735.0,7755.5,Put DEX 5,DEX,-45.7,8002.168558521343,8002.168558521343
2026-08-18 11:52:18,7750.0,7770.5,Put CEX 2,CEX,-1943568.495,8002.168558521343,8002.168558521343
2026-08-18 11:52:18,7750.0,7770.5,Put DEX 4,DEX,-88.041,8002.168558521343,8002.168558521343
2026-08-18 11:52:18,7750.0,7770.5,Put VEX 3,VEX,-603034.709,8002.168558521343,8002.168558521343
2026-08-18 11:52:18,7775.0,7795.5,Call GEX 1,GEX,214748.932,8002.168558521343,8002.168558521343
2026-08-18 11:52:18,7775.0,7795.5,Put VEX 4,VEX,-316523.745,8002.168558521343,8002.168558521343
2026-08-18 11:52:18,7800.0,7820.5,Put CEX 3,CEX,-1506091.096,8002.168558521343,8002.168558521343
2026-08-18 11:52:18,7800.0,7820.5,Put DEX 2,DEX,-109.542,8002.168558521343,8002.168558521343
2026-08-18 11:52:18,7800.0,7820.5,Call GEX 2,GEX,179992.796,8002.168558521343,8002.168558521343
2026-08-18 11:52:18,7800.0,7820.5,Put VEX 2,VEX,-674310.447,8002.168558521343,8002.168558521343
2026-08-18 11:52:18,7825.0,7845.75,Call GEX 3,GEX,92578.748,8002.168558521343,8002.168558521343
2026-08-18 11:52:18,7850.0,7870.75,Call GEX 5,GEX,87846.612,8002.168558521343,8002.168558521343
2026-08-18 11:52:18,7900.0,7920.75,Call GEX 4,GEX,89703.796,8002.168558521343,8002.168558521343
2026-08-18 11:52:18,8000.0,8021.0,Put CEX 1,CEX,-2339132.37,8002.168558521343,8002.168558521343
2026-08-18 11:52:18,8000.0,8021.0,Put DEX 1,DEX,-1023.007,8002.168558521343,8002.168558521343
2026-08-18 11:52:18,8000.0,8021.0,Put VEX 1,VEX,-1203374.567,8002.168558521343,8002.168558521343
2026-08-18 11:52:18,8500.0,8522.5,Put DEX 3,DEX,-106.657,8002.168558521343,8002.168558521343
2026-08-18 11:53:08,7400.0,7419.5,Call VEX 3,VEX,608424.463,8002.171776670556,8002.171776670556
2026-08-18 11:53:08,7450.0,7469.75,Call DEX 4,DEX,94.363,8002.171776670556,8002.171776670556
2026-08-18 11:53:08,7500.0,7519.75,Call DEX 1,DEX,315.531,8002.171776670556,8002.171776670556
2026-08-18 11:53:08,7500.0,7519.75,Call VEX 2,VEX,830607.204,8002.171776670556,8002.171776670556
2026-08-18 11:53:08,7550.0,7570.0,Call DEX 3,DEX,146.989,8002.171776670556,8002.171776670556
2026-08-18 11:53:08,7550.0,7570.0,Call VEX 4,VEX,581986.443,8002.171776670556,8002.171776670556
2026-08-18 11:53:08,7600.0,7620.0,Call CEX 3,CEX,1964980.953,8002.171776670556,8002.171776670556
2026-08-18 11:53:08,7600.0,7620.0,Call DEX 2,DEX,196.687,8002.171776670556,8002.171776670556
2026-08-18 11:53:08,7600.0,7620.0,Call VEX 1,VEX,1046096.253,8002.171776670556,8002.171776670556
2026-08-18 11:53:08,7635.0,7655.25,Call CEX 1,CEX,3277399.671,8002.171776670556,8002.171776670556
2026-08-18 11:53:08,7650.0,7670.25,Call CEX 2,CEX,2485936.539,8002.171776670556,8002.171776670556
2026-08-18 11:53:08,7650.0,7670.25,Call DEX 5,DEX,71.374,8002.171776670556,8002.171776670556
2026-08-18 11:53:08,7650.0,7670.25,Call VEX 5,VEX,560691.936,8002.171776670556,8002.171776670556
2026-08-18 11:53:08,7675.0,7695.25,Call CEX 4,CEX,1500644.236,8002.171776670556,8002.171776670556
2026-08-18 11:53:08,7685.0,7705.25,Put GEX 5,GEX,-282891.782,8002.171776670556,8002.171776670556
2026-08-18 11:53:08,7690.0,7710.25,Call CEX 5,CEX,1443535.05,8002.171776670556,8002.171776670556
2026-08-18 11:53:08,7690.0,7710.25,Put GEX 3,GEX,-337119.377,8002.171776670556,8002.171776670556
2026-08-18 11:53:08,7695.0,7715.25,Put GEX 2,GEX,-451645.485,8002.171776670556,8002.171776670556
2026-08-18 11:53:08,7700.0,7720.25,Put CEX 4,CEX,-1197476.511,8002.171776670556,8002.171776670556
2026-08-18 11:53:08,7700.0,7720.25,Put GEX 1,GEX,-920388.254,8002.171776670556,8002.171776670556
2026-08-18 11:53:08,7705.0,7725.25,Put CEX 5,CEX,-1174770.495,8002.171776670556,8002.171776670556
2026-08-18 11:53:08,7720.0,7740.5,Put GEX 4,GEX,-297161.903,8002.171776670556,8002.171776670556
2026-08-18 11:53:08,7725.0,7745.5,Put VEX 5,VEX,-187649.55,8002.171776670556,8002.171776670556
2026-08-18 11:53:08,7735.0,7755.5,Put DEX 5,DEX,-46.216,8002.171776670556,8002.171776670556
2026-08-18 11:53:08,7750.0,7770.5,Put CEX 2,CEX,-1940918.512,8002.171776670556,8002.171776670556
2026-08-18 11:53:08,7750.0,7770.5,Put DEX 4,DEX,-89.667,8002.171776670556,8002.171776670556
2026-08-18 11:53:08,7750.0,7770.5,Call GEX 5,GEX,87056.955,8002.171776670556,8002.171776670556
2026-08-18 11:53:08,7750.0,7770.5,Put VEX 3,VEX,-607359.015,8002.171776670556,8002.171776670556
2026-08-18 11:53:08,7775.0,7795.5,Call GEX 1,GEX,210561.058,8002.171776670556,8002.171776670556
2026-08-18 11:53:08,7775.0,7795.5,Put VEX 4,VEX,-315472.376,8002.171776670556,8002.171776670556
2026-08-18 11:53:08,7800.0,7820.5,Put CEX 3,CEX,-1493482.939,8002.171776670556,8002.171776670556
2026-08-18 11:53:08,7800.0,7820.5,Put DEX 2,DEX,-110.298,8002.171776670556,8002.171776670556
2026-08-18 11:53:08,7800.0,7820.5,Call GEX 2,GEX,178081.303,8002.171776670556,8002.171776670556
2026-08-18 11:53:08,7800.0,7820.5,Put VEX 2,VEX,-669925.614,8002.171776670556,8002.171776670556
2026-08-18 11:53:08,7825.0,7845.75,Call GEX 3,GEX,91689.676,8002.171776670556,8002.171776670556
2026-08-18 11:53:08,7900.0,7920.75,Call GEX 4,GEX,89184.765,8002.171776670556,8002.171776670556
2026-08-18 11:53:08,8000.0,8021.0,Put CEX 1,CEX,-2350367.837,8002.171776670556,8002.171776670556
2026-08-18 11:53:08,8000.0,8021.0,Put DEX 1,DEX,-1021.606,8002.171776670556,8002.171776670556
2026-08-18 11:53:08,8000.0,8021.0,Put VEX 1,VEX,-1209873.968,8002.171776670556,8002.171776670556
2026-08-18 11:53:08,8500.0,8522.5,Put DEX 3,DEX,-106.66,8002.171776670556,8002.171776670556
2026-08-18 11:54:00,7400.0,7419.75,Call VEX 3,VEX,609297.346,8001.403613862357,8001.403613862357
2026-08-18 11:54:00,7450.0,7470.0,Call DEX 4,DEX,94.08,8001.403613862357,8001.403613862357
2026-08-18 11:54:00,7500.0,7520.0,Call CEX 5,CEX,1431510.888,8001.403613862357,8001.403613862357
2026-08-18 11:54:00,7500.0,7520.0,Call DEX 1,DEX,312.587,8001.403613862357,8001.403613862357
2026-08-18 11:54:00,7500.0,7520.0,Call VEX 2,VEX,850496.999,8001.403613862357,8001.403613862357
2026-08-18 11:54:00,7550.0,7570.25,Call DEX 3,DEX,146.968,8001.403613862357,8001.403613862357
2026-08-18 11:54:00,7550.0,7570.25,Call VEX 4,VEX,583511.804,8001.403613862357,8001.403613862357
2026-08-18 11:54:00,7600.0,7620.25,Call CEX 3,CEX,1915223.318,8001.403613862357,8001.403613862357
2026-08-18 11:54:00,7600.0,7620.25,Call DEX 2,DEX,196.666,8001.403613862357,8001.403613862357
2026-08-18 11:54:00,7600.0,7620.25,Call VEX 1,VEX,1047196.66,8001.403613862357,8001.403613862357
2026-08-18 11:54:00,7635.0,7655.5,Call CEX 1,CEX,3284392.315,8001.403613862357,8001.403613862357
2026-08-18 11:54:00,7650.0,7670.5,Call CEX 2,CEX,2324387.195,8001.403613862357,8001.403613862357
2026-08-18 11:54:00,7650.0,7670.5,Call DEX 5,DEX,72.132,8001.403613862357,8001.403613862357
2026-08-18 11:54:00,7650.0,7670.5,Call VEX 5,VEX,560879.062,8001.403613862357,8001.403613862357
2026-08-18 11:54:00,7690.0,7710.5,Call CEX 4,CEX,1478418.192,8001.403613862357,8001.403613862357
2026-08-18 11:54:00,7690.0,7710.5,Put GEX 3,GEX,-329475.178,8001.403613862357,8001.403613862357
2026-08-18 11:54:00,7695.0,7715.5,Put GEX 2,GEX,-456068.13,8001.403613862357,8001.403613862357
2026-08-18 11:54:00,7700.0,7720.5,Put CEX 5,CEX,-874687.23,8001.403613862357,8001.403613862357
2026-08-18 11:54:00,7700.0,7720.5,Put GEX 1,GEX,-1011121.213,8001.403613862357,8001.403613862357
2026-08-18 11:54:00,7705.0,7725.5,Put CEX 4,CEX,-1172385.021,8001.403613862357,8001.403613862357
2026-08-18 11:54:00,7705.0,7725.5,Put GEX 5,GEX,-277319.926,8001.403613862357,8001.403613862357
2026-08-18 11:54:00,7720.0,7740.75,Put GEX 4,GEX,-301610.346,8001.403613862357,8001.403613862357
2026-08-18 11:54:00,7725.0,7745.75,Put VEX 5,VEX,-184316.252,8001.403613862357,8001.403613862357
2026-08-18 11:54:00,7735.0,7755.75,Put DEX 5,DEX,-45.923,8001.403613862357,8001.403613862357
2026-08-18 11:54:00,7750.0,7770.75,Put CEX 2,CEX,-1942861.338,8001.403613862357,8001.403613862357
2026-08-18 11:54:00,7750.0,7770.75,Put DEX 4,DEX,-89.102,8001.403613862357,8001.403613862357
2026-08-18 11:54:00,7750.0,7770.75,Put VEX 3,VEX,-604942.335,8001.403613862357,8001.403613862357
2026-08-18 11:54:00,7775.0,7795.75,Call GEX 1,GEX,213032.662,8001.403613862357,8001.403613862357
2026-08-18 11:54:00,7775.0,7795.75,Put VEX 4,VEX,-315401.401,8001.403613862357,8001.403613862357
2026-08-18 11:54:00,7800.0,7820.75,Put CEX 3,CEX,-1489837.962,8001.403613862357,8001.403613862357
2026-08-18 11:54:00,7800.0,7820.75,Put DEX 2,DEX,-110.443,8001.403613862357,8001.403613862357
2026-08-18 11:54:00,7800.0,7820.75,Call GEX 2,GEX,182254.169,8001.403613862357,8001.403613862357
2026-08-18 11:54:00,7800.0,7820.75,Put VEX 2,VEX,-667176.718,8001.403613862357,8001.403613862357
2026-08-18 11:54:00,7825.0,7846.0,Call GEX 3,GEX,92061.852,8001.403613862357,8001.403613862357
2026-08-18 11:54:00,7850.0,7871.0,Call GEX 5,GEX,87426.978,8001.403613862357,8001.403613862357
2026-08-18 11:54:00,7900.0,7921.0,Call GEX 4,GEX,89357.07,8001.403613862357,8001.403613862357
2026-08-18 11:54:00,8000.0,8021.25,Put CEX 1,CEX,-2117988.458,8001.403613862357,8001.403613862357
2026-08-18 11:54:00,8000.0,8021.25,Put DEX 1,DEX,-1026.219,8001.403613862357,8001.403613862357
2026-08-18 11:54:00,8000.0,8021.25,Put VEX 1,VEX,-1095957.306,8001.403613862357,8001.403613862357
2026-08-18 11:54:00,8500.0,8522.75,Put DEX 3,DEX,-106.91,8001.403613862357,8001.403613862357
2026-08-18 11:54:54,7400.0,7419.75,Call VEX 3,VEX,615400.275,8001.688088687262,8001.688088687262
2026-08-18 11:54:54,7450.0,7470.0,Call DEX 4,DEX,94.757,8001.688088687262,8001.688088687262
2026-08-18 11:54:54,7500.0,7520.0,Call DEX 1,DEX,315.034,8001.688088687262,8001.688088687262
2026-08-18 11:54:54,7500.0,7520.0,Call VEX 2,VEX,843359.896,8001.688088687262,8001.688088687262
2026-08-18 11:54:54,7550.0,7570.25,Call DEX 3,DEX,146.569,8001.688088687262,8001.688088687262
2026-08-18 11:54:54,7550.0,7570.25,Call VEX 4,VEX,587266.236,8001.688088687262,8001.688088687262
2026-08-18 11:54:54,7600.0,7620.25,Call CEX 3,CEX,1917477.966,8001.688088687262,8001.688088687262
2026-08-18 11:54:54,7600.0,7620.25,Call DEX 2,DEX,195.852,8001.688088687262,8001.688088687262
2026-08-18 11:54:54,7600.0,7620.25,Call VEX 1,VEX,1047267.536,8001.688088687262,8001.688088687262
2026-08-18 11:54:54,7635.0,7655.25,Call CEX 1,CEX,3323282.785,8001.688088687262,8001.688088687262
2026-08-18 11:54:54,7650.0,7670.5,Call CEX 2,CEX,2130444.592,8001.688088687262,8001.688088687262
2026-08-18 11:54:54,7650.0,7670.5,Call DEX 5,DEX,71.247,8001.688088687262,8001.688088687262
2026-08-18 11:54:54,7650.0,7670.5,Call VEX 5,VEX,553061.462,8001.688088687262,8001.688088687262
2026-08-18 11:54:54,7675.0,7695.5,Call CEX 4,CEX,1526984.553,8001.688088687262,8001.688088687262
2026-08-18 11:54:54,7685.0,7705.5,Put GEX 5,GEX,-285857.695,8001.688088687262,8001.688088687262
2026-08-18 11:54:54,7690.0,7710.5,Call CEX 5,CEX,1455613.296,8001.688088687262,8001.688088687262
2026-08-18 11:54:54,7690.0,7710.5,Put GEX 3,GEX,-345244.425,8001.688088687262,8001.688088687262
2026-08-18 11:54:54,7695.0,7715.5,Put GEX 2,GEX,-473507.945,8001.688088687262,8001.688088687262
2026-08-18 11:54:54,7700.0,7720.5,Put CEX 4,CEX,-1442963.404,8001.688088687262,8001.688088687262
2026-08-18 11:54:54,7700.0,7720.5,Put GEX 1,GEX,-998139.36,8001.688088687262,8001.688088687262
2026-08-18 11:54:54,7705.0,7725.5,Put CEX 5,CEX,-1225541.127,8001.688088687262,8001.688088687262
2026-08-18 11:54:54,7720.0,7740.5,Put GEX 4,GEX,-299422.089,8001.688088687262,8001.688088687262
2026-08-18 11:54:54,7725.0,7745.5,Put VEX 5,VEX,-189447.188,8001.688088687262,8001.688088687262
2026-08-18 11:54:54,7735.0,7755.75,Put DEX 5,DEX,-46.593,8001.688088687262,8001.688088687262
2026-08-18 11:54:54,7750.0,7770.75,Put CEX 2,CEX,-1941649.387,8001.688088687262,8001.688088687262
2026-08-18 11:54:54,7750.0,7770.75,Put DEX 4,DEX,-90.466,8001.688088687262,8001.688088687262
2026-08-18 11:54:54,7750.0,7770.75,Put VEX 3,VEX,-608277.136,8001.688088687262,8001.688088687262
2026-08-18 11:54:54,7775.0,7795.75,Call GEX 1,GEX,210631.485,8001.688088687262,8001.688088687262
2026-08-18 11:54:54,7775.0,7795.75,Put VEX 4,VEX,-314789.817,8001.688088687262,8001.688088687262
2026-08-18 11:54:54,7800.0,7820.75,Put CEX 3,CEX,-1482392.413,8001.688088687262,8001.688088687262
2026-08-18 11:54:54,7800.0,7820.75,Put DEX 2,DEX,-110.938,8001.688088687262,8001.688088687262
2026-08-18 11:54:54,7800.0,7820.75,Call GEX 2,GEX,182301.394,8001.688088687262,8001.688088687262
2026-08-18 11:54:54,7800.0,7820.75,Put VEX 2,VEX,-664733.224,8001.688088687262,8001.688088687262
2026-08-18 11:54:54,7825.0,7846.0,Call GEX 3,GEX,91471.261,8001.688088687262,8001.688088687262
2026-08-18 11:54:54,7850.0,7871.0,Call GEX 5,GEX,86541.889,8001.688088687262,8001.688088687262
2026-08-18 11:54:54,7900.0,7921.0,Call GEX 4,GEX,89032.394,8001.688088687262,8001.688088687262
2026-08-18 11:54:54,8000.0,8021.25,Put CEX 1,CEX,-2183013.93,8001.688088687262,8001.688088687262
2026-08-18 11:54:54,8000.0,8021.25,Put DEX 1,DEX,-1024.954,8001.688088687262,8001.688088687262
2026-08-18 11:54:54,8000.0,8021.25,Put VEX 1,VEX,-1126083.912,8001.688088687262,8001.688088687262
2026-08-18 11:54:54,8500.0,8522.75,Put DEX 3,DEX,-106.835,8001.688088687262,8001.688088687262
2026-08-18 11:55:46,7400.0,7419.25,Call VEX 3,VEX,609265.858,8002.342818546763,8002.342818546763
2026-08-18 11:55:46,7500.0,7519.75,Call DEX 1,DEX,316.166,8002.342818546763,8002.342818546763
2026-08-18 11:55:46,7500.0,7519.75,Call VEX 2,VEX,785605.32,8002.342818546763,8002.342818546763
2026-08-18 11:55:46,7550.0,7569.75,Call DEX 3,DEX,145.556,8002.342818546763,8002.342818546763
2026-08-18 11:55:46,7550.0,7569.75,Call VEX 4,VEX,579380.694,8002.342818546763,8002.342818546763
2026-08-18 11:55:46,7600.0,7620.0,Call CEX 3,CEX,1881380.194,8002.342818546763,8002.342818546763
2026-08-18 11:55:46,7600.0,7620.0,Call DEX 2,DEX,195.769,8002.342818546763,8002.342818546763
2026-08-18 11:55:46,7600.0,7620.0,Call VEX 1,VEX,1044181.335,8002.342818546763,8002.342818546763
2026-08-18 11:55:46,7625.0,7645.0,Call DEX 5,DEX,59.735,8002.342818546763,8002.342818546763
2026-08-18 11:55:46,7635.0,7655.0,Call CEX 1,CEX,3365831.672,8002.342818546763,8002.342818546763
2026-08-18 11:55:46,7650.0,7670.0,Call CEX 2,CEX,2523299.2,8002.342818546763,8002.342818546763
2026-08-18 11:55:46,7650.0,7670.0,Call DEX 4,DEX,69.94,8002.342818546763,8002.342818546763
2026-08-18 11:55:46,7650.0,7670.0,Call VEX 5,VEX,554085.051,8002.342818546763,8002.342818546763
2026-08-18 11:55:46,7675.0,7695.0,Call CEX 4,CEX,1679937.664,8002.342818546763,8002.342818546763
2026-08-18 11:55:46,7685.0,7705.0,Call CEX 5,CEX,1463912.348,8002.342818546763,8002.342818546763
2026-08-18 11:55:46,7685.0,7705.0,Put GEX 4,GEX,-301641.074,8002.342818546763,8002.342818546763
2026-08-18 11:55:46,7690.0,7710.25,Put GEX 3,GEX,-354550.077,8002.342818546763,8002.342818546763
2026-08-18 11:55:46,7695.0,7715.25,Put GEX 2,GEX,-460930.31,8002.342818546763,8002.342818546763
2026-08-18 11:55:46,7700.0,7720.25,Put CEX 2,CEX,-1978241.349,8002.342818546763,8002.342818546763
2026-08-18 11:55:46,7700.0,7720.25,Put GEX 1,GEX,-889148.682,8002.342818546763,8002.342818546763
2026-08-18 11:55:46,7705.0,7725.25,Put CEX 5,CEX,-1241758.392,8002.342818546763,8002.342818546763
2026-08-18 11:55:46,7720.0,7740.25,Put GEX 5,GEX,-293463.34,8002.342818546763,8002.342818546763
2026-08-18 11:55:46,7725.0,7745.25,Put VEX 5,VEX,-193829.855,8002.342818546763,8002.342818546763
2026-08-18 11:55:46,7735.0,7755.25,Put DEX 5,DEX,-46.572,8002.342818546763,8002.342818546763
2026-08-18 11:55:46,7750.0,7770.25,Put CEX 3,CEX,-1947002.736,8002.342818546763,8002.342818546763
2026-08-18 11:55:46,7750.0,7770.25,Put DEX 4,DEX,-90.973,8002.342818546763,8002.342818546763
2026-08-18 11:55:46,7750.0,7770.25,Call GEX 4,GEX,87654.721,8002.342818546763,8002.342818546763
2026-08-18 11:55:46,7750.0,7770.25,Put VEX 3,VEX,-612231.471,8002.342818546763,8002.342818546763
2026-08-18 11:55:46,7775.0,7795.25,Call GEX 1,GEX,205827.931,8002.342818546763,8002.342818546763
2026-08-18 11:55:46,7775.0,7795.25,Put VEX 4,VEX,-314858.131,8002.342818546763,8002.342818546763
2026-08-18 11:55:46,7800.0,7820.5,Put CEX 4,CEX,-1486074.135,8002.342818546763,8002.342818546763
2026-08-18 11:55:46,7800.0,7820.5,Put DEX 2,DEX,-110.63,8002.342818546763,8002.342818546763
2026-08-18 11:55:46,7800.0,7820.5,Call GEX 2,GEX,167613.697,8002.342818546763,8002.342818546763
2026-08-18 11:55:46,7800.0,7820.5,Put VEX 2,VEX,-667264.463,8002.342818546763,8002.342818546763
2026-08-18 11:55:46,7825.0,7845.5,Call GEX 3,GEX,89305.49,8002.342818546763,8002.342818546763
2026-08-18 11:55:46,7900.0,7920.75,Call GEX 5,GEX,86066.534,8002.342818546763,8002.342818546763
2026-08-18 11:55:46,8000.0,8021.0,Put CEX 1,CEX,-2399021.779,8002.342818546763,8002.342818546763
2026-08-18 11:55:46,8000.0,8021.0,Put DEX 1,DEX,-1020.588,8002.342818546763,8002.342818546763
2026-08-18 11:55:46,8000.0,8021.0,Put VEX 1,VEX,-1229773.831,8002.342818546763,8002.342818546763
2026-08-18 11:55:46,8500.0,8522.25,Put DEX 3,DEX,-106.556,8002.342818546763,8002.342818546763
2026-08-18 11:56:35,7400.0,7420.0,Call DEX 5,DEX,90.022,8000.526066385772,8000.526066385772
2026-08-18 11:56:35,7400.0,7420.0,Call VEX 3,VEX,633418.488,8000.526066385772,8000.526066385772
2026-08-18 11:56:35,7450.0,7470.25,Call DEX 4,DEX,96.247,8000.526066385772,8000.526066385772
2026-08-18 11:56:35,7500.0,7520.25,Call CEX 5,CEX,1457018.184,8000.526066385772,8000.526066385772
2026-08-18 11:56:35,7500.0,7520.25,Call DEX 1,DEX,316.18,8000.526066385772,8000.526066385772
2026-08-18 11:56:35,7500.0,7520.25,Call VEX 2,VEX,860021.154,8000.526066385772,8000.526066385772
2026-08-18 11:56:35,7550.0,7570.5,Call DEX 3,DEX,146.363,8000.526066385772,8000.526066385772
2026-08-18 11:56:35,7550.0,7570.5,Call VEX 4,VEX,590797.215,8000.526066385772,8000.526066385772
2026-08-18 11:56:35,7600.0,7620.5,Call CEX 3,CEX,1955841.866,8000.526066385772,8000.526066385772
2026-08-18 11:56:35,7600.0,7620.5,Call DEX 2,DEX,195.275,8000.526066385772,8000.526066385772
2026-08-18 11:56:35,7600.0,7620.5,Call VEX 1,VEX,1050795.074,8000.526066385772,8000.526066385772
2026-08-18 11:56:35,7635.0,7655.75,Call CEX 1,CEX,3373339.793,8000.526066385772,8000.526066385772
2026-08-18 11:56:35,7650.0,7670.75,Call CEX 2,CEX,2366249.161,8000.526066385772,8000.526066385772
2026-08-18 11:56:35,7650.0,7670.75,Call VEX 5,VEX,554524.419,8000.526066385772,8000.526066385772
2026-08-18 11:56:35,7675.0,7695.75,Call CEX 4,CEX,1551439.1,8000.526066385772,8000.526066385772
2026-08-18 11:56:35,7685.0,7705.75,Put GEX 5,GEX,-290360.832,8000.526066385772,8000.526066385772
2026-08-18 11:56:35,7690.0,7710.75,Put GEX 3,GEX,-352603.234,8000.526066385772,8000.526066385772
2026-08-18 11:56:35,7695.0,7715.75,Put GEX 2,GEX,-484206.023,8000.526066385772,8000.526066385772
2026-08-18 11:56:35,7700.0,7720.75,Put CEX 3,CEX,-1717856.296,8000.526066385772,8000.526066385772
2026-08-18 11:56:35,7700.0,7720.75,Put GEX 1,GEX,-1057823.086,8000.526066385772,8000.526066385772
2026-08-18 11:56:35,7705.0,7725.75,Put CEX 5,CEX,-1210413.708,8000.526066385772,8000.526066385772
2026-08-18 11:56:35,7720.0,7740.75,Put GEX 4,GEX,-304276.73,8000.526066385772,8000.526066385772
2026-08-18 11:56:35,7725.0,7745.75,Put VEX 5,VEX,-190823.71,8000.526066385772,8000.526066385772
2026-08-18 11:56:35,7735.0,7756.0,Put DEX 5,DEX,-46.783,8000.526066385772,8000.526066385772
2026-08-18 11:56:35,7750.0,7771.0,Put CEX 1,CEX,-1939712.115,8000.526066385772,8000.526066385772
2026-08-18 11:56:35,7750.0,7771.0,Put DEX 4,DEX,-91.161,8000.526066385772,8000.526066385772
2026-08-18 11:56:35,7750.0,7771.0,Call GEX 4,GEX,86769.604,8000.526066385772,8000.526066385772
2026-08-18 11:56:35,7750.0,7771.0,Put VEX 3,VEX,-608319.437,8000.526066385772,8000.526066385772
2026-08-18 11:56:35,7775.0,7796.0,Call GEX 1,GEX,209664.72,8000.526066385772,8000.526066385772
2026-08-18 11:56:35,7775.0,7796.0,Put VEX 4,VEX,-314154.579,8000.526066385772,8000.526066385772
2026-08-18 11:56:35,7800.0,7821.0,Put CEX 4,CEX,-1448153.091,8000.526066385772,8000.526066385772
2026-08-18 11:56:35,7800.0,7821.0,Put DEX 3,DEX,-106.71,8000.526066385772,8000.526066385772
2026-08-18 11:56:35,7800.0,7821.0,Call GEX 2,GEX,182976.433,8000.526066385772,8000.526066385772
2026-08-18 11:56:35,7800.0,7821.0,Put VEX 2,VEX,-656146.113,8000.526066385772,8000.526066385772
2026-08-18 11:56:35,7825.0,7846.25,Call GEX 3,GEX,89748.962,8000.526066385772,8000.526066385772
2026-08-18 11:56:35,7900.0,7921.25,Call GEX 5,GEX,86377.732,8000.526066385772,8000.526066385772
2026-08-18 11:56:35,8000.0,8021.5,Put CEX 2,CEX,-1927404.106,8000.526066385772,8000.526066385772
2026-08-18 11:56:35,8000.0,8021.5,Put DEX 1,DEX,-1017.324,8000.526066385772,8000.526066385772
2026-08-18 11:56:35,8000.0,8021.5,Put VEX 1,VEX,-1003881.826,8000.526066385772,8000.526066385772
2026-08-18 11:56:35,8500.0,8523.0,Put DEX 2,DEX,-107.054,8000.526066385772,8000.526066385772
2026-08-18 11:57:23,7400.0,7419.25,Call VEX 3,VEX,608176.072,8002.174009810705,8002.174009810705
2026-08-18 11:57:23,7500.0,7519.5,Call DEX 1,DEX,315.284,8002.174009810705,8002.174009810705
2026-08-18 11:57:23,7500.0,7519.5,Call VEX 2,VEX,812845.108,8002.174009810705,8002.174009810705
2026-08-18 11:57:23,7550.0,7569.75,Call DEX 3,DEX,145.457,8002.174009810705,8002.174009810705
2026-08-18 11:57:23,7550.0,7569.75,Call VEX 4,VEX,581936.1,8002.174009810705,8002.174009810705
2026-08-18 11:57:23,7600.0,7619.75,Call CEX 3,CEX,1900429.233,8002.174009810705,8002.174009810705
2026-08-18 11:57:23,7600.0,7619.75,Call DEX 2,DEX,195.705,8002.174009810705,8002.174009810705
2026-08-18 11:57:23,7600.0,7619.75,Call VEX 1,VEX,1045603.721,8002.174009810705,8002.174009810705
2026-08-18 11:57:23,7625.0,7644.75,Call DEX 5,DEX,59.849,8002.174009810705,8002.174009810705
2026-08-18 11:57:23,7635.0,7655.0,Call CEX 1,CEX,3395150.092,8002.174009810705,8002.174009810705
2026-08-18 11:57:23,7650.0,7670.0,Call CEX 2,CEX,2143770.965,8002.174009810705,8002.174009810705
2026-08-18 11:57:23,7650.0,7670.0,Call DEX 4,DEX,70.594,8002.174009810705,8002.174009810705
2026-08-18 11:57:23,7650.0,7670.0,Call VEX 5,VEX,549740.747,8002.174009810705,8002.174009810705
2026-08-18 11:57:23,7675.0,7695.0,Call CEX 4,CEX,1554544.659,8002.174009810705,8002.174009810705
2026-08-18 11:57:23,7685.0,7705.0,Call CEX 5,CEX,1467581.482,8002.174009810705,8002.174009810705
2026-08-18 11:57:23,7685.0,7705.0,Put GEX 5,GEX,-294801.737,8002.174009810705,8002.174009810705
2026-08-18 11:57:23,7690.0,7710.0,Put GEX 3,GEX,-350671.13,8002.174009810705,8002.174009810705
2026-08-18 11:57:23,7695.0,7715.0,Put GEX 2,GEX,-458019.402,8002.174009810705,8002.174009810705
2026-08-18 11:57:23,7700.0,7720.0,Put CEX 3,CEX,-1758566.903,8002.174009810705,8002.174009810705
2026-08-18 11:57:23,7700.0,7720.0,Put GEX 1,GEX,-913369.987,8002.174009810705,8002.174009810705
2026-08-18 11:57:23,7705.0,7725.0,Put CEX 5,CEX,-1242182.986,8002.174009810705,8002.174009810705
2026-08-18 11:57:23,7720.0,7740.0,Put GEX 4,GEX,-295457.684,8002.174009810705,8002.174009810705
2026-08-18 11:57:23,7725.0,7745.0,Put VEX 5,VEX,-191384.23,8002.174009810705,8002.174009810705
2026-08-18 11:57:23,7735.0,7755.25,Put DEX 5,DEX,-46.45,8002.174009810705,8002.174009810705
2026-08-18 11:57:23,7750.0,7770.25,Put CEX 2,CEX,-1951855.015,8002.174009810705,8002.174009810705
2026-08-18 11:57:23,7750.0,7770.25,Put DEX 4,DEX,-90.585,8002.174009810705,8002.174009810705
2026-08-18 11:57:23,7750.0,7770.25,Call GEX 4,GEX,86988.475,8002.174009810705,8002.174009810705
2026-08-18 11:57:23,7750.0,7770.25,Put VEX 3,VEX,-610536.87,8002.174009810705,8002.174009810705
2026-08-18 11:57:23,7775.0,7795.25,Call GEX 1,GEX,207400.149,8002.174009810705,8002.174009810705
2026-08-18 11:57:23,7775.0,7795.25,Put VEX 4,VEX,-315119.238,8002.174009810705,8002.174009810705
2026-08-18 11:57:23,7800.0,7820.25,Put CEX 4,CEX,-1493660.964,8002.174009810705,8002.174009810705
2026-08-18 11:57:23,7800.0,7820.25,Put DEX 2,DEX,-110.517,8002.174009810705,8002.174009810705
2026-08-18 11:57:23,7800.0,7820.25,Call GEX 2,GEX,172568.246,8002.174009810705,8002.174009810705
2026-08-18 11:57:23,7800.0,7820.25,Put VEX 2,VEX,-668746.761,8002.174009810705,8002.174009810705
2026-08-18 11:57:23,7825.0,7845.25,Call GEX 3,GEX,89873.901,8002.174009810705,8002.174009810705
2026-08-18 11:57:23,7900.0,7920.5,Call GEX 5,GEX,86608.393,8002.174009810705,8002.174009810705
2026-08-18 11:57:23,8000.0,8020.75,Put CEX 1,CEX,-2340515.256,8002.174009810705,8002.174009810705
2026-08-18 11:57:23,8000.0,8020.75,Put DEX 1,DEX,-1022.843,8002.174009810705,8002.174009810705
2026-08-18 11:57:23,8000.0,8020.75,Put VEX 1,VEX,-1200791.578,8002.174009810705,8002.174009810705
2026-08-18 11:57:23,8500.0,8522.25,Put DEX 3,DEX,-106.709,8002.174009810705,8002.174009810705
2026-08-18 11:58:20,7400.0,7419.25,Call VEX 3,VEX,611092.61,8001.856738487642,8001.856738487642
2026-08-18 11:58:20,7450.0,7469.5,Call DEX 4,DEX,94.251,8001.856738487642,8001.856738487642
2026-08-18 11:58:20,7500.0,7519.75,Call DEX 1,DEX,313.838,8001.856738487642,8001.856738487642
2026-08-18 11:58:20,7500.0,7519.75,Call VEX 2,VEX,849488.823,8001.856738487642,8001.856738487642
2026-08-18 11:58:20,7550.0,7569.75,Call DEX 3,DEX,146.438,8001.856738487642,8001.856738487642
2026-08-18 11:58:20,7550.0,7569.75,Call VEX 4,VEX,587704.257,8001.856738487642,8001.856738487642
2026-08-18 11:58:20,7600.0,7620.0,Call CEX 3,CEX,1923645.773,8001.856738487642,8001.856738487642
2026-08-18 11:58:20,7600.0,7620.0,Call DEX 2,DEX,195.175,8001.856738487642,8001.856738487642
2026-08-18 11:58:20,7600.0,7620.0,Call VEX 1,VEX,1047666.555,8001.856738487642,8001.856738487642
2026-08-18 11:58:20,7635.0,7655.0,Call CEX 1,CEX,3420955.691,8001.856738487642,8001.856738487642
2026-08-18 11:58:20,7650.0,7670.0,Call CEX 2,CEX,2159752.499,8001.856738487642,8001.856738487642
2026-08-18 11:58:20,7650.0,7670.0,Call DEX 5,DEX,70.384,8001.856738487642,8001.856738487642
2026-08-18 11:58:20,7650.0,7670.0,Call VEX 5,VEX,548941.797,8001.856738487642,8001.856738487642
2026-08-18 11:58:20,7675.0,7695.0,Call CEX 4,CEX,1570236.987,8001.856738487642,8001.856738487642
2026-08-18 11:58:20,7685.0,7705.0,Call CEX 5,CEX,1467436.495,8001.856738487642,8001.856738487642
2026-08-18 11:58:20,7685.0,7705.0,Put GEX 5,GEX,-295654.409,8001.856738487642,8001.856738487642
2026-08-18 11:58:20,7690.0,7710.25,Put GEX 3,GEX,-357351.235,8001.856738487642,8001.856738487642
2026-08-18 11:58:20,7695.0,7715.25,Put GEX 2,GEX,-474753.943,8001.856738487642,8001.856738487642
2026-08-18 11:58:20,7700.0,7720.25,Put CEX 3,CEX,-1922246.31,8001.856738487642,8001.856738487642
2026-08-18 11:58:20,7700.0,7720.25,Put GEX 1,GEX,-966309.893,8001.856738487642,8001.856738487642
2026-08-18 11:58:20,7705.0,7725.25,Put CEX 5,CEX,-1262057.853,8001.856738487642,8001.856738487642
2026-08-18 11:58:20,7720.0,7740.25,Put GEX 4,GEX,-298221.377,8001.856738487642,8001.856738487642
2026-08-18 11:58:20,7725.0,7745.25,Put VEX 5,VEX,-192387.524,8001.856738487642,8001.856738487642
2026-08-18 11:58:20,7735.0,7755.25,Put DEX 5,DEX,-46.596,8001.856738487642,8001.856738487642
2026-08-18 11:58:20,7750.0,7770.25,Put CEX 2,CEX,-1954096.211,8001.856738487642,8001.856738487642
2026-08-18 11:58:20,7750.0,7770.25,Put DEX 4,DEX,-90.99,8001.856738487642,8001.856738487642
2026-08-18 11:58:20,7750.0,7770.25,Call GEX 4,GEX,86201.973,8001.856738487642,8001.856738487642
2026-08-18 11:58:20,7750.0,7770.25,Put VEX 3,VEX,-611440.317,8001.856738487642,8001.856738487642
2026-08-18 11:58:20,7775.0,7795.25,Call GEX 1,GEX,207000.661,8001.856738487642,8001.856738487642
2026-08-18 11:58:20,7775.0,7795.25,Put VEX 4,VEX,-314548.256,8001.856738487642,8001.856738487642
2026-08-18 11:58:20,7800.0,7820.5,Put CEX 4,CEX,-1476813.901,8001.856738487642,8001.856738487642
2026-08-18 11:58:20,7800.0,7820.5,Put DEX 2,DEX,-111.341,8001.856738487642,8001.856738487642
2026-08-18 11:58:20,7800.0,7820.5,Call GEX 2,GEX,174443.229,8001.856738487642,8001.856738487642
2026-08-18 11:58:20,7800.0,7820.5,Put VEX 2,VEX,-661223.685,8001.856738487642,8001.856738487642
2026-08-18 11:58:20,7825.0,7845.5,Call GEX 3,GEX,88860.341,8001.856738487642,8001.856738487642
2026-08-18 11:58:20,7850.0,7870.5,Call GEX 5,GEX,84964.333,8001.856738487642,8001.856738487642
2026-08-18 11:58:20,8000.0,8021.0,Put CEX 1,CEX,-2215681.885,8001.856738487642,8001.856738487642
2026-08-18 11:58:20,8000.0,8021.0,Put DEX 1,DEX,-1025.31,8001.856738487642,8001.856738487642
2026-08-18 11:58:20,8000.0,8021.0,Put VEX 1,VEX,-1139035.545,8001.856738487642,8001.856738487642
2026-08-18 11:58:20,8500.0,8522.25,Put DEX 3,DEX,-106.797,8001.856738487642,8001.856738487642
2026-08-18 11:59:13,7400.0,7419.75,Call VEX 3,VEX,610306.466,8002.294735400443,8002.294735400443
2026-08-18 11:59:13,7450.0,7469.75,Call DEX 4,DEX,94.302,8002.294735400443,8002.294735400443
2026-08-18 11:59:13,7500.0,7520.0,Call DEX 1,DEX,314.12,8002.294735400443,8002.294735400443
2026-08-18 11:59:13,7500.0,7520.0,Call VEX 2,VEX,842779.699,8002.294735400443,8002.294735400443
2026-08-18 11:59:13,7550.0,7570.0,Call DEX 3,DEX,144.776,8002.294735400443,8002.294735400443
2026-08-18 11:59:13,7550.0,7570.0,Call VEX 4,VEX,589841.943,8002.294735400443,8002.294735400443
2026-08-18 11:59:13,7600.0,7620.25,Call CEX 3,CEX,1923143.278,8002.294735400443,8002.294735400443
2026-08-18 11:59:13,7600.0,7620.25,Call DEX 2,DEX,194.923,8002.294735400443,8002.294735400443
2026-08-18 11:59:13,7600.0,7620.25,Call VEX 1,VEX,1047560.794,8002.294735400443,8002.294735400443
2026-08-18 11:59:13,7635.0,7655.25,Call CEX 1,CEX,3449386.025,8002.294735400443,8002.294735400443
2026-08-18 11:59:13,7650.0,7670.25,Call CEX 2,CEX,2169862.749,8002.294735400443,8002.294735400443
2026-08-18 11:59:13,7650.0,7670.25,Call DEX 5,DEX,70.143,8002.294735400443,8002.294735400443
2026-08-18 11:59:13,7650.0,7670.25,Call VEX 5,VEX,547790.395,8002.294735400443,8002.294735400443
2026-08-18 11:59:13,7675.0,7695.25,Call CEX 4,CEX,1582998.278,8002.294735400443,8002.294735400443
2026-08-18 11:59:13,7685.0,7705.5,Call CEX 5,CEX,1482940.566,8002.294735400443,8002.294735400443
2026-08-18 11:59:13,7685.0,7705.5,Put GEX 4,GEX,-300343.319,8002.294735400443,8002.294735400443
2026-08-18 11:59:13,7690.0,7710.5,Put GEX 3,GEX,-361490.58,8002.294735400443,8002.294735400443
2026-08-18 11:59:13,7695.0,7715.5,Put GEX 2,GEX,-478320.088,8002.294735400443,8002.294735400443
2026-08-18 11:59:13,7700.0,7720.5,Put CEX 2,CEX,-2114893.36,8002.294735400443,8002.294735400443
2026-08-18 11:59:13,7700.0,7720.5,Put GEX 1,GEX,-942507.145,8002.294735400443,8002.294735400443
2026-08-18 11:59:13,7705.0,7725.5,Put CEX 5,CEX,-1268234.863,8002.294735400443,8002.294735400443
2026-08-18 11:59:13,7720.0,7740.5,Put GEX 5,GEX,-295517.762,8002.294735400443,8002.294735400443
2026-08-18 11:59:13,7725.0,7745.5,Put VEX 5,VEX,-194164.017,8002.294735400443,8002.294735400443
2026-08-18 11:59:13,7735.0,7755.5,Put DEX 5,DEX,-46.79,8002.294735400443,8002.294735400443
2026-08-18 11:59:13,7750.0,7770.5,Put CEX 3,CEX,-1957433.521,8002.294735400443,8002.294735400443
2026-08-18 11:59:13,7750.0,7770.5,Put DEX 4,DEX,-91.351,8002.294735400443,8002.294735400443
2026-08-18 11:59:13,7750.0,7770.5,Call GEX 4,GEX,86085.805,8002.294735400443,8002.294735400443
2026-08-18 11:59:13,7750.0,7770.5,Put VEX 3,VEX,-612975.636,8002.294735400443,8002.294735400443
2026-08-18 11:59:13,7775.0,7795.75,Call GEX 1,GEX,206109.53,8002.294735400443,8002.294735400443
2026-08-18 11:59:13,7775.0,7795.75,Put VEX 4,VEX,-314505.772,8002.294735400443,8002.294735400443
2026-08-18 11:59:13,7800.0,7820.75,Put CEX 4,CEX,-1472167.136,8002.294735400443,8002.294735400443
2026-08-18 11:59:13,7800.0,7820.75,Put DEX 2,DEX,-111.688,8002.294735400443,8002.294735400443
2026-08-18 11:59:13,7800.0,7820.75,Call GEX 2,GEX,170234.793,8002.294735400443,8002.294735400443
2026-08-18 11:59:13,7800.0,7820.75,Put VEX 2,VEX,-658011.799,8002.294735400443,8002.294735400443
2026-08-18 11:59:13,7825.0,7845.75,Call GEX 3,GEX,87820.956,8002.294735400443,8002.294735400443
2026-08-18 11:59:13,7900.0,7921.0,Call GEX 5,GEX,83232.323,8002.294735400443,8002.294735400443
2026-08-18 11:59:13,8000.0,8021.25,Put CEX 1,CEX,-2310164.729,8002.294735400443,8002.294735400443
2026-08-18 11:59:13,8000.0,8021.25,Put DEX 1,DEX,-1023.486,8002.294735400443,8002.294735400443
2026-08-18 11:59:13,8000.0,8021.25,Put VEX 1,VEX,-1182614.405,8002.294735400443,8002.294735400443
2026-08-18 11:59:13,8500.0,8522.5,Put DEX 3,DEX,-106.69,8002.294735400443,8002.294735400443
2026-08-18 12:00:06,7400.0,7419.75,Call VEX 3,VEX,616008.628,8001.589949213921,8001.589949213921
2026-08-18 12:00:06,7450.0,7469.75,Call DEX 4,DEX,94.065,8001.589949213921,8001.589949213921
2026-08-18 12:00:06,7500.0,7520.0,Call DEX 1,DEX,313.574,8001.589949213921,8001.589949213921
2026-08-18 12:00:06,7500.0,7520.0,Call VEX 2,VEX,853028.27,8001.589949213921,8001.589949213921
2026-08-18 12:00:06,7550.0,7570.0,Call DEX 3,DEX,145.832,8001.589949213921,8001.589949213921
2026-08-18 12:00:06,7550.0,7570.0,Call VEX 4,VEX,593613.714,8001.589949213921,8001.589949213921
2026-08-18 12:00:06,7600.0,7620.25,Call CEX 3,CEX,1945525.891,8001.589949213921,8001.589949213921
2026-08-18 12:00:06,7600.0,7620.25,Call DEX 2,DEX,194.052,8001.589949213921,8001.589949213921
2026-08-18 12:00:06,7600.0,7620.25,Call VEX 1,VEX,1049590.252,8001.589949213921,8001.589949213921
2026-08-18 12:00:06,7635.0,7655.25,Call CEX 1,CEX,3481248.092,8001.589949213921,8001.589949213921
2026-08-18 12:00:06,7650.0,7670.25,Call CEX 2,CEX,2186676.658,8001.589949213921,8001.589949213921
2026-08-18 12:00:06,7650.0,7670.25,Call DEX 5,DEX,69.605,8001.589949213921,8001.589949213921
2026-08-18 12:00:06,7650.0,7670.25,Call VEX 5,VEX,545397.444,8001.589949213921,8001.589949213921
2026-08-18 12:00:06,7675.0,7695.5,Call CEX 4,CEX,1599405.918,8001.589949213921,8001.589949213921
2026-08-18 12:00:06,7685.0,7705.5,Call CEX 5,CEX,1497878.379,8001.589949213921,8001.589949213921
2026-08-18 12:00:06,7685.0,7705.5,Put GEX 4,GEX,-306216.245,8001.589949213921,8001.589949213921
2026-08-18 12:00:06,7690.0,7710.5,Put GEX 3,GEX,-370854.785,8001.589949213921,8001.589949213921
2026-08-18 12:00:06,7695.0,7715.5,Put GEX 2,GEX,-495418.465,8001.589949213921,8001.589949213921
2026-08-18 12:00:06,7700.0,7720.5,Put CEX 1,CEX,-2435030.342,8001.589949213921,8001.589949213921
2026-08-18 12:00:06,7700.0,7720.5,Put GEX 1,GEX,-998015.659,8001.589949213921,8001.589949213921
2026-08-18 12:00:06,7705.0,7725.5,Put CEX 5,CEX,-1193582.45,8001.589949213921,8001.589949213921
2026-08-18 12:00:06,7720.0,7740.5,Put GEX 5,GEX,-297408.298,8001.589949213921,8001.589949213921
2026-08-18 12:00:06,7725.0,7745.5,Put VEX 5,VEX,-195864.971,8001.589949213921,8001.589949213921
2026-08-18 12:00:06,7735.0,7755.5,Put DEX 5,DEX,-46.838,8001.589949213921,8001.589949213921
2026-08-18 12:00:06,7750.0,7770.5,Put CEX 3,CEX,-1956264.369,8001.589949213921,8001.589949213921
2026-08-18 12:00:06,7750.0,7770.5,Put DEX 4,DEX,-91.924,8001.589949213921,8001.589949213921
2026-08-18 12:00:06,7750.0,7770.5,Call GEX 4,GEX,85397.053,8001.589949213921,8001.589949213921
2026-08-18 12:00:06,7750.0,7770.5,Put VEX 3,VEX,-613738.418,8001.589949213921,8001.589949213921
2026-08-18 12:00:06,7775.0,7795.75,Call GEX 1,GEX,205023.954,8001.589949213921,8001.589949213921
2026-08-18 12:00:06,7775.0,7795.75,Put VEX 4,VEX,-313881.189,8001.589949213921,8001.589949213921
2026-08-18 12:00:06,7800.0,7820.75,Put CEX 4,CEX,-1450968.381,8001.589949213921,8001.589949213921
2026-08-18 12:00:06,7800.0,7820.75,Put DEX 2,DEX,-112.337,8001.589949213921,8001.589949213921
2026-08-18 12:00:06,7800.0,7820.75,Call GEX 2,GEX,171284.285,8001.589949213921,8001.589949213921
2026-08-18 12:00:06,7800.0,7820.75,Put VEX 2,VEX,-650972.41,8001.589949213921,8001.589949213921
2026-08-18 12:00:06,7825.0,7845.75,Call GEX 3,GEX,87593.108,8001.589949213921,8001.589949213921
2026-08-18 12:00:06,7850.0,7870.75,Call GEX 5,GEX,82309.909,8001.589949213921,8001.589949213921
2026-08-18 12:00:06,8000.0,8021.25,Put CEX 2,CEX,-2075592.229,8001.589949213921,8001.589949213921
2026-08-18 12:00:06,8000.0,8021.25,Put DEX 1,DEX,-1027.99,8001.589949213921,8001.589949213921
2026-08-18 12:00:06,8000.0,8021.25,Put VEX 1,VEX,-1065669.504,8001.589949213921,8001.589949213921
2026-08-18 12:00:06,8500.0,8522.5,Put DEX 3,DEX,-106.924,8001.589949213921,8001.589949213921
2026-08-18 12:00:55,7400.0,7419.25,Call VEX 3,VEX,605799.738,8002.897648804826,8002.897648804826
2026-08-18 12:00:55,7500.0,7519.5,Call DEX 1,DEX,313.785,8002.897648804826,8002.897648804826
2026-08-18 12:00:55,7500.0,7519.5,Call VEX 2,VEX,814112.348,8002.897648804826,8002.897648804826
2026-08-18 12:00:55,7550.0,7569.75,Call DEX 3,DEX,145.668,8002.897648804826,8002.897648804826
2026-08-18 12:00:55,7550.0,7569.75,Call VEX 4,VEX,578295.153,8002.897648804826,8002.897648804826
2026-08-18 12:00:55,7600.0,7619.75,Call CEX 3,CEX,1861153.232,8002.897648804826,8002.897648804826
2026-08-18 12:00:55,7600.0,7619.75,Call DEX 2,DEX,195.906,8002.897648804826,8002.897648804826
2026-08-18 12:00:55,7600.0,7619.75,Call VEX 1,VEX,1043495.544,8002.897648804826,8002.897648804826
2026-08-18 12:00:55,7625.0,7645.0,Call DEX 5,DEX,59.892,8002.897648804826,8002.897648804826
2026-08-18 12:00:55,7635.0,7655.0,Call CEX 1,CEX,3480322.187,8002.897648804826,8002.897648804826
2026-08-18 12:00:55,7650.0,7670.0,Call CEX 2,CEX,2166197.905,8002.897648804826,8002.897648804826
2026-08-18 12:00:55,7650.0,7670.0,Call DEX 4,DEX,70.681,8002.897648804826,8002.897648804826
2026-08-18 12:00:55,7650.0,7670.0,Call VEX 5,VEX,549797.537,8002.897648804826,8002.897648804826
2026-08-18 12:00:55,7675.0,7695.0,Call CEX 4,CEX,1582960.118,8002.897648804826,8002.897648804826
2026-08-18 12:00:55,7685.0,7705.0,Call CEX 5,CEX,1501528.578,8002.897648804826,8002.897648804826
2026-08-18 12:00:55,7685.0,7705.0,Put GEX 4,GEX,-294620.798,8002.897648804826,8002.897648804826
2026-08-18 12:00:55,7690.0,7710.0,Put GEX 3,GEX,-350277.186,8002.897648804826,8002.897648804826
2026-08-18 12:00:55,7695.0,7715.0,Put GEX 2,GEX,-460015.27,8002.897648804826,8002.897648804826
2026-08-18 12:00:55,7700.0,7720.0,Put CEX 3,CEX,-1836595.318,8002.897648804826,8002.897648804826
2026-08-18 12:00:55,7700.0,7720.0,Put GEX 1,GEX,-879224.742,8002.897648804826,8002.897648804826
2026-08-18 12:00:55,7710.0,7730.25,Put CEX 4,CEX,-1829664.849,8002.897648804826,8002.897648804826
2026-08-18 12:00:55,7720.0,7740.25,Put GEX 5,GEX,-290963.805,8002.897648804826,8002.897648804826
2026-08-18 12:00:55,7725.0,7745.25,Put VEX 5,VEX,-191922.498,8002.897648804826,8002.897648804826
2026-08-18 12:00:55,7735.0,7755.25,Put DEX 5,DEX,-46.368,8002.897648804826,8002.897648804826
2026-08-18 12:00:55,7750.0,7770.25,Put CEX 2,CEX,-1967947.597,8002.897648804826,8002.897648804826
2026-08-18 12:00:55,7750.0,7770.25,Put DEX 4,DEX,-90.563,8002.897648804826,8002.897648804826
2026-08-18 12:00:55,7750.0,7770.25,Call GEX 3,GEX,88144.376,8002.897648804826,8002.897648804826
2026-08-18 12:00:55,7750.0,7770.25,Put VEX 3,VEX,-612081.165,8002.897648804826,8002.897648804826
2026-08-18 12:00:55,7775.0,7795.25,Call GEX 1,GEX,205672.664,8002.897648804826,8002.897648804826
2026-08-18 12:00:55,7775.0,7795.25,Put VEX 4,VEX,-314711.858,8002.897648804826,8002.897648804826
2026-08-18 12:00:55,7800.0,7820.5,Put CEX 5,CEX,-1486219.76,8002.897648804826,8002.897648804826
2026-08-18 12:00:55,7800.0,7820.5,Put DEX 2,DEX,-110.976,8002.897648804826,8002.897648804826
2026-08-18 12:00:55,7800.0,7820.5,Call GEX 2,GEX,164601.402,8002.897648804826,8002.897648804826
2026-08-18 12:00:55,7800.0,7820.5,Put VEX 2,VEX,-662416.571,8002.897648804826,8002.897648804826
2026-08-18 12:00:55,7825.0,7845.5,Call GEX 4,GEX,87758.945,8002.897648804826,8002.897648804826
2026-08-18 12:00:55,7850.0,7870.5,Call GEX 5,GEX,82249.504,8002.897648804826,8002.897648804826
2026-08-18 12:00:55,8000.0,8021.0,Put CEX 1,CEX,-2583661.579,8002.897648804826,8002.897648804826
2026-08-18 12:00:55,8000.0,8021.0,Put DEX 1,DEX,-1017.799,8002.897648804826,8002.897648804826
2026-08-18 12:00:55,8000.0,8021.0,Put VEX 1,VEX,-1312856.707,8002.897648804826,8002.897648804826
2026-08-18 12:00:55,8500.0,8522.25,Put DEX 3,DEX,-106.422,8002.897648804826,8002.897648804826
2026-08-18 12:01:52,7400.0,7419.5,Call DEX 5,DEX,89.35,8001.634904886286,8001.634904886286
2026-08-18 12:01:52,7400.0,7419.5,Call VEX 3,VEX,617360.922,8001.634904886286,8001.634904886286
2026-08-18 12:01:52,7450.0,7469.5,Call DEX 4,DEX,93.345,8001.634904886286,8001.634904886286
2026-08-18 12:01:52,7500.0,7519.75,Call DEX 1,DEX,312.843,8001.634904886286,8001.634904886286
2026-08-18 12:01:52,7500.0,7519.75,Call VEX 2,VEX,856219.269,8001.634904886286,8001.634904886286
2026-08-18 12:01:52,7550.0,7569.75,Call DEX 3,DEX,145.878,8001.634904886286,8001.634904886286
2026-08-18 12:01:52,7550.0,7569.75,Call VEX 4,VEX,593550.244,8001.634904886286,8001.634904886286
2026-08-18 12:01:52,7600.0,7620.0,Call CEX 3,CEX,1954476.827,8001.634904886286,8001.634904886286
2026-08-18 12:01:52,7600.0,7620.0,Call DEX 2,DEX,194.381,8001.634904886286,8001.634904886286
2026-08-18 12:01:52,7600.0,7620.0,Call VEX 1,VEX,1049896.787,8001.634904886286,8001.634904886286
2026-08-18 12:01:52,7635.0,7655.0,Call CEX 1,CEX,3517992.49,8001.634904886286,8001.634904886286
2026-08-18 12:01:52,7650.0,7670.25,Call CEX 2,CEX,2202428.634,8001.634904886286,8001.634904886286
2026-08-18 12:01:52,7650.0,7670.25,Call VEX 5,VEX,546465.05,8001.634904886286,8001.634904886286
2026-08-18 12:01:52,7675.0,7695.25,Call CEX 4,CEX,1521435.276,8001.634904886286,8001.634904886286
2026-08-18 12:01:52,7685.0,7705.25,Call CEX 5,CEX,1495579.263,8001.634904886286,8001.634904886286
2026-08-18 12:01:52,7685.0,7705.25,Put GEX 4,GEX,-299889.765,8001.634904886286,8001.634904886286
2026-08-18 12:01:52,7690.0,7710.25,Put GEX 3,GEX,-368059.211,8001.634904886286,8001.634904886286
2026-08-18 12:01:52,7695.0,7715.25,Put GEX 2,GEX,-494169.678,8001.634904886286,8001.634904886286
2026-08-18 12:01:52,7700.0,7720.25,Put CEX 1,CEX,-2321681.626,8001.634904886286,8001.634904886286
2026-08-18 12:01:52,7700.0,7720.25,Put GEX 1,GEX,-1012494.55,8001.634904886286,8001.634904886286
2026-08-18 12:01:52,7705.0,7725.25,Put CEX 5,CEX,-1246464.929,8001.634904886286,8001.634904886286
2026-08-18 12:01:52,7720.0,7740.25,Put GEX 5,GEX,-298067.055,8001.634904886286,8001.634904886286
2026-08-18 12:01:52,7725.0,7745.25,Put VEX 5,VEX,-194699.67,8001.634904886286,8001.634904886286
2026-08-18 12:01:52,7735.0,7755.25,Put DEX 5,DEX,-46.852,8001.634904886286,8001.634904886286
2026-08-18 12:01:52,7750.0,7770.5,Put CEX 3,CEX,-1955551.712,8001.634904886286,8001.634904886286
2026-08-18 12:01:52,7750.0,7770.5,Put DEX 4,DEX,-91.903,8001.634904886286,8001.634904886286
2026-08-18 12:01:52,7750.0,7770.5,Call GEX 3,GEX,88566.034,8001.634904886286,8001.634904886286
2026-08-18 12:01:52,7750.0,7770.5,Put VEX 3,VEX,-611662.306,8001.634904886286,8001.634904886286
2026-08-18 12:01:52,7775.0,7795.5,Call GEX 1,GEX,206655.892,8001.634904886286,8001.634904886286
2026-08-18 12:01:52,7775.0,7795.5,Put VEX 4,VEX,-313928.343,8001.634904886286,8001.634904886286
2026-08-18 12:01:52,7800.0,7820.5,Put CEX 4,CEX,-1459141.065,8001.634904886286,8001.634904886286
2026-08-18 12:01:52,7800.0,7820.5,Put DEX 2,DEX,-112.158,8001.634904886286,8001.634904886286
2026-08-18 12:01:52,7800.0,7820.5,Call GEX 2,GEX,174171.764,8001.634904886286,8001.634904886286
2026-08-18 12:01:52,7800.0,7820.5,Put VEX 2,VEX,-652574.793,8001.634904886286,8001.634904886286
2026-08-18 12:01:52,7825.0,7845.5,Call GEX 4,GEX,87814.06,8001.634904886286,8001.634904886286
2026-08-18 12:01:52,7850.0,7870.75,Call GEX 5,GEX,82470.379,8001.634904886286,8001.634904886286
2026-08-18 12:01:52,8000.0,8021.0,Put CEX 2,CEX,-2082948.378,8001.634904886286,8001.634904886286
2026-08-18 12:01:52,8000.0,8021.0,Put DEX 1,DEX,-1027.907,8001.634904886286,8001.634904886286
2026-08-18 12:01:52,8000.0,8021.0,Put VEX 1,VEX,-1068538.399,8001.634904886286,8001.634904886286
2026-08-18 12:01:52,8500.0,8522.25,Put DEX 3,DEX,-106.92,8001.634904886286,8001.634904886286
2026-08-18 12:02:43,7400.0,7419.5,Call DEX 5,DEX,88.779,8001.246761955972,8001.246761955972
2026-08-18 12:02:43,7400.0,7419.5,Call VEX 3,VEX,635085.797,8001.246761955972,8001.246761955972
2026-08-18 12:02:43,7450.0,7469.75,Call DEX 4,DEX,93.296,8001.246761955972,8001.246761955972
2026-08-18 12:02:43,7500.0,7519.75,Call DEX 1,DEX,315.355,8001.246761955972,8001.246761955972
2026-08-18 12:02:43,7500.0,7519.75,Call VEX 2,VEX,871084.159,8001.246761955972,8001.246761955972
2026-08-18 12:02:43,7550.0,7570.0,Call DEX 3,DEX,145.33,8001.246761955972,8001.246761955972
2026-08-18 12:02:43,7550.0,7570.0,Call VEX 4,VEX,599376.404,8001.246761955972,8001.246761955972
2026-08-18 12:02:43,7600.0,7620.0,Call CEX 3,CEX,1973243.833,8001.246761955972,8001.246761955972
2026-08-18 12:02:43,7600.0,7620.0,Call DEX 2,DEX,193.848,8001.246761955972,8001.246761955972
2026-08-18 12:02:43,7600.0,7620.0,Call VEX 1,VEX,1050667.244,8001.246761955972,8001.246761955972
2026-08-18 12:02:43,7635.0,7655.25,Call CEX 1,CEX,3544840.24,8001.246761955972,8001.246761955972
2026-08-18 12:02:43,7650.0,7670.25,Call CEX 2,CEX,2219182.184,8001.246761955972,8001.246761955972
2026-08-18 12:02:43,7650.0,7670.25,Call VEX 5,VEX,545393.393,8001.246761955972,8001.246761955972
2026-08-18 12:02:43,7675.0,7695.25,Call CEX 4,CEX,1534303.209,8001.246761955972,8001.246761955972
2026-08-18 12:02:43,7685.0,7705.25,Put GEX 5,GEX,-300244.587,8001.246761955972,8001.246761955972
2026-08-18 12:02:43,7690.0,7710.25,Call CEX 5,CEX,1501879.812,8001.246761955972,8001.246761955972
2026-08-18 12:02:43,7690.0,7710.25,Put GEX 3,GEX,-375356.374,8001.246761955972,8001.246761955972
2026-08-18 12:02:43,7695.0,7715.25,Put GEX 2,GEX,-518807.497,8001.246761955972,8001.246761955972
2026-08-18 12:02:43,7700.0,7720.25,Put CEX 1,CEX,-2545247.445,8001.246761955972,8001.246761955972
2026-08-18 12:02:43,7700.0,7720.25,Put GEX 1,GEX,-1087679.038,8001.246761955972,8001.246761955972
2026-08-18 12:02:43,7705.0,7725.25,Put CEX 5,CEX,-929403.37,8001.246761955972,8001.246761955972
2026-08-18 12:02:43,7720.0,7740.5,Put GEX 4,GEX,-300657.578,8001.246761955972,8001.246761955972
2026-08-18 12:02:43,7725.0,7745.5,Put VEX 5,VEX,-195518.148,8001.246761955972,8001.246761955972
2026-08-18 12:02:43,7735.0,7755.5,Put DEX 5,DEX,-47.069,8001.246761955972,8001.246761955972
2026-08-18 12:02:43,7750.0,7770.5,Put CEX 3,CEX,-1955849.244,8001.246761955972,8001.246761955972
2026-08-18 12:02:43,7750.0,7770.5,Put DEX 4,DEX,-92.309,8001.246761955972,8001.246761955972
2026-08-18 12:02:43,7750.0,7770.5,Call GEX 4,GEX,87422.982,8001.246761955972,8001.246761955972
2026-08-18 12:02:43,7750.0,7770.5,Put VEX 3,VEX,-611996.527,8001.246761955972,8001.246761955972
2026-08-18 12:02:43,7775.0,7795.5,Call GEX 1,GEX,206562.443,8001.246761955972,8001.246761955972
2026-08-18 12:02:43,7775.0,7795.5,Put VEX 4,VEX,-313311.306,8001.246761955972,8001.246761955972
2026-08-18 12:02:43,7800.0,7820.5,Put CEX 4,CEX,-1456322.006,8001.246761955972,8001.246761955972
2026-08-18 12:02:43,7800.0,7820.5,Put DEX 2,DEX,-112.377,8001.246761955972,8001.246761955972
2026-08-18 12:02:43,7800.0,7820.5,Call GEX 2,GEX,177506.092,8001.246761955972,8001.246761955972
2026-08-18 12:02:43,7800.0,7820.5,Put VEX 2,VEX,-651266.152,8001.246761955972,8001.246761955972
2026-08-18 12:02:43,7825.0,7845.75,Call GEX 3,GEX,87746.302,8001.246761955972,8001.246761955972
2026-08-18 12:02:43,7850.0,7870.75,Call GEX 5,GEX,83034.261,8001.246761955972,8001.246761955972
2026-08-18 12:02:43,8000.0,8021.25,Put CEX 2,CEX,-1997528.812,8001.246761955972,8001.246761955972
2026-08-18 12:02:43,8000.0,8021.25,Put DEX 1,DEX,-1029.38,8001.246761955972,8001.246761955972
2026-08-18 12:02:43,8000.0,8021.25,Put VEX 1,VEX,-1027017.996,8001.246761955972,8001.246761955972
2026-08-18 12:02:43,8500.0,8522.5,Put DEX 3,DEX,-106.997,8001.246761955972,8001.246761955972
2026-08-18 12:03:36,7400.0,7419.5,Call VEX 3,VEX,610948.486,8002.205038378705,8002.205038378705
2026-08-18 12:03:36,7450.0,7469.75,Call DEX 4,DEX,93.342,8002.205038378705,8002.205038378705
2026-08-18 12:03:36,7500.0,7519.75,Call DEX 1,DEX,312.625,8002.205038378705,8002.205038378705
2026-08-18 12:03:36,7500.0,7519.75,Call VEX 2,VEX,876100.762,8002.205038378705,8002.205038378705
2026-08-18 12:03:36,7550.0,7570.0,Call DEX 3,DEX,145.538,8002.205038378705,8002.205038378705
2026-08-18 12:03:36,7550.0,7570.0,Call VEX 4,VEX,596827.937,8002.205038378705,8002.205038378705
2026-08-18 12:03:36,7600.0,7620.0,Call CEX 3,CEX,1943012.259,8002.205038378705,8002.205038378705
2026-08-18 12:03:36,7600.0,7620.0,Call DEX 2,DEX,194.368,8002.205038378705,8002.205038378705
2026-08-18 12:03:36,7600.0,7620.0,Call VEX 1,VEX,1049491.623,8002.205038378705,8002.205038378705
2026-08-18 12:03:36,7635.0,7655.0,Call CEX 1,CEX,3557545.375,8002.205038378705,8002.205038378705
2026-08-18 12:03:36,7650.0,7670.25,Call CEX 2,CEX,2217818.183,8002.205038378705,8002.205038378705
2026-08-18 12:03:36,7650.0,7670.25,Call DEX 5,DEX,70.118,8002.205038378705,8002.205038378705
2026-08-18 12:03:36,7650.0,7670.25,Call VEX 5,VEX,547712.385,8002.205038378705,8002.205038378705
2026-08-18 12:03:36,7675.0,7695.25,Call CEX 4,CEX,1536200.303,8002.205038378705,8002.205038378705
2026-08-18 12:03:36,7685.0,7705.25,Put GEX 5,GEX,-294500.057,8002.205038378705,8002.205038378705
2026-08-18 12:03:36,7690.0,7710.25,Call CEX 5,CEX,1535747.025,8002.205038378705,8002.205038378705
2026-08-18 12:03:36,7690.0,7710.25,Put GEX 3,GEX,-365118.672,8002.205038378705,8002.205038378705
2026-08-18 12:03:36,7695.0,7715.25,Put GEX 2,GEX,-504207.09,8002.205038378705,8002.205038378705
2026-08-18 12:03:36,7700.0,7720.25,Put CEX 2,CEX,-2228988.852,8002.205038378705,8002.205038378705
2026-08-18 12:03:36,7700.0,7720.25,Put GEX 1,GEX,-1035677.388,8002.205038378705,8002.205038378705
2026-08-18 12:03:36,7705.0,7725.25,Put CEX 5,CEX,-1293734.46,8002.205038378705,8002.205038378705
2026-08-18 12:03:36,7720.0,7740.25,Put GEX 4,GEX,-297720.589,8002.205038378705,8002.205038378705
2026-08-18 12:03:36,7725.0,7745.25,Put VEX 5,VEX,-193768.597,8002.205038378705,8002.205038378705
2026-08-18 12:03:36,7735.0,7755.5,Put DEX 5,DEX,-46.817,8002.205038378705,8002.205038378705
2026-08-18 12:03:36,7750.0,7770.5,Put CEX 3,CEX,-1794776.182,8002.205038378705,8002.205038378705
2026-08-18 12:03:36,7750.0,7770.5,Put DEX 4,DEX,-91.676,8002.205038378705,8002.205038378705
2026-08-18 12:03:36,7750.0,7770.5,Put VEX 3,VEX,-609099.945,8002.205038378705,8002.205038378705
2026-08-18 12:03:36,7775.0,7795.5,Call GEX 1,GEX,207331.248,8002.205038378705,8002.205038378705
2026-08-18 12:03:36,7775.0,7795.5,Put VEX 4,VEX,-313900.08,8002.205038378705,8002.205038378705
2026-08-18 12:03:36,7800.0,7820.5,Put CEX 4,CEX,-1467434.294,8002.205038378705,8002.205038378705
2026-08-18 12:03:36,7800.0,7820.5,Put DEX 2,DEX,-112.137,8002.205038378705,8002.205038378705
2026-08-18 12:03:36,7800.0,7820.5,Call GEX 2,GEX,176555.699,8002.205038378705,8002.205038378705
2026-08-18 12:03:36,7800.0,7820.5,Put VEX 2,VEX,-653326.887,8002.205038378705,8002.205038378705
2026-08-18 12:03:36,7825.0,7845.5,Call GEX 3,GEX,88458.081,8002.205038378705,8002.205038378705
2026-08-18 12:03:36,7850.0,7870.75,Call GEX 4,GEX,83696.669,8002.205038378705,8002.205038378705
2026-08-18 12:03:36,7900.0,7920.75,Call GEX 5,GEX,82531.338,8002.205038378705,8002.205038378705
2026-08-18 12:03:36,8000.0,8021.0,Put CEX 1,CEX,-2269577.227,8002.205038378705,8002.205038378705
2026-08-18 12:03:36,8000.0,8021.0,Put DEX 1,DEX,-1024.565,8002.205038378705,8002.205038378705
2026-08-18 12:03:36,8000.0,8021.0,Put VEX 1,VEX,-1157560.913,8002.205038378705,8002.205038378705
2026-08-18 12:03:36,8500.0,8522.5,Put DEX 3,DEX,-106.783,8002.205038378705,8002.205038378705
2026-08-18 12:04:24,7400.0,7419.5,Call DEX 4,DEX,95.621,8001.240910264545,8001.240910264545
2026-08-18 12:04:24,7400.0,7419.5,Call VEX 3,VEX,635900.466,8001.240910264545,8001.240910264545
2026-08-18 12:04:24,7450.0,7469.5,Call DEX 5,DEX,94.0,8001.240910264545,8001.240910264545
2026-08-18 12:04:24,7500.0,7519.75,Call CEX 5,CEX,1505330.738,8001.240910264545,8001.240910264545
2026-08-18 12:04:24,7500.0,7519.75,Call DEX 1,DEX,313.089,8001.240910264545,8001.240910264545
2026-08-18 12:04:24,7500.0,7519.75,Call VEX 2,VEX,883005.206,8001.240910264545,8001.240910264545
2026-08-18 12:04:24,7550.0,7569.75,Call DEX 3,DEX,145.537,8001.240910264545,8001.240910264545
2026-08-18 12:04:24,7550.0,7569.75,Call VEX 4,VEX,597678.149,8001.240910264545,8001.240910264545
2026-08-18 12:04:24,7600.0,7620.0,Call CEX 3,CEX,1962960.864,8001.240910264545,8001.240910264545
2026-08-18 12:04:24,7600.0,7620.0,Call DEX 2,DEX,194.413,8001.240910264545,8001.240910264545
2026-08-18 12:04:24,7600.0,7620.0,Call VEX 1,VEX,1050055.339,8001.240910264545,8001.240910264545
2026-08-18 12:04:24,7635.0,7655.0,Call CEX 1,CEX,3579085.533,8001.240910264545,8001.240910264545
2026-08-18 12:04:24,7650.0,7670.25,Call CEX 2,CEX,2232444.669,8001.240910264545,8001.240910264545
2026-08-18 12:04:24,7650.0,7670.25,Call VEX 5,VEX,548263.339,8001.240910264545,8001.240910264545
2026-08-18 12:04:24,7685.0,7705.25,Put GEX 5,GEX,-291688.667,8001.240910264545,8001.240910264545
2026-08-18 12:04:24,7690.0,7710.25,Call CEX 4,CEX,1554671.047,8001.240910264545,8001.240910264545
2026-08-18 12:04:24,7690.0,7710.25,Put GEX 3,GEX,-368366.634,8001.240910264545,8001.240910264545
2026-08-18 12:04:24,7695.0,7715.25,Put GEX 2,GEX,-522968.794,8001.240910264545,8001.240910264545
2026-08-18 12:04:24,7700.0,7720.25,Put CEX 1,CEX,-2307748.855,8001.240910264545,8001.240910264545
2026-08-18 12:04:24,7700.0,7720.25,Put GEX 1,GEX,-1097917.109,8001.240910264545,8001.240910264545
2026-08-18 12:04:24,7705.0,7725.25,Put CEX 5,CEX,-1133250.142,8001.240910264545,8001.240910264545
2026-08-18 12:04:24,7720.0,7740.25,Put GEX 4,GEX,-302741.957,8001.240910264545,8001.240910264545
2026-08-18 12:04:24,7725.0,7745.25,Put VEX 5,VEX,-194190.201,8001.240910264545,8001.240910264545
2026-08-18 12:04:24,7735.0,7755.25,Put DEX 5,DEX,-46.954,8001.240910264545,8001.240910264545
2026-08-18 12:04:24,7750.0,7770.5,Put CEX 3,CEX,-1965373.804,8001.240910264545,8001.240910264545
2026-08-18 12:04:24,7750.0,7770.5,Put DEX 4,DEX,-91.86,8001.240910264545,8001.240910264545
2026-08-18 12:04:24,7750.0,7770.5,Call GEX 4,GEX,87852.813,8001.240910264545,8001.240910264545
2026-08-18 12:04:24,7750.0,7770.5,Put VEX 3,VEX,-611256.222,8001.240910264545,8001.240910264545
2026-08-18 12:04:24,7775.0,7795.5,Call GEX 1,GEX,207086.681,8001.240910264545,8001.240910264545
2026-08-18 12:04:24,7775.0,7795.5,Put VEX 4,VEX,-313771.352,8001.240910264545,8001.240910264545
2026-08-18 12:04:24,7800.0,7820.5,Put CEX 4,CEX,-1463516.223,8001.240910264545,8001.240910264545
2026-08-18 12:04:24,7800.0,7820.5,Put DEX 2,DEX,-112.203,8001.240910264545,8001.240910264545
2026-08-18 12:04:24,7800.0,7820.5,Call GEX 2,GEX,177443.71,8001.240910264545,8001.240910264545
2026-08-18 12:04:24,7800.0,7820.5,Put VEX 2,VEX,-652364.34,8001.240910264545,8001.240910264545
2026-08-18 12:04:24,7825.0,7845.5,Call GEX 3,GEX,89116.845,8001.240910264545,8001.240910264545
2026-08-18 12:04:24,7850.0,7870.75,Call GEX 5,GEX,84011.067,8001.240910264545,8001.240910264545
2026-08-18 12:04:24,8000.0,8021.0,Put CEX 2,CEX,-2030235.197,8001.240910264545,8001.240910264545
2026-08-18 12:04:24,8000.0,8021.0,Put DEX 1,DEX,-1028.841,8001.240910264545,8001.240910264545
2026-08-18 12:04:24,8000.0,8021.0,Put VEX 1,VEX,-1043668.278,8001.240910264545,8001.240910264545
2026-08-18 12:04:24,8500.0,8522.25,Put DEX 3,DEX,-106.976,8001.240910264545,8001.240910264545
2026-08-18 12:05:21,7400.0,7419.5,Call DEX 4,DEX,94.701,8001.290964903999,8001.290964903999
2026-08-18 12:05:21,7400.0,7419.5,Call VEX 3,VEX,628612.535,8001.290964903999,8001.290964903999
2026-08-18 12:05:21,7450.0,7469.5,Call DEX 5,DEX,93.604,8001.290964903999,8001.290964903999
2026-08-18 12:05:21,7500.0,7519.75,Call CEX 4,CEX,1553373.092,8001.290964903999,8001.290964903999
2026-08-18 12:05:21,7500.0,7519.75,Call DEX 1,DEX,312.448,8001.290964903999,8001.290964903999
2026-08-18 12:05:21,7500.0,7519.75,Call VEX 2,VEX,910403.943,8001.290964903999,8001.290964903999
2026-08-18 12:05:21,7550.0,7569.75,Call DEX 3,DEX,145.524,8001.290964903999,8001.290964903999
2026-08-18 12:05:21,7550.0,7569.75,Call VEX 4,VEX,597064.29,8001.290964903999,8001.290964903999
2026-08-18 12:05:21,7600.0,7620.0,Call CEX 3,CEX,1958889.639,8001.290964903999,8001.290964903999
2026-08-18 12:05:21,7600.0,7620.0,Call DEX 2,DEX,193.773,8001.290964903999,8001.290964903999
2026-08-18 12:05:21,7600.0,7620.0,Call VEX 1,VEX,1050138.249,8001.290964903999,8001.290964903999
2026-08-18 12:05:21,7635.0,7655.0,Call CEX 1,CEX,3615268.509,8001.290964903999,8001.290964903999
2026-08-18 12:05:21,7650.0,7670.0,Call CEX 2,CEX,2242845.528,8001.290964903999,8001.290964903999
2026-08-18 12:05:21,7650.0,7670.0,Call VEX 5,VEX,545655.457,8001.290964903999,8001.290964903999
2026-08-18 12:05:21,7685.0,7705.25,Put GEX 4,GEX,-300660.986,8001.290964903999,8001.290964903999
2026-08-18 12:05:21,7690.0,7710.25,Call CEX 5,CEX,1538015.084,8001.290964903999,8001.290964903999
2026-08-18 12:05:21,7690.0,7710.25,Put GEX 3,GEX,-381467.258,8001.290964903999,8001.290964903999
2026-08-18 12:05:21,7695.0,7715.25,Put GEX 2,GEX,-528465.977,8001.290964903999,8001.290964903999
2026-08-18 12:05:21,7700.0,7720.25,Put CEX 1,CEX,-2715010.3,8001.290964903999,8001.290964903999
2026-08-18 12:05:21,7700.0,7720.25,Put GEX 1,GEX,-1069877.855,8001.290964903999,8001.290964903999
2026-08-18 12:05:21,7705.0,7725.25,Put CEX 5,CEX,-1070837.027,8001.290964903999,8001.290964903999
2026-08-18 12:05:21,7720.0,7740.25,Put GEX 5,GEX,-299956.703,8001.290964903999,8001.290964903999
2026-08-18 12:05:21,7725.0,7745.25,Put VEX 5,VEX,-197462.71,8001.290964903999,8001.290964903999
2026-08-18 12:05:21,7735.0,7755.25,Put DEX 5,DEX,-47.234,8001.290964903999,8001.290964903999
2026-08-18 12:05:21,7750.0,7770.5,Put CEX 3,CEX,-1966789.044,8001.290964903999,8001.290964903999
2026-08-18 12:05:21,7750.0,7770.5,Put DEX 4,DEX,-92.651,8001.290964903999,8001.290964903999
2026-08-18 12:05:21,7750.0,7770.5,Call GEX 4,GEX,88169.537,8001.290964903999,8001.290964903999
2026-08-18 12:05:21,7750.0,7770.5,Put VEX 3,VEX,-613572.095,8001.290964903999,8001.290964903999
2026-08-18 12:05:21,7775.0,7795.5,Call GEX 1,GEX,205002.819,8001.290964903999,8001.290964903999
2026-08-18 12:05:21,7775.0,7795.5,Put VEX 4,VEX,-312890.581,8001.290964903999,8001.290964903999
2026-08-18 12:05:21,7800.0,7820.5,Put CEX 4,CEX,-1465650.13,8001.290964903999,8001.290964903999
2026-08-18 12:05:21,7800.0,7820.5,Put DEX 2,DEX,-112.387,8001.290964903999,8001.290964903999
2026-08-18 12:05:21,7800.0,7820.5,Call GEX 2,GEX,175740.401,8001.290964903999,8001.290964903999
2026-08-18 12:05:21,7800.0,7820.5,Put VEX 2,VEX,-652441.622,8001.290964903999,8001.290964903999
2026-08-18 12:05:21,7825.0,7845.5,Call GEX 3,GEX,88840.87,8001.290964903999,8001.290964903999
2026-08-18 12:05:21,7900.0,7920.75,Call GEX 5,GEX,83849.079,8001.290964903999,8001.290964903999
2026-08-18 12:05:21,8000.0,8021.0,Put CEX 2,CEX,-2051165.147,8001.290964903999,8001.290964903999
2026-08-18 12:05:21,8000.0,8021.0,Put DEX 1,DEX,-1028.469,8001.290964903999,8001.290964903999
2026-08-18 12:05:21,8000.0,8021.0,Put VEX 1,VEX,-1052421.343,8001.290964903999,8001.290964903999
2026-08-18 12:05:21,8500.0,8522.25,Put DEX 3,DEX,-106.911,8001.290964903999,8001.290964903999
2026-08-18 12:06:15,7400.0,7419.5,Call DEX 4,DEX,94.624,8001.210246434026,8001.210246434026
2026-08-18 12:06:15,7400.0,7419.5,Call VEX 3,VEX,630342.012,8001.210246434026,8001.210246434026
2026-08-18 12:06:15,7450.0,7469.5,Call DEX 5,DEX,94.248,8001.210246434026,8001.210246434026
2026-08-18 12:06:15,7500.0,7519.75,Call DEX 1,DEX,312.902,8001.210246434026,8001.210246434026
2026-08-18 12:06:15,7500.0,7519.75,Call VEX 2,VEX,883883.38,8001.210246434026,8001.210246434026
2026-08-18 12:06:15,7550.0,7569.75,Call DEX 3,DEX,145.378,8001.210246434026,8001.210246434026
2026-08-18 12:06:15,7550.0,7569.75,Call VEX 4,VEX,598021.34,8001.210246434026,8001.210246434026
2026-08-18 12:06:15,7600.0,7620.0,Call CEX 3,CEX,1974418.376,8001.210246434026,8001.210246434026
2026-08-18 12:06:15,7600.0,7620.0,Call DEX 2,DEX,193.295,8001.210246434026,8001.210246434026
2026-08-18 12:06:15,7600.0,7620.0,Call VEX 1,VEX,1050833.742,8001.210246434026,8001.210246434026
2026-08-18 12:06:15,7635.0,7655.0,Call CEX 1,CEX,3655576.611,8001.210246434026,8001.210246434026
2026-08-18 12:06:15,7650.0,7670.0,Call CEX 2,CEX,2260518.671,8001.210246434026,8001.210246434026
2026-08-18 12:06:15,7650.0,7670.0,Call VEX 5,VEX,542973.844,8001.210246434026,8001.210246434026
2026-08-18 12:06:15,7675.0,7695.25,Call CEX 4,CEX,1582684.405,8001.210246434026,8001.210246434026
2026-08-18 12:06:15,7685.0,7705.25,Call CEX 5,CEX,1537292.478,8001.210246434026,8001.210246434026
2026-08-18 12:06:15,7685.0,7705.25,Put GEX 4,GEX,-310879.835,8001.210246434026,8001.210246434026
2026-08-18 12:06:15,7690.0,7710.25,Put GEX 3,GEX,-393073.22,8001.210246434026,8001.210246434026
2026-08-18 12:06:15,7695.0,7715.25,Put GEX 2,GEX,-543327.274,8001.210246434026,8001.210246434026
2026-08-18 12:06:15,7700.0,7720.25,Put CEX 1,CEX,-3169637.408,8001.210246434026,8001.210246434026
2026-08-18 12:06:15,7700.0,7720.25,Put GEX 1,GEX,-1080106.131,8001.210246434026,8001.210246434026
2026-08-18 12:06:15,7720.0,7740.25,Put GEX 5,GEX,-298783.302,8001.210246434026,8001.210246434026
2026-08-18 12:06:15,7725.0,7745.25,Put CEX 5,CEX,-888682.438,8001.210246434026,8001.210246434026
2026-08-18 12:06:15,7725.0,7745.25,Put VEX 5,VEX,-200271.925,8001.210246434026,8001.210246434026
2026-08-18 12:06:15,7735.0,7755.25,Put DEX 5,DEX,-47.386,8001.210246434026,8001.210246434026
2026-08-18 12:06:15,7750.0,7770.25,Put CEX 3,CEX,-1796250.85,8001.210246434026,8001.210246434026
2026-08-18 12:06:15,7750.0,7770.25,Put DEX 4,DEX,-93.503,8001.210246434026,8001.210246434026
2026-08-18 12:06:15,7750.0,7770.25,Call GEX 4,GEX,83257.757,8001.210246434026,8001.210246434026
2026-08-18 12:06:15,7750.0,7770.25,Put VEX 3,VEX,-613563.69,8001.210246434026,8001.210246434026
2026-08-18 12:06:15,7775.0,7795.5,Call GEX 1,GEX,203524.018,8001.210246434026,8001.210246434026
2026-08-18 12:06:15,7775.0,7795.5,Put VEX 4,VEX,-312885.127,8001.210246434026,8001.210246434026
2026-08-18 12:06:15,7800.0,7820.5,Put CEX 4,CEX,-1457924.029,8001.210246434026,8001.210246434026
2026-08-18 12:06:15,7800.0,7820.5,Put DEX 2,DEX,-112.653,8001.210246434026,8001.210246434026
2026-08-18 12:06:15,7800.0,7820.5,Call GEX 2,GEX,171780.834,8001.210246434026,8001.210246434026
2026-08-18 12:06:15,7800.0,7820.5,Put VEX 2,VEX,-649553.778,8001.210246434026,8001.210246434026
2026-08-18 12:06:15,7825.0,7845.5,Call GEX 3,GEX,87520.53,8001.210246434026,8001.210246434026
2026-08-18 12:06:15,7850.0,7870.5,Call GEX 5,GEX,82554.715,8001.210246434026,8001.210246434026
2026-08-18 12:06:15,8000.0,8021.0,Put CEX 2,CEX,-2036996.377,8001.210246434026,8001.210246434026
2026-08-18 12:06:15,8000.0,8021.0,Put DEX 1,DEX,-1028.62,8001.210246434026,8001.210246434026
2026-08-18 12:06:15,8000.0,8021.0,Put VEX 1,VEX,-1046137.48,8001.210246434026,8001.210246434026
2026-08-18 12:06:15,8500.0,8522.25,Put DEX 3,DEX,-106.957,8001.210246434026,8001.210246434026
2026-08-18 12:07:02,7400.0,7419.25,Call VEX 3,VEX,619389.544,8002.427004785147,8002.427004785147
2026-08-18 12:07:02,7450.0,7469.5,Call DEX 4,DEX,93.888,8002.427004785147,8002.427004785147
2026-08-18 12:07:02,7500.0,7519.5,Call DEX 1,DEX,314.242,8002.427004785147,8002.427004785147
2026-08-18 12:07:02,7500.0,7519.5,Call VEX 2,VEX,830619.835,8002.427004785147,8002.427004785147
2026-08-18 12:07:02,7550.0,7569.75,Call DEX 3,DEX,144.56,8002.427004785147,8002.427004785147
2026-08-18 12:07:02,7550.0,7569.75,Call VEX 4,VEX,589565.681,8002.427004785147,8002.427004785147
2026-08-18 12:07:02,7600.0,7619.75,Call CEX 3,CEX,1933272.432,8002.427004785147,8002.427004785147
2026-08-18 12:07:02,7600.0,7619.75,Call DEX 2,DEX,193.935,8002.427004785147,8002.427004785147
2026-08-18 12:07:02,7600.0,7619.75,Call VEX 1,VEX,1047227.246,8002.427004785147,8002.427004785147
2026-08-18 12:07:02,7635.0,7655.0,Call CEX 1,CEX,3681309.507,8002.427004785147,8002.427004785147
2026-08-18 12:07:02,7650.0,7670.0,Call CEX 2,CEX,2258419.726,8002.427004785147,8002.427004785147
2026-08-18 12:07:02,7650.0,7670.0,Call DEX 5,DEX,69.168,8002.427004785147,8002.427004785147
2026-08-18 12:07:02,7650.0,7670.0,Call VEX 5,VEX,543010.923,8002.427004785147,8002.427004785147
2026-08-18 12:07:02,7675.0,7695.0,Call CEX 4,CEX,1589009.946,8002.427004785147,8002.427004785147
2026-08-18 12:07:02,7685.0,7705.0,Call CEX 5,CEX,1563060.967,8002.427004785147,8002.427004785147
2026-08-18 12:07:02,7685.0,7705.0,Put GEX 4,GEX,-313955.987,8002.427004785147,8002.427004785147
2026-08-18 12:07:02,7690.0,7710.0,Put GEX 3,GEX,-389898.727,8002.427004785147,8002.427004785147
2026-08-18 12:07:02,7695.0,7715.0,Put GEX 2,GEX,-526259.726,8002.427004785147,8002.427004785147
2026-08-18 12:07:02,7700.0,7720.0,Put CEX 1,CEX,-3119020.514,8002.427004785147,8002.427004785147
2026-08-18 12:07:02,7700.0,7720.0,Put GEX 1,GEX,-979705.588,8002.427004785147,8002.427004785147
2026-08-18 12:07:02,7705.0,7725.0,Put CEX 5,CEX,-1223968.891,8002.427004785147,8002.427004785147
2026-08-18 12:07:02,7720.0,7740.25,Put GEX 5,GEX,-294366.949,8002.427004785147,8002.427004785147
2026-08-18 12:07:02,7725.0,7745.25,Put VEX 5,VEX,-201079.75,8002.427004785147,8002.427004785147
2026-08-18 12:07:02,7735.0,7755.25,Put DEX 5,DEX,-47.311,8002.427004785147,8002.427004785147
2026-08-18 12:07:02,7750.0,7770.25,Put CEX 3,CEX,-1804397.172,8002.427004785147,8002.427004785147
2026-08-18 12:07:02,7750.0,7770.25,Put DEX 4,DEX,-93.285,8002.427004785147,8002.427004785147
2026-08-18 12:07:02,7750.0,7770.25,Call GEX 4,GEX,83720.809,8002.427004785147,8002.427004785147
2026-08-18 12:07:02,7750.0,7770.25,Put VEX 3,VEX,-614976.128,8002.427004785147,8002.427004785147
2026-08-18 12:07:02,7775.0,7795.25,Call GEX 1,GEX,200688.25,8002.427004785147,8002.427004785147
2026-08-18 12:07:02,7775.0,7795.25,Put VEX 4,VEX,-312935.739,8002.427004785147,8002.427004785147
2026-08-18 12:07:02,7800.0,7820.25,Put CEX 4,CEX,-1478503.009,8002.427004785147,8002.427004785147
2026-08-18 12:07:02,7800.0,7820.25,Put DEX 2,DEX,-112.153,8002.427004785147,8002.427004785147
2026-08-18 12:07:02,7800.0,7820.25,Call GEX 2,GEX,164578.138,8002.427004785147,8002.427004785147
2026-08-18 12:07:02,7800.0,7820.25,Put VEX 2,VEX,-655855.753,8002.427004785147,8002.427004785147
2026-08-18 12:07:02,7825.0,7845.5,Call GEX 3,GEX,87314.374,8002.427004785147,8002.427004785147
2026-08-18 12:07:02,7900.0,7920.5,Call GEX 5,GEX,82682.284,8002.427004785147,8002.427004785147
2026-08-18 12:07:02,8000.0,8020.75,Put CEX 2,CEX,-2412754.204,8002.427004785147,8002.427004785147
2026-08-18 12:07:02,8000.0,8020.75,Put DEX 1,DEX,-1021.468,8002.427004785147,8002.427004785147
2026-08-18 12:07:02,8000.0,8020.75,Put VEX 1,VEX,-1227399.902,8002.427004785147,8002.427004785147
2026-08-18 12:07:02,8500.0,8522.25,Put DEX 3,DEX,-106.576,8002.427004785147,8002.427004785147
2026-08-18 12:07:52,7400.0,7419.25,Call VEX 3,VEX,606878.104,8002.305298714657,8002.305298714657
2026-08-18 12:07:52,7500.0,7519.5,Call DEX 1,DEX,314.95,8002.305298714657,8002.305298714657
2026-08-18 12:07:52,7500.0,7519.5,Call VEX 2,VEX,781794.109,8002.305298714657,8002.305298714657
2026-08-18 12:07:52,7550.0,7569.5,Call DEX 3,DEX,144.734,8002.305298714657,8002.305298714657
2026-08-18 12:07:52,7550.0,7569.5,Call VEX 4,VEX,577193.534,8002.305298714657,8002.305298714657
2026-08-18 12:07:52,7600.0,7619.75,Call CEX 3,CEX,1927552.638,8002.305298714657,8002.305298714657
2026-08-18 12:07:52,7600.0,7619.75,Call DEX 2,DEX,196.442,8002.305298714657,8002.305298714657
2026-08-18 12:07:52,7600.0,7619.75,Call VEX 1,VEX,1045187.365,8002.305298714657,8002.305298714657
2026-08-18 12:07:52,7625.0,7644.75,Call DEX 5,DEX,60.289,8002.305298714657,8002.305298714657
2026-08-18 12:07:52,7635.0,7654.75,Call CEX 1,CEX,3654803.296,8002.305298714657,8002.305298714657
2026-08-18 12:07:52,7650.0,7669.75,Call CEX 2,CEX,2264520.305,8002.305298714657,8002.305298714657
2026-08-18 12:07:52,7650.0,7669.75,Call DEX 4,DEX,71.424,8002.305298714657,8002.305298714657
2026-08-18 12:07:52,7650.0,7669.75,Call VEX 5,VEX,553513.242,8002.305298714657,8002.305298714657
2026-08-18 12:07:52,7685.0,7705.0,Call CEX 5,CEX,1500095.052,8002.305298714657,8002.305298714657
2026-08-18 12:07:52,7685.0,7705.0,Put GEX 5,GEX,-281800.902,8002.305298714657,8002.305298714657
2026-08-18 12:07:52,7690.0,7710.0,Call CEX 4,CEX,1636517.303,8002.305298714657,8002.305298714657
2026-08-18 12:07:52,7690.0,7710.0,Put GEX 3,GEX,-352790.906,8002.305298714657,8002.305298714657
2026-08-18 12:07:52,7695.0,7715.0,Put GEX 2,GEX,-499894.445,8002.305298714657,8002.305298714657
2026-08-18 12:07:52,7700.0,7720.0,Put CEX 2,CEX,-1842774.648,8002.305298714657,8002.305298714657
2026-08-18 12:07:52,7700.0,7720.0,Put GEX 1,GEX,-1055033.097,8002.305298714657,8002.305298714657
2026-08-18 12:07:52,7705.0,7725.0,Put CEX 5,CEX,-1356129.493,8002.305298714657,8002.305298714657
2026-08-18 12:07:52,7720.0,7740.0,Put GEX 4,GEX,-300101.657,8002.305298714657,8002.305298714657
2026-08-18 12:07:52,7725.0,7745.0,Put VEX 5,VEX,-191003.576,8002.305298714657,8002.305298714657
2026-08-18 12:07:52,7735.0,7755.0,Put DEX 5,DEX,-46.412,8002.305298714657,8002.305298714657
2026-08-18 12:07:52,7750.0,7770.0,Put CEX 3,CEX,-1810407.739,8002.305298714657,8002.305298714657
2026-08-18 12:07:52,7750.0,7770.0,Put DEX 4,DEX,-90.798,8002.305298714657,8002.305298714657
2026-08-18 12:07:52,7750.0,7770.0,Call GEX 5,GEX,83251.215,8002.305298714657,8002.305298714657
2026-08-18 12:07:52,7750.0,7770.0,Put VEX 3,VEX,-608211.977,8002.305298714657,8002.305298714657
2026-08-18 12:07:52,7775.0,7795.25,Call GEX 1,GEX,207273.086,8002.305298714657,8002.305298714657
2026-08-18 12:07:52,7775.0,7795.25,Put VEX 4,VEX,-314408.603,8002.305298714657,8002.305298714657
2026-08-18 12:07:52,7800.0,7820.25,Put CEX 4,CEX,-1500244.523,8002.305298714657,8002.305298714657
2026-08-18 12:07:52,7800.0,7820.25,Put DEX 2,DEX,-110.923,8002.305298714657,8002.305298714657
2026-08-18 12:07:52,7800.0,7820.25,Call GEX 2,GEX,166777.564,8002.305298714657,8002.305298714657
2026-08-18 12:07:52,7800.0,7820.25,Put VEX 2,VEX,-661991.846,8002.305298714657,8002.305298714657
2026-08-18 12:07:52,7825.0,7845.25,Call GEX 3,GEX,88248.24,8002.305298714657,8002.305298714657
2026-08-18 12:07:52,7850.0,7870.25,Call GEX 4,GEX,83286.028,8002.305298714657,8002.305298714657
2026-08-18 12:07:52,8000.0,8020.75,Put CEX 1,CEX,-2352688.393,8002.305298714657,8002.305298714657
2026-08-18 12:07:52,8000.0,8020.75,Put DEX 1,DEX,-1023.021,8002.305298714657,8002.305298714657
2026-08-18 12:07:52,8000.0,8020.75,Put VEX 1,VEX,-1197022.951,8002.305298714657,8002.305298714657
2026-08-18 12:07:52,8500.0,8522.0,Put DEX 3,DEX,-106.675,8002.305298714657,8002.305298714657
2026-08-18 12:08:38,7400.0,7419.5,Call VEX 3,VEX,613792.294,8001.826214476221,8001.826214476221
2026-08-18 12:08:38,7450.0,7469.75,Call DEX 4,DEX,93.558,8001.826214476221,8001.826214476221
2026-08-18 12:08:38,7500.0,7519.75,Call DEX 1,DEX,314.196,8001.826214476221,8001.826214476221
2026-08-18 12:08:38,7500.0,7519.75,Call VEX 2,VEX,840217.401,8001.826214476221,8001.826214476221
2026-08-18 12:08:38,7550.0,7570.0,Call DEX 3,DEX,146.491,8001.826214476221,8001.826214476221
2026-08-18 12:08:38,7550.0,7570.0,Call VEX 4,VEX,586775.87,8001.826214476221,8001.826214476221
2026-08-18 12:08:38,7600.0,7620.0,Call CEX 3,CEX,1964709.79,8001.826214476221,8001.826214476221
2026-08-18 12:08:38,7600.0,7620.0,Call DEX 2,DEX,195.353,8001.826214476221,8001.826214476221
2026-08-18 12:08:38,7600.0,7620.0,Call VEX 1,VEX,1048232.157,8001.826214476221,8001.826214476221
2026-08-18 12:08:38,7635.0,7655.25,Call CEX 1,CEX,3689291.277,8001.826214476221,8001.826214476221
2026-08-18 12:08:38,7650.0,7670.25,Call CEX 2,CEX,2280288.87,8001.826214476221,8001.826214476221
2026-08-18 12:08:38,7650.0,7670.25,Call DEX 5,DEX,70.856,8001.826214476221,8001.826214476221
2026-08-18 12:08:38,7650.0,7670.25,Call VEX 5,VEX,551071.21,8001.826214476221,8001.826214476221
2026-08-18 12:08:38,7685.0,7705.25,Call CEX 5,CEX,1514254.868,8001.826214476221,8001.826214476221
2026-08-18 12:08:38,7685.0,7705.25,Put GEX 5,GEX,-287322.966,8001.826214476221,8001.826214476221
2026-08-18 12:08:38,7690.0,7710.25,Call CEX 4,CEX,1627977.174,8001.826214476221,8001.826214476221
2026-08-18 12:08:38,7690.0,7710.25,Put GEX 3,GEX,-362926.137,8001.826214476221,8001.826214476221
2026-08-18 12:08:38,7695.0,7715.25,Put GEX 2,GEX,-513684.208,8001.826214476221,8001.826214476221
2026-08-18 12:08:38,7700.0,7720.25,Put CEX 2,CEX,-2192887.803,8001.826214476221,8001.826214476221
2026-08-18 12:08:38,7700.0,7720.25,Put GEX 1,GEX,-1072213.758,8001.826214476221,8001.826214476221
2026-08-18 12:08:38,7705.0,7725.25,Put CEX 5,CEX,-1344245.617,8001.826214476221,8001.826214476221
2026-08-18 12:08:38,7720.0,7740.5,Put GEX 4,GEX,-301698.034,8001.826214476221,8001.826214476221
2026-08-18 12:08:38,7725.0,7745.5,Put VEX 5,VEX,-193586.422,8001.826214476221,8001.826214476221
2026-08-18 12:08:38,7735.0,7755.5,Put DEX 5,DEX,-46.8,8001.826214476221,8001.826214476221
2026-08-18 12:08:38,7750.0,7770.5,Put CEX 3,CEX,-1806322.041,8001.826214476221,8001.826214476221
2026-08-18 12:08:38,7750.0,7770.5,Put DEX 4,DEX,-91.715,8001.826214476221,8001.826214476221
2026-08-18 12:08:38,7750.0,7770.5,Call GEX 4,GEX,83612.241,8001.826214476221,8001.826214476221
2026-08-18 12:08:38,7750.0,7770.5,Put VEX 3,VEX,-609197.883,8001.826214476221,8001.826214476221
2026-08-18 12:08:38,7775.0,7795.5,Call GEX 1,GEX,206563.634,8001.826214476221,8001.826214476221
2026-08-18 12:08:38,7775.0,7795.5,Put VEX 4,VEX,-313397.763,8001.826214476221,8001.826214476221
2026-08-18 12:08:38,7800.0,7820.5,Put CEX 4,CEX,-1483235.883,8001.826214476221,8001.826214476221
2026-08-18 12:08:38,7800.0,7820.5,Put DEX 2,DEX,-111.857,8001.826214476221,8001.826214476221
2026-08-18 12:08:38,7800.0,7820.5,Call GEX 2,GEX,173058.552,8001.826214476221,8001.826214476221
2026-08-18 12:08:38,7800.0,7820.5,Put VEX 2,VEX,-655076.101,8001.826214476221,8001.826214476221
2026-08-18 12:08:38,7825.0,7845.75,Call GEX 3,GEX,88110.61,8001.826214476221,8001.826214476221
2026-08-18 12:08:38,7850.0,7870.75,Call GEX 5,GEX,83478.089,8001.826214476221,8001.826214476221
2026-08-18 12:08:38,8000.0,8021.25,Put CEX 1,CEX,-2193194.827,8001.826214476221,8001.826214476221
2026-08-18 12:08:38,8000.0,8021.25,Put DEX 1,DEX,-1026.053,8001.826214476221,8001.826214476221
2026-08-18 12:08:38,8000.0,8021.25,Put VEX 1,VEX,-1120154.495,8001.826214476221,8001.826214476221
2026-08-18 12:08:38,8500.0,8522.5,Put DEX 3,DEX,-106.831,8001.826214476221,8001.826214476221
2026-08-18 12:09:26,7400.0,7419.0,Call VEX 3,VEX,599338.79,8002.852347159601,8002.852347159601
2026-08-18 12:09:26,7500.0,7519.25,Call DEX 1,DEX,317.366,8002.852347159601,8002.852347159601
2026-08-18 12:09:26,7500.0,7519.25,Call VEX 2,VEX,707455.143,8002.852347159601,8002.852347159601
2026-08-18 12:09:26,7550.0,7569.25,Call DEX 3,DEX,146.008,8002.852347159601,8002.852347159601
2026-08-18 12:09:26,7550.0,7569.25,Call VEX 4,VEX,561205.932,8002.852347159601,8002.852347159601
2026-08-18 12:09:26,7600.0,7619.5,Call CEX 3,CEX,1834674.924,8002.852347159601,8002.852347159601
2026-08-18 12:09:26,7600.0,7619.5,Call DEX 2,DEX,198.77,8002.852347159601,8002.852347159601
2026-08-18 12:09:26,7600.0,7619.5,Call VEX 1,VEX,1035899.816,8002.852347159601,8002.852347159601
2026-08-18 12:09:26,7625.0,7644.5,Call DEX 5,DEX,60.838,8002.852347159601,8002.852347159601
2026-08-18 12:09:26,7635.0,7654.5,Call CEX 2,CEX,1959490.968,8002.852347159601,8002.852347159601
2026-08-18 12:09:26,7650.0,7669.5,Call CEX 1,CEX,2239047.777,8002.852347159601,8002.852347159601
2026-08-18 12:09:26,7650.0,7669.5,Call DEX 4,DEX,72.802,8002.852347159601,8002.852347159601
2026-08-18 12:09:26,7650.0,7669.5,Call VEX 5,VEX,558874.047,8002.852347159601,8002.852347159601
2026-08-18 12:09:26,7685.0,7704.5,Call CEX 5,CEX,1474722.933,8002.852347159601,8002.852347159601
2026-08-18 12:09:26,7690.0,7709.5,Call CEX 4,CEX,1684280.984,8002.852347159601,8002.852347159601
2026-08-18 12:09:26,7690.0,7709.5,Put GEX 3,GEX,-330013.57,8002.852347159601,8002.852347159601
2026-08-18 12:09:26,7695.0,7714.75,Put GEX 2,GEX,-466856.055,8002.852347159601,8002.852347159601
2026-08-18 12:09:26,7700.0,7719.75,Put GEX 1,GEX,-992123.67,8002.852347159601,8002.852347159601
2026-08-18 12:09:26,7705.0,7724.75,Put CEX 5,CEX,-1288792.586,8002.852347159601,8002.852347159601
2026-08-18 12:09:26,7710.0,7729.75,Put CEX 2,CEX,-2199041.595,8002.852347159601,8002.852347159601
2026-08-18 12:09:26,7710.0,7729.75,Put GEX 4,GEX,-307012.164,8002.852347159601,8002.852347159601
2026-08-18 12:09:26,7720.0,7739.75,Put GEX 5,GEX,-298180.033,8002.852347159601,8002.852347159601
2026-08-18 12:09:26,7725.0,7744.75,Put VEX 5,VEX,-185547.363,8002.852347159601,8002.852347159601
2026-08-18 12:09:26,7735.0,7754.75,Put DEX 5,DEX,-45.894,8002.852347159601,8002.852347159601
2026-08-18 12:09:26,7750.0,7769.75,Put CEX 3,CEX,-1817192.764,8002.852347159601,8002.852347159601
2026-08-18 12:09:26,7750.0,7769.75,Put DEX 4,DEX,-89.313,8002.852347159601,8002.852347159601
2026-08-18 12:09:26,7750.0,7769.75,Call GEX 4,GEX,85543.819,8002.852347159601,8002.852347159601
2026-08-18 12:09:26,7750.0,7769.75,Put VEX 3,VEX,-604588.991,8002.852347159601,8002.852347159601
2026-08-18 12:09:26,7775.0,7794.75,Call GEX 1,GEX,210161.122,8002.852347159601,8002.852347159601
2026-08-18 12:09:26,7775.0,7794.75,Put VEX 4,VEX,-315432.947,8002.852347159601,8002.852347159601
2026-08-18 12:09:26,7800.0,7820.0,Put CEX 4,CEX,-1529924.997,8002.852347159601,8002.852347159601
2026-08-18 12:09:26,7800.0,7820.0,Put DEX 2,DEX,-109.669,8002.852347159601,8002.852347159601
2026-08-18 12:09:26,7800.0,7820.0,Call GEX 2,GEX,163469.721,8002.852347159601,8002.852347159601
2026-08-18 12:09:26,7800.0,7820.0,Put VEX 2,VEX,-670836.294,8002.852347159601,8002.852347159601
2026-08-18 12:09:26,7825.0,7845.0,Call GEX 3,GEX,89951.608,8002.852347159601,8002.852347159601
2026-08-18 12:09:26,7850.0,7870.0,Call GEX 5,GEX,83966.8,8002.852347159601,8002.852347159601
2026-08-18 12:09:26,8000.0,8020.5,Put CEX 1,CEX,-2638118.505,8002.852347159601,8002.852347159601
2026-08-18 12:09:26,8000.0,8020.5,Put DEX 1,DEX,-1016.899,8002.852347159601,8002.852347159601
2026-08-18 12:09:26,8000.0,8020.5,Put VEX 1,VEX,-1335781.437,8002.852347159601,8002.852347159601
2026-08-18 12:09:26,8500.0,8521.75,Put DEX 3,DEX,-106.357,8002.852347159601,8002.852347159601
2026-08-18 12:10:18,7400.0,7419.5,Call VEX 3,VEX,616877.396,8001.569247061964,8001.569247061964
2026-08-18 12:10:18,7450.0,7469.5,Call DEX 4,DEX,93.267,8001.569247061964,8001.569247061964
2026-08-18 12:10:18,7500.0,7519.75,Call DEX 1,DEX,313.252,8001.569247061964,8001.569247061964
2026-08-18 12:10:18,7500.0,7519.75,Call VEX 2,VEX,880874.529,8001.569247061964,8001.569247061964
2026-08-18 12:10:18,7550.0,7569.75,Call DEX 3,DEX,145.808,8001.569247061964,8001.569247061964
2026-08-18 12:10:18,7550.0,7569.75,Call VEX 4,VEX,595260.659,8001.569247061964,8001.569247061964
2026-08-18 12:10:18,7600.0,7620.0,Call CEX 3,CEX,1954677.145,8001.569247061964,8001.569247061964
2026-08-18 12:10:18,7600.0,7620.0,Call DEX 2,DEX,195.019,8001.569247061964,8001.569247061964
2026-08-18 12:10:18,7600.0,7620.0,Call VEX 1,VEX,1048278.816,8001.569247061964,8001.569247061964
2026-08-18 12:10:18,7635.0,7655.0,Call CEX 2,CEX,2001489.225,8001.569247061964,8001.569247061964
2026-08-18 12:10:18,7650.0,7670.0,Call CEX 1,CEX,2300557.416,8001.569247061964,8001.569247061964
2026-08-18 12:10:18,7650.0,7670.0,Call DEX 5,DEX,70.736,8001.569247061964,8001.569247061964
2026-08-18 12:10:18,7650.0,7670.0,Call VEX 5,VEX,550532.022,8001.569247061964,8001.569247061964
2026-08-18 12:10:18,7685.0,7705.25,Call CEX 5,CEX,1535368.232,8001.569247061964,8001.569247061964
2026-08-18 12:10:18,7685.0,7705.25,Put GEX 5,GEX,-290084.932,8001.569247061964,8001.569247061964
2026-08-18 12:10:18,7690.0,7710.25,Call CEX 4,CEX,1650818.563,8001.569247061964,8001.569247061964
2026-08-18 12:10:18,7690.0,7710.25,Put GEX 3,GEX,-368578.712,8001.569247061964,8001.569247061964
2026-08-18 12:10:18,7695.0,7715.25,Put GEX 2,GEX,-532682.012,8001.569247061964,8001.569247061964
2026-08-18 12:10:18,7700.0,7720.25,Put CEX 1,CEX,-2421522.005,8001.569247061964,8001.569247061964
2026-08-18 12:10:18,7700.0,7720.25,Put GEX 1,GEX,-1119584.464,8001.569247061964,8001.569247061964
2026-08-18 12:10:18,7705.0,7725.25,Put CEX 5,CEX,-1295901.697,8001.569247061964,8001.569247061964
2026-08-18 12:10:18,7720.0,7740.25,Put GEX 4,GEX,-302912.141,8001.569247061964,8001.569247061964
2026-08-18 12:10:18,7725.0,7745.25,Put VEX 5,VEX,-195099.951,8001.569247061964,8001.569247061964
2026-08-18 12:10:18,7735.0,7755.25,Put DEX 5,DEX,-47.089,8001.569247061964,8001.569247061964
2026-08-18 12:10:18,7750.0,7770.25,Put CEX 3,CEX,-1990530.192,8001.569247061964,8001.569247061964
2026-08-18 12:10:18,7750.0,7770.25,Put DEX 4,DEX,-92.313,8001.569247061964,8001.569247061964
2026-08-18 12:10:18,7750.0,7770.25,Call GEX 4,GEX,87792.574,8001.569247061964,8001.569247061964
2026-08-18 12:10:18,7750.0,7770.25,Put VEX 3,VEX,-613156.083,8001.569247061964,8001.569247061964
2026-08-18 12:10:18,7775.0,7795.5,Call GEX 1,GEX,206554.435,8001.569247061964,8001.569247061964
2026-08-18 12:10:18,7775.0,7795.5,Put VEX 4,VEX,-313042.962,8001.569247061964,8001.569247061964
2026-08-18 12:10:18,7800.0,7820.5,Put CEX 4,CEX,-1475815.405,8001.569247061964,8001.569247061964
2026-08-18 12:10:18,7800.0,7820.5,Put DEX 2,DEX,-112.544,8001.569247061964,8001.569247061964
2026-08-18 12:10:18,7800.0,7820.5,Call GEX 2,GEX,176437.495,8001.569247061964,8001.569247061964
2026-08-18 12:10:18,7800.0,7820.5,Put VEX 2,VEX,-650335.311,8001.569247061964,8001.569247061964
2026-08-18 12:10:18,7825.0,7845.5,Call GEX 3,GEX,88531.148,8001.569247061964,8001.569247061964
2026-08-18 12:10:18,7850.0,7870.5,Call GEX 5,GEX,83529.75,8001.569247061964,8001.569247061964
2026-08-18 12:10:18,8000.0,8021.0,Put CEX 2,CEX,-2128417.18,8001.569247061964,8001.569247061964
2026-08-18 12:10:18,8000.0,8021.0,Put DEX 1,DEX,-1027.32,8001.569247061964,8001.569247061964
2026-08-18 12:10:18,8000.0,8021.0,Put VEX 1,VEX,-1086361.316,8001.569247061964,8001.569247061964
2026-08-18 12:10:18,8500.0,8522.25,Put DEX 3,DEX,-106.897,8001.569247061964,8001.569247061964
2026-08-18 12:11:09,7400.0,7419.25,Call VEX 3,VEX,611864.044,8001.870250352222,8001.870250352222
2026-08-18 12:11:09,7450.0,7469.5,Call DEX 4,DEX,94.016,8001.870250352222,8001.870250352222
2026-08-18 12:11:09,7500.0,7519.5,Call DEX 1,DEX,313.401,8001.870250352222,8001.870250352222
2026-08-18 12:11:09,7500.0,7519.5,Call VEX 2,VEX,827795.379,8001.870250352222,8001.870250352222
2026-08-18 12:11:09,7550.0,7569.75,Call DEX 3,DEX,144.486,8001.870250352222,8001.870250352222
2026-08-18 12:11:09,7550.0,7569.75,Call VEX 4,VEX,581708.195,8001.870250352222,8001.870250352222
2026-08-18 12:11:09,7600.0,7619.75,Call CEX 3,CEX,1949059.762,8001.870250352222,8001.870250352222
2026-08-18 12:11:09,7600.0,7619.75,Call DEX 2,DEX,196.426,8001.870250352222,8001.870250352222
2026-08-18 12:11:09,7600.0,7619.75,Call VEX 1,VEX,1045486.991,8001.870250352222,8001.870250352222
2026-08-18 12:11:09,7635.0,7655.0,Call CEX 2,CEX,2003461.837,8001.870250352222,8001.870250352222
2026-08-18 12:11:09,7650.0,7670.0,Call CEX 1,CEX,2307162.06,8001.870250352222,8001.870250352222
2026-08-18 12:11:09,7650.0,7670.0,Call DEX 5,DEX,71.637,8001.870250352222,8001.870250352222
2026-08-18 12:11:09,7650.0,7670.0,Call VEX 5,VEX,554552.738,8001.870250352222,8001.870250352222
2026-08-18 12:11:09,7685.0,7705.0,Call CEX 5,CEX,1469177.86,8001.870250352222,8001.870250352222
2026-08-18 12:11:09,7685.0,7705.0,Put GEX 5,GEX,-273594.02,8001.870250352222,8001.870250352222
2026-08-18 12:11:09,7690.0,7710.0,Call CEX 4,CEX,1688939.667,8001.870250352222,8001.870250352222
2026-08-18 12:11:09,7690.0,7710.0,Put GEX 3,GEX,-352153.105,8001.870250352222,8001.870250352222
2026-08-18 12:11:09,7695.0,7715.0,Put GEX 2,GEX,-518336.329,8001.870250352222,8001.870250352222
2026-08-18 12:11:09,7700.0,7720.0,Put CEX 2,CEX,-1857678.981,8001.870250352222,8001.870250352222
2026-08-18 12:11:09,7700.0,7720.0,Put GEX 1,GEX,-1117107.148,8001.870250352222,8001.870250352222
2026-08-18 12:11:09,7705.0,7725.25,Put CEX 5,CEX,-1386098.015,8001.870250352222,8001.870250352222
2026-08-18 12:11:09,7720.0,7740.25,Put GEX 4,GEX,-303718.912,8001.870250352222,8001.870250352222
2026-08-18 12:11:09,7725.0,7745.25,Put VEX 5,VEX,-191185.117,8001.870250352222,8001.870250352222
2026-08-18 12:11:09,7735.0,7755.25,Put DEX 5,DEX,-46.537,8001.870250352222,8001.870250352222
2026-08-18 12:11:09,7750.0,7770.25,Put CEX 3,CEX,-1816078.675,8001.870250352222,8001.870250352222
2026-08-18 12:11:09,7750.0,7770.25,Put DEX 4,DEX,-91.209,8001.870250352222,8001.870250352222
2026-08-18 12:11:09,7750.0,7770.25,Call GEX 4,GEX,83717.902,8001.870250352222,8001.870250352222
2026-08-18 12:11:09,7750.0,7770.25,Put VEX 3,VEX,-608326.41,8001.870250352222,8001.870250352222
2026-08-18 12:11:09,7775.0,7795.25,Call GEX 1,GEX,207351.635,8001.870250352222,8001.870250352222
2026-08-18 12:11:09,7775.0,7795.25,Put VEX 4,VEX,-313953.717,8001.870250352222,8001.870250352222
2026-08-18 12:11:09,7800.0,7820.5,Put CEX 4,CEX,-1500543.039,8001.870250352222,8001.870250352222
2026-08-18 12:11:09,7800.0,7820.5,Put DEX 2,DEX,-111.308,8001.870250352222,8001.870250352222
2026-08-18 12:11:09,7800.0,7820.5,Call GEX 2,GEX,169940.82,8001.870250352222,8001.870250352222
2026-08-18 12:11:09,7800.0,7820.5,Put VEX 2,VEX,-659102.166,8001.870250352222,8001.870250352222
2026-08-18 12:11:09,7825.0,7845.5,Call GEX 3,GEX,88643.485,8001.870250352222,8001.870250352222
2026-08-18 12:11:09,7850.0,7870.5,Call GEX 5,GEX,83642.496,8001.870250352222,8001.870250352222
2026-08-18 12:11:09,8000.0,8021.0,Put CEX 1,CEX,-2209252.237,8001.870250352222,8001.870250352222
2026-08-18 12:11:09,8000.0,8021.0,Put DEX 1,DEX,-1025.897,8001.870250352222,8001.870250352222
2026-08-18 12:11:09,8000.0,8021.0,Put VEX 1,VEX,-1125223.234,8001.870250352222,8001.870250352222
2026-08-18 12:11:09,8500.0,8522.25,Put DEX 3,DEX,-106.749,8001.870250352222,8001.870250352222
2026-08-18 12:12:00,7400.0,7419.5,Call VEX 3,VEX,612467.476,8001.99214529625,8001.99214529625
2026-08-18 12:12:00,7450.0,7469.5,Call DEX 4,DEX,93.3,8001.99214529625,8001.99214529625
2026-08-18 12:12:00,7500.0,7519.75,Call DEX 1,DEX,312.477,8001.99214529625,8001.99214529625
2026-08-18 12:12:00,7500.0,7519.75,Call VEX 2,VEX,880024.001,8001.99214529625,8001.99214529625
2026-08-18 12:12:00,7550.0,7569.75,Call DEX 3,DEX,146.264,8001.99214529625,8001.99214529625
2026-08-18 12:12:00,7550.0,7569.75,Call VEX 4,VEX,589418.318,8001.99214529625,8001.99214529625
2026-08-18 12:12:00,7600.0,7620.0,Call CEX 3,CEX,1962710.897,8001.99214529625,8001.99214529625
2026-08-18 12:12:00,7600.0,7620.0,Call DEX 2,DEX,195.455,8001.99214529625,8001.99214529625
2026-08-18 12:12:00,7600.0,7620.0,Call VEX 1,VEX,1047110.574,8001.99214529625,8001.99214529625
2026-08-18 12:12:00,7635.0,7655.0,Call CEX 2,CEX,2026534.509,8001.99214529625,8001.99214529625
2026-08-18 12:12:00,7650.0,7670.0,Call CEX 1,CEX,2320058.169,8001.99214529625,8001.99214529625
2026-08-18 12:12:00,7650.0,7670.0,Call DEX 5,DEX,70.804,8001.99214529625,8001.99214529625
2026-08-18 12:12:00,7650.0,7670.0,Call VEX 5,VEX,550816.966,8001.99214529625,8001.99214529625
2026-08-18 12:12:00,7685.0,7705.25,Call CEX 5,CEX,1525686.607,8001.99214529625,8001.99214529625
2026-08-18 12:12:00,7685.0,7705.25,Put GEX 5,GEX,-285708.808,8001.99214529625,8001.99214529625
2026-08-18 12:12:00,7690.0,7710.25,Call CEX 4,CEX,1683340.053,8001.99214529625,8001.99214529625
2026-08-18 12:12:00,7690.0,7710.25,Put GEX 3,GEX,-367426.31,8001.99214529625,8001.99214529625
2026-08-18 12:12:00,7695.0,7715.25,Put GEX 2,GEX,-535258.995,8001.99214529625,8001.99214529625
2026-08-18 12:12:00,7700.0,7720.25,Put CEX 1,CEX,-2462027.627,8001.99214529625,8001.99214529625
2026-08-18 12:12:00,7700.0,7720.25,Put GEX 1,GEX,-1147686.34,8001.99214529625,8001.99214529625
2026-08-18 12:12:00,7705.0,7725.25,Put CEX 5,CEX,-1314152.603,8001.99214529625,8001.99214529625
2026-08-18 12:12:00,7720.0,7740.25,Put GEX 4,GEX,-301430.598,8001.99214529625,8001.99214529625
2026-08-18 12:12:00,7725.0,7745.25,Put VEX 5,VEX,-194576.498,8001.99214529625,8001.99214529625
2026-08-18 12:12:00,7735.0,7755.25,Put DEX 5,DEX,-46.926,8001.99214529625,8001.99214529625
2026-08-18 12:12:00,7750.0,7770.25,Put CEX 3,CEX,-1815403.246,8001.99214529625,8001.99214529625
2026-08-18 12:12:00,7750.0,7770.25,Put DEX 4,DEX,-92.09,8001.99214529625,8001.99214529625
2026-08-18 12:12:00,7750.0,7770.25,Call GEX 4,GEX,83632.093,8001.99214529625,8001.99214529625
2026-08-18 12:12:00,7750.0,7770.25,Put VEX 3,VEX,-610521.534,8001.99214529625,8001.99214529625
2026-08-18 12:12:00,7775.0,7795.25,Call GEX 1,GEX,206172.93,8001.99214529625,8001.99214529625
2026-08-18 12:12:00,7775.0,7795.25,Put VEX 4,VEX,-313512.993,8001.99214529625,8001.99214529625
2026-08-18 12:12:00,7800.0,7820.5,Put CEX 4,CEX,-1492252.45,8001.99214529625,8001.99214529625
2026-08-18 12:12:00,7800.0,7820.5,Put DEX 2,DEX,-112.076,8001.99214529625,8001.99214529625
2026-08-18 12:12:00,7800.0,7820.5,Call GEX 2,GEX,172071.084,8001.99214529625,8001.99214529625
2026-08-18 12:12:00,7800.0,7820.5,Put VEX 2,VEX,-654998.07,8001.99214529625,8001.99214529625
2026-08-18 12:12:00,7825.0,7845.5,Call GEX 3,GEX,88340.576,8001.99214529625,8001.99214529625
2026-08-18 12:12:00,7850.0,7870.5,Call GEX 5,GEX,83447.451,8001.99214529625,8001.99214529625
2026-08-18 12:12:00,8000.0,8021.0,Put CEX 2,CEX,-2250667.215,8001.99214529625,8001.99214529625
2026-08-18 12:12:00,8000.0,8021.0,Put DEX 1,DEX,-1025.013,8001.99214529625,8001.99214529625
2026-08-18 12:12:00,8000.0,8021.0,Put VEX 1,VEX,-1145947.672,8001.99214529625,8001.99214529625
2026-08-18 12:12:00,8500.0,8522.25,Put DEX 3,DEX,-106.775,8001.99214529625,8001.99214529625
2026-08-18 12:12:50,7400.0,7419.25,Call VEX 3,VEX,614599.529,8002.354780785752,8002.354780785752
2026-08-18 12:12:50,7450.0,7469.25,Call DEX 4,DEX,93.474,8002.354780785752,8002.354780785752
2026-08-18 12:12:50,7500.0,7519.5,Call DEX 1,DEX,313.315,8002.354780785752,8002.354780785752
2026-08-18 12:12:50,7500.0,7519.5,Call VEX 2,VEX,870427.782,8002.354780785752,8002.354780785752
2026-08-18 12:12:50,7550.0,7569.5,Call DEX 3,DEX,144.643,8002.354780785752,8002.354780785752
2026-08-18 12:12:50,7550.0,7569.5,Call VEX 4,VEX,588194.137,8002.354780785752,8002.354780785752
2026-08-18 12:12:50,7600.0,7619.75,Call CEX 3,CEX,1935524.692,8002.354780785752,8002.354780785752
2026-08-18 12:12:50,7600.0,7619.75,Call DEX 2,DEX,193.929,8002.354780785752,8002.354780785752
2026-08-18 12:12:50,7600.0,7619.75,Call VEX 1,VEX,1046028.319,8002.354780785752,8002.354780785752
2026-08-18 12:12:50,7635.0,7654.75,Call CEX 1,CEX,3078064.325,8002.354780785752,8002.354780785752
2026-08-18 12:12:50,7650.0,7669.75,Call CEX 2,CEX,2323913.719,8002.354780785752,8002.354780785752
2026-08-18 12:12:50,7650.0,7669.75,Call DEX 5,DEX,68.822,8002.354780785752,8002.354780785752
2026-08-18 12:12:50,7650.0,7669.75,Call VEX 5,VEX,541214.589,8002.354780785752,8002.354780785752
2026-08-18 12:12:50,7675.0,7694.75,Call CEX 4,CEX,1663749.954,8002.354780785752,8002.354780785752
2026-08-18 12:12:50,7685.0,7705.0,Call CEX 5,CEX,1625591.498,8002.354780785752,8002.354780785752
2026-08-18 12:12:50,7685.0,7705.0,Put GEX 4,GEX,-318909.606,8002.354780785752,8002.354780785752
2026-08-18 12:12:50,7690.0,7710.0,Put GEX 3,GEX,-403837.183,8002.354780785752,8002.354780785752
2026-08-18 12:12:50,7695.0,7715.0,Put GEX 2,GEX,-553086.49,8002.354780785752,8002.354780785752
2026-08-18 12:12:50,7700.0,7720.0,Put CEX 1,CEX,-3613445.828,8002.354780785752,8002.354780785752
2026-08-18 12:12:50,7700.0,7720.0,Put GEX 1,GEX,-993856.921,8002.354780785752,8002.354780785752
2026-08-18 12:12:50,7705.0,7725.0,Put CEX 5,CEX,-1154006.054,8002.354780785752,8002.354780785752
2026-08-18 12:12:50,7720.0,7740.0,Put GEX 5,GEX,-292998.796,8002.354780785752,8002.354780785752
2026-08-18 12:12:50,7725.0,7745.0,Put VEX 5,VEX,-203513.393,8002.354780785752,8002.354780785752
2026-08-18 12:12:50,7735.0,7755.0,Put DEX 5,DEX,-47.421,8002.354780785752,8002.354780785752
2026-08-18 12:12:50,7750.0,7770.0,Put CEX 3,CEX,-1819115.656,8002.354780785752,8002.354780785752
2026-08-18 12:12:50,7750.0,7770.0,Put DEX 4,DEX,-93.832,8002.354780785752,8002.354780785752
2026-08-18 12:12:50,7750.0,7770.0,Call GEX 4,GEX,83775.281,8002.354780785752,8002.354780785752
2026-08-18 12:12:50,7750.0,7770.0,Put VEX 3,VEX,-617388.982,8002.354780785752,8002.354780785752
2026-08-18 12:12:50,7775.0,7795.0,Call GEX 1,GEX,199622.61,8002.354780785752,8002.354780785752
2026-08-18 12:12:50,7775.0,7795.0,Put VEX 4,VEX,-313012.371,8002.354780785752,8002.354780785752
2026-08-18 12:12:50,7800.0,7820.25,Put CEX 4,CEX,-1489831.02,8002.354780785752,8002.354780785752
2026-08-18 12:12:50,7800.0,7820.25,Put DEX 2,DEX,-112.305,8002.354780785752,8002.354780785752
2026-08-18 12:12:50,7800.0,7820.25,Call GEX 2,GEX,161933.031,8002.354780785752,8002.354780785752
2026-08-18 12:12:50,7800.0,7820.25,Put VEX 2,VEX,-655187.41,8002.354780785752,8002.354780785752
2026-08-18 12:12:50,7825.0,7845.25,Call GEX 3,GEX,86703.837,8002.354780785752,8002.354780785752
2026-08-18 12:12:50,7900.0,7920.5,Call GEX 5,GEX,81980.531,8002.354780785752,8002.354780785752
2026-08-18 12:12:50,8000.0,8020.75,Put CEX 2,CEX,-2393064.894,8002.354780785752,8002.354780785752
2026-08-18 12:12:50,8000.0,8020.75,Put DEX 1,DEX,-1021.991,8002.354780785752,8002.354780785752
2026-08-18 12:12:50,8000.0,8020.75,Put VEX 1,VEX,-1213732.093,8002.354780785752,8002.354780785752
2026-08-18 12:12:50,8500.0,8522.0,Put DEX 3,DEX,-106.599,8002.354780785752,8002.354780785752
2026-08-18 12:13:40,7400.0,7419.5,Call VEX 3,VEX,621590.889,8001.960777030233,8001.960777030233
2026-08-18 12:13:40,7450.0,7469.75,Call DEX 4,DEX,94.596,8001.960777030233,8001.960777030233
2026-08-18 12:13:40,7500.0,7519.75,Call DEX 1,DEX,314.081,8001.960777030233,8001.960777030233
2026-08-18 12:13:40,7500.0,7519.75,Call VEX 2,VEX,867694.103,8001.960777030233,8001.960777030233
2026-08-18 12:13:40,7550.0,7570.0,Call DEX 3,DEX,144.846,8001.960777030233,8001.960777030233
2026-08-18 12:13:40,7550.0,7570.0,Call VEX 4,VEX,602111.008,8001.960777030233,8001.960777030233
2026-08-18 12:13:40,7600.0,7620.0,Call CEX 3,CEX,1981384.513,8001.960777030233,8001.960777030233
2026-08-18 12:13:40,7600.0,7620.0,Call DEX 2,DEX,192.137,8001.960777030233,8001.960777030233
2026-08-18 12:13:40,7600.0,7620.0,Call VEX 1,VEX,1050925.353,8001.960777030233,8001.960777030233
2026-08-18 12:13:40,7635.0,7655.25,Call CEX 1,CEX,3111581.837,8001.960777030233,8001.960777030233
2026-08-18 12:13:40,7650.0,7670.25,Call CEX 2,CEX,2352619.503,8001.960777030233,8001.960777030233
2026-08-18 12:13:40,7650.0,7670.25,Call DEX 5,DEX,67.959,8001.960777030233,8001.960777030233
2026-08-18 12:13:40,7650.0,7670.25,Call VEX 5,VEX,537430.271,8001.960777030233,8001.960777030233
2026-08-18 12:13:40,7675.0,7695.25,Call CEX 4,CEX,1685390.0,8001.960777030233,8001.960777030233
2026-08-18 12:13:40,7685.0,7705.25,Call CEX 5,CEX,1656753.546,8001.960777030233,8001.960777030233
2026-08-18 12:13:40,7685.0,7705.25,Put GEX 4,GEX,-328996.898,8001.960777030233,8001.960777030233
2026-08-18 12:13:40,7690.0,7710.25,Put GEX 3,GEX,-414502.438,8001.960777030233,8001.960777030233
2026-08-18 12:13:40,7695.0,7715.25,Put GEX 2,GEX,-565556.764,8001.960777030233,8001.960777030233
2026-08-18 12:13:40,7700.0,7720.25,Put CEX 1,CEX,-4019532.95,8001.960777030233,8001.960777030233
2026-08-18 12:13:40,7700.0,7720.25,Put GEX 1,GEX,-1013136.575,8001.960777030233,8001.960777030233
2026-08-18 12:13:40,7720.0,7740.25,Put GEX 5,GEX,-295383.164,8001.960777030233,8001.960777030233
2026-08-18 12:13:40,7725.0,7745.5,Put CEX 5,CEX,-909059.65,8001.960777030233,8001.960777030233
2026-08-18 12:13:40,7725.0,7745.5,Put VEX 5,VEX,-205644.804,8001.960777030233,8001.960777030233
2026-08-18 12:13:40,7735.0,7755.5,Put DEX 5,DEX,-47.726,8001.960777030233,8001.960777030233
2026-08-18 12:13:40,7750.0,7770.5,Put CEX 3,CEX,-1809917.498,8001.960777030233,8001.960777030233
2026-08-18 12:13:40,7750.0,7770.5,Put DEX 4,DEX,-94.649,8001.960777030233,8001.960777030233
2026-08-18 12:13:40,7750.0,7770.5,Call GEX 4,GEX,83794.22,8001.960777030233,8001.960777030233
2026-08-18 12:13:40,7750.0,7770.5,Put VEX 3,VEX,-617082.6,8001.960777030233,8001.960777030233
2026-08-18 12:13:40,7775.0,7795.5,Call GEX 1,GEX,199410.148,8001.960777030233,8001.960777030233
2026-08-18 12:13:40,7775.0,7795.5,Put VEX 4,VEX,-312384.075,8001.960777030233,8001.960777030233
2026-08-18 12:13:40,7800.0,7820.5,Put CEX 4,CEX,-1473255.691,8001.960777030233,8001.960777030233
2026-08-18 12:13:40,7800.0,7820.5,Put DEX 2,DEX,-113.139,8001.960777030233,8001.960777030233
2026-08-18 12:13:40,7800.0,7820.5,Call GEX 2,GEX,167972.195,8001.960777030233,8001.960777030233
2026-08-18 12:13:40,7800.0,7820.5,Put VEX 2,VEX,-647865.904,8001.960777030233,8001.960777030233
2026-08-18 12:13:40,7825.0,7845.75,Call GEX 3,GEX,86548.53,8001.960777030233,8001.960777030233
2026-08-18 12:13:40,7900.0,7920.75,Call GEX 5,GEX,81535.389,8001.960777030233,8001.960777030233
2026-08-18 12:13:40,8000.0,8021.0,Put CEX 2,CEX,-2244957.062,8001.960777030233,8001.960777030233
2026-08-18 12:13:40,8000.0,8021.0,Put DEX 1,DEX,-1024.952,8001.960777030233,8001.960777030233
2026-08-18 12:13:40,8000.0,8021.0,Put VEX 1,VEX,-1140538.138,8001.960777030233,8001.960777030233
2026-08-18 12:13:40,8500.0,8522.5,Put DEX 3,DEX,-106.752,8001.960777030233,8001.960777030233
2026-08-18 12:14:31,7400.0,7419.5,Call VEX 3,VEX,617166.641,8002.377618390376,8002.377618390376
2026-08-18 12:14:31,7450.0,7469.75,Call DEX 4,DEX,93.95,8002.377618390376,8002.377618390376
2026-08-18 12:14:31,7500.0,7519.75,Call DEX 1,DEX,313.04,8002.377618390376,8002.377618390376
2026-08-18 12:14:31,7500.0,7519.75,Call VEX 2,VEX,875359.904,8002.377618390376,8002.377618390376
2026-08-18 12:14:31,7550.0,7570.0,Call DEX 3,DEX,146.048,8002.377618390376,8002.377618390376
2026-08-18 12:14:31,7550.0,7570.0,Call VEX 4,VEX,587562.924,8002.377618390376,8002.377618390376
2026-08-18 12:14:31,7600.0,7620.0,Call CEX 3,CEX,1957129.32,8002.377618390376,8002.377618390376
2026-08-18 12:14:31,7600.0,7620.0,Call DEX 2,DEX,193.683,8002.377618390376,8002.377618390376
2026-08-18 12:14:31,7600.0,7620.0,Call VEX 1,VEX,1047447.593,8002.377618390376,8002.377618390376
2026-08-18 12:14:31,7635.0,7655.25,Call CEX 2,CEX,2088904.999,8002.377618390376,8002.377618390376
2026-08-18 12:14:31,7650.0,7670.25,Call CEX 1,CEX,2349184.396,8002.377618390376,8002.377618390376
2026-08-18 12:14:31,7650.0,7670.25,Call DEX 5,DEX,68.764,8002.377618390376,8002.377618390376
2026-08-18 12:14:31,7650.0,7670.25,Call VEX 5,VEX,541037.54,8002.377618390376,8002.377618390376
2026-08-18 12:14:31,7675.0,7695.25,Call CEX 5,CEX,1617324.144,8002.377618390376,8002.377618390376
2026-08-18 12:14:31,7685.0,7705.25,Call CEX 4,CEX,1646562.648,8002.377618390376,8002.377618390376
2026-08-18 12:14:31,7685.0,7705.25,Put GEX 4,GEX,-316079.865,8002.377618390376,8002.377618390376
2026-08-18 12:14:31,7690.0,7710.25,Put GEX 3,GEX,-401187.605,8002.377618390376,8002.377618390376
2026-08-18 12:14:31,7695.0,7715.25,Put GEX 2,GEX,-555074.074,8002.377618390376,8002.377618390376
2026-08-18 12:14:31,7700.0,7720.25,Put CEX 1,CEX,-3594256.638,8002.377618390376,8002.377618390376
2026-08-18 12:14:31,7700.0,7720.25,Put GEX 1,GEX,-1008448.189,8002.377618390376,8002.377618390376
2026-08-18 12:14:31,7705.0,7725.25,Put CEX 5,CEX,-1204832.504,8002.377618390376,8002.377618390376
2026-08-18 12:14:31,7720.0,7740.25,Put GEX 5,GEX,-292280.299,8002.377618390376,8002.377618390376
2026-08-18 12:14:31,7725.0,7745.25,Put VEX 5,VEX,-202426.254,8002.377618390376,8002.377618390376
2026-08-18 12:14:31,7735.0,7755.5,Put DEX 5,DEX,-47.343,8002.377618390376,8002.377618390376
2026-08-18 12:14:31,7750.0,7770.5,Put CEX 3,CEX,-1821007.097,8002.377618390376,8002.377618390376
2026-08-18 12:14:31,7750.0,7770.5,Put DEX 4,DEX,-93.285,8002.377618390376,8002.377618390376
2026-08-18 12:14:31,7750.0,7770.5,Call GEX 4,GEX,83247.821,8002.377618390376,8002.377618390376
2026-08-18 12:14:31,7750.0,7770.5,Put VEX 3,VEX,-615840.348,8002.377618390376,8002.377618390376
2026-08-18 12:14:31,7775.0,7795.5,Call GEX 1,GEX,201000.204,8002.377618390376,8002.377618390376
2026-08-18 12:14:31,7775.0,7795.5,Put VEX 4,VEX,-313292.877,8002.377618390376,8002.377618390376
2026-08-18 12:14:31,7800.0,7820.5,Put CEX 4,CEX,-1500464.573,8002.377618390376,8002.377618390376
2026-08-18 12:14:31,7800.0,7820.5,Put DEX 2,DEX,-111.934,8002.377618390376,8002.377618390376
2026-08-18 12:14:31,7800.0,7820.5,Call GEX 2,GEX,162474.339,8002.377618390376,8002.377618390376
2026-08-18 12:14:31,7800.0,7820.5,Put VEX 2,VEX,-657778.666,8002.377618390376,8002.377618390376
2026-08-18 12:14:31,7825.0,7845.75,Call GEX 3,GEX,86676.989,8002.377618390376,8002.377618390376
2026-08-18 12:14:31,7900.0,7920.75,Call GEX 5,GEX,82453.865,8002.377618390376,8002.377618390376
2026-08-18 12:14:31,8000.0,8021.0,Put CEX 2,CEX,-2409382.442,8002.377618390376,8002.377618390376
2026-08-18 12:14:31,8000.0,8021.0,Put DEX 1,DEX,-1021.716,8002.377618390376,8002.377618390376
2026-08-18 12:14:31,8000.0,8021.0,Put VEX 1,VEX,-1220950.737,8002.377618390376,8002.377618390376
2026-08-18 12:14:31,8500.0,8522.5,Put DEX 3,DEX,-106.625,8002.377618390376,8002.377618390376
2026-08-18 12:15:22,7400.0,7419.25,Call VEX 3,VEX,617141.566,8002.394850265246,8002.394850265246
2026-08-18 12:15:22,7500.0,7519.5,Call DEX 1,DEX,315.802,8002.394850265246,8002.394850265246
2026-08-18 12:15:22,7500.0,7519.5,Call VEX 2,VEX,805419.522,8002.394850265246,8002.394850265246
2026-08-18 12:15:22,7550.0,7569.5,Call DEX 3,DEX,144.426,8002.394850265246,8002.394850265246
2026-08-18 12:15:22,7550.0,7569.5,Call VEX 4,VEX,590883.826,8002.394850265246,8002.394850265246
2026-08-18 12:15:22,7600.0,7619.75,Call CEX 3,CEX,1964682.055,8002.394850265246,8002.394850265246
2026-08-18 12:15:22,7600.0,7619.75,Call DEX 2,DEX,193.231,8002.394850265246,8002.394850265246
2026-08-18 12:15:22,7600.0,7619.75,Call VEX 1,VEX,1048730.498,8002.394850265246,8002.394850265246
2026-08-18 12:15:22,7625.0,7644.75,Call DEX 5,DEX,59.138,8002.394850265246,8002.394850265246
2026-08-18 12:15:22,7635.0,7654.75,Call CEX 2,CEX,2107853.316,8002.394850265246,8002.394850265246
2026-08-18 12:15:22,7650.0,7669.75,Call CEX 1,CEX,2368107.534,8002.394850265246,8002.394850265246
2026-08-18 12:15:22,7650.0,7669.75,Call DEX 4,DEX,68.509,8002.394850265246,8002.394850265246
2026-08-18 12:15:22,7650.0,7669.75,Call VEX 5,VEX,539883.833,8002.394850265246,8002.394850265246
2026-08-18 12:15:22,7685.0,7705.0,Call CEX 4,CEX,1651856.608,8002.394850265246,8002.394850265246
2026-08-18 12:15:22,7685.0,7705.0,Put GEX 4,GEX,-318657.347,8002.394850265246,8002.394850265246
2026-08-18 12:15:22,7690.0,7710.0,Call CEX 5,CEX,1615248.19,8002.394850265246,8002.394850265246
2026-08-18 12:15:22,7690.0,7710.0,Put GEX 3,GEX,-411616.991,8002.394850265246,8002.394850265246
2026-08-18 12:15:22,7695.0,7715.0,Put GEX 2,GEX,-570112.098,8002.394850265246,8002.394850265246
2026-08-18 12:15:22,7700.0,7720.0,Put CEX 1,CEX,-3889243.295,8002.394850265246,8002.394850265246
2026-08-18 12:15:22,7700.0,7720.0,Put GEX 1,GEX,-1039385.274,8002.394850265246,8002.394850265246
2026-08-18 12:15:22,7720.0,7740.0,Put GEX 5,GEX,-292028.984,8002.394850265246,8002.394850265246
2026-08-18 12:15:22,7725.0,7745.0,Put CEX 5,CEX,-906201.01,8002.394850265246,8002.394850265246
2026-08-18 12:15:22,7725.0,7745.0,Put VEX 5,VEX,-203316.968,8002.394850265246,8002.394850265246
2026-08-18 12:15:22,7735.0,7755.0,Put DEX 5,DEX,-47.346,8002.394850265246,8002.394850265246
2026-08-18 12:15:22,7750.0,7770.0,Put CEX 3,CEX,-1822423.305,8002.394850265246,8002.394850265246
2026-08-18 12:15:22,7750.0,7770.0,Put DEX 4,DEX,-93.672,8002.394850265246,8002.394850265246
2026-08-18 12:15:22,7750.0,7770.0,Call GEX 4,GEX,82948.519,8002.394850265246,8002.394850265246
2026-08-18 12:15:22,7750.0,7770.0,Put VEX 3,VEX,-616792.933,8002.394850265246,8002.394850265246
2026-08-18 12:15:22,7775.0,7795.25,Call GEX 1,GEX,199546.567,8002.394850265246,8002.394850265246
2026-08-18 12:15:22,7775.0,7795.25,Put VEX 4,VEX,-312823.188,8002.394850265246,8002.394850265246
2026-08-18 12:15:22,7800.0,7820.25,Put CEX 4,CEX,-1499084.57,8002.394850265246,8002.394850265246
2026-08-18 12:15:22,7800.0,7820.25,Put DEX 2,DEX,-112.15,8002.394850265246,8002.394850265246
2026-08-18 12:15:22,7800.0,7820.25,Call GEX 2,GEX,163276.191,8002.394850265246,8002.394850265246
2026-08-18 12:15:22,7800.0,7820.25,Put VEX 2,VEX,-655988.125,8002.394850265246,8002.394850265246
2026-08-18 12:15:22,7825.0,7845.25,Call GEX 3,GEX,86433.837,8002.394850265246,8002.394850265246
2026-08-18 12:15:22,7900.0,7920.5,Call GEX 5,GEX,81998.583,8002.394850265246,8002.394850265246
2026-08-18 12:15:22,8000.0,8020.75,Put CEX 2,CEX,-2414058.731,8002.394850265246,8002.394850265246
2026-08-18 12:15:22,8000.0,8020.75,Put DEX 1,DEX,-1021.575,8002.394850265246,8002.394850265246
2026-08-18 12:15:22,8000.0,8020.75,Put VEX 1,VEX,-1223208.183,8002.394850265246,8002.394850265246
2026-08-18 12:15:22,8500.0,8522.0,Put DEX 3,DEX,-106.577,8002.394850265246,8002.394850265246
2026-08-18 12:16:14,7400.0,7419.25,Call VEX 3,VEX,619132.913,8001.937377588879,8001.937377588879
2026-08-18 12:16:14,7450.0,7469.5,Call DEX 4,DEX,93.957,8001.937377588879,8001.937377588879
2026-08-18 12:16:14,7500.0,7519.5,Call DEX 1,DEX,313.471,8001.937377588879,8001.937377588879
2026-08-18 12:16:14,7500.0,7519.5,Call VEX 2,VEX,884605.563,8001.937377588879,8001.937377588879
2026-08-18 12:16:14,7550.0,7569.75,Call DEX 3,DEX,145.133,8001.937377588879,8001.937377588879
2026-08-18 12:16:14,7550.0,7569.75,Call VEX 4,VEX,599531.621,8001.937377588879,8001.937377588879
2026-08-18 12:16:14,7600.0,7619.75,Call CEX 3,CEX,1991114.805,8001.937377588879,8001.937377588879
2026-08-18 12:16:14,7600.0,7619.75,Call DEX 2,DEX,192.778,8001.937377588879,8001.937377588879
2026-08-18 12:16:14,7600.0,7619.75,Call VEX 1,VEX,1050232.469,8001.937377588879,8001.937377588879
2026-08-18 12:16:14,7635.0,7655.0,Call CEX 2,CEX,2119972.157,8001.937377588879,8001.937377588879
2026-08-18 12:16:14,7650.0,7670.0,Call CEX 1,CEX,2385506.718,8001.937377588879,8001.937377588879
2026-08-18 12:16:14,7650.0,7670.0,Call DEX 5,DEX,68.608,8001.937377588879,8001.937377588879
2026-08-18 12:16:14,7650.0,7670.0,Call VEX 5,VEX,540537.53,8001.937377588879,8001.937377588879
2026-08-18 12:16:14,7685.0,7705.0,Call CEX 4,CEX,1653214.024,8001.937377588879,8001.937377588879
2026-08-18 12:16:14,7685.0,7705.0,Put GEX 4,GEX,-314854.757,8001.937377588879,8001.937377588879
2026-08-18 12:16:14,7690.0,7710.0,Call CEX 5,CEX,1644803.376,8001.937377588879,8001.937377588879
2026-08-18 12:16:14,7690.0,7710.0,Put GEX 3,GEX,-406733.185,8001.937377588879,8001.937377588879
2026-08-18 12:16:14,7695.0,7715.0,Put GEX 2,GEX,-573303.202,8001.937377588879,8001.937377588879
2026-08-18 12:16:14,7700.0,7720.0,Put CEX 1,CEX,-3789248.057,8001.937377588879,8001.937377588879
2026-08-18 12:16:14,7700.0,7720.0,Put GEX 1,GEX,-1051753.962,8001.937377588879,8001.937377588879
2026-08-18 12:16:14,7705.0,7725.0,Put CEX 5,CEX,-1028267.832,8001.937377588879,8001.937377588879
2026-08-18 12:16:14,7720.0,7740.25,Put GEX 5,GEX,-295557.529,8001.937377588879,8001.937377588879
2026-08-18 12:16:14,7725.0,7745.25,Put VEX 5,VEX,-202732.581,8001.937377588879,8001.937377588879
2026-08-18 12:16:14,7735.0,7755.25,Put DEX 5,DEX,-47.581,8001.937377588879,8001.937377588879
2026-08-18 12:16:14,7750.0,7770.25,Put CEX 3,CEX,-1819774.921,8001.937377588879,8001.937377588879
2026-08-18 12:16:14,7750.0,7770.25,Put DEX 4,DEX,-93.944,8001.937377588879,8001.937377588879
2026-08-18 12:16:14,7750.0,7770.25,Call GEX 4,GEX,83272.645,8001.937377588879,8001.937377588879
2026-08-18 12:16:14,7750.0,7770.25,Put VEX 3,VEX,-615653.766,8001.937377588879,8001.937377588879
2026-08-18 12:16:14,7775.0,7795.25,Call GEX 1,GEX,200741.425,8001.937377588879,8001.937377588879
2026-08-18 12:16:14,7775.0,7795.25,Put VEX 4,VEX,-312302.585,8001.937377588879,8001.937377588879
2026-08-18 12:16:14,7800.0,7820.25,Put CEX 4,CEX,-1486498.616,8001.937377588879,8001.937377588879
2026-08-18 12:16:14,7800.0,7820.25,Put DEX 2,DEX,-112.877,8001.937377588879,8001.937377588879
2026-08-18 12:16:14,7800.0,7820.25,Call GEX 2,GEX,169679.104,8001.937377588879,8001.937377588879
2026-08-18 12:16:14,7800.0,7820.25,Put VEX 2,VEX,-650053.355,8001.937377588879,8001.937377588879
2026-08-18 12:16:14,7825.0,7845.5,Call GEX 3,GEX,86761.46,8001.937377588879,8001.937377588879
2026-08-18 12:16:14,7850.0,7870.5,Call GEX 5,GEX,82307.807,8001.937377588879,8001.937377588879
2026-08-18 12:16:14,8000.0,8020.75,Put CEX 2,CEX,-2241559.809,8001.937377588879,8001.937377588879
2026-08-18 12:16:14,8000.0,8020.75,Put DEX 1,DEX,-1025.168,8001.937377588879,8001.937377588879
2026-08-18 12:16:14,8000.0,8020.75,Put VEX 1,VEX,-1137058.036,8001.937377588879,8001.937377588879
2026-08-18 12:16:14,8500.0,8522.25,Put DEX 3,DEX,-106.769,8001.937377588879,8001.937377588879
2026-08-18 12:17:11,7400.0,7419.75,Call DEX 4,DEX,94.782,7702.109031752051,7702.109031752051
2026-08-18 12:17:11,7400.0,7419.75,Call VEX 3,VEX,661435.118,7702.109031752051,7702.109031752051
2026-08-18 12:17:11,7450.0,7470.0,Call DEX 5,DEX,93.341,7702.109031752051,7702.109031752051
2026-08-18 12:17:11,7500.0,7520.0,Call DEX 1,DEX,313.475,7702.109031752051,7702.109031752051
2026-08-18 12:17:11,7500.0,7520.0,Call VEX 2,VEX,908309.005,7702.109031752051,7702.109031752051
2026-08-18 12:17:11,7550.0,7570.25,Call DEX 3,DEX,144.505,7702.109031752051,7702.109031752051
2026-08-18 12:17:11,7550.0,7570.25,Call VEX 4,VEX,607445.97,7702.109031752051,7702.109031752051
2026-08-18 12:17:11,7600.0,7620.25,Call CEX 3,CEX,2045624.777,7702.109031752051,7702.109031752051
2026-08-18 12:17:11,7600.0,7620.25,Call DEX 2,DEX,192.259,7702.109031752051,7702.109031752051
2026-08-18 12:17:11,7600.0,7620.25,Call VEX 1,VEX,1052995.723,7702.109031752051,7702.109031752051
2026-08-18 12:17:11,7635.0,7655.5,Call CEX 2,CEX,2134371.684,7702.109031752051,7702.109031752051
2026-08-18 12:17:11,7650.0,7670.5,Call CEX 1,CEX,2414359.474,7702.109031752051,7702.109031752051
2026-08-18 12:17:11,7650.0,7670.5,Call VEX 5,VEX,541518.488,7702.109031752051,7702.109031752051
2026-08-18 12:17:11,7685.0,7705.5,Call CEX 5,CEX,1610104.552,7702.109031752051,7702.109031752051
2026-08-18 12:17:11,7685.0,7705.5,Put GEX 4,GEX,-306462.536,7702.109031752051,7702.109031752051
2026-08-18 12:17:11,7690.0,7710.5,Call CEX 4,CEX,1704371.306,7702.109031752051,7702.109031752051
2026-08-18 12:17:11,7690.0,7710.5,Put GEX 3,GEX,-412694.313,7702.109031752051,7702.109031752051
2026-08-18 12:17:11,7695.0,7715.5,Put GEX 2,GEX,-628259.61,7702.109031752051,7702.109031752051
2026-08-18 12:17:11,7700.0,7720.5,Put CEX 1,CEX,-4239528.25,7702.109031752051,7702.109031752051
2026-08-18 12:17:11,7700.0,7720.5,Put GEX 1,GEX,-1344054.601,7702.109031752051,7702.109031752051
2026-08-18 12:17:11,7720.0,7740.75,Put GEX 5,GEX,-302466.697,7702.109031752051,7702.109031752051
2026-08-18 12:17:11,7725.0,7745.75,Put CEX 5,CEX,-907265.27,7702.109031752051,7702.109031752051
2026-08-18 12:17:11,7725.0,7745.75,Put VEX 5,VEX,-201701.47,7702.109031752051,7702.109031752051
2026-08-18 12:17:11,7735.0,7755.75,Put DEX 5,DEX,-47.752,7702.109031752051,7702.109031752051
2026-08-18 12:17:11,7750.0,7770.75,Put CEX 2,CEX,-1808003.677,7702.109031752051,7702.109031752051
2026-08-18 12:17:11,7750.0,7770.75,Put DEX 4,DEX,-94.352,7702.109031752051,7702.109031752051
2026-08-18 12:17:11,7750.0,7770.75,Call GEX 4,GEX,83484.434,7702.109031752051,7702.109031752051
2026-08-18 12:17:11,7750.0,7770.75,Put VEX 3,VEX,-612849.899,7702.109031752051,7702.109031752051
2026-08-18 12:17:11,7775.0,7795.75,Call GEX 1,GEX,203992.853,7702.109031752051,7702.109031752051
2026-08-18 12:17:11,7775.0,7795.75,Put VEX 4,VEX,-311584.837,7702.109031752051,7702.109031752051
2026-08-18 12:17:11,7800.0,7820.75,Put CEX 4,CEX,-1441234.089,7702.109031752051,7702.109031752051
2026-08-18 12:17:11,7800.0,7820.75,Put DEX 2,DEX,-109.393,7702.109031752051,7702.109031752051
2026-08-18 12:17:11,7800.0,7820.75,Call GEX 2,GEX,186594.495,7702.109031752051,7702.109031752051
2026-08-18 12:17:11,7800.0,7820.75,Put VEX 2,VEX,-634080.559,7702.109031752051,7702.109031752051
2026-08-18 12:17:11,7825.0,7846.0,Call GEX 3,GEX,87238.791,7702.109031752051,7702.109031752051
2026-08-18 12:17:11,7850.0,7871.0,Call GEX 5,GEX,82780.878,7702.109031752051,7702.109031752051
2026-08-18 12:17:11,8000.0,8021.5,Put CEX 3,CEX,-1611775.515,7702.109031752051,7702.109031752051
2026-08-18 12:17:11,8000.0,8021.5,Put DEX 1,DEX,-1022.347,7702.109031752051,7702.109031752051
2026-08-18 12:17:11,8000.0,8021.5,Put VEX 1,VEX,-831436.977,7702.109031752051,7702.109031752051
2026-08-18 12:17:11,8500.0,8522.75,Put DEX 3,DEX,-107.267,7702.109031752051,7702.109031752051
2026-08-18 12:18:02,7400.0,7419.5,Call VEX 3,VEX,608307.837,8002.25741312264,8002.25741312264
2026-08-18 12:18:02,7450.0,7469.5,Call DEX 4,DEX,93.51,8002.25741312264,8002.25741312264
2026-08-18 12:18:02,7500.0,7519.75,Call DEX 1,DEX,311.519,8002.25741312264,8002.25741312264
2026-08-18 12:18:02,7500.0,7519.75,Call VEX 2,VEX,867694.46,8002.25741312264,8002.25741312264
2026-08-18 12:18:02,7550.0,7570.0,Call DEX 3,DEX,144.913,8002.25741312264,8002.25741312264
2026-08-18 12:18:02,7550.0,7570.0,Call VEX 4,VEX,591445.848,8002.25741312264,8002.25741312264
2026-08-18 12:18:02,7600.0,7620.0,Call CEX 3,CEX,1972105.377,8002.25741312264,8002.25741312264
2026-08-18 12:18:02,7600.0,7620.0,Call DEX 2,DEX,194.84,8002.25741312264,8002.25741312264
2026-08-18 12:18:02,7600.0,7620.0,Call VEX 1,VEX,1047312.578,8002.25741312264,8002.25741312264
2026-08-18 12:18:02,7635.0,7655.0,Call CEX 2,CEX,2129117.173,8002.25741312264,8002.25741312264
2026-08-18 12:18:02,7650.0,7670.25,Call CEX 1,CEX,2397517.079,8002.25741312264,8002.25741312264
2026-08-18 12:18:02,7650.0,7670.25,Call DEX 5,DEX,70.266,8002.25741312264,8002.25741312264
2026-08-18 12:18:02,7650.0,7670.25,Call VEX 5,VEX,548193.217,8002.25741312264,8002.25741312264
2026-08-18 12:18:02,7685.0,7705.25,Call CEX 5,CEX,1609771.109,8002.25741312264,8002.25741312264
2026-08-18 12:18:02,7685.0,7705.25,Put GEX 5,GEX,-290694.192,8002.25741312264,8002.25741312264
2026-08-18 12:18:02,7690.0,7710.25,Call CEX 4,CEX,1767490.47,8002.25741312264,8002.25741312264
2026-08-18 12:18:02,7690.0,7710.25,Put GEX 3,GEX,-377246.67,8002.25741312264,8002.25741312264
2026-08-18 12:18:02,7695.0,7715.25,Put GEX 2,GEX,-553472.871,8002.25741312264,8002.25741312264
2026-08-18 12:18:02,7700.0,7720.25,Put CEX 1,CEX,-2959606.84,8002.25741312264,8002.25741312264
2026-08-18 12:18:02,7700.0,7720.25,Put GEX 1,GEX,-1128687.078,8002.25741312264,8002.25741312264
2026-08-18 12:18:02,7705.0,7725.25,Put CEX 5,CEX,-1398007.23,8002.25741312264,8002.25741312264
2026-08-18 12:18:02,7720.0,7740.25,Put GEX 4,GEX,-300743.012,8002.25741312264,8002.25741312264
2026-08-18 12:18:02,7725.0,7745.25,Put VEX 5,VEX,-196970.472,8002.25741312264,8002.25741312264
2026-08-18 12:18:02,7735.0,7755.25,Put DEX 5,DEX,-47.113,8002.25741312264,8002.25741312264
2026-08-18 12:18:02,7750.0,7770.5,Put CEX 3,CEX,-1826654.799,8002.25741312264,8002.25741312264
2026-08-18 12:18:02,7750.0,7770.5,Put DEX 4,DEX,-92.715,8002.25741312264,8002.25741312264
2026-08-18 12:18:02,7750.0,7770.5,Call GEX 4,GEX,84017.066,8002.25741312264,8002.25741312264
2026-08-18 12:18:02,7750.0,7770.5,Put VEX 3,VEX,-611869.307,8002.25741312264,8002.25741312264
2026-08-18 12:18:02,7775.0,7795.5,Call GEX 1,GEX,204953.341,8002.25741312264,8002.25741312264
2026-08-18 12:18:02,7775.0,7795.5,Put VEX 4,VEX,-313046.93,8002.25741312264,8002.25741312264
2026-08-18 12:18:02,7800.0,7820.5,Put CEX 4,CEX,-1500313.516,8002.25741312264,8002.25741312264
2026-08-18 12:18:02,7800.0,7820.5,Put DEX 2,DEX,-112.387,8002.25741312264,8002.25741312264
2026-08-18 12:18:02,7800.0,7820.5,Call GEX 2,GEX,171703.317,8002.25741312264,8002.25741312264
2026-08-18 12:18:02,7800.0,7820.5,Put VEX 2,VEX,-651734.2,8002.25741312264,8002.25741312264
2026-08-18 12:18:02,7825.0,7845.5,Call GEX 3,GEX,87697.206,8002.25741312264,8002.25741312264
2026-08-18 12:18:02,7900.0,7920.75,Call GEX 5,GEX,83010.862,8002.25741312264,8002.25741312264
2026-08-18 12:18:02,8000.0,8021.0,Put CEX 2,CEX,-2358428.977,8002.25741312264,8002.25741312264
2026-08-18 12:18:02,8000.0,8021.0,Put DEX 1,DEX,-1023.024,8002.25741312264,8002.25741312264
2026-08-18 12:18:02,8000.0,8021.0,Put VEX 1,VEX,-1193705.54,8002.25741312264,8002.25741312264
2026-08-18 12:18:02,8500.0,8522.5,Put DEX 3,DEX,-106.744,8002.25741312264,8002.25741312264
2026-08-18 12:18:52,7400.0,7419.75,Call VEX 3,VEX,615657.281,8001.81631754481,8001.81631754481
2026-08-18 12:18:52,7450.0,7469.75,Call DEX 4,DEX,93.605,8001.81631754481,8001.81631754481
2026-08-18 12:18:52,7500.0,7520.0,Call DEX 1,DEX,311.76,8001.81631754481,8001.81631754481
2026-08-18 12:18:52,7500.0,7520.0,Call VEX 2,VEX,862334.336,8001.81631754481,8001.81631754481
2026-08-18 12:18:52,7550.0,7570.0,Call DEX 3,DEX,145.004,8001.81631754481,8001.81631754481
2026-08-18 12:18:52,7550.0,7570.0,Call VEX 4,VEX,590457.165,8001.81631754481,8001.81631754481
2026-08-18 12:18:52,7600.0,7620.25,Call CEX 3,CEX,1998508.276,8001.81631754481,8001.81631754481
2026-08-18 12:18:52,7600.0,7620.25,Call DEX 2,DEX,194.957,8001.81631754481,8001.81631754481
2026-08-18 12:18:52,7600.0,7620.25,Call VEX 1,VEX,1047520.284,8001.81631754481,8001.81631754481
2026-08-18 12:18:52,7635.0,7655.25,Call CEX 2,CEX,2144786.775,8001.81631754481,8001.81631754481
2026-08-18 12:18:52,7650.0,7670.25,Call CEX 1,CEX,2421001.967,8001.81631754481,8001.81631754481
2026-08-18 12:18:52,7650.0,7670.25,Call DEX 5,DEX,70.231,8001.81631754481,8001.81631754481
2026-08-18 12:18:52,7650.0,7670.25,Call VEX 5,VEX,548140.155,8001.81631754481,8001.81631754481
2026-08-18 12:18:52,7685.0,7705.5,Call CEX 5,CEX,1581885.031,8001.81631754481,8001.81631754481
2026-08-18 12:18:52,7685.0,7705.5,Put GEX 5,GEX,-286486.839,8001.81631754481,8001.81631754481
2026-08-18 12:18:52,7690.0,7710.5,Call CEX 4,CEX,1782372.158,8001.81631754481,8001.81631754481
2026-08-18 12:18:52,7690.0,7710.5,Put GEX 3,GEX,-378296.504,8001.81631754481,8001.81631754481
2026-08-18 12:18:52,7695.0,7715.5,Put GEX 2,GEX,-574466.192,8001.81631754481,8001.81631754481
2026-08-18 12:18:52,7700.0,7720.5,Put CEX 1,CEX,-3078028.812,8001.81631754481,8001.81631754481
2026-08-18 12:18:52,7700.0,7720.5,Put GEX 1,GEX,-1221996.828,8001.81631754481,8001.81631754481
2026-08-18 12:18:52,7720.0,7740.5,Put GEX 4,GEX,-300416.062,8001.81631754481,8001.81631754481
2026-08-18 12:18:52,7725.0,7745.5,Put CEX 5,CEX,-900811.385,8001.81631754481,8001.81631754481
2026-08-18 12:18:52,7725.0,7745.5,Put VEX 5,VEX,-196535.323,8001.81631754481,8001.81631754481
2026-08-18 12:18:52,7735.0,7755.5,Put DEX 5,DEX,-47.09,8001.81631754481,8001.81631754481
2026-08-18 12:18:52,7750.0,7770.5,Put CEX 3,CEX,-1822376.547,8001.81631754481,8001.81631754481
2026-08-18 12:18:52,7750.0,7770.5,Put DEX 4,DEX,-92.734,8001.81631754481,8001.81631754481
2026-08-18 12:18:52,7750.0,7770.5,Call GEX 4,GEX,85223.361,8001.81631754481,8001.81631754481
2026-08-18 12:18:52,7750.0,7770.5,Put VEX 3,VEX,-610391.018,8001.81631754481,8001.81631754481
2026-08-18 12:18:52,7775.0,7795.75,Call GEX 1,GEX,205040.129,8001.81631754481,8001.81631754481
2026-08-18 12:18:52,7775.0,7795.75,Put VEX 4,VEX,-313054.688,8001.81631754481,8001.81631754481
2026-08-18 12:18:52,7800.0,7820.75,Put CEX 4,CEX,-1504239.62,8001.81631754481,8001.81631754481
2026-08-18 12:18:52,7800.0,7820.75,Put DEX 2,DEX,-112.101,8001.81631754481,8001.81631754481
2026-08-18 12:18:52,7800.0,7820.75,Call GEX 2,GEX,170027.269,8001.81631754481,8001.81631754481
2026-08-18 12:18:52,7800.0,7820.75,Put VEX 2,VEX,-653290.082,8001.81631754481,8001.81631754481
2026-08-18 12:18:52,7825.0,7845.75,Call GEX 3,GEX,87727.153,8001.81631754481,8001.81631754481
2026-08-18 12:18:52,7900.0,7921.0,Call GEX 5,GEX,83113.975,8001.81631754481,8001.81631754481
2026-08-18 12:18:52,8000.0,8021.25,Put CEX 2,CEX,-2206108.175,8001.81631754481,8001.81631754481
2026-08-18 12:18:52,8000.0,8021.25,Put DEX 1,DEX,-1025.984,8001.81631754481,8001.81631754481
2026-08-18 12:18:52,8000.0,8021.25,Put VEX 1,VEX,-1119681.857,8001.81631754481,8001.81631754481
2026-08-18 12:18:52,8500.0,8522.5,Put DEX 3,DEX,-106.785,8001.81631754481,8001.81631754481
2026-08-18 12:19:40,7400.0,7419.75,Call VEX 3,VEX,615381.052,8001.982519932591,8001.982519932591
2026-08-18 12:19:40,7450.0,7469.75,Call DEX 4,DEX,93.779,8001.982519932591,8001.982519932591
2026-08-18 12:19:40,7500.0,7520.0,Call DEX 1,DEX,312.797,8001.982519932591,8001.982519932591
2026-08-18 12:19:40,7500.0,7520.0,Call VEX 2,VEX,841414.518,8001.982519932591,8001.982519932591
2026-08-18 12:19:40,7550.0,7570.0,Call DEX 3,DEX,145.512,8001.982519932591,8001.982519932591
2026-08-18 12:19:40,7550.0,7570.0,Call VEX 4,VEX,586080.2,8001.982519932591,8001.982519932591
2026-08-18 12:19:40,7600.0,7620.25,Call CEX 3,CEX,1986844.111,8001.982519932591,8001.982519932591
2026-08-18 12:19:40,7600.0,7620.25,Call DEX 2,DEX,195.918,8001.982519932591,8001.982519932591
2026-08-18 12:19:40,7600.0,7620.25,Call VEX 1,VEX,1046077.431,8001.982519932591,8001.982519932591
2026-08-18 12:19:40,7635.0,7655.25,Call CEX 2,CEX,2144212.613,8001.982519932591,8001.982519932591
2026-08-18 12:19:40,7650.0,7670.25,Call CEX 1,CEX,2429343.14,8001.982519932591,8001.982519932591
2026-08-18 12:19:40,7650.0,7670.25,Call DEX 5,DEX,71.235,8001.982519932591,8001.982519932591
2026-08-18 12:19:40,7650.0,7670.25,Call VEX 5,VEX,552763.304,8001.982519932591,8001.982519932591
2026-08-18 12:19:40,7685.0,7705.5,Call CEX 5,CEX,1529415.011,8001.982519932591,8001.982519932591
2026-08-18 12:19:40,7685.0,7705.5,Put GEX 5,GEX,-270409.082,8001.982519932591,8001.982519932591
2026-08-18 12:19:40,7690.0,7710.5,Call CEX 4,CEX,1818005.765,8001.982519932591,8001.982519932591
2026-08-18 12:19:40,7690.0,7710.5,Put GEX 3,GEX,-355708.144,8001.982519932591,8001.982519932591
2026-08-18 12:19:40,7695.0,7715.5,Put GEX 2,GEX,-540669.667,8001.982519932591,8001.982519932591
2026-08-18 12:19:40,7700.0,7720.5,Put CEX 2,CEX,-2231959.058,8001.982519932591,8001.982519932591
2026-08-18 12:19:40,7700.0,7720.5,Put GEX 1,GEX,-1191141.525,8001.982519932591,8001.982519932591
2026-08-18 12:19:40,7705.0,7725.5,Put CEX 5,CEX,-1410878.978,8001.982519932591,8001.982519932591
2026-08-18 12:19:40,7720.0,7740.5,Put GEX 4,GEX,-304914.881,8001.982519932591,8001.982519932591
2026-08-18 12:19:40,7725.0,7745.5,Put VEX 5,VEX,-191887.576,8001.982519932591,8001.982519932591
2026-08-18 12:19:40,7735.0,7755.5,Put DEX 5,DEX,-46.702,8001.982519932591,8001.982519932591
2026-08-18 12:19:40,7750.0,7770.75,Put CEX 3,CEX,-1829513.837,8001.982519932591,8001.982519932591
2026-08-18 12:19:40,7750.0,7770.75,Put DEX 4,DEX,-91.391,8001.982519932591,8001.982519932591
2026-08-18 12:19:40,7750.0,7770.75,Put VEX 3,VEX,-607596.641,8001.982519932591,8001.982519932591
2026-08-18 12:19:40,7775.0,7795.75,Call GEX 1,GEX,207809.424,8001.982519932591,8001.982519932591
2026-08-18 12:19:40,7775.0,7795.75,Put VEX 4,VEX,-313776.59,8001.982519932591,8001.982519932591
2026-08-18 12:19:40,7800.0,7820.75,Put CEX 4,CEX,-1523065.247,8001.982519932591,8001.982519932591
2026-08-18 12:19:40,7800.0,7820.75,Put DEX 2,DEX,-111.331,8001.982519932591,8001.982519932591
2026-08-18 12:19:40,7800.0,7820.75,Call GEX 2,GEX,172569.79,8001.982519932591,8001.982519932591
2026-08-18 12:19:40,7800.0,7820.75,Put VEX 2,VEX,-658889.621,8001.982519932591,8001.982519932591
2026-08-18 12:19:40,7825.0,7845.75,Call GEX 3,GEX,89370.476,8001.982519932591,8001.982519932591
2026-08-18 12:19:40,7850.0,7871.0,Call GEX 4,GEX,84315.442,8001.982519932591,8001.982519932591
2026-08-18 12:19:40,7900.0,7921.0,Call GEX 5,GEX,83693.933,8001.982519932591,8001.982519932591
2026-08-18 12:19:40,8000.0,8021.25,Put CEX 1,CEX,-2269094.999,8001.982519932591,8001.982519932591
2026-08-18 12:19:40,8000.0,8021.25,Put DEX 1,DEX,-1025.007,8001.982519932591,8001.982519932591
2026-08-18 12:19:40,8000.0,8021.25,Put VEX 1,VEX,-1148533.717,8001.982519932591,8001.982519932591
2026-08-18 12:19:40,8500.0,8522.75,Put DEX 3,DEX,-106.779,8001.982519932591,8001.982519932591
2026-08-18 12:20:27,7400.0,7419.25,Call VEX 3,VEX,597143.119,8002.967447683569,8002.967447683569
2026-08-18 12:20:27,7500.0,7519.5,Call DEX 1,DEX,315.277,8002.967447683569,8002.967447683569
2026-08-18 12:20:27,7500.0,7519.5,Call VEX 2,VEX,774572.145,8002.967447683569,8002.967447683569
2026-08-18 12:20:27,7550.0,7569.5,Call DEX 3,DEX,145.863,8002.967447683569,8002.967447683569
2026-08-18 12:20:27,7550.0,7569.5,Call VEX 4,VEX,560874.077,8002.967447683569,8002.967447683569
2026-08-18 12:20:27,7600.0,7619.75,Call CEX 4,CEX,1843473.93,8002.967447683569,8002.967447683569
2026-08-18 12:20:27,7600.0,7619.75,Call DEX 2,DEX,197.998,8002.967447683569,8002.967447683569
2026-08-18 12:20:27,7600.0,7619.75,Call VEX 1,VEX,1037867.668,8002.967447683569,8002.967447683569
2026-08-18 12:20:27,7625.0,7644.75,Call DEX 5,DEX,60.576,8002.967447683569,8002.967447683569
2026-08-18 12:20:27,7635.0,7654.75,Call CEX 2,CEX,2141192.303,8002.967447683569,8002.967447683569
2026-08-18 12:20:27,7650.0,7669.75,Call CEX 1,CEX,2373232.032,8002.967447683569,8002.967447683569
2026-08-18 12:20:27,7650.0,7669.75,Call DEX 4,DEX,72.039,8002.967447683569,8002.967447683569
2026-08-18 12:20:27,7650.0,7669.75,Call VEX 5,VEX,555251.792,8002.967447683569,8002.967447683569
2026-08-18 12:20:27,7685.0,7704.75,Call CEX 5,CEX,1554361.181,8002.967447683569,8002.967447683569
2026-08-18 12:20:27,7690.0,7710.0,Call CEX 3,CEX,1846914.949,8002.967447683569,8002.967447683569
2026-08-18 12:20:27,7690.0,7710.0,Put GEX 3,GEX,-342289.473,8002.967447683569,8002.967447683569
2026-08-18 12:20:27,7695.0,7715.0,Put GEX 2,GEX,-505670.071,8002.967447683569,8002.967447683569
2026-08-18 12:20:27,7700.0,7720.0,Put CEX 4,CEX,-1725011.17,8002.967447683569,8002.967447683569
2026-08-18 12:20:27,7700.0,7720.0,Put GEX 1,GEX,-1034377.904,8002.967447683569,8002.967447683569
2026-08-18 12:20:27,7710.0,7730.0,Put CEX 2,CEX,-2439168.526,8002.967447683569,8002.967447683569
2026-08-18 12:20:27,7710.0,7730.0,Put GEX 5,GEX,-301224.794,8002.967447683569,8002.967447683569
2026-08-18 12:20:27,7720.0,7740.0,Put GEX 4,GEX,-340444.163,8002.967447683569,8002.967447683569
2026-08-18 12:20:27,7725.0,7745.0,Put DEX 5,DEX,-59.832,8002.967447683569,8002.967447683569
2026-08-18 12:20:27,7725.0,7745.0,Put VEX 5,VEX,-192114.36,8002.967447683569,8002.967447683569
2026-08-18 12:20:27,7750.0,7770.0,Put CEX 3,CEX,-1840599.293,8002.967447683569,8002.967447683569
2026-08-18 12:20:27,7750.0,7770.0,Put DEX 4,DEX,-90.157,8002.967447683569,8002.967447683569
2026-08-18 12:20:27,7750.0,7770.0,Call GEX 4,GEX,86914.594,8002.967447683569,8002.967447683569
2026-08-18 12:20:27,7750.0,7770.0,Put VEX 3,VEX,-606811.418,8002.967447683569,8002.967447683569
2026-08-18 12:20:27,7775.0,7795.0,Call GEX 1,GEX,207585.921,8002.967447683569,8002.967447683569
2026-08-18 12:20:27,7775.0,7795.0,Put VEX 4,VEX,-314430.585,8002.967447683569,8002.967447683569
2026-08-18 12:20:27,7800.0,7820.25,Put CEX 5,CEX,-1567045.652,8002.967447683569,8002.967447683569
2026-08-18 12:20:27,7800.0,7820.25,Put DEX 2,DEX,-109.705,8002.967447683569,8002.967447683569
2026-08-18 12:20:27,7800.0,7820.25,Call GEX 2,GEX,160475.333,8002.967447683569,8002.967447683569
2026-08-18 12:20:27,7800.0,7820.25,Put VEX 2,VEX,-672515.854,8002.967447683569,8002.967447683569
2026-08-18 12:20:27,7825.0,7845.25,Call GEX 3,GEX,89552.725,8002.967447683569,8002.967447683569
2026-08-18 12:20:27,7850.0,7870.25,Call GEX 5,GEX,83973.8,8002.967447683569,8002.967447683569
2026-08-18 12:20:27,8000.0,8020.75,Put CEX 1,CEX,-2769963.924,8002.967447683569,8002.967447683569
2026-08-18 12:20:27,8000.0,8020.75,Put DEX 1,DEX,-1014.519,8002.967447683569,8002.967447683569
2026-08-18 12:20:27,8000.0,8020.75,Put VEX 1,VEX,-1378676.822,8002.967447683569,8002.967447683569
2026-08-18 12:20:27,8500.0,8522.0,Put DEX 3,DEX,-106.294,8002.967447683569,8002.967447683569
2026-08-18 12:21:16,7400.0,7419.75,Call VEX 3,VEX,614432.325,8001.689427741154,8001.689427741154
2026-08-18 12:21:16,7450.0,7470.0,Call DEX 4,DEX,93.771,8001.689427741154,8001.689427741154
2026-08-18 12:21:16,7500.0,7520.0,Call DEX 1,DEX,312.665,8001.689427741154,8001.689427741154
2026-08-18 12:21:16,7500.0,7520.0,Call VEX 2,VEX,843527.875,8001.689427741154,8001.689427741154
2026-08-18 12:21:16,7550.0,7570.25,Call DEX 3,DEX,145.453,8001.689427741154,8001.689427741154
2026-08-18 12:21:16,7550.0,7570.25,Call VEX 4,VEX,586335.723,8001.689427741154,8001.689427741154
2026-08-18 12:21:16,7600.0,7620.25,Call CEX 2,CEX,1987041.366,8001.689427741154,8001.689427741154
2026-08-18 12:21:16,7600.0,7620.25,Call DEX 2,DEX,196.044,8001.689427741154,8001.689427741154
2026-08-18 12:21:16,7600.0,7620.25,Call VEX 1,VEX,1045421.53,8001.689427741154,8001.689427741154
2026-08-18 12:21:16,7635.0,7655.5,Call CEX 1,CEX,2173428.233,8001.689427741154,8001.689427741154
2026-08-18 12:21:16,7650.0,7670.5,Call CEX 4,CEX,1710713.647,8001.689427741154,8001.689427741154
2026-08-18 12:21:16,7650.0,7670.5,Call DEX 5,DEX,71.418,8001.689427741154,8001.689427741154
2026-08-18 12:21:16,7650.0,7670.5,Call VEX 5,VEX,542482.024,8001.689427741154,8001.689427741154
2026-08-18 12:21:16,7685.0,7705.5,Call CEX 5,CEX,1551960.296,8001.689427741154,8001.689427741154
2026-08-18 12:21:16,7685.0,7705.5,Put GEX 5,GEX,-271259.683,8001.689427741154,8001.689427741154
2026-08-18 12:21:16,7690.0,7710.5,Call CEX 3,CEX,1842874.946,8001.689427741154,8001.689427741154
2026-08-18 12:21:16,7690.0,7710.5,Put GEX 3,GEX,-356939.666,8001.689427741154,8001.689427741154
2026-08-18 12:21:16,7695.0,7715.5,Put GEX 2,GEX,-558791.817,8001.689427741154,8001.689427741154
2026-08-18 12:21:16,7700.0,7720.5,Put CEX 1,CEX,-2417053.746,8001.689427741154,8001.689427741154
2026-08-18 12:21:16,7700.0,7720.5,Put GEX 1,GEX,-1253524.275,8001.689427741154,8001.689427741154
2026-08-18 12:21:16,7705.0,7725.5,Put CEX 5,CEX,-1306705.2,8001.689427741154,8001.689427741154
2026-08-18 12:21:16,7720.0,7740.5,Put GEX 4,GEX,-305370.955,8001.689427741154,8001.689427741154
2026-08-18 12:21:16,7725.0,7745.5,Put VEX 5,VEX,-192198.214,8001.689427741154,8001.689427741154
2026-08-18 12:21:16,7735.0,7755.75,Put DEX 5,DEX,-46.861,8001.689427741154,8001.689427741154
2026-08-18 12:21:16,7750.0,7770.75,Put CEX 3,CEX,-1831883.178,8001.689427741154,8001.689427741154
2026-08-18 12:21:16,7750.0,7770.75,Put DEX 4,DEX,-91.643,8001.689427741154,8001.689427741154
2026-08-18 12:21:16,7750.0,7770.75,Call GEX 5,GEX,83982.16,8001.689427741154,8001.689427741154
2026-08-18 12:21:16,7750.0,7770.75,Put VEX 3,VEX,-607706.818,8001.689427741154,8001.689427741154
2026-08-18 12:21:16,7775.0,7795.75,Call GEX 1,GEX,207750.471,8001.689427741154,8001.689427741154
2026-08-18 12:21:16,7775.0,7795.75,Put VEX 4,VEX,-313625.489,8001.689427741154,8001.689427741154
2026-08-18 12:21:16,7800.0,7820.75,Put CEX 4,CEX,-1523815.605,8001.689427741154,8001.689427741154
2026-08-18 12:21:16,7800.0,7820.75,Put DEX 2,DEX,-111.507,8001.689427741154,8001.689427741154
2026-08-18 12:21:16,7800.0,7820.75,Call GEX 2,GEX,173836.832,8001.689427741154,8001.689427741154
2026-08-18 12:21:16,7800.0,7820.75,Put VEX 2,VEX,-657504.952,8001.689427741154,8001.689427741154
2026-08-18 12:21:16,7825.0,7846.0,Call GEX 3,GEX,89032.028,8001.689427741154,8001.689427741154
2026-08-18 12:21:16,7850.0,7871.0,Call GEX 4,GEX,84343.966,8001.689427741154,8001.689427741154
2026-08-18 12:21:16,8000.0,8021.25,Put CEX 2,CEX,-2188123.506,8001.689427741154,8001.689427741154
2026-08-18 12:21:16,8000.0,8021.25,Put DEX 1,DEX,-1026.538,8001.689427741154,8001.689427741154
2026-08-18 12:21:16,8000.0,8021.25,Put VEX 1,VEX,-1108304.318,8001.689427741154,8001.689427741154
2026-08-18 12:21:16,8500.0,8522.75,Put DEX 3,DEX,-106.82,8001.689427741154,8001.689427741154
2026-08-18 12:22:10,7400.0,7419.75,Call DEX 5,DEX,89.117,8001.027176702703,8001.027176702703
2026-08-18 12:22:10,7400.0,7419.75,Call VEX 3,VEX,631439.418,8001.027176702703,8001.027176702703
2026-08-18 12:22:10,7450.0,7469.75,Call DEX 4,DEX,93.738,8001.027176702703,8001.027176702703
2026-08-18 12:22:10,7500.0,7520.0,Call DEX 1,DEX,313.515,8001.027176702703,8001.027176702703
2026-08-18 12:22:10,7500.0,7520.0,Call VEX 2,VEX,844183.596,8001.027176702703,8001.027176702703
2026-08-18 12:22:10,7550.0,7570.0,Call DEX 3,DEX,145.123,8001.027176702703,8001.027176702703
2026-08-18 12:22:10,7550.0,7570.0,Call VEX 4,VEX,590978.778,8001.027176702703,8001.027176702703
2026-08-18 12:22:10,7600.0,7620.25,Call CEX 2,CEX,2005497.73,8001.027176702703,8001.027176702703
2026-08-18 12:22:10,7600.0,7620.25,Call DEX 2,DEX,196.035,8001.027176702703,8001.027176702703
2026-08-18 12:22:10,7600.0,7620.25,Call VEX 1,VEX,1045914.033,8001.027176702703,8001.027176702703
2026-08-18 12:22:10,7635.0,7655.25,Call CEX 1,CEX,2189453.803,8001.027176702703,8001.027176702703
2026-08-18 12:22:10,7650.0,7670.5,Call CEX 4,CEX,1721581.328,8001.027176702703,8001.027176702703
2026-08-18 12:22:10,7650.0,7670.5,Call VEX 5,VEX,542689.117,8001.027176702703,8001.027176702703
2026-08-18 12:22:10,7685.0,7705.5,Call CEX 5,CEX,1500094.342,8001.027176702703,8001.027176702703
2026-08-18 12:22:10,7685.0,7705.5,Put GEX 5,GEX,-265013.593,8001.027176702703,8001.027176702703
2026-08-18 12:22:10,7690.0,7710.5,Call CEX 3,CEX,1853846.234,8001.027176702703,8001.027176702703
2026-08-18 12:22:10,7690.0,7710.5,Put GEX 3,GEX,-357201.921,8001.027176702703,8001.027176702703
2026-08-18 12:22:10,7695.0,7715.5,Put GEX 2,GEX,-565248.891,8001.027176702703,8001.027176702703
2026-08-18 12:22:10,7700.0,7720.5,Put CEX 1,CEX,-2461147.965,8001.027176702703,8001.027176702703
2026-08-18 12:22:10,7700.0,7720.5,Put GEX 1,GEX,-1308481.098,8001.027176702703,8001.027176702703
2026-08-18 12:22:10,7705.0,7725.5,Put CEX 5,CEX,-1128666.06,8001.027176702703,8001.027176702703
2026-08-18 12:22:10,7720.0,7740.5,Put GEX 4,GEX,-307107.369,8001.027176702703,8001.027176702703
2026-08-18 12:22:10,7725.0,7745.5,Put VEX 5,VEX,-192334.674,8001.027176702703,8001.027176702703
2026-08-18 12:22:10,7735.0,7755.5,Put DEX 5,DEX,-46.912,8001.027176702703,8001.027176702703
2026-08-18 12:22:10,7750.0,7770.75,Put CEX 3,CEX,-1834319.715,8001.027176702703,8001.027176702703
2026-08-18 12:22:10,7750.0,7770.75,Put DEX 4,DEX,-91.714,8001.027176702703,8001.027176702703
2026-08-18 12:22:10,7750.0,7770.75,Put VEX 3,VEX,-607820.358,8001.027176702703,8001.027176702703
2026-08-18 12:22:10,7775.0,7795.75,Call GEX 1,GEX,208112.472,8001.027176702703,8001.027176702703
2026-08-18 12:22:10,7775.0,7795.75,Put VEX 4,VEX,-313389.171,8001.027176702703,8001.027176702703
2026-08-18 12:22:10,7800.0,7820.75,Put CEX 4,CEX,-1516117.033,8001.027176702703,8001.027176702703
2026-08-18 12:22:10,7800.0,7820.75,Put DEX 2,DEX,-111.895,8001.027176702703,8001.027176702703
2026-08-18 12:22:10,7800.0,7820.75,Call GEX 2,GEX,178130.394,8001.027176702703,8001.027176702703
2026-08-18 12:22:10,7800.0,7820.75,Put VEX 2,VEX,-653427.514,8001.027176702703,8001.027176702703
2026-08-18 12:22:10,7825.0,7845.75,Call GEX 3,GEX,89565.373,8001.027176702703,8001.027176702703
2026-08-18 12:22:10,7850.0,7871.0,Call GEX 4,GEX,84557.212,8001.027176702703,8001.027176702703
2026-08-18 12:22:10,7900.0,7921.0,Call GEX 5,GEX,83775.003,8001.027176702703,8001.027176702703
2026-08-18 12:22:10,8000.0,8021.25,Put CEX 2,CEX,-2036163.865,8001.027176702703,8001.027176702703
2026-08-18 12:22:10,8000.0,8021.25,Put DEX 1,DEX,-1029.273,8001.027176702703,8001.027176702703
2026-08-18 12:22:10,8000.0,8021.25,Put VEX 1,VEX,-1033798.541,8001.027176702703,8001.027176702703
2026-08-18 12:22:10,8500.0,8522.75,Put DEX 3,DEX,-106.964,8001.027176702703,8001.027176702703
2026-08-18 12:23:08,7400.0,7419.5,Call VEX 3,VEX,618351.916,8002.425809060402,8002.425809060402
2026-08-18 12:23:08,7500.0,7519.75,Call DEX 1,DEX,313.132,8002.425809060402,8002.425809060402
2026-08-18 12:23:08,7500.0,7519.75,Call VEX 2,VEX,837805.508,8002.425809060402,8002.425809060402
2026-08-18 12:23:08,7550.0,7570.0,Call DEX 3,DEX,147.729,8002.425809060402,8002.425809060402
2026-08-18 12:23:08,7550.0,7570.0,Call VEX 4,VEX,556939.299,8002.425809060402,8002.425809060402
2026-08-18 12:23:08,7600.0,7620.25,Call CEX 2,CEX,1980224.127,8002.425809060402,8002.425809060402
2026-08-18 12:23:08,7600.0,7620.25,Call DEX 2,DEX,198.116,8002.425809060402,8002.425809060402
2026-08-18 12:23:08,7600.0,7620.25,Call VEX 1,VEX,1041069.217,8002.425809060402,8002.425809060402
2026-08-18 12:23:08,7625.0,7645.25,Call DEX 5,DEX,61.123,8002.425809060402,8002.425809060402
2026-08-18 12:23:08,7635.0,7655.25,Call CEX 1,CEX,2184278.916,8002.425809060402,8002.425809060402
2026-08-18 12:23:08,7650.0,7670.25,Call CEX 4,CEX,1723702.397,8002.425809060402,8002.425809060402
2026-08-18 12:23:08,7650.0,7670.25,Call DEX 4,DEX,72.974,8002.425809060402,8002.425809060402
2026-08-18 12:23:08,7650.0,7670.25,Call VEX 5,VEX,549434.034,8002.425809060402,8002.425809060402
2026-08-18 12:23:08,7690.0,7710.5,Call CEX 3,CEX,1860556.164,8002.425809060402,8002.425809060402
2026-08-18 12:23:08,7690.0,7710.5,Put GEX 3,GEX,-323362.053,8002.425809060402,8002.425809060402
2026-08-18 12:23:08,7695.0,7715.5,Call CEX 5,CEX,1466432.276,8002.425809060402,8002.425809060402
2026-08-18 12:23:08,7695.0,7715.5,Put GEX 2,GEX,-509311.448,8002.425809060402,8002.425809060402
2026-08-18 12:23:08,7700.0,7720.5,Put CEX 5,CEX,-1039141.114,8002.425809060402,8002.425809060402
2026-08-18 12:23:08,7700.0,7720.5,Put GEX 1,GEX,-1258286.131,8002.425809060402,8002.425809060402
2026-08-18 12:23:08,7705.0,7725.5,Put CEX 4,CEX,-1525454.102,8002.425809060402,8002.425809060402
2026-08-18 12:23:08,7705.0,7725.5,Put GEX 5,GEX,-293592.098,8002.425809060402,8002.425809060402
2026-08-18 12:23:08,7720.0,7740.5,Put GEX 4,GEX,-311072.965,8002.425809060402,8002.425809060402
2026-08-18 12:23:08,7725.0,7745.5,Put VEX 5,VEX,-185160.571,8002.425809060402,8002.425809060402
2026-08-18 12:23:08,7735.0,7755.5,Put DEX 5,DEX,-46.363,8002.425809060402,8002.425809060402
2026-08-18 12:23:08,7750.0,7770.5,Put CEX 2,CEX,-1831577.592,8002.425809060402,8002.425809060402
2026-08-18 12:23:08,7750.0,7770.5,Put DEX 4,DEX,-89.047,8002.425809060402,8002.425809060402
2026-08-18 12:23:08,7750.0,7770.5,Call GEX 3,GEX,90774.384,8002.425809060402,8002.425809060402
2026-08-18 12:23:08,7750.0,7770.5,Put VEX 3,VEX,-599110.801,8002.425809060402,8002.425809060402
2026-08-18 12:23:08,7775.0,7795.5,Call GEX 1,GEX,211440.011,8002.425809060402,8002.425809060402
2026-08-18 12:23:08,7775.0,7795.5,Put VEX 4,VEX,-314882.254,8002.425809060402,8002.425809060402
2026-08-18 12:23:08,7800.0,7820.75,Put CEX 3,CEX,-1555755.584,8002.425809060402,8002.425809060402
2026-08-18 12:23:08,7800.0,7820.75,Put DEX 2,DEX,-109.887,8002.425809060402,8002.425809060402
2026-08-18 12:23:08,7800.0,7820.75,Call GEX 2,GEX,171061.642,8002.425809060402,8002.425809060402
2026-08-18 12:23:08,7800.0,7820.75,Put VEX 2,VEX,-668351.337,8002.425809060402,8002.425809060402
2026-08-18 12:23:08,7825.0,7845.75,Call GEX 4,GEX,90231.885,8002.425809060402,8002.425809060402
2026-08-18 12:23:08,7850.0,7870.75,Call GEX 5,GEX,85717.788,8002.425809060402,8002.425809060402
2026-08-18 12:23:08,8000.0,8021.25,Put CEX 1,CEX,-2445930.1,8002.425809060402,8002.425809060402
2026-08-18 12:23:08,8000.0,8021.25,Put DEX 1,DEX,-1021.469,8002.425809060402,8002.425809060402
2026-08-18 12:23:08,8000.0,8021.25,Put VEX 1,VEX,-1236737.589,8002.425809060402,8002.425809060402
2026-08-18 12:23:08,8500.0,8522.5,Put DEX 3,DEX,-106.45,8002.425809060402,8002.425809060402
2026-08-18 12:23:59,7400.0,7419.5,Call VEX 3,VEX,608940.715,8001.747471174966,8001.747471174966
2026-08-18 12:23:59,7450.0,7469.75,Call DEX 4,DEX,94.558,8001.747471174966,8001.747471174966
2026-08-18 12:23:59,7500.0,7519.75,Call DEX 1,DEX,314.458,8001.747471174966,8001.747471174966
2026-08-18 12:23:59,7500.0,7519.75,Call VEX 2,VEX,842010.722,8001.747471174966,8001.747471174966
2026-08-18 12:23:59,7550.0,7570.0,Call DEX 3,DEX,146.053,8001.747471174966,8001.747471174966
2026-08-18 12:23:59,7550.0,7570.0,Call VEX 4,VEX,581393.637,8001.747471174966,8001.747471174966
2026-08-18 12:23:59,7600.0,7620.0,Call CEX 2,CEX,1981596.159,8001.747471174966,8001.747471174966
2026-08-18 12:23:59,7600.0,7620.0,Call DEX 2,DEX,197.739,8001.747471174966,8001.747471174966
2026-08-18 12:23:59,7600.0,7620.0,Call VEX 1,VEX,1043172.634,8001.747471174966,8001.747471174966
2026-08-18 12:23:59,7635.0,7655.25,Call CEX 1,CEX,2198194.155,8001.747471174966,8001.747471174966
2026-08-18 12:23:59,7650.0,7670.25,Call CEX 4,CEX,1725088.402,8001.747471174966,8001.747471174966
2026-08-18 12:23:59,7650.0,7670.25,Call DEX 5,DEX,73.162,8001.747471174966,8001.747471174966
2026-08-18 12:23:59,7650.0,7670.25,Call VEX 5,VEX,550262.863,8001.747471174966,8001.747471174966
2026-08-18 12:23:59,7690.0,7710.25,Call CEX 3,CEX,1861081.417,8001.747471174966,8001.747471174966
2026-08-18 12:23:59,7690.0,7710.25,Put GEX 3,GEX,-319997.602,8001.747471174966,8001.747471174966
2026-08-18 12:23:59,7695.0,7715.25,Call CEX 5,CEX,1502538.84,8001.747471174966,8001.747471174966
2026-08-18 12:23:59,7695.0,7715.25,Put GEX 2,GEX,-512580.965,8001.747471174966,8001.747471174966
2026-08-18 12:23:59,7700.0,7720.25,Put CEX 5,CEX,-1022111.888,8001.747471174966,8001.747471174966
2026-08-18 12:23:59,7700.0,7720.25,Put GEX 1,GEX,-1271926.742,8001.747471174966,8001.747471174966
2026-08-18 12:23:59,7705.0,7725.5,Put CEX 4,CEX,-1541695.486,8001.747471174966,8001.747471174966
2026-08-18 12:23:59,7705.0,7725.5,Put GEX 5,GEX,-295045.787,8001.747471174966,8001.747471174966
2026-08-18 12:23:59,7720.0,7740.5,Put GEX 4,GEX,-310675.751,8001.747471174966,8001.747471174966
2026-08-18 12:23:59,7725.0,7745.5,Put VEX 5,VEX,-185215.787,8001.747471174966,8001.747471174966
2026-08-18 12:23:59,7735.0,7755.5,Put DEX 5,DEX,-46.472,8001.747471174966,8001.747471174966
2026-08-18 12:23:59,7750.0,7770.5,Put CEX 2,CEX,-1841914.601,8001.747471174966,8001.747471174966
2026-08-18 12:23:59,7750.0,7770.5,Put DEX 4,DEX,-90.027,8001.747471174966,8001.747471174966
2026-08-18 12:23:59,7750.0,7770.5,Put VEX 3,VEX,-602708.073,8001.747471174966,8001.747471174966
2026-08-18 12:23:59,7775.0,7795.5,Call GEX 1,GEX,212814.081,8001.747471174966,8001.747471174966
2026-08-18 12:23:59,7775.0,7795.5,Put VEX 4,VEX,-314457.559,8001.747471174966,8001.747471174966
2026-08-18 12:23:59,7800.0,7820.75,Put CEX 3,CEX,-1548961.983,8001.747471174966,8001.747471174966
2026-08-18 12:23:59,7800.0,7820.75,Put DEX 2,DEX,-110.803,8001.747471174966,8001.747471174966
2026-08-18 12:23:59,7800.0,7820.75,Call GEX 2,GEX,177890.624,8001.747471174966,8001.747471174966
2026-08-18 12:23:59,7800.0,7820.75,Put VEX 2,VEX,-662519.113,8001.747471174966,8001.747471174966
2026-08-18 12:23:59,7825.0,7845.75,Call GEX 3,GEX,90845.636,8001.747471174966,8001.747471174966
2026-08-18 12:23:59,7850.0,7870.75,Call GEX 4,GEX,86197.177,8001.747471174966,8001.747471174966
2026-08-18 12:23:59,7900.0,7921.0,Call GEX 5,GEX,84589.34,8001.747471174966,8001.747471174966
2026-08-18 12:23:59,8000.0,8021.25,Put CEX 1,CEX,-2223643.396,8001.747471174966,8001.747471174966
2026-08-18 12:23:59,8000.0,8021.25,Put DEX 1,DEX,-1026.171,8001.747471174966,8001.747471174966
2026-08-18 12:23:59,8000.0,8021.25,Put VEX 1,VEX,-1122582.107,8001.747471174966,8001.747471174966
2026-08-18 12:23:59,8500.0,8522.5,Put DEX 3,DEX,-106.896,8001.747471174966,8001.747471174966
2026-08-18 12:24:50,7400.0,7419.5,Call VEX 3,VEX,611183.766,8002.179880735045,8002.179880735045
2026-08-18 12:24:50,7450.0,7469.75,Call DEX 4,DEX,94.166,8002.179880735045,8002.179880735045
2026-08-18 12:24:50,7500.0,7519.75,Call DEX 1,DEX,315.93,8002.179880735045,8002.179880735045
2026-08-18 12:24:50,7500.0,7519.75,Call VEX 2,VEX,807884.684,8002.179880735045,8002.179880735045
2026-08-18 12:24:50,7550.0,7570.0,Call DEX 3,DEX,146.775,8002.179880735045,8002.179880735045
2026-08-18 12:24:50,7550.0,7570.0,Call VEX 4,VEX,573239.233,8002.179880735045,8002.179880735045
2026-08-18 12:24:50,7600.0,7620.0,Call CEX 2,CEX,1950145.154,8002.179880735045,8002.179880735045
2026-08-18 12:24:50,7600.0,7620.0,Call DEX 2,DEX,198.815,8002.179880735045,8002.179880735045
2026-08-18 12:24:50,7600.0,7620.0,Call VEX 1,VEX,1039792.151,8002.179880735045,8002.179880735045
2026-08-18 12:24:50,7635.0,7655.0,Call CEX 1,CEX,2200582.98,8002.179880735045,8002.179880735045
2026-08-18 12:24:50,7650.0,7670.25,Call CEX 4,CEX,1719798.196,8002.179880735045,8002.179880735045
2026-08-18 12:24:50,7650.0,7670.25,Call DEX 5,DEX,74.002,8002.179880735045,8002.179880735045
2026-08-18 12:24:50,7650.0,7670.25,Call VEX 5,VEX,553702.851,8002.179880735045,8002.179880735045
2026-08-18 12:24:50,7690.0,7710.25,Call CEX 3,CEX,1847575.654,8002.179880735045,8002.179880735045
2026-08-18 12:24:50,7690.0,7710.25,Put GEX 5,GEX,-302557.634,8002.179880735045,8002.179880735045
2026-08-18 12:24:50,7695.0,7715.25,Call CEX 5,CEX,1618614.952,8002.179880735045,8002.179880735045
2026-08-18 12:24:50,7695.0,7715.25,Put GEX 2,GEX,-485047.923,8002.179880735045,8002.179880735045
2026-08-18 12:24:50,7700.0,7720.25,Put GEX 1,GEX,-1189045.15,8002.179880735045,8002.179880735045
2026-08-18 12:24:50,7705.0,7725.25,Put CEX 4,CEX,-1486879.024,8002.179880735045,8002.179880735045
2026-08-18 12:24:50,7705.0,7725.25,Put GEX 3,GEX,-312255.462,8002.179880735045,8002.179880735045
2026-08-18 12:24:50,7720.0,7740.25,Put GEX 4,GEX,-310460.716,8002.179880735045,8002.179880735045
2026-08-18 12:24:50,7725.0,7745.25,Put VEX 5,VEX,-181061.755,8002.179880735045,8002.179880735045
2026-08-18 12:24:50,7735.0,7755.5,Put DEX 5,DEX,-46.017,8002.179880735045,8002.179880735045
2026-08-18 12:24:50,7750.0,7770.5,Put CEX 2,CEX,-1965160.477,8002.179880735045,8002.179880735045
2026-08-18 12:24:50,7750.0,7770.5,Put DEX 4,DEX,-88.899,8002.179880735045,8002.179880735045
2026-08-18 12:24:50,7750.0,7770.5,Call GEX 4,GEX,86741.15,8002.179880735045,8002.179880735045
2026-08-18 12:24:50,7750.0,7770.5,Put VEX 3,VEX,-601411.075,8002.179880735045,8002.179880735045
2026-08-18 12:24:50,7775.0,7795.5,Put CEX 5,CEX,-899173.861,8002.179880735045,8002.179880735045
2026-08-18 12:24:50,7775.0,7795.5,Call GEX 1,GEX,214480.611,8002.179880735045,8002.179880735045
2026-08-18 12:24:50,7775.0,7795.5,Put VEX 4,VEX,-315133.99,8002.179880735045,8002.179880735045
2026-08-18 12:24:50,7800.0,7820.5,Put CEX 3,CEX,-1568895.956,8002.179880735045,8002.179880735045
2026-08-18 12:24:50,7800.0,7820.5,Put DEX 2,DEX,-110.172,8002.179880735045,8002.179880735045
2026-08-18 12:24:50,7800.0,7820.5,Call GEX 2,GEX,179523.067,8002.179880735045,8002.179880735045
2026-08-18 12:24:50,7800.0,7820.5,Put VEX 2,VEX,-667302.161,8002.179880735045,8002.179880735045
2026-08-18 12:24:50,7825.0,7845.5,Call GEX 3,GEX,91130.797,8002.179880735045,8002.179880735045
2026-08-18 12:24:50,7850.0,7870.75,Call GEX 5,GEX,86543.619,8002.179880735045,8002.179880735045
2026-08-18 12:24:50,8000.0,8021.0,Put CEX 1,CEX,-2368723.313,8002.179880735045,8002.179880735045
2026-08-18 12:24:50,8000.0,8021.0,Put DEX 1,DEX,-1023.491,8002.179880735045,8002.179880735045
2026-08-18 12:24:50,8000.0,8021.0,Put VEX 1,VEX,-1192604.788,8002.179880735045,8002.179880735045
2026-08-18 12:24:50,8500.0,8522.5,Put DEX 3,DEX,-106.717,8002.179880735045,8002.179880735045
2026-08-18 12:25:38,7400.0,7419.5,Call VEX 3,VEX,600688.065,8003.25749605271,8003.25749605271
2026-08-18 12:25:38,7450.0,7469.75,Call DEX 4,DEX,93.497,8003.25749605271,8003.25749605271
2026-08-18 12:25:38,7500.0,7520.0,Call DEX 1,DEX,313.538,8003.25749605271,8003.25749605271
2026-08-18 12:25:38,7500.0,7520.0,Call VEX 2,VEX,871956.271,8003.25749605271,8003.25749605271
2026-08-18 12:25:38,7550.0,7570.0,Call DEX 3,DEX,145.795,8003.25749605271,8003.25749605271
2026-08-18 12:25:38,7550.0,7570.0,Call VEX 4,VEX,570370.788,8003.25749605271,8003.25749605271
2026-08-18 12:25:38,7600.0,7620.25,Call CEX 2,CEX,1939101.723,8003.25749605271,8003.25749605271
2026-08-18 12:25:38,7600.0,7620.25,Call DEX 2,DEX,200.142,8003.25749605271,8003.25749605271
2026-08-18 12:25:38,7600.0,7620.25,Call VEX 1,VEX,1039907.769,8003.25749605271,8003.25749605271
2026-08-18 12:25:38,7635.0,7655.25,Call CEX 1,CEX,2194939.893,8003.25749605271,8003.25749605271
2026-08-18 12:25:38,7650.0,7670.25,Call CEX 5,CEX,1731888.373,8003.25749605271,8003.25749605271
2026-08-18 12:25:38,7650.0,7670.25,Call DEX 5,DEX,75.45,8003.25749605271,8003.25749605271
2026-08-18 12:25:38,7650.0,7670.25,Call VEX 5,VEX,560133.97,8003.25749605271,8003.25749605271
2026-08-18 12:25:38,7690.0,7710.5,Call CEX 3,CEX,1807652.509,8003.25749605271,8003.25749605271
2026-08-18 12:25:38,7695.0,7715.5,Call CEX 4,CEX,1780656.956,8003.25749605271,8003.25749605271
2026-08-18 12:25:38,7695.0,7715.5,Put GEX 2,GEX,-438680.249,8003.25749605271,8003.25749605271
2026-08-18 12:25:38,7700.0,7720.5,Put GEX 1,GEX,-1162957.085,8003.25749605271,8003.25749605271
2026-08-18 12:25:38,7705.0,7725.5,Put CEX 5,CEX,-1322700.297,8003.25749605271,8003.25749605271
2026-08-18 12:25:38,7705.0,7725.5,Put GEX 3,GEX,-352039.579,8003.25749605271,8003.25749605271
2026-08-18 12:25:38,7710.0,7730.5,Put CEX 3,CEX,-1948959.514,8003.25749605271,8003.25749605271
2026-08-18 12:25:38,7720.0,7740.5,Put GEX 4,GEX,-314627.202,8003.25749605271,8003.25749605271
2026-08-18 12:25:38,7725.0,7745.5,Put VEX 5,VEX,-173330.721,8003.25749605271,8003.25749605271
2026-08-18 12:25:38,7735.0,7755.5,Put DEX 5,DEX,-45.371,8003.25749605271,8003.25749605271
2026-08-18 12:25:38,7750.0,7770.5,Put CEX 2,CEX,-2068090.731,8003.25749605271,8003.25749605271
2026-08-18 12:25:38,7750.0,7770.5,Put DEX 4,DEX,-87.11,8003.25749605271,8003.25749605271
2026-08-18 12:25:38,7750.0,7770.5,Call GEX 5,GEX,86384.663,8003.25749605271,8003.25749605271
2026-08-18 12:25:38,7750.0,7770.5,Put VEX 3,VEX,-598246.239,8003.25749605271,8003.25749605271
2026-08-18 12:25:38,7775.0,7795.5,Call GEX 1,GEX,219285.674,8003.25749605271,8003.25749605271
2026-08-18 12:25:38,7775.0,7795.5,Put VEX 4,VEX,-315613.471,8003.25749605271,8003.25749605271
2026-08-18 12:25:38,7800.0,7820.75,Put CEX 4,CEX,-1584439.074,8003.25749605271,8003.25749605271
2026-08-18 12:25:38,7800.0,7820.75,Put DEX 2,DEX,-109.561,8003.25749605271,8003.25749605271
2026-08-18 12:25:38,7800.0,7820.75,Call GEX 2,GEX,183720.351,8003.25749605271,8003.25749605271
2026-08-18 12:25:38,7800.0,7820.75,Put VEX 2,VEX,-670012.513,8003.25749605271,8003.25749605271
2026-08-18 12:25:38,7825.0,7845.75,Call GEX 3,GEX,92114.523,8003.25749605271,8003.25749605271
2026-08-18 12:25:38,7850.0,7870.75,Call GEX 4,GEX,87371.234,8003.25749605271,8003.25749605271
2026-08-18 12:25:38,8000.0,8021.25,Put CEX 1,CEX,-2962669.281,8003.25749605271,8003.25749605271
2026-08-18 12:25:38,8000.0,8021.25,Put DEX 1,DEX,-1009.121,8003.25749605271,8003.25749605271
2026-08-18 12:25:38,8000.0,8021.25,Put GEX 5,GEX,-288338.354,8003.25749605271,8003.25749605271
2026-08-18 12:25:38,8000.0,8021.25,Put VEX 1,VEX,-1491871.249,8003.25749605271,8003.25749605271
2026-08-18 12:25:38,8500.0,8522.5,Put DEX 3,DEX,-105.965,8003.25749605271,8003.25749605271
2026-08-18 12:26:25,7400.0,7419.75,Call VEX 3,VEX,604720.69,8001.640646539533,8001.640646539533
2026-08-18 12:26:25,7450.0,7470.0,Call DEX 4,DEX,93.543,8001.640646539533,8001.640646539533
2026-08-18 12:26:25,7500.0,7520.0,Call DEX 1,DEX,313.877,8001.640646539533,8001.640646539533
2026-08-18 12:26:25,7500.0,7520.0,Call VEX 2,VEX,862292.112,8001.640646539533,8001.640646539533
2026-08-18 12:26:25,7550.0,7570.25,Call DEX 3,DEX,147.928,8001.640646539533,8001.640646539533
2026-08-18 12:26:25,7550.0,7570.25,Call VEX 4,VEX,574526.702,8001.640646539533,8001.640646539533
2026-08-18 12:26:25,7600.0,7620.25,Call CEX 2,CEX,1961407.571,8001.640646539533,8001.640646539533
2026-08-18 12:26:25,7600.0,7620.25,Call DEX 2,DEX,199.425,8001.640646539533,8001.640646539533
2026-08-18 12:26:25,7600.0,7620.25,Call VEX 1,VEX,1040743.345,8001.640646539533,8001.640646539533
2026-08-18 12:26:25,7635.0,7655.5,Call CEX 1,CEX,2218629.707,8001.640646539533,8001.640646539533
2026-08-18 12:26:25,7650.0,7670.5,Call CEX 5,CEX,1736384.23,8001.640646539533,8001.640646539533
2026-08-18 12:26:25,7650.0,7670.5,Call DEX 5,DEX,74.94,8001.640646539533,8001.640646539533
2026-08-18 12:26:25,7650.0,7670.5,Call VEX 5,VEX,557885.553,8001.640646539533,8001.640646539533
2026-08-18 12:26:25,7690.0,7710.5,Call CEX 3,CEX,1830249.461,8001.640646539533,8001.640646539533
2026-08-18 12:26:25,7690.0,7710.5,Put GEX 5,GEX,-285175.673,8001.640646539533,8001.640646539533
2026-08-18 12:26:25,7695.0,7715.5,Call CEX 4,CEX,1751147.821,8001.640646539533,8001.640646539533
2026-08-18 12:26:25,7695.0,7715.5,Put GEX 2,GEX,-459348.413,8001.640646539533,8001.640646539533
2026-08-18 12:26:25,7700.0,7720.5,Put GEX 1,GEX,-1197231.4,8001.640646539533,8001.640646539533
2026-08-18 12:26:25,7705.0,7725.75,Put CEX 4,CEX,-1427832.127,8001.640646539533,8001.640646539533
2026-08-18 12:26:25,7705.0,7725.75,Put GEX 3,GEX,-339801.37,8001.640646539533,8001.640646539533
2026-08-18 12:26:25,7710.0,7730.75,Put CEX 5,CEX,-1290306.92,8001.640646539533,8001.640646539533
2026-08-18 12:26:25,7720.0,7740.75,Put GEX 4,GEX,-313529.174,8001.640646539533,8001.640646539533
2026-08-18 12:26:25,7725.0,7745.75,Put VEX 5,VEX,-176894.088,8001.640646539533,8001.640646539533
2026-08-18 12:26:25,7735.0,7755.75,Put DEX 5,DEX,-45.662,8001.640646539533,8001.640646539533
2026-08-18 12:26:25,7750.0,7770.75,Put CEX 2,CEX,-1973330.387,8001.640646539533,8001.640646539533
2026-08-18 12:26:25,7750.0,7770.75,Put DEX 4,DEX,-88.093,8001.640646539533,8001.640646539533
2026-08-18 12:26:25,7750.0,7770.75,Call GEX 5,GEX,86153.281,8001.640646539533,8001.640646539533
2026-08-18 12:26:25,7750.0,7770.75,Put VEX 3,VEX,-598562.844,8001.640646539533,8001.640646539533
2026-08-18 12:26:25,7775.0,7795.75,Call GEX 1,GEX,217648.296,8001.640646539533,8001.640646539533
2026-08-18 12:26:25,7775.0,7795.75,Put VEX 4,VEX,-315144.489,8001.640646539533,8001.640646539533
2026-08-18 12:26:25,7800.0,7821.0,Put CEX 3,CEX,-1576496.942,8001.640646539533,8001.640646539533
2026-08-18 12:26:25,7800.0,7821.0,Put DEX 2,DEX,-110.108,8001.640646539533,8001.640646539533
2026-08-18 12:26:25,7800.0,7821.0,Call GEX 2,GEX,182697.109,8001.640646539533,8001.640646539533
2026-08-18 12:26:25,7800.0,7821.0,Put VEX 2,VEX,-666725.097,8001.640646539533,8001.640646539533
2026-08-18 12:26:25,7825.0,7846.0,Call GEX 3,GEX,91931.996,8001.640646539533,8001.640646539533
2026-08-18 12:26:25,7850.0,7871.0,Call GEX 4,GEX,86598.063,8001.640646539533,8001.640646539533
2026-08-18 12:26:25,8000.0,8021.5,Put CEX 1,CEX,-2190965.914,8001.640646539533,8001.640646539533
2026-08-18 12:26:25,8000.0,8021.5,Put DEX 1,DEX,-1027.021,8001.640646539533,8001.640646539533
2026-08-18 12:26:25,8000.0,8021.5,Put VEX 1,VEX,-1106361.903,8001.640646539533,8001.640646539533
2026-08-18 12:26:25,8500.0,8522.75,Put DEX 3,DEX,-106.914,8001.640646539533,8001.640646539533
2026-08-18 12:27:15,7400.0,7420.0,Call VEX 3,VEX,607100.764,8001.741286014891,8001.741286014891
2026-08-18 12:27:15,7450.0,7470.0,Call DEX 4,DEX,94.433,8001.741286014891,8001.741286014891
2026-08-18 12:27:15,7500.0,7520.25,Call DEX 1,DEX,315.415,8001.741286014891,8001.741286014891
2026-08-18 12:27:15,7500.0,7520.25,Call VEX 2,VEX,845869.257,8001.741286014891,8001.741286014891
2026-08-18 12:27:15,7550.0,7570.25,Call DEX 3,DEX,147.611,8001.741286014891,8001.741286014891
2026-08-18 12:27:15,7550.0,7570.25,Call VEX 4,VEX,578750.85,8001.741286014891,8001.741286014891
2026-08-18 12:27:15,7600.0,7620.5,Call CEX 2,CEX,1970426.415,8001.741286014891,8001.741286014891
2026-08-18 12:27:15,7600.0,7620.5,Call DEX 2,DEX,199.004,8001.741286014891,8001.741286014891
2026-08-18 12:27:15,7600.0,7620.5,Call VEX 1,VEX,1042211.535,8001.741286014891,8001.741286014891
2026-08-18 12:27:15,7635.0,7655.5,Call CEX 1,CEX,2236410.529,8001.741286014891,8001.741286014891
2026-08-18 12:27:15,7650.0,7670.5,Call CEX 5,CEX,1743630.374,8001.741286014891,8001.741286014891
2026-08-18 12:27:15,7650.0,7670.5,Call DEX 5,DEX,74.625,8001.741286014891,8001.741286014891
2026-08-18 12:27:15,7650.0,7670.5,Call VEX 5,VEX,556577.315,8001.741286014891,8001.741286014891
2026-08-18 12:27:15,7690.0,7710.75,Call CEX 3,CEX,1802031.513,8001.741286014891,8001.741286014891
2026-08-18 12:27:15,7690.0,7710.75,Put GEX 5,GEX,-282083.318,8001.741286014891,8001.741286014891
2026-08-18 12:27:15,7695.0,7715.75,Call CEX 4,CEX,1773071.92,8001.741286014891,8001.741286014891
2026-08-18 12:27:15,7695.0,7715.75,Put GEX 2,GEX,-469005.261,8001.741286014891,8001.741286014891
2026-08-18 12:27:15,7700.0,7720.75,Put GEX 1,GEX,-1225828.064,8001.741286014891,8001.741286014891
2026-08-18 12:27:15,7705.0,7725.75,Put CEX 4,CEX,-1451195.468,8001.741286014891,8001.741286014891
2026-08-18 12:27:15,7705.0,7725.75,Put GEX 3,GEX,-334120.853,8001.741286014891,8001.741286014891
2026-08-18 12:27:15,7720.0,7740.75,Put GEX 4,GEX,-314549.787,8001.741286014891,8001.741286014891
2026-08-18 12:27:15,7725.0,7745.75,Put VEX 5,VEX,-177702.553,8001.741286014891,8001.741286014891
2026-08-18 12:27:15,7735.0,7755.75,Put DEX 5,DEX,-45.885,8001.741286014891,8001.741286014891
2026-08-18 12:27:15,7750.0,7770.75,Put CEX 2,CEX,-2066047.602,8001.741286014891,8001.741286014891
2026-08-18 12:27:15,7750.0,7770.75,Put DEX 4,DEX,-88.382,8001.741286014891,8001.741286014891
2026-08-18 12:27:15,7750.0,7770.75,Call GEX 4,GEX,88798.132,8001.741286014891,8001.741286014891
2026-08-18 12:27:15,7750.0,7770.75,Put VEX 3,VEX,-599774.786,8001.741286014891,8001.741286014891
2026-08-18 12:27:15,7775.0,7796.0,Put CEX 5,CEX,-905084.174,8001.741286014891,8001.741286014891
2026-08-18 12:27:15,7775.0,7796.0,Call GEX 1,GEX,217614.32,8001.741286014891,8001.741286014891
2026-08-18 12:27:15,7775.0,7796.0,Put VEX 4,VEX,-314836.585,8001.741286014891,8001.741286014891
2026-08-18 12:27:15,7800.0,7821.0,Put CEX 3,CEX,-1573286.692,8001.741286014891,8001.741286014891
2026-08-18 12:27:15,7800.0,7821.0,Put DEX 2,DEX,-110.35,8001.741286014891,8001.741286014891
2026-08-18 12:27:15,7800.0,7821.0,Call GEX 2,GEX,184439.435,8001.741286014891,8001.741286014891
2026-08-18 12:27:15,7800.0,7821.0,Put VEX 2,VEX,-664973.779,8001.741286014891,8001.741286014891
2026-08-18 12:27:15,7825.0,7846.0,Call GEX 3,GEX,91861.536,8001.741286014891,8001.741286014891
2026-08-18 12:27:15,7850.0,7871.25,Call GEX 5,GEX,86725.753,8001.741286014891,8001.741286014891
2026-08-18 12:27:15,8000.0,8021.5,Put CEX 1,CEX,-2216298.539,8001.741286014891,8001.741286014891
2026-08-18 12:27:15,8000.0,8021.5,Put DEX 1,DEX,-1026.418,8001.741286014891,8001.741286014891
2026-08-18 12:27:15,8000.0,8021.5,Put VEX 1,VEX,-1120416.263,8001.741286014891,8001.741286014891
2026-08-18 12:27:15,8500.0,8523.0,Put DEX 3,DEX,-106.922,8001.741286014891,8001.741286014891
2026-08-18 12:28:10,7400.0,7419.75,Call VEX 3,VEX,605139.416,8001.90752592112,8001.90752592112
2026-08-18 12:28:10,7450.0,7470.0,Call DEX 4,DEX,93.934,8001.90752592112,8001.90752592112
2026-08-18 12:28:10,7500.0,7520.0,Call DEX 1,DEX,315.185,8001.90752592112,8001.90752592112
2026-08-18 12:28:10,7500.0,7520.0,Call VEX 2,VEX,833397.285,8001.90752592112,8001.90752592112
2026-08-18 12:28:10,7550.0,7570.25,Call DEX 3,DEX,145.604,8001.90752592112,8001.90752592112
2026-08-18 12:28:10,7550.0,7570.25,Call VEX 4,VEX,572423.834,8001.90752592112,8001.90752592112
2026-08-18 12:28:10,7600.0,7620.5,Call CEX 2,CEX,1955694.602,8001.90752592112,8001.90752592112
2026-08-18 12:28:10,7600.0,7620.5,Call DEX 2,DEX,199.887,8001.90752592112,8001.90752592112
2026-08-18 12:28:10,7600.0,7620.5,Call VEX 1,VEX,1039285.096,8001.90752592112,8001.90752592112
2026-08-18 12:28:10,7635.0,7655.5,Call CEX 1,CEX,2246675.83,8001.90752592112,8001.90752592112
2026-08-18 12:28:10,7650.0,7670.5,Call CEX 5,CEX,1746637.585,8001.90752592112,8001.90752592112
2026-08-18 12:28:10,7650.0,7670.5,Call DEX 5,DEX,75.204,8001.90752592112,8001.90752592112
2026-08-18 12:28:10,7650.0,7670.5,Call VEX 5,VEX,558958.833,8001.90752592112,8001.90752592112
2026-08-18 12:28:10,7690.0,7710.75,Call CEX 4,CEX,1809046.307,8001.90752592112,8001.90752592112
2026-08-18 12:28:10,7690.0,7710.75,Put GEX 5,GEX,-275931.524,8001.90752592112,8001.90752592112
2026-08-18 12:28:10,7695.0,7715.75,Call CEX 3,CEX,1824918.239,8001.90752592112,8001.90752592112
2026-08-18 12:28:10,7695.0,7715.75,Put GEX 2,GEX,-453696.585,8001.90752592112,8001.90752592112
2026-08-18 12:28:10,7700.0,7720.75,Put GEX 1,GEX,-1215196.507,8001.90752592112,8001.90752592112
2026-08-18 12:28:10,7705.0,7725.75,Put CEX 5,CEX,-1415001.306,8001.90752592112,8001.90752592112
2026-08-18 12:28:10,7705.0,7725.75,Put GEX 3,GEX,-345146.936,8001.90752592112,8001.90752592112
2026-08-18 12:28:10,7710.0,7730.75,Put CEX 4,CEX,-1472507.93,8001.90752592112,8001.90752592112
2026-08-18 12:28:10,7720.0,7740.75,Put GEX 4,GEX,-313228.542,8001.90752592112,8001.90752592112
2026-08-18 12:28:10,7725.0,7745.75,Put VEX 5,VEX,-175146.294,8001.90752592112,8001.90752592112
2026-08-18 12:28:10,7735.0,7755.75,Put DEX 5,DEX,-45.579,8001.90752592112,8001.90752592112
2026-08-18 12:28:10,7750.0,7770.75,Put CEX 2,CEX,-2076607.292,8001.90752592112,8001.90752592112
2026-08-18 12:28:10,7750.0,7770.75,Put DEX 4,DEX,-87.446,8001.90752592112,8001.90752592112
2026-08-18 12:28:10,7750.0,7770.75,Call GEX 5,GEX,86681.111,8001.90752592112,8001.90752592112
2026-08-18 12:28:10,7750.0,7770.75,Put VEX 3,VEX,-598761.239,8001.90752592112,8001.90752592112
2026-08-18 12:28:10,7775.0,7795.75,Call GEX 1,GEX,218156.91,8001.90752592112,8001.90752592112
2026-08-18 12:28:10,7775.0,7795.75,Put VEX 4,VEX,-315725.147,8001.90752592112,8001.90752592112
2026-08-18 12:28:10,7800.0,7821.0,Put CEX 3,CEX,-1588607.323,8001.90752592112,8001.90752592112
2026-08-18 12:28:10,7800.0,7821.0,Put DEX 2,DEX,-109.797,8001.90752592112,8001.90752592112
2026-08-18 12:28:10,7800.0,7821.0,Call GEX 2,GEX,183981.239,8001.90752592112,8001.90752592112
2026-08-18 12:28:10,7800.0,7821.0,Put VEX 2,VEX,-668810.653,8001.90752592112,8001.90752592112
2026-08-18 12:28:10,7825.0,7846.0,Call GEX 3,GEX,92110.042,8001.90752592112,8001.90752592112
2026-08-18 12:28:10,7850.0,7871.0,Call GEX 4,GEX,87307.071,8001.90752592112,8001.90752592112
2026-08-18 12:28:10,8000.0,8021.5,Put CEX 1,CEX,-2286707.288,8001.90752592112,8001.90752592112
2026-08-18 12:28:10,8000.0,8021.5,Put DEX 1,DEX,-1025.318,8001.90752592112,8001.90752592112
2026-08-18 12:28:10,8000.0,8021.5,Put VEX 1,VEX,-1151114.896,8001.90752592112,8001.90752592112
2026-08-18 12:28:10,8500.0,8522.75,Put DEX 3,DEX,-106.828,8001.90752592112,8001.90752592112
2026-08-18 12:28:59,7400.0,7420.0,Call VEX 3,VEX,597207.486,8002.487058694019,8002.487058694019
2026-08-18 12:28:59,7450.0,7470.0,Call DEX 4,DEX,94.581,8002.487058694019,8002.487058694019
2026-08-18 12:28:59,7500.0,7520.25,Call DEX 1,DEX,317.079,8002.487058694019,8002.487058694019
2026-08-18 12:28:59,7500.0,7520.25,Call VEX 2,VEX,784767.833,8002.487058694019,8002.487058694019
2026-08-18 12:28:59,7550.0,7570.25,Call DEX 3,DEX,146.053,8002.487058694019,8002.487058694019
2026-08-18 12:28:59,7550.0,7570.25,Call VEX 4,VEX,566477.695,8002.487058694019,8002.487058694019
2026-08-18 12:28:59,7600.0,7620.5,Call CEX 2,CEX,1861831.347,8002.487058694019,8002.487058694019
2026-08-18 12:28:59,7600.0,7620.5,Call DEX 2,DEX,200.699,8002.487058694019,8002.487058694019
2026-08-18 12:28:59,7600.0,7620.5,Call VEX 1,VEX,1034724.238,8002.487058694019,8002.487058694019
2026-08-18 12:28:59,7635.0,7655.5,Call CEX 1,CEX,2253611.701,8002.487058694019,8002.487058694019
2026-08-18 12:28:59,7650.0,7670.5,Call CEX 5,CEX,1721990.297,8002.487058694019,8002.487058694019
2026-08-18 12:28:59,7650.0,7670.5,Call DEX 5,DEX,75.67,8002.487058694019,8002.487058694019
2026-08-18 12:28:59,7650.0,7670.5,Call VEX 5,VEX,560410.742,8002.487058694019,8002.487058694019
2026-08-18 12:28:59,7690.0,7710.75,Call CEX 4,CEX,1809648.888,8002.487058694019,8002.487058694019
2026-08-18 12:28:59,7695.0,7715.75,Call CEX 3,CEX,1854670.753,8002.487058694019,8002.487058694019
2026-08-18 12:28:59,7695.0,7715.75,Put GEX 2,GEX,-440691.575,8002.487058694019,8002.487058694019
2026-08-18 12:28:59,7700.0,7720.75,Put GEX 1,GEX,-1142462.439,8002.487058694019,8002.487058694019
2026-08-18 12:28:59,7705.0,7725.75,Put CEX 5,CEX,-1330746.806,8002.487058694019,8002.487058694019
2026-08-18 12:28:59,7705.0,7725.75,Put GEX 4,GEX,-333006.861,8002.487058694019,8002.487058694019
2026-08-18 12:28:59,7710.0,7730.75,Put CEX 1,CEX,-2887223.215,8002.487058694019,8002.487058694019
2026-08-18 12:28:59,7710.0,7730.75,Put GEX 3,GEX,-404698.609,8002.487058694019,8002.487058694019
2026-08-18 12:28:59,7720.0,7740.75,Put GEX 5,GEX,-310726.926,8002.487058694019,8002.487058694019
2026-08-18 12:28:59,7725.0,7745.75,Put VEX 5,VEX,-173645.384,8002.487058694019,8002.487058694019
2026-08-18 12:28:59,7735.0,7755.75,Put DEX 5,DEX,-45.357,8002.487058694019,8002.487058694019
2026-08-18 12:28:59,7750.0,7770.75,Put CEX 3,CEX,-2083693.599,8002.487058694019,8002.487058694019
2026-08-18 12:28:59,7750.0,7770.75,Put DEX 4,DEX,-86.893,8002.487058694019,8002.487058694019
2026-08-18 12:28:59,7750.0,7770.75,Call GEX 4,GEX,88882.981,8002.487058694019,8002.487058694019
2026-08-18 12:28:59,7750.0,7770.75,Put VEX 3,VEX,-597876.723,8002.487058694019,8002.487058694019
2026-08-18 12:28:59,7775.0,7796.0,Call GEX 1,GEX,218733.633,8002.487058694019,8002.487058694019
2026-08-18 12:28:59,7775.0,7796.0,Put VEX 4,VEX,-315913.936,8002.487058694019,8002.487058694019
2026-08-18 12:28:59,7800.0,7821.0,Put CEX 4,CEX,-1612240.435,8002.487058694019,8002.487058694019
2026-08-18 12:28:59,7800.0,7821.0,Put DEX 2,DEX,-109.05,8002.487058694019,8002.487058694019
2026-08-18 12:28:59,7800.0,7821.0,Call GEX 2,GEX,182266.832,8002.487058694019,8002.487058694019
2026-08-18 12:28:59,7800.0,7821.0,Put VEX 2,VEX,-675680.311,8002.487058694019,8002.487058694019
2026-08-18 12:28:59,7825.0,7846.0,Call GEX 3,GEX,93151.492,8002.487058694019,8002.487058694019
2026-08-18 12:28:59,7850.0,7871.0,Call GEX 5,GEX,88556.692,8002.487058694019,8002.487058694019
2026-08-18 12:28:59,8000.0,8021.5,Put CEX 2,CEX,-2519889.711,8002.487058694019,8002.487058694019
2026-08-18 12:28:59,8000.0,8021.5,Put DEX 1,DEX,-1020.632,8002.487058694019,8002.487058694019
2026-08-18 12:28:59,8000.0,8021.5,Put VEX 1,VEX,-1263605.51,8002.487058694019,8002.487058694019
2026-08-18 12:28:59,8500.0,8522.75,Put DEX 3,DEX,-106.579,8002.487058694019,8002.487058694019
2026-08-18 12:29:49,7400.0,7419.5,Call VEX 3,VEX,602124.3,8002.504723568499,8002.504723568499
2026-08-18 12:29:49,7450.0,7469.75,Call DEX 4,DEX,94.171,8002.504723568499,8002.504723568499
2026-08-18 12:29:49,7500.0,7519.75,Call DEX 1,DEX,316.107,8002.504723568499,8002.504723568499
2026-08-18 12:29:49,7500.0,7519.75,Call VEX 2,VEX,809796.313,8002.504723568499,8002.504723568499
2026-08-18 12:29:49,7550.0,7570.0,Call DEX 3,DEX,146.115,8002.504723568499,8002.504723568499
2026-08-18 12:29:49,7550.0,7570.0,Call VEX 4,VEX,564824.807,8002.504723568499,8002.504723568499
2026-08-18 12:29:49,7600.0,7620.0,Call CEX 2,CEX,1881789.079,8002.504723568499,8002.504723568499
2026-08-18 12:29:49,7600.0,7620.0,Call DEX 2,DEX,200.076,8002.504723568499,8002.504723568499
2026-08-18 12:29:49,7600.0,7620.0,Call VEX 1,VEX,1036579.44,8002.504723568499,8002.504723568499
2026-08-18 12:29:49,7635.0,7655.25,Call CEX 1,CEX,2275365.969,8002.504723568499,8002.504723568499
2026-08-18 12:29:49,7650.0,7670.25,Call CEX 5,CEX,1716659.511,8002.504723568499,8002.504723568499
2026-08-18 12:29:49,7650.0,7670.25,Call DEX 5,DEX,75.187,8002.504723568499,8002.504723568499
2026-08-18 12:29:49,7650.0,7670.25,Call VEX 5,VEX,558101.178,8002.504723568499,8002.504723568499
2026-08-18 12:29:49,7690.0,7710.25,Call CEX 4,CEX,1829185.306,8002.504723568499,8002.504723568499
2026-08-18 12:29:49,7695.0,7715.25,Call CEX 3,CEX,1848718.171,8002.504723568499,8002.504723568499
2026-08-18 12:29:49,7695.0,7715.25,Put GEX 2,GEX,-461256.329,8002.504723568499,8002.504723568499
2026-08-18 12:29:49,7700.0,7720.25,Put GEX 1,GEX,-1181248.586,8002.504723568499,8002.504723568499
2026-08-18 12:29:49,7705.0,7725.25,Put CEX 5,CEX,-1429465.279,8002.504723568499,8002.504723568499
2026-08-18 12:29:49,7705.0,7725.25,Put GEX 4,GEX,-324148.58,8002.504723568499,8002.504723568499
2026-08-18 12:29:49,7710.0,7730.25,Put CEX 1,CEX,-2706025.328,8002.504723568499,8002.504723568499
2026-08-18 12:29:49,7710.0,7730.25,Put GEX 3,GEX,-365246.826,8002.504723568499,8002.504723568499
2026-08-18 12:29:49,7720.0,7740.25,Put GEX 5,GEX,-310562.326,8002.504723568499,8002.504723568499
2026-08-18 12:29:49,7725.0,7745.5,Put VEX 5,VEX,-176475.992,8002.504723568499,8002.504723568499
2026-08-18 12:29:49,7735.0,7755.5,Put DEX 5,DEX,-45.553,8002.504723568499,8002.504723568499
2026-08-18 12:29:49,7750.0,7770.5,Put CEX 3,CEX,-1991872.368,8002.504723568499,8002.504723568499
2026-08-18 12:29:49,7750.0,7770.5,Put DEX 4,DEX,-87.549,8002.504723568499,8002.504723568499
2026-08-18 12:29:49,7750.0,7770.5,Call GEX 5,GEX,87046.938,8002.504723568499,8002.504723568499
2026-08-18 12:29:49,7750.0,7770.5,Put VEX 3,VEX,-598919.152,8002.504723568499,8002.504723568499
2026-08-18 12:29:49,7775.0,7795.5,Call GEX 1,GEX,216920.555,8002.504723568499,8002.504723568499
2026-08-18 12:29:49,7775.0,7795.5,Put VEX 4,VEX,-315788.037,8002.504723568499,8002.504723568499
2026-08-18 12:29:49,7800.0,7820.5,Put CEX 4,CEX,-1611346.464,8002.504723568499,8002.504723568499
2026-08-18 12:29:49,7800.0,7820.5,Put DEX 2,DEX,-109.298,8002.504723568499,8002.504723568499
2026-08-18 12:29:49,7800.0,7820.5,Call GEX 2,GEX,179323.047,8002.504723568499,8002.504723568499
2026-08-18 12:29:49,7800.0,7820.5,Put VEX 2,VEX,-674503.799,8002.504723568499,8002.504723568499
2026-08-18 12:29:49,7825.0,7845.75,Call GEX 3,GEX,92964.69,8002.504723568499,8002.504723568499
2026-08-18 12:29:49,7850.0,7870.75,Call GEX 4,GEX,88217.905,8002.504723568499,8002.504723568499
2026-08-18 12:29:49,8000.0,8021.0,Put CEX 2,CEX,-2529442.905,8002.504723568499,8002.504723568499
2026-08-18 12:29:49,8000.0,8021.0,Put DEX 1,DEX,-1020.367,8002.504723568499,8002.504723568499
2026-08-18 12:29:49,8000.0,8021.0,Put VEX 1,VEX,-1268372.484,8002.504723568499,8002.504723568499
2026-08-18 12:29:49,8500.0,8522.5,Put DEX 3,DEX,-106.561,8002.504723568499,8002.504723568499
2026-08-18 12:30:37,7400.0,7419.75,Call VEX 3,VEX,605498.937,8002.322082456929,8002.322082456929
2026-08-18 12:30:37,7450.0,7470.0,Call DEX 4,DEX,93.707,8002.322082456929,8002.322082456929
2026-08-18 12:30:37,7500.0,7520.0,Call DEX 1,DEX,313.021,8002.322082456929,8002.322082456929
2026-08-18 12:30:37,7500.0,7520.0,Call VEX 2,VEX,848335.455,8002.322082456929,8002.322082456929
2026-08-18 12:30:37,7550.0,7570.25,Call DEX 3,DEX,146.616,8002.322082456929,8002.322082456929
2026-08-18 12:30:37,7550.0,7570.25,Call VEX 4,VEX,573214.576,8002.322082456929,8002.322082456929
2026-08-18 12:30:37,7600.0,7620.25,Call CEX 2,CEX,1913205.564,8002.322082456929,8002.322082456929
2026-08-18 12:30:37,7600.0,7620.25,Call DEX 2,DEX,199.531,8002.322082456929,8002.322082456929
2026-08-18 12:30:37,7600.0,7620.25,Call VEX 1,VEX,1038809.484,8002.322082456929,8002.322082456929
2026-08-18 12:30:37,7635.0,7655.5,Call CEX 1,CEX,2303770.515,8002.322082456929,8002.322082456929
2026-08-18 12:30:37,7650.0,7670.5,Call CEX 5,CEX,1759957.211,8002.322082456929,8002.322082456929
2026-08-18 12:30:37,7650.0,7670.5,Call DEX 5,DEX,74.68,8002.322082456929,8002.322082456929
2026-08-18 12:30:37,7650.0,7670.5,Call VEX 5,VEX,556501.69,8002.322082456929,8002.322082456929
2026-08-18 12:30:37,7690.0,7710.5,Call CEX 3,CEX,1863124.892,8002.322082456929,8002.322082456929
2026-08-18 12:30:37,7690.0,7710.5,Put GEX 5,GEX,-284269.996,8002.322082456929,8002.322082456929
2026-08-18 12:30:37,7695.0,7715.5,Call CEX 4,CEX,1842245.638,8002.322082456929,8002.322082456929
2026-08-18 12:30:37,7695.0,7715.5,Put GEX 2,GEX,-479147.858,8002.322082456929,8002.322082456929
2026-08-18 12:30:37,7700.0,7720.5,Put GEX 1,GEX,-1271501.242,8002.322082456929,8002.322082456929
2026-08-18 12:30:37,7705.0,7725.5,Put CEX 4,CEX,-1554813.48,8002.322082456929,8002.322082456929
2026-08-18 12:30:37,7705.0,7725.5,Put GEX 3,GEX,-334673.445,8002.322082456929,8002.322082456929
2026-08-18 12:30:37,7720.0,7740.75,Put GEX 4,GEX,-311823.535,8002.322082456929,8002.322082456929
2026-08-18 12:30:37,7725.0,7745.75,Put VEX 5,VEX,-178487.434,8002.322082456929,8002.322082456929
2026-08-18 12:30:37,7735.0,7755.75,Put DEX 5,DEX,-45.854,8002.322082456929,8002.322082456929
2026-08-18 12:30:37,7750.0,7770.75,Put CEX 2,CEX,-1993330.037,8002.322082456929,8002.322082456929
2026-08-18 12:30:37,7750.0,7770.75,Put DEX 4,DEX,-88.177,8002.322082456929,8002.322082456929
2026-08-18 12:30:37,7750.0,7770.75,Put VEX 3,VEX,-600339.087,8002.322082456929,8002.322082456929
2026-08-18 12:30:37,7775.0,7795.75,Put CEX 5,CEX,-916991.968,8002.322082456929,8002.322082456929
2026-08-18 12:30:37,7775.0,7795.75,Call GEX 1,GEX,216295.783,8002.322082456929,8002.322082456929
2026-08-18 12:30:37,7775.0,7795.75,Put VEX 4,VEX,-315593.805,8002.322082456929,8002.322082456929
2026-08-18 12:30:37,7800.0,7820.75,Put CEX 3,CEX,-1599455.537,8002.322082456929,8002.322082456929
2026-08-18 12:30:37,7800.0,7820.75,Put DEX 2,DEX,-110.001,8002.322082456929,8002.322082456929
2026-08-18 12:30:37,7800.0,7820.75,Call GEX 2,GEX,184012.374,8002.322082456929,8002.322082456929
2026-08-18 12:30:37,7800.0,7820.75,Put VEX 2,VEX,-669192.371,8002.322082456929,8002.322082456929
2026-08-18 12:30:37,7825.0,7846.0,Call GEX 3,GEX,92372.241,8002.322082456929,8002.322082456929
2026-08-18 12:30:37,7850.0,7871.0,Call GEX 4,GEX,88258.369,8002.322082456929,8002.322082456929
2026-08-18 12:30:37,7900.0,7921.25,Call GEX 5,GEX,85943.375,8002.322082456929,8002.322082456929
2026-08-18 12:30:37,8000.0,8021.5,Put CEX 1,CEX,-2404192.821,8002.322082456929,8002.322082456929
2026-08-18 12:30:37,8000.0,8021.5,Put DEX 1,DEX,-1022.918,8002.322082456929,8002.322082456929
2026-08-18 12:30:37,8000.0,8021.5,Put VEX 1,VEX,-1207439.485,8002.322082456929,8002.322082456929
2026-08-18 12:30:37,8500.0,8522.75,Put DEX 3,DEX,-106.696,8002.322082456929,8002.322082456929
2026-08-18 12:31:32,7400.0,7419.75,Call DEX 4,DEX,95.372,8001.378443296255,8001.378443296255
2026-08-18 12:31:32,7400.0,7419.75,Call VEX 3,VEX,631134.452,8001.378443296255,8001.378443296255
2026-08-18 12:31:32,7450.0,7470.0,Call DEX 5,DEX,93.826,8001.378443296255,8001.378443296255
2026-08-18 12:31:32,7500.0,7520.0,Call DEX 1,DEX,313.847,8001.378443296255,8001.378443296255
2026-08-18 12:31:32,7500.0,7520.0,Call VEX 2,VEX,827105.439,8001.378443296255,8001.378443296255
2026-08-18 12:31:32,7550.0,7570.25,Call DEX 3,DEX,147.812,8001.378443296255,8001.378443296255
2026-08-18 12:31:32,7550.0,7570.25,Call VEX 4,VEX,576198.833,8001.378443296255,8001.378443296255
2026-08-18 12:31:32,7600.0,7620.5,Call CEX 2,CEX,1981324.483,8001.378443296255,8001.378443296255
2026-08-18 12:31:32,7600.0,7620.5,Call DEX 2,DEX,199.51,8001.378443296255,8001.378443296255
2026-08-18 12:31:32,7600.0,7620.5,Call VEX 1,VEX,1040165.577,8001.378443296255,8001.378443296255
2026-08-18 12:31:32,7635.0,7655.5,Call CEX 1,CEX,2320444.72,8001.378443296255,8001.378443296255
2026-08-18 12:31:32,7650.0,7670.5,Call CEX 5,CEX,1785983.194,8001.378443296255,8001.378443296255
2026-08-18 12:31:32,7650.0,7670.5,Call VEX 5,VEX,557147.877,8001.378443296255,8001.378443296255
2026-08-18 12:31:32,7690.0,7710.5,Call CEX 4,CEX,1873628.143,8001.378443296255,8001.378443296255
2026-08-18 12:31:32,7690.0,7710.5,Put GEX 5,GEX,-281318.927,8001.378443296255,8001.378443296255
2026-08-18 12:31:32,7695.0,7715.75,Call CEX 3,CEX,1882951.01,8001.378443296255,8001.378443296255
2026-08-18 12:31:32,7695.0,7715.75,Put GEX 2,GEX,-472043.476,8001.378443296255,8001.378443296255
2026-08-18 12:31:32,7700.0,7720.75,Put GEX 1,GEX,-1351589.695,8001.378443296255,8001.378443296255
2026-08-18 12:31:32,7705.0,7725.75,Put CEX 3,CEX,-1610946.224,8001.378443296255,8001.378443296255
2026-08-18 12:31:32,7705.0,7725.75,Put GEX 3,GEX,-365919.84,8001.378443296255,8001.378443296255
2026-08-18 12:31:32,7720.0,7740.75,Put GEX 4,GEX,-317866.133,8001.378443296255,8001.378443296255
2026-08-18 12:31:32,7725.0,7745.75,Put VEX 5,VEX,-176809.015,8001.378443296255,8001.378443296255
2026-08-18 12:31:32,7735.0,7755.75,Put DEX 5,DEX,-45.79,8001.378443296255,8001.378443296255
2026-08-18 12:31:32,7750.0,7770.75,Put CEX 2,CEX,-1865318.503,8001.378443296255,8001.378443296255
2026-08-18 12:31:32,7750.0,7770.75,Put DEX 4,DEX,-87.986,8001.378443296255,8001.378443296255
2026-08-18 12:31:32,7750.0,7770.75,Put VEX 3,VEX,-596708.809,8001.378443296255,8001.378443296255
2026-08-18 12:31:32,7775.0,7795.75,Put CEX 5,CEX,-920551.279,8001.378443296255,8001.378443296255
2026-08-18 12:31:32,7775.0,7795.75,Call GEX 1,GEX,217479.038,8001.378443296255,8001.378443296255
2026-08-18 12:31:32,7775.0,7795.75,Put VEX 4,VEX,-315818.433,8001.378443296255,8001.378443296255
2026-08-18 12:31:32,7800.0,7821.0,Put CEX 4,CEX,-1603238.575,8001.378443296255,8001.378443296255
2026-08-18 12:31:32,7800.0,7821.0,Put DEX 2,DEX,-109.906,8001.378443296255,8001.378443296255
2026-08-18 12:31:32,7800.0,7821.0,Call GEX 2,GEX,186995.514,8001.378443296255,8001.378443296255
2026-08-18 12:31:32,7800.0,7821.0,Put VEX 2,VEX,-669327.086,8001.378443296255,8001.378443296255
2026-08-18 12:31:32,7825.0,7846.0,Call GEX 3,GEX,92991.89,8001.378443296255,8001.378443296255
2026-08-18 12:31:32,7850.0,7871.0,Call GEX 4,GEX,88420.801,8001.378443296255,8001.378443296255
2026-08-18 12:31:32,7900.0,7921.25,Call GEX 5,GEX,86167.918,8001.378443296255,8001.378443296255
2026-08-18 12:31:32,8000.0,8021.5,Put CEX 1,CEX,-2126313.379,8001.378443296255,8001.378443296255
2026-08-18 12:31:32,8000.0,8021.5,Put DEX 1,DEX,-1028.359,8001.378443296255,8001.378443296255
2026-08-18 12:31:32,8000.0,8021.5,Put VEX 1,VEX,-1070395.503,8001.378443296255,8001.378443296255
2026-08-18 12:31:32,8500.0,8522.75,Put DEX 3,DEX,-107.028,8001.378443296255,8001.378443296255
2026-08-18 12:32:27,7400.0,7420.0,Call DEX 4,DEX,95.801,7703.241514946607,7703.241514946607
2026-08-18 12:32:27,7400.0,7420.0,Call VEX 3,VEX,650176.385,7703.241514946607,7703.241514946607
2026-08-18 12:32:27,7450.0,7470.25,Call DEX 5,DEX,93.873,7703.241514946607,7703.241514946607
2026-08-18 12:32:27,7500.0,7520.25,Call DEX 1,DEX,313.912,7703.241514946607,7703.241514946607
2026-08-18 12:32:27,7500.0,7520.25,Call VEX 2,VEX,877554.5,7703.241514946607,7703.241514946607
2026-08-18 12:32:27,7550.0,7570.5,Call DEX 3,DEX,146.823,7703.241514946607,7703.241514946607
2026-08-18 12:32:27,7550.0,7570.5,Call VEX 4,VEX,588693.097,7703.241514946607,7703.241514946607
2026-08-18 12:32:27,7600.0,7620.75,Call CEX 2,CEX,2045588.72,7703.241514946607,7703.241514946607
2026-08-18 12:32:27,7600.0,7620.75,Call DEX 2,DEX,197.785,7703.241514946607,7703.241514946607
2026-08-18 12:32:27,7600.0,7620.75,Call VEX 1,VEX,1045371.117,7703.241514946607,7703.241514946607
2026-08-18 12:32:27,7635.0,7655.75,Call CEX 1,CEX,2358085.931,7703.241514946607,7703.241514946607
2026-08-18 12:32:27,7650.0,7670.75,Call CEX 5,CEX,1815500.842,7703.241514946607,7703.241514946607
2026-08-18 12:32:27,7650.0,7670.75,Call VEX 5,VEX,552938.514,7703.241514946607,7703.241514946607
2026-08-18 12:32:27,7690.0,7711.0,Call CEX 3,CEX,1903247.865,7703.241514946607,7703.241514946607
2026-08-18 12:32:27,7690.0,7711.0,Put GEX 4,GEX,-298611.967,7703.241514946607,7703.241514946607
2026-08-18 12:32:27,7695.0,7716.0,Call CEX 4,CEX,1841442.859,7703.241514946607,7703.241514946607
2026-08-18 12:32:27,7695.0,7716.0,Put GEX 2,GEX,-525089.697,7703.241514946607,7703.241514946607
2026-08-18 12:32:27,7700.0,7721.0,Put GEX 1,GEX,-1561531.865,7703.241514946607,7703.241514946607
2026-08-18 12:32:27,7705.0,7726.0,Put CEX 4,CEX,-1320975.507,7703.241514946607,7703.241514946607
2026-08-18 12:32:27,7705.0,7726.0,Put GEX 5,GEX,-242496.609,7703.241514946607,7703.241514946607
2026-08-18 12:32:27,7720.0,7741.0,Put GEX 3,GEX,-319895.207,7703.241514946607,7703.241514946607
2026-08-18 12:32:27,7725.0,7746.0,Put VEX 5,VEX,-182831.355,7703.241514946607,7703.241514946607
2026-08-18 12:32:27,7735.0,7756.0,Put DEX 5,DEX,-46.503,7703.241514946607,7703.241514946607
2026-08-18 12:32:27,7750.0,7771.0,Put CEX 1,CEX,-1863233.243,7703.241514946607,7703.241514946607
2026-08-18 12:32:27,7750.0,7771.0,Put DEX 4,DEX,-89.778,7703.241514946607,7703.241514946607
2026-08-18 12:32:27,7750.0,7771.0,Put VEX 3,VEX,-600812.654,7703.241514946607,7703.241514946607
2026-08-18 12:32:27,7775.0,7796.0,Put CEX 5,CEX,-912961.045,7703.241514946607,7703.241514946607
2026-08-18 12:32:27,7775.0,7796.0,Call GEX 1,GEX,215190.121,7703.241514946607,7703.241514946607
2026-08-18 12:32:27,7775.0,7796.0,Put VEX 4,VEX,-314239.533,7703.241514946607,7703.241514946607
2026-08-18 12:32:27,7800.0,7821.25,Put CEX 3,CEX,-1573260.497,7703.241514946607,7703.241514946607
2026-08-18 12:32:27,7800.0,7821.25,Put DEX 2,DEX,-111.27,7703.241514946607,7703.241514946607
2026-08-18 12:32:27,7800.0,7821.25,Call GEX 2,GEX,192989.821,7703.241514946607,7703.241514946607
2026-08-18 12:32:27,7800.0,7821.25,Put VEX 2,VEX,-658440.331,7703.241514946607,7703.241514946607
2026-08-18 12:32:27,7825.0,7846.25,Call GEX 3,GEX,91887.465,7703.241514946607,7703.241514946607
2026-08-18 12:32:27,7850.0,7871.25,Call GEX 4,GEX,87555.067,7703.241514946607,7703.241514946607
2026-08-18 12:32:27,7900.0,7921.5,Call GEX 5,GEX,86318.197,7703.241514946607,7703.241514946607
2026-08-18 12:32:27,8000.0,8021.75,Put CEX 2,CEX,-1838868.214,7703.241514946607,7703.241514946607
2026-08-18 12:32:27,8000.0,8021.75,Put DEX 1,DEX,-1019.627,7703.241514946607,7703.241514946607
2026-08-18 12:32:27,8000.0,8021.75,Put VEX 1,VEX,-935124.1,7703.241514946607,7703.241514946607
2026-08-18 12:32:27,8500.0,8523.0,Put DEX 3,DEX,-107.256,7703.241514946607,7703.241514946607
2026-08-18 12:33:15,7400.0,7419.5,Call VEX 3,VEX,600545.547,8002.414633812012,8002.414633812012
2026-08-18 12:33:15,7500.0,7520.0,Call DEX 1,DEX,314.84,8002.414633812012,8002.414633812012
2026-08-18 12:33:15,7500.0,7520.0,Call VEX 2,VEX,841440.883,8002.414633812012,8002.414633812012
2026-08-18 12:33:15,7550.0,7570.0,Call DEX 3,DEX,147.242,8002.414633812012,8002.414633812012
2026-08-18 12:33:15,7550.0,7570.0,Call VEX 4,VEX,565068.917,8002.414633812012,8002.414633812012
2026-08-18 12:33:15,7600.0,7620.25,Call CEX 3,CEX,1894913.922,8002.414633812012,8002.414633812012
2026-08-18 12:33:15,7600.0,7620.25,Call DEX 2,DEX,200.031,8002.414633812012,8002.414633812012
2026-08-18 12:33:15,7600.0,7620.25,Call VEX 1,VEX,1036733.5,8002.414633812012,8002.414633812012
2026-08-18 12:33:15,7625.0,7645.25,Call DEX 5,DEX,61.564,8002.414633812012,8002.414633812012
2026-08-18 12:33:15,7635.0,7655.25,Call CEX 1,CEX,2353196.113,8002.414633812012,8002.414633812012
2026-08-18 12:33:15,7650.0,7670.25,Call CEX 5,CEX,1769533.174,8002.414633812012,8002.414633812012
2026-08-18 12:33:15,7650.0,7670.25,Call DEX 4,DEX,75.16,8002.414633812012,8002.414633812012
2026-08-18 12:33:15,7650.0,7670.25,Call VEX 5,VEX,558265.484,8002.414633812012,8002.414633812012
2026-08-18 12:33:15,7690.0,7710.5,Call CEX 4,CEX,1844223.792,8002.414633812012,8002.414633812012
2026-08-18 12:33:15,7690.0,7710.5,Put GEX 5,GEX,-274237.3,8002.414633812012,8002.414633812012
2026-08-18 12:33:15,7695.0,7715.5,Call CEX 2,CEX,1921039.119,8002.414633812012,8002.414633812012
2026-08-18 12:33:15,7695.0,7715.5,Put GEX 2,GEX,-471136.153,8002.414633812012,8002.414633812012
2026-08-18 12:33:15,7700.0,7720.5,Put GEX 1,GEX,-1282354.484,8002.414633812012,8002.414633812012
2026-08-18 12:33:15,7705.0,7725.5,Put CEX 5,CEX,-1558328.209,8002.414633812012,8002.414633812012
2026-08-18 12:33:15,7705.0,7725.5,Put GEX 3,GEX,-337031.451,8002.414633812012,8002.414633812012
2026-08-18 12:33:15,7710.0,7730.5,Put CEX 2,CEX,-1972972.813,8002.414633812012,8002.414633812012
2026-08-18 12:33:15,7720.0,7740.5,Put GEX 4,GEX,-311621.028,8002.414633812012,8002.414633812012
2026-08-18 12:33:15,7725.0,7745.5,Put VEX 5,VEX,-177419.195,8002.414633812012,8002.414633812012
2026-08-18 12:33:15,7735.0,7755.5,Put DEX 5,DEX,-45.729,8002.414633812012,8002.414633812012
2026-08-18 12:33:15,7750.0,7770.5,Put CEX 3,CEX,-1875144.581,8002.414633812012,8002.414633812012
2026-08-18 12:33:15,7750.0,7770.5,Put DEX 4,DEX,-87.928,8002.414633812012,8002.414633812012
2026-08-18 12:33:15,7750.0,7770.5,Put VEX 3,VEX,-597826.667,8002.414633812012,8002.414633812012
2026-08-18 12:33:15,7775.0,7795.5,Call GEX 1,GEX,216525.439,8002.414633812012,8002.414633812012
2026-08-18 12:33:15,7775.0,7795.5,Put VEX 4,VEX,-315353.753,8002.414633812012,8002.414633812012
2026-08-18 12:33:15,7800.0,7820.75,Put CEX 4,CEX,-1614608.797,8002.414633812012,8002.414633812012
2026-08-18 12:33:15,7800.0,7820.75,Put DEX 2,DEX,-109.446,8002.414633812012,8002.414633812012
2026-08-18 12:33:15,7800.0,7820.75,Call GEX 2,GEX,179077.383,8002.414633812012,8002.414633812012
2026-08-18 12:33:15,7800.0,7820.75,Put VEX 2,VEX,-672604.266,8002.414633812012,8002.414633812012
2026-08-18 12:33:15,7825.0,7845.75,Call GEX 3,GEX,91988.124,8002.414633812012,8002.414633812012
2026-08-18 12:33:15,7850.0,7870.75,Call GEX 4,GEX,86922.407,8002.414633812012,8002.414633812012
2026-08-18 12:33:15,7900.0,7921.0,Call GEX 5,GEX,85820.649,8002.414633812012,8002.414633812012
2026-08-18 12:33:15,8000.0,8021.25,Put CEX 1,CEX,-2434471.734,8002.414633812012,8002.414633812012
2026-08-18 12:33:15,8000.0,8021.25,Put DEX 1,DEX,-1022.559,8002.414633812012,8002.414633812012
2026-08-18 12:33:15,8000.0,8021.25,Put VEX 1,VEX,-1217424.565,8002.414633812012,8002.414633812012
2026-08-18 12:33:15,8500.0,8522.5,Put DEX 3,DEX,-106.781,8002.414633812012,8002.414633812012
2026-08-18 12:34:08,7400.0,7420.0,Call DEX 4,DEX,96.559,8001.512189180675,8001.512189180675
2026-08-18 12:34:08,7400.0,7420.0,Call VEX 3,VEX,620742.644,8001.512189180675,8001.512189180675
2026-08-18 12:34:08,7450.0,7470.0,Call DEX 5,DEX,94.335,8001.512189180675,8001.512189180675
2026-08-18 12:34:08,7500.0,7520.25,Call DEX 1,DEX,314.906,8001.512189180675,8001.512189180675
2026-08-18 12:34:08,7500.0,7520.25,Call VEX 2,VEX,851844.928,8001.512189180675,8001.512189180675
2026-08-18 12:34:08,7550.0,7570.5,Call DEX 3,DEX,146.92,8001.512189180675,8001.512189180675
2026-08-18 12:34:08,7550.0,7570.5,Call VEX 4,VEX,586077.547,8001.512189180675,8001.512189180675
2026-08-18 12:34:08,7600.0,7620.5,Call CEX 2,CEX,2027317.866,8001.512189180675,8001.512189180675
2026-08-18 12:34:08,7600.0,7620.5,Call DEX 2,DEX,198.059,8001.512189180675,8001.512189180675
2026-08-18 12:34:08,7600.0,7620.5,Call VEX 1,VEX,1043076.713,8001.512189180675,8001.512189180675
2026-08-18 12:34:08,7635.0,7655.5,Call CEX 1,CEX,2400664.445,8001.512189180675,8001.512189180675
2026-08-18 12:34:08,7650.0,7670.75,Call CEX 4,CEX,1818353.544,8001.512189180675,8001.512189180675
2026-08-18 12:34:08,7650.0,7670.75,Call VEX 5,VEX,551745.1,8001.512189180675,8001.512189180675
2026-08-18 12:34:08,7690.0,7710.75,Call CEX 3,CEX,1972345.08,8001.512189180675,8001.512189180675
2026-08-18 12:34:08,7690.0,7710.75,Put GEX 4,GEX,-308656.389,8001.512189180675,8001.512189180675
2026-08-18 12:34:08,7695.0,7715.75,Call CEX 5,CEX,1801302.497,8001.512189180675,8001.512189180675
2026-08-18 12:34:08,7695.0,7715.75,Put GEX 2,GEX,-541114.717,8001.512189180675,8001.512189180675
2026-08-18 12:34:08,7700.0,7720.75,Put CEX 5,CEX,-1090006.474,8001.512189180675,8001.512189180675
2026-08-18 12:34:08,7700.0,7720.75,Put GEX 1,GEX,-1451658.142,8001.512189180675,8001.512189180675
2026-08-18 12:34:08,7705.0,7725.75,Put CEX 3,CEX,-1607258.134,8001.512189180675,8001.512189180675
2026-08-18 12:34:08,7705.0,7725.75,Put GEX 5,GEX,-278327.218,8001.512189180675,8001.512189180675
2026-08-18 12:34:08,7720.0,7740.75,Put GEX 3,GEX,-314277.548,8001.512189180675,8001.512189180675
2026-08-18 12:34:08,7725.0,7745.75,Put VEX 5,VEX,-185344.705,8001.512189180675,8001.512189180675
2026-08-18 12:34:08,7735.0,7756.0,Put DEX 5,DEX,-46.376,8001.512189180675,8001.512189180675
2026-08-18 12:34:08,7750.0,7771.0,Put CEX 2,CEX,-1869698.959,8001.512189180675,8001.512189180675
2026-08-18 12:34:08,7750.0,7771.0,Put DEX 4,DEX,-90.333,8001.512189180675,8001.512189180675
2026-08-18 12:34:08,7750.0,7771.0,Put VEX 3,VEX,-603065.594,8001.512189180675,8001.512189180675
2026-08-18 12:34:08,7775.0,7796.0,Call GEX 1,GEX,213393.386,8001.512189180675,8001.512189180675
2026-08-18 12:34:08,7775.0,7796.0,Put VEX 4,VEX,-314183.059,8001.512189180675,8001.512189180675
2026-08-18 12:34:08,7800.0,7821.0,Put CEX 4,CEX,-1572780.243,8001.512189180675,8001.512189180675
2026-08-18 12:34:08,7800.0,7821.0,Put DEX 2,DEX,-111.576,8001.512189180675,8001.512189180675
2026-08-18 12:34:08,7800.0,7821.0,Call GEX 2,GEX,186996.059,8001.512189180675,8001.512189180675
2026-08-18 12:34:08,7800.0,7821.0,Put VEX 2,VEX,-656484.833,8001.512189180675,8001.512189180675
2026-08-18 12:34:08,7825.0,7846.0,Call GEX 3,GEX,91318.319,8001.512189180675,8001.512189180675
2026-08-18 12:34:08,7850.0,7871.25,Call GEX 4,GEX,85696.15,8001.512189180675,8001.512189180675
2026-08-18 12:34:08,7900.0,7921.25,Call GEX 5,GEX,85042.617,8001.512189180675,8001.512189180675
2026-08-18 12:34:08,8000.0,8021.5,Put CEX 1,CEX,-2142411.947,8001.512189180675,8001.512189180675
2026-08-18 12:34:08,8000.0,8021.5,Put DEX 1,DEX,-1028.126,8001.512189180675,8001.512189180675
2026-08-18 12:34:08,8000.0,8021.5,Put VEX 1,VEX,-1072870.652,8001.512189180675,8001.512189180675
2026-08-18 12:34:08,8500.0,8523.0,Put DEX 3,DEX,-107.021,8001.512189180675,8001.512189180675
2026-08-18 12:35:04,7400.0,7420.25,Call VEX 3,VEX,613565.499,8001.601121170994,8001.601121170994
2026-08-18 12:35:04,7450.0,7470.25,Call DEX 4,DEX,94.243,8001.601121170994,8001.601121170994
2026-08-18 12:35:04,7500.0,7520.5,Call DEX 1,DEX,313.248,8001.601121170994,8001.601121170994
2026-08-18 12:35:04,7500.0,7520.5,Call VEX 2,VEX,887187.57,8001.601121170994,8001.601121170994
2026-08-18 12:35:04,7550.0,7570.5,Call DEX 3,DEX,147.04,8001.601121170994,8001.601121170994
2026-08-18 12:35:04,7550.0,7570.5,Call VEX 4,VEX,583412.124,8001.601121170994,8001.601121170994
2026-08-18 12:35:04,7600.0,7620.75,Call CEX 3,CEX,2021536.45,8001.601121170994,8001.601121170994
2026-08-18 12:35:04,7600.0,7620.75,Call DEX 2,DEX,196.952,8001.601121170994,8001.601121170994
2026-08-18 12:35:04,7600.0,7620.75,Call VEX 1,VEX,1044561.524,8001.601121170994,8001.601121170994
2026-08-18 12:35:04,7635.0,7655.75,Call CEX 1,CEX,2438057.347,8001.601121170994,8001.601121170994
2026-08-18 12:35:04,7650.0,7670.75,Call CEX 4,CEX,1832308.238,8001.601121170994,8001.601121170994
2026-08-18 12:35:04,7650.0,7670.75,Call DEX 5,DEX,72.686,8001.601121170994,8001.601121170994
2026-08-18 12:35:04,7650.0,7670.75,Call VEX 5,VEX,547936.671,8001.601121170994,8001.601121170994
2026-08-18 12:35:04,7685.0,7706.0,Put GEX 5,GEX,-241409.084,8001.601121170994,8001.601121170994
2026-08-18 12:35:04,7690.0,7711.0,Call CEX 2,CEX,2024884.141,8001.601121170994,8001.601121170994
2026-08-18 12:35:04,7690.0,7711.0,Put GEX 3,GEX,-330018.893,8001.601121170994,8001.601121170994
2026-08-18 12:35:04,7695.0,7716.0,Call CEX 5,CEX,1651141.397,8001.601121170994,8001.601121170994
2026-08-18 12:35:04,7695.0,7716.0,Put GEX 2,GEX,-581823.579,8001.601121170994,8001.601121170994
2026-08-18 12:35:04,7700.0,7721.0,Put CEX 1,CEX,-2267428.434,8001.601121170994,8001.601121170994
2026-08-18 12:35:04,7700.0,7721.0,Put GEX 1,GEX,-1475250.389,8001.601121170994,8001.601121170994
2026-08-18 12:35:04,7705.0,7726.0,Put CEX 5,CEX,-1333912.792,8001.601121170994,8001.601121170994
2026-08-18 12:35:04,7720.0,7741.0,Put GEX 4,GEX,-311963.201,8001.601121170994,8001.601121170994
2026-08-18 12:35:04,7725.0,7746.0,Put VEX 5,VEX,-190522.226,8001.601121170994,8001.601121170994
2026-08-18 12:35:04,7735.0,7756.0,Put DEX 5,DEX,-46.92,8001.601121170994,8001.601121170994
2026-08-18 12:35:04,7750.0,7771.25,Put CEX 3,CEX,-1873424.357,8001.601121170994,8001.601121170994
2026-08-18 12:35:04,7750.0,7771.25,Put DEX 4,DEX,-91.321,8001.601121170994,8001.601121170994
2026-08-18 12:35:04,7750.0,7771.25,Put VEX 3,VEX,-606908.932,8001.601121170994,8001.601121170994
2026-08-18 12:35:04,7775.0,7796.25,Call GEX 1,GEX,210090.907,8001.601121170994,8001.601121170994
2026-08-18 12:35:04,7775.0,7796.25,Put VEX 4,VEX,-313874.452,8001.601121170994,8001.601121170994
2026-08-18 12:35:04,7800.0,7821.25,Put CEX 4,CEX,-1576379.157,8001.601121170994,8001.601121170994
2026-08-18 12:35:04,7800.0,7821.25,Put DEX 2,DEX,-111.589,8001.601121170994,8001.601121170994
2026-08-18 12:35:04,7800.0,7821.25,Call GEX 2,GEX,179612.193,8001.601121170994,8001.601121170994
2026-08-18 12:35:04,7800.0,7821.25,Put VEX 2,VEX,-657918.894,8001.601121170994,8001.601121170994
2026-08-18 12:35:04,7825.0,7846.25,Call GEX 3,GEX,90239.32,8001.601121170994,8001.601121170994
2026-08-18 12:35:04,7850.0,7871.5,Call GEX 4,GEX,85077.461,8001.601121170994,8001.601121170994
2026-08-18 12:35:04,7900.0,7921.5,Call GEX 5,GEX,84663.94,8001.601121170994,8001.601121170994
2026-08-18 12:35:04,8000.0,8021.75,Put CEX 2,CEX,-2160493.954,8001.601121170994,8001.601121170994
2026-08-18 12:35:04,8000.0,8021.75,Put DEX 1,DEX,-1027.597,8001.601121170994,8001.601121170994
2026-08-18 12:35:04,8000.0,8021.75,Put VEX 1,VEX,-1083355.523,8001.601121170994,8001.601121170994
2026-08-18 12:35:04,8500.0,8523.25,Put DEX 3,DEX,-106.987,8001.601121170994,8001.601121170994
2026-08-18 12:35:58,7400.0,7420.0,Call VEX 3,VEX,611462.217,8002.039681061435,8002.039681061435
2026-08-18 12:35:58,7450.0,7470.0,Call DEX 4,DEX,93.777,8002.039681061435,8002.039681061435
2026-08-18 12:35:58,7500.0,7520.25,Call DEX 1,DEX,314.991,8002.039681061435,8002.039681061435
2026-08-18 12:35:58,7500.0,7520.25,Call VEX 2,VEX,887323.718,8002.039681061435,8002.039681061435
2026-08-18 12:35:58,7550.0,7570.5,Call DEX 3,DEX,147.169,8002.039681061435,8002.039681061435
2026-08-18 12:35:58,7550.0,7570.5,Call VEX 4,VEX,580823.953,8002.039681061435,8002.039681061435
2026-08-18 12:35:58,7600.0,7620.5,Call CEX 3,CEX,1998325.76,8002.039681061435,8002.039681061435
2026-08-18 12:35:58,7600.0,7620.5,Call DEX 2,DEX,197.466,8002.039681061435,8002.039681061435
2026-08-18 12:35:58,7600.0,7620.5,Call VEX 1,VEX,1042530.642,8002.039681061435,8002.039681061435
2026-08-18 12:35:58,7635.0,7655.5,Call CEX 1,CEX,2458442.147,8002.039681061435,8002.039681061435
2026-08-18 12:35:58,7650.0,7670.75,Call CEX 4,CEX,1828910.759,8002.039681061435,8002.039681061435
2026-08-18 12:35:58,7650.0,7670.75,Call DEX 5,DEX,72.617,8002.039681061435,8002.039681061435
2026-08-18 12:35:58,7650.0,7670.75,Call VEX 5,VEX,547421.773,8002.039681061435,8002.039681061435
2026-08-18 12:35:58,7685.0,7705.75,Put GEX 5,GEX,-251335.49,8002.039681061435,8002.039681061435
2026-08-18 12:35:58,7690.0,7710.75,Call CEX 2,CEX,2076378.774,8002.039681061435,8002.039681061435
2026-08-18 12:35:58,7690.0,7710.75,Put GEX 3,GEX,-334524.733,8002.039681061435,8002.039681061435
2026-08-18 12:35:58,7695.0,7715.75,Call CEX 5,CEX,1638955.034,8002.039681061435,8002.039681061435
2026-08-18 12:35:58,7695.0,7715.75,Put GEX 2,GEX,-576425.386,8002.039681061435,8002.039681061435
2026-08-18 12:35:58,7700.0,7720.75,Put CEX 1,CEX,-2310627.112,8002.039681061435,8002.039681061435
2026-08-18 12:35:58,7700.0,7720.75,Put GEX 1,GEX,-1424703.377,8002.039681061435,8002.039681061435
2026-08-18 12:35:58,7705.0,7725.75,Put CEX 5,CEX,-1513991.78,8002.039681061435,8002.039681061435
2026-08-18 12:35:58,7720.0,7740.75,Put GEX 4,GEX,-308492.694,8002.039681061435,8002.039681061435
2026-08-18 12:35:58,7725.0,7745.75,Put VEX 5,VEX,-189703.219,8002.039681061435,8002.039681061435
2026-08-18 12:35:58,7735.0,7756.0,Put DEX 5,DEX,-46.822,8002.039681061435,8002.039681061435
2026-08-18 12:35:58,7750.0,7771.0,Put CEX 3,CEX,-1875233.567,8002.039681061435,8002.039681061435
2026-08-18 12:35:58,7750.0,7771.0,Put DEX 4,DEX,-91.231,8002.039681061435,8002.039681061435
2026-08-18 12:35:58,7750.0,7771.0,Put VEX 3,VEX,-606567.585,8002.039681061435,8002.039681061435
2026-08-18 12:35:58,7775.0,7796.0,Call GEX 1,GEX,209686.547,8002.039681061435,8002.039681061435
2026-08-18 12:35:58,7775.0,7796.0,Put VEX 4,VEX,-314077.613,8002.039681061435,8002.039681061435
2026-08-18 12:35:58,7800.0,7821.0,Put CEX 4,CEX,-1584869.366,8002.039681061435,8002.039681061435
2026-08-18 12:35:58,7800.0,7821.0,Put DEX 2,DEX,-111.278,8002.039681061435,8002.039681061435
2026-08-18 12:35:58,7800.0,7821.0,Call GEX 2,GEX,175036.802,8002.039681061435,8002.039681061435
2026-08-18 12:35:58,7800.0,7821.0,Put VEX 2,VEX,-660675.913,8002.039681061435,8002.039681061435
2026-08-18 12:35:58,7825.0,7846.25,Call GEX 3,GEX,90263.557,8002.039681061435,8002.039681061435
2026-08-18 12:35:58,7850.0,7871.25,Call GEX 4,GEX,85085.242,8002.039681061435,8002.039681061435
2026-08-18 12:35:58,7900.0,7921.25,Call GEX 5,GEX,84740.918,8002.039681061435,8002.039681061435
2026-08-18 12:35:58,8000.0,8021.5,Put CEX 2,CEX,-2297726.107,8002.039681061435,8002.039681061435
2026-08-18 12:35:58,8000.0,8021.5,Put DEX 1,DEX,-1025.061,8002.039681061435,8002.039681061435
2026-08-18 12:35:58,8000.0,8021.5,Put VEX 1,VEX,-1148790.468,8002.039681061435,8002.039681061435
2026-08-18 12:35:58,8500.0,8523.0,Put DEX 3,DEX,-106.896,8002.039681061435,8002.039681061435
2026-08-18 12:36:54,7400.0,7419.75,Call DEX 4,DEX,96.203,8000.573585934262,8000.573585934262
2026-08-18 12:36:54,7400.0,7419.75,Call VEX 3,VEX,636134.984,8000.573585934262,8000.573585934262
2026-08-18 12:36:54,7450.0,7470.0,Call DEX 5,DEX,94.386,8000.573585934262,8000.573585934262
2026-08-18 12:36:54,7500.0,7520.0,Call DEX 1,DEX,316.843,8000.573585934262,8000.573585934262
2026-08-18 12:36:54,7500.0,7520.0,Call VEX 2,VEX,849352.337,8000.573585934262,8000.573585934262
2026-08-18 12:36:54,7550.0,7570.25,Call DEX 3,DEX,147.059,8000.573585934262,8000.573585934262
2026-08-18 12:36:54,7550.0,7570.25,Call VEX 4,VEX,584915.684,8000.573585934262,8000.573585934262
2026-08-18 12:36:54,7600.0,7620.25,Call CEX 2,CEX,2048235.952,8000.573585934262,8000.573585934262
2026-08-18 12:36:54,7600.0,7620.25,Call DEX 2,DEX,197.842,8000.573585934262,8000.573585934262
2026-08-18 12:36:54,7600.0,7620.25,Call VEX 1,VEX,1044368.221,8000.573585934262,8000.573585934262
2026-08-18 12:36:54,7635.0,7655.5,Call CEX 1,CEX,2466269.832,8000.573585934262,8000.573585934262
2026-08-18 12:36:54,7650.0,7670.5,Call CEX 5,CEX,1850898.584,8000.573585934262,8000.573585934262
2026-08-18 12:36:54,7650.0,7670.5,Call VEX 5,VEX,551635.886,8000.573585934262,8000.573585934262
2026-08-18 12:36:54,7690.0,7710.5,Call CEX 3,CEX,2002553.028,8000.573585934262,8000.573585934262
2026-08-18 12:36:54,7690.0,7710.5,Put GEX 4,GEX,-307458.931,8000.573585934262,8000.573585934262
2026-08-18 12:36:54,7695.0,7715.5,Call CEX 4,CEX,1871557.767,8000.573585934262,8000.573585934262
2026-08-18 12:36:54,7695.0,7715.5,Put GEX 2,GEX,-550302.213,8000.573585934262,8000.573585934262
2026-08-18 12:36:54,7700.0,7720.5,Put CEX 4,CEX,-1248458.397,8000.573585934262,8000.573585934262
2026-08-18 12:36:54,7700.0,7720.5,Put GEX 1,GEX,-1605803.023,8000.573585934262,8000.573585934262
2026-08-18 12:36:54,7705.0,7725.5,Put CEX 5,CEX,-992468.612,8000.573585934262,8000.573585934262
2026-08-18 12:36:54,7720.0,7740.5,Put GEX 3,GEX,-318530.47,8000.573585934262,8000.573585934262
2026-08-18 12:36:54,7725.0,7745.75,Put VEX 5,VEX,-185156.802,8000.573585934262,8000.573585934262
2026-08-18 12:36:54,7735.0,7755.75,Put DEX 5,DEX,-46.524,8000.573585934262,8000.573585934262
2026-08-18 12:36:54,7735.0,7755.75,Put GEX 5,GEX,-240332.775,8000.573585934262,8000.573585934262
2026-08-18 12:36:54,7750.0,7770.75,Put CEX 2,CEX,-1874265.801,8000.573585934262,8000.573585934262
2026-08-18 12:36:54,7750.0,7770.75,Put DEX 4,DEX,-90.437,8000.573585934262,8000.573585934262
2026-08-18 12:36:54,7750.0,7770.75,Put VEX 3,VEX,-602491.145,8000.573585934262,8000.573585934262
2026-08-18 12:36:54,7775.0,7795.75,Call GEX 1,GEX,212547.309,8000.573585934262,8000.573585934262
2026-08-18 12:36:54,7775.0,7795.75,Put VEX 4,VEX,-313754.953,8000.573585934262,8000.573585934262
2026-08-18 12:36:54,7800.0,7820.75,Put CEX 3,CEX,-1595027.904,8000.573585934262,8000.573585934262
2026-08-18 12:36:54,7800.0,7820.75,Put DEX 2,DEX,-110.952,8000.573585934262,8000.573585934262
2026-08-18 12:36:54,7800.0,7820.75,Call GEX 2,GEX,181925.158,8000.573585934262,8000.573585934262
2026-08-18 12:36:54,7800.0,7820.75,Put VEX 2,VEX,-661319.644,8000.573585934262,8000.573585934262
2026-08-18 12:36:54,7825.0,7846.0,Call GEX 3,GEX,90876.98,8000.573585934262,8000.573585934262
2026-08-18 12:36:54,7850.0,7871.0,Call GEX 4,GEX,85606.548,8000.573585934262,8000.573585934262
2026-08-18 12:36:54,7900.0,7921.0,Call GEX 5,GEX,84861.269,8000.573585934262,8000.573585934262
2026-08-18 12:36:54,8000.0,8021.25,Put CEX 1,CEX,-1966852.604,8000.573585934262,8000.573585934262
2026-08-18 12:36:54,8000.0,8021.25,Put DEX 1,DEX,-1031.068,8000.573585934262,8000.573585934262
2026-08-18 12:36:54,8000.0,8021.25,Put VEX 1,VEX,-987721.847,8000.573585934262,8000.573585934262
2026-08-18 12:36:54,8500.0,8522.75,Put DEX 3,DEX,-107.226,8000.573585934262,8000.573585934262
2026-08-18 12:37:43,7000.0,7019.25,Call DEX 1,DEX,1041.602,7702.486719954365,7702.486719954365
2026-08-18 12:37:43,7400.0,7420.5,Call DEX 5,DEX,95.114,7702.486719954365,7702.486719954365
2026-08-18 12:37:43,7400.0,7420.5,Call VEX 3,VEX,665643.605,7702.486719954365,7702.486719954365
2026-08-18 12:37:43,7500.0,7520.75,Call DEX 2,DEX,313.269,7702.486719954365,7702.486719954365
2026-08-18 12:37:43,7500.0,7520.75,Call VEX 2,VEX,921115.492,7702.486719954365,7702.486719954365
2026-08-18 12:37:43,7550.0,7570.75,Call DEX 4,DEX,145.612,7702.486719954365,7702.486719954365
2026-08-18 12:37:43,7550.0,7570.75,Call VEX 4,VEX,600098.202,7702.486719954365,7702.486719954365
2026-08-18 12:37:43,7600.0,7621.0,Call CEX 2,CEX,2127882.442,7702.486719954365,7702.486719954365
2026-08-18 12:37:43,7600.0,7621.0,Call DEX 3,DEX,195.223,7702.486719954365,7702.486719954365
2026-08-18 12:37:43,7600.0,7621.0,Call VEX 1,VEX,1051134.154,7702.486719954365,7702.486719954365
2026-08-18 12:37:43,7635.0,7656.0,Call CEX 1,CEX,2512051.57,7702.486719954365,7702.486719954365
2026-08-18 12:37:43,7650.0,7671.0,Call CEX 4,CEX,1893195.267,7702.486719954365,7702.486719954365
2026-08-18 12:37:43,7650.0,7671.0,Call VEX 5,VEX,545786.486,7702.486719954365,7702.486719954365
2026-08-18 12:37:43,7685.0,7706.25,Put GEX 5,GEX,-245761.477,7702.486719954365,7702.486719954365
2026-08-18 12:37:43,7690.0,7711.25,Call CEX 3,CEX,2031738.998,7702.486719954365,7702.486719954365
2026-08-18 12:37:43,7690.0,7711.25,Put GEX 3,GEX,-335234.591,7702.486719954365,7702.486719954365
2026-08-18 12:37:43,7695.0,7716.25,Call CEX 5,CEX,1732721.38,7702.486719954365,7702.486719954365
2026-08-18 12:37:43,7695.0,7716.25,Put GEX 2,GEX,-633581.134,7702.486719954365,7702.486719954365
2026-08-18 12:37:43,7700.0,7721.25,Put CEX 1,CEX,-3253450.365,7702.486719954365,7702.486719954365
2026-08-18 12:37:43,7700.0,7721.25,Put GEX 1,GEX,-1911716.887,7702.486719954365,7702.486719954365
2026-08-18 12:37:43,7720.0,7741.25,Put GEX 4,GEX,-322099.806,7702.486719954365,7702.486719954365
2026-08-18 12:37:43,7725.0,7746.25,Put CEX 5,CEX,-856399.912,7702.486719954365,7702.486719954365
2026-08-18 12:37:43,7725.0,7746.25,Put DEX 5,DEX,-38.11,7702.486719954365,7702.486719954365
2026-08-18 12:37:43,7725.0,7746.25,Put VEX 5,VEX,-192013.373,7702.486719954365,7702.486719954365
2026-08-18 12:37:43,7735.0,7756.25,Put DEX 4,DEX,-47.359,7702.486719954365,7702.486719954365
2026-08-18 12:37:43,7750.0,7771.25,Put CEX 2,CEX,-1857449.52,7702.486719954365,7702.486719954365
2026-08-18 12:37:43,7750.0,7771.25,Put DEX 3,DEX,-92.851,7702.486719954365,7702.486719954365
2026-08-18 12:37:43,7750.0,7771.25,Call GEX 5,GEX,85724.77,7702.486719954365,7702.486719954365
2026-08-18 12:37:43,7750.0,7771.25,Put VEX 2,VEX,-604760.559,7702.486719954365,7702.486719954365
2026-08-18 12:37:43,7775.0,7796.5,Put CEX 4,CEX,-908671.576,7702.486719954365,7702.486719954365
2026-08-18 12:37:43,7775.0,7796.5,Call GEX 1,GEX,212016.083,7702.486719954365,7702.486719954365
2026-08-18 12:37:43,7775.0,7796.5,Put VEX 4,VEX,-311323.352,7702.486719954365,7702.486719954365
2026-08-18 12:37:43,7800.0,7821.5,Put CEX 3,CEX,-1531235.174,7702.486719954365,7702.486719954365
2026-08-18 12:37:43,7800.0,7821.5,Put DEX 1,DEX,-108.409,7702.486719954365,7702.486719954365
2026-08-18 12:37:43,7800.0,7821.5,Call GEX 2,GEX,195361.847,7702.486719954365,7702.486719954365
2026-08-18 12:37:43,7800.0,7821.5,Put VEX 1,VEX,-640165.265,7702.486719954365,7702.486719954365
2026-08-18 12:37:43,7825.0,7846.5,Call GEX 4,GEX,90563.057,7702.486719954365,7702.486719954365
2026-08-18 12:37:43,8000.0,8022.0,Call GEX 3,GEX,99390.861,7702.486719954365,7702.486719954365
2026-08-18 12:37:43,8000.0,8022.0,Put VEX 3,VEX,-356049.355,7702.486719954365,7702.486719954365
2026-08-18 12:37:43,8500.0,8523.5,Put DEX 2,DEX,-107.648,7702.486719954365,7702.486719954365
2026-08-18 12:38:33,7400.0,7419.5,Call VEX 3,VEX,608175.076,8002.465846928442,8002.465846928442
2026-08-18 12:38:33,7450.0,7469.75,Call DEX 4,DEX,93.803,8002.465846928442,8002.465846928442
2026-08-18 12:38:33,7500.0,7519.75,Call DEX 1,DEX,316.243,8002.465846928442,8002.465846928442
2026-08-18 12:38:33,7500.0,7519.75,Call VEX 2,VEX,844793.884,8002.465846928442,8002.465846928442
2026-08-18 12:38:33,7550.0,7570.0,Call DEX 3,DEX,146.239,8002.465846928442,8002.465846928442
2026-08-18 12:38:33,7550.0,7570.0,Call VEX 4,VEX,575816.121,8002.465846928442,8002.465846928442
2026-08-18 12:38:33,7600.0,7620.0,Call CEX 3,CEX,1931529.995,8002.465846928442,8002.465846928442
2026-08-18 12:38:33,7600.0,7620.0,Call DEX 2,DEX,198.607,8002.465846928442,8002.465846928442
2026-08-18 12:38:33,7600.0,7620.0,Call VEX 1,VEX,1037929.617,8002.465846928442,8002.465846928442
2026-08-18 12:38:33,7635.0,7655.25,Call CEX 1,CEX,2499708.951,8002.465846928442,8002.465846928442
2026-08-18 12:38:33,7650.0,7670.25,Call CEX 5,CEX,1829997.183,8002.465846928442,8002.465846928442
2026-08-18 12:38:33,7650.0,7670.25,Call DEX 5,DEX,73.437,8002.465846928442,8002.465846928442
2026-08-18 12:38:33,7650.0,7670.25,Call VEX 5,VEX,550641.776,8002.465846928442,8002.465846928442
2026-08-18 12:38:33,7690.0,7710.25,Call CEX 2,CEX,2065514.823,8002.465846928442,8002.465846928442
2026-08-18 12:38:33,7690.0,7710.25,Put GEX 4,GEX,-308814.802,8002.465846928442,8002.465846928442
2026-08-18 12:38:33,7695.0,7715.25,Call CEX 4,CEX,1887243.084,8002.465846928442,8002.465846928442
2026-08-18 12:38:33,7695.0,7715.25,Put GEX 2,GEX,-543089.02,8002.465846928442,8002.465846928442
2026-08-18 12:38:33,7700.0,7720.25,Put CEX 5,CEX,-1231116.756,8002.465846928442,8002.465846928442
2026-08-18 12:38:33,7700.0,7720.25,Put GEX 1,GEX,-1408912.716,8002.465846928442,8002.465846928442
2026-08-18 12:38:33,7705.0,7725.25,Put CEX 3,CEX,-1780444.501,8002.465846928442,8002.465846928442
2026-08-18 12:38:33,7705.0,7725.25,Put GEX 5,GEX,-291743.32,8002.465846928442,8002.465846928442
2026-08-18 12:38:33,7720.0,7740.5,Put GEX 3,GEX,-308985.654,8002.465846928442,8002.465846928442
2026-08-18 12:38:33,7725.0,7745.5,Put VEX 5,VEX,-184576.189,8002.465846928442,8002.465846928442
2026-08-18 12:38:33,7735.0,7755.5,Put DEX 5,DEX,-46.329,8002.465846928442,8002.465846928442
2026-08-18 12:38:33,7750.0,7770.5,Put CEX 2,CEX,-1889049.984,8002.465846928442,8002.465846928442
2026-08-18 12:38:33,7750.0,7770.5,Put DEX 4,DEX,-89.716,8002.465846928442,8002.465846928442
2026-08-18 12:38:33,7750.0,7770.5,Put VEX 3,VEX,-603428.27,8002.465846928442,8002.465846928442
2026-08-18 12:38:33,7775.0,7795.5,Call GEX 1,GEX,211821.913,8002.465846928442,8002.465846928442
2026-08-18 12:38:33,7775.0,7795.5,Put VEX 4,VEX,-314927.412,8002.465846928442,8002.465846928442
2026-08-18 12:38:33,7800.0,7820.5,Put CEX 4,CEX,-1620822.773,8002.465846928442,8002.465846928442
2026-08-18 12:38:33,7800.0,7820.5,Put DEX 2,DEX,-110.295,8002.465846928442,8002.465846928442
2026-08-18 12:38:33,7800.0,7820.5,Call GEX 2,GEX,177692.714,8002.465846928442,8002.465846928442
2026-08-18 12:38:33,7800.0,7820.5,Put VEX 2,VEX,-667887.543,8002.465846928442,8002.465846928442
2026-08-18 12:38:33,7825.0,7845.75,Call GEX 3,GEX,90889.032,8002.465846928442,8002.465846928442
2026-08-18 12:38:33,7850.0,7870.75,Call GEX 4,GEX,85593.662,8002.465846928442,8002.465846928442
2026-08-18 12:38:33,7900.0,7920.75,Call GEX 5,GEX,84979.203,8002.465846928442,8002.465846928442
2026-08-18 12:38:33,8000.0,8021.25,Put CEX 1,CEX,-2459409.771,8002.465846928442,8002.465846928442
2026-08-18 12:38:33,8000.0,8021.25,Put DEX 1,DEX,-1022.147,8002.465846928442,8002.465846928442
2026-08-18 12:38:33,8000.0,8021.25,Put VEX 1,VEX,-1223110.943,8002.465846928442,8002.465846928442
2026-08-18 12:38:33,8500.0,8522.5,Put DEX 3,DEX,-106.747,8002.465846928442,8002.465846928442
2026-08-18 12:39:14,7400.0,7420.0,Call VEX 3,VEX,608175.076,8002.465846928442,8002.465846928442
2026-08-18 12:39:14,7450.0,7470.25,Call DEX 4,DEX,93.803,8002.465846928442,8002.465846928442
2026-08-18 12:39:14,7500.0,7520.25,Call DEX 1,DEX,316.243,8002.465846928442,8002.465846928442
2026-08-18 12:39:14,7500.0,7520.25,Call VEX 2,VEX,844793.884,8002.465846928442,8002.465846928442
2026-08-18 12:39:14,7550.0,7570.5,Call DEX 3,DEX,146.239,8002.465846928442,8002.465846928442
2026-08-18 12:39:14,7550.0,7570.5,Call VEX 4,VEX,575816.121,8002.465846928442,8002.465846928442
2026-08-18 12:39:14,7600.0,7620.5,Call CEX 3,CEX,1931529.995,8002.465846928442,8002.465846928442
2026-08-18 12:39:14,7600.0,7620.5,Call DEX 2,DEX,198.607,8002.465846928442,8002.465846928442
2026-08-18 12:39:14,7600.0,7620.5,Call VEX 1,VEX,1037929.617,8002.465846928442,8002.465846928442
2026-08-18 12:39:14,7635.0,7655.75,Call CEX 1,CEX,2499708.951,8002.465846928442,8002.465846928442
2026-08-18 12:39:14,7650.0,7670.75,Call CEX 5,CEX,1829997.183,8002.465846928442,8002.465846928442
2026-08-18 12:39:14,7650.0,7670.75,Call DEX 5,DEX,73.437,8002.465846928442,8002.465846928442
2026-08-18 12:39:14,7650.0,7670.75,Call VEX 5,VEX,550641.776,8002.465846928442,8002.465846928442
2026-08-18 12:39:14,7690.0,7710.75,Call CEX 2,CEX,2065514.823,8002.465846928442,8002.465846928442
2026-08-18 12:39:14,7690.0,7710.75,Put GEX 4,GEX,-308814.802,8002.465846928442,8002.465846928442
2026-08-18 12:39:14,7695.0,7715.75,Call CEX 4,CEX,1887243.084,8002.465846928442,8002.465846928442
2026-08-18 12:39:14,7695.0,7715.75,Put GEX 2,GEX,-543089.02,8002.465846928442,8002.465846928442
2026-08-18 12:39:14,7700.0,7720.75,Put CEX 5,CEX,-1231116.756,8002.465846928442,8002.465846928442
2026-08-18 12:39:14,7700.0,7720.75,Put GEX 1,GEX,-1408912.716,8002.465846928442,8002.465846928442
2026-08-18 12:39:14,7705.0,7725.75,Put CEX 3,CEX,-1780444.501,8002.465846928442,8002.465846928442
2026-08-18 12:39:14,7705.0,7725.75,Put GEX 5,GEX,-291743.32,8002.465846928442,8002.465846928442
2026-08-18 12:39:14,7720.0,7740.75,Put GEX 3,GEX,-308985.654,8002.465846928442,8002.465846928442
2026-08-18 12:39:14,7725.0,7746.0,Put VEX 5,VEX,-184576.189,8002.465846928442,8002.465846928442
2026-08-18 12:39:14,7735.0,7756.0,Put DEX 5,DEX,-46.329,8002.465846928442,8002.465846928442
2026-08-18 12:39:14,7750.0,7771.0,Put CEX 2,CEX,-1889049.984,8002.465846928442,8002.465846928442
2026-08-18 12:39:14,7750.0,7771.0,Put DEX 4,DEX,-89.716,8002.465846928442,8002.465846928442
2026-08-18 12:39:14,7750.0,7771.0,Put VEX 3,VEX,-603428.27,8002.465846928442,8002.465846928442
2026-08-18 12:39:14,7775.0,7796.0,Call GEX 1,GEX,211821.913,8002.465846928442,8002.465846928442
2026-08-18 12:39:14,7775.0,7796.0,Put VEX 4,VEX,-314927.412,8002.465846928442,8002.465846928442
2026-08-18 12:39:14,7800.0,7821.0,Put CEX 4,CEX,-1620822.773,8002.465846928442,8002.465846928442
2026-08-18 12:39:14,7800.0,7821.0,Put DEX 2,DEX,-110.295,8002.465846928442,8002.465846928442
2026-08-18 12:39:14,7800.0,7821.0,Call GEX 2,GEX,177692.714,8002.465846928442,8002.465846928442
2026-08-18 12:39:14,7800.0,7821.0,Put VEX 2,VEX,-667887.543,8002.465846928442,8002.465846928442
2026-08-18 12:39:14,7825.0,7846.25,Call GEX 3,GEX,90889.032,8002.465846928442,8002.465846928442
2026-08-18 12:39:14,7850.0,7871.25,Call GEX 4,GEX,85593.662,8002.465846928442,8002.465846928442
2026-08-18 12:39:14,7900.0,7921.25,Call GEX 5,GEX,84979.203,8002.465846928442,8002.465846928442
2026-08-18 12:39:14,8000.0,8021.5,Put CEX 1,CEX,-2459409.771,8002.465846928442,8002.465846928442
2026-08-18 12:39:14,8000.0,8021.5,Put DEX 1,DEX,-1022.147,8002.465846928442,8002.465846928442
2026-08-18 12:39:14,8000.0,8021.5,Put VEX 1,VEX,-1223110.943,8002.465846928442,8002.465846928442
2026-08-18 12:39:14,8500.0,8523.0,Put DEX 3,DEX,-106.747,8002.465846928442,8002.465846928442
2026-08-18 12:40:10,7400.0,7420.0,Call VEX 3,VEX,607951.698,8002.128316740307,8002.128316740307
2026-08-18 12:40:10,7450.0,7470.0,Call DEX 4,DEX,93.48,8002.128316740307,8002.128316740307
2026-08-18 12:40:10,7500.0,7520.25,Call DEX 1,DEX,313.538,8002.128316740307,8002.128316740307
2026-08-18 12:40:10,7500.0,7520.25,Call VEX 2,VEX,866714.859,8002.128316740307,8002.128316740307
2026-08-18 12:40:10,7550.0,7570.25,Call DEX 3,DEX,146.792,8002.128316740307,8002.128316740307
2026-08-18 12:40:10,7550.0,7570.25,Call VEX 4,VEX,573020.442,8002.128316740307,8002.128316740307
2026-08-18 12:40:10,7600.0,7620.5,Call CEX 4,CEX,1975108.835,8002.128316740307,8002.128316740307
2026-08-18 12:40:10,7600.0,7620.5,Call DEX 2,DEX,199.042,8002.128316740307,8002.128316740307
2026-08-18 12:40:10,7600.0,7620.5,Call VEX 1,VEX,1038091.905,8002.128316740307,8002.128316740307
2026-08-18 12:40:10,7635.0,7655.5,Call CEX 1,CEX,2532227.533,8002.128316740307,8002.128316740307
2026-08-18 12:40:10,7650.0,7670.75,Call CEX 5,CEX,1858291.354,8002.128316740307,8002.128316740307
2026-08-18 12:40:10,7650.0,7670.75,Call DEX 5,DEX,73.856,8002.128316740307,8002.128316740307
2026-08-18 12:40:10,7650.0,7670.75,Call VEX 5,VEX,552659.578,8002.128316740307,8002.128316740307
2026-08-18 12:40:10,7690.0,7710.75,Call CEX 2,CEX,2002988.614,8002.128316740307,8002.128316740307
2026-08-18 12:40:10,7690.0,7710.75,Put GEX 5,GEX,-291683.287,8002.128316740307,8002.128316740307
2026-08-18 12:40:10,7695.0,7715.75,Call CEX 3,CEX,1996331.031,8002.128316740307,8002.128316740307
2026-08-18 12:40:10,7695.0,7715.75,Put GEX 2,GEX,-529047.566,8002.128316740307,8002.128316740307
2026-08-18 12:40:10,7700.0,7720.75,Put GEX 1,GEX,-1439271.06,8002.128316740307,8002.128316740307
2026-08-18 12:40:10,7705.0,7725.75,Put CEX 3,CEX,-1805248.144,8002.128316740307,8002.128316740307
2026-08-18 12:40:10,7705.0,7725.75,Put GEX 4,GEX,-308296.292,8002.128316740307,8002.128316740307
2026-08-18 12:40:10,7720.0,7740.75,Put GEX 3,GEX,-310466.243,8002.128316740307,8002.128316740307
2026-08-18 12:40:10,7725.0,7745.75,Put VEX 5,VEX,-183255.302,8002.128316740307,8002.128316740307
2026-08-18 12:40:10,7735.0,7755.75,Put DEX 5,DEX,-46.295,8002.128316740307,8002.128316740307
2026-08-18 12:40:10,7750.0,7771.0,Put CEX 2,CEX,-1891156.179,8002.128316740307,8002.128316740307
2026-08-18 12:40:10,7750.0,7771.0,Put DEX 4,DEX,-89.328,8002.128316740307,8002.128316740307
2026-08-18 12:40:10,7750.0,7771.0,Put VEX 3,VEX,-601157.28,8002.128316740307,8002.128316740307
2026-08-18 12:40:10,7775.0,7796.0,Put CEX 5,CEX,-938283.99,8002.128316740307,8002.128316740307
2026-08-18 12:40:10,7775.0,7796.0,Call GEX 1,GEX,213903.027,8002.128316740307,8002.128316740307
2026-08-18 12:40:10,7775.0,7796.0,Put VEX 4,VEX,-315026.641,8002.128316740307,8002.128316740307
2026-08-18 12:40:10,7800.0,7821.0,Put CEX 4,CEX,-1631180.881,8002.128316740307,8002.128316740307
2026-08-18 12:40:10,7800.0,7821.0,Put DEX 2,DEX,-110.013,8002.128316740307,8002.128316740307
2026-08-18 12:40:10,7800.0,7821.0,Call GEX 2,GEX,179460.457,8002.128316740307,8002.128316740307
2026-08-18 12:40:10,7800.0,7821.0,Put VEX 2,VEX,-669900.301,8002.128316740307,8002.128316740307
2026-08-18 12:40:10,7825.0,7846.0,Call GEX 3,GEX,92168.796,8002.128316740307,8002.128316740307
2026-08-18 12:40:10,7850.0,7871.25,Call GEX 4,GEX,86897.399,8002.128316740307,8002.128316740307
2026-08-18 12:40:10,7900.0,7921.25,Call GEX 5,GEX,86694.026,8002.128316740307,8002.128316740307
2026-08-18 12:40:10,8000.0,8021.5,Put CEX 1,CEX,-2330196.006,8002.128316740307,8002.128316740307
2026-08-18 12:40:10,8000.0,8021.5,Put DEX 1,DEX,-1024.805,8002.128316740307,8002.128316740307
2026-08-18 12:40:10,8000.0,8021.5,Put VEX 1,VEX,-1159129.745,8002.128316740307,8002.128316740307
2026-08-18 12:40:10,8500.0,8523.0,Put DEX 3,DEX,-106.815,8002.128316740307,8002.128316740307
2026-08-18 12:40:57,7400.0,7419.75,Call VEX 3,VEX,609035.219,8002.278686011465,8002.278686011465
2026-08-18 12:40:57,7450.0,7470.0,Call DEX 4,DEX,93.531,8002.278686011465,8002.278686011465
2026-08-18 12:40:57,7500.0,7520.0,Call DEX 1,DEX,315.393,8002.278686011465,8002.278686011465
2026-08-18 12:40:57,7500.0,7520.0,Call VEX 2,VEX,862553.479,8002.278686011465,8002.278686011465
2026-08-18 12:40:57,7550.0,7570.25,Call DEX 3,DEX,146.065,8002.278686011465,8002.278686011465
2026-08-18 12:40:57,7550.0,7570.25,Call VEX 4,VEX,577767.935,8002.278686011465,8002.278686011465
2026-08-18 12:40:57,7600.0,7620.5,Call CEX 3,CEX,1993424.319,8002.278686011465,8002.278686011465
2026-08-18 12:40:57,7600.0,7620.5,Call DEX 2,DEX,198.327,8002.278686011465,8002.278686011465
2026-08-18 12:40:57,7600.0,7620.5,Call VEX 1,VEX,1039370.592,8002.278686011465,8002.278686011465
2026-08-18 12:40:57,7635.0,7655.5,Call CEX 1,CEX,2569626.794,8002.278686011465,8002.278686011465
2026-08-18 12:40:57,7650.0,7670.5,Call CEX 5,CEX,1869118.333,8002.278686011465,8002.278686011465
2026-08-18 12:40:57,7650.0,7670.5,Call DEX 5,DEX,73.174,8002.278686011465,8002.278686011465
2026-08-18 12:40:57,7650.0,7670.5,Call VEX 5,VEX,549577.705,8002.278686011465,8002.278686011465
2026-08-18 12:40:57,7690.0,7710.75,Call CEX 2,CEX,2046125.376,8002.278686011465,8002.278686011465
2026-08-18 12:40:57,7690.0,7710.75,Put GEX 4,GEX,-306594.25,8002.278686011465,8002.278686011465
2026-08-18 12:40:57,7695.0,7715.75,Call CEX 4,CEX,1923934.849,8002.278686011465,8002.278686011465
2026-08-18 12:40:57,7695.0,7715.75,Put GEX 2,GEX,-576454.483,8002.278686011465,8002.278686011465
2026-08-18 12:40:57,7700.0,7720.75,Put CEX 2,CEX,-1893171.948,8002.278686011465,8002.278686011465
2026-08-18 12:40:57,7700.0,7720.75,Put GEX 1,GEX,-1523936.186,8002.278686011465,8002.278686011465
2026-08-18 12:40:57,7705.0,7725.75,Put CEX 4,CEX,-1738817.279,8002.278686011465,8002.278686011465
2026-08-18 12:40:57,7705.0,7725.75,Put GEX 5,GEX,-261235.561,8002.278686011465,8002.278686011465
2026-08-18 12:40:57,7720.0,7740.75,Put GEX 3,GEX,-309833.114,8002.278686011465,8002.278686011465
2026-08-18 12:40:57,7725.0,7745.75,Put VEX 5,VEX,-187890.484,8002.278686011465,8002.278686011465
2026-08-18 12:40:57,7735.0,7755.75,Put DEX 5,DEX,-46.503,8002.278686011465,8002.278686011465
2026-08-18 12:40:57,7750.0,7770.75,Put CEX 3,CEX,-1890864.82,8002.278686011465,8002.278686011465
2026-08-18 12:40:57,7750.0,7770.75,Put DEX 4,DEX,-90.499,8002.278686011465,8002.278686011465
2026-08-18 12:40:57,7750.0,7770.75,Put VEX 3,VEX,-604113.113,8002.278686011465,8002.278686011465
2026-08-18 12:40:57,7775.0,7795.75,Call GEX 1,GEX,210831.801,8002.278686011465,8002.278686011465
2026-08-18 12:40:57,7775.0,7795.75,Put VEX 4,VEX,-313951.641,8002.278686011465,8002.278686011465
2026-08-18 12:40:57,7800.0,7821.0,Put CEX 5,CEX,-1618431.223,8002.278686011465,8002.278686011465
2026-08-18 12:40:57,7800.0,7821.0,Put DEX 2,DEX,-110.588,8002.278686011465,8002.278686011465
2026-08-18 12:40:57,7800.0,7821.0,Call GEX 2,GEX,174673.597,8002.278686011465,8002.278686011465
2026-08-18 12:40:57,7800.0,7821.0,Put VEX 2,VEX,-665270.319,8002.278686011465,8002.278686011465
2026-08-18 12:40:57,7825.0,7846.0,Call GEX 3,GEX,91181.324,8002.278686011465,8002.278686011465
2026-08-18 12:40:57,7850.0,7871.0,Call GEX 4,GEX,85308.719,8002.278686011465,8002.278686011465
2026-08-18 12:40:57,7900.0,7921.25,Call GEX 5,GEX,84926.466,8002.278686011465,8002.278686011465
2026-08-18 12:40:57,8000.0,8021.5,Put CEX 1,CEX,-2377610.556,8002.278686011465,8002.278686011465
2026-08-18 12:40:57,8000.0,8021.5,Put DEX 1,DEX,-1023.811,8002.278686011465,8002.278686011465
2026-08-18 12:40:57,8000.0,8021.5,Put VEX 1,VEX,-1181575.606,8002.278686011465,8002.278686011465
2026-08-18 12:40:57,8500.0,8522.75,Put DEX 3,DEX,-106.832,8002.278686011465,8002.278686011465
2026-08-18 12:41:48,7400.0,7420.0,Call DEX 4,DEX,96.562,7702.957139576935,7702.957139576935
2026-08-18 12:41:48,7400.0,7420.0,Call VEX 3,VEX,659212.458,7702.957139576935,7702.957139576935
2026-08-18 12:41:48,7450.0,7470.25,Call DEX 5,DEX,93.471,7702.957139576935,7702.957139576935
2026-08-18 12:41:48,7500.0,7520.25,Call DEX 1,DEX,313.671,7702.957139576935,7702.957139576935
2026-08-18 12:41:48,7500.0,7520.25,Call VEX 2,VEX,909578.967,7702.957139576935,7702.957139576935
2026-08-18 12:41:48,7550.0,7570.5,Call DEX 3,DEX,145.608,7702.957139576935,7702.957139576935
2026-08-18 12:41:48,7550.0,7570.5,Call VEX 4,VEX,597932.665,7702.957139576935,7702.957139576935
2026-08-18 12:41:48,7600.0,7620.5,Call CEX 3,CEX,2112230.926,7702.957139576935,7702.957139576935
2026-08-18 12:41:48,7600.0,7620.5,Call DEX 2,DEX,194.997,7702.957139576935,7702.957139576935
2026-08-18 12:41:48,7600.0,7620.5,Call VEX 1,VEX,1046983.792,7702.957139576935,7702.957139576935
2026-08-18 12:41:48,7635.0,7655.75,Call CEX 1,CEX,2634299.055,7702.957139576935,7702.957139576935
2026-08-18 12:41:48,7650.0,7670.75,Call CEX 4,CEX,1935458.272,7702.957139576935,7702.957139576935
2026-08-18 12:41:48,7650.0,7670.75,Call VEX 5,VEX,540021.038,7702.957139576935,7702.957139576935
2026-08-18 12:41:48,7685.0,7705.75,Call CEX 5,CEX,1608002.884,7702.957139576935,7702.957139576935
2026-08-18 12:41:48,7685.0,7705.75,Put GEX 5,GEX,-256721.236,7702.957139576935,7702.957139576935
2026-08-18 12:41:48,7690.0,7710.75,Call CEX 2,CEX,2146708.148,7702.957139576935,7702.957139576935
2026-08-18 12:41:48,7690.0,7710.75,Put GEX 3,GEX,-363701.097,7702.957139576935,7702.957139576935
2026-08-18 12:41:48,7695.0,7715.75,Put GEX 2,GEX,-721570.392,7702.957139576935,7702.957139576935
2026-08-18 12:41:48,7700.0,7721.0,Put CEX 1,CEX,-5232024.701,7702.957139576935,7702.957139576935
2026-08-18 12:41:48,7700.0,7721.0,Put GEX 1,GEX,-1882393.925,7702.957139576935,7702.957139576935
2026-08-18 12:41:48,7720.0,7741.0,Put GEX 4,GEX,-315018.135,7702.957139576935,7702.957139576935
2026-08-18 12:41:48,7725.0,7746.0,Put CEX 5,CEX,-952095.445,7702.957139576935,7702.957139576935
2026-08-18 12:41:48,7725.0,7746.0,Put VEX 5,VEX,-198309.166,7702.957139576935,7702.957139576935
2026-08-18 12:41:48,7735.0,7756.0,Put DEX 5,DEX,-47.613,7702.957139576935,7702.957139576935
2026-08-18 12:41:48,7750.0,7771.0,Put CEX 2,CEX,-1878882.366,7702.957139576935,7702.957139576935
2026-08-18 12:41:48,7750.0,7771.0,Put DEX 4,DEX,-93.481,7702.957139576935,7702.957139576935
2026-08-18 12:41:48,7750.0,7771.0,Put VEX 3,VEX,-609824.594,7702.957139576935,7702.957139576935
2026-08-18 12:41:48,7775.0,7796.0,Call GEX 1,GEX,206721.499,7702.957139576935,7702.957139576935
2026-08-18 12:41:48,7775.0,7796.0,Put VEX 4,VEX,-311899.272,7702.957139576935,7702.957139576935
2026-08-18 12:41:48,7800.0,7821.25,Put CEX 4,CEX,-1555678.68,7702.957139576935,7702.957139576935
2026-08-18 12:41:48,7800.0,7821.25,Put DEX 2,DEX,-113.072,7702.957139576935,7702.957139576935
2026-08-18 12:41:48,7800.0,7821.25,Call GEX 2,GEX,188789.866,7702.957139576935,7702.957139576935
2026-08-18 12:41:48,7800.0,7821.25,Put VEX 2,VEX,-643910.238,7702.957139576935,7702.957139576935
2026-08-18 12:41:48,7825.0,7846.25,Call GEX 3,GEX,90827.487,7702.957139576935,7702.957139576935
2026-08-18 12:41:48,7850.0,7871.25,Call GEX 4,GEX,84765.248,7702.957139576935,7702.957139576935
2026-08-18 12:41:48,7900.0,7921.5,Call GEX 5,GEX,84113.377,7702.957139576935,7702.957139576935
2026-08-18 12:41:48,8000.0,8021.75,Put CEX 3,CEX,-1704740.655,7702.957139576935,7702.957139576935
2026-08-18 12:41:48,8000.0,8021.75,Put DEX 1,DEX,-1021.736,7702.957139576935,7702.957139576935
2026-08-18 12:41:48,8000.0,8021.75,Put VEX 1,VEX,-857420.928,7702.957139576935,7702.957139576935
2026-08-18 12:41:48,8500.0,8523.0,Put DEX 3,DEX,-107.41,7702.957139576935,7702.957139576935
2026-08-18 12:42:36,7400.0,7420.0,Call DEX 4,DEX,96.866,7702.826002742706,7702.826002742706
2026-08-18 12:42:36,7400.0,7420.0,Call VEX 3,VEX,648878.279,7702.826002742706,7702.826002742706
2026-08-18 12:42:36,7450.0,7470.25,Call DEX 5,DEX,93.762,7702.826002742706,7702.826002742706
2026-08-18 12:42:36,7500.0,7520.25,Call DEX 1,DEX,314.945,7702.826002742706,7702.826002742706
2026-08-18 12:42:36,7500.0,7520.25,Call VEX 2,VEX,882358.164,7702.826002742706,7702.826002742706
2026-08-18 12:42:36,7550.0,7570.5,Call DEX 3,DEX,145.48,7702.826002742706,7702.826002742706
2026-08-18 12:42:36,7550.0,7570.5,Call VEX 4,VEX,599287.768,7702.826002742706,7702.826002742706
2026-08-18 12:42:36,7600.0,7620.5,Call CEX 3,CEX,2120013.929,7702.826002742706,7702.826002742706
2026-08-18 12:42:36,7600.0,7620.5,Call DEX 2,DEX,194.836,7702.826002742706,7702.826002742706
2026-08-18 12:42:36,7600.0,7620.5,Call VEX 1,VEX,1048072.603,7702.826002742706,7702.826002742706
2026-08-18 12:42:36,7635.0,7655.75,Call CEX 1,CEX,2656282.395,7702.826002742706,7702.826002742706
2026-08-18 12:42:36,7650.0,7670.75,Call CEX 4,CEX,1943154.71,7702.826002742706,7702.826002742706
2026-08-18 12:42:36,7650.0,7670.75,Call VEX 5,VEX,539675.208,7702.826002742706,7702.826002742706
2026-08-18 12:42:36,7685.0,7705.75,Call CEX 5,CEX,1622016.527,7702.826002742706,7702.826002742706
2026-08-18 12:42:36,7685.0,7705.75,Put GEX 5,GEX,-255760.515,7702.826002742706,7702.826002742706
2026-08-18 12:42:36,7690.0,7710.75,Call CEX 2,CEX,2206146.978,7702.826002742706,7702.826002742706
2026-08-18 12:42:36,7690.0,7710.75,Put GEX 3,GEX,-367799.174,7702.826002742706,7702.826002742706
2026-08-18 12:42:36,7695.0,7715.75,Put GEX 2,GEX,-707473.968,7702.826002742706,7702.826002742706
2026-08-18 12:42:36,7700.0,7721.0,Put CEX 1,CEX,-4946775.478,7702.826002742706,7702.826002742706
2026-08-18 12:42:36,7700.0,7721.0,Put GEX 1,GEX,-1724957.075,7702.826002742706,7702.826002742706
2026-08-18 12:42:36,7720.0,7741.0,Put GEX 4,GEX,-313404.946,7702.826002742706,7702.826002742706
2026-08-18 12:42:36,7725.0,7746.0,Put VEX 5,VEX,-197213.645,7702.826002742706,7702.826002742706
2026-08-18 12:42:36,7735.0,7756.0,Put DEX 5,DEX,-47.594,7702.826002742706,7702.826002742706
2026-08-18 12:42:36,7750.0,7771.0,Put CEX 2,CEX,-1881534.28,7702.826002742706,7702.826002742706
2026-08-18 12:42:36,7750.0,7771.0,Put DEX 4,DEX,-93.479,7702.826002742706,7702.826002742706
2026-08-18 12:42:36,7750.0,7771.0,Call GEX 5,GEX,84072.46,7702.826002742706,7702.826002742706
2026-08-18 12:42:36,7750.0,7771.0,Put VEX 3,VEX,-609738.047,7702.826002742706,7702.826002742706
2026-08-18 12:42:36,7775.0,7796.0,Put CEX 5,CEX,-923001.672,7702.826002742706,7702.826002742706
2026-08-18 12:42:36,7775.0,7796.0,Call GEX 1,GEX,207292.954,7702.826002742706,7702.826002742706
2026-08-18 12:42:36,7775.0,7796.0,Put VEX 4,VEX,-311514.146,7702.826002742706,7702.826002742706
2026-08-18 12:42:36,7800.0,7821.25,Put CEX 4,CEX,-1568355.786,7702.826002742706,7702.826002742706
2026-08-18 12:42:36,7800.0,7821.25,Put DEX 2,DEX,-113.044,7702.826002742706,7702.826002742706
2026-08-18 12:42:36,7800.0,7821.25,Call GEX 2,GEX,187853.338,7702.826002742706,7702.826002742706
2026-08-18 12:42:36,7800.0,7821.25,Put VEX 2,VEX,-644884.576,7702.826002742706,7702.826002742706
2026-08-18 12:42:36,7825.0,7846.25,Call GEX 3,GEX,90372.798,7702.826002742706,7702.826002742706
2026-08-18 12:42:36,7850.0,7871.25,Call GEX 4,GEX,84397.698,7702.826002742706,7702.826002742706
2026-08-18 12:42:36,8000.0,8021.75,Put CEX 3,CEX,-1826718.684,7702.826002742706,7702.826002742706
2026-08-18 12:42:36,8000.0,8021.75,Put DEX 1,DEX,-1019.833,7702.826002742706,7702.826002742706
2026-08-18 12:42:36,8000.0,8021.75,Put VEX 1,VEX,-919165.662,7702.826002742706,7702.826002742706
2026-08-18 12:42:36,8500.0,8523.0,Put DEX 3,DEX,-107.217,7702.826002742706,7702.826002742706
2026-08-18 12:43:23,7400.0,7419.75,Call DEX 4,DEX,95.001,8000.578019569687,8000.578019569687
2026-08-18 12:43:23,7400.0,7419.75,Call VEX 3,VEX,636205.85,8000.578019569687,8000.578019569687
2026-08-18 12:43:23,7450.0,7470.0,Call DEX 5,DEX,93.978,8000.578019569687,8000.578019569687
2026-08-18 12:43:23,7500.0,7520.0,Call DEX 1,DEX,313.632,8000.578019569687,8000.578019569687
2026-08-18 12:43:23,7500.0,7520.0,Call VEX 2,VEX,877577.905,8000.578019569687,8000.578019569687
2026-08-18 12:43:23,7550.0,7570.25,Call DEX 3,DEX,146.492,8000.578019569687,8000.578019569687
2026-08-18 12:43:23,7550.0,7570.25,Call VEX 4,VEX,589623.099,8000.578019569687,8000.578019569687
2026-08-18 12:43:23,7600.0,7620.25,Call CEX 3,CEX,2074567.704,8000.578019569687,8000.578019569687
2026-08-18 12:43:23,7600.0,7620.25,Call DEX 2,DEX,196.611,8000.578019569687,8000.578019569687
2026-08-18 12:43:23,7600.0,7620.25,Call VEX 1,VEX,1044001.675,8000.578019569687,8000.578019569687
2026-08-18 12:43:23,7635.0,7655.5,Call CEX 1,CEX,2656170.117,8000.578019569687,8000.578019569687
2026-08-18 12:43:23,7650.0,7670.5,Call CEX 4,CEX,1939814.669,8000.578019569687,8000.578019569687
2026-08-18 12:43:23,7650.0,7670.5,Call VEX 5,VEX,545243.138,8000.578019569687,8000.578019569687
2026-08-18 12:43:23,7690.0,7710.5,Call CEX 2,CEX,2120099.121,8000.578019569687,8000.578019569687
2026-08-18 12:43:23,7690.0,7710.5,Put GEX 3,GEX,-326683.364,8000.578019569687,8000.578019569687
2026-08-18 12:43:23,7695.0,7715.5,Call CEX 5,CEX,1852241.104,8000.578019569687,8000.578019569687
2026-08-18 12:43:23,7695.0,7715.5,Put GEX 2,GEX,-643514.517,8000.578019569687,8000.578019569687
2026-08-18 12:43:23,7700.0,7720.5,Put CEX 1,CEX,-3459510.111,8000.578019569687,8000.578019569687
2026-08-18 12:43:23,7700.0,7720.5,Put GEX 1,GEX,-1756748.756,8000.578019569687,8000.578019569687
2026-08-18 12:43:23,7720.0,7740.5,Put GEX 4,GEX,-314994.667,8000.578019569687,8000.578019569687
2026-08-18 12:43:23,7725.0,7745.75,Put VEX 5,VEX,-192221.944,8000.578019569687,8000.578019569687
2026-08-18 12:43:23,7735.0,7755.75,Put DEX 5,DEX,-47.033,8000.578019569687,8000.578019569687
2026-08-18 12:43:23,7735.0,7755.75,Put GEX 5,GEX,-235224.302,8000.578019569687,8000.578019569687
2026-08-18 12:43:23,7750.0,7770.75,Put CEX 3,CEX,-1896101.659,8000.578019569687,8000.578019569687
2026-08-18 12:43:23,7750.0,7770.75,Put DEX 4,DEX,-91.997,8000.578019569687,8000.578019569687
2026-08-18 12:43:23,7750.0,7770.75,Put VEX 3,VEX,-607753.573,8000.578019569687,8000.578019569687
2026-08-18 12:43:23,7775.0,7795.75,Put CEX 5,CEX,-936914.03,8000.578019569687,8000.578019569687
2026-08-18 12:43:23,7775.0,7795.75,Call GEX 1,GEX,209023.202,8000.578019569687,8000.578019569687
2026-08-18 12:43:23,7775.0,7795.75,Put VEX 4,VEX,-313475.226,8000.578019569687,8000.578019569687
2026-08-18 12:43:23,7800.0,7820.75,Put CEX 4,CEX,-1598275.552,8000.578019569687,8000.578019569687
2026-08-18 12:43:23,7800.0,7820.75,Put DEX 2,DEX,-112.015,8000.578019569687,8000.578019569687
2026-08-18 12:43:23,7800.0,7820.75,Call GEX 2,GEX,184627.925,8000.578019569687,8000.578019569687
2026-08-18 12:43:23,7800.0,7820.75,Put VEX 2,VEX,-653569.674,8000.578019569687,8000.578019569687
2026-08-18 12:43:23,7825.0,7846.0,Call GEX 3,GEX,90634.957,8000.578019569687,8000.578019569687
2026-08-18 12:43:23,7850.0,7871.0,Call GEX 4,GEX,85538.757,8000.578019569687,8000.578019569687
2026-08-18 12:43:23,7900.0,7921.0,Call GEX 5,GEX,84171.918,8000.578019569687,8000.578019569687
2026-08-18 12:43:23,8000.0,8021.25,Put CEX 2,CEX,-1974363.602,8000.578019569687,8000.578019569687
2026-08-18 12:43:23,8000.0,8021.25,Put DEX 1,DEX,-1031.068,8000.578019569687,8000.578019569687
2026-08-18 12:43:23,8000.0,8021.25,Put VEX 1,VEX,-983684.109,8000.578019569687,8000.578019569687
2026-08-18 12:43:23,8500.0,8522.75,Put DEX 3,DEX,-107.129,8000.578019569687,8000.578019569687
2026-08-18 12:44:11,7400.0,7420.0,Call DEX 5,DEX,90.303,8000.44505769519,8000.44505769519
2026-08-18 12:44:11,7400.0,7420.0,Call VEX 3,VEX,636877.129,8000.44505769519,8000.44505769519
2026-08-18 12:44:11,7450.0,7470.25,Call DEX 4,DEX,93.104,8000.44505769519,8000.44505769519
2026-08-18 12:44:11,7500.0,7520.5,Call DEX 1,DEX,314.714,8000.44505769519,8000.44505769519
2026-08-18 12:44:11,7500.0,7520.5,Call VEX 2,VEX,893943.933,8000.44505769519,8000.44505769519
2026-08-18 12:44:11,7550.0,7570.5,Call DEX 3,DEX,146.503,8000.44505769519,8000.44505769519
2026-08-18 12:44:11,7550.0,7570.5,Call VEX 4,VEX,589721.128,8000.44505769519,8000.44505769519
2026-08-18 12:44:11,7600.0,7620.75,Call CEX 3,CEX,2088658.146,8000.44505769519,8000.44505769519
2026-08-18 12:44:11,7600.0,7620.75,Call DEX 2,DEX,196.982,8000.44505769519,8000.44505769519
2026-08-18 12:44:11,7600.0,7620.75,Call VEX 1,VEX,1044442.077,8000.44505769519,8000.44505769519
2026-08-18 12:44:11,7635.0,7655.75,Call CEX 1,CEX,2668745.198,8000.44505769519,8000.44505769519
2026-08-18 12:44:11,7650.0,7670.75,Call CEX 5,CEX,1949209.876,8000.44505769519,8000.44505769519
2026-08-18 12:44:11,7650.0,7670.75,Call VEX 5,VEX,547279.191,8000.44505769519,8000.44505769519
2026-08-18 12:44:11,7690.0,7711.0,Call CEX 2,CEX,2126942.051,8000.44505769519,8000.44505769519
2026-08-18 12:44:11,7690.0,7711.0,Put GEX 4,GEX,-315266.587,8000.44505769519,8000.44505769519
2026-08-18 12:44:11,7695.0,7716.0,Call CEX 4,CEX,1977525.389,8000.44505769519,8000.44505769519
2026-08-18 12:44:11,7695.0,7716.0,Put GEX 2,GEX,-613604.734,8000.44505769519,8000.44505769519
2026-08-18 12:44:11,7700.0,7721.0,Put CEX 1,CEX,-2765870.158,8000.44505769519,8000.44505769519
2026-08-18 12:44:11,7700.0,7721.0,Put GEX 1,GEX,-1812917.648,8000.44505769519,8000.44505769519
2026-08-18 12:44:11,7720.0,7741.0,Put GEX 3,GEX,-316156.262,8000.44505769519,8000.44505769519
2026-08-18 12:44:11,7725.0,7746.0,Put VEX 5,VEX,-189323.883,8000.44505769519,8000.44505769519
2026-08-18 12:44:11,7735.0,7756.0,Put DEX 5,DEX,-46.909,8000.44505769519,8000.44505769519
2026-08-18 12:44:11,7735.0,7756.0,Put GEX 5,GEX,-237607.72,8000.44505769519,8000.44505769519
2026-08-18 12:44:11,7750.0,7771.0,Put CEX 3,CEX,-1899890.994,8000.44505769519,8000.44505769519
2026-08-18 12:44:11,7750.0,7771.0,Put DEX 4,DEX,-91.307,8000.44505769519,8000.44505769519
2026-08-18 12:44:11,7750.0,7771.0,Put VEX 3,VEX,-605744.985,8000.44505769519,8000.44505769519
2026-08-18 12:44:11,7775.0,7796.25,Put CEX 5,CEX,-941352.755,8000.44505769519,8000.44505769519
2026-08-18 12:44:11,7775.0,7796.25,Call GEX 1,GEX,211037.214,8000.44505769519,8000.44505769519
2026-08-18 12:44:11,7775.0,7796.25,Put VEX 4,VEX,-313505.909,8000.44505769519,8000.44505769519
2026-08-18 12:44:11,7800.0,7821.25,Put CEX 4,CEX,-1601677.795,8000.44505769519,8000.44505769519
2026-08-18 12:44:11,7800.0,7821.25,Put DEX 2,DEX,-111.868,8000.44505769519,8000.44505769519
2026-08-18 12:44:11,7800.0,7821.25,Call GEX 2,GEX,188533.02,8000.44505769519,8000.44505769519
2026-08-18 12:44:11,7800.0,7821.25,Put VEX 2,VEX,-653258.061,8000.44505769519,8000.44505769519
2026-08-18 12:44:11,7825.0,7846.25,Call GEX 3,GEX,90912.727,8000.44505769519,8000.44505769519
2026-08-18 12:44:11,7850.0,7871.25,Call GEX 4,GEX,85997.3,8000.44505769519,8000.44505769519
2026-08-18 12:44:11,7900.0,7921.5,Call GEX 5,GEX,84938.213,8000.44505769519,8000.44505769519
2026-08-18 12:44:11,8000.0,8021.75,Put CEX 2,CEX,-1962758.977,8000.44505769519,8000.44505769519
2026-08-18 12:44:11,8000.0,8021.75,Put DEX 1,DEX,-1031.29,8000.44505769519,8000.44505769519
2026-08-18 12:44:11,8000.0,8021.75,Put VEX 1,VEX,-978604.617,8000.44505769519,8000.44505769519
2026-08-18 12:44:11,8500.0,8523.0,Put DEX 3,DEX,-107.188,8000.44505769519,8000.44505769519
2026-08-18 12:45:06,7400.0,7420.0,Call DEX 4,DEX,95.724,7702.993980153423,7702.993980153423
2026-08-18 12:45:06,7400.0,7420.0,Call VEX 3,VEX,650329.815,7702.993980153423,7702.993980153423
2026-08-18 12:45:06,7450.0,7470.0,Call DEX 5,DEX,93.618,7702.993980153423,7702.993980153423
2026-08-18 12:45:06,7500.0,7520.25,Call DEX 1,DEX,314.479,7702.993980153423,7702.993980153423
2026-08-18 12:45:06,7500.0,7520.25,Call VEX 2,VEX,898332.526,7702.993980153423,7702.993980153423
2026-08-18 12:45:06,7550.0,7570.5,Call DEX 3,DEX,146.503,7702.993980153423,7702.993980153423
2026-08-18 12:45:06,7550.0,7570.5,Call VEX 4,VEX,590059.682,7702.993980153423,7702.993980153423
2026-08-18 12:45:06,7600.0,7620.5,Call CEX 2,CEX,2095728.013,7702.993980153423,7702.993980153423
2026-08-18 12:45:06,7600.0,7620.5,Call DEX 2,DEX,196.9,7702.993980153423,7702.993980153423
2026-08-18 12:45:06,7600.0,7620.5,Call VEX 1,VEX,1044753.713,7702.993980153423,7702.993980153423
2026-08-18 12:45:06,7635.0,7655.5,Call CEX 1,CEX,2689690.565,7702.993980153423,7702.993980153423
2026-08-18 12:45:06,7650.0,7670.75,Call CEX 5,CEX,1969574.31,7702.993980153423,7702.993980153423
2026-08-18 12:45:06,7650.0,7670.75,Call VEX 5,VEX,548382.509,7702.993980153423,7702.993980153423
2026-08-18 12:45:06,7690.0,7710.75,Call CEX 4,CEX,2054601.787,7702.993980153423,7702.993980153423
2026-08-18 12:45:06,7690.0,7710.75,Put GEX 4,GEX,-302869.683,7702.993980153423,7702.993980153423
2026-08-18 12:45:06,7695.0,7715.75,Call CEX 3,CEX,2068221.6,7702.993980153423,7702.993980153423
2026-08-18 12:45:06,7695.0,7715.75,Put GEX 2,GEX,-614647.983,7702.993980153423,7702.993980153423
2026-08-18 12:45:06,7700.0,7720.75,Put CEX 1,CEX,-2580063.076,7702.993980153423,7702.993980153423
2026-08-18 12:45:06,7700.0,7720.75,Put GEX 1,GEX,-1918894.253,7702.993980153423,7702.993980153423
2026-08-18 12:45:06,7720.0,7740.75,Put GEX 3,GEX,-320543.278,7702.993980153423,7702.993980153423
2026-08-18 12:45:06,7725.0,7745.75,Put VEX 5,VEX,-188419.379,7702.993980153423,7702.993980153423
2026-08-18 12:45:06,7735.0,7756.0,Put DEX 5,DEX,-46.92,7702.993980153423,7702.993980153423
2026-08-18 12:45:06,7735.0,7756.0,Put GEX 5,GEX,-239139.86,7702.993980153423,7702.993980153423
2026-08-18 12:45:06,7750.0,7771.0,Put CEX 2,CEX,-1895496.138,7702.993980153423,7702.993980153423
2026-08-18 12:45:06,7750.0,7771.0,Put DEX 4,DEX,-91.198,7702.993980153423,7702.993980153423
2026-08-18 12:45:06,7750.0,7771.0,Put VEX 3,VEX,-603555.608,7702.993980153423,7702.993980153423
2026-08-18 12:45:06,7775.0,7796.0,Put CEX 5,CEX,-942623.57,7702.993980153423,7702.993980153423
2026-08-18 12:45:06,7775.0,7796.0,Call GEX 1,GEX,211258.475,7702.993980153423,7702.993980153423
2026-08-18 12:45:06,7775.0,7796.0,Put VEX 4,VEX,-313087.049,7702.993980153423,7702.993980153423
2026-08-18 12:45:06,7800.0,7821.0,Put CEX 4,CEX,-1601258.001,7702.993980153423,7702.993980153423
2026-08-18 12:45:06,7800.0,7821.0,Put DEX 2,DEX,-112.008,7702.993980153423,7702.993980153423
2026-08-18 12:45:06,7800.0,7821.0,Call GEX 2,GEX,187926.26,7702.993980153423,7702.993980153423
2026-08-18 12:45:06,7800.0,7821.0,Put VEX 2,VEX,-651597.588,7702.993980153423,7702.993980153423
2026-08-18 12:45:06,7825.0,7846.0,Call GEX 3,GEX,90857.889,7702.993980153423,7702.993980153423
2026-08-18 12:45:06,7850.0,7871.25,Call GEX 4,GEX,86369.298,7702.993980153423,7702.993980153423
2026-08-18 12:45:06,7900.0,7921.25,Call GEX 5,GEX,85056.797,7702.993980153423,7702.993980153423
2026-08-18 12:45:06,8000.0,8021.5,Put CEX 3,CEX,-1764466.618,7702.993980153423,7702.993980153423
2026-08-18 12:45:06,8000.0,8021.5,Put DEX 1,DEX,-1021.051,7702.993980153423,7702.993980153423
2026-08-18 12:45:06,8000.0,8021.5,Put VEX 1,VEX,-885530.045,7702.993980153423,7702.993980153423
2026-08-18 12:45:06,8500.0,8523.0,Put DEX 3,DEX,-107.391,7702.993980153423,7702.993980153423
2026-08-18 12:46:00,7400.0,7419.75,Call VEX 3,VEX,615407.996,8002.009826208587,8002.009826208587
2026-08-18 12:46:00,7450.0,7470.0,Call DEX 4,DEX,93.957,8002.009826208587,8002.009826208587
2026-08-18 12:46:00,7500.0,7520.0,Call DEX 1,DEX,314.786,8002.009826208587,8002.009826208587
2026-08-18 12:46:00,7500.0,7520.0,Call VEX 2,VEX,833601.796,8002.009826208587,8002.009826208587
2026-08-18 12:46:00,7550.0,7570.25,Call DEX 3,DEX,145.712,8002.009826208587,8002.009826208587
2026-08-18 12:46:00,7550.0,7570.25,Call VEX 4,VEX,580950.345,8002.009826208587,8002.009826208587
2026-08-18 12:46:00,7600.0,7620.25,Call CEX 3,CEX,2016765.276,8002.009826208587,8002.009826208587
2026-08-18 12:46:00,7600.0,7620.25,Call DEX 2,DEX,197.104,8002.009826208587,8002.009826208587
2026-08-18 12:46:00,7600.0,7620.25,Call VEX 1,VEX,1041186.356,8002.009826208587,8002.009826208587
2026-08-18 12:46:00,7635.0,7655.5,Call CEX 1,CEX,2711677.862,8002.009826208587,8002.009826208587
2026-08-18 12:46:00,7650.0,7670.5,Call CEX 5,CEX,1940140.607,8002.009826208587,8002.009826208587
2026-08-18 12:46:00,7650.0,7670.5,Call DEX 5,DEX,72.551,8002.009826208587,8002.009826208587
2026-08-18 12:46:00,7650.0,7670.5,Call VEX 5,VEX,546783.746,8002.009826208587,8002.009826208587
2026-08-18 12:46:00,7690.0,7710.5,Call CEX 2,CEX,2168082.063,8002.009826208587,8002.009826208587
2026-08-18 12:46:00,7690.0,7710.5,Put GEX 4,GEX,-311247.746,8002.009826208587,8002.009826208587
2026-08-18 12:46:00,7695.0,7715.5,Call CEX 4,CEX,2010644.136,8002.009826208587,8002.009826208587
2026-08-18 12:46:00,7695.0,7715.5,Put GEX 2,GEX,-593252.773,8002.009826208587,8002.009826208587
2026-08-18 12:46:00,7700.0,7720.5,Put CEX 1,CEX,-2361216.121,8002.009826208587,8002.009826208587
2026-08-18 12:46:00,7700.0,7720.5,Put GEX 1,GEX,-1582987.251,8002.009826208587,8002.009826208587
2026-08-18 12:46:00,7705.0,7725.5,Put CEX 5,CEX,-1580722.741,8002.009826208587,8002.009826208587
2026-08-18 12:46:00,7720.0,7740.75,Put GEX 3,GEX,-311539.77,8002.009826208587,8002.009826208587
2026-08-18 12:46:00,7725.0,7745.75,Put VEX 5,VEX,-187533.778,8002.009826208587,8002.009826208587
2026-08-18 12:46:00,7735.0,7755.75,Put DEX 5,DEX,-46.641,8002.009826208587,8002.009826208587
2026-08-18 12:46:00,7735.0,7755.75,Put GEX 5,GEX,-236675.189,8002.009826208587,8002.009826208587
2026-08-18 12:46:00,7750.0,7770.75,Put CEX 3,CEX,-1904926.535,8002.009826208587,8002.009826208587
2026-08-18 12:46:00,7750.0,7770.75,Put DEX 4,DEX,-90.377,8002.009826208587,8002.009826208587
2026-08-18 12:46:00,7750.0,7770.75,Put VEX 3,VEX,-603476.208,8002.009826208587,8002.009826208587
2026-08-18 12:46:00,7775.0,7795.75,Call GEX 1,GEX,210040.13,8002.009826208587,8002.009826208587
2026-08-18 12:46:00,7775.0,7795.75,Put VEX 4,VEX,-314485.67,8002.009826208587,8002.009826208587
2026-08-18 12:46:00,7800.0,7820.75,Put CEX 4,CEX,-1634492.42,8002.009826208587,8002.009826208587
2026-08-18 12:46:00,7800.0,7820.75,Put DEX 2,DEX,-110.828,8002.009826208587,8002.009826208587
2026-08-18 12:46:00,7800.0,7820.75,Call GEX 2,GEX,176395.651,8002.009826208587,8002.009826208587
2026-08-18 12:46:00,7800.0,7820.75,Put VEX 2,VEX,-662522.933,8002.009826208587,8002.009826208587
2026-08-18 12:46:00,7825.0,7846.0,Call GEX 3,GEX,91115.708,8002.009826208587,8002.009826208587
2026-08-18 12:46:00,7850.0,7871.0,Call GEX 4,GEX,86341.913,8002.009826208587,8002.009826208587
2026-08-18 12:46:00,7900.0,7921.0,Call GEX 5,GEX,85107.159,8002.009826208587,8002.009826208587
2026-08-18 12:46:00,8000.0,8021.25,Put CEX 2,CEX,-2297813.834,8002.009826208587,8002.009826208587
2026-08-18 12:46:00,8000.0,8021.25,Put DEX 1,DEX,-1025.554,8002.009826208587,8002.009826208587
2026-08-18 12:46:00,8000.0,8021.25,Put VEX 1,VEX,-1137212.889,8002.009826208587,8002.009826208587
2026-08-18 12:46:00,8500.0,8522.75,Put DEX 3,DEX,-106.85,8002.009826208587,8002.009826208587
2026-08-18 12:46:55,7000.0,7018.75,Call CEX 3,CEX,2111510.518,7702.859362761103,7702.859362761103
2026-08-18 12:46:55,7000.0,7018.75,Call DEX 1,DEX,997.863,7702.859362761103,7702.859362761103
2026-08-18 12:46:55,7000.0,7018.75,Call VEX 1,VEX,1136349.942,7702.859362761103,7702.859362761103
2026-08-18 12:46:55,7400.0,7419.75,Call DEX 5,DEX,95.417,7702.859362761103,7702.859362761103
2026-08-18 12:46:55,7400.0,7419.75,Call VEX 4,VEX,616553.372,7702.859362761103,7702.859362761103
2026-08-18 12:46:55,7500.0,7520.25,Call DEX 2,DEX,315.01,7702.859362761103,7702.859362761103
2026-08-18 12:46:55,7500.0,7520.25,Call VEX 3,VEX,831226.432,7702.859362761103,7702.859362761103
2026-08-18 12:46:55,7550.0,7570.25,Call DEX 4,DEX,146.965,7702.859362761103,7702.859362761103
2026-08-18 12:46:55,7550.0,7570.25,Call VEX 5,VEX,584605.464,7702.859362761103,7702.859362761103
2026-08-18 12:46:55,7600.0,7620.5,Call CEX 5,CEX,2066356.11,7702.859362761103,7702.859362761103
2026-08-18 12:46:55,7600.0,7620.5,Call DEX 3,DEX,197.537,7702.859362761103,7702.859362761103
2026-08-18 12:46:55,7600.0,7620.5,Call VEX 2,VEX,1042750.403,7702.859362761103,7702.859362761103
2026-08-18 12:46:55,7635.0,7655.5,Call CEX 1,CEX,2730744.033,7702.859362761103,7702.859362761103
2026-08-18 12:46:55,7690.0,7710.75,Call CEX 4,CEX,2089539.32,7702.859362761103,7702.859362761103
2026-08-18 12:46:55,7690.0,7710.75,Put GEX 4,GEX,-291885.887,7702.859362761103,7702.859362761103
2026-08-18 12:46:55,7695.0,7715.75,Call CEX 2,CEX,2163416.287,7702.859362761103,7702.859362761103
2026-08-18 12:46:55,7695.0,7715.75,Put GEX 2,GEX,-574895.875,7702.859362761103,7702.859362761103
2026-08-18 12:46:55,7700.0,7720.75,Put CEX 2,CEX,-1689148.89,7702.859362761103,7702.859362761103
2026-08-18 12:46:55,7700.0,7720.75,Put GEX 1,GEX,-1690333.1,7702.859362761103,7702.859362761103
2026-08-18 12:46:55,7705.0,7725.75,Put CEX 4,CEX,-1621479.635,7702.859362761103,7702.859362761103
2026-08-18 12:46:55,7720.0,7740.75,Put GEX 3,GEX,-315210.313,7702.859362761103,7702.859362761103
2026-08-18 12:46:55,7725.0,7745.75,Put DEX 5,DEX,-37.007,7702.859362761103,7702.859362761103
2026-08-18 12:46:55,7725.0,7745.75,Put VEX 5,VEX,-185226.788,7702.859362761103,7702.859362761103
2026-08-18 12:46:55,7735.0,7755.75,Put DEX 4,DEX,-46.62,7702.859362761103,7702.859362761103
2026-08-18 12:46:55,7735.0,7755.75,Put GEX 5,GEX,-239644.072,7702.859362761103,7702.859362761103
2026-08-18 12:46:55,7750.0,7770.75,Put CEX 1,CEX,-1908217.415,7702.859362761103,7702.859362761103
2026-08-18 12:46:55,7750.0,7770.75,Put DEX 3,DEX,-90.13,7702.859362761103,7702.859362761103
2026-08-18 12:46:55,7750.0,7770.75,Put VEX 2,VEX,-601980.634,7702.859362761103,7702.859362761103
2026-08-18 12:46:55,7775.0,7795.75,Put CEX 5,CEX,-954210.546,7702.859362761103,7702.859362761103
2026-08-18 12:46:55,7775.0,7795.75,Call GEX 1,GEX,212705.535,7702.859362761103,7702.859362761103
2026-08-18 12:46:55,7775.0,7795.75,Put VEX 4,VEX,-314073.41,7702.859362761103,7702.859362761103
2026-08-18 12:46:55,7800.0,7821.0,Put CEX 3,CEX,-1631959.742,7702.859362761103,7702.859362761103
2026-08-18 12:46:55,7800.0,7821.0,Put DEX 1,DEX,-110.87,7702.859362761103,7702.859362761103
2026-08-18 12:46:55,7800.0,7821.0,Call GEX 2,GEX,182491.7,7702.859362761103,7702.859362761103
2026-08-18 12:46:55,7800.0,7821.0,Put VEX 1,VEX,-660246.937,7702.859362761103,7702.859362761103
2026-08-18 12:46:55,7825.0,7846.0,Call GEX 4,GEX,91605.138,7702.859362761103,7702.859362761103
2026-08-18 12:46:55,7850.0,7871.0,Call GEX 5,GEX,86795.663,7702.859362761103,7702.859362761103
2026-08-18 12:46:55,8000.0,8021.5,Call GEX 3,GEX,98558.026,7702.859362761103,7702.859362761103
2026-08-18 12:46:55,8000.0,8021.5,Put VEX 3,VEX,-365219.935,7702.859362761103,7702.859362761103
2026-08-18 12:46:55,8500.0,8522.75,Put DEX 2,DEX,-107.022,7702.859362761103,7702.859362761103
2026-08-18 12:47:49,7400.0,7420.0,Call DEX 4,DEX,96.526,7702.826675292997,7702.826675292997
2026-08-18 12:47:49,7400.0,7420.0,Call VEX 3,VEX,653608.148,7702.826675292997,7702.826675292997
2026-08-18 12:47:49,7450.0,7470.0,Call DEX 5,DEX,92.997,7702.826675292997,7702.826675292997
2026-08-18 12:47:49,7500.0,7520.25,Call DEX 1,DEX,313.246,7702.826675292997,7702.826675292997
2026-08-18 12:47:49,7500.0,7520.25,Call VEX 2,VEX,929918.626,7702.826675292997,7702.826675292997
2026-08-18 12:47:49,7550.0,7570.25,Call DEX 3,DEX,144.963,7702.826675292997,7702.826675292997
2026-08-18 12:47:49,7550.0,7570.25,Call VEX 4,VEX,603789.718,7702.826675292997,7702.826675292997
2026-08-18 12:47:49,7600.0,7620.5,Call CEX 3,CEX,2137215.274,7702.826675292997,7702.826675292997
2026-08-18 12:47:49,7600.0,7620.5,Call DEX 2,DEX,194.327,7702.826675292997,7702.826675292997
2026-08-18 12:47:49,7600.0,7620.5,Call VEX 1,VEX,1047244.649,7702.826675292997,7702.826675292997
2026-08-18 12:47:49,7635.0,7655.5,Call CEX 1,CEX,2805954.624,7702.826675292997,7702.826675292997
2026-08-18 12:47:49,7650.0,7670.5,Call CEX 4,CEX,2007347.788,7702.826675292997,7702.826675292997
2026-08-18 12:47:49,7650.0,7670.5,Call VEX 5,VEX,538312.153,7702.826675292997,7702.826675292997
2026-08-18 12:47:49,7685.0,7705.75,Put GEX 5,GEX,-241863.21,7702.826675292997,7702.826675292997
2026-08-18 12:47:49,7690.0,7710.75,Call CEX 2,CEX,2305433.045,7702.826675292997,7702.826675292997
2026-08-18 12:47:49,7690.0,7710.75,Put GEX 3,GEX,-365121.625,7702.826675292997,7702.826675292997
2026-08-18 12:47:49,7695.0,7715.75,Call CEX 5,CEX,1649755.843,7702.826675292997,7702.826675292997
2026-08-18 12:47:49,7695.0,7715.75,Put GEX 2,GEX,-731555.896,7702.826675292997,7702.826675292997
2026-08-18 12:47:49,7700.0,7720.75,Put CEX 1,CEX,-5555793.156,7702.826675292997,7702.826675292997
2026-08-18 12:47:49,7700.0,7720.75,Put GEX 1,GEX,-1773718.452,7702.826675292997,7702.826675292997
2026-08-18 12:47:49,7720.0,7740.75,Put GEX 4,GEX,-313234.474,7702.826675292997,7702.826675292997
2026-08-18 12:47:49,7725.0,7745.75,Put VEX 5,VEX,-197355.919,7702.826675292997,7702.826675292997
2026-08-18 12:47:49,7735.0,7755.75,Put DEX 5,DEX,-47.738,7702.826675292997,7702.826675292997
2026-08-18 12:47:49,7750.0,7770.75,Put CEX 2,CEX,-1890937.832,7702.826675292997,7702.826675292997
2026-08-18 12:47:49,7750.0,7770.75,Put DEX 4,DEX,-93.688,7702.826675292997,7702.826675292997
2026-08-18 12:47:49,7750.0,7770.75,Call GEX 5,GEX,85282.368,7702.826675292997,7702.826675292997
2026-08-18 12:47:49,7750.0,7770.75,Put VEX 3,VEX,-608211.37,7702.826675292997,7702.826675292997
2026-08-18 12:47:49,7775.0,7796.0,Put CEX 5,CEX,-938311.256,7702.826675292997,7702.826675292997
2026-08-18 12:47:49,7775.0,7796.0,Call GEX 1,GEX,207540.197,7702.826675292997,7702.826675292997
2026-08-18 12:47:49,7775.0,7796.0,Put VEX 4,VEX,-311251.758,7702.826675292997,7702.826675292997
2026-08-18 12:47:49,7800.0,7821.0,Put CEX 4,CEX,-1570083.658,7702.826675292997,7702.826675292997
2026-08-18 12:47:49,7800.0,7821.0,Put DEX 2,DEX,-113.402,7702.826675292997,7702.826675292997
2026-08-18 12:47:49,7800.0,7821.0,Call GEX 2,GEX,192943.317,7702.826675292997,7702.826675292997
2026-08-18 12:47:49,7800.0,7821.0,Put VEX 2,VEX,-639129.783,7702.826675292997,7702.826675292997
2026-08-18 12:47:49,7825.0,7846.0,Call GEX 3,GEX,90888.115,7702.826675292997,7702.826675292997
2026-08-18 12:47:49,7850.0,7871.0,Call GEX 4,GEX,86474.845,7702.826675292997,7702.826675292997
2026-08-18 12:47:49,8000.0,8021.5,Put CEX 3,CEX,-1801950.561,7702.826675292997,7702.826675292997
2026-08-18 12:47:49,8000.0,8021.5,Put DEX 1,DEX,-1033.717,7702.826675292997,7702.826675292997
2026-08-18 12:47:49,8000.0,8021.5,Put VEX 1,VEX,-897440.779,7702.826675292997,7702.826675292997
2026-08-18 12:47:49,8500.0,8522.75,Put DEX 3,DEX,-107.296,7702.826675292997,7702.826675292997
2026-08-18 12:48:38,7400.0,7419.75,Call DEX 4,DEX,97.456,7702.81178460439,7702.81178460439
2026-08-18 12:48:38,7400.0,7419.75,Call VEX 3,VEX,653965.019,7702.81178460439,7702.81178460439
2026-08-18 12:48:38,7450.0,7470.0,Call DEX 5,DEX,93.509,7702.81178460439,7702.81178460439
2026-08-18 12:48:38,7500.0,7520.0,Call DEX 1,DEX,313.86,7702.81178460439,7702.81178460439
2026-08-18 12:48:38,7500.0,7520.0,Call VEX 2,VEX,918339.762,7702.81178460439,7702.81178460439
2026-08-18 12:48:38,7550.0,7570.25,Call DEX 3,DEX,145.027,7702.81178460439,7702.81178460439
2026-08-18 12:48:38,7550.0,7570.25,Call VEX 4,VEX,602775.258,7702.81178460439,7702.81178460439
2026-08-18 12:48:38,7600.0,7620.25,Call CEX 3,CEX,2132522.927,7702.81178460439,7702.81178460439
2026-08-18 12:48:38,7600.0,7620.25,Call DEX 2,DEX,194.119,7702.81178460439,7702.81178460439
2026-08-18 12:48:38,7600.0,7620.25,Call VEX 1,VEX,1046539.701,7702.81178460439,7702.81178460439
2026-08-18 12:48:38,7635.0,7655.5,Call CEX 1,CEX,2843288.963,7702.81178460439,7702.81178460439
2026-08-18 12:48:38,7650.0,7670.5,Call CEX 4,CEX,2018735.429,7702.81178460439,7702.81178460439
2026-08-18 12:48:38,7650.0,7670.5,Call VEX 5,VEX,536309.203,7702.81178460439,7702.81178460439
2026-08-18 12:48:38,7685.0,7705.5,Call CEX 5,CEX,1754106.271,7702.81178460439,7702.81178460439
2026-08-18 12:48:38,7685.0,7705.5,Put GEX 5,GEX,-263666.372,7702.81178460439,7702.81178460439
2026-08-18 12:48:38,7690.0,7710.5,Call CEX 2,CEX,2337497.972,7702.81178460439,7702.81178460439
2026-08-18 12:48:38,7690.0,7710.5,Put GEX 3,GEX,-382909.273,7702.81178460439,7702.81178460439
2026-08-18 12:48:38,7695.0,7715.5,Put GEX 2,GEX,-785853.024,7702.81178460439,7702.81178460439
2026-08-18 12:48:38,7700.0,7720.75,Put CEX 1,CEX,-6312532.217,7702.81178460439,7702.81178460439
2026-08-18 12:48:38,7700.0,7720.75,Put GEX 1,GEX,-1714855.801,7702.81178460439,7702.81178460439
2026-08-18 12:48:38,7720.0,7740.75,Put GEX 4,GEX,-311774.037,7702.81178460439,7702.81178460439
2026-08-18 12:48:38,7725.0,7745.75,Put VEX 5,VEX,-200304.921,7702.81178460439,7702.81178460439
2026-08-18 12:48:38,7735.0,7755.75,Put DEX 5,DEX,-47.857,7702.81178460439,7702.81178460439
2026-08-18 12:48:38,7750.0,7770.75,Put CEX 2,CEX,-1897721.382,7702.81178460439,7702.81178460439
2026-08-18 12:48:38,7750.0,7770.75,Put DEX 4,DEX,-94.194,7702.81178460439,7702.81178460439
2026-08-18 12:48:38,7750.0,7770.75,Put VEX 3,VEX,-610923.906,7702.81178460439,7702.81178460439
2026-08-18 12:48:38,7775.0,7795.75,Put CEX 5,CEX,-939789.43,7702.81178460439,7702.81178460439
2026-08-18 12:48:38,7775.0,7795.75,Call GEX 1,GEX,205052.322,7702.81178460439,7702.81178460439
2026-08-18 12:48:38,7775.0,7795.75,Put VEX 4,VEX,-310945.55,7702.81178460439,7702.81178460439
2026-08-18 12:48:38,7800.0,7821.0,Put CEX 4,CEX,-1584904.261,7702.81178460439,7702.81178460439
2026-08-18 12:48:38,7800.0,7821.0,Put DEX 2,DEX,-113.496,7702.81178460439,7702.81178460439
2026-08-18 12:48:38,7800.0,7821.0,Call GEX 2,GEX,187050.458,7702.81178460439,7702.81178460439
2026-08-18 12:48:38,7800.0,7821.0,Put VEX 2,VEX,-640466.029,7702.81178460439,7702.81178460439
2026-08-18 12:48:38,7825.0,7846.0,Call GEX 3,GEX,89146.059,7702.81178460439,7702.81178460439
2026-08-18 12:48:38,7850.0,7871.0,Call GEX 4,GEX,84908.139,7702.81178460439,7702.81178460439
2026-08-18 12:48:38,7900.0,7921.25,Call GEX 5,GEX,84157.868,7702.81178460439,7702.81178460439
2026-08-18 12:48:38,8000.0,8021.5,Put CEX 3,CEX,-1777282.374,7702.81178460439,7702.81178460439
2026-08-18 12:48:38,8000.0,8021.5,Put DEX 1,DEX,-1033.239,7702.81178460439,7702.81178460439
2026-08-18 12:48:38,8000.0,8021.5,Put VEX 1,VEX,-880372.806,7702.81178460439,7702.81178460439
2026-08-18 12:48:38,8500.0,8522.75,Put DEX 3,DEX,-107.273,7702.81178460439,7702.81178460439
2026-08-18 12:49:29,7000.0,7019.0,Call DEX 1,DEX,1033.074,7702.211162704752,7702.211162704752
2026-08-18 12:49:29,7400.0,7420.0,Call DEX 5,DEX,96.979,7702.211162704752,7702.211162704752
2026-08-18 12:49:29,7400.0,7420.0,Call VEX 3,VEX,669358.029,7702.211162704752,7702.211162704752
2026-08-18 12:49:29,7500.0,7520.25,Call DEX 2,DEX,313.131,7702.211162704752,7702.211162704752
2026-08-18 12:49:29,7500.0,7520.25,Call VEX 2,VEX,931229.853,7702.211162704752,7702.211162704752
2026-08-18 12:49:29,7550.0,7570.5,Call DEX 4,DEX,144.771,7702.211162704752,7702.211162704752
2026-08-18 12:49:29,7550.0,7570.5,Call VEX 4,VEX,605602.277,7702.211162704752,7702.211162704752
2026-08-18 12:49:29,7600.0,7620.5,Call CEX 3,CEX,2172344.169,7702.211162704752,7702.211162704752
2026-08-18 12:49:29,7600.0,7620.5,Call DEX 3,DEX,193.597,7702.211162704752,7702.211162704752
2026-08-18 12:49:29,7600.0,7620.5,Call VEX 1,VEX,1047469.618,7702.211162704752,7702.211162704752
2026-08-18 12:49:29,7635.0,7655.75,Call CEX 1,CEX,2877505.194,7702.211162704752,7702.211162704752
2026-08-18 12:49:29,7650.0,7670.75,Call CEX 4,CEX,2050089.459,7702.211162704752,7702.211162704752
2026-08-18 12:49:29,7650.0,7670.75,Call VEX 5,VEX,535449.851,7702.211162704752,7702.211162704752
2026-08-18 12:49:29,7685.0,7705.75,Call CEX 5,CEX,1779166.994,7702.211162704752,7702.211162704752
2026-08-18 12:49:29,7685.0,7705.75,Put GEX 5,GEX,-267841.381,7702.211162704752,7702.211162704752
2026-08-18 12:49:29,7690.0,7710.75,Call CEX 2,CEX,2355860.112,7702.211162704752,7702.211162704752
2026-08-18 12:49:29,7690.0,7710.75,Put GEX 3,GEX,-394784.6,7702.211162704752,7702.211162704752
2026-08-18 12:49:29,7695.0,7715.75,Put GEX 2,GEX,-809498.678,7702.211162704752,7702.211162704752
2026-08-18 12:49:29,7700.0,7720.75,Put CEX 1,CEX,-6677700.777,7702.211162704752,7702.211162704752
2026-08-18 12:49:29,7700.0,7720.75,Put GEX 1,GEX,-1678352.408,7702.211162704752,7702.211162704752
2026-08-18 12:49:29,7720.0,7741.0,Put GEX 4,GEX,-313087.264,7702.211162704752,7702.211162704752
2026-08-18 12:49:29,7725.0,7746.0,Put VEX 5,VEX,-202218.188,7702.211162704752,7702.211162704752
2026-08-18 12:49:29,7735.0,7756.0,Put DEX 5,DEX,-48.242,7702.211162704752,7702.211162704752
2026-08-18 12:49:29,7750.0,7771.0,Put CEX 3,CEX,-1536486.773,7702.211162704752,7702.211162704752
2026-08-18 12:49:29,7750.0,7771.0,Put DEX 4,DEX,-98.474,7702.211162704752,7702.211162704752
2026-08-18 12:49:29,7750.0,7771.0,Call GEX 2,GEX,201261.321,7702.211162704752,7702.211162704752
2026-08-18 12:49:29,7750.0,7771.0,Put VEX 3,VEX,-550896.047,7702.211162704752,7702.211162704752
2026-08-18 12:49:29,7775.0,7796.0,Put CEX 5,CEX,-920518.455,7702.211162704752,7702.211162704752
2026-08-18 12:49:29,7775.0,7796.0,Call GEX 1,GEX,208983.17,7702.211162704752,7702.211162704752
2026-08-18 12:49:29,7775.0,7796.0,Put VEX 4,VEX,-307364.638,7702.211162704752,7702.211162704752
2026-08-18 12:49:29,7800.0,7821.25,Put CEX 2,CEX,-1558766.584,7702.211162704752,7702.211162704752
2026-08-18 12:49:29,7800.0,7821.25,Put DEX 2,DEX,-109.458,7702.211162704752,7702.211162704752
2026-08-18 12:49:29,7800.0,7821.25,Call GEX 3,GEX,192352.235,7702.211162704752,7702.211162704752
2026-08-18 12:49:29,7800.0,7821.25,Put VEX 2,VEX,-631822.291,7702.211162704752,7702.211162704752
2026-08-18 12:49:29,7825.0,7846.25,Call GEX 4,GEX,89029.947,7702.211162704752,7702.211162704752
2026-08-18 12:49:29,7850.0,7871.25,Call GEX 5,GEX,84551.444,7702.211162704752,7702.211162704752
2026-08-18 12:49:29,8000.0,8021.75,Put CEX 4,CEX,-1443130.973,7702.211162704752,7702.211162704752
2026-08-18 12:49:29,8000.0,8021.75,Put DEX 1,DEX,-1025.437,7702.211162704752,7702.211162704752
2026-08-18 12:49:29,8000.0,8021.75,Put VEX 1,VEX,-719163.71,7702.211162704752,7702.211162704752
2026-08-18 12:49:29,8500.0,8523.0,Put DEX 3,DEX,-107.605,7702.211162704752,7702.211162704752
2026-08-18 12:50:21,7400.0,7420.25,Call VEX 3,VEX,606946.381,7703.462112169007,7703.462112169007
2026-08-18 12:50:21,7450.0,7470.5,Call DEX 4,DEX,93.751,7703.462112169007,7703.462112169007
2026-08-18 12:50:21,7500.0,7520.5,Call DEX 1,DEX,311.399,7703.462112169007,7703.462112169007
2026-08-18 12:50:21,7500.0,7520.5,Call VEX 2,VEX,953422.061,7703.462112169007,7703.462112169007
2026-08-18 12:50:21,7550.0,7570.75,Call DEX 3,DEX,145.574,7703.462112169007,7703.462112169007
2026-08-18 12:50:21,7550.0,7570.75,Call VEX 4,VEX,600147.719,7703.462112169007,7703.462112169007
2026-08-18 12:50:21,7600.0,7620.75,Call CEX 3,CEX,2190376.691,7703.462112169007,7703.462112169007
2026-08-18 12:50:21,7600.0,7620.75,Call DEX 2,DEX,195.067,7703.462112169007,7703.462112169007
2026-08-18 12:50:21,7600.0,7620.75,Call VEX 1,VEX,1047660.517,7703.462112169007,7703.462112169007
2026-08-18 12:50:21,7635.0,7656.0,Call CEX 1,CEX,2856688.602,7703.462112169007,7703.462112169007
2026-08-18 12:50:21,7650.0,7671.0,Call CEX 5,CEX,1931223.995,7703.462112169007,7703.462112169007
2026-08-18 12:50:21,7650.0,7671.0,Call DEX 5,DEX,72.398,7703.462112169007,7703.462112169007
2026-08-18 12:50:21,7650.0,7671.0,Call VEX 5,VEX,545018.149,7703.462112169007,7703.462112169007
2026-08-18 12:50:21,7690.0,7711.0,Call CEX 4,CEX,2185885.123,7703.462112169007,7703.462112169007
2026-08-18 12:50:21,7690.0,7711.0,Put GEX 4,GEX,-315995.926,7703.462112169007,7703.462112169007
2026-08-18 12:50:21,7695.0,7716.0,Call CEX 2,CEX,2209817.521,7703.462112169007,7703.462112169007
2026-08-18 12:50:21,7695.0,7716.0,Put GEX 2,GEX,-675877.612,7703.462112169007,7703.462112169007
2026-08-18 12:50:21,7700.0,7721.25,Put CEX 1,CEX,-4454005.153,7703.462112169007,7703.462112169007
2026-08-18 12:50:21,7700.0,7721.25,Put GEX 1,GEX,-2553006.413,7703.462112169007,7703.462112169007
2026-08-18 12:50:21,7720.0,7741.25,Put GEX 3,GEX,-326704.616,7703.462112169007,7703.462112169007
2026-08-18 12:50:21,7725.0,7746.25,Put VEX 5,VEX,-191018.501,7703.462112169007,7703.462112169007
2026-08-18 12:50:21,7735.0,7756.25,Put DEX 5,DEX,-47.205,7703.462112169007,7703.462112169007
2026-08-18 12:50:21,7735.0,7756.25,Put GEX 5,GEX,-238671.661,7703.462112169007,7703.462112169007
2026-08-18 12:50:21,7750.0,7771.25,Put CEX 2,CEX,-1913526.55,7703.462112169007,7703.462112169007
2026-08-18 12:50:21,7750.0,7771.25,Put DEX 4,DEX,-91.52,7703.462112169007,7703.462112169007
2026-08-18 12:50:21,7750.0,7771.25,Put VEX 3,VEX,-604672.503,7703.462112169007,7703.462112169007
2026-08-18 12:50:21,7775.0,7796.25,Put CEX 5,CEX,-958947.515,7703.462112169007,7703.462112169007
2026-08-18 12:50:21,7775.0,7796.25,Call GEX 1,GEX,210179.79,7703.462112169007,7703.462112169007
2026-08-18 12:50:21,7775.0,7796.25,Put VEX 4,VEX,-312158.683,7703.462112169007,7703.462112169007
2026-08-18 12:50:21,7800.0,7821.5,Put CEX 4,CEX,-1589470.249,7703.462112169007,7703.462112169007
2026-08-18 12:50:21,7800.0,7821.5,Put DEX 2,DEX,-113.624,7703.462112169007,7703.462112169007
2026-08-18 12:50:21,7800.0,7821.5,Call GEX 2,GEX,202617.588,7703.462112169007,7703.462112169007
2026-08-18 12:50:21,7800.0,7821.5,Put VEX 2,VEX,-633413.301,7703.462112169007,7703.462112169007
2026-08-18 12:50:21,7825.0,7846.5,Call GEX 3,GEX,90384.128,7703.462112169007,7703.462112169007
2026-08-18 12:50:21,7850.0,7871.5,Call GEX 4,GEX,87384.329,7703.462112169007,7703.462112169007
2026-08-18 12:50:21,7900.0,7921.75,Call GEX 5,GEX,85970.733,7703.462112169007,7703.462112169007
2026-08-18 12:50:21,8000.0,8022.0,Put CEX 3,CEX,-1671258.768,7703.462112169007,7703.462112169007
2026-08-18 12:50:21,8000.0,8022.0,Put DEX 1,DEX,-1036.079,7703.462112169007,7703.462112169007
2026-08-18 12:50:21,8000.0,8022.0,Put VEX 1,VEX,-821108.234,7703.462112169007,7703.462112169007
2026-08-18 12:50:21,8500.0,8523.25,Put DEX 3,DEX,-107.111,7703.462112169007,7703.462112169007
2026-08-18 12:51:17,7000.0,7019.0,Call DEX 1,DEX,1041.792,7693.913431211755,7693.913431211755
2026-08-18 12:51:17,7400.0,7420.25,Call DEX 5,DEX,96.747,7693.913431211755,7693.913431211755
2026-08-18 12:51:17,7400.0,7420.25,Call VEX 3,VEX,673788.372,7693.913431211755,7693.913431211755
2026-08-18 12:51:17,7500.0,7520.5,Call CEX 5,CEX,1693775.131,7693.913431211755,7693.913431211755
2026-08-18 12:51:17,7500.0,7520.5,Call DEX 2,DEX,311.933,7693.913431211755,7693.913431211755
2026-08-18 12:51:17,7500.0,7520.5,Call VEX 2,VEX,951103.534,7693.913431211755,7693.913431211755
2026-08-18 12:51:17,7550.0,7570.5,Call DEX 4,DEX,144.864,7693.913431211755,7693.913431211755
2026-08-18 12:51:17,7550.0,7570.5,Call VEX 4,VEX,604270.855,7693.913431211755,7693.913431211755
2026-08-18 12:51:17,7600.0,7620.75,Call CEX 2,CEX,2186204.378,7693.913431211755,7693.913431211755
2026-08-18 12:51:17,7600.0,7620.75,Call DEX 3,DEX,193.521,7693.913431211755,7693.913431211755
2026-08-18 12:51:17,7600.0,7620.75,Call VEX 1,VEX,1047495.398,7693.913431211755,7693.913431211755
2026-08-18 12:51:17,7635.0,7655.75,Call CEX 1,CEX,2937643.478,7693.913431211755,7693.913431211755
2026-08-18 12:51:17,7650.0,7670.75,Call CEX 4,CEX,2074573.141,7693.913431211755,7693.913431211755
2026-08-18 12:51:17,7650.0,7670.75,Call VEX 5,VEX,534686.016,7693.913431211755,7693.913431211755
2026-08-18 12:51:17,7685.0,7706.0,Put GEX 4,GEX,-230419.25,7693.913431211755,7693.913431211755
2026-08-18 12:51:17,7690.0,7711.0,Call CEX 3,CEX,2183884.541,7693.913431211755,7693.913431211755
2026-08-18 12:51:17,7690.0,7711.0,Put GEX 2,GEX,-366257.847,7693.913431211755,7693.913431211755
2026-08-18 12:51:17,7695.0,7716.0,Put GEX 1,GEX,-960973.585,7693.913431211755,7693.913431211755
2026-08-18 12:51:17,7700.0,7721.0,Call GEX 2,GEX,199125.297,7693.913431211755,7693.913431211755
2026-08-18 12:51:17,7720.0,7741.0,Put GEX 3,GEX,-314500.815,7693.913431211755,7693.913431211755
2026-08-18 12:51:17,7725.0,7746.0,Put CEX 5,CEX,-899112.302,7693.913431211755,7693.913431211755
2026-08-18 12:51:17,7725.0,7746.0,Put VEX 5,VEX,-203207.226,7693.913431211755,7693.913431211755
2026-08-18 12:51:17,7735.0,7756.0,Put DEX 5,DEX,-48.318,7693.913431211755,7693.913431211755
2026-08-18 12:51:17,7735.0,7756.0,Put GEX 5,GEX,-229256.143,7693.913431211755,7693.913431211755
2026-08-18 12:51:17,7750.0,7771.0,Put CEX 1,CEX,-1889699.662,7693.913431211755,7693.913431211755
2026-08-18 12:51:17,7750.0,7771.0,Put DEX 4,DEX,-95.375,7693.913431211755,7693.913431211755
2026-08-18 12:51:17,7750.0,7771.0,Call GEX 5,GEX,87189.85,7693.913431211755,7693.913431211755
2026-08-18 12:51:17,7750.0,7771.0,Put VEX 2,VEX,-610156.488,7693.913431211755,7693.913431211755
2026-08-18 12:51:17,7775.0,7796.25,Put CEX 4,CEX,-941343.69,7693.913431211755,7693.913431211755
2026-08-18 12:51:17,7775.0,7796.25,Call GEX 1,GEX,205009.491,7693.913431211755,7693.913431211755
2026-08-18 12:51:17,7775.0,7796.25,Put VEX 4,VEX,-309623.924,7693.913431211755,7693.913431211755
2026-08-18 12:51:17,7800.0,7821.25,Put CEX 2,CEX,-1568545.111,7693.913431211755,7693.913431211755
2026-08-18 12:51:17,7800.0,7821.25,Put DEX 2,DEX,-109.48,7693.913431211755,7693.913431211755
2026-08-18 12:51:17,7800.0,7821.25,Call GEX 3,GEX,191414.994,7693.913431211755,7693.913431211755
2026-08-18 12:51:17,7800.0,7821.25,Put VEX 1,VEX,-632494.419,7693.913431211755,7693.913431211755
2026-08-18 12:51:17,7825.0,7846.25,Call GEX 4,GEX,88122.704,7693.913431211755,7693.913431211755
2026-08-18 12:51:17,8000.0,8021.75,Put CEX 3,CEX,-1206974.118,7693.913431211755,7693.913431211755
2026-08-18 12:51:17,8000.0,8021.75,Put DEX 1,DEX,-1028.177,7693.913431211755,7693.913431211755
2026-08-18 12:51:17,8000.0,8021.75,Put VEX 3,VEX,-600230.786,7693.913431211755,7693.913431211755
2026-08-18 12:51:17,8500.0,8523.25,Put DEX 3,DEX,-107.692,7693.913431211755,7693.913431211755
2026-08-18 12:52:06,7400.0,7420.25,Call DEX 4,DEX,96.53,8003.808781567709,8003.808781567709
2026-08-18 12:52:06,7400.0,7420.25,Call VEX 3,VEX,656045.266,8003.808781567709,8003.808781567709
2026-08-18 12:52:06,7450.0,7470.5,Call DEX 5,DEX,93.5,8003.808781567709,8003.808781567709
2026-08-18 12:52:06,7500.0,7520.75,Call DEX 1,DEX,315.053,8003.808781567709,8003.808781567709
2026-08-18 12:52:06,7500.0,7520.75,Call VEX 2,VEX,895174.083,8003.808781567709,8003.808781567709
2026-08-18 12:52:06,7550.0,7570.75,Call DEX 3,DEX,145.216,8003.808781567709,8003.808781567709
2026-08-18 12:52:06,7550.0,7570.75,Call VEX 4,VEX,600906.231,8003.808781567709,8003.808781567709
2026-08-18 12:52:06,7600.0,7621.0,Call CEX 3,CEX,2137227.881,8003.808781567709,8003.808781567709
2026-08-18 12:52:06,7600.0,7621.0,Call DEX 2,DEX,194.365,8003.808781567709,8003.808781567709
2026-08-18 12:52:06,7600.0,7621.0,Call VEX 1,VEX,1047392.618,8003.808781567709,8003.808781567709
2026-08-18 12:52:06,7635.0,7656.0,Call CEX 1,CEX,2949563.61,8003.808781567709,8003.808781567709
2026-08-18 12:52:06,7650.0,7671.0,Call CEX 4,CEX,2068970.855,8003.808781567709,8003.808781567709
2026-08-18 12:52:06,7650.0,7671.0,Call VEX 5,VEX,537966.585,8003.808781567709,8003.808781567709
2026-08-18 12:52:06,7690.0,7711.25,Call CEX 2,CEX,2197878.011,8003.808781567709,8003.808781567709
2026-08-18 12:52:06,7690.0,7711.25,Put GEX 4,GEX,-340797.324,8003.808781567709,8003.808781567709
2026-08-18 12:52:06,7695.0,7716.25,Call CEX 5,CEX,1910621.792,8003.808781567709,8003.808781567709
2026-08-18 12:52:06,7695.0,7716.25,Put GEX 2,GEX,-870878.827,8003.808781567709,8003.808781567709
2026-08-18 12:52:06,7700.0,7721.25,Put CEX 1,CEX,-6975145.23,8003.808781567709,8003.808781567709
2026-08-18 12:52:06,7700.0,7721.25,Put GEX 1,GEX,-1908432.007,8003.808781567709,8003.808781567709
2026-08-18 12:52:06,7720.0,7741.25,Put GEX 5,GEX,-313919.682,8003.808781567709,8003.808781567709
2026-08-18 12:52:06,7725.0,7746.25,Put VEX 5,VEX,-199893.056,8003.808781567709,8003.808781567709
2026-08-18 12:52:06,7735.0,7756.25,Put DEX 5,DEX,-47.791,8003.808781567709,8003.808781567709
2026-08-18 12:52:06,7750.0,7771.25,Put CEX 3,CEX,-1902708.515,8003.808781567709,8003.808781567709
2026-08-18 12:52:06,7750.0,7771.25,Put DEX 4,DEX,-94.321,8003.808781567709,8003.808781567709
2026-08-18 12:52:06,7750.0,7771.25,Call GEX 4,GEX,86479.337,8003.808781567709,8003.808781567709
2026-08-18 12:52:06,7750.0,7771.25,Put VEX 3,VEX,-608920.367,8003.808781567709,8003.808781567709
2026-08-18 12:52:06,7775.0,7796.5,Put CEX 5,CEX,-949955.597,8003.808781567709,8003.808781567709
2026-08-18 12:52:06,7775.0,7796.5,Call GEX 1,GEX,206973.331,8003.808781567709,8003.808781567709
2026-08-18 12:52:06,7775.0,7796.5,Put VEX 4,VEX,-310521.769,8003.808781567709,8003.808781567709
2026-08-18 12:52:06,7800.0,7821.5,Put CEX 4,CEX,-1584953.581,8003.808781567709,8003.808781567709
2026-08-18 12:52:06,7800.0,7821.5,Put DEX 2,DEX,-108.939,8003.808781567709,8003.808781567709
2026-08-18 12:52:06,7800.0,7821.5,Call GEX 2,GEX,194445.351,8003.808781567709,8003.808781567709
2026-08-18 12:52:06,7800.0,7821.5,Put VEX 2,VEX,-636720.956,8003.808781567709,8003.808781567709
2026-08-18 12:52:06,7825.0,7846.5,Call GEX 3,GEX,89480.033,8003.808781567709,8003.808781567709
2026-08-18 12:52:06,7900.0,7921.75,Call GEX 5,GEX,84889.909,8003.808781567709,8003.808781567709
2026-08-18 12:52:06,8000.0,8022.0,Put CEX 2,CEX,-3588211.798,8003.808781567709,8003.808781567709
2026-08-18 12:52:06,8000.0,8022.0,Put DEX 1,DEX,-973.916,8003.808781567709,8003.808781567709
2026-08-18 12:52:06,8000.0,8022.0,Put GEX 3,GEX,-385103.607,8003.808781567709,8003.808781567709
2026-08-18 12:52:06,8000.0,8022.0,Put VEX 1,VEX,-1785829.705,8003.808781567709,8003.808781567709
2026-08-18 12:52:06,8500.0,8523.5,Put DEX 3,DEX,-104.722,8003.808781567709,8003.808781567709
2026-08-18 12:52:56,7400.0,7420.0,Call DEX 4,DEX,96.655,7703.001739437404,7703.001739437404
2026-08-18 12:52:56,7400.0,7420.0,Call VEX 3,VEX,651171.337,7703.001739437404,7703.001739437404
2026-08-18 12:52:56,7450.0,7470.0,Call DEX 5,DEX,93.298,7703.001739437404,7703.001739437404
2026-08-18 12:52:56,7500.0,7520.25,Call DEX 1,DEX,314.144,7703.001739437404,7703.001739437404
2026-08-18 12:52:56,7500.0,7520.25,Call VEX 2,VEX,912977.016,7703.001739437404,7703.001739437404
2026-08-18 12:52:56,7550.0,7570.25,Call DEX 3,DEX,145.112,7703.001739437404,7703.001739437404
2026-08-18 12:52:56,7550.0,7570.25,Call VEX 4,VEX,601933.855,7703.001739437404,7703.001739437404
2026-08-18 12:52:56,7600.0,7620.5,Call CEX 2,CEX,2158079.745,7703.001739437404,7703.001739437404
2026-08-18 12:52:56,7600.0,7620.5,Call DEX 2,DEX,194.437,7703.001739437404,7703.001739437404
2026-08-18 12:52:56,7600.0,7620.5,Call VEX 1,VEX,1046517.294,7703.001739437404,7703.001739437404
2026-08-18 12:52:56,7635.0,7655.5,Call CEX 1,CEX,2977870.395,7703.001739437404,7703.001739437404
2026-08-18 12:52:56,7650.0,7670.5,Call CEX 3,CEX,2079994.825,7703.001739437404,7703.001739437404
2026-08-18 12:52:56,7650.0,7670.5,Call VEX 5,VEX,537680.425,7703.001739437404,7703.001739437404
2026-08-18 12:52:56,7690.0,7710.75,Call CEX 4,CEX,2048595.803,7703.001739437404,7703.001739437404
2026-08-18 12:52:56,7690.0,7710.75,Put GEX 3,GEX,-318498.031,7703.001739437404,7703.001739437404
2026-08-18 12:52:56,7695.0,7715.75,Call CEX 5,CEX,1946951.218,7703.001739437404,7703.001739437404
2026-08-18 12:52:56,7695.0,7715.75,Put GEX 2,GEX,-885323.871,7703.001739437404,7703.001739437404
2026-08-18 12:52:56,7700.0,7720.75,Put CEX 1,CEX,-7054542.598,7703.001739437404,7703.001739437404
2026-08-18 12:52:56,7700.0,7720.75,Put GEX 1,GEX,-1890667.634,7703.001739437404,7703.001739437404
2026-08-18 12:52:56,7720.0,7740.75,Put GEX 4,GEX,-313325.038,7703.001739437404,7703.001739437404
2026-08-18 12:52:56,7725.0,7745.75,Put VEX 5,VEX,-199607.974,7703.001739437404,7703.001739437404
2026-08-18 12:52:56,7735.0,7755.75,Put DEX 5,DEX,-48.017,7703.001739437404,7703.001739437404
2026-08-18 12:52:56,7735.0,7755.75,Put GEX 5,GEX,-231361.527,7703.001739437404,7703.001739437404
2026-08-18 12:52:56,7750.0,7770.75,Put CEX 2,CEX,-1904489.338,7703.001739437404,7703.001739437404
2026-08-18 12:52:56,7750.0,7770.75,Put DEX 4,DEX,-94.347,7703.001739437404,7703.001739437404
2026-08-18 12:52:56,7750.0,7770.75,Call GEX 4,GEX,86830.279,7703.001739437404,7703.001739437404
2026-08-18 12:52:56,7750.0,7770.75,Put VEX 3,VEX,-608714.019,7703.001739437404,7703.001739437404
2026-08-18 12:52:56,7775.0,7796.0,Put CEX 5,CEX,-952942.752,7703.001739437404,7703.001739437404
2026-08-18 12:52:56,7775.0,7796.0,Call GEX 1,GEX,207126.576,7703.001739437404,7703.001739437404
2026-08-18 12:52:56,7775.0,7796.0,Put VEX 4,VEX,-310519.99,7703.001739437404,7703.001739437404
2026-08-18 12:52:56,7800.0,7821.0,Put CEX 4,CEX,-1588497.738,7703.001739437404,7703.001739437404
2026-08-18 12:52:56,7800.0,7821.0,Put DEX 2,DEX,-109.009,7703.001739437404,7703.001739437404
2026-08-18 12:52:56,7800.0,7821.0,Call GEX 2,GEX,194689.994,7703.001739437404,7703.001739437404
2026-08-18 12:52:56,7800.0,7821.0,Put VEX 2,VEX,-636279.968,7703.001739437404,7703.001739437404
2026-08-18 12:52:56,7825.0,7846.0,Call GEX 3,GEX,89548.847,7703.001739437404,7703.001739437404
2026-08-18 12:52:56,7900.0,7921.25,Call GEX 5,GEX,85439.254,7703.001739437404,7703.001739437404
2026-08-18 12:52:56,8000.0,8021.5,Put CEX 3,CEX,-1800747.074,7703.001739437404,7703.001739437404
2026-08-18 12:52:56,8000.0,8021.5,Put DEX 1,DEX,-1032.956,7703.001739437404,7703.001739437404
2026-08-18 12:52:56,8000.0,8021.5,Put VEX 1,VEX,-890110.502,7703.001739437404,7703.001739437404
2026-08-18 12:52:56,8500.0,8522.75,Put DEX 3,DEX,-107.307,7703.001739437404,7703.001739437404
2026-08-18 12:53:45,7000.0,7019.0,Call DEX 1,DEX,1041.299,7694.545289461752,7694.545289461752
2026-08-18 12:53:45,7400.0,7420.0,Call DEX 5,DEX,95.983,7694.545289461752,7694.545289461752
2026-08-18 12:53:45,7400.0,7420.0,Call VEX 3,VEX,670996.83,7694.545289461752,7694.545289461752
2026-08-18 12:53:45,7500.0,7520.25,Call DEX 2,DEX,312.24,7694.545289461752,7694.545289461752
2026-08-18 12:53:45,7500.0,7520.25,Call VEX 2,VEX,942107.094,7694.545289461752,7694.545289461752
2026-08-18 12:53:45,7550.0,7570.5,Call DEX 4,DEX,143.796,7694.545289461752,7694.545289461752
2026-08-18 12:53:45,7550.0,7570.5,Call VEX 4,VEX,612828.96,7694.545289461752,7694.545289461752
2026-08-18 12:53:45,7600.0,7620.5,Call CEX 3,CEX,2192747.136,7694.545289461752,7694.545289461752
2026-08-18 12:53:45,7600.0,7620.5,Call DEX 3,DEX,191.581,7694.545289461752,7694.545289461752
2026-08-18 12:53:45,7600.0,7620.5,Call VEX 1,VEX,1049158.44,7694.545289461752,7694.545289461752
2026-08-18 12:53:45,7635.0,7655.75,Call CEX 1,CEX,3053857.4,7694.545289461752,7694.545289461752
2026-08-18 12:53:45,7650.0,7670.75,Call CEX 4,CEX,2109644.495,7694.545289461752,7694.545289461752
2026-08-18 12:53:45,7650.0,7670.75,Call VEX 5,VEX,526531.28,7694.545289461752,7694.545289461752
2026-08-18 12:53:45,7685.0,7705.75,Call CEX 5,CEX,1730267.471,7694.545289461752,7694.545289461752
2026-08-18 12:53:45,7685.0,7705.75,Put GEX 4,GEX,-272482.156,7694.545289461752,7694.545289461752
2026-08-18 12:53:45,7690.0,7710.75,Call CEX 2,CEX,2519409.136,7694.545289461752,7694.545289461752
2026-08-18 12:53:45,7690.0,7710.75,Put GEX 2,GEX,-460069.643,7694.545289461752,7694.545289461752
2026-08-18 12:53:45,7695.0,7715.75,Put GEX 1,GEX,-941758.367,7694.545289461752,7694.545289461752
2026-08-18 12:53:45,7700.0,7720.75,Put CEX 4,CEX,-1010395.355,7694.545289461752,7694.545289461752
2026-08-18 12:53:45,7700.0,7720.75,Call GEX 3,GEX,176866.42,7694.545289461752,7694.545289461752
2026-08-18 12:53:45,7720.0,7741.0,Put GEX 3,GEX,-309616.515,7694.545289461752,7694.545289461752
2026-08-18 12:53:45,7725.0,7746.0,Put VEX 5,VEX,-209839.842,7694.545289461752,7694.545289461752
2026-08-18 12:53:45,7735.0,7756.0,Put DEX 5,DEX,-48.769,7694.545289461752,7694.545289461752
2026-08-18 12:53:45,7735.0,7756.0,Put GEX 5,GEX,-223167.158,7694.545289461752,7694.545289461752
2026-08-18 12:53:45,7750.0,7771.0,Put CEX 1,CEX,-1892555.583,7694.545289461752,7694.545289461752
2026-08-18 12:53:45,7750.0,7771.0,Put DEX 4,DEX,-96.984,7694.545289461752,7694.545289461752
2026-08-18 12:53:45,7750.0,7771.0,Call GEX 4,GEX,87728.828,7694.545289461752,7694.545289461752
2026-08-18 12:53:45,7750.0,7771.0,Put VEX 3,VEX,-614002.426,7694.545289461752,7694.545289461752
2026-08-18 12:53:45,7775.0,7796.0,Put CEX 5,CEX,-941003.124,7694.545289461752,7694.545289461752
2026-08-18 12:53:45,7775.0,7796.0,Call GEX 1,GEX,202051.669,7694.545289461752,7694.545289461752
2026-08-18 12:53:45,7775.0,7796.0,Put VEX 4,VEX,-308124.133,7694.545289461752,7694.545289461752
2026-08-18 12:53:45,7800.0,7821.0,Put CEX 2,CEX,-1550636.835,7694.545289461752,7694.545289461752
2026-08-18 12:53:45,7800.0,7821.0,Put DEX 2,DEX,-110.729,7694.545289461752,7694.545289461752
2026-08-18 12:53:45,7800.0,7821.0,Call GEX 2,GEX,199616.297,7694.545289461752,7694.545289461752
2026-08-18 12:53:45,7800.0,7821.0,Put VEX 2,VEX,-620154.63,7694.545289461752,7694.545289461752
2026-08-18 12:53:45,7825.0,7846.25,Call GEX 5,GEX,87201.394,7694.545289461752,7694.545289461752
2026-08-18 12:53:45,8000.0,8021.75,Put CEX 3,CEX,-1388879.41,7694.545289461752,7694.545289461752
2026-08-18 12:53:45,8000.0,8021.75,Put DEX 1,DEX,-1025.105,7694.545289461752,7694.545289461752
2026-08-18 12:53:45,8000.0,8021.75,Put VEX 1,VEX,-687730.747,7694.545289461752,7694.545289461752
2026-08-18 12:53:45,8500.0,8523.0,Put DEX 3,DEX,-107.57,7694.545289461752,7694.545289461752
2026-08-18 12:54:38,5000.0,5013.75,Call DEX 5,DEX,186.368,8003.483631472656,8003.483631472656
2026-08-18 12:54:38,6000.0,6016.5,Call DEX 3,DEX,261.438,8003.483631472656,8003.483631472656
2026-08-18 12:54:38,7000.0,7019.25,Call DEX 1,DEX,1036.393,8003.483631472656,8003.483631472656
2026-08-18 12:54:38,7000.0,7019.25,Call VEX 4,VEX,648566.783,8003.483631472656,8003.483631472656
2026-08-18 12:54:38,7400.0,7420.25,Call VEX 3,VEX,702566.838,8003.483631472656,8003.483631472656
2026-08-18 12:54:38,7500.0,7520.5,Call DEX 2,DEX,310.892,8003.483631472656,8003.483631472656
2026-08-18 12:54:38,7500.0,7520.5,Call VEX 2,VEX,962286.081,8003.483631472656,8003.483631472656
2026-08-18 12:54:38,7550.0,7570.75,Call VEX 5,VEX,620095.307,8003.483631472656,8003.483631472656
2026-08-18 12:54:38,7600.0,7620.75,Call CEX 3,CEX,2255787.817,8003.483631472656,8003.483631472656
2026-08-18 12:54:38,7600.0,7620.75,Call DEX 4,DEX,189.72,8003.483631472656,8003.483631472656
2026-08-18 12:54:38,7600.0,7620.75,Call VEX 1,VEX,1050774.732,8003.483631472656,8003.483631472656
2026-08-18 12:54:38,7635.0,7656.0,Call CEX 1,CEX,3111751.016,8003.483631472656,8003.483631472656
2026-08-18 12:54:38,7650.0,7671.0,Call CEX 4,CEX,2149489.362,8003.483631472656,8003.483631472656
2026-08-18 12:54:38,7685.0,7706.0,Call CEX 5,CEX,1983440.169,8003.483631472656,8003.483631472656
2026-08-18 12:54:38,7685.0,7706.0,Put GEX 4,GEX,-308642.673,8003.483631472656,8003.483631472656
2026-08-18 12:54:38,7690.0,7711.0,Call CEX 2,CEX,2528038.353,8003.483631472656,8003.483631472656
2026-08-18 12:54:38,7690.0,7711.0,Put GEX 2,GEX,-531387.492,8003.483631472656,8003.483631472656
2026-08-18 12:54:38,7695.0,7716.0,Put GEX 1,GEX,-1160884.303,8003.483631472656,8003.483631472656
2026-08-18 12:54:38,7700.0,7721.25,Put CEX 4,CEX,-1056992.332,8003.483631472656,8003.483631472656
2026-08-18 12:54:38,7700.0,7721.25,Call GEX 3,GEX,144228.003,8003.483631472656,8003.483631472656
2026-08-18 12:54:38,7720.0,7741.25,Put GEX 3,GEX,-311332.21,8003.483631472656,8003.483631472656
2026-08-18 12:54:38,7725.0,7746.25,Put CEX 5,CEX,-927820.34,8003.483631472656,8003.483631472656
2026-08-18 12:54:38,7725.0,7746.25,Put VEX 5,VEX,-214815.952,8003.483631472656,8003.483631472656
2026-08-18 12:54:38,7735.0,7756.25,Put DEX 5,DEX,-49.34,8003.483631472656,8003.483631472656
2026-08-18 12:54:38,7750.0,7771.25,Put CEX 2,CEX,-1865972.33,8003.483631472656,8003.483631472656
2026-08-18 12:54:38,7750.0,7771.25,Put DEX 4,DEX,-98.554,8003.483631472656,8003.483631472656
2026-08-18 12:54:38,7750.0,7771.25,Call GEX 4,GEX,92161.355,8003.483631472656,8003.483631472656
2026-08-18 12:54:38,7750.0,7771.25,Put VEX 2,VEX,-612497.128,8003.483631472656,8003.483631472656
2026-08-18 12:54:38,7775.0,7796.25,Call GEX 2,GEX,203202.668,8003.483631472656,8003.483631472656
2026-08-18 12:54:38,7775.0,7796.25,Put VEX 4,VEX,-305077.883,8003.483631472656,8003.483631472656
2026-08-18 12:54:38,7800.0,7821.5,Put CEX 3,CEX,-1523416.727,8003.483631472656,8003.483631472656
2026-08-18 12:54:38,7800.0,7821.5,Put DEX 2,DEX,-111.899,8003.483631472656,8003.483631472656
2026-08-18 12:54:38,7800.0,7821.5,Call GEX 1,GEX,210218.806,8003.483631472656,8003.483631472656
2026-08-18 12:54:38,7800.0,7821.5,Put VEX 3,VEX,-606889.902,8003.483631472656,8003.483631472656
2026-08-18 12:54:38,7825.0,7846.5,Call GEX 5,GEX,88211.917,8003.483631472656,8003.483631472656
2026-08-18 12:54:38,8000.0,8022.0,Put CEX 1,CEX,-3118902.173,8003.483631472656,8003.483631472656
2026-08-18 12:54:38,8000.0,8022.0,Put DEX 1,DEX,-990.432,8003.483631472656,8003.483631472656
2026-08-18 12:54:38,8000.0,8022.0,Put GEX 5,GEX,-303776.992,8003.483631472656,8003.483631472656
2026-08-18 12:54:38,8000.0,8022.0,Put VEX 1,VEX,-1547949.657,8003.483631472656,8003.483631472656
2026-08-18 12:54:38,8500.0,8523.25,Put DEX 3,DEX,-105.013,8003.483631472656,8003.483631472656
2026-08-18 12:55:33,5000.0,5013.75,Call DEX 5,DEX,186.241,7695.389796728916,7695.389796728916
2026-08-18 12:55:33,6000.0,6016.5,Call DEX 3,DEX,261.226,7695.389796728916,7695.389796728916
2026-08-18 12:55:33,7000.0,7019.0,Call DEX 1,DEX,1034.497,7695.389796728916,7695.389796728916
2026-08-18 12:55:33,7000.0,7019.0,Call VEX 3,VEX,722193.204,7695.389796728916,7695.389796728916
2026-08-18 12:55:33,7400.0,7420.25,Call VEX 4,VEX,706211.117,7695.389796728916,7695.389796728916
2026-08-18 12:55:33,7500.0,7520.5,Call DEX 2,DEX,307.653,7695.389796728916,7695.389796728916
2026-08-18 12:55:33,7500.0,7520.5,Call VEX 2,VEX,1007545.175,7695.389796728916,7695.389796728916
2026-08-18 12:55:33,7550.0,7570.5,Call VEX 5,VEX,630496.948,7695.389796728916,7695.389796728916
2026-08-18 12:55:33,7600.0,7620.75,Call CEX 4,CEX,2259954.216,7695.389796728916,7695.389796728916
2026-08-18 12:55:33,7600.0,7620.75,Call DEX 4,DEX,186.882,7695.389796728916,7695.389796728916
2026-08-18 12:55:33,7600.0,7620.75,Call VEX 1,VEX,1051593.141,7695.389796728916,7695.389796728916
2026-08-18 12:55:33,7635.0,7655.75,Call CEX 1,CEX,3193138.973,7695.389796728916,7695.389796728916
2026-08-18 12:55:33,7650.0,7671.0,Call CEX 5,CEX,2162310.102,7695.389796728916,7695.389796728916
2026-08-18 12:55:33,7685.0,7706.0,Call CEX 2,CEX,2318743.58,7695.389796728916,7695.389796728916
2026-08-18 12:55:33,7685.0,7706.0,Put GEX 3,GEX,-381728.356,7695.389796728916,7695.389796728916
2026-08-18 12:55:33,7690.0,7711.0,Call CEX 3,CEX,2268126.469,7695.389796728916,7695.389796728916
2026-08-18 12:55:33,7690.0,7711.0,Put GEX 2,GEX,-685392.49,7695.389796728916,7695.389796728916
2026-08-18 12:55:33,7695.0,7716.0,Put CEX 1,CEX,-2193466.988,7695.389796728916,7695.389796728916
2026-08-18 12:55:33,7695.0,7716.0,Put GEX 1,GEX,-1142153.992,7695.389796728916,7695.389796728916
2026-08-18 12:55:33,7700.0,7721.0,Put CEX 4,CEX,-1072526.097,7695.389796728916,7695.389796728916
2026-08-18 12:55:33,7700.0,7721.0,Call GEX 3,GEX,101187.549,7695.389796728916,7695.389796728916
2026-08-18 12:55:33,7720.0,7741.0,Put DEX 5,DEX,-40.593,7695.389796728916,7695.389796728916
2026-08-18 12:55:33,7720.0,7741.0,Put GEX 4,GEX,-303525.189,7695.389796728916,7695.389796728916
2026-08-18 12:55:33,7725.0,7746.0,Put CEX 5,CEX,-945267.802,7695.389796728916,7695.389796728916
2026-08-18 12:55:33,7725.0,7746.0,Put DEX 4,DEX,-43.694,7695.389796728916,7695.389796728916
2026-08-18 12:55:33,7725.0,7746.0,Put VEX 5,VEX,-224144.278,7695.389796728916,7695.389796728916
2026-08-18 12:55:33,7735.0,7756.0,Put DEX 3,DEX,-50.052,7695.389796728916,7695.389796728916
2026-08-18 12:55:33,7735.0,7756.0,Put GEX 5,GEX,-211244.295,7695.389796728916,7695.389796728916
2026-08-18 12:55:33,7750.0,7771.25,Put CEX 2,CEX,-1848653.456,7695.389796728916,7695.389796728916
2026-08-18 12:55:33,7750.0,7771.25,Put DEX 2,DEX,-101.226,7695.389796728916,7695.389796728916
2026-08-18 12:55:33,7750.0,7771.25,Call GEX 5,GEX,95712.604,7695.389796728916,7695.389796728916
2026-08-18 12:55:33,7750.0,7771.25,Put VEX 1,VEX,-616356.237,7695.389796728916,7695.389796728916
2026-08-18 12:55:33,7775.0,7796.25,Call GEX 2,GEX,197566.843,7695.389796728916,7695.389796728916
2026-08-18 12:55:33,7775.0,7796.25,Put VEX 4,VEX,-303104.342,7695.389796728916,7695.389796728916
2026-08-18 12:55:33,7800.0,7821.25,Put CEX 3,CEX,-1456474.102,7695.389796728916,7695.389796728916
2026-08-18 12:55:33,7800.0,7821.25,Put DEX 1,DEX,-114.196,7695.389796728916,7695.389796728916
2026-08-18 12:55:33,7800.0,7821.25,Call GEX 1,GEX,225630.923,7695.389796728916,7695.389796728916
2026-08-18 12:55:33,7800.0,7821.25,Put VEX 2,VEX,-576766.024,7695.389796728916,7695.389796728916
2026-08-18 12:55:33,8000.0,8021.75,Call GEX 4,GEX,97131.518,7695.389796728916,7695.389796728916
2026-08-18 12:55:33,8000.0,8021.75,Put VEX 3,VEX,-349224.129,7695.389796728916,7695.389796728916
2026-08-18 12:56:24,5000.0,5014.0,Call DEX 5,DEX,186.477,7695.085537756435,7695.085537756435
2026-08-18 12:56:24,6000.0,6016.75,Call DEX 3,DEX,261.673,7695.085537756435,7695.085537756435
2026-08-18 12:56:24,7000.0,7019.5,Call DEX 1,DEX,1039.028,7695.085537756435,7695.085537756435
2026-08-18 12:56:24,7000.0,7019.5,Call VEX 5,VEX,533698.53,7695.085537756435,7695.085537756435
2026-08-18 12:56:24,7400.0,7420.5,Call VEX 3,VEX,684906.47,7695.085537756435,7695.085537756435
2026-08-18 12:56:24,7500.0,7520.75,Call DEX 2,DEX,309.661,7695.085537756435,7695.085537756435
2026-08-18 12:56:24,7500.0,7520.75,Call VEX 2,VEX,979024.444,7695.085537756435,7695.085537756435
2026-08-18 12:56:24,7550.0,7571.0,Call VEX 4,VEX,622827.472,7695.085537756435,7695.085537756435
2026-08-18 12:56:24,7600.0,7621.0,Call CEX 3,CEX,2189202.543,7695.085537756435,7695.085537756435
2026-08-18 12:56:24,7600.0,7621.0,Call DEX 4,DEX,188.715,7695.085537756435,7695.085537756435
2026-08-18 12:56:24,7600.0,7621.0,Call VEX 1,VEX,1049258.079,7695.085537756435,7695.085537756435
2026-08-18 12:56:24,7635.0,7656.25,Call CEX 1,CEX,3196233.966,7695.085537756435,7695.085537756435
2026-08-18 12:56:24,7650.0,7671.25,Call CEX 4,CEX,2148530.656,7695.085537756435,7695.085537756435
2026-08-18 12:56:24,7685.0,7706.25,Call CEX 5,CEX,2070832.308,7695.085537756435,7695.085537756435
2026-08-18 12:56:24,7685.0,7706.25,Put GEX 3,GEX,-327598.245,7695.085537756435,7695.085537756435
2026-08-18 12:56:24,7690.0,7711.25,Call CEX 2,CEX,2576909.026,7695.085537756435,7695.085537756435
2026-08-18 12:56:24,7690.0,7711.25,Put GEX 2,GEX,-590478.562,7695.085537756435,7695.085537756435
2026-08-18 12:56:24,7695.0,7716.25,Put CEX 3,CEX,-1099222.84,7695.085537756435,7695.085537756435
2026-08-18 12:56:24,7695.0,7716.25,Put GEX 1,GEX,-1080844.575,7695.085537756435,7695.085537756435
2026-08-18 12:56:24,7700.0,7721.5,Put CEX 4,CEX,-1067893.548,7695.085537756435,7695.085537756435
2026-08-18 12:56:24,7700.0,7721.5,Call GEX 3,GEX,126763.411,7695.085537756435,7695.085537756435
2026-08-18 12:56:24,7720.0,7741.5,Put DEX 5,DEX,-39.917,7695.085537756435,7695.085537756435
2026-08-18 12:56:24,7720.0,7741.5,Put GEX 4,GEX,-303970.031,7695.085537756435,7695.085537756435
2026-08-18 12:56:24,7725.0,7746.5,Put CEX 5,CEX,-938277.594,7695.085537756435,7695.085537756435
2026-08-18 12:56:24,7725.0,7746.5,Put DEX 4,DEX,-42.782,7695.085537756435,7695.085537756435
2026-08-18 12:56:24,7725.0,7746.5,Put VEX 5,VEX,-219242.306,7695.085537756435,7695.085537756435
2026-08-18 12:56:24,7735.0,7756.5,Put DEX 3,DEX,-49.524,7695.085537756435,7695.085537756435
2026-08-18 12:56:24,7735.0,7756.5,Put GEX 5,GEX,-215741.73,7695.085537756435,7695.085537756435
2026-08-18 12:56:24,7750.0,7771.5,Put CEX 1,CEX,-1893973.163,7695.085537756435,7695.085537756435
2026-08-18 12:56:24,7750.0,7771.5,Put DEX 2,DEX,-99.624,7695.085537756435,7695.085537756435
2026-08-18 12:56:24,7750.0,7771.5,Put VEX 1,VEX,-619838.802,7695.085537756435,7695.085537756435
2026-08-18 12:56:24,7775.0,7796.5,Call GEX 2,GEX,200144.455,7695.085537756435,7695.085537756435
2026-08-18 12:56:24,7775.0,7796.5,Put VEX 4,VEX,-303700.978,7695.085537756435,7695.085537756435
2026-08-18 12:56:24,7800.0,7821.75,Put CEX 2,CEX,-1496784.662,7695.085537756435,7695.085537756435
2026-08-18 12:56:24,7800.0,7821.75,Put DEX 1,DEX,-113.137,7695.085537756435,7695.085537756435
2026-08-18 12:56:24,7800.0,7821.75,Call GEX 1,GEX,214435.414,7695.085537756435,7695.085537756435
2026-08-18 12:56:24,7800.0,7821.75,Put VEX 2,VEX,-591163.226,7695.085537756435,7695.085537756435
2026-08-18 12:56:24,7825.0,7846.75,Call GEX 5,GEX,87098.011,7695.085537756435,7695.085537756435
2026-08-18 12:56:24,8000.0,8022.25,Call GEX 4,GEX,97951.809,7695.085537756435,7695.085537756435
2026-08-18 12:56:24,8000.0,8022.25,Put VEX 3,VEX,-351256.474,7695.085537756435,7695.085537756435
2026-08-18 12:57:14,5000.0,5013.75,Call DEX 5,DEX,186.525,7697.724206950872,7697.724206950872
2026-08-18 12:57:14,6000.0,6016.5,Call DEX 3,DEX,261.761,7697.724206950872,7697.724206950872
2026-08-18 12:57:14,7000.0,7019.25,Call DEX 1,DEX,1039.259,7697.724206950872,7697.724206950872
2026-08-18 12:57:14,7000.0,7019.25,Call VEX 5,VEX,519305.735,7697.724206950872,7697.724206950872
2026-08-18 12:57:14,7400.0,7420.5,Call VEX 3,VEX,682659.901,7697.724206950872,7697.724206950872
2026-08-18 12:57:14,7500.0,7520.75,Call DEX 2,DEX,309.521,7697.724206950872,7697.724206950872
2026-08-18 12:57:14,7500.0,7520.75,Call VEX 2,VEX,968508.646,7697.724206950872,7697.724206950872
2026-08-18 12:57:14,7550.0,7570.75,Call VEX 4,VEX,619083.262,7697.724206950872,7697.724206950872
2026-08-18 12:57:14,7600.0,7621.0,Call CEX 4,CEX,2102540.914,7697.724206950872,7697.724206950872
2026-08-18 12:57:14,7600.0,7621.0,Call DEX 4,DEX,188.999,7697.724206950872,7697.724206950872
2026-08-18 12:57:14,7600.0,7621.0,Call VEX 1,VEX,1047286.306,7697.724206950872,7697.724206950872
2026-08-18 12:57:14,7635.0,7656.0,Call CEX 1,CEX,3232886.263,7697.724206950872,7697.724206950872
2026-08-18 12:57:14,7650.0,7671.25,Call CEX 5,CEX,2081025.607,7697.724206950872,7697.724206950872
2026-08-18 12:57:14,7685.0,7706.25,Call CEX 3,CEX,2248983.33,7697.724206950872,7697.724206950872
2026-08-18 12:57:14,7685.0,7706.25,Put GEX 4,GEX,-353966.755,7697.724206950872,7697.724206950872
2026-08-18 12:57:14,7690.0,7711.25,Call CEX 2,CEX,2555388.106,7697.724206950872,7697.724206950872
2026-08-18 12:57:14,7690.0,7711.25,Put GEX 2,GEX,-625947.211,7697.724206950872,7697.724206950872
2026-08-18 12:57:14,7695.0,7716.25,Put CEX 4,CEX,-1440172.553,7697.724206950872,7697.724206950872
2026-08-18 12:57:14,7695.0,7716.25,Put GEX 1,GEX,-984904.746,7697.724206950872,7697.724206950872
2026-08-18 12:57:14,7700.0,7721.25,Put CEX 1,CEX,-4819983.785,7697.724206950872,7697.724206950872
2026-08-18 12:57:14,7700.0,7721.25,Put GEX 3,GEX,-425333.532,7697.724206950872,7697.724206950872
2026-08-18 12:57:14,7720.0,7741.25,Put GEX 5,GEX,-302281.801,7697.724206950872,7697.724206950872
2026-08-18 12:57:14,7725.0,7746.25,Put CEX 5,CEX,-945563.819,7697.724206950872,7697.724206950872
2026-08-18 12:57:14,7725.0,7746.25,Put DEX 5,DEX,-43.295,7697.724206950872,7697.724206950872
2026-08-18 12:57:14,7725.0,7746.25,Put VEX 5,VEX,-221996.474,7697.724206950872,7697.724206950872
2026-08-18 12:57:14,7735.0,7756.5,Put DEX 4,DEX,-49.475,7697.724206950872,7697.724206950872
2026-08-18 12:57:14,7750.0,7771.5,Put CEX 2,CEX,-1904516.944,7697.724206950872,7697.724206950872
2026-08-18 12:57:14,7750.0,7771.5,Put DEX 3,DEX,-100.058,7697.724206950872,7697.724206950872
2026-08-18 12:57:14,7750.0,7771.5,Call GEX 4,GEX,85396.263,7697.724206950872,7697.724206950872
2026-08-18 12:57:14,7750.0,7771.5,Put VEX 1,VEX,-622900.065,7697.724206950872,7697.724206950872
2026-08-18 12:57:14,7775.0,7796.5,Call GEX 2,GEX,194129.282,7697.724206950872,7697.724206950872
2026-08-18 12:57:14,7775.0,7796.5,Put VEX 4,VEX,-305334.08,7697.724206950872,7697.724206950872
2026-08-18 12:57:14,7800.0,7821.5,Put CEX 3,CEX,-1502198.137,7697.724206950872,7697.724206950872
2026-08-18 12:57:14,7800.0,7821.5,Put DEX 2,DEX,-113.249,7697.724206950872,7697.724206950872
2026-08-18 12:57:14,7800.0,7821.5,Call GEX 1,GEX,208424.659,7697.724206950872,7697.724206950872
2026-08-18 12:57:14,7800.0,7821.5,Put VEX 2,VEX,-592457.024,7697.724206950872,7697.724206950872
2026-08-18 12:57:14,7825.0,7846.75,Call GEX 3,GEX,85733.73,7697.724206950872,7697.724206950872
2026-08-18 12:57:14,7900.0,7921.75,Call GEX 5,GEX,81982.02,7697.724206950872,7697.724206950872
2026-08-18 12:57:14,8000.0,8022.0,Put DEX 1,DEX,-1029.944,7697.724206950872,7697.724206950872
2026-08-18 12:57:14,8000.0,8022.0,Put VEX 3,VEX,-436341.322,7697.724206950872,7697.724206950872
2026-08-18 12:58:06,5000.0,5013.75,Call DEX 4,DEX,186.246,7695.530798642778,7695.530798642778
2026-08-18 12:58:06,6000.0,6016.5,Call DEX 3,DEX,261.164,7695.530798642778,7695.530798642778
2026-08-18 12:58:06,7000.0,7019.25,Call DEX 1,DEX,1034.623,7695.530798642778,7695.530798642778
2026-08-18 12:58:06,7000.0,7019.25,Call VEX 4,VEX,711312.452,7695.530798642778,7695.530798642778
2026-08-18 12:58:06,7400.0,7420.5,Call VEX 3,VEX,749190.31,7695.530798642778,7695.530798642778
2026-08-18 12:58:06,7500.0,7520.75,Call DEX 2,DEX,308.43,7695.530798642778,7695.530798642778
2026-08-18 12:58:06,7500.0,7520.75,Call VEX 2,VEX,993890.328,7695.530798642778,7695.530798642778
2026-08-18 12:58:06,7550.0,7571.0,Call VEX 5,VEX,628778.801,7695.530798642778,7695.530798642778
2026-08-18 12:58:06,7600.0,7621.0,Call CEX 4,CEX,2218240.501,7695.530798642778,7695.530798642778
2026-08-18 12:58:06,7600.0,7621.0,Call DEX 5,DEX,186.231,7695.530798642778,7695.530798642778
2026-08-18 12:58:06,7600.0,7621.0,Call VEX 1,VEX,1050529.932,7695.530798642778,7695.530798642778
2026-08-18 12:58:06,7635.0,7656.0,Call CEX 1,CEX,3307866.352,7695.530798642778,7695.530798642778
2026-08-18 12:58:06,7650.0,7671.25,Call CEX 5,CEX,2165383.621,7695.530798642778,7695.530798642778
2026-08-18 12:58:06,7685.0,7706.25,Call CEX 3,CEX,2269597.671,7695.530798642778,7695.530798642778
2026-08-18 12:58:06,7685.0,7706.25,Put GEX 3,GEX,-383844.015,7695.530798642778,7695.530798642778
2026-08-18 12:58:06,7690.0,7711.25,Call CEX 2,CEX,2316202.535,7695.530798642778,7695.530798642778
2026-08-18 12:58:06,7690.0,7711.25,Put GEX 2,GEX,-776951.611,7695.530798642778,7695.530798642778
2026-08-18 12:58:06,7695.0,7716.25,Put CEX 1,CEX,-2828292.259,7695.530798642778,7695.530798642778
2026-08-18 12:58:06,7695.0,7716.25,Put GEX 1,GEX,-1109437.492,7695.530798642778,7695.530798642778
2026-08-18 12:58:06,7700.0,7721.25,Put CEX 4,CEX,-958962.826,7695.530798642778,7695.530798642778
2026-08-18 12:58:06,7720.0,7741.25,Put DEX 5,DEX,-40.951,7695.530798642778,7695.530798642778
2026-08-18 12:58:06,7720.0,7741.25,Put GEX 4,GEX,-301599.126,7695.530798642778,7695.530798642778
2026-08-18 12:58:06,7725.0,7746.25,Put CEX 5,CEX,-956593.788,7695.530798642778,7695.530798642778
2026-08-18 12:58:06,7725.0,7746.25,Put DEX 4,DEX,-44.329,7695.530798642778,7695.530798642778
2026-08-18 12:58:06,7725.0,7746.25,Put VEX 5,VEX,-227592.51,7695.530798642778,7695.530798642778
2026-08-18 12:58:06,7735.0,7756.5,Put DEX 3,DEX,-50.065,7695.530798642778,7695.530798642778
2026-08-18 12:58:06,7735.0,7756.5,Put GEX 5,GEX,-209020.985,7695.530798642778,7695.530798642778
2026-08-18 12:58:06,7750.0,7771.5,Put CEX 2,CEX,-1876520.872,7695.530798642778,7695.530798642778
2026-08-18 12:58:06,7750.0,7771.5,Put DEX 2,DEX,-102.1,7695.530798642778,7695.530798642778
2026-08-18 12:58:06,7750.0,7771.5,Call GEX 4,GEX,90654.568,7695.530798642778,7695.530798642778
2026-08-18 12:58:06,7750.0,7771.5,Put VEX 1,VEX,-622000.175,7695.530798642778,7695.530798642778
2026-08-18 12:58:06,7775.0,7796.5,Call GEX 2,GEX,194061.235,7695.530798642778,7695.530798642778
2026-08-18 12:58:06,7775.0,7796.5,Put VEX 4,VEX,-300360.497,7695.530798642778,7695.530798642778
2026-08-18 12:58:06,7800.0,7821.5,Put CEX 3,CEX,-1443906.63,7695.530798642778,7695.530798642778
2026-08-18 12:58:06,7800.0,7821.5,Put DEX 1,DEX,-115.139,7695.530798642778,7695.530798642778
2026-08-18 12:58:06,7800.0,7821.5,Call GEX 1,GEX,221778.869,7695.530798642778,7695.530798642778
2026-08-18 12:58:06,7800.0,7821.5,Put VEX 2,VEX,-564806.186,7695.530798642778,7695.530798642778
2026-08-18 12:58:06,7825.0,7846.75,Call GEX 5,GEX,84690.068,7695.530798642778,7695.530798642778
2026-08-18 12:58:06,8000.0,8022.0,Call GEX 3,GEX,96793.019,7695.530798642778,7695.530798642778
2026-08-18 12:58:06,8000.0,8022.0,Put VEX 3,VEX,-347919.159,7695.530798642778,7695.530798642778
2026-08-18 12:59:04,5000.0,5014.0,Call DEX 5,DEX,186.462,7696.120740393285,7696.120740393285
2026-08-18 12:59:04,6000.0,6016.75,Call DEX 3,DEX,255.269,7696.120740393285,7696.120740393285
2026-08-18 12:59:04,7000.0,7019.5,Call DEX 1,DEX,1038.626,7696.120740393285,7696.120740393285
2026-08-18 12:59:04,7000.0,7019.5,Call VEX 5,VEX,552784.919,7696.120740393285,7696.120740393285
2026-08-18 12:59:04,7400.0,7420.5,Call VEX 3,VEX,691166.536,7696.120740393285,7696.120740393285
2026-08-18 12:59:04,7500.0,7520.75,Call CEX 5,CEX,1704585.657,7696.120740393285,7696.120740393285
2026-08-18 12:59:04,7500.0,7520.75,Call DEX 2,DEX,307.258,7696.120740393285,7696.120740393285
2026-08-18 12:59:04,7500.0,7520.75,Call VEX 2,VEX,989892.733,7696.120740393285,7696.120740393285
2026-08-18 12:59:04,7550.0,7571.0,Call VEX 4,VEX,621144.119,7696.120740393285,7696.120740393285
2026-08-18 12:59:04,7600.0,7621.0,Call CEX 4,CEX,2141339.859,7696.120740393285,7696.120740393285
2026-08-18 12:59:04,7600.0,7621.0,Call DEX 4,DEX,187.494,7696.120740393285,7696.120740393285
2026-08-18 12:59:04,7600.0,7621.0,Call VEX 1,VEX,1049277.122,7696.120740393285,7696.120740393285
2026-08-18 12:59:04,7635.0,7656.25,Call CEX 1,CEX,3324808.516,7696.120740393285,7696.120740393285
2026-08-18 12:59:04,7650.0,7671.25,Call CEX 3,CEX,2169239.501,7696.120740393285,7696.120740393285
2026-08-18 12:59:04,7685.0,7706.25,Put GEX 3,GEX,-301281.861,7696.120740393285,7696.120740393285
2026-08-18 12:59:04,7690.0,7711.25,Call CEX 2,CEX,2639911.727,7696.120740393285,7696.120740393285
2026-08-18 12:59:04,7690.0,7711.25,Put GEX 2,GEX,-728298.356,7696.120740393285,7696.120740393285
2026-08-18 12:59:04,7695.0,7716.25,Put CEX 2,CEX,-2569457.203,7696.120740393285,7696.120740393285
2026-08-18 12:59:04,7695.0,7716.25,Put GEX 1,GEX,-1193100.934,7696.120740393285,7696.120740393285
2026-08-18 12:59:04,7720.0,7741.5,Put DEX 5,DEX,-40.484,7696.120740393285,7696.120740393285
2026-08-18 12:59:04,7720.0,7741.5,Put GEX 4,GEX,-299120.915,7696.120740393285,7696.120740393285
2026-08-18 12:59:04,7725.0,7746.5,Put CEX 4,CEX,-951954.7,7696.120740393285,7696.120740393285
2026-08-18 12:59:04,7725.0,7746.5,Put DEX 4,DEX,-43.76,7696.120740393285,7696.120740393285
2026-08-18 12:59:04,7725.0,7746.5,Put VEX 5,VEX,-224670.92,7696.120740393285,7696.120740393285
2026-08-18 12:59:04,7735.0,7756.5,Put DEX 3,DEX,-49.958,7696.120740393285,7696.120740393285
2026-08-18 12:59:04,7735.0,7756.5,Put GEX 5,GEX,-210378.744,7696.120740393285,7696.120740393285
2026-08-18 12:59:04,7750.0,7771.5,Put CEX 3,CEX,-1898175.791,7696.120740393285,7696.120740393285
2026-08-18 12:59:04,7750.0,7771.5,Put DEX 2,DEX,-100.937,7696.120740393285,7696.120740393285
2026-08-18 12:59:04,7750.0,7771.5,Call GEX 4,GEX,87688.674,7696.120740393285,7696.120740393285
2026-08-18 12:59:04,7750.0,7771.5,Put VEX 1,VEX,-622757.512,7696.120740393285,7696.120740393285
2026-08-18 12:59:04,7775.0,7796.5,Put CEX 5,CEX,-928424.511,7696.120740393285,7696.120740393285
2026-08-18 12:59:04,7775.0,7796.5,Call GEX 1,GEX,193581.212,7696.120740393285,7696.120740393285
2026-08-18 12:59:04,7775.0,7796.5,Put VEX 4,VEX,-301648.158,7696.120740393285,7696.120740393285
2026-08-18 12:59:04,7800.0,7821.75,Put CEX 1,CEX,-2674557.869,7696.120740393285,7696.120740393285
2026-08-18 12:59:04,7800.0,7821.75,Put DEX 1,DEX,-124.686,7696.120740393285,7696.120740393285
2026-08-18 12:59:04,7800.0,7821.75,Call GEX 2,GEX,183050.357,7696.120740393285,7696.120740393285
2026-08-18 12:59:04,7800.0,7821.75,Put VEX 2,VEX,-602984.884,7696.120740393285,7696.120740393285
2026-08-18 12:59:04,7825.0,7846.75,Call GEX 5,GEX,82660.593,7696.120740393285,7696.120740393285
2026-08-18 12:59:04,8000.0,8022.25,Call GEX 3,GEX,96779.959,7696.120740393285,7696.120740393285
2026-08-18 12:59:04,8000.0,8022.25,Put VEX 3,VEX,-348105.785,7696.120740393285,7696.120740393285
