timestamp,strikePrice,Theo ES,Rank,Greek,Value,cum_gam,cum_vec
2026-09-17 08:02:49,5000.0,5045.25,Call DEX 3,DEX,286.532,7551.68471901893,7551.68471901893
2026-09-17 08:02:49,6000.0,6054.25,Call DEX 2,DEX,1145.744,7551.68471901893,7551.68471901893
2026-09-17 08:02:49,7000.0,7063.25,Call CEX 1,CEX,8575710.388,7551.68471901893,7551.68471901893
2026-09-17 08:02:49,7000.0,7063.25,Call DEX 1,DEX,2780.329,7551.68471901893,7551.68471901893
2026-09-17 08:02:49,7000.0,7063.25,Call GEX 2,GEX,92668.126,7551.68471901893,7551.68471901893
2026-09-17 08:02:49,7000.0,7063.25,Call VEX 1,VEX,2917330.077,7551.68471901893,7551.68471901893
2026-09-17 08:02:49,7300.0,7366.0,Call CEX 5,CEX,1878836.483,7551.68471901893,7551.68471901893
2026-09-17 08:02:49,7300.0,7366.0,Call DEX 4,DEX,237.806,7551.68471901893,7551.68471901893
2026-09-17 08:02:49,7300.0,7366.0,Call VEX 5,VEX,640822.243,7551.68471901893,7551.68471901893
2026-09-17 08:02:49,7400.0,7467.0,Call CEX 4,CEX,3426587.772,7551.68471901893,7551.68471901893
2026-09-17 08:02:49,7400.0,7467.0,Put GEX 4,GEX,-125622.801,7551.68471901893,7551.68471901893
2026-09-17 08:02:49,7400.0,7467.0,Call VEX 4,VEX,1185746.733,7551.68471901893,7551.68471901893
2026-09-17 08:02:49,7450.0,7517.5,Call CEX 3,CEX,4178433.641,7551.68471901893,7551.68471901893
2026-09-17 08:02:49,7450.0,7517.5,Call DEX 5,DEX,234.444,7551.68471901893,7551.68471901893
2026-09-17 08:02:49,7450.0,7517.5,Put GEX 5,GEX,-118001.047,7551.68471901893,7551.68471901893
2026-09-17 08:02:49,7450.0,7517.5,Call VEX 3,VEX,1435739.256,7551.68471901893,7551.68471901893
2026-09-17 08:02:49,7500.0,7567.75,Call CEX 2,CEX,4202435.25,7551.68471901893,7551.68471901893
2026-09-17 08:02:49,7500.0,7567.75,Put GEX 2,GEX,-440572.974,7551.68471901893,7551.68471901893
2026-09-17 08:02:49,7500.0,7567.75,Call VEX 2,VEX,1538802.179,7551.68471901893,7551.68471901893
2026-09-17 08:02:49,7550.0,7618.25,Put GEX 1,GEX,-441048.894,7551.68471901893,7551.68471901893
2026-09-17 08:02:49,7600.0,7668.75,Put CEX 1,CEX,-4821552.94,7551.68471901893,7551.68471901893
2026-09-17 08:02:49,7600.0,7668.75,Put DEX 3,DEX,-229.322,7551.68471901893,7551.68471901893
2026-09-17 08:02:49,7600.0,7668.75,Put GEX 3,GEX,-150148.603,7551.68471901893,7551.68471901893
2026-09-17 08:02:49,7600.0,7668.75,Put VEX 1,VEX,-1448129.957,7551.68471901893,7551.68471901893
2026-09-17 08:02:49,7605.0,7673.75,Put CEX 5,CEX,-989879.292,7551.68471901893,7551.68471901893
2026-09-17 08:02:49,7605.0,7673.75,Put VEX 5,VEX,-298175.412,7551.68471901893,7551.68471901893
2026-09-17 08:02:49,7650.0,7719.25,Put CEX 2,CEX,-3625225.034,7551.68471901893,7551.68471901893
2026-09-17 08:02:49,7650.0,7719.25,Put DEX 2,DEX,-271.924,7551.68471901893,7551.68471901893
2026-09-17 08:02:49,7650.0,7719.25,Put VEX 2,VEX,-1117965.386,7551.68471901893,7551.68471901893
2026-09-17 08:02:49,7670.0,7739.5,Put DEX 5,DEX,-74.79,7551.68471901893,7551.68471901893
2026-09-17 08:02:49,7675.0,7744.5,Put CEX 4,CEX,-1223772.26,7551.68471901893,7551.68471901893
2026-09-17 08:02:49,7675.0,7744.5,Put DEX 4,DEX,-106.28,7551.68471901893,7551.68471901893
2026-09-17 08:02:49,7675.0,7744.5,Put VEX 4,VEX,-332275.019,7551.68471901893,7551.68471901893
2026-09-17 08:02:49,7680.0,7749.5,Call GEX 3,GEX,85503.493,7551.68471901893,7551.68471901893
2026-09-17 08:02:49,7700.0,7769.75,Put CEX 3,CEX,-2562980.099,7551.68471901893,7551.68471901893
2026-09-17 08:02:49,7700.0,7769.75,Put DEX 1,DEX,-447.39,7551.68471901893,7551.68471901893
2026-09-17 08:02:49,7700.0,7769.75,Call GEX 1,GEX,182645.606,7551.68471901893,7551.68471901893
2026-09-17 08:02:49,7700.0,7769.75,Put VEX 3,VEX,-812420.1,7551.68471901893,7551.68471901893
2026-09-17 08:02:49,7750.0,7820.0,Call GEX 4,GEX,78653.076,7551.68471901893,7551.68471901893
2026-09-17 08:02:49,8000.0,8072.5,Call GEX 5,GEX,66567.22,7551.68471901893,7551.68471901893
2026-09-17 08:03:28,5000.0,5045.5,Call DEX 3,DEX,286.532,7551.68471901893,7551.68471901893
2026-09-17 08:03:28,6000.0,6054.75,Call DEX 2,DEX,1145.744,7551.68471901893,7551.68471901893
2026-09-17 08:03:28,7000.0,7063.75,Call CEX 1,CEX,8575710.388,7551.68471901893,7551.68471901893
2026-09-17 08:03:28,7000.0,7063.75,Call DEX 1,DEX,2780.329,7551.68471901893,7551.68471901893
2026-09-17 08:03:28,7000.0,7063.75,Call GEX 2,GEX,92668.126,7551.68471901893,7551.68471901893
2026-09-17 08:03:28,7000.0,7063.75,Call VEX 1,VEX,2917330.077,7551.68471901893,7551.68471901893
2026-09-17 08:03:28,7300.0,7366.5,Call CEX 5,CEX,1878836.483,7551.68471901893,7551.68471901893
2026-09-17 08:03:28,7300.0,7366.5,Call DEX 4,DEX,237.806,7551.68471901893,7551.68471901893
2026-09-17 08:03:28,7300.0,7366.5,Call VEX 5,VEX,640822.243,7551.68471901893,7551.68471901893
2026-09-17 08:03:28,7400.0,7467.5,Call CEX 4,CEX,3426587.772,7551.68471901893,7551.68471901893
2026-09-17 08:03:28,7400.0,7467.5,Put GEX 4,GEX,-125622.801,7551.68471901893,7551.68471901893
2026-09-17 08:03:28,7400.0,7467.5,Call VEX 4,VEX,1185746.733,7551.68471901893,7551.68471901893
2026-09-17 08:03:28,7450.0,7518.0,Call CEX 3,CEX,4178433.641,7551.68471901893,7551.68471901893
2026-09-17 08:03:28,7450.0,7518.0,Call DEX 5,DEX,234.444,7551.68471901893,7551.68471901893
2026-09-17 08:03:28,7450.0,7518.0,Put GEX 5,GEX,-118001.047,7551.68471901893,7551.68471901893
2026-09-17 08:03:28,7450.0,7518.0,Call VEX 3,VEX,1435739.256,7551.68471901893,7551.68471901893
2026-09-17 08:03:28,7500.0,7568.25,Call CEX 2,CEX,4202435.25,7551.68471901893,7551.68471901893
2026-09-17 08:03:28,7500.0,7568.25,Put GEX 2,GEX,-440572.974,7551.68471901893,7551.68471901893
2026-09-17 08:03:28,7500.0,7568.25,Call VEX 2,VEX,1538802.179,7551.68471901893,7551.68471901893
2026-09-17 08:03:28,7550.0,7618.75,Put GEX 1,GEX,-441048.894,7551.68471901893,7551.68471901893
2026-09-17 08:03:28,7600.0,7669.25,Put CEX 1,CEX,-4821552.94,7551.68471901893,7551.68471901893
2026-09-17 08:03:28,7600.0,7669.25,Put DEX 3,DEX,-229.322,7551.68471901893,7551.68471901893
2026-09-17 08:03:28,7600.0,7669.25,Put GEX 3,GEX,-150148.603,7551.68471901893,7551.68471901893
2026-09-17 08:03:28,7600.0,7669.25,Put VEX 1,VEX,-1448129.957,7551.68471901893,7551.68471901893
2026-09-17 08:03:28,7605.0,7674.25,Put CEX 5,CEX,-989879.292,7551.68471901893,7551.68471901893
2026-09-17 08:03:28,7605.0,7674.25,Put VEX 5,VEX,-298175.412,7551.68471901893,7551.68471901893
2026-09-17 08:03:28,7650.0,7719.75,Put CEX 2,CEX,-3625225.034,7551.68471901893,7551.68471901893
2026-09-17 08:03:28,7650.0,7719.75,Put DEX 2,DEX,-271.924,7551.68471901893,7551.68471901893
2026-09-17 08:03:28,7650.0,7719.75,Put VEX 2,VEX,-1117965.386,7551.68471901893,7551.68471901893
2026-09-17 08:03:28,7670.0,7740.0,Put DEX 5,DEX,-74.79,7551.68471901893,7551.68471901893
2026-09-17 08:03:28,7675.0,7745.0,Put CEX 4,CEX,-1223772.26,7551.68471901893,7551.68471901893
2026-09-17 08:03:28,7675.0,7745.0,Put DEX 4,DEX,-106.28,7551.68471901893,7551.68471901893
2026-09-17 08:03:28,7675.0,7745.0,Put VEX 4,VEX,-332275.019,7551.68471901893,7551.68471901893
2026-09-17 08:03:28,7680.0,7750.0,Call GEX 3,GEX,85503.493,7551.68471901893,7551.68471901893
2026-09-17 08:03:28,7700.0,7770.25,Put CEX 3,CEX,-2562980.099,7551.68471901893,7551.68471901893
2026-09-17 08:03:28,7700.0,7770.25,Put DEX 1,DEX,-447.39,7551.68471901893,7551.68471901893
2026-09-17 08:03:28,7700.0,7770.25,Call GEX 1,GEX,182645.606,7551.68471901893,7551.68471901893
2026-09-17 08:03:28,7700.0,7770.25,Put VEX 3,VEX,-812420.1,7551.68471901893,7551.68471901893
2026-09-17 08:03:28,7750.0,7820.75,Call GEX 4,GEX,78653.076,7551.68471901893,7551.68471901893
2026-09-17 08:03:28,8000.0,8073.0,Call GEX 5,GEX,66567.22,7551.68471901893,7551.68471901893
2026-09-17 08:04:06,5000.0,5045.25,Call DEX 3,DEX,286.532,7551.68471901893,7551.68471901893
2026-09-17 08:04:06,6000.0,6054.25,Call DEX 2,DEX,1145.744,7551.68471901893,7551.68471901893
2026-09-17 08:04:06,7000.0,7063.5,Call CEX 1,CEX,8575710.388,7551.68471901893,7551.68471901893
2026-09-17 08:04:06,7000.0,7063.5,Call DEX 1,DEX,2780.329,7551.68471901893,7551.68471901893
2026-09-17 08:04:06,7000.0,7063.5,Call GEX 2,GEX,92668.126,7551.68471901893,7551.68471901893
2026-09-17 08:04:06,7000.0,7063.5,Call VEX 1,VEX,2917330.077,7551.68471901893,7551.68471901893
2026-09-17 08:04:06,7300.0,7366.25,Call CEX 5,CEX,1878836.483,7551.68471901893,7551.68471901893
2026-09-17 08:04:06,7300.0,7366.25,Call DEX 4,DEX,237.806,7551.68471901893,7551.68471901893
2026-09-17 08:04:06,7300.0,7366.25,Call VEX 5,VEX,640822.243,7551.68471901893,7551.68471901893
2026-09-17 08:04:06,7400.0,7467.0,Call CEX 4,CEX,3426587.772,7551.68471901893,7551.68471901893
2026-09-17 08:04:06,7400.0,7467.0,Put GEX 4,GEX,-125622.801,7551.68471901893,7551.68471901893
2026-09-17 08:04:06,7400.0,7467.0,Call VEX 4,VEX,1185746.733,7551.68471901893,7551.68471901893
2026-09-17 08:04:06,7450.0,7517.5,Call CEX 3,CEX,4178433.641,7551.68471901893,7551.68471901893
2026-09-17 08:04:06,7450.0,7517.5,Call DEX 5,DEX,234.444,7551.68471901893,7551.68471901893
2026-09-17 08:04:06,7450.0,7517.5,Put GEX 5,GEX,-118001.047,7551.68471901893,7551.68471901893
2026-09-17 08:04:06,7450.0,7517.5,Call VEX 3,VEX,1435739.256,7551.68471901893,7551.68471901893
2026-09-17 08:04:06,7500.0,7568.0,Call CEX 2,CEX,4202435.25,7551.68471901893,7551.68471901893
2026-09-17 08:04:06,7500.0,7568.0,Put GEX 2,GEX,-440572.974,7551.68471901893,7551.68471901893
2026-09-17 08:04:06,7500.0,7568.0,Call VEX 2,VEX,1538802.179,7551.68471901893,7551.68471901893
2026-09-17 08:04:06,7550.0,7618.5,Put GEX 1,GEX,-441048.894,7551.68471901893,7551.68471901893
2026-09-17 08:04:06,7600.0,7668.75,Put CEX 1,CEX,-4821552.94,7551.68471901893,7551.68471901893
2026-09-17 08:04:06,7600.0,7668.75,Put DEX 3,DEX,-229.322,7551.68471901893,7551.68471901893
2026-09-17 08:04:06,7600.0,7668.75,Put GEX 3,GEX,-150148.603,7551.68471901893,7551.68471901893
2026-09-17 08:04:06,7600.0,7668.75,Put VEX 1,VEX,-1448129.957,7551.68471901893,7551.68471901893
2026-09-17 08:04:06,7605.0,7674.0,Put CEX 5,CEX,-989879.292,7551.68471901893,7551.68471901893
2026-09-17 08:04:06,7605.0,7674.0,Put VEX 5,VEX,-298175.412,7551.68471901893,7551.68471901893
2026-09-17 08:04:06,7650.0,7719.25,Put CEX 2,CEX,-3625225.034,7551.68471901893,7551.68471901893
2026-09-17 08:04:06,7650.0,7719.25,Put DEX 2,DEX,-271.924,7551.68471901893,7551.68471901893
2026-09-17 08:04:06,7650.0,7719.25,Put VEX 2,VEX,-1117965.386,7551.68471901893,7551.68471901893
2026-09-17 08:04:06,7670.0,7739.5,Put DEX 5,DEX,-74.79,7551.68471901893,7551.68471901893
2026-09-17 08:04:06,7675.0,7744.5,Put CEX 4,CEX,-1223772.26,7551.68471901893,7551.68471901893
2026-09-17 08:04:06,7675.0,7744.5,Put DEX 4,DEX,-106.28,7551.68471901893,7551.68471901893
2026-09-17 08:04:06,7675.0,7744.5,Put VEX 4,VEX,-332275.019,7551.68471901893,7551.68471901893
2026-09-17 08:04:06,7680.0,7749.5,Call GEX 3,GEX,85503.493,7551.68471901893,7551.68471901893
2026-09-17 08:04:06,7700.0,7769.75,Put CEX 3,CEX,-2562980.099,7551.68471901893,7551.68471901893
2026-09-17 08:04:06,7700.0,7769.75,Put DEX 1,DEX,-447.39,7551.68471901893,7551.68471901893
2026-09-17 08:04:06,7700.0,7769.75,Call GEX 1,GEX,182645.606,7551.68471901893,7551.68471901893
2026-09-17 08:04:06,7700.0,7769.75,Put VEX 3,VEX,-812420.1,7551.68471901893,7551.68471901893
2026-09-17 08:04:06,7750.0,7820.25,Call GEX 4,GEX,78653.076,7551.68471901893,7551.68471901893
2026-09-17 08:04:06,8000.0,8072.5,Call GEX 5,GEX,66567.22,7551.68471901893,7551.68471901893
2026-09-17 08:04:44,5000.0,5045.0,Call DEX 3,DEX,286.532,7551.68471901893,7551.68471901893
2026-09-17 08:04:44,6000.0,6054.0,Call DEX 2,DEX,1145.744,7551.68471901893,7551.68471901893
2026-09-17 08:04:44,7000.0,7063.0,Call CEX 1,CEX,8575710.388,7551.68471901893,7551.68471901893
2026-09-17 08:04:44,7000.0,7063.0,Call DEX 1,DEX,2780.329,7551.68471901893,7551.68471901893
2026-09-17 08:04:44,7000.0,7063.0,Call GEX 2,GEX,92668.126,7551.68471901893,7551.68471901893
2026-09-17 08:04:44,7000.0,7063.0,Call VEX 1,VEX,2917330.077,7551.68471901893,7551.68471901893
2026-09-17 08:04:44,7300.0,7365.5,Call CEX 5,CEX,1878836.483,7551.68471901893,7551.68471901893
2026-09-17 08:04:44,7300.0,7365.5,Call DEX 4,DEX,237.806,7551.68471901893,7551.68471901893
2026-09-17 08:04:44,7300.0,7365.5,Call VEX 5,VEX,640822.243,7551.68471901893,7551.68471901893
2026-09-17 08:04:44,7400.0,7466.5,Call CEX 4,CEX,3426587.772,7551.68471901893,7551.68471901893
2026-09-17 08:04:44,7400.0,7466.5,Put GEX 4,GEX,-125622.801,7551.68471901893,7551.68471901893
2026-09-17 08:04:44,7400.0,7466.5,Call VEX 4,VEX,1185746.733,7551.68471901893,7551.68471901893
2026-09-17 08:04:44,7450.0,7517.0,Call CEX 3,CEX,4178433.641,7551.68471901893,7551.68471901893
2026-09-17 08:04:44,7450.0,7517.0,Call DEX 5,DEX,234.444,7551.68471901893,7551.68471901893
2026-09-17 08:04:44,7450.0,7517.0,Put GEX 5,GEX,-118001.047,7551.68471901893,7551.68471901893
2026-09-17 08:04:44,7450.0,7517.0,Call VEX 3,VEX,1435739.256,7551.68471901893,7551.68471901893
2026-09-17 08:04:44,7500.0,7567.25,Call CEX 2,CEX,4202435.25,7551.68471901893,7551.68471901893
2026-09-17 08:04:44,7500.0,7567.25,Put GEX 2,GEX,-440572.974,7551.68471901893,7551.68471901893
2026-09-17 08:04:44,7500.0,7567.25,Call VEX 2,VEX,1538802.179,7551.68471901893,7551.68471901893
2026-09-17 08:04:44,7550.0,7617.75,Put GEX 1,GEX,-441048.894,7551.68471901893,7551.68471901893
2026-09-17 08:04:44,7600.0,7668.25,Put CEX 1,CEX,-4821552.94,7551.68471901893,7551.68471901893
2026-09-17 08:04:44,7600.0,7668.25,Put DEX 3,DEX,-229.322,7551.68471901893,7551.68471901893
2026-09-17 08:04:44,7600.0,7668.25,Put GEX 3,GEX,-150148.603,7551.68471901893,7551.68471901893
2026-09-17 08:04:44,7600.0,7668.25,Put VEX 1,VEX,-1448129.957,7551.68471901893,7551.68471901893
2026-09-17 08:04:44,7605.0,7673.25,Put CEX 5,CEX,-989879.292,7551.68471901893,7551.68471901893
2026-09-17 08:04:44,7605.0,7673.25,Put VEX 5,VEX,-298175.412,7551.68471901893,7551.68471901893
2026-09-17 08:04:44,7650.0,7718.75,Put CEX 2,CEX,-3625225.034,7551.68471901893,7551.68471901893
2026-09-17 08:04:44,7650.0,7718.75,Put DEX 2,DEX,-271.924,7551.68471901893,7551.68471901893
2026-09-17 08:04:44,7650.0,7718.75,Put VEX 2,VEX,-1117965.386,7551.68471901893,7551.68471901893
2026-09-17 08:04:44,7670.0,7739.0,Put DEX 5,DEX,-74.79,7551.68471901893,7551.68471901893
2026-09-17 08:04:44,7675.0,7744.0,Put CEX 4,CEX,-1223772.26,7551.68471901893,7551.68471901893
2026-09-17 08:04:44,7675.0,7744.0,Put DEX 4,DEX,-106.28,7551.68471901893,7551.68471901893
2026-09-17 08:04:44,7675.0,7744.0,Put VEX 4,VEX,-332275.019,7551.68471901893,7551.68471901893
2026-09-17 08:04:44,7680.0,7749.0,Call GEX 3,GEX,85503.493,7551.68471901893,7551.68471901893
2026-09-17 08:04:44,7700.0,7769.25,Put CEX 3,CEX,-2562980.099,7551.68471901893,7551.68471901893
2026-09-17 08:04:44,7700.0,7769.25,Put DEX 1,DEX,-447.39,7551.68471901893,7551.68471901893
2026-09-17 08:04:44,7700.0,7769.25,Call GEX 1,GEX,182645.606,7551.68471901893,7551.68471901893
2026-09-17 08:04:44,7700.0,7769.25,Put VEX 3,VEX,-812420.1,7551.68471901893,7551.68471901893
2026-09-17 08:04:44,7750.0,7819.5,Call GEX 4,GEX,78653.076,7551.68471901893,7551.68471901893
2026-09-17 08:04:44,8000.0,8071.75,Call GEX 5,GEX,66567.22,7551.68471901893,7551.68471901893
2026-09-17 08:05:27,5000.0,5045.25,Call DEX 3,DEX,286.532,7551.68471901893,7551.68471901893
2026-09-17 08:05:27,6000.0,6054.25,Call DEX 2,DEX,1145.744,7551.68471901893,7551.68471901893
2026-09-17 08:05:27,7000.0,7063.25,Call CEX 1,CEX,8575710.388,7551.68471901893,7551.68471901893
2026-09-17 08:05:27,7000.0,7063.25,Call DEX 1,DEX,2780.329,7551.68471901893,7551.68471901893
2026-09-17 08:05:27,7000.0,7063.25,Call GEX 2,GEX,92668.126,7551.68471901893,7551.68471901893
2026-09-17 08:05:27,7000.0,7063.25,Call VEX 1,VEX,2917330.077,7551.68471901893,7551.68471901893
2026-09-17 08:05:27,7300.0,7366.0,Call CEX 5,CEX,1878836.483,7551.68471901893,7551.68471901893
2026-09-17 08:05:27,7300.0,7366.0,Call DEX 4,DEX,237.806,7551.68471901893,7551.68471901893
2026-09-17 08:05:27,7300.0,7366.0,Call VEX 5,VEX,640822.243,7551.68471901893,7551.68471901893
2026-09-17 08:05:27,7400.0,7467.0,Call CEX 4,CEX,3426587.772,7551.68471901893,7551.68471901893
2026-09-17 08:05:27,7400.0,7467.0,Put GEX 4,GEX,-125622.801,7551.68471901893,7551.68471901893
2026-09-17 08:05:27,7400.0,7467.0,Call VEX 4,VEX,1185746.733,7551.68471901893,7551.68471901893
2026-09-17 08:05:27,7450.0,7517.5,Call CEX 3,CEX,4178433.641,7551.68471901893,7551.68471901893
2026-09-17 08:05:27,7450.0,7517.5,Call DEX 5,DEX,234.444,7551.68471901893,7551.68471901893
2026-09-17 08:05:27,7450.0,7517.5,Put GEX 5,GEX,-118001.047,7551.68471901893,7551.68471901893
2026-09-17 08:05:27,7450.0,7517.5,Call VEX 3,VEX,1435739.256,7551.68471901893,7551.68471901893
2026-09-17 08:05:27,7500.0,7567.75,Call CEX 2,CEX,4202435.25,7551.68471901893,7551.68471901893
2026-09-17 08:05:27,7500.0,7567.75,Put GEX 2,GEX,-440572.974,7551.68471901893,7551.68471901893
2026-09-17 08:05:27,7500.0,7567.75,Call VEX 2,VEX,1538802.179,7551.68471901893,7551.68471901893
2026-09-17 08:05:27,7550.0,7618.25,Put GEX 1,GEX,-441048.894,7551.68471901893,7551.68471901893
2026-09-17 08:05:27,7600.0,7668.75,Put CEX 1,CEX,-4821552.94,7551.68471901893,7551.68471901893
2026-09-17 08:05:27,7600.0,7668.75,Put DEX 3,DEX,-229.322,7551.68471901893,7551.68471901893
2026-09-17 08:05:27,7600.0,7668.75,Put GEX 3,GEX,-150148.603,7551.68471901893,7551.68471901893
2026-09-17 08:05:27,7600.0,7668.75,Put VEX 1,VEX,-1448129.957,7551.68471901893,7551.68471901893
2026-09-17 08:05:27,7605.0,7673.75,Put CEX 5,CEX,-989879.292,7551.68471901893,7551.68471901893
2026-09-17 08:05:27,7605.0,7673.75,Put VEX 5,VEX,-298175.412,7551.68471901893,7551.68471901893
2026-09-17 08:05:27,7650.0,7719.25,Put CEX 2,CEX,-3625225.034,7551.68471901893,7551.68471901893
2026-09-17 08:05:27,7650.0,7719.25,Put DEX 2,DEX,-271.924,7551.68471901893,7551.68471901893
2026-09-17 08:05:27,7650.0,7719.25,Put VEX 2,VEX,-1117965.386,7551.68471901893,7551.68471901893
2026-09-17 08:05:27,7670.0,7739.25,Put DEX 5,DEX,-74.79,7551.68471901893,7551.68471901893
2026-09-17 08:05:27,7675.0,7744.5,Put CEX 4,CEX,-1223772.26,7551.68471901893,7551.68471901893
2026-09-17 08:05:27,7675.0,7744.5,Put DEX 4,DEX,-106.28,7551.68471901893,7551.68471901893
2026-09-17 08:05:27,7675.0,7744.5,Put VEX 4,VEX,-332275.019,7551.68471901893,7551.68471901893
2026-09-17 08:05:27,7680.0,7749.5,Call GEX 3,GEX,85503.493,7551.68471901893,7551.68471901893
2026-09-17 08:05:27,7700.0,7769.75,Put CEX 3,CEX,-2562980.099,7551.68471901893,7551.68471901893
2026-09-17 08:05:27,7700.0,7769.75,Put DEX 1,DEX,-447.39,7551.68471901893,7551.68471901893
2026-09-17 08:05:27,7700.0,7769.75,Call GEX 1,GEX,182645.606,7551.68471901893,7551.68471901893
2026-09-17 08:05:27,7700.0,7769.75,Put VEX 3,VEX,-812420.1,7551.68471901893,7551.68471901893
2026-09-17 08:05:27,7750.0,7820.0,Call GEX 4,GEX,78653.076,7551.68471901893,7551.68471901893
2026-09-17 08:05:27,8000.0,8072.25,Call GEX 5,GEX,66567.22,7551.68471901893,7551.68471901893
2026-09-17 08:06:05,5000.0,5045.25,Call DEX 3,DEX,286.532,7551.68471901893,7551.68471901893
2026-09-17 08:06:05,6000.0,6054.25,Call DEX 2,DEX,1145.744,7551.68471901893,7551.68471901893
2026-09-17 08:06:05,7000.0,7063.25,Call CEX 1,CEX,8575710.388,7551.68471901893,7551.68471901893
2026-09-17 08:06:05,7000.0,7063.25,Call DEX 1,DEX,2780.329,7551.68471901893,7551.68471901893
2026-09-17 08:06:05,7000.0,7063.25,Call GEX 2,GEX,92668.126,7551.68471901893,7551.68471901893
2026-09-17 08:06:05,7000.0,7063.25,Call VEX 1,VEX,2917330.077,7551.68471901893,7551.68471901893
2026-09-17 08:06:05,7300.0,7366.0,Call CEX 5,CEX,1878836.483,7551.68471901893,7551.68471901893
2026-09-17 08:06:05,7300.0,7366.0,Call DEX 4,DEX,237.806,7551.68471901893,7551.68471901893
2026-09-17 08:06:05,7300.0,7366.0,Call VEX 5,VEX,640822.243,7551.68471901893,7551.68471901893
2026-09-17 08:06:05,7400.0,7467.0,Call CEX 4,CEX,3426587.772,7551.68471901893,7551.68471901893
2026-09-17 08:06:05,7400.0,7467.0,Put GEX 4,GEX,-125622.801,7551.68471901893,7551.68471901893
2026-09-17 08:06:05,7400.0,7467.0,Call VEX 4,VEX,1185746.733,7551.68471901893,7551.68471901893
2026-09-17 08:06:05,7450.0,7517.25,Call CEX 3,CEX,4178433.641,7551.68471901893,7551.68471901893
2026-09-17 08:06:05,7450.0,7517.25,Call DEX 5,DEX,234.444,7551.68471901893,7551.68471901893
2026-09-17 08:06:05,7450.0,7517.25,Put GEX 5,GEX,-118001.047,7551.68471901893,7551.68471901893
2026-09-17 08:06:05,7450.0,7517.25,Call VEX 3,VEX,1435739.256,7551.68471901893,7551.68471901893
2026-09-17 08:06:05,7500.0,7567.75,Call CEX 2,CEX,4202435.25,7551.68471901893,7551.68471901893
2026-09-17 08:06:05,7500.0,7567.75,Put GEX 2,GEX,-440572.974,7551.68471901893,7551.68471901893
2026-09-17 08:06:05,7500.0,7567.75,Call VEX 2,VEX,1538802.179,7551.68471901893,7551.68471901893
2026-09-17 08:06:05,7550.0,7618.25,Put GEX 1,GEX,-441048.894,7551.68471901893,7551.68471901893
2026-09-17 08:06:05,7600.0,7668.75,Put CEX 1,CEX,-4821552.94,7551.68471901893,7551.68471901893
2026-09-17 08:06:05,7600.0,7668.75,Put DEX 3,DEX,-229.322,7551.68471901893,7551.68471901893
2026-09-17 08:06:05,7600.0,7668.75,Put GEX 3,GEX,-150148.603,7551.68471901893,7551.68471901893
2026-09-17 08:06:05,7600.0,7668.75,Put VEX 1,VEX,-1448129.957,7551.68471901893,7551.68471901893
2026-09-17 08:06:05,7605.0,7673.75,Put CEX 5,CEX,-989879.292,7551.68471901893,7551.68471901893
2026-09-17 08:06:05,7605.0,7673.75,Put VEX 5,VEX,-298175.412,7551.68471901893,7551.68471901893
2026-09-17 08:06:05,7650.0,7719.25,Put CEX 2,CEX,-3625225.034,7551.68471901893,7551.68471901893
2026-09-17 08:06:05,7650.0,7719.25,Put DEX 2,DEX,-271.924,7551.68471901893,7551.68471901893
2026-09-17 08:06:05,7650.0,7719.25,Put VEX 2,VEX,-1117965.386,7551.68471901893,7551.68471901893
2026-09-17 08:06:05,7670.0,7739.25,Put DEX 5,DEX,-74.79,7551.68471901893,7551.68471901893
2026-09-17 08:06:05,7675.0,7744.25,Put CEX 4,CEX,-1223772.26,7551.68471901893,7551.68471901893
2026-09-17 08:06:05,7675.0,7744.25,Put DEX 4,DEX,-106.28,7551.68471901893,7551.68471901893
2026-09-17 08:06:05,7675.0,7744.25,Put VEX 4,VEX,-332275.019,7551.68471901893,7551.68471901893
2026-09-17 08:06:05,7680.0,7749.5,Call GEX 3,GEX,85503.493,7551.68471901893,7551.68471901893
2026-09-17 08:06:05,7700.0,7769.5,Put CEX 3,CEX,-2562980.099,7551.68471901893,7551.68471901893
2026-09-17 08:06:05,7700.0,7769.5,Put DEX 1,DEX,-447.39,7551.68471901893,7551.68471901893
2026-09-17 08:06:05,7700.0,7769.5,Call GEX 1,GEX,182645.606,7551.68471901893,7551.68471901893
2026-09-17 08:06:05,7700.0,7769.5,Put VEX 3,VEX,-812420.1,7551.68471901893,7551.68471901893
2026-09-17 08:06:05,7750.0,7820.0,Call GEX 4,GEX,78653.076,7551.68471901893,7551.68471901893
2026-09-17 08:06:05,8000.0,8072.25,Call GEX 5,GEX,66567.22,7551.68471901893,7551.68471901893
2026-09-17 08:06:44,5000.0,5045.5,Call DEX 3,DEX,286.532,7551.68471901893,7551.68471901893
2026-09-17 08:06:44,6000.0,6054.5,Call DEX 2,DEX,1145.744,7551.68471901893,7551.68471901893
2026-09-17 08:06:44,7000.0,7063.5,Call CEX 1,CEX,8575710.388,7551.68471901893,7551.68471901893
2026-09-17 08:06:44,7000.0,7063.5,Call DEX 1,DEX,2780.329,7551.68471901893,7551.68471901893
2026-09-17 08:06:44,7000.0,7063.5,Call GEX 2,GEX,92668.126,7551.68471901893,7551.68471901893
2026-09-17 08:06:44,7000.0,7063.5,Call VEX 1,VEX,2917330.077,7551.68471901893,7551.68471901893
2026-09-17 08:06:44,7300.0,7366.25,Call CEX 5,CEX,1878836.483,7551.68471901893,7551.68471901893
2026-09-17 08:06:44,7300.0,7366.25,Call DEX 4,DEX,237.806,7551.68471901893,7551.68471901893
2026-09-17 08:06:44,7300.0,7366.25,Call VEX 5,VEX,640822.243,7551.68471901893,7551.68471901893
2026-09-17 08:06:44,7400.0,7467.25,Call CEX 4,CEX,3426587.772,7551.68471901893,7551.68471901893
2026-09-17 08:06:44,7400.0,7467.25,Put GEX 4,GEX,-125622.801,7551.68471901893,7551.68471901893
2026-09-17 08:06:44,7400.0,7467.25,Call VEX 4,VEX,1185746.733,7551.68471901893,7551.68471901893
2026-09-17 08:06:44,7450.0,7517.75,Call CEX 3,CEX,4178433.641,7551.68471901893,7551.68471901893
2026-09-17 08:06:44,7450.0,7517.75,Call DEX 5,DEX,234.444,7551.68471901893,7551.68471901893
2026-09-17 08:06:44,7450.0,7517.75,Put GEX 5,GEX,-118001.047,7551.68471901893,7551.68471901893
2026-09-17 08:06:44,7450.0,7517.75,Call VEX 3,VEX,1435739.256,7551.68471901893,7551.68471901893
2026-09-17 08:06:44,7500.0,7568.0,Call CEX 2,CEX,4202435.25,7551.68471901893,7551.68471901893
2026-09-17 08:06:44,7500.0,7568.0,Put GEX 2,GEX,-440572.974,7551.68471901893,7551.68471901893
2026-09-17 08:06:44,7500.0,7568.0,Call VEX 2,VEX,1538802.179,7551.68471901893,7551.68471901893
2026-09-17 08:06:44,7550.0,7618.5,Put GEX 1,GEX,-441048.894,7551.68471901893,7551.68471901893
2026-09-17 08:06:44,7600.0,7669.0,Put CEX 1,CEX,-4821552.94,7551.68471901893,7551.68471901893
2026-09-17 08:06:44,7600.0,7669.0,Put DEX 3,DEX,-229.322,7551.68471901893,7551.68471901893
2026-09-17 08:06:44,7600.0,7669.0,Put GEX 3,GEX,-150148.603,7551.68471901893,7551.68471901893
2026-09-17 08:06:44,7600.0,7669.0,Put VEX 1,VEX,-1448129.957,7551.68471901893,7551.68471901893
2026-09-17 08:06:44,7605.0,7674.0,Put CEX 5,CEX,-989879.292,7551.68471901893,7551.68471901893
2026-09-17 08:06:44,7605.0,7674.0,Put VEX 5,VEX,-298175.412,7551.68471901893,7551.68471901893
2026-09-17 08:06:44,7650.0,7719.5,Put CEX 2,CEX,-3625225.034,7551.68471901893,7551.68471901893
2026-09-17 08:06:44,7650.0,7719.5,Put DEX 2,DEX,-271.924,7551.68471901893,7551.68471901893
2026-09-17 08:06:44,7650.0,7719.5,Put VEX 2,VEX,-1117965.386,7551.68471901893,7551.68471901893
2026-09-17 08:06:44,7670.0,7739.75,Put DEX 5,DEX,-74.79,7551.68471901893,7551.68471901893
2026-09-17 08:06:44,7675.0,7744.75,Put CEX 4,CEX,-1223772.26,7551.68471901893,7551.68471901893
2026-09-17 08:06:44,7675.0,7744.75,Put DEX 4,DEX,-106.28,7551.68471901893,7551.68471901893
2026-09-17 08:06:44,7675.0,7744.75,Put VEX 4,VEX,-332275.019,7551.68471901893,7551.68471901893
2026-09-17 08:06:44,7680.0,7749.75,Call GEX 3,GEX,85503.493,7551.68471901893,7551.68471901893
2026-09-17 08:06:44,7700.0,7770.0,Put CEX 3,CEX,-2562980.099,7551.68471901893,7551.68471901893
2026-09-17 08:06:44,7700.0,7770.0,Put DEX 1,DEX,-447.39,7551.68471901893,7551.68471901893
2026-09-17 08:06:44,7700.0,7770.0,Call GEX 1,GEX,182645.606,7551.68471901893,7551.68471901893
2026-09-17 08:06:44,7700.0,7770.0,Put VEX 3,VEX,-812420.1,7551.68471901893,7551.68471901893
2026-09-17 08:06:44,7750.0,7820.25,Call GEX 4,GEX,78653.076,7551.68471901893,7551.68471901893
2026-09-17 08:06:44,8000.0,8072.75,Call GEX 5,GEX,66567.22,7551.68471901893,7551.68471901893
2026-09-17 08:07:22,5000.0,5045.5,Call DEX 3,DEX,286.532,7551.68471901893,7551.68471901893
2026-09-17 08:07:22,6000.0,6054.5,Call DEX 2,DEX,1145.744,7551.68471901893,7551.68471901893
2026-09-17 08:07:22,7000.0,7063.75,Call CEX 1,CEX,8575710.388,7551.68471901893,7551.68471901893
2026-09-17 08:07:22,7000.0,7063.75,Call DEX 1,DEX,2780.329,7551.68471901893,7551.68471901893
2026-09-17 08:07:22,7000.0,7063.75,Call GEX 2,GEX,92668.126,7551.68471901893,7551.68471901893
2026-09-17 08:07:22,7000.0,7063.75,Call VEX 1,VEX,2917330.077,7551.68471901893,7551.68471901893
2026-09-17 08:07:22,7300.0,7366.5,Call CEX 5,CEX,1878836.483,7551.68471901893,7551.68471901893
2026-09-17 08:07:22,7300.0,7366.5,Call DEX 4,DEX,237.806,7551.68471901893,7551.68471901893
2026-09-17 08:07:22,7300.0,7366.5,Call VEX 5,VEX,640822.243,7551.68471901893,7551.68471901893
2026-09-17 08:07:22,7400.0,7467.25,Call CEX 4,CEX,3426587.772,7551.68471901893,7551.68471901893
2026-09-17 08:07:22,7400.0,7467.25,Put GEX 4,GEX,-125622.801,7551.68471901893,7551.68471901893
2026-09-17 08:07:22,7400.0,7467.25,Call VEX 4,VEX,1185746.733,7551.68471901893,7551.68471901893
2026-09-17 08:07:22,7450.0,7517.75,Call CEX 3,CEX,4178433.641,7551.68471901893,7551.68471901893
2026-09-17 08:07:22,7450.0,7517.75,Call DEX 5,DEX,234.444,7551.68471901893,7551.68471901893
2026-09-17 08:07:22,7450.0,7517.75,Put GEX 5,GEX,-118001.047,7551.68471901893,7551.68471901893
2026-09-17 08:07:22,7450.0,7517.75,Call VEX 3,VEX,1435739.256,7551.68471901893,7551.68471901893
2026-09-17 08:07:22,7500.0,7568.25,Call CEX 2,CEX,4202435.25,7551.68471901893,7551.68471901893
2026-09-17 08:07:22,7500.0,7568.25,Put GEX 2,GEX,-440572.974,7551.68471901893,7551.68471901893
2026-09-17 08:07:22,7500.0,7568.25,Call VEX 2,VEX,1538802.179,7551.68471901893,7551.68471901893
2026-09-17 08:07:22,7550.0,7618.75,Put GEX 1,GEX,-441048.894,7551.68471901893,7551.68471901893
2026-09-17 08:07:22,7600.0,7669.25,Put CEX 1,CEX,-4821552.94,7551.68471901893,7551.68471901893
2026-09-17 08:07:22,7600.0,7669.25,Put DEX 3,DEX,-229.322,7551.68471901893,7551.68471901893
2026-09-17 08:07:22,7600.0,7669.25,Put GEX 3,GEX,-150148.603,7551.68471901893,7551.68471901893
2026-09-17 08:07:22,7600.0,7669.25,Put VEX 1,VEX,-1448129.957,7551.68471901893,7551.68471901893
2026-09-17 08:07:22,7605.0,7674.25,Put CEX 5,CEX,-989879.292,7551.68471901893,7551.68471901893
2026-09-17 08:07:22,7605.0,7674.25,Put VEX 5,VEX,-298175.412,7551.68471901893,7551.68471901893
2026-09-17 08:07:22,7650.0,7719.5,Put CEX 2,CEX,-3625225.034,7551.68471901893,7551.68471901893
2026-09-17 08:07:22,7650.0,7719.5,Put DEX 2,DEX,-271.924,7551.68471901893,7551.68471901893
2026-09-17 08:07:22,7650.0,7719.5,Put VEX 2,VEX,-1117965.386,7551.68471901893,7551.68471901893
2026-09-17 08:07:22,7670.0,7739.75,Put DEX 5,DEX,-74.79,7551.68471901893,7551.68471901893
2026-09-17 08:07:22,7675.0,7744.75,Put CEX 4,CEX,-1223772.26,7551.68471901893,7551.68471901893
2026-09-17 08:07:22,7675.0,7744.75,Put DEX 4,DEX,-106.28,7551.68471901893,7551.68471901893
2026-09-17 08:07:22,7675.0,7744.75,Put VEX 4,VEX,-332275.019,7551.68471901893,7551.68471901893
2026-09-17 08:07:22,7680.0,7750.0,Call GEX 3,GEX,85503.493,7551.68471901893,7551.68471901893
2026-09-17 08:07:22,7700.0,7770.0,Put CEX 3,CEX,-2562980.099,7551.68471901893,7551.68471901893
2026-09-17 08:07:22,7700.0,7770.0,Put DEX 1,DEX,-447.39,7551.68471901893,7551.68471901893
2026-09-17 08:07:22,7700.0,7770.0,Call GEX 1,GEX,182645.606,7551.68471901893,7551.68471901893
2026-09-17 08:07:22,7700.0,7770.0,Put VEX 3,VEX,-812420.1,7551.68471901893,7551.68471901893
2026-09-17 08:07:22,7750.0,7820.5,Call GEX 4,GEX,78653.076,7551.68471901893,7551.68471901893
2026-09-17 08:07:22,8000.0,8072.75,Call GEX 5,GEX,66567.22,7551.68471901893,7551.68471901893
2026-09-17 08:08:00,5000.0,5045.25,Call DEX 3,DEX,286.532,7551.68471901893,7551.68471901893
2026-09-17 08:08:00,6000.0,6054.5,Call DEX 2,DEX,1145.744,7551.68471901893,7551.68471901893
2026-09-17 08:08:00,7000.0,7063.5,Call CEX 1,CEX,8575710.388,7551.68471901893,7551.68471901893
2026-09-17 08:08:00,7000.0,7063.5,Call DEX 1,DEX,2780.329,7551.68471901893,7551.68471901893
2026-09-17 08:08:00,7000.0,7063.5,Call GEX 2,GEX,92668.126,7551.68471901893,7551.68471901893
2026-09-17 08:08:00,7000.0,7063.5,Call VEX 1,VEX,2917330.077,7551.68471901893,7551.68471901893
2026-09-17 08:08:00,7300.0,7366.25,Call CEX 5,CEX,1878836.483,7551.68471901893,7551.68471901893
2026-09-17 08:08:00,7300.0,7366.25,Call DEX 4,DEX,237.806,7551.68471901893,7551.68471901893
2026-09-17 08:08:00,7300.0,7366.25,Call VEX 5,VEX,640822.243,7551.68471901893,7551.68471901893
2026-09-17 08:08:00,7400.0,7467.0,Call CEX 4,CEX,3426587.772,7551.68471901893,7551.68471901893
2026-09-17 08:08:00,7400.0,7467.0,Put GEX 4,GEX,-125622.801,7551.68471901893,7551.68471901893
2026-09-17 08:08:00,7400.0,7467.0,Call VEX 4,VEX,1185746.733,7551.68471901893,7551.68471901893
2026-09-17 08:08:00,7450.0,7517.5,Call CEX 3,CEX,4178433.641,7551.68471901893,7551.68471901893
2026-09-17 08:08:00,7450.0,7517.5,Call DEX 5,DEX,234.444,7551.68471901893,7551.68471901893
2026-09-17 08:08:00,7450.0,7517.5,Put GEX 5,GEX,-118001.047,7551.68471901893,7551.68471901893
2026-09-17 08:08:00,7450.0,7517.5,Call VEX 3,VEX,1435739.256,7551.68471901893,7551.68471901893
2026-09-17 08:08:00,7500.0,7568.0,Call CEX 2,CEX,4202435.25,7551.68471901893,7551.68471901893
2026-09-17 08:08:00,7500.0,7568.0,Put GEX 2,GEX,-440572.974,7551.68471901893,7551.68471901893
2026-09-17 08:08:00,7500.0,7568.0,Call VEX 2,VEX,1538802.179,7551.68471901893,7551.68471901893
2026-09-17 08:08:00,7550.0,7618.5,Put GEX 1,GEX,-441048.894,7551.68471901893,7551.68471901893
2026-09-17 08:08:00,7600.0,7669.0,Put CEX 1,CEX,-4821552.94,7551.68471901893,7551.68471901893
2026-09-17 08:08:00,7600.0,7669.0,Put DEX 3,DEX,-229.322,7551.68471901893,7551.68471901893
2026-09-17 08:08:00,7600.0,7669.0,Put GEX 3,GEX,-150148.603,7551.68471901893,7551.68471901893
2026-09-17 08:08:00,7600.0,7669.0,Put VEX 1,VEX,-1448129.957,7551.68471901893,7551.68471901893
2026-09-17 08:08:00,7605.0,7674.0,Put CEX 5,CEX,-989879.292,7551.68471901893,7551.68471901893
2026-09-17 08:08:00,7605.0,7674.0,Put VEX 5,VEX,-298175.412,7551.68471901893,7551.68471901893
2026-09-17 08:08:00,7650.0,7719.25,Put CEX 2,CEX,-3625225.034,7551.68471901893,7551.68471901893
2026-09-17 08:08:00,7650.0,7719.25,Put DEX 2,DEX,-271.924,7551.68471901893,7551.68471901893
2026-09-17 08:08:00,7650.0,7719.25,Put VEX 2,VEX,-1117965.386,7551.68471901893,7551.68471901893
2026-09-17 08:08:00,7670.0,7739.5,Put DEX 5,DEX,-74.79,7551.68471901893,7551.68471901893
2026-09-17 08:08:00,7675.0,7744.5,Put CEX 4,CEX,-1223772.26,7551.68471901893,7551.68471901893
2026-09-17 08:08:00,7675.0,7744.5,Put DEX 4,DEX,-106.28,7551.68471901893,7551.68471901893
2026-09-17 08:08:00,7675.0,7744.5,Put VEX 4,VEX,-332275.019,7551.68471901893,7551.68471901893
2026-09-17 08:08:00,7680.0,7749.5,Call GEX 3,GEX,85503.493,7551.68471901893,7551.68471901893
2026-09-17 08:08:00,7700.0,7769.75,Put CEX 3,CEX,-2562980.099,7551.68471901893,7551.68471901893
2026-09-17 08:08:00,7700.0,7769.75,Put DEX 1,DEX,-447.39,7551.68471901893,7551.68471901893
2026-09-17 08:08:00,7700.0,7769.75,Call GEX 1,GEX,182645.606,7551.68471901893,7551.68471901893
2026-09-17 08:08:00,7700.0,7769.75,Put VEX 3,VEX,-812420.1,7551.68471901893,7551.68471901893
2026-09-17 08:08:00,7750.0,7820.25,Call GEX 4,GEX,78653.076,7551.68471901893,7551.68471901893
2026-09-17 08:08:00,8000.0,8072.5,Call GEX 5,GEX,66567.22,7551.68471901893,7551.68471901893
2026-09-17 08:08:38,5000.0,5045.25,Call DEX 3,DEX,286.532,7551.68471901893,7551.68471901893
2026-09-17 08:08:38,6000.0,6054.25,Call DEX 2,DEX,1145.744,7551.68471901893,7551.68471901893
2026-09-17 08:08:38,7000.0,7063.25,Call CEX 1,CEX,8575710.388,7551.68471901893,7551.68471901893
2026-09-17 08:08:38,7000.0,7063.25,Call DEX 1,DEX,2780.329,7551.68471901893,7551.68471901893
2026-09-17 08:08:38,7000.0,7063.25,Call GEX 2,GEX,92668.126,7551.68471901893,7551.68471901893
2026-09-17 08:08:38,7000.0,7063.25,Call VEX 1,VEX,2917330.077,7551.68471901893,7551.68471901893
2026-09-17 08:08:38,7300.0,7366.0,Call CEX 5,CEX,1878836.483,7551.68471901893,7551.68471901893
2026-09-17 08:08:38,7300.0,7366.0,Call DEX 4,DEX,237.806,7551.68471901893,7551.68471901893
2026-09-17 08:08:38,7300.0,7366.0,Call VEX 5,VEX,640822.243,7551.68471901893,7551.68471901893
2026-09-17 08:08:38,7400.0,7466.75,Call CEX 4,CEX,3426587.772,7551.68471901893,7551.68471901893
2026-09-17 08:08:38,7400.0,7466.75,Put GEX 4,GEX,-125622.801,7551.68471901893,7551.68471901893
2026-09-17 08:08:38,7400.0,7466.75,Call VEX 4,VEX,1185746.733,7551.68471901893,7551.68471901893
2026-09-17 08:08:38,7450.0,7517.25,Call CEX 3,CEX,4178433.641,7551.68471901893,7551.68471901893
2026-09-17 08:08:38,7450.0,7517.25,Call DEX 5,DEX,234.444,7551.68471901893,7551.68471901893
2026-09-17 08:08:38,7450.0,7517.25,Put GEX 5,GEX,-118001.047,7551.68471901893,7551.68471901893
2026-09-17 08:08:38,7450.0,7517.25,Call VEX 3,VEX,1435739.256,7551.68471901893,7551.68471901893
2026-09-17 08:08:38,7500.0,7567.75,Call CEX 2,CEX,4202435.25,7551.68471901893,7551.68471901893
2026-09-17 08:08:38,7500.0,7567.75,Put GEX 2,GEX,-440572.974,7551.68471901893,7551.68471901893
2026-09-17 08:08:38,7500.0,7567.75,Call VEX 2,VEX,1538802.179,7551.68471901893,7551.68471901893
2026-09-17 08:08:38,7550.0,7618.25,Put GEX 1,GEX,-441048.894,7551.68471901893,7551.68471901893
2026-09-17 08:08:38,7600.0,7668.75,Put CEX 1,CEX,-4821552.94,7551.68471901893,7551.68471901893
2026-09-17 08:08:38,7600.0,7668.75,Put DEX 3,DEX,-229.322,7551.68471901893,7551.68471901893
2026-09-17 08:08:38,7600.0,7668.75,Put GEX 3,GEX,-150148.603,7551.68471901893,7551.68471901893
2026-09-17 08:08:38,7600.0,7668.75,Put VEX 1,VEX,-1448129.957,7551.68471901893,7551.68471901893
2026-09-17 08:08:38,7605.0,7673.75,Put CEX 5,CEX,-989879.292,7551.68471901893,7551.68471901893
2026-09-17 08:08:38,7605.0,7673.75,Put VEX 5,VEX,-298175.412,7551.68471901893,7551.68471901893
2026-09-17 08:08:38,7650.0,7719.0,Put CEX 2,CEX,-3625225.034,7551.68471901893,7551.68471901893
2026-09-17 08:08:38,7650.0,7719.0,Put DEX 2,DEX,-271.924,7551.68471901893,7551.68471901893
2026-09-17 08:08:38,7650.0,7719.0,Put VEX 2,VEX,-1117965.386,7551.68471901893,7551.68471901893
2026-09-17 08:08:38,7670.0,7739.25,Put DEX 5,DEX,-74.79,7551.68471901893,7551.68471901893
2026-09-17 08:08:38,7675.0,7744.25,Put CEX 4,CEX,-1223772.26,7551.68471901893,7551.68471901893
2026-09-17 08:08:38,7675.0,7744.25,Put DEX 4,DEX,-106.28,7551.68471901893,7551.68471901893
2026-09-17 08:08:38,7675.0,7744.25,Put VEX 4,VEX,-332275.019,7551.68471901893,7551.68471901893
2026-09-17 08:08:38,7680.0,7749.5,Call GEX 3,GEX,85503.493,7551.68471901893,7551.68471901893
2026-09-17 08:08:38,7700.0,7769.5,Put CEX 3,CEX,-2562980.099,7551.68471901893,7551.68471901893
2026-09-17 08:08:38,7700.0,7769.5,Put DEX 1,DEX,-447.39,7551.68471901893,7551.68471901893
2026-09-17 08:08:38,7700.0,7769.5,Call GEX 1,GEX,182645.606,7551.68471901893,7551.68471901893
2026-09-17 08:08:38,7700.0,7769.5,Put VEX 3,VEX,-812420.1,7551.68471901893,7551.68471901893
2026-09-17 08:08:38,7750.0,7820.0,Call GEX 4,GEX,78653.076,7551.68471901893,7551.68471901893
2026-09-17 08:08:38,8000.0,8072.25,Call GEX 5,GEX,66567.22,7551.68471901893,7551.68471901893
2026-09-17 08:09:16,5000.0,5045.0,Call DEX 3,DEX,286.532,7551.68471901893,7551.68471901893
2026-09-17 08:09:16,6000.0,6054.0,Call DEX 2,DEX,1145.744,7551.68471901893,7551.68471901893
2026-09-17 08:09:16,7000.0,7063.0,Call CEX 1,CEX,8575710.388,7551.68471901893,7551.68471901893
2026-09-17 08:09:16,7000.0,7063.0,Call DEX 1,DEX,2780.329,7551.68471901893,7551.68471901893
2026-09-17 08:09:16,7000.0,7063.0,Call GEX 2,GEX,92668.126,7551.68471901893,7551.68471901893
2026-09-17 08:09:16,7000.0,7063.0,Call VEX 1,VEX,2917330.077,7551.68471901893,7551.68471901893
2026-09-17 08:09:16,7300.0,7365.5,Call CEX 5,CEX,1878836.483,7551.68471901893,7551.68471901893
2026-09-17 08:09:16,7300.0,7365.5,Call DEX 4,DEX,237.806,7551.68471901893,7551.68471901893
2026-09-17 08:09:16,7300.0,7365.5,Call VEX 5,VEX,640822.243,7551.68471901893,7551.68471901893
2026-09-17 08:09:16,7400.0,7466.5,Call CEX 4,CEX,3426587.772,7551.68471901893,7551.68471901893
2026-09-17 08:09:16,7400.0,7466.5,Put GEX 4,GEX,-125622.801,7551.68471901893,7551.68471901893
2026-09-17 08:09:16,7400.0,7466.5,Call VEX 4,VEX,1185746.733,7551.68471901893,7551.68471901893
2026-09-17 08:09:16,7450.0,7517.0,Call CEX 3,CEX,4178433.641,7551.68471901893,7551.68471901893
2026-09-17 08:09:16,7450.0,7517.0,Call DEX 5,DEX,234.444,7551.68471901893,7551.68471901893
2026-09-17 08:09:16,7450.0,7517.0,Put GEX 5,GEX,-118001.047,7551.68471901893,7551.68471901893
2026-09-17 08:09:16,7450.0,7517.0,Call VEX 3,VEX,1435739.256,7551.68471901893,7551.68471901893
2026-09-17 08:09:16,7500.0,7567.5,Call CEX 2,CEX,4202435.25,7551.68471901893,7551.68471901893
2026-09-17 08:09:16,7500.0,7567.5,Put GEX 2,GEX,-440572.974,7551.68471901893,7551.68471901893
2026-09-17 08:09:16,7500.0,7567.5,Call VEX 2,VEX,1538802.179,7551.68471901893,7551.68471901893
2026-09-17 08:09:16,7550.0,7617.75,Put GEX 1,GEX,-441048.894,7551.68471901893,7551.68471901893
2026-09-17 08:09:16,7600.0,7668.25,Put CEX 1,CEX,-4821552.94,7551.68471901893,7551.68471901893
2026-09-17 08:09:16,7600.0,7668.25,Put DEX 3,DEX,-229.322,7551.68471901893,7551.68471901893
2026-09-17 08:09:16,7600.0,7668.25,Put GEX 3,GEX,-150148.603,7551.68471901893,7551.68471901893
2026-09-17 08:09:16,7600.0,7668.25,Put VEX 1,VEX,-1448129.957,7551.68471901893,7551.68471901893
2026-09-17 08:09:16,7605.0,7673.25,Put CEX 5,CEX,-989879.292,7551.68471901893,7551.68471901893
2026-09-17 08:09:16,7605.0,7673.25,Put VEX 5,VEX,-298175.412,7551.68471901893,7551.68471901893
2026-09-17 08:09:16,7650.0,7718.75,Put CEX 2,CEX,-3625225.034,7551.68471901893,7551.68471901893
2026-09-17 08:09:16,7650.0,7718.75,Put DEX 2,DEX,-271.924,7551.68471901893,7551.68471901893
2026-09-17 08:09:16,7650.0,7718.75,Put VEX 2,VEX,-1117965.386,7551.68471901893,7551.68471901893
2026-09-17 08:09:16,7670.0,7739.0,Put DEX 5,DEX,-74.79,7551.68471901893,7551.68471901893
2026-09-17 08:09:16,7675.0,7744.0,Put CEX 4,CEX,-1223772.26,7551.68471901893,7551.68471901893
2026-09-17 08:09:16,7675.0,7744.0,Put DEX 4,DEX,-106.28,7551.68471901893,7551.68471901893
2026-09-17 08:09:16,7675.0,7744.0,Put VEX 4,VEX,-332275.019,7551.68471901893,7551.68471901893
2026-09-17 08:09:16,7680.0,7749.0,Call GEX 3,GEX,85503.493,7551.68471901893,7551.68471901893
2026-09-17 08:09:16,7700.0,7769.25,Put CEX 3,CEX,-2562980.099,7551.68471901893,7551.68471901893
2026-09-17 08:09:16,7700.0,7769.25,Put DEX 1,DEX,-447.39,7551.68471901893,7551.68471901893
2026-09-17 08:09:16,7700.0,7769.25,Call GEX 1,GEX,182645.606,7551.68471901893,7551.68471901893
2026-09-17 08:09:16,7700.0,7769.25,Put VEX 3,VEX,-812420.1,7551.68471901893,7551.68471901893
2026-09-17 08:09:16,7750.0,7819.75,Call GEX 4,GEX,78653.076,7551.68471901893,7551.68471901893
2026-09-17 08:09:16,8000.0,8072.0,Call GEX 5,GEX,66567.22,7551.68471901893,7551.68471901893
2026-09-17 08:09:45,5000.0,5045.25,Call DEX 3,DEX,286.532,7551.68471901893,7551.68471901893
2026-09-17 08:09:45,6000.0,6054.25,Call DEX 2,DEX,1145.744,7551.68471901893,7551.68471901893
2026-09-17 08:09:45,7000.0,7063.25,Call CEX 1,CEX,8575710.388,7551.68471901893,7551.68471901893
2026-09-17 08:09:45,7000.0,7063.25,Call DEX 1,DEX,2780.329,7551.68471901893,7551.68471901893
2026-09-17 08:09:45,7000.0,7063.25,Call GEX 2,GEX,92668.126,7551.68471901893,7551.68471901893
2026-09-17 08:09:45,7000.0,7063.25,Call VEX 1,VEX,2917330.077,7551.68471901893,7551.68471901893
2026-09-17 08:09:45,7300.0,7366.0,Call CEX 5,CEX,1878836.483,7551.68471901893,7551.68471901893
2026-09-17 08:09:45,7300.0,7366.0,Call DEX 4,DEX,237.806,7551.68471901893,7551.68471901893
2026-09-17 08:09:45,7300.0,7366.0,Call VEX 5,VEX,640822.243,7551.68471901893,7551.68471901893
2026-09-17 08:09:45,7400.0,7466.75,Call CEX 4,CEX,3426587.772,7551.68471901893,7551.68471901893
2026-09-17 08:09:45,7400.0,7466.75,Put GEX 4,GEX,-125622.801,7551.68471901893,7551.68471901893
2026-09-17 08:09:45,7400.0,7466.75,Call VEX 4,VEX,1185746.733,7551.68471901893,7551.68471901893
2026-09-17 08:09:45,7450.0,7517.25,Call CEX 3,CEX,4178433.641,7551.68471901893,7551.68471901893
2026-09-17 08:09:45,7450.0,7517.25,Call DEX 5,DEX,234.444,7551.68471901893,7551.68471901893
2026-09-17 08:09:45,7450.0,7517.25,Put GEX 5,GEX,-118001.047,7551.68471901893,7551.68471901893
2026-09-17 08:09:45,7450.0,7517.25,Call VEX 3,VEX,1435739.256,7551.68471901893,7551.68471901893
2026-09-17 08:09:45,7500.0,7567.75,Call CEX 2,CEX,4202435.25,7551.68471901893,7551.68471901893
2026-09-17 08:09:45,7500.0,7567.75,Put GEX 2,GEX,-440572.974,7551.68471901893,7551.68471901893
2026-09-17 08:09:45,7500.0,7567.75,Call VEX 2,VEX,1538802.179,7551.68471901893,7551.68471901893
2026-09-17 08:09:45,7550.0,7618.25,Put GEX 1,GEX,-441048.894,7551.68471901893,7551.68471901893
2026-09-17 08:09:45,7600.0,7668.75,Put CEX 1,CEX,-4821552.94,7551.68471901893,7551.68471901893
2026-09-17 08:09:45,7600.0,7668.75,Put DEX 3,DEX,-229.322,7551.68471901893,7551.68471901893
2026-09-17 08:09:45,7600.0,7668.75,Put GEX 3,GEX,-150148.603,7551.68471901893,7551.68471901893
2026-09-17 08:09:45,7600.0,7668.75,Put VEX 1,VEX,-1448129.957,7551.68471901893,7551.68471901893
2026-09-17 08:09:45,7605.0,7673.75,Put CEX 5,CEX,-989879.292,7551.68471901893,7551.68471901893
2026-09-17 08:09:45,7605.0,7673.75,Put VEX 5,VEX,-298175.412,7551.68471901893,7551.68471901893
2026-09-17 08:09:45,7650.0,7719.0,Put CEX 2,CEX,-3625225.034,7551.68471901893,7551.68471901893
2026-09-17 08:09:45,7650.0,7719.0,Put DEX 2,DEX,-271.924,7551.68471901893,7551.68471901893
2026-09-17 08:09:45,7650.0,7719.0,Put VEX 2,VEX,-1117965.386,7551.68471901893,7551.68471901893
2026-09-17 08:09:45,7670.0,7739.25,Put DEX 5,DEX,-74.79,7551.68471901893,7551.68471901893
2026-09-17 08:09:45,7675.0,7744.25,Put CEX 4,CEX,-1223772.26,7551.68471901893,7551.68471901893
2026-09-17 08:09:45,7675.0,7744.25,Put DEX 4,DEX,-106.28,7551.68471901893,7551.68471901893
2026-09-17 08:09:45,7675.0,7744.25,Put VEX 4,VEX,-332275.019,7551.68471901893,7551.68471901893
2026-09-17 08:09:45,7680.0,7749.5,Call GEX 3,GEX,85503.493,7551.68471901893,7551.68471901893
2026-09-17 08:09:45,7700.0,7769.5,Put CEX 3,CEX,-2562980.099,7551.68471901893,7551.68471901893
2026-09-17 08:09:45,7700.0,7769.5,Put DEX 1,DEX,-447.39,7551.68471901893,7551.68471901893
2026-09-17 08:09:45,7700.0,7769.5,Call GEX 1,GEX,182645.606,7551.68471901893,7551.68471901893
2026-09-17 08:09:45,7700.0,7769.5,Put VEX 3,VEX,-812420.1,7551.68471901893,7551.68471901893
2026-09-17 08:09:45,7750.0,7820.0,Call GEX 4,GEX,78653.076,7551.68471901893,7551.68471901893
2026-09-17 08:09:45,8000.0,8072.25,Call GEX 5,GEX,66567.22,7551.68471901893,7551.68471901893
2026-09-17 08:10:23,5000.0,5045.25,Call DEX 3,DEX,286.532,7551.68471901893,7551.68471901893
2026-09-17 08:10:23,6000.0,6054.25,Call DEX 2,DEX,1145.744,7551.68471901893,7551.68471901893
2026-09-17 08:10:23,7000.0,7063.25,Call CEX 1,CEX,8575710.388,7551.68471901893,7551.68471901893
2026-09-17 08:10:23,7000.0,7063.25,Call DEX 1,DEX,2780.329,7551.68471901893,7551.68471901893
2026-09-17 08:10:23,7000.0,7063.25,Call GEX 2,GEX,92668.126,7551.68471901893,7551.68471901893
2026-09-17 08:10:23,7000.0,7063.25,Call VEX 1,VEX,2917330.077,7551.68471901893,7551.68471901893
2026-09-17 08:10:23,7300.0,7366.0,Call CEX 5,CEX,1878836.483,7551.68471901893,7551.68471901893
2026-09-17 08:10:23,7300.0,7366.0,Call DEX 4,DEX,237.806,7551.68471901893,7551.68471901893
2026-09-17 08:10:23,7300.0,7366.0,Call VEX 5,VEX,640822.243,7551.68471901893,7551.68471901893
2026-09-17 08:10:23,7400.0,7467.0,Call CEX 4,CEX,3426587.772,7551.68471901893,7551.68471901893
2026-09-17 08:10:23,7400.0,7467.0,Put GEX 4,GEX,-125622.801,7551.68471901893,7551.68471901893
2026-09-17 08:10:23,7400.0,7467.0,Call VEX 4,VEX,1185746.733,7551.68471901893,7551.68471901893
2026-09-17 08:10:23,7450.0,7517.25,Call CEX 3,CEX,4178433.641,7551.68471901893,7551.68471901893
2026-09-17 08:10:23,7450.0,7517.25,Call DEX 5,DEX,234.444,7551.68471901893,7551.68471901893
2026-09-17 08:10:23,7450.0,7517.25,Put GEX 5,GEX,-118001.047,7551.68471901893,7551.68471901893
2026-09-17 08:10:23,7450.0,7517.25,Call VEX 3,VEX,1435739.256,7551.68471901893,7551.68471901893
2026-09-17 08:10:23,7500.0,7567.75,Call CEX 2,CEX,4202435.25,7551.68471901893,7551.68471901893
2026-09-17 08:10:23,7500.0,7567.75,Put GEX 2,GEX,-440572.974,7551.68471901893,7551.68471901893
2026-09-17 08:10:23,7500.0,7567.75,Call VEX 2,VEX,1538802.179,7551.68471901893,7551.68471901893
2026-09-17 08:10:23,7550.0,7618.25,Put GEX 1,GEX,-441048.894,7551.68471901893,7551.68471901893
2026-09-17 08:10:23,7600.0,7668.75,Put CEX 1,CEX,-4821552.94,7551.68471901893,7551.68471901893
2026-09-17 08:10:23,7600.0,7668.75,Put DEX 3,DEX,-229.322,7551.68471901893,7551.68471901893
2026-09-17 08:10:23,7600.0,7668.75,Put GEX 3,GEX,-150148.603,7551.68471901893,7551.68471901893
2026-09-17 08:10:23,7600.0,7668.75,Put VEX 1,VEX,-1448129.957,7551.68471901893,7551.68471901893
2026-09-17 08:10:23,7605.0,7673.75,Put CEX 5,CEX,-989879.292,7551.68471901893,7551.68471901893
2026-09-17 08:10:23,7605.0,7673.75,Put VEX 5,VEX,-298175.412,7551.68471901893,7551.68471901893
2026-09-17 08:10:23,7650.0,7719.25,Put CEX 2,CEX,-3625225.034,7551.68471901893,7551.68471901893
2026-09-17 08:10:23,7650.0,7719.25,Put DEX 2,DEX,-271.924,7551.68471901893,7551.68471901893
2026-09-17 08:10:23,7650.0,7719.25,Put VEX 2,VEX,-1117965.386,7551.68471901893,7551.68471901893
2026-09-17 08:10:23,7670.0,7739.25,Put DEX 5,DEX,-74.79,7551.68471901893,7551.68471901893
2026-09-17 08:10:23,7675.0,7744.25,Put CEX 4,CEX,-1223772.26,7551.68471901893,7551.68471901893
2026-09-17 08:10:23,7675.0,7744.25,Put DEX 4,DEX,-106.28,7551.68471901893,7551.68471901893
2026-09-17 08:10:23,7675.0,7744.25,Put VEX 4,VEX,-332275.019,7551.68471901893,7551.68471901893
2026-09-17 08:10:23,7680.0,7749.5,Call GEX 3,GEX,85503.493,7551.68471901893,7551.68471901893
2026-09-17 08:10:23,7700.0,7769.5,Put CEX 3,CEX,-2562980.099,7551.68471901893,7551.68471901893
2026-09-17 08:10:23,7700.0,7769.5,Put DEX 1,DEX,-447.39,7551.68471901893,7551.68471901893
2026-09-17 08:10:23,7700.0,7769.5,Call GEX 1,GEX,182645.606,7551.68471901893,7551.68471901893
2026-09-17 08:10:23,7700.0,7769.5,Put VEX 3,VEX,-812420.1,7551.68471901893,7551.68471901893
2026-09-17 08:10:23,7750.0,7820.0,Call GEX 4,GEX,78653.076,7551.68471901893,7551.68471901893
2026-09-17 08:10:23,8000.0,8072.25,Call GEX 5,GEX,66567.22,7551.68471901893,7551.68471901893
2026-09-17 08:11:01,5000.0,5045.0,Call DEX 3,DEX,286.532,7551.68471901893,7551.68471901893
2026-09-17 08:11:01,6000.0,6053.75,Call DEX 2,DEX,1145.744,7551.68471901893,7551.68471901893
2026-09-17 08:11:01,7000.0,7062.75,Call CEX 1,CEX,8575710.388,7551.68471901893,7551.68471901893
2026-09-17 08:11:01,7000.0,7062.75,Call DEX 1,DEX,2780.329,7551.68471901893,7551.68471901893
2026-09-17 08:11:01,7000.0,7062.75,Call GEX 2,GEX,92668.126,7551.68471901893,7551.68471901893
2026-09-17 08:11:01,7000.0,7062.75,Call VEX 1,VEX,2917330.077,7551.68471901893,7551.68471901893
2026-09-17 08:11:01,7300.0,7365.5,Call CEX 5,CEX,1878836.483,7551.68471901893,7551.68471901893
2026-09-17 08:11:01,7300.0,7365.5,Call DEX 4,DEX,237.806,7551.68471901893,7551.68471901893
2026-09-17 08:11:01,7300.0,7365.5,Call VEX 5,VEX,640822.243,7551.68471901893,7551.68471901893
2026-09-17 08:11:01,7400.0,7466.5,Call CEX 4,CEX,3426587.772,7551.68471901893,7551.68471901893
2026-09-17 08:11:01,7400.0,7466.5,Put GEX 4,GEX,-125622.801,7551.68471901893,7551.68471901893
2026-09-17 08:11:01,7400.0,7466.5,Call VEX 4,VEX,1185746.733,7551.68471901893,7551.68471901893
2026-09-17 08:11:01,7450.0,7517.0,Call CEX 3,CEX,4178433.641,7551.68471901893,7551.68471901893
2026-09-17 08:11:01,7450.0,7517.0,Call DEX 5,DEX,234.444,7551.68471901893,7551.68471901893
2026-09-17 08:11:01,7450.0,7517.0,Put GEX 5,GEX,-118001.047,7551.68471901893,7551.68471901893
2026-09-17 08:11:01,7450.0,7517.0,Call VEX 3,VEX,1435739.256,7551.68471901893,7551.68471901893
2026-09-17 08:11:01,7500.0,7567.25,Call CEX 2,CEX,4202435.25,7551.68471901893,7551.68471901893
2026-09-17 08:11:01,7500.0,7567.25,Put GEX 2,GEX,-440572.974,7551.68471901893,7551.68471901893
2026-09-17 08:11:01,7500.0,7567.25,Call VEX 2,VEX,1538802.179,7551.68471901893,7551.68471901893
2026-09-17 08:11:01,7550.0,7617.75,Put GEX 1,GEX,-441048.894,7551.68471901893,7551.68471901893
2026-09-17 08:11:01,7600.0,7668.25,Put CEX 1,CEX,-4821552.94,7551.68471901893,7551.68471901893
2026-09-17 08:11:01,7600.0,7668.25,Put DEX 3,DEX,-229.322,7551.68471901893,7551.68471901893
2026-09-17 08:11:01,7600.0,7668.25,Put GEX 3,GEX,-150148.603,7551.68471901893,7551.68471901893
2026-09-17 08:11:01,7600.0,7668.25,Put VEX 1,VEX,-1448129.957,7551.68471901893,7551.68471901893
2026-09-17 08:11:01,7605.0,7673.25,Put CEX 5,CEX,-989879.292,7551.68471901893,7551.68471901893
2026-09-17 08:11:01,7605.0,7673.25,Put VEX 5,VEX,-298175.412,7551.68471901893,7551.68471901893
2026-09-17 08:11:01,7650.0,7718.75,Put CEX 2,CEX,-3625225.034,7551.68471901893,7551.68471901893
2026-09-17 08:11:01,7650.0,7718.75,Put DEX 2,DEX,-271.924,7551.68471901893,7551.68471901893
2026-09-17 08:11:01,7650.0,7718.75,Put VEX 2,VEX,-1117965.386,7551.68471901893,7551.68471901893
2026-09-17 08:11:01,7670.0,7738.75,Put DEX 5,DEX,-74.79,7551.68471901893,7551.68471901893
2026-09-17 08:11:01,7675.0,7744.0,Put CEX 4,CEX,-1223772.26,7551.68471901893,7551.68471901893
2026-09-17 08:11:01,7675.0,7744.0,Put DEX 4,DEX,-106.28,7551.68471901893,7551.68471901893
2026-09-17 08:11:01,7675.0,7744.0,Put VEX 4,VEX,-332275.019,7551.68471901893,7551.68471901893
2026-09-17 08:11:01,7680.0,7749.0,Call GEX 3,GEX,85503.493,7551.68471901893,7551.68471901893
2026-09-17 08:11:01,7700.0,7769.0,Put CEX 3,CEX,-2562980.099,7551.68471901893,7551.68471901893
2026-09-17 08:11:01,7700.0,7769.0,Put DEX 1,DEX,-447.39,7551.68471901893,7551.68471901893
2026-09-17 08:11:01,7700.0,7769.0,Call GEX 1,GEX,182645.606,7551.68471901893,7551.68471901893
2026-09-17 08:11:01,7700.0,7769.0,Put VEX 3,VEX,-812420.1,7551.68471901893,7551.68471901893
2026-09-17 08:11:01,7750.0,7819.5,Call GEX 4,GEX,78653.076,7551.68471901893,7551.68471901893
2026-09-17 08:11:01,8000.0,8071.75,Call GEX 5,GEX,66567.22,7551.68471901893,7551.68471901893
2026-09-17 08:11:40,5000.0,5045.5,Call DEX 3,DEX,286.532,7551.68471901893,7551.68471901893
2026-09-17 08:11:40,6000.0,6054.5,Call DEX 2,DEX,1145.744,7551.68471901893,7551.68471901893
2026-09-17 08:11:40,7000.0,7063.75,Call CEX 1,CEX,8575710.388,7551.68471901893,7551.68471901893
2026-09-17 08:11:40,7000.0,7063.75,Call DEX 1,DEX,2780.329,7551.68471901893,7551.68471901893
2026-09-17 08:11:40,7000.0,7063.75,Call GEX 2,GEX,92668.126,7551.68471901893,7551.68471901893
2026-09-17 08:11:40,7000.0,7063.75,Call VEX 1,VEX,2917330.077,7551.68471901893,7551.68471901893
2026-09-17 08:11:40,7300.0,7366.5,Call CEX 5,CEX,1878836.483,7551.68471901893,7551.68471901893
2026-09-17 08:11:40,7300.0,7366.5,Call DEX 4,DEX,237.806,7551.68471901893,7551.68471901893
2026-09-17 08:11:40,7300.0,7366.5,Call VEX 5,VEX,640822.243,7551.68471901893,7551.68471901893
2026-09-17 08:11:40,7400.0,7467.25,Call CEX 4,CEX,3426587.772,7551.68471901893,7551.68471901893
2026-09-17 08:11:40,7400.0,7467.25,Put GEX 4,GEX,-125622.801,7551.68471901893,7551.68471901893
2026-09-17 08:11:40,7400.0,7467.25,Call VEX 4,VEX,1185746.733,7551.68471901893,7551.68471901893
2026-09-17 08:11:40,7450.0,7517.75,Call CEX 3,CEX,4178433.641,7551.68471901893,7551.68471901893
2026-09-17 08:11:40,7450.0,7517.75,Call DEX 5,DEX,234.444,7551.68471901893,7551.68471901893
2026-09-17 08:11:40,7450.0,7517.75,Put GEX 5,GEX,-118001.047,7551.68471901893,7551.68471901893
2026-09-17 08:11:40,7450.0,7517.75,Call VEX 3,VEX,1435739.256,7551.68471901893,7551.68471901893
2026-09-17 08:11:40,7500.0,7568.25,Call CEX 2,CEX,4202435.25,7551.68471901893,7551.68471901893
2026-09-17 08:11:40,7500.0,7568.25,Put GEX 2,GEX,-440572.974,7551.68471901893,7551.68471901893
2026-09-17 08:11:40,7500.0,7568.25,Call VEX 2,VEX,1538802.179,7551.68471901893,7551.68471901893
2026-09-17 08:11:40,7550.0,7618.75,Put GEX 1,GEX,-441048.894,7551.68471901893,7551.68471901893
2026-09-17 08:11:40,7600.0,7669.25,Put CEX 1,CEX,-4821552.94,7551.68471901893,7551.68471901893
2026-09-17 08:11:40,7600.0,7669.25,Put DEX 3,DEX,-229.322,7551.68471901893,7551.68471901893
2026-09-17 08:11:40,7600.0,7669.25,Put GEX 3,GEX,-150148.603,7551.68471901893,7551.68471901893
2026-09-17 08:11:40,7600.0,7669.25,Put VEX 1,VEX,-1448129.957,7551.68471901893,7551.68471901893
2026-09-17 08:11:40,7605.0,7674.25,Put CEX 5,CEX,-989879.292,7551.68471901893,7551.68471901893
2026-09-17 08:11:40,7605.0,7674.25,Put VEX 5,VEX,-298175.412,7551.68471901893,7551.68471901893
2026-09-17 08:11:40,7650.0,7719.5,Put CEX 2,CEX,-3625225.034,7551.68471901893,7551.68471901893
2026-09-17 08:11:40,7650.0,7719.5,Put DEX 2,DEX,-271.924,7551.68471901893,7551.68471901893
2026-09-17 08:11:40,7650.0,7719.5,Put VEX 2,VEX,-1117965.386,7551.68471901893,7551.68471901893
2026-09-17 08:11:40,7670.0,7739.75,Put DEX 5,DEX,-74.79,7551.68471901893,7551.68471901893
2026-09-17 08:11:40,7675.0,7744.75,Put CEX 4,CEX,-1223772.26,7551.68471901893,7551.68471901893
2026-09-17 08:11:40,7675.0,7744.75,Put DEX 4,DEX,-106.28,7551.68471901893,7551.68471901893
2026-09-17 08:11:40,7675.0,7744.75,Put VEX 4,VEX,-332275.019,7551.68471901893,7551.68471901893
2026-09-17 08:11:40,7680.0,7749.75,Call GEX 3,GEX,85503.493,7551.68471901893,7551.68471901893
2026-09-17 08:11:40,7700.0,7770.0,Put CEX 3,CEX,-2562980.099,7551.68471901893,7551.68471901893
2026-09-17 08:11:40,7700.0,7770.0,Put DEX 1,DEX,-447.39,7551.68471901893,7551.68471901893
2026-09-17 08:11:40,7700.0,7770.0,Call GEX 1,GEX,182645.606,7551.68471901893,7551.68471901893
2026-09-17 08:11:40,7700.0,7770.0,Put VEX 3,VEX,-812420.1,7551.68471901893,7551.68471901893
2026-09-17 08:11:40,7750.0,7820.5,Call GEX 4,GEX,78653.076,7551.68471901893,7551.68471901893
2026-09-17 08:11:40,8000.0,8072.75,Call GEX 5,GEX,66567.22,7551.68471901893,7551.68471901893
2026-09-17 08:12:18,5000.0,5045.0,Call DEX 3,DEX,286.532,7551.68471901893,7551.68471901893
2026-09-17 08:12:18,6000.0,6054.0,Call DEX 2,DEX,1145.744,7551.68471901893,7551.68471901893
2026-09-17 08:12:18,7000.0,7063.0,Call CEX 1,CEX,8575710.388,7551.68471901893,7551.68471901893
2026-09-17 08:12:18,7000.0,7063.0,Call DEX 1,DEX,2780.329,7551.68471901893,7551.68471901893
2026-09-17 08:12:18,7000.0,7063.0,Call GEX 2,GEX,92668.126,7551.68471901893,7551.68471901893
2026-09-17 08:12:18,7000.0,7063.0,Call VEX 1,VEX,2917330.077,7551.68471901893,7551.68471901893
2026-09-17 08:12:18,7300.0,7365.5,Call CEX 5,CEX,1878836.483,7551.68471901893,7551.68471901893
2026-09-17 08:12:18,7300.0,7365.5,Call DEX 4,DEX,237.806,7551.68471901893,7551.68471901893
2026-09-17 08:12:18,7300.0,7365.5,Call VEX 5,VEX,640822.243,7551.68471901893,7551.68471901893
2026-09-17 08:12:18,7400.0,7466.5,Call CEX 4,CEX,3426587.772,7551.68471901893,7551.68471901893
2026-09-17 08:12:18,7400.0,7466.5,Put GEX 4,GEX,-125622.801,7551.68471901893,7551.68471901893
2026-09-17 08:12:18,7400.0,7466.5,Call VEX 4,VEX,1185746.733,7551.68471901893,7551.68471901893
2026-09-17 08:12:18,7450.0,7517.0,Call CEX 3,CEX,4178433.641,7551.68471901893,7551.68471901893
2026-09-17 08:12:18,7450.0,7517.0,Call DEX 5,DEX,234.444,7551.68471901893,7551.68471901893
2026-09-17 08:12:18,7450.0,7517.0,Put GEX 5,GEX,-118001.047,7551.68471901893,7551.68471901893
2026-09-17 08:12:18,7450.0,7517.0,Call VEX 3,VEX,1435739.256,7551.68471901893,7551.68471901893
2026-09-17 08:12:18,7500.0,7567.5,Call CEX 2,CEX,4202435.25,7551.68471901893,7551.68471901893
2026-09-17 08:12:18,7500.0,7567.5,Put GEX 2,GEX,-440572.974,7551.68471901893,7551.68471901893
2026-09-17 08:12:18,7500.0,7567.5,Call VEX 2,VEX,1538802.179,7551.68471901893,7551.68471901893
2026-09-17 08:12:18,7550.0,7617.75,Put GEX 1,GEX,-441048.894,7551.68471901893,7551.68471901893
2026-09-17 08:12:18,7600.0,7668.25,Put CEX 1,CEX,-4821552.94,7551.68471901893,7551.68471901893
2026-09-17 08:12:18,7600.0,7668.25,Put DEX 3,DEX,-229.322,7551.68471901893,7551.68471901893
2026-09-17 08:12:18,7600.0,7668.25,Put GEX 3,GEX,-150148.603,7551.68471901893,7551.68471901893
2026-09-17 08:12:18,7600.0,7668.25,Put VEX 1,VEX,-1448129.957,7551.68471901893,7551.68471901893
2026-09-17 08:12:18,7605.0,7673.25,Put CEX 5,CEX,-989879.292,7551.68471901893,7551.68471901893
2026-09-17 08:12:18,7605.0,7673.25,Put VEX 5,VEX,-298175.412,7551.68471901893,7551.68471901893
2026-09-17 08:12:18,7650.0,7718.75,Put CEX 2,CEX,-3625225.034,7551.68471901893,7551.68471901893
2026-09-17 08:12:18,7650.0,7718.75,Put DEX 2,DEX,-271.924,7551.68471901893,7551.68471901893
2026-09-17 08:12:18,7650.0,7718.75,Put VEX 2,VEX,-1117965.386,7551.68471901893,7551.68471901893
2026-09-17 08:12:18,7670.0,7739.0,Put DEX 5,DEX,-74.79,7551.68471901893,7551.68471901893
2026-09-17 08:12:18,7675.0,7744.0,Put CEX 4,CEX,-1223772.26,7551.68471901893,7551.68471901893
2026-09-17 08:12:18,7675.0,7744.0,Put DEX 4,DEX,-106.28,7551.68471901893,7551.68471901893
2026-09-17 08:12:18,7675.0,7744.0,Put VEX 4,VEX,-332275.019,7551.68471901893,7551.68471901893
2026-09-17 08:12:18,7680.0,7749.0,Call GEX 3,GEX,85503.493,7551.68471901893,7551.68471901893
2026-09-17 08:12:18,7700.0,7769.25,Put CEX 3,CEX,-2562980.099,7551.68471901893,7551.68471901893
2026-09-17 08:12:18,7700.0,7769.25,Put DEX 1,DEX,-447.39,7551.68471901893,7551.68471901893
2026-09-17 08:12:18,7700.0,7769.25,Call GEX 1,GEX,182645.606,7551.68471901893,7551.68471901893
2026-09-17 08:12:18,7700.0,7769.25,Put VEX 3,VEX,-812420.1,7551.68471901893,7551.68471901893
2026-09-17 08:12:18,7750.0,7819.75,Call GEX 4,GEX,78653.076,7551.68471901893,7551.68471901893
2026-09-17 08:12:18,8000.0,8072.0,Call GEX 5,GEX,66567.22,7551.68471901893,7551.68471901893
2026-09-17 08:12:56,5000.0,5045.0,Call DEX 3,DEX,286.532,7551.68471901893,7551.68471901893
2026-09-17 08:12:56,6000.0,6054.0,Call DEX 2,DEX,1145.744,7551.68471901893,7551.68471901893
2026-09-17 08:12:56,7000.0,7063.0,Call CEX 1,CEX,8575710.388,7551.68471901893,7551.68471901893
2026-09-17 08:12:56,7000.0,7063.0,Call DEX 1,DEX,2780.329,7551.68471901893,7551.68471901893
2026-09-17 08:12:56,7000.0,7063.0,Call GEX 2,GEX,92668.126,7551.68471901893,7551.68471901893
2026-09-17 08:12:56,7000.0,7063.0,Call VEX 1,VEX,2917330.077,7551.68471901893,7551.68471901893
2026-09-17 08:12:56,7300.0,7365.75,Call CEX 5,CEX,1878836.483,7551.68471901893,7551.68471901893
2026-09-17 08:12:56,7300.0,7365.75,Call DEX 4,DEX,237.806,7551.68471901893,7551.68471901893
2026-09-17 08:12:56,7300.0,7365.75,Call VEX 5,VEX,640822.243,7551.68471901893,7551.68471901893
2026-09-17 08:12:56,7400.0,7466.5,Call CEX 4,CEX,3426587.772,7551.68471901893,7551.68471901893
2026-09-17 08:12:56,7400.0,7466.5,Put GEX 4,GEX,-125622.801,7551.68471901893,7551.68471901893
2026-09-17 08:12:56,7400.0,7466.5,Call VEX 4,VEX,1185746.733,7551.68471901893,7551.68471901893
2026-09-17 08:12:56,7450.0,7517.0,Call CEX 3,CEX,4178433.641,7551.68471901893,7551.68471901893
2026-09-17 08:12:56,7450.0,7517.0,Call DEX 5,DEX,234.444,7551.68471901893,7551.68471901893
2026-09-17 08:12:56,7450.0,7517.0,Put GEX 5,GEX,-118001.047,7551.68471901893,7551.68471901893
2026-09-17 08:12:56,7450.0,7517.0,Call VEX 3,VEX,1435739.256,7551.68471901893,7551.68471901893
2026-09-17 08:12:56,7500.0,7567.5,Call CEX 2,CEX,4202435.25,7551.68471901893,7551.68471901893
2026-09-17 08:12:56,7500.0,7567.5,Put GEX 2,GEX,-440572.974,7551.68471901893,7551.68471901893
2026-09-17 08:12:56,7500.0,7567.5,Call VEX 2,VEX,1538802.179,7551.68471901893,7551.68471901893
2026-09-17 08:12:56,7550.0,7618.0,Put GEX 1,GEX,-441048.894,7551.68471901893,7551.68471901893
2026-09-17 08:12:56,7600.0,7668.25,Put CEX 1,CEX,-4821552.94,7551.68471901893,7551.68471901893
2026-09-17 08:12:56,7600.0,7668.25,Put DEX 3,DEX,-229.322,7551.68471901893,7551.68471901893
2026-09-17 08:12:56,7600.0,7668.25,Put GEX 3,GEX,-150148.603,7551.68471901893,7551.68471901893
2026-09-17 08:12:56,7600.0,7668.25,Put VEX 1,VEX,-1448129.957,7551.68471901893,7551.68471901893
2026-09-17 08:12:56,7605.0,7673.5,Put CEX 5,CEX,-989879.292,7551.68471901893,7551.68471901893
2026-09-17 08:12:56,7605.0,7673.5,Put VEX 5,VEX,-298175.412,7551.68471901893,7551.68471901893
2026-09-17 08:12:56,7650.0,7718.75,Put CEX 2,CEX,-3625225.034,7551.68471901893,7551.68471901893
2026-09-17 08:12:56,7650.0,7718.75,Put DEX 2,DEX,-271.924,7551.68471901893,7551.68471901893
2026-09-17 08:12:56,7650.0,7718.75,Put VEX 2,VEX,-1117965.386,7551.68471901893,7551.68471901893
2026-09-17 08:12:56,7670.0,7739.0,Put DEX 5,DEX,-74.79,7551.68471901893,7551.68471901893
2026-09-17 08:12:56,7675.0,7744.0,Put CEX 4,CEX,-1223772.26,7551.68471901893,7551.68471901893
2026-09-17 08:12:56,7675.0,7744.0,Put DEX 4,DEX,-106.28,7551.68471901893,7551.68471901893
2026-09-17 08:12:56,7675.0,7744.0,Put VEX 4,VEX,-332275.019,7551.68471901893,7551.68471901893
2026-09-17 08:12:56,7680.0,7749.0,Call GEX 3,GEX,85503.493,7551.68471901893,7551.68471901893
2026-09-17 08:12:56,7700.0,7769.25,Put CEX 3,CEX,-2562980.099,7551.68471901893,7551.68471901893
2026-09-17 08:12:56,7700.0,7769.25,Put DEX 1,DEX,-447.39,7551.68471901893,7551.68471901893
2026-09-17 08:12:56,7700.0,7769.25,Call GEX 1,GEX,182645.606,7551.68471901893,7551.68471901893
2026-09-17 08:12:56,7700.0,7769.25,Put VEX 3,VEX,-812420.1,7551.68471901893,7551.68471901893
2026-09-17 08:12:56,7750.0,7819.75,Call GEX 4,GEX,78653.076,7551.68471901893,7551.68471901893
2026-09-17 08:12:56,8000.0,8072.0,Call GEX 5,GEX,66567.22,7551.68471901893,7551.68471901893
2026-09-17 08:13:34,5000.0,5044.75,Call DEX 3,DEX,286.532,7551.68471901893,7551.68471901893
2026-09-17 08:13:34,6000.0,6053.75,Call DEX 2,DEX,1145.744,7551.68471901893,7551.68471901893
2026-09-17 08:13:34,7000.0,7062.75,Call CEX 1,CEX,8575710.388,7551.68471901893,7551.68471901893
2026-09-17 08:13:34,7000.0,7062.75,Call DEX 1,DEX,2780.329,7551.68471901893,7551.68471901893
2026-09-17 08:13:34,7000.0,7062.75,Call GEX 2,GEX,92668.126,7551.68471901893,7551.68471901893
2026-09-17 08:13:34,7000.0,7062.75,Call VEX 1,VEX,2917330.077,7551.68471901893,7551.68471901893
2026-09-17 08:13:34,7300.0,7365.5,Call CEX 5,CEX,1878836.483,7551.68471901893,7551.68471901893
2026-09-17 08:13:34,7300.0,7365.5,Call DEX 4,DEX,237.806,7551.68471901893,7551.68471901893
2026-09-17 08:13:34,7300.0,7365.5,Call VEX 5,VEX,640822.243,7551.68471901893,7551.68471901893
2026-09-17 08:13:34,7400.0,7466.25,Call CEX 4,CEX,3426587.772,7551.68471901893,7551.68471901893
2026-09-17 08:13:34,7400.0,7466.25,Put GEX 4,GEX,-125622.801,7551.68471901893,7551.68471901893
2026-09-17 08:13:34,7400.0,7466.25,Call VEX 4,VEX,1185746.733,7551.68471901893,7551.68471901893
2026-09-17 08:13:34,7450.0,7516.75,Call CEX 3,CEX,4178433.641,7551.68471901893,7551.68471901893
2026-09-17 08:13:34,7450.0,7516.75,Call DEX 5,DEX,234.444,7551.68471901893,7551.68471901893
2026-09-17 08:13:34,7450.0,7516.75,Put GEX 5,GEX,-118001.047,7551.68471901893,7551.68471901893
2026-09-17 08:13:34,7450.0,7516.75,Call VEX 3,VEX,1435739.256,7551.68471901893,7551.68471901893
2026-09-17 08:13:34,7500.0,7567.25,Call CEX 2,CEX,4202435.25,7551.68471901893,7551.68471901893
2026-09-17 08:13:34,7500.0,7567.25,Put GEX 2,GEX,-440572.974,7551.68471901893,7551.68471901893
2026-09-17 08:13:34,7500.0,7567.25,Call VEX 2,VEX,1538802.179,7551.68471901893,7551.68471901893
2026-09-17 08:13:34,7550.0,7617.75,Put GEX 1,GEX,-441048.894,7551.68471901893,7551.68471901893
2026-09-17 08:13:34,7600.0,7668.25,Put CEX 1,CEX,-4821552.94,7551.68471901893,7551.68471901893
2026-09-17 08:13:34,7600.0,7668.25,Put DEX 3,DEX,-229.322,7551.68471901893,7551.68471901893
2026-09-17 08:13:34,7600.0,7668.25,Put GEX 3,GEX,-150148.603,7551.68471901893,7551.68471901893
2026-09-17 08:13:34,7600.0,7668.25,Put VEX 1,VEX,-1448129.957,7551.68471901893,7551.68471901893
2026-09-17 08:13:34,7605.0,7673.25,Put CEX 5,CEX,-989879.292,7551.68471901893,7551.68471901893
2026-09-17 08:13:34,7605.0,7673.25,Put VEX 5,VEX,-298175.412,7551.68471901893,7551.68471901893
2026-09-17 08:13:34,7650.0,7718.5,Put CEX 2,CEX,-3625225.034,7551.68471901893,7551.68471901893
2026-09-17 08:13:34,7650.0,7718.5,Put DEX 2,DEX,-271.924,7551.68471901893,7551.68471901893
2026-09-17 08:13:34,7650.0,7718.5,Put VEX 2,VEX,-1117965.386,7551.68471901893,7551.68471901893
2026-09-17 08:13:34,7670.0,7738.75,Put DEX 5,DEX,-74.79,7551.68471901893,7551.68471901893
2026-09-17 08:13:34,7675.0,7743.75,Put CEX 4,CEX,-1223772.26,7551.68471901893,7551.68471901893
2026-09-17 08:13:34,7675.0,7743.75,Put DEX 4,DEX,-106.28,7551.68471901893,7551.68471901893
2026-09-17 08:13:34,7675.0,7743.75,Put VEX 4,VEX,-332275.019,7551.68471901893,7551.68471901893
2026-09-17 08:13:34,7680.0,7748.75,Call GEX 3,GEX,85503.493,7551.68471901893,7551.68471901893
2026-09-17 08:13:34,7700.0,7769.0,Put CEX 3,CEX,-2562980.099,7551.68471901893,7551.68471901893
2026-09-17 08:13:34,7700.0,7769.0,Put DEX 1,DEX,-447.39,7551.68471901893,7551.68471901893
2026-09-17 08:13:34,7700.0,7769.0,Call GEX 1,GEX,182645.606,7551.68471901893,7551.68471901893
2026-09-17 08:13:34,7700.0,7769.0,Put VEX 3,VEX,-812420.1,7551.68471901893,7551.68471901893
2026-09-17 08:13:34,7750.0,7819.5,Call GEX 4,GEX,78653.076,7551.68471901893,7551.68471901893
2026-09-17 08:13:34,8000.0,8071.75,Call GEX 5,GEX,66567.22,7551.68471901893,7551.68471901893
2026-09-17 08:14:12,5000.0,5045.5,Call DEX 3,DEX,286.532,7551.68471901893,7551.68471901893
2026-09-17 08:14:12,6000.0,6054.5,Call DEX 2,DEX,1145.744,7551.68471901893,7551.68471901893
2026-09-17 08:14:12,7000.0,7063.75,Call CEX 1,CEX,8575710.388,7551.68471901893,7551.68471901893
2026-09-17 08:14:12,7000.0,7063.75,Call DEX 1,DEX,2780.329,7551.68471901893,7551.68471901893
2026-09-17 08:14:12,7000.0,7063.75,Call GEX 2,GEX,92668.126,7551.68471901893,7551.68471901893
2026-09-17 08:14:12,7000.0,7063.75,Call VEX 1,VEX,2917330.077,7551.68471901893,7551.68471901893
2026-09-17 08:14:12,7300.0,7366.5,Call CEX 5,CEX,1878836.483,7551.68471901893,7551.68471901893
2026-09-17 08:14:12,7300.0,7366.5,Call DEX 4,DEX,237.806,7551.68471901893,7551.68471901893
2026-09-17 08:14:12,7300.0,7366.5,Call VEX 5,VEX,640822.243,7551.68471901893,7551.68471901893
2026-09-17 08:14:12,7400.0,7467.25,Call CEX 4,CEX,3426587.772,7551.68471901893,7551.68471901893
2026-09-17 08:14:12,7400.0,7467.25,Put GEX 4,GEX,-125622.801,7551.68471901893,7551.68471901893
2026-09-17 08:14:12,7400.0,7467.25,Call VEX 4,VEX,1185746.733,7551.68471901893,7551.68471901893
2026-09-17 08:14:12,7450.0,7517.75,Call CEX 3,CEX,4178433.641,7551.68471901893,7551.68471901893
2026-09-17 08:14:12,7450.0,7517.75,Call DEX 5,DEX,234.444,7551.68471901893,7551.68471901893
2026-09-17 08:14:12,7450.0,7517.75,Put GEX 5,GEX,-118001.047,7551.68471901893,7551.68471901893
2026-09-17 08:14:12,7450.0,7517.75,Call VEX 3,VEX,1435739.256,7551.68471901893,7551.68471901893
2026-09-17 08:14:12,7500.0,7568.25,Call CEX 2,CEX,4202435.25,7551.68471901893,7551.68471901893
2026-09-17 08:14:12,7500.0,7568.25,Put GEX 2,GEX,-440572.974,7551.68471901893,7551.68471901893
2026-09-17 08:14:12,7500.0,7568.25,Call VEX 2,VEX,1538802.179,7551.68471901893,7551.68471901893
2026-09-17 08:14:12,7550.0,7618.75,Put GEX 1,GEX,-441048.894,7551.68471901893,7551.68471901893
2026-09-17 08:14:12,7600.0,7669.0,Put CEX 1,CEX,-4821552.94,7551.68471901893,7551.68471901893
2026-09-17 08:14:12,7600.0,7669.0,Put DEX 3,DEX,-229.322,7551.68471901893,7551.68471901893
2026-09-17 08:14:12,7600.0,7669.0,Put GEX 3,GEX,-150148.603,7551.68471901893,7551.68471901893
2026-09-17 08:14:12,7600.0,7669.0,Put VEX 1,VEX,-1448129.957,7551.68471901893,7551.68471901893
2026-09-17 08:14:12,7605.0,7674.25,Put CEX 5,CEX,-989879.292,7551.68471901893,7551.68471901893
2026-09-17 08:14:12,7605.0,7674.25,Put VEX 5,VEX,-298175.412,7551.68471901893,7551.68471901893
2026-09-17 08:14:12,7650.0,7719.5,Put CEX 2,CEX,-3625225.034,7551.68471901893,7551.68471901893
2026-09-17 08:14:12,7650.0,7719.5,Put DEX 2,DEX,-271.924,7551.68471901893,7551.68471901893
2026-09-17 08:14:12,7650.0,7719.5,Put VEX 2,VEX,-1117965.386,7551.68471901893,7551.68471901893
2026-09-17 08:14:12,7670.0,7739.75,Put DEX 5,DEX,-74.79,7551.68471901893,7551.68471901893
2026-09-17 08:14:12,7675.0,7744.75,Put CEX 4,CEX,-1223772.26,7551.68471901893,7551.68471901893
2026-09-17 08:14:12,7675.0,7744.75,Put DEX 4,DEX,-106.28,7551.68471901893,7551.68471901893
2026-09-17 08:14:12,7675.0,7744.75,Put VEX 4,VEX,-332275.019,7551.68471901893,7551.68471901893
2026-09-17 08:14:12,7680.0,7749.75,Call GEX 3,GEX,85503.493,7551.68471901893,7551.68471901893
2026-09-17 08:14:12,7700.0,7770.0,Put CEX 3,CEX,-2562980.099,7551.68471901893,7551.68471901893
2026-09-17 08:14:12,7700.0,7770.0,Put DEX 1,DEX,-447.39,7551.68471901893,7551.68471901893
2026-09-17 08:14:12,7700.0,7770.0,Call GEX 1,GEX,182645.606,7551.68471901893,7551.68471901893
2026-09-17 08:14:12,7700.0,7770.0,Put VEX 3,VEX,-812420.1,7551.68471901893,7551.68471901893
2026-09-17 08:14:12,7750.0,7820.5,Call GEX 4,GEX,78653.076,7551.68471901893,7551.68471901893
2026-09-17 08:14:12,8000.0,8072.75,Call GEX 5,GEX,66567.22,7551.68471901893,7551.68471901893
2026-09-17 08:14:50,5000.0,5045.5,Call DEX 3,DEX,286.532,7551.68471901893,7551.68471901893
2026-09-17 08:14:50,6000.0,6054.75,Call DEX 2,DEX,1145.744,7551.68471901893,7551.68471901893
2026-09-17 08:14:50,7000.0,7063.75,Call CEX 1,CEX,8575710.388,7551.68471901893,7551.68471901893
2026-09-17 08:14:50,7000.0,7063.75,Call DEX 1,DEX,2780.329,7551.68471901893,7551.68471901893
2026-09-17 08:14:50,7000.0,7063.75,Call GEX 2,GEX,92668.126,7551.68471901893,7551.68471901893
2026-09-17 08:14:50,7000.0,7063.75,Call VEX 1,VEX,2917330.077,7551.68471901893,7551.68471901893
2026-09-17 08:14:50,7300.0,7366.5,Call CEX 5,CEX,1878836.483,7551.68471901893,7551.68471901893
2026-09-17 08:14:50,7300.0,7366.5,Call DEX 4,DEX,237.806,7551.68471901893,7551.68471901893
2026-09-17 08:14:50,7300.0,7366.5,Call VEX 5,VEX,640822.243,7551.68471901893,7551.68471901893
2026-09-17 08:14:50,7400.0,7467.5,Call CEX 4,CEX,3426587.772,7551.68471901893,7551.68471901893
2026-09-17 08:14:50,7400.0,7467.5,Put GEX 4,GEX,-125622.801,7551.68471901893,7551.68471901893
2026-09-17 08:14:50,7400.0,7467.5,Call VEX 4,VEX,1185746.733,7551.68471901893,7551.68471901893
2026-09-17 08:14:50,7450.0,7518.0,Call CEX 3,CEX,4178433.641,7551.68471901893,7551.68471901893
2026-09-17 08:14:50,7450.0,7518.0,Call DEX 5,DEX,234.444,7551.68471901893,7551.68471901893
2026-09-17 08:14:50,7450.0,7518.0,Put GEX 5,GEX,-118001.047,7551.68471901893,7551.68471901893
2026-09-17 08:14:50,7450.0,7518.0,Call VEX 3,VEX,1435739.256,7551.68471901893,7551.68471901893
2026-09-17 08:14:50,7500.0,7568.25,Call CEX 2,CEX,4202435.25,7551.68471901893,7551.68471901893
2026-09-17 08:14:50,7500.0,7568.25,Put GEX 2,GEX,-440572.974,7551.68471901893,7551.68471901893
2026-09-17 08:14:50,7500.0,7568.25,Call VEX 2,VEX,1538802.179,7551.68471901893,7551.68471901893
2026-09-17 08:14:50,7550.0,7618.75,Put GEX 1,GEX,-441048.894,7551.68471901893,7551.68471901893
2026-09-17 08:14:50,7600.0,7669.25,Put CEX 1,CEX,-4821552.94,7551.68471901893,7551.68471901893
2026-09-17 08:14:50,7600.0,7669.25,Put DEX 3,DEX,-229.322,7551.68471901893,7551.68471901893
2026-09-17 08:14:50,7600.0,7669.25,Put GEX 3,GEX,-150148.603,7551.68471901893,7551.68471901893
2026-09-17 08:14:50,7600.0,7669.25,Put VEX 1,VEX,-1448129.957,7551.68471901893,7551.68471901893
2026-09-17 08:14:50,7605.0,7674.25,Put CEX 5,CEX,-989879.292,7551.68471901893,7551.68471901893
2026-09-17 08:14:50,7605.0,7674.25,Put VEX 5,VEX,-298175.412,7551.68471901893,7551.68471901893
2026-09-17 08:14:50,7650.0,7719.75,Put CEX 2,CEX,-3625225.034,7551.68471901893,7551.68471901893
2026-09-17 08:14:50,7650.0,7719.75,Put DEX 2,DEX,-271.924,7551.68471901893,7551.68471901893
2026-09-17 08:14:50,7650.0,7719.75,Put VEX 2,VEX,-1117965.386,7551.68471901893,7551.68471901893
2026-09-17 08:14:50,7670.0,7740.0,Put DEX 5,DEX,-74.79,7551.68471901893,7551.68471901893
2026-09-17 08:14:50,7675.0,7745.0,Put CEX 4,CEX,-1223772.26,7551.68471901893,7551.68471901893
2026-09-17 08:14:50,7675.0,7745.0,Put DEX 4,DEX,-106.28,7551.68471901893,7551.68471901893
2026-09-17 08:14:50,7675.0,7745.0,Put VEX 4,VEX,-332275.019,7551.68471901893,7551.68471901893
2026-09-17 08:14:50,7680.0,7750.0,Call GEX 3,GEX,85503.493,7551.68471901893,7551.68471901893
2026-09-17 08:14:50,7700.0,7770.25,Put CEX 3,CEX,-2562980.099,7551.68471901893,7551.68471901893
2026-09-17 08:14:50,7700.0,7770.25,Put DEX 1,DEX,-447.39,7551.68471901893,7551.68471901893
2026-09-17 08:14:50,7700.0,7770.25,Call GEX 1,GEX,182645.606,7551.68471901893,7551.68471901893
2026-09-17 08:14:50,7700.0,7770.25,Put VEX 3,VEX,-812420.1,7551.68471901893,7551.68471901893
2026-09-17 08:14:50,7750.0,7820.75,Call GEX 4,GEX,78653.076,7551.68471901893,7551.68471901893
2026-09-17 08:14:50,8000.0,8073.0,Call GEX 5,GEX,66567.22,7551.68471901893,7551.68471901893
2026-09-17 08:15:29,5000.0,5044.75,Call DEX 3,DEX,286.532,7551.68471901893,7551.68471901893
2026-09-17 08:15:29,6000.0,6053.75,Call DEX 2,DEX,1145.744,7551.68471901893,7551.68471901893
2026-09-17 08:15:29,7000.0,7062.75,Call CEX 1,CEX,8575710.388,7551.68471901893,7551.68471901893
2026-09-17 08:15:29,7000.0,7062.75,Call DEX 1,DEX,2780.329,7551.68471901893,7551.68471901893
2026-09-17 08:15:29,7000.0,7062.75,Call GEX 2,GEX,92668.126,7551.68471901893,7551.68471901893
2026-09-17 08:15:29,7000.0,7062.75,Call VEX 1,VEX,2917330.077,7551.68471901893,7551.68471901893
2026-09-17 08:15:29,7300.0,7365.5,Call CEX 5,CEX,1878836.483,7551.68471901893,7551.68471901893
2026-09-17 08:15:29,7300.0,7365.5,Call DEX 4,DEX,237.806,7551.68471901893,7551.68471901893
2026-09-17 08:15:29,7300.0,7365.5,Call VEX 5,VEX,640822.243,7551.68471901893,7551.68471901893
2026-09-17 08:15:29,7400.0,7466.25,Call CEX 4,CEX,3426587.772,7551.68471901893,7551.68471901893
2026-09-17 08:15:29,7400.0,7466.25,Put GEX 4,GEX,-125622.801,7551.68471901893,7551.68471901893
2026-09-17 08:15:29,7400.0,7466.25,Call VEX 4,VEX,1185746.733,7551.68471901893,7551.68471901893
2026-09-17 08:15:29,7450.0,7516.75,Call CEX 3,CEX,4178433.641,7551.68471901893,7551.68471901893
2026-09-17 08:15:29,7450.0,7516.75,Call DEX 5,DEX,234.444,7551.68471901893,7551.68471901893
2026-09-17 08:15:29,7450.0,7516.75,Put GEX 5,GEX,-118001.047,7551.68471901893,7551.68471901893
2026-09-17 08:15:29,7450.0,7516.75,Call VEX 3,VEX,1435739.256,7551.68471901893,7551.68471901893
2026-09-17 08:15:29,7500.0,7567.25,Call CEX 2,CEX,4202435.25,7551.68471901893,7551.68471901893
2026-09-17 08:15:29,7500.0,7567.25,Put GEX 2,GEX,-440572.974,7551.68471901893,7551.68471901893
2026-09-17 08:15:29,7500.0,7567.25,Call VEX 2,VEX,1538802.179,7551.68471901893,7551.68471901893
2026-09-17 08:15:29,7550.0,7617.75,Put GEX 1,GEX,-441048.894,7551.68471901893,7551.68471901893
2026-09-17 08:15:29,7600.0,7668.25,Put CEX 1,CEX,-4821552.94,7551.68471901893,7551.68471901893
2026-09-17 08:15:29,7600.0,7668.25,Put DEX 3,DEX,-229.322,7551.68471901893,7551.68471901893
2026-09-17 08:15:29,7600.0,7668.25,Put GEX 3,GEX,-150148.603,7551.68471901893,7551.68471901893
2026-09-17 08:15:29,7600.0,7668.25,Put VEX 1,VEX,-1448129.957,7551.68471901893,7551.68471901893
2026-09-17 08:15:29,7605.0,7673.25,Put CEX 5,CEX,-989879.292,7551.68471901893,7551.68471901893
2026-09-17 08:15:29,7605.0,7673.25,Put VEX 5,VEX,-298175.412,7551.68471901893,7551.68471901893
2026-09-17 08:15:29,7650.0,7718.5,Put CEX 2,CEX,-3625225.034,7551.68471901893,7551.68471901893
2026-09-17 08:15:29,7650.0,7718.5,Put DEX 2,DEX,-271.924,7551.68471901893,7551.68471901893
2026-09-17 08:15:29,7650.0,7718.5,Put VEX 2,VEX,-1117965.386,7551.68471901893,7551.68471901893
2026-09-17 08:15:29,7670.0,7738.75,Put DEX 5,DEX,-74.79,7551.68471901893,7551.68471901893
2026-09-17 08:15:29,7675.0,7743.75,Put CEX 4,CEX,-1223772.26,7551.68471901893,7551.68471901893
2026-09-17 08:15:29,7675.0,7743.75,Put DEX 4,DEX,-106.28,7551.68471901893,7551.68471901893
2026-09-17 08:15:29,7675.0,7743.75,Put VEX 4,VEX,-332275.019,7551.68471901893,7551.68471901893
2026-09-17 08:15:29,7680.0,7748.75,Call GEX 3,GEX,85503.493,7551.68471901893,7551.68471901893
2026-09-17 08:15:29,7700.0,7769.0,Put CEX 3,CEX,-2562980.099,7551.68471901893,7551.68471901893
2026-09-17 08:15:29,7700.0,7769.0,Put DEX 1,DEX,-447.39,7551.68471901893,7551.68471901893
2026-09-17 08:15:29,7700.0,7769.0,Call GEX 1,GEX,182645.606,7551.68471901893,7551.68471901893
2026-09-17 08:15:29,7700.0,7769.0,Put VEX 3,VEX,-812420.1,7551.68471901893,7551.68471901893
2026-09-17 08:15:29,7750.0,7819.5,Call GEX 4,GEX,78653.076,7551.68471901893,7551.68471901893
2026-09-17 08:15:29,8000.0,8071.75,Call GEX 5,GEX,66567.22,7551.68471901893,7551.68471901893
2026-09-17 08:16:07,5000.0,5045.5,Call DEX 3,DEX,286.532,7551.68471901893,7551.68471901893
2026-09-17 08:16:07,6000.0,6054.5,Call DEX 2,DEX,1145.744,7551.68471901893,7551.68471901893
2026-09-17 08:16:07,7000.0,7063.5,Call CEX 1,CEX,8575710.388,7551.68471901893,7551.68471901893
2026-09-17 08:16:07,7000.0,7063.5,Call DEX 1,DEX,2780.329,7551.68471901893,7551.68471901893
2026-09-17 08:16:07,7000.0,7063.5,Call GEX 2,GEX,92668.126,7551.68471901893,7551.68471901893
2026-09-17 08:16:07,7000.0,7063.5,Call VEX 1,VEX,2917330.077,7551.68471901893,7551.68471901893
2026-09-17 08:16:07,7300.0,7366.25,Call CEX 5,CEX,1878836.483,7551.68471901893,7551.68471901893
2026-09-17 08:16:07,7300.0,7366.25,Call DEX 4,DEX,237.806,7551.68471901893,7551.68471901893
2026-09-17 08:16:07,7300.0,7366.25,Call VEX 5,VEX,640822.243,7551.68471901893,7551.68471901893
2026-09-17 08:16:07,7400.0,7467.25,Call CEX 4,CEX,3426587.772,7551.68471901893,7551.68471901893
2026-09-17 08:16:07,7400.0,7467.25,Put GEX 4,GEX,-125622.801,7551.68471901893,7551.68471901893
2026-09-17 08:16:07,7400.0,7467.25,Call VEX 4,VEX,1185746.733,7551.68471901893,7551.68471901893
2026-09-17 08:16:07,7450.0,7517.75,Call CEX 3,CEX,4178433.641,7551.68471901893,7551.68471901893
2026-09-17 08:16:07,7450.0,7517.75,Call DEX 5,DEX,234.444,7551.68471901893,7551.68471901893
2026-09-17 08:16:07,7450.0,7517.75,Put GEX 5,GEX,-118001.047,7551.68471901893,7551.68471901893
2026-09-17 08:16:07,7450.0,7517.75,Call VEX 3,VEX,1435739.256,7551.68471901893,7551.68471901893
2026-09-17 08:16:07,7500.0,7568.0,Call CEX 2,CEX,4202435.25,7551.68471901893,7551.68471901893
2026-09-17 08:16:07,7500.0,7568.0,Put GEX 2,GEX,-440572.974,7551.68471901893,7551.68471901893
2026-09-17 08:16:07,7500.0,7568.0,Call VEX 2,VEX,1538802.179,7551.68471901893,7551.68471901893
2026-09-17 08:16:07,7550.0,7618.5,Put GEX 1,GEX,-441048.894,7551.68471901893,7551.68471901893
2026-09-17 08:16:07,7600.0,7669.0,Put CEX 1,CEX,-4821552.94,7551.68471901893,7551.68471901893
2026-09-17 08:16:07,7600.0,7669.0,Put DEX 3,DEX,-229.322,7551.68471901893,7551.68471901893
2026-09-17 08:16:07,7600.0,7669.0,Put GEX 3,GEX,-150148.603,7551.68471901893,7551.68471901893
2026-09-17 08:16:07,7600.0,7669.0,Put VEX 1,VEX,-1448129.957,7551.68471901893,7551.68471901893
2026-09-17 08:16:07,7605.0,7674.0,Put CEX 5,CEX,-989879.292,7551.68471901893,7551.68471901893
2026-09-17 08:16:07,7605.0,7674.0,Put VEX 5,VEX,-298175.412,7551.68471901893,7551.68471901893
2026-09-17 08:16:07,7650.0,7719.5,Put CEX 2,CEX,-3625225.034,7551.68471901893,7551.68471901893
2026-09-17 08:16:07,7650.0,7719.5,Put DEX 2,DEX,-271.924,7551.68471901893,7551.68471901893
2026-09-17 08:16:07,7650.0,7719.5,Put VEX 2,VEX,-1117965.386,7551.68471901893,7551.68471901893
2026-09-17 08:16:07,7670.0,7739.75,Put DEX 5,DEX,-74.79,7551.68471901893,7551.68471901893
2026-09-17 08:16:07,7675.0,7744.75,Put CEX 4,CEX,-1223772.26,7551.68471901893,7551.68471901893
2026-09-17 08:16:07,7675.0,7744.75,Put DEX 4,DEX,-106.28,7551.68471901893,7551.68471901893
2026-09-17 08:16:07,7675.0,7744.75,Put VEX 4,VEX,-332275.019,7551.68471901893,7551.68471901893
2026-09-17 08:16:07,7680.0,7749.75,Call GEX 3,GEX,85503.493,7551.68471901893,7551.68471901893
2026-09-17 08:16:07,7700.0,7770.0,Put CEX 3,CEX,-2562980.099,7551.68471901893,7551.68471901893
2026-09-17 08:16:07,7700.0,7770.0,Put DEX 1,DEX,-447.39,7551.68471901893,7551.68471901893
2026-09-17 08:16:07,7700.0,7770.0,Call GEX 1,GEX,182645.606,7551.68471901893,7551.68471901893
2026-09-17 08:16:07,7700.0,7770.0,Put VEX 3,VEX,-812420.1,7551.68471901893,7551.68471901893
2026-09-17 08:16:07,7750.0,7820.5,Call GEX 4,GEX,78653.076,7551.68471901893,7551.68471901893
2026-09-17 08:16:07,8000.0,8072.75,Call GEX 5,GEX,66567.22,7551.68471901893,7551.68471901893
2026-09-17 08:16:45,5000.0,5045.5,Call DEX 3,DEX,286.532,7551.68471901893,7551.68471901893
2026-09-17 08:16:45,6000.0,6054.5,Call DEX 2,DEX,1145.744,7551.68471901893,7551.68471901893
2026-09-17 08:16:45,7000.0,7063.75,Call CEX 1,CEX,8575710.388,7551.68471901893,7551.68471901893
2026-09-17 08:16:45,7000.0,7063.75,Call DEX 1,DEX,2780.329,7551.68471901893,7551.68471901893
2026-09-17 08:16:45,7000.0,7063.75,Call GEX 2,GEX,92668.126,7551.68471901893,7551.68471901893
2026-09-17 08:16:45,7000.0,7063.75,Call VEX 1,VEX,2917330.077,7551.68471901893,7551.68471901893
2026-09-17 08:16:45,7300.0,7366.25,Call CEX 5,CEX,1878836.483,7551.68471901893,7551.68471901893
2026-09-17 08:16:45,7300.0,7366.25,Call DEX 4,DEX,237.806,7551.68471901893,7551.68471901893
2026-09-17 08:16:45,7300.0,7366.25,Call VEX 5,VEX,640822.243,7551.68471901893,7551.68471901893
2026-09-17 08:16:45,7400.0,7467.25,Call CEX 4,CEX,3426587.772,7551.68471901893,7551.68471901893
2026-09-17 08:16:45,7400.0,7467.25,Put GEX 4,GEX,-125622.801,7551.68471901893,7551.68471901893
2026-09-17 08:16:45,7400.0,7467.25,Call VEX 4,VEX,1185746.733,7551.68471901893,7551.68471901893
2026-09-17 08:16:45,7450.0,7517.75,Call CEX 3,CEX,4178433.641,7551.68471901893,7551.68471901893
2026-09-17 08:16:45,7450.0,7517.75,Call DEX 5,DEX,234.444,7551.68471901893,7551.68471901893
2026-09-17 08:16:45,7450.0,7517.75,Put GEX 5,GEX,-118001.047,7551.68471901893,7551.68471901893
2026-09-17 08:16:45,7450.0,7517.75,Call VEX 3,VEX,1435739.256,7551.68471901893,7551.68471901893
2026-09-17 08:16:45,7500.0,7568.25,Call CEX 2,CEX,4202435.25,7551.68471901893,7551.68471901893
2026-09-17 08:16:45,7500.0,7568.25,Put GEX 2,GEX,-440572.974,7551.68471901893,7551.68471901893
2026-09-17 08:16:45,7500.0,7568.25,Call VEX 2,VEX,1538802.179,7551.68471901893,7551.68471901893
2026-09-17 08:16:45,7550.0,7618.75,Put GEX 1,GEX,-441048.894,7551.68471901893,7551.68471901893
2026-09-17 08:16:45,7600.0,7669.0,Put CEX 1,CEX,-4821552.94,7551.68471901893,7551.68471901893
2026-09-17 08:16:45,7600.0,7669.0,Put DEX 3,DEX,-229.322,7551.68471901893,7551.68471901893
2026-09-17 08:16:45,7600.0,7669.0,Put GEX 3,GEX,-150148.603,7551.68471901893,7551.68471901893
2026-09-17 08:16:45,7600.0,7669.0,Put VEX 1,VEX,-1448129.957,7551.68471901893,7551.68471901893
2026-09-17 08:16:45,7605.0,7674.25,Put CEX 5,CEX,-989879.292,7551.68471901893,7551.68471901893
2026-09-17 08:16:45,7605.0,7674.25,Put VEX 5,VEX,-298175.412,7551.68471901893,7551.68471901893
2026-09-17 08:16:45,7650.0,7719.5,Put CEX 2,CEX,-3625225.034,7551.68471901893,7551.68471901893
2026-09-17 08:16:45,7650.0,7719.5,Put DEX 2,DEX,-271.924,7551.68471901893,7551.68471901893
2026-09-17 08:16:45,7650.0,7719.5,Put VEX 2,VEX,-1117965.386,7551.68471901893,7551.68471901893
2026-09-17 08:16:45,7670.0,7739.75,Put DEX 5,DEX,-74.79,7551.68471901893,7551.68471901893
2026-09-17 08:16:45,7675.0,7744.75,Put CEX 4,CEX,-1223772.26,7551.68471901893,7551.68471901893
2026-09-17 08:16:45,7675.0,7744.75,Put DEX 4,DEX,-106.28,7551.68471901893,7551.68471901893
2026-09-17 08:16:45,7675.0,7744.75,Put VEX 4,VEX,-332275.019,7551.68471901893,7551.68471901893
2026-09-17 08:16:45,7680.0,7749.75,Call GEX 3,GEX,85503.493,7551.68471901893,7551.68471901893
2026-09-17 08:16:45,7700.0,7770.0,Put CEX 3,CEX,-2562980.099,7551.68471901893,7551.68471901893
2026-09-17 08:16:45,7700.0,7770.0,Put DEX 1,DEX,-447.39,7551.68471901893,7551.68471901893
2026-09-17 08:16:45,7700.0,7770.0,Call GEX 1,GEX,182645.606,7551.68471901893,7551.68471901893
2026-09-17 08:16:45,7700.0,7770.0,Put VEX 3,VEX,-812420.1,7551.68471901893,7551.68471901893
2026-09-17 08:16:45,7750.0,7820.5,Call GEX 4,GEX,78653.076,7551.68471901893,7551.68471901893
2026-09-17 08:16:45,8000.0,8072.75,Call GEX 5,GEX,66567.22,7551.68471901893,7551.68471901893
2026-09-17 08:17:23,5000.0,5045.0,Call DEX 3,DEX,286.532,7551.68471901893,7551.68471901893
2026-09-17 08:17:23,6000.0,6054.0,Call DEX 2,DEX,1145.744,7551.68471901893,7551.68471901893
2026-09-17 08:17:23,7000.0,7063.0,Call CEX 1,CEX,8575710.388,7551.68471901893,7551.68471901893
2026-09-17 08:17:23,7000.0,7063.0,Call DEX 1,DEX,2780.329,7551.68471901893,7551.68471901893
2026-09-17 08:17:23,7000.0,7063.0,Call GEX 2,GEX,92668.126,7551.68471901893,7551.68471901893
2026-09-17 08:17:23,7000.0,7063.0,Call VEX 1,VEX,2917330.077,7551.68471901893,7551.68471901893
2026-09-17 08:17:23,7300.0,7365.5,Call CEX 5,CEX,1878836.483,7551.68471901893,7551.68471901893
2026-09-17 08:17:23,7300.0,7365.5,Call DEX 4,DEX,237.806,7551.68471901893,7551.68471901893
2026-09-17 08:17:23,7300.0,7365.5,Call VEX 5,VEX,640822.243,7551.68471901893,7551.68471901893
2026-09-17 08:17:23,7400.0,7466.5,Call CEX 4,CEX,3426587.772,7551.68471901893,7551.68471901893
2026-09-17 08:17:23,7400.0,7466.5,Put GEX 4,GEX,-125622.801,7551.68471901893,7551.68471901893
2026-09-17 08:17:23,7400.0,7466.5,Call VEX 4,VEX,1185746.733,7551.68471901893,7551.68471901893
2026-09-17 08:17:23,7450.0,7517.0,Call CEX 3,CEX,4178433.641,7551.68471901893,7551.68471901893
2026-09-17 08:17:23,7450.0,7517.0,Call DEX 5,DEX,234.444,7551.68471901893,7551.68471901893
2026-09-17 08:17:23,7450.0,7517.0,Put GEX 5,GEX,-118001.047,7551.68471901893,7551.68471901893
2026-09-17 08:17:23,7450.0,7517.0,Call VEX 3,VEX,1435739.256,7551.68471901893,7551.68471901893
2026-09-17 08:17:23,7500.0,7567.5,Call CEX 2,CEX,4202435.25,7551.68471901893,7551.68471901893
2026-09-17 08:17:23,7500.0,7567.5,Put GEX 2,GEX,-440572.974,7551.68471901893,7551.68471901893
2026-09-17 08:17:23,7500.0,7567.5,Call VEX 2,VEX,1538802.179,7551.68471901893,7551.68471901893
2026-09-17 08:17:23,7550.0,7617.75,Put GEX 1,GEX,-441048.894,7551.68471901893,7551.68471901893
2026-09-17 08:17:23,7600.0,7668.25,Put CEX 1,CEX,-4821552.94,7551.68471901893,7551.68471901893
2026-09-17 08:17:23,7600.0,7668.25,Put DEX 3,DEX,-229.322,7551.68471901893,7551.68471901893
2026-09-17 08:17:23,7600.0,7668.25,Put GEX 3,GEX,-150148.603,7551.68471901893,7551.68471901893
2026-09-17 08:17:23,7600.0,7668.25,Put VEX 1,VEX,-1448129.957,7551.68471901893,7551.68471901893
2026-09-17 08:17:23,7605.0,7673.25,Put CEX 5,CEX,-989879.292,7551.68471901893,7551.68471901893
2026-09-17 08:17:23,7605.0,7673.25,Put VEX 5,VEX,-298175.412,7551.68471901893,7551.68471901893
2026-09-17 08:17:23,7650.0,7718.75,Put CEX 2,CEX,-3625225.034,7551.68471901893,7551.68471901893
2026-09-17 08:17:23,7650.0,7718.75,Put DEX 2,DEX,-271.924,7551.68471901893,7551.68471901893
2026-09-17 08:17:23,7650.0,7718.75,Put VEX 2,VEX,-1117965.386,7551.68471901893,7551.68471901893
2026-09-17 08:17:23,7670.0,7739.0,Put DEX 5,DEX,-74.79,7551.68471901893,7551.68471901893
2026-09-17 08:17:23,7675.0,7744.0,Put CEX 4,CEX,-1223772.26,7551.68471901893,7551.68471901893
2026-09-17 08:17:23,7675.0,7744.0,Put DEX 4,DEX,-106.28,7551.68471901893,7551.68471901893
2026-09-17 08:17:23,7675.0,7744.0,Put VEX 4,VEX,-332275.019,7551.68471901893,7551.68471901893
2026-09-17 08:17:23,7680.0,7749.0,Call GEX 3,GEX,85503.493,7551.68471901893,7551.68471901893
2026-09-17 08:17:23,7700.0,7769.25,Put CEX 3,CEX,-2562980.099,7551.68471901893,7551.68471901893
2026-09-17 08:17:23,7700.0,7769.25,Put DEX 1,DEX,-447.39,7551.68471901893,7551.68471901893
2026-09-17 08:17:23,7700.0,7769.25,Call GEX 1,GEX,182645.606,7551.68471901893,7551.68471901893
2026-09-17 08:17:23,7700.0,7769.25,Put VEX 3,VEX,-812420.1,7551.68471901893,7551.68471901893
2026-09-17 08:17:23,7750.0,7819.75,Call GEX 4,GEX,78653.076,7551.68471901893,7551.68471901893
2026-09-17 08:17:23,8000.0,8072.0,Call GEX 5,GEX,66567.22,7551.68471901893,7551.68471901893
2026-09-17 08:18:01,5000.0,5045.5,Call DEX 3,DEX,286.532,7551.68471901893,7551.68471901893
2026-09-17 08:18:01,6000.0,6054.75,Call DEX 2,DEX,1145.744,7551.68471901893,7551.68471901893
2026-09-17 08:18:01,7000.0,7063.75,Call CEX 1,CEX,8575710.388,7551.68471901893,7551.68471901893
2026-09-17 08:18:01,7000.0,7063.75,Call DEX 1,DEX,2780.329,7551.68471901893,7551.68471901893
2026-09-17 08:18:01,7000.0,7063.75,Call GEX 2,GEX,92668.126,7551.68471901893,7551.68471901893
2026-09-17 08:18:01,7000.0,7063.75,Call VEX 1,VEX,2917330.077,7551.68471901893,7551.68471901893
2026-09-17 08:18:01,7300.0,7366.5,Call CEX 5,CEX,1878836.483,7551.68471901893,7551.68471901893
2026-09-17 08:18:01,7300.0,7366.5,Call DEX 4,DEX,237.806,7551.68471901893,7551.68471901893
2026-09-17 08:18:01,7300.0,7366.5,Call VEX 5,VEX,640822.243,7551.68471901893,7551.68471901893
2026-09-17 08:18:01,7400.0,7467.5,Call CEX 4,CEX,3426587.772,7551.68471901893,7551.68471901893
2026-09-17 08:18:01,7400.0,7467.5,Put GEX 4,GEX,-125622.801,7551.68471901893,7551.68471901893
2026-09-17 08:18:01,7400.0,7467.5,Call VEX 4,VEX,1185746.733,7551.68471901893,7551.68471901893
2026-09-17 08:18:01,7450.0,7518.0,Call CEX 3,CEX,4178433.641,7551.68471901893,7551.68471901893
2026-09-17 08:18:01,7450.0,7518.0,Call DEX 5,DEX,234.444,7551.68471901893,7551.68471901893
2026-09-17 08:18:01,7450.0,7518.0,Put GEX 5,GEX,-118001.047,7551.68471901893,7551.68471901893
2026-09-17 08:18:01,7450.0,7518.0,Call VEX 3,VEX,1435739.256,7551.68471901893,7551.68471901893
2026-09-17 08:18:01,7500.0,7568.25,Call CEX 2,CEX,4202435.25,7551.68471901893,7551.68471901893
2026-09-17 08:18:01,7500.0,7568.25,Put GEX 2,GEX,-440572.974,7551.68471901893,7551.68471901893
2026-09-17 08:18:01,7500.0,7568.25,Call VEX 2,VEX,1538802.179,7551.68471901893,7551.68471901893
2026-09-17 08:18:01,7550.0,7618.75,Put GEX 1,GEX,-441048.894,7551.68471901893,7551.68471901893
2026-09-17 08:18:01,7600.0,7669.25,Put CEX 1,CEX,-4821552.94,7551.68471901893,7551.68471901893
2026-09-17 08:18:01,7600.0,7669.25,Put DEX 3,DEX,-229.322,7551.68471901893,7551.68471901893
2026-09-17 08:18:01,7600.0,7669.25,Put GEX 3,GEX,-150148.603,7551.68471901893,7551.68471901893
2026-09-17 08:18:01,7600.0,7669.25,Put VEX 1,VEX,-1448129.957,7551.68471901893,7551.68471901893
2026-09-17 08:18:01,7605.0,7674.25,Put CEX 5,CEX,-989879.292,7551.68471901893,7551.68471901893
2026-09-17 08:18:01,7605.0,7674.25,Put VEX 5,VEX,-298175.412,7551.68471901893,7551.68471901893
2026-09-17 08:18:01,7650.0,7719.75,Put CEX 2,CEX,-3625225.034,7551.68471901893,7551.68471901893
2026-09-17 08:18:01,7650.0,7719.75,Put DEX 2,DEX,-271.924,7551.68471901893,7551.68471901893
2026-09-17 08:18:01,7650.0,7719.75,Put VEX 2,VEX,-1117965.386,7551.68471901893,7551.68471901893
2026-09-17 08:18:01,7670.0,7740.0,Put DEX 5,DEX,-74.79,7551.68471901893,7551.68471901893
2026-09-17 08:18:01,7675.0,7745.0,Put CEX 4,CEX,-1223772.26,7551.68471901893,7551.68471901893
2026-09-17 08:18:01,7675.0,7745.0,Put DEX 4,DEX,-106.28,7551.68471901893,7551.68471901893
2026-09-17 08:18:01,7675.0,7745.0,Put VEX 4,VEX,-332275.019,7551.68471901893,7551.68471901893
2026-09-17 08:18:01,7680.0,7750.0,Call GEX 3,GEX,85503.493,7551.68471901893,7551.68471901893
2026-09-17 08:18:01,7700.0,7770.25,Put CEX 3,CEX,-2562980.099,7551.68471901893,7551.68471901893
2026-09-17 08:18:01,7700.0,7770.25,Put DEX 1,DEX,-447.39,7551.68471901893,7551.68471901893
2026-09-17 08:18:01,7700.0,7770.25,Call GEX 1,GEX,182645.606,7551.68471901893,7551.68471901893
2026-09-17 08:18:01,7700.0,7770.25,Put VEX 3,VEX,-812420.1,7551.68471901893,7551.68471901893
2026-09-17 08:18:01,7750.0,7820.75,Call GEX 4,GEX,78653.076,7551.68471901893,7551.68471901893
2026-09-17 08:18:01,8000.0,8073.0,Call GEX 5,GEX,66567.22,7551.68471901893,7551.68471901893
2026-09-17 08:18:40,5000.0,5045.0,Call DEX 3,DEX,286.532,7551.68471901893,7551.68471901893
2026-09-17 08:18:40,6000.0,6054.0,Call DEX 2,DEX,1145.744,7551.68471901893,7551.68471901893
2026-09-17 08:18:40,7000.0,7063.0,Call CEX 1,CEX,8575710.388,7551.68471901893,7551.68471901893
2026-09-17 08:18:40,7000.0,7063.0,Call DEX 1,DEX,2780.329,7551.68471901893,7551.68471901893
2026-09-17 08:18:40,7000.0,7063.0,Call GEX 2,GEX,92668.126,7551.68471901893,7551.68471901893
2026-09-17 08:18:40,7000.0,7063.0,Call VEX 1,VEX,2917330.077,7551.68471901893,7551.68471901893
2026-09-17 08:18:40,7300.0,7365.75,Call CEX 5,CEX,1878836.483,7551.68471901893,7551.68471901893
2026-09-17 08:18:40,7300.0,7365.75,Call DEX 4,DEX,237.806,7551.68471901893,7551.68471901893
2026-09-17 08:18:40,7300.0,7365.75,Call VEX 5,VEX,640822.243,7551.68471901893,7551.68471901893
2026-09-17 08:18:40,7400.0,7466.5,Call CEX 4,CEX,3426587.772,7551.68471901893,7551.68471901893
2026-09-17 08:18:40,7400.0,7466.5,Put GEX 4,GEX,-125622.801,7551.68471901893,7551.68471901893
2026-09-17 08:18:40,7400.0,7466.5,Call VEX 4,VEX,1185746.733,7551.68471901893,7551.68471901893
2026-09-17 08:18:40,7450.0,7517.0,Call CEX 3,CEX,4178433.641,7551.68471901893,7551.68471901893
2026-09-17 08:18:40,7450.0,7517.0,Call DEX 5,DEX,234.444,7551.68471901893,7551.68471901893
2026-09-17 08:18:40,7450.0,7517.0,Put GEX 5,GEX,-118001.047,7551.68471901893,7551.68471901893
2026-09-17 08:18:40,7450.0,7517.0,Call VEX 3,VEX,1435739.256,7551.68471901893,7551.68471901893
2026-09-17 08:18:40,7500.0,7567.5,Call CEX 2,CEX,4202435.25,7551.68471901893,7551.68471901893
2026-09-17 08:18:40,7500.0,7567.5,Put GEX 2,GEX,-440572.974,7551.68471901893,7551.68471901893
2026-09-17 08:18:40,7500.0,7567.5,Call VEX 2,VEX,1538802.179,7551.68471901893,7551.68471901893
2026-09-17 08:18:40,7550.0,7618.0,Put GEX 1,GEX,-441048.894,7551.68471901893,7551.68471901893
2026-09-17 08:18:40,7600.0,7668.25,Put CEX 1,CEX,-4821552.94,7551.68471901893,7551.68471901893
2026-09-17 08:18:40,7600.0,7668.25,Put DEX 3,DEX,-229.322,7551.68471901893,7551.68471901893
2026-09-17 08:18:40,7600.0,7668.25,Put GEX 3,GEX,-150148.603,7551.68471901893,7551.68471901893
2026-09-17 08:18:40,7600.0,7668.25,Put VEX 1,VEX,-1448129.957,7551.68471901893,7551.68471901893
2026-09-17 08:18:40,7605.0,7673.5,Put CEX 5,CEX,-989879.292,7551.68471901893,7551.68471901893
2026-09-17 08:18:40,7605.0,7673.5,Put VEX 5,VEX,-298175.412,7551.68471901893,7551.68471901893
2026-09-17 08:18:40,7650.0,7718.75,Put CEX 2,CEX,-3625225.034,7551.68471901893,7551.68471901893
2026-09-17 08:18:40,7650.0,7718.75,Put DEX 2,DEX,-271.924,7551.68471901893,7551.68471901893
2026-09-17 08:18:40,7650.0,7718.75,Put VEX 2,VEX,-1117965.386,7551.68471901893,7551.68471901893
2026-09-17 08:18:40,7670.0,7739.0,Put DEX 5,DEX,-74.79,7551.68471901893,7551.68471901893
2026-09-17 08:18:40,7675.0,7744.0,Put CEX 4,CEX,-1223772.26,7551.68471901893,7551.68471901893
2026-09-17 08:18:40,7675.0,7744.0,Put DEX 4,DEX,-106.28,7551.68471901893,7551.68471901893
2026-09-17 08:18:40,7675.0,7744.0,Put VEX 4,VEX,-332275.019,7551.68471901893,7551.68471901893
2026-09-17 08:18:40,7680.0,7749.0,Call GEX 3,GEX,85503.493,7551.68471901893,7551.68471901893
2026-09-17 08:18:40,7700.0,7769.25,Put CEX 3,CEX,-2562980.099,7551.68471901893,7551.68471901893
2026-09-17 08:18:40,7700.0,7769.25,Put DEX 1,DEX,-447.39,7551.68471901893,7551.68471901893
2026-09-17 08:18:40,7700.0,7769.25,Call GEX 1,GEX,182645.606,7551.68471901893,7551.68471901893
2026-09-17 08:18:40,7700.0,7769.25,Put VEX 3,VEX,-812420.1,7551.68471901893,7551.68471901893
2026-09-17 08:18:40,7750.0,7819.75,Call GEX 4,GEX,78653.076,7551.68471901893,7551.68471901893
2026-09-17 08:18:40,8000.0,8072.0,Call GEX 5,GEX,66567.22,7551.68471901893,7551.68471901893
2026-09-17 08:19:17,5000.0,5045.0,Call DEX 3,DEX,286.532,7551.68471901893,7551.68471901893
2026-09-17 08:19:17,6000.0,6054.0,Call DEX 2,DEX,1145.744,7551.68471901893,7551.68471901893
2026-09-17 08:19:17,7000.0,7063.0,Call CEX 1,CEX,8575710.388,7551.68471901893,7551.68471901893
2026-09-17 08:19:17,7000.0,7063.0,Call DEX 1,DEX,2780.329,7551.68471901893,7551.68471901893
2026-09-17 08:19:17,7000.0,7063.0,Call GEX 2,GEX,92668.126,7551.68471901893,7551.68471901893
2026-09-17 08:19:17,7000.0,7063.0,Call VEX 1,VEX,2917330.077,7551.68471901893,7551.68471901893
2026-09-17 08:19:17,7300.0,7365.75,Call CEX 5,CEX,1878836.483,7551.68471901893,7551.68471901893
2026-09-17 08:19:17,7300.0,7365.75,Call DEX 4,DEX,237.806,7551.68471901893,7551.68471901893
2026-09-17 08:19:17,7300.0,7365.75,Call VEX 5,VEX,640822.243,7551.68471901893,7551.68471901893
2026-09-17 08:19:17,7400.0,7466.5,Call CEX 4,CEX,3426587.772,7551.68471901893,7551.68471901893
2026-09-17 08:19:17,7400.0,7466.5,Put GEX 4,GEX,-125622.801,7551.68471901893,7551.68471901893
2026-09-17 08:19:17,7400.0,7466.5,Call VEX 4,VEX,1185746.733,7551.68471901893,7551.68471901893
2026-09-17 08:19:17,7450.0,7517.0,Call CEX 3,CEX,4178433.641,7551.68471901893,7551.68471901893
2026-09-17 08:19:17,7450.0,7517.0,Call DEX 5,DEX,234.444,7551.68471901893,7551.68471901893
2026-09-17 08:19:17,7450.0,7517.0,Put GEX 5,GEX,-118001.047,7551.68471901893,7551.68471901893
2026-09-17 08:19:17,7450.0,7517.0,Call VEX 3,VEX,1435739.256,7551.68471901893,7551.68471901893
2026-09-17 08:19:17,7500.0,7567.5,Call CEX 2,CEX,4202435.25,7551.68471901893,7551.68471901893
2026-09-17 08:19:17,7500.0,7567.5,Put GEX 2,GEX,-440572.974,7551.68471901893,7551.68471901893
2026-09-17 08:19:17,7500.0,7567.5,Call VEX 2,VEX,1538802.179,7551.68471901893,7551.68471901893
2026-09-17 08:19:17,7550.0,7618.0,Put GEX 1,GEX,-441048.894,7551.68471901893,7551.68471901893
2026-09-17 08:19:17,7600.0,7668.25,Put CEX 1,CEX,-4821552.94,7551.68471901893,7551.68471901893
2026-09-17 08:19:17,7600.0,7668.25,Put DEX 3,DEX,-229.322,7551.68471901893,7551.68471901893
2026-09-17 08:19:17,7600.0,7668.25,Put GEX 3,GEX,-150148.603,7551.68471901893,7551.68471901893
2026-09-17 08:19:17,7600.0,7668.25,Put VEX 1,VEX,-1448129.957,7551.68471901893,7551.68471901893
2026-09-17 08:19:17,7605.0,7673.5,Put CEX 5,CEX,-989879.292,7551.68471901893,7551.68471901893
2026-09-17 08:19:17,7605.0,7673.5,Put VEX 5,VEX,-298175.412,7551.68471901893,7551.68471901893
2026-09-17 08:19:17,7650.0,7718.75,Put CEX 2,CEX,-3625225.034,7551.68471901893,7551.68471901893
2026-09-17 08:19:17,7650.0,7718.75,Put DEX 2,DEX,-271.924,7551.68471901893,7551.68471901893
2026-09-17 08:19:17,7650.0,7718.75,Put VEX 2,VEX,-1117965.386,7551.68471901893,7551.68471901893
2026-09-17 08:19:17,7670.0,7739.0,Put DEX 5,DEX,-74.79,7551.68471901893,7551.68471901893
2026-09-17 08:19:17,7675.0,7744.0,Put CEX 4,CEX,-1223772.26,7551.68471901893,7551.68471901893
2026-09-17 08:19:17,7675.0,7744.0,Put DEX 4,DEX,-106.28,7551.68471901893,7551.68471901893
2026-09-17 08:19:17,7675.0,7744.0,Put VEX 4,VEX,-332275.019,7551.68471901893,7551.68471901893
2026-09-17 08:19:17,7680.0,7749.0,Call GEX 3,GEX,85503.493,7551.68471901893,7551.68471901893
2026-09-17 08:19:17,7700.0,7769.25,Put CEX 3,CEX,-2562980.099,7551.68471901893,7551.68471901893
2026-09-17 08:19:17,7700.0,7769.25,Put DEX 1,DEX,-447.39,7551.68471901893,7551.68471901893
2026-09-17 08:19:17,7700.0,7769.25,Call GEX 1,GEX,182645.606,7551.68471901893,7551.68471901893
2026-09-17 08:19:17,7700.0,7769.25,Put VEX 3,VEX,-812420.1,7551.68471901893,7551.68471901893
2026-09-17 08:19:17,7750.0,7819.75,Call GEX 4,GEX,78653.076,7551.68471901893,7551.68471901893
2026-09-17 08:19:17,8000.0,8072.0,Call GEX 5,GEX,66567.22,7551.68471901893,7551.68471901893
2026-09-17 08:19:55,5000.0,5044.75,Call DEX 3,DEX,286.532,7551.68471901893,7551.68471901893
2026-09-17 08:19:55,6000.0,6053.75,Call DEX 2,DEX,1145.744,7551.68471901893,7551.68471901893
2026-09-17 08:19:55,7000.0,7062.75,Call CEX 1,CEX,8575710.388,7551.68471901893,7551.68471901893
2026-09-17 08:19:55,7000.0,7062.75,Call DEX 1,DEX,2780.329,7551.68471901893,7551.68471901893
2026-09-17 08:19:55,7000.0,7062.75,Call GEX 2,GEX,92668.126,7551.68471901893,7551.68471901893
2026-09-17 08:19:55,7000.0,7062.75,Call VEX 1,VEX,2917330.077,7551.68471901893,7551.68471901893
2026-09-17 08:19:55,7300.0,7365.5,Call CEX 5,CEX,1878836.483,7551.68471901893,7551.68471901893
2026-09-17 08:19:55,7300.0,7365.5,Call DEX 4,DEX,237.806,7551.68471901893,7551.68471901893
2026-09-17 08:19:55,7300.0,7365.5,Call VEX 5,VEX,640822.243,7551.68471901893,7551.68471901893
2026-09-17 08:19:55,7400.0,7466.5,Call CEX 4,CEX,3426587.772,7551.68471901893,7551.68471901893
2026-09-17 08:19:55,7400.0,7466.5,Put GEX 4,GEX,-125622.801,7551.68471901893,7551.68471901893
2026-09-17 08:19:55,7400.0,7466.5,Call VEX 4,VEX,1185746.733,7551.68471901893,7551.68471901893
2026-09-17 08:19:55,7450.0,7516.75,Call CEX 3,CEX,4178433.641,7551.68471901893,7551.68471901893
2026-09-17 08:19:55,7450.0,7516.75,Call DEX 5,DEX,234.444,7551.68471901893,7551.68471901893
2026-09-17 08:19:55,7450.0,7516.75,Put GEX 5,GEX,-118001.047,7551.68471901893,7551.68471901893
2026-09-17 08:19:55,7450.0,7516.75,Call VEX 3,VEX,1435739.256,7551.68471901893,7551.68471901893
2026-09-17 08:19:55,7500.0,7567.25,Call CEX 2,CEX,4202435.25,7551.68471901893,7551.68471901893
2026-09-17 08:19:55,7500.0,7567.25,Put GEX 2,GEX,-440572.974,7551.68471901893,7551.68471901893
2026-09-17 08:19:55,7500.0,7567.25,Call VEX 2,VEX,1538802.179,7551.68471901893,7551.68471901893
2026-09-17 08:19:55,7550.0,7617.75,Put GEX 1,GEX,-441048.894,7551.68471901893,7551.68471901893
2026-09-17 08:19:55,7600.0,7668.25,Put CEX 1,CEX,-4821552.94,7551.68471901893,7551.68471901893
2026-09-17 08:19:55,7600.0,7668.25,Put DEX 3,DEX,-229.322,7551.68471901893,7551.68471901893
2026-09-17 08:19:55,7600.0,7668.25,Put GEX 3,GEX,-150148.603,7551.68471901893,7551.68471901893
2026-09-17 08:19:55,7600.0,7668.25,Put VEX 1,VEX,-1448129.957,7551.68471901893,7551.68471901893
2026-09-17 08:19:55,7605.0,7673.25,Put CEX 5,CEX,-989879.292,7551.68471901893,7551.68471901893
2026-09-17 08:19:55,7605.0,7673.25,Put VEX 5,VEX,-298175.412,7551.68471901893,7551.68471901893
2026-09-17 08:19:55,7650.0,7718.5,Put CEX 2,CEX,-3625225.034,7551.68471901893,7551.68471901893
2026-09-17 08:19:55,7650.0,7718.5,Put DEX 2,DEX,-271.924,7551.68471901893,7551.68471901893
2026-09-17 08:19:55,7650.0,7718.5,Put VEX 2,VEX,-1117965.386,7551.68471901893,7551.68471901893
2026-09-17 08:19:55,7670.0,7738.75,Put DEX 5,DEX,-74.79,7551.68471901893,7551.68471901893
2026-09-17 08:19:55,7675.0,7743.75,Put CEX 4,CEX,-1223772.26,7551.68471901893,7551.68471901893
2026-09-17 08:19:55,7675.0,7743.75,Put DEX 4,DEX,-106.28,7551.68471901893,7551.68471901893
2026-09-17 08:19:55,7675.0,7743.75,Put VEX 4,VEX,-332275.019,7551.68471901893,7551.68471901893
2026-09-17 08:19:55,7680.0,7749.0,Call GEX 3,GEX,85503.493,7551.68471901893,7551.68471901893
2026-09-17 08:19:55,7700.0,7769.0,Put CEX 3,CEX,-2562980.099,7551.68471901893,7551.68471901893
2026-09-17 08:19:55,7700.0,7769.0,Put DEX 1,DEX,-447.39,7551.68471901893,7551.68471901893
2026-09-17 08:19:55,7700.0,7769.0,Call GEX 1,GEX,182645.606,7551.68471901893,7551.68471901893
2026-09-17 08:19:55,7700.0,7769.0,Put VEX 3,VEX,-812420.1,7551.68471901893,7551.68471901893
2026-09-17 08:19:55,7750.0,7819.5,Call GEX 4,GEX,78653.076,7551.68471901893,7551.68471901893
2026-09-17 08:19:55,8000.0,8071.75,Call GEX 5,GEX,66567.22,7551.68471901893,7551.68471901893
2026-09-17 08:20:33,5000.0,5044.75,Call DEX 3,DEX,286.532,7551.68471901893,7551.68471901893
2026-09-17 08:20:33,6000.0,6053.75,Call DEX 2,DEX,1145.744,7551.68471901893,7551.68471901893
2026-09-17 08:20:33,7000.0,7062.75,Call CEX 1,CEX,8575710.388,7551.68471901893,7551.68471901893
2026-09-17 08:20:33,7000.0,7062.75,Call DEX 1,DEX,2780.329,7551.68471901893,7551.68471901893
2026-09-17 08:20:33,7000.0,7062.75,Call GEX 2,GEX,92668.126,7551.68471901893,7551.68471901893
2026-09-17 08:20:33,7000.0,7062.75,Call VEX 1,VEX,2917330.077,7551.68471901893,7551.68471901893
2026-09-17 08:20:33,7300.0,7365.25,Call CEX 5,CEX,1878836.483,7551.68471901893,7551.68471901893
2026-09-17 08:20:33,7300.0,7365.25,Call DEX 4,DEX,237.806,7551.68471901893,7551.68471901893
2026-09-17 08:20:33,7300.0,7365.25,Call VEX 5,VEX,640822.243,7551.68471901893,7551.68471901893
2026-09-17 08:20:33,7400.0,7466.25,Call CEX 4,CEX,3426587.772,7551.68471901893,7551.68471901893
2026-09-17 08:20:33,7400.0,7466.25,Put GEX 4,GEX,-125622.801,7551.68471901893,7551.68471901893
2026-09-17 08:20:33,7400.0,7466.25,Call VEX 4,VEX,1185746.733,7551.68471901893,7551.68471901893
2026-09-17 08:20:33,7450.0,7516.75,Call CEX 3,CEX,4178433.641,7551.68471901893,7551.68471901893
2026-09-17 08:20:33,7450.0,7516.75,Call DEX 5,DEX,234.444,7551.68471901893,7551.68471901893
2026-09-17 08:20:33,7450.0,7516.75,Put GEX 5,GEX,-118001.047,7551.68471901893,7551.68471901893
2026-09-17 08:20:33,7450.0,7516.75,Call VEX 3,VEX,1435739.256,7551.68471901893,7551.68471901893
2026-09-17 08:20:33,7500.0,7567.25,Call CEX 2,CEX,4202435.25,7551.68471901893,7551.68471901893
2026-09-17 08:20:33,7500.0,7567.25,Put GEX 2,GEX,-440572.974,7551.68471901893,7551.68471901893
2026-09-17 08:20:33,7500.0,7567.25,Call VEX 2,VEX,1538802.179,7551.68471901893,7551.68471901893
2026-09-17 08:20:33,7550.0,7617.5,Put GEX 1,GEX,-441048.894,7551.68471901893,7551.68471901893
2026-09-17 08:20:33,7600.0,7668.0,Put CEX 1,CEX,-4821552.94,7551.68471901893,7551.68471901893
2026-09-17 08:20:33,7600.0,7668.0,Put DEX 3,DEX,-229.322,7551.68471901893,7551.68471901893
2026-09-17 08:20:33,7600.0,7668.0,Put GEX 3,GEX,-150148.603,7551.68471901893,7551.68471901893
2026-09-17 08:20:33,7600.0,7668.0,Put VEX 1,VEX,-1448129.957,7551.68471901893,7551.68471901893
2026-09-17 08:20:33,7605.0,7673.0,Put CEX 5,CEX,-989879.292,7551.68471901893,7551.68471901893
2026-09-17 08:20:33,7605.0,7673.0,Put VEX 5,VEX,-298175.412,7551.68471901893,7551.68471901893
2026-09-17 08:20:33,7650.0,7718.5,Put CEX 2,CEX,-3625225.034,7551.68471901893,7551.68471901893
2026-09-17 08:20:33,7650.0,7718.5,Put DEX 2,DEX,-271.924,7551.68471901893,7551.68471901893
2026-09-17 08:20:33,7650.0,7718.5,Put VEX 2,VEX,-1117965.386,7551.68471901893,7551.68471901893
2026-09-17 08:20:33,7670.0,7738.75,Put DEX 5,DEX,-74.79,7551.68471901893,7551.68471901893
2026-09-17 08:20:33,7675.0,7743.75,Put CEX 4,CEX,-1223772.26,7551.68471901893,7551.68471901893
2026-09-17 08:20:33,7675.0,7743.75,Put DEX 4,DEX,-106.28,7551.68471901893,7551.68471901893
2026-09-17 08:20:33,7675.0,7743.75,Put VEX 4,VEX,-332275.019,7551.68471901893,7551.68471901893
2026-09-17 08:20:33,7680.0,7748.75,Call GEX 3,GEX,85503.493,7551.68471901893,7551.68471901893
2026-09-17 08:20:33,7700.0,7769.0,Put CEX 3,CEX,-2562980.099,7551.68471901893,7551.68471901893
2026-09-17 08:20:33,7700.0,7769.0,Put DEX 1,DEX,-447.39,7551.68471901893,7551.68471901893
2026-09-17 08:20:33,7700.0,7769.0,Call GEX 1,GEX,182645.606,7551.68471901893,7551.68471901893
2026-09-17 08:20:33,7700.0,7769.0,Put VEX 3,VEX,-812420.1,7551.68471901893,7551.68471901893
2026-09-17 08:20:33,7750.0,7819.25,Call GEX 4,GEX,78653.076,7551.68471901893,7551.68471901893
2026-09-17 08:20:33,8000.0,8071.5,Call GEX 5,GEX,66567.22,7551.68471901893,7551.68471901893
2026-09-17 08:21:12,5000.0,5045.0,Call DEX 3,DEX,286.532,7551.68471901893,7551.68471901893
2026-09-17 08:21:12,6000.0,6054.0,Call DEX 2,DEX,1145.744,7551.68471901893,7551.68471901893
2026-09-17 08:21:12,7000.0,7063.0,Call CEX 1,CEX,8575710.388,7551.68471901893,7551.68471901893
2026-09-17 08:21:12,7000.0,7063.0,Call DEX 1,DEX,2780.329,7551.68471901893,7551.68471901893
2026-09-17 08:21:12,7000.0,7063.0,Call GEX 2,GEX,92668.126,7551.68471901893,7551.68471901893
2026-09-17 08:21:12,7000.0,7063.0,Call VEX 1,VEX,2917330.077,7551.68471901893,7551.68471901893
2026-09-17 08:21:12,7300.0,7365.75,Call CEX 5,CEX,1878836.483,7551.68471901893,7551.68471901893
2026-09-17 08:21:12,7300.0,7365.75,Call DEX 4,DEX,237.806,7551.68471901893,7551.68471901893
2026-09-17 08:21:12,7300.0,7365.75,Call VEX 5,VEX,640822.243,7551.68471901893,7551.68471901893
2026-09-17 08:21:12,7400.0,7466.5,Call CEX 4,CEX,3426587.772,7551.68471901893,7551.68471901893
2026-09-17 08:21:12,7400.0,7466.5,Put GEX 4,GEX,-125622.801,7551.68471901893,7551.68471901893
2026-09-17 08:21:12,7400.0,7466.5,Call VEX 4,VEX,1185746.733,7551.68471901893,7551.68471901893
2026-09-17 08:21:12,7450.0,7517.0,Call CEX 3,CEX,4178433.641,7551.68471901893,7551.68471901893
2026-09-17 08:21:12,7450.0,7517.0,Call DEX 5,DEX,234.444,7551.68471901893,7551.68471901893
2026-09-17 08:21:12,7450.0,7517.0,Put GEX 5,GEX,-118001.047,7551.68471901893,7551.68471901893
2026-09-17 08:21:12,7450.0,7517.0,Call VEX 3,VEX,1435739.256,7551.68471901893,7551.68471901893
2026-09-17 08:21:12,7500.0,7567.5,Call CEX 2,CEX,4202435.25,7551.68471901893,7551.68471901893
2026-09-17 08:21:12,7500.0,7567.5,Put GEX 2,GEX,-440572.974,7551.68471901893,7551.68471901893
2026-09-17 08:21:12,7500.0,7567.5,Call VEX 2,VEX,1538802.179,7551.68471901893,7551.68471901893
2026-09-17 08:21:12,7550.0,7618.0,Put GEX 1,GEX,-441048.894,7551.68471901893,7551.68471901893
2026-09-17 08:21:12,7600.0,7668.25,Put CEX 1,CEX,-4821552.94,7551.68471901893,7551.68471901893
2026-09-17 08:21:12,7600.0,7668.25,Put DEX 3,DEX,-229.322,7551.68471901893,7551.68471901893
2026-09-17 08:21:12,7600.0,7668.25,Put GEX 3,GEX,-150148.603,7551.68471901893,7551.68471901893
2026-09-17 08:21:12,7600.0,7668.25,Put VEX 1,VEX,-1448129.957,7551.68471901893,7551.68471901893
2026-09-17 08:21:12,7605.0,7673.5,Put CEX 5,CEX,-989879.292,7551.68471901893,7551.68471901893
2026-09-17 08:21:12,7605.0,7673.5,Put VEX 5,VEX,-298175.412,7551.68471901893,7551.68471901893
2026-09-17 08:21:12,7650.0,7718.75,Put CEX 2,CEX,-3625225.034,7551.68471901893,7551.68471901893
2026-09-17 08:21:12,7650.0,7718.75,Put DEX 2,DEX,-271.924,7551.68471901893,7551.68471901893
2026-09-17 08:21:12,7650.0,7718.75,Put VEX 2,VEX,-1117965.386,7551.68471901893,7551.68471901893
2026-09-17 08:21:12,7670.0,7739.0,Put DEX 5,DEX,-74.79,7551.68471901893,7551.68471901893
2026-09-17 08:21:12,7675.0,7744.0,Put CEX 4,CEX,-1223772.26,7551.68471901893,7551.68471901893
2026-09-17 08:21:12,7675.0,7744.0,Put DEX 4,DEX,-106.28,7551.68471901893,7551.68471901893
2026-09-17 08:21:12,7675.0,7744.0,Put VEX 4,VEX,-332275.019,7551.68471901893,7551.68471901893
2026-09-17 08:21:12,7680.0,7749.0,Call GEX 3,GEX,85503.493,7551.68471901893,7551.68471901893
2026-09-17 08:21:12,7700.0,7769.25,Put CEX 3,CEX,-2562980.099,7551.68471901893,7551.68471901893
2026-09-17 08:21:12,7700.0,7769.25,Put DEX 1,DEX,-447.39,7551.68471901893,7551.68471901893
2026-09-17 08:21:12,7700.0,7769.25,Call GEX 1,GEX,182645.606,7551.68471901893,7551.68471901893
2026-09-17 08:21:12,7700.0,7769.25,Put VEX 3,VEX,-812420.1,7551.68471901893,7551.68471901893
2026-09-17 08:21:12,7750.0,7819.75,Call GEX 4,GEX,78653.076,7551.68471901893,7551.68471901893
2026-09-17 08:21:12,8000.0,8072.0,Call GEX 5,GEX,66567.22,7551.68471901893,7551.68471901893
2026-09-17 08:21:53,5000.0,5045.0,Call DEX 3,DEX,286.532,7551.68471901893,7551.68471901893
2026-09-17 08:21:53,6000.0,6054.0,Call DEX 2,DEX,1145.744,7551.68471901893,7551.68471901893
2026-09-17 08:21:53,7000.0,7063.0,Call CEX 1,CEX,8575710.388,7551.68471901893,7551.68471901893
2026-09-17 08:21:53,7000.0,7063.0,Call DEX 1,DEX,2780.329,7551.68471901893,7551.68471901893
2026-09-17 08:21:53,7000.0,7063.0,Call GEX 2,GEX,92668.126,7551.68471901893,7551.68471901893
2026-09-17 08:21:53,7000.0,7063.0,Call VEX 1,VEX,2917330.077,7551.68471901893,7551.68471901893
2026-09-17 08:21:53,7300.0,7365.75,Call CEX 5,CEX,1878836.483,7551.68471901893,7551.68471901893
2026-09-17 08:21:53,7300.0,7365.75,Call DEX 4,DEX,237.806,7551.68471901893,7551.68471901893
2026-09-17 08:21:53,7300.0,7365.75,Call VEX 5,VEX,640822.243,7551.68471901893,7551.68471901893
2026-09-17 08:21:53,7400.0,7466.5,Call CEX 4,CEX,3426587.772,7551.68471901893,7551.68471901893
2026-09-17 08:21:53,7400.0,7466.5,Put GEX 4,GEX,-125622.801,7551.68471901893,7551.68471901893
2026-09-17 08:21:53,7400.0,7466.5,Call VEX 4,VEX,1185746.733,7551.68471901893,7551.68471901893
2026-09-17 08:21:53,7450.0,7517.0,Call CEX 3,CEX,4178433.641,7551.68471901893,7551.68471901893
2026-09-17 08:21:53,7450.0,7517.0,Call DEX 5,DEX,234.444,7551.68471901893,7551.68471901893
2026-09-17 08:21:53,7450.0,7517.0,Put GEX 5,GEX,-118001.047,7551.68471901893,7551.68471901893
2026-09-17 08:21:53,7450.0,7517.0,Call VEX 3,VEX,1435739.256,7551.68471901893,7551.68471901893
2026-09-17 08:21:53,7500.0,7567.5,Call CEX 2,CEX,4202435.25,7551.68471901893,7551.68471901893
2026-09-17 08:21:53,7500.0,7567.5,Put GEX 2,GEX,-440572.974,7551.68471901893,7551.68471901893
2026-09-17 08:21:53,7500.0,7567.5,Call VEX 2,VEX,1538802.179,7551.68471901893,7551.68471901893
2026-09-17 08:21:53,7550.0,7618.0,Put GEX 1,GEX,-441048.894,7551.68471901893,7551.68471901893
2026-09-17 08:21:53,7600.0,7668.5,Put CEX 1,CEX,-4821552.94,7551.68471901893,7551.68471901893
2026-09-17 08:21:53,7600.0,7668.5,Put DEX 3,DEX,-229.322,7551.68471901893,7551.68471901893
2026-09-17 08:21:53,7600.0,7668.5,Put GEX 3,GEX,-150148.603,7551.68471901893,7551.68471901893
2026-09-17 08:21:53,7600.0,7668.5,Put VEX 1,VEX,-1448129.957,7551.68471901893,7551.68471901893
2026-09-17 08:21:53,7605.0,7673.5,Put CEX 5,CEX,-989879.292,7551.68471901893,7551.68471901893
2026-09-17 08:21:53,7605.0,7673.5,Put VEX 5,VEX,-298175.412,7551.68471901893,7551.68471901893
2026-09-17 08:21:53,7650.0,7718.75,Put CEX 2,CEX,-3625225.034,7551.68471901893,7551.68471901893
2026-09-17 08:21:53,7650.0,7718.75,Put DEX 2,DEX,-271.924,7551.68471901893,7551.68471901893
2026-09-17 08:21:53,7650.0,7718.75,Put VEX 2,VEX,-1117965.386,7551.68471901893,7551.68471901893
2026-09-17 08:21:53,7670.0,7739.0,Put DEX 5,DEX,-74.79,7551.68471901893,7551.68471901893
2026-09-17 08:21:53,7675.0,7744.0,Put CEX 4,CEX,-1223772.26,7551.68471901893,7551.68471901893
2026-09-17 08:21:53,7675.0,7744.0,Put DEX 4,DEX,-106.28,7551.68471901893,7551.68471901893
2026-09-17 08:21:53,7675.0,7744.0,Put VEX 4,VEX,-332275.019,7551.68471901893,7551.68471901893
2026-09-17 08:21:53,7680.0,7749.0,Call GEX 3,GEX,85503.493,7551.68471901893,7551.68471901893
2026-09-17 08:21:53,7700.0,7769.25,Put CEX 3,CEX,-2562980.099,7551.68471901893,7551.68471901893
2026-09-17 08:21:53,7700.0,7769.25,Put DEX 1,DEX,-447.39,7551.68471901893,7551.68471901893
2026-09-17 08:21:53,7700.0,7769.25,Call GEX 1,GEX,182645.606,7551.68471901893,7551.68471901893
2026-09-17 08:21:53,7700.0,7769.25,Put VEX 3,VEX,-812420.1,7551.68471901893,7551.68471901893
2026-09-17 08:21:53,7750.0,7819.75,Call GEX 4,GEX,78653.076,7551.68471901893,7551.68471901893
2026-09-17 08:21:53,8000.0,8072.0,Call GEX 5,GEX,66567.22,7551.68471901893,7551.68471901893
2026-09-17 08:22:35,5000.0,5045.0,Call DEX 3,DEX,286.532,7551.68471901893,7551.68471901893
2026-09-17 08:22:35,6000.0,6054.0,Call DEX 2,DEX,1145.744,7551.68471901893,7551.68471901893
2026-09-17 08:22:35,7000.0,7063.0,Call CEX 1,CEX,8575710.388,7551.68471901893,7551.68471901893
2026-09-17 08:22:35,7000.0,7063.0,Call DEX 1,DEX,2780.329,7551.68471901893,7551.68471901893
2026-09-17 08:22:35,7000.0,7063.0,Call GEX 2,GEX,92668.126,7551.68471901893,7551.68471901893
2026-09-17 08:22:35,7000.0,7063.0,Call VEX 1,VEX,2917330.077,7551.68471901893,7551.68471901893
2026-09-17 08:22:35,7300.0,7365.75,Call CEX 5,CEX,1878836.483,7551.68471901893,7551.68471901893
2026-09-17 08:22:35,7300.0,7365.75,Call DEX 4,DEX,237.806,7551.68471901893,7551.68471901893
2026-09-17 08:22:35,7300.0,7365.75,Call VEX 5,VEX,640822.243,7551.68471901893,7551.68471901893
2026-09-17 08:22:35,7400.0,7466.5,Call CEX 4,CEX,3426587.772,7551.68471901893,7551.68471901893
2026-09-17 08:22:35,7400.0,7466.5,Put GEX 4,GEX,-125622.801,7551.68471901893,7551.68471901893
2026-09-17 08:22:35,7400.0,7466.5,Call VEX 4,VEX,1185746.733,7551.68471901893,7551.68471901893
2026-09-17 08:22:35,7450.0,7517.0,Call CEX 3,CEX,4178433.641,7551.68471901893,7551.68471901893
2026-09-17 08:22:35,7450.0,7517.0,Call DEX 5,DEX,234.444,7551.68471901893,7551.68471901893
2026-09-17 08:22:35,7450.0,7517.0,Put GEX 5,GEX,-118001.047,7551.68471901893,7551.68471901893
2026-09-17 08:22:35,7450.0,7517.0,Call VEX 3,VEX,1435739.256,7551.68471901893,7551.68471901893
2026-09-17 08:22:35,7500.0,7567.5,Call CEX 2,CEX,4202435.25,7551.68471901893,7551.68471901893
2026-09-17 08:22:35,7500.0,7567.5,Put GEX 2,GEX,-440572.974,7551.68471901893,7551.68471901893
2026-09-17 08:22:35,7500.0,7567.5,Call VEX 2,VEX,1538802.179,7551.68471901893,7551.68471901893
2026-09-17 08:22:35,7550.0,7618.0,Put GEX 1,GEX,-441048.894,7551.68471901893,7551.68471901893
2026-09-17 08:22:35,7600.0,7668.25,Put CEX 1,CEX,-4821552.94,7551.68471901893,7551.68471901893
2026-09-17 08:22:35,7600.0,7668.25,Put DEX 3,DEX,-229.322,7551.68471901893,7551.68471901893
2026-09-17 08:22:35,7600.0,7668.25,Put GEX 3,GEX,-150148.603,7551.68471901893,7551.68471901893
2026-09-17 08:22:35,7600.0,7668.25,Put VEX 1,VEX,-1448129.957,7551.68471901893,7551.68471901893
2026-09-17 08:22:35,7605.0,7673.5,Put CEX 5,CEX,-989879.292,7551.68471901893,7551.68471901893
2026-09-17 08:22:35,7605.0,7673.5,Put VEX 5,VEX,-298175.412,7551.68471901893,7551.68471901893
2026-09-17 08:22:35,7650.0,7718.75,Put CEX 2,CEX,-3625225.034,7551.68471901893,7551.68471901893
2026-09-17 08:22:35,7650.0,7718.75,Put DEX 2,DEX,-271.924,7551.68471901893,7551.68471901893
2026-09-17 08:22:35,7650.0,7718.75,Put VEX 2,VEX,-1117965.386,7551.68471901893,7551.68471901893
2026-09-17 08:22:35,7670.0,7739.0,Put DEX 5,DEX,-74.79,7551.68471901893,7551.68471901893
2026-09-17 08:22:35,7675.0,7744.0,Put CEX 4,CEX,-1223772.26,7551.68471901893,7551.68471901893
2026-09-17 08:22:35,7675.0,7744.0,Put DEX 4,DEX,-106.28,7551.68471901893,7551.68471901893
2026-09-17 08:22:35,7675.0,7744.0,Put VEX 4,VEX,-332275.019,7551.68471901893,7551.68471901893
2026-09-17 08:22:35,7680.0,7749.0,Call GEX 3,GEX,85503.493,7551.68471901893,7551.68471901893
2026-09-17 08:22:35,7700.0,7769.25,Put CEX 3,CEX,-2562980.099,7551.68471901893,7551.68471901893
2026-09-17 08:22:35,7700.0,7769.25,Put DEX 1,DEX,-447.39,7551.68471901893,7551.68471901893
2026-09-17 08:22:35,7700.0,7769.25,Call GEX 1,GEX,182645.606,7551.68471901893,7551.68471901893
2026-09-17 08:22:35,7700.0,7769.25,Put VEX 3,VEX,-812420.1,7551.68471901893,7551.68471901893
2026-09-17 08:22:35,7750.0,7819.75,Call GEX 4,GEX,78653.076,7551.68471901893,7551.68471901893
2026-09-17 08:22:35,8000.0,8072.0,Call GEX 5,GEX,66567.22,7551.68471901893,7551.68471901893
2026-09-17 08:23:17,5000.0,5044.25,Call DEX 3,DEX,286.532,7551.68471901893,7551.68471901893
2026-09-17 08:23:17,6000.0,6053.25,Call DEX 2,DEX,1145.744,7551.68471901893,7551.68471901893
2026-09-17 08:23:17,7000.0,7062.0,Call CEX 1,CEX,8575710.388,7551.68471901893,7551.68471901893
2026-09-17 08:23:17,7000.0,7062.0,Call DEX 1,DEX,2780.329,7551.68471901893,7551.68471901893
2026-09-17 08:23:17,7000.0,7062.0,Call GEX 2,GEX,92668.126,7551.68471901893,7551.68471901893
2026-09-17 08:23:17,7000.0,7062.0,Call VEX 1,VEX,2917330.077,7551.68471901893,7551.68471901893
2026-09-17 08:23:17,7300.0,7364.75,Call CEX 5,CEX,1878836.483,7551.68471901893,7551.68471901893
2026-09-17 08:23:17,7300.0,7364.75,Call DEX 4,DEX,237.806,7551.68471901893,7551.68471901893
2026-09-17 08:23:17,7300.0,7364.75,Call VEX 5,VEX,640822.243,7551.68471901893,7551.68471901893
2026-09-17 08:23:17,7400.0,7465.5,Call CEX 4,CEX,3426587.772,7551.68471901893,7551.68471901893
2026-09-17 08:23:17,7400.0,7465.5,Put GEX 4,GEX,-125622.801,7551.68471901893,7551.68471901893
2026-09-17 08:23:17,7400.0,7465.5,Call VEX 4,VEX,1185746.733,7551.68471901893,7551.68471901893
2026-09-17 08:23:17,7450.0,7516.0,Call CEX 3,CEX,4178433.641,7551.68471901893,7551.68471901893
2026-09-17 08:23:17,7450.0,7516.0,Call DEX 5,DEX,234.444,7551.68471901893,7551.68471901893
2026-09-17 08:23:17,7450.0,7516.0,Put GEX 5,GEX,-118001.047,7551.68471901893,7551.68471901893
2026-09-17 08:23:17,7450.0,7516.0,Call VEX 3,VEX,1435739.256,7551.68471901893,7551.68471901893
2026-09-17 08:23:17,7500.0,7566.5,Call CEX 2,CEX,4202435.25,7551.68471901893,7551.68471901893
2026-09-17 08:23:17,7500.0,7566.5,Put GEX 2,GEX,-440572.974,7551.68471901893,7551.68471901893
2026-09-17 08:23:17,7500.0,7566.5,Call VEX 2,VEX,1538802.179,7551.68471901893,7551.68471901893
2026-09-17 08:23:17,7550.0,7617.0,Put GEX 1,GEX,-441048.894,7551.68471901893,7551.68471901893
2026-09-17 08:23:17,7600.0,7667.5,Put CEX 1,CEX,-4821552.94,7551.68471901893,7551.68471901893
2026-09-17 08:23:17,7600.0,7667.5,Put DEX 3,DEX,-229.322,7551.68471901893,7551.68471901893
2026-09-17 08:23:17,7600.0,7667.5,Put GEX 3,GEX,-150148.603,7551.68471901893,7551.68471901893
2026-09-17 08:23:17,7600.0,7667.5,Put VEX 1,VEX,-1448129.957,7551.68471901893,7551.68471901893
2026-09-17 08:23:17,7605.0,7672.5,Put CEX 5,CEX,-989879.292,7551.68471901893,7551.68471901893
2026-09-17 08:23:17,7605.0,7672.5,Put VEX 5,VEX,-298175.412,7551.68471901893,7551.68471901893
2026-09-17 08:23:17,7650.0,7717.75,Put CEX 2,CEX,-3625225.034,7551.68471901893,7551.68471901893
2026-09-17 08:23:17,7650.0,7717.75,Put DEX 2,DEX,-271.924,7551.68471901893,7551.68471901893
2026-09-17 08:23:17,7650.0,7717.75,Put VEX 2,VEX,-1117965.386,7551.68471901893,7551.68471901893
2026-09-17 08:23:17,7670.0,7738.0,Put DEX 5,DEX,-74.79,7551.68471901893,7551.68471901893
2026-09-17 08:23:17,7675.0,7743.0,Put CEX 4,CEX,-1223772.26,7551.68471901893,7551.68471901893
2026-09-17 08:23:17,7675.0,7743.0,Put DEX 4,DEX,-106.28,7551.68471901893,7551.68471901893
2026-09-17 08:23:17,7675.0,7743.0,Put VEX 4,VEX,-332275.019,7551.68471901893,7551.68471901893
2026-09-17 08:23:17,7680.0,7748.0,Call GEX 3,GEX,85503.493,7551.68471901893,7551.68471901893
2026-09-17 08:23:17,7700.0,7768.25,Put CEX 3,CEX,-2562980.099,7551.68471901893,7551.68471901893
2026-09-17 08:23:17,7700.0,7768.25,Put DEX 1,DEX,-447.39,7551.68471901893,7551.68471901893
2026-09-17 08:23:17,7700.0,7768.25,Call GEX 1,GEX,182645.606,7551.68471901893,7551.68471901893
2026-09-17 08:23:17,7700.0,7768.25,Put VEX 3,VEX,-812420.1,7551.68471901893,7551.68471901893
2026-09-17 08:23:17,7750.0,7818.75,Call GEX 4,GEX,78653.076,7551.68471901893,7551.68471901893
2026-09-17 08:23:17,8000.0,8071.0,Call GEX 5,GEX,66567.22,7551.68471901893,7551.68471901893
2026-09-17 08:24:39,5000.0,5044.75,Call DEX 3,DEX,286.532,7551.68471901893,7551.68471901893
2026-09-17 08:24:39,6000.0,6053.5,Call DEX 2,DEX,1145.744,7551.68471901893,7551.68471901893
2026-09-17 08:24:39,7000.0,7062.5,Call CEX 1,CEX,8575710.388,7551.68471901893,7551.68471901893
2026-09-17 08:24:39,7000.0,7062.5,Call DEX 1,DEX,2780.329,7551.68471901893,7551.68471901893
2026-09-17 08:24:39,7000.0,7062.5,Call GEX 2,GEX,92668.126,7551.68471901893,7551.68471901893
2026-09-17 08:24:39,7000.0,7062.5,Call VEX 1,VEX,2917330.077,7551.68471901893,7551.68471901893
2026-09-17 08:24:39,7300.0,7365.25,Call CEX 5,CEX,1878836.483,7551.68471901893,7551.68471901893
2026-09-17 08:24:39,7300.0,7365.25,Call DEX 4,DEX,237.806,7551.68471901893,7551.68471901893
2026-09-17 08:24:39,7300.0,7365.25,Call VEX 5,VEX,640822.243,7551.68471901893,7551.68471901893
2026-09-17 08:24:39,7400.0,7466.0,Call CEX 4,CEX,3426587.772,7551.68471901893,7551.68471901893
2026-09-17 08:24:39,7400.0,7466.0,Put GEX 4,GEX,-125622.801,7551.68471901893,7551.68471901893
2026-09-17 08:24:39,7400.0,7466.0,Call VEX 4,VEX,1185746.733,7551.68471901893,7551.68471901893
2026-09-17 08:24:39,7450.0,7516.5,Call CEX 3,CEX,4178433.641,7551.68471901893,7551.68471901893
2026-09-17 08:24:39,7450.0,7516.5,Call DEX 5,DEX,234.444,7551.68471901893,7551.68471901893
2026-09-17 08:24:39,7450.0,7516.5,Put GEX 5,GEX,-118001.047,7551.68471901893,7551.68471901893
2026-09-17 08:24:39,7450.0,7516.5,Call VEX 3,VEX,1435739.256,7551.68471901893,7551.68471901893
2026-09-17 08:24:39,7500.0,7567.0,Call CEX 2,CEX,4202435.25,7551.68471901893,7551.68471901893
2026-09-17 08:24:39,7500.0,7567.0,Put GEX 2,GEX,-440572.974,7551.68471901893,7551.68471901893
2026-09-17 08:24:39,7500.0,7567.0,Call VEX 2,VEX,1538802.179,7551.68471901893,7551.68471901893
2026-09-17 08:24:39,7550.0,7617.5,Put GEX 1,GEX,-441048.894,7551.68471901893,7551.68471901893
2026-09-17 08:24:39,7600.0,7667.75,Put CEX 1,CEX,-4821552.94,7551.68471901893,7551.68471901893
2026-09-17 08:24:39,7600.0,7667.75,Put DEX 3,DEX,-229.322,7551.68471901893,7551.68471901893
2026-09-17 08:24:39,7600.0,7667.75,Put GEX 3,GEX,-150148.603,7551.68471901893,7551.68471901893
2026-09-17 08:24:39,7600.0,7667.75,Put VEX 1,VEX,-1448129.957,7551.68471901893,7551.68471901893
2026-09-17 08:24:39,7605.0,7673.0,Put CEX 5,CEX,-989879.292,7551.68471901893,7551.68471901893
2026-09-17 08:24:39,7605.0,7673.0,Put VEX 5,VEX,-298175.412,7551.68471901893,7551.68471901893
2026-09-17 08:24:39,7650.0,7718.25,Put CEX 2,CEX,-3625225.034,7551.68471901893,7551.68471901893
2026-09-17 08:24:39,7650.0,7718.25,Put DEX 2,DEX,-271.924,7551.68471901893,7551.68471901893
2026-09-17 08:24:39,7650.0,7718.25,Put VEX 2,VEX,-1117965.386,7551.68471901893,7551.68471901893
2026-09-17 08:24:39,7670.0,7738.5,Put DEX 5,DEX,-74.79,7551.68471901893,7551.68471901893
2026-09-17 08:24:39,7675.0,7743.5,Put CEX 4,CEX,-1223772.26,7551.68471901893,7551.68471901893
2026-09-17 08:24:39,7675.0,7743.5,Put DEX 4,DEX,-106.28,7551.68471901893,7551.68471901893
2026-09-17 08:24:39,7675.0,7743.5,Put VEX 4,VEX,-332275.019,7551.68471901893,7551.68471901893
2026-09-17 08:24:39,7680.0,7748.5,Call GEX 3,GEX,85503.493,7551.68471901893,7551.68471901893
2026-09-17 08:24:39,7700.0,7768.75,Put CEX 3,CEX,-2562980.099,7551.68471901893,7551.68471901893
2026-09-17 08:24:39,7700.0,7768.75,Put DEX 1,DEX,-447.39,7551.68471901893,7551.68471901893
2026-09-17 08:24:39,7700.0,7768.75,Call GEX 1,GEX,182645.606,7551.68471901893,7551.68471901893
2026-09-17 08:24:39,7700.0,7768.75,Put VEX 3,VEX,-812420.1,7551.68471901893,7551.68471901893
2026-09-17 08:24:39,7750.0,7819.25,Call GEX 4,GEX,78653.076,7551.68471901893,7551.68471901893
2026-09-17 08:24:39,8000.0,8071.5,Call GEX 5,GEX,66567.22,7551.68471901893,7551.68471901893
2026-09-17 08:25:16,5000.0,5045.5,Call DEX 3,DEX,286.532,7551.68471901893,7551.68471901893
2026-09-17 08:25:16,6000.0,6054.5,Call DEX 2,DEX,1145.744,7551.68471901893,7551.68471901893
2026-09-17 08:25:16,7000.0,7063.75,Call CEX 1,CEX,8575710.388,7551.68471901893,7551.68471901893
2026-09-17 08:25:16,7000.0,7063.75,Call DEX 1,DEX,2780.329,7551.68471901893,7551.68471901893
2026-09-17 08:25:16,7000.0,7063.75,Call GEX 2,GEX,92668.126,7551.68471901893,7551.68471901893
2026-09-17 08:25:16,7000.0,7063.75,Call VEX 1,VEX,2917330.077,7551.68471901893,7551.68471901893
2026-09-17 08:25:16,7300.0,7366.5,Call CEX 5,CEX,1878836.483,7551.68471901893,7551.68471901893
2026-09-17 08:25:16,7300.0,7366.5,Call DEX 4,DEX,237.806,7551.68471901893,7551.68471901893
2026-09-17 08:25:16,7300.0,7366.5,Call VEX 5,VEX,640822.243,7551.68471901893,7551.68471901893
2026-09-17 08:25:16,7400.0,7467.25,Call CEX 4,CEX,3426587.772,7551.68471901893,7551.68471901893
2026-09-17 08:25:16,7400.0,7467.25,Put GEX 4,GEX,-125622.801,7551.68471901893,7551.68471901893
2026-09-17 08:25:16,7400.0,7467.25,Call VEX 4,VEX,1185746.733,7551.68471901893,7551.68471901893
2026-09-17 08:25:16,7450.0,7517.75,Call CEX 3,CEX,4178433.641,7551.68471901893,7551.68471901893
2026-09-17 08:25:16,7450.0,7517.75,Call DEX 5,DEX,234.444,7551.68471901893,7551.68471901893
2026-09-17 08:25:16,7450.0,7517.75,Put GEX 5,GEX,-118001.047,7551.68471901893,7551.68471901893
2026-09-17 08:25:16,7450.0,7517.75,Call VEX 3,VEX,1435739.256,7551.68471901893,7551.68471901893
2026-09-17 08:25:16,7500.0,7568.25,Call CEX 2,CEX,4202435.25,7551.68471901893,7551.68471901893
2026-09-17 08:25:16,7500.0,7568.25,Put GEX 2,GEX,-440572.974,7551.68471901893,7551.68471901893
2026-09-17 08:25:16,7500.0,7568.25,Call VEX 2,VEX,1538802.179,7551.68471901893,7551.68471901893
2026-09-17 08:25:16,7550.0,7618.75,Put GEX 1,GEX,-441048.894,7551.68471901893,7551.68471901893
2026-09-17 08:25:16,7600.0,7669.25,Put CEX 1,CEX,-4821552.94,7551.68471901893,7551.68471901893
2026-09-17 08:25:16,7600.0,7669.25,Put DEX 3,DEX,-229.322,7551.68471901893,7551.68471901893
2026-09-17 08:25:16,7600.0,7669.25,Put GEX 3,GEX,-150148.603,7551.68471901893,7551.68471901893
2026-09-17 08:25:16,7600.0,7669.25,Put VEX 1,VEX,-1448129.957,7551.68471901893,7551.68471901893
2026-09-17 08:25:16,7605.0,7674.25,Put CEX 5,CEX,-989879.292,7551.68471901893,7551.68471901893
2026-09-17 08:25:16,7605.0,7674.25,Put VEX 5,VEX,-298175.412,7551.68471901893,7551.68471901893
2026-09-17 08:25:16,7650.0,7719.5,Put CEX 2,CEX,-3625225.034,7551.68471901893,7551.68471901893
2026-09-17 08:25:16,7650.0,7719.5,Put DEX 2,DEX,-271.924,7551.68471901893,7551.68471901893
2026-09-17 08:25:16,7650.0,7719.5,Put VEX 2,VEX,-1117965.386,7551.68471901893,7551.68471901893
2026-09-17 08:25:16,7670.0,7739.75,Put DEX 5,DEX,-74.79,7551.68471901893,7551.68471901893
2026-09-17 08:25:16,7675.0,7744.75,Put CEX 4,CEX,-1223772.26,7551.68471901893,7551.68471901893
2026-09-17 08:25:16,7675.0,7744.75,Put DEX 4,DEX,-106.28,7551.68471901893,7551.68471901893
2026-09-17 08:25:16,7675.0,7744.75,Put VEX 4,VEX,-332275.019,7551.68471901893,7551.68471901893
2026-09-17 08:25:16,7680.0,7750.0,Call GEX 3,GEX,85503.493,7551.68471901893,7551.68471901893
2026-09-17 08:25:16,7700.0,7770.0,Put CEX 3,CEX,-2562980.099,7551.68471901893,7551.68471901893
2026-09-17 08:25:16,7700.0,7770.0,Put DEX 1,DEX,-447.39,7551.68471901893,7551.68471901893
2026-09-17 08:25:16,7700.0,7770.0,Call GEX 1,GEX,182645.606,7551.68471901893,7551.68471901893
2026-09-17 08:25:16,7700.0,7770.0,Put VEX 3,VEX,-812420.1,7551.68471901893,7551.68471901893
2026-09-17 08:25:16,7750.0,7820.5,Call GEX 4,GEX,78653.076,7551.68471901893,7551.68471901893
2026-09-17 08:25:16,8000.0,8072.75,Call GEX 5,GEX,66567.22,7551.68471901893,7551.68471901893
2026-09-17 08:25:54,5000.0,5045.25,Call DEX 3,DEX,286.532,7551.68471901893,7551.68471901893
2026-09-17 08:25:54,6000.0,6054.25,Call DEX 2,DEX,1145.744,7551.68471901893,7551.68471901893
2026-09-17 08:25:54,7000.0,7063.5,Call CEX 1,CEX,8575710.388,7551.68471901893,7551.68471901893
2026-09-17 08:25:54,7000.0,7063.5,Call DEX 1,DEX,2780.329,7551.68471901893,7551.68471901893
2026-09-17 08:25:54,7000.0,7063.5,Call GEX 2,GEX,92668.126,7551.68471901893,7551.68471901893
2026-09-17 08:25:54,7000.0,7063.5,Call VEX 1,VEX,2917330.077,7551.68471901893,7551.68471901893
2026-09-17 08:25:54,7300.0,7366.0,Call CEX 5,CEX,1878836.483,7551.68471901893,7551.68471901893
2026-09-17 08:25:54,7300.0,7366.0,Call DEX 4,DEX,237.806,7551.68471901893,7551.68471901893
2026-09-17 08:25:54,7300.0,7366.0,Call VEX 5,VEX,640822.243,7551.68471901893,7551.68471901893
2026-09-17 08:25:54,7400.0,7467.0,Call CEX 4,CEX,3426587.772,7551.68471901893,7551.68471901893
2026-09-17 08:25:54,7400.0,7467.0,Put GEX 4,GEX,-125622.801,7551.68471901893,7551.68471901893
2026-09-17 08:25:54,7400.0,7467.0,Call VEX 4,VEX,1185746.733,7551.68471901893,7551.68471901893
2026-09-17 08:25:54,7450.0,7517.5,Call CEX 3,CEX,4178433.641,7551.68471901893,7551.68471901893
2026-09-17 08:25:54,7450.0,7517.5,Call DEX 5,DEX,234.444,7551.68471901893,7551.68471901893
2026-09-17 08:25:54,7450.0,7517.5,Put GEX 5,GEX,-118001.047,7551.68471901893,7551.68471901893
2026-09-17 08:25:54,7450.0,7517.5,Call VEX 3,VEX,1435739.256,7551.68471901893,7551.68471901893
2026-09-17 08:25:54,7500.0,7568.0,Call CEX 2,CEX,4202435.25,7551.68471901893,7551.68471901893
2026-09-17 08:25:54,7500.0,7568.0,Put GEX 2,GEX,-440572.974,7551.68471901893,7551.68471901893
2026-09-17 08:25:54,7500.0,7568.0,Call VEX 2,VEX,1538802.179,7551.68471901893,7551.68471901893
2026-09-17 08:25:54,7550.0,7618.25,Put GEX 1,GEX,-441048.894,7551.68471901893,7551.68471901893
2026-09-17 08:25:54,7600.0,7668.75,Put CEX 1,CEX,-4821552.94,7551.68471901893,7551.68471901893
2026-09-17 08:25:54,7600.0,7668.75,Put DEX 3,DEX,-229.322,7551.68471901893,7551.68471901893
2026-09-17 08:25:54,7600.0,7668.75,Put GEX 3,GEX,-150148.603,7551.68471901893,7551.68471901893
2026-09-17 08:25:54,7600.0,7668.75,Put VEX 1,VEX,-1448129.957,7551.68471901893,7551.68471901893
2026-09-17 08:25:54,7605.0,7673.75,Put CEX 5,CEX,-989879.292,7551.68471901893,7551.68471901893
2026-09-17 08:25:54,7605.0,7673.75,Put VEX 5,VEX,-298175.412,7551.68471901893,7551.68471901893
2026-09-17 08:25:54,7650.0,7719.25,Put CEX 2,CEX,-3625225.034,7551.68471901893,7551.68471901893
2026-09-17 08:25:54,7650.0,7719.25,Put DEX 2,DEX,-271.924,7551.68471901893,7551.68471901893
2026-09-17 08:25:54,7650.0,7719.25,Put VEX 2,VEX,-1117965.386,7551.68471901893,7551.68471901893
2026-09-17 08:25:54,7670.0,7739.5,Put DEX 5,DEX,-74.79,7551.68471901893,7551.68471901893
2026-09-17 08:25:54,7675.0,7744.5,Put CEX 4,CEX,-1223772.26,7551.68471901893,7551.68471901893
2026-09-17 08:25:54,7675.0,7744.5,Put DEX 4,DEX,-106.28,7551.68471901893,7551.68471901893
2026-09-17 08:25:54,7675.0,7744.5,Put VEX 4,VEX,-332275.019,7551.68471901893,7551.68471901893
2026-09-17 08:25:54,7680.0,7749.5,Call GEX 3,GEX,85503.493,7551.68471901893,7551.68471901893
2026-09-17 08:25:54,7700.0,7769.75,Put CEX 3,CEX,-2562980.099,7551.68471901893,7551.68471901893
2026-09-17 08:25:54,7700.0,7769.75,Put DEX 1,DEX,-447.39,7551.68471901893,7551.68471901893
2026-09-17 08:25:54,7700.0,7769.75,Call GEX 1,GEX,182645.606,7551.68471901893,7551.68471901893
2026-09-17 08:25:54,7700.0,7769.75,Put VEX 3,VEX,-812420.1,7551.68471901893,7551.68471901893
2026-09-17 08:25:54,7750.0,7820.25,Call GEX 4,GEX,78653.076,7551.68471901893,7551.68471901893
2026-09-17 08:25:54,8000.0,8072.5,Call GEX 5,GEX,66567.22,7551.68471901893,7551.68471901893
2026-09-17 08:26:32,5000.0,5045.0,Call DEX 3,DEX,286.532,7551.68471901893,7551.68471901893
2026-09-17 08:26:32,6000.0,6054.0,Call DEX 2,DEX,1145.744,7551.68471901893,7551.68471901893
2026-09-17 08:26:32,7000.0,7063.0,Call CEX 1,CEX,8575710.388,7551.68471901893,7551.68471901893
2026-09-17 08:26:32,7000.0,7063.0,Call DEX 1,DEX,2780.329,7551.68471901893,7551.68471901893
2026-09-17 08:26:32,7000.0,7063.0,Call GEX 2,GEX,92668.126,7551.68471901893,7551.68471901893
2026-09-17 08:26:32,7000.0,7063.0,Call VEX 1,VEX,2917330.077,7551.68471901893,7551.68471901893
2026-09-17 08:26:32,7300.0,7365.5,Call CEX 5,CEX,1878836.483,7551.68471901893,7551.68471901893
2026-09-17 08:26:32,7300.0,7365.5,Call DEX 4,DEX,237.806,7551.68471901893,7551.68471901893
2026-09-17 08:26:32,7300.0,7365.5,Call VEX 5,VEX,640822.243,7551.68471901893,7551.68471901893
2026-09-17 08:26:32,7400.0,7466.5,Call CEX 4,CEX,3426587.772,7551.68471901893,7551.68471901893
2026-09-17 08:26:32,7400.0,7466.5,Put GEX 4,GEX,-125622.801,7551.68471901893,7551.68471901893
2026-09-17 08:26:32,7400.0,7466.5,Call VEX 4,VEX,1185746.733,7551.68471901893,7551.68471901893
2026-09-17 08:26:32,7450.0,7517.0,Call CEX 3,CEX,4178433.641,7551.68471901893,7551.68471901893
2026-09-17 08:26:32,7450.0,7517.0,Call DEX 5,DEX,234.444,7551.68471901893,7551.68471901893
2026-09-17 08:26:32,7450.0,7517.0,Put GEX 5,GEX,-118001.047,7551.68471901893,7551.68471901893
2026-09-17 08:26:32,7450.0,7517.0,Call VEX 3,VEX,1435739.256,7551.68471901893,7551.68471901893
2026-09-17 08:26:32,7500.0,7567.5,Call CEX 2,CEX,4202435.25,7551.68471901893,7551.68471901893
2026-09-17 08:26:32,7500.0,7567.5,Put GEX 2,GEX,-440572.974,7551.68471901893,7551.68471901893
2026-09-17 08:26:32,7500.0,7567.5,Call VEX 2,VEX,1538802.179,7551.68471901893,7551.68471901893
2026-09-17 08:26:32,7550.0,7617.75,Put GEX 1,GEX,-441048.894,7551.68471901893,7551.68471901893
2026-09-17 08:26:32,7600.0,7668.25,Put CEX 1,CEX,-4821552.94,7551.68471901893,7551.68471901893
2026-09-17 08:26:32,7600.0,7668.25,Put DEX 3,DEX,-229.322,7551.68471901893,7551.68471901893
2026-09-17 08:26:32,7600.0,7668.25,Put GEX 3,GEX,-150148.603,7551.68471901893,7551.68471901893
2026-09-17 08:26:32,7600.0,7668.25,Put VEX 1,VEX,-1448129.957,7551.68471901893,7551.68471901893
2026-09-17 08:26:32,7605.0,7673.25,Put CEX 5,CEX,-989879.292,7551.68471901893,7551.68471901893
2026-09-17 08:26:32,7605.0,7673.25,Put VEX 5,VEX,-298175.412,7551.68471901893,7551.68471901893
2026-09-17 08:26:32,7650.0,7718.75,Put CEX 2,CEX,-3625225.034,7551.68471901893,7551.68471901893
2026-09-17 08:26:32,7650.0,7718.75,Put DEX 2,DEX,-271.924,7551.68471901893,7551.68471901893
2026-09-17 08:26:32,7650.0,7718.75,Put VEX 2,VEX,-1117965.386,7551.68471901893,7551.68471901893
2026-09-17 08:26:32,7670.0,7739.0,Put DEX 5,DEX,-74.79,7551.68471901893,7551.68471901893
2026-09-17 08:26:32,7675.0,7744.0,Put CEX 4,CEX,-1223772.26,7551.68471901893,7551.68471901893
2026-09-17 08:26:32,7675.0,7744.0,Put DEX 4,DEX,-106.28,7551.68471901893,7551.68471901893
2026-09-17 08:26:32,7675.0,7744.0,Put VEX 4,VEX,-332275.019,7551.68471901893,7551.68471901893
2026-09-17 08:26:32,7680.0,7749.0,Call GEX 3,GEX,85503.493,7551.68471901893,7551.68471901893
2026-09-17 08:26:32,7700.0,7769.25,Put CEX 3,CEX,-2562980.099,7551.68471901893,7551.68471901893
2026-09-17 08:26:32,7700.0,7769.25,Put DEX 1,DEX,-447.39,7551.68471901893,7551.68471901893
2026-09-17 08:26:32,7700.0,7769.25,Call GEX 1,GEX,182645.606,7551.68471901893,7551.68471901893
2026-09-17 08:26:32,7700.0,7769.25,Put VEX 3,VEX,-812420.1,7551.68471901893,7551.68471901893
2026-09-17 08:26:32,7750.0,7819.75,Call GEX 4,GEX,78653.076,7551.68471901893,7551.68471901893
2026-09-17 08:26:32,8000.0,8072.0,Call GEX 5,GEX,66567.22,7551.68471901893,7551.68471901893
2026-09-17 08:27:09,5000.0,5045.75,Call DEX 3,DEX,286.532,7551.68471901893,7551.68471901893
2026-09-17 08:27:09,6000.0,6055.0,Call DEX 2,DEX,1145.744,7551.68471901893,7551.68471901893
2026-09-17 08:27:09,7000.0,7064.0,Call CEX 1,CEX,8575710.388,7551.68471901893,7551.68471901893
2026-09-17 08:27:09,7000.0,7064.0,Call DEX 1,DEX,2780.329,7551.68471901893,7551.68471901893
2026-09-17 08:27:09,7000.0,7064.0,Call GEX 2,GEX,92668.126,7551.68471901893,7551.68471901893
2026-09-17 08:27:09,7000.0,7064.0,Call VEX 1,VEX,2917330.077,7551.68471901893,7551.68471901893
2026-09-17 08:27:09,7300.0,7366.75,Call CEX 5,CEX,1878836.483,7551.68471901893,7551.68471901893
2026-09-17 08:27:09,7300.0,7366.75,Call DEX 4,DEX,237.806,7551.68471901893,7551.68471901893
2026-09-17 08:27:09,7300.0,7366.75,Call VEX 5,VEX,640822.243,7551.68471901893,7551.68471901893
2026-09-17 08:27:09,7400.0,7467.75,Call CEX 4,CEX,3426587.772,7551.68471901893,7551.68471901893
2026-09-17 08:27:09,7400.0,7467.75,Put GEX 4,GEX,-125622.801,7551.68471901893,7551.68471901893
2026-09-17 08:27:09,7400.0,7467.75,Call VEX 4,VEX,1185746.733,7551.68471901893,7551.68471901893
2026-09-17 08:27:09,7450.0,7518.25,Call CEX 3,CEX,4178433.641,7551.68471901893,7551.68471901893
2026-09-17 08:27:09,7450.0,7518.25,Call DEX 5,DEX,234.444,7551.68471901893,7551.68471901893
2026-09-17 08:27:09,7450.0,7518.25,Put GEX 5,GEX,-118001.047,7551.68471901893,7551.68471901893
2026-09-17 08:27:09,7450.0,7518.25,Call VEX 3,VEX,1435739.256,7551.68471901893,7551.68471901893
2026-09-17 08:27:09,7500.0,7568.5,Call CEX 2,CEX,4202435.25,7551.68471901893,7551.68471901893
2026-09-17 08:27:09,7500.0,7568.5,Put GEX 2,GEX,-440572.974,7551.68471901893,7551.68471901893
2026-09-17 08:27:09,7500.0,7568.5,Call VEX 2,VEX,1538802.179,7551.68471901893,7551.68471901893
2026-09-17 08:27:09,7550.0,7619.0,Put GEX 1,GEX,-441048.894,7551.68471901893,7551.68471901893
2026-09-17 08:27:09,7600.0,7669.5,Put CEX 1,CEX,-4821552.94,7551.68471901893,7551.68471901893
2026-09-17 08:27:09,7600.0,7669.5,Put DEX 3,DEX,-229.322,7551.68471901893,7551.68471901893
2026-09-17 08:27:09,7600.0,7669.5,Put GEX 3,GEX,-150148.603,7551.68471901893,7551.68471901893
2026-09-17 08:27:09,7600.0,7669.5,Put VEX 1,VEX,-1448129.957,7551.68471901893,7551.68471901893
2026-09-17 08:27:09,7605.0,7674.5,Put CEX 5,CEX,-989879.292,7551.68471901893,7551.68471901893
2026-09-17 08:27:09,7605.0,7674.5,Put VEX 5,VEX,-298175.412,7551.68471901893,7551.68471901893
2026-09-17 08:27:09,7650.0,7720.0,Put CEX 2,CEX,-3625225.034,7551.68471901893,7551.68471901893
2026-09-17 08:27:09,7650.0,7720.0,Put DEX 2,DEX,-271.924,7551.68471901893,7551.68471901893
2026-09-17 08:27:09,7650.0,7720.0,Put VEX 2,VEX,-1117965.386,7551.68471901893,7551.68471901893
2026-09-17 08:27:09,7670.0,7740.25,Put DEX 5,DEX,-74.79,7551.68471901893,7551.68471901893
2026-09-17 08:27:09,7675.0,7745.25,Put CEX 4,CEX,-1223772.26,7551.68471901893,7551.68471901893
2026-09-17 08:27:09,7675.0,7745.25,Put DEX 4,DEX,-106.28,7551.68471901893,7551.68471901893
2026-09-17 08:27:09,7675.0,7745.25,Put VEX 4,VEX,-332275.019,7551.68471901893,7551.68471901893
2026-09-17 08:27:09,7680.0,7750.25,Call GEX 3,GEX,85503.493,7551.68471901893,7551.68471901893
2026-09-17 08:27:09,7700.0,7770.5,Put CEX 3,CEX,-2562980.099,7551.68471901893,7551.68471901893
2026-09-17 08:27:09,7700.0,7770.5,Put DEX 1,DEX,-447.39,7551.68471901893,7551.68471901893
2026-09-17 08:27:09,7700.0,7770.5,Call GEX 1,GEX,182645.606,7551.68471901893,7551.68471901893
2026-09-17 08:27:09,7700.0,7770.5,Put VEX 3,VEX,-812420.1,7551.68471901893,7551.68471901893
2026-09-17 08:27:09,7750.0,7821.0,Call GEX 4,GEX,78653.076,7551.68471901893,7551.68471901893
2026-09-17 08:27:09,8000.0,8073.25,Call GEX 5,GEX,66567.22,7551.68471901893,7551.68471901893
2026-09-17 08:27:47,5000.0,5045.75,Call DEX 3,DEX,286.532,7551.68471901893,7551.68471901893
2026-09-17 08:27:47,6000.0,6055.0,Call DEX 2,DEX,1145.744,7551.68471901893,7551.68471901893
2026-09-17 08:27:47,7000.0,7064.25,Call CEX 1,CEX,8575710.388,7551.68471901893,7551.68471901893
2026-09-17 08:27:47,7000.0,7064.25,Call DEX 1,DEX,2780.329,7551.68471901893,7551.68471901893
2026-09-17 08:27:47,7000.0,7064.25,Call GEX 2,GEX,92668.126,7551.68471901893,7551.68471901893
2026-09-17 08:27:47,7000.0,7064.25,Call VEX 1,VEX,2917330.077,7551.68471901893,7551.68471901893
2026-09-17 08:27:47,7300.0,7367.0,Call CEX 5,CEX,1878836.483,7551.68471901893,7551.68471901893
2026-09-17 08:27:47,7300.0,7367.0,Call DEX 4,DEX,237.806,7551.68471901893,7551.68471901893
2026-09-17 08:27:47,7300.0,7367.0,Call VEX 5,VEX,640822.243,7551.68471901893,7551.68471901893
2026-09-17 08:27:47,7400.0,7467.75,Call CEX 4,CEX,3426587.772,7551.68471901893,7551.68471901893
2026-09-17 08:27:47,7400.0,7467.75,Put GEX 4,GEX,-125622.801,7551.68471901893,7551.68471901893
2026-09-17 08:27:47,7400.0,7467.75,Call VEX 4,VEX,1185746.733,7551.68471901893,7551.68471901893
2026-09-17 08:27:47,7450.0,7518.25,Call CEX 3,CEX,4178433.641,7551.68471901893,7551.68471901893
2026-09-17 08:27:47,7450.0,7518.25,Call DEX 5,DEX,234.444,7551.68471901893,7551.68471901893
2026-09-17 08:27:47,7450.0,7518.25,Put GEX 5,GEX,-118001.047,7551.68471901893,7551.68471901893
2026-09-17 08:27:47,7450.0,7518.25,Call VEX 3,VEX,1435739.256,7551.68471901893,7551.68471901893
2026-09-17 08:27:47,7500.0,7568.75,Call CEX 2,CEX,4202435.25,7551.68471901893,7551.68471901893
2026-09-17 08:27:47,7500.0,7568.75,Put GEX 2,GEX,-440572.974,7551.68471901893,7551.68471901893
2026-09-17 08:27:47,7500.0,7568.75,Call VEX 2,VEX,1538802.179,7551.68471901893,7551.68471901893
2026-09-17 08:27:47,7550.0,7619.25,Put GEX 1,GEX,-441048.894,7551.68471901893,7551.68471901893
2026-09-17 08:27:47,7600.0,7669.75,Put CEX 1,CEX,-4821552.94,7551.68471901893,7551.68471901893
2026-09-17 08:27:47,7600.0,7669.75,Put DEX 3,DEX,-229.322,7551.68471901893,7551.68471901893
2026-09-17 08:27:47,7600.0,7669.75,Put GEX 3,GEX,-150148.603,7551.68471901893,7551.68471901893
2026-09-17 08:27:47,7600.0,7669.75,Put VEX 1,VEX,-1448129.957,7551.68471901893,7551.68471901893
2026-09-17 08:27:47,7605.0,7674.75,Put CEX 5,CEX,-989879.292,7551.68471901893,7551.68471901893
2026-09-17 08:27:47,7605.0,7674.75,Put VEX 5,VEX,-298175.412,7551.68471901893,7551.68471901893
2026-09-17 08:27:47,7650.0,7720.0,Put CEX 2,CEX,-3625225.034,7551.68471901893,7551.68471901893
2026-09-17 08:27:47,7650.0,7720.0,Put DEX 2,DEX,-271.924,7551.68471901893,7551.68471901893
2026-09-17 08:27:47,7650.0,7720.0,Put VEX 2,VEX,-1117965.386,7551.68471901893,7551.68471901893
2026-09-17 08:27:47,7670.0,7740.25,Put DEX 5,DEX,-74.79,7551.68471901893,7551.68471901893
2026-09-17 08:27:47,7675.0,7745.25,Put CEX 4,CEX,-1223772.26,7551.68471901893,7551.68471901893
2026-09-17 08:27:47,7675.0,7745.25,Put DEX 4,DEX,-106.28,7551.68471901893,7551.68471901893
2026-09-17 08:27:47,7675.0,7745.25,Put VEX 4,VEX,-332275.019,7551.68471901893,7551.68471901893
2026-09-17 08:27:47,7680.0,7750.5,Call GEX 3,GEX,85503.493,7551.68471901893,7551.68471901893
2026-09-17 08:27:47,7700.0,7770.5,Put CEX 3,CEX,-2562980.099,7551.68471901893,7551.68471901893
2026-09-17 08:27:47,7700.0,7770.5,Put DEX 1,DEX,-447.39,7551.68471901893,7551.68471901893
2026-09-17 08:27:47,7700.0,7770.5,Call GEX 1,GEX,182645.606,7551.68471901893,7551.68471901893
2026-09-17 08:27:47,7700.0,7770.5,Put VEX 3,VEX,-812420.1,7551.68471901893,7551.68471901893
2026-09-17 08:27:47,7750.0,7821.0,Call GEX 4,GEX,78653.076,7551.68471901893,7551.68471901893
2026-09-17 08:27:47,8000.0,8073.25,Call GEX 5,GEX,66567.22,7551.68471901893,7551.68471901893
2026-09-17 08:28:25,5000.0,5045.25,Call DEX 3,DEX,286.532,7551.68471901893,7551.68471901893
2026-09-17 08:28:25,6000.0,6054.5,Call DEX 2,DEX,1145.744,7551.68471901893,7551.68471901893
2026-09-17 08:28:25,7000.0,7063.5,Call CEX 1,CEX,8575710.388,7551.68471901893,7551.68471901893
2026-09-17 08:28:25,7000.0,7063.5,Call DEX 1,DEX,2780.329,7551.68471901893,7551.68471901893
2026-09-17 08:28:25,7000.0,7063.5,Call GEX 2,GEX,92668.126,7551.68471901893,7551.68471901893
2026-09-17 08:28:25,7000.0,7063.5,Call VEX 1,VEX,2917330.077,7551.68471901893,7551.68471901893
2026-09-17 08:28:25,7300.0,7366.25,Call CEX 5,CEX,1878836.483,7551.68471901893,7551.68471901893
2026-09-17 08:28:25,7300.0,7366.25,Call DEX 4,DEX,237.806,7551.68471901893,7551.68471901893
2026-09-17 08:28:25,7300.0,7366.25,Call VEX 5,VEX,640822.243,7551.68471901893,7551.68471901893
2026-09-17 08:28:25,7400.0,7467.0,Call CEX 4,CEX,3426587.772,7551.68471901893,7551.68471901893
2026-09-17 08:28:25,7400.0,7467.0,Put GEX 4,GEX,-125622.801,7551.68471901893,7551.68471901893
2026-09-17 08:28:25,7400.0,7467.0,Call VEX 4,VEX,1185746.733,7551.68471901893,7551.68471901893
2026-09-17 08:28:25,7450.0,7517.5,Call CEX 3,CEX,4178433.641,7551.68471901893,7551.68471901893
2026-09-17 08:28:25,7450.0,7517.5,Call DEX 5,DEX,234.444,7551.68471901893,7551.68471901893
2026-09-17 08:28:25,7450.0,7517.5,Put GEX 5,GEX,-118001.047,7551.68471901893,7551.68471901893
2026-09-17 08:28:25,7450.0,7517.5,Call VEX 3,VEX,1435739.256,7551.68471901893,7551.68471901893
2026-09-17 08:28:25,7500.0,7568.0,Call CEX 2,CEX,4202435.25,7551.68471901893,7551.68471901893
2026-09-17 08:28:25,7500.0,7568.0,Put GEX 2,GEX,-440572.974,7551.68471901893,7551.68471901893
2026-09-17 08:28:25,7500.0,7568.0,Call VEX 2,VEX,1538802.179,7551.68471901893,7551.68471901893
2026-09-17 08:28:25,7550.0,7618.5,Put GEX 1,GEX,-441048.894,7551.68471901893,7551.68471901893
2026-09-17 08:28:25,7600.0,7669.0,Put CEX 1,CEX,-4821552.94,7551.68471901893,7551.68471901893
2026-09-17 08:28:25,7600.0,7669.0,Put DEX 3,DEX,-229.322,7551.68471901893,7551.68471901893
2026-09-17 08:28:25,7600.0,7669.0,Put GEX 3,GEX,-150148.603,7551.68471901893,7551.68471901893
2026-09-17 08:28:25,7600.0,7669.0,Put VEX 1,VEX,-1448129.957,7551.68471901893,7551.68471901893
2026-09-17 08:28:25,7605.0,7674.0,Put CEX 5,CEX,-989879.292,7551.68471901893,7551.68471901893
2026-09-17 08:28:25,7605.0,7674.0,Put VEX 5,VEX,-298175.412,7551.68471901893,7551.68471901893
2026-09-17 08:28:25,7650.0,7719.25,Put CEX 2,CEX,-3625225.034,7551.68471901893,7551.68471901893
2026-09-17 08:28:25,7650.0,7719.25,Put DEX 2,DEX,-271.924,7551.68471901893,7551.68471901893
2026-09-17 08:28:25,7650.0,7719.25,Put VEX 2,VEX,-1117965.386,7551.68471901893,7551.68471901893
2026-09-17 08:28:25,7670.0,7739.5,Put DEX 5,DEX,-74.79,7551.68471901893,7551.68471901893
2026-09-17 08:28:25,7675.0,7744.5,Put CEX 4,CEX,-1223772.26,7551.68471901893,7551.68471901893
2026-09-17 08:28:25,7675.0,7744.5,Put DEX 4,DEX,-106.28,7551.68471901893,7551.68471901893
2026-09-17 08:28:25,7675.0,7744.5,Put VEX 4,VEX,-332275.019,7551.68471901893,7551.68471901893
2026-09-17 08:28:25,7680.0,7749.75,Call GEX 3,GEX,85503.493,7551.68471901893,7551.68471901893
2026-09-17 08:28:25,7700.0,7769.75,Put CEX 3,CEX,-2562980.099,7551.68471901893,7551.68471901893
2026-09-17 08:28:25,7700.0,7769.75,Put DEX 1,DEX,-447.39,7551.68471901893,7551.68471901893
2026-09-17 08:28:25,7700.0,7769.75,Call GEX 1,GEX,182645.606,7551.68471901893,7551.68471901893
2026-09-17 08:28:25,7700.0,7769.75,Put VEX 3,VEX,-812420.1,7551.68471901893,7551.68471901893
2026-09-17 08:28:25,7750.0,7820.25,Call GEX 4,GEX,78653.076,7551.68471901893,7551.68471901893
2026-09-17 08:28:25,8000.0,8072.5,Call GEX 5,GEX,66567.22,7551.68471901893,7551.68471901893
2026-09-17 08:29:03,5000.0,5045.75,Call DEX 3,DEX,286.532,7551.68471901893,7551.68471901893
2026-09-17 08:29:03,6000.0,6054.75,Call DEX 2,DEX,1145.744,7551.68471901893,7551.68471901893
2026-09-17 08:29:03,7000.0,7064.0,Call CEX 1,CEX,8575710.388,7551.68471901893,7551.68471901893
2026-09-17 08:29:03,7000.0,7064.0,Call DEX 1,DEX,2780.329,7551.68471901893,7551.68471901893
2026-09-17 08:29:03,7000.0,7064.0,Call GEX 2,GEX,92668.126,7551.68471901893,7551.68471901893
2026-09-17 08:29:03,7000.0,7064.0,Call VEX 1,VEX,2917330.077,7551.68471901893,7551.68471901893
2026-09-17 08:29:03,7300.0,7366.75,Call CEX 5,CEX,1878836.483,7551.68471901893,7551.68471901893
2026-09-17 08:29:03,7300.0,7366.75,Call DEX 4,DEX,237.806,7551.68471901893,7551.68471901893
2026-09-17 08:29:03,7300.0,7366.75,Call VEX 5,VEX,640822.243,7551.68471901893,7551.68471901893
2026-09-17 08:29:03,7400.0,7467.5,Call CEX 4,CEX,3426587.772,7551.68471901893,7551.68471901893
2026-09-17 08:29:03,7400.0,7467.5,Put GEX 4,GEX,-125622.801,7551.68471901893,7551.68471901893
2026-09-17 08:29:03,7400.0,7467.5,Call VEX 4,VEX,1185746.733,7551.68471901893,7551.68471901893
2026-09-17 08:29:03,7450.0,7518.0,Call CEX 3,CEX,4178433.641,7551.68471901893,7551.68471901893
2026-09-17 08:29:03,7450.0,7518.0,Call DEX 5,DEX,234.444,7551.68471901893,7551.68471901893
2026-09-17 08:29:03,7450.0,7518.0,Put GEX 5,GEX,-118001.047,7551.68471901893,7551.68471901893
2026-09-17 08:29:03,7450.0,7518.0,Call VEX 3,VEX,1435739.256,7551.68471901893,7551.68471901893
2026-09-17 08:29:03,7500.0,7568.5,Call CEX 2,CEX,4202435.25,7551.68471901893,7551.68471901893
2026-09-17 08:29:03,7500.0,7568.5,Put GEX 2,GEX,-440572.974,7551.68471901893,7551.68471901893
2026-09-17 08:29:03,7500.0,7568.5,Call VEX 2,VEX,1538802.179,7551.68471901893,7551.68471901893
2026-09-17 08:29:03,7550.0,7619.0,Put GEX 1,GEX,-441048.894,7551.68471901893,7551.68471901893
2026-09-17 08:29:03,7600.0,7669.5,Put CEX 1,CEX,-4821552.94,7551.68471901893,7551.68471901893
2026-09-17 08:29:03,7600.0,7669.5,Put DEX 3,DEX,-229.322,7551.68471901893,7551.68471901893
2026-09-17 08:29:03,7600.0,7669.5,Put GEX 3,GEX,-150148.603,7551.68471901893,7551.68471901893
2026-09-17 08:29:03,7600.0,7669.5,Put VEX 1,VEX,-1448129.957,7551.68471901893,7551.68471901893
2026-09-17 08:29:03,7605.0,7674.5,Put CEX 5,CEX,-989879.292,7551.68471901893,7551.68471901893
2026-09-17 08:29:03,7605.0,7674.5,Put VEX 5,VEX,-298175.412,7551.68471901893,7551.68471901893
2026-09-17 08:29:03,7650.0,7720.0,Put CEX 2,CEX,-3625225.034,7551.68471901893,7551.68471901893
2026-09-17 08:29:03,7650.0,7720.0,Put DEX 2,DEX,-271.924,7551.68471901893,7551.68471901893
2026-09-17 08:29:03,7650.0,7720.0,Put VEX 2,VEX,-1117965.386,7551.68471901893,7551.68471901893
2026-09-17 08:29:03,7670.0,7740.0,Put DEX 5,DEX,-74.79,7551.68471901893,7551.68471901893
2026-09-17 08:29:03,7675.0,7745.25,Put CEX 4,CEX,-1223772.26,7551.68471901893,7551.68471901893
2026-09-17 08:29:03,7675.0,7745.25,Put DEX 4,DEX,-106.28,7551.68471901893,7551.68471901893
2026-09-17 08:29:03,7675.0,7745.25,Put VEX 4,VEX,-332275.019,7551.68471901893,7551.68471901893
2026-09-17 08:29:03,7680.0,7750.25,Call GEX 3,GEX,85503.493,7551.68471901893,7551.68471901893
2026-09-17 08:29:03,7700.0,7770.25,Put CEX 3,CEX,-2562980.099,7551.68471901893,7551.68471901893
2026-09-17 08:29:03,7700.0,7770.25,Put DEX 1,DEX,-447.39,7551.68471901893,7551.68471901893
2026-09-17 08:29:03,7700.0,7770.25,Call GEX 1,GEX,182645.606,7551.68471901893,7551.68471901893
2026-09-17 08:29:03,7700.0,7770.25,Put VEX 3,VEX,-812420.1,7551.68471901893,7551.68471901893
2026-09-17 08:29:03,7750.0,7820.75,Call GEX 4,GEX,78653.076,7551.68471901893,7551.68471901893
2026-09-17 08:29:03,8000.0,8073.0,Call GEX 5,GEX,66567.22,7551.68471901893,7551.68471901893
2026-09-17 08:29:41,5000.0,5045.25,Call DEX 3,DEX,286.532,7551.68471901893,7551.68471901893
2026-09-17 08:29:41,6000.0,6054.25,Call DEX 2,DEX,1145.744,7551.68471901893,7551.68471901893
2026-09-17 08:29:41,7000.0,7063.25,Call CEX 1,CEX,8575710.388,7551.68471901893,7551.68471901893
2026-09-17 08:29:41,7000.0,7063.25,Call DEX 1,DEX,2780.329,7551.68471901893,7551.68471901893
2026-09-17 08:29:41,7000.0,7063.25,Call GEX 2,GEX,92668.126,7551.68471901893,7551.68471901893
2026-09-17 08:29:41,7000.0,7063.25,Call VEX 1,VEX,2917330.077,7551.68471901893,7551.68471901893
2026-09-17 08:29:41,7300.0,7366.0,Call CEX 5,CEX,1878836.483,7551.68471901893,7551.68471901893
2026-09-17 08:29:41,7300.0,7366.0,Call DEX 4,DEX,237.806,7551.68471901893,7551.68471901893
2026-09-17 08:29:41,7300.0,7366.0,Call VEX 5,VEX,640822.243,7551.68471901893,7551.68471901893
2026-09-17 08:29:41,7400.0,7466.75,Call CEX 4,CEX,3426587.772,7551.68471901893,7551.68471901893
2026-09-17 08:29:41,7400.0,7466.75,Put GEX 4,GEX,-125622.801,7551.68471901893,7551.68471901893
2026-09-17 08:29:41,7400.0,7466.75,Call VEX 4,VEX,1185746.733,7551.68471901893,7551.68471901893
2026-09-17 08:29:41,7450.0,7517.25,Call CEX 3,CEX,4178433.641,7551.68471901893,7551.68471901893
2026-09-17 08:29:41,7450.0,7517.25,Call DEX 5,DEX,234.444,7551.68471901893,7551.68471901893
2026-09-17 08:29:41,7450.0,7517.25,Put GEX 5,GEX,-118001.047,7551.68471901893,7551.68471901893
2026-09-17 08:29:41,7450.0,7517.25,Call VEX 3,VEX,1435739.256,7551.68471901893,7551.68471901893
2026-09-17 08:29:41,7500.0,7567.75,Call CEX 2,CEX,4202435.25,7551.68471901893,7551.68471901893
2026-09-17 08:29:41,7500.0,7567.75,Put GEX 2,GEX,-440572.974,7551.68471901893,7551.68471901893
2026-09-17 08:29:41,7500.0,7567.75,Call VEX 2,VEX,1538802.179,7551.68471901893,7551.68471901893
2026-09-17 08:29:41,7550.0,7618.25,Put GEX 1,GEX,-441048.894,7551.68471901893,7551.68471901893
2026-09-17 08:29:41,7600.0,7668.75,Put CEX 1,CEX,-4821552.94,7551.68471901893,7551.68471901893
2026-09-17 08:29:41,7600.0,7668.75,Put DEX 3,DEX,-229.322,7551.68471901893,7551.68471901893
2026-09-17 08:29:41,7600.0,7668.75,Put GEX 3,GEX,-150148.603,7551.68471901893,7551.68471901893
2026-09-17 08:29:41,7600.0,7668.75,Put VEX 1,VEX,-1448129.957,7551.68471901893,7551.68471901893
2026-09-17 08:29:41,7605.0,7673.75,Put CEX 5,CEX,-989879.292,7551.68471901893,7551.68471901893
2026-09-17 08:29:41,7605.0,7673.75,Put VEX 5,VEX,-298175.412,7551.68471901893,7551.68471901893
2026-09-17 08:29:41,7650.0,7719.25,Put CEX 2,CEX,-3625225.034,7551.68471901893,7551.68471901893
2026-09-17 08:29:41,7650.0,7719.25,Put DEX 2,DEX,-271.924,7551.68471901893,7551.68471901893
2026-09-17 08:29:41,7650.0,7719.25,Put VEX 2,VEX,-1117965.386,7551.68471901893,7551.68471901893
2026-09-17 08:29:41,7670.0,7739.25,Put DEX 5,DEX,-74.79,7551.68471901893,7551.68471901893
2026-09-17 08:29:41,7675.0,7744.25,Put CEX 4,CEX,-1223772.26,7551.68471901893,7551.68471901893
2026-09-17 08:29:41,7675.0,7744.25,Put DEX 4,DEX,-106.28,7551.68471901893,7551.68471901893
2026-09-17 08:29:41,7675.0,7744.25,Put VEX 4,VEX,-332275.019,7551.68471901893,7551.68471901893
2026-09-17 08:29:41,7680.0,7749.5,Call GEX 3,GEX,85503.493,7551.68471901893,7551.68471901893
2026-09-17 08:29:41,7700.0,7769.5,Put CEX 3,CEX,-2562980.099,7551.68471901893,7551.68471901893
2026-09-17 08:29:41,7700.0,7769.5,Put DEX 1,DEX,-447.39,7551.68471901893,7551.68471901893
2026-09-17 08:29:41,7700.0,7769.5,Call GEX 1,GEX,182645.606,7551.68471901893,7551.68471901893
2026-09-17 08:29:41,7700.0,7769.5,Put VEX 3,VEX,-812420.1,7551.68471901893,7551.68471901893
2026-09-17 08:29:41,7750.0,7820.0,Call GEX 4,GEX,78653.076,7551.68471901893,7551.68471901893
2026-09-17 08:29:41,8000.0,8072.25,Call GEX 5,GEX,66567.22,7551.68471901893,7551.68471901893
2026-09-17 08:31:28,5000.0,5045.5,Call DEX 3,DEX,286.532,7551.68471901893,7551.68471901893
2026-09-17 08:31:28,6000.0,6054.5,Call DEX 2,DEX,1145.744,7551.68471901893,7551.68471901893
2026-09-17 08:31:28,7000.0,7063.5,Call CEX 1,CEX,8575710.388,7551.68471901893,7551.68471901893
2026-09-17 08:31:28,7000.0,7063.5,Call DEX 1,DEX,2780.329,7551.68471901893,7551.68471901893
2026-09-17 08:31:28,7000.0,7063.5,Call GEX 2,GEX,92668.126,7551.68471901893,7551.68471901893
2026-09-17 08:31:28,7000.0,7063.5,Call VEX 1,VEX,2917330.077,7551.68471901893,7551.68471901893
2026-09-17 08:31:28,7300.0,7366.25,Call CEX 5,CEX,1878836.483,7551.68471901893,7551.68471901893
2026-09-17 08:31:28,7300.0,7366.25,Call DEX 4,DEX,237.806,7551.68471901893,7551.68471901893
2026-09-17 08:31:28,7300.0,7366.25,Call VEX 5,VEX,640822.243,7551.68471901893,7551.68471901893
2026-09-17 08:31:28,7400.0,7467.25,Call CEX 4,CEX,3426587.772,7551.68471901893,7551.68471901893
2026-09-17 08:31:28,7400.0,7467.25,Put GEX 4,GEX,-125622.801,7551.68471901893,7551.68471901893
2026-09-17 08:31:28,7400.0,7467.25,Call VEX 4,VEX,1185746.733,7551.68471901893,7551.68471901893
2026-09-17 08:31:28,7450.0,7517.5,Call CEX 3,CEX,4178433.641,7551.68471901893,7551.68471901893
2026-09-17 08:31:28,7450.0,7517.5,Call DEX 5,DEX,234.444,7551.68471901893,7551.68471901893
2026-09-17 08:31:28,7450.0,7517.5,Put GEX 5,GEX,-118001.047,7551.68471901893,7551.68471901893
2026-09-17 08:31:28,7450.0,7517.5,Call VEX 3,VEX,1435739.256,7551.68471901893,7551.68471901893
2026-09-17 08:31:28,7500.0,7568.0,Call CEX 2,CEX,4202435.25,7551.68471901893,7551.68471901893
2026-09-17 08:31:28,7500.0,7568.0,Put GEX 2,GEX,-440572.974,7551.68471901893,7551.68471901893
2026-09-17 08:31:28,7500.0,7568.0,Call VEX 2,VEX,1538802.179,7551.68471901893,7551.68471901893
2026-09-17 08:31:28,7550.0,7618.5,Put GEX 1,GEX,-441048.894,7551.68471901893,7551.68471901893
2026-09-17 08:31:28,7600.0,7669.0,Put CEX 1,CEX,-4821552.94,7551.68471901893,7551.68471901893
2026-09-17 08:31:28,7600.0,7669.0,Put DEX 3,DEX,-229.322,7551.68471901893,7551.68471901893
2026-09-17 08:31:28,7600.0,7669.0,Put GEX 3,GEX,-150148.603,7551.68471901893,7551.68471901893
2026-09-17 08:31:28,7600.0,7669.0,Put VEX 1,VEX,-1448129.957,7551.68471901893,7551.68471901893
2026-09-17 08:31:28,7605.0,7674.0,Put CEX 5,CEX,-989879.292,7551.68471901893,7551.68471901893
2026-09-17 08:31:28,7605.0,7674.0,Put VEX 5,VEX,-298175.412,7551.68471901893,7551.68471901893
2026-09-17 08:31:28,7650.0,7719.5,Put CEX 2,CEX,-3625225.034,7551.68471901893,7551.68471901893
2026-09-17 08:31:28,7650.0,7719.5,Put DEX 2,DEX,-271.924,7551.68471901893,7551.68471901893
2026-09-17 08:31:28,7650.0,7719.5,Put VEX 2,VEX,-1117965.386,7551.68471901893,7551.68471901893
2026-09-17 08:31:28,7670.0,7739.5,Put DEX 5,DEX,-74.79,7551.68471901893,7551.68471901893
2026-09-17 08:31:28,7675.0,7744.75,Put CEX 4,CEX,-1223772.26,7551.68471901893,7551.68471901893
2026-09-17 08:31:28,7675.0,7744.75,Put DEX 4,DEX,-106.28,7551.68471901893,7551.68471901893
2026-09-17 08:31:28,7675.0,7744.75,Put VEX 4,VEX,-332275.019,7551.68471901893,7551.68471901893
2026-09-17 08:31:28,7680.0,7749.75,Call GEX 3,GEX,85503.493,7551.68471901893,7551.68471901893
2026-09-17 08:31:28,7700.0,7770.0,Put CEX 3,CEX,-2562980.099,7551.68471901893,7551.68471901893
2026-09-17 08:31:28,7700.0,7770.0,Put DEX 1,DEX,-447.39,7551.68471901893,7551.68471901893
2026-09-17 08:31:28,7700.0,7770.0,Call GEX 1,GEX,182645.606,7551.68471901893,7551.68471901893
2026-09-17 08:31:28,7700.0,7770.0,Put VEX 3,VEX,-812420.1,7551.68471901893,7551.68471901893
2026-09-17 08:31:28,7750.0,7820.25,Call GEX 4,GEX,78653.076,7551.68471901893,7551.68471901893
2026-09-17 08:31:28,8000.0,8072.5,Call GEX 5,GEX,66567.22,7551.68471901893,7551.68471901893
2026-09-17 10:21:31,5000.0,5046.0,Call DEX 5,DEX,288.949,,
2026-09-17 10:21:31,6000.0,6055.25,Call DEX 2,DEX,1155.046,,
2026-09-17 10:21:31,7000.0,7064.5,Call CEX 1,CEX,12066079.297,,
2026-09-17 10:21:31,7000.0,7064.5,Call DEX 1,DEX,2855.915,,
2026-09-17 10:21:31,7000.0,7064.5,Call GEX 3,GEX,191332.871,,
2026-09-17 10:21:31,7000.0,7064.5,Call VEX 1,VEX,2333174.998,,
2026-09-17 10:21:31,7450.0,7518.5,Call CEX 5,CEX,4615482.323,,
2026-09-17 10:21:31,7450.0,7518.5,Call DEX 4,DEX,342.428,,
2026-09-17 10:21:31,7450.0,7518.5,Call VEX 5,VEX,854333.562,,
2026-09-17 10:21:31,7500.0,7569.0,Call CEX 3,CEX,7730221.964,,
2026-09-17 10:21:31,7500.0,7569.0,Call DEX 3,DEX,421.126,,
2026-09-17 10:21:31,7500.0,7569.0,Call VEX 3,VEX,1431307.045,,
2026-09-17 10:21:31,7550.0,7619.5,Call CEX 4,CEX,7027533.495,,
2026-09-17 10:21:31,7550.0,7619.5,Put GEX 1,GEX,-200971.611,,
2026-09-17 10:21:31,7550.0,7619.5,Call VEX 4,VEX,1255448.403,,
2026-09-17 10:21:31,7575.0,7644.75,Put GEX 5,GEX,-76806.516,,
2026-09-17 10:21:31,7595.0,7664.75,Put GEX 4,GEX,-90587.394,,
2026-09-17 10:21:31,7600.0,7670.0,Call CEX 2,CEX,9562103.322,,
2026-09-17 10:21:31,7600.0,7670.0,Put GEX 3,GEX,-109831.322,,
2026-09-17 10:21:31,7600.0,7670.0,Call VEX 2,VEX,1625297.125,,
2026-09-17 10:21:31,7650.0,7720.25,Put CEX 1,CEX,-7437021.175,,
2026-09-17 10:21:31,7650.0,7720.25,Put DEX 1,DEX,-114.937,,
2026-09-17 10:21:31,7650.0,7720.25,Put GEX 2,GEX,-132906.588,,
2026-09-17 10:21:31,7650.0,7720.25,Put VEX 2,VEX,-816634.043,,
2026-09-17 10:21:31,7670.0,7740.5,Put CEX 4,CEX,-2411690.006,,
2026-09-17 10:21:31,7675.0,7745.5,Put CEX 3,CEX,-3094581.479,,
2026-09-17 10:21:31,7675.0,7745.5,Put DEX 4,DEX,-54.939,,
2026-09-17 10:21:31,7675.0,7745.5,Call GEX 4,GEX,166038.705,,
2026-09-17 10:21:31,7675.0,7745.5,Put VEX 3,VEX,-399462.442,,
2026-09-17 10:21:31,7680.0,7750.75,Put CEX 5,CEX,-2048444.661,,
2026-09-17 10:21:31,7680.0,7750.75,Call GEX 2,GEX,290053.95,,
2026-09-17 10:21:31,7680.0,7750.75,Put VEX 5,VEX,-333009.553,,
2026-09-17 10:21:31,7685.0,7755.75,Put DEX 5,DEX,-54.019,,
2026-09-17 10:21:31,7690.0,7760.75,Put DEX 2,DEX,-68.407,,
2026-09-17 10:21:31,7695.0,7765.75,Put DEX 3,DEX,-55.641,,
2026-09-17 10:21:31,7695.0,7765.75,Call GEX 5,GEX,160672.925,,
2026-09-17 10:21:31,7700.0,7770.75,Put CEX 2,CEX,-5536179.586,,
2026-09-17 10:21:31,7700.0,7770.75,Call GEX 1,GEX,1181848.841,,
2026-09-17 10:21:31,7700.0,7770.75,Put VEX 1,VEX,-913290.59,,
2026-09-17 10:21:31,8000.0,8073.5,Put VEX 4,VEX,-338159.62,,
2026-09-17 10:22:23,5000.0,5046.25,Call DEX 5,DEX,288.453,,
2026-09-17 10:22:23,6000.0,6055.5,Call DEX 2,DEX,1151.767,,
2026-09-17 10:22:23,7000.0,7064.75,Call CEX 1,CEX,14321441.068,,
2026-09-17 10:22:23,7000.0,7064.75,Call DEX 1,DEX,2838.543,,
2026-09-17 10:22:23,7000.0,7064.75,Call GEX 3,GEX,258385.127,,
2026-09-17 10:22:23,7000.0,7064.75,Call VEX 1,VEX,2768782.859,,
2026-09-17 10:22:23,7450.0,7519.0,Call CEX 5,CEX,4801455.653,,
2026-09-17 10:22:23,7450.0,7519.0,Call DEX 4,DEX,339.824,,
2026-09-17 10:22:23,7450.0,7519.0,Call VEX 5,VEX,883945.858,,
2026-09-17 10:22:23,7500.0,7569.5,Call CEX 3,CEX,8033660.793,,
2026-09-17 10:22:23,7500.0,7569.5,Call DEX 3,DEX,414.819,,
2026-09-17 10:22:23,7500.0,7569.5,Call VEX 3,VEX,1481388.828,,
2026-09-17 10:22:23,7550.0,7619.75,Call CEX 4,CEX,7352390.463,,
2026-09-17 10:22:23,7550.0,7619.75,Put GEX 1,GEX,-176432.354,,
2026-09-17 10:22:23,7550.0,7619.75,Call VEX 4,VEX,1269919.095,,
2026-09-17 10:22:23,7575.0,7645.0,Put GEX 5,GEX,-73460.337,,
2026-09-17 10:22:23,7595.0,7665.25,Put GEX 3,GEX,-95899.67,,
2026-09-17 10:22:23,7600.0,7670.25,Call CEX 2,CEX,9750769.203,,
2026-09-17 10:22:23,7600.0,7670.25,Put GEX 2,GEX,-97171.212,,
2026-09-17 10:22:23,7600.0,7670.25,Call VEX 2,VEX,1636019.54,,
2026-09-17 10:22:23,7605.0,7675.25,Put GEX 4,GEX,-84836.782,,
2026-09-17 10:22:23,7650.0,7720.75,Put CEX 1,CEX,-5924498.814,,
2026-09-17 10:22:23,7650.0,7720.75,Put DEX 1,DEX,-93.95,,
2026-09-17 10:22:23,7650.0,7720.75,Put VEX 2,VEX,-790466.649,,
2026-09-17 10:22:23,7670.0,7741.0,Put CEX 4,CEX,-2406233.328,,
2026-09-17 10:22:23,7670.0,7741.0,Put DEX 4,DEX,-51.009,,
2026-09-17 10:22:23,7670.0,7741.0,Put VEX 5,VEX,-322898.832,,
2026-09-17 10:22:23,7675.0,7746.0,Put CEX 3,CEX,-3057041.291,,
2026-09-17 10:22:23,7675.0,7746.0,Put DEX 3,DEX,-57.145,,
2026-09-17 10:22:23,7675.0,7746.0,Put VEX 3,VEX,-392279.366,,
2026-09-17 10:22:23,7680.0,7751.0,Put CEX 5,CEX,-1992209.206,,
2026-09-17 10:22:23,7680.0,7751.0,Put DEX 5,DEX,-39.053,,
2026-09-17 10:22:23,7680.0,7751.0,Call GEX 2,GEX,311356.597,,
2026-09-17 10:22:23,7685.0,7756.0,Put DEX 2,DEX,-57.593,,
2026-09-17 10:22:23,7690.0,7761.25,Call GEX 4,GEX,210577.645,,
2026-09-17 10:22:23,7695.0,7766.25,Call GEX 5,GEX,203908.102,,
2026-09-17 10:22:23,7700.0,7771.25,Put CEX 2,CEX,-5460863.882,,
2026-09-17 10:22:23,7700.0,7771.25,Call GEX 1,GEX,1210981.181,,
2026-09-17 10:22:23,7700.0,7771.25,Put VEX 1,VEX,-898743.352,,
2026-09-17 10:22:23,8000.0,8074.0,Put VEX 4,VEX,-338043.213,,
2026-09-17 10:23:13,5000.0,5046.0,Call DEX 5,DEX,288.864,,
2026-09-17 10:23:13,6000.0,6055.25,Call DEX 2,DEX,1154.256,,
2026-09-17 10:23:13,7000.0,7064.5,Call CEX 1,CEX,12884651.846,,
2026-09-17 10:23:13,7000.0,7064.5,Call DEX 1,DEX,2850.317,,
2026-09-17 10:23:13,7000.0,7064.5,Call GEX 3,GEX,215210.201,,
2026-09-17 10:23:13,7000.0,7064.5,Call VEX 1,VEX,2489527.561,,
2026-09-17 10:23:13,7450.0,7518.5,Call CEX 5,CEX,4634704.556,,
2026-09-17 10:23:13,7450.0,7518.5,Call DEX 4,DEX,342.287,,
2026-09-17 10:23:13,7450.0,7518.5,Call VEX 5,VEX,856277.411,,
2026-09-17 10:23:13,7500.0,7569.0,Call CEX 3,CEX,7817399.329,,
2026-09-17 10:23:13,7500.0,7569.0,Call DEX 3,DEX,419.47,,
2026-09-17 10:23:13,7500.0,7569.0,Call VEX 3,VEX,1443267.369,,
2026-09-17 10:23:13,7550.0,7619.5,Call CEX 4,CEX,7109166.255,,
2026-09-17 10:23:13,7550.0,7619.5,Put GEX 1,GEX,-186588.379,,
2026-09-17 10:23:13,7550.0,7619.5,Call VEX 4,VEX,1254794.815,,
2026-09-17 10:23:13,7595.0,7665.0,Put GEX 3,GEX,-90979.008,,
2026-09-17 10:23:13,7600.0,7670.0,Call CEX 2,CEX,9771032.773,,
2026-09-17 10:23:13,7600.0,7670.0,Put GEX 4,GEX,-89157.599,,
2026-09-17 10:23:13,7600.0,7670.0,Call VEX 2,VEX,1654502.806,,
2026-09-17 10:23:13,7605.0,7675.0,Put GEX 5,GEX,-73729.677,,
2026-09-17 10:23:13,7650.0,7720.5,Put CEX 1,CEX,-7291223.408,,
2026-09-17 10:23:13,7650.0,7720.5,Put DEX 1,DEX,-111.561,,
2026-09-17 10:23:13,7650.0,7720.5,Put GEX 2,GEX,-158332.383,,
2026-09-17 10:23:13,7650.0,7720.5,Put VEX 2,VEX,-792233.991,,
2026-09-17 10:23:13,7670.0,7740.5,Put CEX 4,CEX,-2422119.89,,
2026-09-17 10:23:13,7670.0,7740.5,Put DEX 5,DEX,-49.097,,
2026-09-17 10:23:13,7675.0,7745.75,Put CEX 3,CEX,-3103826.995,,
2026-09-17 10:23:13,7675.0,7745.75,Put DEX 3,DEX,-54.963,,
2026-09-17 10:23:13,7675.0,7745.75,Call GEX 5,GEX,170893.66,,
2026-09-17 10:23:13,7675.0,7745.75,Put VEX 3,VEX,-397722.776,,
2026-09-17 10:23:13,7680.0,7750.75,Put CEX 5,CEX,-2092007.74,,
2026-09-17 10:23:13,7680.0,7750.75,Call GEX 2,GEX,281173.008,,
2026-09-17 10:23:13,7680.0,7750.75,Put VEX 4,VEX,-339699.239,,
2026-09-17 10:23:13,7685.0,7755.75,Put DEX 4,DEX,-54.389,,
2026-09-17 10:23:13,7690.0,7760.75,Put DEX 2,DEX,-69.046,,
2026-09-17 10:23:13,7695.0,7765.75,Call GEX 4,GEX,207309.788,,
2026-09-17 10:23:13,7700.0,7770.75,Put CEX 2,CEX,-5579720.949,,
2026-09-17 10:23:13,7700.0,7770.75,Call GEX 1,GEX,1206678.473,,
2026-09-17 10:23:13,7700.0,7770.75,Put VEX 1,VEX,-918559.069,,
2026-09-17 10:23:13,8000.0,8073.5,Put VEX 5,VEX,-338636.935,,
