timestamp,strikePrice,Theo ES,Rank,Greek,Value,cum_gam,cum_vec
2026-09-17 08:02:49,6300.0,6357.0,Call CEX 3,CEX,103364.947,7582.452322598976,7582.452322598976
2026-09-17 08:02:49,6300.0,6357.0,Call VEX 2,VEX,155718.207,7582.452322598976,7582.452322598976
2026-09-17 08:02:49,6400.0,6458.0,Call CEX 2,CEX,108952.379,7582.452322598976,7582.452322598976
2026-09-17 08:02:49,6400.0,6458.0,Call VEX 1,VEX,164363.759,7582.452322598976,7582.452322598976
2026-09-17 08:02:49,6940.0,7002.75,Call DEX 4,DEX,0.751,7582.452322598976,7582.452322598976
2026-09-17 08:02:49,7000.0,7063.25,Call DEX 1,DEX,33.618,7582.452322598976,7582.452322598976
2026-09-17 08:02:49,7050.0,7113.75,Call CEX 5,CEX,77142.735,7582.452322598976,7582.452322598976
2026-09-17 08:02:49,7050.0,7113.75,Call VEX 3,VEX,106041.713,7582.452322598976,7582.452322598976
2026-09-17 08:02:49,7080.0,7144.0,Call DEX 2,DEX,2.016,7582.452322598976,7582.452322598976
2026-09-17 08:02:49,7220.0,7285.25,Call DEX 3,DEX,1.14,7582.452322598976,7582.452322598976
2026-09-17 08:02:49,7350.0,7416.5,Call CEX 1,CEX,109641.152,7582.452322598976,7582.452322598976
2026-09-17 08:02:49,7350.0,7416.5,Call VEX 4,VEX,105456.396,7582.452322598976,7582.452322598976
2026-09-17 08:02:49,7360.0,7426.5,Call CEX 4,CEX,96176.634,7582.452322598976,7582.452322598976
2026-09-17 08:02:49,7360.0,7426.5,Call VEX 5,VEX,90454.331,7582.452322598976,7582.452322598976
2026-09-17 08:02:49,7450.0,7517.5,Put GEX 2,GEX,-72752.604,7582.452322598976,7582.452322598976
2026-09-17 08:02:49,7500.0,7567.75,Put DEX 2,DEX,-21.686,7582.452322598976,7582.452322598976
2026-09-17 08:02:49,7500.0,7567.75,Put GEX 1,GEX,-99967.617,7582.452322598976,7582.452322598976
2026-09-17 08:02:49,7550.0,7618.25,Put DEX 5,DEX,-17.779,7582.452322598976,7582.452322598976
2026-09-17 08:02:49,7550.0,7618.25,Put GEX 4,GEX,-71013.095,7582.452322598976,7582.452322598976
2026-09-17 08:02:49,7570.0,7638.5,Put DEX 3,DEX,-20.892,7582.452322598976,7582.452322598976
2026-09-17 08:02:49,7570.0,7638.5,Put GEX 3,GEX,-71876.017,7582.452322598976,7582.452322598976
2026-09-17 08:02:49,7575.0,7643.5,Put DEX 4,DEX,-18.094,7582.452322598976,7582.452322598976
2026-09-17 08:02:49,7575.0,7643.5,Put GEX 5,GEX,-63392.309,7582.452322598976,7582.452322598976
2026-09-17 08:02:49,7600.0,7668.75,Put CEX 4,CEX,-53168.419,7582.452322598976,7582.452322598976
2026-09-17 08:02:49,7650.0,7719.25,Put CEX 3,CEX,-58785.011,7582.452322598976,7582.452322598976
2026-09-17 08:02:49,7650.0,7719.25,Put VEX 3,VEX,-55428.356,7582.452322598976,7582.452322598976
2026-09-17 08:02:49,7675.0,7744.5,Put CEX 5,CEX,-52269.022,7582.452322598976,7582.452322598976
2026-09-17 08:02:49,7675.0,7744.5,Put VEX 5,VEX,-51043.841,7582.452322598976,7582.452322598976
2026-09-17 08:02:49,7700.0,7769.75,Put CEX 1,CEX,-193583.659,7582.452322598976,7582.452322598976
2026-09-17 08:02:49,7700.0,7769.75,Put DEX 1,DEX,-32.8,7582.452322598976,7582.452322598976
2026-09-17 08:02:49,7700.0,7769.75,Put VEX 1,VEX,-176044.599,7582.452322598976,7582.452322598976
2026-09-17 08:02:49,7725.0,7795.0,Call GEX 4,GEX,12157.916,7582.452322598976,7582.452322598976
2026-09-17 08:02:49,7750.0,7820.0,Put CEX 2,CEX,-82678.859,7582.452322598976,7582.452322598976
2026-09-17 08:02:49,7750.0,7820.0,Call GEX 3,GEX,12307.664,7582.452322598976,7582.452322598976
2026-09-17 08:02:49,7750.0,7820.0,Put VEX 2,VEX,-92129.759,7582.452322598976,7582.452322598976
2026-09-17 08:02:49,7775.0,7845.25,Call GEX 2,GEX,12334.908,7582.452322598976,7582.452322598976
2026-09-17 08:02:49,7790.0,7860.5,Call GEX 1,GEX,13978.223,7582.452322598976,7582.452322598976
2026-09-17 08:02:49,7800.0,7870.5,Call GEX 5,GEX,12092.115,7582.452322598976,7582.452322598976
2026-09-17 08:02:49,7800.0,7870.5,Put VEX 4,VEX,-55293.097,7582.452322598976,7582.452322598976
2026-09-17 08:02:49,7840.0,7911.0,Call DEX 5,DEX,0.548,7582.452322598976,7582.452322598976
2026-09-17 08:03:28,6300.0,6357.5,Call CEX 3,CEX,103364.947,7582.452322598976,7582.452322598976
2026-09-17 08:03:28,6300.0,6357.5,Call VEX 2,VEX,155718.207,7582.452322598976,7582.452322598976
2026-09-17 08:03:28,6400.0,6458.25,Call CEX 2,CEX,108952.379,7582.452322598976,7582.452322598976
2026-09-17 08:03:28,6400.0,6458.25,Call VEX 1,VEX,164363.759,7582.452322598976,7582.452322598976
2026-09-17 08:03:28,6940.0,7003.25,Call DEX 4,DEX,0.751,7582.452322598976,7582.452322598976
2026-09-17 08:03:28,7000.0,7063.75,Call DEX 1,DEX,33.618,7582.452322598976,7582.452322598976
2026-09-17 08:03:28,7050.0,7114.25,Call CEX 5,CEX,77142.735,7582.452322598976,7582.452322598976
2026-09-17 08:03:28,7050.0,7114.25,Call VEX 3,VEX,106041.713,7582.452322598976,7582.452322598976
2026-09-17 08:03:28,7080.0,7144.5,Call DEX 2,DEX,2.016,7582.452322598976,7582.452322598976
2026-09-17 08:03:28,7220.0,7285.75,Call DEX 3,DEX,1.14,7582.452322598976,7582.452322598976
2026-09-17 08:03:28,7350.0,7417.0,Call CEX 1,CEX,109641.152,7582.452322598976,7582.452322598976
2026-09-17 08:03:28,7350.0,7417.0,Call VEX 4,VEX,105456.396,7582.452322598976,7582.452322598976
2026-09-17 08:03:28,7360.0,7427.0,Call CEX 4,CEX,96176.634,7582.452322598976,7582.452322598976
2026-09-17 08:03:28,7360.0,7427.0,Call VEX 5,VEX,90454.331,7582.452322598976,7582.452322598976
2026-09-17 08:03:28,7450.0,7518.0,Put GEX 2,GEX,-72752.604,7582.452322598976,7582.452322598976
2026-09-17 08:03:28,7500.0,7568.25,Put DEX 2,DEX,-21.686,7582.452322598976,7582.452322598976
2026-09-17 08:03:28,7500.0,7568.25,Put GEX 1,GEX,-99967.617,7582.452322598976,7582.452322598976
2026-09-17 08:03:28,7550.0,7618.75,Put DEX 5,DEX,-17.779,7582.452322598976,7582.452322598976
2026-09-17 08:03:28,7550.0,7618.75,Put GEX 4,GEX,-71013.095,7582.452322598976,7582.452322598976
2026-09-17 08:03:28,7570.0,7639.0,Put DEX 3,DEX,-20.892,7582.452322598976,7582.452322598976
2026-09-17 08:03:28,7570.0,7639.0,Put GEX 3,GEX,-71876.017,7582.452322598976,7582.452322598976
2026-09-17 08:03:28,7575.0,7644.0,Put DEX 4,DEX,-18.094,7582.452322598976,7582.452322598976
2026-09-17 08:03:28,7575.0,7644.0,Put GEX 5,GEX,-63392.309,7582.452322598976,7582.452322598976
2026-09-17 08:03:28,7600.0,7669.25,Put CEX 4,CEX,-53168.419,7582.452322598976,7582.452322598976
2026-09-17 08:03:28,7650.0,7719.75,Put CEX 3,CEX,-58785.011,7582.452322598976,7582.452322598976
2026-09-17 08:03:28,7650.0,7719.75,Put VEX 3,VEX,-55428.356,7582.452322598976,7582.452322598976
2026-09-17 08:03:28,7675.0,7745.0,Put CEX 5,CEX,-52269.022,7582.452322598976,7582.452322598976
2026-09-17 08:03:28,7675.0,7745.0,Put VEX 5,VEX,-51043.841,7582.452322598976,7582.452322598976
2026-09-17 08:03:28,7700.0,7770.25,Put CEX 1,CEX,-193583.659,7582.452322598976,7582.452322598976
2026-09-17 08:03:28,7700.0,7770.25,Put DEX 1,DEX,-32.8,7582.452322598976,7582.452322598976
2026-09-17 08:03:28,7700.0,7770.25,Put VEX 1,VEX,-176044.599,7582.452322598976,7582.452322598976
2026-09-17 08:03:28,7725.0,7795.5,Call GEX 4,GEX,12157.916,7582.452322598976,7582.452322598976
2026-09-17 08:03:28,7750.0,7820.75,Put CEX 2,CEX,-82678.859,7582.452322598976,7582.452322598976
2026-09-17 08:03:28,7750.0,7820.75,Call GEX 3,GEX,12307.664,7582.452322598976,7582.452322598976
2026-09-17 08:03:28,7750.0,7820.75,Put VEX 2,VEX,-92129.759,7582.452322598976,7582.452322598976
2026-09-17 08:03:28,7775.0,7845.75,Call GEX 2,GEX,12334.908,7582.452322598976,7582.452322598976
2026-09-17 08:03:28,7790.0,7861.0,Call GEX 1,GEX,13978.223,7582.452322598976,7582.452322598976
2026-09-17 08:03:28,7800.0,7871.0,Call GEX 5,GEX,12092.115,7582.452322598976,7582.452322598976
2026-09-17 08:03:28,7800.0,7871.0,Put VEX 4,VEX,-55293.097,7582.452322598976,7582.452322598976
2026-09-17 08:03:28,7840.0,7911.5,Call DEX 5,DEX,0.548,7582.452322598976,7582.452322598976
2026-09-17 08:04:06,6300.0,6357.0,Call CEX 3,CEX,103364.947,7582.452322598976,7582.452322598976
2026-09-17 08:04:06,6300.0,6357.0,Call VEX 2,VEX,155718.207,7582.452322598976,7582.452322598976
2026-09-17 08:04:06,6400.0,6458.0,Call CEX 2,CEX,108952.379,7582.452322598976,7582.452322598976
2026-09-17 08:04:06,6400.0,6458.0,Call VEX 1,VEX,164363.759,7582.452322598976,7582.452322598976
2026-09-17 08:04:06,6940.0,7003.0,Call DEX 4,DEX,0.751,7582.452322598976,7582.452322598976
2026-09-17 08:04:06,7000.0,7063.5,Call DEX 1,DEX,33.618,7582.452322598976,7582.452322598976
2026-09-17 08:04:06,7050.0,7114.0,Call CEX 5,CEX,77142.735,7582.452322598976,7582.452322598976
2026-09-17 08:04:06,7050.0,7114.0,Call VEX 3,VEX,106041.713,7582.452322598976,7582.452322598976
2026-09-17 08:04:06,7080.0,7144.25,Call DEX 2,DEX,2.016,7582.452322598976,7582.452322598976
2026-09-17 08:04:06,7220.0,7285.5,Call DEX 3,DEX,1.14,7582.452322598976,7582.452322598976
2026-09-17 08:04:06,7350.0,7416.5,Call CEX 1,CEX,109641.152,7582.452322598976,7582.452322598976
2026-09-17 08:04:06,7350.0,7416.5,Call VEX 4,VEX,105456.396,7582.452322598976,7582.452322598976
2026-09-17 08:04:06,7360.0,7426.75,Call CEX 4,CEX,96176.634,7582.452322598976,7582.452322598976
2026-09-17 08:04:06,7360.0,7426.75,Call VEX 5,VEX,90454.331,7582.452322598976,7582.452322598976
2026-09-17 08:04:06,7450.0,7517.5,Put GEX 2,GEX,-72752.604,7582.452322598976,7582.452322598976
2026-09-17 08:04:06,7500.0,7568.0,Put DEX 2,DEX,-21.686,7582.452322598976,7582.452322598976
2026-09-17 08:04:06,7500.0,7568.0,Put GEX 1,GEX,-99967.617,7582.452322598976,7582.452322598976
2026-09-17 08:04:06,7550.0,7618.5,Put DEX 5,DEX,-17.779,7582.452322598976,7582.452322598976
2026-09-17 08:04:06,7550.0,7618.5,Put GEX 4,GEX,-71013.095,7582.452322598976,7582.452322598976
2026-09-17 08:04:06,7570.0,7638.5,Put DEX 3,DEX,-20.892,7582.452322598976,7582.452322598976
2026-09-17 08:04:06,7570.0,7638.5,Put GEX 3,GEX,-71876.017,7582.452322598976,7582.452322598976
2026-09-17 08:04:06,7575.0,7643.75,Put DEX 4,DEX,-18.094,7582.452322598976,7582.452322598976
2026-09-17 08:04:06,7575.0,7643.75,Put GEX 5,GEX,-63392.309,7582.452322598976,7582.452322598976
2026-09-17 08:04:06,7600.0,7668.75,Put CEX 4,CEX,-53168.419,7582.452322598976,7582.452322598976
2026-09-17 08:04:06,7650.0,7719.25,Put CEX 3,CEX,-58785.011,7582.452322598976,7582.452322598976
2026-09-17 08:04:06,7650.0,7719.25,Put VEX 3,VEX,-55428.356,7582.452322598976,7582.452322598976
2026-09-17 08:04:06,7675.0,7744.5,Put CEX 5,CEX,-52269.022,7582.452322598976,7582.452322598976
2026-09-17 08:04:06,7675.0,7744.5,Put VEX 5,VEX,-51043.841,7582.452322598976,7582.452322598976
2026-09-17 08:04:06,7700.0,7769.75,Put CEX 1,CEX,-193583.659,7582.452322598976,7582.452322598976
2026-09-17 08:04:06,7700.0,7769.75,Put DEX 1,DEX,-32.8,7582.452322598976,7582.452322598976
2026-09-17 08:04:06,7700.0,7769.75,Put VEX 1,VEX,-176044.599,7582.452322598976,7582.452322598976
2026-09-17 08:04:06,7725.0,7795.0,Call GEX 4,GEX,12157.916,7582.452322598976,7582.452322598976
2026-09-17 08:04:06,7750.0,7820.25,Put CEX 2,CEX,-82678.859,7582.452322598976,7582.452322598976
2026-09-17 08:04:06,7750.0,7820.25,Call GEX 3,GEX,12307.664,7582.452322598976,7582.452322598976
2026-09-17 08:04:06,7750.0,7820.25,Put VEX 2,VEX,-92129.759,7582.452322598976,7582.452322598976
2026-09-17 08:04:06,7775.0,7845.5,Call GEX 2,GEX,12334.908,7582.452322598976,7582.452322598976
2026-09-17 08:04:06,7790.0,7860.5,Call GEX 1,GEX,13978.223,7582.452322598976,7582.452322598976
2026-09-17 08:04:06,7800.0,7870.75,Call GEX 5,GEX,12092.115,7582.452322598976,7582.452322598976
2026-09-17 08:04:06,7800.0,7870.75,Put VEX 4,VEX,-55293.097,7582.452322598976,7582.452322598976
2026-09-17 08:04:06,7840.0,7911.0,Call DEX 5,DEX,0.548,7582.452322598976,7582.452322598976
2026-09-17 08:04:44,6300.0,6356.5,Call CEX 3,CEX,103364.947,7582.452322598976,7582.452322598976
2026-09-17 08:04:44,6300.0,6356.5,Call VEX 2,VEX,155718.207,7582.452322598976,7582.452322598976
2026-09-17 08:04:44,6400.0,6457.5,Call CEX 2,CEX,108952.379,7582.452322598976,7582.452322598976
2026-09-17 08:04:44,6400.0,6457.5,Call VEX 1,VEX,164363.759,7582.452322598976,7582.452322598976
2026-09-17 08:04:44,6940.0,7002.25,Call DEX 4,DEX,0.751,7582.452322598976,7582.452322598976
2026-09-17 08:04:44,7000.0,7063.0,Call DEX 1,DEX,33.618,7582.452322598976,7582.452322598976
2026-09-17 08:04:44,7050.0,7113.25,Call CEX 5,CEX,77142.735,7582.452322598976,7582.452322598976
2026-09-17 08:04:44,7050.0,7113.25,Call VEX 3,VEX,106041.713,7582.452322598976,7582.452322598976
2026-09-17 08:04:44,7080.0,7143.5,Call DEX 2,DEX,2.016,7582.452322598976,7582.452322598976
2026-09-17 08:04:44,7220.0,7284.75,Call DEX 3,DEX,1.14,7582.452322598976,7582.452322598976
2026-09-17 08:04:44,7350.0,7416.0,Call CEX 1,CEX,109641.152,7582.452322598976,7582.452322598976
2026-09-17 08:04:44,7350.0,7416.0,Call VEX 4,VEX,105456.396,7582.452322598976,7582.452322598976
2026-09-17 08:04:44,7360.0,7426.0,Call CEX 4,CEX,96176.634,7582.452322598976,7582.452322598976
2026-09-17 08:04:44,7360.0,7426.0,Call VEX 5,VEX,90454.331,7582.452322598976,7582.452322598976
2026-09-17 08:04:44,7450.0,7517.0,Put GEX 2,GEX,-72752.604,7582.452322598976,7582.452322598976
2026-09-17 08:04:44,7500.0,7567.25,Put DEX 2,DEX,-21.686,7582.452322598976,7582.452322598976
2026-09-17 08:04:44,7500.0,7567.25,Put GEX 1,GEX,-99967.617,7582.452322598976,7582.452322598976
2026-09-17 08:04:44,7550.0,7617.75,Put DEX 5,DEX,-17.779,7582.452322598976,7582.452322598976
2026-09-17 08:04:44,7550.0,7617.75,Put GEX 4,GEX,-71013.095,7582.452322598976,7582.452322598976
2026-09-17 08:04:44,7570.0,7638.0,Put DEX 3,DEX,-20.892,7582.452322598976,7582.452322598976
2026-09-17 08:04:44,7570.0,7638.0,Put GEX 3,GEX,-71876.017,7582.452322598976,7582.452322598976
2026-09-17 08:04:44,7575.0,7643.0,Put DEX 4,DEX,-18.094,7582.452322598976,7582.452322598976
2026-09-17 08:04:44,7575.0,7643.0,Put GEX 5,GEX,-63392.309,7582.452322598976,7582.452322598976
2026-09-17 08:04:44,7600.0,7668.25,Put CEX 4,CEX,-53168.419,7582.452322598976,7582.452322598976
2026-09-17 08:04:44,7650.0,7718.75,Put CEX 3,CEX,-58785.011,7582.452322598976,7582.452322598976
2026-09-17 08:04:44,7650.0,7718.75,Put VEX 3,VEX,-55428.356,7582.452322598976,7582.452322598976
2026-09-17 08:04:44,7675.0,7744.0,Put CEX 5,CEX,-52269.022,7582.452322598976,7582.452322598976
2026-09-17 08:04:44,7675.0,7744.0,Put VEX 5,VEX,-51043.841,7582.452322598976,7582.452322598976
2026-09-17 08:04:44,7700.0,7769.25,Put CEX 1,CEX,-193583.659,7582.452322598976,7582.452322598976
2026-09-17 08:04:44,7700.0,7769.25,Put DEX 1,DEX,-32.8,7582.452322598976,7582.452322598976
2026-09-17 08:04:44,7700.0,7769.25,Put VEX 1,VEX,-176044.599,7582.452322598976,7582.452322598976
2026-09-17 08:04:44,7725.0,7794.5,Call GEX 4,GEX,12157.916,7582.452322598976,7582.452322598976
2026-09-17 08:04:44,7750.0,7819.5,Put CEX 2,CEX,-82678.859,7582.452322598976,7582.452322598976
2026-09-17 08:04:44,7750.0,7819.5,Call GEX 3,GEX,12307.664,7582.452322598976,7582.452322598976
2026-09-17 08:04:44,7750.0,7819.5,Put VEX 2,VEX,-92129.759,7582.452322598976,7582.452322598976
2026-09-17 08:04:44,7775.0,7844.75,Call GEX 2,GEX,12334.908,7582.452322598976,7582.452322598976
2026-09-17 08:04:44,7790.0,7860.0,Call GEX 1,GEX,13978.223,7582.452322598976,7582.452322598976
2026-09-17 08:04:44,7800.0,7870.0,Call GEX 5,GEX,12092.115,7582.452322598976,7582.452322598976
2026-09-17 08:04:44,7800.0,7870.0,Put VEX 4,VEX,-55293.097,7582.452322598976,7582.452322598976
2026-09-17 08:04:44,7840.0,7910.5,Call DEX 5,DEX,0.548,7582.452322598976,7582.452322598976
2026-09-17 08:05:27,6300.0,6357.0,Call CEX 3,CEX,103364.947,7582.452322598976,7582.452322598976
2026-09-17 08:05:27,6300.0,6357.0,Call VEX 2,VEX,155718.207,7582.452322598976,7582.452322598976
2026-09-17 08:05:27,6400.0,6458.0,Call CEX 2,CEX,108952.379,7582.452322598976,7582.452322598976
2026-09-17 08:05:27,6400.0,6458.0,Call VEX 1,VEX,164363.759,7582.452322598976,7582.452322598976
2026-09-17 08:05:27,6940.0,7002.75,Call DEX 4,DEX,0.751,7582.452322598976,7582.452322598976
2026-09-17 08:05:27,7000.0,7063.25,Call DEX 1,DEX,33.618,7582.452322598976,7582.452322598976
2026-09-17 08:05:27,7050.0,7113.75,Call CEX 5,CEX,77142.735,7582.452322598976,7582.452322598976
2026-09-17 08:05:27,7050.0,7113.75,Call VEX 3,VEX,106041.713,7582.452322598976,7582.452322598976
2026-09-17 08:05:27,7080.0,7144.0,Call DEX 2,DEX,2.016,7582.452322598976,7582.452322598976
2026-09-17 08:05:27,7220.0,7285.25,Call DEX 3,DEX,1.14,7582.452322598976,7582.452322598976
2026-09-17 08:05:27,7350.0,7416.5,Call CEX 1,CEX,109641.152,7582.452322598976,7582.452322598976
2026-09-17 08:05:27,7350.0,7416.5,Call VEX 4,VEX,105456.396,7582.452322598976,7582.452322598976
2026-09-17 08:05:27,7360.0,7426.5,Call CEX 4,CEX,96176.634,7582.452322598976,7582.452322598976
2026-09-17 08:05:27,7360.0,7426.5,Call VEX 5,VEX,90454.331,7582.452322598976,7582.452322598976
2026-09-17 08:05:27,7450.0,7517.5,Put GEX 2,GEX,-72752.604,7582.452322598976,7582.452322598976
2026-09-17 08:05:27,7500.0,7567.75,Put DEX 2,DEX,-21.686,7582.452322598976,7582.452322598976
2026-09-17 08:05:27,7500.0,7567.75,Put GEX 1,GEX,-99967.617,7582.452322598976,7582.452322598976
2026-09-17 08:05:27,7550.0,7618.25,Put DEX 5,DEX,-17.779,7582.452322598976,7582.452322598976
2026-09-17 08:05:27,7550.0,7618.25,Put GEX 4,GEX,-71013.095,7582.452322598976,7582.452322598976
2026-09-17 08:05:27,7570.0,7638.5,Put DEX 3,DEX,-20.892,7582.452322598976,7582.452322598976
2026-09-17 08:05:27,7570.0,7638.5,Put GEX 3,GEX,-71876.017,7582.452322598976,7582.452322598976
2026-09-17 08:05:27,7575.0,7643.5,Put DEX 4,DEX,-18.094,7582.452322598976,7582.452322598976
2026-09-17 08:05:27,7575.0,7643.5,Put GEX 5,GEX,-63392.309,7582.452322598976,7582.452322598976
2026-09-17 08:05:27,7600.0,7668.75,Put CEX 4,CEX,-53168.419,7582.452322598976,7582.452322598976
2026-09-17 08:05:27,7650.0,7719.25,Put CEX 3,CEX,-58785.011,7582.452322598976,7582.452322598976
2026-09-17 08:05:27,7650.0,7719.25,Put VEX 3,VEX,-55428.356,7582.452322598976,7582.452322598976
2026-09-17 08:05:27,7675.0,7744.5,Put CEX 5,CEX,-52269.022,7582.452322598976,7582.452322598976
2026-09-17 08:05:27,7675.0,7744.5,Put VEX 5,VEX,-51043.841,7582.452322598976,7582.452322598976
2026-09-17 08:05:27,7700.0,7769.75,Put CEX 1,CEX,-193583.659,7582.452322598976,7582.452322598976
2026-09-17 08:05:27,7700.0,7769.75,Put DEX 1,DEX,-32.8,7582.452322598976,7582.452322598976
2026-09-17 08:05:27,7700.0,7769.75,Put VEX 1,VEX,-176044.599,7582.452322598976,7582.452322598976
2026-09-17 08:05:27,7725.0,7794.75,Call GEX 4,GEX,12157.916,7582.452322598976,7582.452322598976
2026-09-17 08:05:27,7750.0,7820.0,Put CEX 2,CEX,-82678.859,7582.452322598976,7582.452322598976
2026-09-17 08:05:27,7750.0,7820.0,Call GEX 3,GEX,12307.664,7582.452322598976,7582.452322598976
2026-09-17 08:05:27,7750.0,7820.0,Put VEX 2,VEX,-92129.759,7582.452322598976,7582.452322598976
2026-09-17 08:05:27,7775.0,7845.25,Call GEX 2,GEX,12334.908,7582.452322598976,7582.452322598976
2026-09-17 08:05:27,7790.0,7860.5,Call GEX 1,GEX,13978.223,7582.452322598976,7582.452322598976
2026-09-17 08:05:27,7800.0,7870.5,Call GEX 5,GEX,12092.115,7582.452322598976,7582.452322598976
2026-09-17 08:05:27,7800.0,7870.5,Put VEX 4,VEX,-55293.097,7582.452322598976,7582.452322598976
2026-09-17 08:05:27,7840.0,7911.0,Call DEX 5,DEX,0.548,7582.452322598976,7582.452322598976
2026-09-17 08:06:06,6300.0,6357.0,Call CEX 3,CEX,103364.947,7582.452322598976,7582.452322598976
2026-09-17 08:06:06,6300.0,6357.0,Call VEX 2,VEX,155718.207,7582.452322598976,7582.452322598976
2026-09-17 08:06:06,6400.0,6457.75,Call CEX 2,CEX,108952.379,7582.452322598976,7582.452322598976
2026-09-17 08:06:06,6400.0,6457.75,Call VEX 1,VEX,164363.759,7582.452322598976,7582.452322598976
2026-09-17 08:06:06,6940.0,7002.75,Call DEX 4,DEX,0.751,7582.452322598976,7582.452322598976
2026-09-17 08:06:06,7000.0,7063.25,Call DEX 1,DEX,33.618,7582.452322598976,7582.452322598976
2026-09-17 08:06:06,7050.0,7113.75,Call CEX 5,CEX,77142.735,7582.452322598976,7582.452322598976
2026-09-17 08:06:06,7050.0,7113.75,Call VEX 3,VEX,106041.713,7582.452322598976,7582.452322598976
2026-09-17 08:06:06,7080.0,7144.0,Call DEX 2,DEX,2.016,7582.452322598976,7582.452322598976
2026-09-17 08:06:06,7220.0,7285.25,Call DEX 3,DEX,1.14,7582.452322598976,7582.452322598976
2026-09-17 08:06:06,7350.0,7416.5,Call CEX 1,CEX,109641.152,7582.452322598976,7582.452322598976
2026-09-17 08:06:06,7350.0,7416.5,Call VEX 4,VEX,105456.396,7582.452322598976,7582.452322598976
2026-09-17 08:06:06,7360.0,7426.5,Call CEX 4,CEX,96176.634,7582.452322598976,7582.452322598976
2026-09-17 08:06:06,7360.0,7426.5,Call VEX 5,VEX,90454.331,7582.452322598976,7582.452322598976
2026-09-17 08:06:06,7450.0,7517.25,Put GEX 2,GEX,-72752.604,7582.452322598976,7582.452322598976
2026-09-17 08:06:06,7500.0,7567.75,Put DEX 2,DEX,-21.686,7582.452322598976,7582.452322598976
2026-09-17 08:06:06,7500.0,7567.75,Put GEX 1,GEX,-99967.617,7582.452322598976,7582.452322598976
2026-09-17 08:06:06,7550.0,7618.25,Put DEX 5,DEX,-17.779,7582.452322598976,7582.452322598976
2026-09-17 08:06:06,7550.0,7618.25,Put GEX 4,GEX,-71013.095,7582.452322598976,7582.452322598976
2026-09-17 08:06:06,7570.0,7638.5,Put DEX 3,DEX,-20.892,7582.452322598976,7582.452322598976
2026-09-17 08:06:06,7570.0,7638.5,Put GEX 3,GEX,-71876.017,7582.452322598976,7582.452322598976
2026-09-17 08:06:06,7575.0,7643.5,Put DEX 4,DEX,-18.094,7582.452322598976,7582.452322598976
2026-09-17 08:06:06,7575.0,7643.5,Put GEX 5,GEX,-63392.309,7582.452322598976,7582.452322598976
2026-09-17 08:06:06,7600.0,7668.75,Put CEX 4,CEX,-53168.419,7582.452322598976,7582.452322598976
2026-09-17 08:06:06,7650.0,7719.25,Put CEX 3,CEX,-58785.011,7582.452322598976,7582.452322598976
2026-09-17 08:06:06,7650.0,7719.25,Put VEX 3,VEX,-55428.356,7582.452322598976,7582.452322598976
2026-09-17 08:06:06,7675.0,7744.25,Put CEX 5,CEX,-52269.022,7582.452322598976,7582.452322598976
2026-09-17 08:06:06,7675.0,7744.25,Put VEX 5,VEX,-51043.841,7582.452322598976,7582.452322598976
2026-09-17 08:06:06,7700.0,7769.5,Put CEX 1,CEX,-193583.659,7582.452322598976,7582.452322598976
2026-09-17 08:06:06,7700.0,7769.5,Put DEX 1,DEX,-32.8,7582.452322598976,7582.452322598976
2026-09-17 08:06:06,7700.0,7769.5,Put VEX 1,VEX,-176044.599,7582.452322598976,7582.452322598976
2026-09-17 08:06:06,7725.0,7794.75,Call GEX 4,GEX,12157.916,7582.452322598976,7582.452322598976
2026-09-17 08:06:06,7750.0,7820.0,Put CEX 2,CEX,-82678.859,7582.452322598976,7582.452322598976
2026-09-17 08:06:06,7750.0,7820.0,Call GEX 3,GEX,12307.664,7582.452322598976,7582.452322598976
2026-09-17 08:06:06,7750.0,7820.0,Put VEX 2,VEX,-92129.759,7582.452322598976,7582.452322598976
2026-09-17 08:06:06,7775.0,7845.25,Call GEX 2,GEX,12334.908,7582.452322598976,7582.452322598976
2026-09-17 08:06:06,7790.0,7860.5,Call GEX 1,GEX,13978.223,7582.452322598976,7582.452322598976
2026-09-17 08:06:06,7800.0,7870.5,Call GEX 5,GEX,12092.115,7582.452322598976,7582.452322598976
2026-09-17 08:06:06,7800.0,7870.5,Put VEX 4,VEX,-55293.097,7582.452322598976,7582.452322598976
2026-09-17 08:06:06,7840.0,7910.75,Call DEX 5,DEX,0.548,7582.452322598976,7582.452322598976
2026-09-17 08:06:44,6300.0,6357.25,Call CEX 3,CEX,103364.947,7582.452322598976,7582.452322598976
2026-09-17 08:06:44,6300.0,6357.25,Call VEX 2,VEX,155718.207,7582.452322598976,7582.452322598976
2026-09-17 08:06:44,6400.0,6458.0,Call CEX 2,CEX,108952.379,7582.452322598976,7582.452322598976
2026-09-17 08:06:44,6400.0,6458.0,Call VEX 1,VEX,164363.759,7582.452322598976,7582.452322598976
2026-09-17 08:06:44,6940.0,7003.0,Call DEX 4,DEX,0.751,7582.452322598976,7582.452322598976
2026-09-17 08:06:44,7000.0,7063.5,Call DEX 1,DEX,33.618,7582.452322598976,7582.452322598976
2026-09-17 08:06:44,7050.0,7114.0,Call CEX 5,CEX,77142.735,7582.452322598976,7582.452322598976
2026-09-17 08:06:44,7050.0,7114.0,Call VEX 3,VEX,106041.713,7582.452322598976,7582.452322598976
2026-09-17 08:06:44,7080.0,7144.25,Call DEX 2,DEX,2.016,7582.452322598976,7582.452322598976
2026-09-17 08:06:44,7220.0,7285.5,Call DEX 3,DEX,1.14,7582.452322598976,7582.452322598976
2026-09-17 08:06:44,7350.0,7416.75,Call CEX 1,CEX,109641.152,7582.452322598976,7582.452322598976
2026-09-17 08:06:44,7350.0,7416.75,Call VEX 4,VEX,105456.396,7582.452322598976,7582.452322598976
2026-09-17 08:06:44,7360.0,7426.75,Call CEX 4,CEX,96176.634,7582.452322598976,7582.452322598976
2026-09-17 08:06:44,7360.0,7426.75,Call VEX 5,VEX,90454.331,7582.452322598976,7582.452322598976
2026-09-17 08:06:44,7450.0,7517.75,Put GEX 2,GEX,-72752.604,7582.452322598976,7582.452322598976
2026-09-17 08:06:44,7500.0,7568.0,Put DEX 2,DEX,-21.686,7582.452322598976,7582.452322598976
2026-09-17 08:06:44,7500.0,7568.0,Put GEX 1,GEX,-99967.617,7582.452322598976,7582.452322598976
2026-09-17 08:06:44,7550.0,7618.5,Put DEX 5,DEX,-17.779,7582.452322598976,7582.452322598976
2026-09-17 08:06:44,7550.0,7618.5,Put GEX 4,GEX,-71013.095,7582.452322598976,7582.452322598976
2026-09-17 08:06:44,7570.0,7638.75,Put DEX 3,DEX,-20.892,7582.452322598976,7582.452322598976
2026-09-17 08:06:44,7570.0,7638.75,Put GEX 3,GEX,-71876.017,7582.452322598976,7582.452322598976
2026-09-17 08:06:44,7575.0,7643.75,Put DEX 4,DEX,-18.094,7582.452322598976,7582.452322598976
2026-09-17 08:06:44,7575.0,7643.75,Put GEX 5,GEX,-63392.309,7582.452322598976,7582.452322598976
2026-09-17 08:06:44,7600.0,7669.0,Put CEX 4,CEX,-53168.419,7582.452322598976,7582.452322598976
2026-09-17 08:06:44,7650.0,7719.5,Put CEX 3,CEX,-58785.011,7582.452322598976,7582.452322598976
2026-09-17 08:06:44,7650.0,7719.5,Put VEX 3,VEX,-55428.356,7582.452322598976,7582.452322598976
2026-09-17 08:06:44,7675.0,7744.75,Put CEX 5,CEX,-52269.022,7582.452322598976,7582.452322598976
2026-09-17 08:06:44,7675.0,7744.75,Put VEX 5,VEX,-51043.841,7582.452322598976,7582.452322598976
2026-09-17 08:06:44,7700.0,7770.0,Put CEX 1,CEX,-193583.659,7582.452322598976,7582.452322598976
2026-09-17 08:06:44,7700.0,7770.0,Put DEX 1,DEX,-32.8,7582.452322598976,7582.452322598976
2026-09-17 08:06:44,7700.0,7770.0,Put VEX 1,VEX,-176044.599,7582.452322598976,7582.452322598976
2026-09-17 08:06:44,7725.0,7795.25,Call GEX 4,GEX,12157.916,7582.452322598976,7582.452322598976
2026-09-17 08:06:44,7750.0,7820.25,Put CEX 2,CEX,-82678.859,7582.452322598976,7582.452322598976
2026-09-17 08:06:44,7750.0,7820.25,Call GEX 3,GEX,12307.664,7582.452322598976,7582.452322598976
2026-09-17 08:06:44,7750.0,7820.25,Put VEX 2,VEX,-92129.759,7582.452322598976,7582.452322598976
2026-09-17 08:06:44,7775.0,7845.5,Call GEX 2,GEX,12334.908,7582.452322598976,7582.452322598976
2026-09-17 08:06:44,7790.0,7860.75,Call GEX 1,GEX,13978.223,7582.452322598976,7582.452322598976
2026-09-17 08:06:44,7800.0,7870.75,Call GEX 5,GEX,12092.115,7582.452322598976,7582.452322598976
2026-09-17 08:06:44,7800.0,7870.75,Put VEX 4,VEX,-55293.097,7582.452322598976,7582.452322598976
2026-09-17 08:06:44,7840.0,7911.25,Call DEX 5,DEX,0.548,7582.452322598976,7582.452322598976
2026-09-17 08:07:22,6300.0,6357.25,Call CEX 3,CEX,103364.947,7582.452322598976,7582.452322598976
2026-09-17 08:07:22,6300.0,6357.25,Call VEX 2,VEX,155718.207,7582.452322598976,7582.452322598976
2026-09-17 08:07:22,6400.0,6458.25,Call CEX 2,CEX,108952.379,7582.452322598976,7582.452322598976
2026-09-17 08:07:22,6400.0,6458.25,Call VEX 1,VEX,164363.759,7582.452322598976,7582.452322598976
2026-09-17 08:07:22,6940.0,7003.25,Call DEX 4,DEX,0.751,7582.452322598976,7582.452322598976
2026-09-17 08:07:22,7000.0,7063.75,Call DEX 1,DEX,33.618,7582.452322598976,7582.452322598976
2026-09-17 08:07:22,7050.0,7114.25,Call CEX 5,CEX,77142.735,7582.452322598976,7582.452322598976
2026-09-17 08:07:22,7050.0,7114.25,Call VEX 3,VEX,106041.713,7582.452322598976,7582.452322598976
2026-09-17 08:07:22,7080.0,7144.5,Call DEX 2,DEX,2.016,7582.452322598976,7582.452322598976
2026-09-17 08:07:22,7220.0,7285.75,Call DEX 3,DEX,1.14,7582.452322598976,7582.452322598976
2026-09-17 08:07:22,7350.0,7417.0,Call CEX 1,CEX,109641.152,7582.452322598976,7582.452322598976
2026-09-17 08:07:22,7350.0,7417.0,Call VEX 4,VEX,105456.396,7582.452322598976,7582.452322598976
2026-09-17 08:07:22,7360.0,7427.0,Call CEX 4,CEX,96176.634,7582.452322598976,7582.452322598976
2026-09-17 08:07:22,7360.0,7427.0,Call VEX 5,VEX,90454.331,7582.452322598976,7582.452322598976
2026-09-17 08:07:22,7450.0,7517.75,Put GEX 2,GEX,-72752.604,7582.452322598976,7582.452322598976
2026-09-17 08:07:22,7500.0,7568.25,Put DEX 2,DEX,-21.686,7582.452322598976,7582.452322598976
2026-09-17 08:07:22,7500.0,7568.25,Put GEX 1,GEX,-99967.617,7582.452322598976,7582.452322598976
2026-09-17 08:07:22,7550.0,7618.75,Put DEX 5,DEX,-17.779,7582.452322598976,7582.452322598976
2026-09-17 08:07:22,7550.0,7618.75,Put GEX 4,GEX,-71013.095,7582.452322598976,7582.452322598976
2026-09-17 08:07:22,7570.0,7639.0,Put DEX 3,DEX,-20.892,7582.452322598976,7582.452322598976
2026-09-17 08:07:22,7570.0,7639.0,Put GEX 3,GEX,-71876.017,7582.452322598976,7582.452322598976
2026-09-17 08:07:22,7575.0,7644.0,Put DEX 4,DEX,-18.094,7582.452322598976,7582.452322598976
2026-09-17 08:07:22,7575.0,7644.0,Put GEX 5,GEX,-63392.309,7582.452322598976,7582.452322598976
2026-09-17 08:07:22,7600.0,7669.25,Put CEX 4,CEX,-53168.419,7582.452322598976,7582.452322598976
2026-09-17 08:07:22,7650.0,7719.5,Put CEX 3,CEX,-58785.011,7582.452322598976,7582.452322598976
2026-09-17 08:07:22,7650.0,7719.5,Put VEX 3,VEX,-55428.356,7582.452322598976,7582.452322598976
2026-09-17 08:07:22,7675.0,7744.75,Put CEX 5,CEX,-52269.022,7582.452322598976,7582.452322598976
2026-09-17 08:07:22,7675.0,7744.75,Put VEX 5,VEX,-51043.841,7582.452322598976,7582.452322598976
2026-09-17 08:07:22,7700.0,7770.0,Put CEX 1,CEX,-193583.659,7582.452322598976,7582.452322598976
2026-09-17 08:07:22,7700.0,7770.0,Put DEX 1,DEX,-32.8,7582.452322598976,7582.452322598976
2026-09-17 08:07:22,7700.0,7770.0,Put VEX 1,VEX,-176044.599,7582.452322598976,7582.452322598976
2026-09-17 08:07:22,7725.0,7795.25,Call GEX 4,GEX,12157.916,7582.452322598976,7582.452322598976
2026-09-17 08:07:22,7750.0,7820.5,Put CEX 2,CEX,-82678.859,7582.452322598976,7582.452322598976
2026-09-17 08:07:22,7750.0,7820.5,Call GEX 3,GEX,12307.664,7582.452322598976,7582.452322598976
2026-09-17 08:07:22,7750.0,7820.5,Put VEX 2,VEX,-92129.759,7582.452322598976,7582.452322598976
2026-09-17 08:07:22,7775.0,7845.75,Call GEX 2,GEX,12334.908,7582.452322598976,7582.452322598976
2026-09-17 08:07:22,7790.0,7861.0,Call GEX 1,GEX,13978.223,7582.452322598976,7582.452322598976
2026-09-17 08:07:22,7800.0,7871.0,Call GEX 5,GEX,12092.115,7582.452322598976,7582.452322598976
2026-09-17 08:07:22,7800.0,7871.0,Put VEX 4,VEX,-55293.097,7582.452322598976,7582.452322598976
2026-09-17 08:07:22,7840.0,7911.25,Call DEX 5,DEX,0.548,7582.452322598976,7582.452322598976
2026-09-17 08:08:00,6300.0,6357.0,Call CEX 3,CEX,103364.947,7582.452322598976,7582.452322598976
2026-09-17 08:08:00,6300.0,6357.0,Call VEX 2,VEX,155718.207,7582.452322598976,7582.452322598976
2026-09-17 08:08:00,6400.0,6458.0,Call CEX 2,CEX,108952.379,7582.452322598976,7582.452322598976
2026-09-17 08:08:00,6400.0,6458.0,Call VEX 1,VEX,164363.759,7582.452322598976,7582.452322598976
2026-09-17 08:08:00,6940.0,7003.0,Call DEX 4,DEX,0.751,7582.452322598976,7582.452322598976
2026-09-17 08:08:00,7000.0,7063.5,Call DEX 1,DEX,33.618,7582.452322598976,7582.452322598976
2026-09-17 08:08:00,7050.0,7114.0,Call CEX 5,CEX,77142.735,7582.452322598976,7582.452322598976
2026-09-17 08:08:00,7050.0,7114.0,Call VEX 3,VEX,106041.713,7582.452322598976,7582.452322598976
2026-09-17 08:08:00,7080.0,7144.25,Call DEX 2,DEX,2.016,7582.452322598976,7582.452322598976
2026-09-17 08:08:00,7220.0,7285.5,Call DEX 3,DEX,1.14,7582.452322598976,7582.452322598976
2026-09-17 08:08:00,7350.0,7416.5,Call CEX 1,CEX,109641.152,7582.452322598976,7582.452322598976
2026-09-17 08:08:00,7350.0,7416.5,Call VEX 4,VEX,105456.396,7582.452322598976,7582.452322598976
2026-09-17 08:08:00,7360.0,7426.75,Call CEX 4,CEX,96176.634,7582.452322598976,7582.452322598976
2026-09-17 08:08:00,7360.0,7426.75,Call VEX 5,VEX,90454.331,7582.452322598976,7582.452322598976
2026-09-17 08:08:00,7450.0,7517.5,Put GEX 2,GEX,-72752.604,7582.452322598976,7582.452322598976
2026-09-17 08:08:00,7500.0,7568.0,Put DEX 2,DEX,-21.686,7582.452322598976,7582.452322598976
2026-09-17 08:08:00,7500.0,7568.0,Put GEX 1,GEX,-99967.617,7582.452322598976,7582.452322598976
2026-09-17 08:08:00,7550.0,7618.5,Put DEX 5,DEX,-17.779,7582.452322598976,7582.452322598976
2026-09-17 08:08:00,7550.0,7618.5,Put GEX 4,GEX,-71013.095,7582.452322598976,7582.452322598976
2026-09-17 08:08:00,7570.0,7638.5,Put DEX 3,DEX,-20.892,7582.452322598976,7582.452322598976
2026-09-17 08:08:00,7570.0,7638.5,Put GEX 3,GEX,-71876.017,7582.452322598976,7582.452322598976
2026-09-17 08:08:00,7575.0,7643.75,Put DEX 4,DEX,-18.094,7582.452322598976,7582.452322598976
2026-09-17 08:08:00,7575.0,7643.75,Put GEX 5,GEX,-63392.309,7582.452322598976,7582.452322598976
2026-09-17 08:08:00,7600.0,7669.0,Put CEX 4,CEX,-53168.419,7582.452322598976,7582.452322598976
2026-09-17 08:08:00,7650.0,7719.25,Put CEX 3,CEX,-58785.011,7582.452322598976,7582.452322598976
2026-09-17 08:08:00,7650.0,7719.25,Put VEX 3,VEX,-55428.356,7582.452322598976,7582.452322598976
2026-09-17 08:08:00,7675.0,7744.5,Put CEX 5,CEX,-52269.022,7582.452322598976,7582.452322598976
2026-09-17 08:08:00,7675.0,7744.5,Put VEX 5,VEX,-51043.841,7582.452322598976,7582.452322598976
2026-09-17 08:08:00,7700.0,7769.75,Put CEX 1,CEX,-193583.659,7582.452322598976,7582.452322598976
2026-09-17 08:08:00,7700.0,7769.75,Put DEX 1,DEX,-32.8,7582.452322598976,7582.452322598976
2026-09-17 08:08:00,7700.0,7769.75,Put VEX 1,VEX,-176044.599,7582.452322598976,7582.452322598976
2026-09-17 08:08:00,7725.0,7795.0,Call GEX 4,GEX,12157.916,7582.452322598976,7582.452322598976
2026-09-17 08:08:00,7750.0,7820.25,Put CEX 2,CEX,-82678.859,7582.452322598976,7582.452322598976
2026-09-17 08:08:00,7750.0,7820.25,Call GEX 3,GEX,12307.664,7582.452322598976,7582.452322598976
2026-09-17 08:08:00,7750.0,7820.25,Put VEX 2,VEX,-92129.759,7582.452322598976,7582.452322598976
2026-09-17 08:08:00,7775.0,7845.5,Call GEX 2,GEX,12334.908,7582.452322598976,7582.452322598976
2026-09-17 08:08:00,7790.0,7860.5,Call GEX 1,GEX,13978.223,7582.452322598976,7582.452322598976
2026-09-17 08:08:00,7800.0,7870.75,Call GEX 5,GEX,12092.115,7582.452322598976,7582.452322598976
2026-09-17 08:08:00,7800.0,7870.75,Put VEX 4,VEX,-55293.097,7582.452322598976,7582.452322598976
2026-09-17 08:08:00,7840.0,7911.0,Call DEX 5,DEX,0.548,7582.452322598976,7582.452322598976
2026-09-17 08:08:38,6300.0,6357.0,Call CEX 3,CEX,103364.947,7582.452322598976,7582.452322598976
2026-09-17 08:08:38,6300.0,6357.0,Call VEX 2,VEX,155718.207,7582.452322598976,7582.452322598976
2026-09-17 08:08:38,6400.0,6457.75,Call CEX 2,CEX,108952.379,7582.452322598976,7582.452322598976
2026-09-17 08:08:38,6400.0,6457.75,Call VEX 1,VEX,164363.759,7582.452322598976,7582.452322598976
2026-09-17 08:08:38,6940.0,7002.75,Call DEX 4,DEX,0.751,7582.452322598976,7582.452322598976
2026-09-17 08:08:38,7000.0,7063.25,Call DEX 1,DEX,33.618,7582.452322598976,7582.452322598976
2026-09-17 08:08:38,7050.0,7113.75,Call CEX 5,CEX,77142.735,7582.452322598976,7582.452322598976
2026-09-17 08:08:38,7050.0,7113.75,Call VEX 3,VEX,106041.713,7582.452322598976,7582.452322598976
2026-09-17 08:08:38,7080.0,7144.0,Call DEX 2,DEX,2.016,7582.452322598976,7582.452322598976
2026-09-17 08:08:38,7220.0,7285.25,Call DEX 3,DEX,1.14,7582.452322598976,7582.452322598976
2026-09-17 08:08:38,7350.0,7416.5,Call CEX 1,CEX,109641.152,7582.452322598976,7582.452322598976
2026-09-17 08:08:38,7350.0,7416.5,Call VEX 4,VEX,105456.396,7582.452322598976,7582.452322598976
2026-09-17 08:08:38,7360.0,7426.5,Call CEX 4,CEX,96176.634,7582.452322598976,7582.452322598976
2026-09-17 08:08:38,7360.0,7426.5,Call VEX 5,VEX,90454.331,7582.452322598976,7582.452322598976
2026-09-17 08:08:38,7450.0,7517.25,Put GEX 2,GEX,-72752.604,7582.452322598976,7582.452322598976
2026-09-17 08:08:38,7500.0,7567.75,Put DEX 2,DEX,-21.686,7582.452322598976,7582.452322598976
2026-09-17 08:08:38,7500.0,7567.75,Put GEX 1,GEX,-99967.617,7582.452322598976,7582.452322598976
2026-09-17 08:08:38,7550.0,7618.25,Put DEX 5,DEX,-17.779,7582.452322598976,7582.452322598976
2026-09-17 08:08:38,7550.0,7618.25,Put GEX 4,GEX,-71013.095,7582.452322598976,7582.452322598976
2026-09-17 08:08:38,7570.0,7638.5,Put DEX 3,DEX,-20.892,7582.452322598976,7582.452322598976
2026-09-17 08:08:38,7570.0,7638.5,Put GEX 3,GEX,-71876.017,7582.452322598976,7582.452322598976
2026-09-17 08:08:38,7575.0,7643.5,Put DEX 4,DEX,-18.094,7582.452322598976,7582.452322598976
2026-09-17 08:08:38,7575.0,7643.5,Put GEX 5,GEX,-63392.309,7582.452322598976,7582.452322598976
2026-09-17 08:08:38,7600.0,7668.75,Put CEX 4,CEX,-53168.419,7582.452322598976,7582.452322598976
2026-09-17 08:08:38,7650.0,7719.0,Put CEX 3,CEX,-58785.011,7582.452322598976,7582.452322598976
2026-09-17 08:08:38,7650.0,7719.0,Put VEX 3,VEX,-55428.356,7582.452322598976,7582.452322598976
2026-09-17 08:08:38,7675.0,7744.25,Put CEX 5,CEX,-52269.022,7582.452322598976,7582.452322598976
2026-09-17 08:08:38,7675.0,7744.25,Put VEX 5,VEX,-51043.841,7582.452322598976,7582.452322598976
2026-09-17 08:08:38,7700.0,7769.5,Put CEX 1,CEX,-193583.659,7582.452322598976,7582.452322598976
2026-09-17 08:08:38,7700.0,7769.5,Put DEX 1,DEX,-32.8,7582.452322598976,7582.452322598976
2026-09-17 08:08:38,7700.0,7769.5,Put VEX 1,VEX,-176044.599,7582.452322598976,7582.452322598976
2026-09-17 08:08:38,7725.0,7794.75,Call GEX 4,GEX,12157.916,7582.452322598976,7582.452322598976
2026-09-17 08:08:38,7750.0,7820.0,Put CEX 2,CEX,-82678.859,7582.452322598976,7582.452322598976
2026-09-17 08:08:38,7750.0,7820.0,Call GEX 3,GEX,12307.664,7582.452322598976,7582.452322598976
2026-09-17 08:08:38,7750.0,7820.0,Put VEX 2,VEX,-92129.759,7582.452322598976,7582.452322598976
2026-09-17 08:08:38,7775.0,7845.25,Call GEX 2,GEX,12334.908,7582.452322598976,7582.452322598976
2026-09-17 08:08:38,7790.0,7860.5,Call GEX 1,GEX,13978.223,7582.452322598976,7582.452322598976
2026-09-17 08:08:38,7800.0,7870.5,Call GEX 5,GEX,12092.115,7582.452322598976,7582.452322598976
2026-09-17 08:08:38,7800.0,7870.5,Put VEX 4,VEX,-55293.097,7582.452322598976,7582.452322598976
2026-09-17 08:08:38,7840.0,7910.75,Call DEX 5,DEX,0.548,7582.452322598976,7582.452322598976
2026-09-17 08:09:16,6300.0,6356.5,Call CEX 3,CEX,103364.947,7582.452322598976,7582.452322598976
2026-09-17 08:09:16,6300.0,6356.5,Call VEX 2,VEX,155718.207,7582.452322598976,7582.452322598976
2026-09-17 08:09:16,6400.0,6457.5,Call CEX 2,CEX,108952.379,7582.452322598976,7582.452322598976
2026-09-17 08:09:16,6400.0,6457.5,Call VEX 1,VEX,164363.759,7582.452322598976,7582.452322598976
2026-09-17 08:09:16,6940.0,7002.25,Call DEX 4,DEX,0.751,7582.452322598976,7582.452322598976
2026-09-17 08:09:16,7000.0,7063.0,Call DEX 1,DEX,33.618,7582.452322598976,7582.452322598976
2026-09-17 08:09:16,7050.0,7113.25,Call CEX 5,CEX,77142.735,7582.452322598976,7582.452322598976
2026-09-17 08:09:16,7050.0,7113.25,Call VEX 3,VEX,106041.713,7582.452322598976,7582.452322598976
2026-09-17 08:09:16,7080.0,7143.75,Call DEX 2,DEX,2.016,7582.452322598976,7582.452322598976
2026-09-17 08:09:16,7220.0,7285.0,Call DEX 3,DEX,1.14,7582.452322598976,7582.452322598976
2026-09-17 08:09:16,7350.0,7416.0,Call CEX 1,CEX,109641.152,7582.452322598976,7582.452322598976
2026-09-17 08:09:16,7350.0,7416.0,Call VEX 4,VEX,105456.396,7582.452322598976,7582.452322598976
2026-09-17 08:09:16,7360.0,7426.25,Call CEX 4,CEX,96176.634,7582.452322598976,7582.452322598976
2026-09-17 08:09:16,7360.0,7426.25,Call VEX 5,VEX,90454.331,7582.452322598976,7582.452322598976
2026-09-17 08:09:16,7450.0,7517.0,Put GEX 2,GEX,-72752.604,7582.452322598976,7582.452322598976
2026-09-17 08:09:16,7500.0,7567.5,Put DEX 2,DEX,-21.686,7582.452322598976,7582.452322598976
2026-09-17 08:09:16,7500.0,7567.5,Put GEX 1,GEX,-99967.617,7582.452322598976,7582.452322598976
2026-09-17 08:09:16,7550.0,7617.75,Put DEX 5,DEX,-17.779,7582.452322598976,7582.452322598976
2026-09-17 08:09:16,7550.0,7617.75,Put GEX 4,GEX,-71013.095,7582.452322598976,7582.452322598976
2026-09-17 08:09:16,7570.0,7638.0,Put DEX 3,DEX,-20.892,7582.452322598976,7582.452322598976
2026-09-17 08:09:16,7570.0,7638.0,Put GEX 3,GEX,-71876.017,7582.452322598976,7582.452322598976
2026-09-17 08:09:16,7575.0,7643.0,Put DEX 4,DEX,-18.094,7582.452322598976,7582.452322598976
2026-09-17 08:09:16,7575.0,7643.0,Put GEX 5,GEX,-63392.309,7582.452322598976,7582.452322598976
2026-09-17 08:09:16,7600.0,7668.25,Put CEX 4,CEX,-53168.419,7582.452322598976,7582.452322598976
2026-09-17 08:09:16,7650.0,7718.75,Put CEX 3,CEX,-58785.011,7582.452322598976,7582.452322598976
2026-09-17 08:09:16,7650.0,7718.75,Put VEX 3,VEX,-55428.356,7582.452322598976,7582.452322598976
2026-09-17 08:09:16,7675.0,7744.0,Put CEX 5,CEX,-52269.022,7582.452322598976,7582.452322598976
2026-09-17 08:09:16,7675.0,7744.0,Put VEX 5,VEX,-51043.841,7582.452322598976,7582.452322598976
2026-09-17 08:09:16,7700.0,7769.25,Put CEX 1,CEX,-193583.659,7582.452322598976,7582.452322598976
2026-09-17 08:09:16,7700.0,7769.25,Put DEX 1,DEX,-32.8,7582.452322598976,7582.452322598976
2026-09-17 08:09:16,7700.0,7769.25,Put VEX 1,VEX,-176044.599,7582.452322598976,7582.452322598976
2026-09-17 08:09:16,7725.0,7794.5,Call GEX 4,GEX,12157.916,7582.452322598976,7582.452322598976
2026-09-17 08:09:16,7750.0,7819.75,Put CEX 2,CEX,-82678.859,7582.452322598976,7582.452322598976
2026-09-17 08:09:16,7750.0,7819.75,Call GEX 3,GEX,12307.664,7582.452322598976,7582.452322598976
2026-09-17 08:09:16,7750.0,7819.75,Put VEX 2,VEX,-92129.759,7582.452322598976,7582.452322598976
2026-09-17 08:09:16,7775.0,7845.0,Call GEX 2,GEX,12334.908,7582.452322598976,7582.452322598976
2026-09-17 08:09:16,7790.0,7860.0,Call GEX 1,GEX,13978.223,7582.452322598976,7582.452322598976
2026-09-17 08:09:16,7800.0,7870.0,Call GEX 5,GEX,12092.115,7582.452322598976,7582.452322598976
2026-09-17 08:09:16,7800.0,7870.0,Put VEX 4,VEX,-55293.097,7582.452322598976,7582.452322598976
2026-09-17 08:09:16,7840.0,7910.5,Call DEX 5,DEX,0.548,7582.452322598976,7582.452322598976
2026-09-17 08:09:45,6300.0,6357.0,Call CEX 3,CEX,103364.947,7582.452322598976,7582.452322598976
2026-09-17 08:09:45,6300.0,6357.0,Call VEX 2,VEX,155718.207,7582.452322598976,7582.452322598976
2026-09-17 08:09:45,6400.0,6457.75,Call CEX 2,CEX,108952.379,7582.452322598976,7582.452322598976
2026-09-17 08:09:45,6400.0,6457.75,Call VEX 1,VEX,164363.759,7582.452322598976,7582.452322598976
2026-09-17 08:09:45,6940.0,7002.75,Call DEX 4,DEX,0.751,7582.452322598976,7582.452322598976
2026-09-17 08:09:45,7000.0,7063.25,Call DEX 1,DEX,33.618,7582.452322598976,7582.452322598976
2026-09-17 08:09:45,7050.0,7113.75,Call CEX 5,CEX,77142.735,7582.452322598976,7582.452322598976
2026-09-17 08:09:45,7050.0,7113.75,Call VEX 3,VEX,106041.713,7582.452322598976,7582.452322598976
2026-09-17 08:09:45,7080.0,7144.0,Call DEX 2,DEX,2.016,7582.452322598976,7582.452322598976
2026-09-17 08:09:45,7220.0,7285.25,Call DEX 3,DEX,1.14,7582.452322598976,7582.452322598976
2026-09-17 08:09:45,7350.0,7416.5,Call CEX 1,CEX,109641.152,7582.452322598976,7582.452322598976
2026-09-17 08:09:45,7350.0,7416.5,Call VEX 4,VEX,105456.396,7582.452322598976,7582.452322598976
2026-09-17 08:09:45,7360.0,7426.5,Call CEX 4,CEX,96176.634,7582.452322598976,7582.452322598976
2026-09-17 08:09:45,7360.0,7426.5,Call VEX 5,VEX,90454.331,7582.452322598976,7582.452322598976
2026-09-17 08:09:45,7450.0,7517.25,Put GEX 2,GEX,-72752.604,7582.452322598976,7582.452322598976
2026-09-17 08:09:45,7500.0,7567.75,Put DEX 2,DEX,-21.686,7582.452322598976,7582.452322598976
2026-09-17 08:09:45,7500.0,7567.75,Put GEX 1,GEX,-99967.617,7582.452322598976,7582.452322598976
2026-09-17 08:09:45,7550.0,7618.25,Put DEX 5,DEX,-17.779,7582.452322598976,7582.452322598976
2026-09-17 08:09:45,7550.0,7618.25,Put GEX 4,GEX,-71013.095,7582.452322598976,7582.452322598976
2026-09-17 08:09:45,7570.0,7638.5,Put DEX 3,DEX,-20.892,7582.452322598976,7582.452322598976
2026-09-17 08:09:45,7570.0,7638.5,Put GEX 3,GEX,-71876.017,7582.452322598976,7582.452322598976
2026-09-17 08:09:45,7575.0,7643.5,Put DEX 4,DEX,-18.094,7582.452322598976,7582.452322598976
2026-09-17 08:09:45,7575.0,7643.5,Put GEX 5,GEX,-63392.309,7582.452322598976,7582.452322598976
2026-09-17 08:09:45,7600.0,7668.75,Put CEX 4,CEX,-53168.419,7582.452322598976,7582.452322598976
2026-09-17 08:09:45,7650.0,7719.0,Put CEX 3,CEX,-58785.011,7582.452322598976,7582.452322598976
2026-09-17 08:09:45,7650.0,7719.0,Put VEX 3,VEX,-55428.356,7582.452322598976,7582.452322598976
2026-09-17 08:09:45,7675.0,7744.25,Put CEX 5,CEX,-52269.022,7582.452322598976,7582.452322598976
2026-09-17 08:09:45,7675.0,7744.25,Put VEX 5,VEX,-51043.841,7582.452322598976,7582.452322598976
2026-09-17 08:09:45,7700.0,7769.5,Put CEX 1,CEX,-193583.659,7582.452322598976,7582.452322598976
2026-09-17 08:09:45,7700.0,7769.5,Put DEX 1,DEX,-32.8,7582.452322598976,7582.452322598976
2026-09-17 08:09:45,7700.0,7769.5,Put VEX 1,VEX,-176044.599,7582.452322598976,7582.452322598976
2026-09-17 08:09:45,7725.0,7794.75,Call GEX 4,GEX,12157.916,7582.452322598976,7582.452322598976
2026-09-17 08:09:45,7750.0,7820.0,Put CEX 2,CEX,-82678.859,7582.452322598976,7582.452322598976
2026-09-17 08:09:45,7750.0,7820.0,Call GEX 3,GEX,12307.664,7582.452322598976,7582.452322598976
2026-09-17 08:09:45,7750.0,7820.0,Put VEX 2,VEX,-92129.759,7582.452322598976,7582.452322598976
2026-09-17 08:09:45,7775.0,7845.25,Call GEX 2,GEX,12334.908,7582.452322598976,7582.452322598976
2026-09-17 08:09:45,7790.0,7860.25,Call GEX 1,GEX,13978.223,7582.452322598976,7582.452322598976
2026-09-17 08:09:45,7800.0,7870.5,Call GEX 5,GEX,12092.115,7582.452322598976,7582.452322598976
2026-09-17 08:09:45,7800.0,7870.5,Put VEX 4,VEX,-55293.097,7582.452322598976,7582.452322598976
2026-09-17 08:09:45,7840.0,7910.75,Call DEX 5,DEX,0.548,7582.452322598976,7582.452322598976
2026-09-17 08:10:24,6300.0,6357.0,Call CEX 3,CEX,103364.947,7582.452322598976,7582.452322598976
2026-09-17 08:10:24,6300.0,6357.0,Call VEX 2,VEX,155718.207,7582.452322598976,7582.452322598976
2026-09-17 08:10:24,6400.0,6457.75,Call CEX 2,CEX,108952.379,7582.452322598976,7582.452322598976
2026-09-17 08:10:24,6400.0,6457.75,Call VEX 1,VEX,164363.759,7582.452322598976,7582.452322598976
2026-09-17 08:10:24,6940.0,7002.75,Call DEX 4,DEX,0.751,7582.452322598976,7582.452322598976
2026-09-17 08:10:24,7000.0,7063.25,Call DEX 1,DEX,33.618,7582.452322598976,7582.452322598976
2026-09-17 08:10:24,7050.0,7113.75,Call CEX 5,CEX,77142.735,7582.452322598976,7582.452322598976
2026-09-17 08:10:24,7050.0,7113.75,Call VEX 3,VEX,106041.713,7582.452322598976,7582.452322598976
2026-09-17 08:10:24,7080.0,7144.0,Call DEX 2,DEX,2.016,7582.452322598976,7582.452322598976
2026-09-17 08:10:24,7220.0,7285.25,Call DEX 3,DEX,1.14,7582.452322598976,7582.452322598976
2026-09-17 08:10:24,7350.0,7416.5,Call CEX 1,CEX,109641.152,7582.452322598976,7582.452322598976
2026-09-17 08:10:24,7350.0,7416.5,Call VEX 4,VEX,105456.396,7582.452322598976,7582.452322598976
2026-09-17 08:10:24,7360.0,7426.5,Call CEX 4,CEX,96176.634,7582.452322598976,7582.452322598976
2026-09-17 08:10:24,7360.0,7426.5,Call VEX 5,VEX,90454.331,7582.452322598976,7582.452322598976
2026-09-17 08:10:24,7450.0,7517.25,Put GEX 2,GEX,-72752.604,7582.452322598976,7582.452322598976
2026-09-17 08:10:24,7500.0,7567.75,Put DEX 2,DEX,-21.686,7582.452322598976,7582.452322598976
2026-09-17 08:10:24,7500.0,7567.75,Put GEX 1,GEX,-99967.617,7582.452322598976,7582.452322598976
2026-09-17 08:10:24,7550.0,7618.25,Put DEX 5,DEX,-17.779,7582.452322598976,7582.452322598976
2026-09-17 08:10:24,7550.0,7618.25,Put GEX 4,GEX,-71013.095,7582.452322598976,7582.452322598976
2026-09-17 08:10:24,7570.0,7638.5,Put DEX 3,DEX,-20.892,7582.452322598976,7582.452322598976
2026-09-17 08:10:24,7570.0,7638.5,Put GEX 3,GEX,-71876.017,7582.452322598976,7582.452322598976
2026-09-17 08:10:24,7575.0,7643.5,Put DEX 4,DEX,-18.094,7582.452322598976,7582.452322598976
2026-09-17 08:10:24,7575.0,7643.5,Put GEX 5,GEX,-63392.309,7582.452322598976,7582.452322598976
2026-09-17 08:10:24,7600.0,7668.75,Put CEX 4,CEX,-53168.419,7582.452322598976,7582.452322598976
2026-09-17 08:10:24,7650.0,7719.25,Put CEX 3,CEX,-58785.011,7582.452322598976,7582.452322598976
2026-09-17 08:10:24,7650.0,7719.25,Put VEX 3,VEX,-55428.356,7582.452322598976,7582.452322598976
2026-09-17 08:10:24,7675.0,7744.25,Put CEX 5,CEX,-52269.022,7582.452322598976,7582.452322598976
2026-09-17 08:10:24,7675.0,7744.25,Put VEX 5,VEX,-51043.841,7582.452322598976,7582.452322598976
2026-09-17 08:10:24,7700.0,7769.5,Put CEX 1,CEX,-193583.659,7582.452322598976,7582.452322598976
2026-09-17 08:10:24,7700.0,7769.5,Put DEX 1,DEX,-32.8,7582.452322598976,7582.452322598976
2026-09-17 08:10:24,7700.0,7769.5,Put VEX 1,VEX,-176044.599,7582.452322598976,7582.452322598976
2026-09-17 08:10:24,7725.0,7794.75,Call GEX 4,GEX,12157.916,7582.452322598976,7582.452322598976
2026-09-17 08:10:24,7750.0,7820.0,Put CEX 2,CEX,-82678.859,7582.452322598976,7582.452322598976
2026-09-17 08:10:24,7750.0,7820.0,Call GEX 3,GEX,12307.664,7582.452322598976,7582.452322598976
2026-09-17 08:10:24,7750.0,7820.0,Put VEX 2,VEX,-92129.759,7582.452322598976,7582.452322598976
2026-09-17 08:10:24,7775.0,7845.25,Call GEX 2,GEX,12334.908,7582.452322598976,7582.452322598976
2026-09-17 08:10:24,7790.0,7860.5,Call GEX 1,GEX,13978.223,7582.452322598976,7582.452322598976
2026-09-17 08:10:24,7800.0,7870.5,Call GEX 5,GEX,12092.115,7582.452322598976,7582.452322598976
2026-09-17 08:10:24,7800.0,7870.5,Put VEX 4,VEX,-55293.097,7582.452322598976,7582.452322598976
2026-09-17 08:10:24,7840.0,7910.75,Call DEX 5,DEX,0.548,7582.452322598976,7582.452322598976
2026-09-17 08:11:02,6300.0,6356.5,Call CEX 3,CEX,103364.947,7582.452322598976,7582.452322598976
2026-09-17 08:11:02,6300.0,6356.5,Call VEX 2,VEX,155718.207,7582.452322598976,7582.452322598976
2026-09-17 08:11:02,6400.0,6457.5,Call CEX 2,CEX,108952.379,7582.452322598976,7582.452322598976
2026-09-17 08:11:02,6400.0,6457.5,Call VEX 1,VEX,164363.759,7582.452322598976,7582.452322598976
2026-09-17 08:11:02,6940.0,7002.25,Call DEX 4,DEX,0.751,7582.452322598976,7582.452322598976
2026-09-17 08:11:02,7000.0,7062.75,Call DEX 1,DEX,33.618,7582.452322598976,7582.452322598976
2026-09-17 08:11:02,7050.0,7113.25,Call CEX 5,CEX,77142.735,7582.452322598976,7582.452322598976
2026-09-17 08:11:02,7050.0,7113.25,Call VEX 3,VEX,106041.713,7582.452322598976,7582.452322598976
2026-09-17 08:11:02,7080.0,7143.5,Call DEX 2,DEX,2.016,7582.452322598976,7582.452322598976
2026-09-17 08:11:02,7220.0,7284.75,Call DEX 3,DEX,1.14,7582.452322598976,7582.452322598976
2026-09-17 08:11:02,7350.0,7416.0,Call CEX 1,CEX,109641.152,7582.452322598976,7582.452322598976
2026-09-17 08:11:02,7350.0,7416.0,Call VEX 4,VEX,105456.396,7582.452322598976,7582.452322598976
2026-09-17 08:11:02,7360.0,7426.0,Call CEX 4,CEX,96176.634,7582.452322598976,7582.452322598976
2026-09-17 08:11:02,7360.0,7426.0,Call VEX 5,VEX,90454.331,7582.452322598976,7582.452322598976
2026-09-17 08:11:02,7450.0,7517.0,Put GEX 2,GEX,-72752.604,7582.452322598976,7582.452322598976
2026-09-17 08:11:02,7500.0,7567.25,Put DEX 2,DEX,-21.686,7582.452322598976,7582.452322598976
2026-09-17 08:11:02,7500.0,7567.25,Put GEX 1,GEX,-99967.617,7582.452322598976,7582.452322598976
2026-09-17 08:11:02,7550.0,7617.75,Put DEX 5,DEX,-17.779,7582.452322598976,7582.452322598976
2026-09-17 08:11:02,7550.0,7617.75,Put GEX 4,GEX,-71013.095,7582.452322598976,7582.452322598976
2026-09-17 08:11:02,7570.0,7638.0,Put DEX 3,DEX,-20.892,7582.452322598976,7582.452322598976
2026-09-17 08:11:02,7570.0,7638.0,Put GEX 3,GEX,-71876.017,7582.452322598976,7582.452322598976
2026-09-17 08:11:02,7575.0,7643.0,Put DEX 4,DEX,-18.094,7582.452322598976,7582.452322598976
2026-09-17 08:11:02,7575.0,7643.0,Put GEX 5,GEX,-63392.309,7582.452322598976,7582.452322598976
2026-09-17 08:11:02,7600.0,7668.25,Put CEX 4,CEX,-53168.419,7582.452322598976,7582.452322598976
2026-09-17 08:11:02,7650.0,7718.75,Put CEX 3,CEX,-58785.011,7582.452322598976,7582.452322598976
2026-09-17 08:11:02,7650.0,7718.75,Put VEX 3,VEX,-55428.356,7582.452322598976,7582.452322598976
2026-09-17 08:11:02,7675.0,7744.0,Put CEX 5,CEX,-52269.022,7582.452322598976,7582.452322598976
2026-09-17 08:11:02,7675.0,7744.0,Put VEX 5,VEX,-51043.841,7582.452322598976,7582.452322598976
2026-09-17 08:11:02,7700.0,7769.0,Put CEX 1,CEX,-193583.659,7582.452322598976,7582.452322598976
2026-09-17 08:11:02,7700.0,7769.0,Put DEX 1,DEX,-32.8,7582.452322598976,7582.452322598976
2026-09-17 08:11:02,7700.0,7769.0,Put VEX 1,VEX,-176044.599,7582.452322598976,7582.452322598976
2026-09-17 08:11:02,7725.0,7794.25,Call GEX 4,GEX,12157.916,7582.452322598976,7582.452322598976
2026-09-17 08:11:02,7750.0,7819.5,Put CEX 2,CEX,-82678.859,7582.452322598976,7582.452322598976
2026-09-17 08:11:02,7750.0,7819.5,Call GEX 3,GEX,12307.664,7582.452322598976,7582.452322598976
2026-09-17 08:11:02,7750.0,7819.5,Put VEX 2,VEX,-92129.759,7582.452322598976,7582.452322598976
2026-09-17 08:11:02,7775.0,7844.75,Call GEX 2,GEX,12334.908,7582.452322598976,7582.452322598976
2026-09-17 08:11:02,7790.0,7860.0,Call GEX 1,GEX,13978.223,7582.452322598976,7582.452322598976
2026-09-17 08:11:02,7800.0,7870.0,Call GEX 5,GEX,12092.115,7582.452322598976,7582.452322598976
2026-09-17 08:11:02,7800.0,7870.0,Put VEX 4,VEX,-55293.097,7582.452322598976,7582.452322598976
2026-09-17 08:11:02,7840.0,7910.5,Call DEX 5,DEX,0.548,7582.452322598976,7582.452322598976
2026-09-17 08:11:40,6300.0,6357.25,Call CEX 3,CEX,103364.947,7582.452322598976,7582.452322598976
2026-09-17 08:11:40,6300.0,6357.25,Call VEX 2,VEX,155718.207,7582.452322598976,7582.452322598976
2026-09-17 08:11:40,6400.0,6458.25,Call CEX 2,CEX,108952.379,7582.452322598976,7582.452322598976
2026-09-17 08:11:40,6400.0,6458.25,Call VEX 1,VEX,164363.759,7582.452322598976,7582.452322598976
2026-09-17 08:11:40,6940.0,7003.25,Call DEX 4,DEX,0.751,7582.452322598976,7582.452322598976
2026-09-17 08:11:40,7000.0,7063.75,Call DEX 1,DEX,33.618,7582.452322598976,7582.452322598976
2026-09-17 08:11:40,7050.0,7114.25,Call CEX 5,CEX,77142.735,7582.452322598976,7582.452322598976
2026-09-17 08:11:40,7050.0,7114.25,Call VEX 3,VEX,106041.713,7582.452322598976,7582.452322598976
2026-09-17 08:11:40,7080.0,7144.5,Call DEX 2,DEX,2.016,7582.452322598976,7582.452322598976
2026-09-17 08:11:40,7220.0,7285.75,Call DEX 3,DEX,1.14,7582.452322598976,7582.452322598976
2026-09-17 08:11:40,7350.0,7416.75,Call CEX 1,CEX,109641.152,7582.452322598976,7582.452322598976
2026-09-17 08:11:40,7350.0,7416.75,Call VEX 4,VEX,105456.396,7582.452322598976,7582.452322598976
2026-09-17 08:11:40,7360.0,7427.0,Call CEX 4,CEX,96176.634,7582.452322598976,7582.452322598976
2026-09-17 08:11:40,7360.0,7427.0,Call VEX 5,VEX,90454.331,7582.452322598976,7582.452322598976
2026-09-17 08:11:40,7450.0,7517.75,Put GEX 2,GEX,-72752.604,7582.452322598976,7582.452322598976
2026-09-17 08:11:40,7500.0,7568.25,Put DEX 2,DEX,-21.686,7582.452322598976,7582.452322598976
2026-09-17 08:11:40,7500.0,7568.25,Put GEX 1,GEX,-99967.617,7582.452322598976,7582.452322598976
2026-09-17 08:11:40,7550.0,7618.75,Put DEX 5,DEX,-17.779,7582.452322598976,7582.452322598976
2026-09-17 08:11:40,7550.0,7618.75,Put GEX 4,GEX,-71013.095,7582.452322598976,7582.452322598976
2026-09-17 08:11:40,7570.0,7638.75,Put DEX 3,DEX,-20.892,7582.452322598976,7582.452322598976
2026-09-17 08:11:40,7570.0,7638.75,Put GEX 3,GEX,-71876.017,7582.452322598976,7582.452322598976
2026-09-17 08:11:40,7575.0,7644.0,Put DEX 4,DEX,-18.094,7582.452322598976,7582.452322598976
2026-09-17 08:11:40,7575.0,7644.0,Put GEX 5,GEX,-63392.309,7582.452322598976,7582.452322598976
2026-09-17 08:11:40,7600.0,7669.25,Put CEX 4,CEX,-53168.419,7582.452322598976,7582.452322598976
2026-09-17 08:11:40,7650.0,7719.5,Put CEX 3,CEX,-58785.011,7582.452322598976,7582.452322598976
2026-09-17 08:11:40,7650.0,7719.5,Put VEX 3,VEX,-55428.356,7582.452322598976,7582.452322598976
2026-09-17 08:11:40,7675.0,7744.75,Put CEX 5,CEX,-52269.022,7582.452322598976,7582.452322598976
2026-09-17 08:11:40,7675.0,7744.75,Put VEX 5,VEX,-51043.841,7582.452322598976,7582.452322598976
2026-09-17 08:11:40,7700.0,7770.0,Put CEX 1,CEX,-193583.659,7582.452322598976,7582.452322598976
2026-09-17 08:11:40,7700.0,7770.0,Put DEX 1,DEX,-32.8,7582.452322598976,7582.452322598976
2026-09-17 08:11:40,7700.0,7770.0,Put VEX 1,VEX,-176044.599,7582.452322598976,7582.452322598976
2026-09-17 08:11:40,7725.0,7795.25,Call GEX 4,GEX,12157.916,7582.452322598976,7582.452322598976
2026-09-17 08:11:40,7750.0,7820.5,Put CEX 2,CEX,-82678.859,7582.452322598976,7582.452322598976
2026-09-17 08:11:40,7750.0,7820.5,Call GEX 3,GEX,12307.664,7582.452322598976,7582.452322598976
2026-09-17 08:11:40,7750.0,7820.5,Put VEX 2,VEX,-92129.759,7582.452322598976,7582.452322598976
2026-09-17 08:11:40,7775.0,7845.75,Call GEX 2,GEX,12334.908,7582.452322598976,7582.452322598976
2026-09-17 08:11:40,7790.0,7860.75,Call GEX 1,GEX,13978.223,7582.452322598976,7582.452322598976
2026-09-17 08:11:40,7800.0,7871.0,Call GEX 5,GEX,12092.115,7582.452322598976,7582.452322598976
2026-09-17 08:11:40,7800.0,7871.0,Put VEX 4,VEX,-55293.097,7582.452322598976,7582.452322598976
2026-09-17 08:11:40,7840.0,7911.25,Call DEX 5,DEX,0.548,7582.452322598976,7582.452322598976
2026-09-17 08:12:18,6300.0,6356.75,Call CEX 3,CEX,103364.947,7582.452322598976,7582.452322598976
2026-09-17 08:12:18,6300.0,6356.75,Call VEX 2,VEX,155718.207,7582.452322598976,7582.452322598976
2026-09-17 08:12:18,6400.0,6457.5,Call CEX 2,CEX,108952.379,7582.452322598976,7582.452322598976
2026-09-17 08:12:18,6400.0,6457.5,Call VEX 1,VEX,164363.759,7582.452322598976,7582.452322598976
2026-09-17 08:12:18,6940.0,7002.5,Call DEX 4,DEX,0.751,7582.452322598976,7582.452322598976
2026-09-17 08:12:18,7000.0,7063.0,Call DEX 1,DEX,33.618,7582.452322598976,7582.452322598976
2026-09-17 08:12:18,7050.0,7113.25,Call CEX 5,CEX,77142.735,7582.452322598976,7582.452322598976
2026-09-17 08:12:18,7050.0,7113.25,Call VEX 3,VEX,106041.713,7582.452322598976,7582.452322598976
2026-09-17 08:12:18,7080.0,7143.75,Call DEX 2,DEX,2.016,7582.452322598976,7582.452322598976
2026-09-17 08:12:18,7220.0,7285.0,Call DEX 3,DEX,1.14,7582.452322598976,7582.452322598976
2026-09-17 08:12:18,7350.0,7416.0,Call CEX 1,CEX,109641.152,7582.452322598976,7582.452322598976
2026-09-17 08:12:18,7350.0,7416.0,Call VEX 4,VEX,105456.396,7582.452322598976,7582.452322598976
2026-09-17 08:12:18,7360.0,7426.25,Call CEX 4,CEX,96176.634,7582.452322598976,7582.452322598976
2026-09-17 08:12:18,7360.0,7426.25,Call VEX 5,VEX,90454.331,7582.452322598976,7582.452322598976
2026-09-17 08:12:18,7450.0,7517.0,Put GEX 2,GEX,-72752.604,7582.452322598976,7582.452322598976
2026-09-17 08:12:18,7500.0,7567.5,Put DEX 2,DEX,-21.686,7582.452322598976,7582.452322598976
2026-09-17 08:12:18,7500.0,7567.5,Put GEX 1,GEX,-99967.617,7582.452322598976,7582.452322598976
2026-09-17 08:12:18,7550.0,7617.75,Put DEX 5,DEX,-17.779,7582.452322598976,7582.452322598976
2026-09-17 08:12:18,7550.0,7617.75,Put GEX 4,GEX,-71013.095,7582.452322598976,7582.452322598976
2026-09-17 08:12:18,7570.0,7638.0,Put DEX 3,DEX,-20.892,7582.452322598976,7582.452322598976
2026-09-17 08:12:18,7570.0,7638.0,Put GEX 3,GEX,-71876.017,7582.452322598976,7582.452322598976
2026-09-17 08:12:18,7575.0,7643.0,Put DEX 4,DEX,-18.094,7582.452322598976,7582.452322598976
2026-09-17 08:12:18,7575.0,7643.0,Put GEX 5,GEX,-63392.309,7582.452322598976,7582.452322598976
2026-09-17 08:12:18,7600.0,7668.25,Put CEX 4,CEX,-53168.419,7582.452322598976,7582.452322598976
2026-09-17 08:12:18,7650.0,7718.75,Put CEX 3,CEX,-58785.011,7582.452322598976,7582.452322598976
2026-09-17 08:12:18,7650.0,7718.75,Put VEX 3,VEX,-55428.356,7582.452322598976,7582.452322598976
2026-09-17 08:12:18,7675.0,7744.0,Put CEX 5,CEX,-52269.022,7582.452322598976,7582.452322598976
2026-09-17 08:12:18,7675.0,7744.0,Put VEX 5,VEX,-51043.841,7582.452322598976,7582.452322598976
2026-09-17 08:12:18,7700.0,7769.25,Put CEX 1,CEX,-193583.659,7582.452322598976,7582.452322598976
2026-09-17 08:12:18,7700.0,7769.25,Put DEX 1,DEX,-32.8,7582.452322598976,7582.452322598976
2026-09-17 08:12:18,7700.0,7769.25,Put VEX 1,VEX,-176044.599,7582.452322598976,7582.452322598976
2026-09-17 08:12:18,7725.0,7794.5,Call GEX 4,GEX,12157.916,7582.452322598976,7582.452322598976
2026-09-17 08:12:18,7750.0,7819.75,Put CEX 2,CEX,-82678.859,7582.452322598976,7582.452322598976
2026-09-17 08:12:18,7750.0,7819.75,Call GEX 3,GEX,12307.664,7582.452322598976,7582.452322598976
2026-09-17 08:12:18,7750.0,7819.75,Put VEX 2,VEX,-92129.759,7582.452322598976,7582.452322598976
2026-09-17 08:12:18,7775.0,7845.0,Call GEX 2,GEX,12334.908,7582.452322598976,7582.452322598976
2026-09-17 08:12:18,7790.0,7860.0,Call GEX 1,GEX,13978.223,7582.452322598976,7582.452322598976
2026-09-17 08:12:18,7800.0,7870.0,Call GEX 5,GEX,12092.115,7582.452322598976,7582.452322598976
2026-09-17 08:12:18,7800.0,7870.0,Put VEX 4,VEX,-55293.097,7582.452322598976,7582.452322598976
2026-09-17 08:12:18,7840.0,7910.5,Call DEX 5,DEX,0.548,7582.452322598976,7582.452322598976
2026-09-17 08:12:56,6300.0,6356.75,Call CEX 3,CEX,103364.947,7582.452322598976,7582.452322598976
2026-09-17 08:12:56,6300.0,6356.75,Call VEX 2,VEX,155718.207,7582.452322598976,7582.452322598976
2026-09-17 08:12:56,6400.0,6457.5,Call CEX 2,CEX,108952.379,7582.452322598976,7582.452322598976
2026-09-17 08:12:56,6400.0,6457.5,Call VEX 1,VEX,164363.759,7582.452322598976,7582.452322598976
2026-09-17 08:12:56,6940.0,7002.5,Call DEX 4,DEX,0.751,7582.452322598976,7582.452322598976
2026-09-17 08:12:56,7000.0,7063.0,Call DEX 1,DEX,33.618,7582.452322598976,7582.452322598976
2026-09-17 08:12:56,7050.0,7113.5,Call CEX 5,CEX,77142.735,7582.452322598976,7582.452322598976
2026-09-17 08:12:56,7050.0,7113.5,Call VEX 3,VEX,106041.713,7582.452322598976,7582.452322598976
2026-09-17 08:12:56,7080.0,7143.75,Call DEX 2,DEX,2.016,7582.452322598976,7582.452322598976
2026-09-17 08:12:56,7220.0,7285.0,Call DEX 3,DEX,1.14,7582.452322598976,7582.452322598976
2026-09-17 08:12:56,7350.0,7416.0,Call CEX 1,CEX,109641.152,7582.452322598976,7582.452322598976
2026-09-17 08:12:56,7350.0,7416.0,Call VEX 4,VEX,105456.396,7582.452322598976,7582.452322598976
2026-09-17 08:12:56,7360.0,7426.25,Call CEX 4,CEX,96176.634,7582.452322598976,7582.452322598976
2026-09-17 08:12:56,7360.0,7426.25,Call VEX 5,VEX,90454.331,7582.452322598976,7582.452322598976
2026-09-17 08:12:56,7450.0,7517.0,Put GEX 2,GEX,-72752.604,7582.452322598976,7582.452322598976
2026-09-17 08:12:56,7500.0,7567.5,Put DEX 2,DEX,-21.686,7582.452322598976,7582.452322598976
2026-09-17 08:12:56,7500.0,7567.5,Put GEX 1,GEX,-99967.617,7582.452322598976,7582.452322598976
2026-09-17 08:12:56,7550.0,7618.0,Put DEX 5,DEX,-17.779,7582.452322598976,7582.452322598976
2026-09-17 08:12:56,7550.0,7618.0,Put GEX 4,GEX,-71013.095,7582.452322598976,7582.452322598976
2026-09-17 08:12:56,7570.0,7638.0,Put DEX 3,DEX,-20.892,7582.452322598976,7582.452322598976
2026-09-17 08:12:56,7570.0,7638.0,Put GEX 3,GEX,-71876.017,7582.452322598976,7582.452322598976
2026-09-17 08:12:56,7575.0,7643.25,Put DEX 4,DEX,-18.094,7582.452322598976,7582.452322598976
2026-09-17 08:12:56,7575.0,7643.25,Put GEX 5,GEX,-63392.309,7582.452322598976,7582.452322598976
2026-09-17 08:12:56,7600.0,7668.25,Put CEX 4,CEX,-53168.419,7582.452322598976,7582.452322598976
2026-09-17 08:12:56,7650.0,7718.75,Put CEX 3,CEX,-58785.011,7582.452322598976,7582.452322598976
2026-09-17 08:12:56,7650.0,7718.75,Put VEX 3,VEX,-55428.356,7582.452322598976,7582.452322598976
2026-09-17 08:12:56,7675.0,7744.0,Put CEX 5,CEX,-52269.022,7582.452322598976,7582.452322598976
2026-09-17 08:12:56,7675.0,7744.0,Put VEX 5,VEX,-51043.841,7582.452322598976,7582.452322598976
2026-09-17 08:12:56,7700.0,7769.25,Put CEX 1,CEX,-193583.659,7582.452322598976,7582.452322598976
2026-09-17 08:12:56,7700.0,7769.25,Put DEX 1,DEX,-32.8,7582.452322598976,7582.452322598976
2026-09-17 08:12:56,7700.0,7769.25,Put VEX 1,VEX,-176044.599,7582.452322598976,7582.452322598976
2026-09-17 08:12:56,7725.0,7794.5,Call GEX 4,GEX,12157.916,7582.452322598976,7582.452322598976
2026-09-17 08:12:56,7750.0,7819.75,Put CEX 2,CEX,-82678.859,7582.452322598976,7582.452322598976
2026-09-17 08:12:56,7750.0,7819.75,Call GEX 3,GEX,12307.664,7582.452322598976,7582.452322598976
2026-09-17 08:12:56,7750.0,7819.75,Put VEX 2,VEX,-92129.759,7582.452322598976,7582.452322598976
2026-09-17 08:12:56,7775.0,7845.0,Call GEX 2,GEX,12334.908,7582.452322598976,7582.452322598976
2026-09-17 08:12:56,7790.0,7860.0,Call GEX 1,GEX,13978.223,7582.452322598976,7582.452322598976
2026-09-17 08:12:56,7800.0,7870.25,Call GEX 5,GEX,12092.115,7582.452322598976,7582.452322598976
2026-09-17 08:12:56,7800.0,7870.25,Put VEX 4,VEX,-55293.097,7582.452322598976,7582.452322598976
2026-09-17 08:12:56,7840.0,7910.5,Call DEX 5,DEX,0.548,7582.452322598976,7582.452322598976
2026-09-17 08:13:34,6300.0,6356.5,Call CEX 3,CEX,103364.947,7582.452322598976,7582.452322598976
2026-09-17 08:13:34,6300.0,6356.5,Call VEX 2,VEX,155718.207,7582.452322598976,7582.452322598976
2026-09-17 08:13:34,6400.0,6457.5,Call CEX 2,CEX,108952.379,7582.452322598976,7582.452322598976
2026-09-17 08:13:34,6400.0,6457.5,Call VEX 1,VEX,164363.759,7582.452322598976,7582.452322598976
2026-09-17 08:13:34,6940.0,7002.25,Call DEX 4,DEX,0.751,7582.452322598976,7582.452322598976
2026-09-17 08:13:34,7000.0,7062.75,Call DEX 1,DEX,33.618,7582.452322598976,7582.452322598976
2026-09-17 08:13:34,7050.0,7113.25,Call CEX 5,CEX,77142.735,7582.452322598976,7582.452322598976
2026-09-17 08:13:34,7050.0,7113.25,Call VEX 3,VEX,106041.713,7582.452322598976,7582.452322598976
2026-09-17 08:13:34,7080.0,7143.5,Call DEX 2,DEX,2.016,7582.452322598976,7582.452322598976
2026-09-17 08:13:34,7220.0,7284.75,Call DEX 3,DEX,1.14,7582.452322598976,7582.452322598976
2026-09-17 08:13:34,7350.0,7416.0,Call CEX 1,CEX,109641.152,7582.452322598976,7582.452322598976
2026-09-17 08:13:34,7350.0,7416.0,Call VEX 4,VEX,105456.396,7582.452322598976,7582.452322598976
2026-09-17 08:13:34,7360.0,7426.0,Call CEX 4,CEX,96176.634,7582.452322598976,7582.452322598976
2026-09-17 08:13:34,7360.0,7426.0,Call VEX 5,VEX,90454.331,7582.452322598976,7582.452322598976
2026-09-17 08:13:34,7450.0,7516.75,Put GEX 2,GEX,-72752.604,7582.452322598976,7582.452322598976
2026-09-17 08:13:34,7500.0,7567.25,Put DEX 2,DEX,-21.686,7582.452322598976,7582.452322598976
2026-09-17 08:13:34,7500.0,7567.25,Put GEX 1,GEX,-99967.617,7582.452322598976,7582.452322598976
2026-09-17 08:13:34,7550.0,7617.75,Put DEX 5,DEX,-17.779,7582.452322598976,7582.452322598976
2026-09-17 08:13:34,7550.0,7617.75,Put GEX 4,GEX,-71013.095,7582.452322598976,7582.452322598976
2026-09-17 08:13:34,7570.0,7637.75,Put DEX 3,DEX,-20.892,7582.452322598976,7582.452322598976
2026-09-17 08:13:34,7570.0,7637.75,Put GEX 3,GEX,-71876.017,7582.452322598976,7582.452322598976
2026-09-17 08:13:34,7575.0,7643.0,Put DEX 4,DEX,-18.094,7582.452322598976,7582.452322598976
2026-09-17 08:13:34,7575.0,7643.0,Put GEX 5,GEX,-63392.309,7582.452322598976,7582.452322598976
2026-09-17 08:13:34,7600.0,7668.25,Put CEX 4,CEX,-53168.419,7582.452322598976,7582.452322598976
2026-09-17 08:13:34,7650.0,7718.5,Put CEX 3,CEX,-58785.011,7582.452322598976,7582.452322598976
2026-09-17 08:13:34,7650.0,7718.5,Put VEX 3,VEX,-55428.356,7582.452322598976,7582.452322598976
2026-09-17 08:13:34,7675.0,7743.75,Put CEX 5,CEX,-52269.022,7582.452322598976,7582.452322598976
2026-09-17 08:13:34,7675.0,7743.75,Put VEX 5,VEX,-51043.841,7582.452322598976,7582.452322598976
2026-09-17 08:13:34,7700.0,7769.0,Put CEX 1,CEX,-193583.659,7582.452322598976,7582.452322598976
2026-09-17 08:13:34,7700.0,7769.0,Put DEX 1,DEX,-32.8,7582.452322598976,7582.452322598976
2026-09-17 08:13:34,7700.0,7769.0,Put VEX 1,VEX,-176044.599,7582.452322598976,7582.452322598976
2026-09-17 08:13:34,7725.0,7794.25,Call GEX 4,GEX,12157.916,7582.452322598976,7582.452322598976
2026-09-17 08:13:34,7750.0,7819.5,Put CEX 2,CEX,-82678.859,7582.452322598976,7582.452322598976
2026-09-17 08:13:34,7750.0,7819.5,Call GEX 3,GEX,12307.664,7582.452322598976,7582.452322598976
2026-09-17 08:13:34,7750.0,7819.5,Put VEX 2,VEX,-92129.759,7582.452322598976,7582.452322598976
2026-09-17 08:13:34,7775.0,7844.75,Call GEX 2,GEX,12334.908,7582.452322598976,7582.452322598976
2026-09-17 08:13:34,7790.0,7859.75,Call GEX 1,GEX,13978.223,7582.452322598976,7582.452322598976
2026-09-17 08:13:34,7800.0,7870.0,Call GEX 5,GEX,12092.115,7582.452322598976,7582.452322598976
2026-09-17 08:13:34,7800.0,7870.0,Put VEX 4,VEX,-55293.097,7582.452322598976,7582.452322598976
2026-09-17 08:13:34,7840.0,7910.25,Call DEX 5,DEX,0.548,7582.452322598976,7582.452322598976
2026-09-17 08:14:12,6300.0,6357.25,Call CEX 3,CEX,103364.947,7582.452322598976,7582.452322598976
2026-09-17 08:14:12,6300.0,6357.25,Call VEX 2,VEX,155718.207,7582.452322598976,7582.452322598976
2026-09-17 08:14:12,6400.0,6458.25,Call CEX 2,CEX,108952.379,7582.452322598976,7582.452322598976
2026-09-17 08:14:12,6400.0,6458.25,Call VEX 1,VEX,164363.759,7582.452322598976,7582.452322598976
2026-09-17 08:14:12,6940.0,7003.0,Call DEX 4,DEX,0.751,7582.452322598976,7582.452322598976
2026-09-17 08:14:12,7000.0,7063.75,Call DEX 1,DEX,33.618,7582.452322598976,7582.452322598976
2026-09-17 08:14:12,7050.0,7114.0,Call CEX 5,CEX,77142.735,7582.452322598976,7582.452322598976
2026-09-17 08:14:12,7050.0,7114.0,Call VEX 3,VEX,106041.713,7582.452322598976,7582.452322598976
2026-09-17 08:14:12,7080.0,7144.5,Call DEX 2,DEX,2.016,7582.452322598976,7582.452322598976
2026-09-17 08:14:12,7220.0,7285.75,Call DEX 3,DEX,1.14,7582.452322598976,7582.452322598976
2026-09-17 08:14:12,7350.0,7416.75,Call CEX 1,CEX,109641.152,7582.452322598976,7582.452322598976
2026-09-17 08:14:12,7350.0,7416.75,Call VEX 4,VEX,105456.396,7582.452322598976,7582.452322598976
2026-09-17 08:14:12,7360.0,7427.0,Call CEX 4,CEX,96176.634,7582.452322598976,7582.452322598976
2026-09-17 08:14:12,7360.0,7427.0,Call VEX 5,VEX,90454.331,7582.452322598976,7582.452322598976
2026-09-17 08:14:12,7450.0,7517.75,Put GEX 2,GEX,-72752.604,7582.452322598976,7582.452322598976
2026-09-17 08:14:12,7500.0,7568.25,Put DEX 2,DEX,-21.686,7582.452322598976,7582.452322598976
2026-09-17 08:14:12,7500.0,7568.25,Put GEX 1,GEX,-99967.617,7582.452322598976,7582.452322598976
2026-09-17 08:14:12,7550.0,7618.75,Put DEX 5,DEX,-17.779,7582.452322598976,7582.452322598976
2026-09-17 08:14:12,7550.0,7618.75,Put GEX 4,GEX,-71013.095,7582.452322598976,7582.452322598976
2026-09-17 08:14:12,7570.0,7638.75,Put DEX 3,DEX,-20.892,7582.452322598976,7582.452322598976
2026-09-17 08:14:12,7570.0,7638.75,Put GEX 3,GEX,-71876.017,7582.452322598976,7582.452322598976
2026-09-17 08:14:12,7575.0,7644.0,Put DEX 4,DEX,-18.094,7582.452322598976,7582.452322598976
2026-09-17 08:14:12,7575.0,7644.0,Put GEX 5,GEX,-63392.309,7582.452322598976,7582.452322598976
2026-09-17 08:14:12,7600.0,7669.0,Put CEX 4,CEX,-53168.419,7582.452322598976,7582.452322598976
2026-09-17 08:14:12,7650.0,7719.5,Put CEX 3,CEX,-58785.011,7582.452322598976,7582.452322598976
2026-09-17 08:14:12,7650.0,7719.5,Put VEX 3,VEX,-55428.356,7582.452322598976,7582.452322598976
2026-09-17 08:14:12,7675.0,7744.75,Put CEX 5,CEX,-52269.022,7582.452322598976,7582.452322598976
2026-09-17 08:14:12,7675.0,7744.75,Put VEX 5,VEX,-51043.841,7582.452322598976,7582.452322598976
2026-09-17 08:14:12,7700.0,7770.0,Put CEX 1,CEX,-193583.659,7582.452322598976,7582.452322598976
2026-09-17 08:14:12,7700.0,7770.0,Put DEX 1,DEX,-32.8,7582.452322598976,7582.452322598976
2026-09-17 08:14:12,7700.0,7770.0,Put VEX 1,VEX,-176044.599,7582.452322598976,7582.452322598976
2026-09-17 08:14:12,7725.0,7795.25,Call GEX 4,GEX,12157.916,7582.452322598976,7582.452322598976
2026-09-17 08:14:12,7750.0,7820.5,Put CEX 2,CEX,-82678.859,7582.452322598976,7582.452322598976
2026-09-17 08:14:12,7750.0,7820.5,Call GEX 3,GEX,12307.664,7582.452322598976,7582.452322598976
2026-09-17 08:14:12,7750.0,7820.5,Put VEX 2,VEX,-92129.759,7582.452322598976,7582.452322598976
2026-09-17 08:14:12,7775.0,7845.75,Call GEX 2,GEX,12334.908,7582.452322598976,7582.452322598976
2026-09-17 08:14:12,7790.0,7860.75,Call GEX 1,GEX,13978.223,7582.452322598976,7582.452322598976
2026-09-17 08:14:12,7800.0,7871.0,Call GEX 5,GEX,12092.115,7582.452322598976,7582.452322598976
2026-09-17 08:14:12,7800.0,7871.0,Put VEX 4,VEX,-55293.097,7582.452322598976,7582.452322598976
2026-09-17 08:14:12,7840.0,7911.25,Call DEX 5,DEX,0.548,7582.452322598976,7582.452322598976
2026-09-17 08:14:50,6300.0,6357.5,Call CEX 3,CEX,103364.947,7582.452322598976,7582.452322598976
2026-09-17 08:14:50,6300.0,6357.5,Call VEX 2,VEX,155718.207,7582.452322598976,7582.452322598976
2026-09-17 08:14:50,6400.0,6458.25,Call CEX 2,CEX,108952.379,7582.452322598976,7582.452322598976
2026-09-17 08:14:50,6400.0,6458.25,Call VEX 1,VEX,164363.759,7582.452322598976,7582.452322598976
2026-09-17 08:14:50,6940.0,7003.25,Call DEX 4,DEX,0.751,7582.452322598976,7582.452322598976
2026-09-17 08:14:50,7000.0,7063.75,Call DEX 1,DEX,33.618,7582.452322598976,7582.452322598976
2026-09-17 08:14:50,7050.0,7114.25,Call CEX 5,CEX,77142.735,7582.452322598976,7582.452322598976
2026-09-17 08:14:50,7050.0,7114.25,Call VEX 3,VEX,106041.713,7582.452322598976,7582.452322598976
2026-09-17 08:14:50,7080.0,7144.5,Call DEX 2,DEX,2.016,7582.452322598976,7582.452322598976
2026-09-17 08:14:50,7220.0,7285.75,Call DEX 3,DEX,1.14,7582.452322598976,7582.452322598976
2026-09-17 08:14:50,7350.0,7417.0,Call CEX 1,CEX,109641.152,7582.452322598976,7582.452322598976
2026-09-17 08:14:50,7350.0,7417.0,Call VEX 4,VEX,105456.396,7582.452322598976,7582.452322598976
2026-09-17 08:14:50,7360.0,7427.0,Call CEX 4,CEX,96176.634,7582.452322598976,7582.452322598976
2026-09-17 08:14:50,7360.0,7427.0,Call VEX 5,VEX,90454.331,7582.452322598976,7582.452322598976
2026-09-17 08:14:50,7450.0,7518.0,Put GEX 2,GEX,-72752.604,7582.452322598976,7582.452322598976
2026-09-17 08:14:50,7500.0,7568.25,Put DEX 2,DEX,-21.686,7582.452322598976,7582.452322598976
2026-09-17 08:14:50,7500.0,7568.25,Put GEX 1,GEX,-99967.617,7582.452322598976,7582.452322598976
2026-09-17 08:14:50,7550.0,7618.75,Put DEX 5,DEX,-17.779,7582.452322598976,7582.452322598976
2026-09-17 08:14:50,7550.0,7618.75,Put GEX 4,GEX,-71013.095,7582.452322598976,7582.452322598976
2026-09-17 08:14:50,7570.0,7639.0,Put DEX 3,DEX,-20.892,7582.452322598976,7582.452322598976
2026-09-17 08:14:50,7570.0,7639.0,Put GEX 3,GEX,-71876.017,7582.452322598976,7582.452322598976
2026-09-17 08:14:50,7575.0,7644.0,Put DEX 4,DEX,-18.094,7582.452322598976,7582.452322598976
2026-09-17 08:14:50,7575.0,7644.0,Put GEX 5,GEX,-63392.309,7582.452322598976,7582.452322598976
2026-09-17 08:14:50,7600.0,7669.25,Put CEX 4,CEX,-53168.419,7582.452322598976,7582.452322598976
2026-09-17 08:14:50,7650.0,7719.75,Put CEX 3,CEX,-58785.011,7582.452322598976,7582.452322598976
2026-09-17 08:14:50,7650.0,7719.75,Put VEX 3,VEX,-55428.356,7582.452322598976,7582.452322598976
2026-09-17 08:14:50,7675.0,7745.0,Put CEX 5,CEX,-52269.022,7582.452322598976,7582.452322598976
2026-09-17 08:14:50,7675.0,7745.0,Put VEX 5,VEX,-51043.841,7582.452322598976,7582.452322598976
2026-09-17 08:14:50,7700.0,7770.25,Put CEX 1,CEX,-193583.659,7582.452322598976,7582.452322598976
2026-09-17 08:14:50,7700.0,7770.25,Put DEX 1,DEX,-32.8,7582.452322598976,7582.452322598976
2026-09-17 08:14:50,7700.0,7770.25,Put VEX 1,VEX,-176044.599,7582.452322598976,7582.452322598976
2026-09-17 08:14:50,7725.0,7795.5,Call GEX 4,GEX,12157.916,7582.452322598976,7582.452322598976
2026-09-17 08:14:50,7750.0,7820.75,Put CEX 2,CEX,-82678.859,7582.452322598976,7582.452322598976
2026-09-17 08:14:50,7750.0,7820.75,Call GEX 3,GEX,12307.664,7582.452322598976,7582.452322598976
2026-09-17 08:14:50,7750.0,7820.75,Put VEX 2,VEX,-92129.759,7582.452322598976,7582.452322598976
2026-09-17 08:14:50,7775.0,7845.75,Call GEX 2,GEX,12334.908,7582.452322598976,7582.452322598976
2026-09-17 08:14:50,7790.0,7861.0,Call GEX 1,GEX,13978.223,7582.452322598976,7582.452322598976
2026-09-17 08:14:50,7800.0,7871.0,Call GEX 5,GEX,12092.115,7582.452322598976,7582.452322598976
2026-09-17 08:14:50,7800.0,7871.0,Put VEX 4,VEX,-55293.097,7582.452322598976,7582.452322598976
2026-09-17 08:14:50,7840.0,7911.5,Call DEX 5,DEX,0.548,7582.452322598976,7582.452322598976
2026-09-17 08:15:29,6300.0,6356.5,Call CEX 3,CEX,103364.947,7582.452322598976,7582.452322598976
2026-09-17 08:15:29,6300.0,6356.5,Call VEX 2,VEX,155718.207,7582.452322598976,7582.452322598976
2026-09-17 08:15:29,6400.0,6457.5,Call CEX 2,CEX,108952.379,7582.452322598976,7582.452322598976
2026-09-17 08:15:29,6400.0,6457.5,Call VEX 1,VEX,164363.759,7582.452322598976,7582.452322598976
2026-09-17 08:15:29,6940.0,7002.25,Call DEX 4,DEX,0.751,7582.452322598976,7582.452322598976
2026-09-17 08:15:29,7000.0,7062.75,Call DEX 1,DEX,33.618,7582.452322598976,7582.452322598976
2026-09-17 08:15:29,7050.0,7113.25,Call CEX 5,CEX,77142.735,7582.452322598976,7582.452322598976
2026-09-17 08:15:29,7050.0,7113.25,Call VEX 3,VEX,106041.713,7582.452322598976,7582.452322598976
2026-09-17 08:15:29,7080.0,7143.5,Call DEX 2,DEX,2.016,7582.452322598976,7582.452322598976
2026-09-17 08:15:29,7220.0,7284.75,Call DEX 3,DEX,1.14,7582.452322598976,7582.452322598976
2026-09-17 08:15:29,7350.0,7416.0,Call CEX 1,CEX,109641.152,7582.452322598976,7582.452322598976
2026-09-17 08:15:29,7350.0,7416.0,Call VEX 4,VEX,105456.396,7582.452322598976,7582.452322598976
2026-09-17 08:15:29,7360.0,7426.0,Call CEX 4,CEX,96176.634,7582.452322598976,7582.452322598976
2026-09-17 08:15:29,7360.0,7426.0,Call VEX 5,VEX,90454.331,7582.452322598976,7582.452322598976
2026-09-17 08:15:29,7450.0,7516.75,Put GEX 2,GEX,-72752.604,7582.452322598976,7582.452322598976
2026-09-17 08:15:29,7500.0,7567.25,Put DEX 2,DEX,-21.686,7582.452322598976,7582.452322598976
2026-09-17 08:15:29,7500.0,7567.25,Put GEX 1,GEX,-99967.617,7582.452322598976,7582.452322598976
2026-09-17 08:15:29,7550.0,7617.75,Put DEX 5,DEX,-17.779,7582.452322598976,7582.452322598976
2026-09-17 08:15:29,7550.0,7617.75,Put GEX 4,GEX,-71013.095,7582.452322598976,7582.452322598976
2026-09-17 08:15:29,7570.0,7637.75,Put DEX 3,DEX,-20.892,7582.452322598976,7582.452322598976
2026-09-17 08:15:29,7570.0,7637.75,Put GEX 3,GEX,-71876.017,7582.452322598976,7582.452322598976
2026-09-17 08:15:29,7575.0,7643.0,Put DEX 4,DEX,-18.094,7582.452322598976,7582.452322598976
2026-09-17 08:15:29,7575.0,7643.0,Put GEX 5,GEX,-63392.309,7582.452322598976,7582.452322598976
2026-09-17 08:15:29,7600.0,7668.25,Put CEX 4,CEX,-53168.419,7582.452322598976,7582.452322598976
2026-09-17 08:15:29,7650.0,7718.5,Put CEX 3,CEX,-58785.011,7582.452322598976,7582.452322598976
2026-09-17 08:15:29,7650.0,7718.5,Put VEX 3,VEX,-55428.356,7582.452322598976,7582.452322598976
2026-09-17 08:15:29,7675.0,7743.75,Put CEX 5,CEX,-52269.022,7582.452322598976,7582.452322598976
2026-09-17 08:15:29,7675.0,7743.75,Put VEX 5,VEX,-51043.841,7582.452322598976,7582.452322598976
2026-09-17 08:15:29,7700.0,7769.0,Put CEX 1,CEX,-193583.659,7582.452322598976,7582.452322598976
2026-09-17 08:15:29,7700.0,7769.0,Put DEX 1,DEX,-32.8,7582.452322598976,7582.452322598976
2026-09-17 08:15:29,7700.0,7769.0,Put VEX 1,VEX,-176044.599,7582.452322598976,7582.452322598976
2026-09-17 08:15:29,7725.0,7794.25,Call GEX 4,GEX,12157.916,7582.452322598976,7582.452322598976
2026-09-17 08:15:29,7750.0,7819.5,Put CEX 2,CEX,-82678.859,7582.452322598976,7582.452322598976
2026-09-17 08:15:29,7750.0,7819.5,Call GEX 3,GEX,12307.664,7582.452322598976,7582.452322598976
2026-09-17 08:15:29,7750.0,7819.5,Put VEX 2,VEX,-92129.759,7582.452322598976,7582.452322598976
2026-09-17 08:15:29,7775.0,7844.75,Call GEX 2,GEX,12334.908,7582.452322598976,7582.452322598976
2026-09-17 08:15:29,7790.0,7859.75,Call GEX 1,GEX,13978.223,7582.452322598976,7582.452322598976
2026-09-17 08:15:29,7800.0,7870.0,Call GEX 5,GEX,12092.115,7582.452322598976,7582.452322598976
2026-09-17 08:15:29,7800.0,7870.0,Put VEX 4,VEX,-55293.097,7582.452322598976,7582.452322598976
2026-09-17 08:15:29,7840.0,7910.25,Call DEX 5,DEX,0.548,7582.452322598976,7582.452322598976
2026-09-17 08:16:07,6300.0,6357.25,Call CEX 3,CEX,103364.947,7582.452322598976,7582.452322598976
2026-09-17 08:16:07,6300.0,6357.25,Call VEX 2,VEX,155718.207,7582.452322598976,7582.452322598976
2026-09-17 08:16:07,6400.0,6458.0,Call CEX 2,CEX,108952.379,7582.452322598976,7582.452322598976
2026-09-17 08:16:07,6400.0,6458.0,Call VEX 1,VEX,164363.759,7582.452322598976,7582.452322598976
2026-09-17 08:16:07,6940.0,7003.0,Call DEX 4,DEX,0.751,7582.452322598976,7582.452322598976
2026-09-17 08:16:07,7000.0,7063.5,Call DEX 1,DEX,33.618,7582.452322598976,7582.452322598976
2026-09-17 08:16:07,7050.0,7114.0,Call CEX 5,CEX,77142.735,7582.452322598976,7582.452322598976
2026-09-17 08:16:07,7050.0,7114.0,Call VEX 3,VEX,106041.713,7582.452322598976,7582.452322598976
2026-09-17 08:16:07,7080.0,7144.25,Call DEX 2,DEX,2.016,7582.452322598976,7582.452322598976
2026-09-17 08:16:07,7220.0,7285.5,Call DEX 3,DEX,1.14,7582.452322598976,7582.452322598976
2026-09-17 08:16:07,7350.0,7416.75,Call CEX 1,CEX,109641.152,7582.452322598976,7582.452322598976
2026-09-17 08:16:07,7350.0,7416.75,Call VEX 4,VEX,105456.396,7582.452322598976,7582.452322598976
2026-09-17 08:16:07,7360.0,7426.75,Call CEX 4,CEX,96176.634,7582.452322598976,7582.452322598976
2026-09-17 08:16:07,7360.0,7426.75,Call VEX 5,VEX,90454.331,7582.452322598976,7582.452322598976
2026-09-17 08:16:07,7450.0,7517.75,Put GEX 2,GEX,-72752.604,7582.452322598976,7582.452322598976
2026-09-17 08:16:07,7500.0,7568.0,Put DEX 2,DEX,-21.686,7582.452322598976,7582.452322598976
2026-09-17 08:16:07,7500.0,7568.0,Put GEX 1,GEX,-99967.617,7582.452322598976,7582.452322598976
2026-09-17 08:16:07,7550.0,7618.5,Put DEX 5,DEX,-17.779,7582.452322598976,7582.452322598976
2026-09-17 08:16:07,7550.0,7618.5,Put GEX 4,GEX,-71013.095,7582.452322598976,7582.452322598976
2026-09-17 08:16:07,7570.0,7638.75,Put DEX 3,DEX,-20.892,7582.452322598976,7582.452322598976
2026-09-17 08:16:07,7570.0,7638.75,Put GEX 3,GEX,-71876.017,7582.452322598976,7582.452322598976
2026-09-17 08:16:07,7575.0,7643.75,Put DEX 4,DEX,-18.094,7582.452322598976,7582.452322598976
2026-09-17 08:16:07,7575.0,7643.75,Put GEX 5,GEX,-63392.309,7582.452322598976,7582.452322598976
2026-09-17 08:16:07,7600.0,7669.0,Put CEX 4,CEX,-53168.419,7582.452322598976,7582.452322598976
2026-09-17 08:16:07,7650.0,7719.5,Put CEX 3,CEX,-58785.011,7582.452322598976,7582.452322598976
2026-09-17 08:16:07,7650.0,7719.5,Put VEX 3,VEX,-55428.356,7582.452322598976,7582.452322598976
2026-09-17 08:16:07,7675.0,7744.75,Put CEX 5,CEX,-52269.022,7582.452322598976,7582.452322598976
2026-09-17 08:16:07,7675.0,7744.75,Put VEX 5,VEX,-51043.841,7582.452322598976,7582.452322598976
2026-09-17 08:16:07,7700.0,7770.0,Put CEX 1,CEX,-193583.659,7582.452322598976,7582.452322598976
2026-09-17 08:16:07,7700.0,7770.0,Put DEX 1,DEX,-32.8,7582.452322598976,7582.452322598976
2026-09-17 08:16:07,7700.0,7770.0,Put VEX 1,VEX,-176044.599,7582.452322598976,7582.452322598976
2026-09-17 08:16:07,7725.0,7795.25,Call GEX 4,GEX,12157.916,7582.452322598976,7582.452322598976
2026-09-17 08:16:07,7750.0,7820.5,Put CEX 2,CEX,-82678.859,7582.452322598976,7582.452322598976
2026-09-17 08:16:07,7750.0,7820.5,Call GEX 3,GEX,12307.664,7582.452322598976,7582.452322598976
2026-09-17 08:16:07,7750.0,7820.5,Put VEX 2,VEX,-92129.759,7582.452322598976,7582.452322598976
2026-09-17 08:16:07,7775.0,7845.5,Call GEX 2,GEX,12334.908,7582.452322598976,7582.452322598976
2026-09-17 08:16:07,7790.0,7860.75,Call GEX 1,GEX,13978.223,7582.452322598976,7582.452322598976
2026-09-17 08:16:07,7800.0,7870.75,Call GEX 5,GEX,12092.115,7582.452322598976,7582.452322598976
2026-09-17 08:16:07,7800.0,7870.75,Put VEX 4,VEX,-55293.097,7582.452322598976,7582.452322598976
2026-09-17 08:16:07,7840.0,7911.25,Call DEX 5,DEX,0.548,7582.452322598976,7582.452322598976
2026-09-17 08:16:45,6300.0,6357.25,Call CEX 3,CEX,103364.947,7582.452322598976,7582.452322598976
2026-09-17 08:16:45,6300.0,6357.25,Call VEX 2,VEX,155718.207,7582.452322598976,7582.452322598976
2026-09-17 08:16:45,6400.0,6458.25,Call CEX 2,CEX,108952.379,7582.452322598976,7582.452322598976
2026-09-17 08:16:45,6400.0,6458.25,Call VEX 1,VEX,164363.759,7582.452322598976,7582.452322598976
2026-09-17 08:16:45,6940.0,7003.0,Call DEX 4,DEX,0.751,7582.452322598976,7582.452322598976
2026-09-17 08:16:45,7000.0,7063.75,Call DEX 1,DEX,33.618,7582.452322598976,7582.452322598976
2026-09-17 08:16:45,7050.0,7114.0,Call CEX 5,CEX,77142.735,7582.452322598976,7582.452322598976
2026-09-17 08:16:45,7050.0,7114.0,Call VEX 3,VEX,106041.713,7582.452322598976,7582.452322598976
2026-09-17 08:16:45,7080.0,7144.25,Call DEX 2,DEX,2.016,7582.452322598976,7582.452322598976
2026-09-17 08:16:45,7220.0,7285.75,Call DEX 3,DEX,1.14,7582.452322598976,7582.452322598976
2026-09-17 08:16:45,7350.0,7416.75,Call CEX 1,CEX,109641.152,7582.452322598976,7582.452322598976
2026-09-17 08:16:45,7350.0,7416.75,Call VEX 4,VEX,105456.396,7582.452322598976,7582.452322598976
2026-09-17 08:16:45,7360.0,7427.0,Call CEX 4,CEX,96176.634,7582.452322598976,7582.452322598976
2026-09-17 08:16:45,7360.0,7427.0,Call VEX 5,VEX,90454.331,7582.452322598976,7582.452322598976
2026-09-17 08:16:45,7450.0,7517.75,Put GEX 2,GEX,-72752.604,7582.452322598976,7582.452322598976
2026-09-17 08:16:45,7500.0,7568.25,Put DEX 2,DEX,-21.686,7582.452322598976,7582.452322598976
2026-09-17 08:16:45,7500.0,7568.25,Put GEX 1,GEX,-99967.617,7582.452322598976,7582.452322598976
2026-09-17 08:16:45,7550.0,7618.75,Put DEX 5,DEX,-17.779,7582.452322598976,7582.452322598976
2026-09-17 08:16:45,7550.0,7618.75,Put GEX 4,GEX,-71013.095,7582.452322598976,7582.452322598976
2026-09-17 08:16:45,7570.0,7638.75,Put DEX 3,DEX,-20.892,7582.452322598976,7582.452322598976
2026-09-17 08:16:45,7570.0,7638.75,Put GEX 3,GEX,-71876.017,7582.452322598976,7582.452322598976
2026-09-17 08:16:45,7575.0,7643.75,Put DEX 4,DEX,-18.094,7582.452322598976,7582.452322598976
2026-09-17 08:16:45,7575.0,7643.75,Put GEX 5,GEX,-63392.309,7582.452322598976,7582.452322598976
2026-09-17 08:16:45,7600.0,7669.0,Put CEX 4,CEX,-53168.419,7582.452322598976,7582.452322598976
2026-09-17 08:16:45,7650.0,7719.5,Put CEX 3,CEX,-58785.011,7582.452322598976,7582.452322598976
2026-09-17 08:16:45,7650.0,7719.5,Put VEX 3,VEX,-55428.356,7582.452322598976,7582.452322598976
2026-09-17 08:16:45,7675.0,7744.75,Put CEX 5,CEX,-52269.022,7582.452322598976,7582.452322598976
2026-09-17 08:16:45,7675.0,7744.75,Put VEX 5,VEX,-51043.841,7582.452322598976,7582.452322598976
2026-09-17 08:16:45,7700.0,7770.0,Put CEX 1,CEX,-193583.659,7582.452322598976,7582.452322598976
2026-09-17 08:16:45,7700.0,7770.0,Put DEX 1,DEX,-32.8,7582.452322598976,7582.452322598976
2026-09-17 08:16:45,7700.0,7770.0,Put VEX 1,VEX,-176044.599,7582.452322598976,7582.452322598976
2026-09-17 08:16:45,7725.0,7795.25,Call GEX 4,GEX,12157.916,7582.452322598976,7582.452322598976
2026-09-17 08:16:45,7750.0,7820.5,Put CEX 2,CEX,-82678.859,7582.452322598976,7582.452322598976
2026-09-17 08:16:45,7750.0,7820.5,Call GEX 3,GEX,12307.664,7582.452322598976,7582.452322598976
2026-09-17 08:16:45,7750.0,7820.5,Put VEX 2,VEX,-92129.759,7582.452322598976,7582.452322598976
2026-09-17 08:16:45,7775.0,7845.75,Call GEX 2,GEX,12334.908,7582.452322598976,7582.452322598976
2026-09-17 08:16:45,7790.0,7860.75,Call GEX 1,GEX,13978.223,7582.452322598976,7582.452322598976
2026-09-17 08:16:45,7800.0,7871.0,Call GEX 5,GEX,12092.115,7582.452322598976,7582.452322598976
2026-09-17 08:16:45,7800.0,7871.0,Put VEX 4,VEX,-55293.097,7582.452322598976,7582.452322598976
2026-09-17 08:16:45,7840.0,7911.25,Call DEX 5,DEX,0.548,7582.452322598976,7582.452322598976
2026-09-17 08:17:23,6300.0,6356.75,Call CEX 3,CEX,103364.947,7582.452322598976,7582.452322598976
2026-09-17 08:17:23,6300.0,6356.75,Call VEX 2,VEX,155718.207,7582.452322598976,7582.452322598976
2026-09-17 08:17:23,6400.0,6457.5,Call CEX 2,CEX,108952.379,7582.452322598976,7582.452322598976
2026-09-17 08:17:23,6400.0,6457.5,Call VEX 1,VEX,164363.759,7582.452322598976,7582.452322598976
2026-09-17 08:17:23,6940.0,7002.5,Call DEX 4,DEX,0.751,7582.452322598976,7582.452322598976
2026-09-17 08:17:23,7000.0,7063.0,Call DEX 1,DEX,33.618,7582.452322598976,7582.452322598976
2026-09-17 08:17:23,7050.0,7113.25,Call CEX 5,CEX,77142.735,7582.452322598976,7582.452322598976
2026-09-17 08:17:23,7050.0,7113.25,Call VEX 3,VEX,106041.713,7582.452322598976,7582.452322598976
2026-09-17 08:17:23,7080.0,7143.75,Call DEX 2,DEX,2.016,7582.452322598976,7582.452322598976
2026-09-17 08:17:23,7220.0,7285.0,Call DEX 3,DEX,1.14,7582.452322598976,7582.452322598976
2026-09-17 08:17:23,7350.0,7416.0,Call CEX 1,CEX,109641.152,7582.452322598976,7582.452322598976
2026-09-17 08:17:23,7350.0,7416.0,Call VEX 4,VEX,105456.396,7582.452322598976,7582.452322598976
2026-09-17 08:17:23,7360.0,7426.25,Call CEX 4,CEX,96176.634,7582.452322598976,7582.452322598976
2026-09-17 08:17:23,7360.0,7426.25,Call VEX 5,VEX,90454.331,7582.452322598976,7582.452322598976
2026-09-17 08:17:23,7450.0,7517.0,Put GEX 2,GEX,-72752.604,7582.452322598976,7582.452322598976
2026-09-17 08:17:23,7500.0,7567.5,Put DEX 2,DEX,-21.686,7582.452322598976,7582.452322598976
2026-09-17 08:17:23,7500.0,7567.5,Put GEX 1,GEX,-99967.617,7582.452322598976,7582.452322598976
2026-09-17 08:17:23,7550.0,7617.75,Put DEX 5,DEX,-17.779,7582.452322598976,7582.452322598976
2026-09-17 08:17:23,7550.0,7617.75,Put GEX 4,GEX,-71013.095,7582.452322598976,7582.452322598976
2026-09-17 08:17:23,7570.0,7638.0,Put DEX 3,DEX,-20.892,7582.452322598976,7582.452322598976
2026-09-17 08:17:23,7570.0,7638.0,Put GEX 3,GEX,-71876.017,7582.452322598976,7582.452322598976
2026-09-17 08:17:23,7575.0,7643.0,Put DEX 4,DEX,-18.094,7582.452322598976,7582.452322598976
2026-09-17 08:17:23,7575.0,7643.0,Put GEX 5,GEX,-63392.309,7582.452322598976,7582.452322598976
2026-09-17 08:17:23,7600.0,7668.25,Put CEX 4,CEX,-53168.419,7582.452322598976,7582.452322598976
2026-09-17 08:17:23,7650.0,7718.75,Put CEX 3,CEX,-58785.011,7582.452322598976,7582.452322598976
2026-09-17 08:17:23,7650.0,7718.75,Put VEX 3,VEX,-55428.356,7582.452322598976,7582.452322598976
2026-09-17 08:17:23,7675.0,7744.0,Put CEX 5,CEX,-52269.022,7582.452322598976,7582.452322598976
2026-09-17 08:17:23,7675.0,7744.0,Put VEX 5,VEX,-51043.841,7582.452322598976,7582.452322598976
2026-09-17 08:17:23,7700.0,7769.25,Put CEX 1,CEX,-193583.659,7582.452322598976,7582.452322598976
2026-09-17 08:17:23,7700.0,7769.25,Put DEX 1,DEX,-32.8,7582.452322598976,7582.452322598976
2026-09-17 08:17:23,7700.0,7769.25,Put VEX 1,VEX,-176044.599,7582.452322598976,7582.452322598976
2026-09-17 08:17:23,7725.0,7794.5,Call GEX 4,GEX,12157.916,7582.452322598976,7582.452322598976
2026-09-17 08:17:23,7750.0,7819.75,Put CEX 2,CEX,-82678.859,7582.452322598976,7582.452322598976
2026-09-17 08:17:23,7750.0,7819.75,Call GEX 3,GEX,12307.664,7582.452322598976,7582.452322598976
2026-09-17 08:17:23,7750.0,7819.75,Put VEX 2,VEX,-92129.759,7582.452322598976,7582.452322598976
2026-09-17 08:17:23,7775.0,7845.0,Call GEX 2,GEX,12334.908,7582.452322598976,7582.452322598976
2026-09-17 08:17:23,7790.0,7860.0,Call GEX 1,GEX,13978.223,7582.452322598976,7582.452322598976
2026-09-17 08:17:23,7800.0,7870.0,Call GEX 5,GEX,12092.115,7582.452322598976,7582.452322598976
2026-09-17 08:17:23,7800.0,7870.0,Put VEX 4,VEX,-55293.097,7582.452322598976,7582.452322598976
2026-09-17 08:17:23,7840.0,7910.5,Call DEX 5,DEX,0.548,7582.452322598976,7582.452322598976
2026-09-17 08:18:01,6300.0,6357.5,Call CEX 3,CEX,103364.947,7582.452322598976,7582.452322598976
2026-09-17 08:18:01,6300.0,6357.5,Call VEX 2,VEX,155718.207,7582.452322598976,7582.452322598976
2026-09-17 08:18:01,6400.0,6458.25,Call CEX 2,CEX,108952.379,7582.452322598976,7582.452322598976
2026-09-17 08:18:01,6400.0,6458.25,Call VEX 1,VEX,164363.759,7582.452322598976,7582.452322598976
2026-09-17 08:18:01,6940.0,7003.25,Call DEX 4,DEX,0.751,7582.452322598976,7582.452322598976
2026-09-17 08:18:01,7000.0,7063.75,Call DEX 1,DEX,33.618,7582.452322598976,7582.452322598976
2026-09-17 08:18:01,7050.0,7114.25,Call CEX 5,CEX,77142.735,7582.452322598976,7582.452322598976
2026-09-17 08:18:01,7050.0,7114.25,Call VEX 3,VEX,106041.713,7582.452322598976,7582.452322598976
2026-09-17 08:18:01,7080.0,7144.5,Call DEX 2,DEX,2.016,7582.452322598976,7582.452322598976
2026-09-17 08:18:01,7220.0,7285.75,Call DEX 3,DEX,1.14,7582.452322598976,7582.452322598976
2026-09-17 08:18:01,7350.0,7417.0,Call CEX 1,CEX,109641.152,7582.452322598976,7582.452322598976
2026-09-17 08:18:01,7350.0,7417.0,Call VEX 4,VEX,105456.396,7582.452322598976,7582.452322598976
2026-09-17 08:18:01,7360.0,7427.0,Call CEX 4,CEX,96176.634,7582.452322598976,7582.452322598976
2026-09-17 08:18:01,7360.0,7427.0,Call VEX 5,VEX,90454.331,7582.452322598976,7582.452322598976
2026-09-17 08:18:01,7450.0,7518.0,Put GEX 2,GEX,-72752.604,7582.452322598976,7582.452322598976
2026-09-17 08:18:01,7500.0,7568.25,Put DEX 2,DEX,-21.686,7582.452322598976,7582.452322598976
2026-09-17 08:18:01,7500.0,7568.25,Put GEX 1,GEX,-99967.617,7582.452322598976,7582.452322598976
2026-09-17 08:18:01,7550.0,7618.75,Put DEX 5,DEX,-17.779,7582.452322598976,7582.452322598976
2026-09-17 08:18:01,7550.0,7618.75,Put GEX 4,GEX,-71013.095,7582.452322598976,7582.452322598976
2026-09-17 08:18:01,7570.0,7639.0,Put DEX 3,DEX,-20.892,7582.452322598976,7582.452322598976
2026-09-17 08:18:01,7570.0,7639.0,Put GEX 3,GEX,-71876.017,7582.452322598976,7582.452322598976
2026-09-17 08:18:01,7575.0,7644.0,Put DEX 4,DEX,-18.094,7582.452322598976,7582.452322598976
2026-09-17 08:18:01,7575.0,7644.0,Put GEX 5,GEX,-63392.309,7582.452322598976,7582.452322598976
2026-09-17 08:18:01,7600.0,7669.25,Put CEX 4,CEX,-53168.419,7582.452322598976,7582.452322598976
2026-09-17 08:18:01,7650.0,7719.75,Put CEX 3,CEX,-58785.011,7582.452322598976,7582.452322598976
2026-09-17 08:18:01,7650.0,7719.75,Put VEX 3,VEX,-55428.356,7582.452322598976,7582.452322598976
2026-09-17 08:18:01,7675.0,7745.0,Put CEX 5,CEX,-52269.022,7582.452322598976,7582.452322598976
2026-09-17 08:18:01,7675.0,7745.0,Put VEX 5,VEX,-51043.841,7582.452322598976,7582.452322598976
2026-09-17 08:18:01,7700.0,7770.25,Put CEX 1,CEX,-193583.659,7582.452322598976,7582.452322598976
2026-09-17 08:18:01,7700.0,7770.25,Put DEX 1,DEX,-32.8,7582.452322598976,7582.452322598976
2026-09-17 08:18:01,7700.0,7770.25,Put VEX 1,VEX,-176044.599,7582.452322598976,7582.452322598976
2026-09-17 08:18:01,7725.0,7795.5,Call GEX 4,GEX,12157.916,7582.452322598976,7582.452322598976
2026-09-17 08:18:01,7750.0,7820.75,Put CEX 2,CEX,-82678.859,7582.452322598976,7582.452322598976
2026-09-17 08:18:01,7750.0,7820.75,Call GEX 3,GEX,12307.664,7582.452322598976,7582.452322598976
2026-09-17 08:18:01,7750.0,7820.75,Put VEX 2,VEX,-92129.759,7582.452322598976,7582.452322598976
2026-09-17 08:18:01,7775.0,7845.75,Call GEX 2,GEX,12334.908,7582.452322598976,7582.452322598976
2026-09-17 08:18:01,7790.0,7861.0,Call GEX 1,GEX,13978.223,7582.452322598976,7582.452322598976
2026-09-17 08:18:01,7800.0,7871.0,Call GEX 5,GEX,12092.115,7582.452322598976,7582.452322598976
2026-09-17 08:18:01,7800.0,7871.0,Put VEX 4,VEX,-55293.097,7582.452322598976,7582.452322598976
2026-09-17 08:18:01,7840.0,7911.5,Call DEX 5,DEX,0.548,7582.452322598976,7582.452322598976
2026-09-17 08:18:40,6300.0,6356.75,Call CEX 3,CEX,103364.947,7582.452322598976,7582.452322598976
2026-09-17 08:18:40,6300.0,6356.75,Call VEX 2,VEX,155718.207,7582.452322598976,7582.452322598976
2026-09-17 08:18:40,6400.0,6457.5,Call CEX 2,CEX,108952.379,7582.452322598976,7582.452322598976
2026-09-17 08:18:40,6400.0,6457.5,Call VEX 1,VEX,164363.759,7582.452322598976,7582.452322598976
2026-09-17 08:18:40,6940.0,7002.5,Call DEX 4,DEX,0.751,7582.452322598976,7582.452322598976
2026-09-17 08:18:40,7000.0,7063.0,Call DEX 1,DEX,33.618,7582.452322598976,7582.452322598976
2026-09-17 08:18:40,7050.0,7113.5,Call CEX 5,CEX,77142.735,7582.452322598976,7582.452322598976
2026-09-17 08:18:40,7050.0,7113.5,Call VEX 3,VEX,106041.713,7582.452322598976,7582.452322598976
2026-09-17 08:18:40,7080.0,7143.75,Call DEX 2,DEX,2.016,7582.452322598976,7582.452322598976
2026-09-17 08:18:40,7220.0,7285.0,Call DEX 3,DEX,1.14,7582.452322598976,7582.452322598976
2026-09-17 08:18:40,7350.0,7416.0,Call CEX 1,CEX,109641.152,7582.452322598976,7582.452322598976
2026-09-17 08:18:40,7350.0,7416.0,Call VEX 4,VEX,105456.396,7582.452322598976,7582.452322598976
2026-09-17 08:18:40,7360.0,7426.25,Call CEX 4,CEX,96176.634,7582.452322598976,7582.452322598976
2026-09-17 08:18:40,7360.0,7426.25,Call VEX 5,VEX,90454.331,7582.452322598976,7582.452322598976
2026-09-17 08:18:40,7450.0,7517.0,Put GEX 2,GEX,-72752.604,7582.452322598976,7582.452322598976
2026-09-17 08:18:40,7500.0,7567.5,Put DEX 2,DEX,-21.686,7582.452322598976,7582.452322598976
2026-09-17 08:18:40,7500.0,7567.5,Put GEX 1,GEX,-99967.617,7582.452322598976,7582.452322598976
2026-09-17 08:18:40,7550.0,7618.0,Put DEX 5,DEX,-17.779,7582.452322598976,7582.452322598976
2026-09-17 08:18:40,7550.0,7618.0,Put GEX 4,GEX,-71013.095,7582.452322598976,7582.452322598976
2026-09-17 08:18:40,7570.0,7638.0,Put DEX 3,DEX,-20.892,7582.452322598976,7582.452322598976
2026-09-17 08:18:40,7570.0,7638.0,Put GEX 3,GEX,-71876.017,7582.452322598976,7582.452322598976
2026-09-17 08:18:40,7575.0,7643.25,Put DEX 4,DEX,-18.094,7582.452322598976,7582.452322598976
2026-09-17 08:18:40,7575.0,7643.25,Put GEX 5,GEX,-63392.309,7582.452322598976,7582.452322598976
2026-09-17 08:18:40,7600.0,7668.25,Put CEX 4,CEX,-53168.419,7582.452322598976,7582.452322598976
2026-09-17 08:18:40,7650.0,7718.75,Put CEX 3,CEX,-58785.011,7582.452322598976,7582.452322598976
2026-09-17 08:18:40,7650.0,7718.75,Put VEX 3,VEX,-55428.356,7582.452322598976,7582.452322598976
2026-09-17 08:18:40,7675.0,7744.0,Put CEX 5,CEX,-52269.022,7582.452322598976,7582.452322598976
2026-09-17 08:18:40,7675.0,7744.0,Put VEX 5,VEX,-51043.841,7582.452322598976,7582.452322598976
2026-09-17 08:18:40,7700.0,7769.25,Put CEX 1,CEX,-193583.659,7582.452322598976,7582.452322598976
2026-09-17 08:18:40,7700.0,7769.25,Put DEX 1,DEX,-32.8,7582.452322598976,7582.452322598976
2026-09-17 08:18:40,7700.0,7769.25,Put VEX 1,VEX,-176044.599,7582.452322598976,7582.452322598976
2026-09-17 08:18:40,7725.0,7794.5,Call GEX 4,GEX,12157.916,7582.452322598976,7582.452322598976
2026-09-17 08:18:40,7750.0,7819.75,Put CEX 2,CEX,-82678.859,7582.452322598976,7582.452322598976
2026-09-17 08:18:40,7750.0,7819.75,Call GEX 3,GEX,12307.664,7582.452322598976,7582.452322598976
2026-09-17 08:18:40,7750.0,7819.75,Put VEX 2,VEX,-92129.759,7582.452322598976,7582.452322598976
2026-09-17 08:18:40,7775.0,7845.0,Call GEX 2,GEX,12334.908,7582.452322598976,7582.452322598976
2026-09-17 08:18:40,7790.0,7860.0,Call GEX 1,GEX,13978.223,7582.452322598976,7582.452322598976
2026-09-17 08:18:40,7800.0,7870.25,Call GEX 5,GEX,12092.115,7582.452322598976,7582.452322598976
2026-09-17 08:18:40,7800.0,7870.25,Put VEX 4,VEX,-55293.097,7582.452322598976,7582.452322598976
2026-09-17 08:18:40,7840.0,7910.5,Call DEX 5,DEX,0.548,7582.452322598976,7582.452322598976
2026-09-17 08:19:18,6300.0,6356.75,Call CEX 3,CEX,103364.947,7582.452322598976,7582.452322598976
2026-09-17 08:19:18,6300.0,6356.75,Call VEX 2,VEX,155718.207,7582.452322598976,7582.452322598976
2026-09-17 08:19:18,6400.0,6457.5,Call CEX 2,CEX,108952.379,7582.452322598976,7582.452322598976
2026-09-17 08:19:18,6400.0,6457.5,Call VEX 1,VEX,164363.759,7582.452322598976,7582.452322598976
2026-09-17 08:19:18,6940.0,7002.5,Call DEX 4,DEX,0.751,7582.452322598976,7582.452322598976
2026-09-17 08:19:18,7000.0,7063.0,Call DEX 1,DEX,33.618,7582.452322598976,7582.452322598976
2026-09-17 08:19:18,7050.0,7113.5,Call CEX 5,CEX,77142.735,7582.452322598976,7582.452322598976
2026-09-17 08:19:18,7050.0,7113.5,Call VEX 3,VEX,106041.713,7582.452322598976,7582.452322598976
2026-09-17 08:19:18,7080.0,7143.75,Call DEX 2,DEX,2.016,7582.452322598976,7582.452322598976
2026-09-17 08:19:18,7220.0,7285.0,Call DEX 3,DEX,1.14,7582.452322598976,7582.452322598976
2026-09-17 08:19:18,7350.0,7416.0,Call CEX 1,CEX,109641.152,7582.452322598976,7582.452322598976
2026-09-17 08:19:18,7350.0,7416.0,Call VEX 4,VEX,105456.396,7582.452322598976,7582.452322598976
2026-09-17 08:19:18,7360.0,7426.25,Call CEX 4,CEX,96176.634,7582.452322598976,7582.452322598976
2026-09-17 08:19:18,7360.0,7426.25,Call VEX 5,VEX,90454.331,7582.452322598976,7582.452322598976
2026-09-17 08:19:18,7450.0,7517.0,Put GEX 2,GEX,-72752.604,7582.452322598976,7582.452322598976
2026-09-17 08:19:18,7500.0,7567.5,Put DEX 2,DEX,-21.686,7582.452322598976,7582.452322598976
2026-09-17 08:19:18,7500.0,7567.5,Put GEX 1,GEX,-99967.617,7582.452322598976,7582.452322598976
2026-09-17 08:19:18,7550.0,7618.0,Put DEX 5,DEX,-17.779,7582.452322598976,7582.452322598976
2026-09-17 08:19:18,7550.0,7618.0,Put GEX 4,GEX,-71013.095,7582.452322598976,7582.452322598976
2026-09-17 08:19:18,7570.0,7638.0,Put DEX 3,DEX,-20.892,7582.452322598976,7582.452322598976
2026-09-17 08:19:18,7570.0,7638.0,Put GEX 3,GEX,-71876.017,7582.452322598976,7582.452322598976
2026-09-17 08:19:18,7575.0,7643.25,Put DEX 4,DEX,-18.094,7582.452322598976,7582.452322598976
2026-09-17 08:19:18,7575.0,7643.25,Put GEX 5,GEX,-63392.309,7582.452322598976,7582.452322598976
2026-09-17 08:19:18,7600.0,7668.25,Put CEX 4,CEX,-53168.419,7582.452322598976,7582.452322598976
2026-09-17 08:19:18,7650.0,7718.75,Put CEX 3,CEX,-58785.011,7582.452322598976,7582.452322598976
2026-09-17 08:19:18,7650.0,7718.75,Put VEX 3,VEX,-55428.356,7582.452322598976,7582.452322598976
2026-09-17 08:19:18,7675.0,7744.0,Put CEX 5,CEX,-52269.022,7582.452322598976,7582.452322598976
2026-09-17 08:19:18,7675.0,7744.0,Put VEX 5,VEX,-51043.841,7582.452322598976,7582.452322598976
2026-09-17 08:19:18,7700.0,7769.25,Put CEX 1,CEX,-193583.659,7582.452322598976,7582.452322598976
2026-09-17 08:19:18,7700.0,7769.25,Put DEX 1,DEX,-32.8,7582.452322598976,7582.452322598976
2026-09-17 08:19:18,7700.0,7769.25,Put VEX 1,VEX,-176044.599,7582.452322598976,7582.452322598976
2026-09-17 08:19:18,7725.0,7794.5,Call GEX 4,GEX,12157.916,7582.452322598976,7582.452322598976
2026-09-17 08:19:18,7750.0,7819.75,Put CEX 2,CEX,-82678.859,7582.452322598976,7582.452322598976
2026-09-17 08:19:18,7750.0,7819.75,Call GEX 3,GEX,12307.664,7582.452322598976,7582.452322598976
2026-09-17 08:19:18,7750.0,7819.75,Put VEX 2,VEX,-92129.759,7582.452322598976,7582.452322598976
2026-09-17 08:19:18,7775.0,7845.0,Call GEX 2,GEX,12334.908,7582.452322598976,7582.452322598976
2026-09-17 08:19:18,7790.0,7860.0,Call GEX 1,GEX,13978.223,7582.452322598976,7582.452322598976
2026-09-17 08:19:18,7800.0,7870.25,Call GEX 5,GEX,12092.115,7582.452322598976,7582.452322598976
2026-09-17 08:19:18,7800.0,7870.25,Put VEX 4,VEX,-55293.097,7582.452322598976,7582.452322598976
2026-09-17 08:19:18,7840.0,7910.5,Call DEX 5,DEX,0.548,7582.452322598976,7582.452322598976
2026-09-17 08:19:56,6300.0,6356.5,Call CEX 3,CEX,103364.947,7582.452322598976,7582.452322598976
2026-09-17 08:19:56,6300.0,6356.5,Call VEX 2,VEX,155718.207,7582.452322598976,7582.452322598976
2026-09-17 08:19:56,6400.0,6457.5,Call CEX 2,CEX,108952.379,7582.452322598976,7582.452322598976
2026-09-17 08:19:56,6400.0,6457.5,Call VEX 1,VEX,164363.759,7582.452322598976,7582.452322598976
2026-09-17 08:19:56,6940.0,7002.25,Call DEX 4,DEX,0.751,7582.452322598976,7582.452322598976
2026-09-17 08:19:56,7000.0,7062.75,Call DEX 1,DEX,33.618,7582.452322598976,7582.452322598976
2026-09-17 08:19:56,7050.0,7113.25,Call CEX 5,CEX,77142.735,7582.452322598976,7582.452322598976
2026-09-17 08:19:56,7050.0,7113.25,Call VEX 3,VEX,106041.713,7582.452322598976,7582.452322598976
2026-09-17 08:19:56,7080.0,7143.5,Call DEX 2,DEX,2.016,7582.452322598976,7582.452322598976
2026-09-17 08:19:56,7220.0,7284.75,Call DEX 3,DEX,1.14,7582.452322598976,7582.452322598976
2026-09-17 08:19:56,7350.0,7416.0,Call CEX 1,CEX,109641.152,7582.452322598976,7582.452322598976
2026-09-17 08:19:56,7350.0,7416.0,Call VEX 4,VEX,105456.396,7582.452322598976,7582.452322598976
2026-09-17 08:19:56,7360.0,7426.0,Call CEX 4,CEX,96176.634,7582.452322598976,7582.452322598976
2026-09-17 08:19:56,7360.0,7426.0,Call VEX 5,VEX,90454.331,7582.452322598976,7582.452322598976
2026-09-17 08:19:56,7450.0,7516.75,Put GEX 2,GEX,-72752.604,7582.452322598976,7582.452322598976
2026-09-17 08:19:56,7500.0,7567.25,Put DEX 2,DEX,-21.686,7582.452322598976,7582.452322598976
2026-09-17 08:19:56,7500.0,7567.25,Put GEX 1,GEX,-99967.617,7582.452322598976,7582.452322598976
2026-09-17 08:19:56,7550.0,7617.75,Put DEX 5,DEX,-17.779,7582.452322598976,7582.452322598976
2026-09-17 08:19:56,7550.0,7617.75,Put GEX 4,GEX,-71013.095,7582.452322598976,7582.452322598976
2026-09-17 08:19:56,7570.0,7638.0,Put DEX 3,DEX,-20.892,7582.452322598976,7582.452322598976
2026-09-17 08:19:56,7570.0,7638.0,Put GEX 3,GEX,-71876.017,7582.452322598976,7582.452322598976
2026-09-17 08:19:56,7575.0,7643.0,Put DEX 4,DEX,-18.094,7582.452322598976,7582.452322598976
2026-09-17 08:19:56,7575.0,7643.0,Put GEX 5,GEX,-63392.309,7582.452322598976,7582.452322598976
2026-09-17 08:19:56,7600.0,7668.25,Put CEX 4,CEX,-53168.419,7582.452322598976,7582.452322598976
2026-09-17 08:19:56,7650.0,7718.5,Put CEX 3,CEX,-58785.011,7582.452322598976,7582.452322598976
2026-09-17 08:19:56,7650.0,7718.5,Put VEX 3,VEX,-55428.356,7582.452322598976,7582.452322598976
2026-09-17 08:19:56,7675.0,7743.75,Put CEX 5,CEX,-52269.022,7582.452322598976,7582.452322598976
2026-09-17 08:19:56,7675.0,7743.75,Put VEX 5,VEX,-51043.841,7582.452322598976,7582.452322598976
2026-09-17 08:19:56,7700.0,7769.0,Put CEX 1,CEX,-193583.659,7582.452322598976,7582.452322598976
2026-09-17 08:19:56,7700.0,7769.0,Put DEX 1,DEX,-32.8,7582.452322598976,7582.452322598976
2026-09-17 08:19:56,7700.0,7769.0,Put VEX 1,VEX,-176044.599,7582.452322598976,7582.452322598976
2026-09-17 08:19:56,7725.0,7794.25,Call GEX 4,GEX,12157.916,7582.452322598976,7582.452322598976
2026-09-17 08:19:56,7750.0,7819.5,Put CEX 2,CEX,-82678.859,7582.452322598976,7582.452322598976
2026-09-17 08:19:56,7750.0,7819.5,Call GEX 3,GEX,12307.664,7582.452322598976,7582.452322598976
2026-09-17 08:19:56,7750.0,7819.5,Put VEX 2,VEX,-92129.759,7582.452322598976,7582.452322598976
2026-09-17 08:19:56,7775.0,7844.75,Call GEX 2,GEX,12334.908,7582.452322598976,7582.452322598976
2026-09-17 08:19:56,7790.0,7860.0,Call GEX 1,GEX,13978.223,7582.452322598976,7582.452322598976
2026-09-17 08:19:56,7800.0,7870.0,Call GEX 5,GEX,12092.115,7582.452322598976,7582.452322598976
2026-09-17 08:19:56,7800.0,7870.0,Put VEX 4,VEX,-55293.097,7582.452322598976,7582.452322598976
2026-09-17 08:19:56,7840.0,7910.25,Call DEX 5,DEX,0.548,7582.452322598976,7582.452322598976
2026-09-17 08:20:34,6300.0,6356.5,Call CEX 3,CEX,103364.947,7582.452322598976,7582.452322598976
2026-09-17 08:20:34,6300.0,6356.5,Call VEX 2,VEX,155718.207,7582.452322598976,7582.452322598976
2026-09-17 08:20:34,6400.0,6457.25,Call CEX 2,CEX,108952.379,7582.452322598976,7582.452322598976
2026-09-17 08:20:34,6400.0,6457.25,Call VEX 1,VEX,164363.759,7582.452322598976,7582.452322598976
2026-09-17 08:20:34,6940.0,7002.0,Call DEX 4,DEX,0.751,7582.452322598976,7582.452322598976
2026-09-17 08:20:34,7000.0,7062.75,Call DEX 1,DEX,33.618,7582.452322598976,7582.452322598976
2026-09-17 08:20:34,7050.0,7113.0,Call CEX 5,CEX,77142.735,7582.452322598976,7582.452322598976
2026-09-17 08:20:34,7050.0,7113.0,Call VEX 3,VEX,106041.713,7582.452322598976,7582.452322598976
2026-09-17 08:20:34,7080.0,7143.25,Call DEX 2,DEX,2.016,7582.452322598976,7582.452322598976
2026-09-17 08:20:34,7220.0,7284.5,Call DEX 3,DEX,1.14,7582.452322598976,7582.452322598976
2026-09-17 08:20:34,7350.0,7415.75,Call CEX 1,CEX,109641.152,7582.452322598976,7582.452322598976
2026-09-17 08:20:34,7350.0,7415.75,Call VEX 4,VEX,105456.396,7582.452322598976,7582.452322598976
2026-09-17 08:20:34,7360.0,7426.0,Call CEX 4,CEX,96176.634,7582.452322598976,7582.452322598976
2026-09-17 08:20:34,7360.0,7426.0,Call VEX 5,VEX,90454.331,7582.452322598976,7582.452322598976
2026-09-17 08:20:34,7450.0,7516.75,Put GEX 2,GEX,-72752.604,7582.452322598976,7582.452322598976
2026-09-17 08:20:34,7500.0,7567.25,Put DEX 2,DEX,-21.686,7582.452322598976,7582.452322598976
2026-09-17 08:20:34,7500.0,7567.25,Put GEX 1,GEX,-99967.617,7582.452322598976,7582.452322598976
2026-09-17 08:20:34,7550.0,7617.5,Put DEX 5,DEX,-17.779,7582.452322598976,7582.452322598976
2026-09-17 08:20:34,7550.0,7617.5,Put GEX 4,GEX,-71013.095,7582.452322598976,7582.452322598976
2026-09-17 08:20:34,7570.0,7637.75,Put DEX 3,DEX,-20.892,7582.452322598976,7582.452322598976
2026-09-17 08:20:34,7570.0,7637.75,Put GEX 3,GEX,-71876.017,7582.452322598976,7582.452322598976
2026-09-17 08:20:34,7575.0,7642.75,Put DEX 4,DEX,-18.094,7582.452322598976,7582.452322598976
2026-09-17 08:20:34,7575.0,7642.75,Put GEX 5,GEX,-63392.309,7582.452322598976,7582.452322598976
2026-09-17 08:20:34,7600.0,7668.0,Put CEX 4,CEX,-53168.419,7582.452322598976,7582.452322598976
2026-09-17 08:20:34,7650.0,7718.5,Put CEX 3,CEX,-58785.011,7582.452322598976,7582.452322598976
2026-09-17 08:20:34,7650.0,7718.5,Put VEX 3,VEX,-55428.356,7582.452322598976,7582.452322598976
2026-09-17 08:20:34,7675.0,7743.75,Put CEX 5,CEX,-52269.022,7582.452322598976,7582.452322598976
2026-09-17 08:20:34,7675.0,7743.75,Put VEX 5,VEX,-51043.841,7582.452322598976,7582.452322598976
2026-09-17 08:20:34,7700.0,7769.0,Put CEX 1,CEX,-193583.659,7582.452322598976,7582.452322598976
2026-09-17 08:20:34,7700.0,7769.0,Put DEX 1,DEX,-32.8,7582.452322598976,7582.452322598976
2026-09-17 08:20:34,7700.0,7769.0,Put VEX 1,VEX,-176044.599,7582.452322598976,7582.452322598976
2026-09-17 08:20:34,7725.0,7794.25,Call GEX 4,GEX,12157.916,7582.452322598976,7582.452322598976
2026-09-17 08:20:34,7750.0,7819.25,Put CEX 2,CEX,-82678.859,7582.452322598976,7582.452322598976
2026-09-17 08:20:34,7750.0,7819.25,Call GEX 3,GEX,12307.664,7582.452322598976,7582.452322598976
2026-09-17 08:20:34,7750.0,7819.25,Put VEX 2,VEX,-92129.759,7582.452322598976,7582.452322598976
2026-09-17 08:20:34,7775.0,7844.5,Call GEX 2,GEX,12334.908,7582.452322598976,7582.452322598976
2026-09-17 08:20:34,7790.0,7859.75,Call GEX 1,GEX,13978.223,7582.452322598976,7582.452322598976
2026-09-17 08:20:34,7800.0,7869.75,Call GEX 5,GEX,12092.115,7582.452322598976,7582.452322598976
2026-09-17 08:20:34,7800.0,7869.75,Put VEX 4,VEX,-55293.097,7582.452322598976,7582.452322598976
2026-09-17 08:20:34,7840.0,7910.25,Call DEX 5,DEX,0.548,7582.452322598976,7582.452322598976
2026-09-17 08:21:12,6300.0,6356.75,Call CEX 3,CEX,103364.947,7582.452322598976,7582.452322598976
2026-09-17 08:21:12,6300.0,6356.75,Call VEX 2,VEX,155718.207,7582.452322598976,7582.452322598976
2026-09-17 08:21:12,6400.0,6457.5,Call CEX 2,CEX,108952.379,7582.452322598976,7582.452322598976
2026-09-17 08:21:12,6400.0,6457.5,Call VEX 1,VEX,164363.759,7582.452322598976,7582.452322598976
2026-09-17 08:21:12,6940.0,7002.5,Call DEX 4,DEX,0.751,7582.452322598976,7582.452322598976
2026-09-17 08:21:12,7000.0,7063.0,Call DEX 1,DEX,33.618,7582.452322598976,7582.452322598976
2026-09-17 08:21:12,7050.0,7113.5,Call CEX 5,CEX,77142.735,7582.452322598976,7582.452322598976
2026-09-17 08:21:12,7050.0,7113.5,Call VEX 3,VEX,106041.713,7582.452322598976,7582.452322598976
2026-09-17 08:21:12,7080.0,7143.75,Call DEX 2,DEX,2.016,7582.452322598976,7582.452322598976
2026-09-17 08:21:12,7220.0,7285.0,Call DEX 3,DEX,1.14,7582.452322598976,7582.452322598976
2026-09-17 08:21:12,7350.0,7416.0,Call CEX 1,CEX,109641.152,7582.452322598976,7582.452322598976
2026-09-17 08:21:12,7350.0,7416.0,Call VEX 4,VEX,105456.396,7582.452322598976,7582.452322598976
2026-09-17 08:21:12,7360.0,7426.25,Call CEX 4,CEX,96176.634,7582.452322598976,7582.452322598976
2026-09-17 08:21:12,7360.0,7426.25,Call VEX 5,VEX,90454.331,7582.452322598976,7582.452322598976
2026-09-17 08:21:12,7450.0,7517.0,Put GEX 2,GEX,-72752.604,7582.452322598976,7582.452322598976
2026-09-17 08:21:12,7500.0,7567.5,Put DEX 2,DEX,-21.686,7582.452322598976,7582.452322598976
2026-09-17 08:21:12,7500.0,7567.5,Put GEX 1,GEX,-99967.617,7582.452322598976,7582.452322598976
2026-09-17 08:21:12,7550.0,7618.0,Put DEX 5,DEX,-17.779,7582.452322598976,7582.452322598976
2026-09-17 08:21:12,7550.0,7618.0,Put GEX 4,GEX,-71013.095,7582.452322598976,7582.452322598976
2026-09-17 08:21:12,7570.0,7638.0,Put DEX 3,DEX,-20.892,7582.452322598976,7582.452322598976
2026-09-17 08:21:12,7570.0,7638.0,Put GEX 3,GEX,-71876.017,7582.452322598976,7582.452322598976
2026-09-17 08:21:12,7575.0,7643.25,Put DEX 4,DEX,-18.094,7582.452322598976,7582.452322598976
2026-09-17 08:21:12,7575.0,7643.25,Put GEX 5,GEX,-63392.309,7582.452322598976,7582.452322598976
2026-09-17 08:21:12,7600.0,7668.25,Put CEX 4,CEX,-53168.419,7582.452322598976,7582.452322598976
2026-09-17 08:21:12,7650.0,7718.75,Put CEX 3,CEX,-58785.011,7582.452322598976,7582.452322598976
2026-09-17 08:21:12,7650.0,7718.75,Put VEX 3,VEX,-55428.356,7582.452322598976,7582.452322598976
2026-09-17 08:21:12,7675.0,7744.0,Put CEX 5,CEX,-52269.022,7582.452322598976,7582.452322598976
2026-09-17 08:21:12,7675.0,7744.0,Put VEX 5,VEX,-51043.841,7582.452322598976,7582.452322598976
2026-09-17 08:21:12,7700.0,7769.25,Put CEX 1,CEX,-193583.659,7582.452322598976,7582.452322598976
2026-09-17 08:21:12,7700.0,7769.25,Put DEX 1,DEX,-32.8,7582.452322598976,7582.452322598976
2026-09-17 08:21:12,7700.0,7769.25,Put VEX 1,VEX,-176044.599,7582.452322598976,7582.452322598976
2026-09-17 08:21:12,7725.0,7794.5,Call GEX 4,GEX,12157.916,7582.452322598976,7582.452322598976
2026-09-17 08:21:12,7750.0,7819.75,Put CEX 2,CEX,-82678.859,7582.452322598976,7582.452322598976
2026-09-17 08:21:12,7750.0,7819.75,Call GEX 3,GEX,12307.664,7582.452322598976,7582.452322598976
2026-09-17 08:21:12,7750.0,7819.75,Put VEX 2,VEX,-92129.759,7582.452322598976,7582.452322598976
2026-09-17 08:21:12,7775.0,7845.0,Call GEX 2,GEX,12334.908,7582.452322598976,7582.452322598976
2026-09-17 08:21:12,7790.0,7860.0,Call GEX 1,GEX,13978.223,7582.452322598976,7582.452322598976
2026-09-17 08:21:12,7800.0,7870.25,Call GEX 5,GEX,12092.115,7582.452322598976,7582.452322598976
2026-09-17 08:21:12,7800.0,7870.25,Put VEX 4,VEX,-55293.097,7582.452322598976,7582.452322598976
2026-09-17 08:21:12,7840.0,7910.5,Call DEX 5,DEX,0.548,7582.452322598976,7582.452322598976
2026-09-17 08:21:53,6300.0,6356.75,Call CEX 3,CEX,103364.947,7582.452322598976,7582.452322598976
2026-09-17 08:21:53,6300.0,6356.75,Call VEX 2,VEX,155718.207,7582.452322598976,7582.452322598976
2026-09-17 08:21:53,6400.0,6457.5,Call CEX 2,CEX,108952.379,7582.452322598976,7582.452322598976
2026-09-17 08:21:53,6400.0,6457.5,Call VEX 1,VEX,164363.759,7582.452322598976,7582.452322598976
2026-09-17 08:21:53,6940.0,7002.5,Call DEX 4,DEX,0.751,7582.452322598976,7582.452322598976
2026-09-17 08:21:53,7000.0,7063.0,Call DEX 1,DEX,33.618,7582.452322598976,7582.452322598976
2026-09-17 08:21:53,7050.0,7113.5,Call CEX 5,CEX,77142.735,7582.452322598976,7582.452322598976
2026-09-17 08:21:53,7050.0,7113.5,Call VEX 3,VEX,106041.713,7582.452322598976,7582.452322598976
2026-09-17 08:21:53,7080.0,7143.75,Call DEX 2,DEX,2.016,7582.452322598976,7582.452322598976
2026-09-17 08:21:53,7220.0,7285.0,Call DEX 3,DEX,1.14,7582.452322598976,7582.452322598976
2026-09-17 08:21:53,7350.0,7416.25,Call CEX 1,CEX,109641.152,7582.452322598976,7582.452322598976
2026-09-17 08:21:53,7350.0,7416.25,Call VEX 4,VEX,105456.396,7582.452322598976,7582.452322598976
2026-09-17 08:21:53,7360.0,7426.25,Call CEX 4,CEX,96176.634,7582.452322598976,7582.452322598976
2026-09-17 08:21:53,7360.0,7426.25,Call VEX 5,VEX,90454.331,7582.452322598976,7582.452322598976
2026-09-17 08:21:53,7450.0,7517.0,Put GEX 2,GEX,-72752.604,7582.452322598976,7582.452322598976
2026-09-17 08:21:53,7500.0,7567.5,Put DEX 2,DEX,-21.686,7582.452322598976,7582.452322598976
2026-09-17 08:21:53,7500.0,7567.5,Put GEX 1,GEX,-99967.617,7582.452322598976,7582.452322598976
2026-09-17 08:21:53,7550.0,7618.0,Put DEX 5,DEX,-17.779,7582.452322598976,7582.452322598976
2026-09-17 08:21:53,7550.0,7618.0,Put GEX 4,GEX,-71013.095,7582.452322598976,7582.452322598976
2026-09-17 08:21:53,7570.0,7638.25,Put DEX 3,DEX,-20.892,7582.452322598976,7582.452322598976
2026-09-17 08:21:53,7570.0,7638.25,Put GEX 3,GEX,-71876.017,7582.452322598976,7582.452322598976
2026-09-17 08:21:53,7575.0,7643.25,Put DEX 4,DEX,-18.094,7582.452322598976,7582.452322598976
2026-09-17 08:21:53,7575.0,7643.25,Put GEX 5,GEX,-63392.309,7582.452322598976,7582.452322598976
2026-09-17 08:21:53,7600.0,7668.5,Put CEX 4,CEX,-53168.419,7582.452322598976,7582.452322598976
2026-09-17 08:21:53,7650.0,7718.75,Put CEX 3,CEX,-58785.011,7582.452322598976,7582.452322598976
2026-09-17 08:21:53,7650.0,7718.75,Put VEX 3,VEX,-55428.356,7582.452322598976,7582.452322598976
2026-09-17 08:21:53,7675.0,7744.0,Put CEX 5,CEX,-52269.022,7582.452322598976,7582.452322598976
2026-09-17 08:21:53,7675.0,7744.0,Put VEX 5,VEX,-51043.841,7582.452322598976,7582.452322598976
2026-09-17 08:21:53,7700.0,7769.25,Put CEX 1,CEX,-193583.659,7582.452322598976,7582.452322598976
2026-09-17 08:21:53,7700.0,7769.25,Put DEX 1,DEX,-32.8,7582.452322598976,7582.452322598976
2026-09-17 08:21:53,7700.0,7769.25,Put VEX 1,VEX,-176044.599,7582.452322598976,7582.452322598976
2026-09-17 08:21:53,7725.0,7794.5,Call GEX 4,GEX,12157.916,7582.452322598976,7582.452322598976
2026-09-17 08:21:53,7750.0,7819.75,Put CEX 2,CEX,-82678.859,7582.452322598976,7582.452322598976
2026-09-17 08:21:53,7750.0,7819.75,Call GEX 3,GEX,12307.664,7582.452322598976,7582.452322598976
2026-09-17 08:21:53,7750.0,7819.75,Put VEX 2,VEX,-92129.759,7582.452322598976,7582.452322598976
2026-09-17 08:21:53,7775.0,7845.0,Call GEX 2,GEX,12334.908,7582.452322598976,7582.452322598976
2026-09-17 08:21:53,7790.0,7860.0,Call GEX 1,GEX,13978.223,7582.452322598976,7582.452322598976
2026-09-17 08:21:53,7800.0,7870.25,Call GEX 5,GEX,12092.115,7582.452322598976,7582.452322598976
2026-09-17 08:21:53,7800.0,7870.25,Put VEX 4,VEX,-55293.097,7582.452322598976,7582.452322598976
2026-09-17 08:21:53,7840.0,7910.5,Call DEX 5,DEX,0.548,7582.452322598976,7582.452322598976
2026-09-17 08:22:35,6300.0,6356.75,Call CEX 3,CEX,103364.947,7582.452322598976,7582.452322598976
2026-09-17 08:22:35,6300.0,6356.75,Call VEX 2,VEX,155718.207,7582.452322598976,7582.452322598976
2026-09-17 08:22:35,6400.0,6457.5,Call CEX 2,CEX,108952.379,7582.452322598976,7582.452322598976
2026-09-17 08:22:35,6400.0,6457.5,Call VEX 1,VEX,164363.759,7582.452322598976,7582.452322598976
2026-09-17 08:22:35,6940.0,7002.5,Call DEX 4,DEX,0.751,7582.452322598976,7582.452322598976
2026-09-17 08:22:35,7000.0,7063.0,Call DEX 1,DEX,33.618,7582.452322598976,7582.452322598976
2026-09-17 08:22:35,7050.0,7113.5,Call CEX 5,CEX,77142.735,7582.452322598976,7582.452322598976
2026-09-17 08:22:35,7050.0,7113.5,Call VEX 3,VEX,106041.713,7582.452322598976,7582.452322598976
2026-09-17 08:22:35,7080.0,7143.75,Call DEX 2,DEX,2.016,7582.452322598976,7582.452322598976
2026-09-17 08:22:35,7220.0,7285.0,Call DEX 3,DEX,1.14,7582.452322598976,7582.452322598976
2026-09-17 08:22:35,7350.0,7416.0,Call CEX 1,CEX,109641.152,7582.452322598976,7582.452322598976
2026-09-17 08:22:35,7350.0,7416.0,Call VEX 4,VEX,105456.396,7582.452322598976,7582.452322598976
2026-09-17 08:22:35,7360.0,7426.25,Call CEX 4,CEX,96176.634,7582.452322598976,7582.452322598976
2026-09-17 08:22:35,7360.0,7426.25,Call VEX 5,VEX,90454.331,7582.452322598976,7582.452322598976
2026-09-17 08:22:35,7450.0,7517.0,Put GEX 2,GEX,-72752.604,7582.452322598976,7582.452322598976
2026-09-17 08:22:35,7500.0,7567.5,Put DEX 2,DEX,-21.686,7582.452322598976,7582.452322598976
2026-09-17 08:22:35,7500.0,7567.5,Put GEX 1,GEX,-99967.617,7582.452322598976,7582.452322598976
2026-09-17 08:22:35,7550.0,7618.0,Put DEX 5,DEX,-17.779,7582.452322598976,7582.452322598976
2026-09-17 08:22:35,7550.0,7618.0,Put GEX 4,GEX,-71013.095,7582.452322598976,7582.452322598976
2026-09-17 08:22:35,7570.0,7638.0,Put DEX 3,DEX,-20.892,7582.452322598976,7582.452322598976
2026-09-17 08:22:35,7570.0,7638.0,Put GEX 3,GEX,-71876.017,7582.452322598976,7582.452322598976
2026-09-17 08:22:35,7575.0,7643.25,Put DEX 4,DEX,-18.094,7582.452322598976,7582.452322598976
2026-09-17 08:22:35,7575.0,7643.25,Put GEX 5,GEX,-63392.309,7582.452322598976,7582.452322598976
2026-09-17 08:22:35,7600.0,7668.25,Put CEX 4,CEX,-53168.419,7582.452322598976,7582.452322598976
2026-09-17 08:22:35,7650.0,7718.75,Put CEX 3,CEX,-58785.011,7582.452322598976,7582.452322598976
2026-09-17 08:22:35,7650.0,7718.75,Put VEX 3,VEX,-55428.356,7582.452322598976,7582.452322598976
2026-09-17 08:22:35,7675.0,7744.0,Put CEX 5,CEX,-52269.022,7582.452322598976,7582.452322598976
2026-09-17 08:22:35,7675.0,7744.0,Put VEX 5,VEX,-51043.841,7582.452322598976,7582.452322598976
2026-09-17 08:22:35,7700.0,7769.25,Put CEX 1,CEX,-193583.659,7582.452322598976,7582.452322598976
2026-09-17 08:22:35,7700.0,7769.25,Put DEX 1,DEX,-32.8,7582.452322598976,7582.452322598976
2026-09-17 08:22:35,7700.0,7769.25,Put VEX 1,VEX,-176044.599,7582.452322598976,7582.452322598976
2026-09-17 08:22:35,7725.0,7794.5,Call GEX 4,GEX,12157.916,7582.452322598976,7582.452322598976
2026-09-17 08:22:35,7750.0,7819.75,Put CEX 2,CEX,-82678.859,7582.452322598976,7582.452322598976
2026-09-17 08:22:35,7750.0,7819.75,Call GEX 3,GEX,12307.664,7582.452322598976,7582.452322598976
2026-09-17 08:22:35,7750.0,7819.75,Put VEX 2,VEX,-92129.759,7582.452322598976,7582.452322598976
2026-09-17 08:22:35,7775.0,7845.0,Call GEX 2,GEX,12334.908,7582.452322598976,7582.452322598976
2026-09-17 08:22:35,7790.0,7860.0,Call GEX 1,GEX,13978.223,7582.452322598976,7582.452322598976
2026-09-17 08:22:35,7800.0,7870.25,Call GEX 5,GEX,12092.115,7582.452322598976,7582.452322598976
2026-09-17 08:22:35,7800.0,7870.25,Put VEX 4,VEX,-55293.097,7582.452322598976,7582.452322598976
2026-09-17 08:22:35,7840.0,7910.5,Call DEX 5,DEX,0.548,7582.452322598976,7582.452322598976
2026-09-17 08:23:17,6300.0,6355.75,Call CEX 3,CEX,103364.947,7582.452322598976,7582.452322598976
2026-09-17 08:23:17,6300.0,6355.75,Call VEX 2,VEX,155718.207,7582.452322598976,7582.452322598976
2026-09-17 08:23:17,6400.0,6456.75,Call CEX 2,CEX,108952.379,7582.452322598976,7582.452322598976
2026-09-17 08:23:17,6400.0,6456.75,Call VEX 1,VEX,164363.759,7582.452322598976,7582.452322598976
2026-09-17 08:23:17,6940.0,7001.5,Call DEX 4,DEX,0.751,7582.452322598976,7582.452322598976
2026-09-17 08:23:17,7000.0,7062.0,Call DEX 1,DEX,33.618,7582.452322598976,7582.452322598976
2026-09-17 08:23:17,7050.0,7112.5,Call CEX 5,CEX,77142.735,7582.452322598976,7582.452322598976
2026-09-17 08:23:17,7050.0,7112.5,Call VEX 3,VEX,106041.713,7582.452322598976,7582.452322598976
2026-09-17 08:23:17,7080.0,7142.75,Call DEX 2,DEX,2.016,7582.452322598976,7582.452322598976
2026-09-17 08:23:17,7220.0,7284.0,Call DEX 3,DEX,1.14,7582.452322598976,7582.452322598976
2026-09-17 08:23:17,7350.0,7415.25,Call CEX 1,CEX,109641.152,7582.452322598976,7582.452322598976
2026-09-17 08:23:17,7350.0,7415.25,Call VEX 4,VEX,105456.396,7582.452322598976,7582.452322598976
2026-09-17 08:23:17,7360.0,7425.25,Call CEX 4,CEX,96176.634,7582.452322598976,7582.452322598976
2026-09-17 08:23:17,7360.0,7425.25,Call VEX 5,VEX,90454.331,7582.452322598976,7582.452322598976
2026-09-17 08:23:17,7450.0,7516.0,Put GEX 2,GEX,-72752.604,7582.452322598976,7582.452322598976
2026-09-17 08:23:17,7500.0,7566.5,Put DEX 2,DEX,-21.686,7582.452322598976,7582.452322598976
2026-09-17 08:23:17,7500.0,7566.5,Put GEX 1,GEX,-99967.617,7582.452322598976,7582.452322598976
2026-09-17 08:23:17,7550.0,7617.0,Put DEX 5,DEX,-17.779,7582.452322598976,7582.452322598976
2026-09-17 08:23:17,7550.0,7617.0,Put GEX 4,GEX,-71013.095,7582.452322598976,7582.452322598976
2026-09-17 08:23:17,7570.0,7637.25,Put DEX 3,DEX,-20.892,7582.452322598976,7582.452322598976
2026-09-17 08:23:17,7570.0,7637.25,Put GEX 3,GEX,-71876.017,7582.452322598976,7582.452322598976
2026-09-17 08:23:17,7575.0,7642.25,Put DEX 4,DEX,-18.094,7582.452322598976,7582.452322598976
2026-09-17 08:23:17,7575.0,7642.25,Put GEX 5,GEX,-63392.309,7582.452322598976,7582.452322598976
2026-09-17 08:23:17,7600.0,7667.5,Put CEX 4,CEX,-53168.419,7582.452322598976,7582.452322598976
2026-09-17 08:23:17,7650.0,7717.75,Put CEX 3,CEX,-58785.011,7582.452322598976,7582.452322598976
2026-09-17 08:23:17,7650.0,7717.75,Put VEX 3,VEX,-55428.356,7582.452322598976,7582.452322598976
2026-09-17 08:23:17,7675.0,7743.0,Put CEX 5,CEX,-52269.022,7582.452322598976,7582.452322598976
2026-09-17 08:23:17,7675.0,7743.0,Put VEX 5,VEX,-51043.841,7582.452322598976,7582.452322598976
2026-09-17 08:23:17,7700.0,7768.25,Put CEX 1,CEX,-193583.659,7582.452322598976,7582.452322598976
2026-09-17 08:23:17,7700.0,7768.25,Put DEX 1,DEX,-32.8,7582.452322598976,7582.452322598976
2026-09-17 08:23:17,7700.0,7768.25,Put VEX 1,VEX,-176044.599,7582.452322598976,7582.452322598976
2026-09-17 08:23:17,7725.0,7793.5,Call GEX 4,GEX,12157.916,7582.452322598976,7582.452322598976
2026-09-17 08:23:17,7750.0,7818.75,Put CEX 2,CEX,-82678.859,7582.452322598976,7582.452322598976
2026-09-17 08:23:17,7750.0,7818.75,Call GEX 3,GEX,12307.664,7582.452322598976,7582.452322598976
2026-09-17 08:23:17,7750.0,7818.75,Put VEX 2,VEX,-92129.759,7582.452322598976,7582.452322598976
2026-09-17 08:23:17,7775.0,7844.0,Call GEX 2,GEX,12334.908,7582.452322598976,7582.452322598976
2026-09-17 08:23:17,7790.0,7859.0,Call GEX 1,GEX,13978.223,7582.452322598976,7582.452322598976
2026-09-17 08:23:17,7800.0,7869.25,Call GEX 5,GEX,12092.115,7582.452322598976,7582.452322598976
2026-09-17 08:23:17,7800.0,7869.25,Put VEX 4,VEX,-55293.097,7582.452322598976,7582.452322598976
2026-09-17 08:23:17,7840.0,7909.5,Call DEX 5,DEX,0.548,7582.452322598976,7582.452322598976
2026-09-17 08:24:39,6300.0,6356.25,Call CEX 3,CEX,103364.947,7582.452322598976,7582.452322598976
2026-09-17 08:24:39,6300.0,6356.25,Call VEX 2,VEX,155718.207,7582.452322598976,7582.452322598976
2026-09-17 08:24:39,6400.0,6457.25,Call CEX 2,CEX,108952.379,7582.452322598976,7582.452322598976
2026-09-17 08:24:39,6400.0,6457.25,Call VEX 1,VEX,164363.759,7582.452322598976,7582.452322598976
2026-09-17 08:24:39,6940.0,7002.0,Call DEX 4,DEX,0.751,7582.452322598976,7582.452322598976
2026-09-17 08:24:39,7000.0,7062.5,Call DEX 1,DEX,33.618,7582.452322598976,7582.452322598976
2026-09-17 08:24:39,7050.0,7113.0,Call CEX 5,CEX,77142.735,7582.452322598976,7582.452322598976
2026-09-17 08:24:39,7050.0,7113.0,Call VEX 3,VEX,106041.713,7582.452322598976,7582.452322598976
2026-09-17 08:24:39,7080.0,7143.25,Call DEX 2,DEX,2.016,7582.452322598976,7582.452322598976
2026-09-17 08:24:39,7220.0,7284.5,Call DEX 3,DEX,1.14,7582.452322598976,7582.452322598976
2026-09-17 08:24:39,7350.0,7415.75,Call CEX 1,CEX,109641.152,7582.452322598976,7582.452322598976
2026-09-17 08:24:39,7350.0,7415.75,Call VEX 4,VEX,105456.396,7582.452322598976,7582.452322598976
2026-09-17 08:24:39,7360.0,7425.75,Call CEX 4,CEX,96176.634,7582.452322598976,7582.452322598976
2026-09-17 08:24:39,7360.0,7425.75,Call VEX 5,VEX,90454.331,7582.452322598976,7582.452322598976
2026-09-17 08:24:39,7450.0,7516.5,Put GEX 2,GEX,-72752.604,7582.452322598976,7582.452322598976
2026-09-17 08:24:39,7500.0,7567.0,Put DEX 2,DEX,-21.686,7582.452322598976,7582.452322598976
2026-09-17 08:24:39,7500.0,7567.0,Put GEX 1,GEX,-99967.617,7582.452322598976,7582.452322598976
2026-09-17 08:24:39,7550.0,7617.5,Put DEX 5,DEX,-17.779,7582.452322598976,7582.452322598976
2026-09-17 08:24:39,7550.0,7617.5,Put GEX 4,GEX,-71013.095,7582.452322598976,7582.452322598976
2026-09-17 08:24:39,7570.0,7637.5,Put DEX 3,DEX,-20.892,7582.452322598976,7582.452322598976
2026-09-17 08:24:39,7570.0,7637.5,Put GEX 3,GEX,-71876.017,7582.452322598976,7582.452322598976
2026-09-17 08:24:39,7575.0,7642.75,Put DEX 4,DEX,-18.094,7582.452322598976,7582.452322598976
2026-09-17 08:24:39,7575.0,7642.75,Put GEX 5,GEX,-63392.309,7582.452322598976,7582.452322598976
2026-09-17 08:24:39,7600.0,7667.75,Put CEX 4,CEX,-53168.419,7582.452322598976,7582.452322598976
2026-09-17 08:24:39,7650.0,7718.25,Put CEX 3,CEX,-58785.011,7582.452322598976,7582.452322598976
2026-09-17 08:24:39,7650.0,7718.25,Put VEX 3,VEX,-55428.356,7582.452322598976,7582.452322598976
2026-09-17 08:24:39,7675.0,7743.5,Put CEX 5,CEX,-52269.022,7582.452322598976,7582.452322598976
2026-09-17 08:24:39,7675.0,7743.5,Put VEX 5,VEX,-51043.841,7582.452322598976,7582.452322598976
2026-09-17 08:24:39,7700.0,7768.75,Put CEX 1,CEX,-193583.659,7582.452322598976,7582.452322598976
2026-09-17 08:24:39,7700.0,7768.75,Put DEX 1,DEX,-32.8,7582.452322598976,7582.452322598976
2026-09-17 08:24:39,7700.0,7768.75,Put VEX 1,VEX,-176044.599,7582.452322598976,7582.452322598976
2026-09-17 08:24:39,7725.0,7794.0,Call GEX 4,GEX,12157.916,7582.452322598976,7582.452322598976
2026-09-17 08:24:39,7750.0,7819.25,Put CEX 2,CEX,-82678.859,7582.452322598976,7582.452322598976
2026-09-17 08:24:39,7750.0,7819.25,Call GEX 3,GEX,12307.664,7582.452322598976,7582.452322598976
2026-09-17 08:24:39,7750.0,7819.25,Put VEX 2,VEX,-92129.759,7582.452322598976,7582.452322598976
2026-09-17 08:24:39,7775.0,7844.5,Call GEX 2,GEX,12334.908,7582.452322598976,7582.452322598976
2026-09-17 08:24:39,7790.0,7859.5,Call GEX 1,GEX,13978.223,7582.452322598976,7582.452322598976
2026-09-17 08:24:39,7800.0,7869.75,Call GEX 5,GEX,12092.115,7582.452322598976,7582.452322598976
2026-09-17 08:24:39,7800.0,7869.75,Put VEX 4,VEX,-55293.097,7582.452322598976,7582.452322598976
2026-09-17 08:24:39,7840.0,7910.0,Call DEX 5,DEX,0.548,7582.452322598976,7582.452322598976
2026-09-17 08:25:17,6300.0,6357.25,Call CEX 3,CEX,103364.947,7582.452322598976,7582.452322598976
2026-09-17 08:25:17,6300.0,6357.25,Call VEX 2,VEX,155718.207,7582.452322598976,7582.452322598976
2026-09-17 08:25:17,6400.0,6458.25,Call CEX 2,CEX,108952.379,7582.452322598976,7582.452322598976
2026-09-17 08:25:17,6400.0,6458.25,Call VEX 1,VEX,164363.759,7582.452322598976,7582.452322598976
2026-09-17 08:25:17,6940.0,7003.25,Call DEX 4,DEX,0.751,7582.452322598976,7582.452322598976
2026-09-17 08:25:17,7000.0,7063.75,Call DEX 1,DEX,33.618,7582.452322598976,7582.452322598976
2026-09-17 08:25:17,7050.0,7114.25,Call CEX 5,CEX,77142.735,7582.452322598976,7582.452322598976
2026-09-17 08:25:17,7050.0,7114.25,Call VEX 3,VEX,106041.713,7582.452322598976,7582.452322598976
2026-09-17 08:25:17,7080.0,7144.5,Call DEX 2,DEX,2.016,7582.452322598976,7582.452322598976
2026-09-17 08:25:17,7220.0,7285.75,Call DEX 3,DEX,1.14,7582.452322598976,7582.452322598976
2026-09-17 08:25:17,7350.0,7417.0,Call CEX 1,CEX,109641.152,7582.452322598976,7582.452322598976
2026-09-17 08:25:17,7350.0,7417.0,Call VEX 4,VEX,105456.396,7582.452322598976,7582.452322598976
2026-09-17 08:25:17,7360.0,7427.0,Call CEX 4,CEX,96176.634,7582.452322598976,7582.452322598976
2026-09-17 08:25:17,7360.0,7427.0,Call VEX 5,VEX,90454.331,7582.452322598976,7582.452322598976
2026-09-17 08:25:17,7450.0,7517.75,Put GEX 2,GEX,-72752.604,7582.452322598976,7582.452322598976
2026-09-17 08:25:17,7500.0,7568.25,Put DEX 2,DEX,-21.686,7582.452322598976,7582.452322598976
2026-09-17 08:25:17,7500.0,7568.25,Put GEX 1,GEX,-99967.617,7582.452322598976,7582.452322598976
2026-09-17 08:25:17,7550.0,7618.75,Put DEX 5,DEX,-17.779,7582.452322598976,7582.452322598976
2026-09-17 08:25:17,7550.0,7618.75,Put GEX 4,GEX,-71013.095,7582.452322598976,7582.452322598976
2026-09-17 08:25:17,7570.0,7639.0,Put DEX 3,DEX,-20.892,7582.452322598976,7582.452322598976
2026-09-17 08:25:17,7570.0,7639.0,Put GEX 3,GEX,-71876.017,7582.452322598976,7582.452322598976
2026-09-17 08:25:17,7575.0,7644.0,Put DEX 4,DEX,-18.094,7582.452322598976,7582.452322598976
2026-09-17 08:25:17,7575.0,7644.0,Put GEX 5,GEX,-63392.309,7582.452322598976,7582.452322598976
2026-09-17 08:25:17,7600.0,7669.25,Put CEX 4,CEX,-53168.419,7582.452322598976,7582.452322598976
2026-09-17 08:25:17,7650.0,7719.5,Put CEX 3,CEX,-58785.011,7582.452322598976,7582.452322598976
2026-09-17 08:25:17,7650.0,7719.5,Put VEX 3,VEX,-55428.356,7582.452322598976,7582.452322598976
2026-09-17 08:25:17,7675.0,7744.75,Put CEX 5,CEX,-52269.022,7582.452322598976,7582.452322598976
2026-09-17 08:25:17,7675.0,7744.75,Put VEX 5,VEX,-51043.841,7582.452322598976,7582.452322598976
2026-09-17 08:25:17,7700.0,7770.0,Put CEX 1,CEX,-193583.659,7582.452322598976,7582.452322598976
2026-09-17 08:25:17,7700.0,7770.0,Put DEX 1,DEX,-32.8,7582.452322598976,7582.452322598976
2026-09-17 08:25:17,7700.0,7770.0,Put VEX 1,VEX,-176044.599,7582.452322598976,7582.452322598976
2026-09-17 08:25:17,7725.0,7795.25,Call GEX 4,GEX,12157.916,7582.452322598976,7582.452322598976
2026-09-17 08:25:17,7750.0,7820.5,Put CEX 2,CEX,-82678.859,7582.452322598976,7582.452322598976
2026-09-17 08:25:17,7750.0,7820.5,Call GEX 3,GEX,12307.664,7582.452322598976,7582.452322598976
2026-09-17 08:25:17,7750.0,7820.5,Put VEX 2,VEX,-92129.759,7582.452322598976,7582.452322598976
2026-09-17 08:25:17,7775.0,7845.75,Call GEX 2,GEX,12334.908,7582.452322598976,7582.452322598976
2026-09-17 08:25:17,7790.0,7861.0,Call GEX 1,GEX,13978.223,7582.452322598976,7582.452322598976
2026-09-17 08:25:17,7800.0,7871.0,Call GEX 5,GEX,12092.115,7582.452322598976,7582.452322598976
2026-09-17 08:25:17,7800.0,7871.0,Put VEX 4,VEX,-55293.097,7582.452322598976,7582.452322598976
2026-09-17 08:25:17,7840.0,7911.25,Call DEX 5,DEX,0.548,7582.452322598976,7582.452322598976
2026-09-17 08:25:54,6300.0,6357.0,Call CEX 3,CEX,103364.947,7582.452322598976,7582.452322598976
2026-09-17 08:25:54,6300.0,6357.0,Call VEX 2,VEX,155718.207,7582.452322598976,7582.452322598976
2026-09-17 08:25:54,6400.0,6458.0,Call CEX 2,CEX,108952.379,7582.452322598976,7582.452322598976
2026-09-17 08:25:54,6400.0,6458.0,Call VEX 1,VEX,164363.759,7582.452322598976,7582.452322598976
2026-09-17 08:25:54,6940.0,7002.75,Call DEX 4,DEX,0.751,7582.452322598976,7582.452322598976
2026-09-17 08:25:54,7000.0,7063.5,Call DEX 1,DEX,33.618,7582.452322598976,7582.452322598976
2026-09-17 08:25:54,7050.0,7113.75,Call CEX 5,CEX,77142.735,7582.452322598976,7582.452322598976
2026-09-17 08:25:54,7050.0,7113.75,Call VEX 3,VEX,106041.713,7582.452322598976,7582.452322598976
2026-09-17 08:25:54,7080.0,7144.0,Call DEX 2,DEX,2.016,7582.452322598976,7582.452322598976
2026-09-17 08:25:54,7220.0,7285.5,Call DEX 3,DEX,1.14,7582.452322598976,7582.452322598976
2026-09-17 08:25:54,7350.0,7416.5,Call CEX 1,CEX,109641.152,7582.452322598976,7582.452322598976
2026-09-17 08:25:54,7350.0,7416.5,Call VEX 4,VEX,105456.396,7582.452322598976,7582.452322598976
2026-09-17 08:25:54,7360.0,7426.75,Call CEX 4,CEX,96176.634,7582.452322598976,7582.452322598976
2026-09-17 08:25:54,7360.0,7426.75,Call VEX 5,VEX,90454.331,7582.452322598976,7582.452322598976
2026-09-17 08:25:54,7450.0,7517.5,Put GEX 2,GEX,-72752.604,7582.452322598976,7582.452322598976
2026-09-17 08:25:54,7500.0,7568.0,Put DEX 2,DEX,-21.686,7582.452322598976,7582.452322598976
2026-09-17 08:25:54,7500.0,7568.0,Put GEX 1,GEX,-99967.617,7582.452322598976,7582.452322598976
2026-09-17 08:25:54,7550.0,7618.25,Put DEX 5,DEX,-17.779,7582.452322598976,7582.452322598976
2026-09-17 08:25:54,7550.0,7618.25,Put GEX 4,GEX,-71013.095,7582.452322598976,7582.452322598976
2026-09-17 08:25:54,7570.0,7638.5,Put DEX 3,DEX,-20.892,7582.452322598976,7582.452322598976
2026-09-17 08:25:54,7570.0,7638.5,Put GEX 3,GEX,-71876.017,7582.452322598976,7582.452322598976
2026-09-17 08:25:54,7575.0,7643.5,Put DEX 4,DEX,-18.094,7582.452322598976,7582.452322598976
2026-09-17 08:25:54,7575.0,7643.5,Put GEX 5,GEX,-63392.309,7582.452322598976,7582.452322598976
2026-09-17 08:25:54,7600.0,7668.75,Put CEX 4,CEX,-53168.419,7582.452322598976,7582.452322598976
2026-09-17 08:25:54,7650.0,7719.25,Put CEX 3,CEX,-58785.011,7582.452322598976,7582.452322598976
2026-09-17 08:25:54,7650.0,7719.25,Put VEX 3,VEX,-55428.356,7582.452322598976,7582.452322598976
2026-09-17 08:25:54,7675.0,7744.5,Put CEX 5,CEX,-52269.022,7582.452322598976,7582.452322598976
2026-09-17 08:25:54,7675.0,7744.5,Put VEX 5,VEX,-51043.841,7582.452322598976,7582.452322598976
2026-09-17 08:25:54,7700.0,7769.75,Put CEX 1,CEX,-193583.659,7582.452322598976,7582.452322598976
2026-09-17 08:25:54,7700.0,7769.75,Put DEX 1,DEX,-32.8,7582.452322598976,7582.452322598976
2026-09-17 08:25:54,7700.0,7769.75,Put VEX 1,VEX,-176044.599,7582.452322598976,7582.452322598976
2026-09-17 08:25:54,7725.0,7795.0,Call GEX 4,GEX,12157.916,7582.452322598976,7582.452322598976
2026-09-17 08:25:54,7750.0,7820.25,Put CEX 2,CEX,-82678.859,7582.452322598976,7582.452322598976
2026-09-17 08:25:54,7750.0,7820.25,Call GEX 3,GEX,12307.664,7582.452322598976,7582.452322598976
2026-09-17 08:25:54,7750.0,7820.25,Put VEX 2,VEX,-92129.759,7582.452322598976,7582.452322598976
2026-09-17 08:25:54,7775.0,7845.5,Call GEX 2,GEX,12334.908,7582.452322598976,7582.452322598976
2026-09-17 08:25:54,7790.0,7860.5,Call GEX 1,GEX,13978.223,7582.452322598976,7582.452322598976
2026-09-17 08:25:54,7800.0,7870.75,Call GEX 5,GEX,12092.115,7582.452322598976,7582.452322598976
2026-09-17 08:25:54,7800.0,7870.75,Put VEX 4,VEX,-55293.097,7582.452322598976,7582.452322598976
2026-09-17 08:25:54,7840.0,7911.0,Call DEX 5,DEX,0.548,7582.452322598976,7582.452322598976
2026-09-17 08:26:32,6300.0,6356.5,Call CEX 3,CEX,103364.947,7582.452322598976,7582.452322598976
2026-09-17 08:26:32,6300.0,6356.5,Call VEX 2,VEX,155718.207,7582.452322598976,7582.452322598976
2026-09-17 08:26:32,6400.0,6457.5,Call CEX 2,CEX,108952.379,7582.452322598976,7582.452322598976
2026-09-17 08:26:32,6400.0,6457.5,Call VEX 1,VEX,164363.759,7582.452322598976,7582.452322598976
2026-09-17 08:26:32,6940.0,7002.25,Call DEX 4,DEX,0.751,7582.452322598976,7582.452322598976
2026-09-17 08:26:32,7000.0,7063.0,Call DEX 1,DEX,33.618,7582.452322598976,7582.452322598976
2026-09-17 08:26:32,7050.0,7113.25,Call CEX 5,CEX,77142.735,7582.452322598976,7582.452322598976
2026-09-17 08:26:32,7050.0,7113.25,Call VEX 3,VEX,106041.713,7582.452322598976,7582.452322598976
2026-09-17 08:26:32,7080.0,7143.5,Call DEX 2,DEX,2.016,7582.452322598976,7582.452322598976
2026-09-17 08:26:32,7220.0,7285.0,Call DEX 3,DEX,1.14,7582.452322598976,7582.452322598976
2026-09-17 08:26:32,7350.0,7416.0,Call CEX 1,CEX,109641.152,7582.452322598976,7582.452322598976
2026-09-17 08:26:32,7350.0,7416.0,Call VEX 4,VEX,105456.396,7582.452322598976,7582.452322598976
2026-09-17 08:26:32,7360.0,7426.25,Call CEX 4,CEX,96176.634,7582.452322598976,7582.452322598976
2026-09-17 08:26:32,7360.0,7426.25,Call VEX 5,VEX,90454.331,7582.452322598976,7582.452322598976
2026-09-17 08:26:32,7450.0,7517.0,Put GEX 2,GEX,-72752.604,7582.452322598976,7582.452322598976
2026-09-17 08:26:32,7500.0,7567.5,Put DEX 2,DEX,-21.686,7582.452322598976,7582.452322598976
2026-09-17 08:26:32,7500.0,7567.5,Put GEX 1,GEX,-99967.617,7582.452322598976,7582.452322598976
2026-09-17 08:26:32,7550.0,7617.75,Put DEX 5,DEX,-17.779,7582.452322598976,7582.452322598976
2026-09-17 08:26:32,7550.0,7617.75,Put GEX 4,GEX,-71013.095,7582.452322598976,7582.452322598976
2026-09-17 08:26:32,7570.0,7638.0,Put DEX 3,DEX,-20.892,7582.452322598976,7582.452322598976
2026-09-17 08:26:32,7570.0,7638.0,Put GEX 3,GEX,-71876.017,7582.452322598976,7582.452322598976
2026-09-17 08:26:32,7575.0,7643.0,Put DEX 4,DEX,-18.094,7582.452322598976,7582.452322598976
2026-09-17 08:26:32,7575.0,7643.0,Put GEX 5,GEX,-63392.309,7582.452322598976,7582.452322598976
2026-09-17 08:26:32,7600.0,7668.25,Put CEX 4,CEX,-53168.419,7582.452322598976,7582.452322598976
2026-09-17 08:26:32,7650.0,7718.75,Put CEX 3,CEX,-58785.011,7582.452322598976,7582.452322598976
2026-09-17 08:26:32,7650.0,7718.75,Put VEX 3,VEX,-55428.356,7582.452322598976,7582.452322598976
2026-09-17 08:26:32,7675.0,7744.0,Put CEX 5,CEX,-52269.022,7582.452322598976,7582.452322598976
2026-09-17 08:26:32,7675.0,7744.0,Put VEX 5,VEX,-51043.841,7582.452322598976,7582.452322598976
2026-09-17 08:26:32,7700.0,7769.25,Put CEX 1,CEX,-193583.659,7582.452322598976,7582.452322598976
2026-09-17 08:26:32,7700.0,7769.25,Put DEX 1,DEX,-32.8,7582.452322598976,7582.452322598976
2026-09-17 08:26:32,7700.0,7769.25,Put VEX 1,VEX,-176044.599,7582.452322598976,7582.452322598976
2026-09-17 08:26:32,7725.0,7794.5,Call GEX 4,GEX,12157.916,7582.452322598976,7582.452322598976
2026-09-17 08:26:32,7750.0,7819.75,Put CEX 2,CEX,-82678.859,7582.452322598976,7582.452322598976
2026-09-17 08:26:32,7750.0,7819.75,Call GEX 3,GEX,12307.664,7582.452322598976,7582.452322598976
2026-09-17 08:26:32,7750.0,7819.75,Put VEX 2,VEX,-92129.759,7582.452322598976,7582.452322598976
2026-09-17 08:26:32,7775.0,7844.75,Call GEX 2,GEX,12334.908,7582.452322598976,7582.452322598976
2026-09-17 08:26:32,7790.0,7860.0,Call GEX 1,GEX,13978.223,7582.452322598976,7582.452322598976
2026-09-17 08:26:32,7800.0,7870.0,Call GEX 5,GEX,12092.115,7582.452322598976,7582.452322598976
2026-09-17 08:26:32,7800.0,7870.0,Put VEX 4,VEX,-55293.097,7582.452322598976,7582.452322598976
2026-09-17 08:26:32,7840.0,7910.5,Call DEX 5,DEX,0.548,7582.452322598976,7582.452322598976
2026-09-17 08:27:09,6300.0,6357.75,Call CEX 3,CEX,103364.947,7582.452322598976,7582.452322598976
2026-09-17 08:27:09,6300.0,6357.75,Call VEX 2,VEX,155718.207,7582.452322598976,7582.452322598976
2026-09-17 08:27:09,6400.0,6458.5,Call CEX 2,CEX,108952.379,7582.452322598976,7582.452322598976
2026-09-17 08:27:09,6400.0,6458.5,Call VEX 1,VEX,164363.759,7582.452322598976,7582.452322598976
2026-09-17 08:27:09,6940.0,7003.5,Call DEX 4,DEX,0.751,7582.452322598976,7582.452322598976
2026-09-17 08:27:09,7000.0,7064.0,Call DEX 1,DEX,33.618,7582.452322598976,7582.452322598976
2026-09-17 08:27:09,7050.0,7114.5,Call CEX 5,CEX,77142.735,7582.452322598976,7582.452322598976
2026-09-17 08:27:09,7050.0,7114.5,Call VEX 3,VEX,106041.713,7582.452322598976,7582.452322598976
2026-09-17 08:27:09,7080.0,7144.75,Call DEX 2,DEX,2.016,7582.452322598976,7582.452322598976
2026-09-17 08:27:09,7220.0,7286.0,Call DEX 3,DEX,1.14,7582.452322598976,7582.452322598976
2026-09-17 08:27:09,7350.0,7417.25,Call CEX 1,CEX,109641.152,7582.452322598976,7582.452322598976
2026-09-17 08:27:09,7350.0,7417.25,Call VEX 4,VEX,105456.396,7582.452322598976,7582.452322598976
2026-09-17 08:27:09,7360.0,7427.25,Call CEX 4,CEX,96176.634,7582.452322598976,7582.452322598976
2026-09-17 08:27:09,7360.0,7427.25,Call VEX 5,VEX,90454.331,7582.452322598976,7582.452322598976
2026-09-17 08:27:09,7450.0,7518.25,Put GEX 2,GEX,-72752.604,7582.452322598976,7582.452322598976
2026-09-17 08:27:09,7500.0,7568.5,Put DEX 2,DEX,-21.686,7582.452322598976,7582.452322598976
2026-09-17 08:27:09,7500.0,7568.5,Put GEX 1,GEX,-99967.617,7582.452322598976,7582.452322598976
2026-09-17 08:27:09,7550.0,7619.0,Put DEX 5,DEX,-17.779,7582.452322598976,7582.452322598976
2026-09-17 08:27:09,7550.0,7619.0,Put GEX 4,GEX,-71013.095,7582.452322598976,7582.452322598976
2026-09-17 08:27:09,7570.0,7639.25,Put DEX 3,DEX,-20.892,7582.452322598976,7582.452322598976
2026-09-17 08:27:09,7570.0,7639.25,Put GEX 3,GEX,-71876.017,7582.452322598976,7582.452322598976
2026-09-17 08:27:09,7575.0,7644.25,Put DEX 4,DEX,-18.094,7582.452322598976,7582.452322598976
2026-09-17 08:27:09,7575.0,7644.25,Put GEX 5,GEX,-63392.309,7582.452322598976,7582.452322598976
2026-09-17 08:27:09,7600.0,7669.5,Put CEX 4,CEX,-53168.419,7582.452322598976,7582.452322598976
2026-09-17 08:27:09,7650.0,7720.0,Put CEX 3,CEX,-58785.011,7582.452322598976,7582.452322598976
2026-09-17 08:27:09,7650.0,7720.0,Put VEX 3,VEX,-55428.356,7582.452322598976,7582.452322598976
2026-09-17 08:27:09,7675.0,7745.25,Put CEX 5,CEX,-52269.022,7582.452322598976,7582.452322598976
2026-09-17 08:27:09,7675.0,7745.25,Put VEX 5,VEX,-51043.841,7582.452322598976,7582.452322598976
2026-09-17 08:27:09,7700.0,7770.5,Put CEX 1,CEX,-193583.659,7582.452322598976,7582.452322598976
2026-09-17 08:27:09,7700.0,7770.5,Put DEX 1,DEX,-32.8,7582.452322598976,7582.452322598976
2026-09-17 08:27:09,7700.0,7770.5,Put VEX 1,VEX,-176044.599,7582.452322598976,7582.452322598976
2026-09-17 08:27:09,7725.0,7795.75,Call GEX 4,GEX,12157.916,7582.452322598976,7582.452322598976
2026-09-17 08:27:09,7750.0,7821.0,Put CEX 2,CEX,-82678.859,7582.452322598976,7582.452322598976
2026-09-17 08:27:09,7750.0,7821.0,Call GEX 3,GEX,12307.664,7582.452322598976,7582.452322598976
2026-09-17 08:27:09,7750.0,7821.0,Put VEX 2,VEX,-92129.759,7582.452322598976,7582.452322598976
2026-09-17 08:27:09,7775.0,7846.25,Call GEX 2,GEX,12334.908,7582.452322598976,7582.452322598976
2026-09-17 08:27:09,7790.0,7861.25,Call GEX 1,GEX,13978.223,7582.452322598976,7582.452322598976
2026-09-17 08:27:09,7800.0,7871.25,Call GEX 5,GEX,12092.115,7582.452322598976,7582.452322598976
2026-09-17 08:27:09,7800.0,7871.25,Put VEX 4,VEX,-55293.097,7582.452322598976,7582.452322598976
2026-09-17 08:27:09,7840.0,7911.75,Call DEX 5,DEX,0.548,7582.452322598976,7582.452322598976
2026-09-17 08:27:48,6300.0,6357.75,Call CEX 3,CEX,103364.947,7582.452322598976,7582.452322598976
2026-09-17 08:27:48,6300.0,6357.75,Call VEX 2,VEX,155718.207,7582.452322598976,7582.452322598976
2026-09-17 08:27:48,6400.0,6458.75,Call CEX 2,CEX,108952.379,7582.452322598976,7582.452322598976
2026-09-17 08:27:48,6400.0,6458.75,Call VEX 1,VEX,164363.759,7582.452322598976,7582.452322598976
2026-09-17 08:27:48,6940.0,7003.5,Call DEX 4,DEX,0.751,7582.452322598976,7582.452322598976
2026-09-17 08:27:48,7000.0,7064.25,Call DEX 1,DEX,33.618,7582.452322598976,7582.452322598976
2026-09-17 08:27:48,7050.0,7114.5,Call CEX 5,CEX,77142.735,7582.452322598976,7582.452322598976
2026-09-17 08:27:48,7050.0,7114.5,Call VEX 3,VEX,106041.713,7582.452322598976,7582.452322598976
2026-09-17 08:27:48,7080.0,7145.0,Call DEX 2,DEX,2.016,7582.452322598976,7582.452322598976
2026-09-17 08:27:48,7220.0,7286.25,Call DEX 3,DEX,1.14,7582.452322598976,7582.452322598976
2026-09-17 08:27:48,7350.0,7417.25,Call CEX 1,CEX,109641.152,7582.452322598976,7582.452322598976
2026-09-17 08:27:48,7350.0,7417.25,Call VEX 4,VEX,105456.396,7582.452322598976,7582.452322598976
2026-09-17 08:27:48,7360.0,7427.5,Call CEX 4,CEX,96176.634,7582.452322598976,7582.452322598976
2026-09-17 08:27:48,7360.0,7427.5,Call VEX 5,VEX,90454.331,7582.452322598976,7582.452322598976
2026-09-17 08:27:48,7450.0,7518.25,Put GEX 2,GEX,-72752.604,7582.452322598976,7582.452322598976
2026-09-17 08:27:48,7500.0,7568.75,Put DEX 2,DEX,-21.686,7582.452322598976,7582.452322598976
2026-09-17 08:27:48,7500.0,7568.75,Put GEX 1,GEX,-99967.617,7582.452322598976,7582.452322598976
2026-09-17 08:27:48,7550.0,7619.25,Put DEX 5,DEX,-17.779,7582.452322598976,7582.452322598976
2026-09-17 08:27:48,7550.0,7619.25,Put GEX 4,GEX,-71013.095,7582.452322598976,7582.452322598976
2026-09-17 08:27:48,7570.0,7639.25,Put DEX 3,DEX,-20.892,7582.452322598976,7582.452322598976
2026-09-17 08:27:48,7570.0,7639.25,Put GEX 3,GEX,-71876.017,7582.452322598976,7582.452322598976
2026-09-17 08:27:48,7575.0,7644.5,Put DEX 4,DEX,-18.094,7582.452322598976,7582.452322598976
2026-09-17 08:27:48,7575.0,7644.5,Put GEX 5,GEX,-63392.309,7582.452322598976,7582.452322598976
2026-09-17 08:27:48,7600.0,7669.75,Put CEX 4,CEX,-53168.419,7582.452322598976,7582.452322598976
2026-09-17 08:27:48,7650.0,7720.0,Put CEX 3,CEX,-58785.011,7582.452322598976,7582.452322598976
2026-09-17 08:27:48,7650.0,7720.0,Put VEX 3,VEX,-55428.356,7582.452322598976,7582.452322598976
2026-09-17 08:27:48,7675.0,7745.25,Put CEX 5,CEX,-52269.022,7582.452322598976,7582.452322598976
2026-09-17 08:27:48,7675.0,7745.25,Put VEX 5,VEX,-51043.841,7582.452322598976,7582.452322598976
2026-09-17 08:27:48,7700.0,7770.5,Put CEX 1,CEX,-193583.659,7582.452322598976,7582.452322598976
2026-09-17 08:27:48,7700.0,7770.5,Put DEX 1,DEX,-32.8,7582.452322598976,7582.452322598976
2026-09-17 08:27:48,7700.0,7770.5,Put VEX 1,VEX,-176044.599,7582.452322598976,7582.452322598976
2026-09-17 08:27:48,7725.0,7795.75,Call GEX 4,GEX,12157.916,7582.452322598976,7582.452322598976
2026-09-17 08:27:48,7750.0,7821.0,Put CEX 2,CEX,-82678.859,7582.452322598976,7582.452322598976
2026-09-17 08:27:48,7750.0,7821.0,Call GEX 3,GEX,12307.664,7582.452322598976,7582.452322598976
2026-09-17 08:27:48,7750.0,7821.0,Put VEX 2,VEX,-92129.759,7582.452322598976,7582.452322598976
2026-09-17 08:27:48,7775.0,7846.25,Call GEX 2,GEX,12334.908,7582.452322598976,7582.452322598976
2026-09-17 08:27:48,7790.0,7861.5,Call GEX 1,GEX,13978.223,7582.452322598976,7582.452322598976
2026-09-17 08:27:48,7800.0,7871.5,Call GEX 5,GEX,12092.115,7582.452322598976,7582.452322598976
2026-09-17 08:27:48,7800.0,7871.5,Put VEX 4,VEX,-55293.097,7582.452322598976,7582.452322598976
2026-09-17 08:27:48,7840.0,7911.75,Call DEX 5,DEX,0.548,7582.452322598976,7582.452322598976
2026-09-17 08:28:25,6300.0,6357.25,Call CEX 3,CEX,103364.947,7582.452322598976,7582.452322598976
2026-09-17 08:28:25,6300.0,6357.25,Call VEX 2,VEX,155718.207,7582.452322598976,7582.452322598976
2026-09-17 08:28:25,6400.0,6458.0,Call CEX 2,CEX,108952.379,7582.452322598976,7582.452322598976
2026-09-17 08:28:25,6400.0,6458.0,Call VEX 1,VEX,164363.759,7582.452322598976,7582.452322598976
2026-09-17 08:28:25,6940.0,7003.0,Call DEX 4,DEX,0.751,7582.452322598976,7582.452322598976
2026-09-17 08:28:25,7000.0,7063.5,Call DEX 1,DEX,33.618,7582.452322598976,7582.452322598976
2026-09-17 08:28:25,7050.0,7114.0,Call CEX 5,CEX,77142.735,7582.452322598976,7582.452322598976
2026-09-17 08:28:25,7050.0,7114.0,Call VEX 3,VEX,106041.713,7582.452322598976,7582.452322598976
2026-09-17 08:28:25,7080.0,7144.25,Call DEX 2,DEX,2.016,7582.452322598976,7582.452322598976
2026-09-17 08:28:25,7220.0,7285.5,Call DEX 3,DEX,1.14,7582.452322598976,7582.452322598976
2026-09-17 08:28:25,7350.0,7416.75,Call CEX 1,CEX,109641.152,7582.452322598976,7582.452322598976
2026-09-17 08:28:25,7350.0,7416.75,Call VEX 4,VEX,105456.396,7582.452322598976,7582.452322598976
2026-09-17 08:28:25,7360.0,7426.75,Call CEX 4,CEX,96176.634,7582.452322598976,7582.452322598976
2026-09-17 08:28:25,7360.0,7426.75,Call VEX 5,VEX,90454.331,7582.452322598976,7582.452322598976
2026-09-17 08:28:25,7450.0,7517.5,Put GEX 2,GEX,-72752.604,7582.452322598976,7582.452322598976
2026-09-17 08:28:25,7500.0,7568.0,Put DEX 2,DEX,-21.686,7582.452322598976,7582.452322598976
2026-09-17 08:28:25,7500.0,7568.0,Put GEX 1,GEX,-99967.617,7582.452322598976,7582.452322598976
2026-09-17 08:28:25,7550.0,7618.5,Put DEX 5,DEX,-17.779,7582.452322598976,7582.452322598976
2026-09-17 08:28:25,7550.0,7618.5,Put GEX 4,GEX,-71013.095,7582.452322598976,7582.452322598976
2026-09-17 08:28:25,7570.0,7638.75,Put DEX 3,DEX,-20.892,7582.452322598976,7582.452322598976
2026-09-17 08:28:25,7570.0,7638.75,Put GEX 3,GEX,-71876.017,7582.452322598976,7582.452322598976
2026-09-17 08:28:25,7575.0,7643.75,Put DEX 4,DEX,-18.094,7582.452322598976,7582.452322598976
2026-09-17 08:28:25,7575.0,7643.75,Put GEX 5,GEX,-63392.309,7582.452322598976,7582.452322598976
2026-09-17 08:28:25,7600.0,7669.0,Put CEX 4,CEX,-53168.419,7582.452322598976,7582.452322598976
2026-09-17 08:28:25,7650.0,7719.25,Put CEX 3,CEX,-58785.011,7582.452322598976,7582.452322598976
2026-09-17 08:28:25,7650.0,7719.25,Put VEX 3,VEX,-55428.356,7582.452322598976,7582.452322598976
2026-09-17 08:28:25,7675.0,7744.5,Put CEX 5,CEX,-52269.022,7582.452322598976,7582.452322598976
2026-09-17 08:28:25,7675.0,7744.5,Put VEX 5,VEX,-51043.841,7582.452322598976,7582.452322598976
2026-09-17 08:28:25,7700.0,7769.75,Put CEX 1,CEX,-193583.659,7582.452322598976,7582.452322598976
2026-09-17 08:28:25,7700.0,7769.75,Put DEX 1,DEX,-32.8,7582.452322598976,7582.452322598976
2026-09-17 08:28:25,7700.0,7769.75,Put VEX 1,VEX,-176044.599,7582.452322598976,7582.452322598976
2026-09-17 08:28:25,7725.0,7795.0,Call GEX 4,GEX,12157.916,7582.452322598976,7582.452322598976
2026-09-17 08:28:25,7750.0,7820.25,Put CEX 2,CEX,-82678.859,7582.452322598976,7582.452322598976
2026-09-17 08:28:25,7750.0,7820.25,Call GEX 3,GEX,12307.664,7582.452322598976,7582.452322598976
2026-09-17 08:28:25,7750.0,7820.25,Put VEX 2,VEX,-92129.759,7582.452322598976,7582.452322598976
2026-09-17 08:28:25,7775.0,7845.5,Call GEX 2,GEX,12334.908,7582.452322598976,7582.452322598976
2026-09-17 08:28:25,7790.0,7860.75,Call GEX 1,GEX,13978.223,7582.452322598976,7582.452322598976
2026-09-17 08:28:25,7800.0,7870.75,Call GEX 5,GEX,12092.115,7582.452322598976,7582.452322598976
2026-09-17 08:28:25,7800.0,7870.75,Put VEX 4,VEX,-55293.097,7582.452322598976,7582.452322598976
2026-09-17 08:28:25,7840.0,7911.0,Call DEX 5,DEX,0.548,7582.452322598976,7582.452322598976
2026-09-17 08:29:03,6300.0,6357.5,Call CEX 3,CEX,103364.947,7582.452322598976,7582.452322598976
2026-09-17 08:29:03,6300.0,6357.5,Call VEX 2,VEX,155718.207,7582.452322598976,7582.452322598976
2026-09-17 08:29:03,6400.0,6458.5,Call CEX 2,CEX,108952.379,7582.452322598976,7582.452322598976
2026-09-17 08:29:03,6400.0,6458.5,Call VEX 1,VEX,164363.759,7582.452322598976,7582.452322598976
2026-09-17 08:29:03,6940.0,7003.5,Call DEX 4,DEX,0.751,7582.452322598976,7582.452322598976
2026-09-17 08:29:03,7000.0,7064.0,Call DEX 1,DEX,33.618,7582.452322598976,7582.452322598976
2026-09-17 08:29:03,7050.0,7114.5,Call CEX 5,CEX,77142.735,7582.452322598976,7582.452322598976
2026-09-17 08:29:03,7050.0,7114.5,Call VEX 3,VEX,106041.713,7582.452322598976,7582.452322598976
2026-09-17 08:29:03,7080.0,7144.75,Call DEX 2,DEX,2.016,7582.452322598976,7582.452322598976
2026-09-17 08:29:03,7220.0,7286.0,Call DEX 3,DEX,1.14,7582.452322598976,7582.452322598976
2026-09-17 08:29:03,7350.0,7417.25,Call CEX 1,CEX,109641.152,7582.452322598976,7582.452322598976
2026-09-17 08:29:03,7350.0,7417.25,Call VEX 4,VEX,105456.396,7582.452322598976,7582.452322598976
2026-09-17 08:29:03,7360.0,7427.25,Call CEX 4,CEX,96176.634,7582.452322598976,7582.452322598976
2026-09-17 08:29:03,7360.0,7427.25,Call VEX 5,VEX,90454.331,7582.452322598976,7582.452322598976
2026-09-17 08:29:03,7450.0,7518.0,Put GEX 2,GEX,-72752.604,7582.452322598976,7582.452322598976
2026-09-17 08:29:03,7500.0,7568.5,Put DEX 2,DEX,-21.686,7582.452322598976,7582.452322598976
2026-09-17 08:29:03,7500.0,7568.5,Put GEX 1,GEX,-99967.617,7582.452322598976,7582.452322598976
2026-09-17 08:29:03,7550.0,7619.0,Put DEX 5,DEX,-17.779,7582.452322598976,7582.452322598976
2026-09-17 08:29:03,7550.0,7619.0,Put GEX 4,GEX,-71013.095,7582.452322598976,7582.452322598976
2026-09-17 08:29:03,7570.0,7639.25,Put DEX 3,DEX,-20.892,7582.452322598976,7582.452322598976
2026-09-17 08:29:03,7570.0,7639.25,Put GEX 3,GEX,-71876.017,7582.452322598976,7582.452322598976
2026-09-17 08:29:03,7575.0,7644.25,Put DEX 4,DEX,-18.094,7582.452322598976,7582.452322598976
2026-09-17 08:29:03,7575.0,7644.25,Put GEX 5,GEX,-63392.309,7582.452322598976,7582.452322598976
2026-09-17 08:29:03,7600.0,7669.5,Put CEX 4,CEX,-53168.419,7582.452322598976,7582.452322598976
2026-09-17 08:29:03,7650.0,7720.0,Put CEX 3,CEX,-58785.011,7582.452322598976,7582.452322598976
2026-09-17 08:29:03,7650.0,7720.0,Put VEX 3,VEX,-55428.356,7582.452322598976,7582.452322598976
2026-09-17 08:29:03,7675.0,7745.25,Put CEX 5,CEX,-52269.022,7582.452322598976,7582.452322598976
2026-09-17 08:29:03,7675.0,7745.25,Put VEX 5,VEX,-51043.841,7582.452322598976,7582.452322598976
2026-09-17 08:29:03,7700.0,7770.25,Put CEX 1,CEX,-193583.659,7582.452322598976,7582.452322598976
2026-09-17 08:29:03,7700.0,7770.25,Put DEX 1,DEX,-32.8,7582.452322598976,7582.452322598976
2026-09-17 08:29:03,7700.0,7770.25,Put VEX 1,VEX,-176044.599,7582.452322598976,7582.452322598976
2026-09-17 08:29:03,7725.0,7795.5,Call GEX 4,GEX,12157.916,7582.452322598976,7582.452322598976
2026-09-17 08:29:03,7750.0,7820.75,Put CEX 2,CEX,-82678.859,7582.452322598976,7582.452322598976
2026-09-17 08:29:03,7750.0,7820.75,Call GEX 3,GEX,12307.664,7582.452322598976,7582.452322598976
2026-09-17 08:29:03,7750.0,7820.75,Put VEX 2,VEX,-92129.759,7582.452322598976,7582.452322598976
2026-09-17 08:29:03,7775.0,7846.0,Call GEX 2,GEX,12334.908,7582.452322598976,7582.452322598976
2026-09-17 08:29:03,7790.0,7861.25,Call GEX 1,GEX,13978.223,7582.452322598976,7582.452322598976
2026-09-17 08:29:03,7800.0,7871.25,Call GEX 5,GEX,12092.115,7582.452322598976,7582.452322598976
2026-09-17 08:29:03,7800.0,7871.25,Put VEX 4,VEX,-55293.097,7582.452322598976,7582.452322598976
2026-09-17 08:29:03,7840.0,7911.75,Call DEX 5,DEX,0.548,7582.452322598976,7582.452322598976
2026-09-17 08:29:41,6300.0,6357.0,Call CEX 3,CEX,103364.947,7582.452322598976,7582.452322598976
2026-09-17 08:29:41,6300.0,6357.0,Call VEX 2,VEX,155718.207,7582.452322598976,7582.452322598976
2026-09-17 08:29:41,6400.0,6457.75,Call CEX 2,CEX,108952.379,7582.452322598976,7582.452322598976
2026-09-17 08:29:41,6400.0,6457.75,Call VEX 1,VEX,164363.759,7582.452322598976,7582.452322598976
2026-09-17 08:29:41,6940.0,7002.75,Call DEX 4,DEX,0.751,7582.452322598976,7582.452322598976
2026-09-17 08:29:41,7000.0,7063.25,Call DEX 1,DEX,33.618,7582.452322598976,7582.452322598976
2026-09-17 08:29:41,7050.0,7113.75,Call CEX 5,CEX,77142.735,7582.452322598976,7582.452322598976
2026-09-17 08:29:41,7050.0,7113.75,Call VEX 3,VEX,106041.713,7582.452322598976,7582.452322598976
2026-09-17 08:29:41,7080.0,7144.0,Call DEX 2,DEX,2.016,7582.452322598976,7582.452322598976
2026-09-17 08:29:41,7220.0,7285.25,Call DEX 3,DEX,1.14,7582.452322598976,7582.452322598976
2026-09-17 08:29:41,7350.0,7416.5,Call CEX 1,CEX,109641.152,7582.452322598976,7582.452322598976
2026-09-17 08:29:41,7350.0,7416.5,Call VEX 4,VEX,105456.396,7582.452322598976,7582.452322598976
2026-09-17 08:29:41,7360.0,7426.5,Call CEX 4,CEX,96176.634,7582.452322598976,7582.452322598976
2026-09-17 08:29:41,7360.0,7426.5,Call VEX 5,VEX,90454.331,7582.452322598976,7582.452322598976
2026-09-17 08:29:41,7450.0,7517.25,Put GEX 2,GEX,-72752.604,7582.452322598976,7582.452322598976
2026-09-17 08:29:41,7500.0,7567.75,Put DEX 2,DEX,-21.686,7582.452322598976,7582.452322598976
2026-09-17 08:29:41,7500.0,7567.75,Put GEX 1,GEX,-99967.617,7582.452322598976,7582.452322598976
2026-09-17 08:29:41,7550.0,7618.25,Put DEX 5,DEX,-17.779,7582.452322598976,7582.452322598976
2026-09-17 08:29:41,7550.0,7618.25,Put GEX 4,GEX,-71013.095,7582.452322598976,7582.452322598976
2026-09-17 08:29:41,7570.0,7638.5,Put DEX 3,DEX,-20.892,7582.452322598976,7582.452322598976
2026-09-17 08:29:41,7570.0,7638.5,Put GEX 3,GEX,-71876.017,7582.452322598976,7582.452322598976
2026-09-17 08:29:41,7575.0,7643.5,Put DEX 4,DEX,-18.094,7582.452322598976,7582.452322598976
2026-09-17 08:29:41,7575.0,7643.5,Put GEX 5,GEX,-63392.309,7582.452322598976,7582.452322598976
2026-09-17 08:29:41,7600.0,7668.75,Put CEX 4,CEX,-53168.419,7582.452322598976,7582.452322598976
2026-09-17 08:29:41,7650.0,7719.25,Put CEX 3,CEX,-58785.011,7582.452322598976,7582.452322598976
2026-09-17 08:29:41,7650.0,7719.25,Put VEX 3,VEX,-55428.356,7582.452322598976,7582.452322598976
2026-09-17 08:29:41,7675.0,7744.25,Put CEX 5,CEX,-52269.022,7582.452322598976,7582.452322598976
2026-09-17 08:29:41,7675.0,7744.25,Put VEX 5,VEX,-51043.841,7582.452322598976,7582.452322598976
2026-09-17 08:29:41,7700.0,7769.5,Put CEX 1,CEX,-193583.659,7582.452322598976,7582.452322598976
2026-09-17 08:29:41,7700.0,7769.5,Put DEX 1,DEX,-32.8,7582.452322598976,7582.452322598976
2026-09-17 08:29:41,7700.0,7769.5,Put VEX 1,VEX,-176044.599,7582.452322598976,7582.452322598976
2026-09-17 08:29:41,7725.0,7794.75,Call GEX 4,GEX,12157.916,7582.452322598976,7582.452322598976
2026-09-17 08:29:41,7750.0,7820.0,Put CEX 2,CEX,-82678.859,7582.452322598976,7582.452322598976
2026-09-17 08:29:41,7750.0,7820.0,Call GEX 3,GEX,12307.664,7582.452322598976,7582.452322598976
2026-09-17 08:29:41,7750.0,7820.0,Put VEX 2,VEX,-92129.759,7582.452322598976,7582.452322598976
2026-09-17 08:29:41,7775.0,7845.25,Call GEX 2,GEX,12334.908,7582.452322598976,7582.452322598976
2026-09-17 08:29:41,7790.0,7860.5,Call GEX 1,GEX,13978.223,7582.452322598976,7582.452322598976
2026-09-17 08:29:41,7800.0,7870.5,Call GEX 5,GEX,12092.115,7582.452322598976,7582.452322598976
2026-09-17 08:29:41,7800.0,7870.5,Put VEX 4,VEX,-55293.097,7582.452322598976,7582.452322598976
2026-09-17 08:29:41,7840.0,7910.75,Call DEX 5,DEX,0.548,7582.452322598976,7582.452322598976
2026-09-17 08:31:28,6300.0,6357.25,Call CEX 3,CEX,103364.947,7582.452322598976,7582.452322598976
2026-09-17 08:31:28,6300.0,6357.25,Call VEX 2,VEX,155718.207,7582.452322598976,7582.452322598976
2026-09-17 08:31:28,6400.0,6458.0,Call CEX 2,CEX,108952.379,7582.452322598976,7582.452322598976
2026-09-17 08:31:28,6400.0,6458.0,Call VEX 1,VEX,164363.759,7582.452322598976,7582.452322598976
2026-09-17 08:31:28,6940.0,7003.0,Call DEX 4,DEX,0.751,7582.452322598976,7582.452322598976
2026-09-17 08:31:28,7000.0,7063.5,Call DEX 1,DEX,33.618,7582.452322598976,7582.452322598976
2026-09-17 08:31:28,7050.0,7114.0,Call CEX 5,CEX,77142.735,7582.452322598976,7582.452322598976
2026-09-17 08:31:28,7050.0,7114.0,Call VEX 3,VEX,106041.713,7582.452322598976,7582.452322598976
2026-09-17 08:31:28,7080.0,7144.25,Call DEX 2,DEX,2.016,7582.452322598976,7582.452322598976
2026-09-17 08:31:28,7220.0,7285.5,Call DEX 3,DEX,1.14,7582.452322598976,7582.452322598976
2026-09-17 08:31:28,7350.0,7416.75,Call CEX 1,CEX,109641.152,7582.452322598976,7582.452322598976
2026-09-17 08:31:28,7350.0,7416.75,Call VEX 4,VEX,105456.396,7582.452322598976,7582.452322598976
2026-09-17 08:31:28,7360.0,7426.75,Call CEX 4,CEX,96176.634,7582.452322598976,7582.452322598976
2026-09-17 08:31:28,7360.0,7426.75,Call VEX 5,VEX,90454.331,7582.452322598976,7582.452322598976
2026-09-17 08:31:28,7450.0,7517.5,Put GEX 2,GEX,-72752.604,7582.452322598976,7582.452322598976
2026-09-17 08:31:28,7500.0,7568.0,Put DEX 2,DEX,-21.686,7582.452322598976,7582.452322598976
2026-09-17 08:31:28,7500.0,7568.0,Put GEX 1,GEX,-99967.617,7582.452322598976,7582.452322598976
2026-09-17 08:31:28,7550.0,7618.5,Put DEX 5,DEX,-17.779,7582.452322598976,7582.452322598976
2026-09-17 08:31:28,7550.0,7618.5,Put GEX 4,GEX,-71013.095,7582.452322598976,7582.452322598976
2026-09-17 08:31:28,7570.0,7638.75,Put DEX 3,DEX,-20.892,7582.452322598976,7582.452322598976
2026-09-17 08:31:28,7570.0,7638.75,Put GEX 3,GEX,-71876.017,7582.452322598976,7582.452322598976
2026-09-17 08:31:28,7575.0,7643.75,Put DEX 4,DEX,-18.094,7582.452322598976,7582.452322598976
2026-09-17 08:31:28,7575.0,7643.75,Put GEX 5,GEX,-63392.309,7582.452322598976,7582.452322598976
2026-09-17 08:31:28,7600.0,7669.0,Put CEX 4,CEX,-53168.419,7582.452322598976,7582.452322598976
2026-09-17 08:31:28,7650.0,7719.5,Put CEX 3,CEX,-58785.011,7582.452322598976,7582.452322598976
2026-09-17 08:31:28,7650.0,7719.5,Put VEX 3,VEX,-55428.356,7582.452322598976,7582.452322598976
2026-09-17 08:31:28,7675.0,7744.75,Put CEX 5,CEX,-52269.022,7582.452322598976,7582.452322598976
2026-09-17 08:31:28,7675.0,7744.75,Put VEX 5,VEX,-51043.841,7582.452322598976,7582.452322598976
2026-09-17 08:31:28,7700.0,7770.0,Put CEX 1,CEX,-193583.659,7582.452322598976,7582.452322598976
2026-09-17 08:31:28,7700.0,7770.0,Put DEX 1,DEX,-32.8,7582.452322598976,7582.452322598976
2026-09-17 08:31:28,7700.0,7770.0,Put VEX 1,VEX,-176044.599,7582.452322598976,7582.452322598976
2026-09-17 08:31:28,7725.0,7795.0,Call GEX 4,GEX,12157.916,7582.452322598976,7582.452322598976
2026-09-17 08:31:28,7750.0,7820.25,Put CEX 2,CEX,-82678.859,7582.452322598976,7582.452322598976
2026-09-17 08:31:28,7750.0,7820.25,Call GEX 3,GEX,12307.664,7582.452322598976,7582.452322598976
2026-09-17 08:31:28,7750.0,7820.25,Put VEX 2,VEX,-92129.759,7582.452322598976,7582.452322598976
2026-09-17 08:31:28,7775.0,7845.5,Call GEX 2,GEX,12334.908,7582.452322598976,7582.452322598976
2026-09-17 08:31:28,7790.0,7860.75,Call GEX 1,GEX,13978.223,7582.452322598976,7582.452322598976
2026-09-17 08:31:28,7800.0,7870.75,Call GEX 5,GEX,12092.115,7582.452322598976,7582.452322598976
2026-09-17 08:31:28,7800.0,7870.75,Put VEX 4,VEX,-55293.097,7582.452322598976,7582.452322598976
2026-09-17 08:31:28,7840.0,7911.25,Call DEX 5,DEX,0.548,7582.452322598976,7582.452322598976
2026-09-17 10:21:31,6300.0,6358.0,Call VEX 5,VEX,88631.724,7499.436663457708,8540.394286540593
2026-09-17 10:21:31,6400.0,6458.75,Call VEX 4,VEX,92897.374,7499.436663457708,8540.394286540593
2026-09-17 10:21:31,7000.0,7064.5,Call DEX 1,DEX,35.056,7499.436663457708,8540.394286540593
2026-09-17 10:21:31,7080.0,7145.0,Call DEX 4,DEX,2.02,7499.436663457708,8540.394286540593
2026-09-17 10:21:31,7220.0,7286.5,Call DEX 5,DEX,1.381,7499.436663457708,8540.394286540593
2026-09-17 10:21:31,7300.0,7367.25,Call CEX 3,CEX,100707.841,7499.436663457708,8540.394286540593
2026-09-17 10:21:31,7300.0,7367.25,Call VEX 3,VEX,125283.35,7499.436663457708,8540.394286540593
2026-09-17 10:21:31,7350.0,7417.5,Call CEX 4,CEX,86816.958,7499.436663457708,8540.394286540593
2026-09-17 10:21:31,7360.0,7427.75,Call CEX 5,CEX,72800.027,7499.436663457708,8540.394286540593
2026-09-17 10:21:31,7450.0,7518.5,Call CEX 2,CEX,129303.293,7499.436663457708,8540.394286540593
2026-09-17 10:21:31,7450.0,7518.5,Put DEX 5,DEX,-12.227,7499.436663457708,8540.394286540593
2026-09-17 10:21:31,7450.0,7518.5,Put GEX 2,GEX,-93060.001,7499.436663457708,8540.394286540593
2026-09-17 10:21:31,7450.0,7518.5,Call VEX 1,VEX,182789.009,7499.436663457708,8540.394286540593
2026-09-17 10:21:31,7500.0,7569.0,Call CEX 1,CEX,139654.426,7499.436663457708,8540.394286540593
2026-09-17 10:21:31,7500.0,7569.0,Put DEX 3,DEX,-15.016,7499.436663457708,8540.394286540593
2026-09-17 10:21:31,7500.0,7569.0,Put GEX 1,GEX,-121940.148,7499.436663457708,8540.394286540593
2026-09-17 10:21:31,7500.0,7569.0,Call VEX 2,VEX,182669.879,7499.436663457708,8540.394286540593
2026-09-17 10:21:31,7550.0,7619.5,Put GEX 4,GEX,-70530.926,7499.436663457708,8540.394286540593
2026-09-17 10:21:31,7570.0,7639.5,Put GEX 3,GEX,-74773.292,7499.436663457708,8540.394286540593
2026-09-17 10:21:31,7575.0,7644.75,Put GEX 5,GEX,-65893.165,7499.436663457708,8540.394286540593
2026-09-17 10:21:31,7605.0,7675.0,Call DEX 3,DEX,2.142,7499.436663457708,8540.394286540593
2026-09-17 10:21:31,7645.0,7715.25,Call DEX 2,DEX,3.247,7499.436663457708,8540.394286540593
2026-09-17 10:21:31,7700.0,7770.75,Put CEX 1,CEX,-277765.515,7499.436663457708,8540.394286540593
2026-09-17 10:21:31,7700.0,7770.75,Put DEX 2,DEX,-16.479,7499.436663457708,8540.394286540593
2026-09-17 10:21:31,7700.0,7770.75,Call GEX 1,GEX,74105.857,7499.436663457708,8540.394286540593
2026-09-17 10:21:31,7700.0,7770.75,Put VEX 1,VEX,-191952.528,7499.436663457708,8540.394286540593
2026-09-17 10:21:31,7725.0,7796.0,Put CEX 5,CEX,-69048.8,7499.436663457708,8540.394286540593
2026-09-17 10:21:31,7725.0,7796.0,Call GEX 3,GEX,34934.387,7499.436663457708,8540.394286540593
2026-09-17 10:21:31,7725.0,7796.0,Put VEX 5,VEX,-53519.867,7499.436663457708,8540.394286540593
2026-09-17 10:21:31,7750.0,7821.25,Put CEX 2,CEX,-136574.314,7499.436663457708,8540.394286540593
2026-09-17 10:21:31,7750.0,7821.25,Put DEX 4,DEX,-12.402,7499.436663457708,8540.394286540593
2026-09-17 10:21:31,7750.0,7821.25,Call GEX 2,GEX,40614.914,7499.436663457708,8540.394286540593
2026-09-17 10:21:31,7750.0,7821.25,Put VEX 2,VEX,-124305.76,7499.436663457708,8540.394286540593
2026-09-17 10:21:31,7775.0,7846.5,Put CEX 4,CEX,-73646.464,7499.436663457708,8540.394286540593
2026-09-17 10:21:31,7775.0,7846.5,Call GEX 5,GEX,29776.895,7499.436663457708,8540.394286540593
2026-09-17 10:21:31,7775.0,7846.5,Put VEX 4,VEX,-67298.093,7499.436663457708,8540.394286540593
2026-09-17 10:21:31,7800.0,7871.75,Put CEX 3,CEX,-82452.275,7499.436663457708,8540.394286540593
2026-09-17 10:21:31,7800.0,7871.75,Call GEX 4,GEX,30872.775,7499.436663457708,8540.394286540593
2026-09-17 10:21:31,7800.0,7871.75,Put VEX 3,VEX,-76956.481,7499.436663457708,8540.394286540593
2026-09-17 10:21:31,8000.0,8073.5,Put DEX 1,DEX,-17.17,7499.436663457708,8540.394286540593
2026-09-17 10:22:23,6000.0,6055.5,Call DEX 1,DEX,21.103,7500.7428960805955,8541.318839608737
2026-09-17 10:22:23,6300.0,6358.25,Call VEX 5,VEX,88636.412,7500.7428960805955,8541.318839608737
2026-09-17 10:22:23,6400.0,6459.25,Call VEX 4,VEX,92902.359,7500.7428960805955,8541.318839608737
2026-09-17 10:22:23,7080.0,7145.5,Call DEX 4,DEX,2.031,7500.7428960805955,8541.318839608737
2026-09-17 10:22:23,7220.0,7286.75,Call DEX 5,DEX,1.393,7500.7428960805955,8541.318839608737
2026-09-17 10:22:23,7300.0,7367.5,Call CEX 3,CEX,100602.239,7500.7428960805955,8541.318839608737
2026-09-17 10:22:23,7300.0,7367.5,Call VEX 3,VEX,125143.673,7500.7428960805955,8541.318839608737
2026-09-17 10:22:23,7350.0,7418.0,Call CEX 4,CEX,86695.217,7500.7428960805955,8541.318839608737
2026-09-17 10:22:23,7360.0,7428.0,Call CEX 5,CEX,72812.726,7500.7428960805955,8541.318839608737
2026-09-17 10:22:23,7450.0,7519.0,Call CEX 2,CEX,129256.546,7500.7428960805955,8541.318839608737
2026-09-17 10:22:23,7450.0,7519.0,Put DEX 5,DEX,-12.177,7500.7428960805955,8541.318839608737
2026-09-17 10:22:23,7450.0,7519.0,Put GEX 2,GEX,-93101.664,7500.7428960805955,8541.318839608737
2026-09-17 10:22:23,7450.0,7519.0,Call VEX 2,VEX,182720.271,7500.7428960805955,8541.318839608737
2026-09-17 10:22:23,7500.0,7569.5,Call CEX 1,CEX,139708.646,7500.7428960805955,8541.318839608737
2026-09-17 10:22:23,7500.0,7569.5,Put DEX 3,DEX,-14.93,7500.7428960805955,8541.318839608737
2026-09-17 10:22:23,7500.0,7569.5,Put GEX 1,GEX,-122160.592,7500.7428960805955,8541.318839608737
2026-09-17 10:22:23,7500.0,7569.5,Call VEX 1,VEX,182790.323,7500.7428960805955,8541.318839608737
2026-09-17 10:22:23,7550.0,7619.75,Put GEX 4,GEX,-70882.769,7500.7428960805955,8541.318839608737
2026-09-17 10:22:23,7570.0,7640.0,Put GEX 3,GEX,-75233.584,7500.7428960805955,8541.318839608737
2026-09-17 10:22:23,7575.0,7645.0,Put GEX 5,GEX,-66412.762,7500.7428960805955,8541.318839608737
2026-09-17 10:22:23,7605.0,7675.25,Call DEX 3,DEX,2.13,7500.7428960805955,8541.318839608737
2026-09-17 10:22:23,7645.0,7715.75,Call DEX 2,DEX,3.241,7500.7428960805955,8541.318839608737
2026-09-17 10:22:23,7700.0,7771.25,Put CEX 1,CEX,-278532.296,7500.7428960805955,8541.318839608737
2026-09-17 10:22:23,7700.0,7771.25,Put DEX 2,DEX,-16.649,7500.7428960805955,8541.318839608737
2026-09-17 10:22:23,7700.0,7771.25,Call GEX 1,GEX,72393.175,7500.7428960805955,8541.318839608737
2026-09-17 10:22:23,7700.0,7771.25,Put VEX 1,VEX,-192563.233,7500.7428960805955,8541.318839608737
2026-09-17 10:22:23,7725.0,7796.5,Put CEX 5,CEX,-69097.893,7500.7428960805955,8541.318839608737
2026-09-17 10:22:23,7725.0,7796.5,Call GEX 3,GEX,34842.955,7500.7428960805955,8541.318839608737
2026-09-17 10:22:23,7725.0,7796.5,Put VEX 5,VEX,-53569.173,7500.7428960805955,8541.318839608737
2026-09-17 10:22:23,7750.0,7821.75,Put CEX 2,CEX,-136632.797,7500.7428960805955,8541.318839608737
2026-09-17 10:22:23,7750.0,7821.75,Put DEX 4,DEX,-12.453,7500.7428960805955,8541.318839608737
2026-09-17 10:22:23,7750.0,7821.75,Call GEX 2,GEX,40570.302,7500.7428960805955,8541.318839608737
2026-09-17 10:22:23,7750.0,7821.75,Put VEX 2,VEX,-124401.738,7500.7428960805955,8541.318839608737
2026-09-17 10:22:23,7775.0,7847.0,Put CEX 4,CEX,-73700.996,7500.7428960805955,8541.318839608737
2026-09-17 10:22:23,7775.0,7847.0,Call GEX 5,GEX,29817.294,7500.7428960805955,8541.318839608737
2026-09-17 10:22:23,7775.0,7847.0,Put VEX 4,VEX,-67359.692,7500.7428960805955,8541.318839608737
2026-09-17 10:22:23,7800.0,7872.25,Put CEX 3,CEX,-82261.4,7500.7428960805955,8541.318839608737
2026-09-17 10:22:23,7800.0,7872.25,Call GEX 4,GEX,31227.504,7500.7428960805955,8541.318839608737
2026-09-17 10:22:23,7800.0,7872.25,Put VEX 3,VEX,-76886.29,7500.7428960805955,8541.318839608737
2026-09-17 10:22:23,8000.0,8074.0,Put DEX 1,DEX,-16.945,7500.7428960805955,8541.318839608737
2026-09-17 10:23:13,6300.0,6358.0,Call VEX 5,VEX,88613.631,7500.007315998488,8526.950001745749
2026-09-17 10:23:13,6400.0,6459.0,Call VEX 4,VEX,92877.8,7500.007315998488,8526.950001745749
2026-09-17 10:23:13,7080.0,7145.25,Call DEX 3,DEX,2.052,7500.007315998488,8526.950001745749
2026-09-17 10:23:13,7220.0,7286.5,Call DEX 4,DEX,1.408,7500.007315998488,8526.950001745749
2026-09-17 10:23:13,7300.0,7367.25,Call CEX 3,CEX,100454.806,7500.007315998488,8526.950001745749
2026-09-17 10:23:13,7300.0,7367.25,Call VEX 3,VEX,124953.731,7500.007315998488,8526.950001745749
2026-09-17 10:23:13,7350.0,7417.75,Call CEX 4,CEX,86504.092,7500.007315998488,8526.950001745749
2026-09-17 10:23:13,7360.0,7427.75,Call CEX 5,CEX,72695.172,7500.007315998488,8526.950001745749
2026-09-17 10:23:13,7450.0,7518.5,Call CEX 2,CEX,129238.542,7500.007315998488,8526.950001745749
2026-09-17 10:23:13,7450.0,7518.5,Put DEX 5,DEX,-12.139,7500.007315998488,8526.950001745749
2026-09-17 10:23:13,7450.0,7518.5,Put GEX 2,GEX,-92677.718,7500.007315998488,8526.950001745749
2026-09-17 10:23:13,7450.0,7518.5,Call VEX 2,VEX,182642.071,7500.007315998488,8526.950001745749
2026-09-17 10:23:13,7500.0,7569.0,Call CEX 1,CEX,139821.339,7500.007315998488,8526.950001745749
2026-09-17 10:23:13,7500.0,7569.0,Put DEX 3,DEX,-14.838,7500.007315998488,8526.950001745749
2026-09-17 10:23:13,7500.0,7569.0,Put GEX 1,GEX,-121487.86,7500.007315998488,8526.950001745749
2026-09-17 10:23:13,7500.0,7569.0,Call VEX 1,VEX,182860.312,7500.007315998488,8526.950001745749
2026-09-17 10:23:13,7550.0,7619.5,Put GEX 4,GEX,-70395.767,7500.007315998488,8526.950001745749
2026-09-17 10:23:13,7570.0,7639.75,Put GEX 3,GEX,-74730.257,7500.007315998488,8526.950001745749
2026-09-17 10:23:13,7575.0,7644.75,Put GEX 5,GEX,-65907.634,7500.007315998488,8526.950001745749
2026-09-17 10:23:13,7605.0,7675.0,Call DEX 2,DEX,2.163,7500.007315998488,8526.950001745749
2026-09-17 10:23:13,7645.0,7715.25,Call DEX 1,DEX,3.284,7500.007315998488,8526.950001745749
2026-09-17 10:23:13,7685.0,7755.75,Call DEX 5,DEX,1.303,7500.007315998488,8526.950001745749
2026-09-17 10:23:13,7700.0,7770.75,Put CEX 1,CEX,-277080.509,7500.007315998488,8526.950001745749
2026-09-17 10:23:13,7700.0,7770.75,Put DEX 2,DEX,-16.188,7500.007315998488,8526.950001745749
2026-09-17 10:23:13,7700.0,7770.75,Call GEX 1,GEX,74488.714,7500.007315998488,8526.950001745749
2026-09-17 10:23:13,7700.0,7770.75,Put VEX 1,VEX,-190986.49,7500.007315998488,8526.950001745749
2026-09-17 10:23:13,7725.0,7796.0,Put CEX 5,CEX,-69193.075,7500.007315998488,8526.950001745749
2026-09-17 10:23:13,7725.0,7796.0,Call GEX 3,GEX,35209.796,7500.007315998488,8526.950001745749
2026-09-17 10:23:13,7725.0,7796.0,Put VEX 5,VEX,-53525.83,7500.007315998488,8526.950001745749
2026-09-17 10:23:13,7750.0,7821.25,Put CEX 2,CEX,-137439.697,7500.007315998488,8526.950001745749
2026-09-17 10:23:13,7750.0,7821.25,Put DEX 4,DEX,-12.262,7500.007315998488,8526.950001745749
2026-09-17 10:23:13,7750.0,7821.25,Call GEX 2,GEX,40996.81,7500.007315998488,8526.950001745749
2026-09-17 10:23:13,7750.0,7821.25,Put VEX 2,VEX,-124807.874,7500.007315998488,8526.950001745749
2026-09-17 10:23:13,7775.0,7846.5,Put CEX 4,CEX,-74319.772,7500.007315998488,8526.950001745749
2026-09-17 10:23:13,7775.0,7846.5,Call GEX 5,GEX,30082.355,7500.007315998488,8526.950001745749
2026-09-17 10:23:13,7775.0,7846.5,Put VEX 4,VEX,-67766.867,7500.007315998488,8526.950001745749
2026-09-17 10:23:13,7800.0,7871.75,Put CEX 3,CEX,-83627.92,7500.007315998488,8526.950001745749
2026-09-17 10:23:13,7800.0,7871.75,Call GEX 4,GEX,30918.141,7500.007315998488,8526.950001745749
2026-09-17 10:23:13,7800.0,7871.75,Put VEX 3,VEX,-77924.212,7500.007315998488,8526.950001745749
2026-09-17 10:23:13,8000.0,8073.5,Put DEX 1,DEX,-16.786,7500.007315998488,8526.950001745749
2026-09-17 10:24:03,6300.0,6358.0,Call VEX 5,VEX,88607.929,7500.190508844236,8526.820174289656
2026-09-17 10:24:03,6400.0,6459.0,Call VEX 4,VEX,92877.536,7500.190508844236,8526.820174289656
2026-09-17 10:24:03,7080.0,7145.25,Call DEX 3,DEX,2.052,7500.190508844236,8526.820174289656
2026-09-17 10:24:03,7220.0,7286.5,Call DEX 4,DEX,1.408,7500.190508844236,8526.820174289656
2026-09-17 10:24:03,7300.0,7367.25,Call CEX 3,CEX,100299.01,7500.190508844236,8526.820174289656
2026-09-17 10:24:03,7300.0,7367.25,Call VEX 3,VEX,124715.695,7500.190508844236,8526.820174289656
2026-09-17 10:24:03,7350.0,7417.75,Call CEX 4,CEX,86512.726,7500.190508844236,8526.820174289656
2026-09-17 10:24:03,7360.0,7427.75,Call CEX 5,CEX,72699.265,7500.190508844236,8526.820174289656
2026-09-17 10:24:03,7450.0,7518.5,Call CEX 2,CEX,129223.19,7500.190508844236,8526.820174289656
2026-09-17 10:24:03,7450.0,7518.5,Put DEX 5,DEX,-12.108,7500.190508844236,8526.820174289656
2026-09-17 10:24:03,7450.0,7518.5,Put GEX 2,GEX,-92611.768,7500.190508844236,8526.820174289656
2026-09-17 10:24:03,7450.0,7518.5,Call VEX 2,VEX,182604.37,7500.190508844236,8526.820174289656
2026-09-17 10:24:03,7500.0,7569.0,Call CEX 1,CEX,139876.734,7500.190508844236,8526.820174289656
2026-09-17 10:24:03,7500.0,7569.0,Put DEX 3,DEX,-14.816,7500.190508844236,8526.820174289656
2026-09-17 10:24:03,7500.0,7569.0,Put GEX 1,GEX,-121496.984,7500.190508844236,8526.820174289656
2026-09-17 10:24:03,7500.0,7569.0,Call VEX 1,VEX,182911.304,7500.190508844236,8526.820174289656
2026-09-17 10:24:03,7550.0,7619.5,Put GEX 4,GEX,-70480.354,7500.190508844236,8526.820174289656
2026-09-17 10:24:03,7570.0,7639.75,Put GEX 3,GEX,-74854.433,7500.190508844236,8526.820174289656
2026-09-17 10:24:03,7575.0,7644.75,Put GEX 5,GEX,-66012.713,7500.190508844236,8526.820174289656
2026-09-17 10:24:03,7605.0,7675.0,Call DEX 2,DEX,2.158,7500.190508844236,8526.820174289656
2026-09-17 10:24:03,7645.0,7715.25,Call DEX 1,DEX,3.286,7500.190508844236,8526.820174289656
2026-09-17 10:24:03,7685.0,7755.75,Call DEX 5,DEX,1.305,7500.190508844236,8526.820174289656
2026-09-17 10:24:03,7700.0,7770.75,Put CEX 1,CEX,-277287.443,7500.190508844236,8526.820174289656
2026-09-17 10:24:03,7700.0,7770.75,Put DEX 2,DEX,-16.212,7500.190508844236,8526.820174289656
2026-09-17 10:24:03,7700.0,7770.75,Call GEX 1,GEX,73982.135,7500.190508844236,8526.820174289656
2026-09-17 10:24:03,7700.0,7770.75,Put VEX 1,VEX,-191108.068,7500.190508844236,8526.820174289656
2026-09-17 10:24:03,7725.0,7796.0,Put CEX 5,CEX,-69231.362,7500.190508844236,8526.820174289656
2026-09-17 10:24:03,7725.0,7796.0,Call GEX 3,GEX,35237.463,7500.190508844236,8526.820174289656
2026-09-17 10:24:03,7725.0,7796.0,Put VEX 5,VEX,-53549.128,7500.190508844236,8526.820174289656
2026-09-17 10:24:03,7750.0,7821.25,Put CEX 2,CEX,-137401.575,7500.190508844236,8526.820174289656
2026-09-17 10:24:03,7750.0,7821.25,Put DEX 4,DEX,-12.301,7500.190508844236,8526.820174289656
2026-09-17 10:24:03,7750.0,7821.25,Call GEX 2,GEX,41096.513,7500.190508844236,8526.820174289656
2026-09-17 10:24:03,7750.0,7821.25,Put VEX 2,VEX,-124807.282,7500.190508844236,8526.820174289656
2026-09-17 10:24:03,7775.0,7846.5,Put CEX 4,CEX,-74393.716,7500.190508844236,8526.820174289656
2026-09-17 10:24:03,7775.0,7846.5,Call GEX 5,GEX,30175.91,7500.190508844236,8526.820174289656
2026-09-17 10:24:03,7775.0,7846.5,Put VEX 4,VEX,-67829.446,7500.190508844236,8526.820174289656
2026-09-17 10:24:03,7800.0,7871.75,Put CEX 3,CEX,-83209.775,7500.190508844236,8526.820174289656
2026-09-17 10:24:03,7800.0,7871.75,Call GEX 4,GEX,31166.345,7500.190508844236,8526.820174289656
2026-09-17 10:24:03,7800.0,7871.75,Put VEX 3,VEX,-77579.077,7500.190508844236,8526.820174289656
2026-09-17 10:24:03,8000.0,8073.5,Put DEX 1,DEX,-16.869,7500.190508844236,8526.820174289656
2026-09-17 10:24:52,6300.0,6357.5,Call VEX 5,VEX,85441.043,7493.147059274523,8531.009490940465
2026-09-17 10:24:52,6400.0,6458.25,Call VEX 4,VEX,92865.277,7493.147059274523,8531.009490940465
2026-09-17 10:24:52,7000.0,7063.75,Call DEX 1,DEX,35.449,7493.147059274523,8531.009490940465
2026-09-17 10:24:52,7080.0,7144.5,Call DEX 4,DEX,2.041,7493.147059274523,8531.009490940465
2026-09-17 10:24:52,7220.0,7285.75,Call DEX 5,DEX,1.398,7493.147059274523,8531.009490940465
2026-09-17 10:24:52,7300.0,7366.5,Call CEX 3,CEX,101358.794,7493.147059274523,8531.009490940465
2026-09-17 10:24:52,7300.0,7366.5,Call VEX 3,VEX,125976.731,7493.147059274523,8531.009490940465
2026-09-17 10:24:52,7350.0,7417.0,Call CEX 4,CEX,87192.03,7493.147059274523,8531.009490940465
2026-09-17 10:24:52,7360.0,7427.25,Call CEX 5,CEX,73560.92,7493.147059274523,8531.009490940465
2026-09-17 10:24:52,7450.0,7518.0,Call CEX 2,CEX,129460.427,7493.147059274523,8531.009490940465
2026-09-17 10:24:52,7450.0,7518.0,Put DEX 4,DEX,-12.324,7493.147059274523,8531.009490940465
2026-09-17 10:24:52,7450.0,7518.0,Put GEX 2,GEX,-93042.614,7493.147059274523,8531.009490940465
2026-09-17 10:24:52,7450.0,7518.0,Call VEX 1,VEX,182909.53,7493.147059274523,8531.009490940465
2026-09-17 10:24:52,7500.0,7568.5,Call CEX 1,CEX,139785.99,7493.147059274523,8531.009490940465
2026-09-17 10:24:52,7500.0,7568.5,Put DEX 3,DEX,-15.047,7493.147059274523,8531.009490940465
2026-09-17 10:24:52,7500.0,7568.5,Put GEX 1,GEX,-121681.186,7493.147059274523,8531.009490940465
2026-09-17 10:24:52,7500.0,7568.5,Call VEX 2,VEX,182673.874,7493.147059274523,8531.009490940465
2026-09-17 10:24:52,7550.0,7618.75,Put GEX 4,GEX,-70168.812,7493.147059274523,8531.009490940465
2026-09-17 10:24:52,7570.0,7639.0,Put GEX 3,GEX,-74320.709,7493.147059274523,8531.009490940465
2026-09-17 10:24:52,7575.0,7644.0,Put GEX 5,GEX,-65397.717,7493.147059274523,8531.009490940465
2026-09-17 10:24:52,7605.0,7674.25,Call DEX 3,DEX,2.157,7493.147059274523,8531.009490940465
2026-09-17 10:24:52,7645.0,7714.75,Call DEX 2,DEX,3.263,7493.147059274523,8531.009490940465
2026-09-17 10:24:52,7700.0,7770.25,Put CEX 1,CEX,-276979.568,7493.147059274523,8531.009490940465
2026-09-17 10:24:52,7700.0,7770.25,Put DEX 2,DEX,-16.278,7493.147059274523,8531.009490940465
2026-09-17 10:24:52,7700.0,7770.25,Call GEX 1,GEX,76414.206,7493.147059274523,8531.009490940465
2026-09-17 10:24:52,7700.0,7770.25,Put VEX 1,VEX,-191213.759,7493.147059274523,8531.009490940465
2026-09-17 10:24:52,7725.0,7795.5,Put CEX 5,CEX,-69022.651,7493.147059274523,8531.009490940465
2026-09-17 10:24:52,7725.0,7795.5,Call GEX 3,GEX,35039.295,7493.147059274523,8531.009490940465
2026-09-17 10:24:52,7725.0,7795.5,Put VEX 5,VEX,-53460.373,7493.147059274523,8531.009490940465
2026-09-17 10:24:52,7750.0,7820.75,Put CEX 2,CEX,-136660.08,7493.147059274523,8531.009490940465
2026-09-17 10:24:52,7750.0,7820.75,Put DEX 5,DEX,-12.272,7493.147059274523,8531.009490940465
2026-09-17 10:24:52,7750.0,7820.75,Call GEX 2,GEX,40357.157,7493.147059274523,8531.009490940465
2026-09-17 10:24:52,7750.0,7820.75,Put VEX 2,VEX,-124250.721,7493.147059274523,8531.009490940465
2026-09-17 10:24:52,7775.0,7846.0,Put CEX 4,CEX,-73874.426,7493.147059274523,8531.009490940465
2026-09-17 10:24:52,7775.0,7846.0,Call GEX 5,GEX,29569.889,7493.147059274523,8531.009490940465
2026-09-17 10:24:52,7775.0,7846.0,Put VEX 4,VEX,-67410.231,7493.147059274523,8531.009490940465
2026-09-17 10:24:52,7800.0,7871.25,Put CEX 3,CEX,-83272.451,7493.147059274523,8531.009490940465
2026-09-17 10:24:52,7800.0,7871.25,Call GEX 4,GEX,30378.58,7493.147059274523,8531.009490940465
2026-09-17 10:24:52,7800.0,7871.25,Put VEX 3,VEX,-77437.863,7493.147059274523,8531.009490940465
2026-09-17 10:24:52,8000.0,8073.0,Put DEX 1,DEX,-16.944,7493.147059274523,8531.009490940465
2026-09-17 10:25:42,6300.0,6357.75,Call VEX 5,VEX,85460.652,7500.440706259403,8462.509239779383
2026-09-17 10:25:42,6400.0,6458.75,Call VEX 4,VEX,92858.843,7500.440706259403,8462.509239779383
2026-09-17 10:25:42,7080.0,7144.75,Call DEX 3,DEX,2.048,7500.440706259403,8462.509239779383
2026-09-17 10:25:42,7220.0,7286.25,Call DEX 4,DEX,1.414,7500.440706259403,8462.509239779383
2026-09-17 10:25:42,7300.0,7367.0,Call CEX 3,CEX,101236.183,7500.440706259403,8462.509239779383
2026-09-17 10:25:42,7300.0,7367.0,Call VEX 3,VEX,125892.383,7500.440706259403,8462.509239779383
2026-09-17 10:25:42,7350.0,7417.25,Call CEX 4,CEX,87185.932,7500.440706259403,8462.509239779383
2026-09-17 10:25:42,7360.0,7427.5,Call CEX 5,CEX,73590.853,7500.440706259403,8462.509239779383
2026-09-17 10:25:42,7450.0,7518.25,Call CEX 2,CEX,129338.582,7500.440706259403,8462.509239779383
2026-09-17 10:25:42,7450.0,7518.25,Put DEX 5,DEX,-12.286,7500.440706259403,8462.509239779383
2026-09-17 10:25:42,7450.0,7518.25,Put GEX 2,GEX,-93286.655,7500.440706259403,8462.509239779383
2026-09-17 10:25:42,7450.0,7518.25,Call VEX 1,VEX,182805.967,7500.440706259403,8462.509239779383
2026-09-17 10:25:42,7500.0,7568.75,Call CEX 1,CEX,139724.033,7500.440706259403,8462.509239779383
2026-09-17 10:25:42,7500.0,7568.75,Put DEX 3,DEX,-15.027,7500.440706259403,8462.509239779383
2026-09-17 10:25:42,7500.0,7568.75,Put GEX 1,GEX,-122211.357,7500.440706259403,8462.509239779383
2026-09-17 10:25:42,7500.0,7568.75,Call VEX 2,VEX,182663.95,7500.440706259403,8462.509239779383
2026-09-17 10:25:42,7550.0,7619.25,Put GEX 4,GEX,-70654.579,7500.440706259403,8462.509239779383
2026-09-17 10:25:42,7570.0,7639.25,Put GEX 3,GEX,-74896.951,7500.440706259403,8462.509239779383
2026-09-17 10:25:42,7575.0,7644.5,Put GEX 5,GEX,-66050.384,7500.440706259403,8462.509239779383
2026-09-17 10:25:42,7605.0,7674.75,Call DEX 2,DEX,2.135,7500.440706259403,8462.509239779383
2026-09-17 10:25:42,7645.0,7715.0,Call DEX 1,DEX,3.234,7500.440706259403,8462.509239779383
2026-09-17 10:25:42,7685.0,7755.5,Call DEX 5,DEX,1.253,7500.440706259403,8462.509239779383
2026-09-17 10:25:42,7700.0,7770.5,Put CEX 1,CEX,-277966.512,7500.440706259403,8462.509239779383
2026-09-17 10:25:42,7700.0,7770.5,Put DEX 2,DEX,-16.548,7500.440706259403,8462.509239779383
2026-09-17 10:25:42,7700.0,7770.5,Call GEX 1,GEX,74130.415,7500.440706259403,8462.509239779383
2026-09-17 10:25:42,7700.0,7770.5,Put VEX 1,VEX,-192200.412,7500.440706259403,8462.509239779383
2026-09-17 10:25:42,7725.0,7795.75,Put CEX 5,CEX,-69049.037,7500.440706259403,8462.509239779383
2026-09-17 10:25:42,7725.0,7795.75,Call GEX 3,GEX,34788.466,7500.440706259403,8462.509239779383
2026-09-17 10:25:42,7725.0,7795.75,Put VEX 5,VEX,-53526.395,7500.440706259403,8462.509239779383
2026-09-17 10:25:42,7750.0,7821.0,Put CEX 2,CEX,-136803.152,7500.440706259403,8462.509239779383
2026-09-17 10:25:42,7750.0,7821.0,Put DEX 4,DEX,-12.35,7500.440706259403,8462.509239779383
2026-09-17 10:25:42,7750.0,7821.0,Call GEX 2,GEX,40260.675,7500.440706259403,8462.509239779383
2026-09-17 10:25:42,7750.0,7821.0,Put VEX 2,VEX,-124438.025,7500.440706259403,8462.509239779383
2026-09-17 10:25:42,7775.0,7846.25,Put CEX 4,CEX,-73716.11,7500.440706259403,8462.509239779383
2026-09-17 10:25:42,7775.0,7846.25,Call GEX 5,GEX,29487.666,7500.440706259403,8462.509239779383
2026-09-17 10:25:42,7775.0,7846.25,Put VEX 4,VEX,-67310.458,7500.440706259403,8462.509239779383
2026-09-17 10:25:42,7800.0,7871.5,Put CEX 3,CEX,-83623.196,7500.440706259403,8462.509239779383
2026-09-17 10:25:42,7800.0,7871.5,Call GEX 4,GEX,29743.462,7500.440706259403,8462.509239779383
2026-09-17 10:25:42,7800.0,7871.5,Put VEX 3,VEX,-77742.12,7500.440706259403,8462.509239779383
2026-09-17 10:25:42,8000.0,8073.25,Put DEX 1,DEX,-16.696,7500.440706259403,8462.509239779383
2026-09-17 10:26:32,6300.0,6357.75,Call VEX 5,VEX,85477.573,7500.56425793105,8493.482535575678
2026-09-17 10:26:32,6400.0,6458.75,Call VEX 4,VEX,92879.096,7500.56425793105,8493.482535575678
2026-09-17 10:26:32,7000.0,7064.25,Call DEX 1,DEX,35.288,7500.56425793105,8493.482535575678
2026-09-17 10:26:32,7080.0,7145.0,Call DEX 4,DEX,2.018,7500.56425793105,8493.482535575678
2026-09-17 10:26:32,7220.0,7286.25,Call DEX 5,DEX,1.389,7500.56425793105,8493.482535575678
2026-09-17 10:26:32,7300.0,7367.0,Call CEX 3,CEX,101640.582,7500.56425793105,8493.482535575678
2026-09-17 10:26:32,7300.0,7367.0,Call VEX 3,VEX,126263.275,7500.56425793105,8493.482535575678
2026-09-17 10:26:32,7350.0,7417.5,Call CEX 4,CEX,87842.13,7500.56425793105,8493.482535575678
2026-09-17 10:26:32,7360.0,7427.5,Call CEX 5,CEX,73723.484,7500.56425793105,8493.482535575678
2026-09-17 10:26:32,7450.0,7518.5,Call CEX 2,CEX,129554.236,7500.56425793105,8493.482535575678
2026-09-17 10:26:32,7450.0,7518.5,Put DEX 5,DEX,-12.384,7500.56425793105,8493.482535575678
2026-09-17 10:26:32,7450.0,7518.5,Put GEX 2,GEX,-93630.186,7500.56425793105,8493.482535575678
2026-09-17 10:26:32,7450.0,7518.5,Call VEX 1,VEX,183040.934,7500.56425793105,8493.482535575678
2026-09-17 10:26:32,7500.0,7569.0,Call CEX 1,CEX,139592.268,7500.56425793105,8493.482535575678
2026-09-17 10:26:32,7500.0,7569.0,Put DEX 3,DEX,-15.18,7500.56425793105,8493.482535575678
2026-09-17 10:26:32,7500.0,7569.0,Put GEX 1,GEX,-122634.076,7500.56425793105,8493.482535575678
2026-09-17 10:26:32,7500.0,7569.0,Call VEX 2,VEX,182484.214,7500.56425793105,8493.482535575678
2026-09-17 10:26:32,7550.0,7619.25,Put GEX 4,GEX,-70822.882,7500.56425793105,8493.482535575678
2026-09-17 10:26:32,7570.0,7639.5,Put GEX 3,GEX,-75034.138,7500.56425793105,8493.482535575678
2026-09-17 10:26:32,7575.0,7644.5,Put GEX 5,GEX,-66109.397,7500.56425793105,8493.482535575678
2026-09-17 10:26:32,7605.0,7674.75,Call DEX 3,DEX,2.113,7500.56425793105,8493.482535575678
2026-09-17 10:26:32,7645.0,7715.25,Call DEX 2,DEX,3.2,7500.56425793105,8493.482535575678
2026-09-17 10:26:32,7700.0,7770.75,Put CEX 1,CEX,-279228.205,7500.56425793105,8493.482535575678
2026-09-17 10:26:32,7700.0,7770.75,Put DEX 1,DEX,-16.951,7500.56425793105,8493.482535575678
2026-09-17 10:26:32,7700.0,7770.75,Call GEX 1,GEX,73003.259,7500.56425793105,8493.482535575678
2026-09-17 10:26:32,7700.0,7770.75,Put VEX 1,VEX,-193441.317,7500.56425793105,8493.482535575678
2026-09-17 10:26:32,7725.0,7796.0,Put CEX 5,CEX,-68791.967,7500.56425793105,8493.482535575678
2026-09-17 10:26:32,7725.0,7796.0,Call GEX 3,GEX,34482.247,7500.56425793105,8493.482535575678
2026-09-17 10:26:32,7725.0,7796.0,Put VEX 5,VEX,-53431.552,7500.56425793105,8493.482535575678
2026-09-17 10:26:32,7750.0,7821.25,Put CEX 2,CEX,-135951.133,7500.56425793105,8493.482535575678
2026-09-17 10:26:32,7750.0,7821.25,Put DEX 4,DEX,-12.483,7500.56425793105,8493.482535575678
2026-09-17 10:26:32,7750.0,7821.25,Call GEX 2,GEX,39823.487,7500.56425793105,8493.482535575678
2026-09-17 10:26:32,7750.0,7821.25,Put VEX 2,VEX,-123922.925,7500.56425793105,8493.482535575678
2026-09-17 10:26:32,7775.0,7846.5,Put CEX 4,CEX,-73204.008,7500.56425793105,8493.482535575678
2026-09-17 10:26:32,7775.0,7846.5,Call GEX 5,GEX,29259.547,7500.56425793105,8493.482535575678
2026-09-17 10:26:32,7775.0,7846.5,Put VEX 4,VEX,-66925.198,7500.56425793105,8493.482535575678
2026-09-17 10:26:32,7800.0,7871.75,Put CEX 3,CEX,-81753.684,7500.56425793105,8493.482535575678
2026-09-17 10:26:32,7800.0,7871.75,Call GEX 4,GEX,30351.52,7500.56425793105,8493.482535575678
2026-09-17 10:26:32,7800.0,7871.75,Put VEX 3,VEX,-76343.804,7500.56425793105,8493.482535575678
2026-09-17 10:26:32,8000.0,8073.5,Put DEX 2,DEX,-16.874,7500.56425793105,8493.482535575678
2026-09-17 10:27:21,6300.0,6358.0,Call VEX 5,VEX,85476.918,7500.9211553827545,8500.198149054713
2026-09-17 10:27:21,6400.0,6459.0,Call VEX 4,VEX,92861.872,7500.9211553827545,8500.198149054713
2026-09-17 10:27:21,7000.0,7064.5,Call DEX 1,DEX,35.222,7500.9211553827545,8500.198149054713
2026-09-17 10:27:21,7080.0,7145.25,Call DEX 4,DEX,2.03,7500.9211553827545,8500.198149054713
2026-09-17 10:27:21,7220.0,7286.5,Call DEX 5,DEX,1.388,7500.9211553827545,8500.198149054713
2026-09-17 10:27:21,7300.0,7367.25,Call CEX 3,CEX,101585.394,7500.9211553827545,8500.198149054713
2026-09-17 10:27:21,7300.0,7367.25,Call VEX 3,VEX,126220.858,7500.9211553827545,8500.198149054713
2026-09-17 10:27:21,7350.0,7417.75,Call CEX 4,CEX,87836.754,7500.9211553827545,8500.198149054713
2026-09-17 10:27:21,7360.0,7427.75,Call CEX 5,CEX,73746.818,7500.9211553827545,8500.198149054713
2026-09-17 10:27:21,7450.0,7518.5,Call CEX 2,CEX,129495.005,7500.9211553827545,8500.198149054713
2026-09-17 10:27:21,7450.0,7518.5,Put DEX 5,DEX,-12.385,7500.9211553827545,8500.198149054713
2026-09-17 10:27:21,7450.0,7518.5,Put GEX 2,GEX,-93747.021,7500.9211553827545,8500.198149054713
2026-09-17 10:27:21,7450.0,7518.5,Call VEX 1,VEX,182992.749,7500.9211553827545,8500.198149054713
2026-09-17 10:27:21,7500.0,7569.0,Call CEX 1,CEX,139582.025,7500.9211553827545,8500.198149054713
2026-09-17 10:27:21,7500.0,7569.0,Put DEX 3,DEX,-15.141,7500.9211553827545,8500.198149054713
2026-09-17 10:27:21,7500.0,7569.0,Put GEX 1,GEX,-122823.54,7500.9211553827545,8500.198149054713
2026-09-17 10:27:21,7500.0,7569.0,Call VEX 2,VEX,182516.804,7500.9211553827545,8500.198149054713
2026-09-17 10:27:21,7550.0,7619.5,Put GEX 4,GEX,-71037.012,7500.9211553827545,8500.198149054713
2026-09-17 10:27:21,7570.0,7639.75,Put GEX 3,GEX,-75223.431,7500.9211553827545,8500.198149054713
2026-09-17 10:27:21,7575.0,7644.75,Put GEX 5,GEX,-66380.438,7500.9211553827545,8500.198149054713
2026-09-17 10:27:21,7605.0,7675.0,Call DEX 3,DEX,2.107,7500.9211553827545,8500.198149054713
2026-09-17 10:27:21,7645.0,7715.5,Call DEX 2,DEX,3.189,7500.9211553827545,8500.198149054713
2026-09-17 10:27:21,7700.0,7771.0,Put CEX 1,CEX,-279054.418,7500.9211553827545,8500.198149054713
2026-09-17 10:27:21,7700.0,7771.0,Put DEX 1,DEX,-16.914,7500.9211553827545,8500.198149054713
2026-09-17 10:27:21,7700.0,7771.0,Call GEX 1,GEX,72707.156,7500.9211553827545,8500.198149054713
2026-09-17 10:27:21,7700.0,7771.0,Put VEX 1,VEX,-193486.525,7500.9211553827545,8500.198149054713
2026-09-17 10:27:21,7725.0,7796.25,Put CEX 5,CEX,-68913.035,7500.9211553827545,8500.198149054713
2026-09-17 10:27:21,7725.0,7796.25,Call GEX 3,GEX,34396.162,7500.9211553827545,8500.198149054713
2026-09-17 10:27:21,7725.0,7796.25,Put VEX 5,VEX,-53522.403,7500.9211553827545,8500.198149054713
2026-09-17 10:27:21,7750.0,7821.5,Put CEX 2,CEX,-136134.547,7500.9211553827545,8500.198149054713
2026-09-17 10:27:21,7750.0,7821.5,Put DEX 4,DEX,-12.485,7500.9211553827545,8500.198149054713
2026-09-17 10:27:21,7750.0,7821.5,Call GEX 2,GEX,39692.304,7500.9211553827545,8500.198149054713
2026-09-17 10:27:21,7750.0,7821.5,Put VEX 2,VEX,-124075.596,7500.9211553827545,8500.198149054713
2026-09-17 10:27:21,7775.0,7846.5,Put CEX 4,CEX,-73307.707,7500.9211553827545,8500.198149054713
2026-09-17 10:27:21,7775.0,7846.5,Call GEX 5,GEX,29145.559,7500.9211553827545,8500.198149054713
2026-09-17 10:27:21,7775.0,7846.5,Put VEX 4,VEX,-66980.497,7500.9211553827545,8500.198149054713
2026-09-17 10:27:21,7800.0,7871.75,Put CEX 3,CEX,-82919.496,7500.9211553827545,8500.198149054713
2026-09-17 10:27:21,7800.0,7871.75,Call GEX 4,GEX,29763.263,7500.9211553827545,8500.198149054713
2026-09-17 10:27:21,7800.0,7871.75,Put VEX 3,VEX,-77188.37,7500.9211553827545,8500.198149054713
2026-09-17 10:27:21,8000.0,8073.75,Put DEX 2,DEX,-16.907,7500.9211553827545,8500.198149054713
