timestamp,strikePrice,Theo ES,Rank,Greek,Value,cum_gam,cum_vec
2026-10-08 12:58:41,6300.0,6342.0,Call CEX 4,CEX,64288.073,10687.5,10687.5
2026-10-08 12:58:41,6300.0,6342.0,Call VEX 5,VEX,434103.477,10687.5,10687.5
2026-10-08 12:58:41,6400.0,6442.5,Call CEX 2,CEX,120193.746,10687.5,10687.5
2026-10-08 12:58:41,6400.0,6442.5,Put DEX 4,DEX,-24.416,10687.5,10687.5
2026-10-08 12:58:41,6400.0,6442.5,Put GEX 5,GEX,-56576.001,10687.5,10687.5
2026-10-08 12:58:41,6400.0,6442.5,Call VEX 2,VEX,856726.515,10687.5,10687.5
2026-10-08 12:58:41,6450.0,6493.0,Call CEX 5,CEX,62626.107,10687.5,10687.5
2026-10-08 12:58:41,6500.0,6543.25,Call CEX 3,CEX,83248.982,10687.5,10687.5
2026-10-08 12:58:41,6500.0,6543.25,Put DEX 5,DEX,-20.121,10687.5,10687.5
2026-10-08 12:58:41,6500.0,6543.25,Call VEX 3,VEX,643036.992,10687.5,10687.5
2026-10-08 12:58:41,7000.0,7046.5,Call CEX 1,CEX,140294.986,10687.5,10687.5
2026-10-08 12:58:41,7000.0,7046.5,Put DEX 2,DEX,-56.347,10687.5,10687.5
2026-10-08 12:58:41,7000.0,7046.5,Put GEX 1,GEX,-139673.714,10687.5,10687.5
2026-10-08 12:58:41,7000.0,7046.5,Call VEX 1,VEX,1174164.373,10687.5,10687.5
2026-10-08 12:58:41,7400.0,7449.25,Put GEX 4,GEX,-62840.062,10687.5,10687.5
2026-10-08 12:58:41,7500.0,7550.0,Put GEX 2,GEX,-124086.928,10687.5,10687.5
2026-10-08 12:58:41,7500.0,7550.0,Call VEX 4,VEX,586903.3,10687.5,10687.5
2026-10-08 12:58:41,7600.0,7650.5,Put GEX 3,GEX,-70112.622,10687.5,10687.5
2026-10-08 12:58:41,7700.0,7751.25,Call DEX 4,DEX,36.162,10687.5,10687.5
2026-10-08 12:58:41,7800.0,7852.0,Call DEX 5,DEX,32.807,10687.5,10687.5
2026-10-08 12:58:41,7900.0,7952.5,Put CEX 4,CEX,-61632.332,10687.5,10687.5
2026-10-08 12:58:41,7900.0,7952.5,Call DEX 3,DEX,51.259,10687.5,10687.5
2026-10-08 12:58:41,7900.0,7952.5,Call GEX 4,GEX,155182.028,10687.5,10687.5
2026-10-08 12:58:41,7950.0,8003.0,Call GEX 5,GEX,77798.02,10687.5,10687.5
2026-10-08 12:58:41,8000.0,8053.25,Put CEX 1,CEX,-425632.464,10687.5,10687.5
2026-10-08 12:58:41,8000.0,8053.25,Put DEX 1,DEX,-135.899,10687.5,10687.5
2026-10-08 12:58:41,8000.0,8053.25,Call GEX 1,GEX,276900.94,10687.5,10687.5
2026-10-08 12:58:41,8000.0,8053.25,Put VEX 1,VEX,-1883831.144,10687.5,10687.5
2026-10-08 12:58:41,8050.0,8103.5,Put CEX 3,CEX,-98471.688,10687.5,10687.5
2026-10-08 12:58:41,8050.0,8103.5,Call DEX 1,DEX,62.238,10687.5,10687.5
2026-10-08 12:58:41,8050.0,8103.5,Call GEX 3,GEX,220941.048,10687.5,10687.5
2026-10-08 12:58:41,8050.0,8103.5,Put VEX 3,VEX,-502397.114,10687.5,10687.5
2026-10-08 12:58:41,8100.0,8154.0,Put CEX 2,CEX,-120558.445,10687.5,10687.5
2026-10-08 12:58:41,8100.0,8154.0,Call DEX 2,DEX,57.756,10687.5,10687.5
2026-10-08 12:58:41,8100.0,8154.0,Call GEX 2,GEX,231242.344,10687.5,10687.5
2026-10-08 12:58:41,8100.0,8154.0,Put VEX 2,VEX,-628578.544,10687.5,10687.5
2026-10-08 12:58:41,8200.0,8254.5,Put CEX 5,CEX,-46811.027,10687.5,10687.5
2026-10-08 12:58:41,8200.0,8254.5,Put VEX 4,VEX,-251778.575,10687.5,10687.5
2026-10-08 12:58:41,8300.0,8355.25,Put VEX 5,VEX,-210282.547,10687.5,10687.5
2026-10-08 12:58:41,9000.0,9060.0,Put DEX 3,DEX,-28.239,10687.5,10687.5
2026-10-09 06:34:01,6300.0,6337.75,Call CEX 5,CEX,60653.14,10690.748898678414,10690.748898678414
2026-10-09 06:34:01,6400.0,6438.25,Call CEX 2,CEX,114354.878,10690.748898678414,10690.748898678414
2026-10-09 06:34:01,6400.0,6438.25,Put DEX 4,DEX,-21.763,10690.748898678414,10690.748898678414
2026-10-09 06:34:01,6400.0,6438.25,Call VEX 2,VEX,801500.723,10690.748898678414,10690.748898678414
2026-10-09 06:34:01,6500.0,6539.0,Call CEX 3,CEX,80066.189,10690.748898678414,10690.748898678414
2026-10-09 06:34:01,6500.0,6539.0,Call VEX 4,VEX,608092.537,10690.748898678414,10690.748898678414
2026-10-09 06:34:01,7000.0,7042.0,Call CEX 1,CEX,149524.353,10690.748898678414,10690.748898678414
2026-10-09 06:34:01,7000.0,7042.0,Put DEX 2,DEX,-52.616,10690.748898678414,10690.748898678414
2026-10-09 06:34:01,7000.0,7042.0,Put GEX 1,GEX,-136398.467,10690.748898678414,10690.748898678414
2026-10-09 06:34:01,7000.0,7042.0,Call VEX 1,VEX,1190209.0,10690.748898678414,10690.748898678414
2026-10-09 06:34:01,7200.0,7243.25,Put DEX 5,DEX,-19.118,10690.748898678414,10690.748898678414
2026-10-09 06:34:01,7400.0,7444.25,Put GEX 4,GEX,-63150.109,10690.748898678414,10690.748898678414
2026-10-09 06:34:01,7400.0,7444.25,Call VEX 5,VEX,434369.746,10690.748898678414,10690.748898678414
2026-10-09 06:34:01,7450.0,7494.75,Put GEX 5,GEX,-52756.078,10690.748898678414,10690.748898678414
2026-10-09 06:34:01,7500.0,7545.0,Call CEX 4,CEX,62775.828,10690.748898678414,10690.748898678414
2026-10-09 06:34:01,7500.0,7545.0,Put GEX 2,GEX,-128859.231,10690.748898678414,10690.748898678414
2026-10-09 06:34:01,7500.0,7545.0,Call VEX 3,VEX,645550.842,10690.748898678414,10690.748898678414
2026-10-09 06:34:01,7600.0,7645.5,Put GEX 3,GEX,-75953.018,10690.748898678414,10690.748898678414
2026-10-09 06:34:01,7700.0,7746.25,Call DEX 4,DEX,48.529,10690.748898678414,10690.748898678414
2026-10-09 06:34:01,7800.0,7846.75,Call DEX 5,DEX,33.389,10690.748898678414,10690.748898678414
2026-10-09 06:34:01,7900.0,7947.25,Put CEX 4,CEX,-54853.369,10690.748898678414,10690.748898678414
2026-10-09 06:34:01,7900.0,7947.25,Call DEX 3,DEX,58.164,10690.748898678414,10690.748898678414
2026-10-09 06:34:01,7900.0,7947.25,Call GEX 4,GEX,164086.579,10690.748898678414,10690.748898678414
2026-10-09 06:34:01,7950.0,7997.75,Call GEX 5,GEX,86815.104,10690.748898678414,10690.748898678414
2026-10-09 06:34:01,8000.0,8048.0,Put CEX 1,CEX,-415476.792,10690.748898678414,10690.748898678414
2026-10-09 06:34:01,8000.0,8048.0,Put DEX 1,DEX,-101.022,10690.748898678414,10690.748898678414
2026-10-09 06:34:01,8000.0,8048.0,Call GEX 1,GEX,320783.95,10690.748898678414,10690.748898678414
2026-10-09 06:34:01,8000.0,8048.0,Put VEX 1,VEX,-1700190.944,10690.748898678414,10690.748898678414
2026-10-09 06:34:01,8050.0,8098.25,Put CEX 3,CEX,-101011.147,10690.748898678414,10690.748898678414
2026-10-09 06:34:01,8050.0,8098.25,Call DEX 1,DEX,70.411,10690.748898678414,10690.748898678414
2026-10-09 06:34:01,8050.0,8098.25,Call GEX 3,GEX,244506.674,10690.748898678414,10690.748898678414
2026-10-09 06:34:01,8050.0,8098.25,Put VEX 3,VEX,-483790.144,10690.748898678414,10690.748898678414
2026-10-09 06:34:01,8100.0,8148.5,Put CEX 2,CEX,-133781.942,10690.748898678414,10690.748898678414
2026-10-09 06:34:01,8100.0,8148.5,Call DEX 2,DEX,70.04,10690.748898678414,10690.748898678414
2026-10-09 06:34:01,8100.0,8148.5,Call GEX 2,GEX,275077.435,10690.748898678414,10690.748898678414
2026-10-09 06:34:01,8100.0,8148.5,Put VEX 2,VEX,-668694.77,10690.748898678414,10690.748898678414
2026-10-09 06:34:01,8200.0,8249.25,Put CEX 5,CEX,-48440.902,10690.748898678414,10690.748898678414
2026-10-09 06:34:01,8200.0,8249.25,Put VEX 4,VEX,-251654.646,10690.748898678414,10690.748898678414
2026-10-09 06:34:01,8300.0,8349.75,Put VEX 5,VEX,-235567.104,10690.748898678414,10690.748898678414
2026-10-09 06:34:01,9000.0,9054.0,Put DEX 3,DEX,-27.96,10690.748898678414,10690.748898678414
2026-10-09 06:34:38,6300.0,6339.25,Call CEX 5,CEX,60653.14,10690.748898678414,10690.748898678414
2026-10-09 06:34:38,6400.0,6439.75,Call CEX 2,CEX,114354.878,10690.748898678414,10690.748898678414
2026-10-09 06:34:38,6400.0,6439.75,Put DEX 4,DEX,-21.763,10690.748898678414,10690.748898678414
2026-10-09 06:34:38,6400.0,6439.75,Call VEX 2,VEX,801500.723,10690.748898678414,10690.748898678414
2026-10-09 06:34:38,6500.0,6540.5,Call CEX 3,CEX,80066.189,10690.748898678414,10690.748898678414
2026-10-09 06:34:38,6500.0,6540.5,Call VEX 4,VEX,608092.537,10690.748898678414,10690.748898678414
2026-10-09 06:34:38,7000.0,7043.5,Call CEX 1,CEX,149524.353,10690.748898678414,10690.748898678414
2026-10-09 06:34:38,7000.0,7043.5,Put DEX 2,DEX,-52.616,10690.748898678414,10690.748898678414
2026-10-09 06:34:38,7000.0,7043.5,Put GEX 1,GEX,-136398.467,10690.748898678414,10690.748898678414
2026-10-09 06:34:38,7000.0,7043.5,Call VEX 1,VEX,1190209.0,10690.748898678414,10690.748898678414
2026-10-09 06:34:38,7200.0,7244.75,Put DEX 5,DEX,-19.118,10690.748898678414,10690.748898678414
2026-10-09 06:34:38,7400.0,7446.0,Put GEX 4,GEX,-63150.109,10690.748898678414,10690.748898678414
2026-10-09 06:34:38,7400.0,7446.0,Call VEX 5,VEX,434369.746,10690.748898678414,10690.748898678414
2026-10-09 06:34:38,7450.0,7496.25,Put GEX 5,GEX,-52756.078,10690.748898678414,10690.748898678414
2026-10-09 06:34:38,7500.0,7546.75,Call CEX 4,CEX,62775.828,10690.748898678414,10690.748898678414
2026-10-09 06:34:38,7500.0,7546.75,Put GEX 2,GEX,-128859.231,10690.748898678414,10690.748898678414
2026-10-09 06:34:38,7500.0,7546.75,Call VEX 3,VEX,645550.842,10690.748898678414,10690.748898678414
2026-10-09 06:34:38,7600.0,7647.25,Put GEX 3,GEX,-75953.018,10690.748898678414,10690.748898678414
2026-10-09 06:34:38,7700.0,7748.0,Call DEX 4,DEX,48.529,10690.748898678414,10690.748898678414
2026-10-09 06:34:38,7800.0,7848.5,Call DEX 5,DEX,33.389,10690.748898678414,10690.748898678414
2026-10-09 06:34:38,7900.0,7949.0,Put CEX 4,CEX,-54853.369,10690.748898678414,10690.748898678414
2026-10-09 06:34:38,7900.0,7949.0,Call DEX 3,DEX,58.164,10690.748898678414,10690.748898678414
2026-10-09 06:34:38,7900.0,7949.0,Call GEX 4,GEX,164086.579,10690.748898678414,10690.748898678414
2026-10-09 06:34:38,7950.0,7999.5,Call GEX 5,GEX,86815.104,10690.748898678414,10690.748898678414
2026-10-09 06:34:38,8000.0,8049.75,Put CEX 1,CEX,-415476.792,10690.748898678414,10690.748898678414
2026-10-09 06:34:38,8000.0,8049.75,Put DEX 1,DEX,-101.022,10690.748898678414,10690.748898678414
2026-10-09 06:34:38,8000.0,8049.75,Call GEX 1,GEX,320783.95,10690.748898678414,10690.748898678414
2026-10-09 06:34:38,8000.0,8049.75,Put VEX 1,VEX,-1700190.944,10690.748898678414,10690.748898678414
2026-10-09 06:34:38,8050.0,8100.0,Put CEX 3,CEX,-101011.147,10690.748898678414,10690.748898678414
2026-10-09 06:34:38,8050.0,8100.0,Call DEX 1,DEX,70.411,10690.748898678414,10690.748898678414
2026-10-09 06:34:38,8050.0,8100.0,Call GEX 3,GEX,244506.674,10690.748898678414,10690.748898678414
2026-10-09 06:34:38,8050.0,8100.0,Put VEX 3,VEX,-483790.144,10690.748898678414,10690.748898678414
2026-10-09 06:34:38,8100.0,8150.25,Put CEX 2,CEX,-133781.942,10690.748898678414,10690.748898678414
2026-10-09 06:34:38,8100.0,8150.25,Call DEX 2,DEX,70.04,10690.748898678414,10690.748898678414
2026-10-09 06:34:38,8100.0,8150.25,Call GEX 2,GEX,275077.435,10690.748898678414,10690.748898678414
2026-10-09 06:34:38,8100.0,8150.25,Put VEX 2,VEX,-668694.77,10690.748898678414,10690.748898678414
2026-10-09 06:34:38,8200.0,8251.0,Put CEX 5,CEX,-48440.902,10690.748898678414,10690.748898678414
2026-10-09 06:34:38,8200.0,8251.0,Put VEX 4,VEX,-251654.646,10690.748898678414,10690.748898678414
2026-10-09 06:34:38,8300.0,8351.5,Put VEX 5,VEX,-235567.104,10690.748898678414,10690.748898678414
2026-10-09 06:34:38,9000.0,9056.0,Put DEX 3,DEX,-27.96,10690.748898678414,10690.748898678414
2026-10-09 06:34:53,6300.0,6339.25,Call CEX 5,CEX,60888.714,10688.73873873874,10688.73873873874
2026-10-09 06:34:53,6400.0,6439.75,Call CEX 2,CEX,114430.105,10688.73873873874,10688.73873873874
2026-10-09 06:34:53,6400.0,6439.75,Put DEX 4,DEX,-21.79,10688.73873873874,10688.73873873874
2026-10-09 06:34:53,6400.0,6439.75,Call VEX 2,VEX,801825.229,10688.73873873874,10688.73873873874
2026-10-09 06:34:53,6500.0,6540.5,Call CEX 3,CEX,80082.725,10688.73873873874,10688.73873873874
2026-10-09 06:34:53,6500.0,6540.5,Call VEX 4,VEX,608167.589,10688.73873873874,10688.73873873874
2026-10-09 06:34:53,7000.0,7043.5,Call CEX 1,CEX,149490.437,10688.73873873874,10688.73873873874
2026-10-09 06:34:53,7000.0,7043.5,Put DEX 2,DEX,-52.629,10688.73873873874,10688.73873873874
2026-10-09 06:34:53,7000.0,7043.5,Put GEX 1,GEX,-136825.233,10688.73873873874,10688.73873873874
2026-10-09 06:34:53,7000.0,7043.5,Call VEX 1,VEX,1189943.341,10688.73873873874,10688.73873873874
2026-10-09 06:34:53,7200.0,7244.75,Put DEX 5,DEX,-19.139,10688.73873873874,10688.73873873874
2026-10-09 06:34:53,7400.0,7446.0,Put GEX 4,GEX,-62556.92,10688.73873873874,10688.73873873874
2026-10-09 06:34:53,7400.0,7446.0,Call VEX 5,VEX,438420.415,10688.73873873874,10688.73873873874
2026-10-09 06:34:53,7450.0,7496.25,Put GEX 5,GEX,-52844.018,10688.73873873874,10688.73873873874
2026-10-09 06:34:53,7500.0,7546.75,Call CEX 4,CEX,62565.512,10688.73873873874,10688.73873873874
2026-10-09 06:34:53,7500.0,7546.75,Put GEX 2,GEX,-129574.518,10688.73873873874,10688.73873873874
2026-10-09 06:34:53,7500.0,7546.75,Call VEX 3,VEX,645449.434,10688.73873873874,10688.73873873874
2026-10-09 06:34:53,7600.0,7647.25,Put GEX 3,GEX,-77038.345,10688.73873873874,10688.73873873874
2026-10-09 06:34:53,7700.0,7748.0,Call DEX 4,DEX,47.357,10688.73873873874,10688.73873873874
2026-10-09 06:34:53,7800.0,7848.5,Call DEX 5,DEX,32.464,10688.73873873874,10688.73873873874
2026-10-09 06:34:53,7900.0,7949.0,Put CEX 4,CEX,-55319.506,10688.73873873874,10688.73873873874
2026-10-09 06:34:53,7900.0,7949.0,Call DEX 3,DEX,57.444,10688.73873873874,10688.73873873874
2026-10-09 06:34:53,7900.0,7949.0,Call GEX 4,GEX,161303.989,10688.73873873874,10688.73873873874
2026-10-09 06:34:53,7950.0,7999.5,Call GEX 5,GEX,85689.066,10688.73873873874,10688.73873873874
2026-10-09 06:34:53,8000.0,8049.75,Put CEX 1,CEX,-418200.455,10688.73873873874,10688.73873873874
2026-10-09 06:34:53,8000.0,8049.75,Put DEX 1,DEX,-105.077,10688.73873873874,10688.73873873874
2026-10-09 06:34:53,8000.0,8049.75,Call GEX 1,GEX,309228.269,10688.73873873874,10688.73873873874
2026-10-09 06:34:53,8000.0,8049.75,Put VEX 1,VEX,-1723708.922,10688.73873873874,10688.73873873874
2026-10-09 06:34:53,8050.0,8100.0,Put CEX 3,CEX,-100827.114,10688.73873873874,10688.73873873874
2026-10-09 06:34:53,8050.0,8100.0,Call DEX 1,DEX,69.956,10688.73873873874,10688.73873873874
2026-10-09 06:34:53,8050.0,8100.0,Call GEX 3,GEX,241779.38,10688.73873873874,10688.73873873874
2026-10-09 06:34:53,8050.0,8100.0,Put VEX 3,VEX,-485542.864,10688.73873873874,10688.73873873874
2026-10-09 06:34:53,8100.0,8150.25,Put CEX 2,CEX,-133369.012,10688.73873873874,10688.73873873874
2026-10-09 06:34:53,8100.0,8150.25,Call DEX 2,DEX,69.635,10688.73873873874,10688.73873873874
2026-10-09 06:34:53,8100.0,8150.25,Call GEX 2,GEX,272156.06,10688.73873873874,10688.73873873874
2026-10-09 06:34:53,8100.0,8150.25,Put VEX 2,VEX,-669033.766,10688.73873873874,10688.73873873874
2026-10-09 06:34:53,8200.0,8251.0,Put CEX 5,CEX,-48288.088,10688.73873873874,10688.73873873874
2026-10-09 06:34:53,8200.0,8251.0,Put VEX 4,VEX,-251271.162,10688.73873873874,10688.73873873874
2026-10-09 06:34:53,8300.0,8351.5,Put VEX 5,VEX,-233827.196,10688.73873873874,10688.73873873874
2026-10-09 06:34:53,9000.0,9056.0,Put DEX 3,DEX,-28.161,10688.73873873874,10688.73873873874
2026-10-09 06:35:26,6300.0,6339.25,Call CEX 5,CEX,60900.394,10689.237668161437,10689.237668161437
2026-10-09 06:35:26,6400.0,6440.0,Call CEX 2,CEX,114445.936,10689.237668161437,10689.237668161437
2026-10-09 06:35:26,6400.0,6440.0,Put DEX 4,DEX,-21.795,10689.237668161437,10689.237668161437
2026-10-09 06:35:26,6400.0,6440.0,Call VEX 2,VEX,801889.67,10689.237668161437,10689.237668161437
2026-10-09 06:35:26,6500.0,6540.5,Call CEX 3,CEX,80126.773,10689.237668161437,10689.237668161437
2026-10-09 06:35:26,6500.0,6540.5,Call VEX 4,VEX,608386.244,10689.237668161437,10689.237668161437
2026-10-09 06:35:26,7000.0,7043.5,Call CEX 1,CEX,149506.347,10689.237668161437,10689.237668161437
2026-10-09 06:35:26,7000.0,7043.5,Put DEX 2,DEX,-52.658,10689.237668161437,10689.237668161437
2026-10-09 06:35:26,7000.0,7043.5,Put GEX 1,GEX,-136935.314,10689.237668161437,10689.237668161437
2026-10-09 06:35:26,7000.0,7043.5,Call VEX 1,VEX,1190089.398,10689.237668161437,10689.237668161437
2026-10-09 06:35:26,7200.0,7244.75,Put DEX 5,DEX,-19.148,10689.237668161437,10689.237668161437
2026-10-09 06:35:26,7400.0,7446.0,Put GEX 4,GEX,-62660.568,10689.237668161437,10689.237668161437
2026-10-09 06:35:26,7400.0,7446.0,Call VEX 5,VEX,438161.116,10689.237668161437,10689.237668161437
2026-10-09 06:35:26,7450.0,7496.5,Put GEX 5,GEX,-52910.389,10689.237668161437,10689.237668161437
2026-10-09 06:35:26,7500.0,7546.75,Call CEX 4,CEX,62479.221,10689.237668161437,10689.237668161437
2026-10-09 06:35:26,7500.0,7546.75,Put GEX 2,GEX,-129668.747,10689.237668161437,10689.237668161437
2026-10-09 06:35:26,7500.0,7546.75,Call VEX 3,VEX,644969.715,10689.237668161437,10689.237668161437
2026-10-09 06:35:26,7600.0,7647.25,Put GEX 3,GEX,-76975.845,10689.237668161437,10689.237668161437
2026-10-09 06:35:26,7700.0,7748.0,Call DEX 4,DEX,47.195,10689.237668161437,10689.237668161437
2026-10-09 06:35:26,7800.0,7848.5,Call DEX 5,DEX,32.292,10689.237668161437,10689.237668161437
2026-10-09 06:35:26,7900.0,7949.25,Put CEX 4,CEX,-55522.756,10689.237668161437,10689.237668161437
2026-10-09 06:35:26,7900.0,7949.25,Call DEX 3,DEX,57.264,10689.237668161437,10689.237668161437
2026-10-09 06:35:26,7900.0,7949.25,Call GEX 4,GEX,161545.303,10689.237668161437,10689.237668161437
2026-10-09 06:35:26,7950.0,7999.5,Call GEX 5,GEX,85684.499,10689.237668161437,10689.237668161437
2026-10-09 06:35:26,8000.0,8049.75,Put CEX 1,CEX,-418752.594,10689.237668161437,10689.237668161437
2026-10-09 06:35:26,8000.0,8049.75,Put DEX 1,DEX,-105.951,10689.237668161437,10689.237668161437
2026-10-09 06:35:26,8000.0,8049.75,Call GEX 1,GEX,310688.88,10689.237668161437,10689.237668161437
2026-10-09 06:35:26,8000.0,8049.75,Put VEX 1,VEX,-1728450.902,10689.237668161437,10689.237668161437
2026-10-09 06:35:26,8050.0,8100.25,Put CEX 3,CEX,-100931.208,10689.237668161437,10689.237668161437
2026-10-09 06:35:26,8050.0,8100.25,Call DEX 1,DEX,69.695,10689.237668161437,10689.237668161437
2026-10-09 06:35:26,8050.0,8100.25,Call GEX 3,GEX,241656.602,10689.237668161437,10689.237668161437
2026-10-09 06:35:26,8050.0,8100.25,Put VEX 3,VEX,-486559.492,10689.237668161437,10689.237668161437
2026-10-09 06:35:26,8100.0,8150.5,Put CEX 2,CEX,-133327.018,10689.237668161437,10689.237668161437
2026-10-09 06:35:26,8100.0,8150.5,Call DEX 2,DEX,69.349,10689.237668161437,10689.237668161437
2026-10-09 06:35:26,8100.0,8150.5,Call GEX 2,GEX,271725.062,10689.237668161437,10689.237668161437
2026-10-09 06:35:26,8100.0,8150.5,Put VEX 2,VEX,-669368.481,10689.237668161437,10689.237668161437
2026-10-09 06:35:26,8200.0,8251.0,Put CEX 5,CEX,-48177.836,10689.237668161437,10689.237668161437
2026-10-09 06:35:26,8200.0,8251.0,Put VEX 4,VEX,-250803.928,10689.237668161437,10689.237668161437
2026-10-09 06:35:26,8300.0,8351.75,Put VEX 5,VEX,-233687.332,10689.237668161437,10689.237668161437
2026-10-09 06:35:26,9000.0,9056.0,Put DEX 3,DEX,-28.133,10689.237668161437,10689.237668161437
2026-10-09 06:35:40,6300.0,6339.25,Call CEX 5,CEX,60890.726,10690.222222222224,10690.222222222224
2026-10-09 06:35:40,6400.0,6440.0,Call CEX 2,CEX,114270.111,10690.222222222224,10690.222222222224
2026-10-09 06:35:40,6400.0,6440.0,Put DEX 4,DEX,-21.732,10690.222222222224,10690.222222222224
2026-10-09 06:35:40,6400.0,6440.0,Call VEX 2,VEX,800590.935,10690.222222222224,10690.222222222224
2026-10-09 06:35:40,6500.0,6540.5,Call CEX 3,CEX,79969.419,10690.222222222224,10690.222222222224
2026-10-09 06:35:40,6500.0,6540.5,Call VEX 4,VEX,607197.446,10690.222222222224,10690.222222222224
2026-10-09 06:35:40,7000.0,7043.5,Call CEX 1,CEX,149470.183,10690.222222222224,10690.222222222224
2026-10-09 06:35:40,7000.0,7043.5,Put DEX 2,DEX,-52.608,10690.222222222224,10690.222222222224
2026-10-09 06:35:40,7000.0,7043.5,Put GEX 1,GEX,-136779.868,10690.222222222224,10690.222222222224
2026-10-09 06:35:40,7000.0,7043.5,Call VEX 1,VEX,1189760.505,10690.222222222224,10690.222222222224
2026-10-09 06:35:40,7200.0,7244.75,Put DEX 5,DEX,-19.111,10690.222222222224,10690.222222222224
2026-10-09 06:35:40,7400.0,7446.0,Put GEX 4,GEX,-62559.566,10690.222222222224,10690.222222222224
2026-10-09 06:35:40,7400.0,7446.0,Call VEX 5,VEX,438315.255,10690.222222222224,10690.222222222224
2026-10-09 06:35:40,7450.0,7496.5,Put GEX 5,GEX,-52822.574,10690.222222222224,10690.222222222224
2026-10-09 06:35:40,7500.0,7546.75,Call CEX 4,CEX,62584.383,10690.222222222224,10690.222222222224
2026-10-09 06:35:40,7500.0,7546.75,Put GEX 2,GEX,-129540.583,10690.222222222224,10690.222222222224
2026-10-09 06:35:40,7500.0,7546.75,Call VEX 3,VEX,645524.074,10690.222222222224,10690.222222222224
2026-10-09 06:35:40,7600.0,7647.25,Put GEX 3,GEX,-77026.048,10690.222222222224,10690.222222222224
2026-10-09 06:35:40,7700.0,7748.0,Call DEX 4,DEX,47.383,10690.222222222224,10690.222222222224
2026-10-09 06:35:40,7800.0,7848.5,Call DEX 5,DEX,32.502,10690.222222222224,10690.222222222224
2026-10-09 06:35:40,7900.0,7949.25,Put CEX 4,CEX,-55290.639,10690.222222222224,10690.222222222224
2026-10-09 06:35:40,7900.0,7949.25,Call DEX 3,DEX,57.481,10690.222222222224,10690.222222222224
2026-10-09 06:35:40,7900.0,7949.25,Call GEX 4,GEX,161325.073,10690.222222222224,10690.222222222224
2026-10-09 06:35:40,7950.0,7999.5,Call GEX 5,GEX,85736.575,10690.222222222224,10690.222222222224
2026-10-09 06:35:40,8000.0,8049.75,Put CEX 1,CEX,-417996.979,10690.222222222224,10690.222222222224
2026-10-09 06:35:40,8000.0,8049.75,Put DEX 1,DEX,-104.809,10690.222222222224,10690.222222222224
2026-10-09 06:35:40,8000.0,8049.75,Call GEX 1,GEX,309103.375,10690.222222222224,10690.222222222224
2026-10-09 06:35:40,8000.0,8049.75,Put VEX 1,VEX,-1722242.637,10690.222222222224,10690.222222222224
2026-10-09 06:35:40,8050.0,8100.25,Put CEX 3,CEX,-100879.353,10690.222222222224,10690.222222222224
2026-10-09 06:35:40,8050.0,8100.25,Call DEX 1,DEX,69.929,10690.222222222224,10690.222222222224
2026-10-09 06:35:40,8050.0,8100.25,Call GEX 3,GEX,242031.76,10690.222222222224,10690.222222222224
2026-10-09 06:35:40,8050.0,8100.25,Put VEX 3,VEX,-485657.046,10690.222222222224,10690.222222222224
2026-10-09 06:35:40,8100.0,8150.5,Put CEX 2,CEX,-133373.326,10690.222222222224,10690.222222222224
2026-10-09 06:35:40,8100.0,8150.5,Call DEX 2,DEX,69.647,10690.222222222224,10690.222222222224
2026-10-09 06:35:40,8100.0,8150.5,Call GEX 2,GEX,272281.626,10690.222222222224,10690.222222222224
2026-10-09 06:35:40,8100.0,8150.5,Put VEX 2,VEX,-668958.31,10690.222222222224,10690.222222222224
2026-10-09 06:35:40,8200.0,8251.0,Put CEX 5,CEX,-48259.107,10690.222222222224,10690.222222222224
2026-10-09 06:35:40,8200.0,8251.0,Put VEX 4,VEX,-251112.308,10690.222222222224,10690.222222222224
2026-10-09 06:35:40,8300.0,8351.75,Put VEX 5,VEX,-233848.284,10690.222222222224,10690.222222222224
2026-10-09 06:35:40,9000.0,9056.0,Put DEX 3,DEX,-28.153,10690.222222222224,10690.222222222224
2026-10-09 06:36:17,6300.0,6339.75,Call CEX 5,CEX,61194.9,10686.436781609196,10686.436781609196
2026-10-09 06:36:17,6400.0,6440.5,Call CEX 2,CEX,114912.962,10686.436781609196,10686.436781609196
2026-10-09 06:36:17,6400.0,6440.5,Put DEX 4,DEX,-21.939,10686.436781609196,10686.436781609196
2026-10-09 06:36:17,6400.0,6440.5,Call VEX 2,VEX,804968.39,10686.436781609196,10686.436781609196
2026-10-09 06:36:17,6500.0,6541.0,Call CEX 3,CEX,80171.355,10686.436781609196,10686.436781609196
2026-10-09 06:36:17,6500.0,6541.0,Put DEX 5,DEX,-18.164,10686.436781609196,10686.436781609196
2026-10-09 06:36:17,6500.0,6541.0,Call VEX 4,VEX,608642.903,10686.436781609196,10686.436781609196
2026-10-09 06:36:17,7000.0,7044.25,Call CEX 1,CEX,149644.19,10686.436781609196,10686.436781609196
2026-10-09 06:36:17,7000.0,7044.25,Put DEX 2,DEX,-52.817,10686.436781609196,10686.436781609196
2026-10-09 06:36:17,7000.0,7044.25,Put GEX 1,GEX,-137403.507,10686.436781609196,10686.436781609196
2026-10-09 06:36:17,7000.0,7044.25,Call VEX 1,VEX,1191247.691,10686.436781609196,10686.436781609196
2026-10-09 06:36:17,7400.0,7446.75,Put GEX 4,GEX,-62677.897,10686.436781609196,10686.436781609196
2026-10-09 06:36:17,7400.0,7446.75,Call VEX 5,VEX,439014.669,10686.436781609196,10686.436781609196
2026-10-09 06:36:17,7450.0,7497.0,Put GEX 5,GEX,-53046.057,10686.436781609196,10686.436781609196
2026-10-09 06:36:17,7500.0,7547.5,Call CEX 4,CEX,62262.734,10686.436781609196,10686.436781609196
2026-10-09 06:36:17,7500.0,7547.5,Put GEX 2,GEX,-130163.647,10686.436781609196,10686.436781609196
2026-10-09 06:36:17,7500.0,7547.5,Call VEX 3,VEX,644227.972,10686.436781609196,10686.436781609196
2026-10-09 06:36:17,7600.0,7648.0,Put GEX 3,GEX,-77546.494,10686.436781609196,10686.436781609196
2026-10-09 06:36:17,7700.0,7748.75,Call DEX 4,DEX,46.359,10686.436781609196,10686.436781609196
2026-10-09 06:36:17,7800.0,7849.25,Call DEX 5,DEX,31.644,10686.436781609196,10686.436781609196
2026-10-09 06:36:17,7900.0,7950.0,Put CEX 4,CEX,-55917.587,10686.436781609196,10686.436781609196
2026-10-09 06:36:17,7900.0,7950.0,Call DEX 3,DEX,56.739,10686.436781609196,10686.436781609196
2026-10-09 06:36:17,7900.0,7950.0,Call GEX 4,GEX,160066.007,10686.436781609196,10686.436781609196
2026-10-09 06:36:17,7950.0,8000.25,Call GEX 5,GEX,85017.716,10686.436781609196,10686.436781609196
2026-10-09 06:36:17,8000.0,8050.5,Put CEX 1,CEX,-419947.739,10686.436781609196,10686.436781609196
2026-10-09 06:36:17,8000.0,8050.5,Put DEX 1,DEX,-108.332,10686.436781609196,10686.436781609196
2026-10-09 06:36:17,8000.0,8050.5,Call GEX 1,GEX,304635.544,10686.436781609196,10686.436781609196
2026-10-09 06:36:17,8000.0,8050.5,Put VEX 1,VEX,-1742159.789,10686.436781609196,10686.436781609196
2026-10-09 06:36:17,8050.0,8101.0,Put CEX 3,CEX,-100877.46,10686.436781609196,10686.436781609196
2026-10-09 06:36:17,8050.0,8101.0,Call DEX 1,DEX,69.281,10686.436781609196,10686.436781609196
2026-10-09 06:36:17,8050.0,8101.0,Call GEX 3,GEX,239981.655,10686.436781609196,10686.436781609196
2026-10-09 06:36:17,8050.0,8101.0,Put VEX 3,VEX,-488137.471,10686.436781609196,10686.436781609196
2026-10-09 06:36:17,8100.0,8151.25,Put CEX 2,CEX,-133054.377,10686.436781609196,10686.436781609196
2026-10-09 06:36:17,8100.0,8151.25,Call DEX 2,DEX,68.96,10686.436781609196,10686.436781609196
2026-10-09 06:36:17,8100.0,8151.25,Call GEX 2,GEX,269749.15,10686.436781609196,10686.436781609196
2026-10-09 06:36:17,8100.0,8151.25,Put VEX 2,VEX,-669702.412,10686.436781609196,10686.436781609196
2026-10-09 06:36:17,8200.0,8251.75,Put CEX 5,CEX,-48024.271,10686.436781609196,10686.436781609196
2026-10-09 06:36:17,8200.0,8251.75,Put VEX 4,VEX,-250310.525,10686.436781609196,10686.436781609196
2026-10-09 06:36:17,8300.0,8352.5,Put VEX 5,VEX,-233197.884,10686.436781609196,10686.436781609196
2026-10-09 06:36:17,9000.0,9057.0,Put DEX 3,DEX,-28.211,10686.436781609196,10686.436781609196
2026-10-09 06:36:28,6300.0,6339.75,Call CEX 5,CEX,60930.842,10687.727272727272,10687.727272727272
2026-10-09 06:36:28,6400.0,6440.5,Call CEX 2,CEX,114486.263,10687.727272727272,10687.727272727272
2026-10-09 06:36:28,6400.0,6440.5,Put DEX 4,DEX,-21.81,10687.727272727272,10687.727272727272
2026-10-09 06:36:28,6400.0,6440.5,Call VEX 2,VEX,802057.75,10687.727272727272,10687.727272727272
2026-10-09 06:36:28,6500.0,6541.0,Call CEX 3,CEX,80153.123,10687.727272727272,10687.727272727272
2026-10-09 06:36:28,6500.0,6541.0,Call VEX 4,VEX,608512.41,10687.727272727272,10687.727272727272
2026-10-09 06:36:28,7000.0,7044.25,Call CEX 1,CEX,149638.58,10687.727272727272,10687.727272727272
2026-10-09 06:36:28,7000.0,7044.25,Put DEX 2,DEX,-52.807,10687.727272727272,10687.727272727272
2026-10-09 06:36:28,7000.0,7044.25,Put GEX 1,GEX,-137321.15,10687.727272727272,10687.727272727272
2026-10-09 06:36:28,7000.0,7044.25,Call VEX 1,VEX,1191208.376,10687.727272727272,10687.727272727272
2026-10-09 06:36:28,7200.0,7245.5,Put DEX 5,DEX,-19.218,10687.727272727272,10687.727272727272
2026-10-09 06:36:28,7400.0,7446.75,Put GEX 4,GEX,-62777.844,10687.727272727272,10687.727272727272
2026-10-09 06:36:28,7400.0,7446.75,Call VEX 5,VEX,438363.092,10687.727272727272,10687.727272727272
2026-10-09 06:36:28,7450.0,7497.0,Put GEX 5,GEX,-53034.198,10687.727272727272,10687.727272727272
2026-10-09 06:36:28,7500.0,7547.5,Call CEX 4,CEX,62294.404,10687.727272727272,10687.727272727272
2026-10-09 06:36:28,7500.0,7547.5,Put GEX 2,GEX,-130016.513,10687.727272727272,10687.727272727272
2026-10-09 06:36:28,7500.0,7547.5,Call VEX 3,VEX,644195.778,10687.727272727272,10687.727272727272
2026-10-09 06:36:28,7600.0,7648.0,Put GEX 3,GEX,-77185.924,10687.727272727272,10687.727272727272
2026-10-09 06:36:28,7700.0,7748.75,Call DEX 4,DEX,46.694,10687.727272727272,10687.727272727272
2026-10-09 06:36:28,7800.0,7849.25,Call DEX 5,DEX,31.829,10687.727272727272,10687.727272727272
2026-10-09 06:36:28,7900.0,7950.0,Put CEX 4,CEX,-55955.405,10687.727272727272,10687.727272727272
2026-10-09 06:36:28,7900.0,7950.0,Call DEX 3,DEX,56.816,10687.727272727272,10687.727272727272
2026-10-09 06:36:28,7900.0,7950.0,Call GEX 4,GEX,161188.467,10687.727272727272,10687.727272727272
2026-10-09 06:36:28,7950.0,8000.25,Call GEX 5,GEX,85475.772,10687.727272727272,10687.727272727272
2026-10-09 06:36:28,8000.0,8050.5,Put CEX 1,CEX,-420209.122,10687.727272727272,10687.727272727272
2026-10-09 06:36:28,8000.0,8050.5,Put DEX 1,DEX,-108.199,10687.727272727272,10687.727272727272
2026-10-09 06:36:28,8000.0,8050.5,Call GEX 1,GEX,306904.28,10687.727272727272,10687.727272727272
2026-10-09 06:36:28,8000.0,8050.5,Put VEX 1,VEX,-1741086.278,10687.727272727272,10687.727272727272
2026-10-09 06:36:28,8050.0,8101.0,Put CEX 3,CEX,-101056.521,10687.727272727272,10687.727272727272
2026-10-09 06:36:28,8050.0,8101.0,Call DEX 1,DEX,69.169,10687.727272727272,10687.727272727272
2026-10-09 06:36:28,8050.0,8101.0,Call GEX 3,GEX,240852.362,10687.727272727272,10687.727272727272
2026-10-09 06:36:28,8050.0,8101.0,Put VEX 3,VEX,-488567.015,10687.727272727272,10687.727272727272
2026-10-09 06:36:28,8100.0,8151.25,Put CEX 2,CEX,-133158.094,10687.727272727272,10687.727272727272
2026-10-09 06:36:28,8100.0,8151.25,Call DEX 2,DEX,68.815,10687.727272727272,10687.727272727272
2026-10-09 06:36:28,8100.0,8151.25,Call GEX 2,GEX,270367.559,10687.727272727272,10687.727272727272
2026-10-09 06:36:28,8100.0,8151.25,Put VEX 2,VEX,-669900.78,10687.727272727272,10687.727272727272
2026-10-09 06:36:28,8200.0,8251.75,Put CEX 5,CEX,-48015.621,10687.727272727272,10687.727272727272
2026-10-09 06:36:28,8200.0,8251.75,Put VEX 4,VEX,-250198.098,10687.727272727272,10687.727272727272
2026-10-09 06:36:28,8300.0,8352.5,Put VEX 5,VEX,-233275.075,10687.727272727272,10687.727272727272
2026-10-09 06:36:28,9000.0,9057.0,Put DEX 3,DEX,-27.999,10687.727272727272,10687.727272727272
2026-10-09 06:37:06,6300.0,6339.75,Call CEX 5,CEX,61208.17,10687.214611872148,10687.214611872148
2026-10-09 06:37:06,6400.0,6440.5,Call CEX 2,CEX,114938.377,10687.214611872148,10687.214611872148
2026-10-09 06:37:06,6400.0,6440.5,Put DEX 4,DEX,-21.946,10687.214611872148,10687.214611872148
2026-10-09 06:37:06,6400.0,6440.5,Call VEX 2,VEX,805072.966,10687.214611872148,10687.214611872148
2026-10-09 06:37:06,6500.0,6541.0,Call CEX 3,CEX,80212.235,10687.214611872148,10687.214611872148
2026-10-09 06:37:06,6500.0,6541.0,Put DEX 5,DEX,-18.182,10687.214611872148,10687.214611872148
2026-10-09 06:37:06,6500.0,6541.0,Call VEX 4,VEX,608899.403,10687.214611872148,10687.214611872148
2026-10-09 06:37:06,7000.0,7044.25,Call CEX 1,CEX,149728.682,10687.214611872148,10687.214611872148
2026-10-09 06:37:06,7000.0,7044.25,Put DEX 2,DEX,-52.891,10687.214611872148,10687.214611872148
2026-10-09 06:37:06,7000.0,7044.25,Put GEX 1,GEX,-137622.65,10687.214611872148,10687.214611872148
2026-10-09 06:37:06,7000.0,7044.25,Call VEX 1,VEX,1191830.427,10687.214611872148,10687.214611872148
2026-10-09 06:37:06,7400.0,7446.75,Put GEX 4,GEX,-62826.991,10687.214611872148,10687.214611872148
2026-10-09 06:37:06,7400.0,7446.75,Call VEX 5,VEX,438777.945,10687.214611872148,10687.214611872148
2026-10-09 06:37:06,7450.0,7497.25,Put GEX 5,GEX,-53145.924,10687.214611872148,10687.214611872148
2026-10-09 06:37:06,7500.0,7547.5,Call CEX 4,CEX,62134.949,10687.214611872148,10687.214611872148
2026-10-09 06:37:06,7500.0,7547.5,Put GEX 2,GEX,-130347.316,10687.214611872148,10687.214611872148
2026-10-09 06:37:06,7500.0,7547.5,Call VEX 3,VEX,643596.526,10687.214611872148,10687.214611872148
2026-10-09 06:37:06,7600.0,7648.0,Put GEX 3,GEX,-77472.443,10687.214611872148,10687.214611872148
2026-10-09 06:37:06,7700.0,7748.75,Call DEX 4,DEX,46.166,10687.214611872148,10687.214611872148
2026-10-09 06:37:06,7800.0,7849.25,Call DEX 5,DEX,31.398,10687.214611872148,10687.214611872148
2026-10-09 06:37:06,7900.0,7950.0,Put CEX 4,CEX,-56316.538,10687.214611872148,10687.214611872148
2026-10-09 06:37:06,7900.0,7950.0,Call DEX 3,DEX,56.422,10687.214611872148,10687.214611872148
2026-10-09 06:37:06,7900.0,7950.0,Call GEX 4,GEX,160666.604,10687.214611872148,10687.214611872148
2026-10-09 06:37:06,7950.0,8000.25,Call GEX 5,GEX,85130.063,10687.214611872148,10687.214611872148
2026-10-09 06:37:06,8000.0,8050.5,Put CEX 1,CEX,-420945.03,10687.214611872148,10687.214611872148
2026-10-09 06:37:06,8000.0,8050.5,Put DEX 1,DEX,-109.819,10687.214611872148,10687.214611872148
2026-10-09 06:37:06,8000.0,8050.5,Call GEX 1,GEX,305061.006,10687.214611872148,10687.214611872148
2026-10-09 06:37:06,8000.0,8050.5,Put VEX 1,VEX,-1750144.375,10687.214611872148,10687.214611872148
2026-10-09 06:37:06,8050.0,8101.0,Put CEX 3,CEX,-101037.92,10687.214611872148,10687.214611872148
2026-10-09 06:37:06,8050.0,8101.0,Call DEX 1,DEX,68.848,10687.214611872148,10687.214611872148
2026-10-09 06:37:06,8050.0,8101.0,Call GEX 3,GEX,239773.561,10687.214611872148,10687.214611872148
2026-10-09 06:37:06,8050.0,8101.0,Put VEX 3,VEX,-489724.044,10687.214611872148,10687.214611872148
2026-10-09 06:37:06,8100.0,8151.25,Put CEX 2,CEX,-132955.351,10687.214611872148,10687.214611872148
2026-10-09 06:37:06,8100.0,8151.25,Call DEX 2,DEX,68.48,10687.214611872148,10687.214611872148
2026-10-09 06:37:06,8100.0,8151.25,Call GEX 2,GEX,269017.432,10687.214611872148,10687.214611872148
2026-10-09 06:37:06,8100.0,8151.25,Put VEX 2,VEX,-670088.224,10687.214611872148,10687.214611872148
2026-10-09 06:37:06,8200.0,8251.75,Put CEX 5,CEX,-47842.191,10687.214611872148,10687.214611872148
2026-10-09 06:37:06,8200.0,8251.75,Put VEX 4,VEX,-249541.234,10687.214611872148,10687.214611872148
2026-10-09 06:37:06,8300.0,8352.5,Put VEX 5,VEX,-231851.51,10687.214611872148,10687.214611872148
2026-10-09 06:37:06,9000.0,9057.0,Put DEX 3,DEX,-28.196,10687.214611872148,10687.214611872148
2026-10-09 06:37:17,6300.0,6339.75,Call CEX 5,CEX,61262.91,10687.214611872148,10687.214611872148
2026-10-09 06:37:17,6400.0,6440.5,Call CEX 2,CEX,114961.851,10687.214611872148,10687.214611872148
2026-10-09 06:37:17,6400.0,6440.5,Put DEX 4,DEX,-21.954,10687.214611872148,10687.214611872148
2026-10-09 06:37:17,6400.0,6440.5,Call VEX 2,VEX,805253.862,10687.214611872148,10687.214611872148
2026-10-09 06:37:17,6500.0,6541.0,Call CEX 3,CEX,80390.217,10687.214611872148,10687.214611872148
2026-10-09 06:37:17,6500.0,6541.0,Call VEX 4,VEX,610271.384,10687.214611872148,10687.214611872148
2026-10-09 06:37:17,7000.0,7044.25,Call CEX 1,CEX,149842.935,10687.214611872148,10687.214611872148
2026-10-09 06:37:17,7000.0,7044.25,Put DEX 2,DEX,-52.997,10687.214611872148,10687.214611872148
2026-10-09 06:37:17,7000.0,7044.25,Put GEX 1,GEX,-137727.566,10687.214611872148,10687.214611872148
2026-10-09 06:37:17,7000.0,7044.25,Call VEX 1,VEX,1192783.771,10687.214611872148,10687.214611872148
2026-10-09 06:37:17,7200.0,7245.5,Put DEX 5,DEX,-19.297,10687.214611872148,10687.214611872148
2026-10-09 06:37:17,7400.0,7446.75,Put GEX 4,GEX,-62987.131,10687.214611872148,10687.214611872148
2026-10-09 06:37:17,7400.0,7446.75,Call VEX 5,VEX,437990.494,10687.214611872148,10687.214611872148
2026-10-09 06:37:17,7450.0,7497.25,Put GEX 5,GEX,-53162.855,10687.214611872148,10687.214611872148
2026-10-09 06:37:17,7500.0,7547.5,Call CEX 4,CEX,62103.007,10687.214611872148,10687.214611872148
2026-10-09 06:37:17,7500.0,7547.5,Put GEX 2,GEX,-130266.954,10687.214611872148,10687.214611872148
2026-10-09 06:37:17,7500.0,7547.5,Call VEX 3,VEX,643207.67,10687.214611872148,10687.214611872148
2026-10-09 06:37:17,7600.0,7648.0,Put GEX 3,GEX,-77191.968,10687.214611872148,10687.214611872148
2026-10-09 06:37:17,7700.0,7748.75,Call DEX 4,DEX,46.308,10687.214611872148,10687.214611872148
2026-10-09 06:37:17,7800.0,7849.25,Call DEX 5,DEX,31.431,10687.214611872148,10687.214611872148
2026-10-09 06:37:17,7900.0,7950.0,Put CEX 4,CEX,-56388.482,10687.214611872148,10687.214611872148
2026-10-09 06:37:17,7900.0,7950.0,Call DEX 3,DEX,56.409,10687.214611872148,10687.214611872148
2026-10-09 06:37:17,7900.0,7950.0,Call GEX 4,GEX,161396.34,10687.214611872148,10687.214611872148
2026-10-09 06:37:17,7950.0,8000.25,Call GEX 5,GEX,85376.314,10687.214611872148,10687.214611872148
2026-10-09 06:37:17,8000.0,8050.5,Put CEX 1,CEX,-421402.617,10687.214611872148,10687.214611872148
2026-10-09 06:37:17,8000.0,8050.5,Put DEX 1,DEX,-110.137,10687.214611872148,10687.214611872148
2026-10-09 06:37:17,8000.0,8050.5,Call GEX 1,GEX,306443.445,10687.214611872148,10687.214611872148
2026-10-09 06:37:17,8000.0,8050.5,Put VEX 1,VEX,-1751694.881,10687.214611872148,10687.214611872148
2026-10-09 06:37:17,8050.0,8101.0,Put CEX 3,CEX,-101164.542,10687.214611872148,10687.214611872148
2026-10-09 06:37:17,8050.0,8101.0,Call DEX 1,DEX,68.706,10687.214611872148,10687.214611872148
2026-10-09 06:37:17,8050.0,8101.0,Call GEX 3,GEX,240189.902,10687.214611872148,10687.214611872148
2026-10-09 06:37:17,8050.0,8101.0,Put VEX 3,VEX,-490278.843,10687.214611872148,10687.214611872148
2026-10-09 06:37:17,8100.0,8151.25,Put CEX 2,CEX,-133033.799,10687.214611872148,10687.214611872148
2026-10-09 06:37:17,8100.0,8151.25,Call DEX 2,DEX,68.296,10687.214611872148,10687.214611872148
2026-10-09 06:37:17,8100.0,8151.25,Call GEX 2,GEX,269258.739,10687.214611872148,10687.214611872148
2026-10-09 06:37:17,8100.0,8151.25,Put VEX 2,VEX,-670445.997,10687.214611872148,10687.214611872148
2026-10-09 06:37:17,8200.0,8251.75,Put CEX 5,CEX,-47819.94,10687.214611872148,10687.214611872148
2026-10-09 06:37:17,8200.0,8251.75,Put VEX 4,VEX,-249409.522,10687.214611872148,10687.214611872148
2026-10-09 06:37:17,8300.0,8352.5,Put VEX 5,VEX,-231811.847,10687.214611872148,10687.214611872148
2026-10-09 06:37:17,9000.0,9057.0,Put DEX 3,DEX,-28.101,10687.214611872148,10687.214611872148
2026-10-09 06:37:54,6300.0,6339.25,Call CEX 5,CEX,61301.138,10687.98185941043,10687.98185941043
2026-10-09 06:37:54,6400.0,6440.0,Call CEX 2,CEX,114950.627,10687.98185941043,10687.98185941043
2026-10-09 06:37:54,6400.0,6440.0,Put DEX 4,DEX,-21.95,10687.98185941043,10687.98185941043
2026-10-09 06:37:54,6400.0,6440.0,Call VEX 2,VEX,805196.252,10687.98185941043,10687.98185941043
2026-10-09 06:37:54,6500.0,6540.5,Call CEX 3,CEX,80263.257,10687.98185941043,10687.98185941043
2026-10-09 06:37:54,6500.0,6540.5,Call VEX 4,VEX,609280.563,10687.98185941043,10687.98185941043
2026-10-09 06:37:54,7000.0,7043.75,Call CEX 1,CEX,149725.764,10687.98185941043,10687.98185941043
2026-10-09 06:37:54,7000.0,7043.75,Put DEX 2,DEX,-52.874,10687.98185941043,10687.98185941043
2026-10-09 06:37:54,7000.0,7043.75,Put GEX 1,GEX,-137533.536,10687.98185941043,10687.98185941043
2026-10-09 06:37:54,7000.0,7043.75,Call VEX 1,VEX,1191765.063,10687.98185941043,10687.98185941043
2026-10-09 06:37:54,7200.0,7245.0,Put DEX 5,DEX,-19.278,10687.98185941043,10687.98185941043
2026-10-09 06:37:54,7400.0,7446.25,Put GEX 4,GEX,-62856.698,10687.98185941043,10687.98185941043
2026-10-09 06:37:54,7400.0,7446.25,Call VEX 5,VEX,438409.178,10687.98185941043,10687.98185941043
2026-10-09 06:37:54,7450.0,7496.5,Put GEX 5,GEX,-53105.049,10687.98185941043,10687.98185941043
2026-10-09 06:37:54,7500.0,7546.75,Call CEX 4,CEX,62183.871,10687.98185941043,10687.98185941043
2026-10-09 06:37:54,7500.0,7546.75,Put GEX 2,GEX,-130211.099,10687.98185941043,10687.98185941043
2026-10-09 06:37:54,7500.0,7546.75,Call VEX 3,VEX,643709.548,10687.98185941043,10687.98185941043
2026-10-09 06:37:54,7600.0,7647.5,Put GEX 3,GEX,-77292.549,10687.98185941043,10687.98185941043
2026-10-09 06:37:54,7700.0,7748.0,Call DEX 4,DEX,46.467,10687.98185941043,10687.98185941043
2026-10-09 06:37:54,7800.0,7848.75,Call DEX 5,DEX,31.574,10687.98185941043,10687.98185941043
2026-10-09 06:37:54,7900.0,7949.25,Put CEX 4,CEX,-56317.465,10687.98185941043,10687.98185941043
2026-10-09 06:37:54,7900.0,7949.25,Call DEX 3,DEX,56.518,10687.98185941043,10687.98185941043
2026-10-09 06:37:54,7900.0,7949.25,Call GEX 4,GEX,161593.992,10687.98185941043,10687.98185941043
2026-10-09 06:37:54,7950.0,7999.75,Call GEX 5,GEX,85494.66,10687.98185941043,10687.98185941043
2026-10-09 06:37:54,8000.0,8050.0,Put CEX 1,CEX,-421146.991,10687.98185941043,10687.98185941043
2026-10-09 06:37:54,8000.0,8050.0,Put DEX 1,DEX,-109.609,10687.98185941043,10687.98185941043
2026-10-09 06:37:54,8000.0,8050.0,Call GEX 1,GEX,306884.014,10687.98185941043,10687.98185941043
2026-10-09 06:37:54,8000.0,8050.0,Put VEX 1,VEX,-1748745.187,10687.98185941043,10687.98185941043
2026-10-09 06:37:54,8050.0,8100.25,Put CEX 3,CEX,-101154.173,10687.98185941043,10687.98185941043
2026-10-09 06:37:54,8050.0,8100.25,Call DEX 1,DEX,68.823,10687.98185941043,10687.98185941043
2026-10-09 06:37:54,8050.0,8100.25,Call GEX 3,GEX,240473.805,10687.98185941043,10687.98185941043
2026-10-09 06:37:54,8050.0,8100.25,Put VEX 3,VEX,-489831.238,10687.98185941043,10687.98185941043
2026-10-09 06:37:54,8100.0,8150.5,Put CEX 2,CEX,-133071.048,10687.98185941043,10687.98185941043
2026-10-09 06:37:54,8100.0,8150.5,Call DEX 2,DEX,68.426,10687.98185941043,10687.98185941043
2026-10-09 06:37:54,8100.0,8150.5,Call GEX 2,GEX,269634.881,10687.98185941043,10687.98185941043
2026-10-09 06:37:54,8100.0,8150.5,Put VEX 2,VEX,-670279.705,10687.98185941043,10687.98185941043
2026-10-09 06:37:54,8200.0,8251.25,Put CEX 5,CEX,-47820.481,10687.98185941043,10687.98185941043
2026-10-09 06:37:54,8200.0,8251.25,Put VEX 4,VEX,-249349.402,10687.98185941043,10687.98185941043
2026-10-09 06:37:54,8300.0,8351.75,Put VEX 5,VEX,-231906.406,10687.98185941043,10687.98185941043
2026-10-09 06:37:54,9000.0,9056.25,Put DEX 3,DEX,-28.119,10687.98185941043,10687.98185941043
2026-10-09 06:38:05,6300.0,6339.25,Call CEX 5,CEX,61268.993,10687.214611872148,10687.214611872148
2026-10-09 06:38:05,6400.0,6440.0,Call CEX 2,CEX,114988.573,10687.214611872148,10687.214611872148
2026-10-09 06:38:05,6400.0,6440.0,Put DEX 4,DEX,-21.961,10687.214611872148,10687.214611872148
2026-10-09 06:38:05,6400.0,6440.0,Call VEX 2,VEX,805377.865,10687.214611872148,10687.214611872148
2026-10-09 06:38:05,6500.0,6540.5,Call CEX 3,CEX,80406.999,10687.214611872148,10687.214611872148
2026-10-09 06:38:05,6500.0,6540.5,Put DEX 5,DEX,-18.26,10687.214611872148,10687.214611872148
2026-10-09 06:38:05,6500.0,6540.5,Call VEX 4,VEX,610417.702,10687.214611872148,10687.214611872148
2026-10-09 06:38:05,7000.0,7043.75,Call CEX 1,CEX,149784.437,10687.214611872148,10687.214611872148
2026-10-09 06:38:05,7000.0,7043.75,Put DEX 2,DEX,-52.959,10687.214611872148,10687.214611872148
2026-10-09 06:38:05,7000.0,7043.75,Put GEX 1,GEX,-137702.552,10687.214611872148,10687.214611872148
2026-10-09 06:38:05,7000.0,7043.75,Call VEX 1,VEX,1192377.53,10687.214611872148,10687.214611872148
2026-10-09 06:38:05,7400.0,7446.25,Put GEX 4,GEX,-62992.013,10687.214611872148,10687.214611872148
2026-10-09 06:38:05,7400.0,7446.25,Call VEX 5,VEX,438049.945,10687.214611872148,10687.214611872148
2026-10-09 06:38:05,7450.0,7496.5,Put GEX 5,GEX,-53166.135,10687.214611872148,10687.214611872148
2026-10-09 06:38:05,7500.0,7546.75,Call CEX 4,CEX,62111.322,10687.214611872148,10687.214611872148
2026-10-09 06:38:05,7500.0,7546.75,Put GEX 2,GEX,-130337.341,10687.214611872148,10687.214611872148
2026-10-09 06:38:05,7500.0,7546.75,Call VEX 3,VEX,643385.826,10687.214611872148,10687.214611872148
2026-10-09 06:38:05,7600.0,7647.5,Put GEX 3,GEX,-77399.355,10687.214611872148,10687.214611872148
2026-10-09 06:38:05,7700.0,7748.0,Call DEX 4,DEX,46.248,10687.214611872148,10687.214611872148
2026-10-09 06:38:05,7800.0,7848.75,Call DEX 5,DEX,31.385,10687.214611872148,10687.214611872148
2026-10-09 06:38:05,7900.0,7949.25,Put CEX 4,CEX,-56417.434,10687.214611872148,10687.214611872148
2026-10-09 06:38:05,7900.0,7949.25,Call DEX 3,DEX,56.371,10687.214611872148,10687.214611872148
2026-10-09 06:38:05,7900.0,7949.25,Call GEX 4,GEX,161263.508,10687.214611872148,10687.214611872148
2026-10-09 06:38:05,7950.0,7999.75,Call GEX 5,GEX,85292.213,10687.214611872148,10687.214611872148
2026-10-09 06:38:05,8000.0,8050.0,Put CEX 1,CEX,-420638.09,10687.214611872148,10687.214611872148
2026-10-09 06:38:05,8000.0,8050.0,Put DEX 1,DEX,-109.692,10687.214611872148,10687.214611872148
2026-10-09 06:38:05,8000.0,8050.0,Call GEX 1,GEX,307890.037,10687.214611872148,10687.214611872148
2026-10-09 06:38:05,8000.0,8050.0,Put VEX 1,VEX,-1749288.12,10687.214611872148,10687.214611872148
2026-10-09 06:38:05,8050.0,8100.25,Put CEX 3,CEX,-101183.558,10687.214611872148,10687.214611872148
2026-10-09 06:38:05,8050.0,8100.25,Call DEX 1,DEX,68.656,10687.214611872148,10687.214611872148
2026-10-09 06:38:05,8050.0,8100.25,Call GEX 3,GEX,240114.314,10687.214611872148,10687.214611872148
2026-10-09 06:38:05,8050.0,8100.25,Put VEX 3,VEX,-490497.254,10687.214611872148,10687.214611872148
2026-10-09 06:38:05,8100.0,8150.5,Put CEX 2,CEX,-133034.803,10687.214611872148,10687.214611872148
2026-10-09 06:38:05,8100.0,8150.5,Call DEX 2,DEX,68.234,10687.214611872148,10687.214611872148
2026-10-09 06:38:05,8100.0,8150.5,Call GEX 2,GEX,269148.852,10687.214611872148,10687.214611872148
2026-10-09 06:38:05,8100.0,8150.5,Put VEX 2,VEX,-670545.452,10687.214611872148,10687.214611872148
2026-10-09 06:38:05,8200.0,8251.25,Put CEX 5,CEX,-47783.827,10687.214611872148,10687.214611872148
2026-10-09 06:38:05,8200.0,8251.25,Put VEX 4,VEX,-249243.171,10687.214611872148,10687.214611872148
2026-10-09 06:38:05,8300.0,8351.75,Put VEX 5,VEX,-231798.39,10687.214611872148,10687.214611872148
2026-10-09 06:38:05,9000.0,9056.25,Put DEX 3,DEX,-28.15,10687.214611872148,10687.214611872148
2026-10-09 06:38:43,6300.0,6338.75,Call CEX 5,CEX,61256.578,10689.237668161437,10689.237668161437
2026-10-09 06:38:43,6400.0,6439.5,Call CEX 2,CEX,114994.456,10689.237668161437,10689.237668161437
2026-10-09 06:38:43,6400.0,6439.5,Put DEX 4,DEX,-21.962,10689.237668161437,10689.237668161437
2026-10-09 06:38:43,6400.0,6439.5,Call VEX 2,VEX,805398.296,10689.237668161437,10689.237668161437
2026-10-09 06:38:43,6500.0,6540.0,Call CEX 3,CEX,80205.513,10689.237668161437,10689.237668161437
2026-10-09 06:38:43,6500.0,6540.0,Put DEX 5,DEX,-18.181,10689.237668161437,10689.237668161437
2026-10-09 06:38:43,6500.0,6540.0,Call VEX 4,VEX,608859.466,10689.237668161437,10689.237668161437
2026-10-09 06:38:43,7000.0,7043.0,Call CEX 1,CEX,149730.473,10689.237668161437,10689.237668161437
2026-10-09 06:38:43,7000.0,7043.0,Put DEX 2,DEX,-52.889,10689.237668161437,10689.237668161437
2026-10-09 06:38:43,7000.0,7043.0,Put GEX 1,GEX,-137637.505,10689.237668161437,10689.237668161437
2026-10-09 06:38:43,7000.0,7043.0,Call VEX 1,VEX,1191811.232,10689.237668161437,10689.237668161437
2026-10-09 06:38:43,7400.0,7445.5,Put GEX 4,GEX,-62714.193,10689.237668161437,10689.237668161437
2026-10-09 06:38:43,7400.0,7445.5,Call VEX 5,VEX,439296.331,10689.237668161437,10689.237668161437
2026-10-09 06:38:43,7450.0,7495.75,Put GEX 5,GEX,-53129.53,10689.237668161437,10689.237668161437
2026-10-09 06:38:43,7500.0,7546.25,Call CEX 4,CEX,62141.428,10689.237668161437,10689.237668161437
2026-10-09 06:38:43,7500.0,7546.25,Put GEX 2,GEX,-130396.291,10689.237668161437,10689.237668161437
2026-10-09 06:38:43,7500.0,7546.25,Call VEX 3,VEX,643704.367,10689.237668161437,10689.237668161437
2026-10-09 06:38:43,7600.0,7646.75,Put GEX 3,GEX,-77627.0,10689.237668161437,10689.237668161437
2026-10-09 06:38:43,7700.0,7747.5,Call DEX 4,DEX,46.132,10689.237668161437,10689.237668161437
2026-10-09 06:38:43,7800.0,7848.0,Call DEX 5,DEX,31.358,10689.237668161437,10689.237668161437
2026-10-09 06:38:43,7900.0,7948.75,Put CEX 4,CEX,-56296.545,10689.237668161437,10689.237668161437
2026-10-09 06:38:43,7900.0,7948.75,Call DEX 3,DEX,56.408,10689.237668161437,10689.237668161437
2026-10-09 06:38:43,7900.0,7948.75,Call GEX 4,GEX,160348.392,10689.237668161437,10689.237668161437
2026-10-09 06:38:43,7950.0,7999.0,Call GEX 5,GEX,85023.746,10689.237668161437,10689.237668161437
2026-10-09 06:38:43,8000.0,8049.25,Put CEX 1,CEX,-421296.173,10689.237668161437,10689.237668161437
2026-10-09 06:38:43,8000.0,8049.25,Put DEX 1,DEX,-110.132,10689.237668161437,10689.237668161437
2026-10-09 06:38:43,8000.0,8049.25,Call GEX 1,GEX,303881.018,10689.237668161437,10689.237668161437
2026-10-09 06:38:43,8000.0,8049.25,Put VEX 1,VEX,-1751979.601,10689.237668161437,10689.237668161437
2026-10-09 06:38:43,8050.0,8099.5,Put CEX 3,CEX,-101068.918,10689.237668161437,10689.237668161437
2026-10-09 06:38:43,8050.0,8099.5,Call DEX 1,DEX,68.797,10689.237668161437,10689.237668161437
2026-10-09 06:38:43,8050.0,8099.5,Call GEX 3,GEX,239767.471,10689.237668161437,10689.237668161437
2026-10-09 06:38:43,8050.0,8099.5,Put VEX 3,VEX,-489961.04,10689.237668161437,10689.237668161437
2026-10-09 06:38:43,8100.0,8149.75,Put CEX 2,CEX,-132986.651,10689.237668161437,10689.237668161437
2026-10-09 06:38:43,8100.0,8149.75,Call DEX 2,DEX,68.381,10689.237668161437,10689.237668161437
2026-10-09 06:38:43,8100.0,8149.75,Call GEX 2,GEX,269008.047,10689.237668161437,10689.237668161437
2026-10-09 06:38:43,8100.0,8149.75,Put VEX 2,VEX,-670307.835,10689.237668161437,10689.237668161437
2026-10-09 06:38:43,8200.0,8250.5,Put CEX 5,CEX,-47798.955,10689.237668161437,10689.237668161437
2026-10-09 06:38:43,8200.0,8250.5,Put VEX 4,VEX,-249312.448,10689.237668161437,10689.237668161437
2026-10-09 06:38:43,8300.0,8351.0,Put VEX 5,VEX,-230673.352,10689.237668161437,10689.237668161437
2026-10-09 06:38:43,9000.0,9055.5,Put DEX 3,DEX,-28.18,10689.237668161437,10689.237668161437
2026-10-09 06:38:54,6300.0,6338.75,Call CEX 5,CEX,61252.713,10690.465631929046,10690.465631929046
2026-10-09 06:38:54,6400.0,6439.5,Call CEX 2,CEX,114967.506,10690.465631929046,10690.465631929046
2026-10-09 06:38:54,6400.0,6439.5,Put DEX 4,DEX,-21.952,10690.465631929046,10690.465631929046
2026-10-09 06:38:54,6400.0,6439.5,Call VEX 2,VEX,805277.205,10690.465631929046,10690.465631929046
2026-10-09 06:38:54,6500.0,6540.0,Call CEX 3,CEX,80224.603,10690.465631929046,10690.465631929046
2026-10-09 06:38:54,6500.0,6540.0,Put DEX 5,DEX,-18.187,10690.465631929046,10690.465631929046
2026-10-09 06:38:54,6500.0,6540.0,Call VEX 4,VEX,609077.486,10690.465631929046,10690.465631929046
2026-10-09 06:38:54,7000.0,7043.0,Call CEX 1,CEX,149788.988,10690.465631929046,10690.465631929046
2026-10-09 06:38:54,7000.0,7043.0,Put DEX 2,DEX,-52.918,10690.465631929046,10690.465631929046
2026-10-09 06:38:54,7000.0,7043.0,Put GEX 1,GEX,-137524.003,10690.465631929046,10690.465631929046
2026-10-09 06:38:54,7000.0,7043.0,Call VEX 1,VEX,1192247.392,10690.465631929046,10690.465631929046
2026-10-09 06:38:54,7400.0,7445.5,Put GEX 4,GEX,-62818.393,10690.465631929046,10690.465631929046
2026-10-09 06:38:54,7400.0,7445.5,Call VEX 5,VEX,438407.154,10690.465631929046,10690.465631929046
2026-10-09 06:38:54,7450.0,7495.75,Put GEX 5,GEX,-53079.678,10690.465631929046,10690.465631929046
2026-10-09 06:38:54,7500.0,7546.25,Call CEX 4,CEX,62259.789,10690.465631929046,10690.465631929046
2026-10-09 06:38:54,7500.0,7546.25,Put GEX 2,GEX,-130176.747,10690.465631929046,10690.465631929046
2026-10-09 06:38:54,7500.0,7546.25,Call VEX 3,VEX,644163.719,10690.465631929046,10690.465631929046
2026-10-09 06:38:54,7600.0,7646.75,Put GEX 3,GEX,-77337.9,10690.465631929046,10690.465631929046
2026-10-09 06:38:54,7700.0,7747.5,Call DEX 4,DEX,46.493,10690.465631929046,10690.465631929046
2026-10-09 06:38:54,7800.0,7848.0,Call DEX 5,DEX,31.683,10690.465631929046,10690.465631929046
2026-10-09 06:38:54,7900.0,7948.75,Put CEX 4,CEX,-56140.022,10690.465631929046,10690.465631929046
2026-10-09 06:38:54,7900.0,7948.75,Call DEX 3,DEX,56.66,10690.465631929046,10690.465631929046
2026-10-09 06:38:54,7900.0,7948.75,Call GEX 4,GEX,161181.681,10690.465631929046,10690.465631929046
2026-10-09 06:38:54,7950.0,7999.0,Call GEX 5,GEX,85410.164,10690.465631929046,10690.465631929046
2026-10-09 06:38:54,8000.0,8049.25,Put CEX 1,CEX,-420712.085,10690.465631929046,10690.465631929046
2026-10-09 06:38:54,8000.0,8049.25,Put DEX 1,DEX,-108.961,10690.465631929046,10690.465631929046
2026-10-09 06:38:54,8000.0,8049.25,Call GEX 1,GEX,307552.809,10690.465631929046,10690.465631929046
2026-10-09 06:38:54,8000.0,8049.25,Put VEX 1,VEX,-1745171.288,10690.465631929046,10690.465631929046
2026-10-09 06:38:54,8050.0,8099.5,Put CEX 3,CEX,-101050.732,10690.465631929046,10690.465631929046
2026-10-09 06:38:54,8050.0,8099.5,Call DEX 1,DEX,69.05,10690.465631929046,10690.465631929046
2026-10-09 06:38:54,8050.0,8099.5,Call GEX 3,GEX,240477.767,10690.465631929046,10690.465631929046
2026-10-09 06:38:54,8050.0,8099.5,Put VEX 3,VEX,-488955.973,10690.465631929046,10690.465631929046
2026-10-09 06:38:54,8100.0,8149.75,Put CEX 2,CEX,-133055.892,10690.465631929046,10690.465631929046
2026-10-09 06:38:54,8100.0,8149.75,Call DEX 2,DEX,68.625,10690.465631929046,10690.465631929046
2026-10-09 06:38:54,8100.0,8149.75,Call GEX 2,GEX,269864.948,10690.465631929046,10690.465631929046
2026-10-09 06:38:54,8100.0,8149.75,Put VEX 2,VEX,-669850.63,10690.465631929046,10690.465631929046
2026-10-09 06:38:54,8200.0,8250.5,Put CEX 5,CEX,-47850.767,10690.465631929046,10690.465631929046
2026-10-09 06:38:54,8200.0,8250.5,Put VEX 4,VEX,-249447.891,10690.465631929046,10690.465631929046
2026-10-09 06:38:54,8300.0,8351.0,Put VEX 5,VEX,-230887.976,10690.465631929046,10690.465631929046
2026-10-09 06:38:54,9000.0,9055.5,Put DEX 3,DEX,-28.178,10690.465631929046,10690.465631929046
2026-10-09 06:39:32,6300.0,6338.0,Call CEX 5,CEX,61205.635,10692.139737991269,10692.139737991269
2026-10-09 06:39:32,6400.0,6438.5,Call CEX 2,CEX,114619.529,10692.139737991269,10692.139737991269
2026-10-09 06:39:32,6400.0,6438.5,Put DEX 4,DEX,-21.855,10692.139737991269,10692.139737991269
2026-10-09 06:39:32,6400.0,6438.5,Call VEX 2,VEX,803208.139,10692.139737991269,10692.139737991269
2026-10-09 06:39:32,6500.0,6539.0,Call CEX 3,CEX,80154.432,10692.139737991269,10692.139737991269
2026-10-09 06:39:32,6500.0,6539.0,Call VEX 4,VEX,608582.796,10692.139737991269,10692.139737991269
2026-10-09 06:39:32,7000.0,7042.0,Call CEX 1,CEX,149607.371,10692.139737991269,10692.139737991269
2026-10-09 06:39:32,7000.0,7042.0,Put DEX 2,DEX,-52.725,10692.139737991269,10692.139737991269
2026-10-09 06:39:32,7000.0,7042.0,Put GEX 1,GEX,-136947.446,10692.139737991269,10692.139737991269
2026-10-09 06:39:32,7000.0,7042.0,Call VEX 1,VEX,1190801.819,10692.139737991269,10692.139737991269
2026-10-09 06:39:32,7200.0,7243.25,Put DEX 5,DEX,-19.168,10692.139737991269,10692.139737991269
2026-10-09 06:39:32,7400.0,7444.5,Put GEX 4,GEX,-63183.643,10692.139737991269,10692.139737991269
2026-10-09 06:39:32,7400.0,7444.5,Call VEX 5,VEX,435662.891,10692.139737991269,10692.139737991269
2026-10-09 06:39:32,7450.0,7494.75,Put GEX 5,GEX,-52986.708,10692.139737991269,10692.139737991269
2026-10-09 06:39:32,7500.0,7545.25,Call CEX 4,CEX,62493.221,10692.139737991269,10692.139737991269
2026-10-09 06:39:32,7500.0,7545.25,Put GEX 2,GEX,-129596.753,10692.139737991269,10692.139737991269
2026-10-09 06:39:32,7500.0,7545.25,Call VEX 3,VEX,644716.568,10692.139737991269,10692.139737991269
2026-10-09 06:39:32,7600.0,7645.75,Put GEX 3,GEX,-76544.654,10692.139737991269,10692.139737991269
2026-10-09 06:39:32,7700.0,7746.25,Call DEX 4,DEX,47.633,10692.139737991269,10692.139737991269
2026-10-09 06:39:32,7800.0,7847.0,Call DEX 5,DEX,32.503,10692.139737991269,10692.139737991269
2026-10-09 06:39:32,7900.0,7947.5,Put CEX 4,CEX,-55764.552,10692.139737991269,10692.139737991269
2026-10-09 06:39:32,7900.0,7947.5,Call DEX 3,DEX,57.272,10692.139737991269,10692.139737991269
2026-10-09 06:39:32,7900.0,7947.5,Call GEX 4,GEX,163608.21,10692.139737991269,10692.139737991269
2026-10-09 06:39:32,7950.0,7997.75,Call GEX 5,GEX,86498.341,10692.139737991269,10692.139737991269
2026-10-09 06:39:32,8000.0,8048.25,Put CEX 1,CEX,-418578.523,10692.139737991269,10692.139737991269
2026-10-09 06:39:32,8000.0,8048.25,Put DEX 1,DEX,-105.579,10692.139737991269,10692.139737991269
2026-10-09 06:39:32,8000.0,8048.25,Call GEX 1,GEX,317550.968,10692.139737991269,10692.139737991269
2026-10-09 06:39:32,8000.0,8048.25,Put VEX 1,VEX,-1725690.815,10692.139737991269,10692.139737991269
2026-10-09 06:39:32,8050.0,8098.5,Put CEX 3,CEX,-101300.311,10692.139737991269,10692.139737991269
2026-10-09 06:39:32,8050.0,8098.5,Call DEX 1,DEX,69.338,10692.139737991269,10692.139737991269
2026-10-09 06:39:32,8050.0,8098.5,Call GEX 3,GEX,243042.313,10692.139737991269,10692.139737991269
2026-10-09 06:39:32,8050.0,8098.5,Put VEX 3,VEX,-487885.409,10692.139737991269,10692.139737991269
2026-10-09 06:39:32,8100.0,8148.75,Put CEX 2,CEX,-133483.691,10692.139737991269,10692.139737991269
2026-10-09 06:39:32,8100.0,8148.75,Call DEX 2,DEX,68.878,10692.139737991269,10692.139737991269
2026-10-09 06:39:32,8100.0,8148.75,Call GEX 2,GEX,272520.535,10692.139737991269,10692.139737991269
2026-10-09 06:39:32,8100.0,8148.75,Put VEX 2,VEX,-669913.359,10692.139737991269,10692.139737991269
2026-10-09 06:39:32,8200.0,8249.25,Put CEX 5,CEX,-48008.272,10692.139737991269,10692.139737991269
2026-10-09 06:39:32,8200.0,8249.25,Put VEX 4,VEX,-249912.456,10692.139737991269,10692.139737991269
2026-10-09 06:39:32,8300.0,8350.0,Put VEX 5,VEX,-232487.896,10692.139737991269,10692.139737991269
2026-10-09 06:39:32,9000.0,9054.25,Put DEX 3,DEX,-28.009,10692.139737991269,10692.139737991269
2026-10-09 06:39:42,6300.0,6338.0,Call CEX 5,CEX,61221.362,10690.70796460177,10690.70796460177
2026-10-09 06:39:42,6400.0,6438.5,Call CEX 2,CEX,114908.589,10690.70796460177,10690.70796460177
2026-10-09 06:39:42,6400.0,6438.5,Put DEX 4,DEX,-21.933,10690.70796460177,10690.70796460177
2026-10-09 06:39:42,6400.0,6438.5,Call VEX 2,VEX,804992.945,10690.70796460177,10690.70796460177
2026-10-09 06:39:42,6500.0,6539.0,Call CEX 3,CEX,80173.776,10690.70796460177,10690.70796460177
2026-10-09 06:39:42,6500.0,6539.0,Call VEX 4,VEX,608678.78,10690.70796460177,10690.70796460177
2026-10-09 06:39:42,7000.0,7042.0,Call CEX 1,CEX,149665.002,10690.70796460177,10690.70796460177
2026-10-09 06:39:42,7000.0,7042.0,Put DEX 2,DEX,-52.777,10690.70796460177,10690.70796460177
2026-10-09 06:39:42,7000.0,7042.0,Put GEX 1,GEX,-137172.561,10690.70796460177,10690.70796460177
2026-10-09 06:39:42,7000.0,7042.0,Call VEX 1,VEX,1191178.691,10690.70796460177,10690.70796460177
2026-10-09 06:39:42,7200.0,7243.25,Put DEX 5,DEX,-19.204,10690.70796460177,10690.70796460177
2026-10-09 06:39:42,7400.0,7444.5,Put GEX 4,GEX,-63125.408,10690.70796460177,10690.70796460177
2026-10-09 06:39:42,7400.0,7444.5,Call VEX 5,VEX,436433.103,10690.70796460177,10690.70796460177
2026-10-09 06:39:42,7450.0,7494.75,Put GEX 5,GEX,-53053.854,10690.70796460177,10690.70796460177
2026-10-09 06:39:42,7500.0,7545.25,Call CEX 4,CEX,62378.92,10690.70796460177,10690.70796460177
2026-10-09 06:39:42,7500.0,7545.25,Put GEX 2,GEX,-129850.201,10690.70796460177,10690.70796460177
2026-10-09 06:39:42,7500.0,7545.25,Call VEX 3,VEX,644360.213,10690.70796460177,10690.70796460177
2026-10-09 06:39:42,7600.0,7645.75,Put GEX 3,GEX,-76810.002,10690.70796460177,10690.70796460177
2026-10-09 06:39:42,7700.0,7746.25,Call DEX 4,DEX,47.168,10690.70796460177,10690.70796460177
2026-10-09 06:39:42,7800.0,7847.0,Call DEX 5,DEX,32.149,10690.70796460177,10690.70796460177
2026-10-09 06:39:42,7900.0,7947.5,Put CEX 4,CEX,-55990.064,10690.70796460177,10690.70796460177
2026-10-09 06:39:42,7900.0,7947.5,Call DEX 3,DEX,56.977,10690.70796460177,10690.70796460177
2026-10-09 06:39:42,7900.0,7947.5,Call GEX 4,GEX,162846.081,10690.70796460177,10690.70796460177
2026-10-09 06:39:42,7950.0,7997.75,Call GEX 5,GEX,86122.903,10690.70796460177,10690.70796460177
2026-10-09 06:39:42,8000.0,8048.25,Put CEX 1,CEX,-419490.524,10690.70796460177,10690.70796460177
2026-10-09 06:39:42,8000.0,8048.25,Put DEX 1,DEX,-107.085,10690.70796460177,10690.70796460177
2026-10-09 06:39:42,8000.0,8048.25,Call GEX 1,GEX,314488.874,10690.70796460177,10690.70796460177
2026-10-09 06:39:42,8000.0,8048.25,Put VEX 1,VEX,-1734251.0,10690.70796460177,10690.70796460177
2026-10-09 06:39:42,8050.0,8098.5,Put CEX 3,CEX,-101215.727,10690.70796460177,10690.70796460177
2026-10-09 06:39:42,8050.0,8098.5,Call DEX 1,DEX,69.166,10690.70796460177,10690.70796460177
2026-10-09 06:39:42,8050.0,8098.5,Call GEX 3,GEX,241970.894,10690.70796460177,10690.70796460177
2026-10-09 06:39:42,8050.0,8098.5,Put VEX 3,VEX,-488497.309,10690.70796460177,10690.70796460177
2026-10-09 06:39:42,8100.0,8148.75,Put CEX 2,CEX,-133283.655,10690.70796460177,10690.70796460177
2026-10-09 06:39:42,8100.0,8148.75,Call DEX 2,DEX,68.71,10690.70796460177,10690.70796460177
2026-10-09 06:39:42,8100.0,8148.75,Call GEX 2,GEX,271324.362,10690.70796460177,10690.70796460177
2026-10-09 06:39:42,8100.0,8148.75,Put VEX 2,VEX,-669864.361,10690.70796460177,10690.70796460177
2026-10-09 06:39:42,8200.0,8249.25,Put CEX 5,CEX,-47932.75,10690.70796460177,10690.70796460177
2026-10-09 06:39:42,8200.0,8249.25,Put VEX 4,VEX,-249696.822,10690.70796460177,10690.70796460177
2026-10-09 06:39:42,8300.0,8350.0,Put VEX 5,VEX,-232254.506,10690.70796460177,10690.70796460177
2026-10-09 06:39:42,9000.0,9054.25,Put DEX 3,DEX,-28.08,10690.70796460177,10690.70796460177
2026-10-09 06:40:21,6300.0,6338.25,Call CEX 5,CEX,61199.653,10690.222222222224,10690.222222222224
2026-10-09 06:40:21,6400.0,6438.75,Call CEX 2,CEX,114434.873,10690.222222222224,10690.222222222224
2026-10-09 06:40:21,6400.0,6438.75,Put DEX 4,DEX,-21.788,10690.222222222224,10690.222222222224
2026-10-09 06:40:21,6400.0,6438.75,Call VEX 2,VEX,801792.629,10690.222222222224,10690.222222222224
2026-10-09 06:40:21,6500.0,6539.25,Call CEX 3,CEX,80116.345,10690.222222222224,10690.222222222224
2026-10-09 06:40:21,6500.0,6539.25,Call VEX 4,VEX,608299.52,10690.222222222224,10690.222222222224
2026-10-09 06:40:21,7000.0,7042.5,Call CEX 1,CEX,149587.316,10690.222222222224,10690.222222222224
2026-10-09 06:40:21,7000.0,7042.5,Put DEX 2,DEX,-52.703,10690.222222222224,10690.222222222224
2026-10-09 06:40:21,7000.0,7042.5,Put GEX 1,GEX,-136872.654,10690.222222222224,10690.222222222224
2026-10-09 06:40:21,7000.0,7042.5,Call VEX 1,VEX,1190625.472,10690.222222222224,10690.222222222224
2026-10-09 06:40:21,7200.0,7243.5,Put DEX 5,DEX,-19.161,10690.222222222224,10690.222222222224
2026-10-09 06:40:21,7400.0,7444.75,Put GEX 4,GEX,-63188.834,10690.222222222224,10690.222222222224
2026-10-09 06:40:21,7400.0,7444.75,Call VEX 5,VEX,435424.5,10690.222222222224,10690.222222222224
2026-10-09 06:40:21,7450.0,7495.0,Put GEX 5,GEX,-52957.793,10690.222222222224,10690.222222222224
2026-10-09 06:40:21,7500.0,7545.5,Call CEX 4,CEX,62532.615,10690.222222222224,10690.222222222224
2026-10-09 06:40:21,7500.0,7545.5,Put GEX 2,GEX,-129523.352,10690.222222222224,10690.222222222224
2026-10-09 06:40:21,7500.0,7545.5,Call VEX 3,VEX,644850.583,10690.222222222224,10690.222222222224
2026-10-09 06:40:21,7600.0,7646.0,Put GEX 3,GEX,-76507.969,10690.222222222224,10690.222222222224
2026-10-09 06:40:21,7700.0,7746.75,Call DEX 4,DEX,47.72,10690.222222222224,10690.222222222224
2026-10-09 06:40:21,7800.0,7847.25,Call DEX 5,DEX,32.591,10690.222222222224,10690.222222222224
2026-10-09 06:40:21,7900.0,7947.75,Put CEX 4,CEX,-55661.917,10690.222222222224,10690.222222222224
2026-10-09 06:40:21,7900.0,7947.75,Call DEX 3,DEX,57.374,10690.222222222224,10690.222222222224
2026-10-09 06:40:21,7900.0,7947.75,Call GEX 4,GEX,163610.496,10690.222222222224,10690.222222222224
2026-10-09 06:40:21,7950.0,7998.25,Call GEX 5,GEX,86451.898,10690.222222222224,10690.222222222224
2026-10-09 06:40:21,8000.0,8048.5,Put CEX 1,CEX,-418389.455,10690.222222222224,10690.222222222224
2026-10-09 06:40:21,8000.0,8048.5,Put DEX 1,DEX,-105.17,10690.222222222224,10690.222222222224
2026-10-09 06:40:21,8000.0,8048.5,Call GEX 1,GEX,317811.931,10690.222222222224,10690.222222222224
2026-10-09 06:40:21,8000.0,8048.5,Put VEX 1,VEX,-1723447.395,10690.222222222224,10690.222222222224
2026-10-09 06:40:21,8050.0,8098.75,Put CEX 3,CEX,-101275.864,10690.222222222224,10690.222222222224
2026-10-09 06:40:21,8050.0,8098.75,Call DEX 1,DEX,69.458,10690.222222222224,10690.222222222224
2026-10-09 06:40:21,8050.0,8098.75,Call GEX 3,GEX,243202.623,10690.222222222224,10690.222222222224
2026-10-09 06:40:21,8050.0,8098.75,Put VEX 3,VEX,-487459.608,10690.222222222224,10690.222222222224
2026-10-09 06:40:21,8100.0,8149.0,Put CEX 2,CEX,-133531.334,10690.222222222224,10690.222222222224
2026-10-09 06:40:21,8100.0,8149.0,Call DEX 2,DEX,69.015,10690.222222222224,10690.222222222224
2026-10-09 06:40:21,8100.0,8149.0,Call GEX 2,GEX,272816.703,10690.222222222224,10690.222222222224
2026-10-09 06:40:21,8100.0,8149.0,Put VEX 2,VEX,-669822.15,10690.222222222224,10690.222222222224
2026-10-09 06:40:21,8200.0,8249.75,Put CEX 5,CEX,-48073.281,10690.222222222224,10690.222222222224
2026-10-09 06:40:21,8200.0,8249.75,Put VEX 4,VEX,-250183.359,10690.222222222224,10690.222222222224
2026-10-09 06:40:21,8300.0,8350.25,Put VEX 5,VEX,-232634.37,10690.222222222224,10690.222222222224
2026-10-09 06:40:21,9000.0,9054.5,Put DEX 3,DEX,-28.027,10690.222222222224,10690.222222222224
2026-10-09 06:40:31,6300.0,6338.25,Call CEX 5,CEX,61212.086,10691.189427312776,10691.189427312776
2026-10-09 06:40:31,6400.0,6438.75,Call CEX 2,CEX,114845.982,10691.189427312776,10691.189427312776
2026-10-09 06:40:31,6400.0,6438.75,Put DEX 4,DEX,-21.914,10691.189427312776,10691.189427312776
2026-10-09 06:40:31,6400.0,6438.75,Call VEX 2,VEX,804616.726,10691.189427312776,10691.189427312776
2026-10-09 06:40:31,6500.0,6539.25,Call CEX 3,CEX,80064.145,10691.189427312776,10691.189427312776
2026-10-09 06:40:31,6500.0,6539.25,Call VEX 4,VEX,608032.616,10691.189427312776,10691.189427312776
2026-10-09 06:40:31,7000.0,7042.5,Call CEX 1,CEX,149604.436,10691.189427312776,10691.189427312776
2026-10-09 06:40:31,7000.0,7042.5,Put DEX 2,DEX,-52.729,10691.189427312776,10691.189427312776
2026-10-09 06:40:31,7000.0,7042.5,Put GEX 1,GEX,-137005.332,10691.189427312776,10691.189427312776
2026-10-09 06:40:31,7000.0,7042.5,Call VEX 1,VEX,1190765.016,10691.189427312776,10691.189427312776
2026-10-09 06:40:31,7200.0,7243.5,Put DEX 5,DEX,-19.18,10691.189427312776,10691.189427312776
2026-10-09 06:40:31,7400.0,7444.75,Put GEX 4,GEX,-62997.935,10691.189427312776,10691.189427312776
2026-10-09 06:40:31,7400.0,7444.75,Call VEX 5,VEX,436655.33,10691.189427312776,10691.189427312776
2026-10-09 06:40:31,7450.0,7495.0,Put GEX 5,GEX,-52971.576,10691.189427312776,10691.189427312776
2026-10-09 06:40:31,7500.0,7545.5,Call CEX 4,CEX,62472.372,10691.189427312776,10691.189427312776
2026-10-09 06:40:31,7500.0,7545.5,Put GEX 2,GEX,-129679.61,10691.189427312776,10691.189427312776
2026-10-09 06:40:31,7500.0,7545.5,Call VEX 3,VEX,644771.44,10691.189427312776,10691.189427312776
2026-10-09 06:40:31,7600.0,7646.0,Put GEX 3,GEX,-76796.365,10691.189427312776,10691.189427312776
2026-10-09 06:40:31,7700.0,7746.75,Call DEX 4,DEX,47.317,10691.189427312776,10691.189427312776
2026-10-09 06:40:31,7800.0,7847.25,Call DEX 5,DEX,32.342,10691.189427312776,10691.189427312776
2026-10-09 06:40:31,7900.0,7947.75,Put CEX 4,CEX,-55698.93,10691.189427312776,10691.189427312776
2026-10-09 06:40:31,7900.0,7947.75,Call DEX 3,DEX,57.219,10691.189427312776,10691.189427312776
2026-10-09 06:40:31,7900.0,7947.75,Call GEX 4,GEX,162457.836,10691.189427312776,10691.189427312776
2026-10-09 06:40:31,7950.0,7998.25,Call GEX 5,GEX,86057.559,10691.189427312776,10691.189427312776
2026-10-09 06:40:31,8000.0,8048.5,Put CEX 1,CEX,-418653.759,10691.189427312776,10691.189427312776
2026-10-09 06:40:31,8000.0,8048.5,Put DEX 1,DEX,-105.862,10691.189427312776,10691.189427312776
2026-10-09 06:40:31,8000.0,8048.5,Call GEX 1,GEX,313011.523,10691.189427312776,10691.189427312776
2026-10-09 06:40:31,8000.0,8048.5,Put VEX 1,VEX,-1727671.979,10691.189427312776,10691.189427312776
2026-10-09 06:40:31,8050.0,8098.75,Put CEX 3,CEX,-101099.267,10691.189427312776,10691.189427312776
2026-10-09 06:40:31,8050.0,8098.75,Call DEX 1,DEX,69.492,10691.189427312776,10691.189427312776
2026-10-09 06:40:31,8050.0,8098.75,Call GEX 3,GEX,242169.507,10691.189427312776,10691.189427312776
2026-10-09 06:40:31,8050.0,8098.75,Put VEX 3,VEX,-487273.2,10691.189427312776,10691.189427312776
2026-10-09 06:40:31,8100.0,8149.0,Put CEX 2,CEX,-133332.613,10691.189427312776,10691.189427312776
2026-10-09 06:40:31,8100.0,8149.0,Call DEX 2,DEX,69.092,10691.189427312776,10691.189427312776
2026-10-09 06:40:31,8100.0,8149.0,Call GEX 2,GEX,271873.721,10691.189427312776,10691.189427312776
2026-10-09 06:40:31,8100.0,8149.0,Put VEX 2,VEX,-669441.882,10691.189427312776,10691.189427312776
2026-10-09 06:40:31,8200.0,8249.75,Put CEX 5,CEX,-48032.387,10691.189427312776,10691.189427312776
2026-10-09 06:40:31,8200.0,8249.75,Put VEX 4,VEX,-250078.178,10691.189427312776,10691.189427312776
2026-10-09 06:40:31,8300.0,8350.25,Put VEX 5,VEX,-232485.597,10691.189427312776,10691.189427312776
2026-10-09 06:40:31,9000.0,9054.5,Put DEX 3,DEX,-28.107,10691.189427312776,10691.189427312776
2026-10-09 06:41:11,6300.0,6339.0,Call CEX 5,CEX,61288.153,10692.374727668845,10692.374727668845
2026-10-09 06:41:11,6400.0,6439.5,Call CEX 2,CEX,114941.739,10692.374727668845,10692.374727668845
2026-10-09 06:41:11,6400.0,6439.5,Put DEX 4,DEX,-21.945,10692.374727668845,10692.374727668845
2026-10-09 06:41:11,6400.0,6439.5,Call VEX 2,VEX,805205.848,10692.374727668845,10692.374727668845
2026-10-09 06:41:11,6500.0,6540.25,Call CEX 3,CEX,80518.628,10692.374727668845,10692.374727668845
2026-10-09 06:41:11,6500.0,6540.25,Call VEX 4,VEX,611384.034,10692.374727668845,10692.374727668845
2026-10-09 06:41:11,7000.0,7043.25,Call CEX 1,CEX,150167.375,10692.374727668845,10692.374727668845
2026-10-09 06:41:11,7000.0,7043.25,Put DEX 2,DEX,-53.196,10692.374727668845,10692.374727668845
2026-10-09 06:41:11,7000.0,7043.25,Put GEX 1,GEX,-137691.136,10692.374727668845,10692.374727668845
2026-10-09 06:41:11,7000.0,7043.25,Call VEX 1,VEX,1195083.043,10692.374727668845,10692.374727668845
2026-10-09 06:41:11,7200.0,7244.5,Put DEX 5,DEX,-19.367,10692.374727668845,10692.374727668845
2026-10-09 06:41:11,7400.0,7445.75,Put GEX 4,GEX,-63564.651,10692.374727668845,10692.374727668845
2026-10-09 06:41:11,7400.0,7445.75,Call VEX 5,VEX,434438.095,10692.374727668845,10692.374727668845
2026-10-09 06:41:11,7450.0,7496.0,Put GEX 5,GEX,-53106.588,10692.374727668845,10692.374727668845
2026-10-09 06:41:11,7500.0,7546.25,Call CEX 4,CEX,62223.032,10692.374727668845,10692.374727668845
2026-10-09 06:41:11,7500.0,7546.25,Put GEX 2,GEX,-129695.446,10692.374727668845,10692.374727668845
2026-10-09 06:41:11,7500.0,7546.25,Call VEX 3,VEX,642947.064,10692.374727668845,10692.374727668845
2026-10-09 06:41:11,7600.0,7647.0,Put GEX 3,GEX,-76314.906,10692.374727668845,10692.374727668845
2026-10-09 06:41:11,7700.0,7747.5,Call DEX 4,DEX,47.144,10692.374727668845,10692.374727668845
2026-10-09 06:41:11,7800.0,7848.25,Call DEX 5,DEX,32.064,10692.374727668845,10692.374727668845
2026-10-09 06:41:11,7900.0,7948.75,Put CEX 4,CEX,-56155.473,10692.374727668845,10692.374727668845
2026-10-09 06:41:11,7900.0,7948.75,Call DEX 3,DEX,56.863,10692.374727668845,10692.374727668845
2026-10-09 06:41:11,7900.0,7948.75,Call GEX 4,GEX,163993.066,10692.374727668845,10692.374727668845
2026-10-09 06:41:11,7950.0,7999.0,Call GEX 5,GEX,86478.987,10692.374727668845,10692.374727668845
2026-10-09 06:41:11,8000.0,8049.5,Put CEX 1,CEX,-418432.121,10692.374727668845,10692.374727668845
2026-10-09 06:41:11,8000.0,8049.5,Put DEX 1,DEX,-106.639,10692.374727668845,10692.374727668845
2026-10-09 06:41:11,8000.0,8049.5,Call GEX 1,GEX,320033.136,10692.374727668845,10692.374727668845
2026-10-09 06:41:11,8000.0,8049.5,Put VEX 1,VEX,-1731372.713,10692.374727668845,10692.374727668845
2026-10-09 06:41:11,8050.0,8099.75,Put CEX 3,CEX,-101362.643,10692.374727668845,10692.374727668845
2026-10-09 06:41:11,8050.0,8099.75,Call DEX 1,DEX,68.89,10692.374727668845,10692.374727668845
2026-10-09 06:41:11,8050.0,8099.75,Call GEX 3,GEX,242244.422,10692.374727668845,10692.374727668845
2026-10-09 06:41:11,8050.0,8099.75,Put VEX 3,VEX,-489477.773,10692.374727668845,10692.374727668845
2026-10-09 06:41:11,8100.0,8150.0,Put CEX 2,CEX,-133244.33,10692.374727668845,10692.374727668845
2026-10-09 06:41:11,8100.0,8150.0,Call DEX 2,DEX,68.435,10692.374727668845,10692.374727668845
2026-10-09 06:41:11,8100.0,8150.0,Call GEX 2,GEX,271129.632,10692.374727668845,10692.374727668845
2026-10-09 06:41:11,8100.0,8150.0,Put VEX 2,VEX,-670044.851,10692.374727668845,10692.374727668845
2026-10-09 06:41:11,8200.0,8250.75,Put CEX 5,CEX,-47796.672,10692.374727668845,10692.374727668845
2026-10-09 06:41:11,8200.0,8250.75,Put VEX 4,VEX,-249063.849,10692.374727668845,10692.374727668845
2026-10-09 06:41:11,8300.0,8351.25,Put VEX 5,VEX,-231058.005,10692.374727668845,10692.374727668845
2026-10-09 06:41:11,9000.0,9055.5,Put DEX 3,DEX,-27.98,10692.374727668845,10692.374727668845
2026-10-09 06:41:19,6300.0,6339.0,Call CEX 5,CEX,61330.886,10689.18918918919,10689.18918918919
2026-10-09 06:41:19,6400.0,6439.5,Call CEX 2,CEX,115025.975,10689.18918918919,10689.18918918919
2026-10-09 06:41:19,6400.0,6439.5,Put DEX 4,DEX,-21.975,10689.18918918919,10689.18918918919
2026-10-09 06:41:19,6400.0,6439.5,Call VEX 2,VEX,805576.335,10689.18918918919,10689.18918918919
2026-10-09 06:41:19,6500.0,6540.25,Call CEX 3,CEX,80413.604,10689.18918918919,10689.18918918919
2026-10-09 06:41:19,6500.0,6540.25,Put DEX 5,DEX,-18.267,10689.18918918919,10689.18918918919
2026-10-09 06:41:19,6500.0,6540.25,Call VEX 4,VEX,610443.768,10689.18918918919,10689.18918918919
2026-10-09 06:41:19,7000.0,7043.25,Call CEX 1,CEX,150088.101,10689.18918918919,10689.18918918919
2026-10-09 06:41:19,7000.0,7043.25,Put DEX 2,DEX,-53.203,10689.18918918919,10689.18918918919
2026-10-09 06:41:19,7000.0,7043.25,Put GEX 1,GEX,-138130.689,10689.18918918919,10689.18918918919
2026-10-09 06:41:19,7000.0,7043.25,Call VEX 1,VEX,1194601.013,10689.18918918919,10689.18918918919
2026-10-09 06:41:19,7400.0,7445.75,Put GEX 4,GEX,-62963.648,10689.18918918919,10689.18918918919
2026-10-09 06:41:19,7400.0,7445.75,Call VEX 5,VEX,438560.97,10689.18918918919,10689.18918918919
2026-10-09 06:41:19,7450.0,7496.0,Put GEX 5,GEX,-53227.654,10689.18918918919,10689.18918918919
2026-10-09 06:41:19,7500.0,7546.25,Call CEX 4,CEX,61977.285,10689.18918918919,10689.18918918919
2026-10-09 06:41:19,7500.0,7546.25,Put GEX 2,GEX,-130511.964,10689.18918918919,10689.18918918919
2026-10-09 06:41:19,7500.0,7546.25,Call VEX 3,VEX,642703.571,10689.18918918919,10689.18918918919
2026-10-09 06:41:19,7600.0,7647.0,Put GEX 3,GEX,-77544.597,10689.18918918919,10689.18918918919
2026-10-09 06:41:19,7700.0,7747.5,Call DEX 4,DEX,45.743,10689.18918918919,10689.18918918919
2026-10-09 06:41:19,7800.0,7848.25,Call DEX 5,DEX,31.055,10689.18918918919,10689.18918918919
2026-10-09 06:41:19,7900.0,7948.75,Put CEX 4,CEX,-56533.434,10689.18918918919,10689.18918918919
2026-10-09 06:41:19,7900.0,7948.75,Call DEX 3,DEX,56.141,10689.18918918919,10689.18918918919
2026-10-09 06:41:19,7900.0,7948.75,Call GEX 4,GEX,160185.723,10689.18918918919,10689.18918918919
2026-10-09 06:41:19,7950.0,7999.0,Call GEX 5,GEX,84888.748,10689.18918918919,10689.18918918919
2026-10-09 06:41:19,8000.0,8049.5,Put CEX 1,CEX,-421276.671,10689.18918918919,10689.18918918919
2026-10-09 06:41:19,8000.0,8049.5,Put DEX 1,DEX,-110.879,10689.18918918919,10689.18918918919
2026-10-09 06:41:19,8000.0,8049.5,Call GEX 1,GEX,304860.412,10689.18918918919,10689.18918918919
2026-10-09 06:41:19,8000.0,8049.5,Put VEX 1,VEX,-1756051.029,10689.18918918919,10689.18918918919
2026-10-09 06:41:19,8050.0,8099.75,Put CEX 3,CEX,-101033.567,10689.18918918919,10689.18918918919
2026-10-09 06:41:19,8050.0,8099.75,Call DEX 1,DEX,68.596,10689.18918918919,10689.18918918919
2026-10-09 06:41:19,8050.0,8099.75,Call GEX 3,GEX,238983.005,10689.18918918919,10689.18918918919
2026-10-09 06:41:19,8050.0,8099.75,Put VEX 3,VEX,-490631.548,10689.18918918919,10689.18918918919
2026-10-09 06:41:19,8100.0,8150.0,Put CEX 2,CEX,-132797.265,10689.18918918919,10689.18918918919
2026-10-09 06:41:19,8100.0,8150.0,Call DEX 2,DEX,68.199,10689.18918918919,10689.18918918919
2026-10-09 06:41:19,8100.0,8150.0,Call GEX 2,GEX,267976.192,10689.18918918919,10689.18918918919
2026-10-09 06:41:19,8100.0,8150.0,Put VEX 2,VEX,-670177.586,10689.18918918919,10689.18918918919
2026-10-09 06:41:19,8200.0,8250.75,Put CEX 5,CEX,-47664.211,10689.18918918919,10689.18918918919
2026-10-09 06:41:19,8200.0,8250.75,Put VEX 4,VEX,-248771.11,10689.18918918919,10689.18918918919
2026-10-09 06:41:19,8300.0,8351.25,Put VEX 5,VEX,-230470.779,10689.18918918919,10689.18918918919
2026-10-09 06:41:19,9000.0,9055.5,Put DEX 3,DEX,-28.198,10689.18918918919,10689.18918918919
2026-10-09 06:42:00,6300.0,6339.0,Call CEX 5,CEX,61281.184,10690.465631929046,10690.465631929046
2026-10-09 06:42:00,6400.0,6439.75,Call CEX 2,CEX,114942.107,10690.465631929046,10690.465631929046
2026-10-09 06:42:00,6400.0,6439.75,Put DEX 4,DEX,-21.943,10690.465631929046,10690.465631929046
2026-10-09 06:42:00,6400.0,6439.75,Call VEX 2,VEX,805195.463,10690.465631929046,10690.465631929046
2026-10-09 06:42:00,6500.0,6540.25,Call CEX 3,CEX,80225.018,10690.465631929046,10690.465631929046
2026-10-09 06:42:00,6500.0,6540.25,Put DEX 5,DEX,-18.18,10690.465631929046,10690.465631929046
2026-10-09 06:42:00,6500.0,6540.25,Call VEX 4,VEX,609041.067,10690.465631929046,10690.465631929046
2026-10-09 06:42:00,7000.0,7043.5,Call CEX 1,CEX,149642.435,10690.465631929046,10690.465631929046
2026-10-09 06:42:00,7000.0,7043.5,Put DEX 2,DEX,-52.776,10690.465631929046,10690.465631929046
2026-10-09 06:42:00,7000.0,7043.5,Put GEX 1,GEX,-137190.408,10690.465631929046,10690.465631929046
2026-10-09 06:42:00,7000.0,7043.5,Call VEX 1,VEX,1191056.006,10690.465631929046,10690.465631929046
2026-10-09 06:42:00,7400.0,7446.0,Put GEX 4,GEX,-62737.528,10690.465631929046,10690.465631929046
2026-10-09 06:42:00,7400.0,7446.0,Call VEX 5,VEX,438181.945,10690.465631929046,10690.465631929046
2026-10-09 06:42:00,7450.0,7496.25,Put GEX 5,GEX,-52969.419,10690.465631929046,10690.465631929046
2026-10-09 06:42:00,7500.0,7546.5,Call CEX 4,CEX,62385.43,10690.465631929046,10690.465631929046
2026-10-09 06:42:00,7500.0,7546.5,Put GEX 2,GEX,-129860.285,10690.465631929046,10690.465631929046
2026-10-09 06:42:00,7500.0,7546.5,Call VEX 3,VEX,644532.939,10690.465631929046,10690.465631929046
2026-10-09 06:42:00,7600.0,7647.25,Put GEX 3,GEX,-77196.304,10690.465631929046,10690.465631929046
2026-10-09 06:42:00,7700.0,7747.75,Call DEX 4,DEX,46.829,10690.465631929046,10690.465631929046
2026-10-09 06:42:00,7800.0,7848.5,Call DEX 5,DEX,32.016,10690.465631929046,10690.465631929046
2026-10-09 06:42:00,7900.0,7949.0,Put CEX 4,CEX,-55681.977,10690.465631929046,10690.465631929046
2026-10-09 06:42:00,7900.0,7949.0,Call DEX 3,DEX,57.044,10690.465631929046,10690.465631929046
2026-10-09 06:42:00,7900.0,7949.0,Call GEX 4,GEX,160787.046,10690.465631929046,10690.465631929046
2026-10-09 06:42:00,7950.0,7999.25,Call GEX 5,GEX,85490.195,10690.465631929046,10690.465631929046
2026-10-09 06:42:00,8000.0,8049.75,Put CEX 1,CEX,-419032.529,10690.465631929046,10690.465631929046
2026-10-09 06:42:00,8000.0,8049.75,Put DEX 1,DEX,-106.795,10690.465631929046,10690.465631929046
2026-10-09 06:42:00,8000.0,8049.75,Call GEX 1,GEX,309220.922,10690.465631929046,10690.465631929046
2026-10-09 06:42:00,8000.0,8049.75,Put VEX 1,VEX,-1733261.059,10690.465631929046,10690.465631929046
2026-10-09 06:42:00,8050.0,8100.0,Put CEX 3,CEX,-100921.717,10690.465631929046,10690.465631929046
2026-10-09 06:42:00,8050.0,8100.0,Call DEX 1,DEX,69.494,10690.465631929046,10690.465631929046
2026-10-09 06:42:00,8050.0,8100.0,Call GEX 3,GEX,240973.111,10690.465631929046,10690.465631929046
2026-10-09 06:42:00,8050.0,8100.0,Put VEX 3,VEX,-487263.822,10690.465631929046,10690.465631929046
2026-10-09 06:42:00,8100.0,8150.25,Put CEX 2,CEX,-133170.654,10690.465631929046,10690.465631929046
2026-10-09 06:42:00,8100.0,8150.25,Call DEX 2,DEX,69.118,10690.465631929046,10690.465631929046
2026-10-09 06:42:00,8100.0,8150.25,Call GEX 2,GEX,270823.177,10690.465631929046,10690.465631929046
2026-10-09 06:42:00,8100.0,8150.25,Put VEX 2,VEX,-669333.655,10690.465631929046,10690.465631929046
2026-10-09 06:42:00,8200.0,8251.0,Put CEX 5,CEX,-47996.357,10690.465631929046,10690.465631929046
2026-10-09 06:42:00,8200.0,8251.0,Put VEX 4,VEX,-250040.115,10690.465631929046,10690.465631929046
2026-10-09 06:42:00,8300.0,8351.5,Put VEX 5,VEX,-232285.941,10690.465631929046,10690.465631929046
2026-10-09 06:42:00,9000.0,9055.75,Put DEX 3,DEX,-28.313,10690.465631929046,10690.465631929046
2026-10-09 06:42:07,6300.0,6339.0,Call CEX 5,CEX,61216.913,10690.222222222224,10690.222222222224
2026-10-09 06:42:07,6400.0,6439.75,Call CEX 2,CEX,114898.918,10690.222222222224,10690.222222222224
2026-10-09 06:42:07,6400.0,6439.75,Put DEX 4,DEX,-21.928,10690.222222222224,10690.222222222224
2026-10-09 06:42:07,6400.0,6439.75,Call VEX 2,VEX,804924.554,10690.222222222224,10690.222222222224
2026-10-09 06:42:07,6500.0,6540.25,Call CEX 3,CEX,80172.128,10690.222222222224,10690.222222222224
2026-10-09 06:42:07,6500.0,6540.25,Call VEX 4,VEX,608649.145,10690.222222222224,10690.222222222224
2026-10-09 06:42:07,7000.0,7043.5,Call CEX 1,CEX,149622.635,10690.222222222224,10690.222222222224
2026-10-09 06:42:07,7000.0,7043.5,Put DEX 2,DEX,-52.743,10690.222222222224,10690.222222222224
2026-10-09 06:42:07,7000.0,7043.5,Put GEX 1,GEX,-137048.969,10690.222222222224,10690.222222222224
2026-10-09 06:42:07,7000.0,7043.5,Call VEX 1,VEX,1190874.202,10690.222222222224,10690.222222222224
2026-10-09 06:42:07,7200.0,7244.75,Put DEX 5,DEX,-19.204,10690.222222222224,10690.222222222224
2026-10-09 06:42:07,7400.0,7446.0,Put GEX 4,GEX,-62851.009,10690.222222222224,10690.222222222224
2026-10-09 06:42:07,7400.0,7446.0,Call VEX 5,VEX,437379.811,10690.222222222224,10690.222222222224
2026-10-09 06:42:07,7450.0,7496.25,Put GEX 5,GEX,-52934.116,10690.222222222224,10690.222222222224
2026-10-09 06:42:07,7500.0,7546.5,Call CEX 4,CEX,62472.28,10690.222222222224,10690.222222222224
2026-10-09 06:42:07,7500.0,7546.5,Put GEX 2,GEX,-129719.268,10690.222222222224,10690.222222222224
2026-10-09 06:42:07,7500.0,7546.5,Call VEX 3,VEX,644871.967,10690.222222222224,10690.222222222224
2026-10-09 06:42:07,7600.0,7647.25,Put GEX 3,GEX,-76981.05,10690.222222222224,10690.222222222224
2026-10-09 06:42:07,7700.0,7747.75,Call DEX 4,DEX,47.12,10690.222222222224,10690.222222222224
2026-10-09 06:42:07,7800.0,7848.5,Call DEX 5,DEX,32.252,10690.222222222224,10690.222222222224
2026-10-09 06:42:07,7900.0,7949.0,Put CEX 4,CEX,-55558.449,10690.222222222224,10690.222222222224
2026-10-09 06:42:07,7900.0,7949.0,Call DEX 3,DEX,57.227,10690.222222222224,10690.222222222224
2026-10-09 06:42:07,7900.0,7949.0,Call GEX 4,GEX,161355.728,10690.222222222224,10690.222222222224
2026-10-09 06:42:07,7950.0,7999.25,Call GEX 5,GEX,85728.925,10690.222222222224,10690.222222222224
2026-10-09 06:42:07,8000.0,8049.75,Put CEX 1,CEX,-418456.164,10690.222222222224,10690.222222222224
2026-10-09 06:42:07,8000.0,8049.75,Put DEX 1,DEX,-105.821,10690.222222222224,10690.222222222224
2026-10-09 06:42:07,8000.0,8049.75,Call GEX 1,GEX,311078.075,10690.222222222224,10690.222222222224
2026-10-09 06:42:07,8000.0,8049.75,Put VEX 1,VEX,-1727700.752,10690.222222222224,10690.222222222224
2026-10-09 06:42:07,8050.0,8100.0,Put CEX 3,CEX,-100935.118,10690.222222222224,10690.222222222224
2026-10-09 06:42:07,8050.0,8100.0,Call DEX 1,DEX,69.646,10690.222222222224,10690.222222222224
2026-10-09 06:42:07,8050.0,8100.0,Call GEX 3,GEX,241567.197,10690.222222222224,10690.222222222224
2026-10-09 06:42:07,8050.0,8100.0,Put VEX 3,VEX,-486651.438,10690.222222222224,10690.222222222224
2026-10-09 06:42:07,8100.0,8150.25,Put CEX 2,CEX,-133267.583,10690.222222222224,10690.222222222224
2026-10-09 06:42:07,8100.0,8150.25,Call DEX 2,DEX,69.251,10690.222222222224,10690.222222222224
2026-10-09 06:42:07,8100.0,8150.25,Call GEX 2,GEX,271540.668,10690.222222222224,10690.222222222224
2026-10-09 06:42:07,8100.0,8150.25,Put VEX 2,VEX,-669199.966,10690.222222222224,10690.222222222224
2026-10-09 06:42:07,8200.0,8251.0,Put CEX 5,CEX,-48035.177,10690.222222222224,10690.222222222224
2026-10-09 06:42:07,8200.0,8251.0,Put VEX 4,VEX,-250139.064,10690.222222222224,10690.222222222224
2026-10-09 06:42:07,8300.0,8351.5,Put VEX 5,VEX,-232455.557,10690.222222222224,10690.222222222224
2026-10-09 06:42:07,9000.0,9055.75,Put DEX 3,DEX,-28.169,10690.222222222224,10690.222222222224
2026-10-09 06:42:49,6300.0,6338.25,Call CEX 5,CEX,61293.692,10685.648148148148,10685.648148148148
2026-10-09 06:42:49,6400.0,6438.75,Call CEX 2,CEX,114958.125,10685.648148148148,10685.648148148148
2026-10-09 06:42:49,6400.0,6438.75,Put DEX 4,DEX,-21.95,10685.648148148148,10685.648148148148
2026-10-09 06:42:49,6400.0,6438.75,Call VEX 2,VEX,805261.36,10685.648148148148,10685.648148148148
2026-10-09 06:42:49,6500.0,6539.5,Call CEX 3,CEX,80386.306,10685.648148148148,10685.648148148148
2026-10-09 06:42:49,6500.0,6539.5,Call VEX 4,VEX,610278.924,10685.648148148148,10685.648148148148
2026-10-09 06:42:49,7000.0,7042.5,Call CEX 1,CEX,149998.153,10685.648148148148,10685.648148148148
2026-10-09 06:42:49,7000.0,7042.5,Put DEX 2,DEX,-53.09,10685.648148148148,10685.648148148148
2026-10-09 06:42:49,7000.0,7042.5,Put GEX 1,GEX,-137623.331,10685.648148148148,10685.648148148148
2026-10-09 06:42:49,7000.0,7042.5,Call VEX 1,VEX,1193895.379,10685.648148148148,10685.648148148148
2026-10-09 06:42:49,7200.0,7243.75,Put DEX 5,DEX,-19.333,10685.648148148148,10685.648148148148
2026-10-09 06:42:49,7400.0,7444.75,Put GEX 4,GEX,-63287.971,10685.648148148148,10685.648148148148
2026-10-09 06:42:49,7400.0,7444.75,Call VEX 5,VEX,435998.847,10685.648148148148,10685.648148148148
2026-10-09 06:42:49,7450.0,7495.25,Put GEX 5,GEX,-53111.03,10685.648148148148,10685.648148148148
2026-10-09 06:42:49,7500.0,7545.5,Call CEX 4,CEX,62235.121,10685.648148148148,10685.648148148148
2026-10-09 06:42:49,7500.0,7545.5,Put GEX 2,GEX,-129878.784,10685.648148148148,10685.648148148148
2026-10-09 06:42:49,7500.0,7545.5,Call VEX 3,VEX,643375.238,10685.648148148148,10685.648148148148
2026-10-09 06:42:49,7600.0,7646.0,Put GEX 3,GEX,-76658.028,10685.648148148148,10685.648148148148
2026-10-09 06:42:49,7700.0,7746.75,Call DEX 4,DEX,46.847,10685.648148148148,10685.648148148148
2026-10-09 06:42:49,7800.0,7847.25,Call DEX 5,DEX,31.903,10685.648148148148,10685.648148148148
2026-10-09 06:42:49,7900.0,7948.0,Put CEX 4,CEX,-56176.38,10685.648148148148,10685.648148148148
2026-10-09 06:42:49,7900.0,7948.0,Call DEX 3,DEX,56.769,10685.648148148148,10685.648148148148
2026-10-09 06:42:49,7900.0,7948.0,Call GEX 4,GEX,162792.737,10685.648148148148,10685.648148148148
2026-10-09 06:42:49,7950.0,7998.25,Call GEX 5,GEX,85994.527,10685.648148148148,10685.648148148148
2026-10-09 06:42:49,8000.0,8048.5,Put CEX 1,CEX,-419542.011,10685.648148148148,10685.648148148148
2026-10-09 06:42:49,8000.0,8048.5,Put DEX 1,DEX,-107.721,10685.648148148148,10685.648148148148
2026-10-09 06:42:49,8000.0,8048.5,Call GEX 1,GEX,314679.645,10685.648148148148,10685.648148148148
2026-10-09 06:42:49,8000.0,8048.5,Put VEX 1,VEX,-1737781.755,10685.648148148148,10685.648148148148
2026-10-09 06:42:49,8050.0,8098.75,Put CEX 3,CEX,-101230.923,10685.648148148148,10685.648148148148
2026-10-09 06:42:49,8050.0,8098.75,Call DEX 1,DEX,68.954,10685.648148148148,10685.648148148148
2026-10-09 06:42:49,8050.0,8098.75,Call GEX 3,GEX,241476.998,10685.648148148148,10685.648148148148
2026-10-09 06:42:49,8050.0,8098.75,Put VEX 3,VEX,-489257.432,10685.648148148148,10685.648148148148
2026-10-09 06:42:49,8100.0,8149.0,Put CEX 2,CEX,-133210.926,10685.648148148148,10685.648148148148
2026-10-09 06:42:49,8100.0,8149.0,Call DEX 2,DEX,68.503,10685.648148148148,10685.648148148148
2026-10-09 06:42:49,8100.0,8149.0,Call GEX 2,GEX,270649.258,10685.648148148148,10685.648148148148
2026-10-09 06:42:49,8100.0,8149.0,Put VEX 2,VEX,-670125.189,10685.648148148148,10685.648148148148
2026-10-09 06:42:49,8200.0,8249.75,Put CEX 5,CEX,-47858.046,10685.648148148148,10685.648148148148
2026-10-09 06:42:49,8200.0,8249.75,Put VEX 4,VEX,-249405.361,10685.648148148148,10685.648148148148
2026-10-09 06:42:49,8300.0,8350.25,Put VEX 5,VEX,-232081.139,10685.648148148148,10685.648148148148
2026-10-09 06:42:49,9000.0,9054.5,Put DEX 3,DEX,-28.052,10685.648148148148,10685.648148148148
2026-10-09 06:42:55,6300.0,6338.25,Call CEX 5,CEX,61284.649,10686.697247706425,10686.697247706425
2026-10-09 06:42:55,6400.0,6438.75,Call CEX 2,CEX,114944.614,10686.697247706425,10686.697247706425
2026-10-09 06:42:55,6400.0,6438.75,Put DEX 4,DEX,-21.945,10686.697247706425,10686.697247706425
2026-10-09 06:42:55,6400.0,6438.75,Call VEX 2,VEX,805201.855,10686.697247706425,10686.697247706425
2026-10-09 06:42:55,6500.0,6539.5,Call CEX 3,CEX,80393.155,10686.697247706425,10686.697247706425
2026-10-09 06:42:55,6500.0,6539.5,Call VEX 4,VEX,610330.429,10686.697247706425,10686.697247706425
2026-10-09 06:42:55,7000.0,7042.5,Call CEX 1,CEX,150023.925,10686.697247706425,10686.697247706425
2026-10-09 06:42:55,7000.0,7042.5,Put DEX 2,DEX,-53.08,10686.697247706425,10686.697247706425
2026-10-09 06:42:55,7000.0,7042.5,Put GEX 1,GEX,-137528.078,10686.697247706425,10686.697247706425
2026-10-09 06:42:55,7000.0,7042.5,Call VEX 1,VEX,1193977.094,10686.697247706425,10686.697247706425
2026-10-09 06:42:55,7200.0,7243.75,Put DEX 5,DEX,-19.325,10686.697247706425,10686.697247706425
2026-10-09 06:42:55,7400.0,7444.75,Put GEX 4,GEX,-63336.935,10686.697247706425,10686.697247706425
2026-10-09 06:42:55,7400.0,7444.75,Call VEX 5,VEX,435391.708,10686.697247706425,10686.697247706425
2026-10-09 06:42:55,7450.0,7495.25,Put GEX 5,GEX,-53079.338,10686.697247706425,10686.697247706425
2026-10-09 06:42:55,7500.0,7545.5,Call CEX 4,CEX,62282.362,10686.697247706425,10686.697247706425
2026-10-09 06:42:55,7500.0,7545.5,Put GEX 2,GEX,-129714.05,10686.697247706425,10686.697247706425
2026-10-09 06:42:55,7500.0,7545.5,Call VEX 3,VEX,643420.133,10686.697247706425,10686.697247706425
2026-10-09 06:42:55,7600.0,7646.0,Put GEX 3,GEX,-76486.827,10686.697247706425,10686.697247706425
2026-10-09 06:42:55,7700.0,7746.75,Call DEX 4,DEX,47.197,10686.697247706425,10686.697247706425
2026-10-09 06:42:55,7800.0,7847.25,Call DEX 5,DEX,32.117,10686.697247706425,10686.697247706425
2026-10-09 06:42:55,7900.0,7948.0,Put CEX 4,CEX,-56074.252,10686.697247706425,10686.697247706425
2026-10-09 06:42:55,7900.0,7948.0,Call DEX 3,DEX,56.927,10686.697247706425,10686.697247706425
2026-10-09 06:42:55,7900.0,7948.0,Call GEX 4,GEX,163461.384,10686.697247706425,10686.697247706425
2026-10-09 06:42:55,7950.0,7998.25,Call GEX 5,GEX,86298.151,10686.697247706425,10686.697247706425
2026-10-09 06:42:55,8000.0,8048.5,Put CEX 1,CEX,-418893.421,10686.697247706425,10686.697247706425
2026-10-09 06:42:55,8000.0,8048.5,Put DEX 1,DEX,-106.778,10686.697247706425,10686.697247706425
2026-10-09 06:42:55,8000.0,8048.5,Call GEX 1,GEX,317654.425,10686.697247706425,10686.697247706425
2026-10-09 06:42:55,8000.0,8048.5,Put VEX 1,VEX,-1732365.402,10686.697247706425,10686.697247706425
2026-10-09 06:42:55,8050.0,8098.75,Put CEX 3,CEX,-101278.377,10686.697247706425,10686.697247706425
2026-10-09 06:42:55,8050.0,8098.75,Call DEX 1,DEX,69.055,10686.697247706425,10686.697247706425
2026-10-09 06:42:55,8050.0,8098.75,Call GEX 3,GEX,242092.614,10686.697247706425,10686.697247706425
2026-10-09 06:42:55,8050.0,8098.75,Put VEX 3,VEX,-488889.552,10686.697247706425,10686.697247706425
2026-10-09 06:42:55,8100.0,8149.0,Put CEX 2,CEX,-133271.585,10686.697247706425,10686.697247706425
2026-10-09 06:42:55,8100.0,8149.0,Call DEX 2,DEX,68.552,10686.697247706425,10686.697247706425
2026-10-09 06:42:55,8100.0,8149.0,Call GEX 2,GEX,271265.915,10686.697247706425,10686.697247706425
2026-10-09 06:42:55,8100.0,8149.0,Put VEX 2,VEX,-669954.097,10686.697247706425,10686.697247706425
2026-10-09 06:42:55,8200.0,8249.75,Put CEX 5,CEX,-47862.942,10686.697247706425,10686.697247706425
2026-10-09 06:42:55,8200.0,8249.75,Put VEX 4,VEX,-249378.762,10686.697247706425,10686.697247706425
2026-10-09 06:42:55,8300.0,8350.25,Put VEX 5,VEX,-232204.498,10686.697247706425,10686.697247706425
2026-10-09 06:42:55,9000.0,9054.5,Put DEX 3,DEX,-28.018,10686.697247706425,10686.697247706425
2026-10-09 06:43:36,6300.0,6339.25,Call CEX 4,CEX,61926.811,10687.927107061503,10687.927107061503
2026-10-09 06:43:36,6400.0,6440.0,Call CEX 2,CEX,115942.527,10687.927107061503,10687.927107061503
2026-10-09 06:43:36,6400.0,6440.0,Put DEX 4,DEX,-22.25,10687.927107061503,10687.927107061503
2026-10-09 06:43:36,6400.0,6440.0,Call VEX 2,VEX,811723.457,10687.927107061503,10687.927107061503
2026-10-09 06:43:36,6500.0,6540.5,Call CEX 3,CEX,80833.436,10687.927107061503,10687.927107061503
2026-10-09 06:43:36,6500.0,6540.5,Put DEX 5,DEX,-18.429,10687.927107061503,10687.927107061503
2026-10-09 06:43:36,6500.0,6540.5,Call VEX 4,VEX,613499.21,10687.927107061503,10687.927107061503
2026-10-09 06:43:36,7000.0,7043.75,Call CEX 1,CEX,150480.248,10687.927107061503,10687.927107061503
2026-10-09 06:43:36,7000.0,7043.75,Put DEX 2,DEX,-53.571,10687.927107061503,10687.927107061503
2026-10-09 06:43:36,7000.0,7043.75,Put GEX 1,GEX,-138790.68,10687.927107061503,10687.927107061503
2026-10-09 06:43:36,7000.0,7043.75,Call VEX 1,VEX,1197724.286,10687.927107061503,10687.927107061503
2026-10-09 06:43:36,7400.0,7446.25,Put GEX 4,GEX,-63087.076,10687.927107061503,10687.927107061503
2026-10-09 06:43:36,7400.0,7446.25,Call VEX 5,VEX,438629.562,10687.927107061503,10687.927107061503
2026-10-09 06:43:36,7450.0,7496.5,Put GEX 5,GEX,-53350.649,10687.927107061503,10687.927107061503
2026-10-09 06:43:36,7500.0,7546.75,Call CEX 5,CEX,61694.097,10687.927107061503,10687.927107061503
2026-10-09 06:43:36,7500.0,7546.75,Put GEX 2,GEX,-130731.508,10687.927107061503,10687.927107061503
2026-10-09 06:43:36,7500.0,7546.75,Call VEX 3,VEX,641076.059,10687.927107061503,10687.927107061503
2026-10-09 06:43:36,7600.0,7647.25,Put GEX 3,GEX,-77509.112,10687.927107061503,10687.927107061503
2026-10-09 06:43:36,7700.0,7748.0,Call DEX 4,DEX,45.23,10687.927107061503,10687.927107061503
2026-10-09 06:43:36,7800.0,7848.5,Call DEX 5,DEX,30.544,10687.927107061503,10687.927107061503
2026-10-09 06:43:36,7900.0,7949.25,Put CEX 4,CEX,-57095.069,10687.927107061503,10687.927107061503
2026-10-09 06:43:36,7900.0,7949.25,Call DEX 3,DEX,55.613,10687.927107061503,10687.927107061503
2026-10-09 06:43:36,7900.0,7949.25,Call GEX 4,GEX,160621.671,10687.927107061503,10687.927107061503
2026-10-09 06:43:36,7950.0,7999.5,Call GEX 5,GEX,84816.31,10687.927107061503,10687.927107061503
2026-10-09 06:43:36,8000.0,8049.75,Put CEX 1,CEX,-422438.17,10687.927107061503,10687.927107061503
2026-10-09 06:43:36,8000.0,8049.75,Put DEX 1,DEX,-113.124,10687.927107061503,10687.927107061503
2026-10-09 06:43:36,8000.0,8049.75,Call GEX 1,GEX,305421.822,10687.927107061503,10687.927107061503
2026-10-09 06:43:36,8000.0,8049.75,Put VEX 1,VEX,-1768113.604,10687.927107061503,10687.927107061503
2026-10-09 06:43:36,8050.0,8100.25,Put CEX 3,CEX,-101220.936,10687.927107061503,10687.927107061503
2026-10-09 06:43:36,8050.0,8100.25,Call DEX 1,DEX,67.936,10687.927107061503,10687.927107061503
2026-10-09 06:43:36,8050.0,8100.25,Call GEX 3,GEX,238301.481,10687.927107061503,10687.927107061503
2026-10-09 06:43:36,8050.0,8100.25,Put VEX 3,VEX,-493054.194,10687.927107061503,10687.927107061503
2026-10-09 06:43:36,8100.0,8150.5,Put CEX 2,CEX,-132643.333,10687.927107061503,10687.927107061503
2026-10-09 06:43:36,8100.0,8150.5,Call DEX 2,DEX,67.468,10687.927107061503,10687.927107061503
2026-10-09 06:43:36,8100.0,8150.5,Call GEX 2,GEX,266615.396,10687.927107061503,10687.927107061503
2026-10-09 06:43:36,8100.0,8150.5,Put VEX 2,VEX,-670930.521,10687.927107061503,10687.927107061503
2026-10-09 06:43:36,8200.0,8251.0,Put CEX 5,CEX,-47434.205,10687.927107061503,10687.927107061503
2026-10-09 06:43:36,8200.0,8251.0,Put VEX 4,VEX,-247848.915,10687.927107061503,10687.927107061503
2026-10-09 06:43:36,8300.0,8351.75,Put VEX 5,VEX,-229404.511,10687.927107061503,10687.927107061503
2026-10-09 06:43:36,9000.0,9056.0,Put DEX 3,DEX,-28.14,10687.927107061503,10687.927107061503
2026-10-09 06:43:43,6300.0,6339.25,Call CEX 4,CEX,61928.014,10688.939051918736,10688.939051918736
2026-10-09 06:43:43,6400.0,6440.0,Call CEX 2,CEX,115928.096,10688.939051918736,10688.939051918736
2026-10-09 06:43:43,6400.0,6440.0,Put DEX 4,DEX,-22.249,10688.939051918736,10688.939051918736
2026-10-09 06:43:43,6400.0,6440.0,Call VEX 2,VEX,811644.744,10688.939051918736,10688.939051918736
2026-10-09 06:43:43,6500.0,6540.5,Call CEX 3,CEX,80838.619,10688.939051918736,10688.939051918736
2026-10-09 06:43:43,6500.0,6540.5,Put DEX 5,DEX,-18.431,10688.939051918736,10688.939051918736
2026-10-09 06:43:43,6500.0,6540.5,Call VEX 4,VEX,613524.47,10688.939051918736,10688.939051918736
2026-10-09 06:43:43,7000.0,7043.75,Call CEX 1,CEX,150523.724,10688.939051918736,10688.939051918736
2026-10-09 06:43:43,7000.0,7043.75,Put DEX 2,DEX,-53.594,10688.939051918736,10688.939051918736
2026-10-09 06:43:43,7000.0,7043.75,Put GEX 1,GEX,-138868.9,10688.939051918736,10688.939051918736
2026-10-09 06:43:43,7000.0,7043.75,Call VEX 1,VEX,1197975.483,10688.939051918736,10688.939051918736
2026-10-09 06:43:43,7400.0,7446.25,Put GEX 4,GEX,-62964.411,10688.939051918736,10688.939051918736
2026-10-09 06:43:43,7400.0,7446.25,Call VEX 5,VEX,439277.499,10688.939051918736,10688.939051918736
2026-10-09 06:43:43,7450.0,7496.5,Put GEX 5,GEX,-53350.482,10688.939051918736,10688.939051918736
2026-10-09 06:43:43,7500.0,7546.75,Call CEX 5,CEX,61671.789,10688.939051918736,10688.939051918736
2026-10-09 06:43:43,7500.0,7546.75,Put GEX 2,GEX,-130827.793,10688.939051918736,10688.939051918736
2026-10-09 06:43:43,7500.0,7546.75,Call VEX 3,VEX,641074.456,10688.939051918736,10688.939051918736
2026-10-09 06:43:43,7600.0,7647.25,Put GEX 3,GEX,-77670.052,10688.939051918736,10688.939051918736
2026-10-09 06:43:43,7700.0,7748.0,Call DEX 4,DEX,45.078,10688.939051918736,10688.939051918736
2026-10-09 06:43:43,7800.0,7848.5,Call DEX 5,DEX,30.452,10688.939051918736,10688.939051918736
2026-10-09 06:43:43,7900.0,7949.25,Put CEX 4,CEX,-57129.43,10688.939051918736,10688.939051918736
2026-10-09 06:43:43,7900.0,7949.25,Call DEX 3,DEX,55.545,10688.939051918736,10688.939051918736
2026-10-09 06:43:43,7900.0,7949.25,Call GEX 4,GEX,160214.106,10688.939051918736,10688.939051918736
2026-10-09 06:43:43,7950.0,7999.5,Call GEX 5,GEX,84670.837,10688.939051918736,10688.939051918736
2026-10-09 06:43:43,8000.0,8049.75,Put CEX 1,CEX,-423042.694,10688.939051918736,10688.939051918736
2026-10-09 06:43:43,8000.0,8049.75,Put DEX 1,DEX,-113.775,10688.939051918736,10688.939051918736
2026-10-09 06:43:43,8000.0,8049.75,Call GEX 1,GEX,303149.998,10688.939051918736,10688.939051918736
2026-10-09 06:43:43,8000.0,8049.75,Put VEX 1,VEX,-1771787.875,10688.939051918736,10688.939051918736
2026-10-09 06:43:43,8050.0,8100.25,Put CEX 3,CEX,-101170.852,10688.939051918736,10688.939051918736
2026-10-09 06:43:43,8050.0,8100.25,Call DEX 1,DEX,67.926,10688.939051918736,10688.939051918736
2026-10-09 06:43:43,8050.0,8100.25,Call GEX 3,GEX,237933.873,10688.939051918736,10688.939051918736
2026-10-09 06:43:43,8050.0,8100.25,Put VEX 3,VEX,-493064.967,10688.939051918736,10688.939051918736
2026-10-09 06:43:43,8100.0,8150.5,Put CEX 2,CEX,-132592.611,10688.939051918736,10688.939051918736
2026-10-09 06:43:43,8100.0,8150.5,Call DEX 2,DEX,67.454,10688.939051918736,10688.939051918736
2026-10-09 06:43:43,8100.0,8150.5,Call GEX 2,GEX,266303.044,10688.939051918736,10688.939051918736
2026-10-09 06:43:43,8100.0,8150.5,Put VEX 2,VEX,-670900.192,10688.939051918736,10688.939051918736
2026-10-09 06:43:43,8200.0,8251.0,Put CEX 5,CEX,-47414.948,10688.939051918736,10688.939051918736
2026-10-09 06:43:43,8200.0,8251.0,Put VEX 4,VEX,-247796.355,10688.939051918736,10688.939051918736
2026-10-09 06:43:43,8300.0,8351.75,Put VEX 5,VEX,-229345.007,10688.939051918736,10688.939051918736
2026-10-09 06:43:43,9000.0,9056.0,Put DEX 3,DEX,-28.171,10688.939051918736,10688.939051918736
2026-10-09 06:44:26,6300.0,6338.25,Call CEX 4,CEX,61919.098,10690.17857142857,10690.17857142857
2026-10-09 06:44:26,6400.0,6439.0,Call CEX 2,CEX,115929.306,10690.17857142857,10690.17857142857
2026-10-09 06:44:26,6400.0,6439.0,Put DEX 4,DEX,-22.245,10690.17857142857,10690.17857142857
2026-10-09 06:44:26,6400.0,6439.0,Call VEX 2,VEX,811659.347,10690.17857142857,10690.17857142857
2026-10-09 06:44:26,6500.0,6539.5,Call CEX 3,CEX,80823.948,10690.17857142857,10690.17857142857
2026-10-09 06:44:26,6500.0,6539.5,Call VEX 4,VEX,613445.32,10690.17857142857,10690.17857142857
2026-10-09 06:44:26,7000.0,7042.5,Call CEX 1,CEX,150529.442,10690.17857142857,10690.17857142857
2026-10-09 06:44:26,7000.0,7042.5,Put DEX 2,DEX,-53.585,10690.17857142857,10690.17857142857
2026-10-09 06:44:26,7000.0,7042.5,Put GEX 1,GEX,-138721.044,10690.17857142857,10690.17857142857
2026-10-09 06:44:26,7000.0,7042.5,Call VEX 1,VEX,1197998.59,10690.17857142857,10690.17857142857
2026-10-09 06:44:26,7200.0,7243.75,Put DEX 5,DEX,-19.504,10690.17857142857,10690.17857142857
2026-10-09 06:44:26,7400.0,7445.0,Put GEX 4,GEX,-63220.805,10690.17857142857,10690.17857142857
2026-10-09 06:44:26,7400.0,7445.0,Call VEX 5,VEX,437773.151,10690.17857142857,10690.17857142857
2026-10-09 06:44:26,7450.0,7495.25,Put GEX 5,GEX,-53318.718,10690.17857142857,10690.17857142857
2026-10-09 06:44:26,7500.0,7545.75,Call CEX 5,CEX,61741.351,10690.17857142857,10690.17857142857
2026-10-09 06:44:26,7500.0,7545.75,Put GEX 2,GEX,-130534.966,10690.17857142857,10690.17857142857
2026-10-09 06:44:26,7500.0,7545.75,Call VEX 3,VEX,641081.807,10690.17857142857,10690.17857142857
2026-10-09 06:44:26,7600.0,7646.25,Put GEX 3,GEX,-77186.853,10690.17857142857,10690.17857142857
2026-10-09 06:44:26,7700.0,7747.0,Call DEX 4,DEX,45.534,10690.17857142857,10690.17857142857
2026-10-09 06:44:26,7800.0,7847.5,Call DEX 5,DEX,30.759,10690.17857142857,10690.17857142857
2026-10-09 06:44:26,7900.0,7948.0,Put CEX 4,CEX,-57080.179,10690.17857142857,10690.17857142857
2026-10-09 06:44:26,7900.0,7948.0,Call DEX 3,DEX,55.738,10690.17857142857,10690.17857142857
2026-10-09 06:44:26,7900.0,7948.0,Call GEX 4,GEX,161663.889,10690.17857142857,10690.17857142857
2026-10-09 06:44:26,7950.0,7998.5,Call GEX 5,GEX,85237.051,10690.17857142857,10690.17857142857
2026-10-09 06:44:26,8000.0,8048.75,Put CEX 1,CEX,-422046.62,10690.17857142857,10690.17857142857
2026-10-09 06:44:26,8000.0,8048.75,Put DEX 1,DEX,-112.404,10690.17857142857,10690.17857142857
2026-10-09 06:44:26,8000.0,8048.75,Call GEX 1,GEX,308744.463,10690.17857142857,10690.17857142857
2026-10-09 06:44:26,8000.0,8048.75,Put VEX 1,VEX,-1763849.018,10690.17857142857,10690.17857142857
2026-10-09 06:44:26,8050.0,8099.0,Put CEX 3,CEX,-101359.225,10690.17857142857,10690.17857142857
2026-10-09 06:44:26,8050.0,8099.0,Call DEX 1,DEX,67.909,10690.17857142857,10690.17857142857
2026-10-09 06:44:26,8050.0,8099.0,Call GEX 3,GEX,239152.518,10690.17857142857,10690.17857142857
2026-10-09 06:44:26,8050.0,8099.0,Put VEX 3,VEX,-493181.419,10690.17857142857,10690.17857142857
2026-10-09 06:44:26,8100.0,8149.25,Put CEX 2,CEX,-132768.645,10690.17857142857,10690.17857142857
2026-10-09 06:44:26,8100.0,8149.25,Call DEX 2,DEX,67.42,10690.17857142857,10690.17857142857
2026-10-09 06:44:26,8100.0,8149.25,Call GEX 2,GEX,267336.575,10690.17857142857,10690.17857142857
2026-10-09 06:44:26,8100.0,8149.25,Put VEX 2,VEX,-671088.664,10690.17857142857,10690.17857142857
2026-10-09 06:44:26,8200.0,8250.0,Put CEX 5,CEX,-47436.949,10690.17857142857,10690.17857142857
2026-10-09 06:44:26,8200.0,8250.0,Put VEX 4,VEX,-247806.946,10690.17857142857,10690.17857142857
2026-10-09 06:44:26,8300.0,8350.5,Put VEX 5,VEX,-229483.27,10690.17857142857,10690.17857142857
2026-10-09 06:44:26,9000.0,9054.75,Put DEX 3,DEX,-28.065,10690.17857142857,10690.17857142857
2026-10-09 06:44:31,6300.0,6338.25,Call CEX 4,CEX,61923.004,10689.93288590604,10689.93288590604
2026-10-09 06:44:31,6400.0,6439.0,Call CEX 2,CEX,115936.497,10689.93288590604,10689.93288590604
2026-10-09 06:44:31,6400.0,6439.0,Put DEX 4,DEX,-22.247,10689.93288590604,10689.93288590604
2026-10-09 06:44:31,6400.0,6439.0,Call VEX 2,VEX,811690.305,10689.93288590604,10689.93288590604
2026-10-09 06:44:31,6500.0,6539.5,Call CEX 3,CEX,80828.741,10689.93288590604,10689.93288590604
2026-10-09 06:44:31,6500.0,6539.5,Call VEX 4,VEX,613468.754,10689.93288590604,10689.93288590604
2026-10-09 06:44:31,7000.0,7042.5,Call CEX 1,CEX,150532.004,10689.93288590604,10689.93288590604
2026-10-09 06:44:31,7000.0,7042.5,Put DEX 2,DEX,-53.591,10689.93288590604,10689.93288590604
2026-10-09 06:44:31,7000.0,7042.5,Put GEX 1,GEX,-138767.744,10689.93288590604,10689.93288590604
2026-10-09 06:44:31,7000.0,7042.5,Call VEX 1,VEX,1198016.661,10689.93288590604,10689.93288590604
2026-10-09 06:44:31,7200.0,7243.75,Put DEX 5,DEX,-19.502,10689.93288590604,10689.93288590604
2026-10-09 06:44:31,7400.0,7445.0,Put GEX 4,GEX,-63235.138,10689.93288590604,10689.93288590604
2026-10-09 06:44:31,7400.0,7445.0,Call VEX 5,VEX,437840.36,10689.93288590604,10689.93288590604
2026-10-09 06:44:31,7450.0,7495.25,Put GEX 5,GEX,-53342.531,10689.93288590604,10689.93288590604
2026-10-09 06:44:31,7500.0,7545.75,Call CEX 5,CEX,61714.419,10689.93288590604,10689.93288590604
2026-10-09 06:44:31,7500.0,7545.75,Put GEX 2,GEX,-130608.565,10689.93288590604,10689.93288590604
2026-10-09 06:44:31,7500.0,7545.75,Call VEX 3,VEX,641001.18,10689.93288590604,10689.93288590604
2026-10-09 06:44:31,7600.0,7646.25,Put GEX 3,GEX,-77239.934,10689.93288590604,10689.93288590604
2026-10-09 06:44:31,7700.0,7747.0,Call DEX 4,DEX,45.442,10689.93288590604,10689.93288590604
2026-10-09 06:44:31,7800.0,7847.5,Call DEX 5,DEX,30.675,10689.93288590604,10689.93288590604
2026-10-09 06:44:31,7900.0,7948.0,Put CEX 4,CEX,-57112.961,10689.93288590604,10689.93288590604
2026-10-09 06:44:31,7900.0,7948.0,Call DEX 3,DEX,55.674,10689.93288590604,10689.93288590604
2026-10-09 06:44:31,7900.0,7948.0,Call GEX 4,GEX,161412.711,10689.93288590604,10689.93288590604
2026-10-09 06:44:31,7950.0,7998.5,Call GEX 5,GEX,85148.135,10689.93288590604,10689.93288590604
2026-10-09 06:44:31,8000.0,8048.75,Put CEX 1,CEX,-422175.746,10689.93288590604,10689.93288590604
2026-10-09 06:44:31,8000.0,8048.75,Put DEX 1,DEX,-112.706,10689.93288590604,10689.93288590604
2026-10-09 06:44:31,8000.0,8048.75,Call GEX 1,GEX,308389.278,10689.93288590604,10689.93288590604
2026-10-09 06:44:31,8000.0,8048.75,Put VEX 1,VEX,-1765533.875,10689.93288590604,10689.93288590604
2026-10-09 06:44:31,8050.0,8099.0,Put CEX 3,CEX,-101346.991,10689.93288590604,10689.93288590604
2026-10-09 06:44:31,8050.0,8099.0,Call DEX 1,DEX,67.859,10689.93288590604,10689.93288590604
2026-10-09 06:44:31,8050.0,8099.0,Call GEX 3,GEX,238932.217,10689.93288590604,10689.93288590604
2026-10-09 06:44:31,8050.0,8099.0,Put VEX 3,VEX,-493358.838,10689.93288590604,10689.93288590604
2026-10-09 06:44:31,8100.0,8149.25,Put CEX 2,CEX,-132713.17,10689.93288590604,10689.93288590604
2026-10-09 06:44:31,8100.0,8149.25,Call DEX 2,DEX,67.353,10689.93288590604,10689.93288590604
2026-10-09 06:44:31,8100.0,8149.25,Call GEX 2,GEX,267055.281,10689.93288590604,10689.93288590604
2026-10-09 06:44:31,8100.0,8149.25,Put VEX 2,VEX,-671058.911,10689.93288590604,10689.93288590604
2026-10-09 06:44:31,8200.0,8250.0,Put CEX 5,CEX,-47421.831,10689.93288590604,10689.93288590604
2026-10-09 06:44:31,8200.0,8250.0,Put VEX 4,VEX,-247764.372,10689.93288590604,10689.93288590604
2026-10-09 06:44:31,8300.0,8350.5,Put VEX 5,VEX,-229426.369,10689.93288590604,10689.93288590604
2026-10-09 06:44:31,9000.0,9054.75,Put DEX 3,DEX,-28.063,10689.93288590604,10689.93288590604
